protein_hash,cluster_id,seq_len,mean_plddt,ptm,plddt_std,cluster_size,length_bin,size_bin
485d21f26b7d0c280a5fd08a00f7590c,485d21f26b7d0c280a5fd08a00f7590c,409,0.8564023244993028,0.8525879383087158,0.1641233361511482,12,250-499,10-99
3addd331a37a428004c1853bbd09f242,3addd331a37a428004c1853bbd09f242,425,0.806723370181813,0.8407496809959412,0.1921756440475619,14,250-499,10-99
2fa1c588beba6bfebf587146edfb0b5f,2fa1c588beba6bfebf587146edfb0b5f,336,0.806119658265795,0.7689530253410339,0.1347383789976751,10,250-499,10-99
5df72a7e2bb9bdbb77155c9ca2a053f5,5df72a7e2bb9bdbb77155c9ca2a053f5,466,0.8777437144594643,0.724281907081604,0.1131453368809099,13,250-499,10-99
07999791268b9562d25522ba2c2ac2e7,07999791268b9562d25522ba2c2ac2e7,263,0.8485668956916141,0.8681426644325256,0.11717152440231,12,250-499,10-99
6312d45e537d01f21be1564175875a06,6312d45e537d01f21be1564175875a06,259,0.8172565145750303,0.7810856103897095,0.1864479457803526,14,250-499,10-99
ce2eff90617d7f51b6f0352ad64afa0d,ce2eff90617d7f51b6f0352ad64afa0d,341,0.8422866146725293,0.845902681350708,0.194431738510069,16,250-499,10-99
2816c584c22256ec960f95faa164f23f,2816c584c22256ec960f95faa164f23f,280,0.8174055010931832,0.5422757863998413,0.0910790031385937,18,250-499,10-99
8e7b5a46fa371a5f4c237fe29562c8a5,8e7b5a46fa371a5f4c237fe29562c8a5,355,0.8509621226351026,0.8251047134399414,0.1109233476811314,16,250-499,10-99
d1790a1d56bb74fdc0bcc3bcf147442a,d1790a1d56bb74fdc0bcc3bcf147442a,472,0.8044578579320746,0.838667631149292,0.1559522711191289,17,250-499,10-99
aaf5ae6c7bd0bc4f7c0233e292a45d1f,aaf5ae6c7bd0bc4f7c0233e292a45d1f,266,0.8910196676469387,0.8873421549797058,0.1259080210561564,12,250-499,10-99
1742dfb98c26d861683b37128f6eafad,1742dfb98c26d861683b37128f6eafad,390,0.832515803703895,0.8341045379638672,0.1271182711182633,11,250-499,10-99
e1bdee7bedcaef67f832fdfa0097f340,e1bdee7bedcaef67f832fdfa0097f340,383,0.8455514250473939,0.5461578369140625,0.1230074383506941,17,250-499,10-99
00f5db96dc06bba7f4afcf486f0a0793,00f5db96dc06bba7f4afcf486f0a0793,261,0.8474934996681652,0.6097133755683899,0.1672963778358164,21,250-499,10-99
8afc47c497be4723360394438828253f,8afc47c497be4723360394438828253f,291,0.831045471401149,0.8555615544319153,0.1477087942244421,14,250-499,10-99
b6a7ea4605e084ce4b4f7ec2f00644d1,b6a7ea4605e084ce4b4f7ec2f00644d1,408,0.8542145433145412,0.8554293513298035,0.1461314130476439,19,250-499,10-99
18f8609457d439ba63b6a99f6acb994b,57fe84fec529e8107d796cae1676acd6,490,0.8011873256527647,0.832997739315033,0.1582387968801598,10,250-499,10-99
69e924ea1cfeb1213552acba5a9742df,69e924ea1cfeb1213552acba5a9742df,403,0.8823090808385655,0.8853347897529602,0.1498082015446273,26,250-499,10-99
c8ed349b628c7cc778c22b24d2c02e81,c8ed349b628c7cc778c22b24d2c02e81,408,0.8240697700837079,0.8328765630722046,0.1953880145513938,61,250-499,10-99
cb23a8a517f810f515c50678f73f3cfb,cb23a8a517f810f515c50678f73f3cfb,280,0.8773681373596192,0.9097785353660583,0.0824198139529591,11,250-499,10-99
02853c188bddda61951eac8864811e7c,02853c188bddda61951eac8864811e7c,305,0.8016145313450548,0.5931238532066345,0.1103946319589133,11,250-499,10-99
a7347358921e11813ca4dce5942ae2dc,a7347358921e11813ca4dce5942ae2dc,254,0.8331221987506536,0.8799455165863037,0.1452984764819896,13,250-499,10-99
a6264fd85386db37777c19da1bf3a022,a6264fd85386db37777c19da1bf3a022,256,0.811698916554451,0.7588445544242859,0.1818204918208324,18,250-499,10-99
da328a95d63d7f77ac75dd5f49f88d47,da328a95d63d7f77ac75dd5f49f88d47,479,0.8667180766939867,0.8768192529678345,0.1659174383247176,26,250-499,10-99
225f856085c62c99a6cb47ba28327aa9,225f856085c62c99a6cb47ba28327aa9,282,0.8407830859245138,0.8678445816040039,0.1616511321426443,10,250-499,10-99
648563c25893c17b96952ddf9546a993,648563c25893c17b96952ddf9546a993,363,0.8849001590739269,0.5027869343757629,0.1236427699512991,11,250-499,10-99
3ae4bd626b2de4862f44bdd6916fd823,3ae4bd626b2de4862f44bdd6916fd823,417,0.8270056012380037,0.8443899154663086,0.167770238325379,12,250-499,10-99
ac1aaf6eef452a9c8f171130bfae1533,ac1aaf6eef452a9c8f171130bfae1533,289,0.8738494050709023,0.8387250304222107,0.1089019853831436,10,250-499,10-99
48667469acd364a400000fa7e39b2549,48667469acd364a400000fa7e39b2549,405,0.8824562352498373,0.8892090320587158,0.0931014627627371,14,250-499,10-99
5018bbfb78a58b180a8a4e78389267c6,5018bbfb78a58b180a8a4e78389267c6,330,0.8629698218721331,0.8365147709846497,0.1365161043962249,15,250-499,10-99
400007994143b713aec441423958f200,400007994143b713aec441423958f200,375,0.827255216217041,0.5774505138397217,0.1303018176031639,18,250-499,10-99
062bcc530e50ff07cdc032266c64e0bc,062bcc530e50ff07cdc032266c64e0bc,329,0.8479263322476558,0.7599862217903137,0.142075891200911,11,250-499,10-99
c66b58c41c1d0bb01ddb8c06379387bd,c66b58c41c1d0bb01ddb8c06379387bd,495,0.8348273044547649,0.7892981171607971,0.1674650930999285,15,250-499,10-99
a2ea898b88376a5841c4f2282114666f,a2ea898b88376a5841c4f2282114666f,298,0.8720334805738206,0.8843833208084106,0.1504007192982679,26,250-499,10-99
69e2c11384b24e85500240ff6b5ea450,69e2c11384b24e85500240ff6b5ea450,299,0.8098267088925161,0.7179294228553772,0.1235550467243766,19,250-499,10-99
062d35cd9a777a4efeaed6ed3a5cd4f1,062d35cd9a777a4efeaed6ed3a5cd4f1,375,0.8181354215494792,0.707951009273529,0.1157956271268117,21,250-499,10-99
740db75fb5d147d27c660154d7b0feb2,740db75fb5d147d27c660154d7b0feb2,287,0.8083998219559833,0.7848829030990601,0.1676319678003599,21,250-499,10-99
7f6ad9163511611b28ac18b9e559c6aa,7f6ad9163511611b28ac18b9e559c6aa,423,0.8617515153185977,0.8656781315803528,0.1918259239018671,22,250-499,10-99
702ac69c02050a5c0b1e22a093df6b43,702ac69c02050a5c0b1e22a093df6b43,413,0.831119160409701,0.8542245030403137,0.1503900195761544,35,250-499,10-99
e053a415f118ccb461244cfbdf732075,e053a415f118ccb461244cfbdf732075,457,0.8052858444480979,0.8022634387016296,0.16517945766956,11,250-499,10-99
7f756941e0f6c85b00297b1eebdc22cf,7f756941e0f6c85b00297b1eebdc22cf,312,0.8353623975851597,0.7186338901519775,0.1472528404415796,23,250-499,10-99
5828c5ffbcc10e69648e151d00e9e9d0,5828c5ffbcc10e69648e151d00e9e9d0,255,0.8101208383896771,0.8204219341278076,0.1583415308066696,15,250-499,10-99
aa1ea22e8bcde101ec6abc094a31ec4e,aa1ea22e8bcde101ec6abc094a31ec4e,359,0.8459023995784664,0.836633026599884,0.1041777135430662,11,250-499,10-99
5a8f95ac2c3e2b6a10a5793bee120db0,5a8f95ac2c3e2b6a10a5793bee120db0,283,0.8342776857248043,0.8186677694320679,0.1838696563956545,23,250-499,10-99
d3a3c68827faf0a91f0ccd306702a6ee,d3a3c68827faf0a91f0ccd306702a6ee,262,0.8169262728072304,0.8020151853561401,0.1945596629743643,57,250-499,10-99
8afa8957052b263ba11108b9533f88a4,816e0729daf90c9c1d2d74b1c62fa8a6,291,0.8354022134210645,0.7279360890388489,0.1361171087668461,10,250-499,10-99
073c2c6c55d18ae0604f2bb83dd4338b,073c2c6c55d18ae0604f2bb83dd4338b,282,0.8042840868361454,0.7559499740600586,0.1382531082401301,11,250-499,10-99
a62761bc74cb354c64113ed2c774113d,a62761bc74cb354c64113ed2c774113d,466,0.914964680323785,0.6484019160270691,0.0808900266744381,13,250-499,10-99
e7efc0d1342be8cceb01736b87ce04aa,e7efc0d1342be8cceb01736b87ce04aa,413,0.8624291289747482,0.8536574840545654,0.1719291134797192,23,250-499,10-99
da37359a5557eb64c35d09c1d866b203,8c7a596f2d83a7e2e34ff9aaeba03439,405,0.8464150622332538,0.8550763130187988,0.1529151602954291,11,250-499,10-99
69e371455bb49a335c91577b1f571426,69e371455bb49a335c91577b1f571426,346,0.8707875138211112,0.8601731061935425,0.1733909012437593,12,250-499,10-99
4a31f18a5f0db8e69dc1b0288f69a851,4a31f18a5f0db8e69dc1b0288f69a851,330,0.8603005522525672,0.8241292238235474,0.1365918308198202,15,250-499,10-99
2a815a25cba2f6daa5c491bb6c611ea3,2a815a25cba2f6daa5c491bb6c611ea3,283,0.8167720877576633,0.8410462141036987,0.1808124355927665,37,250-499,10-99
387d315b5419d5856254d6124f46c63c,387d315b5419d5856254d6124f46c63c,302,0.8721115623878327,0.8930522799491882,0.1778064603463318,17,250-499,10-99
6ee529e0eea324f49d97a5e9312be4e7,6ee529e0eea324f49d97a5e9312be4e7,461,0.8132874992354056,0.8322968482971191,0.1972403264933394,10,250-499,10-99
723ef4dddc1a0f68cdae37dba3d22581,723ef4dddc1a0f68cdae37dba3d22581,427,0.8584287621991696,0.8630708456039429,0.1552849605210547,20,250-499,10-99
3e9c3501233d6557ce7d97a2a8af1672,3e9c3501233d6557ce7d97a2a8af1672,305,0.8886774902343749,0.8990330696105957,0.1515873819037106,16,250-499,10-99
b6a011999dbf19ee535304f87fd2e8c9,d3bf4a31b426e8851f3e3377edadb960,282,0.8428738864601081,0.8689895272254944,0.1339117576827568,13,250-499,10-99
c670a5e0d2ced2d61336f8418296a6e3,c670a5e0d2ced2d61336f8418296a6e3,338,0.8776350293921296,0.8893153667449951,0.1353804256315147,18,250-499,10-99
f6c90a61e5ee0410d5a9e64c8742573b,f6c90a61e5ee0410d5a9e64c8742573b,306,0.8282853871389152,0.8296442031860352,0.217548653372315,13,250-499,10-99
e7f13a3fb2a85b92bce94f6dd9613ca3,e7f13a3fb2a85b92bce94f6dd9613ca3,359,0.9033965247321594,0.9308025240898132,0.114184971591127,16,250-499,10-99
74011cacacb1ab7161a5c945e14582cc,74011cacacb1ab7161a5c945e14582cc,311,0.8464716746339461,0.8798905611038208,0.1470529898916419,22,250-499,10-99
b3a81c330272f908e6e67ca0f797d077,b3a81c330272f908e6e67ca0f797d077,329,0.8469008546034977,0.749697744846344,0.2133853623539794,13,250-499,10-99
e2cfa289f4e208e9dde2a0c341e50617,e2cfa289f4e208e9dde2a0c341e50617,292,0.8122006757292028,0.8237679600715637,0.151027810479698,27,250-499,10-99
3879e0ad791bd987581b01598a50c2d5,3879e0ad791bd987581b01598a50c2d5,391,0.8262118716617983,0.8290213346481323,0.1598874386560541,13,250-499,10-99
94771c262e8b99eb8f8d5b5e6e899873,94771c262e8b99eb8f8d5b5e6e899873,429,0.814803114848815,0.8171361088752747,0.2370119100877813,23,250-499,10-99
a297dbd742eaf102c98a6cd175ba526c,a297dbd742eaf102c98a6cd175ba526c,454,0.8378245056253172,0.7094835042953491,0.1401707297967905,33,250-499,10-99
06277c4dd018ee1d55e3e4005016ddc7,06277c4dd018ee1d55e3e4005016ddc7,357,0.8046957005305785,0.8344017863273621,0.1946065955234846,10,250-499,10-99
23f6d471560f74ab4e52fca6d8d8ea5e,23f6d471560f74ab4e52fca6d8d8ea5e,319,0.8958101042983674,0.888167142868042,0.0683992479100086,14,250-499,10-99
dc57c369245dcb3fa60e0b90cfec58ca,dc57c369245dcb3fa60e0b90cfec58ca,362,0.8134266458690496,0.7951904535293579,0.1946686199772303,10,250-499,10-99
cb25b4a559f283b809059375b62b0fea,cb25b4a559f283b809059375b62b0fea,453,0.8311549599754889,0.75949627161026,0.1186064514285874,30,250-499,10-99
ac12815cb0777250aaf8a00525b1f027,ac12815cb0777250aaf8a00525b1f027,274,0.8832598317278563,0.8780749440193176,0.1306838104765139,13,250-499,10-99
c38ebb292cf27184ebc4d8d13b3930ea,c38ebb292cf27184ebc4d8d13b3930ea,392,0.8229248793271122,0.8280599117279053,0.1998026687336129,28,250-499,10-99
b3a65172d2382e7ad889841962ce889b,b3a65172d2382e7ad889841962ce889b,284,0.8262604348088654,0.8334381580352783,0.1785721755896494,14,250-499,10-99
724a2b650722fbde070d7ee751e8ef8f,724a2b650722fbde070d7ee751e8ef8f,367,0.8299544133282487,0.8213435411453247,0.1380717338812866,10,250-499,10-99
7196cce3b138c53bb226816e62e66869,6f0502a47d0e950ebc1083142f4866c5,328,0.844670740627661,0.8691555261611938,0.1593611881875681,12,250-499,10-99
c8db6f28550b70f138ac272827c8849c,c8db6f28550b70f138ac272827c8849c,370,0.8155920357059788,0.7992932200431824,0.2395867621093603,13,250-499,10-99
a28b05368b0f3a27713ef855f547c4ea,a28b05368b0f3a27713ef855f547c4ea,309,0.8012552999601396,0.5208624601364136,0.1604386078390326,27,250-499,10-99
845800f53a7e9757be14495bbd81d072,845800f53a7e9757be14495bbd81d072,483,0.8525239269975303,0.5362205505371094,0.104624553846291,37,250-499,10-99
a7394facc3b2f2574f26c65dcc07f7a4,a7394facc3b2f2574f26c65dcc07f7a4,258,0.878099084898483,0.8992159366607666,0.1488492266447103,12,250-499,10-99
2c74f30b01517be4b9cb68e964a3d632,2c74f30b01517be4b9cb68e964a3d632,313,0.8148244277052225,0.826921284198761,0.2217950334086601,49,250-499,10-99
b3a2636a86f655e4faed4bc77b2d53c0,b3a2636a86f655e4faed4bc77b2d53c0,473,0.831411879702804,0.5108616948127747,0.1393854133266376,11,250-499,10-99
304e99dec04b5adf099059fa06f52200,304e99dec04b5adf099059fa06f52200,343,0.8854567866422692,0.898884117603302,0.1099790570981342,22,250-499,10-99
3ae858476cffeaf339fe2c683416c40a,3ae858476cffeaf339fe2c683416c40a,280,0.8334934919902257,0.8158138990402222,0.2230302232142913,12,250-499,10-99
0586c5766140264850a73be7e5aa71fb,0586c5766140264850a73be7e5aa71fb,305,0.8215540502579486,0.8088412284851074,0.2030521381363478,10,250-499,10-99
c83fb7475cbdf55e219196a0122f6780,c83fb7475cbdf55e219196a0122f6780,252,0.8144492387014722,0.7935768961906433,0.1654637857226667,13,250-499,10-99
c8dfe3c82d7449eacff30febda7806ea,c8dfe3c82d7449eacff30febda7806ea,321,0.8153627653508171,0.8027544617652893,0.2031520593635815,12,250-499,10-99
b3a4bd223ac3936ddf0ed35407dc5916,b3a4bd223ac3936ddf0ed35407dc5916,443,0.8219407599558949,0.7567111253738403,0.208758665304295,10,250-499,10-99
2a89dfb8fa65518df7ce4e4874193572,2a89dfb8fa65518df7ce4e4874193572,483,0.8012132107989389,0.5160033106803894,0.1693423101321526,45,250-499,10-99
38c10c937efdb30f14a83913a6999828,38c10c937efdb30f14a83913a6999828,494,0.8349130323927412,0.7439730763435364,0.1107510950006642,10,250-499,10-99
740a0bb4c30f57b11e73128d029b70e0,740a0bb4c30f57b11e73128d029b70e0,305,0.8167992730687876,0.8046294450759888,0.1829385875939758,14,250-499,10-99
fd6e465a7c9a21f825c34d626383639e,fd6e465a7c9a21f825c34d626383639e,314,0.8359297469315256,0.8166018128395081,0.1996071796797577,10,250-499,10-99
6312045533efaaf726db78c032e94d44,6312045533efaaf726db78c032e94d44,329,0.8409961887116129,0.8485831618309021,0.1676752762975661,12,250-499,10-99
aa11de36c9ca5870e31e03a63bc16ec9,aa11de36c9ca5870e31e03a63bc16ec9,453,0.8241427752934807,0.796829104423523,0.1301600175588166,22,250-499,10-99
078d6d276349f00a6926adac1a26d026,078d6d276349f00a6926adac1a26d026,310,0.8065713529279155,0.8080273866653442,0.121839546097822,16,250-499,10-99
a296d432a8c8e66064febf8b39068549,56725cf8c7478450d758c2bd175060c4,306,0.820747326994254,0.8039930462837219,0.1201869757040694,13,250-499,10-99
5c0e2f1b6cc92408ddd120f63c085886,5c0e2f1b6cc92408ddd120f63c085886,498,0.85052122809322,0.851723313331604,0.1946617605879365,10,250-499,10-99
c8ea58191931c229046277384521cce4,c8ea58191931c229046277384521cce4,386,0.8293204145480932,0.7282836437225342,0.1367093458435128,11,250-499,10-99
3ae48a035a2ef8b16424434419f19fe4,3ae48a035a2ef8b16424434419f19fe4,280,0.8458679251670838,0.818726122379303,0.194929808177535,17,250-499,10-99
2f9949508b46ebdbba68b0cecfb70624,2f9949508b46ebdbba68b0cecfb70624,488,0.8144161109064446,0.8104919791221619,0.2036215642635137,19,250-499,10-99
225d9f6d5111a07a15f9da4a643e18a1,225d9f6d5111a07a15f9da4a643e18a1,291,0.8087909252782868,0.8067659735679626,0.1553281820814747,56,250-499,10-99
ac0b1a2d3a12789bd8400a617a7de4b2,ac0b1a2d3a12789bd8400a617a7de4b2,491,0.8160189134477355,0.7481489777565002,0.2082111108776024,10,250-499,10-99
a747445d3574a7393329b2042ee3ddec,a747445d3574a7393329b2042ee3ddec,399,0.8290116222639728,0.686543345451355,0.1602354545076,54,250-499,10-99
aea542ac20b13524a5df33c629f24cb4,aea542ac20b13524a5df33c629f24cb4,483,0.8188491957923146,0.530758261680603,0.1124904123132915,10,250-499,10-99
0789995fdd47fc14a39907fe4c18b6f8,0789995fdd47fc14a39907fe4c18b6f8,444,0.8458230130307309,0.7644282579421997,0.1646199270760544,16,250-499,10-99
ac1953c30f7cd306a1add687e2857b37,ac1953c30f7cd306a1add687e2857b37,254,0.903632718033678,0.8982135057449341,0.0708409558652749,13,250-499,10-99
2a8c287559aaa118d863ae1d7e80faae,2a8c287559aaa118d863ae1d7e80faae,342,0.8556529444421244,0.7049553990364075,0.12399411608627,37,250-499,10-99
6fa09a41d96fe55348321373e2ea332a,6fa09a41d96fe55348321373e2ea332a,352,0.871288627277721,0.8692970871925354,0.0851108387379493,31,250-499,10-99
a746d0e706e0a0ed8c877d9f8a404098,a746d0e706e0a0ed8c877d9f8a404098,330,0.8591871396845038,0.6607275009155273,0.09947662528534,40,250-499,10-99
edbed220076fd28d6723ee6fd23e6fd0,edbed220076fd28d6723ee6fd23e6fd0,279,0.8293886026772119,0.8390856385231018,0.127580024216973,10,250-499,10-99
7f73a4d6c4528490762c9851200db811,7f73a4d6c4528490762c9851200db811,476,0.8018245148057698,0.7566457986831665,0.205166873449857,13,250-499,10-99
e8ed6f48dca67eef13dc96715002e40e,e8ed6f48dca67eef13dc96715002e40e,291,0.8300127395157962,0.7167848944664001,0.1595064358116394,12,250-499,10-99
3880eb47438d3a3cf2e2f4b48bd7f3ec,3880eb47438d3a3cf2e2f4b48bd7f3ec,302,0.8067618866472054,0.5586404800415039,0.1816746150815774,142,250-499,100+
7f7aab3c7184d6597af1da625c07f498,7f7aab3c7184d6597af1da625c07f498,348,0.8048530769348144,0.6319688558578491,0.104304578037605,454,250-499,100+
79bf28dae80668345d6b6c0379978abd,79bf28dae80668345d6b6c0379978abd,295,0.8056839344865184,0.8089988827705383,0.218251444869009,139,250-499,100+
aa1e5881c0d4432e9b28e1d8f52c4671,aa1e5881c0d4432e9b28e1d8f52c4671,360,0.8088840420511033,0.6563524007797241,0.1511242175904731,205,250-499,100+
3356d96bb36969eea76d6ce2b06ffe11,3356d96bb36969eea76d6ce2b06ffe11,450,0.8191951463911269,0.8332003355026245,0.1929158643581578,105,250-499,100+
d2923d2b778b5b500e41befeda3efc4b,d2923d2b778b5b500e41befeda3efc4b,303,0.8137851621923667,0.5147226452827454,0.1285259841547812,301,250-499,100+
69eb8aea6609b110ff70c365b749e40f,69eb8aea6609b110ff70c365b749e40f,281,0.8198685284271784,0.6640525460243225,0.1534346492160382,108,250-499,100+
4bff5facb1d1bb88080e8198aa2d0fb9,4bff5facb1d1bb88080e8198aa2d0fb9,462,0.8659261257204659,0.8497123122215271,0.1440970389864495,204,250-499,100+
b3a4ef31686241cffb774c5e05c26571,b3a4ef31686241cffb774c5e05c26571,362,0.8108267973272839,0.8317809700965881,0.2133241334225068,107,250-499,100+
a290fd8077aee756cca20ec8b6cba351,a290fd8077aee756cca20ec8b6cba351,327,0.8087124626789618,0.7603369951248169,0.2379184299683562,213,250-499,100+
38853c7435fd7b5a654e2d5732aca8f5,38853c7435fd7b5a654e2d5732aca8f5,349,0.8053793333867901,0.6358628273010254,0.1549182287432282,116,250-499,100+
845921da38dbfb2c75d0824d6b0b6952,845921da38dbfb2c75d0824d6b0b6952,286,0.8249093759309996,0.7980417013168335,0.2148673870205752,131,250-499,100+
5a8fc3611ca686e0dad95d39bc756a2c,5a8fc3611ca686e0dad95d39bc756a2c,388,0.8008976692514321,0.5151345729827881,0.1123035800465359,127,250-499,100+
08eb0c8a44ddb930980a2e9cd277c3d9,08eb0c8a44ddb930980a2e9cd277c3d9,310,0.803988159425797,0.5169780254364014,0.1239197788330494,215,250-499,100+
4bfdf585b1bd3ff3757217a2ecf6cf42,4bfdf585b1bd3ff3757217a2ecf6cf42,257,0.8121808188620244,0.5347813963890076,0.1511953999826553,541,250-499,100+
8e80ea504b4d6821f99c7386d894986b,8e80ea504b4d6821f99c7386d894986b,480,0.8364263151089351,0.8458216190338135,0.1981986221895123,157,250-499,100+
02752a9be596f9bdf5353103cdfc4cb9,02752a9be596f9bdf5353103cdfc4cb9,416,0.8880955606240493,0.8787021636962891,0.0723388343808995,105,250-499,100+
7405bf404538cd3ac1e6f24fa0e3702b,7405bf404538cd3ac1e6f24fa0e3702b,268,0.8259341308252135,0.8411350250244141,0.1682629871918963,109,250-499,100+
4862acec15863dc9ac58186a2216f0fe,4862acec15863dc9ac58186a2216f0fe,347,0.8166722291622106,0.5395627617835999,0.1444629146825759,139,250-499,100+
5a8b0a73f3999c711cc27bbe85612493,5a8b0a73f3999c711cc27bbe85612493,490,0.808114444654815,0.7918021082878113,0.1404093030306268,101,250-499,100+
dc65cc6426bf8525d33d779a7d4d633c,dc65cc6426bf8525d33d779a7d4d633c,374,0.8159055938312715,0.8312614560127258,0.17606814677078,107,250-499,100+
64811686d54e3c5a7ae50e1a7d2aeaf0,64811686d54e3c5a7ae50e1a7d2aeaf0,431,0.892956525798187,0.8622328639030457,0.0776924467368271,101,250-499,100+
9475ff012038cb608e1ef1eb84407a3c,9475ff012038cb608e1ef1eb84407a3c,341,0.8578270906017673,0.7216104865074158,0.1040787642775787,182,250-499,100+
ea7bb8a5a8cbc29a7ced492ebef98385,ea7bb8a5a8cbc29a7ced492ebef98385,361,0.8315165998929095,0.6380571126937866,0.1069434325319697,103,250-499,100+
8463a328d8b9487baa04228d543700d4,8463a328d8b9487baa04228d543700d4,362,0.8909878515802037,0.823645830154419,0.069860020452552,134,250-499,100+
e8f231c1d2543778b7514914b5dd1e3d,e8f231c1d2543778b7514914b5dd1e3d,432,0.8305279908798359,0.8090395927429199,0.2244543905469664,546,250-499,100+
23eff869e15491ac56215622b9200455,78e050d96ee35a428c45128a28d2de1b,455,0.818837995005178,0.5333725214004517,0.0870136491922011,267,250-499,100+
aaf195de9b0790ca8bf08f957a2c8dcb,aaf195de9b0790ca8bf08f957a2c8dcb,483,0.8116882490470049,0.8037286400794983,0.1573874871116193,142,250-499,100+
718e140592db045b74dcb22e6a3c7c83,718e140592db045b74dcb22e6a3c7c83,287,0.802115080763654,0.6176077127456665,0.2022312120449969,126,250-499,100+
0626a580e5b85070a5107b2d26291e06,0626a580e5b85070a5107b2d26291e06,489,0.8488814468227769,0.8315841555595398,0.1543410910827998,150,250-499,100+
b6c9302e139b5e236d2c6a84409a6497,b6c9302e139b5e236d2c6a84409a6497,379,0.857550717960247,0.6147785186767578,0.0853767763369758,183,250-499,100+
ac0eb75a412b3fd1bbb5c963709c6fb8,ac0eb75a412b3fd1bbb5c963709c6fb8,300,0.8194848665873209,0.7068253755569458,0.1510951090373183,193,250-499,100+
c844d2463c58df6c6caa318335adbfd3,c844d2463c58df6c6caa318335adbfd3,442,0.8093918975122374,0.8288369178771973,0.195501629482748,200,250-499,100+
01c80be86056aab47f0c57bdfe7c13e5,01c80be86056aab47f0c57bdfe7c13e5,425,0.8114809600830079,0.6774463057518005,0.167230763896847,145,250-499,100+
ba097e6d1d3196fe10eb7929ebc6dd1e,ba097e6d1d3196fe10eb7929ebc6dd1e,474,0.8240147642948457,0.8586099147796631,0.2121524268440937,133,250-499,100+
01caaf8027d4758e4a1fe3666b2c0753,01caaf8027d4758e4a1fe3666b2c0753,368,0.8110186041438061,0.8079310059547424,0.2227686736413796,111,250-499,100+
a6259499ad707309e498044d175aabf2,a6259499ad707309e498044d175aabf2,267,0.8145985306871963,0.765917181968689,0.1733467107143478,114,250-499,100+
2819e9b9046e24f8b48fcc846942f132,2819e9b9046e24f8b48fcc846942f132,398,0.8442315542518195,0.8216438293457031,0.2060101163227178,158,250-499,100+
4a3353f59b65fada4e5ca62628543223,4a3353f59b65fada4e5ca62628543223,307,0.8904548554311746,0.8565461039543152,0.0560050556423986,103,250-499,100+
aaf0edc8674155256e9f2add2bec98ca,aaf0edc8674155256e9f2add2bec98ca,377,0.8326153831583119,0.6684831380844116,0.1214328253735608,117,250-499,100+
dab7ebe065d64da1d97a307ad2c4c820,dab7ebe065d64da1d97a307ad2c4c820,457,0.8104507379510992,0.5239613056182861,0.1156692153133496,133,250-499,100+
e464e55a536677f253210540bbed4369,e464e55a536677f253210540bbed4369,409,0.8133165700394833,0.8247605562210083,0.2433968553447135,105,250-499,100+
98699a9a6877ba1c99fc881aed8c5229,98699a9a6877ba1c99fc881aed8c5229,473,0.8348143786053325,0.5869478583335876,0.1223855712238724,149,250-499,100+
2c7ecd350735ad81ba5879eddadbbc4a,2c7ecd350735ad81ba5879eddadbbc4a,395,0.8502707277128968,0.6995301246643066,0.1051426517243041,111,250-499,100+
c388ada55e7455abbde2c9fdf888970e,c388ada55e7455abbde2c9fdf888970e,271,0.8120373816683724,0.7664161324501038,0.2359831636686996,154,250-499,100+
38bf0d9721fba4cb055f58a6512ef091,38bf0d9721fba4cb055f58a6512ef091,455,0.8236255831875644,0.8443928360939026,0.1809730178902604,145,250-499,100+
8e76d2e7795d77f57163f40196a00989,8e76d2e7795d77f57163f40196a00989,376,0.812544823250872,0.8302143216133118,0.2046537677013932,123,250-499,100+
aaeaca28b513e6ca9609c2389f7f86ad,aaeaca28b513e6ca9609c2389f7f86ad,313,0.859910856618668,0.7935709357261658,0.1611309458686674,142,250-499,100+
17412f1945234ad3dd982014fbf2fe5d,17412f1945234ad3dd982014fbf2fe5d,444,0.826193055634026,0.8304474949836731,0.2001981977387207,238,250-499,100+
8af405a241d5f1b11a6ab04ee774f113,8af405a241d5f1b11a6ab04ee774f113,462,0.8107143991643733,0.7944989204406738,0.1088880976048354,147,250-499,100+
5c175b7ddb40bb7ed1b65c7938afe115,5c175b7ddb40bb7ed1b65c7938afe115,302,0.8132421484688259,0.6255093216896057,0.1444773408910047,144,250-499,100+
7248f79383df8b07bb8cba1d1c6f9b50,7248f79383df8b07bb8cba1d1c6f9b50,434,0.8497455257644302,0.6376271843910217,0.1001093899671731,232,250-499,100+
647cdbb1f9dcd15e2980b1b1a507e480,647cdbb1f9dcd15e2980b1b1a507e480,440,0.8164734066616406,0.8159531354904175,0.2318074180790639,100,250-499,100+
e7e8d953ca5e577291859cfa9f4adc17,e7e8d953ca5e577291859cfa9f4adc17,422,0.8292097530093804,0.6036845445632935,0.1317462763616929,181,250-499,100+
dac203f95da337f91fc063479dd428af,dac203f95da337f91fc063479dd428af,394,0.8081773613673177,0.5781159996986389,0.1217323095058743,271,250-499,100+
2a8f31373ba888314e314f8ddba8163b,2a8f31373ba888314e314f8ddba8163b,348,0.823319051731592,0.8335492610931396,0.2137316847982026,153,250-499,100+
d3a1f189cef4729d933598ff641e324b,d3a1f189cef4729d933598ff641e324b,449,0.8306295311636808,0.8427777290344238,0.1313754448617353,152,250-499,100+
40009f78438cc962bb08f60f83f52d19,40009f78438cc962bb08f60f83f52d19,495,0.8052448620651709,0.8348546624183655,0.2056809387932385,196,250-499,100+
ac0f76a45f1ef2c06d6dd0c86c830c34,ac0f76a45f1ef2c06d6dd0c86c830c34,388,0.8240174296467575,0.641880452632904,0.1421986121903753,272,250-499,100+
702a30f9ee44886c552547e55b466ec7,702a30f9ee44886c552547e55b466ec7,491,0.8829487420293805,0.6021731495857239,0.0913544160176098,107,250-499,100+
305059d30c46ee8ff51734f404ba06d8,305059d30c46ee8ff51734f404ba06d8,318,0.8553704835183966,0.5803952813148499,0.0912185109910271,190,250-499,100+
2c7a150dab8fa70451ea01e88437a96f,2c7a150dab8fa70451ea01e88437a96f,350,0.8313769824981689,0.8340667486190796,0.181502529057609,128,250-499,100+
073d2c5b49976dfd05d8971dc57d526b,073d2c5b49976dfd05d8971dc57d526b,267,0.8417081764306914,0.5029791593551636,0.0545137558206919,252,250-499,100+
2a8cf91cecd19157cac900fa0259ba2d,2a8cf91cecd19157cac900fa0259ba2d,261,0.8070821298767323,0.5045509338378906,0.1483725847366229,100,250-499,100+
b3a51e01af1bffe6cb96a0c45e877a10,b3a51e01af1bffe6cb96a0c45e877a10,309,0.8006130081473044,0.760245680809021,0.1479476595181899,121,250-499,100+
ba0444b233e665d6a03ccaf537a621c3,ba0444b233e665d6a03ccaf537a621c3,478,0.8599741436946343,0.8202244639396667,0.1870461409942541,136,250-499,100+
4a34e20cad3653d0793c498a55bff27f,4a34e20cad3653d0793c498a55bff27f,252,0.8019835596992856,0.7613673806190491,0.2319606075339531,142,250-499,100+
0629dddfb1f70a50fd06cb51909d4aaa,0629dddfb1f70a50fd06cb51909d4aaa,400,0.8136578525543213,0.8019840121269226,0.2376679731450555,147,250-499,100+
8e75f20ad5eb7b32278658537bb5eb2e,8e75f20ad5eb7b32278658537bb5eb2e,329,0.8186591826093959,0.5216078162193298,0.0861941948653718,101,250-499,100+
a62542976541cc1bdc67af34b48dc899,a62542976541cc1bdc67af34b48dc899,495,0.876461412217882,0.7796644568443298,0.1012434356756746,159,250-499,100+
e1b55ba8a9fd00e6dc1e09fee547fd4a,e1b55ba8a9fd00e6dc1e09fee547fd4a,333,0.8772654460643504,0.8594022989273071,0.1890018137985756,144,250-499,100+
ac163f3f44753b70546f12eab559d36e,ac163f3f44753b70546f12eab559d36e,388,0.8155108644544464,0.5208790302276611,0.1437685536622169,149,250-499,100+
a6276abd5974ff0b5f9dad4073b9477b,a6276abd5974ff0b5f9dad4073b9477b,436,0.8368508090010477,0.650242030620575,0.1520335902687908,369,250-499,100+
5d45cbf6040b512d2780fa57aa9efeee,5d45cbf6040b512d2780fa57aa9efeee,405,0.8844208217667945,0.9012214541435242,0.0956260566051832,276,250-499,100+
281e68dc570b5e33bd14de41dcf151e5,281e68dc570b5e33bd14de41dcf151e5,408,0.8152717313579484,0.5059822797775269,0.1257936020116384,107,250-499,100+
c83d7fbe36916dea01f141de12050b78,c83d7fbe36916dea01f141de12050b78,474,0.8253042761887176,0.8056890964508057,0.2038790207141009,162,250-499,100+
02b2bace2a762d2ebbfa3af53851b8fa,02b2bace2a762d2ebbfa3af53851b8fa,445,0.8523366295032286,0.8448594212532043,0.1843841092517844,102,250-499,100+
f6c73d271d4a802dc9694e4ff7c57566,f6c73d271d4a802dc9694e4ff7c57566,484,0.809254069170676,0.5498203039169312,0.1330541854748737,156,250-499,100+
02be22d6cef2c2e1ad96c7003959b18a,02be22d6cef2c2e1ad96c7003959b18a,257,0.8070092106978717,0.664259135723114,0.170986501009756,143,250-499,100+
3e9b650c3b90586e1320f480b8297061,3e9b650c3b90586e1320f480b8297061,426,0.8300546336285944,0.6908749938011169,0.1761092328637705,156,250-499,100+
98776df4572edcb843dc27dee0103730,98776df4572edcb843dc27dee0103730,345,0.8258385797030684,0.8405718207359314,0.2012659666744104,108,250-499,100+
e47266d9b2db939727e6d80782dc8e1b,e47266d9b2db939727e6d80782dc8e1b,433,0.8566201184913688,0.5171828866004944,0.1051011427655742,283,250-499,100+
740e466fb41ebf6d25010abfa8094a1c,740e466fb41ebf6d25010abfa8094a1c,495,0.8209394021082406,0.8120085000991821,0.1980810937939388,115,250-499,100+
5a87c146196129f8f5e87d8a8d4e6433,5a87c146196129f8f5e87d8a8d4e6433,323,0.8523894258623153,0.7839428186416626,0.0964631283484479,134,250-499,100+
d1a91b67883091bd4a8e85c76e3ed135,d1a91b67883091bd4a8e85c76e3ed135,479,0.8260414176096746,0.6156632900238037,0.1242292195139378,254,250-499,100+
687903cd75084b4fb64aa97bba5287be,687903cd75084b4fb64aa97bba5287be,457,0.8511158959870787,0.8544334769248962,0.197165632948111,148,250-499,100+
740d585ef1d08fe6b1b52f63288228a5,740d585ef1d08fe6b1b52f63288228a5,481,0.8054892160094453,0.7172107696533203,0.2445720309066044,142,250-499,100+
ec23faf767a82984a3907334e017642d,ec23faf767a82984a3907334e017642d,315,0.8311996417575412,0.618389368057251,0.0907931962868845,136,250-499,100+
b3b4259d192cff4d1d05f3ae17502c0a,b3b4259d192cff4d1d05f3ae17502c0a,474,0.854425758732019,0.65225750207901,0.1223531775365614,114,250-499,100+
6eeb22e3998fd885c17fb87db6dbda01,6eeb22e3998fd885c17fb87db6dbda01,415,0.8398843588311987,0.8365018367767334,0.1377412069229985,252,250-499,100+
388995600f044c39e3b8303cafcd82c2,388995600f044c39e3b8303cafcd82c2,406,0.8002968982170369,0.7568344473838806,0.2543228654982594,172,250-499,100+
a62bfc94a95e8a29d01b7e5d9dff1d01,a62bfc94a95e8a29d01b7e5d9dff1d01,385,0.8344980508383218,0.5238057971000671,0.0946746621429732,126,250-499,100+
400945e42310b7405ae573ced12f30cb,400945e42310b7405ae573ced12f30cb,385,0.8294360862831017,0.6973418593406677,0.1749384338751858,164,250-499,100+
c83e638b5bf50ea9ff9732d22fdad968,c83e638b5bf50ea9ff9732d22fdad968,341,0.8268770949511933,0.7010153532028198,0.1196912392841001,114,250-499,100+
e2c5f17fa93450e314359ff9f5d64de5,e2c5f17fa93450e314359ff9f5d64de5,334,0.8174829498450913,0.812837541103363,0.2438637427463092,111,250-499,100+
7239323d72d6d5450857b296e371e643,7239323d72d6d5450857b296e371e643,280,0.8062500108991351,0.6329792141914368,0.1487463063609203,221,250-499,100+
388029aa25d4c10de264ead4b4b14a56,388029aa25d4c10de264ead4b4b14a56,392,0.8552358376249976,0.8456403613090515,0.2236861664014411,113,250-499,100+
0786208398a53ae14baa6272c84ee9ea,0786208398a53ae14baa6272c84ee9ea,494,0.8429555651243882,0.81657874584198,0.202409187301745,336,250-499,100+
718ce0efd998ef327771b76d7f744384,718ce0efd998ef327771b76d7f744384,480,0.8059852771759033,0.7950065732002258,0.210969986130874,105,250-499,100+
078b263263f1f36c59c479a16a5ec04d,078b263263f1f36c59c479a16a5ec04d,464,0.8488654033891087,0.6854800581932068,0.091199045559426,105,250-499,100+
686ad972bc4b12a5e1e139c01034d4eb,686ad972bc4b12a5e1e139c01034d4eb,354,0.8538384120747194,0.8967111110687256,0.1620684290406791,110,250-499,100+
065dd6a3d4e1a21c6c90bf1712c9aecf,065dd6a3d4e1a21c6c90bf1712c9aecf,282,0.8037542431067068,0.7156584858894348,0.2266216593292292,100,250-499,100+
4869d00aaa597cd47a9036bb47ce99de,4869d00aaa597cd47a9036bb47ce99de,468,0.8006049345701168,0.7637364268302917,0.2517580340694041,202,250-499,100+
2c71433751d6a701a71fbdfaa2fb0e56,2c71433751d6a701a71fbdfaa2fb0e56,499,0.8288422654100315,0.7941505908966064,0.205453238447986,160,250-499,100+
d17c2b61f0f5e1fb5e50d71a683c5aca,d17c2b61f0f5e1fb5e50d71a683c5aca,457,0.8298313137530238,0.7885864973068237,0.1879644252030298,205,250-499,100+
d19e16d58bed5052e3d306a9725aa0db,d19e16d58bed5052e3d306a9725aa0db,362,0.8935695186636066,0.9049400091171264,0.1428080863093644,126,250-499,100+
6d287c30ffaae4d12b2ec4fb16a18894,6d287c30ffaae4d12b2ec4fb16a18894,410,0.8404356738765065,0.8228535056114197,0.1808479322567732,102,250-499,100+
c8df621fb5cbc438ac0b3dcb68c5d676,c8df621fb5cbc438ac0b3dcb68c5d676,309,0.8211816069223349,0.5433268547058105,0.1342674054742367,104,250-499,100+
c67749f4e7c640be87a0fe1178c34218,c67749f4e7c640be87a0fe1178c34218,351,0.8818102150289421,0.8745948672294617,0.1584989353418019,171,250-499,100+
edc1a5864870bfac8b45514bfde74644,edc1a5864870bfac8b45514bfde74644,355,0.8273705692559901,0.5946855545043945,0.1204788709424428,100,250-499,100+
5de54f2deca6feffc15260f94c667a31,5de54f2deca6feffc15260f94c667a31,398,0.8124307139794431,0.5174302458763123,0.1753282677031455,239,250-499,100+
3aea9dbd0f48102796ff7027e82afc4e,3aea9dbd0f48102796ff7027e82afc4e,292,0.8234972008613691,0.7884398102760315,0.2019322230550756,183,250-499,100+
c8dca9f464e81e495984a7f5cc30c9ba,c8dca9f464e81e495984a7f5cc30c9ba,330,0.8258722498344653,0.86004638671875,0.115521005977946,2,250-499,2-9
aa1798ff9a5086eebd92aaec980edf2b,aa1798ff9a5086eebd92aaec980edf2b,408,0.8654360551460116,0.8267719149589539,0.1081118172197231,3,250-499,2-9
3ffc3542b7c17cab03361146bf96f213,3ffc3542b7c17cab03361146bf96f213,404,0.8913102911014369,0.6335038542747498,0.0666162494538979,2,250-499,2-9
ac11ec3137c8039215a794c71ce6928d,ac11ec3137c8039215a794c71ce6928d,429,0.8272799286475547,0.8833772540092468,0.1583811510144137,2,250-499,2-9
387f187de339a859a235a2daf43c6881,387f187de339a859a235a2daf43c6881,477,0.8414990109617605,0.8486668467521667,0.135129186920998,4,250-499,2-9
079af2810a7584788646507dbf4be21b,079af2810a7584788646507dbf4be21b,256,0.8654975992441177,0.6987842321395874,0.0670657480367361,3,250-499,2-9
06313a173883471e05bb4f950fe72149,06313a173883471e05bb4f950fe72149,311,0.8619577413356572,0.8801738619804382,0.1497330766704835,6,250-499,2-9
947cba38816cb2ff0954c0d3357ed8b1,947cba38816cb2ff0954c0d3357ed8b1,448,0.8722158338342395,0.8963425755500793,0.1591668654019154,4,250-499,2-9
b98e3fbf150dc004a40ea6b19024c7cd,b98e3fbf150dc004a40ea6b19024c7cd,285,0.8813990892109118,0.9163405895233154,0.092787362804713,2,250-499,2-9
5c190db7465e76831caf9439c784c050,5c190db7465e76831caf9439c784c050,396,0.8515353982135503,0.8653459548950195,0.1266235371776921,2,250-499,2-9
aaf1829d56a6392c583bb0365f7db192,aaf1829d56a6392c583bb0365f7db192,301,0.8218430433558467,0.7725226283073425,0.1324673983305677,2,250-499,2-9
a73f01026cda6509b2253ea1061ada41,a73f01026cda6509b2253ea1061ada41,288,0.8318435353040695,0.8478938937187195,0.201856927618294,4,250-499,2-9
e1bc672c835974a644563eb9b01b37f6,e1bc672c835974a644563eb9b01b37f6,260,0.8750544773248525,0.8957738876342773,0.0972665341376175,2,250-499,2-9
a628f4f18cf1522721cbd28419e185b7,a628f4f18cf1522721cbd28419e185b7,292,0.8993413390852001,0.923522412776947,0.1004684164318132,5,250-499,2-9
5df31cefac153b0f6eb54f0300b68741,5df31cefac153b0f6eb54f0300b68741,257,0.861472529845479,0.8622424602508545,0.1453525158701914,2,250-499,2-9
c845da1ba87c8db1d487393ace0c2a32,c845da1ba87c8db1d487393ace0c2a32,452,0.8049462631529412,0.817351758480072,0.1466913582243978,3,250-499,2-9
4002c3a75454b5684737510855af5415,4002c3a75454b5684737510855af5415,470,0.8102035278157984,0.7016982436180115,0.1047805453690893,7,250-499,2-9
5a8d754c6d523f19823a3236e1d4a0f7,5a8d754c6d523f19823a3236e1d4a0f7,277,0.8313834637252863,0.867763340473175,0.1615055609819814,3,250-499,2-9
00f33d5be3675fca1c81781f9c46f88a,00f33d5be3675fca1c81781f9c46f88a,339,0.8883967839018786,0.88332599401474,0.1036540102742271,3,250-499,2-9
3ae275e47bf199fb03fceb50db937ebf,ec37ce1bd7fabc04ddf240ef319e01f7,484,0.8110296153234056,0.7554851770401001,0.167542253831479,2,250-499,2-9
7f6d1a3cbb09a61ab5cd8844d2f1d5b2,7f6d1a3cbb09a61ab5cd8844d2f1d5b2,289,0.805900596301861,0.7914202213287354,0.1916860270755477,3,250-499,2-9
2c72e10d3c2b8d02a7346e969cf31a2b,2c72e10d3c2b8d02a7346e969cf31a2b,251,0.8772342491909803,0.90843665599823,0.1060332535126854,3,250-499,2-9
2c7eaf3952f39010c50a5564b496e438,2c7eaf3952f39010c50a5564b496e438,358,0.8699228375184469,0.8737937808036804,0.0793916098056064,3,250-499,2-9
c3906cc62ab0299f5207c86c1e6a28e4,c3906cc62ab0299f5207c86c1e6a28e4,397,0.9249534991285964,0.6736561059951782,0.0534157494429566,9,250-499,2-9
845cd51b9a04b69bded7af73127c79dd,845cd51b9a04b69bded7af73127c79dd,281,0.8861644469291714,0.8770539164543152,0.0662308912716633,5,250-499,2-9
2f9e0855c1b6c4bbb40364626004fb0e,2f9e0855c1b6c4bbb40364626004fb0e,358,0.804851179549148,0.8199948668479919,0.1921270674690645,2,250-499,2-9
8465ac87486b090036ba12ea1f256226,8465ac87486b090036ba12ea1f256226,481,0.80178928145252,0.8297958970069885,0.1605528943360409,6,250-499,2-9
06355617bb6dec0e0024c21256b8d309,06355617bb6dec0e0024c21256b8d309,326,0.8609836554966089,0.8764390349388123,0.1133552254211014,2,250-499,2-9
50efcd8fa5abef910d1af7362f693b1d,50efcd8fa5abef910d1af7362f693b1d,303,0.8043595733894374,0.8557958602905273,0.1133107116803437,2,250-499,2-9
fd76ffc8b96e1b3c82ac1c5d5cbea71d,fd76ffc8b96e1b3c82ac1c5d5cbea71d,304,0.826507563904712,0.8487257957458496,0.1519830162917498,2,250-499,2-9
7f7266744079595c9e90a144833a8751,7f7266744079595c9e90a144833a8751,261,0.8239727604891606,0.8343351483345032,0.1675613644357245,8,250-499,2-9
07380b61edcac29da966c879115b008d,07380b61edcac29da966c879115b008d,439,0.8574085525825518,0.85337895154953,0.127387259898895,2,250-499,2-9
aae709ed638707c7456d0761b214c9a4,aae709ed638707c7456d0761b214c9a4,286,0.8325024488755873,0.8725417256355286,0.1039047954761776,4,250-499,2-9
6d2883958411c1c6ffd4c869fd2793d4,6d2883958411c1c6ffd4c869fd2793d4,281,0.8085155744993814,0.6751779913902283,0.1609404030966787,2,250-499,2-9
6319c71c336432bbdbfaa4e60643d118,6319c71c336432bbdbfaa4e60643d118,438,0.815699500210209,0.8275834918022156,0.1372886228379685,3,250-499,2-9
50fcf7ebde8786140fe0de6a4721a092,50fcf7ebde8786140fe0de6a4721a092,277,0.8117349862191651,0.8369383811950684,0.1961507378172484,2,250-499,2-9
6d2868f99cabecc5446bacc078b81707,6d2868f99cabecc5446bacc078b81707,378,0.8554048155729101,0.7983205318450928,0.1270663739909724,6,250-499,2-9
3df42e563ebd523a541d87da5215f605,3df42e563ebd523a541d87da5215f605,257,0.8750408606028279,0.8917380571365356,0.0984798011900557,2,250-499,2-9
b98d06b96722f0fd352d8e52737cfcfb,b98d06b96722f0fd352d8e52737cfcfb,396,0.8066245969136555,0.8520503044128418,0.1421663222444788,2,250-499,2-9
7194151f5066b2ec0b98cecf097fbe07,7194151f5066b2ec0b98cecf097fbe07,265,0.8987673498189674,0.9161723256111144,0.124697995510342,4,250-499,2-9
aa4eab48f37b8e55ce11e53fdc1c8516,aa4eab48f37b8e55ce11e53fdc1c8516,402,0.9102006200534194,0.8463642597198486,0.0680944799171141,5,250-499,2-9
e7e78fd131b625fe77d0edd1845c929b,e7e78fd131b625fe77d0edd1845c929b,337,0.8661022821307536,0.8686221241950989,0.1078701689038229,4,250-499,2-9
18ef730d5e675439b07d2301da45b4f1,18ef730d5e675439b07d2301da45b4f1,310,0.8384064911873109,0.8730908036231995,0.1748543560918809,2,250-499,2-9
a28be47af046024b505621ccc8c219cc,a28be47af046024b505621ccc8c219cc,363,0.8232139788120574,0.8378892540931702,0.1257171858432428,4,250-499,2-9
ea78069b65ebb3cccd4e579f56457415,ea78069b65ebb3cccd4e579f56457415,389,0.8815045759794339,0.8611704111099243,0.1208100547524675,2,250-499,2-9
73fb8d6abc28874cfc0ac0a293fdcf64,73fb8d6abc28874cfc0ac0a293fdcf64,403,0.8515001285638171,0.8369890451431274,0.1220764810901051,6,250-499,2-9
686bb24ffd6467628c34625c24ea6b29,686bb24ffd6467628c34625c24ea6b29,299,0.8723692020684182,0.9094187021255492,0.1219403997401965,2,250-499,2-9
5c0ffe8d2048269cb9061c712f92e316,5c0ffe8d2048269cb9061c712f92e316,313,0.8936233440070106,0.9195245504379272,0.1079037706848263,4,250-499,2-9
c8ea57bffc6f02e4d20ddcc39ac95842,c8ea57bffc6f02e4d20ddcc39ac95842,396,0.8018872998940825,0.5703571438789368,0.1586711882575592,6,250-499,2-9
02b3852c74082621221e1d5a44514ce0,02b3852c74082621221e1d5a44514ce0,266,0.8536964574254544,0.8689970374107361,0.1594537670405778,2,250-499,2-9
226341bf6b9c3340bec1c6b6056ebdd8,226341bf6b9c3340bec1c6b6056ebdd8,255,0.8343740519355325,0.8021807074546814,0.1169144058995501,2,250-499,2-9
a2ebdaa34e4f4d81c48fce5b64127f2e,a2ebdaa34e4f4d81c48fce5b64127f2e,256,0.8132085682451725,0.7817738652229309,0.131393139843913,7,250-499,2-9
01c75c4ae311983db4e02b75dea0c9c2,01c75c4ae311983db4e02b75dea0c9c2,372,0.8646332236771943,0.7920772433280945,0.1441160169254895,3,250-499,2-9
3ae1c9d339318187deaafa0ac55594ba,3ae1c9d339318187deaafa0ac55594ba,370,0.8941538550918167,0.8418034911155701,0.0637210086715799,5,250-499,2-9
3dfad283f4e031b9086663f820f2e026,3dfad283f4e031b9086663f820f2e026,314,0.8488513154436828,0.6533452868461609,0.1017338257932943,8,250-499,2-9
5df059fd009c0364bc02e747de672417,5df059fd009c0364bc02e747de672417,269,0.8074256688511504,0.5074761509895325,0.1181652827603052,5,250-499,2-9
718c7dff39d707383b6d7355e22681b3,718c7dff39d707383b6d7355e22681b3,375,0.8658756788126628,0.8995027542114258,0.1401140130989779,4,250-499,2-9
c84ded45b897022911de72472023a298,c84ded45b897022911de72472023a298,303,0.8498317653668596,0.6805989742279053,0.1729861505970532,5,250-499,2-9
b6c90c07250ee357d5614f58c4dd4233,b6c90c07250ee357d5614f58c4dd4233,405,0.8198477394198194,0.8639349341392517,0.1799319335446173,2,250-499,2-9
aea86c2b1778710b2e34669eecf1addd,aea86c2b1778710b2e34669eecf1addd,292,0.8431162303767792,0.8199371099472046,0.1323088952981305,5,250-499,2-9
02ba1dd5ea089efc7ed8f900c37af334,02ba1dd5ea089efc7ed8f900c37af334,279,0.8814999560557812,0.8865228891372681,0.1213820266940948,2,250-499,2-9
18f28e00f9bb8430989453842ba0ef58,18f28e00f9bb8430989453842ba0ef58,423,0.8080368140290533,0.8613294363021851,0.1588656256564924,4,250-499,2-9
5019854b4571b5eefc9c976462a64cbc,5019854b4571b5eefc9c976462a64cbc,402,0.9037138659918486,0.905512511730194,0.1000556119373768,5,250-499,2-9
38993040e172dbfcf8e9ebc6740b2ad3,38993040e172dbfcf8e9ebc6740b2ad3,312,0.8115790103032039,0.7694417238235474,0.1707065356332743,2,250-499,2-9
6d2bfeaca8eb43f0675be72a7e565134,6d2bfeaca8eb43f0675be72a7e565134,381,0.887356355722182,0.8750391006469727,0.1271923590721274,9,250-499,2-9
b98d39afe0f9db1bebd408ecda10c4c6,b98d39afe0f9db1bebd408ecda10c4c6,362,0.8199921449903625,0.8416985869407654,0.1534055844496704,2,250-499,2-9
718b75aee8df2f31e1f12fadb9d75ef0,718b75aee8df2f31e1f12fadb9d75ef0,299,0.9068918035500824,0.9041707515716552,0.0712330160178997,2,250-499,2-9
38895076836a6522087956625d5a9949,38895076836a6522087956625d5a9949,435,0.8049529693428127,0.8733428120613098,0.1153595549302237,3,250-499,2-9
00efd95016787d727efceb4856f9b07a,00efd95016787d727efceb4856f9b07a,260,0.838535750902616,0.7640001773834229,0.1413237238367218,2,250-499,2-9
5c1cd8393bd8bf548dc0357a7173af26,5c1cd8393bd8bf548dc0357a7173af26,300,0.8719726591746013,0.865919828414917,0.1164593842014857,2,250-499,2-9
1745d571d40da5bdfa5eccc7af0dd946,6020bd6c326796ebd943f461b18e197f,280,0.9199898753847394,0.930753231048584,0.058407846944752,2,250-499,2-9
5c1e55a98320c98d29ca29c3cf6a2d58,5c1e55a98320c98d29ca29c3cf6a2d58,344,0.8031297000618868,0.8232802748680115,0.1602780441645694,3,250-499,2-9
3ea31eaa05dd980e7a49f18da03e6363,3ea31eaa05dd980e7a49f18da03e6363,274,0.8390614666207864,0.7836488485336304,0.1518982151013333,2,250-499,2-9
5df6a7fd97f9f70d0349e4ed647921e1,5df6a7fd97f9f70d0349e4ed647921e1,438,0.8567000801922524,0.8743499517440796,0.1540296603057489,3,250-499,2-9
aeb3033d02c4dd6bc0a94dbaea677b12,aeb3033d02c4dd6bc0a94dbaea677b12,257,0.8109857692050562,0.7976599335670471,0.1219188013928837,2,250-499,2-9
845e1ced45b1557185f7c30e02fd0f36,845e1ced45b1557185f7c30e02fd0f36,250,0.877062550201416,0.8735529184341431,0.170641044885143,2,250-499,2-9
02b155a4df8c2d3e59a005bb48507320,02b155a4df8c2d3e59a005bb48507320,287,0.8688122987913337,0.8672757744789124,0.1245165147775873,3,250-499,2-9
b6cf273dafbdccbd15a8552ae3860c4f,b6cf273dafbdccbd15a8552ae3860c4f,280,0.8281136948721749,0.8677586913108826,0.1596584774853918,2,250-499,2-9
389038b40ef25887de6edd8b5f99f489,389038b40ef25887de6edd8b5f99f489,426,0.8763164376988657,0.8808146715164185,0.123504269279723,6,250-499,2-9
a73f4c7594f59d91f3ac1d4a21713981,5bde68b32bd845c609381216fdf2a860,284,0.8434173751884783,0.7117968201637268,0.1163379496982064,4,250-499,2-9
ea82a3f46e0bee0567b94ce03db83b6a,ea82a3f46e0bee0567b94ce03db83b6a,253,0.8228880572413267,0.8536193370819092,0.1861364838992301,2,250-499,2-9
aa0e922d1e899e33761f77e13619019a,aa0e922d1e899e33761f77e13619019a,316,0.8769740083549595,0.8123844861984253,0.0989162549431053,5,250-499,2-9
8aecf48c3279d0a1d715d9c3cadfb235,8aecf48c3279d0a1d715d9c3cadfb235,257,0.8631292555397123,0.6769596338272095,0.1028492476823435,3,250-499,2-9
5c1c4afb8e4cd62eaf02ca43db070791,5c1c4afb8e4cd62eaf02ca43db070791,322,0.8515306709716038,0.6579223871231079,0.1044328543125222,2,250-499,2-9
f6ba81a42434f82f9be6d4d418e818dc,f6ba81a42434f82f9be6d4d418e818dc,358,0.8322208492982321,0.8468499779701233,0.136739456863332,7,250-499,2-9
4000d62a9fc26296a605472cfbd54610,4000d62a9fc26296a605472cfbd54610,342,0.922861550760548,0.7098246812820435,0.0406816813575914,2,250-499,2-9
06644e4f40ec523843f642af03436332,06644e4f40ec523843f642af03436332,274,0.8822814582212127,0.8913026452064514,0.1089123372676383,3,250-499,2-9
6facd7a42ebeb4f8860ed272b614faf5,6facd7a42ebeb4f8860ed272b614faf5,417,0.882153851351292,0.9095578789711,0.0886941963024023,2,250-499,2-9
cb25481449c3308fbfbbbdcd0d0b6fd0,cb25481449c3308fbfbbbdcd0d0b6fd0,317,0.8327151940523262,0.7673919200897217,0.1854533421202832,3,250-499,2-9
3ada6449308bb130153210511724a820,5a68d62b8dee10195d88735f6f350182,311,0.9014818553372596,0.8911741971969604,0.0554690630731179,2,250-499,2-9
e46ea2645d4690dcdc8d0a9e7f8cacce,e46ea2645d4690dcdc8d0a9e7f8cacce,321,0.9010112370286032,0.7197964787483215,0.0714448566919547,2,250-499,2-9
aaef87df92ac94dbaf2e7286c9517f8d,aaef87df92ac94dbaf2e7286c9517f8d,261,0.8201862347628421,0.8460396528244019,0.1964849025198934,4,250-499,2-9
fd6bc80429d1a2cf45ea6aaa476383df,fd6bc80429d1a2cf45ea6aaa476383df,443,0.8026374050510657,0.6457055807113647,0.1311826178051381,2,250-499,2-9
48686ab4f50eb77aadd8e483db43999d,48686ab4f50eb77aadd8e483db43999d,293,0.8783871848591359,0.908926784992218,0.1211727516935277,3,250-499,2-9
17506dfc3372b22d1e93b262345a8f8d,17506dfc3372b22d1e93b262345a8f8d,272,0.8100774466290193,0.8371927738189697,0.1539530038786771,2,250-499,2-9
648fcaefc115ab0c5345ab5a89b66ce8,648fcaefc115ab0c5345ab5a89b66ce8,347,0.8030031391110819,0.5679430961608887,0.1453349144434193,2,250-499,2-9
d39f8969356a8ccbd789e0d73a827eac,d39f8969356a8ccbd789e0d73a827eac,477,0.8006916802684216,0.7725086212158203,0.1377971248080716,2,250-499,2-9
79c89f1df98748023ddb622da4c9b5c3,79c89f1df98748023ddb622da4c9b5c3,395,0.8173265596220765,0.8212181329727173,0.1674985794406069,2,250-499,2-9
cb24fdb6bf5f576dc22a3dda09721e09,cb24fdb6bf5f576dc22a3dda09721e09,328,0.8510630826252263,0.8259796500205994,0.165283641979672,5,250-499,2-9
e2c692c06b181f72115f1bfda4f3314c,e2c692c06b181f72115f1bfda4f3314c,336,0.8910130097184863,0.8914440870285034,0.0924712393974043,5,250-499,2-9
aa4c315841cb3aebfac8b924bd861529,aa4c315841cb3aebfac8b924bd861529,332,0.8138505372081895,0.8546615839004517,0.1256898252839997,4,250-499,2-9
aa1673d79d04341030927109082c0db5,aa1673d79d04341030927109082c0db5,330,0.8393266091780229,0.8651705384254456,0.0980718109049145,2,250-499,2-9
947c700cc5dfb7b04fbc20bb5d0fc7bb,947c700cc5dfb7b04fbc20bb5d0fc7bb,383,0.8569686633675279,0.8499932885169983,0.1390952422119218,8,250-499,2-9
0790ed8726cb2031768c3d3a5b404c3d,0790ed8726cb2031768c3d3a5b404c3d,288,0.8139996250470479,0.6047708988189697,0.1332321931116415,2,250-499,2-9
723c88a31c5f6d5d672c98e22ce42b73,723c88a31c5f6d5d672c98e22ce42b73,381,0.8042107482469614,0.5833085179328918,0.1205969703099407,2,250-499,2-9
2f9ef8b916465bcecef5422af4d92e55,2f9ef8b916465bcecef5422af4d92e55,252,0.8380553415086535,0.8605133891105652,0.1726063662623387,3,250-499,2-9
68738a5b736e3b08e4ee3983205bab9e,68738a5b736e3b08e4ee3983205bab9e,439,0.8546023158983652,0.835553765296936,0.11838543616715,3,250-499,2-9
c912a8d93d64c5587b3dea82f98378ee,84b5d7ec5e87c9c5bef4e0bf560a50ff,347,0.8895126816587421,0.9009544253349304,0.1009009513351015,2,250-499,2-9
8e76281c63973cbe50f87c79dbc937ac,8e76281c63973cbe50f87c79dbc937ac,360,0.9137356321546767,0.9041874408721924,0.0536573704031824,2,250-499,2-9
33589664ff343fc3301577a0b248d7f6,33589664ff343fc3301577a0b248d7f6,375,0.8360911514282227,0.806104838848114,0.168707691812273,2,250-499,2-9
d3aa97c570a500152a9109b68dd85c3b,d3aa97c570a500152a9109b68dd85c3b,408,0.8062636322133682,0.7851752638816833,0.1705120992899751,3,250-499,2-9
d1a5ab8f6e1abbf6e31b33063636f256,d1a5ab8f6e1abbf6e31b33063636f256,317,0.8985484280270357,0.9026976227760316,0.0865672102094465,3,250-499,2-9
845395568a2bc5110ad5c9ed03c33008,845395568a2bc5110ad5c9ed03c33008,615,0.8210352260310475,0.6690024137496948,0.1737586670523518,28,500-1000,10-99
07a15bffbb0c50f62da6021fb2bcead4,07a15bffbb0c50f62da6021fb2bcead4,904,0.8141957761123118,0.6980711817741394,0.1005993345378168,19,500-1000,10-99
aa1cb77021d27ef81cd2992d09422071,aa1cb77021d27ef81cd2992d09422071,524,0.8376204353070442,0.7177132368087769,0.1035041863283315,16,500-1000,10-99
335b86eb873a54dda2ff392066d6be78,335b86eb873a54dda2ff392066d6be78,546,0.8613759954683072,0.9000864028930664,0.1541298980679036,12,500-1000,10-99
fd6a92d95a37b9ce1f1d7c1641b649ae,fd6a92d95a37b9ce1f1d7c1641b649ae,644,0.8100900736802853,0.8378143310546875,0.1759377851563107,11,500-1000,10-99
dc55ec4f9ddc7d7b1defe58962542b3a,dc55ec4f9ddc7d7b1defe58962542b3a,652,0.8388492416604164,0.6629868149757385,0.1340026825720092,41,500-1000,10-99
a2fb74b71aaf8d22ebb03c6725f2d14b,a2fb74b71aaf8d22ebb03c6725f2d14b,737,0.8043390100652522,0.871185839176178,0.147582657127435,11,500-1000,10-99
c904147b691220ce73792172685a02af,c904147b691220ce73792172685a02af,503,0.8342299889475403,0.8326160907745361,0.1299585686395855,11,500-1000,10-99
84557ccb1e867798c9103a9b8c411130,84557ccb1e867798c9103a9b8c411130,805,0.8191597510628078,0.6615241765975952,0.1411171896469039,78,500-1000,10-99
79bbb4c888042526ae333db11d3eca94,79bbb4c888042526ae333db11d3eca94,660,0.8968665060563521,0.8768266439437866,0.0804388613063292,16,500-1000,10-99
3f2936baa1447969323630a7f7af884c,3f2936baa1447969323630a7f7af884c,599,0.8272792945123076,0.5660974979400635,0.1596222808012526,10,500-1000,10-99
02b15fb2bf1be65125894b45b6768062,02b15fb2bf1be65125894b45b6768062,543,0.8012070405373477,0.7794427275657654,0.2380164504067354,38,500-1000,10-99
b6d5e505769cd102cf76c6dd7febe679,b6d5e505769cd102cf76c6dd7febe679,642,0.8849858310735114,0.8575156331062317,0.1294225401794966,10,500-1000,10-99
3df664f85adc234d0de29ac734a5d3c4,3df664f85adc234d0de29ac734a5d3c4,592,0.8315396825365119,0.823930561542511,0.1776550473649576,16,500-1000,10-99
7403f9183cb9efa25f7632360ed0ad01,7403f9183cb9efa25f7632360ed0ad01,617,0.8150397588213607,0.8476877212524414,0.197741131691099,77,500-1000,10-99
1740bfde8c94bb00a4d82b8c8fd19e0c,1740bfde8c94bb00a4d82b8c8fd19e0c,739,0.8060618556723382,0.5189034938812256,0.1594365275964449,27,500-1000,10-99
2a83aeeb45d8ecf13f432d51cd8f9ebb,2a83aeeb45d8ecf13f432d51cd8f9ebb,687,0.8360437857948537,0.8655750751495361,0.1683247893907445,18,500-1000,10-99
079b948226005e17c15bca847ef406bb,079b948226005e17c15bca847ef406bb,553,0.8031427700739441,0.8067077398300171,0.1863387623764412,15,500-1000,10-99
630bd30a67263dc028da58fe21195276,630bd30a67263dc028da58fe21195276,716,0.8397425026866976,0.7836087346076965,0.1313421262614359,19,500-1000,10-99
5022ed8f616c5286e3145e2cd76a427a,5022ed8f616c5286e3145e2cd76a427a,742,0.9004126812505594,0.6034932732582092,0.0779050496480509,27,500-1000,10-99
5c203852d23548579afce2caa58db1f6,5c203852d23548579afce2caa58db1f6,960,0.812872841000557,0.5351608395576477,0.0922726844069653,21,500-1000,10-99
e1be6c8841d3509441ed8ca54ad894f7,e1be6c8841d3509441ed8ca54ad894f7,574,0.8101466721524759,0.8094786405563354,0.1280558313872444,11,500-1000,10-99
740a89efcf75649c64f638af8465c298,740a89efcf75649c64f638af8465c298,533,0.8108047861095664,0.7741747498512268,0.1380725352568967,74,500-1000,10-99
946b11b1bffd390b1d065fd1f3c89c22,946b11b1bffd390b1d065fd1f3c89c22,603,0.8288416378217353,0.6010594367980957,0.121765631211209,99,500-1000,10-99
686644a72ba40dd7f574c5490d86b613,686644a72ba40dd7f574c5490d86b613,749,0.8752392751288828,0.6531122922897339,0.1036555116993367,68,500-1000,10-99
2f9f234555698d1787cca0b34721155e,2f9f234555698d1787cca0b34721155e,541,0.8308504971558858,0.6578087210655212,0.1522914785671317,12,500-1000,10-99
3ead5716cd6e750db39935fb490b2240,3ead5716cd6e750db39935fb490b2240,667,0.8525101638519424,0.8038896322250366,0.1477360225877884,30,500-1000,10-99
cb1f2da1aa6258a6700ac83ae260b4f6,cb1f2da1aa6258a6700ac83ae260b4f6,540,0.8231124463257966,0.8522466421127319,0.1480605749427971,18,500-1000,10-99
703226ab1f2c008511fe72587536f4ba,703226ab1f2c008511fe72587536f4ba,536,0.8380901495734256,0.8670110106468201,0.162249810438584,38,500-1000,10-99
6a40bed5ea680440b4072d6e74661413,6a40bed5ea680440b4072d6e74661413,512,0.8545289419591426,0.7757449746131897,0.1097087055710223,11,500-1000,10-99
a291d73e8541e65df15fefdba08c2779,a291d73e8541e65df15fefdba08c2779,552,0.8225809955596923,0.8651068806648254,0.1335365101502224,10,500-1000,10-99
3f27da6418b5bb30e898c63cc787b4fc,3f27da6418b5bb30e898c63cc787b4fc,580,0.8023151474985584,0.562824010848999,0.1295294830424156,22,500-1000,10-99
cb160d031c5ee9991cf3f0b632a1c496,cb160d031c5ee9991cf3f0b632a1c496,524,0.8314414108436526,0.8695323467254639,0.1488841679990288,13,500-1000,10-99
38b4f892efcc1e7e9f10f288facd3648,38b4f892efcc1e7e9f10f288facd3648,800,0.8192581201791763,0.5066996216773987,0.1385232199064156,16,500-1000,10-99
065e878d11c667df0e084f7ba90f05f9,065e878d11c667df0e084f7ba90f05f9,926,0.8278787654522428,0.618916928768158,0.1020959766069754,10,500-1000,10-99
3f272b7de54be905a2f1b530b95d8e21,3f272b7de54be905a2f1b530b95d8e21,730,0.8313781259615127,0.5245764255523682,0.1086771333734593,28,500-1000,10-99
aae8bf85bcbb5d8dc1f70cb2fa2f67a1,aae8bf85bcbb5d8dc1f70cb2fa2f67a1,511,0.8101957493985469,0.822307288646698,0.1778910237521336,28,500-1000,10-99
ec238f6d4dee86f4ed092a8583025405,ec238f6d4dee86f4ed092a8583025405,579,0.8457845251712568,0.7363629937171936,0.1070513040649905,12,500-1000,10-99
6f9e9b8b82594a34bd652108c14b1730,6f9e9b8b82594a34bd652108c14b1730,583,0.8205851137413168,0.8463758826255798,0.1669782586823031,16,500-1000,10-99
c66f13de6731ce42571eab9edddd5e37,c66f13de6731ce42571eab9edddd5e37,998,0.8038990746996924,0.7926649451255798,0.1890741901883411,22,500-1000,10-99
79c0ed87261237e29b5e14aad12bfcea,79c0ed87261237e29b5e14aad12bfcea,997,0.8491299292125339,0.7031785249710083,0.1175479389234176,32,500-1000,10-99
a62b96e9161fc1fa0493b039c0edc981,a62b96e9161fc1fa0493b039c0edc981,579,0.8201463718447249,0.8315561413764954,0.1525020534179348,10,500-1000,10-99
5d35d72d2579ca14cff098ed11294149,5d35d72d2579ca14cff098ed11294149,551,0.8434048395451097,0.8002736568450928,0.1403101429444695,14,500-1000,10-99
b6d0f1984373c23ff1c432a52f9b8475,b6d0f1984373c23ff1c432a52f9b8475,544,0.8158174651861191,0.7345556616783142,0.1706229588629823,40,500-1000,10-99
5a8f9d0d27cef2f2cde974f1d077b49f,5a8f9d0d27cef2f2cde974f1d077b49f,564,0.824098838238006,0.5923958420753479,0.1270597048821478,10,500-1000,10-99
8462d35aaa0646d65cf0aa7c1f231974,8462d35aaa0646d65cf0aa7c1f231974,594,0.8782223467714458,0.8762286305427551,0.0778586632582746,10,500-1000,10-99
b3b15339ff0e98bf3ac69e2e0e6346f0,b3b15339ff0e98bf3ac69e2e0e6346f0,507,0.8582732695329354,0.8899544477462769,0.1219067089037698,13,500-1000,10-99
a62168f36907a43872387650f401f51a,a62168f36907a43872387650f401f51a,603,0.8326138903173443,0.8652930855751038,0.1577999003694451,19,500-1000,10-99
5c15da3622a0f0827f0686fb43244965,5c15da3622a0f0827f0686fb43244965,697,0.8273505660211682,0.7158488631248474,0.1502665506573371,10,500-1000,10-99
22692644295e7c79137eb841ff634272,22692644295e7c79137eb841ff634272,886,0.8012510683305107,0.6712930798530579,0.1434232237645175,11,500-1000,10-99
d2960a9f1cd524107fef56ea1e75c8a2,d2960a9f1cd524107fef56ea1e75c8a2,522,0.8207142702007658,0.8214887976646423,0.1820123688991614,15,500-1000,10-99
c83fd843d8cf8673c40e74eafe2f9c23,c83fd843d8cf8673c40e74eafe2f9c23,645,0.848096089326134,0.5298873782157898,0.1357997774796773,18,500-1000,10-99
d17393c962f306ba76dfaf31804859f7,d17393c962f306ba76dfaf31804859f7,525,0.8599604835873558,0.5771634578704834,0.0905784085014667,27,500-1000,10-99
740a0b75b87483bf6f129b72c4c9d271,740a0b75b87483bf6f129b72c4c9d271,615,0.888469841468625,0.5537027716636658,0.1150217095257315,59,500-1000,10-99
23f2c4acbe595dafa70539dc5da99f20,23f2c4acbe595dafa70539dc5da99f20,861,0.8124373341382035,0.8867035508155823,0.1320025320403811,19,500-1000,10-99
da35e86ec61ce2cfefef654341d9ec84,da35e86ec61ce2cfefef654341d9ec84,563,0.8405813689426672,0.6810664534568787,0.138108580752094,11,500-1000,10-99
3052a52bf3549f9a082be0d8f8620ffd,a8068a87bbc5b667a6572456e36b684b,710,0.8253244542135318,0.6569342017173767,0.1636024772821364,35,500-1000,10-99
8e7505a76ce4830f84eeba799049d297,8e7505a76ce4830f84eeba799049d297,584,0.8177703622269304,0.706192135810852,0.118257270339252,11,500-1000,10-99
335fc9f52d0825c49bcac603a8642f50,335fc9f52d0825c49bcac603a8642f50,640,0.8447235336899758,0.8566476702690125,0.1064027578264668,14,500-1000,10-99
c90b416ec06e72545400958fb3899658,c90b416ec06e72545400958fb3899658,701,0.8358424259354487,0.5804398059844971,0.1623734462414707,14,500-1000,10-99
8464b017705581ee04c539fc8e242997,8464b017705581ee04c539fc8e242997,902,0.8209326062762817,0.5138651132583618,0.1035348679587758,37,500-1000,10-99
75a86f95a5d4af23e2b8a4343650f595,75a86f95a5d4af23e2b8a4343650f595,684,0.8556957645304719,0.7954423427581787,0.0963688186891381,14,500-1000,10-99
9473648982aaa4312c07442de32d81ea,9473648982aaa4312c07442de32d81ea,559,0.823967629843833,0.8672777414321899,0.1783868027391303,46,500-1000,10-99
9874ef3bbc846df71020c21e2b777c2a,9874ef3bbc846df71020c21e2b777c2a,541,0.9236530325108667,0.504346489906311,0.0604975727323732,13,500-1000,10-99
dac4d36abc29c2f4b91b775c696babb7,dac4d36abc29c2f4b91b775c696babb7,826,0.8739980201166998,0.860633909702301,0.0992111924958661,21,500-1000,10-99
aa129d5005ec2de7c47b4a1f2e04564a,aa129d5005ec2de7c47b4a1f2e04564a,738,0.8640428057724867,0.8654364943504333,0.0975807330110861,31,500-1000,10-99
01c7640d68516c16b0c85fe2c984b00b,01c7640d68516c16b0c85fe2c984b00b,758,0.8774810590970484,0.6387494802474976,0.1026929417662195,10,500-1000,10-99
aaf07495bf21cc57f7e6bf4f736d9508,aaf07495bf21cc57f7e6bf4f736d9508,669,0.8576459463829417,0.7137353420257568,0.0976134021670534,10,500-1000,10-99
d1a29053e78cedfc074eeb638a0258b4,d1a29053e78cedfc074eeb638a0258b4,555,0.8690321990348197,0.8510087728500366,0.1438102192481503,36,500-1000,10-99
6fa15140b2e735cf1df723b1b26b573a,6fa15140b2e735cf1df723b1b26b573a,539,0.8372139347904468,0.8898441195487976,0.1054181661617044,27,500-1000,10-99
aa58e50bf35d1b1eefb75ccabd81911d,aa58e50bf35d1b1eefb75ccabd81911d,530,0.8299010308823496,0.8046561479568481,0.1981659694731621,12,500-1000,10-99
5101a8f22b1a640fe964801e654b5aec,5101a8f22b1a640fe964801e654b5aec,802,0.8011523443683424,0.6830194592475891,0.1403481228148212,14,500-1000,10-99
aa1b15387675c887c0c3b5d5e9298fa0,aa1b15387675c887c0c3b5d5e9298fa0,786,0.8153069943144121,0.6005352139472961,0.1816691569524402,38,500-1000,10-99
fd7700dd00af52ca10d3c0447b5ea4ef,fd7700dd00af52ca10d3c0447b5ea4ef,698,0.803455615385214,0.8216648101806641,0.177370278455252,17,500-1000,10-99
8250af6f9188c0e32a4666503f1fb516,8250af6f9188c0e32a4666503f1fb516,579,0.8171661040284678,0.5789341330528259,0.2002705839644885,11,500-1000,10-99
1749d407010ba982866b2417dccb4061,1749d407010ba982866b2417dccb4061,506,0.8007860807939009,0.7765671610832214,0.2392711066881573,14,500-1000,10-99
c904074b5226f2ca32881968ae7a73c9,c904074b5226f2ca32881968ae7a73c9,988,0.8008712071252738,0.6304610371589661,0.1167735387788751,27,500-1000,10-99
38b964dc583740a9360febef53833ffa,38b964dc583740a9360febef53833ffa,572,0.8105848886916688,0.8446261882781982,0.1831445496018447,12,500-1000,10-99
c845d1d5fdf8ec0cdc7d058e3880967b,c845d1d5fdf8ec0cdc7d058e3880967b,998,0.8252716516636178,0.8386455774307251,0.1093303744626934,34,500-1000,10-99
e2d13c2071baf5891599751134b06f80,e2d13c2071baf5891599751134b06f80,780,0.8179897486857878,0.8560351133346558,0.1148141821384766,12,500-1000,10-99
e7f94fac1add17122952160e3ceb8baa,e7f94fac1add17122952160e3ceb8baa,932,0.8021536411236283,0.7135312557220459,0.1217653087411302,46,500-1000,10-99
335d688d0f4cec1e9f6c75957bcfbaa9,335d688d0f4cec1e9f6c75957bcfbaa9,860,0.8381667136924211,0.8492293953895569,0.1631727172947101,11,500-1000,10-99
c849c153ff431475ea7d7a7fa6b50cf8,c849c153ff431475ea7d7a7fa6b50cf8,621,0.8555194694715614,0.8669442534446716,0.1771419788484361,30,500-1000,10-99
6faed7f7d01f2c111eab59c65619351a,6faed7f7d01f2c111eab59c65619351a,561,0.8175734478479613,0.6984784603118896,0.1328914600139633,24,500-1000,10-99
e4649e7444d530ad5ca7338156e5b236,e4649e7444d530ad5ca7338156e5b236,644,0.8139108510343185,0.5975033044815063,0.1819456931855333,33,500-1000,10-99
72433b79b202ebc2f799cddbfbc10803,72433b79b202ebc2f799cddbfbc10803,538,0.9063471441020752,0.5487725138664246,0.078384725575972,19,500-1000,10-99
5c114c9ab177479ef8adbffe15eef8f6,5c114c9ab177479ef8adbffe15eef8f6,602,0.8877780672878126,0.9099717140197754,0.1371008477125913,11,500-1000,10-99
a629e5974fa66b105d95f11add846aa6,a629e5974fa66b105d95f11add846aa6,559,0.8104031908789346,0.8068272471427917,0.1636027237948033,13,500-1000,10-99
7034267c9114e469da92b27c27376314,7034267c9114e469da92b27c27376314,511,0.8654374505209129,0.8818304538726807,0.1513640523027439,37,500-1000,10-99
3adca7221481e99e4edb048bbd5acf27,3adca7221481e99e4edb048bbd5acf27,745,0.8942541773239238,0.913748562335968,0.134432510461914,10,500-1000,10-99
4858ac2f9d6d15a9730ab2b565d5329d,4858ac2f9d6d15a9730ab2b565d5329d,999,0.8034250238397577,0.6800966858863831,0.1934958832991861,13,500-1000,10-99
3362221c5e28b73fe9267d6539d273f7,3362221c5e28b73fe9267d6539d273f7,546,0.8294176880693261,0.5829921364784241,0.113959533305429,18,500-1000,10-99
b6ae8b3c9aeecdfb69ad308d940b5af0,b6ae8b3c9aeecdfb69ad308d940b5af0,504,0.814232238436502,0.7200819849967957,0.1328277095793339,11,500-1000,10-99
3dec17a132ffe2b87aee934582e5cf3d,3dec17a132ffe2b87aee934582e5cf3d,566,0.8326485350780689,0.54655921459198,0.1092076159544041,37,500-1000,10-99
3eadbe5ab4f8051ecfb882afad1147de,3eadbe5ab4f8051ecfb882afad1147de,561,0.8043606874394544,0.6928103566169739,0.1487709426860417,18,500-1000,10-99
e45fb29ef0a66e72b31515f7aff9a675,e45fb29ef0a66e72b31515f7aff9a675,533,0.8398318594526394,0.5395756363868713,0.131376679078066,12,500-1000,10-99
08f1777d841345e8c801cafd23907dca,08f1777d841345e8c801cafd23907dca,652,0.8278999864250605,0.8373050093650818,0.2063541688918817,55,500-1000,10-99
aa525bf0f56de73d4a0783e7719888a4,aa525bf0f56de73d4a0783e7719888a4,581,0.8172744188292301,0.510210394859314,0.1331843295771712,13,500-1000,10-99
c66c2edbf00a1dabe036456e49fdc66d,0ef7753ebfe0ed691c144a75ce828f44,585,0.8218487281147232,0.8513257503509521,0.1805924435948049,31,500-1000,10-99
845febf0797f644dd29b9921ecb54947,845febf0797f644dd29b9921ecb54947,839,0.8568042746942859,0.7761291861534119,0.1284924667954771,47,500-1000,10-99
ec27bf04a9a9301a66eda9adf6b2ea11,ec27bf04a9a9301a66eda9adf6b2ea11,628,0.858911223715278,0.8495279550552368,0.1320054241748192,27,500-1000,10-99
ea72a6bfa68f1c40534eabdd823ebe8b,ea72a6bfa68f1c40534eabdd823ebe8b,620,0.8749519643475933,0.8251829743385315,0.090286554727349,36,500-1000,10-99
4861f32321853c574ceeeec2123d4bd9,4861f32321853c574ceeeec2123d4bd9,598,0.8323296943715583,0.8395195603370667,0.1323071660950956,12,500-1000,10-99
066afe96af592552e747c2cf5ed30d72,066afe96af592552e747c2cf5ed30d72,551,0.8421872621872032,0.6054570078849792,0.1031018615575866,15,500-1000,10-99
dac08ec301faebedfb6d3835c40e8a10,dac08ec301faebedfb6d3835c40e8a10,727,0.8375178877818699,0.6547040343284607,0.0995690698586654,18,500-1000,10-99
82512f0f0027559103b22fe6c6ed2618,82512f0f0027559103b22fe6c6ed2618,521,0.8410712832635744,0.8366175293922424,0.1874962450136082,10,500-1000,10-99
947ceb2019e4c45f5a68a84f9c39818d,947ceb2019e4c45f5a68a84f9c39818d,999,0.8030744465359219,0.8183957934379578,0.1818667228902005,43,500-1000,10-99
07405d523ec20a7bc4444c6c29765f8f,07405d523ec20a7bc4444c6c29765f8f,671,0.8766729838659795,0.6803935170173645,0.0900098702563267,12,500-1000,10-99
e4660c8c74f7ee0bc42e4610ac1a121d,e4660c8c74f7ee0bc42e4610ac1a121d,666,0.8449479867459776,0.8271710872650146,0.222374287255856,34,500-1000,10-99
3dedcd5686489b4fdaad1ce2828dff99,3dedcd5686489b4fdaad1ce2828dff99,586,0.8513308487654545,0.7380463480949402,0.1256906242655429,21,500-1000,10-99
ea7c63f509d328c66bece3ebe2104bc6,ea7c63f509d328c66bece3ebe2104bc6,512,0.8122086910158396,0.8171140551567078,0.2219342547867727,26,500-1000,10-99
ac19379765125f66dd12b23fb0a055ee,ac19379765125f66dd12b23fb0a055ee,683,0.8215371570894345,0.6158087849617004,0.1564548827030492,11,500-1000,10-99
a28dda2b328b9d08c1393bcc214251de,a28dda2b328b9d08c1393bcc214251de,998,0.8459886255054053,0.8803466558456421,0.1496527134941384,111,500-1000,100+
3367f561dafbd88e8005bf37831c3f59,3367f561dafbd88e8005bf37831c3f59,565,0.8934082172360039,0.9299539923667908,0.1030338536196838,276,500-1000,100+
5ded721b9e36bf48364dad63d0d16c61,5ded721b9e36bf48364dad63d0d16c61,997,0.8248838458544273,0.8424813151359558,0.1236948614967595,131,500-1000,100+
c8e108aa458ecdf87f91a6ea2502b2d3,c8e108aa458ecdf87f91a6ea2502b2d3,541,0.8436782353201988,0.8593500852584839,0.1929173024399693,145,500-1000,100+
a2ef833895d08d33dac811339560ccb7,a2ef833895d08d33dac811339560ccb7,700,0.8103503582545689,0.5894487500190735,0.1466655570217784,197,500-1000,100+
a625ca67e7cb373b222d29f48774e9d2,a625ca67e7cb373b222d29f48774e9d2,800,0.8218161215543747,0.624178409576416,0.1344930542851591,282,500-1000,100+
d295e97120af23061b983db9d005948c,d295e97120af23061b983db9d005948c,851,0.8306098841164002,0.8255788087844849,0.2209385436643542,263,500-1000,100+
c8dd32d8f75f1e89fb927b3cd3cd336e,c8dd32d8f75f1e89fb927b3cd3cd336e,733,0.8605670787920567,0.723710834980011,0.1413894305215143,101,500-1000,100+
e04fb12fe52842687031ac2a63c1919d,e04fb12fe52842687031ac2a63c1919d,614,0.8222600546100629,0.5190702080726624,0.132624187562177,503,500-1000,100+
94768d3dcab5ab5eaf946865c8fe5d45,94768d3dcab5ab5eaf946865c8fe5d45,536,0.8202865399887312,0.6547475457191467,0.1294351572264752,239,500-1000,100+
3f24b2f104f5d4cbf86e956cc8eb9e71,3f24b2f104f5d4cbf86e956cc8eb9e71,834,0.836969126305706,0.583871603012085,0.1369388231258344,326,500-1000,100+
a29a9ad6fd0a9bd6fe8efdd07595c30b,a29a9ad6fd0a9bd6fe8efdd07595c30b,629,0.8345056652075157,0.6091535687446594,0.1673026435853696,298,500-1000,100+
8245c3d72d6100becc8d550f27c6bd11,8245c3d72d6100becc8d550f27c6bd11,561,0.8144300598511721,0.8290218114852905,0.2119530974977766,102,500-1000,100+
3f2e4a7e2e245427c06940c08306e047,3f2e4a7e2e245427c06940c08306e047,716,0.8168945394814348,0.5794011950492859,0.1989804791396199,271,500-1000,100+
e7ebd562f539becc430c0d199297f811,002c398668f6f04a2ef088cd23a710cc,1000,0.8639016233444213,0.8912556171417236,0.0963127340252661,222,500-1000,100+
50efecccc87981edaf49e92e7e2203b8,50efecccc87981edaf49e92e7e2203b8,518,0.8028597751455417,0.5866295099258423,0.1506492646698994,953,500-1000,100+
38c3420256650cf7e8174af34e31eb74,38c3420256650cf7e8174af34e31eb74,548,0.8401812360930617,0.8591209053993225,0.1914571623507563,130,500-1000,100+
2a8ec16ce169635e5c6b98a69c64ae9f,2a8ec16ce169635e5c6b98a69c64ae9f,981,0.8410541507009337,0.6318063735961914,0.1701593871671064,262,500-1000,100+
648505672cd75f5907a6cfaae3e0ae91,648505672cd75f5907a6cfaae3e0ae91,515,0.806938811700321,0.5948456525802612,0.1138811047086644,340,500-1000,100+
c8e69528bfeafa610a1a90a8f8864e20,c8e69528bfeafa610a1a90a8f8864e20,581,0.8227438313784574,0.6103212833404541,0.1602435909376824,198,500-1000,100+
6ee0e96f09bdda3c440fada0544b0d92,6ee0e96f09bdda3c440fada0544b0d92,645,0.804386417181917,0.8188773989677429,0.2397841226029498,227,500-1000,100+
305080f91f50a5382f5645c03b0883c3,305080f91f50a5382f5645c03b0883c3,829,0.8097402432284108,0.5411906838417053,0.1252172464857552,103,500-1000,100+
e8ea6a98a58568c3ef8e732b44395f41,e8ea6a98a58568c3ef8e732b44395f41,669,0.8114168854786142,0.8273192048072815,0.1857830074242288,147,500-1000,100+
2811adcdc4b0b95f388894cf1b777198,2811adcdc4b0b95f388894cf1b777198,781,0.8067466091590716,0.8107854127883911,0.112297746156046,181,500-1000,100+
b98cfc3918d722ce1f0aa15f426dc90a,b98cfc3918d722ce1f0aa15f426dc90a,863,0.8174210264619228,0.7541607022285461,0.1343474603561285,255,500-1000,100+
7f77704c363c3170753795c47cab0127,7f77704c363c3170753795c47cab0127,538,0.8099088588700418,0.5521868467330933,0.1277308485425464,193,500-1000,100+
82440ef6642aff11c7305e872ebef50f,82440ef6642aff11c7305e872ebef50f,1000,0.8089343336677551,0.7155796885490417,0.1314764782205282,177,500-1000,100+
02aeca0b9d692e50e5ab3e60ba53beec,02aeca0b9d692e50e5ab3e60ba53beec,634,0.8154639736560617,0.8419724702835083,0.2104691631109933,153,500-1000,100+
d1747017896dfdc8162224195ae2544c,d1747017896dfdc8162224195ae2544c,725,0.8222716791350265,0.8391933441162109,0.1502374286949315,111,500-1000,100+
5c0ef49541d160cdd9b41b970039a622,5c0ef49541d160cdd9b41b970039a622,843,0.8786655977188056,0.8758281469345093,0.0799938387008727,138,500-1000,100+
3ea87174bbb5bc140e704f6fecf00450,3ea87174bbb5bc140e704f6fecf00450,723,0.8054678811143213,0.6898399591445923,0.1698865680794323,180,500-1000,100+
fd6979956ba432fb1a1eb8144152f803,fd6979956ba432fb1a1eb8144152f803,683,0.8193667051558264,0.8561233282089233,0.2048496342196747,258,500-1000,100+
b6ab97285bfcae2b71645d19e2c06169,b6ab97285bfcae2b71645d19e2c06169,555,0.8605438053715336,0.902344822883606,0.11169594557941,193,500-1000,100+
7238fe85d3c5ae2e6bfe0bf70127b53b,7238fe85d3c5ae2e6bfe0bf70127b53b,754,0.8153811443136605,0.7787649035453796,0.132706405039897,321,500-1000,100+
389b04af945d490ebcecf336b8b427fe,389b04af945d490ebcecf336b8b427fe,651,0.8200593608791743,0.548980176448822,0.1469944076258236,110,500-1000,100+
7196117bf42d613d3e5e8abc221b2c6a,7196117bf42d613d3e5e8abc221b2c6a,756,0.8171509504318237,0.8800183534622192,0.1717409686751357,157,500-1000,100+
0737b0a6295b2b43e948eb7d62c8ac9e,0737b0a6295b2b43e948eb7d62c8ac9e,621,0.8503194262555256,0.6691545844078064,0.1195696972917179,164,500-1000,100+
3050ab5c0e1082455b13f6548f85cc9e,3050ab5c0e1082455b13f6548f85cc9e,723,0.8266027409670923,0.6443712711334229,0.1627483592933354,153,500-1000,100+
066102bca82a1c758f85a665e2f2d264,066102bca82a1c758f85a665e2f2d264,649,0.8399301079572257,0.8572676181793213,0.1975850045770824,108,500-1000,100+
23f82714fa71da2d98413e5c0fa84eae,23f82714fa71da2d98413e5c0fa84eae,615,0.8182107153171446,0.8130450248718262,0.1872566264649787,144,500-1000,100+
062987ff53aa20eef44e7a77df3c1410,062987ff53aa20eef44e7a77df3c1410,995,0.8284843542012738,0.8188525438308716,0.1402576472048231,105,500-1000,100+
02b10f498ffd274e1f20318c95cd1246,02b10f498ffd274e1f20318c95cd1246,838,0.8678162172813688,0.8437141180038452,0.0962436141987897,178,500-1000,100+
72426ba8c2c47c13c39566ea3fe022b1,72426ba8c2c47c13c39566ea3fe022b1,696,0.8178833928601494,0.5742166638374329,0.1367106246538009,160,500-1000,100+
d3a632052ac113e5b1fa017cd0ccaa74,d3a632052ac113e5b1fa017cd0ccaa74,507,0.832591773414988,0.5529557466506958,0.1319375342707729,112,500-1000,100+
7f6adf55de6f2ca2126f51307cdb6b57,7f6adf55de6f2ca2126f51307cdb6b57,954,0.8137190501694909,0.5958614349365234,0.1890803330299,164,500-1000,100+
c674092a61d059f5227e84d96b9f56c5,c674092a61d059f5227e84d96b9f56c5,956,0.8214433218544995,0.6267655491828918,0.1835279793302552,157,500-1000,100+
38788f5c45725b2c3cd6d8749c964b4f,38788f5c45725b2c3cd6d8749c964b4f,545,0.8893174228843199,0.7093165516853333,0.0969721217493,138,500-1000,100+
00ee592a9a217a6b434512a65e081696,00ee592a9a217a6b434512a65e081696,520,0.8640251976893498,0.8889820575714111,0.1403803654162738,137,500-1000,100+
74061725e3b042c454852074c415f934,74061725e3b042c454852074c415f934,623,0.8156930508315086,0.508465588092804,0.1872786950631735,123,500-1000,100+
01c88cea32611e1ac2213893205247be,01c88cea32611e1ac2213893205247be,994,0.8129430940309521,0.6775749921798706,0.147505038181019,141,500-1000,100+
d3a7a3b56d8e74ee9a505a84f43bb06b,d3a7a3b56d8e74ee9a505a84f43bb06b,771,0.814902469595428,0.566087007522583,0.1336430818029681,146,500-1000,100+
08ef2478737f863b9ffacd86ab383540,08ef2478737f863b9ffacd86ab383540,984,0.8267251809244233,0.7613628506660461,0.0956433421802202,103,500-1000,100+
b3b2507ed6af476eb8dde21fa6b93a6e,b3b2507ed6af476eb8dde21fa6b93a6e,798,0.8098420168941182,0.5356875658035278,0.1022012267593883,300,500-1000,100+
3adb1b7475cb31df98ce0d704079669f,3adb1b7475cb31df98ce0d704079669f,820,0.8361759878251611,0.6613649725914001,0.1047818805033519,492,500-1000,100+
c3810846e4bff464505372130b133d8a,c3810846e4bff464505372130b133d8a,740,0.8026029275172465,0.6112104058265686,0.1905552323267681,213,500-1000,100+
e8f4869b6d7f259fe0c47cec38934a9e,e8f4869b6d7f259fe0c47cec38934a9e,998,0.8455054861462427,0.6105111241340637,0.0874649519843746,138,500-1000,100+
6316b222f7f393ca2078a330a5dec964,6316b222f7f393ca2078a330a5dec964,658,0.8370606319810119,0.8384826183319092,0.1818513873670006,107,500-1000,100+
dc659c9bd67c4894b4f7c05e064220ee,dc659c9bd67c4894b4f7c05e064220ee,705,0.856020098097781,0.5879336595535278,0.0798890565430974,247,500-1000,100+
b993e818a1a19eb51fbbe7766b628628,b993e818a1a19eb51fbbe7766b628628,992,0.8594567288121869,0.7902248501777649,0.1177859369359844,149,500-1000,100+
6319e857084bcf76e86a09fc608c23cb,6319e857084bcf76e86a09fc608c23cb,804,0.8731999489086778,0.5788394808769226,0.1078663066388815,167,500-1000,100+
aaf3ad84cf26c5f921298f2849f3512b,aaf3ad84cf26c5f921298f2849f3512b,617,0.8502126275469071,0.8207032680511475,0.206609561236692,132,500-1000,100+
281147cd09e130c0fb4578684d55f666,281147cd09e130c0fb4578684d55f666,716,0.8141246086525517,0.5126901865005493,0.1635750819314471,176,500-1000,100+
6d35acfc3a9387fec7eaf4e5143d2ef0,6d35acfc3a9387fec7eaf4e5143d2ef0,621,0.8165709871485614,0.5053321719169617,0.1250384160736276,327,500-1000,100+
a2f03cee064452427d423a3a6be65a45,a2f03cee064452427d423a3a6be65a45,677,0.8043957805492677,0.5680726170539856,0.1967817396708138,197,500-1000,100+
065e0206d1ed0b1366424e4828f73d3e,065e0206d1ed0b1366424e4828f73d3e,877,0.8379148651392729,0.8673422932624817,0.1955538549423091,121,500-1000,100+
ba03fe0e5977e61e96fb880e3553d107,ba03fe0e5977e61e96fb880e3553d107,981,0.8011660195174689,0.6396461725234985,0.2004718488268805,133,500-1000,100+
9870ea465a27d57bf088dc3dfd3702f8,9870ea465a27d57bf088dc3dfd3702f8,529,0.8368554877153191,0.6726201176643372,0.1044692066218829,840,500-1000,100+
c84a9f88463171d6177a963566f90c98,c84a9f88463171d6177a963566f90c98,937,0.8424078937070475,0.8345560431480408,0.1479365254149863,271,500-1000,100+
e6dc831a3c892c69301b3ff38ed77798,e6dc831a3c892c69301b3ff38ed77798,750,0.8195341925557454,0.512337327003479,0.1688845545402175,215,500-1000,100+
38b700e135e5885c59382a1c2e917b32,38b700e135e5885c59382a1c2e917b32,815,0.8077364323387848,0.5845538377761841,0.1316141198112617,152,500-1000,100+
3f2a1e3259055b1e9523e6ed196f0b15,3f2a1e3259055b1e9523e6ed196f0b15,814,0.8445853325893018,0.5980157852172852,0.1264653441489514,176,500-1000,100+
5017f7be256fd10000df9118f8acc3c2,5017f7be256fd10000df9118f8acc3c2,608,0.8733998484987961,0.7954971194267273,0.0842698323729467,215,500-1000,100+
ba077c87cf8173bb93b0ab7c6f6e9f4f,ba077c87cf8173bb93b0ab7c6f6e9f4f,977,0.8223835889490259,0.5092419981956482,0.1296951853096175,164,500-1000,100+
30531db17cde66d7f66f987b0702d811,30531db17cde66d7f66f987b0702d811,679,0.8236222702273563,0.5852175951004028,0.1145416666187811,190,500-1000,100+
dc58d2618febdffc5894300a7a4e104e,dc58d2618febdffc5894300a7a4e104e,831,0.8062563551662918,0.7779702544212341,0.1573593173040653,102,500-1000,100+
718e9cc572330590efa36d325d7bcd73,718e9cc572330590efa36d325d7bcd73,524,0.8465627398745704,0.6113414168357849,0.1139958532737771,105,500-1000,100+
02b894a607382598a4eab1c56d3699d2,02b894a607382598a4eab1c56d3699d2,699,0.8592841955247696,0.8655018210411072,0.1884890065277394,151,500-1000,100+
c8461385038f0dcc2134fce212e888b9,c8461385038f0dcc2134fce212e888b9,864,0.8288780660320211,0.619430661201477,0.1386889144347032,121,500-1000,100+
078a7e19257dace0194aa01392db1add,078a7e19257dace0194aa01392db1add,821,0.8204789030188909,0.5779947638511658,0.1480996068977705,1094,500-1000,100+
5c1b74ab77590371c9768fa4db4c21e2,5c1b74ab77590371c9768fa4db4c21e2,1000,0.8156797077560425,0.6089493632316589,0.1022567103499428,154,500-1000,100+
7f67c1a41d150446ebe2620c4e65f346,7f67c1a41d150446ebe2620c4e65f346,750,0.8861305517069499,0.5936822891235352,0.0805409224880865,1217,500-1000,100+
502370800ffd5930505eb8f1a560a152,502370800ffd5930505eb8f1a560a152,536,0.8716585473160245,0.8642536997795105,0.172263800683796,194,500-1000,100+
723fea64e7c319bc914bf50e98941212,723fea64e7c319bc914bf50e98941212,972,0.8246945080148831,0.8092306852340698,0.1172285223818848,129,500-1000,100+
c8ed69a10abb45f17634d415322b8955,c8ed69a10abb45f17634d415322b8955,982,0.8501839454790725,0.6479381322860718,0.1181715608980864,1157,500-1000,100+
f6bf196194ba688dc08da364f5ba5763,da4d0920aa8ba8bd9167960c6a9dcc98,1000,0.8545521382904053,0.8430259823799133,0.1222497682324822,362,500-1000,100+
38be9c42062ae860427c14dc5f136268,38be9c42062ae860427c14dc5f136268,547,0.8437174286920802,0.62546306848526,0.1163408346593849,128,500-1000,100+
6314434af20d8f4f70199f494563d134,6314434af20d8f4f70199f494563d134,500,0.8095398211288451,0.5503715872764587,0.160438812508135,125,500-1000,100+
c679e202d55f2e1760c772d4f7932708,c679e202d55f2e1760c772d4f7932708,519,0.8187676849365235,0.7161284685134888,0.1924004195769242,112,500-1000,100+
08e9dc9a439433668678c22243a9f908,08e9dc9a439433668678c22243a9f908,708,0.8110648375850613,0.6347542405128479,0.1438026568012711,106,500-1000,100+
3df9ab1eb27c0ef569c309e881499d08,3df9ab1eb27c0ef569c309e881499d08,702,0.8062834747836121,0.7690020799636841,0.166935166096726,359,500-1000,100+
8e85453c7847efa11383f33bf6200d9f,8e85453c7847efa11383f33bf6200d9f,995,0.8733244068011566,0.8202629089355469,0.100108163234285,122,500-1000,100+
e2d1dd2d41dd25998938e56f793722af,e2d1dd2d41dd25998938e56f793722af,993,0.8194143685017228,0.8045618534088135,0.1530112752512177,104,500-1000,100+
3ad945a72c2ca227e1cdb66c94183a47,3ad945a72c2ca227e1cdb66c94183a47,776,0.8211160401708072,0.6129876375198364,0.1195473311343193,397,500-1000,100+
02b7e6ffabdb22a335113e369042755e,02b7e6ffabdb22a335113e369042755e,991,0.8256402568643918,0.7145707011222839,0.1449991996500996,154,500-1000,100+
a299276a461b465f4a34fe82c5bc213b,a299276a461b465f4a34fe82c5bc213b,521,0.8519486425842754,0.8348190784454346,0.1845970259710031,116,500-1000,100+
4003564d8663c453ddf289c55249d4f0,4003564d8663c453ddf289c55249d4f0,534,0.8080254849066002,0.6193199753761292,0.1668317729031356,134,500-1000,100+
00f0b46f4949f39465fb20be58e83711,00f0b46f4949f39465fb20be58e83711,523,0.8113645068546098,0.5733870267868042,0.1690798250033112,335,500-1000,100+
7195c60fdef949c89d56b638ae75517e,7195c60fdef949c89d56b638ae75517e,978,0.8073655633789873,0.7992085814476013,0.1496163887359549,124,500-1000,100+
d17a4b34c1825796c1d8372e1ae17f93,d17a4b34c1825796c1d8372e1ae17f93,961,0.8080333316338546,0.7643993496894836,0.1038034483127235,104,500-1000,100+
02765d833eedfa85938df71a421dc6d9,02765d833eedfa85938df71a421dc6d9,999,0.8385228655550692,0.8364347219467163,0.170174375128162,173,500-1000,100+
e1c33939f8d22ff528b6a275ec015eef,e1c33939f8d22ff528b6a275ec015eef,1000,0.822177523021698,0.8687596321105957,0.1190297432338662,342,500-1000,100+
da36533aa726236561b4a1bf05e6379d,da36533aa726236561b4a1bf05e6379d,538,0.8031418892530704,0.7769553661346436,0.1544733731599925,105,500-1000,100+
00f514a43b90b858589a0c05866e18e4,00f514a43b90b858589a0c05866e18e4,603,0.8758668637947855,0.5529428124427795,0.1055529800117342,146,500-1000,100+
9874d2efd97bc1843cd4c9424246cd45,9874d2efd97bc1843cd4c9424246cd45,711,0.8083904951768921,0.5154821872711182,0.1596482231449556,397,500-1000,100+
79c5be2a83ee1cb8133f86e88cc61eb4,79c5be2a83ee1cb8133f86e88cc61eb4,1000,0.8296067114639283,0.841498613357544,0.1314901158782319,113,500-1000,100+
30524ba82741060539b165811a4fd208,30524ba82741060539b165811a4fd208,998,0.8049878053149144,0.5337595343589783,0.1503375213039728,266,500-1000,100+
e6e0c31c017b165be44617313f84a279,e6e0c31c017b165be44617313f84a279,629,0.8047639691545398,0.801538348197937,0.1849537689121681,116,500-1000,100+
5d36796b67a63bdc25b1805a7cde7026,5d36796b67a63bdc25b1805a7cde7026,798,0.8250940789913475,0.718170702457428,0.1228093455879562,105,500-1000,100+
a743d79b2326c003bc1b36e7cea418b9,a743d79b2326c003bc1b36e7cea418b9,998,0.8217467919810262,0.6854557394981384,0.1182746909127551,159,500-1000,100+
01ce2572d28655f1548dfaa67f29c16c,01ce2572d28655f1548dfaa67f29c16c,994,0.8043097634766423,0.6535863280296326,0.1417017339548372,422,500-1000,100+
d286330eaf141249f0da8df5c343a888,d286330eaf141249f0da8df5c343a888,794,0.9177264789610124,0.7879940271377563,0.1099751968384456,105,500-1000,100+
5df837102f552082f787f79866f380ca,5df837102f552082f787f79866f380ca,751,0.8628914824179739,0.7099260091781616,0.1504602516641269,101,500-1000,100+
aae622a1da507eb64fe2c202ea3554bb,aae622a1da507eb64fe2c202ea3554bb,532,0.8071367124686565,0.7639687657356262,0.1459811417181035,2,500-1000,2-9
304d5c73b7fc15bf5d80cb42ab4257b7,304d5c73b7fc15bf5d80cb42ab4257b7,554,0.8504110001656983,0.8202344179153442,0.0973927009243042,2,500-1000,2-9
d18449e5fadfc8e0b4da01638096b7ed,d18449e5fadfc8e0b4da01638096b7ed,563,0.8249446802156222,0.7018042206764221,0.149211627184104,2,500-1000,2-9
486810e80114cd3126c186d0b443de56,486810e80114cd3126c186d0b443de56,511,0.819933656069164,0.8154674172401428,0.1400074790442663,2,500-1000,2-9
07941b176b7e570796dfbcfd47c7bca1,07941b176b7e570796dfbcfd47c7bca1,527,0.8397979060250849,0.8777843117713928,0.1370695055198139,4,500-1000,2-9
3deb5c693bf9b9cf262f5f58aa4b1c10,3deb5c693bf9b9cf262f5f58aa4b1c10,823,0.8738170000356718,0.8610566258430481,0.0948226677255753,4,500-1000,2-9
23f31a339569b716c01d34648a4e23d4,23f31a339569b716c01d34648a4e23d4,644,0.8034126199698597,0.6189611554145813,0.1630364066603205,4,500-1000,2-9
3f369f84a9ac2e55aef89dd754f1f674,3f369f84a9ac2e55aef89dd754f1f674,511,0.8422866193469024,0.851793110370636,0.0927945242508687,4,500-1000,2-9
08f4ea06161fea38e284ea1466a6f5d1,08f4ea06161fea38e284ea1466a6f5d1,566,0.8811949862692465,0.74551922082901,0.0722592234815089,2,500-1000,2-9
2f97c1d4a956f9e40ba2fd443e18a91b,2f97c1d4a956f9e40ba2fd443e18a91b,836,0.8886619549618954,0.8492565751075745,0.1239454244778998,5,500-1000,2-9
5d36ad5b5503e652896f5dc9cc466b0d,5d36ad5b5503e652896f5dc9cc466b0d,611,0.8180833005514941,0.8416875004768372,0.1086159732527574,3,500-1000,2-9
b6cd94017c9bd63a2b31d820ec280065,b6cd94017c9bd63a2b31d820ec280065,613,0.8071205755236877,0.8547888994216919,0.1888006829828312,3,500-1000,2-9
3898a9338d98f89a2f8d22229124db96,3898a9338d98f89a2f8d22229124db96,625,0.803644555114746,0.8433371186256409,0.1560580919137415,2,500-1000,2-9
718c7dc029d8be34440bdafa0f2a31e4,718c7dc029d8be34440bdafa0f2a31e4,557,0.9056468796516022,0.9255496263504028,0.0564343030471808,2,500-1000,2-9
b99a030da9ad7a64c045bb79ee7db927,b99a030da9ad7a64c045bb79ee7db927,537,0.8739025031432537,0.9098569750785828,0.1071489066736373,2,500-1000,2-9
2a8362f181ba41b7133c92609fdd3383,2a8362f181ba41b7133c92609fdd3383,624,0.8396927473178276,0.87771075963974,0.1539671820420059,3,500-1000,2-9
e8ee72bb4b387f07136e5f5653ee81f7,e8ee72bb4b387f07136e5f5653ee81f7,613,0.8175891131950241,0.8328861594200134,0.1868346255054731,3,500-1000,2-9
078e9e9e7d691753d3ac02cb4c33be32,078e9e9e7d691753d3ac02cb4c33be32,545,0.8679365217576333,0.8720448613166809,0.1053471449040802,5,500-1000,2-9
1749e110de89d23c1a2d2f9c3d584029,1749e110de89d23c1a2d2f9c3d584029,523,0.8149782964513134,0.8344838619232178,0.1591006473878229,8,500-1000,2-9
6d28dc187a9460b4f479c063c8dd5add,6d28dc187a9460b4f479c063c8dd5add,579,0.8080713365979763,0.7342469096183777,0.1722785928686319,2,500-1000,2-9
75a4fa1a9fccf207fab21d64fdd09faf,75a4fa1a9fccf207fab21d64fdd09faf,574,0.8579020823501959,0.8724927306175232,0.1623458448739383,6,500-1000,2-9
3adc1ef48600fee29c018a059437ec53,3adc1ef48600fee29c018a059437ec53,503,0.8543844407690212,0.884613573551178,0.128382189493191,3,500-1000,2-9
485bec312cc9ee2fda8237c3da387ed1,485bec312cc9ee2fda8237c3da387ed1,509,0.8356075353566227,0.8840103149414062,0.1287477380458478,3,500-1000,2-9
058eb920c3d5cb7a68545a858fbca0e8,058eb920c3d5cb7a68545a858fbca0e8,588,0.8914994158712374,0.9188531637191772,0.117652755390283,2,500-1000,2-9
c90a3ec9193e040b7c7233f99a1ac149,c90a3ec9193e040b7c7233f99a1ac149,615,0.8724069638756232,0.8832120299339294,0.0834810320763882,2,500-1000,2-9
c8ea23b10ae0fa2a914559adb66092b9,c8ea23b10ae0fa2a914559adb66092b9,578,0.877325694173265,0.8970329761505127,0.1111456063672418,4,500-1000,2-9
aeac3546f870f232b181e70df3b82f82,aeac3546f870f232b181e70df3b82f82,513,0.8430937430175425,0.8504834175109863,0.1185874380934187,4,500-1000,2-9
3df31ba304deef0e0f1b47b958b19d65,3df31ba304deef0e0f1b47b958b19d65,606,0.8254112803267174,0.8194642066955566,0.1175927828140677,2,500-1000,2-9
edc7d035b5a9865f0a26a42521b776df,edc7d035b5a9865f0a26a42521b776df,519,0.8053204465877114,0.7848108410835266,0.1743751463715666,2,500-1000,2-9
387ce1dcb2a19b73f78a4325f256a53a,387ce1dcb2a19b73f78a4325f256a53a,517,0.800903333741415,0.7707729935646057,0.2061689158249868,3,500-1000,2-9
0736b9e16a788a35d56b650fe80b6c37,0736b9e16a788a35d56b650fe80b6c37,791,0.8403993363989289,0.8452858924865723,0.1249565152317302,2,500-1000,2-9
ea7e42f5abc96ba61589fcdbbbce793c,ea7e42f5abc96ba61589fcdbbbce793c,517,0.8536117213929876,0.8695603013038635,0.1731245989368078,6,500-1000,2-9
6a49040464da9a12b813f74568f615c7,6a49040464da9a12b813f74568f615c7,573,0.8102541833647883,0.7032920122146606,0.1208045887344443,2,500-1000,2-9
8242a416c0822db71623892454d53830,8242a416c0822db71623892454d53830,598,0.8123726486282604,0.8437244892120361,0.1940090364075843,5,500-1000,2-9
c38b0915121668167d65673efb5a87f5,c38b0915121668167d65673efb5a87f5,520,0.8015268227137052,0.7946810126304626,0.1612776449032872,2,500-1000,2-9
82489591881b64d5c77081a64e20feec,82489591881b64d5c77081a64e20feec,519,0.8059990028425449,0.8388724327087402,0.1298434583411982,2,500-1000,2-9
08f5a0ddaeb242e4b48db08c7f0e5357,08f5a0ddaeb242e4b48db08c7f0e5357,688,0.8641105400129806,0.7024642825126648,0.1527433428354737,6,500-1000,2-9
79c663920ce1a76aea5f885c5f878890,79c663920ce1a76aea5f885c5f878890,538,0.8938412757079398,0.894702136516571,0.1456150828177976,4,500-1000,2-9
71979f84812023d0e27660cb9734554e,71979f84812023d0e27660cb9734554e,619,0.8759024416379667,0.8596891760826111,0.1250843735892716,4,500-1000,2-9
389bd9fca28440c26af1c81f0d618d13,389bd9fca28440c26af1c81f0d618d13,539,0.8063484854689333,0.768909752368927,0.1225080617634203,2,500-1000,2-9
71904e7b56f62d14453946606d943f42,71904e7b56f62d14453946606d943f42,523,0.8543129556630354,0.9000581502914429,0.1022341012383582,3,500-1000,2-9
5c0fba12a40276ede092173da256c600,5c0fba12a40276ede092173da256c600,747,0.8214701544009698,0.8605736494064331,0.1865310487476939,2,500-1000,2-9
3357b6c829e640c17d122a478daf338d,3357b6c829e640c17d122a478daf338d,532,0.8296875873723424,0.8880338668823242,0.1713199654940333,3,500-1000,2-9
5dec143334a41a468674139c53969bda,5dec143334a41a468674139c53969bda,594,0.8093121979132245,0.7479692101478577,0.1478574656499263,4,500-1000,2-9
6a4ceee08a9e389217fd4a9e46ffd7fe,6a4ceee08a9e389217fd4a9e46ffd7fe,963,0.8049663872089959,0.740067183971405,0.1537735389840567,4,500-1000,2-9
da36131ccfc1450876de00d72e0acf5b,da36131ccfc1450876de00d72e0acf5b,748,0.8265991353733655,0.8816612958908081,0.1641739075905136,2,500-1000,2-9
ea7733be757ef01e58ddc8ed309cc75a,ea7733be757ef01e58ddc8ed309cc75a,755,0.8197818823302818,0.6981863975524902,0.1160838739699334,5,500-1000,2-9
ec23c895f3a312e2a589e9bd6a039b6d,ec23c895f3a312e2a589e9bd6a039b6d,549,0.8064503105872316,0.8667963743209839,0.1516541384165364,2,500-1000,2-9
e04fd3cd316e695d7bdce3ea1a409ba1,e04fd3cd316e695d7bdce3ea1a409ba1,537,0.8219096580164392,0.5153986811637878,0.131384615871772,2,500-1000,2-9
7237b3a1d9e94a6055e74172d29d16c7,7237b3a1d9e94a6055e74172d29d16c7,628,0.8748888326146801,0.8100936412811279,0.097661086892824,6,500-1000,2-9
073c2c76e018381a2a59ef6596c72a5d,073c2c76e018381a2a59ef6596c72a5d,885,0.8232463306060619,0.8485152721405029,0.1365973895627099,2,500-1000,2-9
e1b8e1efdfae4acc05b7cd7147ea8f26,e1b8e1efdfae4acc05b7cd7147ea8f26,585,0.8208642185895871,0.8170179724693298,0.2318711425621529,2,500-1000,2-9
08f5788b2de4ab7354ad11dc6305505b,08f5788b2de4ab7354ad11dc6305505b,538,0.8304733941812055,0.8454709649085999,0.1481261068295827,2,500-1000,2-9
5dee9a3990460a31570b4818cad44b9e,5dee9a3990460a31570b4818cad44b9e,511,0.8810535973625407,0.8917299509048462,0.1246388928783117,2,500-1000,2-9
2c7952f572e518e950ff9271f14757b3,2c7952f572e518e950ff9271f14757b3,585,0.845033319522173,0.6825616955757141,0.1024938798417143,3,500-1000,2-9
a298735e988e81c905dd552cc921e2a3,a298735e988e81c905dd552cc921e2a3,514,0.8041032697625661,0.8447204828262329,0.1650842423337895,4,500-1000,2-9
dc5a9af23bbd5ff7c74efdfaecf62fa4,dc5a9af23bbd5ff7c74efdfaecf62fa4,570,0.8269676908861127,0.7934388518333435,0.1494043598178629,2,500-1000,2-9
e46914f971aaeb7278767c88d810ba31,e46914f971aaeb7278767c88d810ba31,610,0.8599299300459564,0.827887237071991,0.1586280314999477,3,500-1000,2-9
7034409e51560a4c125dbe196773baaf,7034409e51560a4c125dbe196773baaf,690,0.8030638198299684,0.8337621688842773,0.1268049152211774,2,500-1000,2-9
5c140be95d547aef8ef1eb5d416f08c3,5c140be95d547aef8ef1eb5d416f08c3,770,0.8130523398510822,0.7789748907089233,0.1339671574801499,5,500-1000,2-9
986c257e6e3af0514e5c7d0fbafdca11,986c257e6e3af0514e5c7d0fbafdca11,512,0.826092257425189,0.7918498516082764,0.1701747106786998,4,500-1000,2-9
b3a83a3323f5d25acb10b9d451c4d7fb,b3a83a3323f5d25acb10b9d451c4d7fb,505,0.8814192319813341,0.8072966933250427,0.0626763194887558,4,500-1000,2-9
73fbe63b61ad748a50d355d6ff6b1e63,73fbe63b61ad748a50d355d6ff6b1e63,713,0.8095797393231706,0.5224744081497192,0.1369904732269991,2,500-1000,2-9
e8f289336985f2bc28b02160c5d8d6eb,e8f289336985f2bc28b02160c5d8d6eb,642,0.8224896177844466,0.7341579794883728,0.1270194867243767,4,500-1000,2-9
3047b2b12413fe4657e72bacdd61de18,3047b2b12413fe4657e72bacdd61de18,929,0.805877475594807,0.5577050447463989,0.1491959962550152,3,500-1000,2-9
e1bfdade3fcd5a4eaa5cde2e60c5f5e9,e1bfdade3fcd5a4eaa5cde2e60c5f5e9,557,0.818214748800336,0.5353252291679382,0.1006497006760946,2,500-1000,2-9
d1a429bbe14db303df913a9e5264f618,d1a429bbe14db303df913a9e5264f618,532,0.8122462244679157,0.8716816902160645,0.1897832544850233,2,500-1000,2-9
648927df310ca29d854ca2a8cd7372b8,648927df310ca29d854ca2a8cd7372b8,881,0.8220084764305227,0.5390118956565857,0.1030212399198071,3,500-1000,2-9
c90c6d3b921d3828dda2057c2abe2234,652b0c23420e9a53e711eb59b2226ae1,508,0.8260892263547642,0.7471551299095154,0.1349413877193995,6,500-1000,2-9
3054b9afd0dd81d4a02c4321a70507ec,3054b9afd0dd81d4a02c4321a70507ec,551,0.8905000759339375,0.6649191379547119,0.0886477663525851,2,500-1000,2-9
d39f71d850fbd0f5c07d9ef9df27c3a9,d39f71d850fbd0f5c07d9ef9df27c3a9,740,0.8215929207672944,0.8455402851104736,0.1470806649368671,3,500-1000,2-9
ac1301b5a8fa82fc677a2eaf830ab440,ac1301b5a8fa82fc677a2eaf830ab440,659,0.8560796720883915,0.8973357081413269,0.105964934093825,8,500-1000,2-9
6d33df2435717af5fd0d001b190bcbb9,6d33df2435717af5fd0d001b190bcbb9,573,0.8139904138721512,0.8730137348175049,0.1293427446958706,2,500-1000,2-9
3df6626ec194a421d4cc969b3670fd2d,3df6626ec194a421d4cc969b3670fd2d,892,0.8196805470727484,0.6858803629875183,0.1315867940073124,2,500-1000,2-9
5d457bb627151ab9c9582db29fb81a6a,5d457bb627151ab9c9582db29fb81a6a,530,0.8312440253923523,0.7424021363258362,0.1617051907509979,3,500-1000,2-9
38c11fab5742480bc63890152e416d9e,38c11fab5742480bc63890152e416d9e,902,0.8396277808297234,0.6838292479515076,0.1093119789251639,9,500-1000,2-9
aaeed2518689f11a04f328a39ecd1d1e,aaeed2518689f11a04f328a39ecd1d1e,606,0.8154438171764411,0.5318795442581177,0.0934950406168018,5,500-1000,2-9
ea81378b673223ee125d84dacece3c11,ea81378b673223ee125d84dacece3c11,945,0.8106280132475354,0.7466540932655334,0.108363071449982,8,500-1000,2-9
6f9e19ad0d62ecc596e5616d96007b3b,6f9e19ad0d62ecc596e5616d96007b3b,762,0.8110468579089547,0.8455865979194641,0.1976970071719568,8,500-1000,2-9
dac500499c8310d0f347560f1e592e24,dac500499c8310d0f347560f1e592e24,543,0.8266988286392464,0.8024600148200989,0.1271826973612199,3,500-1000,2-9
059277871e71a5c1997cb01aeaf1b695,059277871e71a5c1997cb01aeaf1b695,597,0.8329354458398356,0.69455885887146,0.1164589521241366,7,500-1000,2-9
0792f091ae1a0244d50a8b2719cfd571,0792f091ae1a0244d50a8b2719cfd571,553,0.8499294834930253,0.8881048560142517,0.1370961167998102,5,500-1000,2-9
e6d3e4eaf0bb296185ae108c9ab7166c,e6d3e4eaf0bb296185ae108c9ab7166c,678,0.8062443754314321,0.8615245819091797,0.1828041312992397,2,500-1000,2-9
8aef17ae30b34953bb6e2db1dfdf7f29,8aef17ae30b34953bb6e2db1dfdf7f29,554,0.8618781210283081,0.8650360107421875,0.0923080904738423,4,500-1000,2-9
400c021baf1565b404d9350ccab8ab56,400c021baf1565b404d9350ccab8ab56,557,0.8412998700783967,0.7575225830078125,0.0841373595204864,4,500-1000,2-9
98721cf48ce2c4915401926e4d311e5e,98721cf48ce2c4915401926e4d311e5e,617,0.8710062957466904,0.8991574645042419,0.126754557071465,9,500-1000,2-9
3366d2c53ae0ed0e6f21b5ef0325f2c9,3366d2c53ae0ed0e6f21b5ef0325f2c9,534,0.8353724354661806,0.864243745803833,0.1358637253021279,2,500-1000,2-9
02bf82accf896740508800fc516ef68a,02bf82accf896740508800fc516ef68a,712,0.8064335375957274,0.8455384373664856,0.2066263232588299,2,500-1000,2-9
065e541ee44dba0e013fb69b3d176f61,065e541ee44dba0e013fb69b3d176f61,574,0.8432978780925897,0.6627476811408997,0.1281432428600566,6,500-1000,2-9
50f44d9c9f19f706fbdb0bbda1be31a4,50f44d9c9f19f706fbdb0bbda1be31a4,573,0.8175605177421637,0.8735460042953491,0.1303313684402122,3,500-1000,2-9
3365a898ceec292740369bc1f2ad725e,3365a898ceec292740369bc1f2ad725e,656,0.832541704352309,0.8490923643112183,0.1225465092094262,3,500-1000,2-9
aead46df5b605a667cc1104a3d9dd1a0,aead46df5b605a667cc1104a3d9dd1a0,746,0.8146599641242551,0.9092261791229248,0.1319803333171308,3,500-1000,2-9
f6c13923c14a0be12cb24d7195bcab7b,f6c13923c14a0be12cb24d7195bcab7b,572,0.8100675789626328,0.7715868353843689,0.1348617156351381,8,500-1000,2-9
703402b1ed89afb9f24de7abfaf78fdc,703402b1ed89afb9f24de7abfaf78fdc,545,0.8340699646276072,0.617902934551239,0.1320786916066364,2,500-1000,2-9
3890720d8e2bc0b219e46880c9d19215,3890720d8e2bc0b219e46880c9d19215,514,0.8815276631307046,0.867960512638092,0.0743713244512334,2,500-1000,2-9
38b9d2d6e706d9d5d3f20e0a9cf1c4e6,38b9d2d6e706d9d5d3f20e0a9cf1c4e6,591,0.8043929816179873,0.553206205368042,0.1094009827826026,4,500-1000,2-9
0792377d2a487a2398aaa84b55d0be56,0792377d2a487a2398aaa84b55d0be56,507,0.8687582891039124,0.9195764660835266,0.1294304738941836,8,500-1000,2-9
75a524c6516e519ca357b2ee3e9d1567,75a524c6516e519ca357b2ee3e9d1567,521,0.8954159920778476,0.7287663817405701,0.0839860452325751,2,500-1000,2-9
e7f7a957c8fae587da9f05744de35d0f,e7f7a957c8fae587da9f05744de35d0f,645,0.8050940498233765,0.8318425416946411,0.1414532134662108,3,500-1000,2-9
aa54a10247c4d179697e026e9875c646,aa54a10247c4d179697e026e9875c646,701,0.8680557602788513,0.8821777701377869,0.1271688730556428,2,500-1000,2-9
ce328a20ff7d68b5187e52029871f99f,ce328a20ff7d68b5187e52029871f99f,584,0.8066531591219445,0.6326882839202881,0.1667376223956223,2,500-1000,2-9
07873af5aad6467669de9b1a4c2e5b59,07873af5aad6467669de9b1a4c2e5b59,789,0.8147074884334897,0.867452085018158,0.1774789116301527,8,500-1000,2-9
5df5e7f03938c284b4c62968128b477c,5df5e7f03938c284b4c62968128b477c,536,0.8357616899618462,0.6101347208023071,0.1284659971238432,6,500-1000,2-9
58254ea0993a1819d7b164731a75754a,58254ea0993a1819d7b164731a75754a,981,0.8166593602770572,0.8984225392341614,0.1486759361772358,4,500-1000,2-9
02bf1414be8a7527acb1849398f7657c,02bf1414be8a7527acb1849398f7657c,582,0.8019027646054927,0.8499863743782043,0.1967817167208751,3,500-1000,2-9
18fdb12b05635086c2ca4fe6b73fc839,18fdb12b05635086c2ca4fe6b73fc839,909,0.8396711983591548,0.631780207157135,0.1515508645942671,2,500-1000,2-9
8245c7482fac35fa88b1bfb72a3698a0,8245c7482fac35fa88b1bfb72a3698a0,522,0.800048153354747,0.7459014058113098,0.1662557208246733,2,500-1000,2-9
0795ae82fa7935438d0a5477c5eb2026,0795ae82fa7935438d0a5477c5eb2026,527,0.8798529488854888,0.8864040970802307,0.1399879520598341,3,500-1000,2-9
d28efcd333c93b64f8ba0c4d5f9eb907,d28efcd333c93b64f8ba0c4d5f9eb907,672,0.8721175656432197,0.8545726537704468,0.1237419464216384,2,500-1000,2-9
647d7e3368615e1941769fb99afa0001,647d7e3368615e1941769fb99afa0001,539,0.8135993196703286,0.7876984477043152,0.1477873290108198,2,500-1000,2-9
c8ed0c92f8730aa4e97d2f3d25c4e975,c8ed0c92f8730aa4e97d2f3d25c4e975,527,0.8490238192592672,0.6090000867843628,0.0927090800623563,3,500-1000,2-9
e6dcbc8428b81f363721b7d209ef8a3a,e6dcbc8428b81f363721b7d209ef8a3a,520,0.807512014902555,0.803943932056427,0.1267401175748519,7,500-1000,2-9
3ea1f03174b579ce42a23f1dc140e35a,3ea1f03174b579ce42a23f1dc140e35a,181,0.8866918241384938,0.8870542645454407,0.1180636338231092,13,60-249,10-99
5a9327d4a56a78cda3ea701b8276e4f7,5a9327d4a56a78cda3ea701b8276e4f7,137,0.8315393492427186,0.7256910800933838,0.1990110789550156,18,60-249,10-99
c84a5cf6e11269c6c2090174baf9e85e,c84a5cf6e11269c6c2090174baf9e85e,159,0.8332304543069324,0.7968650460243225,0.1424772800598763,14,60-249,10-99
b6d0bd2831b6f22c51e43c304ce96dee,b6d0bd2831b6f22c51e43c304ce96dee,187,0.8164584935030197,0.7905533313751221,0.2102593320085098,24,60-249,10-99
c8e83da13da7f2b05a2b33ec13cc394c,c8e83da13da7f2b05a2b33ec13cc394c,149,0.8487180535745301,0.7624438405036926,0.1490607480053948,19,60-249,10-99
3df32a8eee8e4c1a7cb29f8d389eee28,e711e6a668bc4fc188f2df5985da2807,146,0.8291735231059871,0.7179312109947205,0.1133689708953458,16,60-249,10-99
ac130b657f97bad9031bcc1a6c767002,1538d7609ff1e55dffc27812386a40ec,135,0.814825681898329,0.7711938619613647,0.0901220453596306,14,60-249,10-99
7037dc70fcba5877d67daaef665289af,7037dc70fcba5877d67daaef665289af,139,0.8029030076719874,0.8109805583953857,0.1247208099960898,13,60-249,10-99
d17b7e91ed8982f6b37a1b4122aeb4b2,d17b7e91ed8982f6b37a1b4122aeb4b2,184,0.8014288009767947,0.776098370552063,0.1941224253104641,11,60-249,10-99
dc5d0956753a1192bfe16e8c9debb3a4,dc5d0956753a1192bfe16e8c9debb3a4,245,0.8271823563867686,0.798430860042572,0.1503400698179728,10,60-249,10-99
dc6427d3e0bb63f0ea280e099ace1bab,dc6427d3e0bb63f0ea280e099ace1bab,177,0.8209663229473567,0.6974958777427673,0.1918513308979465,10,60-249,10-99
6873db55ea6097df94f72b0c0dbe7a2a,6873db55ea6097df94f72b0c0dbe7a2a,151,0.8196674324187222,0.8158464431762695,0.1622292639081707,17,60-249,10-99
08f6164245f237b17956957e896a9e24,04f8f76ff0d98bdf60c82441f2431bbf,215,0.8985533254756484,0.8943283557891846,0.1272378492969627,85,60-249,10-99
d17a7503f0c8f09d9c1f9035450f3851,d17a7503f0c8f09d9c1f9035450f3851,206,0.8528045426526115,0.862375020980835,0.1155806919085539,10,60-249,10-99
b995974eb7da9ef16208e4663b16d0df,b995974eb7da9ef16208e4663b16d0df,142,0.9104588798737862,0.9045716524124146,0.047602659876978,12,60-249,10-99
08ed14ae3ad6e6da74a599d7bdd68db4,08ed14ae3ad6e6da74a599d7bdd68db4,236,0.8946667640492068,0.8802179098129272,0.1106720081806319,17,60-249,10-99
aa0ed7c3a81b949cd595357bfbff3783,aa0ed7c3a81b949cd595357bfbff3783,187,0.8403516379779673,0.8451438546180725,0.1530639328051828,12,60-249,10-99
b6c5fce4a7751e328c892f8068610641,b6c5fce4a7751e328c892f8068610641,181,0.8509380389050226,0.8501649498939514,0.1149757908806107,25,60-249,10-99
e052f2b89b380d885a719b40f5afc9d4,e052f2b89b380d885a719b40f5afc9d4,184,0.8028511262976604,0.5377480983734131,0.0840327292678608,19,60-249,10-99
69e78afb8a60d56f5eef0c953d96b3ab,69e78afb8a60d56f5eef0c953d96b3ab,213,0.8403778951940402,0.7844171524047852,0.0927676467287434,11,60-249,10-99
08e969180acc21ed906167f6bd2633ed,08e969180acc21ed906167f6bd2633ed,212,0.8029209540025244,0.7859464883804321,0.1545608720221491,10,60-249,10-99
631a41a7af44ee29851795ff51b7f127,631a41a7af44ee29851795ff51b7f127,239,0.817796541477347,0.8596153855323792,0.1405337108777181,10,60-249,10-99
3f28f2618e2a3c84b2583a1b585dcdfe,3f28f2618e2a3c84b2583a1b585dcdfe,240,0.8146372909545899,0.5609922409057617,0.1001884241144714,39,60-249,10-99
ba08731de2edd452485ab70b6f7fba8b,ba08731de2edd452485ab70b6f7fba8b,114,0.8246428071406849,0.7893826961517334,0.0600118616282737,11,60-249,10-99
c6688ba42857326b0610b66e614e2106,c6688ba42857326b0610b66e614e2106,151,0.8374444196082109,0.8426095247268677,0.1201930516766237,11,60-249,10-99
d3a4459eeee3b9eaf973e8adfe082d94,d3a4459eeee3b9eaf973e8adfe082d94,247,0.8103936682635474,0.7668707370758057,0.1539570631200502,18,60-249,10-99
4a366a0be1119ced018ca213c50163cb,4a366a0be1119ced018ca213c50163cb,232,0.8400984239578247,0.8224287629127502,0.1535863393400318,12,60-249,10-99
063527773347a4b40d16bc999181c4b5,063527773347a4b40d16bc999181c4b5,160,0.8308700387477874,0.813758373260498,0.1070167766547333,26,60-249,10-99
028575f658e538de2a3b9bc57a8a3931,028575f658e538de2a3b9bc57a8a3931,201,0.8513523745180955,0.5448305010795593,0.1044439659209233,23,60-249,10-99
4a347a907ecc8028c46cf2d707ea4b66,4a347a907ecc8028c46cf2d707ea4b66,150,0.8128190078735352,0.7999013662338257,0.1474901801322945,10,60-249,10-99
8e8488d66de3a858d184465373ccdc40,8e8488d66de3a858d184465373ccdc40,169,0.8222215442544609,0.7885351181030273,0.208089372763994,10,60-249,10-99
94728b31a622029ebb96a553ca4cc7e5,94728b31a622029ebb96a553ca4cc7e5,187,0.8304580331486178,0.8627712726593018,0.1669062769481837,12,60-249,10-99
5c1a5ab6546b60d8d90f3d08f0e1585b,5c1a5ab6546b60d8d90f3d08f0e1585b,243,0.8590053200427397,0.8757961988449097,0.114304575618687,12,60-249,10-99
c8e95bc1f87f55b8bf13d70947c0866d,c8e95bc1f87f55b8bf13d70947c0866d,244,0.8603035765788595,0.8807569742202759,0.1083903453268723,10,60-249,10-99
2f9ea3af81552eafc16c3a81de77977f,2f9ea3af81552eafc16c3a81de77977f,178,0.8336908471182491,0.505631148815155,0.0822186861439842,12,60-249,10-99
1900d4c84980725410afc36784303b39,15ed61815abebcad9c8e580c5ed310d5,95,0.9004317647030479,0.8154289126396179,0.0430389947536052,10,60-249,10-99
c8448be8431bbe73b6d3138eff80e4f9,c8448be8431bbe73b6d3138eff80e4f9,191,0.8413060820414757,0.8145063519477844,0.0905581112600519,15,60-249,10-99
6ed87ac0531f2b7ff29acf2fdd1bca19,5b1759d95d00ab5dc174040e94665cee,137,0.8269488514252822,0.773155152797699,0.1427829872867929,12,60-249,10-99
c38f70e6d7604a92a4b0bea4d8ddfd37,c38f70e6d7604a92a4b0bea4d8ddfd37,193,0.8677845874845673,0.8744609951972961,0.1243564584387816,12,60-249,10-99
6d27e97ab880893b925560e7f7949321,6d27e97ab880893b925560e7f7949321,238,0.8435633281098694,0.6821439266204834,0.1273968181858664,10,60-249,10-99
648cc0596845e8c26770cb40e661f856,648cc0596845e8c26770cb40e661f856,185,0.8940575250161661,0.9196308255195618,0.1012351494061963,11,60-249,10-99
6d31766e3866c8764869c79e2f8394e1,6d31766e3866c8764869c79e2f8394e1,233,0.8162407232456452,0.8203518986701965,0.1591411892321969,22,60-249,10-99
d39f801c7166a741935d64aefa9e3c61,d39f801c7166a741935d64aefa9e3c61,190,0.8700491241655851,0.8740832805633545,0.0965743781103306,15,60-249,10-99
d28a00f15042ecc67f9f51bae760d6f5,d28a00f15042ecc67f9f51bae760d6f5,127,0.8316872147687776,0.7616583704948425,0.162053910298984,13,60-249,10-99
ec2f1c633ba3779f1db7d0c004d1bcc3,ec2f1c633ba3779f1db7d0c004d1bcc3,186,0.8090991133002825,0.7532077431678772,0.1586571744980305,17,60-249,10-99
fd6d18262772635d8f8cfa61c816de1f,fd6d18262772635d8f8cfa61c816de1f,153,0.845966414407967,0.8494806289672852,0.1185090769762061,11,60-249,10-99
7033c9be08e4a6720ebfd4ca351a93a5,7033c9be08e4a6720ebfd4ca351a93a5,211,0.8311437601387783,0.7186903357505798,0.1411826389348895,12,60-249,10-99
71970e362c0e1b88c1dc104cfa84a195,71970e362c0e1b88c1dc104cfa84a195,181,0.8010092001857019,0.7824944853782654,0.2314142693838468,19,60-249,10-99
6308b5c67bf2580ac3d3a58aa4ad7b36,6308b5c67bf2580ac3d3a58aa4ad7b36,232,0.8563737464773244,0.8440597057342529,0.1346536292700934,10,60-249,10-99
c66b0abfce6276529bddcad14803a2de,69ab784e09d7b18745d195c4f27008db,240,0.8549763957659404,0.8288615942001343,0.1178748423687782,16,60-249,10-99
ba03f256dea7fea69e63dc47181baae5,ba03f256dea7fea69e63dc47181baae5,221,0.8008773530985975,0.8276031017303467,0.2044152692903839,24,60-249,10-99
a2f9f2abffd512d7908f3da6da93ea39,a2f9f2abffd512d7908f3da6da93ea39,233,0.8838289119245668,0.8998332023620605,0.1133203237846934,10,60-249,10-99
79c42ad5e438162496b78b0829395548,79c42ad5e438162496b78b0829395548,177,0.8778566047970184,0.8899784684181213,0.1109733166295713,16,60-249,10-99
946f5fcd5893020049656f445bed6890,946f5fcd5893020049656f445bed6890,201,0.8478566808368435,0.7193528413772583,0.0743655701166269,17,60-249,10-99
280f6db156df70a00fb84712858b3817,280f6db156df70a00fb84712858b3817,184,0.8474903964996338,0.7813721895217896,0.19164601626058,10,60-249,10-99
225e298ec06823720369d736974b7feb,225e298ec06823720369d736974b7feb,195,0.8111089993012257,0.7685644626617432,0.1623026519920995,21,60-249,10-99
e1b62294b3c03269b1aee6d77ee99b0d,e1b62294b3c03269b1aee6d77ee99b0d,237,0.8036151749172291,0.8337379097938538,0.1762848773003733,16,60-249,10-99
18fbb83697520356b20744ef4eb3696d,18fbb83697520356b20744ef4eb3696d,230,0.8136061038141665,0.7168211340904236,0.1291634821825381,16,60-249,10-99
aa5a642fe9bdecc2c87d734b132b46f5,63ce04601aa849d79b5f31540c0b0ced,245,0.9035784367152623,0.7785945534706116,0.0620484980266611,10,60-249,10-99
174bc8fd461504a5d62e8806ce264b34,174bc8fd461504a5d62e8806ce264b34,208,0.8288891152235177,0.8050533533096313,0.2101836069560299,30,60-249,10-99
ea762ab89b3ab62c35b0a2d89eca143d,ea762ab89b3ab62c35b0a2d89eca143d,192,0.8085619848966599,0.7843626737594604,0.2114378018627653,17,60-249,10-99
06627794feef40d581fe4ff9194b52ee,06627794feef40d581fe4ff9194b52ee,222,0.8216245080758859,0.8277169466018677,0.1983177431254801,20,60-249,10-99
a7428eb1970669f71e976500e42af98c,a7428eb1970669f71e976500e42af98c,236,0.8218053101685088,0.8251020908355713,0.1738680544397319,10,60-249,10-99
e0586e429a05bac265361889ee1042d3,e0586e429a05bac265361889ee1042d3,199,0.8979860104508137,0.9069380164146424,0.0606811031811109,15,60-249,10-99
3893d28f30cc7dcdcc4779ef66fa3d61,3893d28f30cc7dcdcc4779ef66fa3d61,168,0.816457112403143,0.7553659677505493,0.1383389823616462,22,60-249,10-99
ac1cde65ec6189e99fada9a4a7872a80,ac1cde65ec6189e99fada9a4a7872a80,214,0.8318156533820606,0.8204957842826843,0.1883354751239712,20,60-249,10-99
6ee67c3e674d25a8356824cb8c9506c8,6ee67c3e674d25a8356824cb8c9506c8,151,0.8863032877839953,0.862511157989502,0.1198796894876434,13,60-249,10-99
50f9a5cbc193e8bd9205b838c8c2ab8a,50f9a5cbc193e8bd9205b838c8c2ab8a,163,0.8051151419563527,0.7835443615913391,0.161150921400885,14,60-249,10-99
01caf4af8953c941282d1b29936e9971,01caf4af8953c941282d1b29936e9971,240,0.8439737875461578,0.8646912574768066,0.1714684912301869,10,60-249,10-99
582a6530e8a3c1e7fe29e680725c8ac1,582a6530e8a3c1e7fe29e680725c8ac1,185,0.8675279862687394,0.8906774520874023,0.1130828658918883,17,60-249,10-99
08f541ee2e64f902f1360e061fd851b9,2b8595496ff24cd78efe9c4ad336f95c,139,0.8665552339622442,0.8612447381019592,0.0843831631027508,14,60-249,10-99
2c77a18990e8c9d942b1a304d2f94cbe,2c77a18990e8c9d942b1a304d2f94cbe,196,0.8598819945783032,0.8697145581245422,0.1746338589026621,10,60-249,10-99
0794aac3a7abb3cb289236be816fd406,0794aac3a7abb3cb289236be816fd406,127,0.8686371803283691,0.752104640007019,0.1385545192034021,11,60-249,10-99
aa4faa0e13f8d8d0a3c0cd3a7590266f,aa4faa0e13f8d8d0a3c0cd3a7590266f,220,0.8131480908827348,0.7938052415847778,0.1909680914224701,36,60-249,10-99
d39b76fecf28718d2f63b9157c7e3df5,d39b76fecf28718d2f63b9157c7e3df5,240,0.8193461371262869,0.8422874808311462,0.1784248115379446,16,60-249,10-99
947131a7a5c54652b90c28dba25dad61,947131a7a5c54652b90c28dba25dad61,158,0.8831369750107391,0.8566466569900513,0.1390298854321586,93,60-249,10-99
69e57067810ff2b86a78b5b281f2145d,69e57067810ff2b86a78b5b281f2145d,168,0.8045465539750599,0.7016310095787048,0.1609039740335366,23,60-249,10-99
79be7698bad742f0af02ec4f20244dc5,6236236dc3fcab90ebdc58b7f7d33c27,135,0.833700478165238,0.6396535038948059,0.0855238142042967,14,60-249,10-99
7f71f6d767f6d12c3478ee4a6bd076f8,7f71f6d767f6d12c3478ee4a6bd076f8,68,0.8790785278993495,0.8149320483207703,0.1003310783196348,12,60-249,10-99
4a39be5c5e1b9324d3972e271cea302a,4a39be5c5e1b9324d3972e271cea302a,151,0.8140553548951811,0.7580209970474243,0.184407199022153,28,60-249,10-99
8af28f387b3614e8faa8785d8032a670,8af28f387b3614e8faa8785d8032a670,225,0.8494336182488336,0.856576144695282,0.1653740133645506,10,60-249,10-99
3884267389d42ae3061983f5bb7d3298,3884267389d42ae3061983f5bb7d3298,210,0.8456194397154309,0.8441048264503479,0.1591009814706664,13,60-249,10-99
0669115f6a88ba0aa7bb918710e0373d,0669115f6a88ba0aa7bb918710e0373d,143,0.8028658332024421,0.7831303477287292,0.1658022182195045,12,60-249,10-99
69e9067e9ef236de67f5f5df049fd25f,69e9067e9ef236de67f5f5df049fd25f,179,0.8620100739548326,0.8934279084205627,0.0756056066527316,11,60-249,10-99
6d32ec70d51d5b5ab9f5272d820ec67d,6d32ec70d51d5b5ab9f5272d820ec67d,205,0.802391383938673,0.8040196299552917,0.1947040958371354,20,60-249,10-99
2c77910ac82e266cbfac52ff73d54dc4,2c77910ac82e266cbfac52ff73d54dc4,208,0.8080550168110774,0.7933183312416077,0.1574508555402912,13,60-249,10-99
946d537e682741882d0aded63a2942e6,946d537e682741882d0aded63a2942e6,159,0.8984175551312525,0.8766862750053406,0.1383868810892365,10,60-249,10-99
79c2d30065194e920ea38a605e51a40a,79c2d30065194e920ea38a605e51a40a,164,0.8382047685762731,0.7830788493156433,0.1756140035078608,15,60-249,10-99
ec28c715b800a533c2fca6329b6cf9b1,ec28c715b800a533c2fca6329b6cf9b1,163,0.8090221407369601,0.7743217945098877,0.2044522829062871,30,60-249,10-99
e050d9a0f8d330ff046693ddd2c0e6d2,0e584b81fd327f6fa96960dd09ef607a,191,0.8256171359316841,0.8233159184455872,0.1432827094387732,12,60-249,10-99
400f14d67af0af2685e1af9c0caac2ce,400f14d67af0af2685e1af9c0caac2ce,157,0.8565121792835795,0.8336400389671326,0.1718832755323943,10,60-249,10-99
b6cfd1cd8e45cbbde330c2e293423bc4,b6cfd1cd8e45cbbde330c2e293423bc4,237,0.8948083615202441,0.9152085781097412,0.0886418095287818,10,60-249,10-99
028260379b4c1d2ab3ee59e40a7c494c,028260379b4c1d2ab3ee59e40a7c494c,144,0.8850843710369535,0.7782924771308899,0.0654701454360969,20,60-249,10-99
98746e978b7ec2d978d37e229eda56f0,98746e978b7ec2d978d37e229eda56f0,222,0.8453286776671538,0.8255422115325928,0.2207218391220886,27,60-249,10-99
b98aca16e688a8aaef0179bb9d98968e,b98aca16e688a8aaef0179bb9d98968e,148,0.828004644239271,0.7645770311355591,0.1633056170989195,29,60-249,10-99
82426bf501869c24c1ae5a61b3321bad,82426bf501869c24c1ae5a61b3321bad,235,0.8497538118565336,0.8507505655288696,0.1821320290277445,13,60-249,10-99
335e6db62cf5ecffa208037150d7edea,335e6db62cf5ecffa208037150d7edea,219,0.8638520464614102,0.8588182330131531,0.1372382707781866,37,60-249,10-99
281d5966831ffc070b17db0d426f3cb9,281d5966831ffc070b17db0d426f3cb9,171,0.8134294659352441,0.7883409857749939,0.1544321518978966,11,60-249,10-99
cb22ab1de018463c5589d12b947c87c7,cb22ab1de018463c5589d12b947c87c7,134,0.800982583174065,0.7910114526748657,0.2117897791993001,10,60-249,10-99
50f635b545abcffd4a9ca0d40dd86848,50f635b545abcffd4a9ca0d40dd86848,221,0.8594771871092093,0.8471256494522095,0.1514443135213415,12,60-249,10-99
aa528e3a69e1adb59ba602c58c4f290f,aa528e3a69e1adb59ba602c58c4f290f,222,0.8445055640280783,0.8245550990104675,0.1305570147283963,20,60-249,10-99
b98ee9a11b3b8103c11673aa974ff6e3,b98ee9a11b3b8103c11673aa974ff6e3,238,0.8479722077505929,0.7971784472465515,0.1686648829815251,18,60-249,10-99
22655114396a402143e95d2ac8c5f5c8,22655114396a402143e95d2ac8c5f5c8,165,0.8336115204782197,0.740465521812439,0.1736452965433529,37,60-249,10-99
dac8a967be06e071027888a79219b40c,dac8a967be06e071027888a79219b40c,243,0.8415135668530876,0.805071234703064,0.1532196314612719,11,60-249,10-99
aa1562b2ba6f6deabde0b07958e1d474,aa1562b2ba6f6deabde0b07958e1d474,209,0.8273867122522381,0.8208344578742981,0.1784673241181784,19,60-249,10-99
8452601596d939b9e181e01a0982a44d,8452601596d939b9e181e01a0982a44d,245,0.8980309487167669,0.83624666929245,0.0569011937331904,10,60-249,10-99
b9925ee0a9a709fc27d1f9ec78e75eb5,b9925ee0a9a709fc27d1f9ec78e75eb5,160,0.8271316990852355,0.7844595909118652,0.2066719394203313,11,60-249,10-99
304cb79f68ecaf04adc0f71c1bb9470a,304cb79f68ecaf04adc0f71c1bb9470a,212,0.826391878847806,0.8204161524772644,0.1630064649612418,18,60-249,10-99
e2c58148f2ba9ad82ae315d4a8ea06c4,e2c58148f2ba9ad82ae315d4a8ea06c4,227,0.8958735134107951,0.8951916694641113,0.0999079937845707,10,60-249,10-99
062f46c87f700f67eb95d862d3e04b50,062f46c87f700f67eb95d862d3e04b50,188,0.8091807709348963,0.7844037413597107,0.1716045240647158,15,60-249,10-99
e8f3f9a14704ab93ec67b85260d7db0f,e8f3f9a14704ab93ec67b85260d7db0f,161,0.8740826053500916,0.8702427744865417,0.1053455890374637,10,60-249,10-99
6868815d8b944f757961b2b1ffffa569,6868815d8b944f757961b2b1ffffa569,137,0.8185714019998147,0.7780562043190002,0.1741974484189161,17,60-249,10-99
3043d0070374526e08b15000e66e1cbf,3043d0070374526e08b15000e66e1cbf,212,0.8179782390594482,0.7713932991027832,0.132749256867378,111,60-249,100+
b9feaa491039eec82f93ed251ef68580,b9feaa491039eec82f93ed251ef68580,214,0.8040657752919419,0.749821126461029,0.1844443367997021,101,60-249,100+
d2877211a16af7071af37407ea29aec6,d2877211a16af7071af37407ea29aec6,166,0.8060993991989688,0.7295421957969666,0.1803410945954531,227,60-249,100+
7243bbdae1fe6547e168e0643eb657a3,7243bbdae1fe6547e168e0643eb657a3,134,0.8905230046741999,0.512703537940979,0.0918449903189938,109,60-249,100+
723dd16066df3c057e28ea352aa3508f,723dd16066df3c057e28ea352aa3508f,171,0.8003243998477333,0.6592620015144348,0.1433843099988249,121,60-249,100+
aa17d7a6736907e4168740820659c326,aa17d7a6736907e4168740820659c326,157,0.8006926231627252,0.7799665331840515,0.2066055653614224,129,60-249,100+
ec25ab539a5ff8be5142748fa4a72738,ec25ab539a5ff8be5142748fa4a72738,131,0.8752049936775034,0.5169351100921631,0.130102892147693,203,60-249,100+
986af50cb9f59dd1c6f36f21836de942,986af50cb9f59dd1c6f36f21836de942,219,0.8039272066229555,0.7438533306121826,0.1492055283278764,116,60-249,100+
027d30a3a7ca05752d8752ba364a4851,027d30a3a7ca05752d8752ba364a4851,235,0.8078717549100836,0.717354953289032,0.1722522952024513,120,60-249,100+
5df01d1dbb0ef635eefd86633d7c7886,5df01d1dbb0ef635eefd86633d7c7886,225,0.8763736948649088,0.8861899971961975,0.0725283950798224,180,60-249,100+
4c0078422be76ab3846f2cd55b4a5a7b,4c0078422be76ab3846f2cd55b4a5a7b,244,0.8003459749065462,0.7616835236549377,0.189876748424631,128,60-249,100+
ea7a848abb4f67cd156b7c13356c79a4,9b4b8aeb0a534c80beb1750d7c630ce2,152,0.9235325996499313,0.8898632526397705,0.0933272409636417,121,60-249,100+
38c35d138be909014dade783f469d6e9,38c35d138be909014dade783f469d6e9,248,0.8193782750252754,0.776409924030304,0.1707563321319762,187,60-249,100+
6ee48d33ed864fe1051a4192085da084,6ee48d33ed864fe1051a4192085da084,102,0.8782695796442966,0.5068122148513794,0.1393500950033771,112,60-249,100+
e2d0f57ff873805830b819191771b79c,e2d0f57ff873805830b819191771b79c,241,0.8000376985478698,0.8051680326461792,0.1883096812147568,113,60-249,100+
08e7c407e4905b697fcb67a593ed4ef3,08e7c407e4905b697fcb67a593ed4ef3,226,0.8481423766212126,0.831400990486145,0.1204070938545917,147,60-249,100+
c84ce346d71b484faf8de3f2c32888db,c84ce346d71b484faf8de3f2c32888db,195,0.8207206585223858,0.6956443786621094,0.1583513358356105,120,60-249,100+
648f54a3404de626394789076611bf67,648f54a3404de626394789076611bf67,232,0.8679178349725132,0.7008264660835266,0.0874422878741469,258,60-249,100+
6486ace3d4cc6de14b7f1252e8149533,6486ace3d4cc6de14b7f1252e8149533,160,0.8009689557552337,0.7816233038902283,0.154800282462765,122,60-249,100+
e6d9b61483c62e68ad19559d481a05c9,e6d9b61483c62e68ad19559d481a05c9,185,0.8291754505054371,0.5150788426399231,0.1119641142546722,104,60-249,100+
079e8ca12a76c6f80734c87ed41f23ba,079e8ca12a76c6f80734c87ed41f23ba,184,0.8391683856300687,0.8159891366958618,0.1813055436537605,101,60-249,100+
07a8e78cdc44fd363dc0abe8493e5ad7,07a8e78cdc44fd363dc0abe8493e5ad7,244,0.8730749066149602,0.8779716491699219,0.1841172171130611,158,60-249,100+
5a9092c5eb38eb557b24305a43de320c,5a9092c5eb38eb557b24305a43de320c,175,0.8119614881243025,0.7563772201538086,0.2068881928952771,108,60-249,100+
e054d76f5eaa1f2c9ba05f68ae14ece9,e054d76f5eaa1f2c9ba05f68ae14ece9,225,0.8729351245456272,0.7630066275596619,0.1205583335333727,2,60-249,2-9
cb1551d119c3314566c22c8ffd409f07,cb1551d119c3314566c22c8ffd409f07,203,0.8560869252623009,0.83236163854599,0.1041875716275811,6,60-249,2-9
ac18b8109427c1628d1cd7083401c80e,8f693afefa035fe310c1c03a4255bc46,148,0.8556254742596601,0.8502855896949768,0.0976917264684345,2,60-249,2-9
5a8fa96fa244e4d3c4b33d6e19f3db70,5a8fa96fa244e4d3c4b33d6e19f3db70,150,0.9278646288553873,0.7920595407485962,0.0710289665795347,2,60-249,2-9
dabf7a6ed1290c91842c19c6551fc2e4,dabf7a6ed1290c91842c19c6551fc2e4,224,0.8413271227904728,0.5153053998947144,0.1163786170812043,2,60-249,2-9
5a87772338f6c3596aa2b2809538a515,5a87772338f6c3596aa2b2809538a515,181,0.8844122493596367,0.8949992060661316,0.0816290166029918,2,60-249,2-9
c911bd1040d70433453547979669260b,6578646e920aaa9a8a066519c3a13b3e,148,0.8687546907888877,0.8692999482154846,0.0901338129317768,3,60-249,2-9
3adac955f478388dc69bd9a8fcbc5923,3adac955f478388dc69bd9a8fcbc5923,144,0.8255178748899036,0.7933216691017151,0.2229447185127886,3,60-249,2-9
3887d8b44cb7c99aa75a1d43ba584d37,1bbe01745767949dce13a8eeac2b7ffb,234,0.8806517711867634,0.8940517902374268,0.122920046138764,4,60-249,2-9
0788866c9cdf42285bb82f8fedaa9dc6,0788866c9cdf42285bb82f8fedaa9dc6,127,0.8475793633498544,0.8303548693656921,0.2295511990393605,3,60-249,2-9
22639031a6910f5d22e3569cb6275cf4,22639031a6910f5d22e3569cb6275cf4,238,0.8775501740078967,0.7524123787879944,0.0668236550151581,2,60-249,2-9
a288887910c8870e9ef2ee4c1b2193ca,a288887910c8870e9ef2ee4c1b2193ca,178,0.8163774974694412,0.5949855446815491,0.13655639918962,3,60-249,2-9
94724238444be1bcad44e2c0c1f9f1eb,94724238444be1bcad44e2c0c1f9f1eb,151,0.809793418985329,0.7466645240783691,0.1753435040118129,2,60-249,2-9
23e8a17c16047b86d02421af52b7d97a,23e8a17c16047b86d02421af52b7d97a,70,0.9277344300406319,0.8772019743919373,0.0520665096177553,2,60-249,2-9
c8e74dfa8785229f9f527b31620a275c,c8e74dfa8785229f9f527b31620a275c,231,0.8230678166971578,0.7244049906730652,0.1642644368341226,3,60-249,2-9
d399703eddc5f643e29d7e7a65489607,d399703eddc5f643e29d7e7a65489607,236,0.8308798898276636,0.8586989045143127,0.116042061824665,7,60-249,2-9
062ab48436ff7e076b854b9fc9400db0,062ab48436ff7e076b854b9fc9400db0,177,0.8686441218920347,0.8851578235626221,0.1095979676171778,4,60-249,2-9
b9877331d9cc0b4d59aa4dbff58c4e5a,b9877331d9cc0b4d59aa4dbff58c4e5a,235,0.8061461035545837,0.8399161696434021,0.1498183708514606,2,60-249,2-9
630af190a817b3089e9a844b89bd3ac6,630af190a817b3089e9a844b89bd3ac6,164,0.9107308790160389,0.9083625078201294,0.0844685719841798,2,60-249,2-9
aa1413f03d7260606fcf4401bbfa46c7,aa1413f03d7260606fcf4401bbfa46c7,114,0.9487005026298657,0.9302332997322084,0.0342383340436022,2,60-249,2-9
2c704f7dc051982c57f2aaa97a0d9120,73d32e1e02b8b0e860f28b38e61cd4eb,109,0.8101549446035962,0.7459596991539001,0.0803396071823843,2,60-249,2-9
b6d5695b273fdd614b015a13831fa233,b6d5695b273fdd614b015a13831fa233,186,0.8091936082737421,0.8253308534622192,0.0922370263071116,2,60-249,2-9
6edf9c75ada6a7daeba850fd873a567b,6edf9c75ada6a7daeba850fd873a567b,134,0.8591053820368069,0.7640056610107422,0.1265330823926377,3,60-249,2-9
b98978f56d54e3eaa5c785d1b6b856fd,b98978f56d54e3eaa5c785d1b6b856fd,200,0.8157178058624268,0.7285202741622925,0.1259152468953266,3,60-249,2-9
72449c98131aaa71e41cfc67809f8616,72449c98131aaa71e41cfc67809f8616,148,0.9102486437720222,0.9032482504844666,0.064760252162917,2,60-249,2-9
d3a2943e6cca786234bd8ed3c5fd9d2e,d3a2943e6cca786234bd8ed3c5fd9d2e,132,0.815622099385117,0.7261285781860352,0.1628534733857471,4,60-249,2-9
986b173935d915a32cfb0b2dd307a705,986b173935d915a32cfb0b2dd307a705,99,0.9011403274536133,0.8800598382949829,0.0663694777650251,2,60-249,2-9
c3872b641c4aac2e0450952bbd50253f,c3872b641c4aac2e0450952bbd50253f,165,0.8304657819343336,0.7957273721694946,0.1933169053882691,2,60-249,2-9
e1b78360ec9c6839e5f8e7a76091cb5f,e1b78360ec9c6839e5f8e7a76091cb5f,223,0.8777140226492434,0.7387989163398743,0.069706499164805,4,60-249,2-9
5c143a9d001693d0352642ea29c9b74f,5c143a9d001693d0352642ea29c9b74f,214,0.8633120770320715,0.8153887987136841,0.1035433211946562,2,60-249,2-9
6a494a3abe78d9ffc3cae51f05fefbbf,6a494a3abe78d9ffc3cae51f05fefbbf,165,0.8848189389777906,0.8287141919136047,0.0904619904270584,3,60-249,2-9
08f063aa87c41a6ef694480187959e3b,08f063aa87c41a6ef694480187959e3b,242,0.8387501568439578,0.8441469669342041,0.1329274534500057,4,60-249,2-9
389340302695c73917c899c2d29c14b6,389340302695c73917c899c2d29c14b6,202,0.8889981905309164,0.9023853540420532,0.1006269754164885,2,60-249,2-9
630ecf8ea2e0744412f1c7cb35aa7ebb,630ecf8ea2e0744412f1c7cb35aa7ebb,135,0.9290184102941442,0.8943998217582703,0.0588870318759987,2,60-249,2-9
aae7674cb76ade045491d5bcaab83eab,aae7674cb76ade045491d5bcaab83eab,208,0.8937307786941528,0.9109763503074646,0.0717292593181658,2,60-249,2-9
2a897b47df3a78bbb66120b827339725,2a897b47df3a78bbb66120b827339725,215,0.8135378808309865,0.8315171003341675,0.1260602942704232,4,60-249,2-9
d3a7df9102e4c97a60d140ff5b41b7cf,d3a7df9102e4c97a60d140ff5b41b7cf,82,0.841103146250655,0.7828731536865234,0.1204279429995771,2,60-249,2-9
e6e440e085bd4508b5dc0304b12b3dfb,e6e440e085bd4508b5dc0304b12b3dfb,246,0.8071289327667981,0.7522013187408447,0.1781816147454762,2,60-249,2-9
3f2a90071f0a38968939c749dd3d5aa8,3f2a90071f0a38968939c749dd3d5aa8,178,0.8200505286656069,0.6861154437065125,0.1346692472872067,4,60-249,2-9
02c15d2809e3ffb19b3dab0c5e491aca,02c15d2809e3ffb19b3dab0c5e491aca,68,0.8819652506884407,0.8084823489189148,0.0579303127884409,2,60-249,2-9
389b7a7ef727aec40f4fb85479c4df6c,95791906dd0f7c332741cc8a86fbb9b2,124,0.8001768161404518,0.7917182445526123,0.1048364334910935,3,60-249,2-9
aa561e2d544f67b316604e61659354ed,aa561e2d544f67b316604e61659354ed,150,0.9215950780232747,0.9131610989570618,0.0482435826946248,3,60-249,2-9
18f06efccd7025dbdc042cfd0e3209db,18f06efccd7025dbdc042cfd0e3209db,248,0.8382814694220021,0.8519626259803772,0.1354851381314712,2,60-249,2-9
ce2728b8de09cf05b0796af2310c6ebe,ce2728b8de09cf05b0796af2310c6ebe,161,0.8006751056931775,0.7957693934440613,0.1522433374116617,3,60-249,2-9
98687e1654c27125027d50f704928f85,98687e1654c27125027d50f704928f85,88,0.8182511689446188,0.753686249256134,0.1089352142163176,2,60-249,2-9
8af7d9a29ec9ccaea42a63e98aef8066,8af7d9a29ec9ccaea42a63e98aef8066,153,0.8976460266113281,0.8874277472496033,0.0963389674315327,5,60-249,2-9
da35d22f8a24ea3e9decc5bdd398881c,da35d22f8a24ea3e9decc5bdd398881c,180,0.8258734857771131,0.8498159646987915,0.1445710354950553,2,60-249,2-9
79c598f313cb80dab7198c12d7454bf1,79c598f313cb80dab7198c12d7454bf1,177,0.8170559532898294,0.5041348338127136,0.0844656310866929,7,60-249,2-9
c83e7affbb728e3366058965783587de,c83e7affbb728e3366058965783587de,167,0.848521743363249,0.8232543468475342,0.1281456063620997,3,60-249,2-9
aeb04802efb4b7ebe71000217327bdd4,aeb04802efb4b7ebe71000217327bdd4,203,0.8279855029101442,0.8339998126029968,0.178287673635887,3,60-249,2-9
dc5aaf6dd3b7643adb860a49e216ede5,dc5aaf6dd3b7643adb860a49e216ede5,146,0.8144380809836191,0.7046899199485779,0.0866987976458343,3,60-249,2-9
5a968f730776ca2e7a49473679782cc5,5a968f730776ca2e7a49473679782cc5,200,0.8444042697906494,0.8601588010787964,0.1138457152338114,2,60-249,2-9
5833c95c3addf0aae5bbf49cf51e3d03,5833c95c3addf0aae5bbf49cf51e3d03,235,0.8837402635939579,0.7404815554618835,0.0692213000271253,3,60-249,2-9
4c068dca72266dc090446797287df58d,4c068dca72266dc090446797287df58d,184,0.8226742887496948,0.8108705878257751,0.1953640400716699,3,60-249,2-9
647e8c7a73dd20d31e6c9fdcd6b5af30,647e8c7a73dd20d31e6c9fdcd6b5af30,225,0.8574891572740343,0.8779952526092529,0.1112012720196553,2,60-249,2-9
759810fc1a188460ec01b1cb7e09638d,6f3d93708e6eabf085fba814b9d8c337,175,0.8872377655029297,0.8920740485191345,0.1327712041099673,2,60-249,2-9
6fa98b1b016e8fb65b30313fdbfbdc91,6fa98b1b016e8fb65b30313fdbfbdc91,191,0.8712624828478428,0.8417123556137085,0.0952877741344895,2,60-249,2-9
6ee69d1e2b9c7301d740d1d062b92fe0,6ee69d1e2b9c7301d740d1d062b92fe0,172,0.8457258140209108,0.8685133457183838,0.1124235297928972,3,60-249,2-9
01d03c7a332cf151671e3e0acb26e1b1,01d03c7a332cf151671e3e0acb26e1b1,232,0.8240630463896126,0.6113463640213013,0.1124890184000661,2,60-249,2-9
82512ca9c6b8f5878b157900dec7081b,82512ca9c6b8f5878b157900dec7081b,180,0.8675347569783528,0.7209398150444031,0.0659252119720191,4,60-249,2-9
f6c7c4ad5cb29b2be86e06ea584f6904,f6c7c4ad5cb29b2be86e06ea584f6904,182,0.8383990623138763,0.8077929019927979,0.1068979506835188,2,60-249,2-9
e2d649522bd4c2eff49bdb999a269fac,01c9f2cbfc8eeb69a7b6b93af338e1c5,114,0.8032226796735797,0.7580525875091553,0.1524527739215411,3,60-249,2-9
dac2ef25a5f3337b8c9f469dc29bde88,dac2ef25a5f3337b8c9f469dc29bde88,229,0.8734125667055622,0.8914502859115601,0.1022381987484775,2,60-249,2-9
4a42ff38b8f7b3133d15d7267fb9b290,4a42ff38b8f7b3133d15d7267fb9b290,243,0.8615190462026087,0.876336932182312,0.1348185243485414,2,60-249,2-9
18f944af42fc1960aeae34916e7adc63,18f944af42fc1960aeae34916e7adc63,193,0.8284146956211544,0.8248039484024048,0.2064944328385756,2,60-249,2-9
23eb9f2eb8ce1ba1c4ce9abc7a61b837,23eb9f2eb8ce1ba1c4ce9abc7a61b837,147,0.8367346873899706,0.8560903072357178,0.0985414757516557,2,60-249,2-9
01c8beba89d89f0b1243eb39b412e784,01c8beba89d89f0b1243eb39b412e784,69,0.839783606045488,0.7440357208251953,0.0868522440925464,2,60-249,2-9
aeae3ffff353a5eb40de9da99b2c725c,aeae3ffff353a5eb40de9da99b2c725c,171,0.8334703797903674,0.7790119051933289,0.1726748540782975,5,60-249,2-9
0277fb6c32ad8ec5870d7f04845ac861,0277fb6c32ad8ec5870d7f04845ac861,121,0.844504620890972,0.8370686173439026,0.0977040575773521,5,60-249,2-9
946c334a29b48ad1f56d01e05bdf2e55,946c334a29b48ad1f56d01e05bdf2e55,178,0.8530863785475827,0.7464063167572021,0.161613828180355,3,60-249,2-9
4a34e80e92549d72d7566cbc795ddee1,4a34e80e92549d72d7566cbc795ddee1,171,0.8199184538188733,0.6411572098731995,0.1267901563715554,2,60-249,2-9
3e9e1b85c486bff0f5126f565670a18b,06d10c9c479cb074b0799ff3a11b48e4,145,0.8018183930495689,0.8263087868690491,0.1256127843744876,2,60-249,2-9
23ec414e587b64ea45b9f7efc67bdff3,23ec414e587b64ea45b9f7efc67bdff3,202,0.8020225005574746,0.7587124705314636,0.1534067807970105,3,60-249,2-9
5d432fc1b45f732c18a05d4e4ec9593c,5d432fc1b45f732c18a05d4e4ec9593c,152,0.8054022445176777,0.7697268128395081,0.2135984847361199,3,60-249,2-9
3889b3c75973a003dcba332e167b28f5,3889b3c75973a003dcba332e167b28f5,201,0.8891978372981891,0.8946298956871033,0.1126110432191685,8,60-249,2-9
07a6780c573a299cfdd2b921e193a57b,07a6780c573a299cfdd2b921e193a57b,141,0.8704496651507437,0.840876042842865,0.065062649153968,2,60-249,2-9
73ff1782a5ca61426af1b1e448a46668,73ff1782a5ca61426af1b1e448a46668,135,0.8110351992006655,0.6285394430160522,0.0755849982221642,3,60-249,2-9
b6d28b832a52dcfb6f19459a4c429f25,7444f02f8cb912097825be87b964e310,106,0.8176362034059921,0.8022028803825378,0.0930944647579739,2,60-249,2-9
7f6c7f6e778c47f69ebe59a6624d2a43,7f6c7f6e778c47f69ebe59a6624d2a43,205,0.8026665312604205,0.589323878288269,0.1891012799454786,5,60-249,2-9
51024979e586848e5cc95ea47e0f1c15,51024979e586848e5cc95ea47e0f1c15,119,0.8165211857066436,0.7989433407783508,0.1553077684350286,2,60-249,2-9
ba0ba3cd8b07f61a9edf5d2b5bdc76f0,ba0ba3cd8b07f61a9edf5d2b5bdc76f0,179,0.8105195719969339,0.6625242829322815,0.152378977932503,8,60-249,2-9
4bf7de2451e7fd074f05ebb2161925ee,4bf7de2451e7fd074f05ebb2161925ee,151,0.9122726713268962,0.8981317281723022,0.1265604553789012,6,60-249,2-9
6a4fad5faf941352ae4ca352d3a0312c,6a4fad5faf941352ae4ca352d3a0312c,86,0.8100075233814329,0.755201518535614,0.0891842613751155,2,60-249,2-9
e1ba38c483baa8f94e0dfa2f22e5dca5,e1ba38c483baa8f94e0dfa2f22e5dca5,106,0.8587738688486927,0.7699348330497742,0.1355453112556091,3,60-249,2-9
69e06f7b62fd5f2063e4bd9835f28d1e,69e06f7b62fd5f2063e4bd9835f28d1e,169,0.8779238882572693,0.85862797498703,0.1022433109668921,2,60-249,2-9
3ea1f03821d36ea077ed78d60e272ede,2aa2f68e65d11baeccb480764542cdd9,108,0.8571687207398591,0.8310272693634033,0.1009681729652633,2,60-249,2-9
aeab57d5676e4a0c54f081dc950a39ce,aeab57d5676e4a0c54f081dc950a39ce,143,0.856069691264546,0.6314054131507874,0.0490783067141884,2,60-249,2-9
0665be0ea06764aaf25cfcee7ba1be43,0665be0ea06764aaf25cfcee7ba1be43,220,0.8685414118333297,0.8912780284881592,0.0737656089561271,2,60-249,2-9
4bfb5147004217f5f7420389fb75d2a7,712093d4f0aca56175aaa04997ba8240,124,0.8034273879758773,0.6277833580970764,0.0746053293339388,4,60-249,2-9
02affd0aaf6ea9497566d4c3a9bf6d6a,02affd0aaf6ea9497566d4c3a9bf6d6a,191,0.8527691672360086,0.8749102354049683,0.1184549812890915,2,60-249,2-9
3365179ba3e8c72693e2e43ef043a4ef,3365179ba3e8c72693e2e43ef043a4ef,247,0.8901327272175777,0.9285939931869508,0.0960591826269257,4,60-249,2-9
fd6c806bd062e3fff2ad8bf8a052306f,fd6c806bd062e3fff2ad8bf8a052306f,232,0.8698814962650168,0.8866994976997375,0.0922281927408331,3,60-249,2-9
059684e3e244593bb91e94e9adaa1c65,059684e3e244593bb91e94e9adaa1c65,229,0.8160054104401034,0.8217363357543945,0.1294559135596344,6,60-249,2-9
75a5665fbb0e3c8537f2c5622f158f62,75a5665fbb0e3c8537f2c5622f158f62,193,0.8080283379431215,0.7887545228004456,0.1859206552733797,2,60-249,2-9
3adf5d32075d353320d8f703134bd1ab,3adf5d32075d353320d8f703134bd1ab,125,0.8589589965820312,0.6652353405952454,0.0994266621589566,2,60-249,2-9
c38d8e7c14f903ed63c833b075a8f5a6,c38d8e7c14f903ed63c833b075a8f5a6,235,0.844340087160151,0.7692127823829651,0.0994340305863483,2,60-249,2-9
18f428c2b30ef142c3c7b538adcd9dcb,18f428c2b30ef142c3c7b538adcd9dcb,176,0.8169972143389963,0.7639458775520325,0.139849844187997,2,60-249,2-9
e1bf5ce256406bd5d3690ee29b296ae8,e1bf5ce256406bd5d3690ee29b296ae8,195,0.8241661549103566,0.7099979519844055,0.0604027102626602,2,60-249,2-9
07ab8bcc1fb210a7e8bc38fb8e501589,07ab8bcc1fb210a7e8bc38fb8e501589,172,0.8764137276937796,0.8351189494132996,0.0723801249801474,2,60-249,2-9
00f700c76cde7fe3c3bad65615d43319,00f700c76cde7fe3c3bad65615d43319,239,0.8378896103543717,0.8533470034599304,0.16754521855392,2,60-249,2-9
7190baa17bc9a1355f3f2c4dac264556,7190baa17bc9a1355f3f2c4dac264556,196,0.8954928836044,0.9055722951889038,0.0731631547074514,2,60-249,2-9
50fc68aac19dbd4f1b46d004938e9dec,50fc68aac19dbd4f1b46d004938e9dec,132,0.8527887725830078,0.8281615376472473,0.0994083666393412,3,60-249,2-9
947216ad7e1df81e33ab830fa8d04b26,947216ad7e1df81e33ab830fa8d04b26,64,0.827857996225357,0.7012831568717957,0.0427891645466432,2,60-249,2-9
edc9ec06d93c21dd9b6ffebece07924d,edc9ec06d93c21dd9b6ffebece07924d,155,0.9274886354015719,0.930696189403534,0.0748082812383909,2,60-249,2-9
387e205b81723723c017412450d4dbe4,387e205b81723723c017412450d4dbe4,220,0.8290361496318471,0.700618326663971,0.1301033668044898,2,60-249,2-9
aa47355c778b0b90f5d241027a6e6a55,aa47355c778b0b90f5d241027a6e6a55,196,0.8457517493501001,0.7417782545089722,0.1318695431965351,2,60-249,2-9
631ae2f2a10a3ee152ae60ef993e8c6c,631ae2f2a10a3ee152ae60ef993e8c6c,194,0.8095414041735463,0.6672340631484985,0.1102970877664158,3,60-249,2-9
c671795f32c3b69060499ebabc7e4e6a,c671795f32c3b69060499ebabc7e4e6a,220,0.8013716614463112,0.6973267793655396,0.1259203145061065,2,60-249,2-9
a6320661b8c82cc04fc6e25543def0ab,a6320661b8c82cc04fc6e25543def0ab,149,0.8012990682717138,0.8250713348388672,0.0802403792411671,2,60-249,2-9
0668d6b40141fcb8f25a94fc50683915,0668d6b40141fcb8f25a94fc50683915,124,0.8447639462255663,0.8439841866493225,0.0955637609318727,2,60-249,2-9
edbd7ee589678f78e6ed5ef3573f73a4,edbd7ee589678f78e6ed5ef3573f73a4,137,0.871617670546483,0.8105325102806091,0.0442189213343491,3,60-249,2-9
edc302be88dc07176b7b82641b5181dc,edc302be88dc07176b7b82641b5181dc,199,0.8680315696294584,0.8501972556114197,0.0869065174451434,2,60-249,2-9
