entry_id,r,L,n_gt,n_gen_tokens,finished,prompt_ok,n_sections_mine,n_sections_theirs,best_f1_mine,best_f1_theirs,last_f1_mine,last_f1_theirs,first_f1_mine,first_f1_theirs,mean_jaccard,precision,n_pred,max_section_f1_delta
foldbench100__8ah9_A,2,120,132,6663,False,True,20,20,0.2918454935622317,0.2918454935622317,0.10434782608695652,0.10434782608695652,0.2918454935622317,0.2918454935622317,0.091402061469469,0.2163504968383017,2164.0,0.0
foldbench100__8ah9_A,15,120,132,6663,False,True,23,23,0.4063745019920319,0.4063745019920319,0.14634146341463414,0.14634146341463414,0.22672064777327935,0.22672064777327935,0.07016548922903841,0.24672390420244011,2190.0,0.0
foldbench100__8ah9_A,14,120,132,2389,True,True,7,7,0.4827586206896552,0.4827586206896552,0.4827586206896552,0.4827586206896552,0.21343873517786563,0.21343873517786563,0.09735032973181952,0.26574307304785894,793.0,0.0
foldbench100__8ah9_A,7,120,132,2477,True,True,8,8,0.42352941176470593,0.42352941176470593,0.42352941176470593,0.42352941176470593,0.3122362869198312,0.3122362869198312,0.03238288829279672,0.19562575941676794,821.0,0.0
foldbench100__8b2g_A,23,74,59,2217,True,True,15,15,0.15789473684210528,0.15789473684210528,0.057692307692307696,0.057692307692307696,0.0392156862745098,0.0392156862745098,0.04445507661826013,0.06267029972752043,733.0,0.0
foldbench100__8b2g_A,11,74,59,3081,True,True,24,24,0.15789473684210528,0.15789473684210528,0.12612612612612614,0.12612612612612614,0.041237113402061855,0.041237113402061855,0.050950561419236186,0.09126594700686948,1018.0,0.0
foldbench100__8b2g_A,15,74,59,3112,True,True,25,25,0.14953271028037385,0.14953271028037385,0.13793103448275862,0.13793103448275862,0.0392156862745098,0.0392156862745098,0.05791740850597654,0.08940719144800778,1029.0,0.0
foldbench100__8b2g_A,18,74,59,3224,True,True,23,23,0.19801980198019803,0.19801980198019803,0.13114754098360656,0.13114754098360656,0.05,0.05,0.045985442836308094,0.10309278350515463,1066.0,0.0
denovo_pdb__4ozc_A,14,57,36,1772,True,True,17,17,0.2647058823529412,0.2647058823529412,0.12121212121212123,0.12121212121212123,0.028985507246376812,0.028985507246376812,0.11082389431284924,0.15384615384615385,584.0,0.0
denovo_pdb__4ozc_A,11,57,36,2244,True,True,21,21,0.4827586206896552,0.4827586206896552,0.34146341463414637,0.34146341463414637,0.2807017543859649,0.2807017543859649,0.10411618662925434,0.2388663967611336,737.0,0.0
denovo_pdb__4ozc_A,13,57,36,1099,True,True,10,10,0.3658536585365854,0.3658536585365854,0.3658536585365854,0.3658536585365854,0.28169014084507044,0.28169014084507044,0.11176797728997657,0.24242424242424243,361.0,0.0
denovo_pdb__4ozc_A,23,57,36,1369,True,True,16,16,0.3846153846153846,0.3846153846153846,0.3846153846153846,0.3846153846153846,0.1388888888888889,0.1388888888888889,0.06762690192506711,0.22838137472283815,450.0,0.0
foldbench100__7xp9_A,12,84,45,3491,True,True,26,26,0.26373626373626374,0.26373626373626374,0.2222222222222222,0.2222222222222222,0.0,0.0,0.07104163072550661,0.12813852813852813,1154.0,0.0
foldbench100__7xp9_A,7,84,45,1224,True,True,9,9,0.20183486238532108,0.20183486238532108,0.16842105263157894,0.16842105263157894,0.0,0.0,0.06962767337091183,0.1259259259259259,403.0,0.0
foldbench100__7xp9_A,6,84,45,3013,True,True,19,19,0.3883495145631068,0.3883495145631068,0.18750000000000003,0.18750000000000003,0.07339449541284403,0.07339449541284403,0.05991298752479484,0.13527054108216433,997.0,0.0
foldbench100__7xp9_A,1,84,45,3106,True,True,25,25,0.25,0.25,0.18918918918918917,0.18918918918918917,0.21686746987951808,0.21686746987951808,0.0568835475206241,0.12950340798442064,1023.0,0.0
denovo_pdb__2af5_A,22,292,251,4503,True,True,12,12,0.27811860940695293,0.27811860940695293,0.27811860940695293,0.27811860940695293,0.08947368421052632,0.08947368421052632,0.07052002313659039,0.24983299933199732,1495.0,0.0
denovo_pdb__2af5_A,23,292,251,6663,False,True,19,19,0.1509433962264151,0.1509433962264151,0.026666666666666665,0.026666666666666665,0.08791208791208792,0.08791208791208792,0.03269686844712351,0.11783295711060948,2214.0,0.0
denovo_pdb__2af5_A,4,292,251,6663,False,True,18,18,0.22065727699530518,0.22065727699530518,0.15466666666666667,0.15466666666666667,0.06043956043956045,0.06043956043956045,0.04657163193081886,0.19142212189616253,2213.0,0.0
denovo_pdb__2af5_A,11,292,251,6663,False,True,20,20,0.22448979591836735,0.22448979591836735,0.036585365853658534,0.036585365853658534,0.09142857142857143,0.09142857142857143,0.029368907494795028,0.15718157181571815,2212.0,0.0
denovo_pdb__5oos_A,18,161,122,1525,True,True,4,4,0.743801652892562,0.743801652892562,0.743801652892562,0.743801652892562,0.6642857142857144,0.6642857142857144,0.40953191286839025,0.6706114398422091,506.0,0.0
denovo_pdb__5oos_A,1,161,122,502,True,True,1,1,0.7087719298245614,0.7087719298245614,0.7087719298245614,0.7087719298245614,0.7087719298245614,0.7087719298245614,,0.6047904191616766,163.0,0.0
denovo_pdb__5oos_A,8,161,122,457,True,True,1,1,0.7407407407407408,0.7407407407407408,0.7407407407407408,0.7407407407407408,0.7407407407407408,0.7407407407407408,,0.6578947368421053,148.0,0.0
denovo_pdb__5oos_A,15,161,122,400,True,True,1,1,0.7165354330708663,0.7165354330708663,0.7165354330708663,0.7165354330708663,0.7165354330708663,0.7165354330708663,,0.6842105263157895,132.0,0.0
denovo_pdb__8oyw_A,19,178,167,6663,False,True,22,22,0.1443298969072165,0.1443298969072165,0.05240174672489083,0.05240174672489083,0.036101083032490974,0.036101083032490974,0.042149934565414104,0.08265582655826559,2204.0,0.0
denovo_pdb__8oyw_A,13,178,167,6663,False,True,19,19,0.20270270270270271,0.20270270270270271,0.14285714285714288,0.14285714285714288,0.10714285714285714,0.10714285714285714,0.03770896278824983,0.08623024830699774,2199.0,0.0
denovo_pdb__8oyw_A,17,178,167,6663,False,True,20,20,0.16788321167883213,0.16788321167883213,0.06862745098039216,0.06862745098039216,0.10600706713780919,0.10600706713780919,0.04325097959017802,0.11607949412827462,2202.0,0.0
denovo_pdb__8oyw_A,4,178,167,2211,True,True,6,6,0.18428184281842822,0.18428184281842822,0.18428184281842822,0.18428184281842822,0.12318840579710147,0.12318840579710147,0.03852796179599468,0.12108843537414966,733.0,0.0
denovo_pdb__4drt_A,18,352,317,6663,False,True,20,20,0.041379310344827586,0.041379310344827586,0.011019283746556472,0.011019283746556472,0.018648018648018648,0.018648018648018648,0.00994747524397012,0.04290876242095754,2214.0,0.0
denovo_pdb__4drt_A,2,352,317,6663,False,True,20,20,0.04245283018867925,0.04245283018867925,0.024509803921568627,0.024509803921568627,0.02380952380952381,0.02380952380952381,0.008734118244275932,0.04200542005420054,2212.0,0.0
denovo_pdb__4drt_A,9,352,317,6663,False,True,19,19,0.047337278106508875,0.047337278106508875,0.0,0.0,0.023255813953488372,0.023255813953488372,0.01119020156236576,0.037923250564334085,2212.0,0.0
denovo_pdb__4drt_A,6,352,317,6663,False,True,20,20,0.07302231237322515,0.07302231237322515,0.016260162601626018,0.016260162601626018,0.02331002331002331,0.02331002331002331,0.010638727450332874,0.04697380307136405,2212.0,0.0
denovo_pdb__6egc_A,6,147,159,6663,False,True,19,19,0.27941176470588236,0.27941176470588236,0.11209439528023599,0.11209439528023599,0.1970802919708029,0.1970802919708029,0.05218482069031441,0.17426636568848758,2183.0,0.0
denovo_pdb__6egc_A,20,147,159,6663,False,True,21,22,0.40666666666666673,0.40666666666666673,0.17100371747211895,0.0,0.19565217391304346,0.19565217391304346,0.06826205751741218,0.25158084914182477,2187.0,0.0
denovo_pdb__6egc_A,22,147,159,160,True,True,1,1,0.330188679245283,0.330188679245283,0.330188679245283,0.330188679245283,0.330188679245283,0.330188679245283,,0.660377358490566,53.0,0.0
denovo_pdb__6egc_A,3,147,159,6663,False,True,26,26,0.5,0.5,0.19327731092436976,0.19327731092436976,0.24489795918367346,0.24489795918367346,0.1636784938073684,0.4132007233273056,2185.0,0.0
denovo_pdb__7hjz_A,11,126,95,588,True,True,3,3,0.44594594594594594,0.44594594594594594,0.44594594594594594,0.44594594594594594,0.3176470588235294,0.3176470588235294,0.193,0.4666666666666667,195.0,0.0
denovo_pdb__7hjz_A,7,126,95,1139,True,True,5,5,0.35714285714285715,0.35714285714285715,0.35714285714285715,0.35714285714285715,0.2233502538071066,0.2233502538071066,0.04980009245077341,0.2566137566137566,378.0,0.0
denovo_pdb__7hjz_A,3,126,95,1550,True,True,8,8,0.5193370165745858,0.5193370165745858,0.29473684210526313,0.29473684210526313,0.23622047244094485,0.23622047244094485,0.13163528525852122,0.38132295719844356,514.0,0.0
denovo_pdb__7hjz_A,23,126,95,298,True,True,1,1,0.5257731958762888,0.5257731958762888,0.5257731958762888,0.5257731958762888,0.5257731958762888,0.5257731958762888,,0.5151515151515151,99.0,0.0
casp_fm__T1125-D2,21,148,137,6663,False,True,26,26,0.08979591836734693,0.08979591836734693,0.011627906976744186,0.011627906976744186,0.027522935779816515,0.027522935779816515,0.03150430181895794,0.05877034358047016,2209.0,0.0
casp_fm__T1125-D2,8,148,137,6663,False,True,27,27,0.10945273631840796,0.10945273631840796,0.011111111111111112,0.011111111111111112,0.025641025641025644,0.025641025641025644,0.020061851891490352,0.06555153707052441,2210.0,0.0
casp_fm__T1125-D2,12,148,137,6663,False,True,31,31,0.0970873786407767,0.0970873786407767,0.058536585365853655,0.058536585365853655,0.0686695278969957,0.0686695278969957,0.023988591403076708,0.07236544549977386,2207.0,0.0
casp_fm__T1125-D2,3,148,137,3834,True,True,15,15,0.09876543209876543,0.09876543209876543,0.09876543209876543,0.09876543209876543,0.07200000000000001,0.07200000000000001,0.017768100099329404,0.06677140612725845,1272.0,0.0
denovo_pdb__8bl5_A,14,117,110,6663,False,True,26,26,0.18867924528301885,0.18867924528301885,0.1111111111111111,0.1111111111111111,0.18867924528301885,0.18867924528301885,0.07577347822837,0.15054249547920434,2210.0,0.0
denovo_pdb__8bl5_A,8,117,110,6663,False,True,23,23,0.26666666666666666,0.26666666666666666,0.054421768707482984,0.054421768707482984,0.10426540284360189,0.10426540284360189,0.08792844669605304,0.1464075915047447,2196.0,0.0
denovo_pdb__8bl5_A,9,117,110,2453,True,True,8,8,0.2277227722772277,0.2277227722772277,0.20720720720720723,0.20720720720720723,0.08181818181818182,0.08181818181818182,0.072650929288491,0.1374233128834356,815.0,0.0
denovo_pdb__8bl5_A,20,117,110,6663,False,True,22,22,0.2046511627906977,0.2046511627906977,0.0,0.0,0.12669683257918551,0.12669683257918551,0.07866814828168871,0.13098464317976513,2195.0,0.0
denovo_pdb__4qkr_A,14,125,141,3471,True,True,12,12,0.29661016949152547,0.29661016949152547,0.29661016949152547,0.29661016949152547,0.22307692307692306,0.22307692307692306,0.18692952853292788,0.2792714657415438,1153.0,0.0
denovo_pdb__4qkr_A,5,125,141,2885,True,True,11,11,0.23045267489711938,0.23045267489711938,0.19491525423728814,0.19491525423728814,0.20168067226890754,0.20168067226890754,0.163819860788764,0.22964509394572025,958.0,0.0
denovo_pdb__4qkr_A,15,125,141,2369,True,True,8,8,0.3375527426160338,0.3375527426160338,0.3375527426160338,0.3375527426160338,0.22857142857142856,0.22857142857142856,0.18376458002771442,0.289707750952986,786.0,0.0
denovo_pdb__4qkr_A,11,125,141,3258,True,True,12,12,0.24778761061946905,0.24778761061946905,0.24778761061946905,0.24778761061946905,0.18666666666666665,0.18666666666666665,0.16366119212921965,0.2412199630314233,1081.0,0.0
denovo_pdb__8cux_B,15,119,99,6663,False,True,28,28,0.12429378531073444,0.12429378531073444,0.04519774011299436,0.04519774011299436,0.011627906976744186,0.011627906976744186,0.04450488780601257,0.05018083182640145,2201.0,0.0
denovo_pdb__8cux_B,19,119,99,6663,False,True,31,31,0.10582010582010583,0.10582010582010583,0.028169014084507043,0.028169014084507043,0.03260869565217391,0.03260869565217391,0.034119577985182815,0.03753957485300769,2204.0,0.0
denovo_pdb__8cux_B,16,119,99,6663,False,True,33,33,0.10050251256281408,0.10050251256281408,0.0,0.0,0.03821656050955414,0.03821656050955414,0.03162307579362117,0.04751131221719457,2201.0,0.0
denovo_pdb__8cux_B,11,119,99,6663,False,True,32,32,0.10362694300518135,0.10362694300518135,0.013245033112582781,0.013245033112582781,0.023668639053254437,0.023668639053254437,0.028844369741117256,0.04389140271493212,2205.0,0.0
denovo_pdb__8bl3_A,16,141,163,3126,True,True,9,9,0.4982206405693951,0.4982206405693951,0.4982206405693951,0.4982206405693951,0.1205673758865248,0.1205673758865248,0.08487693189849538,0.3012512030798845,1039.0,0.0
denovo_pdb__8bl3_A,14,141,163,6663,False,True,20,20,0.39464882943143814,0.39464882943143814,0.1990950226244344,0.1990950226244344,0.09352517985611511,0.09352517985611511,0.06725918030192815,0.2669376693766938,2193.0,0.0
denovo_pdb__8bl3_A,22,141,163,6663,False,True,19,19,0.3333333333333333,0.3333333333333333,0.12355212355212354,0.12355212355212354,0.15770609318996415,0.15770609318996415,0.06970910043796291,0.24198645598194132,2193.0,0.0
denovo_pdb__8bl3_A,10,141,163,6663,False,True,21,21,0.4043321299638989,0.4043321299638989,0.0679611650485437,0.0679611650485437,0.4043321299638989,0.4043321299638989,0.08806733372056182,0.2836495031616983,2205.0,0.0
denovo_pdb__1uw1_A,2,67,56,3925,True,True,25,25,0.2926829268292683,0.2926829268292683,0.10975609756097561,0.10975609756097561,0.2650602409638554,0.2650602409638554,0.05729073512584659,0.15307692307692308,1287.0,0.0
denovo_pdb__1uw1_A,7,67,56,1878,True,True,12,12,0.24299065420560748,0.24299065420560748,0.07339449541284403,0.07339449541284403,0.24299065420560748,0.24299065420560748,0.042052507449383776,0.13987138263665594,621.0,0.0
denovo_pdb__1uw1_A,21,67,56,6663,False,True,52,52,0.26785714285714285,0.26785714285714285,0.13513513513513514,0.13513513513513514,0.08333333333333333,0.08333333333333333,0.03912279626807301,0.11116152450090744,2197.0,0.0
denovo_pdb__1uw1_A,18,67,56,3905,True,True,26,26,0.23762376237623764,0.23762376237623764,0.2204724409448819,0.2204724409448819,0.08163265306122448,0.08163265306122448,0.051210724027040265,0.14385150812064965,1288.0,0.0
denovo_pdb__6rej_A,12,250,223,670,True,True,1,1,0.6410835214446953,0.6410835214446953,0.6410835214446953,0.6410835214446953,0.6410835214446953,0.6410835214446953,,0.6367713004484304,220.0,0.0
denovo_pdb__6rej_A,19,250,223,742,True,True,1,1,0.625531914893617,0.625531914893617,0.625531914893617,0.625531914893617,0.625531914893617,0.625531914893617,,0.5951417004048583,247.0,0.0
denovo_pdb__6rej_A,4,250,223,721,True,True,1,1,0.6883116883116883,0.6883116883116883,0.6883116883116883,0.6883116883116883,0.6883116883116883,0.6883116883116883,,0.6625,239.0,0.0
denovo_pdb__6rej_A,14,250,223,625,True,True,1,1,0.6,0.6,0.6,0.6,0.6,0.6,,0.6201923076923077,207.0,0.0
denovo_pdb__7hjc_A,5,126,93,2503,True,True,10,10,0.5876288659793815,0.5876288659793815,0.5876288659793815,0.5876288659793815,0.3116883116883117,0.3116883116883117,0.13368796188886015,0.3658243080625752,830.0,0.0
denovo_pdb__7hjc_A,23,126,93,280,True,True,1,1,0.3763440860215054,0.3763440860215054,0.3763440860215054,0.3763440860215054,0.3763440860215054,0.3763440860215054,,0.3763440860215054,93.0,0.0
denovo_pdb__7hjc_A,10,126,93,1684,True,True,7,7,0.4421052631578947,0.4421052631578947,0.4421052631578947,0.4421052631578947,0.3050847457627119,0.3050847457627119,0.11299733980742761,0.31305903398926654,559.0,0.0
denovo_pdb__7hjc_A,3,126,93,2163,True,True,9,9,0.5538461538461539,0.5538461538461539,0.5538461538461539,0.5538461538461539,0.24864864864864866,0.24864864864864866,0.08250232928304135,0.2938718662952646,716.0,0.0
denovo_pdb__9hag_A,9,112,81,1740,True,True,6,6,0.4631578947368421,0.4631578947368421,0.4631578947368421,0.4631578947368421,0.2741116751269035,0.2741116751269035,0.10500816417652117,0.2560553633217993,577.0,0.0
denovo_pdb__9hag_A,2,112,81,1486,True,True,7,7,0.4785276073619632,0.4785276073619632,0.4785276073619632,0.4785276073619632,0.27672955974842767,0.27672955974842767,0.1477154467779679,0.33874239350912777,493.0,0.0
denovo_pdb__9hag_A,13,112,81,1969,True,True,7,7,0.4489795918367347,0.4489795918367347,0.4489795918367347,0.4489795918367347,0.2608695652173913,0.2608695652173913,0.10562474184273546,0.24311926605504589,653.0,0.0
denovo_pdb__9hag_A,17,112,81,301,True,True,1,1,0.3425414364640884,0.3425414364640884,0.3425414364640884,0.3425414364640884,0.3425414364640884,0.3425414364640884,,0.31,100.0,0.0
foldbench100__7z65_A,11,283,320,6663,False,True,18,18,0.16266173752310534,0.16266173752310534,0.0440771349862259,0.0440771349862259,0.05069124423963133,0.05069124423963133,0.04599694276376341,0.17381489841986456,2210.0,0.0
foldbench100__7z65_A,1,283,320,4373,True,True,11,11,0.241112828438949,0.241112828438949,0.241112828438949,0.241112828438949,0.10648148148148148,0.10648148148148148,0.0373569603474346,0.17537826685006877,1452.0,0.0
foldbench100__7z65_A,21,283,320,5069,True,True,14,14,0.20094191522762953,0.20094191522762953,0.20094191522762953,0.20094191522762953,0.061465721040189124,0.061465721040189124,0.04145725777853833,0.18635014836795252,1684.0,0.0
foldbench100__7z65_A,20,283,320,3606,True,True,9,9,0.1728,0.1728,0.1728,0.1728,0.06496519721577725,0.06496519721577725,0.038758463396693726,0.1451209341117598,1197.0,0.0
denovo_pdb__2hyz_A,18,136,121,400,True,True,1,1,0.7968127490039841,0.7968127490039841,0.7968127490039841,0.7968127490039841,0.7968127490039841,0.7968127490039841,,0.7518796992481203,130.0,0.0
denovo_pdb__2hyz_A,17,136,121,454,True,True,1,1,0.8475836431226766,0.8475836431226766,0.8475836431226766,0.8475836431226766,0.8475836431226766,0.8475836431226766,,0.7549668874172185,148.0,0.0
denovo_pdb__2hyz_A,6,136,121,427,True,True,1,1,0.7984790874524714,0.7984790874524714,0.7984790874524714,0.7984790874524714,0.7984790874524714,0.7984790874524714,,0.7394366197183099,142.0,0.0
denovo_pdb__2hyz_A,23,136,121,385,True,True,1,1,0.8387096774193549,0.8387096774193549,0.8387096774193549,0.8387096774193549,0.8387096774193549,0.8387096774193549,,0.8125,127.0,0.0
denovo_pdb__6veh_A,8,180,128,1330,True,True,4,4,0.6134453781512607,0.6134453781512607,0.6134453781512607,0.6134453781512607,0.5416666666666667,0.5416666666666667,0.2786765729698102,0.5769230769230769,442.0,0.0
denovo_pdb__6veh_A,5,180,128,1011,True,True,3,3,0.5555555555555557,0.5555555555555557,0.5555555555555557,0.5555555555555557,0.36283185840707965,0.36283185840707965,0.34244217321140397,0.5089285714285714,335.0,0.0
denovo_pdb__6veh_A,1,180,128,1679,True,True,5,5,0.582375478927203,0.582375478927203,0.582375478927203,0.582375478927203,0.4730290456431535,0.4730290456431535,0.26592837980142414,0.5412186379928315,558.0,0.0
denovo_pdb__6veh_A,7,180,128,1149,True,True,3,3,0.5865724381625441,0.5865724381625441,0.5865724381625441,0.5865724381625441,0.4298245614035087,0.4298245614035087,0.2582276290087283,0.5157068062827225,382.0,0.0
foldbench100__7y54_A,13,100,105,2199,True,True,9,9,0.3850267379679144,0.3850267379679144,0.3535353535353535,0.3535353535353535,0.2153846153846154,0.2153846153846154,0.15373901115079966,0.30684931506849317,729.0,0.0
foldbench100__7y54_A,15,100,105,1904,True,True,8,8,0.5025641025641026,0.5025641025641026,0.4361702127659574,0.4361702127659574,0.4180790960451977,0.4180790960451977,0.20433108801148897,0.46677215189873417,631.0,0.0
foldbench100__7y54_A,2,100,105,855,True,True,3,3,0.4292237442922375,0.4292237442922375,0.4292237442922375,0.4292237442922375,0.23232323232323232,0.23232323232323232,0.07430368373764601,0.27816901408450706,283.0,0.0
foldbench100__7y54_A,3,100,105,2277,True,True,9,9,0.4387755102040816,0.4387755102040816,0.4134615384615385,0.4134615384615385,0.26666666666666666,0.26666666666666666,0.1478237698934105,0.3478835978835979,756.0,0.0
foldbench100__7wzm_A,23,492,456,6663,False,True,19,19,0.025089605734767026,0.025089605734767026,0.010434782608695651,0.010434782608695651,0.021621621621621623,0.021621621621621623,0.006118316980682891,0.03566591422121896,2212.0,0.0
foldbench100__7wzm_A,2,492,456,6663,False,True,20,20,0.04060913705583756,0.04060913705583756,0.007920792079207921,0.007920792079207921,0.020979020979020976,0.020979020979020976,0.008567101453098965,0.056458897922312554,2213.0,0.0
foldbench100__7wzm_A,5,492,456,6663,False,True,20,20,0.023890784982935155,0.023890784982935155,0.01509433962264151,0.01509433962264151,0.0035398230088495575,0.0035398230088495575,0.005962180085577451,0.02981029810298103,2210.0,0.0
foldbench100__7wzm_A,9,492,456,6663,False,True,19,19,0.03893805309734513,0.03893805309734513,0.021390374331550797,0.021390374331550797,0.017921146953405017,0.017921146953405017,0.008769384955866733,0.05191873589164785,2213.0,0.0
denovo_pdb__9mxx_A,23,149,166,6663,False,True,22,22,0.1843971631205674,0.1843971631205674,0.14035087719298248,0.14035087719298248,0.05447470817120622,0.05447470817120622,0.07701934149373689,0.14498644986449866,2203.0,0.0
denovo_pdb__9mxx_A,20,149,166,6663,False,True,24,24,0.1444866920152091,0.1444866920152091,0.010526315789473684,0.010526315789473684,0.06666666666666668,0.06666666666666668,0.050109650707304984,0.09986443741527339,2202.0,0.0
denovo_pdb__9mxx_A,19,149,166,6663,False,True,21,21,0.15217391304347824,0.15217391304347824,0.058577405857740586,0.058577405857740586,0.08727272727272728,0.08727272727272728,0.04469757344377869,0.11336946702800361,2200.0,0.0
denovo_pdb__9mxx_A,6,149,166,6663,False,True,20,20,0.15969581749049427,0.15969581749049427,0.0784313725490196,0.0784313725490196,0.059040590405904064,0.059040590405904064,0.06234461234666651,0.11969286359530262,2188.0,0.0
denovo_pdb__5ieo_A,1,118,102,6663,False,True,28,28,0.16949152542372883,0.16949152542372883,0.016666666666666666,0.016666666666666666,0.0963855421686747,0.0963855421686747,0.040399056822123684,0.08227848101265822,2203.0,0.0
denovo_pdb__5ieo_A,5,118,102,6663,False,True,32,32,0.13333333333333333,0.13333333333333333,0.013245033112582781,0.013245033112582781,0.058823529411764705,0.058823529411764705,0.039171569604922823,0.07828054298642534,2206.0,0.0
denovo_pdb__5ieo_A,0,118,102,6663,False,True,26,26,0.12999999999999998,0.12999999999999998,0.065359477124183,0.065359477124183,0.07960199004975124,0.07960199004975124,0.04575121039282567,0.06871609403254973,2204.0,0.0
denovo_pdb__5ieo_A,13,118,102,6663,False,True,25,25,0.16831683168316833,0.16831683168316833,0.04878048780487805,0.04878048780487805,0.04519774011299435,0.04519774011299435,0.054432531397604296,0.08224130140081337,2202.0,0.0
denovo_pdb__2wqh_A,2,104,87,328,True,True,1,1,0.7959183673469388,0.7959183673469388,0.7959183673469388,0.7959183673469388,0.7959183673469388,0.7959183673469388,,0.7155963302752294,109.0,0.0
denovo_pdb__2wqh_A,3,104,87,352,True,True,1,1,0.7839195979899497,0.7839195979899497,0.7839195979899497,0.7839195979899497,0.7839195979899497,0.7839195979899497,,0.6666666666666666,112.0,0.0
denovo_pdb__2wqh_A,15,104,87,346,True,True,1,1,0.7623762376237625,0.7623762376237625,0.7623762376237625,0.7623762376237625,0.7623762376237625,0.7623762376237625,,0.6695652173913044,115.0,0.0
denovo_pdb__2wqh_A,16,104,87,340,True,True,1,1,0.8367346938775511,0.8367346938775511,0.8367346938775511,0.8367346938775511,0.8367346938775511,0.8367346938775511,,0.7256637168141593,109.0,0.0
denovo_pdb__7tal_A,14,196,194,6663,False,True,20,20,0.2686567164179105,0.2686567164179105,0.03669724770642202,0.03669724770642202,0.10600706713780919,0.10600706713780919,0.03406512836109353,0.16711833785004518,2202.0,0.0
denovo_pdb__7tal_A,7,196,194,6663,False,True,20,20,0.3365695792880259,0.3365695792880259,0.13281249999999997,0.13281249999999997,0.10847457627118644,0.10847457627118644,0.0758336815480899,0.26151761517615174,2207.0,0.0
denovo_pdb__7tal_A,21,196,194,6663,False,True,22,22,0.41975308641975306,0.41975308641975306,0.06986899563318777,0.06986899563318777,0.1986754966887417,0.1986754966887417,0.10610293120523616,0.34462511291779585,2210.0,0.0
denovo_pdb__7tal_A,8,196,194,3488,True,True,11,11,0.4504504504504505,0.4504504504504505,0.4504504504504505,0.4504504504504505,0.22137404580152673,0.22137404580152673,0.03398264540489093,0.23295944779982744,1155.0,0.0
denovo_pdb__9rb0_A,10,208,141,6663,False,True,21,21,0.11857707509881422,0.11857707509881422,0.023529411764705885,0.023529411764705885,0.02390438247011952,0.02390438247011952,0.023029793368300626,0.07181571815718157,2191.0,0.0
denovo_pdb__9rb0_A,1,208,141,6663,False,True,20,20,0.112,0.112,0.016736401673640166,0.016736401673640166,0.015624999999999997,0.015624999999999997,0.01764238028405874,0.06233062330623306,2192.0,0.0
denovo_pdb__9rb0_A,20,208,141,6663,False,True,19,19,0.16083916083916086,0.16083916083916086,0.05970149253731343,0.05970149253731343,0.08270676691729323,0.08270676691729323,0.04900787542865145,0.09706546275395034,2196.0,0.0
denovo_pdb__9rb0_A,12,208,141,6663,False,True,20,20,0.16470588235294117,0.16470588235294117,0.022727272727272728,0.022727272727272728,0.05737704918032787,0.05737704918032787,0.03262997837680018,0.09620596205962059,2195.0,0.0
denovo_pdb__7kuw_A,4,62,13,395,True,True,11,11,0.26666666666666666,0.26666666666666666,0.16666666666666669,0.16666666666666669,0.11764705882352941,0.11764705882352941,0.053485312899106,0.125,127.0,0.0
denovo_pdb__7kuw_A,23,62,13,7,True,True,1,1,0.2666666666666667,0.2666666666666667,0.2666666666666667,0.2666666666666667,0.2666666666666667,0.2666666666666667,,1.0,2.0,0.0
denovo_pdb__7kuw_A,21,62,13,332,True,True,8,8,0.13333333333333333,0.13333333333333333,0.13333333333333333,0.13333333333333333,0.09090909090909093,0.09090909090909093,0.06805704738035565,0.08333333333333333,107.0,0.0
denovo_pdb__7kuw_A,17,62,13,349,True,True,7,7,0.2666666666666667,0.2666666666666667,0.046511627906976744,0.046511627906976744,0.058823529411764705,0.058823529411764705,0.1041117961152929,0.07894736842105263,114.0,0.0
denovo_pdb__5cwd_A,19,171,124,6663,False,True,20,20,0.169811320754717,0.169811320754717,0.06349206349206349,0.06349206349206349,0.05172413793103448,0.05172413793103448,0.03354168276363551,0.0957542908762421,2199.0,0.0
denovo_pdb__5cwd_A,5,171,124,2043,True,True,6,6,0.2730627306273063,0.2730627306273063,0.2730627306273063,0.2730627306273063,0.2105263157894737,0.2105263157894737,0.10170200295960301,0.16053019145802652,678.0,0.0
denovo_pdb__5cwd_A,4,171,124,415,True,True,1,1,0.2519083969465649,0.2519083969465649,0.2519083969465649,0.2519083969465649,0.2519083969465649,0.2519083969465649,,0.2391304347826087,138.0,0.0
denovo_pdb__5cwd_A,6,171,124,2669,True,True,8,8,0.23387096774193547,0.23387096774193547,0.23387096774193547,0.23387096774193547,0.11764705882352941,0.11764705882352941,0.1426121597555349,0.1657271702367531,886.0,0.0
foldbench100__7wz5_A,6,161,113,6663,False,True,25,25,0.041884816753926704,0.041884816753926704,0.0,0.0,0.010309278350515464,0.010309278350515464,0.016189304029760532,0.02078626299141437,2206.0,0.0
foldbench100__7wz5_A,14,161,113,4423,True,True,16,16,0.043478260869565216,0.043478260869565216,0.016949152542372878,0.016949152542372878,0.01941747572815534,0.01941747572815534,0.01785232762293421,0.02042205582028591,1468.0,0.0
foldbench100__7wz5_A,12,161,113,3095,True,True,11,11,0.06896551724137932,0.06896551724137932,0.02162162162162162,0.02162162162162162,0.049079754601226995,0.049079754601226995,0.008375151309684324,0.032101167315175094,1025.0,0.0
foldbench100__7wz5_A,7,161,113,6663,False,True,23,23,0.07106598984771574,0.07106598984771574,0.0,0.0,0.009389671361502346,0.009389671361502346,0.017447607404729438,0.025305015815634886,2203.0,0.0
denovo_pdb__4yxx_A,0,208,180,6663,False,True,19,19,0.15384615384615385,0.15384615384615385,0.04424778761061947,0.04424778761061947,0.060810810810810814,0.060810810810810814,0.046539101285270265,0.12099322799097066,2195.0,0.0
denovo_pdb__4yxx_A,21,208,180,6663,False,True,19,19,0.1879194630872483,0.1879194630872483,0.0730593607305936,0.0730593607305936,0.04095563139931741,0.04095563139931741,0.02207460569242076,0.0943566591422122,2197.0,0.0
denovo_pdb__4yxx_A,12,208,180,6663,False,True,19,19,0.11464968152866242,0.11464968152866242,0.015267175572519083,0.015267175572519083,0.07560137457044674,0.07560137457044674,0.031976985010322256,0.06275395033860046,2200.0,0.0
denovo_pdb__4yxx_A,19,208,180,6663,False,True,20,20,0.10932475884244372,0.10932475884244372,0.019999999999999997,0.019999999999999997,0.03883495145631068,0.03883495145631068,0.033915356179567195,0.07723577235772358,2202.0,0.0
denovo_pdb__9kgz_A,1,125,147,6663,False,True,21,21,0.30708661417322836,0.30708661417322836,0.07881773399014778,0.07881773399014778,0.1085972850678733,0.1085972850678733,0.07468184322656182,0.21544715447154472,2191.0,0.0
denovo_pdb__9kgz_A,16,125,147,6663,False,True,24,24,0.25384615384615383,0.25384615384615383,0.07860262008733625,0.07860262008733625,0.10679611650485436,0.10679611650485436,0.0634287547596206,0.1798463624039765,2202.0,0.0
denovo_pdb__9kgz_A,19,125,147,6663,False,True,25,25,0.19626168224299065,0.19626168224299065,0.09282700421940927,0.09282700421940927,0.09561752988047807,0.09561752988047807,0.05479133107396311,0.149118843199277,2201.0,0.0
denovo_pdb__9kgz_A,9,125,147,6663,False,True,22,22,0.32231404958677684,0.32231404958677684,0.13138686131386862,0.13138686131386862,0.0847457627118644,0.0847457627118644,0.06484299224516372,0.1942186088527552,2189.0,0.0
denovo_pdb__3p6j_A,17,125,141,3810,True,True,15,15,0.2608695652173913,0.2608695652173913,0.19905213270142177,0.19905213270142177,0.24,0.24,0.2002346104044955,0.27035573122529644,1263.0,0.0
denovo_pdb__3p6j_A,16,125,141,2746,True,True,10,10,0.2892561983471074,0.2892561983471074,0.18723404255319148,0.18723404255319148,0.15469613259668508,0.15469613259668508,0.16953381414713123,0.28289473684210525,911.0,0.0
denovo_pdb__3p6j_A,4,125,141,1196,True,True,5,5,0.291497975708502,0.291497975708502,0.291497975708502,0.291497975708502,0.22033898305084745,0.22033898305084745,0.1998443005932468,0.29219143576826195,396.0,0.0
denovo_pdb__3p6j_A,14,125,141,2003,True,True,8,8,0.25806451612903225,0.25806451612903225,0.25806451612903225,0.25806451612903225,0.199203187250996,0.199203187250996,0.20326230930831565,0.2586466165413534,665.0,0.0
denovo_pdb__7hj0_A,0,126,90,2451,True,True,9,9,0.31521739130434784,0.31521739130434784,0.22448979591836737,0.22448979591836737,0.19999999999999996,0.19999999999999996,0.0535743568289689,0.18427518427518427,813.0,0.0
denovo_pdb__7hj0_A,20,126,90,2596,True,True,10,10,0.43820224719101125,0.43820224719101125,0.33155080213903737,0.33155080213903737,0.17441860465116277,0.17441860465116277,0.10717472876265162,0.23781902552204176,861.0,0.0
denovo_pdb__7hj0_A,7,126,90,809,True,True,5,5,0.2894736842105263,0.2894736842105263,0.2894736842105263,0.2894736842105263,0.11347517730496452,0.11347517730496452,0.03142542571381522,0.20149253731343283,268.0,0.0
denovo_pdb__7hj0_A,16,126,90,2312,True,True,11,11,0.472972972972973,0.472972972972973,0.4484848484848485,0.4484848484848485,0.22535211267605634,0.22535211267605634,0.07450601370230904,0.318122555410691,765.0,0.0
foldbench100__8dp9_A,20,148,146,6663,False,True,20,20,0.1111111111111111,0.1111111111111111,0.04329004329004329,0.04329004329004329,0.03347280334728033,0.03347280334728033,0.031699104264953544,0.04697380307136405,2201.0,0.0
foldbench100__8dp9_A,23,148,146,6663,False,True,21,21,0.08695652173913043,0.08695652173913043,0.026200873362445413,0.026200873362445413,0.061068702290076333,0.061068702290076333,0.032500747813767106,0.052393857271906055,2196.0,0.0
foldbench100__8dp9_A,22,148,146,6663,False,True,21,21,0.08730158730158731,0.08730158730158731,0.0,0.0,0.032,0.032,0.028826827875243183,0.04832881662149955,2205.0,0.0
foldbench100__8dp9_A,15,148,146,6663,False,True,19,19,0.07114624505928854,0.07114624505928854,0.023166023166023165,0.023166023166023165,0.07114624505928854,0.07114624505928854,0.03400892102508932,0.04379232505643341,2199.0,0.0
denovo_pdb__4r5c_A,20,304,314,1999,True,True,4,4,0.707070707070707,0.707070707070707,0.707070707070707,0.707070707070707,0.35813953488372097,0.35813953488372097,0.16820437445335404,0.7037593984962406,662.0,0.0
denovo_pdb__4r5c_A,4,304,314,2649,True,True,6,6,0.7003257328990229,0.7003257328990229,0.7003257328990229,0.7003257328990229,0.35648148148148145,0.35648148148148145,0.16790788317304264,0.70261066969353,877.0,0.0
denovo_pdb__4r5c_A,7,304,314,1596,True,True,3,3,0.685064935064935,0.685064935064935,0.685064935064935,0.685064935064935,0.32558139534883723,0.32558139534883723,0.1649188587497803,0.6817325800376648,527.0,0.0
denovo_pdb__4r5c_A,6,304,314,1635,True,True,3,3,0.738255033557047,0.738255033557047,0.738255033557047,0.738255033557047,0.36658932714617165,0.36658932714617165,0.21314639380299383,0.7316176470588235,544.0,0.0
foldbench100__7yug_A,23,118,94,2907,True,True,18,18,0.13432835820895522,0.13432835820895522,0.11695906432748537,0.11695906432748537,0.048,0.048,0.03000935198494509,0.11007268951194185,962.0,0.0
foldbench100__7yug_A,12,118,94,4480,True,True,25,25,0.19108280254777069,0.19108280254777069,0.18055555555555552,0.18055555555555552,0.13888888888888892,0.13888888888888892,0.04672305172798837,0.14006734006734006,1484.0,0.0
foldbench100__7yug_A,0,118,94,3441,True,True,18,18,0.2603550295857988,0.2603550295857988,0.10404624277456648,0.10404624277456648,0.13245033112582782,0.13245033112582782,0.04986744458914984,0.1375985977212971,1138.0,0.0
foldbench100__7yug_A,5,118,94,6663,False,True,36,36,0.18285714285714283,0.18285714285714283,0.0,0.0,0.0759493670886076,0.0759493670886076,0.031091764325190667,0.09551833408782254,2204.0,0.0
foldbench100__8eo5_A,20,290,253,6663,False,True,21,21,0.04891304347826087,0.04891304347826087,0.019999999999999997,0.019999999999999997,0.01685393258426966,0.01685393258426966,0.00857709577978797,0.043812104787714544,2213.0,0.0
foldbench100__8eo5_A,6,290,253,6663,False,True,20,20,0.07065217391304349,0.07065217391304349,0.0,0.0,0.021739130434782605,0.021739130434782605,0.012725838970528092,0.043812104787714544,2210.0,0.0
foldbench100__8eo5_A,0,290,253,6663,False,True,19,19,0.0554016620498615,0.0554016620498615,0.02881844380403458,0.02881844380403458,0.027247956403269755,0.027247956403269755,0.010861688038018399,0.04198645598194131,2213.0,0.0
foldbench100__8eo5_A,9,290,253,6663,False,True,19,19,0.053475935828877004,0.053475935828877004,0.034482758620689655,0.034482758620689655,0.03314917127071823,0.03314917127071823,0.012671412198249306,0.04604966139954853,2210.0,0.0
foldbench100__8daj_A,11,302,299,5639,True,True,14,14,0.23398328690807801,0.23398328690807801,0.23398328690807801,0.23398328690807801,0.010025062656641603,0.010025062656641603,0.02179212085403668,0.13013333333333332,1870.0,0.0
foldbench100__8daj_A,5,302,299,5385,True,True,12,12,0.32044198895027626,0.32044198895027626,0.32044198895027626,0.32044198895027626,0.054320987654320994,0.054320987654320994,0.037748861000095606,0.1970965940815187,1772.0,0.0
foldbench100__8daj_A,17,302,299,4622,True,True,11,11,0.28205128205128205,0.28205128205128205,0.28205128205128205,0.28205128205128205,0.05080831408775982,0.05080831408775982,0.01844386896495282,0.15810019518542615,1534.0,0.0
foldbench100__8daj_A,19,302,299,5306,True,True,14,14,0.18471337579617833,0.18471337579617833,0.18471337579617833,0.18471337579617833,0.05499999999999999,0.05499999999999999,0.02477665870623423,0.11961451247165533,1762.0,0.0
denovo_pdb__7hj7_A,18,126,93,398,True,True,2,2,0.4539877300613497,0.4539877300613497,0.4539877300613497,0.4539877300613497,0.3354838709677419,0.3354838709677419,0.24528301886792453,0.4772727272727273,132.0,0.0
denovo_pdb__7hj7_A,23,126,93,1380,True,True,6,6,0.3978494623655913,0.3978494623655913,0.3978494623655913,0.3978494623655913,0.1951219512195122,0.1951219512195122,0.061542123455238,0.2816593886462882,457.0,0.0
denovo_pdb__7hj7_A,14,126,93,3618,True,True,15,15,0.5837837837837838,0.5837837837837838,0.5837837837837838,0.5837837837837838,0.24043715846994534,0.24043715846994534,0.08047958385794836,0.23980016652789343,1198.0,0.0
denovo_pdb__7hj7_A,1,126,93,1354,True,True,7,7,0.38095238095238093,0.38095238095238093,0.36548223350253806,0.36548223350253806,0.297029702970297,0.297029702970297,0.10577601268851207,0.33407572383073497,449.0,0.0
foldbench100__7zu3_A,3,132,92,6663,False,True,27,27,0.12621359223300968,0.12621359223300968,0.0,0.0,0.05095541401273885,0.05095541401273885,0.02452872710867521,0.04385171790235081,2208.0,0.0
foldbench100__7zu3_A,16,132,92,6663,False,True,27,27,0.07368421052631578,0.07368421052631578,0.0,0.0,0.05434782608695652,0.05434782608695652,0.02536622327803665,0.04113924050632911,2206.0,0.0
foldbench100__7zu3_A,19,132,92,6663,False,True,27,27,0.06185567010309278,0.06185567010309278,0.0,0.0,0.02366863905325444,0.02366863905325444,0.024405984852417798,0.028481012658227847,2203.0,0.0
foldbench100__7zu3_A,18,132,92,6663,False,True,29,29,0.11111111111111112,0.11111111111111112,0.046511627906976744,0.046511627906976744,0.02222222222222222,0.02222222222222222,0.030950161372238112,0.04206241519674356,2201.0,0.0
foldbench100__7xcd_A,18,178,148,6663,False,True,20,20,0.1015625,0.1015625,0.06382978723404255,0.06382978723404255,0.033195020746887974,0.033195020746887974,0.024122693254049664,0.05058717253839205,2212.0,0.0
foldbench100__7xcd_A,17,178,148,6663,False,True,20,20,0.08730158730158731,0.08730158730158731,0.023346303501945526,0.023346303501945526,0.01556420233463035,0.01556420233463035,0.03030010278842877,0.04290876242095754,2205.0,0.0
foldbench100__7xcd_A,23,178,148,6663,False,True,20,20,0.11940298507462686,0.11940298507462686,0.01951219512195122,0.01951219512195122,0.02531645569620253,0.02531645569620253,0.02259160318915396,0.04878048780487805,2211.0,0.0
foldbench100__7xcd_A,5,178,148,6663,False,True,21,21,0.0984848484848485,0.0984848484848485,0.028846153846153848,0.028846153846153848,0.0984848484848485,0.0984848484848485,0.03020850205134793,0.056458897922312554,2213.0,0.0
denovo_pdb__6qsd_A,23,250,222,1025,True,True,2,2,0.6859688195991092,0.6859688195991092,0.6859688195991092,0.6859688195991092,0.4047619047619047,0.4047619047619047,0.22661870503597123,0.6510263929618768,341.0,0.0
denovo_pdb__6qsd_A,20,250,222,700,True,True,1,1,0.6021978021978022,0.6021978021978022,0.6021978021978022,0.6021978021978022,0.6021978021978022,0.6021978021978022,,0.5879828326180258,233.0,0.0
denovo_pdb__6qsd_A,18,250,222,1031,True,True,2,2,0.6445916114790288,0.6445916114790288,0.6445916114790288,0.6445916114790288,0.31736526946107785,0.31736526946107785,0.1909722222222222,0.5801749271137027,343.0,0.0
denovo_pdb__6qsd_A,7,250,222,652,True,True,1,1,0.6164383561643835,0.6164383561643835,0.6164383561643835,0.6164383561643835,0.6164383561643835,0.6164383561643835,,0.6221198156682027,216.0,0.0
foldbench100__8baq_A,9,208,190,6663,False,True,19,19,0.0738255033557047,0.0738255033557047,0.006230529595015576,0.006230529595015576,0.013157894736842106,0.013157894736842106,0.01414110615663904,0.02708803611738149,2212.0,0.0
foldbench100__8baq_A,20,208,190,6663,False,True,19,19,0.05387205387205386,0.05387205387205386,0.015444015444015444,0.015444015444015444,0.01384083044982699,0.01384083044982699,0.016438085120557056,0.03702031602708804,2207.0,0.0
foldbench100__8baq_A,11,208,190,6663,False,True,19,19,0.0462046204620462,0.0462046204620462,0.014981273408239702,0.014981273408239702,0.020134228187919465,0.020134228187919465,0.01794616129089408,0.031151241534988713,2208.0,0.0
foldbench100__8baq_A,22,208,190,6663,False,True,20,20,0.05479452054794521,0.05479452054794521,0.014705882352941178,0.014705882352941178,0.006756756756756756,0.006756756756756756,0.0152289475910171,0.032520325203252036,2213.0,0.0
denovo_pdb__8w97_A,13,135,116,6663,False,True,27,27,0.1492537313432836,0.1492537313432836,0.012903225806451615,0.012903225806451615,0.08108108108108107,0.08108108108108107,0.0655869267187284,0.10759493670886076,2202.0,0.0
denovo_pdb__8w97_A,4,135,116,6663,False,True,26,26,0.17647058823529413,0.17647058823529413,0.055865921787709494,0.055865921787709494,0.14814814814814817,0.14814814814814817,0.057576753123140936,0.1256781193490054,2204.0,0.0
denovo_pdb__8w97_A,1,135,116,6663,False,True,26,26,0.1834862385321101,0.1834862385321101,0.02797202797202797,0.02797202797202797,0.07526881720430108,0.07526881720430108,0.046437578299074155,0.10714285714285714,2195.0,0.0
denovo_pdb__8w97_A,3,135,116,6663,False,True,24,24,0.19811320754716982,0.19811320754716982,0.04395604395604396,0.04395604395604396,0.11158798283261802,0.11158798283261802,0.05449582304049305,0.11884319927699954,2197.0,0.0
denovo_pdb__3q7y_A,15,124,137,5185,True,True,19,19,0.3614457831325301,0.3614457831325301,0.29838709677419356,0.29838709677419356,0.26612903225806456,0.26612903225806456,0.1765983800459026,0.33681765389082463,1719.0,0.0
denovo_pdb__3q7y_A,22,124,137,4833,True,True,15,15,0.24701195219123506,0.24701195219123506,0.17391304347826086,0.17391304347826086,0.14634146341463417,0.14634146341463417,0.1881828252675702,0.19427148194271482,1603.0,0.0
denovo_pdb__3q7y_A,12,124,137,6663,False,True,26,26,0.3162393162393162,0.3162393162393162,0.0522875816993464,0.0522875816993464,0.26956521739130435,0.26956521739130435,0.14646885513346636,0.2911392405063291,2203.0,0.0
denovo_pdb__3q7y_A,0,124,137,6663,False,True,27,27,0.352,0.352,0.07142857142857142,0.07142857142857142,0.2577777777777777,0.2577777777777777,0.11436036042188537,0.2974683544303797,2209.0,0.0
denovo_pdb__8ka7_A,12,115,87,3383,True,True,14,14,0.4385026737967915,0.4385026737967915,0.4385026737967915,0.4385026737967915,0.22929936305732485,0.22929936305732485,0.09338059845389085,0.2377560106856634,1120.0,0.0
denovo_pdb__8ka7_A,13,115,87,2548,True,True,10,10,0.2278481012658228,0.2278481012658228,0.16580310880829016,0.16580310880829016,0.045112781954887216,0.045112781954887216,0.0678378028493477,0.12647754137115838,846.0,0.0
denovo_pdb__8ka7_A,4,115,87,2963,True,True,14,14,0.2076502732240437,0.2076502732240437,0.2076502732240437,0.2076502732240437,0.019230769230769232,0.019230769230769232,0.08391946248112234,0.13936927772126145,983.0,0.0
denovo_pdb__8ka7_A,16,115,87,2750,True,True,11,11,0.20430107526881722,0.20430107526881722,0.17045454545454547,0.17045454545454547,0.1509433962264151,0.1509433962264151,0.07525939147220552,0.13143483023001096,913.0,0.0
denovo_pdb__7hjr_A,20,126,94,1229,True,True,5,5,0.5882352941176471,0.5882352941176471,0.5882352941176471,0.5882352941176471,0.18446601941747576,0.18446601941747576,0.07821634765198382,0.2696078431372549,408.0,0.0
denovo_pdb__7hjr_A,19,126,94,1007,True,True,5,5,0.4683544303797469,0.4683544303797469,0.4683544303797469,0.4683544303797469,0.11956521739130434,0.11956521739130434,0.1080246913580247,0.281437125748503,334.0,0.0
denovo_pdb__7hjr_A,11,126,94,738,True,True,3,3,0.53475935828877,0.53475935828877,0.53475935828877,0.53475935828877,0.2064516129032258,0.2064516129032258,0.11231203007518797,0.3224489795918367,244.0,0.0
denovo_pdb__7hjr_A,0,126,94,461,True,True,2,2,0.1643835616438356,0.1643835616438356,0.14358974358974358,0.14358974358974358,0.1643835616438356,0.1643835616438356,0.10869565217391304,0.16993464052287582,153.0,0.0
denovo_pdb__7hjt_A,0,126,90,542,True,True,2,2,0.30845771144278605,0.30845771144278605,0.30845771144278605,0.30845771144278605,0.30188679245283023,0.30188679245283023,0.10429447852760736,0.3055555555555556,180.0,0.0
denovo_pdb__7hjt_A,17,126,90,1641,True,True,6,6,0.6292134831460675,0.6292134831460675,0.6292134831460675,0.6292134831460675,0.2111111111111111,0.2111111111111111,0.09874162244522582,0.3431192660550459,543.0,0.0
denovo_pdb__7hjt_A,10,126,90,1253,True,True,5,5,0.47798742138364775,0.47798742138364775,0.44680851063829785,0.44680851063829785,0.32124352331606215,0.32124352331606215,0.13764485900045548,0.3629807692307692,414.0,0.0
denovo_pdb__7hjt_A,22,126,90,2638,True,True,10,10,0.5082872928176795,0.5082872928176795,0.5082872928176795,0.5082872928176795,0.4270833333333333,0.4270833333333333,0.1260114994934086,0.3139269406392694,873.0,0.0
denovo_pdb__8ckr_A,17,136,127,484,True,True,1,1,0.7829181494661922,0.7829181494661922,0.7829181494661922,0.7829181494661922,0.7829181494661922,0.7829181494661922,,0.6832298136645962,154.0,0.0
denovo_pdb__8ckr_A,13,136,127,430,True,True,1,1,0.83271375464684,0.83271375464684,0.83271375464684,0.83271375464684,0.83271375464684,0.83271375464684,,0.7832167832167832,142.0,0.0
denovo_pdb__8ckr_A,8,136,127,412,True,True,1,1,0.8106060606060607,0.8106060606060607,0.8106060606060607,0.8106060606060607,0.8106060606060607,0.8106060606060607,,0.781021897810219,137.0,0.0
denovo_pdb__8ckr_A,16,136,127,415,True,True,1,1,0.8365019011406843,0.8365019011406843,0.8365019011406843,0.8365019011406843,0.8365019011406843,0.8365019011406843,,0.7971014492753623,136.0,0.0
denovo_pdb__8d9p_A,19,195,160,6663,False,True,21,21,0.20800000000000002,0.20800000000000002,0.0552995391705069,0.0552995391705069,0.05223880597014925,0.05223880597014925,0.021504022695490534,0.08897922312556458,2199.0,0.0
denovo_pdb__8d9p_A,20,195,160,6663,False,True,19,19,0.21201413427561838,0.21201413427561838,0.0,0.0,0.04633204633204633,0.04633204633204633,0.015616907194032723,0.08848758465011286,2198.0,0.0
denovo_pdb__8d9p_A,0,195,160,6663,False,True,19,19,0.13533834586466165,0.13533834586466165,0.0425531914893617,0.0425531914893617,0.1259259259259259,0.1259259259259259,0.013203794978535853,0.06455981941309255,2195.0,0.0
denovo_pdb__8d9p_A,1,195,160,6663,False,True,19,19,0.18292682926829265,0.18292682926829265,0.14893617021276595,0.14893617021276595,0.09252669039145907,0.09252669039145907,0.040212143548730345,0.12821670428893905,2202.0,0.0
denovo_pdb__8cqq_A,20,272,257,922,True,True,1,1,0.8175182481751826,0.8175182481751826,0.8175182481751826,0.8175182481751826,0.8175182481751826,0.8175182481751826,,0.7296416938110749,291.0,0.0
denovo_pdb__8cqq_A,6,272,257,985,True,True,1,1,0.8297872340425532,0.8297872340425532,0.8297872340425532,0.8297872340425532,0.8297872340425532,0.8297872340425532,,0.7134146341463414,307.0,0.0
denovo_pdb__8cqq_A,16,272,257,892,True,True,1,1,0.8014842300556587,0.8014842300556587,0.8014842300556587,0.8014842300556587,0.8014842300556587,0.8014842300556587,,0.7272727272727273,282.0,0.0
denovo_pdb__8cqq_A,15,272,257,997,True,True,1,1,0.8237347294938919,0.8237347294938919,0.8237347294938919,0.8237347294938919,0.8237347294938919,0.8237347294938919,,0.7108433734939759,316.0,0.0
foldbench100__7t9r_A,12,38,24,998,True,True,14,14,0.24489795918367346,0.24489795918367346,0.24489795918367346,0.24489795918367346,0.052631578947368425,0.052631578947368425,0.05756150065854492,0.10670731707317073,324.0,0.0
foldbench100__7t9r_A,18,38,24,509,True,True,8,8,0.22222222222222224,0.22222222222222224,0.13953488372093023,0.13953488372093023,0.11267605633802817,0.11267605633802817,0.03295575392349586,0.09580838323353294,166.0,0.0
foldbench100__7t9r_A,4,38,24,904,True,True,16,16,0.26666666666666666,0.26666666666666666,0.16666666666666669,0.16666666666666669,0.13636363636363635,0.13636363636363635,0.06443478829716344,0.13513513513513514,295.0,0.0
foldbench100__7t9r_A,19,38,24,820,True,True,13,13,0.23255813953488372,0.23255813953488372,0.21739130434782608,0.21739130434782608,0.13559322033898305,0.13559322033898305,0.03854492008996336,0.10780669144981413,268.0,0.0
denovo_pdb__5vju_A,1,196,152,6663,False,True,21,21,0.3145161290322581,0.3145161290322581,0.0842911877394636,0.0842911877394636,0.08733624454148471,0.08733624454148471,0.03416947554503726,0.12827461607949414,2201.0,0.0
denovo_pdb__5vju_A,4,196,152,6663,False,True,21,21,0.2164179104477612,0.2164179104477612,0.016,0.016,0.008333333333333333,0.008333333333333333,0.04721971138474659,0.1002710027100271,2208.0,0.0
denovo_pdb__5vju_A,17,196,152,6663,False,True,20,20,0.3220338983050848,0.3220338983050848,0.1048689138576779,0.1048689138576779,0.14457831325301204,0.14457831325301204,0.042319863581260615,0.13143631436314362,2200.0,0.0
denovo_pdb__5vju_A,8,196,152,6663,False,True,21,21,0.13157894736842107,0.13157894736842107,0.07692307692307693,0.07692307692307693,0.03940886699507389,0.03940886699507389,0.027982475322068,0.07091237579042457,2202.0,0.0
denovo_pdb__8kc4_A,17,151,125,3823,True,True,13,13,0.37065637065637064,0.37065637065637064,0.37065637065637064,0.37065637065637064,0.14345991561181434,0.14345991561181434,0.05988690164479391,0.19370078740157481,1268.0,0.0
denovo_pdb__8kc4_A,10,151,125,406,True,True,1,1,0.30769230769230765,0.30769230769230765,0.30769230769230765,0.30769230769230765,0.30769230769230765,0.30769230769230765,,0.2962962962962963,135.0,0.0
denovo_pdb__8kc4_A,1,151,125,6663,False,True,22,22,0.2731277533039647,0.2731277533039647,0.05839416058394161,0.05839416058394161,0.15702479338842976,0.15702479338842976,0.043329119808029004,0.12601626016260162,2197.0,0.0
denovo_pdb__8kc4_A,20,151,125,3578,True,True,11,11,0.44360902255639095,0.44360902255639095,0.44360902255639095,0.44360902255639095,0.2758620689655172,0.2758620689655172,0.11930505128608444,0.28259041211101765,1188.0,0.0
denovo_pdb__7vty_A,12,90,82,990,True,True,9,9,0.2702702702702703,0.2702702702702703,0.2702702702702703,0.2702702702702703,0.0625,0.0625,0.09231503238100269,0.19877675840978593,327.0,0.0
denovo_pdb__7vty_A,20,90,82,31,True,True,1,1,0.15217391304347827,0.15217391304347827,0.15217391304347827,0.15217391304347827,0.15217391304347827,0.15217391304347827,,0.7,10.0,0.0
denovo_pdb__7vty_A,13,90,82,6663,False,True,44,44,0.22666666666666668,0.22666666666666668,0.02962962962962963,0.02962962962962963,0.05263157894736841,0.05263157894736841,0.06052989617257609,0.11106074342701723,2196.0,0.0
denovo_pdb__7vty_A,18,90,82,6663,False,True,39,39,0.23448275862068962,0.23448275862068962,0.08264462809917356,0.08264462809917356,0.01801801801801802,0.01801801801801802,0.0651513579752718,0.1118659420289855,2181.0,0.0
casp_fm__T1042-D1,10,276,210,6663,False,True,20,20,0.048484848484848485,0.048484848484848485,0.014134275618374558,0.014134275618374558,0.0189873417721519,0.0189873417721519,0.022351127372023608,0.036585365853658534,2212.0,0.0
casp_fm__T1042-D1,9,276,210,6663,False,True,19,19,0.03749999999999999,0.03749999999999999,0.014134275618374558,0.014134275618374558,0.012269938650306749,0.012269938650306749,0.011962997277806229,0.025733634311512415,2215.0,0.0
casp_fm__T1042-D1,6,276,210,6663,False,True,19,19,0.07051282051282051,0.07051282051282051,0.029673590504451036,0.029673590504451036,0.07051282051282051,0.07051282051282051,0.010431557325386285,0.03476297968397291,2212.0,0.0
casp_fm__T1042-D1,12,276,210,6663,False,True,20,20,0.05555555555555556,0.05555555555555556,0.015325670498084292,0.015325670498084292,0.031746031746031744,0.031746031746031744,0.012367519709129766,0.03477868112014453,2208.0,0.0
denovo_pdb__9qul_A,23,169,159,2919,True,True,9,9,0.12195121951219512,0.12195121951219512,0.12195121951219512,0.12195121951219512,0.10156249999999999,0.10156249999999999,0.056586419706287666,0.09278350515463918,970.0,0.0
denovo_pdb__9qul_A,15,169,159,6663,False,True,21,21,0.12167300380228138,0.12167300380228138,0.05405405405405406,0.05405405405405406,0.049822064056939494,0.049822064056939494,0.0514767673509894,0.09168925022583559,2204.0,0.0
denovo_pdb__9qul_A,10,169,159,1203,True,True,3,3,0.1641337386018237,0.1641337386018237,0.1641337386018237,0.1641337386018237,0.14981273408239698,0.14981273408239698,0.12588943623426382,0.1725,400.0,0.0
denovo_pdb__9qul_A,12,169,159,6663,False,True,19,19,0.18382352941176472,0.18382352941176472,0.021390374331550804,0.021390374331550804,0.14448669201520914,0.14448669201520914,0.05238604309256664,0.11241534988713318,2187.0,0.0
denovo_pdb__7hj2_A,13,126,87,932,True,True,5,5,0.3496503496503497,0.3496503496503497,0.34146341463414637,0.34146341463414637,0.24675324675324675,0.24675324675324675,0.10275019098548512,0.3365695792880259,309.0,0.0
denovo_pdb__7hj2_A,2,126,87,2127,True,True,9,9,0.35294117647058826,0.35294117647058826,0.35294117647058826,0.35294117647058826,0.31446540880503143,0.31446540880503143,0.08099440480180342,0.2719546742209632,705.0,0.0
denovo_pdb__7hj2_A,14,126,87,109,True,True,1,1,0.37398373983739835,0.37398373983739835,0.37398373983739835,0.37398373983739835,0.37398373983739835,0.37398373983739835,,0.6388888888888888,36.0,0.0
denovo_pdb__7hj2_A,6,126,87,392,True,True,2,2,0.37696335078534027,0.37696335078534027,0.37696335078534027,0.37696335078534027,0.12389380530973451,0.12389380530973451,0.09243697478991597,0.33076923076923076,130.0,0.0
denovo_pdb__6x9z_A,9,120,105,1006,True,True,4,4,0.39593908629441626,0.39593908629441626,0.39593908629441626,0.39593908629441626,0.26136363636363635,0.26136363636363635,0.16708155245565418,0.3532934131736527,334.0,0.0
denovo_pdb__6x9z_A,21,120,105,975,True,True,3,3,0.4125560538116592,0.4125560538116592,0.4125560538116592,0.4125560538116592,0.320855614973262,0.320855614973262,0.17004863323830288,0.3487654320987654,322.0,0.0
denovo_pdb__6x9z_A,13,120,105,3362,True,True,14,14,0.36649214659685864,0.36649214659685864,0.36649214659685864,0.36649214659685864,0.21800947867298578,0.21800947867298578,0.13753568728872134,0.3010752688172043,1113.0,0.0
denovo_pdb__6x9z_A,15,120,105,819,True,True,3,3,0.3495145631067961,0.3495145631067961,0.3495145631067961,0.3495145631067961,0.21463414634146344,0.21463414634146344,0.04592443849471962,0.23897058823529413,272.0,0.0
denovo_pdb__4u3h_A,2,100,72,253,True,True,1,1,0.6538461538461539,0.6538461538461539,0.6538461538461539,0.6538461538461539,0.6538461538461539,0.6538461538461539,,0.6071428571428571,84.0,0.0
denovo_pdb__4u3h_A,11,100,72,232,True,True,1,1,0.6442953020134228,0.6442953020134228,0.6442953020134228,0.6442953020134228,0.6442953020134228,0.6442953020134228,,0.6233766233766234,77.0,0.0
denovo_pdb__4u3h_A,3,100,72,247,True,True,1,1,0.6493506493506495,0.6493506493506495,0.6493506493506495,0.6493506493506495,0.6493506493506495,0.6493506493506495,,0.6097560975609756,82.0,0.0
denovo_pdb__4u3h_A,6,100,72,214,True,True,1,1,0.6293706293706294,0.6293706293706294,0.6293706293706294,0.6293706293706294,0.6293706293706294,0.6293706293706294,,0.6338028169014085,71.0,0.0
denovo_pdb__8vc8_A,18,197,147,6663,False,True,20,20,0.08695652173913043,0.08695652173913043,0.0,0.0,0.05240174672489083,0.05240174672489083,0.01890728867798709,0.057813911472448055,2204.0,0.0
denovo_pdb__8vc8_A,10,197,147,6663,False,True,21,21,0.10833333333333332,0.10833333333333332,0.012658227848101267,0.012658227848101267,0.015873015873015872,0.015873015873015872,0.020037077504843653,0.05013550135501355,2205.0,0.0
denovo_pdb__8vc8_A,6,197,147,6663,False,True,20,20,0.07971014492753623,0.07971014492753623,0.017699115044247787,0.017699115044247787,0.0390625,0.0390625,0.019424602513730377,0.045167118337850046,2206.0,0.0
denovo_pdb__8vc8_A,22,197,147,6663,False,True,21,21,0.09523809523809522,0.09523809523809522,0.009950248756218905,0.009950248756218905,0.03389830508474576,0.03389830508474576,0.035352465732292886,0.06007226738934056,2209.0,0.0
denovo_pdb__9x1w_A,13,88,43,1357,True,True,16,16,0.4444444444444444,0.4444444444444444,0.2619047619047619,0.2619047619047619,0.19277108433734938,0.19277108433734938,0.10709747096622341,0.348993288590604,445.0,0.0
denovo_pdb__9x1w_A,17,88,43,1395,True,True,15,15,0.6250000000000001,0.6250000000000001,0.6024096385542168,0.6024096385542168,0.25806451612903225,0.25806451612903225,0.08015117344130528,0.33695652173913043,460.0,0.0
denovo_pdb__9x1w_A,23,88,43,636,True,True,9,9,0.5542168674698795,0.5542168674698795,0.5542168674698795,0.5542168674698795,0.2153846153846154,0.2153846153846154,0.0979592960850563,0.3157894736842105,209.0,0.0
denovo_pdb__9x1w_A,19,88,43,945,True,True,15,15,0.5714285714285715,0.5714285714285715,0.4,0.4,0.14035087719298245,0.14035087719298245,0.07142455122872601,0.26129032258064516,309.0,0.0
denovo_pdb__6qsh_A,17,246,212,643,True,True,1,1,0.6009389671361501,0.6009389671361501,0.6009389671361501,0.6009389671361501,0.6009389671361501,0.6009389671361501,,0.5981308411214953,214.0,0.0
denovo_pdb__6qsh_A,3,246,212,953,True,True,2,2,0.6348448687350835,0.6348448687350835,0.6348448687350835,0.6348448687350835,0.36024844720496896,0.36024844720496896,0.19622641509433963,0.6025236593059937,317.0,0.0
denovo_pdb__6qsh_A,8,246,212,1170,True,True,3,3,0.5910290237467019,0.5910290237467019,0.5910290237467019,0.5910290237467019,0.3641975308641975,0.3641975308641975,0.20199887387387389,0.5989717223650386,389.0,0.0
denovo_pdb__6qsh_A,0,246,212,733,True,True,1,1,0.629955947136564,0.629955947136564,0.629955947136564,0.629955947136564,0.629955947136564,0.629955947136564,,0.5860655737704918,242.0,0.0
cameo_hard__8j4i_A,3,190,127,6663,False,True,19,19,0.06222222222222223,0.06222222222222223,0.01486988847583643,0.01486988847583643,0.042735042735042736,0.042735042735042736,0.021407113974132714,0.028893905191873587,2203.0,0.0
cameo_hard__8j4i_A,13,190,127,6663,False,True,20,20,0.07692307692307693,0.07692307692307693,0.046242774566473986,0.046242774566473986,0.024,0.024,0.020550135903057553,0.02935862691960253,2210.0,0.0
cameo_hard__8j4i_A,4,190,127,6663,False,True,19,19,0.05761316872427984,0.05761316872427984,0.0311284046692607,0.0311284046692607,0.025862068965517244,0.025862068965517244,0.02331338141779451,0.023927765237020317,2199.0,0.0
cameo_hard__8j4i_A,21,190,127,6663,False,True,19,19,0.09411764705882353,0.09411764705882353,0.07594936708860758,0.07594936708860758,0.016806722689075633,0.016806722689075633,0.018341378673275042,0.03250564334085779,2209.0,0.0
denovo_pdb__2zgg_A,6,88,63,232,True,True,1,1,0.6187050359712231,0.6187050359712231,0.6187050359712231,0.6187050359712231,0.6187050359712231,0.6187050359712231,,0.5584415584415584,76.0,0.0
denovo_pdb__2zgg_A,16,88,63,413,True,True,2,2,0.6923076923076923,0.6923076923076923,0.6923076923076923,0.6923076923076923,0.6917293233082706,0.6917293233082706,0.4574468085106383,0.6642335766423357,137.0,0.0
denovo_pdb__2zgg_A,3,88,63,1415,True,True,8,8,0.7603305785123967,0.7603305785123967,0.7603305785123967,0.7603305785123967,0.7050359712230216,0.7050359712230216,0.38330731870408863,0.7121535181236673,467.0,0.0
denovo_pdb__2zgg_A,13,88,63,265,True,True,1,1,0.6533333333333333,0.6533333333333333,0.6533333333333333,0.6533333333333333,0.6533333333333333,0.6533333333333333,,0.5568181818181818,87.0,0.0
denovo_pdb__8k8f_A,18,179,122,719,True,True,2,2,0.2833333333333333,0.2833333333333333,0.2833333333333333,0.2833333333333333,0.2222222222222222,0.2222222222222222,0.10138248847926268,0.25523012552301255,239.0,0.0
denovo_pdb__8k8f_A,23,179,122,2808,True,True,9,9,0.4112903225806452,0.4112903225806452,0.4112903225806452,0.4112903225806452,0.12844036697247707,0.12844036697247707,0.07048289885180455,0.21007502679528403,933.0,0.0
denovo_pdb__8k8f_A,22,179,122,1508,True,True,5,5,0.19658119658119658,0.19658119658119658,0.19658119658119658,0.19658119658119658,0.07582938388625592,0.07582938388625592,0.0670444003753447,0.12974051896207583,501.0,0.0
denovo_pdb__8k8f_A,1,179,122,999,True,True,3,3,0.2591093117408907,0.2591093117408907,0.2591093117408907,0.2591093117408907,0.16597510373443983,0.16597510373443983,0.1007496498887882,0.19879518072289157,332.0,0.0
denovo_pdb__9dea_A,7,79,51,3196,True,True,22,22,0.3469387755102041,0.3469387755102041,0.3469387755102041,0.3469387755102041,0.2558139534883721,0.2558139534883721,0.11934590611551917,0.1994328922495274,1055.0,0.0
denovo_pdb__9dea_A,13,79,51,3294,True,True,24,24,0.2678571428571429,0.2678571428571429,0.2678571428571429,0.2678571428571429,0.0594059405940594,0.0594059405940594,0.04301971053358953,0.09174311926605505,1085.0,0.0
denovo_pdb__9dea_A,19,79,51,2963,True,True,20,20,0.18691588785046728,0.18691588785046728,0.08888888888888888,0.08888888888888888,0.050632911392405056,0.050632911392405056,0.051369166284853364,0.07951070336391437,979.0,0.0
denovo_pdb__9dea_A,3,79,51,1212,True,True,9,9,0.18181818181818185,0.18181818181818185,0.18181818181818185,0.18181818181818185,0.12371134020618556,0.12371134020618556,0.03099349654999232,0.08478802992518704,400.0,0.0
denovo_pdb__1mj0_A,17,156,107,397,True,True,1,1,0.7364016736401673,0.7364016736401673,0.7364016736401673,0.7364016736401673,0.7364016736401673,0.7364016736401673,,0.6666666666666666,132.0,0.0
denovo_pdb__1mj0_A,19,156,107,403,True,True,1,1,0.7112970711297072,0.7112970711297072,0.7112970711297072,0.7112970711297072,0.7112970711297072,0.7112970711297072,,0.6343283582089553,132.0,0.0
denovo_pdb__1mj0_A,12,156,107,445,True,True,1,1,0.6640316205533597,0.6640316205533597,0.6640316205533597,0.6640316205533597,0.6640316205533597,0.6640316205533597,,0.5675675675675675,146.0,0.0
denovo_pdb__1mj0_A,8,156,107,379,True,True,1,1,0.7381974248927038,0.7381974248927038,0.7381974248927038,0.7381974248927038,0.7381974248927038,0.7381974248927038,,0.6825396825396826,126.0,0.0
denovo_pdb__4pjs_A,22,175,107,406,True,True,1,1,0.5892116182572613,0.5892116182572613,0.5892116182572613,0.5892116182572613,0.5892116182572613,0.5892116182572613,,0.5259259259259259,134.0,0.0
denovo_pdb__4pjs_A,5,175,107,430,True,True,1,1,0.584,0.584,0.584,0.584,0.584,0.584,,0.5104895104895105,143.0,0.0
denovo_pdb__4pjs_A,12,175,107,626,True,True,2,2,0.6161137440758293,0.6161137440758293,0.6161137440758293,0.6161137440758293,0.4644549763033175,0.4644549763033175,0.3248407643312102,0.5480769230769231,208.0,0.0
denovo_pdb__4pjs_A,23,175,107,355,True,True,1,1,0.5777777777777777,0.5777777777777777,0.5777777777777777,0.5777777777777777,0.5777777777777777,0.5777777777777777,,0.5508474576271186,118.0,0.0
denovo_pdb__6yqy_A,9,178,237,2692,True,True,7,7,0.3436123348017621,0.3436123348017621,0.3436123348017621,0.3436123348017621,0.17366946778711487,0.17366946778711487,0.11631308263570728,0.30837988826815643,893.0,0.0
denovo_pdb__6yqy_A,13,178,237,2048,True,True,5,5,0.4405286343612335,0.4405286343612335,0.4405286343612335,0.4405286343612335,0.17032967032967036,0.17032967032967036,0.09626082322557286,0.35389133627019087,680.0,0.0
denovo_pdb__6yqy_A,10,178,237,1296,True,True,3,3,0.472289156626506,0.472289156626506,0.472289156626506,0.472289156626506,0.28405797101449276,0.28405797101449276,0.17842337750594633,0.4895591647331787,431.0,0.0
denovo_pdb__6yqy_A,19,178,237,6663,False,True,18,18,0.3012987012987013,0.3012987012987013,0.1212121212121212,0.1212121212121212,0.22543352601156066,0.22543352601156066,0.06944310308189985,0.2401805869074492,2206.0,0.0
denovo_pdb__7hjj_A,1,126,93,2223,True,True,9,9,0.27906976744186046,0.27906976744186046,0.27906976744186046,0.27906976744186046,0.1485148514851485,0.1485148514851485,0.06434198236659076,0.1842818428184282,738.0,0.0
denovo_pdb__7hjj_A,10,126,93,937,True,True,4,4,0.4090909090909091,0.4090909090909091,0.20224719101123598,0.20224719101123598,0.30303030303030304,0.30303030303030304,0.11533463287849254,0.3215434083601286,311.0,0.0
denovo_pdb__7hjj_A,21,126,93,1475,True,True,8,8,0.43930635838150295,0.43930635838150295,0.43930635838150295,0.43930635838150295,0.15789473684210525,0.15789473684210525,0.07554469082834352,0.24539877300613497,488.0,0.0
denovo_pdb__7hjj_A,8,126,93,449,True,True,2,2,0.2237762237762238,0.2237762237762238,0.2237762237762238,0.2237762237762238,0.18750000000000003,0.18750000000000003,0.1037037037037037,0.22818791946308725,149.0,0.0
denovo_pdb__8tnm_A,9,136,115,1954,True,True,13,13,0.15789473684210528,0.15789473684210528,0.11398963730569948,0.11398963730569948,0.15789473684210528,0.15789473684210528,0.01645966878388439,0.10819165378670788,644.0,0.0
denovo_pdb__8tnm_A,4,136,115,3400,True,True,19,19,0.13157894736842105,0.13157894736842105,0.1283422459893048,0.1283422459893048,0.0684931506849315,0.0684931506849315,0.028231276674201795,0.10115350488021295,1125.0,0.0
denovo_pdb__8tnm_A,21,136,115,6663,False,True,24,24,0.15483870967741933,0.15483870967741933,0.14012738853503184,0.14012738853503184,0.12121212121212122,0.12121212121212122,0.05508511566052375,0.1061906913691821,2161.0,0.0
denovo_pdb__8tnm_A,7,136,115,6663,False,True,25,25,0.24120603015075373,0.24120603015075373,0.0880503144654088,0.0880503144654088,0.011695906432748539,0.011695906432748539,0.04610907098296423,0.12381382738364212,2190.0,0.0
denovo_pdb__5cwh_A,7,159,115,779,True,True,2,2,0.4615384615384615,0.4615384615384615,0.4615384615384615,0.4615384615384615,0.3930131004366812,0.3930131004366812,0.1935483870967742,0.40540540540540543,259.0,0.0
denovo_pdb__5cwh_A,12,159,115,809,True,True,2,2,0.5543071161048689,0.5543071161048689,0.5543071161048689,0.5543071161048689,0.39826839826839827,0.39826839826839827,0.3073170731707317,0.44609665427509293,268.0,0.0
denovo_pdb__5cwh_A,9,159,115,791,True,True,2,2,0.525096525096525,0.525096525096525,0.525096525096525,0.525096525096525,0.47863247863247865,0.47863247863247865,0.2955665024630542,0.4714828897338403,263.0,0.0
denovo_pdb__5cwh_A,11,159,115,1739,True,True,5,5,0.5190839694656489,0.5190839694656489,0.5190839694656489,0.5190839694656489,0.35714285714285715,0.35714285714285715,0.08903996554681286,0.3391003460207612,577.0,0.0
denovo_pdb__9r1m_A,20,129,108,4092,True,True,15,15,0.7162790697674418,0.7162790697674418,0.7162790697674418,0.7162790697674418,0.14893617021276598,0.14893617021276598,0.10969311835887548,0.2980132450331126,1355.0,0.0
denovo_pdb__9r1m_A,4,129,108,6663,False,True,28,28,0.39999999999999997,0.39999999999999997,0.08955223880597016,0.08955223880597016,0.07407407407407407,0.07407407407407407,0.0688195163598421,0.20298372513562388,2190.0,0.0
denovo_pdb__9r1m_A,17,129,108,6663,False,True,28,28,0.34210526315789475,0.34210526315789475,0.07894736842105263,0.07894736842105263,0.046511627906976744,0.046511627906976744,0.06212348061786013,0.1595840867992767,2197.0,0.0
denovo_pdb__9r1m_A,5,129,108,6663,False,True,22,22,0.3473684210526316,0.3473684210526316,0.05925925925925926,0.05925925925925926,0.10227272727272725,0.10227272727272725,0.06712962629358848,0.14588979223125564,2149.0,0.0
foldbench100__8akh_A,5,374,321,6663,False,True,20,20,0.03255813953488372,0.03255813953488372,0.00558659217877095,0.00558659217877095,0.00945626477541371,0.00945626477541371,0.007954373344647533,0.03342366757000903,2212.0,0.0
foldbench100__8akh_A,11,374,321,6663,False,True,19,19,0.03375527426160337,0.03375527426160337,0.014388489208633093,0.014388489208633093,0.013761467889908256,0.013761467889908256,0.009768441205922957,0.02799097065462754,2210.0,0.0
foldbench100__8akh_A,15,374,321,6663,False,True,20,20,0.0367816091954023,0.0367816091954023,0.010638297872340425,0.010638297872340425,0.018348623853211007,0.018348623853211007,0.009683319852695276,0.02981029810298103,2212.0,0.0
foldbench100__8akh_A,20,374,321,6663,False,True,20,20,0.029978586723768734,0.029978586723768734,0.01,0.01,0.018475750577367205,0.018475750577367205,0.007901093322191239,0.03116531165311653,2212.0,0.0
denovo_pdb__9r17_A,17,105,86,2968,True,True,13,13,0.2644628099173553,0.2644628099173553,0.2076502732240437,0.2076502732240437,0.13924050632911392,0.13924050632911392,0.06836092468105974,0.166497461928934,985.0,0.0
denovo_pdb__9r17_A,1,105,86,6663,False,True,28,28,0.2857142857142857,0.2857142857142857,0.051724137931034475,0.051724137931034475,0.12643678160919541,0.12643678160919541,0.060517871840641245,0.16726943942133815,2203.0,0.0
denovo_pdb__9r17_A,15,105,86,1668,True,True,6,6,0.29591836734693877,0.29591836734693877,0.29591836734693877,0.29591836734693877,0.22222222222222218,0.22222222222222218,0.0843005534683644,0.20397111913357402,554.0,0.0
denovo_pdb__9r17_A,19,105,86,6663,False,True,31,31,0.3798882681564246,0.3798882681564246,0.06030150753768844,0.06030150753768844,0.18300653594771243,0.18300653594771243,0.07801329837421896,0.20171867933061963,2190.0,0.0
denovo_pdb__7hiy_A,18,126,93,1500,True,True,6,6,0.6073298429319371,0.6073298429319371,0.6073298429319371,0.6073298429319371,0.09937888198757763,0.09937888198757763,0.0749884148678852,0.29518072289156627,498.0,0.0
denovo_pdb__7hiy_A,19,126,93,751,True,True,4,4,0.4186046511627907,0.4186046511627907,0.4186046511627907,0.4186046511627907,0.36241610738255037,0.36241610738255037,0.10465838509316772,0.39357429718875503,249.0,0.0
denovo_pdb__7hiy_A,22,126,93,3087,True,True,12,12,0.43298969072164945,0.43298969072164945,0.43298969072164945,0.43298969072164945,0.42696629213483145,0.42696629213483145,0.06813912147445389,0.2546341463414634,1021.0,0.0
denovo_pdb__7hiy_A,2,126,93,289,True,True,1,1,0.1798941798941799,0.1798941798941799,0.1798941798941799,0.1798941798941799,0.1798941798941799,0.1798941798941799,,0.17708333333333334,96.0,0.0
denovo_pdb__5vnv_A,23,120,116,6663,False,True,26,26,0.1708542713567839,0.1708542713567839,0.027777777777777776,0.027777777777777776,0.11594202898550725,0.11594202898550725,0.04771513100008061,0.10171790235081374,2199.0,0.0
denovo_pdb__5vnv_A,0,120,116,6663,False,True,23,23,0.24778761061946902,0.24778761061946902,0.12389380530973451,0.12389380530973451,0.052401746724890834,0.052401746724890834,0.05061143761017662,0.1211025756891098,2194.0,0.0
denovo_pdb__5vnv_A,18,120,116,6663,False,True,22,22,0.14423076923076925,0.14423076923076925,0.07291666666666667,0.07291666666666667,0.018433179723502308,0.018433179723502308,0.040247072348617276,0.08220415537488708,2198.0,0.0
denovo_pdb__5vnv_A,14,120,116,6663,False,True,23,23,0.2775510204081632,0.2775510204081632,0.027210884353741496,0.027210884353741496,0.27102803738317754,0.27102803738317754,0.10033848638113145,0.20605512878445548,2182.0,0.0
denovo_pdb__3v1a_A,14,48,24,140,True,True,5,5,0.4444444444444444,0.4444444444444444,0.32558139534883723,0.32558139534883723,0.4444444444444444,0.4444444444444444,0.08015873015873015,0.5333333333333333,45.0,0.0
denovo_pdb__3v1a_A,11,48,24,262,True,True,7,7,0.7826086956521738,0.7826086956521738,0.7826086956521738,0.7826086956521738,0.6666666666666667,0.6666666666666667,0.15350186897501475,0.7764705882352941,83.0,0.0
denovo_pdb__3v1a_A,16,48,24,206,True,True,5,5,0.6666666666666666,0.6666666666666666,0.5,0.5,0.38888888888888895,0.38888888888888895,0.3174436090225564,0.7164179104477612,66.0,0.0
denovo_pdb__3v1a_A,6,48,24,37,True,True,1,1,0.4444444444444444,0.4444444444444444,0.4444444444444444,0.4444444444444444,0.4444444444444444,0.4444444444444444,,0.6666666666666666,12.0,0.0
denovo_pdb__9jwt_A,8,292,272,6663,False,True,19,19,0.10430839002267574,0.10430839002267574,0.011904761904761904,0.011904761904761904,0.01990049751243781,0.01990049751243781,0.022086120429211546,0.09029345372460497,2213.0,0.0
denovo_pdb__9jwt_A,9,292,272,6663,False,True,19,19,0.2260869565217391,0.2260869565217391,0.08074534161490683,0.08074534161490683,0.05820105820105821,0.05820105820105821,0.03875409749695252,0.1711060948081264,2214.0,0.0
denovo_pdb__9jwt_A,3,292,272,6663,False,True,20,20,0.11794871794871795,0.11794871794871795,0.06020066889632107,0.06020066889632107,0.06824146981627296,0.06824146981627296,0.026410389858502158,0.13821138211382114,2213.0,0.0
denovo_pdb__9jwt_A,23,292,272,6663,False,True,20,20,0.14698162729658792,0.14698162729658792,0.03814713896457765,0.03814713896457765,0.07526881720430108,0.07526881720430108,0.021572243798766082,0.12375790424570912,2213.0,0.0
foldbench100__8arl_A,11,246,260,6663,False,True,21,21,0.025839793281653745,0.025839793281653745,0.0,0.0,0.025839793281653745,0.025839793281653745,0.019933163681660492,0.018066847335140017,2209.0,0.0
foldbench100__8arl_A,16,246,260,6663,False,True,18,18,0.04177545691906006,0.04177545691906006,0.00625,0.00625,0.010582010582010581,0.010582010582010581,0.031409979162764515,0.022121896162528215,2210.0,0.0
foldbench100__8arl_A,17,246,260,6663,False,True,18,18,0.05655526992287918,0.05655526992287918,0.023255813953488372,0.023255813953488372,0.0,0.0,0.02351329342448073,0.03476297968397291,2195.0,0.0
foldbench100__8arl_A,9,246,260,6663,False,True,19,19,0.04145077720207254,0.04145077720207254,0.0,0.0,0.005376344086021506,0.005376344086021506,0.02170037891323516,0.02528216704288939,2211.0,0.0
denovo_pdb__6ds9_A,6,93,87,624,True,True,6,6,0.42335766423357657,0.42335766423357657,0.42335766423357657,0.42335766423357657,0.20183486238532114,0.20183486238532114,0.10400425951315669,0.3640776699029126,205.0,0.0
denovo_pdb__6ds9_A,23,93,87,193,True,True,1,1,0.5466666666666667,0.5466666666666667,0.5466666666666667,0.5466666666666667,0.5466666666666667,0.5466666666666667,,0.640625,63.0,0.0
denovo_pdb__6ds9_A,22,93,87,6663,False,True,28,28,0.5189189189189191,0.5189189189189191,0.34567901234567905,0.34567901234567905,0.21476510067114093,0.21476510067114093,0.16400746907730282,0.25180831826401445,2136.0,0.0
denovo_pdb__6ds9_A,14,93,87,1041,True,True,6,6,0.5818181818181819,0.5818181818181819,0.380952380952381,0.380952380952381,0.40579710144927533,0.40579710144927533,0.18607905455200618,0.4927536231884058,345.0,0.0
denovo_pdb__4ijb_A,2,244,237,4271,True,True,11,11,0.25508317929759705,0.25508317929759705,0.25508317929759705,0.25508317929759705,0.12607449856733527,0.12607449856733527,0.047753120825993256,0.2119718309859155,1419.0,0.0
denovo_pdb__4ijb_A,21,244,237,4265,True,True,11,11,0.2391681109185442,0.2391681109185442,0.2391681109185442,0.2391681109185442,0.07142857142857142,0.07142857142857142,0.04863008422207327,0.1918194640338505,1415.0,0.0
denovo_pdb__4ijb_A,1,244,237,4434,True,True,12,12,0.24096385542168675,0.24096385542168675,0.24096385542168675,0.24096385542168675,0.10982658959537572,0.10982658959537572,0.04744141581980644,0.1865671641791045,1471.0,0.0
denovo_pdb__4ijb_A,3,244,237,2935,True,True,7,7,0.2769230769230769,0.2769230769230769,0.2769230769230769,0.2769230769230769,0.12138728323699424,0.12138728323699424,0.051337868585211145,0.21004098360655737,974.0,0.0
denovo_pdb__7hjx_A,8,126,93,906,True,True,3,3,0.5959595959595959,0.5959595959595959,0.5959595959595959,0.5959595959595959,0.19565217391304346,0.19565217391304346,0.2418892241218758,0.42524916943521596,301.0,0.0
denovo_pdb__7hjx_A,14,126,93,859,True,True,4,4,0.23589743589743592,0.23589743589743592,0.23589743589743592,0.23589743589743592,0.1888888888888889,0.1888888888888889,0.04932182147886415,0.18596491228070175,285.0,0.0
denovo_pdb__7hjx_A,3,126,93,2624,True,True,11,11,0.5759162303664921,0.5759162303664921,0.5759162303664921,0.5759162303664921,0.2967032967032967,0.2967032967032967,0.0824959579185774,0.3340987370838117,868.0,0.0
denovo_pdb__7hjx_A,15,126,93,2285,True,True,11,11,0.37894736842105264,0.37894736842105264,0.3583815028901734,0.3583815028901734,0.13605442176870747,0.13605442176870747,0.07100875570681224,0.2598944591029024,756.0,0.0
denovo_pdb__4qks_A,22,124,139,3167,True,True,11,11,0.3377777777777778,0.3377777777777778,0.3377777777777778,0.3377777777777778,0.264,0.264,0.1415690166693206,0.314638783269962,1052.0,0.0
denovo_pdb__4qks_A,7,124,139,4136,True,True,14,14,0.2540983606557377,0.2540983606557377,0.2519685039370078,0.2519685039370078,0.2139917695473251,0.2139917695473251,0.13519051145608213,0.25181950509461426,1371.0,0.0
denovo_pdb__4qks_A,6,124,139,4709,True,True,14,14,0.33463035019455256,0.33463035019455256,0.24899598393574296,0.24899598393574296,0.2439024390243902,0.2439024390243902,0.12640829563266967,0.23578274760383386,1562.0,0.0
denovo_pdb__4qks_A,3,124,139,1628,True,True,5,5,0.345679012345679,0.345679012345679,0.2992125984251969,0.2992125984251969,0.24124513618677043,0.24124513618677043,0.24513033256455205,0.3142329020332717,540.0,0.0
denovo_pdb__9jl8_A,18,166,182,6663,False,True,19,19,0.2005730659025788,0.2005730659025788,0.04149377593360996,0.04149377593360996,0.06578947368421052,0.06578947368421052,0.05706572633685233,0.10519187358916479,2204.0,0.0
denovo_pdb__9jl8_A,1,166,182,6663,False,True,20,20,0.11643835616438356,0.11643835616438356,0.028301886792452834,0.028301886792452834,0.08524590163934427,0.08524590163934427,0.048131078630305656,0.0971093044263776,2209.0,0.0
denovo_pdb__9jl8_A,22,166,182,6663,False,True,20,20,0.11147540983606558,0.11147540983606558,0.0728476821192053,0.0728476821192053,0.09027777777777778,0.09027777777777778,0.042814151967746635,0.0971093044263776,2204.0,0.0
denovo_pdb__9jl8_A,13,166,182,6663,False,True,19,19,0.1453287197231834,0.1453287197231834,0.010204081632653064,0.010204081632653064,0.07894736842105264,0.07894736842105264,0.04418326577516399,0.09525959367945824,2204.0,0.0
denovo_pdb__6idc_A,11,251,172,6663,False,True,19,19,0.1241830065359477,0.1241830065359477,0.025862068965517238,0.025862068965517238,0.1003584229390681,0.1003584229390681,0.033852973642180394,0.09887133182844243,2208.0,0.0
denovo_pdb__6idc_A,8,251,172,6663,False,True,20,20,0.23026315789473684,0.23026315789473684,0.02040816326530612,0.02040816326530612,0.09454545454545453,0.09454545454545453,0.028019351472353623,0.11833785004516711,2210.0,0.0
denovo_pdb__6idc_A,21,251,172,6663,False,True,19,19,0.19330855018587362,0.19330855018587362,0.07627118644067796,0.07627118644067796,0.1793103448275862,0.1793103448275862,0.03153296146692055,0.11331828442437923,2211.0,0.0
denovo_pdb__6idc_A,6,251,172,6663,False,True,20,20,0.15916955017301038,0.15916955017301038,0.0,0.0,0.08602150537634409,0.08602150537634409,0.025172018037128437,0.1002710027100271,2208.0,0.0
denovo_pdb__9jla_A,8,166,176,6663,False,True,20,20,0.1596958174904943,0.1596958174904943,0.04504504504504505,0.04504504504504505,0.06338028169014084,0.06338028169014084,0.04393182625217791,0.10388437217705511,2207.0,0.0
denovo_pdb__9jla_A,14,166,176,6663,False,True,23,23,0.10416666666666666,0.10416666666666666,0.009852216748768473,0.009852216748768473,0.04195804195804196,0.04195804195804196,0.04265184213007061,0.09173068233167646,2207.0,0.0
denovo_pdb__9jla_A,2,166,176,6663,False,True,19,19,0.10489510489510488,0.10489510489510488,0.07228915662650602,0.07228915662650602,0.061016949152542375,0.061016949152542375,0.04384151711386124,0.06997742663656885,2204.0,0.0
denovo_pdb__9jla_A,17,166,176,6663,False,True,21,21,0.10526315789473685,0.10526315789473685,0.010416666666666668,0.010416666666666668,0.08163265306122448,0.08163265306122448,0.047917963307167855,0.0921409214092141,2208.0,0.0
denovo_pdb__2i5v_O,16,246,205,6663,False,True,18,18,0.18960244648318042,0.18960244648318042,0.08609271523178808,0.08609271523178808,0.13569321533923306,0.13569321533923306,0.02709170010986664,0.13047404063205417,2211.0,0.0
denovo_pdb__2i5v_O,21,246,205,6663,False,True,18,18,0.09615384615384615,0.09615384615384615,0.014545454545454547,0.014545454545454547,0.03761755485893417,0.03761755485893417,0.0278975548834505,0.08577878103837472,2212.0,0.0
denovo_pdb__2i5v_O,0,246,205,6663,False,True,20,20,0.14414414414414417,0.14414414414414417,0.03162055335968379,0.03162055335968379,0.05194805194805194,0.05194805194805194,0.027061322982686622,0.1007226738934056,2210.0,0.0
denovo_pdb__2i5v_O,20,246,205,6663,False,True,19,19,0.14942528735632182,0.14942528735632182,0.1125,0.1125,0.11538461538461538,0.11538461538461538,0.03509983351225947,0.1309255079006772,2212.0,0.0
casp_fm__T1037-D1,0,404,406,6663,False,True,20,20,0.027290448343079924,0.027290448343079924,0.004,0.004,0.023856858846918492,0.023856858846918492,0.007508873459176374,0.03432700993676603,2212.0,0.0
casp_fm__T1037-D1,5,404,406,6663,False,True,20,20,0.03163444639718805,0.03163444639718805,0.008064516129032258,0.008064516129032258,0.007827788649706457,0.007827788649706457,0.0066936024695019745,0.03071364046973803,2213.0,0.0
casp_fm__T1037-D1,1,404,406,6663,False,True,20,20,0.03968253968253968,0.03968253968253968,0.0041928721174004195,0.0041928721174004195,0.023483365949119372,0.023483365949119372,0.007255588265029928,0.037037037037037035,2212.0,0.0
casp_fm__T1037-D1,9,404,406,6663,False,True,21,21,0.03488372093023256,0.03488372093023256,0.0,0.0,0.019801980198019802,0.019801980198019802,0.008176282299142036,0.04065040650406504,2211.0,0.0
foldbench100__7xg9_A,8,288,241,6663,False,True,21,21,0.10888252148997135,0.10888252148997135,0.04964539007092199,0.04964539007092199,0.030303030303030304,0.030303030303030304,0.020494810564883968,0.08717253839205058,2212.0,0.0
foldbench100__7xg9_A,7,288,241,6663,False,True,19,19,0.16201117318435754,0.16201117318435754,0.04032258064516129,0.04032258064516129,0.11170212765957448,0.11170212765957448,0.02855171689341013,0.13227990970654627,2213.0,0.0
foldbench100__7xg9_A,22,288,241,6663,False,True,20,20,0.12903225806451613,0.12903225806451613,0.0930232558139535,0.0930232558139535,0.07365439093484419,0.07365439093484419,0.02627016189350941,0.10569105691056911,2212.0,0.0
foldbench100__7xg9_A,20,288,241,6663,False,True,19,19,0.19487179487179487,0.19487179487179487,0.035460992907801414,0.035460992907801414,0.06666666666666667,0.06666666666666667,0.04030530245245637,0.1562076749435666,2212.0,0.0
foldbench100__7x4p_A,8,307,333,6663,False,True,19,19,0.05842696629213483,0.05842696629213483,0.015789473684210523,0.015789473684210523,0.03139013452914799,0.03139013452914799,0.016517761828098193,0.04785553047404063,2212.0,0.0
foldbench100__7x4p_A,0,307,333,6663,False,True,20,20,0.04329004329004329,0.04329004329004329,0.0,0.0,0.02708803611738149,0.02708803611738149,0.011626232547430376,0.04652213188798555,2210.0,0.0
foldbench100__7x4p_A,19,307,333,6663,False,True,19,19,0.047109207708779445,0.047109207708779445,0.0,0.0,0.03669724770642202,0.03669724770642202,0.009523070194031884,0.056433408577878104,2211.0,0.0
foldbench100__7x4p_A,20,307,333,6663,False,True,19,19,0.05228758169934641,0.05228758169934641,0.010582010582010583,0.010582010582010583,0.008888888888888889,0.008888888888888889,0.013970561330765371,0.05237020316027088,2215.0,0.0
denovo_pdb__7vql_A,9,115,95,3437,True,True,14,14,0.3434343434343434,0.3434343434343434,0.3434343434343434,0.3434343434343434,0.07368421052631578,0.07368421052631578,0.05733184967776667,0.13496932515337423,1139.0,0.0
denovo_pdb__7vql_A,4,115,95,1796,True,True,8,8,0.39593908629441626,0.39593908629441626,0.39593908629441626,0.39593908629441626,0.24539877300613494,0.24539877300613494,0.0856368494582561,0.26174496644295303,595.0,0.0
denovo_pdb__7vql_A,5,115,95,3136,True,True,16,16,0.30409356725146197,0.30409356725146197,0.30409356725146197,0.30409356725146197,0.12121212121212122,0.12121212121212122,0.060664181109017286,0.14711538461538462,1040.0,0.0
denovo_pdb__7vql_A,22,115,95,3688,True,True,16,16,0.2891566265060241,0.2891566265060241,0.2822085889570552,0.2822085889570552,0.24210526315789474,0.24210526315789474,0.05719885624260131,0.1919934640522876,1217.0,0.0
casp_fm__T1125-D4,0,141,94,6663,False,True,27,27,0.17948717948717946,0.17948717948717946,0.029629629629629627,0.029629629629629627,0.04,0.04,0.04122843818946202,0.10849909584086799,2204.0,0.0
casp_fm__T1125-D4,9,141,94,6663,False,True,31,31,0.20858895705521474,0.20858895705521474,0.0,0.0,0.06629834254143646,0.06629834254143646,0.03379238552858674,0.08005427408412483,2203.0,0.0
casp_fm__T1125-D4,21,141,94,6663,False,True,27,27,0.16304347826086954,0.16304347826086954,0.12121212121212122,0.12121212121212122,0.1,0.1,0.03487569886655137,0.08770343580470162,2205.0,0.0
casp_fm__T1125-D4,8,141,94,3513,True,True,12,12,0.18905472636815918,0.18905472636815918,0.18905472636815918,0.18905472636815918,0.0588235294117647,0.0588235294117647,0.026615011188322272,0.08826049700085689,1167.0,0.0
denovo_pdb__4lt9_A,4,250,236,6663,False,True,19,19,0.14942528735632185,0.14942528735632185,0.06918238993710692,0.06918238993710692,0.03856749311294766,0.03856749311294766,0.02756985483189771,0.11783295711060948,2211.0,0.0
denovo_pdb__4lt9_A,2,250,236,5177,True,True,14,14,0.3409961685823755,0.3409961685823755,0.3409961685823755,0.3409961685823755,0.07079646017699116,0.07079646017699116,0.0486058877923698,0.21150493898895992,1717.0,0.0
denovo_pdb__4lt9_A,23,250,236,6663,False,True,18,18,0.178117048346056,0.178117048346056,0.10169491525423731,0.10169491525423731,0.09798270893371758,0.09798270893371758,0.03885444008425289,0.17020316027088037,2212.0,0.0
denovo_pdb__4lt9_A,11,250,236,3321,True,True,9,9,0.29554655870445345,0.29554655870445345,0.29554655870445345,0.29554655870445345,0.07624633431085044,0.07624633431085044,0.027152439801033268,0.16394927536231885,1101.0,0.0
denovo_pdb__7f1i_A,6,191,228,6663,False,True,19,19,0.093841642228739,0.093841642228739,0.0,0.0,0.034682080924855495,0.034682080924855495,0.03133709244039226,0.0654627539503386,2207.0,0.0
denovo_pdb__7f1i_A,7,191,228,6663,False,True,18,18,0.11499999999999998,0.11499999999999998,0.11499999999999998,0.11499999999999998,0.042296072507552865,0.042296072507552865,0.01913784401560834,0.06049661399548533,2197.0,0.0
denovo_pdb__7f1i_A,13,191,228,6663,False,True,18,18,0.07672634271099743,0.07672634271099743,0.06763285024154589,0.06763285024154589,0.03021148036253777,0.03021148036253777,0.0323087348173186,0.057787810383747175,2198.0,0.0
denovo_pdb__7f1i_A,16,191,228,6663,False,True,20,20,0.10029498525073745,0.10029498525073745,0.006872852233676976,0.006872852233676976,0.057971014492753624,0.057971014492753624,0.027002923016857566,0.07723577235772358,2209.0,0.0
denovo_pdb__8kcj_A,1,179,122,4554,True,True,15,15,0.25104602510460244,0.25104602510460244,0.25104602510460244,0.25104602510460244,0.07964601769911504,0.07964601769911504,0.0859625569331116,0.17382683410442828,1506.0,0.0
denovo_pdb__8kcj_A,3,179,122,6663,False,True,24,24,0.2600896860986547,0.2600896860986547,0.04477611940298507,0.04477611940298507,0.045454545454545456,0.045454545454545456,0.04566691507750442,0.15680072300045186,2209.0,0.0
denovo_pdb__8kcj_A,14,179,122,1017,True,True,3,3,0.22222222222222224,0.22222222222222224,0.22222222222222224,0.22222222222222224,0.14678899082568808,0.14678899082568808,0.058185840707964606,0.17455621301775148,337.0,0.0
denovo_pdb__8kcj_A,8,179,122,3456,True,True,12,12,0.19555555555555557,0.19555555555555557,0.19555555555555557,0.19555555555555557,0.046511627906976744,0.046511627906976744,0.061929828104567444,0.1254355400696864,1146.0,0.0
foldbench100__7xyr_A,18,591,707,6663,False,True,18,18,0.09421000981354269,0.09421000981354269,0.03526448362720403,0.03526448362720403,0.022528160200250315,0.022528160200250315,0.009657811893915836,0.0943566591422122,2209.0,0.0
foldbench100__7xyr_A,21,591,707,6663,False,True,20,20,0.02803738317757009,0.02803738317757009,0.007792207792207792,0.007792207792207792,0.007481296758104738,0.007481296758104738,0.005768897477170712,0.05510388437217705,2211.0,0.0
foldbench100__7xyr_A,1,591,707,6663,False,True,19,19,0.0343558282208589,0.0343558282208589,0.01230012300123001,0.01230012300123001,0.02236024844720497,0.02236024844720497,0.005449092582387091,0.07945823927765237,2212.0,0.0
foldbench100__7xyr_A,7,591,707,6663,False,True,20,20,0.03305785123966942,0.03305785123966942,0.01785714285714286,0.01785714285714286,0.017094017094017096,0.017094017094017096,0.006163004881385961,0.08130081300813008,2212.0,0.0
denovo_pdb__5di5_A,20,191,151,1486,True,True,4,4,0.6891891891891893,0.6891891891891893,0.6891891891891893,0.6891891891891893,0.5227272727272727,0.5227272727272727,0.3891181128615487,0.6659919028340081,493.0,0.0
denovo_pdb__5di5_A,15,191,151,1513,True,True,4,4,0.6731391585760517,0.6731391585760517,0.6731391585760517,0.6731391585760517,0.5454545454545455,0.5454545454545455,0.2657773775682563,0.6063618290258449,502.0,0.0
denovo_pdb__5di5_A,4,191,151,2521,True,True,7,7,0.6622516556291391,0.6622516556291391,0.6622516556291391,0.6622516556291391,0.4732824427480916,0.4732824427480916,0.31530672037896457,0.6217183770883055,835.0,0.0
denovo_pdb__5di5_A,0,191,151,2054,True,True,5,5,0.6990291262135923,0.6990291262135923,0.6990291262135923,0.6990291262135923,0.541095890410959,0.541095890410959,0.35178645278612697,0.6193265007320644,683.0,0.0
denovo_pdb__9ded_A,2,114,125,6663,False,True,31,31,0.3333333333333333,0.3333333333333333,0.17894736842105266,0.17894736842105266,0.10426540284360189,0.10426540284360189,0.08656535748478612,0.25192220714608776,2210.0,0.0
denovo_pdb__9ded_A,0,114,125,6663,False,True,24,24,0.30837004405286345,0.30837004405286345,0.10126582278481013,0.10126582278481013,0.11702127659574466,0.11702127659574466,0.0726491747533825,0.18120198825124265,2196.0,0.0
denovo_pdb__9ded_A,3,114,125,3600,True,True,12,12,0.3023255813953488,0.3023255813953488,0.3023255813953488,0.3023255813953488,0.0881057268722467,0.0881057268722467,0.06548195504918265,0.21070234113712374,1193.0,0.0
denovo_pdb__9ded_A,16,114,125,3309,True,True,12,12,0.44954128440366975,0.44954128440366975,0.44954128440366975,0.44954128440366975,0.06635071090047394,0.06635071090047394,0.05403705749639371,0.20018198362147407,1095.0,0.0
denovo_pdb__3dgn_A,15,69,49,4959,True,True,24,24,0.23529411764705882,0.23529411764705882,0.14062499999999997,0.14062499999999997,0.019801980198019802,0.019801980198019802,0.09661153384781847,0.12218844984802432,1630.0,0.0
denovo_pdb__3dgn_A,17,69,49,3430,True,True,25,25,0.31372549019607837,0.31372549019607837,0.2153846153846154,0.2153846153846154,0.10526315789473685,0.10526315789473685,0.06567797735420945,0.1515418502202643,1130.0,0.0
denovo_pdb__3dgn_A,4,69,49,3279,True,True,24,24,0.29473684210526313,0.29473684210526313,0.15254237288135594,0.15254237288135594,0.1616161616161616,0.1616161616161616,0.0601107695229996,0.14746543778801843,1084.0,0.0
denovo_pdb__3dgn_A,8,69,49,3313,True,True,22,22,0.32,0.32,0.13461538461538458,0.13461538461538458,0.20202020202020204,0.20202020202020204,0.0862625351316529,0.16773017319963537,1095.0,0.0
denovo_pdb__5l0p_A,8,311,299,6663,False,True,20,20,0.11618257261410787,0.11618257261410787,0.005934718100890208,0.005934718100890208,0.05853658536585366,0.05853658536585366,0.019999390347177726,0.11291779584462511,2211.0,0.0
denovo_pdb__5l0p_A,3,311,299,6663,False,True,19,19,0.13170731707317074,0.13170731707317074,0.017543859649122806,0.017543859649122806,0.01951219512195122,0.01951219512195122,0.011438999885777698,0.0835214446952596,2206.0,0.0
denovo_pdb__5l0p_A,2,311,299,6663,False,True,19,19,0.14723926380368096,0.14723926380368096,0.060324825986078884,0.060324825986078884,0.03950617283950618,0.03950617283950618,0.027912526050692707,0.12866817155756208,2212.0,0.0
denovo_pdb__5l0p_A,12,311,299,6663,False,True,20,20,0.11401425178147269,0.11401425178147269,0.031746031746031744,0.031746031746031744,0.040100250626566414,0.040100250626566414,0.02049003345903206,0.11472448057813911,2212.0,0.0
denovo_pdb__9n0j_A,0,126,104,1963,True,True,7,7,0.6494845360824743,0.6494845360824743,0.6494845360824743,0.6494845360824743,0.13526570048309175,0.13526570048309175,0.06971771577541479,0.29141104294478526,650.0,0.0
denovo_pdb__9n0j_A,19,126,104,1515,True,True,6,6,0.6868686868686869,0.6868686868686869,0.6868686868686869,0.6868686868686869,0.25380710659898476,0.25380710659898476,0.10797830676939361,0.39363817097415504,503.0,0.0
denovo_pdb__9n0j_A,22,126,104,1873,True,True,7,7,0.4927536231884057,0.4927536231884057,0.4927536231884057,0.4927536231884057,0.10638297872340424,0.10638297872340424,0.07015598009098643,0.2909967845659164,618.0,0.0
denovo_pdb__9n0j_A,5,126,104,3522,True,True,15,15,0.6603773584905661,0.6603773584905661,0.6603773584905661,0.6603773584905661,0.07142857142857144,0.07142857142857144,0.09217850779266452,0.32078699743370404,1166.0,0.0
denovo_pdb__7dgy_A,20,99,64,1449,True,True,9,9,0.302158273381295,0.302158273381295,0.29032258064516125,0.29032258064516125,0.21782178217821785,0.21782178217821785,0.09798732278365141,0.22916666666666666,479.0,0.0
denovo_pdb__7dgy_A,0,99,64,2972,True,True,17,17,0.33333333333333337,0.33333333333333337,0.33333333333333337,0.33333333333333337,0.33070866141732286,0.33070866141732286,0.0632089051963029,0.19289340101522842,980.0,0.0
denovo_pdb__7dgy_A,8,99,64,2312,True,True,14,14,0.3888888888888889,0.3888888888888889,0.3278688524590164,0.3278688524590164,0.22222222222222224,0.22222222222222224,0.08964936555405013,0.2245430809399478,766.0,0.0
denovo_pdb__7dgy_A,6,99,64,172,True,True,1,1,0.4297520661157025,0.4297520661157025,0.4297520661157025,0.4297520661157025,0.4297520661157025,0.4297520661157025,,0.45614035087719296,57.0,0.0
foldbench100__8cpk_A,6,384,353,5104,True,True,13,13,0.0948509485094851,0.0948509485094851,0.0948509485094851,0.0948509485094851,0.03524229074889868,0.03524229074889868,0.02472893507607844,0.08249852681202122,1695.0,0.0
foldbench100__8cpk_A,15,384,353,5440,True,True,13,13,0.14958448753462605,0.14958448753462605,0.14958448753462605,0.14958448753462605,0.06355932203389832,0.06355932203389832,0.0294757719736758,0.10724156992813709,1805.0,0.0
foldbench100__8cpk_A,10,384,353,6663,False,True,19,19,0.11618257261410787,0.11618257261410787,0.01869158878504673,0.01869158878504673,0.03930131004366812,0.03930131004366812,0.02505526556291765,0.12325056433408578,2215.0,0.0
foldbench100__8cpk_A,11,384,353,6663,False,True,19,19,0.11042944785276074,0.11042944785276074,0.0103359173126615,0.0103359173126615,0.03921568627450981,0.03921568627450981,0.026188248652490295,0.11376975169300226,2213.0,0.0
denovo_pdb__9dcx_A,8,257,231,3748,True,True,10,10,0.1914893617021277,0.1914893617021277,0.1914893617021277,0.1914893617021277,0.11695906432748536,0.11695906432748536,0.060277134972997075,0.18218298555377208,1246.0,0.0
denovo_pdb__9dcx_A,9,257,231,2999,True,True,8,8,0.22551928783382788,0.22551928783382788,0.18454935622317598,0.18454935622317598,0.12612612612612614,0.12612612612612614,0.06728933912517412,0.21664994984954863,996.0,0.0
denovo_pdb__9dcx_A,3,257,231,2643,True,True,6,6,0.18568665377176014,0.18568665377176014,0.18568665377176014,0.18568665377176014,0.12332439678284182,0.12332439678284182,0.03938893061274289,0.13993174061433447,878.0,0.0
denovo_pdb__9dcx_A,0,257,231,3919,True,True,10,10,0.2116788321167883,0.2116788321167883,0.2116788321167883,0.2116788321167883,0.04761904761904762,0.04761904761904762,0.054618939827374015,0.16193399846508058,1301.0,0.0
denovo_pdb__8k8i_A,0,211,91,3188,True,True,11,11,0.25988700564971745,0.25988700564971745,0.24000000000000002,0.24000000000000002,0.23469387755102042,0.23469387755102042,0.0783640500703258,0.15958451369216242,1057.0,0.0
denovo_pdb__8k8i_A,17,211,91,3305,True,True,14,14,0.24719101123595505,0.24719101123595505,0.13414634146341464,0.13414634146341464,0.1604938271604938,0.1604938271604938,0.06715046009270526,0.15223336371923427,1097.0,0.0
denovo_pdb__8k8i_A,14,211,91,810,True,True,3,3,0.20430107526881722,0.20430107526881722,0.20430107526881722,0.20430107526881722,0.11956521739130435,0.11956521739130435,0.06730626208537854,0.1524163568773234,269.0,0.0
denovo_pdb__8k8i_A,5,211,91,6663,False,True,29,29,0.2531645569620253,0.2531645569620253,0.06557377049180328,0.06557377049180328,0.14659685863874347,0.14659685863874347,0.06787864923618997,0.15784712799638173,2208.0,0.0
foldbench100__8axj_A,11,162,143,1074,True,True,3,3,0.4246575342465753,0.4246575342465753,0.4246575342465753,0.4246575342465753,0.30278884462151395,0.30278884462151395,0.1436468271997577,0.3585434173669468,357.0,0.0
foldbench100__8axj_A,19,162,143,4582,True,True,13,13,0.458498023715415,0.458498023715415,0.41875,0.41875,0.2857142857142857,0.2857142857142857,0.22420736810229647,0.43860801050558107,1520.0,0.0
foldbench100__8axj_A,7,162,143,2864,True,True,8,8,0.45517241379310347,0.45517241379310347,0.45517241379310347,0.45517241379310347,0.3346303501945525,0.3346303501945525,0.20271922577417906,0.40336134453781514,951.0,0.0
foldbench100__8axj_A,9,162,143,2160,True,True,6,6,0.5579710144927537,0.5579710144927537,0.5579710144927537,0.5579710144927537,0.37547892720306514,0.37547892720306514,0.26603190297857215,0.4763231197771588,718.0,0.0
denovo_pdb__4j8y_A,4,157,106,692,True,True,2,2,0.783410138248848,0.783410138248848,0.783410138248848,0.783410138248848,0.6785714285714285,0.6785714285714285,0.46794871794871795,0.7,229.0,0.0
denovo_pdb__4j8y_A,22,157,106,388,True,True,1,1,0.7404255319148936,0.7404255319148936,0.7404255319148936,0.7404255319148936,0.7404255319148936,0.7404255319148936,,0.6744186046511628,129.0,0.0
denovo_pdb__4j8y_A,23,157,106,331,True,True,1,1,0.6944444444444443,0.6944444444444443,0.6944444444444443,0.6944444444444443,0.6944444444444443,0.6944444444444443,,0.6818181818181818,110.0,0.0
denovo_pdb__4j8y_A,14,157,106,719,True,True,2,2,0.7085201793721974,0.7085201793721974,0.7085201793721974,0.7085201793721974,0.6929824561403508,0.6929824561403508,0.4662576687116564,0.6610878661087866,239.0,0.0
denovo_pdb__8ah9_A,0,115,132,6663,False,True,25,25,0.5224489795918368,0.5224489795918368,0.11834319526627221,0.11834319526627221,0.3015873015873016,0.3015873015873016,0.10616291952701062,0.3384545865341166,2198.0,0.0
denovo_pdb__8ah9_A,14,115,132,6663,False,True,22,22,0.31654676258992803,0.31654676258992803,0.16450216450216448,0.16450216450216448,0.16867469879518074,0.16867469879518074,0.0678255415364522,0.1915085817524842,2199.0,0.0
denovo_pdb__8ah9_A,19,115,132,6663,False,True,20,20,0.37037037037037035,0.37037037037037035,0.32653061224489793,0.32653061224489793,0.15384615384615383,0.15384615384615383,0.09596170927924823,0.26648599819331525,2182.0,0.0
denovo_pdb__8ah9_A,17,115,132,4369,True,True,13,13,0.5917602996254682,0.5917602996254682,0.5917602996254682,0.5917602996254682,0.24242424242424243,0.24242424242424243,0.10784299572593727,0.3209366391184573,1452.0,0.0
foldbench100__7xi5_A,9,65,42,1819,True,True,16,16,0.5647058823529412,0.5647058823529412,0.4158415841584159,0.4158415841584159,0.3513513513513513,0.3513513513513513,0.23540975882412105,0.4559068219633943,596.0,0.0
foldbench100__7xi5_A,18,65,42,1594,True,True,16,16,0.5454545454545454,0.5454545454545454,0.5185185185185186,0.5185185185185186,0.3636363636363636,0.3636363636363636,0.2156927503227861,0.4847908745247148,525.0,0.0
foldbench100__7xi5_A,7,65,42,1185,True,True,12,12,0.6363636363636365,0.6363636363636365,0.6363636363636365,0.6363636363636365,0.5934065934065934,0.5934065934065934,0.21103983597937698,0.5549872122762148,390.0,0.0
foldbench100__7xi5_A,10,65,42,346,True,True,4,4,0.48421052631578954,0.48421052631578954,0.48421052631578954,0.48421052631578954,0.08955223880597014,0.08955223880597014,0.05861392560251208,0.30701754385964913,113.0,0.0
denovo_pdb__8qaf_A,22,59,39,468,True,True,18,18,0.2641509433962264,0.2641509433962264,0.2641509433962264,0.2641509433962264,0.0,0.0,0.07008503912870148,0.3,146.0,0.0
denovo_pdb__8qaf_A,10,59,39,529,True,True,13,13,0.6969696969696971,0.6969696969696971,0.6969696969696971,0.6969696969696971,0.5666666666666667,0.5666666666666667,0.09936365590015844,0.622093023255814,171.0,0.0
denovo_pdb__8qaf_A,14,59,39,846,True,True,21,21,0.4067796610169492,0.4067796610169492,0.13333333333333333,0.13333333333333333,0.4067796610169492,0.4067796610169492,0.07320684120156626,0.22181818181818183,275.0,0.0
denovo_pdb__8qaf_A,13,59,39,778,True,True,13,13,0.16393442622950816,0.16393442622950816,0.13157894736842105,0.13157894736842105,0.12244897959183675,0.12244897959183675,0.15106207513283007,0.12156862745098039,252.0,0.0
casp_fm__T1033-D1,15,100,83,3079,True,True,16,16,0.08955223880597016,0.08955223880597016,0.03614457831325301,0.03614457831325301,0.07352941176470588,0.07352941176470588,0.03182924862626727,0.05386875612144956,1016.0,0.0
casp_fm__T1033-D1,19,100,83,1224,True,True,6,6,0.1693121693121693,0.1693121693121693,0.025,0.025,0.014388489208633094,0.014388489208633094,0.042002943819825736,0.07635467980295567,406.0,0.0
casp_fm__T1033-D1,7,100,83,3235,True,True,16,16,0.3493975903614458,0.3493975903614458,0.15714285714285714,0.15714285714285714,0.028169014084507043,0.028169014084507043,0.032739148203992256,0.10531220876048462,1067.0,0.0
casp_fm__T1033-D1,3,100,83,2554,True,True,16,16,0.17647058823529413,0.17647058823529413,0.16326530612244894,0.16326530612244894,0.03636363636363636,0.03636363636363636,0.03365215849237479,0.07210401891252956,840.0,0.0
denovo_pdb__3ltb_A,6,69,50,4164,True,True,27,27,0.2626262626262626,0.2626262626262626,0.1320754716981132,0.1320754716981132,0.05555555555555555,0.05555555555555555,0.05743990630156075,0.12762871646120377,1378.0,0.0
denovo_pdb__3ltb_A,4,69,50,2821,True,True,22,22,0.2666666666666666,0.2666666666666666,0.24074074074074073,0.24074074074074073,0.030303030303030304,0.030303030303030304,0.05883038940270313,0.13504823151125403,932.0,0.0
denovo_pdb__3ltb_A,2,69,50,1430,True,True,11,11,0.2608695652173913,0.2608695652173913,0.20952380952380953,0.20952380952380953,0.2247191011235955,0.2247191011235955,0.05874211381901232,0.1522198731501057,473.0,0.0
denovo_pdb__3ltb_A,12,69,50,6663,False,True,50,50,0.24742268041237112,0.24742268041237112,0.0,0.0,0.16279069767441862,0.16279069767441862,0.039743509306634006,0.0998185117967332,2195.0,0.0
denovo_pdb__5iep_A,17,121,100,6663,False,True,25,25,0.17840375586854462,0.17840375586854462,0.0136986301369863,0.0136986301369863,0.09278350515463916,0.09278350515463916,0.03335630725797189,0.08088567555354723,2203.0,0.0
denovo_pdb__5iep_A,14,121,100,6663,False,True,27,27,0.212962962962963,0.212962962962963,0.0,0.0,0.16049382716049382,0.16049382716049382,0.04656570959756164,0.1166365280289331,2192.0,0.0
denovo_pdb__5iep_A,8,121,100,6663,False,True,23,23,0.1407035175879397,0.1407035175879397,0.03846153846153846,0.03846153846153846,0.07179487179487179,0.07179487179487179,0.06396304070361476,0.08043380027112516,2180.0,0.0
denovo_pdb__5iep_A,5,121,100,6663,False,True,25,25,0.1616161616161616,0.1616161616161616,0.016129032258064516,0.016129032258064516,0.08571428571428572,0.08571428571428572,0.05780949285018724,0.10122006326253954,2202.0,0.0
denovo_pdb__5f53_A,10,84,57,217,True,True,1,1,0.6875,0.6875,0.6875,0.6875,0.6875,0.6875,,0.6111111111111112,71.0,0.0
denovo_pdb__5f53_A,3,84,57,534,True,True,3,3,0.5806451612903225,0.5806451612903225,0.5739130434782609,0.5739130434782609,0.5806451612903225,0.5806451612903225,0.3736675309709018,0.5310734463276836,177.0,0.0
denovo_pdb__5f53_A,13,84,57,344,True,True,2,2,0.6551724137931034,0.6551724137931034,0.6551724137931034,0.6551724137931034,0.5,0.5,0.35714285714285715,0.5789473684210527,114.0,0.0
denovo_pdb__5f53_A,7,84,57,235,True,True,1,1,0.5185185185185186,0.5185185185185186,0.5185185185185186,0.5185185185185186,0.5185185185185186,0.5185185185185186,,0.44871794871794873,78.0,0.0
denovo_pdb__9qdp_A,18,206,140,6663,False,True,19,19,0.10344827586206898,0.10344827586206898,0.07692307692307691,0.07692307692307691,0.07086614173228346,0.07086614173228346,0.030109433716846063,0.06952595936794582,2204.0,0.0
denovo_pdb__9qdp_A,4,206,140,6663,False,True,23,23,0.1302681992337165,0.1302681992337165,0.0,0.0,0.06422018348623854,0.06422018348623854,0.02427810293566641,0.07094441934026209,2206.0,0.0
denovo_pdb__9qdp_A,16,206,140,6663,False,True,21,21,0.15178571428571427,0.15178571428571427,0.08602150537634408,0.08602150537634408,0.00796812749003984,0.00796812749003984,0.026716067349041674,0.08039747064137308,2205.0,0.0
denovo_pdb__9qdp_A,13,206,140,6663,False,True,22,22,0.11764705882352942,0.11764705882352942,0.009389671361502348,0.009389671361502348,0.060085836909871244,0.060085836909871244,0.02147416692854707,0.06549232158988257,2211.0,0.0
foldbench100__7urp_A,9,160,134,6663,False,True,20,20,0.08979591836734693,0.08979591836734693,0.020100502512562814,0.020100502512562814,0.023622047244094488,0.023622047244094488,0.025665001687979673,0.04155374887082204,2206.0,0.0
foldbench100__7urp_A,19,160,134,6663,False,True,21,21,0.07758620689655173,0.07758620689655173,0.0,0.0,0.043103448275862065,0.043103448275862065,0.024725239574351875,0.032520325203252036,2208.0,0.0
foldbench100__7urp_A,12,160,134,6663,False,True,25,25,0.0606060606060606,0.0606060606060606,0.010928961748633878,0.010928961748633878,0.05622489959839357,0.05622489959839357,0.026728303251869815,0.03886127428829643,2208.0,0.0
foldbench100__7urp_A,8,160,134,6663,False,True,21,21,0.1044176706827309,0.1044176706827309,0.025477707006369425,0.025477707006369425,0.07692307692307693,0.07692307692307693,0.025160302663341228,0.04336043360433604,2207.0,0.0
denovo_pdb__9tau_A,13,120,79,785,True,True,5,5,0.6754966887417219,0.6754966887417219,0.6754966887417219,0.6754966887417219,0.21505376344086025,0.21505376344086025,0.0857487383366517,0.35384615384615387,259.0,0.0
denovo_pdb__9tau_A,7,120,79,3681,True,True,18,18,0.2782608695652174,0.2782608695652174,0.19999999999999998,0.19999999999999998,0.11594202898550723,0.11594202898550723,0.07448565597925005,0.1769041769041769,1218.0,0.0
denovo_pdb__9tau_A,20,120,79,2919,True,True,15,15,0.3909774436090226,0.3909774436090226,0.2875816993464052,0.2875816993464052,0.2676056338028169,0.2676056338028169,0.060606606840358866,0.21074380165289255,964.0,0.0
denovo_pdb__9tau_A,21,120,79,1568,True,True,8,8,0.5568181818181818,0.5568181818181818,0.5568181818181818,0.5568181818181818,0.10344827586206896,0.10344827586206896,0.10745434930422064,0.28076923076923077,520.0,0.0
denovo_pdb__9dbc_A,21,109,74,6663,False,True,43,43,0.17600000000000002,0.17600000000000002,0.05454545454545455,0.05454545454545455,0.05714285714285714,0.05714285714285714,0.040376836949190295,0.11236973266878116,2200.0,0.0
denovo_pdb__9dbc_A,3,109,74,3245,True,True,17,17,0.31901840490797545,0.31901840490797545,0.1592920353982301,0.1592920353982301,0.13071895424836602,0.13071895424836602,0.06237841434631366,0.1607806691449814,1076.0,0.0
denovo_pdb__9dbc_A,7,109,74,1146,True,True,6,6,0.29113924050632906,0.29113924050632906,0.29113924050632906,0.29113924050632906,0.1791044776119403,0.1791044776119403,0.06672111740308354,0.16578947368421051,380.0,0.0
denovo_pdb__9dbc_A,5,109,74,1155,True,True,6,6,0.4431818181818181,0.4431818181818181,0.4431818181818181,0.4431818181818181,0.11666666666666667,0.11666666666666667,0.04864487482455798,0.17232375979112272,383.0,0.0
denovo_pdb__9rbe_A,23,208,138,6663,False,True,20,20,0.13008130081300812,0.13008130081300812,0.024539877300613498,0.024539877300613498,0.13008130081300812,0.13008130081300812,0.027444374760041638,0.07633242999096658,2200.0,0.0
denovo_pdb__9rbe_A,20,208,138,6663,False,True,19,19,0.1348314606741573,0.1348314606741573,0.1348314606741573,0.1348314606741573,0.06666666666666667,0.06666666666666667,0.03708966782212267,0.09571106094808127,2184.0,0.0
denovo_pdb__9rbe_A,7,208,138,6663,False,True,18,18,0.14022140221402216,0.14022140221402216,0.10452961672473866,0.10452961672473866,0.06106870229007633,0.06106870229007633,0.03069325902906682,0.08126410835214447,2200.0,0.0
denovo_pdb__9rbe_A,21,208,138,6663,False,True,20,20,0.17647058823529416,0.17647058823529416,0.03791469194312796,0.03791469194312796,0.04065040650406503,0.04065040650406503,0.03856099710996626,0.08897922312556458,2209.0,0.0
denovo_pdb__8sjf_A,7,107,76,317,True,True,2,2,0.1111111111111111,0.1111111111111111,0.1111111111111111,0.1111111111111111,0.07079646017699115,0.07079646017699115,0.039603960396039604,0.11428571428571428,105.0,0.0
denovo_pdb__8sjf_A,8,107,76,6663,False,True,38,38,0.23030303030303031,0.23030303030303031,0.039603960396039604,0.039603960396039604,0.07874015748031496,0.07874015748031496,0.05134006887249372,0.08695652173913043,2196.0,0.0
denovo_pdb__8sjf_A,9,107,76,6663,False,True,46,46,0.33112582781456956,0.33112582781456956,0.0,0.0,0.04819277108433735,0.04819277108433735,0.07013432914557392,0.17815049864007254,2187.0,0.0
denovo_pdb__8sjf_A,17,107,76,1683,True,True,12,12,0.43902439024390244,0.43902439024390244,0.43902439024390244,0.43902439024390244,0.03809523809523809,0.03809523809523809,0.05418742173060744,0.17953321364452424,557.0,0.0
foldbench100__8ycm_A,13,229,196,6663,False,True,20,20,0.08562691131498472,0.08562691131498472,0.02166064981949458,0.02166064981949458,0.026058631921824102,0.026058631921824102,0.01903127922851534,0.05916892502258356,2210.0,0.0
foldbench100__8ycm_A,1,229,196,6663,False,True,21,21,0.06143344709897612,0.06143344709897612,0.03433476394849785,0.03433476394849785,0.0130718954248366,0.0130718954248366,0.015736736068616045,0.04200542005420054,2210.0,0.0
foldbench100__8ycm_A,16,229,196,6663,False,True,20,20,0.05555555555555556,0.05555555555555556,0.02941176470588235,0.02941176470588235,0.01948051948051948,0.01948051948051948,0.013386014224071313,0.04065040650406504,2214.0,0.0
foldbench100__8ycm_A,12,229,196,6663,False,True,20,20,0.05351170568561873,0.05351170568561873,0.039473684210526314,0.039473684210526314,0.02622950819672131,0.02622950819672131,0.01442606035309824,0.03929539295392954,2205.0,0.0
denovo_pdb__6ais_O,13,244,204,6663,False,True,20,20,0.22289156626506024,0.22289156626506024,0.00881057268722467,0.00881057268722467,0.11650485436893204,0.11650485436893204,0.04513442132347069,0.17073170731707318,2210.0,0.0
denovo_pdb__6ais_O,18,244,204,6663,False,True,19,19,0.15625,0.15625,0.00865800865800866,0.00865800865800866,0.050314465408805034,0.050314465408805034,0.024389550302416782,0.10744920993227991,2214.0,0.0
denovo_pdb__6ais_O,23,244,204,6663,False,True,19,19,0.1135646687697161,0.1135646687697161,0.07612456747404846,0.07612456747404846,0.08333333333333333,0.08333333333333333,0.030966128506033593,0.10112866817155756,2214.0,0.0
denovo_pdb__6ais_O,20,244,204,6663,False,True,20,20,0.12903225806451613,0.12903225806451613,0.0,0.0,0.05882352941176471,0.05882352941176471,0.02752203544501375,0.11065943992773261,2205.0,0.0
foldbench100__7ur7_A,6,70,60,2553,True,True,15,15,0.5048543689320388,0.5048543689320388,0.5048543689320388,0.5048543689320388,0.22058823529411764,0.22058823529411764,0.1753258728941032,0.3404255319148936,845.0,0.0
foldbench100__7ur7_A,3,70,60,1096,True,True,7,7,0.4954128440366973,0.4954128440366973,0.33576642335766427,0.33576642335766427,0.35398230088495575,0.35398230088495575,0.1271882691357024,0.3333333333333333,363.0,0.0
foldbench100__7ur7_A,1,70,60,1849,True,True,13,13,0.5,0.5,0.5,0.5,0.02531645569620253,0.02531645569620253,0.13029291608895324,0.26143790849673204,612.0,0.0
foldbench100__7ur7_A,7,70,60,254,True,True,2,2,0.32758620689655177,0.32758620689655177,0.32758620689655177,0.32758620689655177,0.27272727272727276,0.27272727272727276,0.2727272727272727,0.36904761904761907,84.0,0.0
denovo_pdb__7awy_A,6,311,367,2179,True,True,4,4,0.590728476821192,0.590728476821192,0.590728476821192,0.590728476821192,0.18376068376068375,0.18376068376068375,0.08260763693209634,0.5172413793103449,717.0,0.0
denovo_pdb__7awy_A,16,311,367,1204,True,True,1,1,0.6343381389252949,0.6343381389252949,0.6343381389252949,0.6343381389252949,0.6343381389252949,0.6343381389252949,,0.6034912718204489,396.0,0.0
denovo_pdb__7awy_A,10,311,367,1604,True,True,2,2,0.6336375488917863,0.6336375488917863,0.6336375488917863,0.6336375488917863,0.3006012024048096,0.3006012024048096,0.15151515151515152,0.5955056179775281,532.0,0.0
denovo_pdb__7awy_A,9,311,367,3027,True,True,6,6,0.6416040100250625,0.6416040100250625,0.6416040100250625,0.6416040100250625,0.225531914893617,0.225531914893617,0.09725604237368808,0.5700099304865939,994.0,0.0
denovo_pdb__7f1h_A,23,189,235,6663,False,True,18,18,0.0779220779220779,0.0779220779220779,0.04359673024523161,0.04359673024523161,0.028653295128939826,0.028653295128939826,0.025434669582800634,0.05733634311512415,2205.0,0.0
denovo_pdb__7f1h_A,1,189,235,6663,False,True,17,17,0.0927536231884058,0.0927536231884058,0.07392197125256673,0.07392197125256673,0.04624277456647398,0.04624277456647398,0.029154579736169178,0.0744920993227991,2189.0,0.0
denovo_pdb__7f1h_A,3,189,235,6663,False,True,20,20,0.08498583569405098,0.08498583569405098,0.022140221402214017,0.022140221402214017,0.06303724928366762,0.06303724928366762,0.023298203924041836,0.07091237579042457,2206.0,0.0
denovo_pdb__7f1h_A,19,189,235,6663,False,True,18,18,0.08444444444444445,0.08444444444444445,0.007905138339920948,0.007905138339920948,0.06557377049180328,0.06557377049180328,0.016580456170330035,0.06681715575620767,2199.0,0.0
denovo_pdb__6ee5_A,23,352,369,6663,False,True,19,19,0.03960396039603961,0.03960396039603961,0.0,0.0,0.01694915254237288,0.01694915254237288,0.01068707382057059,0.03837471783295711,2215.0,0.0
denovo_pdb__6ee5_A,5,352,369,6663,False,True,18,18,0.0379746835443038,0.0379746835443038,0.01838235294117647,0.01838235294117647,0.012295081967213115,0.012295081967213115,0.010788565372128018,0.04198645598194131,2212.0,0.0
denovo_pdb__6ee5_A,15,352,369,6663,False,True,20,20,0.030237580993520516,0.030237580993520516,0.00437636761487965,0.00437636761487965,0.025263157894736845,0.025263157894736845,0.007415542297953482,0.036133694670280034,2211.0,0.0
denovo_pdb__6ee5_A,20,352,369,6663,False,True,20,20,0.038022813688212934,0.038022813688212934,0.0,0.0,0.008438818565400843,0.008438818565400843,0.012633172726627008,0.03929539295392954,2212.0,0.0
denovo_pdb__9dbv_A,15,107,67,6663,False,True,47,47,0.4264705882352941,0.4264705882352941,0.15384615384615383,0.15384615384615383,0.3148148148148148,0.3148148148148148,0.05898248894687215,0.2344671201814059,2190.0,0.0
denovo_pdb__9dbv_A,19,107,67,6663,False,True,42,42,0.3157894736842105,0.3157894736842105,0.0449438202247191,0.0449438202247191,0.14925373134328357,0.14925373134328357,0.05007778481120967,0.13502492070684186,2188.0,0.0
denovo_pdb__9dbv_A,13,107,67,6663,False,True,32,32,0.29813664596273287,0.29813664596273287,0.15,0.15,0.07042253521126761,0.07042253521126761,0.043736932134826816,0.11809954751131221,2169.0,0.0
denovo_pdb__9dbv_A,5,107,67,6663,False,True,39,39,0.4027777777777778,0.4027777777777778,0.15053763440860213,0.15053763440860213,0.08823529411764706,0.08823529411764706,0.06336381767755604,0.18795289855072464,2188.0,0.0
foldbench100__8dx0_A,11,154,135,830,True,True,2,2,0.5503355704697986,0.5503355704697986,0.5503355704697986,0.5503355704697986,0.36437246963562747,0.36437246963562747,0.22767857142857142,0.4601449275362319,275.0,0.0
foldbench100__8dx0_A,6,154,135,2603,True,True,8,8,0.3046875,0.3046875,0.2987551867219917,0.2987551867219917,0.3046875,0.3046875,0.08499010034168401,0.24393063583815028,865.0,0.0
foldbench100__8dx0_A,8,154,135,1104,True,True,3,3,0.34843205574912894,0.34843205574912894,0.34843205574912894,0.34843205574912894,0.25,0.25,0.07870191274446595,0.2724795640326976,366.0,0.0
foldbench100__8dx0_A,20,154,135,2031,True,True,6,6,0.3861003861003861,0.3861003861003861,0.3861003861003861,0.3861003861003861,0.35156249999999994,0.35156249999999994,0.19878612771505608,0.3688888888888889,675.0,0.0
foldbench100__7x8l_A,20,514,580,6663,False,True,20,20,0.04613297150610583,0.04613297150610583,0.006825938566552901,0.006825938566552901,0.02936857562408223,0.02936857562408223,0.00908357048140579,0.07723577235772358,2212.0,0.0
foldbench100__7x8l_A,8,514,580,6663,False,True,16,16,0.07822222222222223,0.07822222222222223,0.012326656394453007,0.012326656394453007,0.002890173410404624,0.002890173410404624,0.007744586538736644,0.0582129963898917,2206.0,0.0
foldbench100__7x8l_A,15,514,580,6663,False,True,21,21,0.03260869565217391,0.03260869565217391,0.00980392156862745,0.00980392156862745,0.005873715124816446,0.005873715124816446,0.008772414263111624,0.06413730803974707,2210.0,0.0
foldbench100__7x8l_A,9,514,580,6663,False,True,19,19,0.03762662807525326,0.03762662807525326,0.00583941605839416,0.00583941605839416,0.03428571428571429,0.03428571428571429,0.008709944105620602,0.05688487584650113,2213.0,0.0
casp_fm__T1125-D5,19,150,93,6663,False,True,21,21,0.1809045226130653,0.1809045226130653,0.0,0.0,0.04020100502512562,0.04020100502512562,0.03633832795118814,0.08401084010840108,2202.0,0.0
casp_fm__T1125-D5,6,150,93,2964,True,True,12,12,0.16184971098265896,0.16184971098265896,0.14285714285714288,0.14285714285714288,0.04519774011299435,0.04519774011299435,0.047664115745871566,0.08841463414634146,983.0,0.0
casp_fm__T1125-D5,21,150,93,6663,False,True,26,26,0.16184971098265896,0.16184971098265896,0.043010752688172046,0.043010752688172046,0.07792207792207792,0.07792207792207792,0.0320191984319147,0.06690777576853527,2204.0,0.0
casp_fm__T1125-D5,11,150,93,2329,True,True,10,10,0.21794871794871795,0.21794871794871795,0.21794871794871795,0.21794871794871795,0.05714285714285714,0.05714285714285714,0.037537653757712806,0.09702457956015524,772.0,0.0
casp_fm__T1120-D2,10,110,64,1286,True,True,17,17,0.14814814814814814,0.14814814814814814,0.034782608695652174,0.034782608695652174,0.0759493670886076,0.0759493670886076,0.017293931126412233,0.07092198581560284,423.0,0.0
casp_fm__T1120-D2,0,110,64,3497,True,True,23,23,0.12121212121212122,0.12121212121212122,0.030303030303030304,0.030303030303030304,0.038834951456310676,0.038834951456310676,0.012872013296185729,0.05267702936096719,1153.0,0.0
casp_fm__T1120-D2,8,110,64,2764,True,True,19,19,0.125,0.125,0.125,0.125,0.08695652173913043,0.08695652173913043,0.021302025645395954,0.07103825136612021,913.0,0.0
casp_fm__T1120-D2,5,110,64,6663,False,True,29,29,0.23931623931623933,0.23931623931623933,0.1111111111111111,0.1111111111111111,0.07692307692307693,0.07692307692307693,0.0404742427380117,0.0710085933966531,2184.0,0.0
denovo_pdb__7ax0_A,17,317,362,1565,True,True,2,2,0.6469072164948454,0.6469072164948454,0.6469072164948454,0.6469072164948454,0.24516129032258063,0.24516129032258063,0.12147505422993492,0.5911708253358925,517.0,0.0
denovo_pdb__7ax0_A,7,317,362,1195,True,True,1,1,0.6113306982872201,0.6113306982872201,0.6113306982872201,0.6113306982872201,0.6113306982872201,0.6113306982872201,,0.5829145728643216,397.0,0.0
denovo_pdb__7ax0_A,13,317,362,1574,True,True,2,2,0.6036269430051814,0.6036269430051814,0.6036269430051814,0.6036269430051814,0.21231422505307856,0.21231422505307856,0.13815789473684212,0.5400763358778626,519.0,0.0
denovo_pdb__7ax0_A,23,317,362,1424,True,True,2,2,0.6363636363636364,0.6363636363636364,0.6363636363636364,0.6363636363636364,0.20895522388059698,0.20895522388059698,0.12410501193317422,0.5907172995780591,471.0,0.0
casp_fm__T1041-D1,6,242,219,6663,False,True,21,21,0.0606060606060606,0.0606060606060606,0.009009009009009009,0.009009009009009009,0.0486322188449848,0.0486322188449848,0.020069711210134962,0.051490514905149054,2211.0,0.0
casp_fm__T1041-D1,14,242,219,6663,False,True,19,19,0.04456824512534819,0.04456824512534819,0.0,0.0,0.030864197530864196,0.030864197530864196,0.013108896115984389,0.029796839729119638,2212.0,0.0
casp_fm__T1041-D1,16,242,219,6663,False,True,20,20,0.05015673981191223,0.05015673981191223,0.008583690987124463,0.008583690987124463,0.023880597014925373,0.023880597014925373,0.013640959596970495,0.036133694670280034,2206.0,0.0
casp_fm__T1041-D1,1,242,219,6663,False,True,21,21,0.0778443113772455,0.0778443113772455,0.013888888888888886,0.013888888888888886,0.012578616352201257,0.012578616352201257,0.014052549913158735,0.036585365853658534,2210.0,0.0
denovo_pdb__9fwa_A,12,202,166,6663,False,True,19,19,0.07220216606498195,0.07220216606498195,0.027548209366391182,0.027548209366391182,0.030534351145038167,0.030534351145038167,0.04484384542441053,0.05191873589164785,2197.0,0.0
denovo_pdb__9fwa_A,18,202,166,6663,False,True,18,18,0.08058608058608059,0.08058608058608059,0.050420168067226885,0.050420168067226885,0.05860805860805861,0.05860805860805861,0.02707945003564122,0.05733634311512415,2197.0,0.0
denovo_pdb__9fwa_A,17,202,166,6663,False,True,20,20,0.09375,0.09375,0.0627450980392157,0.0627450980392157,0.028880866425992777,0.028880866425992777,0.02925529050791584,0.06865401987353206,2211.0,0.0
denovo_pdb__9fwa_A,13,202,166,6663,False,True,20,20,0.09454545454545456,0.09454545454545456,0.01886792452830189,0.01886792452830189,0.03088803088803089,0.03088803088803089,0.023614602544051698,0.053297199638663056,2208.0,0.0
denovo_pdb__8qad_A,22,145,134,6663,False,True,26,26,0.0736842105263158,0.0736842105263158,0.011494252873563218,0.011494252873563218,0.0,0.0,0.017859127321009905,0.02802893309222423,2195.0,0.0
denovo_pdb__8qad_A,12,145,134,6663,False,True,28,28,0.11555555555555555,0.11555555555555555,0.0,0.0,0.0,0.0,0.015483003039892852,0.0406871609403255,2190.0,0.0
denovo_pdb__8qad_A,0,145,134,6663,False,True,38,38,0.11180124223602483,0.11180124223602483,0.023809523809523808,0.023809523809523808,0.0,0.0,0.048934949831887106,0.05615942028985507,2197.0,0.0
denovo_pdb__8qad_A,4,145,134,6663,False,True,21,21,0.16033755274261605,0.16033755274261605,0.0,0.0,0.01990049751243781,0.01990049751243781,0.020038647320030425,0.03884372177055104,2180.0,0.0
denovo_pdb__9lns_A,21,64,41,2043,True,True,24,24,0.7160493827160495,0.7160493827160495,0.6956521739130435,0.6956521739130435,0.20689655172413793,0.20689655172413793,0.12505708233261534,0.3833580980683507,672.0,0.0
denovo_pdb__9lns_A,9,64,41,2207,True,True,26,26,0.7126436781609194,0.7126436781609194,0.5,0.5,0.34375000000000006,0.34375000000000006,0.10774250950095376,0.3204951856946355,722.0,0.0
denovo_pdb__9lns_A,15,64,41,745,True,True,7,7,0.6813186813186813,0.6813186813186813,0.6813186813186813,0.6813186813186813,0.27118644067796616,0.27118644067796616,0.0783593315071723,0.26422764227642276,245.0,0.0
denovo_pdb__9lns_A,7,64,41,1583,True,True,17,17,0.49411764705882355,0.49411764705882355,0.07317073170731707,0.07317073170731707,0.30769230769230765,0.30769230769230765,0.0804884058041731,0.17624521072796934,520.0,0.0
cameo_hard__9k3e_C,18,116,116,6663,False,True,26,26,0.1217391304347826,0.1217391304347826,0.0,0.0,0.06521739130434782,0.06521739130434782,0.022002729147736662,0.05650994575045208,2205.0,0.0
cameo_hard__9k3e_C,9,116,116,6663,False,True,23,23,0.13131313131313133,0.13131313131313133,0.0,0.0,0.06837606837606837,0.06837606837606837,0.02821373755319804,0.06687754179846363,2206.0,0.0
cameo_hard__9k3e_C,10,116,116,6663,False,True,25,25,0.12440191387559808,0.12440191387559808,0.0,0.0,0.0297029702970297,0.0297029702970297,0.03504040174649564,0.07004066877541798,2198.0,0.0
cameo_hard__9k3e_C,11,116,116,6663,False,True,27,27,0.10810810810810811,0.10810810810810811,0.014925373134328358,0.014925373134328358,0.07239819004524886,0.07239819004524886,0.028122430039034543,0.05605786618444846,2200.0,0.0
cameo_hard__8xtn_A,2,33,7,56,True,True,2,2,0.14285714285714285,0.14285714285714285,0.0,0.0,0.14285714285714285,0.14285714285714285,0.13333333333333333,0.05555555555555555,17.0,0.0
cameo_hard__8xtn_A,6,33,7,28,True,True,1,1,0.0,0.0,0.0,0.0,0.0,0.0,,0.0,9.0,0.0
cameo_hard__8xtn_A,7,33,7,25,True,True,1,1,0.26666666666666666,0.26666666666666666,0.26666666666666666,0.26666666666666666,0.26666666666666666,0.26666666666666666,,0.25,8.0,0.0
cameo_hard__8xtn_A,20,33,7,7,True,True,1,1,0.0,0.0,0.0,0.0,0.0,0.0,,0.0,2.0,0.0
foldbench100__7w15_A,15,302,303,6663,False,True,19,19,0.06103286384976526,0.06103286384976526,0.024330900243309,0.024330900243309,0.033734939759036145,0.033734939759036145,0.011777685543207066,0.05327313769751693,2210.0,0.0
foldbench100__7w15_A,3,302,303,6663,False,True,19,19,0.07380073800738006,0.07380073800738006,0.012698412698412698,0.012698412698412698,0.048661800486618,0.048661800486618,0.012223782395359687,0.06817155756207675,2204.0,0.0
foldbench100__7w15_A,8,302,303,6663,False,True,19,19,0.05700712589073634,0.05700712589073634,0.0,0.0,0.04796163069544364,0.04796163069544364,0.008705368702026556,0.05056433408577878,2214.0,0.0
foldbench100__7w15_A,14,302,303,6663,False,True,20,20,0.06117647058823529,0.06117647058823529,0.021276595744680854,0.021276595744680854,0.009925558312655089,0.009925558312655089,0.01597570024850336,0.06052393857271906,2211.0,0.0
denovo_pdb__7hj6_A,6,126,96,2471,True,True,11,11,0.5671641791044776,0.5671641791044776,0.5671641791044776,0.5671641791044776,0.2857142857142857,0.2857142857142857,0.13213887386579196,0.3878048780487805,819.0,0.0
denovo_pdb__7hj6_A,7,126,96,548,True,True,2,2,0.3723404255319149,0.3723404255319149,0.3118279569892473,0.3118279569892473,0.3723404255319149,0.3723404255319149,0.1165644171779141,0.3516483516483517,182.0,0.0
denovo_pdb__7hj6_A,16,126,96,1130,True,True,5,5,0.4742268041237114,0.4742268041237114,0.4742268041237114,0.4742268041237114,0.16149068322981366,0.16149068322981366,0.06550476591534986,0.2773333333333333,374.0,0.0
denovo_pdb__7hj6_A,2,126,96,1886,True,True,8,8,0.3952095808383233,0.3952095808383233,0.36633663366336633,0.36633663366336633,0.233502538071066,0.233502538071066,0.09882599658332215,0.30670926517571884,625.0,0.0
denovo_pdb__8bcs_A,7,49,21,367,True,True,10,10,0.8260869565217391,0.8260869565217391,0.8095238095238095,0.8095238095238095,0.07142857142857142,0.07142857142857142,0.13986428641601056,0.5378151260504201,117.0,0.0
denovo_pdb__8bcs_A,10,49,21,231,True,True,6,6,0.8636363636363636,0.8636363636363636,0.8636363636363636,0.8636363636363636,0.7142857142857143,0.7142857142857143,0.16684149184149183,0.76,74.0,0.0
denovo_pdb__8bcs_A,5,49,21,449,True,True,11,11,0.6341463414634146,0.6341463414634146,0.20512820512820512,0.20512820512820512,0.22222222222222224,0.22222222222222224,0.11055555555555556,0.4178082191780822,143.0,0.0
denovo_pdb__8bcs_A,13,49,21,448,True,True,10,10,0.7111111111111111,0.7111111111111111,0.7111111111111111,0.7111111111111111,0.06666666666666667,0.06666666666666667,0.18917289137877372,0.3972602739726027,144.0,0.0
casp_fm__T1113-D1,1,167,107,6663,False,True,22,22,0.14358974358974358,0.14358974358974358,0.017391304347826087,0.017391304347826087,0.057971014492753624,0.057971014492753624,0.023124468859074796,0.07362240289069558,2207.0,0.0
casp_fm__T1113-D1,5,167,107,6663,False,True,23,23,0.15,0.15,0.02941176470588235,0.02941176470588235,0.06363636363636364,0.06363636363636364,0.025120497841169577,0.06642566651604158,2205.0,0.0
casp_fm__T1113-D1,14,167,107,6663,False,True,21,21,0.19444444444444445,0.19444444444444445,0.05999999999999999,0.05999999999999999,0.08040201005025124,0.08040201005025124,0.01770802685962411,0.06594399277326106,2211.0,0.0
casp_fm__T1113-D1,9,167,107,6663,False,True,22,22,0.12560386473429952,0.12560386473429952,0.07058823529411765,0.07058823529411765,0.0510204081632653,0.0510204081632653,0.04500500459146302,0.07226738934056007,2200.0,0.0
foldbench100__8adc_A,19,215,170,6663,False,True,21,21,0.07380073800738007,0.07380073800738007,0.02197802197802198,0.02197802197802198,0.05128205128205128,0.05128205128205128,0.01993828730887937,0.05103884372177055,2207.0,0.0
foldbench100__8adc_A,10,215,170,6663,False,True,19,19,0.06369426751592358,0.06369426751592358,0.0,0.0,0.0510948905109489,0.0510948905109489,0.021711554128508684,0.04379232505643341,2207.0,0.0
foldbench100__8adc_A,13,215,170,6663,False,True,20,20,0.09187279151943462,0.09187279151943462,0.0316205533596838,0.0316205533596838,0.06802721088435373,0.06802721088435373,0.03379061538902514,0.06775067750677506,2209.0,0.0
foldbench100__8adc_A,15,215,170,6663,False,True,18,18,0.0736196319018405,0.0736196319018405,0.050139275766016705,0.050139275766016705,0.03759398496240601,0.03759398496240601,0.02151294401637061,0.058239277652370205,2209.0,0.0
denovo_pdb__7hja_A,11,126,90,200,True,True,2,2,0.24615384615384614,0.24615384615384614,0.24615384615384614,0.24615384615384614,0.20689655172413796,0.20689655172413796,0.2,0.42424242424242425,66.0,0.0
denovo_pdb__7hja_A,15,126,90,103,True,True,1,1,0.19354838709677416,0.19354838709677416,0.19354838709677416,0.19354838709677416,0.19354838709677416,0.19354838709677416,,0.35294117647058826,34.0,0.0
denovo_pdb__7hja_A,20,126,90,2026,True,True,10,10,0.4065934065934066,0.4065934065934066,0.4065934065934066,0.4065934065934066,0.33333333333333337,0.33333333333333337,0.0989661593075014,0.2857142857142857,670.0,0.0
denovo_pdb__7hja_A,16,126,90,6663,False,True,28,28,0.5355191256830601,0.5355191256830601,0.20134228187919465,0.20134228187919465,0.23863636363636362,0.23863636363636362,0.07092905776444527,0.21880650994575046,2185.0,0.0
denovo_pdb__7sq5_A,17,140,114,6663,False,True,25,25,0.14977973568281938,0.14977973568281938,0.0,0.0,0.09696969696969697,0.09696969696969697,0.05113198443886514,0.07772254857659286,2196.0,0.0
denovo_pdb__7sq5_A,20,140,114,3055,True,True,13,13,0.09696969696969697,0.09696969696969697,0.07758620689655173,0.07758620689655173,0.04545454545454545,0.04545454545454545,0.07859892933296994,0.07495069033530571,1010.0,0.0
denovo_pdb__7sq5_A,18,140,114,163,True,True,1,1,0.03571428571428571,0.03571428571428571,0.03571428571428571,0.03571428571428571,0.03571428571428571,0.03571428571428571,,0.05555555555555555,54.0,0.0
denovo_pdb__7sq5_A,15,140,114,6663,False,True,24,24,0.12987012987012986,0.12987012987012986,0.10289389067524116,0.10289389067524116,0.06779661016949153,0.06779661016949153,0.048186120103691325,0.08359692724807953,2180.0,0.0
denovo_pdb__6ypi_A,18,87,57,1702,True,True,10,10,0.4957264957264957,0.4957264957264957,0.47457627118644063,0.47457627118644063,0.2528735632183908,0.2528735632183908,0.13142070845721496,0.324468085106383,562.0,0.0
denovo_pdb__6ypi_A,13,87,57,1174,True,True,7,7,0.4424778761061947,0.4424778761061947,0.37606837606837606,0.37606837606837606,0.22916666666666666,0.22916666666666666,0.09727382438049127,0.2596401028277635,388.0,0.0
denovo_pdb__6ypi_A,22,87,57,943,True,True,7,7,0.5565217391304348,0.5565217391304348,0.5565217391304348,0.5565217391304348,0.061855670103092765,0.061855670103092765,0.05823352864842169,0.19230769230769232,312.0,0.0
denovo_pdb__6ypi_A,2,87,57,874,True,True,7,7,0.4222222222222222,0.4222222222222222,0.4222222222222222,0.4222222222222222,0.05084745762711864,0.05084745762711864,0.07495659450711634,0.1695501730103806,289.0,0.0
foldbench100__7y8i_A,12,97,83,2658,True,True,12,12,0.4338624338624339,0.4338624338624339,0.23958333333333334,0.23958333333333334,0.09230769230769231,0.09230769230769231,0.11294602137139917,0.2698412698412698,880.0,0.0
foldbench100__7y8i_A,23,97,83,867,True,True,3,3,0.5026737967914439,0.5026737967914439,0.45555555555555555,0.45555555555555555,0.5026737967914439,0.5026737967914439,0.2010062893081761,0.4131944444444444,286.0,0.0
foldbench100__7y8i_A,5,97,83,1880,True,True,8,8,0.4130434782608695,0.4130434782608695,0.4130434782608695,0.4130434782608695,0.14285714285714288,0.14285714285714288,0.09939377825616477,0.25801282051282054,624.0,0.0
foldbench100__7y8i_A,9,97,83,539,True,True,2,2,0.5333333333333333,0.5333333333333333,0.5333333333333333,0.5333333333333333,0.16969696969696968,0.16969696969696968,0.05917159763313609,0.3463687150837989,179.0,0.0
denovo_pdb__6reo_A,16,251,205,950,True,True,2,2,0.6305418719211824,0.6305418719211824,0.6305418719211824,0.6305418719211824,0.4012539184952978,0.4012539184952978,0.2701612903225806,0.6075949367088608,315.0,0.0
denovo_pdb__6reo_A,10,251,205,2460,True,True,6,6,0.5807962529274004,0.5807962529274004,0.5807962529274004,0.5807962529274004,0.34674922600619196,0.34674922600619196,0.21191970543206856,0.5599022004889975,816.0,0.0
denovo_pdb__6reo_A,0,251,205,691,True,True,1,1,0.6344827586206897,0.6344827586206897,0.6344827586206897,0.6344827586206897,0.6344827586206897,0.6344827586206897,,0.6,230.0,0.0
denovo_pdb__6reo_A,13,251,205,769,True,True,1,1,0.5864332603938731,0.5864332603938731,0.5864332603938731,0.5864332603938731,0.5864332603938731,0.5864332603938731,,0.5234375,252.0,0.0
denovo_pdb__4wsp_A,23,79,41,1835,True,True,17,17,0.225,0.225,0.09090909090909091,0.09090909090909091,0.06451612903225808,0.06451612903225808,0.02736300697862213,0.09405940594059406,606.0,0.0
denovo_pdb__4wsp_A,20,79,41,6663,False,True,64,64,0.430379746835443,0.430379746835443,0.09999999999999999,0.09999999999999999,0.05405405405405405,0.05405405405405405,0.048484829271713006,0.16590909090909092,2195.0,0.0
denovo_pdb__4wsp_A,3,79,41,3350,True,True,23,23,0.3846153846153847,0.3846153846153847,0.1769911504424779,0.1769911504424779,0.0,0.0,0.09003524903868866,0.1388638412984671,1106.0,0.0
denovo_pdb__4wsp_A,10,79,41,2254,True,True,19,19,0.25287356321839083,0.25287356321839083,0.23076923076923075,0.23076923076923075,0.13592233009708737,0.13592233009708737,0.04278773032689253,0.12885906040268458,743.0,0.0
denovo_pdb__8a3k_UNK,14,127,104,1577,True,True,5,5,0.2639593908629442,0.2639593908629442,0.12820512820512822,0.12820512820512822,0.2639593908629442,0.2639593908629442,0.1144007492460078,0.1450381679389313,522.0,0.0
denovo_pdb__8a3k_UNK,13,127,104,3402,True,True,12,12,0.14213197969543148,0.14213197969543148,0.0821917808219178,0.0821917808219178,0.08284023668639054,0.08284023668639054,0.03339280793281791,0.08230088495575222,1128.0,0.0
denovo_pdb__8a3k_UNK,12,127,104,2481,True,True,9,9,0.5714285714285714,0.5714285714285714,0.1926605504587156,0.1926605504587156,0.38216560509554137,0.38216560509554137,0.10569494086353697,0.24271844660194175,824.0,0.0
denovo_pdb__8a3k_UNK,17,127,104,3554,True,True,11,11,0.25,0.25,0.15384615384615385,0.15384615384615385,0.25,0.25,0.1445561646682204,0.1397121083827265,1179.0,0.0
denovo_pdb__7hji_A,3,126,95,283,True,True,1,1,0.6063829787234043,0.6063829787234043,0.6063829787234043,0.6063829787234043,0.6063829787234043,0.6063829787234043,,0.6063829787234043,93.0,0.0
denovo_pdb__7hji_A,16,126,95,203,True,True,2,2,0.326797385620915,0.326797385620915,0.326797385620915,0.326797385620915,0.01923076923076923,0.01923076923076923,0.03076923076923077,0.3880597014925373,67.0,0.0
denovo_pdb__7hji_A,7,126,95,3099,True,True,12,12,0.5638297872340426,0.5638297872340426,0.5638297872340426,0.5638297872340426,0.227979274611399,0.227979274611399,0.15848543701846765,0.33138969873663754,1027.0,0.0
denovo_pdb__7hji_A,8,126,95,91,True,True,1,1,0.128,0.128,0.128,0.128,0.128,0.128,,0.26666666666666666,30.0,0.0
foldbench100__8bfy_A,19,426,359,6663,False,True,19,19,0.03418803418803419,0.03418803418803419,0.009478672985781991,0.009478672985781991,0.012820512820512822,0.012820512820512822,0.007877823568966323,0.033860045146726865,2211.0,0.0
foldbench100__8bfy_A,18,426,359,6663,False,True,19,19,0.04417670682730924,0.04417670682730924,0.023696682464454975,0.023696682464454975,0.012448132780082988,0.012448132780082988,0.009440956205124449,0.04604966139954853,2213.0,0.0
foldbench100__8bfy_A,16,426,359,6663,False,True,18,18,0.05327868852459017,0.05327868852459017,0.004618937644341801,0.004618937644341801,0.01646090534979424,0.01646090534979424,0.010228365017018017,0.057787810383747175,2210.0,0.0
foldbench100__8bfy_A,22,426,359,6663,False,True,19,19,0.05128205128205129,0.05128205128205129,0.0,0.0,0.029535864978902954,0.029535864978902954,0.010912065903889242,0.05327313769751693,2211.0,0.0
denovo_pdb__8k8g_A,10,209,140,6663,False,True,20,20,0.0956175298804781,0.0956175298804781,0.04081632653061224,0.04081632653061224,0.07048458149779736,0.07048458149779736,0.03379911337149633,0.05510388437217705,2201.0,0.0
denovo_pdb__8k8g_A,18,209,140,6663,False,True,24,24,0.13114754098360656,0.13114754098360656,0.03125000000000001,0.03125000000000001,0.06763285024154589,0.06763285024154589,0.026901474672527497,0.06823316764572977,2208.0,0.0
denovo_pdb__8k8g_A,21,209,140,6663,False,True,21,21,0.15384615384615383,0.15384615384615383,0.03791469194312796,0.03791469194312796,0.046875,0.046875,0.03870536359903188,0.09259259259259259,2197.0,0.0
denovo_pdb__8k8g_A,11,209,140,6663,False,True,21,21,0.14285714285714285,0.14285714285714285,0.029556650246305414,0.029556650246305414,0.07339449541284404,0.07339449541284404,0.03878342414841718,0.07542908762420958,2198.0,0.0
denovo_pdb__2avp_A,6,68,52,151,True,True,1,1,0.8431372549019608,0.8431372549019608,0.8431372549019608,0.8431372549019608,0.8431372549019608,0.8431372549019608,,0.86,50.0,0.0
denovo_pdb__2avp_A,12,68,52,184,True,True,1,1,0.8141592920353982,0.8141592920353982,0.8141592920353982,0.8141592920353982,0.8141592920353982,0.8141592920353982,,0.7540983606557377,61.0,0.0
denovo_pdb__2avp_A,13,68,52,2022,True,True,12,12,0.8135593220338984,0.8135593220338984,0.7962962962962962,0.7962962962962962,0.6991869918699187,0.6991869918699187,0.4905621436798749,0.7194029850746269,664.0,0.0
denovo_pdb__2avp_A,10,68,52,1124,True,True,8,8,0.8761904761904762,0.8761904761904762,0.8761904761904762,0.8761904761904762,0.8282828282828283,0.8282828282828283,0.3995526255214226,0.7795698924731183,372.0,0.0
foldbench100__7v3o_A,15,328,272,6663,False,True,19,19,0.03664921465968587,0.03664921465968587,0.019559902200488997,0.019559902200488997,0.015625,0.015625,0.004732836036556682,0.033860045146726865,2209.0,0.0
foldbench100__7v3o_A,23,328,272,6663,False,True,19,19,0.047619047619047616,0.047619047619047616,0.012779552715654952,0.012779552715654952,0.020833333333333332,0.020833333333333332,0.012018497644493866,0.030248306997742665,2212.0,0.0
foldbench100__7v3o_A,13,328,272,6663,False,True,20,20,0.045685279187817264,0.045685279187817264,0.005747126436781609,0.005747126436781609,0.027322404371584702,0.027322404371584702,0.008051220944005389,0.03477868112014453,2212.0,0.0
foldbench100__7v3o_A,19,328,272,6663,False,True,20,20,0.04477611940298508,0.04477611940298508,0.01595744680851064,0.01595744680851064,0.005194805194805195,0.005194805194805195,0.008441527742723382,0.026648599819331528,2209.0,0.0
denovo_pdb__7ax2_A,10,311,356,2787,True,True,6,6,0.5859697386519944,0.5859697386519944,0.5859697386519944,0.5859697386519944,0.24411134903640255,0.24411134903640255,0.10954583722643489,0.5631067961165048,924.0,0.0
denovo_pdb__7ax2_A,3,311,356,2618,True,True,5,5,0.6329442282749675,0.6329442282749675,0.6329442282749675,0.6329442282749675,0.23348017621145375,0.23348017621145375,0.11831678817397848,0.5602755453501722,867.0,0.0
denovo_pdb__7ax2_A,14,311,356,1532,True,True,2,2,0.5949535192563081,0.5949535192563081,0.5949535192563081,0.5949535192563081,0.20985010706638116,0.20985010706638116,0.14414414414414414,0.5352941176470588,508.0,0.0
denovo_pdb__7ax2_A,18,311,356,1725,True,True,3,3,0.6357243319268636,0.6357243319268636,0.6357243319268636,0.6357243319268636,0.24369747899159666,0.24369747899159666,0.09742184027263298,0.5818815331010453,571.0,0.0
denovo_pdb__9bk7_A,13,102,59,1944,True,True,12,12,0.3620689655172414,0.3620689655172414,0.3620689655172414,0.3620689655172414,0.23423423423423426,0.23423423423423426,0.06235825572362397,0.22826086956521738,639.0,0.0
denovo_pdb__9bk7_A,1,102,59,2080,True,True,13,13,0.40677966101694923,0.40677966101694923,0.40677966101694923,0.40677966101694923,0.29357798165137616,0.29357798165137616,0.10179639379279896,0.216255442670537,689.0,0.0
denovo_pdb__9bk7_A,14,102,59,1880,True,True,11,11,0.2635658914728682,0.2635658914728682,0.2439024390243902,0.2439024390243902,0.15841584158415842,0.15841584158415842,0.08323598746071179,0.17656500802568217,621.0,0.0
denovo_pdb__9bk7_A,17,102,59,2152,True,True,13,13,0.4210526315789474,0.4210526315789474,0.4210526315789474,0.4210526315789474,0.07476635514018692,0.07476635514018692,0.11009888112613896,0.26367461430575034,712.0,0.0
denovo_pdb__7hjp_A,4,126,93,1012,True,True,4,4,0.3930635838150289,0.3930635838150289,0.34065934065934067,0.34065934065934067,0.3930635838150289,0.3930635838150289,0.06478029110393017,0.2857142857142857,336.0,0.0
denovo_pdb__7hjp_A,13,126,93,220,True,True,1,1,0.4457831325301205,0.4457831325301205,0.4457831325301205,0.4457831325301205,0.4457831325301205,0.4457831325301205,,0.5068493150684932,73.0,0.0
denovo_pdb__7hjp_A,18,126,93,606,True,True,3,3,0.38636363636363635,0.38636363636363635,0.38636363636363635,0.38636363636363635,0.2717391304347826,0.2717391304347826,0.04555022312031658,0.30845771144278605,201.0,0.0
denovo_pdb__7hjp_A,2,126,93,714,True,True,3,3,0.3294117647058823,0.3294117647058823,0.20606060606060608,0.20606060606060608,0.3294117647058823,0.3294117647058823,0.13099845201238391,0.24472573839662448,237.0,0.0
foldbench100__8dmu_A,19,489,571,6663,False,True,20,20,0.023774145616641904,0.023774145616641904,0.0031249999999999997,0.0031249999999999997,0.005979073243647235,0.005979073243647235,0.0049653944207850124,0.04065040650406504,2212.0,0.0
foldbench100__8dmu_A,4,489,571,6663,False,True,20,20,0.02808988764044944,0.02808988764044944,0.0,0.0,0.008810572687224669,0.008810572687224669,0.003982166843125974,0.037940379403794036,2211.0,0.0
foldbench100__8dmu_A,23,489,571,6663,False,True,20,20,0.024489795918367346,0.024489795918367346,0.008862629246676513,0.008862629246676513,0.008759124087591242,0.008759124087591242,0.00562425963244888,0.037488708220415536,2211.0,0.0
foldbench100__8dmu_A,3,489,571,6663,False,True,20,20,0.024423337856173677,0.024423337856173677,0.0034482758620689655,0.0034482758620689655,0.01183431952662722,0.01183431952662722,0.0036982404330265658,0.04110207768744354,2213.0,0.0
casp_fm__T1038-D1,14,114,82,2915,True,True,14,14,0.1388888888888889,0.1388888888888889,0.1388888888888889,0.1388888888888889,0.08805031446540881,0.08805031446540881,0.01321866829620216,0.05894519131334023,964.0,0.0
casp_fm__T1038-D1,1,114,82,6663,False,True,27,27,0.15686274509803919,0.15686274509803919,0.08547008547008547,0.08547008547008547,0.06289308176100629,0.06289308176100629,0.03358025394925451,0.06555153707052441,2198.0,0.0
casp_fm__T1038-D1,9,114,82,6663,False,True,29,29,0.12244897959183675,0.12244897959183675,0.0,0.0,0.07352941176470587,0.07352941176470587,0.03655199262922682,0.05472636815920398,2210.0,0.0
casp_fm__T1038-D1,17,114,82,6663,False,True,29,29,0.17054263565891473,0.17054263565891473,0.020202020202020204,0.020202020202020204,0.059880239520958084,0.059880239520958084,0.031709321490313636,0.07281772953414745,2206.0,0.0
foldbench100__8bke_A,3,638,494,4944,True,True,9,9,0.1719242902208202,0.1719242902208202,0.1719242902208202,0.1719242902208202,0.01282051282051282,0.01282051282051282,0.012778347767749554,0.10273556231003039,1635.0,0.0
foldbench100__8bke_A,21,638,494,5759,True,True,11,11,0.20876494023904382,0.20876494023904382,0.20876494023904382,0.20876494023904382,0.019867549668874173,0.019867549668874173,0.01888674399274132,0.13778705636743216,1880.0,0.0
foldbench100__8bke_A,14,638,494,6663,False,True,20,20,0.0832,0.0832,0.011278195488721804,0.011278195488721804,0.04033613445378151,0.04033613445378151,0.01224908305778773,0.11653116531165311,2214.0,0.0
foldbench100__8bke_A,5,638,494,5239,True,True,10,10,0.22186751795690343,0.22186751795690343,0.22186751795690343,0.22186751795690343,0.05564648117839607,0.05564648117839607,0.01655290160879557,0.16006884681583478,1730.0,0.0
cameo_hard__9j46_F,0,124,95,3984,True,True,18,18,0.10344827586206896,0.10344827586206896,0.09424083769633507,0.09424083769633507,0.08759124087591241,0.08759124087591241,0.029741531720671052,0.07639939485627836,1318.0,0.0
cameo_hard__9j46_F,5,124,95,6663,False,True,35,35,0.13612565445026176,0.13612565445026176,0.018691588785046728,0.018691588785046728,0.045112781954887216,0.045112781954887216,0.02633009167417014,0.06790402897238569,2205.0,0.0
cameo_hard__9j46_F,4,124,95,4723,True,True,22,22,0.13483146067415733,0.13483146067415733,0.05025125628140704,0.05025125628140704,0.07547169811320754,0.07547169811320754,0.02707103989307288,0.08104658583280153,1565.0,0.0
cameo_hard__9j46_F,21,124,95,6663,False,True,33,33,0.10928961748633878,0.10928961748633878,0.0903225806451613,0.0903225806451613,0.036585365853658534,0.036585365853658534,0.03881816571060814,0.06968325791855204,2199.0,0.0
denovo_pdb__6rek_A,0,251,224,760,True,True,1,1,0.6163522012578616,0.6163522012578616,0.6163522012578616,0.6163522012578616,0.6163522012578616,0.6163522012578616,,0.5810276679841897,253.0,0.0
denovo_pdb__6rek_A,22,251,224,580,True,True,1,1,0.5707434052757794,0.5707434052757794,0.5707434052757794,0.5707434052757794,0.5707434052757794,0.5707434052757794,,0.616580310880829,193.0,0.0
denovo_pdb__6rek_A,3,251,224,1356,True,True,3,3,0.6696230598669624,0.6696230598669624,0.6696230598669624,0.6696230598669624,0.364179104477612,0.364179104477612,0.18383838383838386,0.6319290465631929,451.0,0.0
denovo_pdb__6rek_A,23,251,224,980,True,True,2,2,0.6330275229357799,0.6330275229357799,0.6330275229357799,0.6330275229357799,0.378698224852071,0.378698224852071,0.2734375,0.6196319018404908,326.0,0.0
denovo_pdb__5cwm_A,6,226,206,1299,True,True,3,3,0.41645244215938304,0.41645244215938304,0.41645244215938304,0.41645244215938304,0.2608695652173913,0.2608695652173913,0.058921036769138034,0.33101851851851855,431.0,0.0
denovo_pdb__5cwm_A,10,226,206,3911,True,True,11,11,0.5386416861826698,0.5386416861826698,0.5386416861826698,0.5386416861826698,0.11949685534591194,0.11949685534591194,0.05334542937421273,0.2907692307692308,1294.0,0.0
denovo_pdb__5cwm_A,22,226,206,1293,True,True,3,3,0.48192771084337344,0.48192771084337344,0.48192771084337344,0.48192771084337344,0.14696485623003197,0.14696485623003197,0.07954323161189358,0.34651162790697676,430.0,0.0
denovo_pdb__5cwm_A,18,226,206,854,True,True,2,2,0.19459459459459458,0.19459459459459458,0.19459459459459458,0.19459459459459458,0.06748466257668712,0.06748466257668712,0.055762081784386616,0.16549295774647887,284.0,0.0
cameo_hard__9def_A,9,151,115,6663,False,True,24,24,0.1,0.1,0.0588235294117647,0.0588235294117647,0.0970873786407767,0.0970873786407767,0.04262437535288743,0.06642566651604158,2202.0,0.0
cameo_hard__9def_A,13,151,115,4704,True,True,18,18,0.15706806282722516,0.15706806282722516,0.11607142857142856,0.11607142857142856,0.044444444444444446,0.044444444444444446,0.04097425931389203,0.07106274007682459,1560.0,0.0
cameo_hard__9def_A,15,151,115,6663,False,True,25,25,0.1339712918660287,0.1339712918660287,0.0,0.0,0.05357142857142856,0.05357142857142856,0.03232419705327668,0.07410754631721644,2202.0,0.0
cameo_hard__9def_A,10,151,115,6663,False,True,29,29,0.12676056338028172,0.12676056338028172,0.014814814814814815,0.014814814814814815,0.055813953488372085,0.055813953488372085,0.033810218820280874,0.08683853459972862,2204.0,0.0
denovo_pdb__6ff6_A,10,222,194,6663,False,True,19,19,0.10404624277456648,0.10404624277456648,0.0625,0.0625,0.07868852459016394,0.07868852459016394,0.025213120047832802,0.08623024830699774,2211.0,0.0
denovo_pdb__6ff6_A,6,222,194,6663,False,True,20,20,0.1498559077809798,0.1498559077809798,0.0099009900990099,0.0099009900990099,0.11074918566775244,0.11074918566775244,0.03603480729112341,0.0989159891598916,2203.0,0.0
denovo_pdb__6ff6_A,16,222,194,6663,False,True,19,19,0.09868421052631579,0.09868421052631579,0.055865921787709494,0.055865921787709494,0.04040404040404041,0.04040404040404041,0.024760844102741666,0.06410835214446953,2213.0,0.0
denovo_pdb__6ff6_A,5,222,194,6663,False,True,17,17,0.09118541033434652,0.09118541033434652,0.049999999999999996,0.049999999999999996,0.05714285714285715,0.05714285714285715,0.018136767572986524,0.06320541760722348,2200.0,0.0
denovo_pdb__6rlh_A,20,248,214,679,True,True,1,1,0.6560364464692483,0.6560364464692483,0.6560364464692483,0.6560364464692483,0.6560364464692483,0.6560364464692483,,0.6371681415929203,225.0,0.0
denovo_pdb__6rlh_A,5,248,214,1476,True,True,3,3,0.5321100917431193,0.5321100917431193,0.5321100917431193,0.5321100917431193,0.3867403314917127,0.3867403314917127,0.24311046805074196,0.5071283095723014,490.0,0.0
denovo_pdb__6rlh_A,19,248,214,610,True,True,1,1,0.6009615384615384,0.6009615384615384,0.6009615384615384,0.6009615384615384,0.6009615384615384,0.6009615384615384,,0.6157635467980296,202.0,0.0
denovo_pdb__6rlh_A,11,248,214,1070,True,True,2,2,0.6188340807174888,0.6188340807174888,0.6188340807174888,0.6188340807174888,0.4023668639053254,0.4023668639053254,0.2150170648464164,0.5786516853932584,356.0,0.0
denovo_pdb__6mrr_A,4,68,54,94,True,True,1,1,0.44705882352941173,0.44705882352941173,0.44705882352941173,0.44705882352941173,0.44705882352941173,0.44705882352941173,,0.6129032258064516,31.0,0.0
denovo_pdb__6mrr_A,12,68,54,320,True,True,2,2,0.48695652173913045,0.48695652173913045,0.42424242424242425,0.42424242424242425,0.48695652173913045,0.48695652173913045,0.358974358974359,0.46226415094339623,106.0,0.0
denovo_pdb__6mrr_A,10,68,54,595,True,True,4,4,0.5585585585585585,0.5585585585585585,0.5585585585585585,0.5585585585585585,0.43298969072164956,0.43298969072164956,0.2806876760774441,0.4720812182741117,197.0,0.0
denovo_pdb__6mrr_A,18,68,54,184,True,True,1,1,0.5043478260869565,0.5043478260869565,0.5043478260869565,0.5043478260869565,0.5043478260869565,0.5043478260869565,,0.47540983606557374,61.0,0.0
foldbench100__5sbj_A,11,30,17,227,True,True,8,8,0.4324324324324324,0.4324324324324324,0.4324324324324324,0.4324324324324324,0.4117647058823529,0.4117647058823529,0.07381134271890574,0.3424657534246575,73.0,0.0
foldbench100__5sbj_A,22,30,17,111,True,True,3,3,0.6285714285714287,0.6285714285714287,0.07999999999999999,0.07999999999999999,0.6285714285714287,0.6285714285714287,0.18333333333333335,0.5,36.0,0.0
foldbench100__5sbj_A,2,30,17,275,True,True,8,8,0.45714285714285713,0.45714285714285713,0.45714285714285713,0.45714285714285713,0.09523809523809523,0.09523809523809523,0.040916293922287614,0.3146067415730337,88.0,0.0
foldbench100__5sbj_A,0,30,17,43,True,True,1,1,0.3870967741935484,0.3870967741935484,0.3870967741935484,0.3870967741935484,0.3870967741935484,0.3870967741935484,,0.42857142857142855,14.0,0.0
denovo_pdb__6iei_A,21,250,169,6663,False,True,19,19,0.15894039735099338,0.15894039735099338,0.0,0.0,0.08178438661710039,0.08178438661710039,0.02420257517459183,0.10158013544018059,2206.0,0.0
denovo_pdb__6iei_A,13,250,169,6663,False,True,20,20,0.1792114695340502,0.1792114695340502,0.0495049504950495,0.0495049504950495,0.1527272727272727,0.1527272727272727,0.0374063849093066,0.13008130081300814,2212.0,0.0
denovo_pdb__6iei_A,10,250,169,6663,False,True,20,20,0.18685121107266436,0.18685121107266436,0.047058823529411764,0.047058823529411764,0.10869565217391304,0.10869565217391304,0.05438155961919795,0.14001806684733514,2213.0,0.0
denovo_pdb__6iei_A,3,250,169,6663,False,True,20,20,0.1310344827586207,0.1310344827586207,0.07758620689655173,0.07758620689655173,0.07352941176470588,0.07352941176470588,0.025575150454694096,0.08807588075880758,2208.0,0.0
denovo_pdb__9jl9_A,5,165,184,6663,False,True,24,24,0.1267605633802817,0.1267605633802817,0.0,0.0,0.0662251655629139,0.0662251655629139,0.044429901471922,0.09896068685042927,2213.0,0.0
denovo_pdb__9jl9_A,10,165,184,6663,False,True,21,21,0.1292517006802721,0.1292517006802721,0.0186046511627907,0.0186046511627907,0.12751677852348994,0.12751677852348994,0.04171125630794727,0.1002710027100271,2207.0,0.0
denovo_pdb__9jl9_A,8,165,184,6663,False,True,21,21,0.1516245487364621,0.1516245487364621,0.06923076923076922,0.06923076923076922,0.040955631399317405,0.040955631399317405,0.06662997877056187,0.11562782294489611,2211.0,0.0
denovo_pdb__9jl9_A,12,165,184,6663,False,True,20,20,0.13818181818181818,0.13818181818181818,0.03960396039603961,0.03960396039603961,0.09059233449477352,0.09059233449477352,0.036915154118839826,0.08626919602529359,2209.0,0.0
denovo_pdb__4n6t_A,17,79,83,2886,True,True,18,18,0.4942528735632184,0.4942528735632184,0.33128834355828224,0.33128834355828224,0.1730769230769231,0.1730769230769231,0.08575682816367118,0.25627615062761505,952.0,0.0
denovo_pdb__4n6t_A,21,79,83,2729,True,True,17,17,0.35359116022099446,0.35359116022099446,0.35359116022099446,0.35359116022099446,0.1076923076923077,0.1076923076923077,0.08376635344488889,0.23561946902654868,903.0,0.0
denovo_pdb__4n6t_A,8,79,83,1920,True,True,12,12,0.3006535947712418,0.3006535947712418,0.3006535947712418,0.3006535947712418,0.15483870967741936,0.15483870967741936,0.0581957959938518,0.18081761006289307,636.0,0.0
denovo_pdb__4n6t_A,18,79,83,3905,True,True,23,23,0.36363636363636365,0.36363636363636365,0.36363636363636365,0.36363636363636365,0.22377622377622378,0.22377622377622378,0.06682091372593799,0.21947449768160743,1292.0,0.0
foldbench100__8cba_A,15,214,245,6663,False,True,20,20,0.06970509383378015,0.06970509383378015,0.006920415224913495,0.006920415224913495,0.02824858757062147,0.02824858757062147,0.015618960340209341,0.051490514905149054,2210.0,0.0
foldbench100__8cba_A,21,214,245,6663,False,True,20,20,0.06916426512968299,0.06916426512968299,0.013513513513513514,0.013513513513513514,0.028089887640449437,0.028089887640449437,0.014694929264682098,0.03523035230352303,2209.0,0.0
foldbench100__8cba_A,14,214,245,6663,False,True,19,19,0.07777777777777778,0.07777777777777778,0.016997167138810197,0.016997167138810197,0.023529411764705885,0.023529411764705885,0.02648537187823046,0.05553047404063206,2211.0,0.0
foldbench100__8cba_A,5,214,245,6663,False,True,18,18,0.05042016806722689,0.05042016806722689,0.02967359050445104,0.02967359050445104,0.03977272727272727,0.03977272727272727,0.02517124248709567,0.03882618510158013,2210.0,0.0
denovo_pdb__4psj_A,7,255,241,814,True,True,1,1,0.6390532544378699,0.6390532544378699,0.6390532544378699,0.6390532544378699,0.6390532544378699,0.6390532544378699,,0.5977859778597786,266.0,0.0
denovo_pdb__4psj_A,20,255,241,1870,True,True,4,4,0.5907172995780592,0.5907172995780592,0.5907172995780592,0.5907172995780592,0.29518072289156627,0.29518072289156627,0.20929403933989765,0.5819935691318328,620.0,0.0
denovo_pdb__4psj_A,12,255,241,763,True,True,1,1,0.6612244897959184,0.6612244897959184,0.6612244897959184,0.6612244897959184,0.6612244897959184,0.6612244897959184,,0.6377952755905512,249.0,0.0
denovo_pdb__4psj_A,4,255,241,2204,True,True,5,5,0.6129032258064515,0.6129032258064515,0.6129032258064515,0.6129032258064515,0.37288135593220345,0.37288135593220345,0.20094751877524253,0.6016371077762619,732.0,0.0
denovo_pdb__4pjr_A,11,175,126,418,True,True,1,1,0.6666666666666666,0.6666666666666666,0.6666666666666666,0.6666666666666666,0.6666666666666666,0.6666666666666666,,0.6330935251798561,138.0,0.0
denovo_pdb__4pjr_A,5,175,126,397,True,True,1,1,0.6046511627906977,0.6046511627906977,0.6046511627906977,0.6046511627906977,0.6046511627906977,0.6046511627906977,,0.5909090909090909,132.0,0.0
denovo_pdb__4pjr_A,16,175,126,394,True,True,1,1,0.5992217898832685,0.5992217898832685,0.5992217898832685,0.5992217898832685,0.5992217898832685,0.5992217898832685,,0.5877862595419847,131.0,0.0
denovo_pdb__4pjr_A,20,175,126,325,True,True,1,1,0.626609442060086,0.626609442060086,0.626609442060086,0.626609442060086,0.626609442060086,0.626609442060086,,0.6759259259259259,107.0,0.0
denovo_pdb__4wpy_A,23,88,42,1651,True,True,13,13,0.11904761904761904,0.11904761904761904,0.03508771929824561,0.03508771929824561,0.047619047619047616,0.047619047619047616,0.017840567739216516,0.045787545787545784,546.0,0.0
denovo_pdb__4wpy_A,11,88,42,688,True,True,4,4,0.27522935779816515,0.27522935779816515,0.07017543859649122,0.07017543859649122,0.27522935779816515,0.27522935779816515,0.03702738832049177,0.12719298245614036,227.0,0.0
denovo_pdb__4wpy_A,9,88,42,58,True,True,1,1,0.0,0.0,0.0,0.0,0.0,0.0,,0.0,19.0,0.0
denovo_pdb__4wpy_A,13,88,42,2392,True,True,13,13,0.13636363636363638,0.13636363636363638,0.1,0.1,0.13636363636363638,0.13636363636363638,0.01733340355033271,0.04665825977301387,793.0,0.0
denovo_pdb__9h3c_A,2,212,142,6663,False,True,19,19,0.11278195488721804,0.11278195488721804,0.064,0.064,0.023076923076923078,0.023076923076923078,0.020592774152471637,0.06817155756207675,2200.0,0.0
denovo_pdb__9h3c_A,14,212,142,6663,False,True,20,20,0.128,0.128,0.043290043290043295,0.043290043290043295,0.04511278195488722,0.04511278195488722,0.02428570179933821,0.07497741644083107,2205.0,0.0
denovo_pdb__9h3c_A,1,212,142,6663,False,True,18,18,0.09489051094890509,0.09489051094890509,0.06122448979591837,0.06122448979591837,0.023715415019762844,0.023715415019762844,0.017090653356604348,0.05914221218961625,2195.0,0.0
denovo_pdb__9h3c_A,12,212,142,6663,False,True,18,18,0.1044776119402985,0.1044776119402985,0.040229885057471264,0.040229885057471264,0.05426356589147287,0.05426356589147287,0.022331798083346333,0.054627539503386,2198.0,0.0
denovo_pdb__8k7o_A,22,233,204,2566,True,True,7,7,0.3231197771587744,0.3231197771587744,0.3231197771587744,0.3231197771587744,0.13924050632911392,0.13924050632911392,0.10158007472340082,0.3048065650644783,853.0,0.0
denovo_pdb__8k7o_A,21,233,204,3236,True,True,8,8,0.40860215053763443,0.40860215053763443,0.40860215053763443,0.40860215053763443,0.17197452229299362,0.17197452229299362,0.07079152406525384,0.266728624535316,1074.0,0.0
denovo_pdb__8k7o_A,9,233,204,664,True,True,1,1,0.47529411764705887,0.47529411764705887,0.47529411764705887,0.47529411764705887,0.47529411764705887,0.47529411764705887,,0.45701357466063347,221.0,0.0
denovo_pdb__8k7o_A,1,233,204,2593,True,True,7,7,0.35844155844155845,0.35844155844155845,0.35844155844155845,0.35844155844155845,0.3006134969325153,0.3006134969325153,0.0942155179727633,0.3352668213457077,860.0,0.0
casp_fm__T1120-D1,0,118,65,6663,False,True,30,30,0.13986013986013987,0.13986013986013987,0.07142857142857142,0.07142857142857142,0.09395973154362416,0.09395973154362416,0.05063904677069324,0.06331976481230213,2194.0,0.0
casp_fm__T1120-D1,2,118,65,6663,False,True,26,26,0.18791946308724833,0.18791946308724833,0.026666666666666665,0.026666666666666665,0.058823529411764705,0.058823529411764705,0.04684425396338452,0.08047016274864376,2194.0,0.0
casp_fm__T1120-D1,14,118,65,6663,False,True,31,31,0.16455696202531644,0.16455696202531644,0.05042016806722689,0.05042016806722689,0.029411764705882353,0.029411764705882353,0.045225176778832164,0.06648575305291723,2199.0,0.0
casp_fm__T1120-D1,16,118,65,3928,True,True,19,19,0.17333333333333334,0.17333333333333334,0.1411764705882353,0.1411764705882353,0.05,0.05,0.05114957676516961,0.09363008442056792,1301.0,0.0
denovo_pdb__5d2y_A,23,250,254,6663,False,True,19,19,0.13903743315508021,0.13903743315508021,0.05714285714285714,0.05714285714285714,0.07547169811320754,0.07547169811320754,0.02471000923601971,0.10790067720090293,2212.0,0.0
denovo_pdb__5d2y_A,10,250,254,6663,False,True,19,19,0.20924574209245744,0.20924574209245744,0.027303754266211604,0.027303754266211604,0.07692307692307691,0.07692307692307691,0.03684792080446201,0.1688487584650113,2210.0,0.0
denovo_pdb__5d2y_A,12,250,254,4356,True,True,12,12,0.22924901185770752,0.22924901185770752,0.22924901185770752,0.22924901185770752,0.03333333333333333,0.03333333333333333,0.03163483603641257,0.17886740331491713,1448.0,0.0
denovo_pdb__5d2y_A,9,250,254,5143,True,True,13,13,0.18552036199095023,0.18552036199095023,0.1687170474516696,0.1687170474516696,0.09782608695652174,0.09782608695652174,0.0374540825770165,0.147953216374269,1708.0,0.0
cameo_hard__8jvx_B,5,39,14,528,True,True,15,15,0.45161290322580644,0.45161290322580644,0.45161290322580644,0.45161290322580644,0.15789473684210525,0.15789473684210525,0.03174210498879931,0.18128654970760233,171.0,0.0
cameo_hard__8jvx_B,13,39,14,176,True,True,5,5,0.23999999999999996,0.23999999999999996,0.06666666666666667,0.06666666666666667,0.10526315789473682,0.10526315789473682,0.03678571428571428,0.14035087719298245,57.0,0.0
cameo_hard__8jvx_B,0,39,14,562,True,True,19,19,0.588235294117647,0.588235294117647,0.588235294117647,0.588235294117647,0.0,0.0,0.062344145387623645,0.11049723756906077,181.0,0.0
cameo_hard__8jvx_B,11,39,14,546,True,True,18,18,0.4571428571428571,0.4571428571428571,0.4571428571428571,0.4571428571428571,0.07692307692307691,0.07692307692307691,0.06463867566303964,0.16477272727272727,170.0,0.0
denovo_pdb__6tjg_A,15,320,357,1249,True,True,1,1,0.7058823529411765,0.7058823529411765,0.7058823529411765,0.7058823529411765,0.7058823529411765,0.7058823529411765,,0.6490384615384616,408.0,0.0
denovo_pdb__6tjg_A,2,320,357,1568,True,True,2,2,0.6787564766839378,0.6787564766839378,0.6787564766839378,0.6787564766839378,0.22222222222222224,0.22222222222222224,0.12882096069868995,0.5996168582375478,517.0,0.0
denovo_pdb__6tjg_A,5,320,357,1616,True,True,2,2,0.7040816326530612,0.7040816326530612,0.7040816326530612,0.7040816326530612,0.2623655913978495,0.2623655913978495,0.12159329140461216,0.6263940520446096,535.0,0.0
denovo_pdb__6tjg_A,11,320,357,1246,True,True,1,1,0.7057291666666666,0.7057291666666666,0.7057291666666666,0.7057291666666666,0.7057291666666666,0.7057291666666666,,0.653012048192771,411.0,0.0
cameo_hard__9deg_A,16,157,142,4208,True,True,14,14,0.2222222222222222,0.2222222222222222,0.11985018726591759,0.11985018726591759,0.17959183673469387,0.17959183673469387,0.03736442428616242,0.12160228898426323,1395.0,0.0
cameo_hard__9deg_A,23,157,142,6663,False,True,26,26,0.17557251908396948,0.17557251908396948,0.013071895424836602,0.013071895424836602,0.051948051948051945,0.051948051948051945,0.03718795560099207,0.09403254972875226,2205.0,0.0
cameo_hard__9deg_A,5,157,142,2522,True,True,8,8,0.15267175572519084,0.15267175572519084,0.15267175572519084,0.15267175572519084,0.11764705882352942,0.11764705882352942,0.03386900814948924,0.11933174224343675,837.0,0.0
cameo_hard__9deg_A,17,157,142,6663,False,True,23,23,0.1592920353982301,0.1592920353982301,0.043715846994535526,0.043715846994535526,0.09230769230769231,0.09230769230769231,0.04213755302275027,0.11477632173520108,2210.0,0.0
denovo_pdb__9ugr_A,11,181,150,6663,False,True,20,20,0.1038961038961039,0.1038961038961039,0.0,0.0,0.0,0.0,0.022036876850290633,0.028455284552845527,2203.0,0.0
denovo_pdb__9ugr_A,0,181,150,6663,False,True,21,21,0.09638554216867469,0.09638554216867469,0.02666666666666667,0.02666666666666667,0.0,0.0,0.016297205680226412,0.031616982836495035,2208.0,0.0
denovo_pdb__9ugr_A,7,181,150,421,True,True,1,1,0.013793103448275862,0.013793103448275862,0.013793103448275862,0.013793103448275862,0.013793103448275862,0.013793103448275862,,0.014285714285714285,140.0,0.0
denovo_pdb__9ugr_A,23,181,150,6663,False,True,20,20,0.15962441314553988,0.15962441314553988,0.02790697674418605,0.02790697674418605,0.0,0.0,0.02277235864897047,0.026648599819331528,2164.0,0.0
denovo_pdb__8d9o_A,1,194,169,6663,False,True,21,21,0.20938628158844766,0.20938628158844766,0.07508532423208192,0.07508532423208192,0.1209964412811388,0.1209964412811388,0.024046908823133734,0.08039747064137308,2203.0,0.0
denovo_pdb__8d9o_A,16,194,169,6663,False,True,19,19,0.3146067415730337,0.3146067415730337,0.13612565445026178,0.13612565445026178,0.04651162790697675,0.04651162790697675,0.04267552833572195,0.1471783295711061,2184.0,0.0
denovo_pdb__8d9o_A,12,194,169,6663,False,True,20,20,0.2116788321167883,0.2116788321167883,0.03092783505154639,0.03092783505154639,0.10408921933085503,0.10408921933085503,0.02321763146650813,0.07859078590785908,2198.0,0.0
denovo_pdb__8d9o_A,3,194,169,6663,False,True,21,21,0.31690140845070425,0.31690140845070425,0.06584362139917696,0.06584362139917696,0.11304347826086958,0.11304347826086958,0.027614195321112495,0.12601626016260162,2208.0,0.0
denovo_pdb__7hjv_A,21,126,92,1470,True,True,6,6,0.4717948717948718,0.4717948717948718,0.4444444444444445,0.4444444444444445,0.4717948717948718,0.4717948717948718,0.16927880409860432,0.4426229508196721,487.0,0.0
denovo_pdb__7hjv_A,14,126,92,313,True,True,1,1,0.4795918367346939,0.4795918367346939,0.4795918367346939,0.4795918367346939,0.4795918367346939,0.4795918367346939,,0.4519230769230769,104.0,0.0
denovo_pdb__7hjv_A,19,126,92,6663,False,True,29,29,0.3715846994535519,0.3715846994535519,0.11049723756906078,0.11049723756906078,0.14358974358974358,0.14358974358974358,0.07719871870767611,0.17277250113071008,2184.0,0.0
denovo_pdb__7hjv_A,16,126,92,6663,False,True,27,27,0.44186046511627913,0.44186046511627913,0.2278481012658228,0.2278481012658228,0.14473684210526316,0.14473684210526316,0.08636474448146807,0.24321880650994576,2173.0,0.0
denovo_pdb__8kc0_A,17,115,111,6663,False,True,22,22,0.21186440677966104,0.21186440677966104,0.056818181818181816,0.056818181818181816,0.08866995073891627,0.08866995073891627,0.05399136665111405,0.11878952122854562,2200.0,0.0
denovo_pdb__8kc0_A,12,115,111,6663,False,True,25,25,0.47533632286995514,0.47533632286995514,0.20100502512562815,0.20100502512562815,0.13541666666666666,0.13541666666666666,0.07527678975993991,0.2413014008133755,2202.0,0.0
denovo_pdb__8kc0_A,20,115,111,6663,False,True,24,24,0.30357142857142855,0.30357142857142855,0.07929515418502203,0.07929515418502203,0.07692307692307691,0.07692307692307691,0.06884082855422513,0.175327609579756,2199.0,0.0
denovo_pdb__8kc0_A,19,115,111,6663,False,True,27,27,0.17674418604651163,0.17674418604651163,0.016260162601626015,0.016260162601626015,0.07174887892376682,0.07174887892376682,0.06684964715721108,0.1089511754068716,2200.0,0.0
foldbench100__7qsj_A,16,373,347,5764,True,True,13,13,0.24970828471411904,0.24970828471411904,0.24970828471411904,0.24970828471411904,0.05206073752711497,0.05206073752711497,0.017452492912382055,0.14136671883150756,1895.0,0.0
foldbench100__7qsj_A,20,373,347,6663,False,True,16,16,0.13953488372093023,0.13953488372093023,0.010152284263959392,0.010152284263959392,0.04329004329004328,0.04329004329004328,0.019537451185598353,0.09792418772563177,2211.0,0.0
foldbench100__7qsj_A,2,373,347,4082,True,True,8,8,0.17721518987341772,0.17721518987341772,0.17721518987341772,0.17721518987341772,0.013186813186813189,0.013186813186813189,0.02164117176660757,0.10382916053019146,1352.0,0.0
foldbench100__7qsj_A,10,373,347,4730,True,True,11,11,0.256926952141058,0.256926952141058,0.256926952141058,0.256926952141058,0.053333333333333344,0.053333333333333344,0.029944331950983255,0.16973935155753336,1569.0,0.0
denovo_pdb__6y7p_A,6,319,322,1148,True,True,2,2,0.6932952924393723,0.6932952924393723,0.6932952924393723,0.6932952924393723,0.01234567901234568,0.01234567901234568,0.005277044854881266,0.6413612565445026,381.0,0.0
denovo_pdb__6y7p_A,4,319,322,1502,True,True,2,2,0.6894586894586894,0.6894586894586894,0.6894586894586894,0.6894586894586894,0.3234624145785877,0.3234624145785877,0.16121495327102803,0.626,497.0,0.0
denovo_pdb__6y7p_A,22,319,322,1866,True,True,3,3,0.7079136690647482,0.7079136690647482,0.7079136690647482,0.7079136690647482,0.1975903614457831,0.1975903614457831,0.1511015911872705,0.6135265700483091,619.0,0.0
denovo_pdb__6y7p_A,13,319,322,1430,True,True,2,2,0.7060561299852289,0.7060561299852289,0.7060561299852289,0.7060561299852289,0.31674208144796384,0.31674208144796384,0.13636363636363635,0.6491596638655462,475.0,0.0
denovo_pdb__9qud_A,10,170,154,6663,False,True,21,21,0.22727272727272727,0.22727272727272727,0.046296296296296294,0.046296296296296294,0.05426356589147287,0.05426356589147287,0.061570168067490175,0.11698283649503162,2207.0,0.0
denovo_pdb__9qud_A,21,170,154,6663,False,True,20,20,0.1696113074204947,0.1696113074204947,0.06866952789699571,0.06866952789699571,0.06037735849056604,0.06037735849056604,0.045170083282536466,0.08581752484191509,2209.0,0.0
denovo_pdb__9qud_A,3,170,154,2539,True,True,7,7,0.1945288753799392,0.1945288753799392,0.1945288753799392,0.1945288753799392,0.16724738675958187,0.16724738675958187,0.07567670889083959,0.14691943127962084,842.0,0.0
denovo_pdb__9qud_A,13,170,154,6663,False,True,20,20,0.17037037037037037,0.17037037037037037,0.06766917293233082,0.06766917293233082,0.12878787878787878,0.12878787878787878,0.08023890791074938,0.13188798554652212,2210.0,0.0
denovo_pdb__8fjg_A,17,104,92,1356,True,True,6,6,0.4607329842931937,0.4607329842931937,0.4607329842931937,0.4607329842931937,0.4067796610169492,0.4067796610169492,0.11736984448951995,0.3377777777777778,450.0,0.0
denovo_pdb__8fjg_A,15,104,92,1214,True,True,5,5,0.34517766497461927,0.34517766497461927,0.33155080213903737,0.33155080213903737,0.07567567567567568,0.07567567567567568,0.08692945013020179,0.24813895781637718,402.0,0.0
denovo_pdb__8fjg_A,2,104,92,1248,True,True,9,9,0.5698924731182795,0.5698924731182795,0.5698924731182795,0.5698924731182795,0.14516129032258066,0.14516129032258066,0.053445537029180354,0.3365617433414044,413.0,0.0
denovo_pdb__8fjg_A,12,104,92,2193,True,True,9,9,0.46632124352331605,0.46632124352331605,0.46632124352331605,0.46632124352331605,0.16,0.16,0.09175577859421433,0.28296703296703296,724.0,0.0
denovo_pdb__4pq8_A,21,241,242,754,True,True,1,1,0.6490872210953348,0.6490872210953348,0.6490872210953348,0.6490872210953348,0.6490872210953348,0.6490872210953348,,0.6374501992031872,251.0,0.0
denovo_pdb__4pq8_A,2,241,242,1293,True,True,3,3,0.6651785714285714,0.6651785714285714,0.6651785714285714,0.6651785714285714,0.3988603988603988,0.3988603988603988,0.18169473112438891,0.6906976744186046,430.0,0.0
denovo_pdb__4pq8_A,0,241,242,859,True,True,1,1,0.6780952380952381,0.6780952380952381,0.6780952380952381,0.6780952380952381,0.6780952380952381,0.6780952380952381,,0.6223776223776224,283.0,0.0
denovo_pdb__4pq8_A,4,241,242,1118,True,True,2,2,0.6369168356997972,0.6369168356997972,0.6369168356997972,0.6369168356997972,0.43526170798898073,0.43526170798898073,0.25675675675675674,0.6344086021505376,372.0,0.0
denovo_pdb__9dd2_A,3,258,236,3573,True,True,9,9,0.21810699588477364,0.21810699588477364,0.21810699588477364,0.21810699588477364,0.13903743315508021,0.13903743315508021,0.06469500710036859,0.17845117845117844,1188.0,0.0
denovo_pdb__9dd2_A,4,258,236,3880,True,True,10,10,0.17981651376146787,0.17981651376146787,0.17981651376146787,0.17981651376146787,0.07323943661971831,0.07323943661971831,0.05739101613437081,0.13643410852713178,1289.0,0.0
denovo_pdb__9dd2_A,18,258,236,4163,True,True,11,11,0.1821631878557875,0.1821631878557875,0.1821631878557875,0.1821631878557875,0.041666666666666664,0.041666666666666664,0.051811120121369535,0.11705202312138728,1381.0,0.0
denovo_pdb__9dd2_A,15,258,236,3787,True,True,10,10,0.15725806451612903,0.15725806451612903,0.15725806451612903,0.15725806451612903,0.06376811594202898,0.06376811594202898,0.05189177864729497,0.15011914217633043,1259.0,0.0
foldbench100__8c4d_A,14,330,229,6663,False,True,20,20,0.029629629629629627,0.029629629629629627,0.014035087719298244,0.014035087719298244,0.01176470588235294,0.01176470588235294,0.012643972263742307,0.014001806684733513,2211.0,0.0
foldbench100__8c4d_A,12,330,229,6663,False,True,19,19,0.02985074626865672,0.02985074626865672,0.01846153846153846,0.01846153846153846,0.005847953216374269,0.005847953216374269,0.014908771777627151,0.018961625282167043,2213.0,0.0
foldbench100__8c4d_A,7,330,229,6663,False,True,19,19,0.03380281690140844,0.03380281690140844,0.012461059190031152,0.012461059190031152,0.0,0.0,0.01457023201844274,0.022121896162528215,2214.0,0.0
foldbench100__8c4d_A,4,330,229,6663,False,True,18,18,0.03899721448467966,0.03899721448467966,0.026490066225165563,0.026490066225165563,0.03592814371257485,0.03592814371257485,0.011779866271981727,0.02437923250564334,2212.0,0.0
foldbench100__7y5m_A,20,170,148,6663,False,True,22,22,0.07905138339920949,0.07905138339920949,0.012121212121212121,0.012121212121212121,0.07114624505928853,0.07114624505928853,0.025560854044273704,0.04968383017163505,2208.0,0.0
foldbench100__7y5m_A,18,170,148,6663,False,True,24,24,0.08368200836820083,0.08368200836820083,0.011904761904761904,0.011904761904761904,0.06666666666666667,0.06666666666666667,0.021928712019687612,0.058291911432444644,2207.0,0.0
foldbench100__7y5m_A,23,170,148,6663,False,True,22,22,0.07476635514018692,0.07476635514018692,0.06666666666666667,0.06666666666666667,0.06349206349206349,0.06349206349206349,0.017852634597284874,0.05058717253839205,2214.0,0.0
foldbench100__7y5m_A,11,170,148,6663,False,True,23,23,0.07575757575757576,0.07575757575757576,0.0,0.0,0.030888030888030892,0.030888030888030892,0.02023613834652389,0.05106190691369182,2211.0,0.0
foldbench100__8dez_A,3,173,182,4985,True,True,17,17,0.1292517006802721,0.1292517006802721,0.10089020771513353,0.10089020771513353,0.014388489208633094,0.014388489208633094,0.037766924643730965,0.07246376811594203,1655.0,0.0
foldbench100__8dez_A,2,173,182,6663,False,True,21,21,0.09836065573770493,0.09836065573770493,0.0380952380952381,0.0380952380952381,0.05387205387205388,0.05387205387205388,0.02640353573170103,0.07046070460704607,2196.0,0.0
foldbench100__8dez_A,20,173,182,6663,False,True,23,23,0.12203389830508474,0.12203389830508474,0.03968253968253968,0.03968253968253968,0.02888086642599278,0.02888086642599278,0.02509740600195066,0.05693628558517849,2210.0,0.0
foldbench100__8dez_A,6,173,182,6663,False,True,23,23,0.1020408163265306,0.1020408163265306,0.03773584905660377,0.03773584905660377,0.0955631399317406,0.0955631399317406,0.030490261764852592,0.07591504744690465,2211.0,0.0
denovo_pdb__8j1w_A,13,175,152,6663,False,True,21,21,0.1198738170347003,0.1198738170347003,0.0,0.0,0.05357142857142857,0.05357142857142857,0.016742349993540212,0.05420054200542006,2204.0,0.0
denovo_pdb__8j1w_A,23,175,152,6663,False,True,19,19,0.13333333333333333,0.13333333333333333,0.043243243243243246,0.043243243243243246,0.03846153846153846,0.03846153846153846,0.022159504146867504,0.05417607223476298,2199.0,0.0
denovo_pdb__8j1w_A,22,175,152,6663,False,True,19,19,0.13559322033898305,0.13559322033898305,0.024896265560165973,0.024896265560165973,0.04065040650406504,0.04065040650406504,0.02351626131885419,0.05553047404063206,2202.0,0.0
denovo_pdb__8j1w_A,16,175,152,6663,False,True,18,18,0.09427609427609428,0.09427609427609428,0.07222222222222223,0.07222222222222223,0.023809523809523808,0.023809523809523808,0.027659805401941292,0.04830699774266366,2194.0,0.0
denovo_pdb__4nez_A,16,160,120,6663,False,True,19,19,0.3185840707964602,0.3185840707964602,0.08040201005025126,0.08040201005025126,0.21848739495798322,0.21848739495798322,0.07157782546633301,0.17832957110609482,2191.0,0.0
denovo_pdb__4nez_A,3,160,120,3912,True,True,12,12,0.4731182795698925,0.4731182795698925,0.4731182795698925,0.4731182795698925,0.24,0.24,0.08722055376241743,0.27384615384615385,1297.0,0.0
denovo_pdb__4nez_A,8,160,120,6663,False,True,17,17,0.24786324786324784,0.24786324786324784,0.09550561797752809,0.09550561797752809,0.10762331838565023,0.10762331838565023,0.08823139135589628,0.13408577878103836,2166.0,0.0
denovo_pdb__4nez_A,23,160,120,3896,True,True,11,11,0.3321799307958478,0.3321799307958478,0.3321799307958478,0.3321799307958478,0.1359223300970874,0.1359223300970874,0.09334279799942155,0.18532818532818532,1291.0,0.0
denovo_pdb__5d2v_A,22,251,236,5074,True,True,13,13,0.35339805825242726,0.35339805825242726,0.35339805825242726,0.35339805825242726,0.10434782608695652,0.10434782608695652,0.05086592137875076,0.22110254890337877,1683.0,0.0
denovo_pdb__5d2v_A,16,251,236,6663,False,True,20,20,0.10734463276836158,0.10734463276836158,0.0,0.0,0.10644257703081232,0.10644257703081232,0.023050323810856695,0.1102077687443541,2211.0,0.0
denovo_pdb__5d2v_A,23,251,236,6663,False,True,19,19,0.1551246537396122,0.1551246537396122,0.045714285714285714,0.045714285714285714,0.123943661971831,0.123943661971831,0.02288772698524811,0.09887133182844243,2209.0,0.0
denovo_pdb__5d2v_A,0,251,236,6663,False,True,19,19,0.18497109826589597,0.18497109826589597,0.04964539007092198,0.04964539007092198,0.06997084548104957,0.06997084548104957,0.044080443944804364,0.16613995485327313,2212.0,0.0
cameo_hard__8s89_A,18,401,341,6663,False,True,20,20,0.07302231237322516,0.07302231237322516,0.01092896174863388,0.01092896174863388,0.04,0.04,0.011119026307084527,0.06684733514001806,2211.0,0.0
cameo_hard__8s89_A,9,401,341,6663,False,True,19,19,0.08242950108459869,0.08242950108459869,0.019230769230769232,0.019230769230769232,0.00898876404494382,0.00898876404494382,0.01305624196222139,0.062302483069977425,2212.0,0.0
cameo_hard__8s89_A,2,401,341,6663,False,True,20,20,0.07048458149779735,0.07048458149779735,0.015873015873015872,0.015873015873015872,0.02178649237472767,0.02178649237472767,0.006787819993645865,0.07000903342366757,2212.0,0.0
cameo_hard__8s89_A,19,401,341,6663,False,True,19,19,0.0423728813559322,0.0423728813559322,0.03611738148984198,0.03611738148984198,0.022522522522522525,0.022522522522522525,0.012333691271779265,0.053724604966139955,2210.0,0.0
foldbench100__8amo_A,20,399,362,6663,False,True,20,20,0.03347280334728033,0.03347280334728033,0.01927710843373494,0.01927710843373494,0.008658008658008658,0.008658008658008658,0.007011029181775629,0.037940379403794036,2212.0,0.0
foldbench100__8amo_A,8,399,362,6663,False,True,19,19,0.028,0.028,0.015748031496062992,0.015748031496062992,0.02603036876355748,0.02603036876355748,0.005174094612040058,0.030248306997742665,2214.0,0.0
foldbench100__8amo_A,7,399,362,6663,False,True,19,19,0.04357298474945533,0.04357298474945533,0.023999999999999997,0.023999999999999997,0.012658227848101267,0.012658227848101267,0.0049277542840700525,0.036568848758465014,2213.0,0.0
foldbench100__8amo_A,9,399,362,6663,False,True,20,20,0.037267080745341616,0.037267080745341616,0.004807692307692307,0.004807692307692307,0.021008403361344536,0.021008403361344536,0.007929692330844533,0.03568202348690153,2212.0,0.0
denovo_pdb__5le4_A,3,313,229,1431,True,True,3,3,0.6297029702970296,0.6297029702970296,0.6297029702970296,0.6297029702970296,0.3963963963963964,0.3963963963963964,0.15422979797979797,0.5945378151260504,475.0,0.0
denovo_pdb__5le4_A,10,313,229,877,True,True,1,1,0.6307692307692306,0.6307692307692306,0.6307692307692306,0.6307692307692306,0.6307692307692306,0.6307692307692306,,0.5616438356164384,291.0,0.0
denovo_pdb__5le4_A,16,313,229,853,True,True,1,1,0.735812133072407,0.735812133072407,0.735812133072407,0.735812133072407,0.735812133072407,0.735812133072407,,0.6619718309859155,282.0,0.0
denovo_pdb__5le4_A,8,313,229,721,True,True,1,1,0.6865671641791045,0.6865671641791045,0.6865671641791045,0.6865671641791045,0.6865671641791045,0.6865671641791045,,0.6708333333333333,240.0,0.0
denovo_pdb__5cwc_A,6,196,182,3997,True,True,13,13,0.24666666666666665,0.24666666666666665,0.24666666666666665,0.24666666666666665,0.03636363636363637,0.03636363636363637,0.037179135689443844,0.125,1327.0,0.0
denovo_pdb__5cwc_A,9,196,182,6663,False,True,20,20,0.1188811188811189,0.1188811188811189,0.0,0.0,0.02112676056338028,0.02112676056338028,0.026133644266608202,0.05962059620596206,2204.0,0.0
denovo_pdb__5cwc_A,18,196,182,3475,True,True,10,10,0.08695652173913042,0.08695652173913042,0.08695652173913042,0.08695652173913042,0.0706713780918728,0.0706713780918728,0.04113096049039586,0.0735930735930736,1155.0,0.0
denovo_pdb__5cwc_A,5,196,182,6663,False,True,17,17,0.15286624203821655,0.15286624203821655,0.03571428571428571,0.03571428571428571,0.15286624203821655,0.15286624203821655,0.025268092235388652,0.07584650112866817,2173.0,0.0
denovo_pdb__9db9_A,21,107,75,260,True,True,2,2,0.07575757575757576,0.07575757575757576,0.0,0.0,0.07575757575757576,0.07575757575757576,0.011764705882352941,0.05813953488372093,86.0,0.0
denovo_pdb__9db9_A,17,107,75,2966,True,True,20,20,0.20634920634920637,0.20634920634920637,0.20634920634920637,0.20634920634920637,0.17218543046357618,0.17218543046357618,0.07282056542926135,0.16395112016293278,980.0,0.0
denovo_pdb__9db9_A,15,107,75,3821,True,True,20,20,0.29729729729729726,0.29729729729729726,0.20408163265306126,0.20408163265306126,0.12499999999999997,0.12499999999999997,0.05055988477105605,0.13654301499605367,1263.0,0.0
denovo_pdb__9db9_A,13,107,75,738,True,True,6,6,0.19298245614035087,0.19298245614035087,0.19298245614035087,0.19298245614035087,0.14516129032258066,0.14516129032258066,0.0908650333193917,0.13934426229508196,243.0,0.0
foldbench100__8b2e_A,17,143,130,6663,False,True,26,26,0.08695652173913043,0.08695652173913043,0.010526315789473684,0.010526315789473684,0.02030456852791878,0.02030456852791878,0.022373320709268753,0.054249547920433995,2198.0,0.0
foldbench100__8b2e_A,19,143,130,3840,True,True,18,18,0.06201550387596899,0.06201550387596899,0.06201550387596899,0.06201550387596899,0.0547945205479452,0.0547945205479452,0.015916334161660745,0.040031397174254316,1273.0,0.0
foldbench100__8b2e_A,9,143,130,6663,False,True,31,31,0.09137055837563451,0.09137055837563451,0.0,0.0,0.025477707006369425,0.025477707006369425,0.025462145258065623,0.05563093622795115,2207.0,0.0
foldbench100__8b2e_A,6,143,130,6663,False,True,28,28,0.08771929824561404,0.08771929824561404,0.026490066225165563,0.026490066225165563,0.02654867256637168,0.02654867256637168,0.02737396929862304,0.054249547920433995,2208.0,0.0
denovo_pdb__9r1n_A,12,132,54,1280,True,True,5,5,0.4938271604938271,0.4938271604938271,0.4938271604938271,0.4938271604938271,0.19999999999999998,0.19999999999999998,0.08529450623711016,0.19058823529411764,424.0,0.0
denovo_pdb__9r1n_A,6,132,54,4034,True,True,14,14,0.43786982248520706,0.43786982248520706,0.43786982248520706,0.43786982248520706,0.24096385542168672,0.24096385542168672,0.09984265225832517,0.16791044776119404,1338.0,0.0
denovo_pdb__9r1n_A,2,132,54,6663,False,True,26,26,0.1761006289308176,0.1761006289308176,0.07317073170731708,0.07317073170731708,0.16374269005847952,0.16374269005847952,0.09756234352885076,0.06600361663652803,2198.0,0.0
denovo_pdb__9r1n_A,10,132,54,2285,True,True,8,8,0.2641509433962264,0.2641509433962264,0.2608695652173913,0.2608695652173913,0.05517241379310345,0.05517241379310345,0.03288803128902225,0.1080368906455863,756.0,0.0
denovo_pdb__5le9_A,2,315,233,2815,True,True,7,7,0.6603053435114504,0.6603053435114504,0.6603053435114504,0.6603053435114504,0.40804597701149425,0.40804597701149425,0.17397371908438744,0.6314102564102564,936.0,0.0
denovo_pdb__5le9_A,3,315,233,3176,True,True,8,8,0.7095516569200779,0.7095516569200779,0.7095516569200779,0.7095516569200779,0.4610951008645533,0.4610951008645533,0.16600850048881338,0.6429924242424242,1052.0,0.0
denovo_pdb__5le9_A,15,315,233,1139,True,True,2,2,0.6491935483870968,0.6491935483870968,0.6491935483870968,0.6491935483870968,0.47398843930635837,0.47398843930635837,0.25752508361204013,0.6411609498680739,376.0,0.0
denovo_pdb__5le9_A,21,315,233,3431,True,True,8,8,0.6653919694072657,0.6653919694072657,0.6653919694072657,0.6653919694072657,0.5243619489559164,0.5243619489559164,0.16980152771208892,0.6327782646801051,1140.0,0.0
casp_fm__T1039-D1,6,161,148,6663,False,True,22,22,0.08298755186721993,0.08298755186721993,0.0,0.0,0.0546875,0.0546875,0.028681109595229785,0.04968383017163505,2198.0,0.0
casp_fm__T1039-D1,4,161,148,6663,False,True,20,20,0.140625,0.140625,0.057692307692307696,0.057692307692307696,0.09961685823754789,0.09961685823754789,0.02914626098020574,0.06052393857271906,2209.0,0.0
casp_fm__T1039-D1,16,161,148,6663,False,True,21,21,0.054901960784313725,0.054901960784313725,0.024193548387096774,0.024193548387096774,0.05020920502092051,0.05020920502092051,0.02740773480762525,0.028906955736224028,2208.0,0.0
casp_fm__T1039-D1,14,161,148,6663,False,True,22,22,0.14516129032258066,0.14516129032258066,0.0,0.0,0.026315789473684213,0.026315789473684213,0.03393021124260065,0.07271906052393858,2205.0,0.0
denovo_pdb__9quo_A,15,170,162,3959,True,True,11,11,0.19858156028368795,0.19858156028368795,0.14792899408284024,0.14792899408284024,0.19858156028368795,0.19858156028368795,0.09586855687499223,0.14513677811550152,1315.0,0.0
denovo_pdb__9quo_A,12,170,162,6663,False,True,19,19,0.13157894736842105,0.13157894736842105,0.0390625,0.0390625,0.0622568093385214,0.0622568093385214,0.058603777063113004,0.0889390519187359,2206.0,0.0
denovo_pdb__9quo_A,0,170,162,3856,True,True,13,13,0.17573221757322174,0.17573221757322174,0.15047021943573669,0.15047021943573669,0.05185185185185185,0.05185185185185185,0.03268574098450457,0.11397345823575332,1279.0,0.0
denovo_pdb__9quo_A,2,170,162,5659,True,True,16,16,0.2247191011235955,0.2247191011235955,0.18685121107266434,0.18685121107266434,0.036101083032490974,0.036101083032490974,0.17235952816338757,0.1717171717171717,1874.0,0.0
denovo_pdb__7sq4_A,23,48,3,678,True,True,15,15,0.4,0.4,0.1875,0.1875,0.18181818181818182,0.18181818181818182,0.1374921006346797,0.10407239819004525,218.0,0.0
denovo_pdb__7sq4_A,5,48,3,582,True,True,12,12,0.30769230769230765,0.30769230769230765,0.14814814814814814,0.14814814814814814,0.14285714285714288,0.14285714285714288,0.12055976535815245,0.07894736842105263,188.0,0.0
denovo_pdb__7sq4_A,18,48,3,627,True,True,12,12,0.3157894736842105,0.3157894736842105,0.0,0.0,0.15384615384615383,0.15384615384615383,0.1645036167106152,0.06829268292682927,200.0,0.0
denovo_pdb__7sq4_A,9,48,3,282,True,True,6,6,0.25,0.25,0.25,0.25,0.06666666666666667,0.06666666666666667,0.036399331662489556,0.043478260869565216,92.0,0.0
denovo_pdb__9vp8_A,17,129,119,6663,False,True,24,24,0.13526570048309178,0.13526570048309178,0.0790960451977401,0.0790960451977401,0.07468879668049792,0.07468879668049792,0.032474159290776114,0.08359692724807953,2206.0,0.0
denovo_pdb__9vp8_A,2,129,119,6663,False,True,32,32,0.09174311926605505,0.09174311926605505,0.04026845637583893,0.04026845637583893,0.06698564593301436,0.06698564593301436,0.03662752702284807,0.067420814479638,2208.0,0.0
denovo_pdb__9vp8_A,13,129,119,6663,False,True,27,27,0.11650485436893204,0.11650485436893204,0.08536585365853658,0.08536585365853658,0.07272727272727272,0.07272727272727272,0.027068175391208836,0.07233273056057866,2208.0,0.0
denovo_pdb__9vp8_A,8,129,119,6663,False,True,27,27,0.13471502590673573,0.13471502590673573,0.0449438202247191,0.0449438202247191,0.09345794392523366,0.09345794392523366,0.029668676857445526,0.08860759493670886,2205.0,0.0
foldbench100__8b4u_A,1,277,273,5231,True,True,14,14,0.28214285714285714,0.28214285714285714,0.28214285714285714,0.28214285714285714,0.14778325123152708,0.14778325123152708,0.03771167145261,0.2024151811385854,1735.0,0.0
foldbench100__8b4u_A,19,277,273,4208,True,True,11,11,0.36777583187390545,0.36777583187390545,0.36777583187390545,0.36777583187390545,0.10309278350515463,0.10309278350515463,0.03712647872959134,0.22944960686204433,1397.0,0.0
foldbench100__8b4u_A,4,277,273,4148,True,True,11,11,0.3719298245614035,0.3719298245614035,0.3719298245614035,0.3719298245614035,0.1424802110817942,0.1424802110817942,0.05504381294014539,0.2813633067440174,1379.0,0.0
foldbench100__8b4u_A,2,277,273,2526,True,True,6,6,0.30687830687830686,0.30687830687830686,0.30687830687830686,0.30687830687830686,0.04687500000000001,0.04687500000000001,0.04900599039865722,0.23214285714285715,837.0,0.0
denovo_pdb__9d01_A,22,369,398,6663,False,True,20,20,0.04980842911877395,0.04980842911877395,0.016985138004246284,0.016985138004246284,0.02713178294573643,0.02713178294573643,0.009524935776780196,0.06233062330623306,2213.0,0.0
denovo_pdb__9d01_A,7,369,398,6663,False,True,20,20,0.06976744186046512,0.06976744186046512,0.042105263157894736,0.042105263157894736,0.051485148514851496,0.051485148514851496,0.014544581183322755,0.10298102981029811,2211.0,0.0
denovo_pdb__9d01_A,13,369,398,6663,False,True,21,21,0.061895551257253385,0.061895551257253385,0.0,0.0,0.061895551257253385,0.061895551257253385,0.008350164385734516,0.07407407407407407,2211.0,0.0
denovo_pdb__9d01_A,0,369,398,6663,False,True,21,21,0.03968253968253969,0.03968253968253969,0.01705756929637527,0.01705756929637527,0.02044989775051125,0.02044989775051125,0.008192335654471949,0.04336043360433604,2214.0,0.0
foldbench100__8bau_A,23,189,209,6663,False,True,19,19,0.07932011331444759,0.07932011331444759,0.006920415224913494,0.006920415224913494,0.05,0.05,0.019416329256352463,0.06049661399548533,2209.0,0.0
foldbench100__8bau_A,22,189,209,6663,False,True,20,20,0.09366391184573003,0.09366391184573003,0.02631578947368421,0.02631578947368421,0.025396825396825397,0.025396825396825397,0.018910476165603235,0.05465221318879855,2203.0,0.0
foldbench100__8bau_A,12,189,209,6663,False,True,20,20,0.06528189910979229,0.06528189910979229,0.009049773755656108,0.009049773755656108,0.037500000000000006,0.037500000000000006,0.018642212282196716,0.04832881662149955,2206.0,0.0
foldbench100__8bau_A,7,189,209,6663,False,True,21,21,0.07006369426751592,0.07006369426751592,0.036101083032490974,0.036101083032490974,0.012307692307692306,0.012307692307692306,0.019648101585778288,0.04968383017163505,2213.0,0.0
foldbench100__7y5j_A,14,102,91,2674,True,True,10,10,0.5174129353233831,0.5174129353233831,0.5174129353233831,0.5174129353233831,0.34972677595628415,0.34972677595628415,0.17285473559899156,0.37274774774774777,885.0,0.0
foldbench100__7y5j_A,22,102,91,1364,True,True,5,5,0.4108108108108108,0.4108108108108108,0.3440860215053763,0.3440860215053763,0.17679558011049726,0.17679558011049726,0.09840512457357638,0.23620309050772628,453.0,0.0
foldbench100__7y5j_A,1,102,91,1617,True,True,6,6,0.5247524752475247,0.5247524752475247,0.5247524752475247,0.5247524752475247,0.2793296089385475,0.2793296089385475,0.20082357980085447,0.3985102420856611,537.0,0.0
foldbench100__7y5j_A,8,102,91,1731,True,True,6,6,0.4166666666666667,0.4166666666666667,0.4166666666666667,0.4166666666666667,0.27979274611398963,0.27979274611398963,0.19574901781405993,0.2991304347826087,573.0,0.0
denovo_pdb__9qrf_A,5,202,215,6663,False,True,20,20,0.0851063829787234,0.0851063829787234,0.038461538461538464,0.038461538461538464,0.055384615384615386,0.055384615384615386,0.017101316813252658,0.07813911472448058,2210.0,0.0
denovo_pdb__9qrf_A,19,202,215,6663,False,True,21,21,0.08860759493670886,0.08860759493670886,0.015444015444015444,0.015444015444015444,0.04129793510324484,0.04129793510324484,0.022725222806293695,0.06368563685636856,2212.0,0.0
denovo_pdb__9qrf_A,17,202,215,6663,False,True,21,21,0.08387096774193548,0.08387096774193548,0.008547008547008546,0.008547008547008546,0.050473186119873815,0.050473186119873815,0.028892694463918678,0.06820234869015357,2203.0,0.0
denovo_pdb__9qrf_A,15,202,215,6663,False,True,20,20,0.14565826330532214,0.14565826330532214,0.0,0.0,0.0625,0.0625,0.02207492655321276,0.08626919602529359,2206.0,0.0
denovo_pdb__8kck_A,20,206,137,6663,False,True,21,21,0.10526315789473684,0.10526315789473684,0.022222222222222223,0.022222222222222223,0.03937007874015748,0.03937007874015748,0.02828981176366798,0.06233062330623306,2205.0,0.0
denovo_pdb__8kck_A,12,206,137,6663,False,True,22,22,0.1727272727272727,0.1727272727272727,0.019230769230769232,0.019230769230769232,0.025210084033613446,0.025210084033613446,0.03569635043887449,0.07904245709123758,2201.0,0.0
denovo_pdb__8kck_A,17,206,137,3048,True,True,12,12,0.1333333333333333,0.1333333333333333,0.1333333333333333,0.1333333333333333,0.05504587155963303,0.05504587155963303,0.030651699870955843,0.09881422924901186,1010.0,0.0
denovo_pdb__8kck_A,19,206,137,6663,False,True,22,22,0.13599999999999998,0.13599999999999998,0.0,0.0,0.13599999999999998,0.13599999999999998,0.04035014405621554,0.08626919602529359,2206.0,0.0
denovo_pdb__8kc8_A,15,227,160,2527,True,True,7,7,0.43401759530791795,0.43401759530791795,0.43401759530791795,0.43401759530791795,0.2074074074074074,0.2074074074074074,0.11608720763719199,0.32857142857142857,838.0,0.0
denovo_pdb__8kc8_A,7,227,160,1206,True,True,3,3,0.49853372434017595,0.49853372434017595,0.49853372434017595,0.49853372434017595,0.32835820895522394,0.32835820895522394,0.13006535947712417,0.42144638403990026,401.0,0.0
denovo_pdb__8kc8_A,20,227,160,1422,True,True,3,3,0.4457831325301205,0.4457831325301205,0.4457831325301205,0.4457831325301205,0.3263888888888889,0.3263888888888889,0.23091631230805576,0.39323467230443976,471.0,0.0
denovo_pdb__8kc8_A,5,227,160,1251,True,True,3,3,0.4833836858006042,0.4833836858006042,0.4833836858006042,0.4833836858006042,0.3146853146853147,0.3146853146853147,0.1652676164805545,0.40625,415.0,0.0
foldbench100__7zoi_A,14,151,110,6663,False,True,21,21,0.1592920353982301,0.1592920353982301,0.04054054054054054,0.04054054054054054,0.13392857142857142,0.13392857142857142,0.059156014430819616,0.0989159891598916,2197.0,0.0
foldbench100__7zoi_A,21,151,110,6663,False,True,25,25,0.16853932584269662,0.16853932584269662,0.04938271604938271,0.04938271604938271,0.0989010989010989,0.0989010989010989,0.04658324617896153,0.09624943515589697,2204.0,0.0
foldbench100__7zoi_A,12,151,110,6663,False,True,24,24,0.16374269005847955,0.16374269005847955,0.049689440993788817,0.049689440993788817,0.13658536585365855,0.13658536585365855,0.051752178355831895,0.09896068685042927,2202.0,0.0
foldbench100__7zoi_A,17,151,110,6663,False,True,20,20,0.13559322033898302,0.13559322033898302,0.02816901408450704,0.02816901408450704,0.0847457627118644,0.0847457627118644,0.04406826427038844,0.0948509485094851,2204.0,0.0
denovo_pdb__7hjn_A,2,126,90,548,True,True,2,2,0.41000000000000003,0.41000000000000003,0.41000000000000003,0.41000000000000003,0.3354037267080745,0.3354037267080745,0.23972602739726026,0.37362637362637363,181.0,0.0
denovo_pdb__7hjn_A,8,126,90,163,True,True,1,1,0.36111111111111105,0.36111111111111105,0.36111111111111105,0.36111111111111105,0.36111111111111105,0.36111111111111105,,0.48148148148148145,54.0,0.0
denovo_pdb__7hjn_A,18,126,90,2196,True,True,12,12,0.6021505376344085,0.6021505376344085,0.6021505376344085,0.6021505376344085,0.2207792207792208,0.2207792207792208,0.07242051306564282,0.32005494505494503,727.0,0.0
denovo_pdb__7hjn_A,21,126,90,2075,True,True,8,8,0.6336633663366337,0.6336633663366337,0.6336633663366337,0.6336633663366337,0.29714285714285715,0.29714285714285715,0.15944737538427609,0.41219158200290273,688.0,0.0
denovo_pdb__8fjf_A,18,127,94,5169,True,True,21,21,0.2159090909090909,0.2159090909090909,0.21118012422360247,0.21118012422360247,0.1641025641025641,0.1641025641025641,0.054889068555778554,0.15792540792540793,1715.0,0.0
denovo_pdb__8fjf_A,11,127,94,1586,True,True,8,8,0.2923076923076923,0.2923076923076923,0.2923076923076923,0.2923076923076923,0.2185792349726776,0.2185792349726776,0.06089858685666503,0.2414448669201521,524.0,0.0
denovo_pdb__8fjf_A,23,127,94,3522,True,True,15,15,0.20652173913043478,0.20652173913043478,0.20652173913043478,0.20652173913043478,0.02185792349726776,0.02185792349726776,0.029885147290950598,0.0949529512403764,1169.0,0.0
denovo_pdb__8fjf_A,7,127,94,1125,True,True,6,6,0.27848101265822783,0.27848101265822783,0.27848101265822783,0.27848101265822783,0.24427480916030533,0.24427480916030533,0.0677657829985279,0.24932975871313673,373.0,0.0
denovo_pdb__8qkd_A,3,281,239,6663,False,True,20,20,0.08982035928143713,0.08982035928143713,0.0,0.0,0.05263157894736842,0.05263157894736842,0.015590503298780157,0.06549232158988257,2197.0,0.0
denovo_pdb__8qkd_A,19,281,239,6663,False,True,20,20,0.0947075208913649,0.0947075208913649,0.04891304347826087,0.04891304347826087,0.0486322188449848,0.0486322188449848,0.01278681493980063,0.07271906052393858,2209.0,0.0
denovo_pdb__8qkd_A,21,281,239,6663,False,True,19,19,0.1027027027027027,0.1027027027027027,0.02247191011235955,0.02247191011235955,0.04057971014492753,0.04057971014492753,0.017992440692296798,0.0799097065462754,2205.0,0.0
denovo_pdb__8qkd_A,17,281,239,6663,False,True,22,22,0.06832298136645963,0.06832298136645963,0.025889967637540454,0.025889967637540454,0.020477815699658702,0.020477815699658702,0.021393488631175687,0.06413730803974707,2213.0,0.0
denovo_pdb__9dbd_A,10,326,286,6663,False,True,18,18,0.06765327695560254,0.06765327695560254,0.05012531328320802,0.05012531328320802,0.02570694087403599,0.02570694087403599,0.013894011498946018,0.0654627539503386,2211.0,0.0
denovo_pdb__9dbd_A,1,326,286,6663,False,True,19,19,0.07017543859649122,0.07017543859649122,0.019230769230769232,0.019230769230769232,0.040100250626566414,0.040100250626566414,0.014696064599044973,0.06455981941309255,2210.0,0.0
denovo_pdb__9dbd_A,9,326,286,6663,False,True,19,19,0.05541561712846347,0.05541561712846347,0.03883495145631068,0.03883495145631068,0.026109660574412535,0.026109660574412535,0.009170279814481045,0.04288939051918736,2214.0,0.0
denovo_pdb__9dbd_A,21,326,286,6663,False,True,21,21,0.05194805194805195,0.05194805194805195,0.017094017094017096,0.017094017094017096,0.00510204081632653,0.00510204081632653,0.009111387487183892,0.043812104787714544,2213.0,0.0
denovo_pdb__6wvs_A,20,182,196,6663,False,True,20,20,0.3312883435582822,0.3312883435582822,0.08921933085501857,0.08921933085501857,0.1758957654723127,0.1758957654723127,0.06866355053991968,0.25971093044263777,2210.0,0.0
denovo_pdb__6wvs_A,14,182,196,5202,True,True,15,15,0.49275362318840576,0.49275362318840576,0.49275362318840576,0.49275362318840576,0.26973684210526316,0.26973684210526316,0.0962141002211081,0.36784268363215733,1728.0,0.0
denovo_pdb__6wvs_A,1,182,196,3941,True,True,11,11,0.4757033248081841,0.4757033248081841,0.4757033248081841,0.4757033248081841,0.15916955017301038,0.15916955017301038,0.07419733133891093,0.33587786259541985,1310.0,0.0
denovo_pdb__6wvs_A,11,182,196,2879,True,True,8,8,0.4488778054862843,0.4488778054862843,0.4488778054862843,0.4488778054862843,0.1954397394136808,0.1954397394136808,0.09787970549113521,0.3343782654127482,956.0,0.0
denovo_pdb__7ah0_A,20,104,66,2761,True,True,13,13,0.4305555555555556,0.4305555555555556,0.3184713375796178,0.3184713375796178,0.17910447761194032,0.17910447761194032,0.10797111220021409,0.212882096069869,912.0,0.0
denovo_pdb__7ah0_A,22,104,66,6663,False,True,47,47,0.27272727272727276,0.27272727272727276,0.0,0.0,0.15748031496062992,0.15748031496062992,0.07714493982209043,0.10884353741496598,2189.0,0.0
denovo_pdb__7ah0_A,5,104,66,6663,False,True,33,33,0.2413793103448276,0.2413793103448276,0.0,0.0,0.08264462809917354,0.08264462809917354,0.11420413009236223,0.1085972850678733,2189.0,0.0
denovo_pdb__7ah0_A,11,104,66,3633,True,True,18,18,0.3181818181818182,0.3181818181818182,0.2074074074074074,0.2074074074074074,0.0923076923076923,0.0923076923076923,0.10154229819161659,0.15186721991701244,1204.0,0.0
denovo_pdb__7hj8_A,12,126,94,1205,True,True,5,5,0.4678362573099415,0.4678362573099415,0.41791044776119407,0.41791044776119407,0.4678362573099415,0.4678362573099415,0.09417898201380343,0.37,400.0,0.0
denovo_pdb__7hj8_A,16,126,94,912,True,True,3,3,0.3917525773195877,0.3917525773195877,0.32,0.32,0.3917525773195877,0.3917525773195877,0.17652556159357585,0.3432343234323432,303.0,0.0
denovo_pdb__7hj8_A,17,126,94,3285,True,True,12,12,0.37362637362637363,0.37362637362637363,0.34090909090909094,0.34090909090909094,0.3050847457627119,0.3050847457627119,0.10921345403070126,0.2621448212648946,1090.0,0.0
denovo_pdb__7hj8_A,15,126,94,910,True,True,4,4,0.36363636363636365,0.36363636363636365,0.2439024390243902,0.2439024390243902,0.18556701030927833,0.18556701030927833,0.09460439998074406,0.28807947019867547,302.0,0.0
denovo_pdb__7hjh_A,6,126,92,928,True,True,4,4,0.631578947368421,0.631578947368421,0.631578947368421,0.631578947368421,0.3314917127071823,0.3314917127071823,0.09045584045584044,0.4025974025974026,308.0,0.0
denovo_pdb__7hjh_A,7,126,92,100,True,True,1,1,0.16,0.16,0.16,0.16,0.16,0.16,,0.30303030303030304,33.0,0.0
denovo_pdb__7hjh_A,3,126,92,3520,True,True,16,16,0.45679012345679015,0.45679012345679015,0.45679012345679015,0.45679012345679015,0.10169491525423728,0.10169491525423728,0.10615341839020294,0.300513698630137,1167.0,0.0
denovo_pdb__7hjh_A,23,126,92,2897,True,True,11,11,0.39999999999999997,0.39999999999999997,0.39999999999999997,0.39999999999999997,0.1142857142857143,0.1142857142857143,0.08629849860520164,0.25363825363825365,962.0,0.0
denovo_pdb__9raa_A,19,208,136,6663,False,True,20,20,0.1316872427983539,0.1316872427983539,0.0,0.0,0.04958677685950414,0.04958677685950414,0.02386007188801691,0.06323396567299007,2198.0,0.0
denovo_pdb__9raa_A,15,208,136,6663,False,True,18,18,0.15384615384615388,0.15384615384615388,0.07874015748031496,0.07874015748031496,0.09282700421940929,0.09282700421940929,0.04088043820156966,0.08803611738148984,2181.0,0.0
denovo_pdb__9raa_A,1,208,136,6663,False,True,20,20,0.1276595744680851,0.1276595744680851,0.03015075376884422,0.03015075376884422,0.0642570281124498,0.0642570281124498,0.03705599840469348,0.08220415537488708,2199.0,0.0
denovo_pdb__9raa_A,0,208,136,2572,True,True,7,7,0.11618257261410789,0.11618257261410789,0.11320754716981132,0.11320754716981132,0.03137254901960784,0.03137254901960784,0.0386196978262864,0.08304093567251462,854.0,0.0
denovo_pdb__5d2x_A,3,250,257,4867,True,True,13,13,0.275092936802974,0.275092936802974,0.275092936802974,0.275092936802974,0.12121212121212122,0.12121212121212122,0.04493754182641241,0.20828182941903584,1617.0,0.0
denovo_pdb__5d2x_A,11,250,257,6663,False,True,19,19,0.15948275862068967,0.15948275862068967,0.05538461538461538,0.05538461538461538,0.07692307692307691,0.07692307692307691,0.03826041726153882,0.1327313769751693,2210.0,0.0
denovo_pdb__5d2x_A,13,250,257,6663,False,True,19,19,0.18274111675126903,0.18274111675126903,0.10632911392405064,0.10632911392405064,0.12707182320441987,0.12707182320441987,0.03856468317806927,0.17923250564334087,2212.0,0.0
denovo_pdb__5d2x_A,1,250,257,6663,False,True,20,20,0.10582010582010583,0.10582010582010583,0.006825938566552901,0.006825938566552901,0.02816901408450704,0.02816901408450704,0.020221354825922893,0.0980126467931346,2211.0,0.0
denovo_pdb__4oza_A,14,57,43,2003,True,True,17,17,0.32967032967032966,0.32967032967032966,0.225,0.225,0.2222222222222222,0.2222222222222222,0.13175616709852322,0.19637462235649547,656.0,0.0
denovo_pdb__4oza_A,22,57,43,1080,True,True,9,9,0.3838383838383838,0.3838383838383838,0.3838383838383838,0.3838383838383838,0.2597402597402597,0.2597402597402597,0.10711186046480428,0.25770308123249297,353.0,0.0
denovo_pdb__4oza_A,6,57,43,1065,True,True,12,12,0.25,0.25,0.17204301075268816,0.17204301075268816,0.25,0.25,0.09778145941688131,0.21652421652421652,350.0,0.0
denovo_pdb__4oza_A,0,57,43,1572,True,True,15,15,0.45161290322580644,0.45161290322580644,0.380952380952381,0.380952380952381,0.34375,0.34375,0.1249316148659688,0.3179190751445087,518.0,0.0
denovo_pdb__6i38_A,16,251,211,1479,True,True,3,3,0.610989010989011,0.610989010989011,0.610989010989011,0.610989010989011,0.39766081871345027,0.39766081871345027,0.18318228856345448,0.5528455284552846,491.0,0.0
denovo_pdb__6i38_A,3,251,211,1097,True,True,2,2,0.6123348017621145,0.6123348017621145,0.6123348017621145,0.6123348017621145,0.35435435435435436,0.35435435435435436,0.22895622895622897,0.5424657534246575,365.0,0.0
denovo_pdb__6i38_A,6,251,211,745,True,True,1,1,0.6433260393873085,0.6433260393873085,0.6433260393873085,0.6433260393873085,0.6433260393873085,0.6433260393873085,,0.592741935483871,246.0,0.0
denovo_pdb__6i38_A,23,251,211,1082,True,True,2,2,0.598669623059867,0.598669623059867,0.598669623059867,0.598669623059867,0.3829787234042553,0.3829787234042553,0.256140350877193,0.55,358.0,0.0
denovo_pdb__6xt4_A,5,235,169,6663,False,True,23,23,0.32950191570881227,0.32950191570881227,0.15488215488215487,0.15488215488215487,0.16027874564459932,0.16027874564459932,0.08539549142631213,0.23813827383642114,2200.0,0.0
denovo_pdb__6xt4_A,1,235,169,6663,False,True,20,20,0.296969696969697,0.296969696969697,0.05504587155963303,0.05504587155963303,0.1328413284132841,0.1328413284132841,0.0556975915602657,0.18834688346883469,2209.0,0.0
denovo_pdb__6xt4_A,12,235,169,6663,False,True,19,19,0.13745704467353947,0.13745704467353947,0.07490636704119849,0.07490636704119849,0.05090909090909091,0.05090909090909091,0.03125889650377721,0.09706546275395034,2213.0,0.0
denovo_pdb__6xt4_A,9,235,169,5128,True,True,13,13,0.2681564245810056,0.2681564245810056,0.2681564245810056,0.2681564245810056,0.1510791366906475,0.1510791366906475,0.07605013290411482,0.17302052785923755,1703.0,0.0
denovo_pdb__7hk1_A,20,126,90,2191,True,True,10,10,0.5978260869565217,0.5978260869565217,0.5978260869565217,0.5978260869565217,0.09278350515463918,0.09278350515463918,0.07758386644635921,0.28198074277854196,725.0,0.0
denovo_pdb__7hk1_A,3,126,90,1383,True,True,6,6,0.359375,0.359375,0.2987012987012987,0.2987012987012987,0.33507853403141363,0.33507853403141363,0.18403093418126035,0.3333333333333333,458.0,0.0
denovo_pdb__7hk1_A,2,126,90,3542,True,True,17,17,0.369047619047619,0.369047619047619,0.3505154639175258,0.3505154639175258,0.24539877300613497,0.24539877300613497,0.08264035462153124,0.2621276595744681,1172.0,0.0
denovo_pdb__7hk1_A,12,126,90,295,True,True,1,1,0.5851063829787235,0.5851063829787235,0.5851063829787235,0.5851063829787235,0.5851063829787235,0.5851063829787235,,0.5612244897959183,98.0,0.0
denovo_pdb__4pww_A,18,85,87,2828,True,True,14,14,0.3087248322147651,0.3087248322147651,0.19631901840490795,0.19631901840490795,0.2236024844720497,0.2236024844720497,0.1254673072708565,0.2260127931769723,934.0,0.0
denovo_pdb__4pww_A,23,85,87,1438,True,True,7,7,0.3496503496503497,0.3496503496503497,0.3496503496503497,0.3496503496503497,0.27586206896551724,0.27586206896551724,0.14010517651640567,0.2809224318658281,473.0,0.0
denovo_pdb__4pww_A,17,85,87,2072,True,True,11,11,0.49056603773584906,0.49056603773584906,0.47904191616766467,0.47904191616766467,0.13445378151260504,0.13445378151260504,0.08954790144496028,0.2954876273653566,686.0,0.0
denovo_pdb__4pww_A,5,85,87,3617,True,True,20,20,0.4594594594594595,0.4594594594594595,0.4067796610169491,0.4067796610169491,0.18705035971223022,0.18705035971223022,0.12181757229111378,0.3386155129274395,1190.0,0.0
denovo_pdb__7osu_A,15,183,242,4446,True,True,12,12,0.5833333333333334,0.5833333333333334,0.5833333333333334,0.5833333333333334,0.20612813370473534,0.20612813370473534,0.1286443177338124,0.45737483085250336,1477.0,0.0
denovo_pdb__7osu_A,8,183,242,2788,True,True,7,7,0.5254237288135593,0.5254237288135593,0.5254237288135593,0.5254237288135593,0.3131868131868132,0.3131868131868132,0.12402020825868842,0.45846817691477887,926.0,0.0
denovo_pdb__7osu_A,7,183,242,3441,True,True,9,9,0.3878787878787879,0.3878787878787879,0.3878787878787879,0.3878787878787879,0.16860465116279072,0.16860465116279072,0.1033962478665145,0.32954545454545453,1144.0,0.0
denovo_pdb__7osu_A,23,183,242,1831,True,True,4,4,0.46336633663366333,0.46336633663366333,0.46336633663366333,0.46336633663366333,0.1792717086834734,0.1792717086834734,0.07617205980281631,0.3497536945812808,605.0,0.0
foldbench100__8au6_A,1,321,168,6663,False,True,21,21,0.07352941176470587,0.07352941176470587,0.0106951871657754,0.0106951871657754,0.007168458781362006,0.007168458781362006,0.0166369284000634,0.04200542005420054,2213.0,0.0
foldbench100__8au6_A,15,321,168,6663,False,True,20,20,0.05904059040590405,0.05904059040590405,0.0411522633744856,0.0411522633744856,0.027586206896551724,0.027586206896551724,0.017253232270202194,0.04065040650406504,2211.0,0.0
foldbench100__8au6_A,17,321,168,6663,False,True,20,20,0.0981132075471698,0.0981132075471698,0.03816793893129771,0.03816793893129771,0.020477815699658702,0.020477815699658702,0.01882408220250495,0.04878048780487805,2208.0,0.0
foldbench100__8au6_A,3,321,168,6663,False,True,19,19,0.0696864111498258,0.0696864111498258,0.03292181069958847,0.03292181069958847,0.0273972602739726,0.0273972602739726,0.017848602454000436,0.04288939051918736,2209.0,0.0
denovo_pdb__3rfn_A,17,151,145,6663,False,True,19,19,0.13076923076923078,0.13076923076923078,0.08602150537634409,0.08602150537634409,0.13076923076923078,0.13076923076923078,0.0331561173996531,0.08758465011286681,2193.0,0.0
denovo_pdb__3rfn_A,11,151,145,6663,False,True,23,23,0.13333333333333333,0.13333333333333333,0.01990049751243781,0.01990049751243781,0.040485829959514164,0.040485829959514164,0.03166935438807503,0.07727067329417081,2204.0,0.0
denovo_pdb__3rfn_A,7,151,145,6663,False,True,20,20,0.1214574898785425,0.1214574898785425,0.05454545454545454,0.05454545454545454,0.07003891050583658,0.07003891050583658,0.03664845488822346,0.08536585365853659,2190.0,0.0
denovo_pdb__3rfn_A,8,151,145,6663,False,True,20,20,0.11904761904761904,0.11904761904761904,0.04615384615384615,0.04615384615384615,0.05622489959839357,0.05622489959839357,0.031511315513441426,0.07407407407407407,2203.0,0.0
denovo_pdb__4n6u_A,17,79,83,3629,True,True,26,26,0.26206896551724135,0.26206896551724135,0.26206896551724135,0.26206896551724135,0.15625,0.15625,0.07447270116338038,0.14737718567860117,1199.0,0.0
denovo_pdb__4n6u_A,19,79,83,3030,True,True,18,18,0.24691358024691357,0.24691358024691357,0.20224719101123598,0.20224719101123598,0.05925925925925927,0.05925925925925927,0.04205662250308387,0.12649402390438247,1002.0,0.0
denovo_pdb__4n6u_A,5,79,83,6663,False,True,36,36,0.23448275862068962,0.23448275862068962,0.021052631578947368,0.021052631578947368,0.11049723756906078,0.11049723756906078,0.05368277005147926,0.14440923494794025,2172.0,0.0
denovo_pdb__4n6u_A,16,79,83,2103,True,True,12,12,0.27710843373493976,0.27710843373493976,0.21301775147928995,0.21301775147928995,0.10606060606060606,0.10606060606060606,0.05463408377944929,0.17647058823529413,696.0,0.0
denovo_pdb__7hk3_A,13,126,92,1813,True,True,10,10,0.4891304347826087,0.4891304347826087,0.46327683615819204,0.46327683615819204,0.21468926553672316,0.21468926553672316,0.08677886093069802,0.33610648918469216,599.0,0.0
denovo_pdb__7hk3_A,9,126,92,334,True,True,1,1,0.5247524752475248,0.5247524752475248,0.5247524752475248,0.5247524752475248,0.5247524752475248,0.5247524752475248,,0.4774774774774775,110.0,0.0
denovo_pdb__7hk3_A,11,126,92,4073,True,True,17,17,0.5555555555555556,0.5555555555555556,0.5555555555555556,0.5555555555555556,0.1818181818181818,0.1818181818181818,0.10159092021250468,0.28772189349112426,1347.0,0.0
denovo_pdb__7hk3_A,21,126,92,1116,True,True,6,6,0.5562130177514794,0.5562130177514794,0.5562130177514794,0.5562130177514794,0.10810810810810811,0.10810810810810811,0.05347954489812625,0.2864864864864865,368.0,0.0
denovo_pdb__9vvn_A,0,167,122,6663,False,True,22,22,0.17699115044247787,0.17699115044247787,0.023121387283236993,0.023121387283236993,0.1,0.1,0.0388214875128703,0.11156278229448961,2206.0,0.0
denovo_pdb__9vvn_A,7,167,122,6663,False,True,21,21,0.225,0.225,0.028985507246376815,0.028985507246376815,0.07881773399014778,0.07881773399014778,0.04991705169011216,0.1061427280939476,2205.0,0.0
denovo_pdb__9vvn_A,11,167,122,6663,False,True,20,20,0.17316017316017315,0.17316017316017315,0.10878661087866108,0.10878661087866108,0.056074766355140186,0.056074766355140186,0.042202827138736104,0.1111111111111111,2204.0,0.0
denovo_pdb__9vvn_A,13,167,122,6663,False,True,22,22,0.19178082191780824,0.19178082191780824,0.024539877300613498,0.024539877300613498,0.08438818565400845,0.08438818565400845,0.03296470814422615,0.1007226738934056,2205.0,0.0
denovo_pdb__8bl6_A,13,139,155,6663,False,True,22,22,0.31343283582089554,0.31343283582089554,0.056179775280898875,0.056179775280898875,0.16666666666666669,0.16666666666666669,0.05868406495252366,0.2122854561878952,2206.0,0.0
denovo_pdb__8bl6_A,4,139,155,6663,False,True,20,20,0.34657039711191334,0.34657039711191334,0.2012987012987013,0.2012987012987013,0.12781954887218044,0.12781954887218044,0.06800610852334994,0.22899728997289973,2193.0,0.0
denovo_pdb__8bl6_A,15,139,155,6663,False,True,22,22,0.35684647302904565,0.35684647302904565,0.03508771929824562,0.03508771929824562,0.13821138211382114,0.13821138211382114,0.07173451886364804,0.26151761517615174,2206.0,0.0
denovo_pdb__8bl6_A,2,139,155,6663,False,True,21,21,0.4344569288389514,0.4344569288389514,0.047619047619047616,0.047619047619047616,0.15139442231075695,0.15139442231075695,0.10092606177751458,0.3039747064137308,2200.0,0.0
foldbench100__8eb9_A,5,95,71,3981,True,True,21,21,0.2795698924731183,0.2795698924731183,0.2795698924731183,0.2795698924731183,0.05714285714285715,0.05714285714285715,0.03658196596558217,0.10303030303030303,1316.0,0.0
foldbench100__8eb9_A,3,95,71,1690,True,True,16,16,0.10256410256410256,0.10256410256410256,0.0,0.0,0.08421052631578947,0.08421052631578947,0.021129314320902922,0.06272401433691756,558.0,0.0
foldbench100__8eb9_A,13,95,71,6663,False,True,47,47,0.1774193548387097,0.1774193548387097,0.0,0.0,0.046511627906976744,0.046511627906976744,0.02819866370065279,0.07936507936507936,2195.0,0.0
foldbench100__8eb9_A,6,95,71,6663,False,True,54,54,0.20155038759689925,0.20155038759689925,0.07619047619047618,0.07619047619047618,0.018348623853211007,0.018348623853211007,0.028246832280629644,0.09169314571039491,2198.0,0.0
denovo_pdb__8gl3_A,14,189,155,6663,False,True,22,22,0.08365019011406843,0.08365019011406843,0.021621621621621623,0.021621621621621623,0.025531914893617023,0.025531914893617023,0.02574949787847876,0.04697380307136405,2189.0,0.0
denovo_pdb__8gl3_A,6,189,155,6663,False,True,28,28,0.18803418803418806,0.18803418803418806,0.008771929824561405,0.008771929824561405,0.10256410256410256,0.10256410256410256,0.04212547357021826,0.08182640144665461,2200.0,0.0
denovo_pdb__8gl3_A,1,189,155,6663,False,True,20,20,0.14545454545454545,0.14545454545454545,0.020338983050847456,0.020338983050847456,0.1078838174273859,0.1078838174273859,0.026269150626452208,0.05871725383920506,2196.0,0.0
denovo_pdb__8gl3_A,12,189,155,6663,False,True,22,22,0.12206572769953053,0.12206572769953053,0.03333333333333333,0.03333333333333333,0.06639004149377593,0.06639004149377593,0.029967247568535044,0.06413730803974707,2187.0,0.0
denovo_pdb__3ww9_A,7,251,233,1100,True,True,2,2,0.6290322580645161,0.6290322580645161,0.6290322580645161,0.6290322580645161,0.33633633633633636,0.33633633633633636,0.20198675496688742,0.5792349726775956,363.0,0.0
denovo_pdb__3ww9_A,5,251,233,793,True,True,1,1,0.6491935483870968,0.6491935483870968,0.6491935483870968,0.6491935483870968,0.6491935483870968,0.6491935483870968,,0.6098484848484849,263.0,0.0
denovo_pdb__3ww9_A,19,251,233,814,True,True,1,1,0.6150793650793651,0.6150793650793651,0.6150793650793651,0.6150793650793651,0.6150793650793651,0.6150793650793651,,0.5719557195571956,271.0,0.0
denovo_pdb__3ww9_A,22,251,233,781,True,True,1,1,0.6272912423625254,0.6272912423625254,0.6272912423625254,0.6272912423625254,0.6272912423625254,0.6272912423625254,,0.5923076923076923,258.0,0.0
denovo_pdb__6ics_O,3,242,203,6663,False,True,20,20,0.20382165605095542,0.20382165605095542,0.0,0.0,0.07717041800643086,0.07717041800643086,0.033729260841202716,0.12691960252935863,2205.0,0.0
denovo_pdb__6ics_O,0,242,203,6663,False,True,19,19,0.10389610389610389,0.10389610389610389,0.0,0.0,0.056782334384858045,0.056782334384858045,0.02432250780312398,0.09390519187358916,2212.0,0.0
denovo_pdb__6ics_O,1,242,203,6663,False,True,20,20,0.11221122112211221,0.11221122112211221,0.04310344827586207,0.04310344827586207,0.06472491909385114,0.06472491909385114,0.028104471174871182,0.08536585365853659,2207.0,0.0
denovo_pdb__6ics_O,5,242,203,6663,False,True,18,18,0.16927899686520373,0.16927899686520373,0.0660377358490566,0.0660377358490566,0.025477707006369428,0.025477707006369428,0.0237268883572288,0.08713318284424379,2203.0,0.0
denovo_pdb__8d05_A,3,60,48,1079,True,True,14,14,0.33707865168539325,0.33707865168539325,0.325,0.325,0.25,0.25,0.07956081021191985,0.22816901408450704,353.0,0.0
denovo_pdb__8d05_A,20,60,48,49,True,True,1,1,0.21875000000000003,0.21875000000000003,0.21875000000000003,0.21875000000000003,0.21875000000000003,0.21875000000000003,,0.4375,16.0,0.0
denovo_pdb__8d05_A,4,60,48,1786,True,True,22,22,0.6516853932584269,0.6516853932584269,0.6516853932584269,0.6516853932584269,0.186046511627907,0.186046511627907,0.0797233698894915,0.32142857142857145,584.0,0.0
denovo_pdb__8d05_A,16,60,48,1716,True,True,18,18,0.3877551020408163,0.3877551020408163,0.3877551020408163,0.3877551020408163,0.10989010989010989,0.10989010989010989,0.13190249288697636,0.2579505300353357,564.0,0.0
denovo_pdb__7hiz_A,11,126,91,2731,True,True,10,10,0.5408163265306122,0.5408163265306122,0.5408163265306122,0.5408163265306122,0.29050279329608936,0.29050279329608936,0.1204339411834537,0.3472987872105843,906.0,0.0
denovo_pdb__7hiz_A,17,126,91,563,True,True,2,2,0.6497461928934011,0.6497461928934011,0.6497461928934011,0.6497461928934011,0.4186046511627907,0.4186046511627907,0.1910828025477707,0.5347593582887701,187.0,0.0
denovo_pdb__7hiz_A,22,126,91,253,True,True,1,1,0.4228571428571429,0.4228571428571429,0.4228571428571429,0.4228571428571429,0.4228571428571429,0.4228571428571429,,0.44047619047619047,84.0,0.0
denovo_pdb__7hiz_A,10,126,91,1471,True,True,7,7,0.5025641025641026,0.5025641025641026,0.5025641025641026,0.5025641025641026,0.11764705882352941,0.11764705882352941,0.09407028202150154,0.24795081967213115,488.0,0.0
denovo_pdb__8y33_A,11,184,163,6663,False,True,21,21,0.17490494296577946,0.17490494296577946,0.017937219730941704,0.017937219730941704,0.07246376811594202,0.07246376811594202,0.02686206761308165,0.07497741644083107,2213.0,0.0
denovo_pdb__8y33_A,8,184,163,6663,False,True,19,19,0.12639405204460968,0.12639405204460968,0.0,0.0,0.047619047619047616,0.047619047619047616,0.02435228330897912,0.07042889390519187,2199.0,0.0
denovo_pdb__8y33_A,22,184,163,6663,False,True,19,19,0.08239700374531835,0.08239700374531835,0.01809954751131222,0.01809954751131222,0.0,0.0,0.0358488234286828,0.040632054176072234,2204.0,0.0
denovo_pdb__8y33_A,21,184,163,6663,False,True,19,19,0.0892193308550186,0.0892193308550186,0.007782101167315175,0.007782101167315175,0.0892193308550186,0.0892193308550186,0.018842809912578345,0.04695259593679458,2205.0,0.0
foldbench100__7pv5_A,22,81,64,2208,True,True,12,12,0.3945578231292517,0.3945578231292517,0.3945578231292517,0.3945578231292517,0.19642857142857142,0.19642857142857142,0.06987901769128793,0.1721311475409836,731.0,0.0
foldbench100__7pv5_A,1,81,64,235,True,True,1,1,0.3802816901408451,0.3802816901408451,0.3802816901408451,0.3802816901408451,0.3802816901408451,0.3802816901408451,,0.34615384615384615,78.0,0.0
foldbench100__7pv5_A,15,81,64,1363,True,True,7,7,0.5815602836879432,0.5815602836879432,0.5815602836879432,0.5815602836879432,0.17094017094017094,0.17094017094017094,0.08130568787345398,0.25663716814159293,450.0,0.0
foldbench100__7pv5_A,21,81,64,3172,True,True,16,16,0.375,0.375,0.32116788321167883,0.32116788321167883,0.16774193548387095,0.16774193548387095,0.10513563670138186,0.21197718631178708,1048.0,0.0
denovo_pdb__6rli_A,11,250,214,718,True,True,1,1,0.588495575221239,0.588495575221239,0.588495575221239,0.588495575221239,0.588495575221239,0.588495575221239,,0.5564853556485355,238.0,0.0
denovo_pdb__6rli_A,4,250,214,877,True,True,1,1,0.6107784431137724,0.6107784431137724,0.6107784431137724,0.6107784431137724,0.6107784431137724,0.6107784431137724,,0.523972602739726,287.0,0.0
denovo_pdb__6rli_A,14,250,214,1049,True,True,2,2,0.6946902654867256,0.6946902654867256,0.6946902654867256,0.6946902654867256,0.37151702786377705,0.37151702786377705,0.2392857142857143,0.6217765042979942,347.0,0.0
denovo_pdb__6rli_A,23,250,214,1091,True,True,2,2,0.6211453744493393,0.6211453744493393,0.6211453744493393,0.6211453744493393,0.3843843843843844,0.3843843843843844,0.2640845070422535,0.5647382920110193,359.0,0.0
denovo_pdb__6g6p_A,4,318,324,1385,True,True,2,2,0.597667638483965,0.597667638483965,0.597667638483965,0.597667638483965,0.2517814726840855,0.2517814726840855,0.15037593984962405,0.559652928416486,459.0,0.0
denovo_pdb__6g6p_A,16,318,324,1475,True,True,2,2,0.6526610644257703,0.6526610644257703,0.6526610644257703,0.6526610644257703,0.2398081534772182,0.2398081534772182,0.14726840855106887,0.5763747454175153,483.0,0.0
denovo_pdb__6g6p_A,20,318,324,1153,True,True,1,1,0.5823863636363635,0.5823863636363635,0.5823863636363635,0.5823863636363635,0.5823863636363635,0.5823863636363635,,0.5338541666666666,380.0,0.0
denovo_pdb__6g6p_A,13,318,324,1243,True,True,1,1,0.6124137931034483,0.6124137931034483,0.6124137931034483,0.6124137931034483,0.6124137931034483,0.6124137931034483,,0.5362318840579711,401.0,0.0
foldbench100__8dhj_A,20,249,267,6663,False,True,20,20,0.04825737265415549,0.04825737265415549,0.0,0.0,0.021052631578947368,0.021052631578947368,0.018890071993785063,0.036585365853658534,2209.0,0.0
foldbench100__8dhj_A,1,249,267,6663,False,True,19,19,0.061381074168797956,0.061381074168797956,0.013071895424836602,0.013071895424836602,0.005291005291005291,0.005291005291005291,0.013345506239479788,0.028893905191873587,2208.0,0.0
foldbench100__8dhj_A,13,249,267,6663,False,True,20,20,0.04266666666666666,0.04266666666666666,0.0066006600660066,0.0066006600660066,0.032345013477088944,0.032345013477088944,0.01085616219579687,0.032068654019873535,2212.0,0.0
foldbench100__8dhj_A,22,249,267,6663,False,True,20,20,0.05626598465473146,0.05626598465473146,0.006430868167202573,0.006430868167202573,0.026455026455026454,0.026455026455026454,0.009799818046672031,0.04245709123757904,2213.0,0.0
casp_fm__T1043-D1,11,148,128,6663,False,True,25,25,0.044642857142857144,0.044642857142857144,0.010810810810810811,0.010810810810810811,0.008658008658008658,0.008658008658008658,0.03101125913766541,0.021238138273836422,2205.0,0.0
casp_fm__T1043-D1,19,148,128,6663,False,True,26,26,0.05504587155963303,0.05504587155963303,0.0,0.0,0.01951219512195122,0.01951219512195122,0.02592621729205991,0.034358047016274866,2202.0,0.0
casp_fm__T1043-D1,10,148,128,6663,False,True,23,23,0.06639004149377593,0.06639004149377593,0.025974025974025976,0.025974025974025976,0.018433179723502304,0.018433179723502304,0.03366203444531774,0.028468142792589246,2204.0,0.0
casp_fm__T1043-D1,15,148,128,6663,False,True,23,23,0.06122448979591836,0.06122448979591836,0.0392156862745098,0.0392156862745098,0.017391304347826087,0.017391304347826087,0.018246530000500458,0.027564392227745142,2209.0,0.0
denovo_pdb__6qb2_A,15,95,104,6663,False,True,40,40,0.19580419580419578,0.19580419580419578,0.015625,0.015625,0.09859154929577464,0.09859154929577464,0.058236654601708134,0.11367753623188406,2188.0,0.0
denovo_pdb__6qb2_A,7,95,104,3252,True,True,18,18,0.16455696202531647,0.16455696202531647,0.07246376811594203,0.07246376811594203,0.13725490196078433,0.13725490196078433,0.04442934988322459,0.10760667903525047,1077.0,0.0
denovo_pdb__6qb2_A,6,95,104,4020,True,True,21,21,0.20238095238095238,0.20238095238095238,0.11827956989247312,0.11827956989247312,0.07142857142857144,0.07142857142857144,0.040939144919532364,0.09902475618904726,1329.0,0.0
denovo_pdb__6qb2_A,19,95,104,6663,False,True,34,34,0.1717171717171717,0.1717171717171717,0.01769911504424779,0.01769911504424779,0.08641975308641975,0.08641975308641975,0.04943539156633091,0.11402714932126697,2197.0,0.0
cameo_hard__8v4w_A,17,207,216,6663,False,True,18,18,0.10000000000000002,0.10000000000000002,0.05294117647058823,0.05294117647058823,0.01829268292682927,0.01829268292682927,0.020214226066898683,0.07178329571106094,2207.0,0.0
cameo_hard__8v4w_A,0,207,216,6663,False,True,19,19,0.06727828746177371,0.06727828746177371,0.0,0.0,0.024767801857585137,0.024767801857585137,0.019467788067522848,0.056433408577878104,2203.0,0.0
cameo_hard__8v4w_A,16,207,216,6663,False,True,18,18,0.08674698795180723,0.08674698795180723,0.0,0.0,0.03095975232198142,0.03095975232198142,0.01617774053741771,0.05146726862302483,2205.0,0.0
cameo_hard__8v4w_A,14,207,216,6663,False,True,19,19,0.09970674486803519,0.09970674486803519,0.04361370716510903,0.04361370716510903,0.018691588785046724,0.018691588785046724,0.014018850256210587,0.04695259593679458,2208.0,0.0
foldbench100__7ylr_A,17,330,364,6663,False,True,19,19,0.0865979381443299,0.0865979381443299,0.05286343612334802,0.05286343612334802,0.04056795131845842,0.04056795131845842,0.010437767006434605,0.08216704288939052,2213.0,0.0
foldbench100__7ylr_A,4,330,364,6663,False,True,18,18,0.1425891181988743,0.1425891181988743,0.024691358024691357,0.024691358024691357,0.05052631578947369,0.05052631578947369,0.02943658562967255,0.15891647855530475,2211.0,0.0
foldbench100__7ylr_A,20,330,364,6663,False,True,20,20,0.07272727272727272,0.07272727272727272,0.0,0.0,0.047210300429184546,0.047210300429184546,0.012217128943024572,0.08401084010840108,2212.0,0.0
foldbench100__7ylr_A,16,330,364,6663,False,True,20,20,0.09504132231404959,0.09504132231404959,0.046082949308755755,0.046082949308755755,0.024742268041237116,0.024742268041237116,0.015592724625574995,0.11653116531165311,2213.0,0.0
denovo_pdb__7dmf_A,4,189,159,6663,False,True,19,19,0.1413427561837456,0.1413427561837456,0.02666666666666667,0.02666666666666667,0.0437956204379562,0.0437956204379562,0.027783110076225477,0.0853273137697517,2203.0,0.0
denovo_pdb__7dmf_A,21,189,159,6663,False,True,19,19,0.17355371900826444,0.17355371900826444,0.050793650793650794,0.050793650793650794,0.11067193675889328,0.11067193675889328,0.029585483514231087,0.10519187358916479,2200.0,0.0
denovo_pdb__7dmf_A,8,189,159,6663,False,True,21,21,0.11111111111111112,0.11111111111111112,0.0,0.0,0.08791208791208792,0.08791208791208792,0.02791160130059144,0.06910569105691057,2209.0,0.0
denovo_pdb__7dmf_A,14,189,159,6663,False,True,23,23,0.15139442231075698,0.15139442231075698,0.0,0.0,0.042918454935622324,0.042918454935622324,0.02359493851130948,0.07094441934026209,2203.0,0.0
denovo_pdb__8oys_A,16,190,148,2590,True,True,7,7,0.4582043343653251,0.4582043343653251,0.4582043343653251,0.4582043343653251,0.2716981132075472,0.2716981132075472,0.1191875723367647,0.3623693379790941,860.0,0.0
denovo_pdb__8oys_A,11,190,148,3210,True,True,9,9,0.48,0.48,0.4315068493150685,0.4315068493150685,0.24242424242424243,0.24242424242424243,0.16594208021739743,0.34957825679475163,1065.0,0.0
denovo_pdb__8oys_A,13,190,148,1889,True,True,5,5,0.47058823529411764,0.47058823529411764,0.47058823529411764,0.47058823529411764,0.2713178294573644,0.2713178294573644,0.11278420007399859,0.3200636942675159,627.0,0.0
denovo_pdb__8oys_A,20,190,148,2933,True,True,8,8,0.48226950354609927,0.48226950354609927,0.48226950354609927,0.48226950354609927,0.27906976744186046,0.27906976744186046,0.13647668737315127,0.3333333333333333,973.0,0.0
denovo_pdb__9de4_A,7,106,65,3366,True,True,18,18,0.3225806451612903,0.3225806451612903,0.3225806451612903,0.3225806451612903,0.1492537313432836,0.1492537313432836,0.09662173083185104,0.18996415770609318,1116.0,0.0
denovo_pdb__9de4_A,15,106,65,1972,True,True,13,13,0.21374045801526717,0.21374045801526717,0.15827338129496404,0.15827338129496404,0.07272727272727272,0.07272727272727272,0.03536768316046327,0.1332312404287902,653.0,0.0
denovo_pdb__9de4_A,10,106,65,1955,True,True,11,11,0.27906976744186046,0.27906976744186046,0.27906976744186046,0.27906976744186046,0.11111111111111112,0.11111111111111112,0.049865633477637936,0.1728395061728395,647.0,0.0
denovo_pdb__9de4_A,22,106,65,1933,True,True,10,10,0.26573426573426573,0.26573426573426573,0.26573426573426573,0.26573426573426573,0.15789473684210525,0.15789473684210525,0.04750769776045954,0.1435257410296412,638.0,0.0
denovo_pdb__7hjy_A,23,126,91,991,True,True,4,4,0.4236453201970443,0.4236453201970443,0.4236453201970443,0.4236453201970443,0.17708333333333334,0.17708333333333334,0.06315633961846273,0.24012158054711247,328.0,0.0
denovo_pdb__7hjy_A,11,126,91,298,True,True,1,1,0.46315789473684205,0.46315789473684205,0.46315789473684205,0.46315789473684205,0.46315789473684205,0.46315789473684205,,0.4444444444444444,99.0,0.0
denovo_pdb__7hjy_A,16,126,91,1060,True,True,4,4,0.6666666666666667,0.6666666666666667,0.6666666666666667,0.6666666666666667,0.3723404255319149,0.3723404255319149,0.14179199882585589,0.4659090909090909,351.0,0.0
denovo_pdb__7hjy_A,3,126,91,2838,True,True,12,12,0.5654450261780104,0.5654450261780104,0.5654450261780104,0.5654450261780104,0.371859296482412,0.371859296482412,0.10390102412922725,0.3078556263269639,940.0,0.0
denovo_pdb__8chy_A,10,272,267,931,True,True,1,1,0.838475499092559,0.838475499092559,0.838475499092559,0.838475499092559,0.838475499092559,0.838475499092559,,0.7451612903225806,284.0,0.0
denovo_pdb__8chy_A,18,272,267,907,True,True,1,1,0.8375451263537906,0.8375451263537906,0.8375451263537906,0.8375451263537906,0.8375451263537906,0.8375451263537906,,0.7682119205298014,287.0,0.0
denovo_pdb__8chy_A,22,272,267,925,True,True,1,1,0.8535714285714284,0.8535714285714284,0.8535714285714284,0.8535714285714284,0.8535714285714284,0.8535714285714284,,0.775974025974026,293.0,0.0
denovo_pdb__8chy_A,14,272,267,1048,True,True,1,1,0.8353140916808149,0.8353140916808149,0.8353140916808149,0.8353140916808149,0.8353140916808149,0.8353140916808149,,0.7048710601719198,322.0,0.0
foldbench100__8b61_A,4,238,212,6663,False,True,19,19,0.08130081300813008,0.08130081300813008,0.006666666666666667,0.006666666666666667,0.048048048048048055,0.048048048048048055,0.017273086554575347,0.060948081264108354,2211.0,0.0
foldbench100__8b61_A,20,238,212,6663,False,True,19,19,0.075,0.075,0.007722007722007721,0.007722007722007721,0.012578616352201257,0.012578616352201257,0.016139595361045218,0.04559819413092551,2208.0,0.0
foldbench100__8b61_A,5,238,212,6663,False,True,20,20,0.12535612535612536,0.12535612535612536,0.027397260273972605,0.027397260273972605,0.02531645569620253,0.02531645569620253,0.014640749365511518,0.07407407407407407,2211.0,0.0
foldbench100__8b61_A,11,238,212,6663,False,True,18,18,0.0804953560371517,0.0804953560371517,0.016666666666666666,0.016666666666666666,0.01769911504424779,0.01769911504424779,0.01591287996879143,0.060948081264108354,2210.0,0.0
denovo_pdb__5l33_A,17,106,119,2588,True,True,8,8,0.39830508474576265,0.39830508474576265,0.39830508474576265,0.39830508474576265,0.17073170731707318,0.17073170731707318,0.14548749649252865,0.28837209302325584,858.0,0.0
denovo_pdb__5l33_A,2,106,119,1721,True,True,5,5,0.42276422764227645,0.42276422764227645,0.42276422764227645,0.42276422764227645,0.215962441314554,0.215962441314554,0.1616689091487687,0.2902097902097902,572.0,0.0
denovo_pdb__5l33_A,19,106,119,6663,False,True,20,20,0.3493449781659389,0.3493449781659389,0.15246636771300448,0.15246636771300448,0.14977973568281938,0.14977973568281938,0.11534303548425781,0.24706413730803975,2181.0,0.0
denovo_pdb__5l33_A,10,106,119,1833,True,True,6,6,0.3277310924369748,0.3277310924369748,0.3277310924369748,0.3277310924369748,0.2629107981220657,0.2629107981220657,0.11695268561562847,0.2561576354679803,608.0,0.0
denovo_pdb__2fo7_A,21,136,113,400,True,True,1,1,0.8524590163934425,0.8524590163934425,0.8524590163934425,0.8524590163934425,0.8524590163934425,0.8524590163934425,,0.7819548872180451,131.0,0.0
denovo_pdb__2fo7_A,20,136,113,761,True,True,2,2,0.7851239669421488,0.7851239669421488,0.774468085106383,0.774468085106383,0.7851239669421488,0.7851239669421488,0.56875,0.7351778656126482,251.0,0.0
denovo_pdb__2fo7_A,7,136,113,415,True,True,1,1,0.7791164658634538,0.7791164658634538,0.7791164658634538,0.7791164658634538,0.7791164658634538,0.7791164658634538,,0.7028985507246377,136.0,0.0
denovo_pdb__2fo7_A,15,136,113,415,True,True,1,1,0.7983870967741936,0.7983870967741936,0.7983870967741936,0.7983870967741936,0.7983870967741936,0.7983870967741936,,0.717391304347826,135.0,0.0
casp_fm__T1104-D1,7,117,96,2002,True,True,10,10,0.07291666666666667,0.07291666666666667,0.07291666666666667,0.07291666666666667,0.015503875968992248,0.015503875968992248,0.013653505196929086,0.04216867469879518,664.0,0.0
casp_fm__T1104-D1,6,117,96,6663,False,True,30,30,0.11111111111111112,0.11111111111111112,0.0202020202020202,0.0202020202020202,0.0,0.0,0.03940855666954262,0.052917232021709636,2180.0,0.0
casp_fm__T1104-D1,16,117,96,6663,False,True,35,35,0.1234567901234568,0.1234567901234568,0.01818181818181818,0.01818181818181818,0.1234567901234568,0.1234567901234568,0.03310859313127142,0.0615663196016297,2198.0,0.0
casp_fm__T1104-D1,11,117,96,4199,True,True,20,20,0.20481927710843373,0.20481927710843373,0.08383233532934131,0.08383233532934131,0.07228915662650602,0.07228915662650602,0.042706295177127596,0.09332376166547021,1390.0,0.0
denovo_pdb__3dgm_A,2,69,53,1800,True,True,12,12,0.29545454545454547,0.29545454545454547,0.07843137254901959,0.07843137254901959,0.21739130434782608,0.21739130434782608,0.0784205404157422,0.15100671140939598,594.0,0.0
denovo_pdb__3dgm_A,0,69,53,2510,True,True,17,17,0.24778761061946902,0.24778761061946902,0.11214953271028037,0.11214953271028037,0.1320754716981132,0.1320754716981132,0.044941192445648245,0.12274368231046931,831.0,0.0
denovo_pdb__3dgm_A,20,69,53,3257,True,True,20,20,0.24096385542168675,0.24096385542168675,0.17699115044247787,0.17699115044247787,0.1553398058252427,0.1553398058252427,0.05323830812456619,0.12511584800741427,1077.0,0.0
denovo_pdb__3dgm_A,10,69,53,4836,True,True,30,30,0.16949152542372883,0.16949152542372883,0.10526315789473684,0.10526315789473684,0.07766990291262135,0.07766990291262135,0.05300494018056528,0.0986267166042447,1599.0,0.0
denovo_pdb__2qyj_A,19,154,119,478,True,True,1,1,0.7436823104693141,0.7436823104693141,0.7436823104693141,0.7436823104693141,0.7436823104693141,0.7436823104693141,,0.6477987421383647,158.0,0.0
denovo_pdb__2qyj_A,20,154,119,421,True,True,1,1,0.7315175097276265,0.7315175097276265,0.7315175097276265,0.7315175097276265,0.7315175097276265,0.7315175097276265,,0.6714285714285714,138.0,0.0
denovo_pdb__2qyj_A,23,154,119,403,True,True,1,1,0.7193675889328063,0.7193675889328063,0.7193675889328063,0.7193675889328063,0.7193675889328063,0.7193675889328063,,0.6791044776119403,134.0,0.0
denovo_pdb__2qyj_A,22,154,119,436,True,True,1,1,0.7272727272727273,0.7272727272727273,0.7272727272727273,0.7272727272727273,0.7272727272727273,0.7272727272727273,,0.6620689655172414,145.0,0.0
cameo_hard__9isp_A,16,156,166,6663,False,True,20,20,0.07547169811320753,0.07547169811320753,0.05555555555555555,0.05555555555555555,0.04838709677419355,0.04838709677419355,0.03294498296041694,0.052845528455284556,2199.0,0.0
cameo_hard__9isp_A,10,156,166,6663,False,True,23,23,0.08695652173913045,0.08695652173913045,0.010050251256281407,0.010050251256281407,0.052434456928838954,0.052434456928838954,0.04202924886510895,0.06597379123361952,2206.0,0.0
cameo_hard__9isp_A,23,156,166,6663,False,True,22,22,0.0912280701754386,0.0912280701754386,0.0,0.0,0.0912280701754386,0.0912280701754386,0.04116054099258232,0.053297199638663056,2200.0,0.0
cameo_hard__9isp_A,19,156,166,3979,True,True,13,13,0.13999999999999999,0.13999999999999999,0.13999999999999999,0.13999999999999999,0.016806722689075633,0.016806722689075633,0.028324014700762234,0.049924357034795766,1322.0,0.0
denovo_pdb__5xg5_A,6,145,180,6663,False,True,19,19,0.20761245674740486,0.20761245674740486,0.0842911877394636,0.0842911877394636,0.07407407407407407,0.07407407407407407,0.03620979969124382,0.11647855530474041,2209.0,0.0
denovo_pdb__5xg5_A,21,145,180,6663,False,True,20,20,0.1415929203539823,0.1415929203539823,0.07272727272727272,0.07272727272727272,0.04929577464788732,0.04929577464788732,0.03749791215301431,0.11878952122854562,2209.0,0.0
denovo_pdb__5xg5_A,19,145,180,6663,False,True,21,21,0.30412371134020616,0.30412371134020616,0.0,0.0,0.14840989399293286,0.14840989399293286,0.04872876792490015,0.16440831074977416,2199.0,0.0
denovo_pdb__5xg5_A,9,145,180,6663,False,True,19,19,0.21122112211221125,0.21122112211221125,0.035874439461883414,0.035874439461883414,0.10389610389610389,0.10389610389610389,0.049489311969955055,0.13498871331828444,2201.0,0.0
denovo_pdb__7ot7_A,20,183,242,4332,True,True,12,12,0.5182012847965738,0.5182012847965738,0.5182012847965738,0.5182012847965738,0.10344827586206896,0.10344827586206896,0.05365615066101566,0.3,1439.0,0.0
denovo_pdb__7ot7_A,22,183,242,3128,True,True,8,8,0.3758099352051836,0.3758099352051836,0.3758099352051836,0.3758099352051836,0.1016949152542373,0.1016949152542373,0.04408323541804944,0.2125,1039.0,0.0
denovo_pdb__7ot7_A,15,183,242,3682,True,True,10,10,0.47540983606557374,0.47540983606557374,0.47540983606557374,0.47540983606557374,0.07878787878787878,0.07878787878787878,0.05962663903455365,0.3112745098039216,1222.0,0.0
denovo_pdb__7ot7_A,13,183,242,5002,True,True,13,13,0.4415011037527594,0.4415011037527594,0.4415011037527594,0.4415011037527594,0.1440922190201729,0.1440922190201729,0.06855934250939252,0.2952495490078172,1662.0,0.0
denovo_pdb__8p4y_A,0,192,172,6663,False,True,18,18,0.04316546762589928,0.04316546762589928,0.03133159268929504,0.03133159268929504,0.01444043321299639,0.01444043321299639,0.037158624613807444,0.023927765237020317,2178.0,0.0
denovo_pdb__8p4y_A,19,192,172,1018,True,True,4,4,0.03463203463203463,0.03463203463203463,0.027210884353741496,0.027210884353741496,0.009302325581395347,0.009302325581395347,0.06400966183574879,0.03254437869822485,338.0,0.0
denovo_pdb__8p4y_A,1,192,172,6663,False,True,23,23,0.04347826086956522,0.04347826086956522,0.006578947368421053,0.006578947368421053,0.031746031746031744,0.031746031746031744,0.10754915409583031,0.021690013556258474,2204.0,0.0
denovo_pdb__8p4y_A,9,192,172,6663,False,True,22,22,0.1023890784982935,0.1023890784982935,0.011235955056179777,0.011235955056179777,0.0,0.0,0.0511467590197114,0.024390243902439025,2193.0,0.0
denovo_pdb__5vjs_A,8,196,155,6663,False,True,21,21,0.2265625,0.2265625,0.05741626794258374,0.05741626794258374,0.06225680933852141,0.06225680933852141,0.026709746833916803,0.1034327009936766,2197.0,0.0
denovo_pdb__5vjs_A,21,196,155,6663,False,True,20,20,0.14492753623188406,0.14492753623188406,0.08536585365853658,0.08536585365853658,0.058333333333333334,0.058333333333333334,0.0325737224983783,0.08626919602529359,2193.0,0.0
denovo_pdb__5vjs_A,17,196,155,6663,False,True,20,20,0.1769230769230769,0.1769230769230769,0.0310077519379845,0.0310077519379845,0.03759398496240601,0.03759398496240601,0.022469034719413927,0.09033423667570009,2206.0,0.0
denovo_pdb__5vjs_A,15,196,155,6663,False,True,25,25,0.18750000000000003,0.18750000000000003,0.08904109589041095,0.08904109589041095,0.0,0.0,0.018347076330008497,0.10302756439222774,2193.0,0.0
denovo_pdb__8etq_A,16,277,300,6663,False,True,20,20,0.12264150943396225,0.12264150943396225,0.05655526992287918,0.05655526992287918,0.06913580246913581,0.06913580246913581,0.04040558400623444,0.11788617886178862,2211.0,0.0
denovo_pdb__8etq_A,0,277,300,6663,False,True,19,19,0.121654501216545,0.121654501216545,0.05466970387243736,0.05466970387243736,0.06615776081424937,0.06615776081424937,0.047482394415802154,0.13227990970654627,2199.0,0.0
denovo_pdb__8etq_A,15,277,300,6663,False,True,19,19,0.08312958435207823,0.08312958435207823,0.037135278514588865,0.037135278514588865,0.04020100502512563,0.04020100502512563,0.024167042447744466,0.08442437923250565,2209.0,0.0
denovo_pdb__8etq_A,5,277,300,6663,False,True,20,20,0.07901234567901234,0.07901234567901234,0.006451612903225807,0.006451612903225807,0.07901234567901234,0.07901234567901234,0.02610515583864446,0.1025293586269196,2204.0,0.0
denovo_pdb__3p6i_A,11,127,153,2870,True,True,11,11,0.21940928270042195,0.21940928270042195,0.20338983050847456,0.20338983050847456,0.16597510373443985,0.16597510373443985,0.16984665692668108,0.229800629590766,953.0,0.0
denovo_pdb__3p6i_A,5,127,153,2350,True,True,10,10,0.2543859649122807,0.2543859649122807,0.2543859649122807,0.2543859649122807,0.15315315315315314,0.15315315315315314,0.13954685884019177,0.26153846153846155,779.0,0.0
denovo_pdb__3p6i_A,0,127,153,2421,True,True,9,9,0.26153846153846155,0.26153846153846155,0.22764227642276422,0.22764227642276422,0.15625,0.15625,0.16766988016348475,0.26119402985074625,802.0,0.0
denovo_pdb__3p6i_A,17,127,153,2530,True,True,10,10,0.2948207171314741,0.2948207171314741,0.20661157024793392,0.20661157024793392,0.13584905660377358,0.13584905660377358,0.13830447437316287,0.21428571428571427,840.0,0.0
denovo_pdb__6z2i_A,19,168,210,6663,False,True,18,18,0.2617283950617284,0.2617283950617284,0.10429447852760736,0.10429447852760736,0.038461538461538464,0.038461538461538464,0.06143309431923491,0.21354401805869075,2211.0,0.0
denovo_pdb__6z2i_A,20,168,210,6663,False,True,19,19,0.19607843137254902,0.19607843137254902,0.0425531914893617,0.0425531914893617,0.08917197452229299,0.08917197452229299,0.03561607922986548,0.15575620767494355,2210.0,0.0
denovo_pdb__6z2i_A,15,168,210,6663,False,True,18,18,0.22754491017964074,0.22754491017964074,0.16431924882629106,0.16431924882629106,0.07119741100323625,0.07119741100323625,0.04513297288790987,0.17832957110609482,2198.0,0.0
denovo_pdb__6z2i_A,2,168,210,6663,False,True,20,20,0.21926910299003324,0.21926910299003324,0.06498194945848375,0.06498194945848375,0.1128526645768025,0.1128526645768025,0.04431842422976432,0.16892502258355918,2210.0,0.0
denovo_pdb__5op3_A,19,157,111,415,True,True,1,1,0.674698795180723,0.674698795180723,0.674698795180723,0.674698795180723,0.674698795180723,0.674698795180723,,0.6086956521739131,138.0,0.0
denovo_pdb__5op3_A,14,157,111,433,True,True,1,1,0.6980392156862745,0.6980392156862745,0.6980392156862745,0.6980392156862745,0.6980392156862745,0.6980392156862745,,0.6180555555555556,144.0,0.0
denovo_pdb__5op3_A,15,157,111,418,True,True,1,1,0.752,0.752,0.752,0.752,0.752,0.752,,0.6762589928057554,139.0,0.0
denovo_pdb__5op3_A,23,157,111,406,True,True,1,1,0.7428571428571428,0.7428571428571428,0.7428571428571428,0.7428571428571428,0.7428571428571428,0.7428571428571428,,0.674074074074074,134.0,0.0
denovo_pdb__6i3a_A,2,251,211,604,True,True,1,1,0.5485436893203883,0.5485436893203883,0.5485436893203883,0.5485436893203883,0.5485436893203883,0.5485436893203883,,0.5621890547263682,201.0,0.0
denovo_pdb__6i3a_A,0,251,211,829,True,True,1,1,0.5991735537190083,0.5991735537190083,0.5991735537190083,0.5991735537190083,0.5991735537190083,0.5991735537190083,,0.5253623188405797,273.0,0.0
denovo_pdb__6i3a_A,7,251,211,1410,True,True,3,3,0.5981735159817353,0.5981735159817353,0.5981735159817353,0.5981735159817353,0.32835820895522394,0.32835820895522394,0.21933813313123657,0.5245202558635395,467.0,0.0
denovo_pdb__6i3a_A,5,251,211,1034,True,True,2,2,0.640909090909091,0.640909090909091,0.640909090909091,0.640909090909091,0.37538461538461537,0.37538461538461537,0.2564102564102564,0.5872093023255814,343.0,0.0
denovo_pdb__8xyu_A,11,169,190,6663,False,True,22,22,0.11636363636363638,0.11636363636363638,0.07194244604316545,0.07194244604316545,0.0425531914893617,0.0425531914893617,0.030268049845980645,0.08491418247515808,2210.0,0.0
denovo_pdb__8xyu_A,8,169,190,6663,False,True,20,20,0.09876543209876543,0.09876543209876543,0.01990049751243781,0.01990049751243781,0.07357859531772575,0.07357859531772575,0.030259665709787033,0.07452574525745258,2209.0,0.0
denovo_pdb__8xyu_A,7,169,190,6663,False,True,19,19,0.0858085808580858,0.0858085808580858,0.06340057636887608,0.06340057636887608,0.07308970099667773,0.07308970099667773,0.03024525280479697,0.08487584650112867,2206.0,0.0
denovo_pdb__8xyu_A,20,169,190,6663,False,True,22,22,0.09395973154362415,0.09395973154362415,0.020833333333333332,0.020833333333333332,0.04713804713804714,0.04713804713804714,0.028088084385885434,0.07046070460704607,2208.0,0.0
cameo_hard__8vd6_A,14,174,114,4015,True,True,13,13,0.41106719367588934,0.41106719367588934,0.41106719367588934,0.41106719367588934,0.24742268041237106,0.24742268041237106,0.15087831160606177,0.27061469265367316,1334.0,0.0
cameo_hard__8vd6_A,15,174,114,6663,False,True,22,22,0.2764227642276422,0.2764227642276422,0.016129032258064516,0.016129032258064516,0.2,0.2,0.07510817594375804,0.1874435411020777,2211.0,0.0
cameo_hard__8vd6_A,9,174,114,1450,True,True,4,4,0.33962264150943394,0.33962264150943394,0.33962264150943394,0.33962264150943394,0.22831050228310504,0.22831050228310504,0.16480037867420108,0.2572614107883817,482.0,0.0
cameo_hard__8vd6_A,22,174,114,6663,False,True,23,23,0.3964757709251101,0.3964757709251101,0.19101123595505615,0.19101123595505615,0.2805429864253393,0.2805429864253393,0.1400251037243091,0.2729326705829191,2207.0,0.0
denovo_pdb__3o4c_A,2,124,142,6663,False,True,29,29,0.24669603524229072,0.24669603524229072,0.037267080745341616,0.037267080745341616,0.10679611650485436,0.10679611650485436,0.10712746497554768,0.21212121212121213,2206.0,0.0
denovo_pdb__3o4c_A,15,124,142,6663,False,True,30,30,0.2880658436213992,0.2880658436213992,0.06936416184971099,0.06936416184971099,0.1990521327014218,0.1990521327014218,0.10383370695424216,0.25192220714608776,2205.0,0.0
denovo_pdb__3o4c_A,0,124,142,6663,False,True,23,23,0.28571428571428575,0.28571428571428575,0.06829268292682926,0.06829268292682926,0.20491803278688522,0.20491803278688522,0.07069374466553184,0.19340262087663804,2202.0,0.0
denovo_pdb__3o4c_A,12,124,142,6663,False,True,22,22,0.20161290322580647,0.20161290322580647,0.012987012987012988,0.012987012987012988,0.12686567164179102,0.12686567164179102,0.08444971647596818,0.16169828364950317,2205.0,0.0
foldbench100__7xrx_A,5,398,396,6663,False,True,20,20,0.03232323232323232,0.03232323232323232,0.0125,0.0125,0.0078125,0.0078125,0.010515279566638894,0.03297199638663053,2210.0,0.0
foldbench100__7xrx_A,10,398,396,6663,False,True,19,19,0.03665987780040734,0.03665987780040734,0.03665987780040734,0.03665987780040734,0.023255813953488375,0.023255813953488375,0.008835797779501036,0.037923250564334085,2213.0,0.0
foldbench100__7xrx_A,6,398,396,6663,False,True,20,20,0.03883495145631068,0.03883495145631068,0.008032128514056226,0.008032128514056226,0.011718749999999998,0.011718749999999998,0.009125594189049294,0.037488708220415536,2211.0,0.0
foldbench100__7xrx_A,1,398,396,6663,False,True,19,19,0.03435114503816794,0.03435114503816794,0.010869565217391304,0.010869565217391304,0.02357563850687623,0.02357563850687623,0.008630525913241812,0.03566591422121896,2206.0,0.0
denovo_pdb__8kdq_A,14,233,204,3156,True,True,9,9,0.41646489104116224,0.41646489104116224,0.41646489104116224,0.41646489104116224,0.09900990099009901,0.09900990099009901,0.08574317550284039,0.31649189704480457,1048.0,0.0
denovo_pdb__8kdq_A,13,233,204,2135,True,True,5,5,0.35729847494553374,0.35729847494553374,0.35729847494553374,0.35729847494553374,0.14521452145214522,0.14521452145214522,0.06721646473023342,0.2971830985915493,708.0,0.0
denovo_pdb__8kdq_A,3,233,204,2198,True,True,5,5,0.3758700696055684,0.3758700696055684,0.3758700696055684,0.3758700696055684,0.22291021671826627,0.22291021671826627,0.09486771558583008,0.3146374829001368,730.0,0.0
denovo_pdb__8kdq_A,7,233,204,2650,True,True,7,7,0.4295612009237875,0.4295612009237875,0.4295612009237875,0.4295612009237875,0.23999999999999996,0.23999999999999996,0.08951640548522084,0.3416572077185017,880.0,0.0
denovo_pdb__2i5z_O,14,246,200,6663,False,True,19,19,0.1518987341772152,0.1518987341772152,0.08253968253968254,0.08253968253968254,0.126984126984127,0.126984126984127,0.04050908019622229,0.11376975169300226,2211.0,0.0
denovo_pdb__2i5z_O,16,246,200,6663,False,True,20,20,0.1320754716981132,0.1320754716981132,0.008474576271186442,0.008474576271186442,0.08333333333333333,0.08333333333333333,0.024332960570500495,0.0930442637759711,2213.0,0.0
denovo_pdb__2i5z_O,12,246,200,6663,False,True,18,18,0.13213213213213215,0.13213213213213215,0.04712041884816753,0.04712041884816753,0.08227848101265822,0.08227848101265822,0.025888380664278007,0.10158013544018059,2207.0,0.0
denovo_pdb__2i5z_O,4,246,200,6663,False,True,20,20,0.11634349030470913,0.11634349030470913,0.018433179723502304,0.018433179723502304,0.0849673202614379,0.0849673202614379,0.028554350137993637,0.11607949412827462,2208.0,0.0
denovo_pdb__4uos_A,18,188,149,648,True,True,3,3,0.19591836734693877,0.19591836734693877,0.19591836734693877,0.19591836734693877,0.09322033898305086,0.09322033898305086,0.016129032258064516,0.17209302325581396,215.0,0.0
denovo_pdb__4uos_A,12,188,149,6663,False,True,21,22,0.16,0.16,0.093841642228739,0.0,0.06976744186046513,0.06976744186046513,0.029110131667186994,0.09168925022583559,2189.0,0.0
denovo_pdb__4uos_A,10,188,149,6663,False,True,24,24,0.16580310880829013,0.16580310880829013,0.01020408163265306,0.01020408163265306,0.008333333333333335,0.008333333333333335,0.02565210699323994,0.06958879349299593,2207.0,0.0
denovo_pdb__4uos_A,4,188,149,6663,False,True,20,20,0.3215686274509804,0.3215686274509804,0.0,0.0,0.17254901960784316,0.17254901960784316,0.026971098875819575,0.14182475158084915,2193.0,0.0
foldbench100__7uww_A,11,635,693,6663,False,True,20,20,0.03418803418803419,0.03418803418803419,0.002706359945872801,0.002706359945872801,0.027465667915106115,0.027465667915106115,0.008814014721262801,0.08130081300813008,2214.0,0.0
foldbench100__7uww_A,15,635,693,6663,False,True,20,20,0.06611570247933884,0.06611570247933884,0.01637107776261937,0.01637107776261937,0.01745635910224439,0.01745635910224439,0.006696683946329344,0.08355916892502259,2213.0,0.0
foldbench100__7uww_A,21,635,693,6663,False,True,13,13,0.09803921568627451,0.09803921568627451,0.09803921568627451,0.09803921568627451,0.007434944237918216,0.007434944237918216,0.0058739808699897755,0.07126747857465043,2145.0,0.0
foldbench100__7uww_A,23,635,693,6663,False,True,13,13,0.10836120401337793,0.10836120401337793,0.10836120401337793,0.10836120401337793,0.03792667509481669,0.03792667509481669,0.012973963597083879,0.11276499774470004,2145.0,0.0
denovo_pdb__6sa6_A,19,395,313,1463,True,True,2,2,0.5562130177514792,0.5562130177514792,0.5562130177514792,0.5562130177514792,0.26605504587155965,0.26605504587155965,0.14352941176470588,0.5051334702258727,486.0,0.0
denovo_pdb__6sa6_A,20,395,313,1713,True,True,3,3,0.5915915915915917,0.5915915915915917,0.5915915915915917,0.5915915915915917,0.24170616113744073,0.24170616113744073,0.12479963361575452,0.5403508771929825,569.0,0.0
denovo_pdb__6sa6_A,18,395,313,2396,True,True,5,5,0.5697503671071952,0.5697503671071952,0.5697503671071952,0.5697503671071952,0.2398081534772182,0.2398081534772182,0.08978133713993085,0.493099121706399,794.0,0.0
denovo_pdb__6sa6_A,2,395,313,1845,True,True,3,3,0.5520361990950228,0.5520361990950228,0.5520361990950228,0.5520361990950228,0.24827586206896554,0.24827586206896554,0.13055887032617342,0.4837133550488599,612.0,0.0
denovo_pdb__3o4d_A,13,123,148,3422,True,True,11,11,0.3185185185185185,0.3185185185185185,0.3185185185185185,0.3185185185185185,0.20233463035019456,0.20233463035019456,0.10127211275375211,0.25065963060686014,1137.0,0.0
denovo_pdb__3o4d_A,5,123,148,3807,True,True,12,12,0.3671875,0.3671875,0.29113924050632906,0.29113924050632906,0.18421052631578946,0.18421052631578946,0.11991921952428815,0.2901185770750988,1264.0,0.0
denovo_pdb__3o4d_A,4,123,148,4341,True,True,15,15,0.33587786259541985,0.33587786259541985,0.27868852459016397,0.27868852459016397,0.13852813852813853,0.13852813852813853,0.14086134803982212,0.2933425797503467,1438.0,0.0
denovo_pdb__3o4d_A,9,123,148,2584,True,True,10,10,0.2528735632183908,0.2528735632183908,0.22119815668202766,0.22119815668202766,0.1834862385321101,0.1834862385321101,0.15855598682800856,0.25990675990675993,854.0,0.0
denovo_pdb__4dui_A,1,165,109,373,True,True,1,1,0.6695278969957081,0.6695278969957081,0.6695278969957081,0.6695278969957081,0.6695278969957081,0.6695278969957081,,0.6290322580645161,124.0,0.0
denovo_pdb__4dui_A,18,165,109,388,True,True,1,1,0.7394957983193278,0.7394957983193278,0.7394957983193278,0.7394957983193278,0.7394957983193278,0.7394957983193278,,0.6821705426356589,129.0,0.0
denovo_pdb__4dui_A,7,165,109,370,True,True,1,1,0.6896551724137931,0.6896551724137931,0.6896551724137931,0.6896551724137931,0.6896551724137931,0.6896551724137931,,0.6504065040650406,123.0,0.0
denovo_pdb__4dui_A,8,165,109,689,True,True,2,2,0.6933333333333334,0.6933333333333334,0.65158371040724,0.65158371040724,0.6933333333333334,0.6933333333333334,0.4074074074074074,0.6550218340611353,228.0,0.0
denovo_pdb__8k7z_A,9,172,91,3172,True,True,13,13,0.09580838323353293,0.09580838323353293,0.08080808080808081,0.08080808080808081,0.033707865168539325,0.033707865168539325,0.030722235912041627,0.060778727445394115,1052.0,0.0
denovo_pdb__8k7z_A,1,172,91,6663,False,True,31,31,0.15053763440860213,0.15053763440860213,0.0,0.0,0.04938271604938272,0.04938271604938272,0.026951882192508,0.07055630936227951,2204.0,0.0
denovo_pdb__8k7z_A,22,172,91,6663,False,True,31,31,0.12790697674418605,0.12790697674418605,0.05291005291005291,0.05291005291005291,0.05161290322580645,0.05161290322580645,0.02599010466440452,0.06784260515603799,2198.0,0.0
denovo_pdb__8k7z_A,21,172,91,2435,True,True,11,11,0.11320754716981132,0.11320754716981132,0.11320754716981132,0.11320754716981132,0.05714285714285715,0.05714285714285715,0.024195091657455866,0.0594059405940594,807.0,0.0
denovo_pdb__6nla_A,4,56,34,712,True,True,7,7,0.5454545454545455,0.5454545454545455,0.5454545454545455,0.5454545454545455,0.4337349397590361,0.4337349397590361,0.09461481908595572,0.3829787234042553,235.0,0.0
denovo_pdb__6nla_A,9,56,34,3303,True,True,33,33,0.6301369863013699,0.6301369863013699,0.3636363636363636,0.3636363636363636,0.10256410256410256,0.10256410256410256,0.16232632310929354,0.3137614678899083,1074.0,0.0
denovo_pdb__6nla_A,19,56,34,1924,True,True,16,16,0.48717948717948717,0.48717948717948717,0.41860465116279066,0.41860465116279066,0.20895522388059704,0.20895522388059704,0.16799155417706163,0.3522012578616352,631.0,0.0
denovo_pdb__6nla_A,2,56,34,3536,True,True,38,38,0.48648648648648646,0.48648648648648646,0.4358974358974359,0.4358974358974359,0.31578947368421056,0.31578947368421056,0.1292415749944277,0.346483704974271,1161.0,0.0
denovo_pdb__8q52_A,15,320,296,3597,True,True,9,9,0.2902711323763955,0.2902711323763955,0.2902711323763955,0.2902711323763955,0.11000000000000001,0.11000000000000001,0.04757953886862957,0.23076923076923078,1193.0,0.0
denovo_pdb__8q52_A,22,320,296,6663,False,True,18,18,0.17391304347826086,0.17391304347826086,0.03458213256484151,0.03458213256484151,0.10653753026634381,0.10653753026634381,0.04523609588159203,0.1909706546275395,2213.0,0.0
denovo_pdb__8q52_A,7,320,296,6663,False,True,19,19,0.211864406779661,0.211864406779661,0.040229885057471264,0.040229885057471264,0.09405940594059406,0.09405940594059406,0.04724118759930051,0.22121896162528218,2209.0,0.0
denovo_pdb__8q52_A,17,320,296,6663,False,True,20,20,0.20454545454545453,0.20454545454545453,0.04281345565749235,0.04281345565749235,0.06649616368286446,0.06649616368286446,0.04550460322191101,0.2222222222222222,2207.0,0.0
denovo_pdb__4gvw_A,21,192,163,6663,False,True,21,21,0.08391608391608393,0.08391608391608393,0.03816793893129771,0.03816793893129771,0.04270462633451957,0.04270462633451957,0.026978647411386097,0.053297199638663056,2206.0,0.0
denovo_pdb__4gvw_A,12,192,163,6663,False,True,21,21,0.08304498269896193,0.08304498269896193,0.045662100456621,0.045662100456621,0.0532319391634981,0.0532319391634981,0.02009438557160349,0.045618789521228546,2211.0,0.0
denovo_pdb__4gvw_A,23,192,163,6663,False,True,21,21,0.07168458781362007,0.07168458781362007,0.010638297872340425,0.010638297872340425,0.028571428571428574,0.028571428571428574,0.025899217993008046,0.04336043360433604,2209.0,0.0
denovo_pdb__4gvw_A,0,192,163,6663,False,True,23,23,0.10847457627118645,0.10847457627118645,0.0,0.0,0.016064257028112452,0.016064257028112452,0.01842205255204693,0.05015815634884772,2211.0,0.0
denovo_pdb__6fpb_A,20,160,114,411,True,True,1,1,0.7096774193548386,0.7096774193548386,0.7096774193548386,0.7096774193548386,0.7096774193548386,0.7096774193548386,,0.6470588235294118,134.0,0.0
denovo_pdb__6fpb_A,19,160,114,412,True,True,1,1,0.72,0.72,0.72,0.72,0.72,0.72,,0.656934306569343,136.0,0.0
denovo_pdb__6fpb_A,15,160,114,436,True,True,1,1,0.754863813229572,0.754863813229572,0.754863813229572,0.754863813229572,0.754863813229572,0.754863813229572,,0.6689655172413793,143.0,0.0
denovo_pdb__6fpb_A,21,160,114,439,True,True,1,1,0.6923076923076923,0.6923076923076923,0.6923076923076923,0.6923076923076923,0.6923076923076923,0.6923076923076923,,0.6164383561643836,146.0,0.0
denovo_pdb__4ndj_A,7,280,285,6663,False,True,19,19,0.06960556844547564,0.06960556844547564,0.02359882005899705,0.02359882005899705,0.0345679012345679,0.0345679012345679,0.02395103987557278,0.0781038374717833,2215.0,0.0
denovo_pdb__4ndj_A,18,280,285,6663,False,True,19,19,0.07751937984496124,0.07751937984496124,0.040160642570281124,0.040160642570281124,0.024630541871921183,0.024630541871921183,0.022390134628326855,0.0672686230248307,2205.0,0.0
denovo_pdb__4ndj_A,10,280,285,6663,False,True,19,19,0.08520179372197309,0.08520179372197309,0.02666666666666667,0.02666666666666667,0.061068702290076333,0.061068702290076333,0.01940410760512667,0.08577878103837472,2213.0,0.0
denovo_pdb__4ndj_A,19,280,285,6663,False,True,19,19,0.05714285714285714,0.05714285714285714,0.011560693641618497,0.011560693641618497,0.03902439024390244,0.03902439024390244,0.01926625858119478,0.05914221218961625,2214.0,0.0
denovo_pdb__4lny_A,20,248,268,6663,False,True,20,20,0.12560386473429952,0.12560386473429952,0.0072992700729927005,0.0072992700729927005,0.06299212598425197,0.06299212598425197,0.014724916712596027,0.0921409214092141,2212.0,0.0
denovo_pdb__4lny_A,23,248,268,3923,True,True,11,11,0.28879310344827586,0.28879310344827586,0.28879310344827586,0.28879310344827586,0.1119592875318066,0.1119592875318066,0.06276504879592448,0.23696319018404907,1300.0,0.0
denovo_pdb__4lny_A,7,248,268,6663,False,True,19,19,0.16603773584905662,0.16603773584905662,0.03896103896103895,0.03896103896103895,0.07046070460704607,0.07046070460704607,0.03580603080033891,0.14085778781038374,2210.0,0.0
denovo_pdb__4lny_A,18,248,268,5023,True,True,13,13,0.2604340567612688,0.2604340567612688,0.2604340567612688,0.2604340567612688,0.09870129870129869,0.09870129870129869,0.039669727982943014,0.19281437125748502,1665.0,0.0
denovo_pdb__9cte_A,1,110,84,2800,True,True,10,10,0.6010928961748634,0.6010928961748634,0.6010928961748634,0.6010928961748634,0.360655737704918,0.360655737704918,0.14966720227433244,0.3333333333333333,924.0,0.0
denovo_pdb__9cte_A,18,110,84,1096,True,True,4,4,0.5542168674698796,0.5542168674698796,0.5542168674698796,0.5542168674698796,0.34065934065934067,0.34065934065934067,0.1620170681250985,0.3131868131868132,364.0,0.0
denovo_pdb__9cte_A,19,110,84,160,True,True,1,1,0.33576642335766427,0.33576642335766427,0.33576642335766427,0.33576642335766427,0.33576642335766427,0.33576642335766427,,0.4339622641509434,53.0,0.0
denovo_pdb__9cte_A,21,110,84,3598,True,True,13,13,0.3333333333333333,0.3333333333333333,0.11235955056179775,0.11235955056179775,0.1839080459770115,0.1839080459770115,0.07801928359667128,0.14058577405857742,1195.0,0.0
cameo_hard__9f4c_A,17,141,65,1642,True,True,7,7,0.14193548387096774,0.14193548387096774,0.13978494623655915,0.13978494623655915,0.14193548387096774,0.14193548387096774,0.05073351822920807,0.08440366972477065,544.0,0.0
cameo_hard__9f4c_A,13,141,65,6663,False,True,26,26,0.08536585365853658,0.08536585365853658,0.0,0.0,0.06936416184971098,0.06936416184971098,0.026743058139990408,0.02938517179023508,2207.0,0.0
cameo_hard__9f4c_A,8,141,65,3043,True,True,16,16,0.2302158273381295,0.2302158273381295,0.08,0.08,0.043010752688172046,0.043010752688172046,0.03428626800893295,0.08622398414271557,1008.0,0.0
cameo_hard__9f4c_A,6,141,65,6663,False,True,32,32,0.1610738255033557,0.1610738255033557,0.06593406593406594,0.06593406593406594,0.09433962264150944,0.09433962264150944,0.029110005734314673,0.04072398190045249,2195.0,0.0
denovo_pdb__7hj3_A,20,126,90,2099,True,True,14,14,0.3478260869565218,0.3478260869565218,0.3478260869565218,0.3478260869565218,0.12844036697247707,0.12844036697247707,0.07003801744673158,0.2489208633093525,694.0,0.0
denovo_pdb__7hj3_A,5,126,90,4310,True,True,17,17,0.594059405940594,0.594059405940594,0.594059405940594,0.594059405940594,0.16793893129770993,0.16793893129770993,0.08236042647531538,0.2690426275331936,1419.0,0.0
denovo_pdb__7hj3_A,17,126,90,1528,True,True,7,7,0.5136612021857925,0.5136612021857925,0.5136612021857925,0.5136612021857925,0.2275449101796407,0.2275449101796407,0.09862887978588146,0.32938856015779094,504.0,0.0
denovo_pdb__7hj3_A,1,126,90,2421,True,True,9,9,0.4331210191082802,0.4331210191082802,0.38596491228070173,0.38596491228070173,0.2897196261682243,0.2897196261682243,0.10050169523160676,0.2810945273631841,801.0,0.0
denovo_pdb__7smj_A,6,174,166,1730,True,True,5,5,0.3571428571428571,0.3571428571428571,0.3571428571428571,0.3571428571428571,0.13919413919413917,0.13919413919413917,0.1158245545053766,0.3060869565217391,575.0,0.0
denovo_pdb__7smj_A,10,174,166,1149,True,True,3,3,0.23880597014925375,0.23880597014925375,0.22023809523809526,0.22023809523809526,0.2246376811594203,0.2246376811594203,0.17433691756272401,0.2617801047120419,382.0,0.0
denovo_pdb__7smj_A,21,174,166,2759,True,True,8,8,0.35119047619047616,0.35119047619047616,0.35119047619047616,0.35119047619047616,0.32167832167832167,0.32167832167832167,0.182661317640961,0.33587786259541985,916.0,0.0
denovo_pdb__7smj_A,13,174,166,1880,True,True,5,5,0.3693379790940767,0.3693379790940767,0.3270440251572327,0.3270440251572327,0.36428571428571427,0.36428571428571427,0.19698669950751035,0.3776,624.0,0.0
denovo_pdb__7f1j_A,12,190,230,6663,False,True,18,18,0.08490566037735851,0.08490566037735851,0.018348623853211007,0.018348623853211007,0.047619047619047616,0.047619047619047616,0.02733505297464072,0.059593679458239276,2202.0,0.0
denovo_pdb__7f1j_A,7,190,230,2936,True,True,8,8,0.06340057636887608,0.06340057636887608,0.039024390243902446,0.039024390243902446,0.023598820058997053,0.023598820058997053,0.040708759492420976,0.04918032786885246,972.0,0.0
denovo_pdb__7f1j_A,8,190,230,6663,False,True,19,19,0.08211143695014662,0.08211143695014662,0.040114613180515755,0.040114613180515755,0.029154518950437316,0.029154518950437316,0.019962552996675417,0.0654627539503386,2200.0,0.0
denovo_pdb__7f1j_A,6,190,230,6663,False,True,17,17,0.0771513353115727,0.0771513353115727,0.053388090349075976,0.053388090349075976,0.03380281690140845,0.03380281690140845,0.0293987140030721,0.06410835214446953,2193.0,0.0
denovo_pdb__9dbw_A,17,107,70,6663,False,True,40,40,0.375,0.375,0.03669724770642202,0.03669724770642202,0.14432989690721648,0.14432989690721648,0.04415568538494865,0.1634963768115942,2185.0,0.0
denovo_pdb__9dbw_A,0,107,70,2778,True,True,15,15,0.4217687074829932,0.4217687074829932,0.4217687074829932,0.4217687074829932,0.11650485436893204,0.11650485436893204,0.05268727707722454,0.1791530944625407,919.0,0.0
denovo_pdb__9dbw_A,19,107,70,1654,True,True,10,10,0.12030075187969926,0.12030075187969926,0.05042016806722689,0.05042016806722689,0.0,0.0,0.03329660349172627,0.06934306569343066,547.0,0.0
denovo_pdb__9dbw_A,13,107,70,1511,True,True,11,11,0.16513761467889906,0.16513761467889906,0.14814814814814817,0.14814814814814817,0.10810810810810811,0.10810810810810811,0.033961090797951544,0.116,499.0,0.0
cameo_hard__9j5h_A,7,35,15,220,True,True,7,7,0.33333333333333337,0.33333333333333337,0.13636363636363635,0.13636363636363635,0.08695652173913045,0.08695652173913045,0.0,0.15492957746478872,71.0,0.0
cameo_hard__9j5h_A,12,35,15,417,True,True,12,12,0.2758620689655172,0.2758620689655172,0.2285714285714286,0.2285714285714286,0.2758620689655172,0.2758620689655172,0.06620793696028805,0.16296296296296298,132.0,0.0
cameo_hard__9j5h_A,15,35,15,280,True,True,10,10,0.34285714285714286,0.34285714285714286,0.34285714285714286,0.34285714285714286,0.20689655172413796,0.20689655172413796,0.016959064327485382,0.2,87.0,0.0
cameo_hard__9j5h_A,13,35,15,409,True,True,13,13,0.28571428571428575,0.28571428571428575,0.15789473684210528,0.15789473684210528,0.07142857142857144,0.07142857142857144,0.019779305661658603,0.11363636363636363,130.0,0.0
casp_fm__T1125-D1,4,134,93,6663,False,True,30,30,0.10837438423645321,0.10837438423645321,0.0736196319018405,0.0736196319018405,0.06779661016949154,0.06779661016949154,0.031835500499722086,0.06558118498417007,2205.0,0.0
casp_fm__T1125-D1,11,134,93,6663,False,True,28,28,0.12307692307692308,0.12307692307692308,0.0196078431372549,0.0196078431372549,0.050505050505050504,0.050505050505050504,0.03346913623707532,0.06690777576853527,2173.0,0.0
casp_fm__T1125-D1,18,134,93,3273,True,True,15,15,0.14814814814814814,0.14814814814814814,0.052631578947368425,0.052631578947368425,0.045112781954887216,0.045112781954887216,0.030641398263109902,0.08195211786372007,1085.0,0.0
casp_fm__T1125-D1,16,134,93,3744,True,True,15,15,0.11555555555555555,0.11555555555555555,0.04123711340206186,0.04123711340206186,0.05769230769230769,0.05769230769230769,0.03412719935278596,0.06918744971842317,1242.0,0.0
cameo_hard__9fdg_A,3,179,148,1092,True,True,3,3,0.39145907473309605,0.39145907473309605,0.39145907473309605,0.39145907473309605,0.3445692883895131,0.3445692883895131,0.1202199337494648,0.3581267217630854,362.0,0.0
cameo_hard__9fdg_A,2,179,148,3487,True,True,10,10,0.4473684210526316,0.4473684210526316,0.4473684210526316,0.4473684210526316,0.18897637795275593,0.18897637795275593,0.10697300419300805,0.3088869715271786,1158.0,0.0
cameo_hard__9fdg_A,16,179,148,2922,True,True,9,9,0.3851851851851852,0.3851851851851852,0.3851851851851852,0.3851851851851852,0.21374045801526717,0.21374045801526717,0.12843986002655655,0.31513903192584963,970.0,0.0
cameo_hard__9fdg_A,18,179,148,4850,True,True,14,14,0.41401273885350315,0.41401273885350315,0.3650190114068441,0.3650190114068441,0.24899598393574293,0.24899598393574293,0.13332735748892818,0.3008684863523573,1611.0,0.0
casp_fm__T1049-D1,21,134,127,6663,False,True,25,25,0.10810810810810811,0.10810810810810811,0.037209302325581395,0.037209302325581395,0.034334763948497854,0.034334763948497854,0.031101041030704556,0.06371441482150926,2205.0,0.0
casp_fm__T1049-D1,10,134,127,6663,False,True,25,25,0.07964601769911504,0.07964601769911504,0.012195121951219513,0.012195121951219513,0.044843049327354265,0.044843049327354265,0.025842669296197874,0.0447356529597831,2204.0,0.0
casp_fm__T1049-D1,19,134,127,6663,False,True,28,28,0.1111111111111111,0.1111111111111111,0.014184397163120567,0.014184397163120567,0.020304568527918784,0.020304568527918784,0.026842119535679436,0.04837251356238698,2200.0,0.0
casp_fm__T1049-D1,23,134,127,6663,False,True,27,27,0.1256038647342995,0.1256038647342995,0.0,0.0,0.04081632653061224,0.04081632653061224,0.025227000733291757,0.04656419529837252,2209.0,0.0
denovo_pdb__3dgl_A,22,69,53,2985,True,True,21,21,0.14999999999999997,0.14999999999999997,0.02150537634408602,0.02150537634408602,0.11650485436893204,0.11650485436893204,0.034102232492283745,0.09008097165991903,987.0,0.0
denovo_pdb__3dgl_A,12,69,53,2227,True,True,16,16,0.25862068965517243,0.25862068965517243,0.1322314049586777,0.1322314049586777,0.0594059405940594,0.0594059405940594,0.04435770769810124,0.13975576662143827,736.0,0.0
denovo_pdb__3dgl_A,16,69,53,3632,True,True,26,26,0.23157894736842105,0.23157894736842105,0.09448818897637797,0.09448818897637797,0.07692307692307693,0.07692307692307693,0.049979832750737786,0.10898502495840266,1201.0,0.0
denovo_pdb__3dgl_A,19,69,53,6663,False,True,53,53,0.21739130434782608,0.21739130434782608,0.0,0.0,0.06315789473684211,0.06315789473684211,0.035007341701073516,0.12437585111211984,2200.0,0.0
foldbench100__8d2z_A,18,327,312,6663,False,True,20,20,0.047505938242280284,0.047505938242280284,0.017341040462427747,0.017341040462427747,0.009237875288683603,0.009237875288683603,0.009152598770581492,0.05374887082204156,2213.0,0.0
foldbench100__8d2z_A,5,327,312,6663,False,True,21,21,0.05925925925925926,0.05925925925925926,0.006191950464396284,0.006191950464396284,0.028985507246376815,0.028985507246376815,0.00974201798988137,0.053297199638663056,2211.0,0.0
foldbench100__8d2z_A,0,327,312,6663,False,True,20,20,0.05620608899297424,0.05620608899297424,0.0061349693251533735,0.0061349693251533735,0.018648018648018648,0.018648018648018648,0.009374778616528282,0.051490514905149054,2211.0,0.0
foldbench100__8d2z_A,12,327,312,6663,False,True,19,19,0.0723404255319149,0.0723404255319149,0.028571428571428574,0.028571428571428574,0.004672897196261683,0.004672897196261683,0.013081449224220422,0.06275395033860046,2215.0,0.0
denovo_pdb__5oou_A,13,165,120,355,True,True,1,1,0.7058823529411764,0.7058823529411764,0.7058823529411764,0.7058823529411764,0.7058823529411764,0.7058823529411764,,0.711864406779661,118.0,0.0
denovo_pdb__5oou_A,14,165,120,370,True,True,1,1,0.7325102880658436,0.7325102880658436,0.7325102880658436,0.7325102880658436,0.7325102880658436,0.7325102880658436,,0.7235772357723578,123.0,0.0
denovo_pdb__5oou_A,5,165,120,367,True,True,1,1,0.7272727272727273,0.7272727272727273,0.7272727272727273,0.7272727272727273,0.7272727272727273,0.7272727272727273,,0.7213114754098361,122.0,0.0
denovo_pdb__5oou_A,4,165,120,397,True,True,1,1,0.626984126984127,0.626984126984127,0.626984126984127,0.626984126984127,0.626984126984127,0.626984126984127,,0.5984848484848485,132.0,0.0
denovo_pdb__3dgo_A,23,69,52,2800,True,True,22,22,0.16822429906542058,0.16822429906542058,0.11881188118811882,0.11881188118811882,0.08333333333333334,0.08333333333333334,0.041548208280114504,0.09935205183585313,925.0,0.0
denovo_pdb__3dgo_A,2,69,52,977,True,True,8,8,0.2692307692307692,0.2692307692307692,0.2,0.2,0.08695652173913043,0.08695652173913043,0.02609284069952735,0.1393188854489164,322.0,0.0
denovo_pdb__3dgo_A,11,69,52,3203,True,True,23,23,0.3373493975903614,0.3373493975903614,0.16326530612244897,0.16326530612244897,0.09090909090909093,0.09090909090909093,0.07359118349993003,0.15943396226415094,1056.0,0.0
denovo_pdb__3dgo_A,19,69,52,3976,True,True,25,25,0.25,0.25,0.25,0.25,0.14285714285714288,0.14285714285714288,0.040894829546149924,0.11313591495823842,1314.0,0.0
foldbench100__7yhr_A,23,60,41,975,True,True,15,15,0.26506024096385544,0.26506024096385544,0.15555555555555559,0.15555555555555559,0.0,0.0,0.05772236721784089,0.1875,319.0,0.0
foldbench100__7yhr_A,6,60,41,28,True,True,1,1,0.16,0.16,0.16,0.16,0.16,0.16,,0.4444444444444444,9.0,0.0
foldbench100__7yhr_A,20,60,41,385,True,True,7,7,0.32432432432432434,0.32432432432432434,0.1818181818181818,0.1818181818181818,0.2456140350877193,0.2456140350877193,0.07245042314007831,0.29365079365079366,126.0,0.0
foldbench100__7yhr_A,13,60,41,1342,True,True,19,19,0.3703703703703704,0.3703703703703704,0.3703703703703704,0.3703703703703704,0.08333333333333334,0.08333333333333334,0.06972693599848886,0.23129251700680273,439.0,0.0
cameo_hard__9b7d_D,3,192,141,6663,False,True,20,20,0.0901639344262295,0.0901639344262295,0.025157232704402517,0.025157232704402517,0.0398406374501992,0.0398406374501992,0.021498834728530102,0.051942186088527555,2208.0,0.0
cameo_hard__9b7d_D,13,192,141,6663,False,True,19,19,0.07058823529411763,0.07058823529411763,0.016877637130801686,0.016877637130801686,0.06374501992031872,0.06374501992031872,0.019600120362498905,0.04018058690744921,2207.0,0.0
cameo_hard__9b7d_D,6,192,141,6663,False,True,20,20,0.0823045267489712,0.0823045267489712,0.0502092050209205,0.0502092050209205,0.05303030303030303,0.05303030303030303,0.014929854127338655,0.052845528455284556,2211.0,0.0
cameo_hard__9b7d_D,12,192,141,6663,False,True,20,20,0.11023622047244094,0.11023622047244094,0.01731601731601732,0.01731601731601732,0.046875,0.046875,0.019493747437775693,0.04110207768744354,2212.0,0.0
denovo_pdb__3q7x_A,16,125,130,3656,True,True,14,14,0.22115384615384617,0.22115384615384617,0.22026431718061676,0.22026431718061676,0.22115384615384617,0.22115384615384617,0.18431768917142358,0.22322899505766064,1213.0,0.0
denovo_pdb__3q7x_A,14,125,130,3341,True,True,11,11,0.33613445378151263,0.33613445378151263,0.2549800796812749,0.2549800796812749,0.18852459016393444,0.18852459016393444,0.17491128498375894,0.23693693693693693,1108.0,0.0
denovo_pdb__3q7x_A,9,125,130,6663,False,True,34,34,0.27522935779816515,0.27522935779816515,0.015037593984962405,0.015037593984962405,0.09615384615384616,0.09615384615384616,0.13886060937901762,0.27239819004524884,2202.0,0.0
denovo_pdb__3q7x_A,23,125,130,4308,True,True,15,15,0.26976744186046514,0.26976744186046514,0.2592592592592593,0.2592592592592593,0.2175732217573222,0.2175732217573222,0.16560481869258745,0.2508735150244584,1427.0,0.0
cameo_hard__9eum_A,13,176,138,6663,False,True,22,22,0.08298755186721991,0.08298755186721991,0.0,0.0,0.029126213592233014,0.029126213592233014,0.03628940047703252,0.06097560975609756,2209.0,0.0
cameo_hard__9eum_A,16,176,138,6663,False,True,23,23,0.13127413127413126,0.13127413127413126,0.022222222222222223,0.022222222222222223,0.02390438247011952,0.02390438247011952,0.0339563594216123,0.06416629010393131,2205.0,0.0
cameo_hard__9eum_A,21,176,138,6663,False,True,21,21,0.09523809523809525,0.09523809523809525,0.04545454545454546,0.04545454545454546,0.019138755980861247,0.019138755980861247,0.03168938051358154,0.057362240289069555,2205.0,0.0
cameo_hard__9eum_A,1,176,138,6663,False,True,24,24,0.10894941634241247,0.10894941634241247,0.0,0.0,0.0,0.0,0.024093485451487488,0.06642566651604158,2207.0,0.0
foldbench100__8b6a_A,17,214,195,6663,False,True,20,20,0.1320754716981132,0.1320754716981132,0.03404255319148936,0.03404255319148936,0.02649006622516556,0.02649006622516556,0.025465998856791634,0.0930442637759711,2200.0,0.0
foldbench100__8b6a_A,9,214,195,6663,False,True,19,19,0.09032258064516129,0.09032258064516129,0.03717472118959108,0.03717472118959108,0.07006369426751594,0.07006369426751594,0.02367657966467462,0.0762979683972912,2200.0,0.0
foldbench100__8b6a_A,14,214,195,6663,False,True,21,21,0.1048951048951049,0.1048951048951049,0.036036036036036036,0.036036036036036036,0.07407407407407407,0.07407407407407407,0.0234630471819185,0.08762420957542909,2205.0,0.0
foldbench100__8b6a_A,0,214,195,6663,False,True,20,20,0.10309278350515465,0.10309278350515465,0.018018018018018018,0.018018018018018018,0.04560260586319218,0.04560260586319218,0.02177253024830249,0.07091237579042457,2204.0,0.0
denovo_pdb__5orm_A,21,350,231,805,True,True,1,1,0.6252505010020041,0.6252505010020041,0.6252505010020041,0.6252505010020041,0.6252505010020041,0.6252505010020041,,0.582089552238806,268.0,0.0
denovo_pdb__5orm_A,8,350,231,769,True,True,1,1,0.5831622176591377,0.5831622176591377,0.5831622176591377,0.5831622176591377,0.5831622176591377,0.5831622176591377,,0.5546875,256.0,0.0
denovo_pdb__5orm_A,11,350,231,832,True,True,1,1,0.5590551181102361,0.5590551181102361,0.5590551181102361,0.5590551181102361,0.5590551181102361,0.5590551181102361,,0.5126353790613718,277.0,0.0
denovo_pdb__5orm_A,14,350,231,811,True,True,1,1,0.626746506986028,0.626746506986028,0.626746506986028,0.626746506986028,0.626746506986028,0.626746506986028,,0.5814814814814815,270.0,0.0
denovo_pdb__7hj1_A,8,126,93,1362,True,True,6,6,0.22119815668202764,0.22119815668202764,0.22119815668202764,0.22119815668202764,0.12949640287769784,0.12949640287769784,0.04673650988425275,0.1504424778761062,451.0,0.0
denovo_pdb__7hj1_A,20,126,93,2066,True,True,8,8,0.5951219512195122,0.5951219512195122,0.5951219512195122,0.5951219512195122,0.18439716312056736,0.18439716312056736,0.14018048968232794,0.3877551020408163,684.0,0.0
denovo_pdb__7hj1_A,16,126,93,1651,True,True,7,7,0.4761904761904762,0.4761904761904762,0.4761904761904762,0.4761904761904762,0.32653061224489793,0.32653061224489793,0.13817502674512552,0.3759124087591241,548.0,0.0
denovo_pdb__7hj1_A,10,126,93,1982,True,True,8,8,0.6464646464646465,0.6464646464646465,0.6464646464646465,0.6464646464646465,0.2903225806451613,0.2903225806451613,0.09850255066751133,0.35106382978723405,655.0,0.0
denovo_pdb__9gvf_A,0,211,144,6663,False,True,19,19,0.14705882352941177,0.14705882352941177,0.013245033112582781,0.013245033112582781,0.03404255319148936,0.03404255319148936,0.022311958749786247,0.06997742663656885,2199.0,0.0
denovo_pdb__9gvf_A,17,211,144,6663,False,True,19,19,0.16923076923076924,0.16923076923076924,0.08450704225352113,0.08450704225352113,0.11618257261410789,0.11618257261410789,0.035846805352281075,0.10338600451467268,2193.0,0.0
denovo_pdb__9gvf_A,14,211,144,6663,False,True,18,18,0.11351351351351352,0.11351351351351352,0.11351351351351352,0.11351351351351352,0.05785123966942149,0.05785123966942149,0.03050441144607755,0.07900677200902935,2181.0,0.0
denovo_pdb__9gvf_A,22,211,144,6663,False,True,20,20,0.14843749999999997,0.14843749999999997,0.03680981595092024,0.03680981595092024,0.03125,0.03125,0.03289077810058452,0.0966576332429991,2197.0,0.0
foldbench100__8ec3_A,20,168,126,6663,False,True,23,23,0.05106382978723404,0.05106382978723404,0.024390243902439025,0.024390243902439025,0.0,0.0,0.021490810303060593,0.018978761861726163,2203.0,0.0
foldbench100__8ec3_A,17,168,126,2344,True,True,10,10,0.11864406779661016,0.11864406779661016,0.020618556701030927,0.020618556701030927,0.009174311926605503,0.009174311926605503,0.010623527666323202,0.03984575835475578,777.0,0.0
foldbench100__8ec3_A,9,168,126,6663,False,True,21,21,0.0888888888888889,0.0888888888888889,0.022727272727272728,0.022727272727272728,0.056338028169014086,0.056338028169014086,0.020298360822091487,0.05058717253839205,2195.0,0.0
foldbench100__8ec3_A,14,168,126,6663,False,True,24,24,0.12295081967213115,0.12295081967213115,0.013986013986013986,0.013986013986013986,0.09836065573770492,0.09836065573770492,0.019400650211871946,0.04609127880704925,2200.0,0.0
casp_fm__T1027-D1,1,168,129,6663,False,True,28,28,0.08333333333333333,0.08333333333333333,0.05988023952095809,0.05988023952095809,0.0091324200913242,0.0091324200913242,0.020082937374167793,0.03481012658227848,2208.0,0.0
casp_fm__T1027-D1,0,168,129,6663,False,True,24,24,0.052173913043478265,0.052173913043478265,0.026845637583892617,0.026845637583892617,0.03827751196172249,0.03827751196172249,0.02444341478371548,0.030727519204699502,2210.0,0.0
casp_fm__T1027-D1,16,168,129,6663,False,True,29,29,0.07142857142857141,0.07142857142857141,0.023255813953488372,0.023255813953488372,0.009049773755656108,0.009049773755656108,0.01837751098647281,0.034373586612392586,2210.0,0.0
casp_fm__T1027-D1,14,168,129,6663,False,True,23,23,0.07804878048780486,0.07804878048780486,0.056338028169014086,0.056338028169014086,0.047619047619047616,0.047619047619047616,0.0235440275014828,0.039313149570718485,2200.0,0.0
denovo_pdb__7mcc_A,22,190,173,2954,True,True,8,8,0.42228739002932547,0.42228739002932547,0.42228739002932547,0.42228739002932547,0.2261484098939929,0.2261484098939929,0.1279104566145544,0.31873727087576376,981.0,0.0
denovo_pdb__7mcc_A,4,190,173,3562,True,True,10,10,0.32738095238095233,0.32738095238095233,0.32738095238095233,0.32738095238095233,0.22222222222222224,0.22222222222222224,0.1425521817338252,0.26182432432432434,1182.0,0.0
denovo_pdb__7mcc_A,20,190,173,2891,True,True,8,8,0.4404761904761905,0.4404761904761905,0.4404761904761905,0.4404761904761905,0.25170068027210885,0.25170068027210885,0.10448850475361139,0.27055150884495316,960.0,0.0
denovo_pdb__7mcc_A,21,190,173,1838,True,True,5,5,0.2932551319648094,0.2932551319648094,0.2932551319648094,0.2932551319648094,0.1837455830388693,0.1837455830388693,0.10774838336851128,0.23895253682487724,611.0,0.0
denovo_pdb__4yxz_A,23,278,191,4013,True,True,11,11,0.08637873754152825,0.08637873754152825,0.03982300884955752,0.03982300884955752,0.0462046204620462,0.0462046204620462,0.04896663495249312,0.049475262368815595,1334.0,0.0
denovo_pdb__4yxz_A,2,278,191,6663,False,True,20,20,0.060000000000000005,0.060000000000000005,0.008130081300813009,0.008130081300813009,0.019999999999999997,0.019999999999999997,0.05543560449703694,0.03477868112014453,2210.0,0.0
denovo_pdb__4yxz_A,8,278,191,6663,False,True,19,19,0.060200668896321065,0.060200668896321065,0.008,0.008,0.006711409395973154,0.006711409395973154,0.0615747496691104,0.03295711060948081,2210.0,0.0
denovo_pdb__4yxz_A,0,278,191,6663,False,True,19,19,0.06606606606606606,0.06606606606606606,0.05405405405405405,0.05405405405405405,0.03986710963455149,0.03986710963455149,0.03831279323744594,0.05327313769751693,2206.0,0.0
denovo_pdb__7qnl_AAA,14,240,166,532,True,True,1,1,0.5964912280701754,0.5964912280701754,0.5964912280701754,0.5964912280701754,0.5964912280701754,0.5964912280701754,,0.576271186440678,176.0,0.0
denovo_pdb__7qnl_AAA,19,240,166,502,True,True,1,1,0.7867867867867868,0.7867867867867868,0.7867867867867868,0.7867867867867868,0.7867867867867868,0.7867867867867868,,0.7844311377245509,167.0,0.0
denovo_pdb__7qnl_AAA,9,240,166,481,True,True,1,1,0.6380368098159509,0.6380368098159509,0.6380368098159509,0.6380368098159509,0.6380368098159509,0.6380368098159509,,0.65,160.0,0.0
denovo_pdb__7qnl_AAA,0,240,166,508,True,True,1,1,0.6447761194029851,0.6447761194029851,0.6447761194029851,0.6447761194029851,0.6447761194029851,0.6447761194029851,,0.6390532544378699,169.0,0.0
denovo_pdb__7hk0_A,1,126,96,2149,True,True,10,10,0.4782608695652174,0.4782608695652174,0.4712041884816754,0.4712041884816754,0.19161676646706588,0.19161676646706588,0.06514411555435363,0.2973352033660589,708.0,0.0
denovo_pdb__7hk0_A,9,126,96,1927,True,True,10,10,0.3743842364532019,0.3743842364532019,0.3743842364532019,0.3743842364532019,0.20359281437125748,0.20359281437125748,0.09543321688103475,0.26917057902973396,636.0,0.0
denovo_pdb__7hk0_A,8,126,96,841,True,True,4,4,0.53551912568306,0.53551912568306,0.53551912568306,0.53551912568306,0.2127659574468085,0.2127659574468085,0.0778874437395896,0.34767025089605735,279.0,0.0
denovo_pdb__7hk0_A,21,126,96,992,True,True,5,5,0.5093167701863355,0.5093167701863355,0.5093167701863355,0.5093167701863355,0.3373493975903615,0.3373493975903615,0.1334699537211321,0.41033434650455924,329.0,0.0
foldbench100__7ur2_A,18,195,137,6663,False,True,22,22,0.10526315789473685,0.10526315789473685,0.0,0.0,0.06034482758620689,0.06034482758620689,0.02586878692743334,0.05510388437217705,2214.0,0.0
foldbench100__7ur2_A,15,195,137,6663,False,True,20,20,0.13765182186234817,0.13765182186234817,0.0,0.0,0.05857740585774059,0.05857740585774059,0.0473886895908192,0.07633242999096658,2203.0,0.0
foldbench100__7ur2_A,9,195,137,6663,False,True,21,21,0.09958506224066391,0.09958506224066391,0.0,0.0,0.04858299595141701,0.04858299595141701,0.03662521704078428,0.06007226738934056,2204.0,0.0
foldbench100__7ur2_A,6,195,137,6663,False,True,21,21,0.08333333333333334,0.08333333333333334,0.011627906976744186,0.011627906976744186,0.04032258064516129,0.04032258064516129,0.02664677504714269,0.04923215898825655,2211.0,0.0
foldbench100__8b2s_A,5,245,186,6663,False,True,21,21,0.0728476821192053,0.0728476821192053,0.020833333333333332,0.020833333333333332,0.033003300330033,0.033003300330033,0.01521246311836746,0.04336043360433604,2213.0,0.0
foldbench100__8b2s_A,11,245,186,6663,False,True,21,21,0.0728476821192053,0.0728476821192053,0.01951219512195122,0.01951219512195122,0.04844290657439447,0.04844290657439447,0.021899144989855214,0.05962059620596206,2211.0,0.0
foldbench100__8b2s_A,22,245,186,6663,False,True,21,21,0.06569343065693431,0.06569343065693431,0.03292181069958847,0.03292181069958847,0.013289036544850499,0.013289036544850499,0.01995946458575868,0.05555555555555555,2209.0,0.0
foldbench100__8b2s_A,8,245,186,6663,False,True,22,22,0.07792207792207792,0.07792207792207792,0.0,0.0,0.03289473684210526,0.03289473684210526,0.01915661815151401,0.05871725383920506,2209.0,0.0
denovo_pdb__8ch0_A,8,136,125,433,True,True,1,1,0.835820895522388,0.835820895522388,0.835820895522388,0.835820895522388,0.835820895522388,0.835820895522388,,0.7777777777777778,143.0,0.0
denovo_pdb__8ch0_A,6,136,125,448,True,True,1,1,0.823529411764706,0.823529411764706,0.823529411764706,0.823529411764706,0.823529411764706,0.823529411764706,,0.7516778523489933,147.0,0.0
denovo_pdb__8ch0_A,19,136,125,472,True,True,1,1,0.7999999999999999,0.7999999999999999,0.7999999999999999,0.7999999999999999,0.7999999999999999,0.7999999999999999,,0.7133757961783439,155.0,0.0
denovo_pdb__8ch0_A,11,136,125,391,True,True,1,1,0.8235294117647058,0.8235294117647058,0.8235294117647058,0.8235294117647058,0.8235294117647058,0.8235294117647058,,0.8076923076923077,130.0,0.0
denovo_pdb__5cwq_A,17,233,239,6663,False,True,24,24,0.16201117318435754,0.16201117318435754,0.0763888888888889,0.0763888888888889,0.05315614617940199,0.05315614617940199,0.05742269904528018,0.1351107094441934,2198.0,0.0
denovo_pdb__5cwq_A,2,233,239,583,True,True,1,1,0.3648960739030023,0.3648960739030023,0.3648960739030023,0.3648960739030023,0.3648960739030023,0.3648960739030023,,0.4072164948453608,194.0,0.0
denovo_pdb__5cwq_A,3,233,239,1573,True,True,4,4,0.37122969837587005,0.37122969837587005,0.37122969837587005,0.37122969837587005,0.14501510574018128,0.14501510574018128,0.0693672059452693,0.33460803059273425,520.0,0.0
denovo_pdb__5cwq_A,1,233,239,6663,False,True,18,18,0.28770301624129935,0.28770301624129935,0.15743440233236153,0.15743440233236153,0.15555555555555556,0.15555555555555556,0.05907319855710503,0.2126410835214447,2198.0,0.0
denovo_pdb__6nek_A,20,86,32,2662,True,True,19,19,0.3142857142857143,0.3142857142857143,0.1797752808988764,0.1797752808988764,0.04395604395604396,0.04395604395604396,0.03792740212061707,0.10896708286038592,880.0,0.0
denovo_pdb__6nek_A,12,86,32,175,True,True,1,1,0.26666666666666666,0.26666666666666666,0.26666666666666666,0.26666666666666666,0.26666666666666666,0.26666666666666666,,0.20689655172413793,58.0,0.0
denovo_pdb__6nek_A,16,86,32,1578,True,True,9,9,0.3023255813953488,0.3023255813953488,0.10204081632653061,0.10204081632653061,0.19801980198019803,0.19801980198019803,0.08590296599562759,0.14340344168260039,522.0,0.0
denovo_pdb__6nek_A,15,86,32,2204,True,True,17,17,0.196078431372549,0.196078431372549,0.196078431372549,0.196078431372549,0.13513513513513511,0.13513513513513511,0.06637065925694793,0.09053497942386832,728.0,0.0
denovo_pdb__6qse_A,16,251,201,706,True,True,1,1,0.6238532110091743,0.6238532110091743,0.6238532110091743,0.6238532110091743,0.6238532110091743,0.6238532110091743,,0.5787234042553191,235.0,0.0
denovo_pdb__6qse_A,12,251,201,670,True,True,1,1,0.5518867924528301,0.5518867924528301,0.5518867924528301,0.5518867924528301,0.5518867924528301,0.5518867924528301,,0.5246636771300448,223.0,0.0
denovo_pdb__6qse_A,23,251,201,983,True,True,2,2,0.6326034063260342,0.6326034063260342,0.6326034063260342,0.6326034063260342,0.39747634069400634,0.39747634069400634,0.2734375,0.5902140672782875,326.0,0.0
denovo_pdb__6qse_A,5,251,201,1254,True,True,3,3,0.5922330097087378,0.5922330097087378,0.5922330097087378,0.5922330097087378,0.2645161290322581,0.2645161290322581,0.14982092287189738,0.47721822541966424,417.0,0.0
foldbench100__7tjb_A,13,227,201,6663,False,True,19,19,0.17901234567901234,0.17901234567901234,0.08664259927797834,0.08664259927797834,0.1386138613861386,0.1386138613861386,0.034990720837970994,0.15395033860045146,2211.0,0.0
foldbench100__7tjb_A,20,227,201,4030,True,True,10,10,0.18181818181818182,0.18181818181818182,0.15384615384615385,0.15384615384615385,0.12337662337662338,0.12337662337662338,0.04924415513962329,0.14925373134328357,1340.0,0.0
foldbench100__7tjb_A,5,227,201,3796,True,True,10,10,0.3363228699551569,0.3363228699551569,0.3363228699551569,0.3363228699551569,0.14012738853503182,0.14012738853503182,0.060822510296843345,0.21870047543581617,1260.0,0.0
foldbench100__7tjb_A,18,227,201,4164,True,True,12,12,0.20705882352941177,0.20705882352941177,0.20705882352941177,0.20705882352941177,0.07028753993610222,0.07028753993610222,0.021172490382930294,0.11343930635838151,1381.0,0.0
denovo_pdb__3wwa_A,16,251,227,1365,True,True,3,3,0.5914221218961626,0.5914221218961626,0.5914221218961626,0.5914221218961626,0.3392857142857143,0.3392857142857143,0.2325144239717104,0.5726872246696035,453.0,0.0
denovo_pdb__3wwa_A,11,251,227,730,True,True,1,1,0.6439232409381663,0.6439232409381663,0.6439232409381663,0.6439232409381663,0.6439232409381663,0.6439232409381663,,0.6213991769547325,242.0,0.0
denovo_pdb__3wwa_A,0,251,227,676,True,True,1,1,0.5809312638580931,0.5809312638580931,0.5809312638580931,0.5809312638580931,0.5809312638580931,0.5809312638580931,,0.5822222222222222,224.0,0.0
denovo_pdb__3wwa_A,18,251,227,688,True,True,1,1,0.6241758241758243,0.6241758241758243,0.6241758241758243,0.6241758241758243,0.6241758241758243,0.6241758241758243,,0.6200873362445415,228.0,0.0
foldbench100__7x3h_A,3,290,296,6663,False,True,19,19,0.08712871287128712,0.08712871287128712,0.034090909090909095,0.034090909090909095,0.02992518703241895,0.02992518703241895,0.014694454615984611,0.09571106094808127,2213.0,0.0
foldbench100__7x3h_A,22,290,296,6663,False,True,19,19,0.07079646017699115,0.07079646017699115,0.028846153846153848,0.028846153846153848,0.034739454094292806,0.034739454094292806,0.008976217297769143,0.06997742663656885,2211.0,0.0
foldbench100__7x3h_A,16,290,296,6663,False,True,19,19,0.10304449648711944,0.10304449648711944,0.052516411378555804,0.052516411378555804,0.04545454545454546,0.04545454545454546,0.012101476861981285,0.07539503386004515,2212.0,0.0
foldbench100__7x3h_A,8,290,296,6663,False,True,19,19,0.06310679611650487,0.06310679611650487,0.03902439024390244,0.03902439024390244,0.025,0.025,0.01458896869196805,0.062302483069977425,2213.0,0.0
denovo_pdb__7hj5_A,6,126,91,1411,True,True,7,7,0.35714285714285715,0.35714285714285715,0.3465346534653465,0.3465346534653465,0.14705882352941174,0.14705882352941174,0.08647368461330467,0.297008547008547,468.0,0.0
denovo_pdb__7hj5_A,3,126,91,2911,True,True,13,13,0.4069767441860465,0.4069767441860465,0.4069767441860465,0.4069767441860465,0.28125,0.28125,0.055135378218777946,0.20910973084886128,964.0,0.0
denovo_pdb__7hj5_A,1,126,91,1357,True,True,7,7,0.39416058394160586,0.39416058394160586,0.39416058394160586,0.39416058394160586,0.3636363636363636,0.3636363636363636,0.06857388304367522,0.3088888888888889,450.0,0.0
denovo_pdb__7hj5_A,12,126,91,1547,True,True,8,8,0.5317919075144509,0.5317919075144509,0.5317919075144509,0.5317919075144509,0.17721518987341772,0.17721518987341772,0.14704571351451307,0.4522417153996101,511.0,0.0
denovo_pdb__3lta_A,20,69,53,3605,True,True,26,26,0.17582417582417584,0.17582417582417584,0.10309278350515466,0.10309278350515466,0.13157894736842107,0.13157894736842107,0.03701961976133364,0.10393964794635373,1191.0,0.0
denovo_pdb__3lta_A,16,69,53,2725,True,True,22,22,0.25,0.25,0.25,0.25,0.15189873417721517,0.15189873417721517,0.03956378278890843,0.1365149833518313,901.0,0.0
denovo_pdb__3lta_A,18,69,53,2372,True,True,20,20,0.2558139534883721,0.2558139534883721,0.16,0.16,0.1590909090909091,0.1590909090909091,0.05312344903501559,0.14668367346938777,782.0,0.0
denovo_pdb__3lta_A,9,69,53,1465,True,True,10,10,0.17821782178217824,0.17821782178217824,0.14,0.14,0.05,0.05,0.04497627253585962,0.1422680412371134,482.0,0.0
denovo_pdb__6w3w_A,0,107,108,6663,False,True,24,24,0.3317535545023697,0.3317535545023697,0.08695652173913043,0.08695652173913043,0.12380952380952381,0.12380952380952381,0.044901406340059055,0.12833258020786262,2204.0,0.0
denovo_pdb__6w3w_A,20,107,108,6663,False,True,24,24,0.17391304347826086,0.17391304347826086,0.0660377358490566,0.0660377358490566,0.04807692307692307,0.04807692307692307,0.05270508630324357,0.09444193402620876,2202.0,0.0
denovo_pdb__6w3w_A,4,107,108,1909,True,True,7,7,0.2857142857142857,0.2857142857142857,0.2857142857142857,0.2857142857142857,0.08290155440414508,0.08290155440414508,0.07242696256952862,0.14668769716088328,633.0,0.0
denovo_pdb__6w3w_A,6,107,108,1427,True,True,5,5,0.34893617021276596,0.34893617021276596,0.34893617021276596,0.34893617021276596,0.11659192825112107,0.11659192825112107,0.06709303885961938,0.19831223628691982,473.0,0.0
denovo_pdb__9h10_A,3,208,142,6663,False,True,20,20,0.09090909090909091,0.09090909090909091,0.013513513513513516,0.013513513513513516,0.05426356589147287,0.05426356589147287,0.03498843933184666,0.05916892502258356,2193.0,0.0
denovo_pdb__9h10_A,18,208,142,6663,False,True,19,19,0.17829457364341086,0.17829457364341086,0.030769230769230767,0.030769230769230767,0.04838709677419355,0.04838709677419355,0.03563474440342946,0.09255079006772009,2182.0,0.0
denovo_pdb__9h10_A,19,208,142,6663,False,True,19,19,0.18823529411764703,0.18823529411764703,0.09638554216867469,0.09638554216867469,0.11155378486055777,0.11155378486055777,0.04050363111535937,0.11512415349887133,2199.0,0.0
denovo_pdb__9h10_A,17,208,142,6663,False,True,18,18,0.13284132841328414,0.13284132841328414,0.02061855670103093,0.02061855670103093,0.04838709677419355,0.04838709677419355,0.042054323063390485,0.08126410835214447,2191.0,0.0
denovo_pdb__7hk4_A,22,126,96,2070,True,True,9,9,0.5212765957446808,0.5212765957446808,0.5212765957446808,0.5212765957446808,0.3058823529411765,0.3058823529411765,0.06345180181284217,0.2590975254730713,687.0,0.0
denovo_pdb__7hk4_A,14,126,96,2036,True,True,8,8,0.5714285714285715,0.5714285714285715,0.5714285714285715,0.5714285714285715,0.25,0.25,0.11943957826097593,0.32988165680473375,676.0,0.0
denovo_pdb__7hk4_A,13,126,96,1230,True,True,9,9,0.3389830508474576,0.3389830508474576,0.3389830508474576,0.3389830508474576,0.17518248175182483,0.17518248175182483,0.07061432130543359,0.3144963144963145,407.0,0.0
denovo_pdb__7hk4_A,16,126,96,322,True,True,1,1,0.5615763546798029,0.5615763546798029,0.5615763546798029,0.5615763546798029,0.5615763546798029,0.5615763546798029,,0.5327102803738317,107.0,0.0
denovo_pdb__8bu0_A,18,136,124,433,True,True,1,1,0.8796992481203008,0.8796992481203008,0.8796992481203008,0.8796992481203008,0.8796992481203008,0.8796992481203008,,0.8125,142.0,0.0
denovo_pdb__8bu0_A,12,136,124,418,True,True,1,1,0.8136882129277566,0.8136882129277566,0.8136882129277566,0.8136882129277566,0.8136882129277566,0.8136882129277566,,0.7697841726618705,139.0,0.0
denovo_pdb__8bu0_A,7,136,124,445,True,True,1,1,0.8106060606060607,0.8106060606060607,0.8106060606060607,0.8106060606060607,0.8106060606060607,0.8106060606060607,,0.722972972972973,140.0,0.0
denovo_pdb__8bu0_A,16,136,124,415,True,True,1,1,0.8582375478927203,0.8582375478927203,0.8582375478927203,0.8582375478927203,0.8582375478927203,0.8582375478927203,,0.8115942028985508,137.0,0.0
denovo_pdb__5cwj_A,19,160,157,1838,True,True,5,5,0.42642642642642636,0.42642642642642636,0.42642642642642636,0.42642642642642636,0.1956521739130435,0.1956521739130435,0.15244891969391844,0.3469721767594108,611.0,0.0
denovo_pdb__5cwj_A,13,160,157,2190,True,True,6,6,0.5579937304075235,0.5579937304075235,0.5579937304075235,0.5579937304075235,0.34814814814814815,0.34814814814814815,0.10561708191668528,0.3942307692307692,727.0,0.0
denovo_pdb__5cwj_A,20,160,157,1466,True,True,5,5,0.3863636363636363,0.3863636363636363,0.3665594855305466,0.3665594855305466,0.3037037037037037,0.3037037037037037,0.0968907989849428,0.3942505133470226,487.0,0.0
denovo_pdb__5cwj_A,4,160,157,490,True,True,1,1,0.4952978056426332,0.4952978056426332,0.4952978056426332,0.4952978056426332,0.4952978056426332,0.4952978056426332,,0.48466257668711654,162.0,0.0
denovo_pdb__8r8o_A,15,262,327,6663,False,True,20,20,0.07744874715261958,0.07744874715261958,0.005865102639296188,0.005865102639296188,0.05069124423963133,0.05069124423963133,0.024423859873684214,0.08852755194218609,2203.0,0.0
denovo_pdb__8r8o_A,17,262,327,6663,False,True,19,19,0.12134831460674159,0.12134831460674159,0.05925925925925926,0.05925925925925926,0.09655172413793102,0.09655172413793102,0.02498362802729224,0.15349887133182843,2214.0,0.0
denovo_pdb__8r8o_A,11,262,327,6663,False,True,19,19,0.09610983981693365,0.09610983981693365,0.09345794392523366,0.09345794392523366,0.028301886792452834,0.028301886792452834,0.024267277084671676,0.10338600451467268,2207.0,0.0
denovo_pdb__8r8o_A,6,262,327,5528,True,True,14,14,0.414985590778098,0.414985590778098,0.414985590778098,0.414985590778098,0.040632054176072234,0.040632054176072234,0.019524060535630272,0.16757344940152338,1831.0,0.0
denovo_pdb__7vqv_A,21,115,108,3216,True,True,12,12,0.3888888888888889,0.3888888888888889,0.3888888888888889,0.3888888888888889,0.06521739130434782,0.06521739130434782,0.0840212072599449,0.20973782771535582,1062.0,0.0
denovo_pdb__7vqv_A,8,115,108,1172,True,True,5,5,0.4568527918781726,0.4568527918781726,0.4568527918781726,0.4568527918781726,0.29473684210526313,0.29473684210526313,0.1612448138763252,0.37532133676092544,387.0,0.0
denovo_pdb__7vqv_A,9,115,108,3108,True,True,12,12,0.40707964601769914,0.40707964601769914,0.40707964601769914,0.40707964601769914,0.07453416149068322,0.07453416149068322,0.10156207112082792,0.30329457364341084,1029.0,0.0
denovo_pdb__7vqv_A,6,115,108,3434,True,True,14,14,0.3163265306122449,0.3163265306122449,0.3163265306122449,0.3163265306122449,0.23115577889447236,0.23115577889447236,0.05180940845511192,0.22280701754385965,1140.0,0.0
denovo_pdb__7hjq_A,4,126,93,792,True,True,3,3,0.4914285714285714,0.4914285714285714,0.4914285714285714,0.4914285714285714,0.48677248677248675,0.48677248677248675,0.21932281684603666,0.5019011406844106,263.0,0.0
denovo_pdb__7hjq_A,21,126,93,1185,True,True,6,6,0.40449438202247195,0.40449438202247195,0.40449438202247195,0.40449438202247195,0.2550335570469799,0.2550335570469799,0.11192538902768243,0.37404580152671757,392.0,0.0
denovo_pdb__7hjq_A,1,126,93,678,True,True,3,3,0.2,0.2,0.1764705882352941,0.1764705882352941,0.2,0.2,0.09492173279941754,0.18222222222222223,225.0,0.0
denovo_pdb__7hjq_A,5,126,93,1762,True,True,7,7,0.3615819209039548,0.3615819209039548,0.3615819209039548,0.3615819209039548,0.3085714285714286,0.3085714285714286,0.11297402022158026,0.27521367521367524,585.0,0.0
denovo_pdb__5ys7_A,15,315,274,6663,False,True,19,19,0.1686182669789227,0.1686182669789227,0.013468013468013467,0.013468013468013467,0.034653465346534656,0.034653465346534656,0.036292904218950726,0.17336343115124153,2213.0,0.0
denovo_pdb__5ys7_A,20,315,274,5243,True,True,14,14,0.2985611510791367,0.2985611510791367,0.2985611510791367,0.2985611510791367,0.09207161125319695,0.09207161125319695,0.050720863886625486,0.22776821572002295,1741.0,0.0
denovo_pdb__5ys7_A,19,315,274,6663,False,True,19,19,0.18453865336658354,0.18453865336658354,0.04833836858006042,0.04833836858006042,0.03037974683544304,0.03037974683544304,0.03891335471037715,0.18148984198645599,2214.0,0.0
denovo_pdb__5ys7_A,5,315,274,6663,False,True,20,20,0.20098039215686275,0.20098039215686275,0.0943952802359882,0.0943952802359882,0.046511627906976744,0.046511627906976744,0.04129055130404324,0.1928635953026197,2210.0,0.0
denovo_pdb__5cwb_A,16,197,188,4357,True,True,13,13,0.3567839195979899,0.3567839195979899,0.3567839195979899,0.3567839195979899,0.14,0.14,0.03887499909061745,0.1664364640883978,1445.0,0.0
denovo_pdb__5cwb_A,22,197,188,1435,True,True,4,4,0.32941176470588235,0.32941176470588235,0.32941176470588235,0.32941176470588235,0.1672240802675585,0.1672240802675585,0.024603462555570315,0.21174004192872117,476.0,0.0
denovo_pdb__5cwb_A,12,197,188,6663,False,True,20,20,0.24539877300613494,0.24539877300613494,0.04580152671755725,0.04580152671755725,0.08996539792387542,0.08996539792387542,0.03423765718425921,0.13730803974706413,2205.0,0.0
denovo_pdb__5cwb_A,3,197,188,3505,True,True,10,10,0.31413612565445026,0.31413612565445026,0.31413612565445026,0.31413612565445026,0.12371134020618557,0.12371134020618557,0.034837432951074776,0.2017167381974249,1165.0,0.0
denovo_pdb__4oxw_A,21,106,103,2293,True,True,10,10,0.2358974358974359,0.2358974358974359,0.2358974358974359,0.2358974358974359,0.15028901734104047,0.15028901734104047,0.031199686407555143,0.1340341655716163,761.0,0.0
denovo_pdb__4oxw_A,3,106,103,2830,True,True,13,13,0.20618556701030924,0.20618556701030924,0.20618556701030924,0.20618556701030924,0.03174603174603175,0.03174603174603175,0.04794756116742797,0.09584664536741214,938.0,0.0
denovo_pdb__4oxw_A,18,106,103,1320,True,True,6,6,0.21978021978021978,0.21978021978021978,0.19999999999999998,0.19999999999999998,0.16901408450704228,0.16901408450704228,0.03456997892538063,0.16666666666666666,437.0,0.0
denovo_pdb__4oxw_A,12,106,103,3763,True,True,19,19,0.23157894736842105,0.23157894736842105,0.23157894736842105,0.23157894736842105,0.2312138728323699,0.2312138728323699,0.05431565906184475,0.13221153846153846,1246.0,0.0
foldbench100__7y5r_A,22,105,97,2016,True,True,9,9,0.371859296482412,0.371859296482412,0.371859296482412,0.371859296482412,0.13186813186813187,0.13186813186813187,0.08199774573470858,0.21674140508221226,668.0,0.0
foldbench100__7y5r_A,8,105,97,238,True,True,1,1,0.23863636363636362,0.23863636363636362,0.23863636363636362,0.23863636363636362,0.23863636363636362,0.23863636363636362,,0.26582278481012656,79.0,0.0
foldbench100__7y5r_A,0,105,97,2301,True,True,9,9,0.35,0.35,0.32352941176470584,0.32352941176470584,0.07643312101910828,0.07643312101910828,0.07496912016358664,0.21465968586387435,763.0,0.0
foldbench100__7y5r_A,23,105,97,6663,False,True,37,37,0.46067415730337075,0.46067415730337075,0.1574803149606299,0.1574803149606299,0.20202020202020204,0.20202020202020204,0.087251108349023,0.30104119511090993,2206.0,0.0
foldbench100__7y4h_A,23,338,320,3055,True,True,7,7,0.19213973799126638,0.19213973799126638,0.19213973799126638,0.19213973799126638,0.02891566265060241,0.02891566265060241,0.017028504898091417,0.12401574803149606,1011.0,0.0
foldbench100__7y4h_A,8,338,320,4757,True,True,11,11,0.1792573623559539,0.1792573623559539,0.1792573623559539,0.1792573623559539,0.023752969121140142,0.023752969121140142,0.019317109022335216,0.0986093552465234,1579.0,0.0
foldbench100__7y4h_A,9,338,320,4222,True,True,10,10,0.17506631299734748,0.17506631299734748,0.17506631299734748,0.17506631299734748,0.08095238095238096,0.08095238095238096,0.024587859020793197,0.1467236467236467,1402.0,0.0
foldbench100__7y4h_A,22,338,320,6663,False,True,19,19,0.07770961145194273,0.07770961145194273,0.07083333333333333,0.07083333333333333,0.0744186046511628,0.0744186046511628,0.016453655828953733,0.10428893905191873,2209.0,0.0
denovo_pdb__6g6m_A,8,320,323,2474,True,True,5,5,0.6952789699570816,0.6952789699570816,0.6952789699570816,0.6952789699570816,0.2737819025522042,0.2737819025522042,0.10917224934373851,0.6075334143377886,814.0,0.0
denovo_pdb__6g6m_A,5,320,323,1204,True,True,1,1,0.7229916897506925,0.7229916897506925,0.7229916897506925,0.7229916897506925,0.7229916897506925,0.7229916897506925,,0.6508728179551122,399.0,0.0
denovo_pdb__6g6m_A,9,320,323,1114,True,True,1,1,0.7351664254703327,0.7351664254703327,0.7351664254703327,0.7351664254703327,0.7351664254703327,0.7351664254703327,,0.6846361185983828,368.0,0.0
denovo_pdb__6g6m_A,18,320,323,1156,True,True,1,1,0.7007092198581562,0.7007092198581562,0.7007092198581562,0.7007092198581562,0.7007092198581562,0.7007092198581562,,0.6415584415584416,382.0,0.0
denovo_pdb__4ess_A,6,158,124,6663,False,True,25,25,0.1834862385321101,0.1834862385321101,0.058823529411764705,0.058823529411764705,0.0782608695652174,0.0782608695652174,0.03948041357118822,0.10845006778129236,2201.0,0.0
denovo_pdb__4ess_A,17,158,124,3378,True,True,12,12,0.1909090909090909,0.1909090909090909,0.1909090909090909,0.1909090909090909,0.031413612565445025,0.031413612565445025,0.05526197917492603,0.11675579322638147,1120.0,0.0
denovo_pdb__4ess_A,11,158,124,6663,False,True,24,24,0.19801980198019803,0.19801980198019803,0.07446808510638298,0.07446808510638298,0.07860262008733625,0.07860262008733625,0.04190956598621378,0.10664256665160415,2209.0,0.0
denovo_pdb__4ess_A,22,158,124,2791,True,True,10,10,0.1751152073732719,0.1751152073732719,0.10280373831775702,0.10280373831775702,0.037383177570093455,0.037383177570093455,0.06505542816312393,0.12297734627831715,927.0,0.0
denovo_pdb__7dgu_A,3,97,79,6663,False,True,31,31,0.3875968992248062,0.3875968992248062,0.14130434782608695,0.14130434782608695,0.07246376811594203,0.07246376811594203,0.1031183694195931,0.19222071460877432,2175.0,0.0
denovo_pdb__7dgu_A,10,97,79,2756,True,True,14,14,0.5443037974683544,0.5443037974683544,0.5443037974683544,0.5443037974683544,0.09333333333333332,0.09333333333333332,0.0717501530242321,0.23304157549234136,912.0,0.0
denovo_pdb__7dgu_A,20,97,79,772,True,True,4,4,0.5086705202312138,0.5086705202312138,0.5086705202312138,0.5086705202312138,0.06451612903225806,0.06451612903225806,0.04467764805595901,0.265625,256.0,0.0
denovo_pdb__7dgu_A,17,97,79,1905,True,True,12,12,0.5590062111801243,0.5590062111801243,0.5590062111801243,0.5590062111801243,0.3945578231292517,0.3945578231292517,0.08786590189040337,0.3312202852614897,629.0,0.0
cameo_hard__8zaf_A,10,353,389,6663,False,True,19,19,0.027833001988071572,0.027833001988071572,0.01603206412825651,0.01603206412825651,0.020161290322580645,0.020161290322580645,0.008863963618360164,0.03566591422121896,2213.0,0.0
cameo_hard__8zaf_A,14,353,389,6663,False,True,20,20,0.04809619238476953,0.04809619238476953,0.004454342984409799,0.004454342984409799,0.00816326530612245,0.00816326530612245,0.007476669917957584,0.04155374887082204,2213.0,0.0
cameo_hard__8zaf_A,15,353,389,6663,False,True,20,20,0.04444444444444444,0.04444444444444444,0.013953488372093023,0.013953488372093023,0.02053388090349076,0.02053388090349076,0.010242515378759842,0.04290876242095754,2211.0,0.0
cameo_hard__8zaf_A,6,353,389,6663,False,True,20,20,0.030245746691871453,0.030245746691871453,0.004434589800443458,0.004434589800443458,0.019801980198019802,0.019801980198019802,0.011679865131912062,0.04290876242095754,2212.0,0.0
casp_fm__T1038-D2,20,76,60,3708,True,True,27,27,0.2361111111111111,0.2361111111111111,0.2361111111111111,0.2361111111111111,0.12727272727272726,0.12727272727272726,0.04872085570057469,0.11246943765281174,1224.0,0.0
casp_fm__T1038-D2,17,76,60,912,True,True,9,9,0.17857142857142855,0.17857142857142855,0.17857142857142855,0.17857142857142855,0.056338028169014086,0.056338028169014086,0.04550785858131757,0.13953488372093023,301.0,0.0
casp_fm__T1038-D2,11,76,60,3476,True,True,23,23,0.2,0.2,0.19696969696969693,0.19696969696969693,0.07766990291262137,0.07766990291262137,0.06052863098157366,0.12076455256298871,1144.0,0.0
casp_fm__T1038-D2,15,76,60,561,True,True,6,6,0.07936507936507936,0.07936507936507936,0.07936507936507936,0.07936507936507936,0.0625,0.0625,0.031105291233779246,0.07027027027027027,185.0,0.0
denovo_pdb__7tjl_A,14,85,58,1004,True,True,11,11,0.15254237288135594,0.15254237288135594,0.15254237288135594,0.15254237288135594,0.024390243902439025,0.024390243902439025,0.027012363781259242,0.09063444108761329,327.0,0.0
denovo_pdb__7tjl_A,10,85,58,616,True,True,10,10,0.1411764705882353,0.1411764705882353,0.1411764705882353,0.1411764705882353,0.027777777777777776,0.027777777777777776,0.05153484903247712,0.0594059405940594,202.0,0.0
denovo_pdb__7tjl_A,11,85,58,2088,True,True,15,15,0.13114754098360656,0.13114754098360656,0.10062893081761005,0.10062893081761005,0.08108108108108109,0.08108108108108109,0.0387176803153617,0.08393632416787265,686.0,0.0
denovo_pdb__7tjl_A,23,85,58,2256,True,True,15,15,0.2580645161290323,0.2580645161290323,0.09523809523809523,0.09523809523809523,0.015625,0.015625,0.031366089196009556,0.10977242302543508,742.0,0.0
denovo_pdb__1qys_A,15,92,76,1690,True,True,7,7,0.5454545454545453,0.5454545454545453,0.5454545454545453,0.5454545454545453,0.31764705882352945,0.31764705882352945,0.11481045926596874,0.28342245989304815,561.0,0.0
denovo_pdb__1qys_A,10,92,76,838,True,True,4,4,0.3862068965517241,0.3862068965517241,0.3612903225806452,0.3612903225806452,0.3862068965517241,0.3862068965517241,0.2167833097629667,0.3381294964028777,277.0,0.0
denovo_pdb__1qys_A,1,92,76,1397,True,True,8,8,0.4615384615384615,0.4615384615384615,0.3310344827586207,0.3310344827586207,0.265625,0.265625,0.10412084766325476,0.3347732181425486,463.0,0.0
denovo_pdb__1qys_A,3,92,76,2178,True,True,9,9,0.45238095238095233,0.45238095238095233,0.45238095238095233,0.45238095238095233,0.2875816993464052,0.2875816993464052,0.11948776954380036,0.28077455048409405,722.0,0.0
cameo_hard__8s3m_A,20,345,369,6663,False,True,20,20,0.023346303501945526,0.023346303501945526,0.01312910284463895,0.01312910284463895,0.00423728813559322,0.00423728813559322,0.0053458999021447975,0.023938572719060525,2212.0,0.0
cameo_hard__8s3m_A,7,345,369,6663,False,True,19,19,0.03354297693920335,0.03354297693920335,0.017621145374449337,0.017621145374449337,0.004158004158004158,0.004158004158004158,0.0065813019975943035,0.03431151241534989,2211.0,0.0
cameo_hard__8s3m_A,11,345,369,6663,False,True,20,20,0.024896265560165977,0.024896265560165977,0.004618937644341801,0.004618937644341801,0.016494845360824743,0.016494845360824743,0.0045538567315275115,0.023938572719060525,2213.0,0.0
cameo_hard__8s3m_A,13,345,369,6663,False,True,19,19,0.025477707006369428,0.025477707006369428,0.004474272930648769,0.004474272930648769,0.02092050209205021,0.02092050209205021,0.009548449515556815,0.028893905191873587,2215.0,0.0
denovo_pdb__8xyw_A,21,105,106,1400,True,True,5,5,0.5357142857142858,0.5357142857142858,0.5357142857142858,0.5357142857142858,0.27083333333333326,0.27083333333333326,0.22087323408022544,0.3870967741935484,464.0,0.0
denovo_pdb__8xyw_A,12,105,106,623,True,True,2,2,0.4766355140186916,0.4766355140186916,0.4766355140186916,0.4766355140186916,0.2146341463414634,0.2146341463414634,0.08376963350785341,0.3526570048309179,207.0,0.0
denovo_pdb__8xyw_A,8,105,106,2625,True,True,9,9,0.4225352112676057,0.4225352112676057,0.3212435233160622,0.3212435233160622,0.12429378531073446,0.12429378531073446,0.19323797526095932,0.30619266055045874,870.0,0.0
denovo_pdb__8xyw_A,15,105,106,1596,True,True,6,6,0.4676616915422886,0.4676616915422886,0.4676616915422886,0.4676616915422886,0.2755102040816326,0.2755102040816326,0.1320706055146727,0.3471698113207547,530.0,0.0
denovo_pdb__5d2t_A,5,251,244,5230,True,True,13,13,0.2903225806451613,0.2903225806451613,0.2903225806451613,0.2903225806451613,0.0449438202247191,0.0449438202247191,0.048333661883424035,0.19436457734330076,1733.0,0.0
denovo_pdb__5d2t_A,11,251,244,6663,False,True,18,18,0.2044198895027624,0.2044198895027624,0.13927576601671307,0.13927576601671307,0.07446808510638299,0.07446808510638299,0.03978148469947659,0.19683972911963882,2212.0,0.0
denovo_pdb__5d2t_A,9,251,244,4244,True,True,11,11,0.3364140480591497,0.3364140480591497,0.3364140480591497,0.3364140480591497,0.10027855153203342,0.10027855153203342,0.03246994228579166,0.1991495393338058,1410.0,0.0
denovo_pdb__5d2t_A,13,251,244,3592,True,True,10,10,0.30493273542600896,0.30493273542600896,0.30493273542600896,0.30493273542600896,0.06997084548104957,0.06997084548104957,0.039905337887652825,0.18341708542713567,1189.0,0.0
foldbench100__8ci9_A,17,312,337,6663,False,True,20,20,0.05333333333333333,0.05333333333333333,0.0319634703196347,0.0319634703196347,0.004524886877828055,0.004524886877828055,0.007963707055649468,0.043812104787714544,2213.0,0.0
foldbench100__8ci9_A,6,312,337,6663,False,True,19,19,0.03930131004366812,0.03930131004366812,0.0097799511002445,0.0097799511002445,0.03131991051454139,0.03131991051454139,0.011551536289850384,0.03250564334085779,2213.0,0.0
foldbench100__8ci9_A,5,312,337,6663,False,True,20,20,0.031042128603104215,0.031042128603104215,0.0,0.0,0.009009009009009009,0.009009009009009009,0.008245315651269429,0.03071364046973803,2212.0,0.0
foldbench100__8ci9_A,13,312,337,6663,False,True,20,20,0.04700854700854701,0.04700854700854701,0.009876543209876543,0.009876543209876543,0.022522522522522525,0.022522522522522525,0.012186593626635009,0.04923215898825655,2212.0,0.0
cameo_hard__8yoz_A,18,79,59,2862,True,True,33,33,0.4222222222222223,0.4222222222222223,0.37500000000000006,0.37500000000000006,0.375,0.375,0.09051409823179411,0.31919406150583246,936.0,0.0
cameo_hard__8yoz_A,3,79,59,473,True,True,8,8,0.41304347826086957,0.41304347826086957,0.41304347826086957,0.41304347826086957,0.3058823529411765,0.3058823529411765,0.11298346261581556,0.47096774193548385,155.0,0.0
cameo_hard__8yoz_A,16,79,59,1641,True,True,18,18,0.40449438202247195,0.40449438202247195,0.3958333333333333,0.3958333333333333,0.3063063063063063,0.3063063063063063,0.10524383584995836,0.3659889094269871,540.0,0.0
cameo_hard__8yoz_A,9,79,59,3243,True,True,42,42,0.4222222222222223,0.4222222222222223,0.27586206896551724,0.27586206896551724,0.29213483146067415,0.29213483146067415,0.11476469719951211,0.36176194939081535,1060.0,0.0
denovo_pdb__9xzo_A,15,120,112,484,True,True,1,1,0.6544117647058824,0.6544117647058824,0.6544117647058824,0.6544117647058824,0.6544117647058824,0.6544117647058824,,0.5527950310559007,160.0,0.0
denovo_pdb__9xzo_A,17,120,112,379,True,True,1,1,0.5677966101694915,0.5677966101694915,0.5677966101694915,0.5677966101694915,0.5677966101694915,0.5677966101694915,,0.5317460317460317,124.0,0.0
denovo_pdb__9xzo_A,8,120,112,406,True,True,1,1,0.6153846153846154,0.6153846153846154,0.6153846153846154,0.6153846153846154,0.6153846153846154,0.6153846153846154,,0.562962962962963,135.0,0.0
denovo_pdb__9xzo_A,20,120,112,418,True,True,1,1,0.6215139442231076,0.6215139442231076,0.6215139442231076,0.6215139442231076,0.6215139442231076,0.6215139442231076,,0.5611510791366906,139.0,0.0
denovo_pdb__9lm8_A,1,381,315,6663,False,True,20,20,0.08470588235294119,0.08470588235294119,0.027548209366391182,0.027548209366391182,0.028639618138424826,0.028639618138424826,0.017711547315527567,0.0993676603432701,2213.0,0.0
denovo_pdb__9lm8_A,12,381,315,6663,False,True,20,20,0.10503282275711161,0.10503282275711161,0.022284122562674095,0.022284122562674095,0.03255813953488372,0.03255813953488372,0.012080086309862922,0.08491418247515808,2210.0,0.0
denovo_pdb__9lm8_A,10,381,315,6663,False,True,20,20,0.07600950118764845,0.07600950118764845,0.011396011396011397,0.011396011396011397,0.0478468899521531,0.0478468899521531,0.013897168021225694,0.0989159891598916,2212.0,0.0
denovo_pdb__9lm8_A,3,381,315,6663,False,True,20,20,0.10278372591006425,0.10278372591006425,0.011834319526627219,0.011834319526627219,0.03317535545023696,0.03317535545023696,0.014234973796047946,0.10569105691056911,2210.0,0.0
denovo_pdb__8eov_A,16,139,145,6663,False,True,20,20,0.1467181467181467,0.1467181467181467,0.029850746268656716,0.029850746268656716,0.1467181467181467,0.1467181467181467,0.02823690323117175,0.07859078590785908,2199.0,0.0
denovo_pdb__8eov_A,4,139,145,6663,False,True,22,22,0.17857142857142858,0.17857142857142858,0.030927835051546393,0.030927835051546393,0.08429118773946359,0.08429118773946359,0.0366709125627663,0.13008130081300814,2206.0,0.0
denovo_pdb__8eov_A,18,139,145,6663,False,True,21,21,0.20863309352517986,0.20863309352517986,0.0,0.0,0.11016949152542371,0.11016949152542371,0.04143046670702728,0.13685636856368563,2188.0,0.0
denovo_pdb__8eov_A,13,139,145,6663,False,True,22,22,0.2134387351778656,0.2134387351778656,0.03125,0.03125,0.14728682170542637,0.14728682170542637,0.027322767955989466,0.10388437217705511,2210.0,0.0
denovo_pdb__9dbu_A,0,106,67,2276,True,True,14,14,0.31250000000000006,0.31250000000000006,0.23021582733812945,0.23021582733812945,0.07936507936507936,0.07936507936507936,0.04237519776593535,0.14854111405835543,753.0,0.0
denovo_pdb__9dbu_A,17,106,67,6663,False,True,34,34,0.3424657534246575,0.3424657534246575,0.016666666666666666,0.016666666666666666,0.11940298507462686,0.11940298507462686,0.05234397319710156,0.11855203619909502,2149.0,0.0
denovo_pdb__9dbu_A,11,106,67,6663,False,True,40,40,0.30769230769230765,0.30769230769230765,0.02150537634408602,0.02150537634408602,0.06896551724137931,0.06896551724137931,0.055490099833973704,0.1539855072463768,2163.0,0.0
denovo_pdb__9dbu_A,4,106,67,2484,True,True,12,12,0.3116883116883116,0.3116883116883116,0.3116883116883116,0.3116883116883116,0.13559322033898305,0.13559322033898305,0.04817405879914864,0.14927184466019416,819.0,0.0
cameo_hard__9hac_B,14,127,111,6663,False,True,21,21,0.15763546798029557,0.15763546798029557,0.06,0.06,0.11764705882352941,0.11764705882352941,0.039700739587497993,0.0948509485094851,2189.0,0.0
cameo_hard__9hac_B,16,127,111,6663,False,True,25,25,0.2685185185185185,0.2685185185185185,0.015267175572519083,0.015267175572519083,0.11594202898550725,0.11594202898550725,0.03448540210645077,0.09805693628558518,2200.0,0.0
cameo_hard__9hac_B,8,127,111,6663,False,True,23,23,0.2692307692307692,0.2692307692307692,0.048484848484848485,0.048484848484848485,0.12017167381974247,0.12017167381974247,0.046893513740005076,0.14008133755083596,2194.0,0.0
cameo_hard__9hac_B,17,127,111,6663,False,True,20,20,0.20909090909090908,0.20909090909090908,0.08530805687203792,0.08530805687203792,0.09039548022598871,0.09039548022598871,0.04254725820520215,0.11336946702800361,2182.0,0.0
foldbench100__7xlz_A,9,266,265,6663,False,True,19,19,0.06965174129353234,0.06965174129353234,0.022284122562674095,0.022284122562674095,0.010695187165775402,0.010695187165775402,0.014617705332246652,0.046501128668171555,2214.0,0.0
foldbench100__7xlz_A,10,266,265,6663,False,True,19,19,0.05714285714285714,0.05714285714285714,0.0125,0.0125,0.026041666666666668,0.026041666666666668,0.020620826434647806,0.056433408577878104,2212.0,0.0
foldbench100__7xlz_A,18,266,265,6663,False,True,20,20,0.09315068493150684,0.09315068493150684,0.024539877300613498,0.024539877300613498,0.03693931398416887,0.03693931398416887,0.019495154813327285,0.06413730803974707,2211.0,0.0
foldbench100__7xlz_A,6,266,265,6663,False,True,19,19,0.06043956043956044,0.06043956043956044,0.020050125313283207,0.020050125313283207,0.03743315508021391,0.03743315508021391,0.017388702692866465,0.057787810383747175,2212.0,0.0
foldbench100__7y3h_A,3,413,312,6663,False,True,20,20,0.06451612903225806,0.06451612903225806,0.026737967914438502,0.026737967914438502,0.023809523809523808,0.023809523809523808,0.00976170795054359,0.07407407407407407,2210.0,0.0
foldbench100__7y3h_A,5,413,312,6663,False,True,20,20,0.06960556844547565,0.06960556844547565,0.016713091922005572,0.016713091922005572,0.03755868544600939,0.03755868544600939,0.008804403614790035,0.05600722673893405,2212.0,0.0
foldbench100__7y3h_A,21,413,312,6663,False,True,21,21,0.08095238095238094,0.08095238095238094,0.01812688821752266,0.01812688821752266,0.04326923076923077,0.04326923076923077,0.011420253784816276,0.07136404697380307,2211.0,0.0
foldbench100__7y3h_A,8,413,312,6663,False,True,19,19,0.06222222222222222,0.06222222222222222,0.01092896174863388,0.01092896174863388,0.019277108433734938,0.019277108433734938,0.006645607076941555,0.04695259593679458,2211.0,0.0
foldbench100__8cih_A,12,214,158,6663,False,True,20,20,0.11228070175438597,0.11228070175438597,0.0299625468164794,0.0299625468164794,0.06711409395973154,0.06711409395973154,0.021383237161738827,0.06594399277326106,2205.0,0.0
foldbench100__8cih_A,23,214,158,6663,False,True,20,20,0.11450381679389313,0.11450381679389313,0.051470588235294115,0.051470588235294115,0.032520325203252036,0.032520325203252036,0.017096184692855447,0.06413730803974707,2210.0,0.0
foldbench100__8cih_A,21,214,158,6663,False,True,20,20,0.12878787878787878,0.12878787878787878,0.01869158878504673,0.01869158878504673,0.029411764705882353,0.029411764705882353,0.021842426689835562,0.07046070460704607,2205.0,0.0
foldbench100__8cih_A,22,214,158,6663,False,True,18,18,0.09364548494983277,0.09364548494983277,0.0335195530726257,0.0335195530726257,0.03921568627450981,0.03921568627450981,0.014477925598140472,0.03566591422121896,2186.0,0.0
foldbench100__7yd4_A,13,185,142,6663,False,True,20,20,0.08764940239043824,0.08764940239043824,0.036866359447004615,0.036866359447004615,0.034188034188034185,0.034188034188034185,0.027090656853815443,0.04923215898825655,2201.0,0.0
foldbench100__7yd4_A,7,185,142,6663,False,True,23,23,0.07722007722007723,0.07722007722007723,0.0,0.0,0.0737704918032787,0.0737704918032787,0.01966447121650074,0.05061003163126977,2204.0,0.0
foldbench100__7yd4_A,23,185,142,6663,False,True,21,21,0.07171314741035857,0.07171314741035857,0.0,0.0,0.008,0.008,0.021539347131808904,0.04787714543812105,2206.0,0.0
foldbench100__7yd4_A,18,185,142,4468,True,True,13,13,0.10646387832699619,0.10646387832699619,0.10309278350515463,0.10309278350515463,0.007751937984496123,0.007751937984496123,0.01138804051555061,0.05387205387205387,1480.0,0.0
denovo_pdb__5d2w_A,13,250,246,6663,False,True,19,19,0.2440087145969499,0.2440087145969499,0.08552631578947369,0.08552631578947369,0.05084745762711865,0.05084745762711865,0.0493943246146015,0.19413092550790068,2211.0,0.0
denovo_pdb__5d2w_A,4,250,246,4208,True,True,11,11,0.2622950819672131,0.2622950819672131,0.2622950819672131,0.2622950819672131,0.10285714285714286,0.10285714285714286,0.04470821427808197,0.19228020014295927,1397.0,0.0
denovo_pdb__5d2w_A,14,250,246,6663,False,True,18,18,0.1628498727735369,0.1628498727735369,0.03988603988603988,0.03988603988603988,0.08888888888888889,0.08888888888888889,0.033467930385812486,0.12189616252821671,2207.0,0.0
denovo_pdb__5d2w_A,17,250,246,3712,True,True,10,10,0.32409381663113007,0.32409381663113007,0.32409381663113007,0.32409381663113007,0.12885154061624648,0.12885154061624648,0.0336290965999108,0.20016207455429497,1232.0,0.0
denovo_pdb__7hjl_A,5,126,91,2395,True,True,10,10,0.37362637362637363,0.37362637362637363,0.34693877551020413,0.34693877551020413,0.17073170731707318,0.17073170731707318,0.0850866729222476,0.26540880503144654,792.0,0.0
denovo_pdb__7hjl_A,0,126,91,3478,True,True,16,16,0.32487309644670054,0.32487309644670054,0.2731707317073171,0.2731707317073171,0.2236024844720497,0.2236024844720497,0.06954171086795065,0.20797227036395147,1151.0,0.0
denovo_pdb__7hjl_A,14,126,91,310,True,True,1,1,0.4123711340206185,0.4123711340206185,0.4123711340206185,0.4123711340206185,0.4123711340206185,0.4123711340206185,,0.3883495145631068,103.0,0.0
denovo_pdb__7hjl_A,7,126,91,1855,True,True,7,7,0.26804123711340205,0.26804123711340205,0.2626262626262626,0.2626262626262626,0.26804123711340205,0.26804123711340205,0.09398570012170208,0.16883116883116883,615.0,0.0
denovo_pdb__7hjb_A,11,126,95,2310,True,True,12,12,0.46153846153846156,0.46153846153846156,0.46153846153846156,0.46153846153846156,0.2383419689119171,0.2383419689119171,0.06557575418303191,0.2741514360313316,764.0,0.0
denovo_pdb__7hjb_A,1,126,95,3694,True,True,22,22,0.33548387096774196,0.33548387096774196,0.32786885245901637,0.32786885245901637,0.05172413793103449,0.05172413793103449,0.05933984498338894,0.21241830065359477,1223.0,0.0
denovo_pdb__7hjb_A,19,126,95,1640,True,True,8,8,0.5079365079365079,0.5079365079365079,0.5079365079365079,0.5079365079365079,0.3583815028901734,0.3583815028901734,0.1144995318090097,0.4099264705882353,544.0,0.0
denovo_pdb__7hjb_A,10,126,95,1920,True,True,9,9,0.48484848484848486,0.48484848484848486,0.48484848484848486,0.48484848484848486,0.26436781609195403,0.26436781609195403,0.07360792582426814,0.33124018838304553,636.0,0.0
denovo_pdb__7hjm_A,2,126,94,328,True,True,1,1,0.4752475247524752,0.4752475247524752,0.4752475247524752,0.4752475247524752,0.4752475247524752,0.4752475247524752,,0.44036697247706424,108.0,0.0
denovo_pdb__7hjm_A,6,126,94,887,True,True,5,5,0.28125,0.28125,0.19753086419753088,0.19753086419753088,0.09890109890109891,0.09890109890109891,0.05024808140484213,0.2108843537414966,293.0,0.0
denovo_pdb__7hjm_A,16,126,94,289,True,True,1,1,0.39999999999999997,0.39999999999999997,0.39999999999999997,0.39999999999999997,0.39999999999999997,0.39999999999999997,,0.3958333333333333,96.0,0.0
denovo_pdb__7hjm_A,3,126,94,853,True,True,4,4,0.5485714285714286,0.5485714285714286,0.5485714285714286,0.5485714285714286,0.35838150289017345,0.35838150289017345,0.174861694919714,0.4416961130742049,283.0,0.0
foldbench100__8q8i_A,2,282,376,6663,False,True,20,20,0.0288659793814433,0.0288659793814433,0.009111617312072893,0.009111617312072893,0.012396694214876033,0.012396694214876033,0.008695898416060565,0.02710027100271003,2212.0,0.0
foldbench100__8q8i_A,9,282,376,6663,False,True,20,20,0.032454361054766734,0.032454361054766734,0.009153318077803204,0.009153318077803204,0.032454361054766734,0.032454361054766734,0.008393041656708445,0.037940379403794036,2214.0,0.0
foldbench100__8q8i_A,3,282,376,6663,False,True,19,19,0.036585365853658534,0.036585365853658534,0.021413276231263382,0.021413276231263382,0.016260162601626015,0.016260162601626015,0.0104163850885728,0.040632054176072234,2212.0,0.0
foldbench100__8q8i_A,19,282,376,6663,False,True,19,19,0.032388663967611336,0.032388663967611336,0.008733624454148471,0.008733624454148471,0.008298755186721992,0.008298755186721992,0.008695771192733888,0.028442437923250564,2211.0,0.0
denovo_pdb__6jcc_A,6,97,79,3003,True,True,15,15,0.4129032258064516,0.4129032258064516,0.25806451612903225,0.25806451612903225,0.3880597014925373,0.3880597014925373,0.06403052763856133,0.20180722891566266,995.0,0.0
denovo_pdb__6jcc_A,1,97,79,2939,True,True,14,14,0.17333333333333334,0.17333333333333334,0.15602836879432622,0.15602836879432622,0.08053691275167786,0.08053691275167786,0.052017878053016234,0.12923076923076923,973.0,0.0
denovo_pdb__6jcc_A,2,97,79,6663,False,True,33,33,0.27210884353741494,0.27210884353741494,0.0,0.0,0.0625,0.0625,0.07623050570864107,0.1244343891402715,2184.0,0.0
denovo_pdb__6jcc_A,7,97,79,1989,True,True,12,12,0.2096774193548387,0.2096774193548387,0.15602836879432622,0.15602836879432622,0.16129032258064516,0.16129032258064516,0.03994510746720686,0.13505311077389984,656.0,0.0
denovo_pdb__3lt8_A,0,69,56,2559,True,True,18,18,0.22857142857142856,0.22857142857142856,0.1804511278195489,0.1804511278195489,0.12903225806451613,0.12903225806451613,0.035632939873345544,0.13105076741440377,846.0,0.0
denovo_pdb__3lt8_A,10,69,56,1533,True,True,12,12,0.24242424242424243,0.24242424242424243,0.20338983050847456,0.20338983050847456,0.0625,0.0625,0.05746953322541282,0.16765285996055226,504.0,0.0
denovo_pdb__3lt8_A,19,69,56,2741,True,True,20,20,0.24242424242424243,0.24242424242424243,0.09523809523809523,0.09523809523809523,0.04878048780487805,0.04878048780487805,0.04324267647836265,0.11797133406835722,906.0,0.0
denovo_pdb__3lt8_A,11,69,56,2519,True,True,17,17,0.26016260162601623,0.26016260162601623,0.25688073394495414,0.25688073394495414,0.1075268817204301,0.1075268817204301,0.07443627072975953,0.18465227817745802,833.0,0.0
foldbench100__7znz_A,16,761,932,6663,False,True,15,15,0.029355456285896617,0.029355456285896617,0.009832841691248772,0.009832841691248772,0.011417697431018078,0.011417697431018078,0.0023982578159605465,0.043772563176895304,2208.0,0.0
foldbench100__7znz_A,17,761,932,6663,False,True,19,19,0.046210720887245836,0.046210720887245836,0.021235521235521235,0.021235521235521235,0.02016498625114574,0.02016498625114574,0.005154930870683617,0.0835214446952596,2214.0,0.0
foldbench100__7znz_A,15,761,932,6663,False,True,13,13,0.0991223541559112,0.0991223541559112,0.010193679918450561,0.010193679918450561,0.011049723756906077,0.011049723756906077,0.009308659921436514,0.08976093820478123,2198.0,0.0
foldbench100__7znz_A,11,761,932,6663,False,True,20,20,0.029850746268656716,0.029850746268656716,0.009881422924901186,0.009881422924901186,0.027472527472527472,0.027472527472527472,0.00658375869383607,0.08220415537488708,2211.0,0.0
denovo_pdb__8vez_A,23,115,107,2134,True,True,7,7,0.3436123348017621,0.3436123348017621,0.3436123348017621,0.3436123348017621,0.22421524663677128,0.22421524663677128,0.11543091309061289,0.22849083215796898,709.0,0.0
denovo_pdb__8vez_A,8,115,107,3188,True,True,11,11,0.4236453201970443,0.4236453201970443,0.4236453201970443,0.4236453201970443,0.13215859030837002,0.13215859030837002,0.10375014118151338,0.20302171860245516,1059.0,0.0
denovo_pdb__8vez_A,22,115,107,331,True,True,1,1,0.2119815668202765,0.2119815668202765,0.2119815668202765,0.2119815668202765,0.2119815668202765,0.2119815668202765,,0.20909090909090908,110.0,0.0
denovo_pdb__8vez_A,19,115,107,1601,True,True,5,5,0.30000000000000004,0.30000000000000004,0.30000000000000004,0.30000000000000004,0.12435233160621763,0.12435233160621763,0.06082752748685847,0.16165413533834586,532.0,0.0
foldbench100__7tlh_A,16,136,114,6663,False,True,30,30,0.10924369747899161,0.10924369747899161,0.0,0.0,0.03864734299516908,0.03864734299516908,0.02480515762765648,0.04703753957485301,2196.0,0.0
foldbench100__7tlh_A,6,136,114,6663,False,True,38,38,0.06936416184971099,0.06936416184971099,0.0,0.0,0.0,0.0,0.01798614962329756,0.03894927536231884,2205.0,0.0
foldbench100__7tlh_A,22,136,114,6663,False,True,33,33,0.0837696335078534,0.0837696335078534,0.01379310344827586,0.01379310344827586,0.011834319526627219,0.011834319526627219,0.027387084270491246,0.042986425339366516,2202.0,0.0
foldbench100__7tlh_A,15,136,114,6663,False,True,31,31,0.10582010582010581,0.10582010582010581,0.02666666666666667,0.02666666666666667,0.02173913043478261,0.02173913043478261,0.02908702558097971,0.05924920850293985,2205.0,0.0
foldbench100__7zv1_A,11,136,111,6663,False,True,27,27,0.20095693779904308,0.20095693779904308,0.0790960451977401,0.0790960451977401,0.07228915662650603,0.07228915662650603,0.049763796768212756,0.10397830018083183,2189.0,0.0
foldbench100__7zv1_A,12,136,111,6663,False,True,29,29,0.16346153846153844,0.16346153846153844,0.0,0.0,0.16042780748663102,0.16042780748663102,0.041939242185951485,0.09090909090909091,2187.0,0.0
foldbench100__7zv1_A,7,136,111,6663,False,True,29,29,0.14906832298136646,0.14906832298136646,0.030534351145038167,0.030534351145038167,0.08866995073891627,0.08866995073891627,0.05923378256906694,0.10990502035278155,2175.0,0.0
foldbench100__7zv1_A,2,136,111,6663,False,True,26,26,0.18079096045197743,0.18079096045197743,0.04597701149425287,0.04597701149425287,0.08860759493670885,0.08860759493670885,0.06055191111131877,0.09041591320072333,2177.0,0.0
denovo_pdb__4r6f_A,17,329,345,3025,True,True,7,7,0.6526315789473685,0.6526315789473685,0.6526315789473685,0.6526315789473685,0.31063829787234043,0.31063829787234043,0.11229314637364285,0.6391650099403579,1002.0,0.0
denovo_pdb__4r6f_A,14,329,345,3488,True,True,8,8,0.6362297496318114,0.6362297496318114,0.6362297496318114,0.6362297496318114,0.29550321199143464,0.29550321199143464,0.1412814167494684,0.6336206896551724,1156.0,0.0
denovo_pdb__4r6f_A,0,329,345,4180,True,True,10,10,0.6559766763848396,0.6559766763848396,0.6559766763848396,0.6559766763848396,0.2915811088295688,0.2915811088295688,0.10697246289053162,0.6014388489208633,1389.0,0.0
denovo_pdb__4r6f_A,1,329,345,3663,True,True,9,9,0.6207906295754027,0.6207906295754027,0.6207906295754027,0.6207906295754027,0.29130434782608694,0.29130434782608694,0.10882559259701913,0.6165845648604269,1218.0,0.0
denovo_pdb__9v4l_A,9,68,58,669,True,True,12,12,0.16,0.16,0.16,0.16,0.10666666666666667,0.10666666666666667,0.05299024500605529,0.1461187214611872,219.0,0.0
denovo_pdb__9v4l_A,0,68,58,517,True,True,7,7,0.5656565656565657,0.5656565656565657,0.5656565656565657,0.5656565656565657,0.1395348837209302,0.1395348837209302,0.039505163203977386,0.28823529411764703,169.0,0.0
denovo_pdb__9v4l_A,22,68,58,1267,True,True,16,16,0.2368421052631579,0.2368421052631579,0.06896551724137931,0.06896551724137931,0.11940298507462686,0.11940298507462686,0.05915922274083383,0.18465227817745802,415.0,0.0
denovo_pdb__9v4l_A,21,68,58,1059,True,True,9,9,0.5346534653465347,0.5346534653465347,0.5346534653465347,0.5346534653465347,0.2142857142857143,0.2142857142857143,0.13947501038048118,0.35428571428571426,348.0,0.0
denovo_pdb__7hjf_A,7,126,93,2224,True,True,10,10,0.3163841807909605,0.3163841807909605,0.21212121212121215,0.21212121212121215,0.14213197969543148,0.14213197969543148,0.07173917930237068,0.1937669376693767,738.0,0.0
denovo_pdb__7hjf_A,20,126,93,1054,True,True,4,4,0.5245901639344263,0.5245901639344263,0.5245901639344263,0.5245901639344263,0.446927374301676,0.446927374301676,0.1084892845736849,0.38857142857142857,349.0,0.0
denovo_pdb__7hjf_A,10,126,93,4273,True,True,16,16,0.5051546391752577,0.5051546391752577,0.5051546391752577,0.5051546391752577,0.04950495049504951,0.04950495049504951,0.08181901486995063,0.21282593375616632,1409.0,0.0
denovo_pdb__7hjf_A,4,126,93,943,True,True,4,4,0.5088757396449705,0.5088757396449705,0.5088757396449705,0.5088757396449705,0.09195402298850575,0.09195402298850575,0.06897232899161009,0.2747603833865815,313.0,0.0
foldbench100__7uba_A,0,213,208,6663,False,True,20,20,0.12307692307692307,0.12307692307692307,0.04081632653061225,0.04081632653061225,0.018987341772151896,0.018987341772151896,0.026492300081842182,0.07588075880758807,2211.0,0.0
foldbench100__7uba_A,6,213,208,6663,False,True,20,20,0.0925925925925926,0.0925925925925926,0.014134275618374562,0.014134275618374562,0.03246753246753247,0.03246753246753247,0.02570611820977155,0.05962059620596206,2213.0,0.0
foldbench100__7uba_A,4,213,208,6663,False,True,20,20,0.08125,0.08125,0.017167381974248927,0.017167381974248927,0.04361370716510903,0.04361370716510903,0.018055874917089154,0.057362240289069555,2210.0,0.0
foldbench100__7uba_A,21,213,208,6663,False,True,20,20,0.08408408408408408,0.08408408408408408,0.06405693950177936,0.06405693950177936,0.018633540372670808,0.018633540372670808,0.02194102635130754,0.06684733514001806,2213.0,0.0
denovo_pdb__7hj9_A,19,126,92,991,True,True,4,4,0.4,0.4,0.3930635838150289,0.3930635838150289,0.24175824175824176,0.24175824175824176,0.15248781139384224,0.3525835866261398,329.0,0.0
denovo_pdb__7hj9_A,9,126,92,3315,True,True,15,15,0.5284974093264249,0.5284974093264249,0.5284974093264249,0.5284974093264249,0.12,0.12,0.06574561311805246,0.2318181818181818,1099.0,0.0
denovo_pdb__7hj9_A,18,126,92,681,True,True,3,3,0.2696629213483146,0.2696629213483146,0.2696629213483146,0.2696629213483146,0.16455696202531644,0.16455696202531644,0.20322664584959665,0.2610619469026549,225.0,0.0
denovo_pdb__7hj9_A,20,126,92,3221,True,True,14,14,0.4357541899441341,0.4357541899441341,0.4357541899441341,0.4357541899441341,0.2424242424242424,0.2424242424242424,0.086352875664539,0.26192703461178674,1067.0,0.0
denovo_pdb__8vei_A,21,117,95,6663,False,True,24,24,0.1787709497206704,0.1787709497206704,0.05813953488372093,0.05813953488372093,0.15463917525773194,0.15463917525773194,0.03782360717389852,0.07591504744690465,2203.0,0.0
denovo_pdb__8vei_A,20,117,95,3509,True,True,11,11,0.3727272727272727,0.3727272727272727,0.3727272727272727,0.3727272727272727,0.0808080808080808,0.0808080808080808,0.06212955993561836,0.15608919382504288,1161.0,0.0
denovo_pdb__8vei_A,0,117,95,3650,True,True,14,14,0.36792452830188677,0.36792452830188677,0.36792452830188677,0.36792452830188677,0.05970149253731343,0.05970149253731343,0.02582020832270448,0.11138613861386139,1211.0,0.0
denovo_pdb__8vei_A,16,117,95,6663,False,True,22,22,0.143646408839779,0.143646408839779,0.013698630136986302,0.013698630136986302,0.09478672985781991,0.09478672985781991,0.03514891942085666,0.06142728093947606,2197.0,0.0
denovo_pdb__9r1j_A,3,132,115,2295,True,True,9,9,0.36097560975609755,0.36097560975609755,0.09691629955947137,0.09691629955947137,0.18274111675126903,0.18274111675126903,0.0714327478461898,0.20603674540682415,761.0,0.0
denovo_pdb__9r1j_A,6,132,115,415,True,True,1,1,0.6166007905138339,0.6166007905138339,0.6166007905138339,0.6166007905138339,0.6166007905138339,0.6166007905138339,,0.5652173913043478,138.0,0.0
denovo_pdb__9r1j_A,17,132,115,388,True,True,1,1,0.30327868852459017,0.30327868852459017,0.30327868852459017,0.30327868852459017,0.30327868852459017,0.30327868852459017,,0.2868217054263566,129.0,0.0
denovo_pdb__9r1j_A,4,132,115,3008,True,True,11,11,0.3333333333333333,0.3333333333333333,0.16666666666666666,0.16666666666666666,0.2748815165876777,0.2748815165876777,0.06790162280749212,0.1941941941941942,997.0,0.0
denovo_pdb__7hju_A,13,126,93,1096,True,True,4,4,0.4766355140186916,0.4766355140186916,0.4766355140186916,0.4766355140186916,0.13095238095238096,0.13095238095238096,0.1304201484412297,0.27472527472527475,364.0,0.0
denovo_pdb__7hju_A,17,126,93,711,True,True,3,3,0.5859872611464968,0.5859872611464968,0.5859872611464968,0.5859872611464968,0.25806451612903225,0.25806451612903225,0.18971264367816093,0.4703389830508475,236.0,0.0
denovo_pdb__7hju_A,8,126,93,202,True,True,1,1,0.28750000000000003,0.28750000000000003,0.28750000000000003,0.28750000000000003,0.28750000000000003,0.28750000000000003,,0.34328358208955223,67.0,0.0
denovo_pdb__7hju_A,19,126,93,1823,True,True,11,11,0.5227272727272728,0.5227272727272728,0.5227272727272728,0.5227272727272728,0.3048780487804878,0.3048780487804878,0.09039186927403542,0.34271523178807944,603.0,0.0
denovo_pdb__9lni_A,5,212,220,6663,False,True,20,20,0.08955223880597014,0.08955223880597014,0.015267175572519082,0.015267175572519082,0.024390243902439022,0.024390243902439022,0.014157889561815275,0.06007226738934056,2203.0,0.0
denovo_pdb__9lni_A,23,212,220,6663,False,True,20,20,0.13173652694610777,0.13173652694610777,0.023529411764705882,0.023529411764705882,0.006289308176100628,0.006289308176100628,0.027414630063657696,0.10388437217705511,2204.0,0.0
denovo_pdb__9lni_A,15,212,220,6663,False,True,21,21,0.14328358208955222,0.14328358208955222,0.014652014652014652,0.014652014652014652,0.03614457831325301,0.03614457831325301,0.0200749702406413,0.10569105691056911,2208.0,0.0
denovo_pdb__9lni_A,1,212,220,1188,True,True,3,3,0.16783216783216784,0.16783216783216784,0.16783216783216784,0.16783216783216784,0.07902735562310031,0.07902735562310031,0.016149068322981366,0.17215189873417722,395.0,0.0
denovo_pdb__2hkd_A,22,315,273,4864,True,True,13,13,0.2820037105751392,0.2820037105751392,0.2820037105751392,0.2820037105751392,0.0358974358974359,0.0358974358974359,0.042314207629804784,0.20222634508348794,1615.0,0.0
denovo_pdb__2hkd_A,1,315,273,6663,False,True,19,19,0.20487804878048782,0.20487804878048782,0.08645533141210374,0.08645533141210374,0.08923884514435695,0.08923884514435695,0.04986308692783302,0.18239277652370203,2214.0,0.0
denovo_pdb__2hkd_A,21,315,273,3838,True,True,10,10,0.31956912028725315,0.31956912028725315,0.31956912028725315,0.31956912028725315,0.18134715025906736,0.18134715025906736,0.06740845155780271,0.2609717868338558,1274.0,0.0
denovo_pdb__2hkd_A,23,315,273,6663,False,True,20,20,0.08465608465608465,0.08465608465608465,0.02680965147453083,0.02680965147453083,0.07008086253369272,0.07008086253369272,0.0251430729729525,0.0971093044263776,2213.0,0.0
denovo_pdb__9jwq_A,9,286,254,6663,False,True,18,18,0.10526315789473685,0.10526315789473685,0.10526315789473685,0.10526315789473685,0.06611570247933884,0.06611570247933884,0.023079945765379205,0.1038374717832957,2208.0,0.0
denovo_pdb__9jwq_A,19,286,254,6663,False,True,19,19,0.17587939698492464,0.17587939698492464,0.07216494845360825,0.07216494845360825,0.07865168539325842,0.07865168539325842,0.02751507284425446,0.1309255079006772,2213.0,0.0
denovo_pdb__9jwq_A,13,286,254,6663,False,True,19,19,0.1432225063938619,0.1432225063938619,0.04,0.04,0.10614525139664804,0.10614525139664804,0.021798402363468108,0.1291196388261851,2210.0,0.0
denovo_pdb__9jwq_A,21,286,254,6663,False,True,19,19,0.128,0.128,0.04651162790697675,0.04651162790697675,0.03783783783783783,0.03783783783783783,0.021551917561405787,0.11106094808126411,2208.0,0.0
denovo_pdb__8j1x_A,0,174,159,3559,True,True,10,10,0.13333333333333333,0.13333333333333333,0.13333333333333333,0.13333333333333333,0.06428571428571428,0.06428571428571428,0.038497013856226586,0.06931530008453085,1182.0,0.0
denovo_pdb__8j1x_A,1,174,159,6663,False,True,19,19,0.08099688473520247,0.08099688473520247,0.0,0.0,0.041666666666666664,0.041666666666666664,0.03776858884838453,0.05327313769751693,2210.0,0.0
denovo_pdb__8j1x_A,21,174,159,6663,False,True,20,20,0.08450704225352113,0.08450704225352113,0.03296703296703297,0.03296703296703297,0.06976744186046512,0.06976744186046512,0.024367682025174,0.04155374887082204,2199.0,0.0
denovo_pdb__8j1x_A,20,174,159,6663,False,True,20,20,0.10108303249097474,0.10108303249097474,0.0187793427230047,0.0187793427230047,0.07604562737642587,0.07604562737642587,0.026349081850415085,0.056458897922312554,2204.0,0.0
denovo_pdb__5cwg_A,18,195,174,6663,False,True,19,19,0.108843537414966,0.108843537414966,0.05668016194331983,0.05668016194331983,0.05090909090909091,0.05090909090909091,0.03906419235730788,0.07855530474040633,2209.0,0.0
denovo_pdb__5cwg_A,20,195,174,6663,False,True,23,23,0.11059907834101383,0.11059907834101383,0.0,0.0,0.06489675516224189,0.06489675516224189,0.031810008060730185,0.0736556710347944,2194.0,0.0
denovo_pdb__5cwg_A,21,195,174,6663,False,True,18,18,0.11888111888111887,0.11888111888111887,0.07211538461538462,0.07211538461538462,0.06228373702422145,0.06228373702422145,0.03299740795804775,0.08036117381489842,2199.0,0.0
denovo_pdb__5cwg_A,12,195,174,6663,False,True,20,20,0.08391608391608392,0.08391608391608392,0.03816793893129771,0.03816793893129771,0.08391608391608392,0.08391608391608392,0.03128107125162399,0.058265582655826556,2203.0,0.0
denovo_pdb__7hjd_A,12,126,93,334,True,True,1,1,0.5588235294117647,0.5588235294117647,0.5588235294117647,0.5588235294117647,0.5588235294117647,0.5588235294117647,,0.5135135135135135,111.0,0.0
denovo_pdb__7hjd_A,22,126,93,591,True,True,3,3,0.5664739884393064,0.5664739884393064,0.5664739884393064,0.5664739884393064,0.27142857142857146,0.27142857142857146,0.04658944658944659,0.4030612244897959,195.0,0.0
denovo_pdb__7hjd_A,21,126,93,635,True,True,2,2,0.3917525773195877,0.3917525773195877,0.3917525773195877,0.3917525773195877,0.2857142857142857,0.2857142857142857,0.192090395480226,0.3175355450236967,211.0,0.0
denovo_pdb__7hjd_A,15,126,93,1433,True,True,5,5,0.5436893203883496,0.5436893203883496,0.5436893203883496,0.5436893203883496,0.30939226519337015,0.30939226519337015,0.07145736130650367,0.2920168067226891,475.0,0.0
denovo_pdb__5bvl_A,9,180,235,3185,True,True,8,8,0.5267489711934157,0.5267489711934157,0.5267489711934157,0.5267489711934157,0.093841642228739,0.093841642228739,0.10209403289246032,0.40793201133144474,1056.0,0.0
denovo_pdb__5bvl_A,20,180,235,2036,True,True,5,5,0.5520361990950226,0.5520361990950226,0.5520361990950226,0.5520361990950226,0.34582132564841495,0.34582132564841495,0.16871345758453166,0.5022156573116692,676.0,0.0
denovo_pdb__5bvl_A,21,180,235,3480,True,True,9,9,0.5582417582417581,0.5582417582417581,0.5582417582417581,0.5582417582417581,0.20869565217391306,0.20869565217391306,0.08998123682954329,0.43820224719101125,1156.0,0.0
denovo_pdb__5bvl_A,8,180,235,6663,False,True,19,19,0.24449877750611246,0.24449877750611246,0.05947955390334572,0.05947955390334572,0.1111111111111111,0.1111111111111111,0.052770304523506645,0.20451467268623025,2212.0,0.0
denovo_pdb__7ur7_A,15,63,60,178,True,True,1,1,0.6218487394957983,0.6218487394957983,0.6218487394957983,0.6218487394957983,0.6218487394957983,0.6218487394957983,,0.6271186440677966,59.0,0.0
denovo_pdb__7ur7_A,23,63,60,136,True,True,1,1,0.5142857142857143,0.5142857142857143,0.5142857142857143,0.5142857142857143,0.5142857142857143,0.5142857142857143,,0.6,45.0,0.0
denovo_pdb__7ur7_A,20,63,60,1454,True,True,11,11,0.4000000000000001,0.4000000000000001,0.3541666666666667,0.3541666666666667,0.20618556701030927,0.20618556701030927,0.1262357846967095,0.3076923076923077,481.0,0.0
denovo_pdb__7ur7_A,1,63,60,986,True,True,8,8,0.4521739130434783,0.4521739130434783,0.37383177570093457,0.37383177570093457,0.05333333333333334,0.05333333333333334,0.13021791073392208,0.34049079754601225,326.0,0.0
denovo_pdb__7bid_A,9,286,292,985,True,True,1,1,0.7225806451612903,0.7225806451612903,0.7225806451612903,0.7225806451612903,0.7225806451612903,0.7225806451612903,,0.6829268292682927,328.0,0.0
denovo_pdb__7bid_A,2,286,292,859,True,True,1,1,0.7370242214532873,0.7370242214532873,0.7370242214532873,0.7370242214532873,0.7370242214532873,0.7370242214532873,,0.7447552447552448,286.0,0.0
denovo_pdb__7bid_A,21,286,292,853,True,True,1,1,0.7256944444444444,0.7256944444444444,0.7256944444444444,0.7256944444444444,0.7256944444444444,0.7256944444444444,,0.7359154929577465,284.0,0.0
denovo_pdb__7bid_A,13,286,292,865,True,True,1,1,0.7275862068965517,0.7275862068965517,0.7275862068965517,0.7275862068965517,0.7275862068965517,0.7275862068965517,,0.7326388888888888,288.0,0.0
casp_fm__T1112-D1,12,460,406,6663,False,True,21,21,0.03536345776031434,0.03536345776031434,0.004662004662004662,0.004662004662004662,0.03536345776031434,0.03536345776031434,0.005917665370130132,0.04787714543812105,2213.0,0.0
casp_fm__T1112-D1,15,460,406,6663,False,True,19,19,0.04929577464788733,0.04929577464788733,0.012578616352201257,0.012578616352201257,0.0196078431372549,0.0196078431372549,0.005475429105207575,0.042437923250564336,2214.0,0.0
casp_fm__T1112-D1,17,460,406,6663,False,True,20,20,0.06525911708253358,0.06525911708253358,0.01996007984031936,0.01996007984031936,0.015594541910331383,0.015594541910331383,0.008119484809174722,0.051942186088527555,2212.0,0.0
casp_fm__T1112-D1,22,460,406,6663,False,True,21,21,0.026717557251908396,0.026717557251908396,0.008791208791208791,0.008791208791208791,0.012121212121212123,0.012121212121212123,0.0054361436545381,0.03071364046973803,2213.0,0.0
denovo_pdb__9qui_A,11,170,153,6663,False,True,22,22,0.2109090909090909,0.2109090909090909,0.043243243243243246,0.043243243243243246,0.11673151750972763,0.11673151750972763,0.0913633575114241,0.14046973803071364,2211.0,0.0
denovo_pdb__9qui_A,2,170,153,3487,True,True,10,10,0.20074349442379183,0.20074349442379183,0.10967741935483871,0.10967741935483871,0.07633587786259544,0.07633587786259544,0.08315387389803629,0.13891285591026747,1156.0,0.0
denovo_pdb__9qui_A,7,170,153,6663,False,True,21,21,0.1590909090909091,0.1590909090909091,0.05347593582887701,0.05347593582887701,0.05907172995780591,0.05907172995780591,0.0636996028056337,0.11878952122854562,2191.0,0.0
denovo_pdb__9qui_A,0,170,153,4161,True,True,12,12,0.19999999999999998,0.19999999999999998,0.19999999999999998,0.19999999999999998,0.07722007722007722,0.07722007722007722,0.05645021518656403,0.10339840925524223,1382.0,0.0
foldbench100__7zs2_A,16,316,223,6663,False,True,20,20,0.07017543859649122,0.07017543859649122,0.034129692832764506,0.034129692832764506,0.060606060606060594,0.060606060606060594,0.013303102906947651,0.05600722673893405,2209.0,0.0
foldbench100__7zs2_A,4,316,223,6663,False,True,18,18,0.07471264367816093,0.07471264367816093,0.049661399548532735,0.049661399548532735,0.023255813953488375,0.023255813953488375,0.011923488163598932,0.062302483069977425,2201.0,0.0
foldbench100__7zs2_A,11,316,223,6663,False,True,20,20,0.08115942028985508,0.08115942028985508,0.02,0.02,0.049079754601226995,0.049079754601226995,0.014826248547715281,0.05916892502258356,2213.0,0.0
foldbench100__7zs2_A,13,316,223,6663,False,True,20,20,0.08615384615384615,0.08615384615384615,0.05633802816901408,0.05633802816901408,0.02424242424242424,0.02424242424242424,0.014619446313204025,0.06187895212285456,2213.0,0.0
cameo_hard__9dl1_D,16,124,34,6663,False,True,23,23,0.10204081632653061,0.10204081632653061,0.09523809523809523,0.09523809523809523,0.05128205128205129,0.05128205128205129,0.03346698117085891,0.019882512426570267,2201.0,0.0
cameo_hard__9dl1_D,13,124,34,3202,True,True,10,10,0.128,0.128,0.013513513513513513,0.013513513513513513,0.09937888198757763,0.09937888198757763,0.03163157430049547,0.023496240601503758,1064.0,0.0
cameo_hard__9dl1_D,20,124,34,6663,False,True,20,20,0.072992700729927,0.072992700729927,0.027972027972027972,0.027972027972027972,0.0,0.0,0.03755765170188428,0.026196928635953028,2192.0,0.0
cameo_hard__9dl1_D,6,124,34,6663,False,True,22,22,0.15492957746478872,0.15492957746478872,0.0,0.0,0.033898305084745756,0.033898305084745756,0.034358474468599444,0.028455284552845527,2202.0,0.0
cameo_hard__9emy_B,0,379,459,6663,False,True,20,20,0.03866432337434095,0.03866432337434095,0.03225806451612903,0.03225806451612903,0.017730496453900707,0.017730496453900707,0.01196652818872055,0.06684733514001806,2212.0,0.0
cameo_hard__9emy_B,5,379,459,6663,False,True,20,20,0.04033613445378151,0.04033613445378151,0.01125703564727955,0.01125703564727955,0.01436265709156194,0.01436265709156194,0.006572574223128793,0.05465221318879855,2211.0,0.0
cameo_hard__9emy_B,4,379,459,6663,False,True,19,19,0.10945273631840796,0.10945273631840796,0.037523452157598496,0.037523452157598496,0.03169014084507042,0.03169014084507042,0.014493921924791249,0.11647855530474041,2211.0,0.0
cameo_hard__9emy_B,10,379,459,6663,False,True,19,19,0.06840390879478828,0.06840390879478828,0.04844290657439446,0.04844290657439446,0.028169014084507046,0.028169014084507046,0.010770546687321275,0.09571106094808127,2214.0,0.0
denovo_pdb__6n9h_A,22,75,39,1392,True,True,18,18,0.6857142857142857,0.6857142857142857,0.6666666666666666,0.6666666666666666,0.37931034482758624,0.37931034482758624,0.1507508533809115,0.4606986899563319,457.0,0.0
denovo_pdb__6n9h_A,1,75,39,2160,True,True,33,33,0.5977011494252873,0.5977011494252873,0.4999999999999999,0.4999999999999999,0.2295081967213115,0.2295081967213115,0.09565369864949805,0.34978843441466856,700.0,0.0
denovo_pdb__6n9h_A,0,75,39,2529,True,True,30,30,0.46153846153846156,0.46153846153846156,0.4383561643835616,0.4383561643835616,0.03333333333333333,0.03333333333333333,0.20447338653661834,0.2605042016806723,815.0,0.0
denovo_pdb__6n9h_A,2,75,39,1361,True,True,17,17,0.23376623376623376,0.23376623376623376,0.14634146341463414,0.14634146341463414,0.15873015873015872,0.15873015873015872,0.14000795744329017,0.13616071428571427,447.0,0.0
foldbench100__7uvg_A,9,183,178,6663,False,True,20,20,0.08333333333333334,0.08333333333333334,0.00909090909090909,0.00909090909090909,0.08333333333333334,0.08333333333333334,0.02757671844913504,0.052393857271906055,2207.0,0.0
foldbench100__7uvg_A,5,183,178,6663,False,True,20,20,0.12456747404844289,0.12456747404844289,0.0392156862745098,0.0392156862745098,0.08552631578947369,0.08552631578947369,0.03261142150620005,0.07859078590785908,2212.0,0.0
foldbench100__7uvg_A,22,183,178,6663,False,True,21,21,0.06944444444444445,0.06944444444444445,0.01652892561983471,0.01652892561983471,0.03496503496503497,0.03496503496503497,0.03544010318676873,0.045167118337850046,2201.0,0.0
foldbench100__7uvg_A,18,183,178,6663,False,True,22,22,0.10631229235880399,0.10631229235880399,0.03305785123966942,0.03305785123966942,0.027972027972027972,0.027972027972027972,0.02487000512473265,0.06729900632339657,2208.0,0.0
denovo_pdb__4hxt_A,0,247,199,1160,True,True,2,2,0.5277044854881267,0.5277044854881267,0.5277044854881267,0.5277044854881267,0.49876543209876545,0.49876543209876545,0.26557377049180325,0.5207253886010362,386.0,0.0
denovo_pdb__4hxt_A,4,247,199,1308,True,True,3,3,0.538653366583541,0.538653366583541,0.538653366583541,0.538653366583541,0.3125,0.3125,0.15366526847160938,0.48735632183908045,435.0,0.0
denovo_pdb__4hxt_A,8,247,199,1308,True,True,3,3,0.5831325301204819,0.5831325301204819,0.5831325301204819,0.5831325301204819,0.2838709677419355,0.2838709677419355,0.1763800693443453,0.503448275862069,435.0,0.0
denovo_pdb__4hxt_A,9,247,199,715,True,True,1,1,0.5345622119815668,0.5345622119815668,0.5345622119815668,0.5345622119815668,0.5345622119815668,0.5345622119815668,,0.48739495798319327,235.0,0.0
denovo_pdb__7osv_A,14,173,214,3797,True,True,11,11,0.38630806845965765,0.38630806845965765,0.38630806845965765,0.38630806845965765,0.16077170418006428,0.16077170418006428,0.06598728125055672,0.2733755942947702,1261.0,0.0
denovo_pdb__7osv_A,23,173,214,6663,False,True,20,20,0.37433155080213903,0.37433155080213903,0.19528619528619529,0.19528619528619529,0.1515151515151515,0.1515151515151515,0.08449351374831326,0.35862691960252935,2213.0,0.0
denovo_pdb__7osv_A,16,173,214,923,True,True,2,2,0.511166253101737,0.511166253101737,0.511166253101737,0.511166253101737,0.3262839879154078,0.3262839879154078,0.21428571428571427,0.511400651465798,306.0,0.0
denovo_pdb__7osv_A,8,173,214,6663,False,True,19,19,0.34239130434782605,0.34239130434782605,0.0898876404494382,0.0898876404494382,0.2529411764705882,0.2529411764705882,0.08556488122275292,0.2848758465011287,2206.0,0.0
denovo_pdb__4db6_A,17,197,156,589,True,True,1,1,0.5299145299145299,0.5299145299145299,0.5299145299145299,0.5299145299145299,0.5299145299145299,0.5299145299145299,,0.4744897959183674,195.0,0.0
denovo_pdb__4db6_A,12,197,156,899,True,True,2,2,0.5165165165165165,0.5165165165165165,0.5165165165165165,0.5165165165165165,0.3669064748201438,0.3669064748201438,0.2056451612903226,0.45819397993311034,299.0,0.0
denovo_pdb__4db6_A,6,197,156,538,True,True,1,1,0.5313432835820896,0.5313432835820896,0.5313432835820896,0.5313432835820896,0.5313432835820896,0.5313432835820896,,0.4972067039106145,179.0,0.0
denovo_pdb__4db6_A,9,197,156,1191,True,True,3,3,0.6102719033232629,0.6102719033232629,0.6102719033232629,0.6102719033232629,0.417910447761194,0.417910447761194,0.18116681455190772,0.5202020202020202,396.0,0.0
cameo_hard__9bch_A,12,198,173,6663,False,True,19,19,0.1,0.1,0.028880866425992777,0.028880866425992777,0.02867383512544803,0.02867383512544803,0.01851992314644894,0.04604966139954853,2205.0,0.0
cameo_hard__9bch_A,7,198,173,6663,False,True,20,20,0.0627177700348432,0.0627177700348432,0.0,0.0,0.007352941176470588,0.007352941176470588,0.021118164549555608,0.04878048780487805,2207.0,0.0
cameo_hard__9bch_A,14,198,173,6663,False,True,20,20,0.09230769230769231,0.09230769230769231,0.045454545454545456,0.045454545454545456,0.03558718861209964,0.03558718861209964,0.02462467454144021,0.043812104787714544,2209.0,0.0
cameo_hard__9bch_A,0,198,173,6663,False,True,19,19,0.08934707903780069,0.08934707903780069,0.024896265560165973,0.024896265560165973,0.0808080808080808,0.0808080808080808,0.016158339170285106,0.053724604966139955,2204.0,0.0
denovo_pdb__9raq_A,9,208,144,6663,False,True,19,19,0.11583011583011583,0.11583011583011583,0.024691358024691357,0.024691358024691357,0.11583011583011583,0.11583011583011583,0.025706428061499795,0.0672686230248307,2207.0,0.0
denovo_pdb__9raq_A,4,208,144,6663,False,True,19,19,0.13026819923371646,0.13026819923371646,0.0,0.0,0.07258064516129033,0.07258064516129033,0.02294688678409707,0.08261851015801354,2190.0,0.0
denovo_pdb__9raq_A,15,208,144,6663,False,True,20,20,0.11278195488721805,0.11278195488721805,0.0,0.0,0.05447470817120622,0.05447470817120622,0.038379664223358416,0.08220415537488708,2199.0,0.0
denovo_pdb__9raq_A,12,208,144,6663,False,True,19,19,0.10077519379844961,0.10077519379844961,0.066006600660066,0.066006600660066,0.05363984674329502,0.05363984674329502,0.026313424738962265,0.06139954853273138,2188.0,0.0
foldbench100__7xjr_A,23,337,354,1977,True,True,3,3,0.227154046997389,0.227154046997389,0.227154046997389,0.227154046997389,0.0737527114967462,0.0737527114967462,0.05082345191040843,0.18693009118541035,656.0,0.0
foldbench100__7xjr_A,4,337,354,6663,False,True,14,14,0.23449830890642615,0.23449830890642615,0.23449830890642615,0.23449830890642615,0.06493506493506493,0.06493506493506493,0.03474245096176827,0.1723826714801444,2099.0,0.0
foldbench100__7xjr_A,18,337,354,5010,True,True,12,12,0.1820480404551201,0.1820480404551201,0.1820480404551201,0.1820480404551201,0.09503239740820736,0.09503239740820736,0.03491629327586223,0.15546218487394958,1656.0,0.0
foldbench100__7xjr_A,15,337,354,5392,True,True,13,13,0.22950819672131145,0.22950819672131145,0.22950819672131145,0.22950819672131145,0.055913978494623665,0.055913978494623665,0.027752193204646915,0.14779698828778584,1787.0,0.0
denovo_pdb__7ur8_A,19,71,44,172,True,True,1,1,0.4554455445544554,0.4554455445544554,0.4554455445544554,0.4554455445544554,0.4554455445544554,0.4554455445544554,,0.40350877192982454,57.0,0.0
denovo_pdb__7ur8_A,21,71,44,1939,True,True,13,13,0.6249999999999999,0.6249999999999999,0.6249999999999999,0.6249999999999999,0.36170212765957455,0.36170212765957455,0.14197278259239157,0.3582554517133956,639.0,0.0
denovo_pdb__7ur8_A,1,71,44,1014,True,True,9,9,0.4086021505376344,0.4086021505376344,0.33707865168539325,0.33707865168539325,0.1379310344827586,0.1379310344827586,0.13345541152066887,0.31044776119402984,335.0,0.0
denovo_pdb__7ur8_A,16,71,44,2256,True,True,15,15,0.6262626262626263,0.6262626262626263,0.6262626262626263,0.6262626262626263,0.13725490196078433,0.13725490196078433,0.1549384305224735,0.30655957161981257,745.0,0.0
denovo_pdb__3v45_A,1,166,126,6663,False,True,26,26,0.21052631578947367,0.21052631578947367,0.025974025974025972,0.025974025974025972,0.09777777777777778,0.09777777777777778,0.04807821879827621,0.13652802893309224,2211.0,0.0
denovo_pdb__3v45_A,21,166,126,6663,False,True,26,26,0.15165876777251183,0.15165876777251183,0.01932367149758454,0.01932367149758454,0.15044247787610618,0.15044247787610618,0.04169628909789771,0.09629294755877034,2206.0,0.0
denovo_pdb__3v45_A,2,166,126,6663,False,True,23,23,0.17674418604651163,0.17674418604651163,0.08433734939759036,0.08433734939759036,0.17674418604651163,0.17674418604651163,0.05603297677073196,0.12291007681879801,2200.0,0.0
denovo_pdb__3v45_A,14,166,126,6663,False,True,25,25,0.20353982300884957,0.20353982300884957,0.027586206896551724,0.027586206896551724,0.00904977375565611,0.00904977375565611,0.03395905265605816,0.09760506100316313,2205.0,0.0
denovo_pdb__8kac_A,19,121,103,2980,True,True,13,13,0.31901840490797545,0.31901840490797545,0.2815533980582524,0.2815533980582524,0.17258883248730966,0.17258883248730966,0.07954298710252379,0.23356926188068755,986.0,0.0
denovo_pdb__8kac_A,9,121,103,6663,False,True,32,32,0.396039603960396,0.396039603960396,0.01680672268907563,0.01680672268907563,0.14765100671140938,0.14765100671140938,0.11563377326269009,0.2832579185520362,2203.0,0.0
denovo_pdb__8kac_A,8,121,103,2795,True,True,11,11,0.26794258373205737,0.26794258373205737,0.26794258373205737,0.26794258373205737,0.10526315789473685,0.10526315789473685,0.09858946785637632,0.2025862068965517,927.0,0.0
denovo_pdb__8kac_A,12,121,103,3526,True,True,13,13,0.30567685589519655,0.30567685589519655,0.30567685589519655,0.30567685589519655,0.22660098522167488,0.22660098522167488,0.08817643042443517,0.23825789923142612,1168.0,0.0
foldbench100__8e0r_A,22,468,496,6663,False,True,20,20,0.03333333333333333,0.03333333333333333,0.0034364261168384875,0.0034364261168384875,0.02352941176470588,0.02352941176470588,0.008947041549947597,0.05420054200542006,2214.0,0.0
foldbench100__8e0r_A,11,468,496,6663,False,True,20,20,0.033846153846153845,0.033846153846153845,0.007736943907156672,0.007736943907156672,0.029702970297029705,0.029702970297029705,0.005377046687702814,0.04200542005420054,2212.0,0.0
foldbench100__8e0r_A,1,468,496,6663,False,True,20,20,0.03322259136212625,0.03322259136212625,0.010600706713780918,0.010600706713780918,0.0,0.0,0.004557102752587372,0.036133694670280034,2212.0,0.0
foldbench100__8e0r_A,0,468,496,6663,False,True,21,21,0.03654485049833887,0.03654485049833887,0.0,0.0,0.03654485049833887,0.03654485049833887,0.010739778036807205,0.056910569105691054,2214.0,0.0
foldbench100__8dqd_A,19,377,395,6663,False,True,19,19,0.09929078014184398,0.09929078014184398,0.025806451612903226,0.025806451612903226,0.02395209580838323,0.02395209580838323,0.01139222296304643,0.07765237020316026,2214.0,0.0
foldbench100__8dqd_A,4,377,395,6663,False,True,20,20,0.04705882352941176,0.04705882352941176,0.004962779156327543,0.004962779156327543,0.04705882352941176,0.04705882352941176,0.00713926476392928,0.058265582655826556,2212.0,0.0
foldbench100__8dqd_A,13,377,395,6663,False,True,20,20,0.07465618860510806,0.07465618860510806,0.02028397565922921,0.02028397565922921,0.00784313725490196,0.00784313725490196,0.010900601059058901,0.07226738934056007,2210.0,0.0
foldbench100__8dqd_A,5,377,395,6663,False,True,20,20,0.09108910891089109,0.09108910891089109,0.06047516198704104,0.06047516198704104,0.036,0.036,0.01571906066421832,0.10478771454381211,2210.0,0.0
denovo_pdb__8cig_A,13,136,121,421,True,True,1,1,0.8153846153846155,0.8153846153846155,0.8153846153846155,0.8153846153846155,0.8153846153846155,0.8153846153846155,,0.7571428571428571,139.0,0.0
denovo_pdb__8cig_A,1,136,121,439,True,True,1,1,0.8333333333333333,0.8333333333333333,0.8333333333333333,0.8333333333333333,0.8333333333333333,0.8333333333333333,,0.7534246575342466,143.0,0.0
denovo_pdb__8cig_A,7,136,121,445,True,True,1,1,0.8314606741573035,0.8314606741573035,0.8314606741573035,0.8314606741573035,0.8314606741573035,0.8314606741573035,,0.75,146.0,0.0
denovo_pdb__8cig_A,18,136,121,388,True,True,1,1,0.8273092369477912,0.8273092369477912,0.8273092369477912,0.8273092369477912,0.8273092369477912,0.8273092369477912,,0.7984496124031008,128.0,0.0
denovo_pdb__5dra_A,14,190,167,592,True,True,1,1,0.6814404432132963,0.6814404432132963,0.6814404432132963,0.6814404432132963,0.6814404432132963,0.6814404432132963,,0.6243654822335025,194.0,0.0
denovo_pdb__5dra_A,12,190,167,619,True,True,1,1,0.7096774193548386,0.7096774193548386,0.7096774193548386,0.7096774193548386,0.7096774193548386,0.7096774193548386,,0.6407766990291263,205.0,0.0
denovo_pdb__5dra_A,16,190,167,839,True,True,2,2,0.7129909365558913,0.7129909365558913,0.7129909365558913,0.7129909365558913,0.5673758865248226,0.5673758865248226,0.3811881188118812,0.7096774193548387,279.0,0.0
denovo_pdb__5dra_A,5,190,167,619,True,True,1,1,0.6666666666666666,0.6666666666666666,0.6666666666666666,0.6666666666666666,0.6666666666666666,0.6666666666666666,,0.6019417475728155,205.0,0.0
denovo_pdb__8d03_A,10,65,44,2997,True,True,27,27,0.23076923076923078,0.23076923076923078,0.04081632653061224,0.04081632653061224,0.11111111111111112,0.11111111111111112,0.05678860678696946,0.10101010101010101,985.0,0.0
denovo_pdb__8d03_A,11,65,44,2515,True,True,28,28,0.24615384615384614,0.24615384615384614,0.125,0.125,0.07407407407407407,0.07407407407407407,0.04503954379535035,0.10253317249698432,829.0,0.0
denovo_pdb__8d03_A,13,65,44,1375,True,True,13,13,0.17500000000000002,0.17500000000000002,0.07317073170731707,0.07317073170731707,0.02127659574468085,0.02127659574468085,0.07276862339166457,0.07709251101321586,453.0,0.0
denovo_pdb__8d03_A,18,65,44,1548,True,True,15,15,0.16326530612244897,0.16326530612244897,0.16326530612244897,0.16326530612244897,0.0,0.0,0.03871165109968361,0.08414872798434442,508.0,0.0
denovo_pdb__6rem_A,5,251,223,613,True,True,1,1,0.585480093676815,0.585480093676815,0.585480093676815,0.585480093676815,0.585480093676815,0.585480093676815,,0.6127450980392157,204.0,0.0
denovo_pdb__6rem_A,15,251,223,772,True,True,1,1,0.5970772442588728,0.5970772442588728,0.5970772442588728,0.5970772442588728,0.5970772442588728,0.5970772442588728,,0.556420233463035,256.0,0.0
denovo_pdb__6rem_A,0,251,223,1025,True,True,2,2,0.5638766519823788,0.5638766519823788,0.5638766519823788,0.5638766519823788,0.3444108761329306,0.3444108761329306,0.26492537313432835,0.5425219941348973,339.0,0.0
denovo_pdb__6rem_A,17,251,223,685,True,True,1,1,0.6341463414634145,0.6341463414634145,0.6341463414634145,0.6341463414634145,0.6341463414634145,0.6341463414634145,,0.6271929824561403,228.0,0.0
denovo_pdb__3o49_A,18,123,134,1494,True,True,6,6,0.23478260869565215,0.23478260869565215,0.19138755980861244,0.19138755980861244,0.23478260869565215,0.23478260869565215,0.07868100793882271,0.22580645161290322,496.0,0.0
denovo_pdb__3o49_A,23,123,134,3175,True,True,10,10,0.27667984189723316,0.27667984189723316,0.27667984189723316,0.27667984189723316,0.17094017094017094,0.17094017094017094,0.0889132946254643,0.2132701421800948,1055.0,0.0
denovo_pdb__3o49_A,14,123,134,4478,True,True,17,17,0.3734439834024897,0.3734439834024897,0.21917808219178084,0.21917808219178084,0.12935323383084577,0.12935323383084577,0.12233996316692823,0.27908540685944855,1485.0,0.0
denovo_pdb__3o49_A,9,123,134,6663,False,True,27,27,0.27385892116182575,0.27385892116182575,0.014084507042253521,0.014084507042253521,0.2096774193548387,0.2096774193548387,0.14196480267440464,0.25452079566003616,2208.0,0.0
cameo_hard__9had_C,7,108,96,2212,True,True,10,10,0.13829787234042554,0.13829787234042554,0.023952095808383235,0.023952095808383235,0.014184397163120567,0.014184397163120567,0.07495827695068995,0.07629427792915532,732.0,0.0
cameo_hard__9had_C,18,108,96,6663,False,True,25,25,0.5128205128205129,0.5128205128205129,0.1895734597156398,0.1895734597156398,0.10256410256410255,0.10256410256410255,0.07047997308421068,0.18752824220515138,2184.0,0.0
cameo_hard__9had_C,9,108,96,6663,False,True,26,26,0.4723618090452262,0.4723618090452262,0.0,0.0,0.1910828025477707,0.1910828025477707,0.06995941191476747,0.12386980108499096,2170.0,0.0
cameo_hard__9had_C,2,108,96,1961,True,True,8,8,0.18556701030927839,0.18556701030927839,0.18556701030927839,0.18556701030927839,0.15789473684210525,0.15789473684210525,0.021494913087682227,0.09216589861751152,649.0,0.0
foldbench100__8azb_A,20,521,587,6663,False,True,20,20,0.03142857142857143,0.03142857142857143,0.024502297090352218,0.024502297090352218,0.011730205278592375,0.011730205278592375,0.009612930608594819,0.05103884372177055,2213.0,0.0
foldbench100__8azb_A,17,521,587,6663,False,True,18,18,0.03491271820448878,0.03491271820448878,0.0,0.0,0.01744186046511628,0.01744186046511628,0.009756996785475189,0.04695259593679458,2213.0,0.0
foldbench100__8azb_A,23,521,587,6663,False,True,19,19,0.028328611898016998,0.028328611898016998,0.017804154302670624,0.017804154302670624,0.005780346820809248,0.005780346820809248,0.004443982452136267,0.04604966139954853,2212.0,0.0
foldbench100__8azb_A,1,521,587,6663,False,True,20,20,0.0347394540942928,0.0347394540942928,0.0,0.0,0.008415147265077137,0.008415147265077137,0.005705842975519665,0.04110207768744354,2211.0,0.0
cameo_hard__8wwc_C,4,113,97,1944,True,True,9,9,0.2272727272727273,0.2272727272727273,0.17733990147783252,0.17733990147783252,0.05747126436781609,0.05747126436781609,0.04081937053984622,0.14728682170542637,645.0,0.0
cameo_hard__8wwc_C,9,113,97,2429,True,True,11,11,0.24615384615384617,0.24615384615384617,0.24615384615384617,0.24615384615384617,0.06936416184971099,0.06936416184971099,0.05109477613777221,0.1327543424317618,806.0,0.0
cameo_hard__8wwc_C,10,113,97,3995,True,True,17,17,0.20606060606060606,0.20606060606060606,0.1826923076923077,0.1826923076923077,0.0972972972972973,0.0972972972972973,0.05190394420655287,0.12745098039215685,1323.0,0.0
cameo_hard__8wwc_C,1,113,97,3923,True,True,17,17,0.3764705882352941,0.3764705882352941,0.3764705882352941,0.3764705882352941,0.09937888198757765,0.09937888198757765,0.06161480244591537,0.17434715821812596,1297.0,0.0
foldbench100__8bux_A,12,334,240,6663,False,True,23,23,0.03560830860534125,0.03560830860534125,0.0,0.0,0.005633802816901408,0.005633802816901408,0.011492241368259909,0.02666064166290104,2209.0,0.0
foldbench100__8bux_A,13,334,240,6663,False,True,20,20,0.044817927170868355,0.044817927170868355,0.012987012987012988,0.012987012987012988,0.005555555555555555,0.005555555555555555,0.01483045341038813,0.027551942186088526,2210.0,0.0
foldbench100__8bux_A,18,334,240,6663,False,True,19,19,0.05070422535211268,0.05070422535211268,0.03647416413373861,0.03647416413373861,0.02168021680216802,0.02168021680216802,0.012107918562885964,0.033408577878103835,2209.0,0.0
foldbench100__8bux_A,14,334,240,6663,False,True,20,20,0.027777777777777776,0.027777777777777776,0.012779552715654953,0.012779552715654953,0.01729106628242075,0.01729106628242075,0.014468615402033818,0.022583559168925023,2213.0,0.0
denovo_pdb__5trv_A,21,118,113,2260,True,True,7,7,0.46846846846846846,0.46846846846846846,0.46846846846846846,0.46846846846846846,0.296943231441048,0.296943231441048,0.1957648325348826,0.36750998668442075,750.0,0.0
denovo_pdb__5trv_A,14,118,113,3506,True,True,11,11,0.4919354838709677,0.4919354838709677,0.4919354838709677,0.4919354838709677,0.3541666666666667,0.3541666666666667,0.1043355176759925,0.2849785407725322,1161.0,0.0
denovo_pdb__5trv_A,2,118,113,6663,False,True,23,23,0.3444444444444444,0.3444444444444444,0.11707317073170732,0.11707317073170732,0.24074074074074073,0.24074074074074073,0.11741275092796707,0.2553095345684591,2205.0,0.0
denovo_pdb__5trv_A,22,118,113,364,True,True,1,1,0.4358974358974359,0.4358974358974359,0.4358974358974359,0.4358974358974359,0.4358974358974359,0.4358974358974359,,0.4214876033057851,121.0,0.0
denovo_pdb__6w90_A,5,130,128,4655,True,True,14,14,0.339622641509434,0.339622641509434,0.339622641509434,0.339622641509434,0.15966386554621848,0.15966386554621848,0.09719187639257601,0.24240465416936005,1543.0,0.0
denovo_pdb__6w90_A,19,130,128,6663,False,True,19,19,0.4,0.4,0.12857142857142856,0.12857142857142856,0.23015873015873015,0.23015873015873015,0.08180796914199565,0.19548532731376975,2189.0,0.0
denovo_pdb__6w90_A,8,130,128,6663,False,True,20,20,0.3090128755364807,0.3090128755364807,0.11560693641618498,0.11560693641618498,0.20168067226890757,0.20168067226890757,0.09986306226780302,0.21680216802168023,2198.0,0.0
denovo_pdb__6w90_A,4,130,128,6663,False,True,20,20,0.33175355450236965,0.33175355450236965,0.14912280701754385,0.14912280701754385,0.1478599221789883,0.1478599221789883,0.10076034380087359,0.2163504968383017,2200.0,0.0
foldbench100__7qp5_A,10,245,241,6663,False,True,20,20,0.09890109890109891,0.09890109890109891,0.0,0.0,0.07142857142857144,0.07142857142857144,0.015751918960928733,0.07136404697380307,2212.0,0.0
foldbench100__7qp5_A,17,245,241,6663,False,True,18,19,0.0748663101604278,0.0748663101604278,0.045662100456620995,0.0,0.03977272727272727,0.03977272727272727,0.011935922318697135,0.04830699774266366,2199.0,0.0
foldbench100__7qp5_A,6,245,241,6663,False,True,20,20,0.0625,0.0625,0.0202020202020202,0.0202020202020202,0.02932551319648094,0.02932551319648094,0.012848286164738446,0.05058717253839205,2211.0,0.0
foldbench100__7qp5_A,20,245,241,6663,False,True,20,20,0.06798866855524079,0.06798866855524079,0.0,0.0,0.06666666666666667,0.06666666666666667,0.01392603014438616,0.06458897922312556,2210.0,0.0
denovo_pdb__9fw7_A,6,199,202,6663,False,True,20,20,0.1527777777777778,0.1527777777777778,0.0641025641025641,0.0641025641025641,0.09907120743034055,0.09907120743034055,0.0423399328817565,0.11562782294489611,2193.0,0.0
denovo_pdb__9fw7_A,19,199,202,6663,False,True,19,19,0.125,0.125,0.06474820143884892,0.06474820143884892,0.0738255033557047,0.0738255033557047,0.029864516812679195,0.09390519187358916,2193.0,0.0
denovo_pdb__9fw7_A,1,199,202,6663,False,True,19,19,0.08433734939759037,0.08433734939759037,0.04347826086956522,0.04347826086956522,0.05714285714285714,0.05714285714285714,0.03305140713187968,0.07313769751693003,2204.0,0.0
denovo_pdb__9fw7_A,18,199,202,6663,False,True,19,19,0.12500000000000003,0.12500000000000003,0.06896551724137931,0.06896551724137931,0.058631921824104226,0.058631921824104226,0.033441444543086445,0.0943566591422122,2204.0,0.0
foldbench100__8e5h_A,14,372,344,5486,True,True,14,14,0.1512605042016807,0.1512605042016807,0.1512605042016807,0.1512605042016807,0.04338394793926247,0.04338394793926247,0.019532833808536123,0.12938596491228072,1817.0,0.0
foldbench100__8e5h_A,19,372,344,6152,True,True,14,14,0.1961231470923603,0.1961231470923603,0.1961231470923603,0.1961231470923603,0.06181015452538631,0.06181015452538631,0.02346203411191177,0.14076246334310852,2007.0,0.0
foldbench100__8e5h_A,11,372,344,3889,True,True,10,10,0.16885007278020375,0.16885007278020375,0.16885007278020375,0.16885007278020375,0.030973451327433635,0.030973451327433635,0.025432341577957818,0.13921113689095127,1289.0,0.0
foldbench100__8e5h_A,0,372,344,6663,False,True,20,20,0.08869179600886919,0.08869179600886919,0.056034482758620684,0.056034482758620684,0.027777777777777773,0.027777777777777773,0.015330266064198461,0.11472448057813911,2212.0,0.0
foldbench100__8cpn_A,10,207,168,6663,False,True,19,19,0.07333333333333333,0.07333333333333333,0.008771929824561403,0.008771929824561403,0.035460992907801414,0.035460992907801414,0.012173337999879987,0.04198645598194131,2207.0,0.0
foldbench100__8cpn_A,2,207,168,6663,False,True,20,20,0.06569343065693431,0.06569343065693431,0.0,0.0,0.028985507246376812,0.028985507246376812,0.017857106498181095,0.03297199638663053,2213.0,0.0
foldbench100__8cpn_A,7,207,168,6663,False,True,20,20,0.04081632653061224,0.04081632653061224,0.0,0.0,0.02097902097902098,0.02097902097902098,0.01601369612286195,0.028455284552845527,2208.0,0.0
foldbench100__8cpn_A,17,207,168,6663,False,True,20,20,0.05999999999999999,0.05999999999999999,0.01951219512195122,0.01951219512195122,0.020761245674740483,0.020761245674740483,0.010500181845824349,0.032068654019873535,2212.0,0.0
denovo_pdb__8kc1_A,0,83,45,4492,True,True,31,31,0.28813559322033894,0.28813559322033894,0.183206106870229,0.183206106870229,0.16326530612244897,0.16326530612244897,0.06725382388353043,0.14122394082044384,1485.0,0.0
denovo_pdb__8kc1_A,10,83,45,2694,True,True,18,18,0.2654867256637168,0.2654867256637168,0.19607843137254902,0.19607843137254902,0.12598425196850394,0.12598425196850394,0.06421018499087548,0.12219730941704036,891.0,0.0
denovo_pdb__8kc1_A,2,83,45,1932,True,True,15,15,0.37777777777777777,0.37777777777777777,0.36893203883495146,0.36893203883495146,0.24175824175824176,0.24175824175824176,0.06847177431826561,0.215962441314554,639.0,0.0
denovo_pdb__8kc1_A,12,83,45,4590,True,True,27,27,0.28813559322033894,0.28813559322033894,0.27350427350427353,0.27350427350427353,0.2197802197802198,0.2197802197802198,0.06471801949145685,0.11439842209072978,1516.0,0.0
denovo_pdb__3ltd_A,9,69,49,1229,True,True,11,11,0.19718309859154928,0.19718309859154928,0.13793103448275865,0.13793103448275865,0.19718309859154928,0.19718309859154928,0.07966958679153488,0.15763546798029557,406.0,0.0
denovo_pdb__3ltd_A,3,69,49,3454,True,True,22,22,0.27272727272727276,0.27272727272727276,0.1801801801801802,0.1801801801801802,0.205607476635514,0.205607476635514,0.05798696184860266,0.15297202797202797,1143.0,0.0
denovo_pdb__3ltd_A,16,69,49,3686,True,True,23,23,0.21818181818181817,0.21818181818181817,0.11475409836065574,0.11475409836065574,0.06,0.06,0.057151382832620085,0.10810810810810811,1220.0,0.0
denovo_pdb__3ltd_A,8,69,49,3199,True,True,22,22,0.2616822429906542,0.2616822429906542,0.2616822429906542,0.2616822429906542,0.18965517241379312,0.18965517241379312,0.057724556712405936,0.12086874409820586,1057.0,0.0
denovo_pdb__2zgd_A,11,97,74,199,True,True,1,1,0.6714285714285715,0.6714285714285715,0.6714285714285715,0.6714285714285715,0.6714285714285715,0.6714285714285715,,0.7121212121212122,66.0,0.0
denovo_pdb__2zgd_A,20,97,74,229,True,True,1,1,0.6133333333333333,0.6133333333333333,0.6133333333333333,0.6133333333333333,0.6133333333333333,0.6133333333333333,,0.6052631578947368,76.0,0.0
denovo_pdb__2zgd_A,12,97,74,624,True,True,3,3,0.6709677419354838,0.6709677419354838,0.6623376623376622,0.6623376623376622,0.6709677419354838,0.6709677419354838,0.3380388940955951,0.6328502415458938,204.0,0.0
denovo_pdb__2zgd_A,14,97,74,196,True,True,1,1,0.7050359712230215,0.7050359712230215,0.7050359712230215,0.7050359712230215,0.7050359712230215,0.7050359712230215,,0.7538461538461538,65.0,0.0
foldbench100__8bsb_A,5,177,115,6663,False,True,21,21,0.14084507042253522,0.14084507042253522,0.028169014084507046,0.028169014084507046,0.02843601895734597,0.02843601895734597,0.023765705256667553,0.06007226738934056,2196.0,0.0
foldbench100__8bsb_A,13,177,115,6663,False,True,24,24,0.16326530612244897,0.16326530612244897,0.036585365853658534,0.036585365853658534,0.039473684210526314,0.039473684210526314,0.036711316879590325,0.07320379575237235,2207.0,0.0
foldbench100__8bsb_A,8,177,115,6663,False,True,19,19,0.22707423580786026,0.22707423580786026,0.0223463687150838,0.0223463687150838,0.07305936073059362,0.07305936073059362,0.02598090450448634,0.08397291196388262,2199.0,0.0
foldbench100__8bsb_A,2,177,115,6663,False,True,22,22,0.14634146341463414,0.14634146341463414,0.09016393442622951,0.09016393442622951,0.01183431952662722,0.01183431952662722,0.023105556851586183,0.06368563685636856,2184.0,0.0
denovo_pdb__6yqx_A,9,181,221,4004,True,True,11,11,0.3811764705882353,0.3811764705882353,0.3811764705882353,0.3811764705882353,0.17109144542772864,0.17109144542772864,0.07792122524215535,0.2832456799398948,1329.0,0.0
denovo_pdb__6yqx_A,5,181,221,4615,True,True,13,13,0.424390243902439,0.424390243902439,0.424390243902439,0.424390243902439,0.22153846153846155,0.22153846153846155,0.11012683928413153,0.3833116036505867,1532.0,0.0
denovo_pdb__6yqx_A,1,181,221,2614,True,True,7,7,0.4512820512820513,0.4512820512820513,0.4512820512820513,0.4512820512820513,0.25074626865671634,0.25074626865671634,0.10408953437362833,0.35903337169159955,869.0,0.0
denovo_pdb__6yqx_A,14,181,221,6663,False,True,19,19,0.36571428571428566,0.36571428571428566,0.16564417177914106,0.16564417177914106,0.2427745664739884,0.2427745664739884,0.08355176736181837,0.3291196388261851,2208.0,0.0
denovo_pdb__3ltc_A,12,69,53,2089,True,True,16,16,0.28571428571428575,0.28571428571428575,0.22429906542056074,0.22429906542056074,0.08928571428571429,0.08928571428571429,0.05244814706894456,0.1447178002894356,691.0,0.0
denovo_pdb__3ltc_A,20,69,53,2930,True,True,20,20,0.31666666666666665,0.31666666666666665,0.31666666666666665,0.31666666666666665,0.02105263157894737,0.02105263157894737,0.04626611312387554,0.1154639175257732,967.0,0.0
denovo_pdb__3ltc_A,22,69,53,1905,True,True,18,18,0.21621621621621623,0.21621621621621623,0.10989010989010989,0.10989010989010989,0.02777777777777778,0.02777777777777778,0.04481828188114357,0.151033386327504,627.0,0.0
denovo_pdb__3ltc_A,5,69,53,3204,True,True,21,21,0.28571428571428575,0.28571428571428575,0.21848739495798317,0.21848739495798317,0.039215686274509796,0.039215686274509796,0.0467576059276721,0.1357210179076343,1058.0,0.0
denovo_pdb__6naf_A,2,74,35,491,True,True,5,5,0.35000000000000003,0.35000000000000003,0.35000000000000003,0.35000000000000003,0.06349206349206349,0.06349206349206349,0.1104591588966589,0.25308641975308643,162.0,0.0
denovo_pdb__6naf_A,4,74,35,898,True,True,13,13,0.6666666666666666,0.6666666666666666,0.44067796610169496,0.44067796610169496,0.4000000000000001,0.4000000000000001,0.17762428010342005,0.4847457627118644,293.0,0.0
denovo_pdb__6naf_A,16,74,35,2158,True,True,28,28,0.7341772151898734,0.7341772151898734,0.7341772151898734,0.7341772151898734,0.6865671641791045,0.6865671641791045,0.14430871393585787,0.3788732394366197,702.0,0.0
denovo_pdb__6naf_A,10,74,35,678,True,True,12,12,0.34920634920634924,0.34920634920634924,0.3287671232876712,0.3287671232876712,0.0,0.0,0.09586157884583395,0.12162162162162163,222.0,0.0
foldbench100__7xq4_A,13,514,472,5665,True,True,13,13,0.18046511627906978,0.18046511627906978,0.18046511627906978,0.18046511627906978,0.055267702936096716,0.055267702936096716,0.014294876164214721,0.12845010615711253,1869.0,0.0
foldbench100__7xq4_A,20,514,472,6663,False,True,16,16,0.15441176470588236,0.15441176470588236,0.08896797153024912,0.08896797153024912,0.034722222222222224,0.034722222222222224,0.026476040878456612,0.1674187725631769,2202.0,0.0
foldbench100__7xq4_A,12,514,472,6663,False,True,14,14,0.1530612244897959,0.1530612244897959,0.004056795131845842,0.004056795131845842,0.03163444639718805,0.03163444639718805,0.01764283848126087,0.11146209386281589,2117.0,0.0
foldbench100__7xq4_A,16,514,472,4247,True,True,8,8,0.19125683060109294,0.19125683060109294,0.19125683060109294,0.19125683060109294,0.04975124378109452,0.04975124378109452,0.022559471211022426,0.1542816702052371,1407.0,0.0
denovo_pdb__6f0s_A,23,251,199,718,True,True,1,1,0.5195402298850575,0.5195402298850575,0.5195402298850575,0.5195402298850575,0.5195402298850575,0.5195402298850575,,0.47280334728033474,236.0,0.0
denovo_pdb__6f0s_A,20,251,199,676,True,True,1,1,0.6004728132387707,0.6004728132387707,0.6004728132387707,0.6004728132387707,0.6004728132387707,0.6004728132387707,,0.5644444444444444,224.0,0.0
denovo_pdb__6f0s_A,12,251,199,2286,True,True,6,6,0.6161369193154035,0.6161369193154035,0.6161369193154035,0.6161369193154035,0.28762541806020064,0.28762541806020064,0.17366935320052912,0.5447368421052632,759.0,0.0
denovo_pdb__6f0s_A,6,251,199,631,True,True,1,1,0.6503667481662591,0.6503667481662591,0.6503667481662591,0.6503667481662591,0.6503667481662591,0.6503667481662591,,0.6333333333333333,210.0,0.0
denovo_pdb__2p05_A,15,63,55,2317,True,True,16,16,0.32,0.32,0.24299065420560748,0.24299065420560748,0.32,0.32,0.04881773106606788,0.1864406779661017,767.0,0.0
denovo_pdb__2p05_A,12,63,55,2238,True,True,15,15,0.18749999999999997,0.18749999999999997,0.13114754098360654,0.13114754098360654,0.14117647058823532,0.14117647058823532,0.04297304751531002,0.10796221322537113,736.0,0.0
denovo_pdb__2p05_A,2,63,55,1414,True,True,13,13,0.2828282828282828,0.2828282828282828,0.2526315789473684,0.2526315789473684,0.2173913043478261,0.2173913043478261,0.11622443040160858,0.24839400428265523,467.0,0.0
denovo_pdb__2p05_A,17,63,55,3996,True,True,24,24,0.2745098039215686,0.2745098039215686,0.18421052631578946,0.18421052631578946,0.075,0.075,0.06600648325702958,0.17749244712990936,1319.0,0.0
denovo_pdb__7p12_A,11,184,219,3387,True,True,9,9,0.5804988662131519,0.5804988662131519,0.5804988662131519,0.5804988662131519,0.2514285714285714,0.2514285714285714,0.09257752763394826,0.38099467140319715,1126.0,0.0
denovo_pdb__7p12_A,17,184,219,3396,True,True,9,9,0.3822843822843823,0.3822843822843823,0.3822843822843823,0.3822843822843823,0.24512534818941503,0.24512534818941503,0.061059535112087046,0.2993799822852081,1123.0,0.0
denovo_pdb__7p12_A,15,184,219,3989,True,True,11,11,0.4713656387665198,0.4713656387665198,0.4713656387665198,0.4713656387665198,0.2222222222222222,0.2222222222222222,0.048589791071546054,0.2933634992458522,1325.0,0.0
denovo_pdb__7p12_A,21,184,219,6663,False,True,19,19,0.45598194130925507,0.45598194130925507,0.3119266055045872,0.3119266055045872,0.15709969788519637,0.15709969788519637,0.07890337067311683,0.3530474040632054,2210.0,0.0
casp_fm__T1031-D1,6,95,87,4674,True,True,21,21,0.1927710843373494,0.1927710843373494,0.1780821917808219,0.1780821917808219,0.08108108108108109,0.08108108108108109,0.09583557154312339,0.0973565441650548,1547.0,0.0
casp_fm__T1031-D1,3,95,87,6663,False,True,33,33,0.18579234972677594,0.18579234972677594,0.05882352941176471,0.05882352941176471,0.06134969325153374,0.06134969325153374,0.055257440716666995,0.10226244343891402,2195.0,0.0
casp_fm__T1031-D1,7,95,87,6663,False,True,31,31,0.15028901734104047,0.15028901734104047,0.04255319148936171,0.04255319148936171,0.035928143712574856,0.035928143712574856,0.06807383570295336,0.06060606060606061,2196.0,0.0
casp_fm__T1031-D1,8,95,87,6663,False,True,27,27,0.19318181818181818,0.19318181818181818,0.014184397163120567,0.014184397163120567,0.043010752688172046,0.043010752688172046,0.058344700754042744,0.06826401446654612,2193.0,0.0
denovo_pdb__7sq3_A,12,146,110,6663,False,True,20,20,0.14150943396226415,0.14150943396226415,0.043478260869565216,0.043478260869565216,0.06511627906976743,0.06511627906976743,0.03572615892215172,0.07181571815718157,2176.0,0.0
denovo_pdb__7sq3_A,21,146,110,214,True,True,1,1,0.08839779005524862,0.08839779005524862,0.08839779005524862,0.08839779005524862,0.08839779005524862,0.08839779005524862,,0.11267605633802817,71.0,0.0
denovo_pdb__7sq3_A,11,146,110,6663,False,True,30,30,0.15384615384615383,0.15384615384615383,0.0202020202020202,0.0202020202020202,0.09815950920245399,0.09815950920245399,0.04840656278586669,0.08502939846223428,2168.0,0.0
denovo_pdb__7sq3_A,13,146,110,6663,False,True,23,23,0.12093023255813953,0.12093023255813953,0.029556650246305417,0.029556650246305417,0.011363636363636362,0.011363636363636362,0.062214059801341315,0.07410754631721644,2197.0,0.0
denovo_pdb__7hj4_A,13,126,93,232,True,True,1,1,0.5764705882352942,0.5764705882352942,0.5764705882352942,0.5764705882352942,0.5764705882352942,0.5764705882352942,,0.6363636363636364,77.0,0.0
denovo_pdb__7hj4_A,6,126,93,787,True,True,4,4,0.5760869565217391,0.5760869565217391,0.5760869565217391,0.5760869565217391,0.16793893129770993,0.16793893129770993,0.09104270215381327,0.40229885057471265,260.0,0.0
denovo_pdb__7hj4_A,0,126,93,1393,True,True,7,7,0.4919786096256685,0.4919786096256685,0.4919786096256685,0.4919786096256685,0.15,0.15,0.06744609338245085,0.25757575757575757,461.0,0.0
denovo_pdb__7hj4_A,21,126,93,437,True,True,2,2,0.2644628099173554,0.2644628099173554,0.2644628099173554,0.2644628099173554,0.2,0.2,0.03571428571428571,0.25517241379310346,145.0,0.0
denovo_pdb__8pf0_A,0,153,136,2861,True,True,8,8,0.4158415841584158,0.4158415841584158,0.4158415841584158,0.4158415841584158,0.14615384615384613,0.14615384615384613,0.0718478072776235,0.2302839116719243,949.0,0.0
denovo_pdb__8pf0_A,22,153,136,3719,True,True,11,11,0.4595469255663431,0.4595469255663431,0.4595469255663431,0.4595469255663431,0.184,0.184,0.0734193381088046,0.26941747572815533,1235.0,0.0
denovo_pdb__8pf0_A,6,153,136,830,True,True,2,2,0.627177700348432,0.627177700348432,0.627177700348432,0.627177700348432,0.4291187739463601,0.4291187739463601,0.22666666666666666,0.5289855072463768,276.0,0.0
denovo_pdb__8pf0_A,9,153,136,3995,True,True,11,11,0.527687296416938,0.527687296416938,0.527687296416938,0.527687296416938,0.22857142857142856,0.22857142857142856,0.1002809547896113,0.29593373493975905,1327.0,0.0
denovo_pdb__5cwp_A,9,229,204,6663,False,True,19,19,0.18618618618618618,0.18618618618618618,0.04013377926421405,0.04013377926421405,0.043887147335423204,0.043887147335423204,0.029236539384576696,0.10203160270880361,2207.0,0.0
denovo_pdb__5cwp_A,10,229,204,6663,False,True,20,20,0.25153374233128833,0.25153374233128833,0.06923076923076923,0.06923076923076923,0.10526315789473685,0.10526315789473685,0.04668738323662809,0.13821138211382114,2210.0,0.0
denovo_pdb__5cwp_A,2,229,204,6663,False,True,20,20,0.1509433962264151,0.1509433962264151,0.05128205128205129,0.05128205128205129,0.05960264900662253,0.05960264900662253,0.03398255609514673,0.1007226738934056,2210.0,0.0
denovo_pdb__5cwp_A,18,229,204,6663,False,True,20,20,0.1691542288557214,0.1691542288557214,0.024390243902439025,0.024390243902439025,0.019047619047619046,0.019047619047619046,0.035208232429126636,0.10840108401084012,2208.0,0.0
denovo_pdb__7uek_A,2,228,299,6663,False,True,18,18,0.30831643002028397,0.30831643002028397,0.10666666666666666,0.10666666666666666,0.23584905660377356,0.23584905660377356,0.057800822790908056,0.3196388261851016,2210.0,0.0
denovo_pdb__7uek_A,15,228,299,4100,True,True,11,11,0.26760563380281693,0.26760563380281693,0.25,0.25,0.19339622641509435,0.19339622641509435,0.051365823602416524,0.26705796038151136,1363.0,0.0
denovo_pdb__7uek_A,8,228,299,3781,True,True,10,10,0.3174603174603175,0.3174603174603175,0.3174603174603175,0.3174603174603175,0.15121951219512195,0.15121951219512195,0.046644922985543145,0.27923627684964203,1257.0,0.0
denovo_pdb__7uek_A,18,228,299,4557,True,True,12,12,0.4421052631578947,0.4421052631578947,0.4421052631578947,0.4421052631578947,0.10628019323671499,0.10628019323671499,0.06982289700762014,0.3254125412541254,1515.0,0.0
denovo_pdb__2p09_A,21,69,51,2611,True,True,16,16,0.17821782178217824,0.17821782178217824,0.03225806451612903,0.03225806451612903,0.10638297872340426,0.10638297872340426,0.05010243696458678,0.09248554913294797,865.0,0.0
denovo_pdb__2p09_A,22,69,51,3457,True,True,22,22,0.26190476190476186,0.26190476190476186,0.21052631578947367,0.21052631578947367,0.125,0.125,0.057614757761325214,0.14759825327510917,1141.0,0.0
denovo_pdb__2p09_A,1,69,51,2449,True,True,16,16,0.2439024390243902,0.2439024390243902,0.06722689075630252,0.06722689075630252,0.12903225806451615,0.12903225806451615,0.03638190822923294,0.10974106041923551,811.0,0.0
denovo_pdb__2p09_A,6,69,51,6663,False,True,53,53,0.22807017543859648,0.22807017543859648,0.0,0.0,0.07766990291262137,0.07766990291262137,0.03675549324455502,0.11257376305038584,2186.0,0.0
denovo_pdb__7vu4_A,10,117,102,2080,True,True,7,7,0.3904761904761905,0.3904761904761905,0.3904761904761905,0.3904761904761905,0.13541666666666666,0.13541666666666666,0.05370972472071734,0.2170767004341534,690.0,0.0
denovo_pdb__7vu4_A,13,117,102,2334,True,True,9,9,0.4784688995215311,0.4784688995215311,0.4784688995215311,0.4784688995215311,0.15311004784688992,0.15311004784688992,0.10273686054208798,0.30451612903225805,774.0,0.0
denovo_pdb__7vu4_A,18,117,102,2485,True,True,10,10,0.3850267379679145,0.3850267379679145,0.3850267379679145,0.3850267379679145,0.3370786516853933,0.3370786516853933,0.14359894352351524,0.32242424242424245,823.0,0.0
denovo_pdb__7vu4_A,16,117,102,1830,True,True,6,6,0.46534653465346537,0.46534653465346537,0.46534653465346537,0.46534653465346537,0.2347417840375587,0.2347417840375587,0.17705054731060924,0.37006578947368424,606.0,0.0
denovo_pdb__5j0i_A,9,73,27,109,True,True,1,1,0.5079365079365079,0.5079365079365079,0.5079365079365079,0.5079365079365079,0.5079365079365079,0.5079365079365079,,0.4444444444444444,36.0,0.0
denovo_pdb__5j0i_A,18,73,27,593,True,True,8,8,0.5245901639344261,0.5245901639344261,0.5245901639344261,0.5245901639344261,0.2692307692307692,0.2692307692307692,0.12304845098212445,0.2512820512820513,194.0,0.0
denovo_pdb__5j0i_A,16,73,27,737,True,True,11,11,0.44897959183673464,0.44897959183673464,0.0,0.0,0.15686274509803924,0.15686274509803924,0.14944504015538448,0.19421487603305784,240.0,0.0
denovo_pdb__5j0i_A,4,73,27,267,True,True,3,3,0.5666666666666667,0.5666666666666667,0.14035087719298248,0.14035087719298248,0.30769230769230765,0.30769230769230765,0.10500000000000001,0.32954545454545453,88.0,0.0
casp_fm__T1122-D1,6,230,152,6663,False,True,19,19,0.08270676691729324,0.08270676691729324,0.03361344537815126,0.03361344537815126,0.046692607003891044,0.046692607003891044,0.012236448888276269,0.046501128668171555,2210.0,0.0
casp_fm__T1122-D1,18,230,152,6663,False,True,21,21,0.05555555555555555,0.05555555555555555,0.01834862385321101,0.01834862385321101,0.04918032786885246,0.04918032786885246,0.01646242697048161,0.03026196928635953,2214.0,0.0
casp_fm__T1122-D1,0,230,152,6663,False,True,19,19,0.05363984674329502,0.05363984674329502,0.022556390977443608,0.022556390977443608,0.05363984674329502,0.05363984674329502,0.013001623842274596,0.027539503386004513,2214.0,0.0
casp_fm__T1122-D1,9,230,152,6663,False,True,19,19,0.06642066420664205,0.06642066420664205,0.030303030303030307,0.030303030303030307,0.021352313167259784,0.021352313167259784,0.01681447230833035,0.03611738148984198,2214.0,0.0
denovo_pdb__7hjg_A,12,126,98,1059,True,True,6,6,0.4393063583815029,0.4393063583815029,0.3065693430656934,0.3065693430656934,0.21301775147928995,0.21301775147928995,0.1315130637683829,0.358974358974359,351.0,0.0
denovo_pdb__7hjg_A,13,126,98,352,True,True,1,1,0.5700934579439252,0.5700934579439252,0.5700934579439252,0.5700934579439252,0.5700934579439252,0.5700934579439252,,0.5213675213675214,116.0,0.0
denovo_pdb__7hjg_A,21,126,98,2055,True,True,9,9,0.4895833333333333,0.4895833333333333,0.4895833333333333,0.4895833333333333,0.16853932584269662,0.16853932584269662,0.07651374777705572,0.28885630498533726,682.0,0.0
denovo_pdb__7hjg_A,23,126,98,780,True,True,3,3,0.28125,0.28125,0.28125,0.28125,0.23863636363636365,0.23863636363636365,0.0355437475316842,0.23166023166023167,259.0,0.0
cameo_hard__8u1a_A,6,324,453,6663,False,True,21,21,0.028070175438596492,0.028070175438596492,0.0,0.0,0.01964636542239686,0.01964636542239686,0.013157034953521432,0.028455284552845527,2213.0,0.0
cameo_hard__8u1a_A,20,324,453,6663,False,True,23,23,0.06463878326996196,0.06463878326996196,0.0034843205574912888,0.0034843205574912888,0.0040650406504065045,0.0040650406504065045,0.011167005101510237,0.05648441030275644,2209.0,0.0
cameo_hard__8u1a_A,23,324,453,6663,False,True,21,21,0.03754266211604095,0.03754266211604095,0.008097165991902834,0.008097165991902834,0.003597122302158273,0.003597122302158273,0.014104468281894239,0.04878048780487805,2210.0,0.0
cameo_hard__8u1a_A,14,324,453,6663,False,True,24,24,0.036297640653357534,0.036297640653357534,0.011673151750972763,0.011673151750972763,0.0037313432835820895,0.0037313432835820895,0.015405548136153994,0.02666064166290104,2209.0,0.0
foldbench100__8bgb_A,22,131,101,6663,False,True,27,27,0.18090452261306533,0.18090452261306533,0.054945054945054944,0.054945054945054944,0.10465116279069767,0.10465116279069767,0.0410929979109658,0.10443037974683544,2208.0,0.0
foldbench100__8bgb_A,16,131,101,6663,False,True,32,32,0.15609756097560973,0.15609756097560973,0.060975609756097573,0.060975609756097573,0.05988023952095809,0.05988023952095809,0.03251659291264901,0.10135746606334842,2206.0,0.0
foldbench100__8bgb_A,3,131,101,6663,False,True,29,29,0.18090452261306533,0.18090452261306533,0.05333333333333334,0.05333333333333334,0.011976047904191616,0.011976047904191616,0.03279614032802311,0.08819538670284939,2202.0,0.0
foldbench100__8bgb_A,12,131,101,4089,True,True,18,18,0.1764705882352941,0.1764705882352941,0.1340782122905028,0.1340782122905028,0.06024096385542169,0.06024096385542169,0.04782796604575649,0.105379513633014,1356.0,0.0
foldbench100__7y8h_A,14,100,83,415,True,True,1,1,0.3800904977375566,0.3800904977375566,0.3800904977375566,0.3800904977375566,0.3800904977375566,0.3800904977375566,,0.30434782608695654,138.0,0.0
foldbench100__7y8h_A,0,100,83,2785,True,True,10,10,0.49723756906077343,0.49723756906077343,0.49723756906077343,0.49723756906077343,0.2558139534883721,0.2558139534883721,0.12159364601445143,0.2562162162162162,925.0,0.0
foldbench100__7y8h_A,1,100,83,2569,True,True,10,10,0.4150943396226416,0.4150943396226416,0.3595505617977528,0.3595505617977528,0.35978835978835977,0.35978835978835977,0.13603296221632133,0.27432590855803046,851.0,0.0
foldbench100__7y8h_A,6,100,83,1394,True,True,5,5,0.5082872928176796,0.5082872928176796,0.5082872928176796,0.5082872928176796,0.34523809523809523,0.34523809523809523,0.12966101174011924,0.3282937365010799,463.0,0.0
denovo_pdb__7hjk_A,21,126,92,154,True,True,1,1,0.3076923076923077,0.3076923076923077,0.3076923076923077,0.3076923076923077,0.3076923076923077,0.3076923076923077,,0.43137254901960786,51.0,0.0
denovo_pdb__7hjk_A,6,126,92,1934,True,True,8,8,0.45977011494252873,0.45977011494252873,0.45977011494252873,0.45977011494252873,0.35220125786163525,0.35220125786163525,0.10117278264344522,0.30062305295950154,639.0,0.0
denovo_pdb__7hjk_A,1,126,92,1343,True,True,5,5,0.4895833333333333,0.4895833333333333,0.4895833333333333,0.4895833333333333,0.3297872340425532,0.3297872340425532,0.0660380231072075,0.27802690582959644,442.0,0.0
denovo_pdb__7hjk_A,7,126,92,1920,True,True,9,9,0.5108695652173914,0.5108695652173914,0.4974619289340102,0.4974619289340102,0.12087912087912088,0.12087912087912088,0.058264107643886086,0.30612244897959184,636.0,0.0
denovo_pdb__7hje_A,17,126,93,1332,True,True,6,6,0.3815028901734104,0.3815028901734104,0.34517766497461927,0.34517766497461927,0.26666666666666666,0.26666666666666666,0.09040303975608457,0.3031674208144796,442.0,0.0
denovo_pdb__7hje_A,7,126,93,2050,True,True,10,10,0.4581005586592179,0.4581005586592179,0.34444444444444444,0.34444444444444444,0.15602836879432624,0.15602836879432624,0.083975211380948,0.25,680.0,0.0
denovo_pdb__7hje_A,23,126,93,1262,True,True,5,5,0.46511627906976744,0.46511627906976744,0.39766081871345027,0.39766081871345027,0.28723404255319157,0.28723404255319157,0.1284229103827911,0.3317422434367542,419.0,0.0
denovo_pdb__7hje_A,13,126,93,1510,True,True,10,10,0.5759162303664921,0.5759162303664921,0.5759162303664921,0.5759162303664921,0.17391304347826086,0.17391304347826086,0.07089130676609003,0.364,499.0,0.0
cameo_hard__8yl4_B,15,207,175,6663,False,True,20,20,0.14383561643835616,0.14383561643835616,0.03802281368821293,0.03802281368821293,0.096,0.096,0.03586273777509666,0.10840108401084012,2206.0,0.0
cameo_hard__8yl4_B,20,207,175,6663,False,True,20,20,0.1823899371069182,0.1823899371069182,0.09187279151943464,0.09187279151943464,0.05622489959839357,0.05622489959839357,0.03248568805180499,0.1052393857271906,2204.0,0.0
cameo_hard__8yl4_B,3,207,175,6663,False,True,23,23,0.16556291390728475,0.16556291390728475,0.010101010101010102,0.010101010101010102,0.03861003861003861,0.03861003861003861,0.030883429989484814,0.11206507004066878,2205.0,0.0
cameo_hard__8yl4_B,1,207,175,6663,False,True,20,20,0.14893617021276592,0.14893617021276592,0.06779661016949153,0.06779661016949153,0.14893617021276592,0.14893617021276592,0.02984062321198105,0.11336946702800361,2211.0,0.0
denovo_pdb__9r00_A,9,129,163,6663,False,True,22,22,0.2629757785467128,0.2629757785467128,0.1503267973856209,0.1503267973856209,0.13793103448275862,0.13793103448275862,0.07889443509715428,0.22538392050587172,2186.0,0.0
denovo_pdb__9r00_A,21,129,163,6663,False,True,20,20,0.13523131672597863,0.13523131672597863,0.07017543859649122,0.07017543859649122,0.11952191235059761,0.11952191235059761,0.050238971646234275,0.12014453477868112,2196.0,0.0
denovo_pdb__9r00_A,13,129,163,6663,False,True,26,26,0.2459016393442623,0.2459016393442623,0.10679611650485438,0.10679611650485438,0.21011673151750973,0.21011673151750973,0.08399958041073444,0.2255877034358047,2194.0,0.0
denovo_pdb__9r00_A,8,129,163,6663,False,True,19,19,0.23357664233576642,0.23357664233576642,0.1016949152542373,0.1016949152542373,0.09059233449477351,0.09059233449477351,0.049658524100999746,0.13589164785553048,2192.0,0.0
denovo_pdb__7udo_A,10,172,148,3872,True,True,11,11,0.3761194029850747,0.3761194029850747,0.3761194029850747,0.3761194029850747,0.10358565737051793,0.10358565737051793,0.08672384335827316,0.2128982128982129,1284.0,0.0
denovo_pdb__7udo_A,19,172,148,818,True,True,2,2,0.3397435897435897,0.3397435897435897,0.3397435897435897,0.3397435897435897,0.09411764705882353,0.09411764705882353,0.07539682539682539,0.23897058823529413,271.0,0.0
denovo_pdb__7udo_A,5,172,148,3650,True,True,11,11,0.264026402640264,0.264026402640264,0.264026402640264,0.264026402640264,0.14901960784313725,0.14901960784313725,0.08140559382089986,0.19373454245671887,1211.0,0.0
denovo_pdb__7udo_A,14,172,148,3023,True,True,8,8,0.28571428571428575,0.28571428571428575,0.28571428571428575,0.28571428571428575,0.14559386973180075,0.14559386973180075,0.11413881084378204,0.1791044776119403,1003.0,0.0
denovo_pdb__4z08_A,8,253,244,6663,False,True,19,19,0.20997375328083986,0.20997375328083986,0.13372093023255813,0.13372093023255813,0.06267806267806267,0.06267806267806267,0.05324510759806576,0.2203160270880361,2212.0,0.0
denovo_pdb__4z08_A,15,253,244,6663,False,True,20,20,0.13812154696132597,0.13812154696132597,0.0459016393442623,0.0459016393442623,0.0896358543417367,0.0896358543417367,0.026301638256466153,0.11336946702800361,2213.0,0.0
denovo_pdb__4z08_A,19,253,244,4747,True,True,13,13,0.2260536398467433,0.2260536398467433,0.2260536398467433,0.2260536398467433,0.09221902017291066,0.09221902017291066,0.023535987130065245,0.11533586818757921,1576.0,0.0
denovo_pdb__4z08_A,16,253,244,6663,False,True,19,19,0.22033898305084748,0.22033898305084748,0.18750000000000003,0.18750000000000003,0.13186813186813187,0.13186813186813187,0.044826224521250325,0.20225733634311513,2212.0,0.0
denovo_pdb__6i39_A,13,251,202,1314,True,True,3,3,0.6777251184834122,0.6777251184834122,0.6777251184834122,0.6777251184834122,0.3042071197411003,0.3042071197411003,0.1918361660629702,0.5835240274599542,436.0,0.0
denovo_pdb__6i39_A,17,251,202,712,True,True,1,1,0.6164383561643835,0.6164383561643835,0.6164383561643835,0.6164383561643835,0.6164383561643835,0.6164383561643835,,0.569620253164557,236.0,0.0
denovo_pdb__6i39_A,22,251,202,1040,True,True,2,2,0.6344827586206896,0.6344827586206896,0.6344827586206896,0.6344827586206896,0.3821656050955414,0.3821656050955414,0.22340425531914893,0.5722543352601156,345.0,0.0
denovo_pdb__6i39_A,8,251,202,1398,True,True,3,3,0.6214953271028038,0.6214953271028038,0.6214953271028038,0.6214953271028038,0.3009404388714733,0.3009404388714733,0.2023516041612029,0.5311827956989247,464.0,0.0
denovo_pdb__2fkg_A,1,315,273,3856,True,True,10,10,0.37969924812030076,0.37969924812030076,0.37969924812030076,0.37969924812030076,0.1723237597911227,0.1723237597911227,0.07158715640098065,0.2784711388455538,1282.0,0.0
denovo_pdb__2fkg_A,20,315,273,6663,False,True,20,20,0.3395348837209302,0.3395348837209302,0.07523510971786834,0.07523510971786834,0.15422885572139303,0.15422885572139303,0.07541400541520057,0.33288166214995485,2213.0,0.0
denovo_pdb__2fkg_A,10,315,273,4846,True,True,13,13,0.4206642066420664,0.4206642066420664,0.4206642066420664,0.4206642066420664,0.07427055702917772,0.07427055702917772,0.05133594706134743,0.234016139044072,1610.0,0.0
denovo_pdb__2fkg_A,14,315,273,6663,False,True,18,18,0.2737226277372263,0.2737226277372263,0.07894736842105263,0.07894736842105263,0.06735751295336787,0.06735751295336787,0.04383435706286553,0.20496613995485327,2214.0,0.0
denovo_pdb__9jwo_A,6,280,257,6663,False,True,19,19,0.09473684210526315,0.09473684210526315,0.05142857142857142,0.05142857142857142,0.047872340425531915,0.047872340425531915,0.015312338612990053,0.09209932279909706,2211.0,0.0
denovo_pdb__9jwo_A,0,280,257,6663,False,True,19,19,0.12189616252821671,0.12189616252821671,0.006756756756756757,0.006756756756756757,0.05434782608695653,0.05434782608695653,0.016635001602435417,0.08306997742663656,2212.0,0.0
denovo_pdb__9jwo_A,1,280,257,6663,False,True,19,19,0.1443298969072165,0.1443298969072165,0.01935483870967742,0.01935483870967742,0.05479452054794521,0.05479452054794521,0.024316847382359355,0.12234762979683973,2210.0,0.0
denovo_pdb__9jwo_A,12,280,257,6663,False,True,19,19,0.0955056179775281,0.0955056179775281,0.03067484662576687,0.03067484662576687,0.02203856749311295,0.02203856749311295,0.013704722160006906,0.07358916478555305,2209.0,0.0
denovo_pdb__5cwn_A,21,207,165,481,True,True,1,1,0.5882352941176471,0.5882352941176471,0.5882352941176471,0.5882352941176471,0.5882352941176471,0.5882352941176471,,0.59375,158.0,0.0
denovo_pdb__5cwn_A,14,207,165,830,True,True,2,2,0.5565749235474006,0.5565749235474006,0.5565749235474006,0.5565749235474006,0.4244604316546763,0.4244604316546763,0.23318385650224216,0.5434782608695652,275.0,0.0
denovo_pdb__5cwn_A,8,207,165,601,True,True,1,1,0.4547945205479452,0.4547945205479452,0.4547945205479452,0.4547945205479452,0.4547945205479452,0.4547945205479452,,0.415,200.0,0.0
denovo_pdb__5cwn_A,23,207,165,2891,True,True,8,8,0.5333333333333333,0.5333333333333333,0.5333333333333333,0.5333333333333333,0.3112582781456954,0.3112582781456954,0.14144321033200635,0.4068678459937565,961.0,0.0
denovo_pdb__8ju8_A,0,139,93,364,True,True,1,1,0.34579439252336447,0.34579439252336447,0.34579439252336447,0.34579439252336447,0.34579439252336447,0.34579439252336447,,0.30578512396694213,121.0,0.0
denovo_pdb__8ju8_A,14,139,93,1011,True,True,3,3,0.40594059405940597,0.40594059405940597,0.40594059405940597,0.40594059405940597,0.34513274336283184,0.34513274336283184,0.19383968332508658,0.28273809523809523,336.0,0.0
denovo_pdb__8ju8_A,17,139,93,373,True,True,1,1,0.4700460829493087,0.4700460829493087,0.4700460829493087,0.4700460829493087,0.4700460829493087,0.4700460829493087,,0.4112903225806452,124.0,0.0
denovo_pdb__8ju8_A,2,139,93,653,True,True,2,2,0.4909090909090909,0.4909090909090909,0.4909090909090909,0.4909090909090909,0.28415300546448086,0.28415300546448086,0.13020833333333334,0.3686635944700461,217.0,0.0
denovo_pdb__4a29_A,1,247,284,4325,True,True,11,11,0.2949756888168557,0.2949756888168557,0.2949756888168557,0.2949756888168557,0.061068702290076333,0.061068702290076333,0.045541696490008686,0.21766342141863698,1433.0,0.0
denovo_pdb__4a29_A,20,247,284,4593,True,True,12,12,0.3310580204778157,0.3310580204778157,0.3310580204778157,0.3310580204778157,0.13000000000000003,0.13000000000000003,0.033922003724404876,0.1971185330713818,1524.0,0.0
denovo_pdb__4a29_A,16,247,284,5272,True,True,13,13,0.30050083472454087,0.30050083472454087,0.30050083472454087,0.30050083472454087,0.10999999999999999,0.10999999999999999,0.05801002381876611,0.2390188248716486,1748.0,0.0
denovo_pdb__4a29_A,21,247,284,4178,True,True,11,11,0.2991304347826087,0.2991304347826087,0.2991304347826087,0.2991304347826087,0.079155672823219,0.079155672823219,0.06280854022068665,0.23686105111591071,1387.0,0.0
denovo_pdb__4lpx_A,15,97,70,539,True,True,2,2,0.5935483870967742,0.5935483870967742,0.5935483870967742,0.5935483870967742,0.42682926829268286,0.42682926829268286,0.2695035460992908,0.45251396648044695,179.0,0.0
denovo_pdb__4lpx_A,18,97,70,1725,True,True,9,9,0.6201550387596898,0.6201550387596898,0.5499999999999999,0.5499999999999999,0.6176470588235293,0.6176470588235293,0.21431446371665464,0.5034965034965035,571.0,0.0
denovo_pdb__4lpx_A,19,97,70,1048,True,True,4,4,0.45962732919254656,0.45962732919254656,0.3508771929824561,0.3508771929824561,0.45962732919254656,0.45962732919254656,0.18414634837992502,0.3333333333333333,348.0,0.0
denovo_pdb__4lpx_A,12,97,70,1003,True,True,4,4,0.4720496894409938,0.4720496894409938,0.4720496894409938,0.4720496894409938,0.3694267515923567,0.3694267515923567,0.2188740079365079,0.3663663663663664,331.0,0.0
denovo_pdb__3q7w_A,12,124,139,3222,True,True,12,12,0.3389830508474576,0.3389830508474576,0.3008849557522124,0.3008849557522124,0.2604651162790697,0.2604651162790697,0.18325948749080123,0.29626168224299065,1069.0,0.0
denovo_pdb__3q7w_A,18,124,139,5235,True,True,21,21,0.3187250996015936,0.3187250996015936,0.21698113207547168,0.21698113207547168,0.163265306122449,0.163265306122449,0.1925449532811621,0.2663981588032221,1738.0,0.0
denovo_pdb__3q7w_A,20,124,139,2414,True,True,8,8,0.3127572016460905,0.3127572016460905,0.3127572016460905,0.3127572016460905,0.15450643776824033,0.15450643776824033,0.16747013159522575,0.2518703241895262,801.0,0.0
denovo_pdb__3q7w_A,22,124,139,1909,True,True,7,7,0.31967213114754095,0.31967213114754095,0.31967213114754095,0.31967213114754095,0.24892703862660945,0.24892703862660945,0.19064208242562186,0.3312302839116719,634.0,0.0
denovo_pdb__9r7f_A,15,202,137,6663,False,True,19,19,0.125,0.125,0.023255813953488372,0.023255813953488372,0.008368200836820085,0.008368200836820085,0.02502005793722474,0.049209932279909704,2200.0,0.0
denovo_pdb__9r7f_A,21,202,137,6663,False,True,20,20,0.1333333333333333,0.1333333333333333,0.021276595744680854,0.021276595744680854,0.030769230769230774,0.030769230769230774,0.03438983395004236,0.06594399277326106,2182.0,0.0
denovo_pdb__9r7f_A,1,202,137,6663,False,True,20,20,0.13821138211382114,0.13821138211382114,0.043668122270742356,0.043668122270742356,0.07894736842105263,0.07894736842105263,0.034990589795960904,0.09033423667570009,2202.0,0.0
denovo_pdb__9r7f_A,22,202,137,6663,False,True,21,21,0.09482758620689655,0.09482758620689655,0.06666666666666665,0.06666666666666665,0.03238866396761133,0.03238866396761133,0.029827675304871952,0.06504065040650407,2210.0,0.0
denovo_pdb__8bl9_A,15,116,108,3513,True,True,12,12,0.20192307692307693,0.20192307692307693,0.16831683168316833,0.16831683168316833,0.03191489361702128,0.03191489361702128,0.04738297213524854,0.11910882604970009,1162.0,0.0
denovo_pdb__8bl9_A,2,116,108,6663,False,True,25,25,0.2831050228310502,0.2831050228310502,0.0,0.0,0.17,0.17,0.058008148101461744,0.1676457297785811,2205.0,0.0
denovo_pdb__8bl9_A,16,116,108,3980,True,True,14,14,0.2589285714285714,0.2589285714285714,0.22641509433962265,0.22641509433962265,0.23076923076923075,0.23076923076923075,0.08802032282713065,0.1928895612708018,1320.0,0.0
denovo_pdb__8bl9_A,23,116,108,6663,False,True,23,23,0.2980769230769231,0.2980769230769231,0.0,0.0,0.10152284263959391,0.10152284263959391,0.08789335199444465,0.166741979213737,2199.0,0.0
denovo_pdb__7f1k_A,9,193,240,6663,False,True,17,17,0.11005692599620492,0.11005692599620492,0.11005692599620492,0.11005692599620492,0.06741573033707865,0.06741573033707865,0.03420195768932428,0.06681715575620767,2185.0,0.0
denovo_pdb__7f1k_A,0,193,240,6663,False,True,19,19,0.09770114942528735,0.09770114942528735,0.06965174129353233,0.06965174129353233,0.0623229461756374,0.0623229461756374,0.019468377821376087,0.0799097065462754,2210.0,0.0
denovo_pdb__7f1k_A,18,193,240,6663,False,True,20,20,0.052478134110787174,0.052478134110787174,0.038216560509554146,0.038216560509554146,0.028985507246376812,0.028985507246376812,0.019824075138346216,0.05013550135501355,2209.0,0.0
denovo_pdb__7f1k_A,12,193,240,6663,False,True,18,18,0.07981220657276995,0.07981220657276995,0.03234501347708895,0.03234501347708895,0.023121387283236993,0.023121387283236993,0.018717730413857516,0.05733634311512415,2198.0,0.0
foldbench100__7xz3_A,0,325,316,6663,False,True,19,19,0.03686635944700461,0.03686635944700461,0.005988023952095808,0.005988023952095808,0.0,0.0,0.010383737134222764,0.03295711060948081,2213.0,0.0
foldbench100__7xz3_A,6,325,316,6663,False,True,19,19,0.04943820224719101,0.04943820224719101,0.0,0.0,0.009501187648456057,0.009501187648456057,0.014085634602469076,0.029345372460496615,2213.0,0.0
foldbench100__7xz3_A,22,325,316,6663,False,True,19,19,0.06593406593406594,0.06593406593406594,0.010723860589812333,0.010723860589812333,0.0273972602739726,0.0273972602739726,0.012375712097169067,0.04830699774266366,2212.0,0.0
foldbench100__7xz3_A,8,325,316,6663,False,True,18,18,0.028846153846153848,0.028846153846153848,0.009195402298850575,0.009195402298850575,0.01809954751131222,0.01809954751131222,0.006861814967682854,0.024830699774266364,2213.0,0.0
casp_fm__T1040-D1,6,130,79,6663,False,True,26,26,0.10869565217391304,0.10869565217391304,0.011834319526627219,0.011834319526627219,0.01869158878504673,0.01869158878504673,0.025533673973249894,0.0379746835443038,2206.0,0.0
casp_fm__T1040-D1,23,130,79,3162,True,True,12,12,0.08187134502923978,0.08187134502923978,0.08187134502923978,0.08187134502923978,0.022598870056497175,0.022598870056497175,0.027468193490573087,0.02761904761904762,1049.0,0.0
casp_fm__T1040-D1,10,130,79,6663,False,True,29,29,0.08849557522123895,0.08849557522123895,0.0,0.0,0.0,0.0,0.029435258646545105,0.031659882406151064,2205.0,0.0
casp_fm__T1040-D1,11,130,79,6663,False,True,29,29,0.14173228346456693,0.14173228346456693,0.0,0.0,0.04081632653061225,0.04081632653061225,0.03160037850119666,0.04251469923111714,2194.0,0.0
denovo_pdb__9hnh_A,15,151,158,2933,True,True,8,8,0.2162162162162162,0.2162162162162162,0.2162162162162162,0.2162162162162162,0.09448818897637795,0.09448818897637795,0.04991124828638945,0.11692307692307692,974.0,0.0
denovo_pdb__9hnh_A,6,151,158,1429,True,True,4,4,0.3380281690140845,0.3380281690140845,0.2557377049180328,0.2557377049180328,0.3380281690140845,0.3380281690140845,0.0601247234503107,0.27157894736842103,474.0,0.0
denovo_pdb__9hnh_A,7,151,158,1898,True,True,5,5,0.3693181818181818,0.3693181818181818,0.3693181818181818,0.3693181818181818,0.21292775665399238,0.21292775665399238,0.10048674788799487,0.2931854199683043,631.0,0.0
denovo_pdb__9hnh_A,18,151,158,1143,True,True,3,3,0.36874999999999997,0.36874999999999997,0.36874999999999997,0.36874999999999997,0.07782101167315175,0.07782101167315175,0.051017811704834604,0.21842105263157896,379.0,0.0
foldbench100__7yyg_A,7,365,221,6663,False,True,20,20,0.07761194029850747,0.07761194029850747,0.007575757575757576,0.007575757575757576,0.03488372093023256,0.03488372093023256,0.013243380084321056,0.05510388437217705,2212.0,0.0
foldbench100__7yyg_A,9,365,221,6663,False,True,20,20,0.061349693251533735,0.061349693251533735,0.014652014652014652,0.014652014652014652,0.03539823008849558,0.03539823008849558,0.01133497896391841,0.052845528455284556,2209.0,0.0
foldbench100__7yyg_A,4,365,221,4467,True,True,12,12,0.08571428571428572,0.08571428571428572,0.062015503875969,0.062015503875969,0.06116207951070336,0.06116207951070336,0.00879939200445623,0.05656565656565657,1481.0,0.0
foldbench100__7yyg_A,8,365,221,6663,False,True,20,20,0.047477744807121657,0.047477744807121657,0.0071428571428571435,0.0071428571428571435,0.03680981595092024,0.03680981595092024,0.017217736946283837,0.03974706413730804,2210.0,0.0
denovo_pdb__7rmx_A,12,229,231,6663,False,True,18,18,0.19411764705882353,0.19411764705882353,0.05625000000000001,0.05625000000000001,0.08823529411764706,0.08823529411764706,0.03402304882536827,0.1440180586907449,2209.0,0.0
denovo_pdb__7rmx_A,10,229,231,6663,False,True,18,18,0.13123359580052493,0.13123359580052493,0.06606606606606606,0.06606606606606606,0.11299435028248586,0.11299435028248586,0.02518762149930703,0.09887133182844243,2208.0,0.0
denovo_pdb__7rmx_A,2,229,231,6663,False,True,19,19,0.11331444759206799,0.11331444759206799,0.04774535809018567,0.04774535809018567,0.08358208955223881,0.08358208955223881,0.023430051159587954,0.10338600451467268,2210.0,0.0
denovo_pdb__7rmx_A,9,229,231,6663,False,True,19,19,0.18181818181818182,0.18181818181818182,0.0,0.0,0.18181818181818182,0.18181818181818182,0.0229420442772766,0.10022573363431152,2207.0,0.0
denovo_pdb__7a8s_A,22,190,237,5036,True,True,14,14,0.35064935064935066,0.35064935064935066,0.35064935064935066,0.35064935064935066,0.11830985915492957,0.11830985915492957,0.07496616985985384,0.2903225806451613,1670.0,0.0
denovo_pdb__7a8s_A,11,190,237,3041,True,True,8,8,0.42201834862385323,0.42201834862385323,0.42201834862385323,0.42201834862385323,0.19596541786743513,0.19596541786743513,0.11109818526735522,0.34520276953511375,1011.0,0.0
denovo_pdb__7a8s_A,9,190,237,3868,True,True,10,10,0.5147679324894515,0.5147679324894515,0.5147679324894515,0.5147679324894515,0.0670391061452514,0.0670391061452514,0.07562265520042469,0.31259720062208396,1281.0,0.0
denovo_pdb__7a8s_A,7,190,237,757,True,True,1,1,0.4662576687116564,0.4662576687116564,0.4662576687116564,0.4662576687116564,0.4662576687116564,0.4662576687116564,,0.4523809523809524,252.0,0.0
foldbench100__8b6e_A,1,66,44,1002,True,True,15,15,0.47311827956989244,0.47311827956989244,0.3488372093023256,0.3488372093023256,0.136986301369863,0.136986301369863,0.03608768341938047,0.22492401215805471,329.0,0.0
foldbench100__8b6e_A,9,66,44,1464,True,True,24,24,0.3,0.3,0.15151515151515152,0.15151515151515152,0.15384615384615383,0.15384615384615383,0.030075483480536593,0.21666666666666667,480.0,0.0
foldbench100__8b6e_A,4,66,44,390,True,True,6,6,0.3055555555555556,0.3055555555555556,0.3055555555555556,0.3055555555555556,0.13114754098360656,0.13114754098360656,0.022560823168725905,0.2734375,128.0,0.0
foldbench100__8b6e_A,19,66,44,834,True,True,12,12,0.3235294117647059,0.3235294117647059,0.1951219512195122,0.1951219512195122,0.07692307692307693,0.07692307692307693,0.10973658228573133,0.2664233576642336,273.0,0.0
denovo_pdb__5d30_A,13,250,269,6663,False,True,19,19,0.11055276381909547,0.11055276381909547,0.0,0.0,0.016172506738544475,0.016172506738544475,0.024391083213769347,0.11331828442437923,2206.0,0.0
denovo_pdb__5d30_A,12,250,269,5311,True,True,13,13,0.3312693498452012,0.3312693498452012,0.3312693498452012,0.3312693498452012,0.15143603133159267,0.15143603133159267,0.034615058051344884,0.217440543601359,1756.0,0.0
denovo_pdb__5d30_A,2,250,269,5251,True,True,13,13,0.2299651567944251,0.2299651567944251,0.2299651567944251,0.2299651567944251,0.12857142857142856,0.12857142857142856,0.03898292200846081,0.17411225658648338,1741.0,0.0
denovo_pdb__5d30_A,1,250,269,4785,True,True,12,12,0.22512234910277326,0.22512234910277326,0.22512234910277326,0.22512234910277326,0.05866666666666667,0.05866666666666667,0.03399035329064301,0.17284726587052168,1589.0,0.0
denovo_pdb__7ocm_A,22,174,159,6663,False,True,25,25,0.08695652173913043,0.08695652173913043,0.0,0.0,0.053231939163498096,0.053231939163498096,0.023003762514679588,0.06552191595119747,2210.0,0.0
denovo_pdb__7ocm_A,12,174,159,6663,False,True,21,21,0.06926406926406926,0.06926406926406926,0.028301886792452834,0.028301886792452834,0.007246376811594204,0.007246376811594204,0.017873957188872847,0.04697380307136405,2212.0,0.0
denovo_pdb__7ocm_A,4,174,159,6663,False,True,23,23,0.06691449814126393,0.06691449814126393,0.0,0.0,0.01509433962264151,0.01509433962264151,0.023520260626092502,0.04518752824220515,2212.0,0.0
denovo_pdb__7ocm_A,9,174,159,6663,False,True,25,25,0.08928571428571429,0.08928571428571429,0.054901960784313725,0.054901960784313725,0.055118110236220465,0.055118110236220465,0.018429247298156908,0.05919566199728875,2206.0,0.0
denovo_pdb__8xyr_A,22,165,187,6663,False,True,20,20,0.08074534161490683,0.08074534161490683,0.07067137809187278,0.07067137809187278,0.041811846689895474,0.041811846689895474,0.03021813731309056,0.06594399277326106,2209.0,0.0
denovo_pdb__8xyr_A,11,165,187,1619,True,True,5,5,0.09790209790209789,0.09790209790209789,0.0856269113149847,0.0856269113149847,0.04210526315789474,0.04210526315789474,0.04656078359667723,0.09479553903345725,538.0,0.0
denovo_pdb__8xyr_A,13,165,187,6663,False,True,24,24,0.11842105263157895,0.11842105263157895,0.009433962264150943,0.009433962264150943,0.060200668896321065,0.060200668896321065,0.042778971159310876,0.09263443289652055,2207.0,0.0
denovo_pdb__8xyr_A,23,165,187,6663,False,True,20,20,0.08934707903780069,0.08934707903780069,0.043010752688172046,0.043010752688172046,0.05333333333333332,0.05333333333333332,0.03228620592975323,0.07362240289069558,2209.0,0.0
denovo_pdb__9mrb_A,22,141,105,3582,True,True,15,15,0.13714285714285715,0.13714285714285715,0.09183673469387756,0.09183673469387756,0.07650273224043715,0.07650273224043715,0.033828798508690826,0.0832632464255677,1187.0,0.0
denovo_pdb__9mrb_A,13,141,105,6663,False,True,27,27,0.12307692307692307,0.12307692307692307,0.016528925619834715,0.016528925619834715,0.046511627906976744,0.046511627906976744,0.04495167964006893,0.07097649186256781,2199.0,0.0
denovo_pdb__9mrb_A,0,141,105,6663,False,True,25,25,0.16580310880829016,0.16580310880829016,0.0,0.0,0.045714285714285714,0.045714285714285714,0.03844453832695425,0.08404880253050158,2198.0,0.0
denovo_pdb__9mrb_A,7,141,105,6663,False,True,25,25,0.11926605504587155,0.11926605504587155,0.026490066225165566,0.026490066225165566,0.06349206349206349,0.06349206349206349,0.04356433539474983,0.051965657478535925,2201.0,0.0
denovo_pdb__9r0z_A,23,100,98,3030,True,True,12,12,0.42328042328042326,0.42328042328042326,0.42328042328042326,0.42328042328042326,0.2258064516129032,0.2258064516129032,0.06428578645308046,0.22465208747514911,1005.0,0.0
denovo_pdb__9r0z_A,12,100,98,6663,False,True,29,29,0.37755102040816324,0.37755102040816324,0.03703703703703703,0.03703703703703703,0.3267326732673267,0.3267326732673267,0.08780945860464921,0.25192220714608776,2205.0,0.0
denovo_pdb__9r0z_A,8,100,98,1941,True,True,9,9,0.39751552795031053,0.39751552795031053,0.39751552795031053,0.39751552795031053,0.1919191919191919,0.1919191919191919,0.05425636210031555,0.2204968944099379,643.0,0.0
denovo_pdb__9r0z_A,14,100,98,6663,False,True,26,26,0.32369942196531787,0.32369942196531787,0.09150326797385619,0.09150326797385619,0.1807909604519774,0.1807909604519774,0.08157573174590865,0.1821880650994575,2196.0,0.0
denovo_pdb__6xi6_A,2,269,199,6663,False,True,21,21,0.14935064935064934,0.14935064935064934,0.035555555555555556,0.035555555555555556,0.026578073089700994,0.026578073089700994,0.03801059447884063,0.08717253839205058,2205.0,0.0
denovo_pdb__6xi6_A,4,269,199,6663,False,True,21,21,0.12790697674418605,0.12790697674418605,0.06734006734006735,0.06734006734006735,0.09665427509293681,0.09665427509293681,0.03170112035515972,0.10659439927732611,2212.0,0.0
denovo_pdb__6xi6_A,23,269,199,6663,False,True,19,19,0.14332247557003258,0.14332247557003258,0.03825136612021858,0.03825136612021858,0.05144694533762057,0.05144694533762057,0.03523440256697882,0.07358916478555305,2195.0,0.0
denovo_pdb__6xi6_A,5,269,199,6663,False,True,20,20,0.13029315960912052,0.13029315960912052,0.018867924528301883,0.018867924528301883,0.040955631399317405,0.040955631399317405,0.014066842784868434,0.06549232158988257,2205.0,0.0
casp_fm__T1035-D1,8,102,70,2641,True,True,16,16,0.13114754098360656,0.13114754098360656,0.13114754098360656,0.13114754098360656,0.055045871559633024,0.055045871559633024,0.030259555675574937,0.08342857142857144,873.0,0.0
casp_fm__T1035-D1,2,102,70,2728,True,True,16,16,0.072992700729927,0.072992700729927,0.013986013986013986,0.013986013986013986,0.040540540540540536,0.040540540540540536,0.011354750425053694,0.04092920353982301,901.0,0.0
casp_fm__T1035-D1,16,102,70,3916,True,True,22,22,0.11475409836065574,0.11475409836065574,0.09271523178807946,0.09271523178807946,0.08695652173913043,0.08695652173913043,0.02775980984156426,0.061633281972265024,1297.0,0.0
casp_fm__T1035-D1,22,102,70,3290,True,True,23,23,0.14634146341463414,0.14634146341463414,0.040540540540540536,0.040540540540540536,0.0,0.0,0.036193845599723655,0.06611570247933884,1088.0,0.0
denovo_pdb__8eoz_B,23,227,215,2878,True,True,7,7,0.059322033898305086,0.059322033898305086,0.059322033898305086,0.059322033898305086,0.023809523809523808,0.023809523809523808,0.09681776982568585,0.047021943573667714,956.0,0.0
denovo_pdb__8eoz_B,14,227,215,5099,True,True,14,14,0.0438871473354232,0.0438871473354232,0.03791469194312796,0.03791469194312796,0.025236593059936908,0.025236593059936908,0.08327629400453292,0.03893805309734513,1693.0,0.0
denovo_pdb__8eoz_B,11,227,215,5044,True,True,13,13,0.0486322188449848,0.0486322188449848,0.043912175648702596,0.043912175648702596,0.02476780185758514,0.02476780185758514,0.06115062110116538,0.03756708407871199,1675.0,0.0
denovo_pdb__8eoz_B,10,227,215,4358,True,True,11,11,0.05144694533762058,0.05144694533762058,0.0490566037735849,0.0490566037735849,0.006024096385542169,0.006024096385542169,0.09074067147425716,0.03657694962042788,1447.0,0.0
foldbench100__8gmy_A,0,236,254,4982,True,True,14,14,0.2073732718894009,0.2073732718894009,0.2073732718894009,0.2073732718894009,0.03314917127071823,0.03314917127071823,0.044768000218971316,0.15760869565217392,1652.0,0.0
foldbench100__8gmy_A,11,236,254,6663,False,True,20,20,0.0717948717948718,0.0717948717948718,0.015444015444015443,0.015444015444015443,0.01634877384196185,0.01634877384196185,0.014303286322268089,0.04697380307136405,2212.0,0.0
foldbench100__8gmy_A,6,236,254,6663,False,True,21,21,0.13978494623655913,0.13978494623655913,0.022641509433962266,0.022641509433962266,0.028653295128939833,0.028653295128939833,0.03556140675642967,0.13188798554652212,2213.0,0.0
foldbench100__8gmy_A,12,236,254,6663,False,True,20,20,0.14323607427055704,0.14323607427055704,0.046357615894039736,0.046357615894039736,0.10810810810810813,0.10810810810810813,0.05871529921418529,0.15718157181571815,2209.0,0.0
denovo_pdb__9db8_A,7,107,74,1290,True,True,9,9,0.17142857142857143,0.17142857142857143,0.17142857142857143,0.17142857142857143,0.0,0.0,0.04523569076092242,0.117096018735363,425.0,0.0
denovo_pdb__9db8_A,20,107,74,1357,True,True,7,7,0.2125,0.2125,0.2125,0.2125,0.02127659574468085,0.02127659574468085,0.04337430396688583,0.13333333333333333,449.0,0.0
denovo_pdb__9db8_A,3,107,74,959,True,True,8,8,0.1372549019607843,0.1372549019607843,0.1372549019607843,0.1372549019607843,0.12068965517241378,0.12068965517241378,0.04727269504217765,0.11356466876971609,316.0,0.0
denovo_pdb__9db8_A,15,107,74,1947,True,True,15,15,0.1875,0.1875,0.11382113821138212,0.11382113821138212,0.03389830508474577,0.03389830508474577,0.031220073281763083,0.12422360248447205,643.0,0.0
denovo_pdb__5vjt_A,7,196,163,6663,False,True,20,20,0.20289855072463767,0.20289855072463767,0.0606060606060606,0.0606060606060606,0.05172413793103448,0.05172413793103448,0.024481535845490014,0.0930442637759711,2196.0,0.0
denovo_pdb__5vjt_A,9,196,163,6663,False,True,16,16,0.21014492753623187,0.21014492753623187,0.1219512195121951,0.1219512195121951,0.04270462633451957,0.04270462633451957,0.030196764540173792,0.08935018050541517,2156.0,0.0
denovo_pdb__5vjt_A,4,196,163,6663,False,True,22,22,0.12648221343873517,0.12648221343873517,0.02752293577981652,0.02752293577981652,0.045112781954887216,0.045112781954887216,0.02090824763857199,0.06097560975609756,2210.0,0.0
denovo_pdb__5vjt_A,15,196,163,6663,False,True,20,20,0.2558922558922559,0.2558922558922559,0.10795454545454544,0.10795454545454544,0.03610108303249097,0.03610108303249097,0.03250741200981645,0.12511291779584463,2194.0,0.0
denovo_pdb__9dba_A,0,107,77,2308,True,True,13,13,0.25301204819277107,0.25301204819277107,0.25301204819277107,0.25301204819277107,0.0,0.0,0.06447595625009667,0.1568627450980392,763.0,0.0
denovo_pdb__9dba_A,5,107,77,6663,False,True,41,41,0.2962962962962963,0.2962962962962963,0.04938271604938272,0.04938271604938272,0.1081081081081081,0.1081081081081081,0.07959994321525865,0.21703670140462167,2198.0,0.0
denovo_pdb__9dba_A,21,107,77,1849,True,True,10,10,0.3542857142857143,0.3542857142857143,0.3542857142857143,0.3542857142857143,0.1142857142857143,0.1142857142857143,0.05303488714916206,0.1468189233278956,612.0,0.0
denovo_pdb__9dba_A,2,107,77,1386,True,True,9,9,0.21301775147928995,0.21301775147928995,0.21301775147928995,0.21301775147928995,0.07619047619047618,0.07619047619047618,0.03140549561882337,0.1328976034858388,458.0,0.0
cameo_hard__8vej_B,14,242,176,6663,False,True,19,19,0.13815789473684212,0.13815789473684212,0.04301075268817204,0.04301075268817204,0.03508771929824561,0.03508771929824561,0.026032796550409562,0.09074492099322799,2213.0,0.0
cameo_hard__8vej_B,21,242,176,6663,False,True,20,20,0.1268882175226586,0.1268882175226586,0.1268882175226586,0.1268882175226586,0.0684931506849315,0.0684931506849315,0.029787939192474047,0.10749774164408311,2203.0,0.0
cameo_hard__8vej_B,16,242,176,6663,False,True,19,19,0.08421052631578947,0.08421052631578947,0.03937007874015747,0.03937007874015747,0.03636363636363636,0.03636363636363636,0.018385679955827065,0.057787810383747175,2210.0,0.0
cameo_hard__8vej_B,2,242,176,6663,False,True,19,19,0.09027777777777779,0.09027777777777779,0.06811145510835913,0.06811145510835913,0.042704626334519574,0.042704626334519574,0.01968570326391791,0.07178329571106094,2207.0,0.0
denovo_pdb__9r1l_A,15,133,108,355,True,True,1,1,0.6283185840707964,0.6283185840707964,0.6283185840707964,0.6283185840707964,0.6283185840707964,0.6283185840707964,,0.6016949152542372,118.0,0.0
denovo_pdb__9r1l_A,7,133,108,3536,True,True,17,17,0.3103448275862069,0.3103448275862069,0.09708737864077671,0.09708737864077671,0.025477707006369425,0.025477707006369425,0.051689492590525854,0.17647058823529413,1171.0,0.0
denovo_pdb__9r1l_A,1,133,108,3203,True,True,11,11,0.2152466367713004,0.2152466367713004,0.10138248847926266,0.10138248847926266,0.2152466367713004,0.2152466367713004,0.06079890018588714,0.1137218045112782,1063.0,0.0
denovo_pdb__9r1l_A,2,133,108,2648,True,True,11,11,0.5798319327731093,0.5798319327731093,0.5798319327731093,0.5798319327731093,0.11382113821138212,0.11382113821138212,0.06696761803343843,0.3447098976109215,874.0,0.0
foldbench100__8add_A,23,213,210,6663,False,True,22,22,0.06116207951070336,0.06116207951070336,0.0,0.0,0.055045871559633024,0.055045871559633024,0.018236883131787875,0.04832881662149955,2211.0,0.0
foldbench100__8add_A,3,213,210,6663,False,True,21,21,0.04833836858006043,0.04833836858006043,0.03389830508474577,0.03389830508474577,0.00634920634920635,0.00634920634920635,0.015060682438674639,0.04110207768744354,2209.0,0.0
foldbench100__8add_A,12,213,210,6663,False,True,19,19,0.04242424242424242,0.04242424242424242,0.007220216606498196,0.007220216606498196,0.030864197530864196,0.030864197530864196,0.013287696010807462,0.03611738148984198,2210.0,0.0
foldbench100__8add_A,11,213,210,6663,False,True,20,20,0.07339449541284404,0.07339449541284404,0.03460207612456748,0.03460207612456748,0.037854889589905356,0.037854889589905356,0.015115595576145873,0.04832881662149955,2211.0,0.0
denovo_pdb__3o4b_A,18,123,145,3974,True,True,14,14,0.25702811244979923,0.25702811244979923,0.25702811244979923,0.25702811244979923,0.2076923076923077,0.2076923076923077,0.10729424985744493,0.23484848484848486,1320.0,0.0
denovo_pdb__3o4b_A,9,123,145,3954,True,True,15,15,0.3238866396761133,0.3238866396761133,0.3238866396761133,0.3238866396761133,0.16806722689075632,0.16806722689075632,0.14487321203350173,0.28484386900228487,1311.0,0.0
denovo_pdb__3o4b_A,13,123,145,3339,True,True,12,12,0.2377049180327869,0.2377049180327869,0.2377049180327869,0.2377049180327869,0.1370967741935484,0.1370967741935484,0.1249174401492479,0.22272317403065825,1105.0,0.0
denovo_pdb__3o4b_A,5,123,145,3798,True,True,15,15,0.24137931034482757,0.24137931034482757,0.23628691983122363,0.23628691983122363,0.2300884955752212,0.2300884955752212,0.1798229944193249,0.2521808088818398,1257.0,0.0
denovo_pdb__9quc_A,2,171,164,1471,True,True,4,4,0.1672727272727273,0.1672727272727273,0.16129032258064516,0.16129032258064516,0.0979020979020979,0.0979020979020979,0.14381796811703354,0.1554192229038855,488.0,0.0
denovo_pdb__9quc_A,20,171,164,2828,True,True,8,8,0.1958041958041958,0.1958041958041958,0.1712538226299694,0.1712538226299694,0.15498154981549814,0.15498154981549814,0.15429120028338197,0.18723404255319148,939.0,0.0
denovo_pdb__9quc_A,17,171,164,6663,False,True,19,19,0.16176470588235295,0.16176470588235295,0.08306709265175719,0.08306709265175719,0.060150375939849635,0.060150375939849635,0.06780324234088958,0.10609480812641084,2204.0,0.0
denovo_pdb__9quc_A,9,171,164,6663,False,True,20,20,0.18726591760299624,0.18726591760299624,0.0,0.0,0.13138686131386862,0.13138686131386862,0.06505127500509225,0.12917795844625113,2208.0,0.0
denovo_pdb__9r2k_A,19,177,222,6663,False,True,19,19,0.1875,0.1875,0.12106537530266345,0.12106537530266345,0.1235294117647059,0.1235294117647059,0.040392582198411436,0.12821670428893905,2190.0,0.0
denovo_pdb__9r2k_A,8,177,222,6663,False,True,16,16,0.17857142857142858,0.17857142857142858,0.09251101321585903,0.09251101321585903,0.06432748538011696,0.06432748538011696,0.034779726786065765,0.10063176895306859,2166.0,0.0
denovo_pdb__9r2k_A,11,177,222,6663,False,True,20,20,0.15853658536585366,0.15853658536585366,0.016597510373443983,0.016597510373443983,0.05373134328358209,0.05373134328358209,0.0360340349330274,0.12420957542908763,2197.0,0.0
denovo_pdb__9r2k_A,22,177,222,3098,True,True,8,8,0.14879649890590807,0.14879649890590807,0.14879649890590807,0.14879649890590807,0.05294117647058824,0.05294117647058824,0.040610215219085484,0.10679611650485436,1028.0,0.0
denovo_pdb__5lea_A,6,316,225,1851,True,True,3,3,0.6899563318777292,0.6899563318777292,0.6899563318777292,0.6899563318777292,0.3939393939393939,0.3939393939393939,0.3019584647739222,0.6363636363636364,612.0,0.0
denovo_pdb__5lea_A,4,316,225,796,True,True,1,1,0.7022587268993841,0.7022587268993841,0.7022587268993841,0.7022587268993841,0.7022587268993841,0.7022587268993841,,0.6452830188679245,262.0,0.0
denovo_pdb__5lea_A,11,316,225,2947,True,True,7,7,0.6485436893203884,0.6485436893203884,0.6485436893203884,0.6485436893203884,0.4201183431952663,0.4201183431952663,0.20120297927218922,0.636734693877551,977.0,0.0
denovo_pdb__5lea_A,8,316,225,2454,True,True,6,6,0.702355460385439,0.702355460385439,0.702355460385439,0.702355460385439,0.3928571428571429,0.3928571428571429,0.15487426694815856,0.6372549019607843,814.0,0.0
denovo_pdb__9rar_A,20,208,144,6663,False,True,19,19,0.12244897959183675,0.12244897959183675,0.05776173285198556,0.05776173285198556,0.08800000000000001,0.08800000000000001,0.03366938608775878,0.08306997742663656,2208.0,0.0
denovo_pdb__9rar_A,1,208,144,6663,False,True,17,17,0.100418410041841,0.100418410041841,0.06266318537859007,0.06266318537859007,0.047244094488188976,0.047244094488188976,0.037535795433195664,0.06455981941309255,2190.0,0.0
denovo_pdb__9rar_A,6,208,144,6663,False,True,20,20,0.09146341463414635,0.09146341463414635,0.012658227848101266,0.012658227848101266,0.06666666666666667,0.06666666666666667,0.027719276555548872,0.07452574525745258,2202.0,0.0
denovo_pdb__9rar_A,16,208,144,6663,False,True,19,19,0.13584905660377358,0.13584905660377358,0.027272727272727275,0.027272727272727275,0.07968127490039842,0.07968127490039842,0.03570033560836053,0.0889390519187359,2203.0,0.0
denovo_pdb__2xen_A,8,91,60,187,True,True,1,1,0.6721311475409835,0.6721311475409835,0.6721311475409835,0.6721311475409835,0.6721311475409835,0.6721311475409835,,0.6612903225806451,62.0,0.0
denovo_pdb__2xen_A,6,91,60,223,True,True,1,1,0.6417910447761194,0.6417910447761194,0.6417910447761194,0.6417910447761194,0.6417910447761194,0.6417910447761194,,0.581081081081081,74.0,0.0
denovo_pdb__2xen_A,14,91,60,244,True,True,1,1,0.723404255319149,0.723404255319149,0.723404255319149,0.723404255319149,0.723404255319149,0.723404255319149,,0.6296296296296297,81.0,0.0
denovo_pdb__2xen_A,12,91,60,229,True,True,1,1,0.6911764705882353,0.6911764705882353,0.6911764705882353,0.6911764705882353,0.6911764705882353,0.6911764705882353,,0.618421052631579,76.0,0.0
denovo_pdb__6i37_A,13,251,205,736,True,True,1,1,0.6696428571428572,0.6696428571428572,0.6696428571428572,0.6696428571428572,0.6696428571428572,0.6696428571428572,,0.6122448979591837,243.0,0.0
denovo_pdb__6i37_A,12,251,205,1034,True,True,2,2,0.6726457399103138,0.6726457399103138,0.6726457399103138,0.6726457399103138,0.3973941368078176,0.3973941368078176,0.21201413427561838,0.6133720930232558,343.0,0.0
denovo_pdb__6i37_A,8,251,205,1064,True,True,2,2,0.611111111111111,0.611111111111111,0.611111111111111,0.611111111111111,0.40483383685800606,0.40483383685800606,0.24295774647887325,0.5621468926553672,353.0,0.0
denovo_pdb__6i37_A,11,251,205,715,True,True,1,1,0.5941043083900227,0.5941043083900227,0.5941043083900227,0.5941043083900227,0.5941043083900227,0.5941043083900227,,0.5504201680672269,236.0,0.0
denovo_pdb__7jrq_A,2,127,95,370,True,True,1,1,0.5779816513761469,0.5779816513761469,0.5779816513761469,0.5779816513761469,0.5779816513761469,0.5779816513761469,,0.5121951219512195,123.0,0.0
denovo_pdb__7jrq_A,5,127,95,329,True,True,2,2,0.3595505617977528,0.3595505617977528,0.3595505617977528,0.3595505617977528,0.23140495867768593,0.23140495867768593,0.1595744680851064,0.42201834862385323,109.0,0.0
denovo_pdb__7jrq_A,0,127,95,3146,True,True,11,11,0.32967032967032966,0.32967032967032966,0.24875621890547261,0.24875621890547261,0.06521739130434784,0.06521739130434784,0.06404714352776386,0.17799043062200956,1043.0,0.0
denovo_pdb__7jrq_A,14,127,95,2703,True,True,9,9,0.47058823529411764,0.47058823529411764,0.3417085427135679,0.3417085427135679,0.20765027322404372,0.20765027322404372,0.06346202259782777,0.24498886414253898,898.0,0.0
denovo_pdb__8j98_A,17,184,172,6663,False,True,20,20,0.11387900355871887,0.11387900355871887,0.018099547511312215,0.018099547511312215,0.10452961672473868,0.10452961672473868,0.03172641019100137,0.07091237579042457,2210.0,0.0
denovo_pdb__8j98_A,2,184,172,6663,False,True,19,19,0.06338028169014086,0.06338028169014086,0.045454545454545456,0.045454545454545456,0.03333333333333334,0.03333333333333334,0.03126890143583374,0.03882618510158013,2199.0,0.0
denovo_pdb__8j98_A,18,184,172,3791,True,True,11,11,0.11764705882352941,0.11764705882352941,0.11764705882352941,0.11764705882352941,0.028268551236749116,0.028268551236749116,0.026395243180874488,0.06746031746031746,1259.0,0.0
denovo_pdb__8j98_A,9,184,172,6663,False,True,21,21,0.06474820143884892,0.06474820143884892,0.03389830508474576,0.03389830508474576,0.013986013986013984,0.013986013986013984,0.02303083643602496,0.04787714543812105,2207.0,0.0
denovo_pdb__4etj_A,0,164,113,6663,False,True,25,25,0.24,0.24,0.05333333333333334,0.05333333333333334,0.1702127659574468,0.1702127659574468,0.04172175701515591,0.1174875734297334,2211.0,0.0
denovo_pdb__4etj_A,23,164,113,6663,False,True,26,26,0.15454545454545454,0.15454545454545454,0.0,0.0,0.10679611650485438,0.10679611650485438,0.04467543903456856,0.09945750452079566,2211.0,0.0
denovo_pdb__4etj_A,13,164,113,1559,True,True,5,5,0.17272727272727273,0.17272727272727273,0.17272727272727273,0.17272727272727273,0.14354066985645936,0.14354066985645936,0.06001651172289876,0.12355212355212356,517.0,0.0
denovo_pdb__4etj_A,1,164,113,3197,True,True,11,11,0.18565400843881857,0.18565400843881857,0.18565400843881857,0.18565400843881857,0.07804878048780488,0.07804878048780488,0.05699829863013715,0.09792843691148775,1062.0,0.0
denovo_pdb__3teu_A,6,98,74,163,True,True,1,1,0.45312500000000006,0.45312500000000006,0.45312500000000006,0.45312500000000006,0.45312500000000006,0.45312500000000006,,0.5370370370370371,54.0,0.0
denovo_pdb__3teu_A,4,98,74,235,True,True,1,1,0.513157894736842,0.513157894736842,0.513157894736842,0.513157894736842,0.513157894736842,0.513157894736842,,0.5,78.0,0.0
denovo_pdb__3teu_A,7,98,74,727,True,True,4,4,0.5616438356164383,0.5616438356164383,0.5616438356164383,0.5616438356164383,0.36641221374045807,0.36641221374045807,0.1880804953560372,0.4979253112033195,241.0,0.0
denovo_pdb__3teu_A,20,98,74,178,True,True,1,1,0.43609022556390975,0.43609022556390975,0.43609022556390975,0.43609022556390975,0.43609022556390975,0.43609022556390975,,0.4915254237288136,59.0,0.0
denovo_pdb__3lt9_A,6,69,56,3633,True,True,27,27,0.2608695652173913,0.2608695652173913,0.2608695652173913,0.2608695652173913,0.1,0.1,0.04504275425039294,0.15224625623960067,1200.0,0.0
denovo_pdb__3lt9_A,12,69,56,1705,True,True,13,13,0.1941747572815534,0.1941747572815534,0.13675213675213677,0.13675213675213677,0.07079646017699115,0.07079646017699115,0.05453756945545448,0.12411347517730496,562.0,0.0
denovo_pdb__3lt9_A,14,69,56,2280,True,True,15,15,0.25688073394495414,0.25688073394495414,0.19642857142857142,0.19642857142857142,0.042105263157894736,0.042105263157894736,0.04173395616618227,0.1390728476821192,755.0,0.0
denovo_pdb__3lt9_A,23,69,56,3200,True,True,23,23,0.2736842105263158,0.2736842105263158,0.1864406779661017,0.1864406779661017,0.1276595744680851,0.1276595744680851,0.0456745587688266,0.14353163361661944,1055.0,0.0
cameo_hard__8raj_A,16,62,13,1356,True,True,21,21,0.44000000000000006,0.44000000000000006,0.29508196721311475,0.29508196721311475,0.0,0.0,0.041657241575772275,0.16853932584269662,440.0,0.0
cameo_hard__8raj_A,11,62,13,28,True,True,1,1,0.27272727272727276,0.27272727272727276,0.27272727272727276,0.27272727272727276,0.27272727272727276,0.27272727272727276,,0.3333333333333333,9.0,0.0
cameo_hard__8raj_A,3,62,13,1298,True,True,23,23,0.4375,0.4375,0.2448979591836735,0.2448979591836735,0.0,0.0,0.04812131340466943,0.12705882352941175,423.0,0.0
cameo_hard__8raj_A,22,62,13,34,True,True,1,1,0.6666666666666667,0.6666666666666667,0.6666666666666667,0.6666666666666667,0.6666666666666667,0.6666666666666667,,0.7272727272727273,11.0,0.0
denovo_pdb__6qsg_A,12,251,203,685,True,True,1,1,0.6960556844547564,0.6960556844547564,0.6960556844547564,0.6960556844547564,0.6960556844547564,0.6960556844547564,,0.6578947368421053,228.0,0.0
denovo_pdb__6qsg_A,17,251,203,712,True,True,1,1,0.6681922196796339,0.6681922196796339,0.6681922196796339,0.6681922196796339,0.6681922196796339,0.6681922196796339,,0.6160337552742616,234.0,0.0
denovo_pdb__6qsg_A,23,251,203,709,True,True,1,1,0.6270022883295195,0.6270022883295195,0.6270022883295195,0.6270022883295195,0.6270022883295195,0.6270022883295195,,0.5805084745762712,234.0,0.0
denovo_pdb__6qsg_A,16,251,203,1034,True,True,2,2,0.625,0.625,0.625,0.625,0.35435435435435436,0.35435435435435436,0.2206405693950178,0.5494186046511628,343.0,0.0
denovo_pdb__7hjo_A,14,126,90,877,True,True,4,4,0.3841059602649007,0.3841059602649007,0.2626262626262626,0.2626262626262626,0.2773722627737226,0.2773722627737226,0.16742316784869973,0.32989690721649484,291.0,0.0
denovo_pdb__7hjo_A,10,126,90,1249,True,True,7,7,0.6333333333333333,0.6333333333333333,0.6333333333333333,0.6333333333333333,0.23140495867768598,0.23140495867768598,0.08455221111831797,0.42028985507246375,412.0,0.0
denovo_pdb__7hjo_A,5,126,90,989,True,True,5,5,0.43165467625899284,0.43165467625899284,0.43165467625899284,0.43165467625899284,0.1590909090909091,0.1590909090909091,0.06531458507089241,0.32621951219512196,327.0,0.0
denovo_pdb__7hjo_A,19,126,90,1046,True,True,5,5,0.4444444444444445,0.4444444444444445,0.4444444444444445,0.4444444444444445,0.22900763358778628,0.22900763358778628,0.0762062040413945,0.2968299711815562,343.0,0.0
denovo_pdb__5cwk_A,16,172,149,1961,True,True,5,5,0.524390243902439,0.524390243902439,0.524390243902439,0.524390243902439,0.3623188405797102,0.3623188405797102,0.1376254343905692,0.38190184049079756,651.0,0.0
denovo_pdb__5cwk_A,3,172,149,1555,True,True,4,4,0.5017421602787455,0.5017421602787455,0.5017421602787455,0.5017421602787455,0.4306569343065693,0.4306569343065693,0.18181057544036208,0.4584139264990329,517.0,0.0
denovo_pdb__5cwk_A,0,172,149,2575,True,True,7,7,0.5070422535211268,0.5070422535211268,0.5070422535211268,0.5070422535211268,0.38848920863309355,0.38848920863309355,0.19675147319231756,0.3726635514018692,854.0,0.0
denovo_pdb__5cwk_A,17,172,149,2241,True,True,6,6,0.5230769230769231,0.5230769230769231,0.5230769230769231,0.5230769230769231,0.38434163701067614,0.38434163701067614,0.11738160550183578,0.3731543624161074,743.0,0.0
denovo_pdb__6mrs_A,23,77,66,169,True,True,1,1,0.5573770491803278,0.5573770491803278,0.5573770491803278,0.5573770491803278,0.5573770491803278,0.5573770491803278,,0.6071428571428571,56.0,0.0
denovo_pdb__6mrs_A,15,77,66,664,True,True,4,4,0.5270270270270271,0.5270270270270271,0.5270270270270271,0.5270270270270271,0.16161616161616163,0.16161616161616163,0.05922271499677214,0.32272727272727275,220.0,0.0
denovo_pdb__6mrs_A,21,77,66,1003,True,True,7,7,0.6165413533834586,0.6165413533834586,0.5413533834586466,0.5413533834586466,0.5,0.5,0.2701543280513797,0.5753012048192772,331.0,0.0
denovo_pdb__6mrs_A,8,77,66,214,True,True,1,1,0.5294117647058822,0.5294117647058822,0.5294117647058822,0.5294117647058822,0.5294117647058822,0.5294117647058822,,0.5070422535211268,70.0,0.0
denovo_pdb__9x1x_A,5,90,44,188,True,True,2,2,0.6428571428571429,0.6428571428571429,0.6428571428571429,0.6428571428571429,0.3384615384615385,0.3384615384615385,0.17307692307692307,0.6129032258064516,61.0,0.0
denovo_pdb__9x1x_A,0,90,44,3358,True,True,37,37,0.5074626865671641,0.5074626865671641,0.22471910112359547,0.22471910112359547,0.23076923076923078,0.23076923076923078,0.1178732611139272,0.3062330623306233,1105.0,0.0
denovo_pdb__9x1x_A,16,90,44,1504,True,True,19,19,0.5316455696202532,0.5316455696202532,0.5000000000000001,0.5000000000000001,0.23529411764705885,0.23529411764705885,0.08869364329851798,0.38585858585858585,495.0,0.0
denovo_pdb__9x1x_A,14,90,44,744,True,True,9,9,0.6216216216216216,0.6216216216216216,0.6216216216216216,0.6216216216216216,0.41666666666666663,0.41666666666666663,0.0806574983683114,0.4204081632653061,245.0,0.0
foldbench100__8b5w_A,16,459,370,6663,False,True,20,20,0.028629856850715747,0.028629856850715747,0.010471204188481676,0.010471204188481676,0.024390243902439025,0.024390243902439025,0.007061114629915967,0.036133694670280034,2213.0,0.0
foldbench100__8b5w_A,20,459,370,6663,False,True,21,21,0.03696098562628337,0.03696098562628337,0.0,0.0,0.02145922746781116,0.02145922746781116,0.006941198028125009,0.04200542005420054,2210.0,0.0
foldbench100__8b5w_A,5,459,370,6663,False,True,19,19,0.030534351145038167,0.030534351145038167,0.008676789587852495,0.008676789587852495,0.012605042016806723,0.012605042016806723,0.007618569460332252,0.033408577878103835,2214.0,0.0
foldbench100__8b5w_A,9,459,370,6663,False,True,20,20,0.03333333333333333,0.03333333333333333,0.0255863539445629,0.0255863539445629,0.0,0.0,0.00794598990849069,0.032520325203252036,2214.0,0.0
denovo_pdb__8qup_A,2,114,93,6663,False,True,25,25,0.4418604651162791,0.4418604651162791,0.036585365853658534,0.036585365853658534,0.0989010989010989,0.0989010989010989,0.04433641505197028,0.12200632625395391,2189.0,0.0
denovo_pdb__8qup_A,19,114,93,6663,False,True,29,29,0.45833333333333337,0.45833333333333337,0.10666666666666666,0.10666666666666666,0.09467455621301775,0.09467455621301775,0.07795908918789149,0.2261420171867933,2204.0,0.0
denovo_pdb__8qup_A,13,114,93,3444,True,True,15,15,0.6108374384236454,0.6108374384236454,0.6108374384236454,0.6108374384236454,0.3448275862068965,0.3448275862068965,0.09166430068501126,0.30708661417322836,1142.0,0.0
denovo_pdb__8qup_A,3,114,93,2697,True,True,15,15,0.3958333333333333,0.3958333333333333,0.3958333333333333,0.3958333333333333,0.04285714285714285,0.04285714285714285,0.03542521179754614,0.19574944071588368,894.0,0.0
denovo_pdb__5hrz_A,7,122,105,337,True,True,1,1,0.8663594470046083,0.8663594470046083,0.8663594470046083,0.8663594470046083,0.8663594470046083,0.8663594470046083,,0.8392857142857143,112.0,0.0
denovo_pdb__5hrz_A,1,122,105,364,True,True,1,1,0.8407079646017699,0.8407079646017699,0.8407079646017699,0.8407079646017699,0.8407079646017699,0.8407079646017699,,0.7851239669421488,121.0,0.0
denovo_pdb__5hrz_A,4,122,105,325,True,True,1,1,0.7830188679245284,0.7830188679245284,0.7830188679245284,0.7830188679245284,0.7830188679245284,0.7830188679245284,,0.7685185185185185,107.0,0.0
denovo_pdb__5hrz_A,9,122,105,364,True,True,1,1,0.8266666666666667,0.8266666666666667,0.8266666666666667,0.8266666666666667,0.8266666666666667,0.8266666666666667,,0.768595041322314,120.0,0.0
denovo_pdb__9h4c_A,18,106,67,250,True,True,1,1,0.18666666666666665,0.18666666666666665,0.18666666666666665,0.18666666666666665,0.18666666666666665,0.18666666666666665,,0.1686746987951807,83.0,0.0
denovo_pdb__9h4c_A,9,106,67,3037,True,True,16,16,0.27272727272727276,0.27272727272727276,0.2127659574468085,0.2127659574468085,0.037735849056603765,0.037735849056603765,0.09742248321445322,0.11916583912611718,1005.0,0.0
denovo_pdb__9h4c_A,6,106,67,1800,True,True,9,9,0.13749999999999998,0.13749999999999998,0.052980132450331126,0.052980132450331126,0.1212121212121212,0.1212121212121212,0.15894077692636527,0.07705192629815745,596.0,0.0
denovo_pdb__9h4c_A,10,106,67,289,True,True,1,1,0.08588957055214724,0.08588957055214724,0.08588957055214724,0.08588957055214724,0.08588957055214724,0.08588957055214724,,0.07291666666666667,96.0,0.0
denovo_pdb__5od1_A,4,94,57,1772,True,True,11,11,0.42105263157894735,0.42105263157894735,0.42105263157894735,0.42105263157894735,0.021052631578947368,0.021052631578947368,0.07966050258599025,0.21635434412265758,585.0,0.0
denovo_pdb__5od1_A,19,94,57,765,True,True,6,6,0.3013698630136986,0.3013698630136986,0.3013698630136986,0.3013698630136986,0.14814814814814814,0.14814814814814814,0.026253892532962297,0.15810276679841898,253.0,0.0
denovo_pdb__5od1_A,11,94,57,6663,False,True,41,41,0.46153846153846156,0.46153846153846156,0.0816326530612245,0.0816326530612245,0.038834951456310676,0.038834951456310676,0.05596969898305095,0.17942908926144088,2169.0,0.0
denovo_pdb__5od1_A,14,94,57,1708,True,True,10,10,0.3511450381679389,0.3511450381679389,0.3511450381679389,0.3511450381679389,0.20338983050847456,0.20338983050847456,0.0694566952305458,0.2137809187279152,564.0,0.0
denovo_pdb__7f1l_A,18,194,251,6663,False,True,17,17,0.09243697478991597,0.09243697478991597,0.09243697478991597,0.09243697478991597,0.03846153846153846,0.03846153846153846,0.0287329031711598,0.07584650112866817,2194.0,0.0
denovo_pdb__7f1l_A,21,194,251,6663,False,True,19,19,0.11204481792717087,0.11204481792717087,0.0,0.0,0.01634877384196185,0.01634877384196185,0.022993662489017026,0.0654627539503386,2192.0,0.0
denovo_pdb__7f1l_A,14,194,251,6663,False,True,19,19,0.10242587601078168,0.10242587601078168,0.0072992700729927005,0.0072992700729927005,0.07123287671232877,0.07123287671232877,0.020827412280784705,0.0853273137697517,2201.0,0.0
denovo_pdb__7f1l_A,11,194,251,3691,True,True,10,10,0.06469002695417791,0.06469002695417791,0.04489795918367347,0.04489795918367347,0.05665722379603399,0.05665722379603399,0.022603266423039378,0.06682966585167074,1224.0,0.0
denovo_pdb__8g9j_A,16,201,153,6663,False,True,20,20,0.149812734082397,0.149812734082397,0.10746268656716416,0.10746268656716416,0.044247787610619475,0.044247787610619475,0.05371985538106566,0.10749774164408311,2192.0,0.0
denovo_pdb__8g9j_A,5,201,153,6663,False,True,22,22,0.1478599221789883,0.1478599221789883,0.08304498269896193,0.08304498269896193,0.04405286343612335,0.04405286343612335,0.031570766788055114,0.1070460704607046,2206.0,0.0
denovo_pdb__8g9j_A,23,201,153,6663,False,True,24,24,0.20512820512820512,0.20512820512820512,0.06278026905829596,0.06278026905829596,0.09606986899563318,0.09606986899563318,0.025466621448455583,0.11296882060551287,2206.0,0.0
denovo_pdb__8g9j_A,10,201,153,6663,False,True,21,21,0.2527075812274368,0.2527075812274368,0.0948905109489051,0.0948905109489051,0.08979591836734693,0.08979591836734693,0.02624533401367925,0.10749774164408311,2198.0,0.0
denovo_pdb__9tas_A,16,126,95,1962,True,True,9,9,0.4,0.4,0.4,0.4,0.11560693641618495,0.11560693641618495,0.057402448811587646,0.26881720430107525,649.0,0.0
denovo_pdb__9tas_A,12,126,95,2124,True,True,9,9,0.575609756097561,0.575609756097561,0.575609756097561,0.575609756097561,0.18421052631578944,0.18421052631578944,0.09992725988416472,0.2978723404255319,703.0,0.0
denovo_pdb__9tas_A,18,126,95,2720,True,True,11,11,0.48847926267281105,0.48847926267281105,0.48847926267281105,0.48847926267281105,0.2893081761006289,0.2893081761006289,0.09574446334780298,0.3266888150609081,903.0,0.0
denovo_pdb__9tas_A,5,126,95,3133,True,True,13,13,0.49162011173184356,0.49162011173184356,0.3550295857988166,0.3550295857988166,0.12222222222222223,0.12222222222222223,0.09257988023305187,0.2951923076923077,1037.0,0.0
denovo_pdb__7hjw_A,9,126,97,1453,True,True,7,7,0.430939226519337,0.430939226519337,0.3891891891891892,0.3891891891891892,0.11188811188811189,0.11188811188811189,0.06267137752558605,0.3381742738589212,482.0,0.0
denovo_pdb__7hjw_A,15,126,97,1155,True,True,6,6,0.3666666666666667,0.3666666666666667,0.3391812865497076,0.3391812865497076,0.1639344262295082,0.1639344262295082,0.05715719160228696,0.25326370757180156,381.0,0.0
denovo_pdb__7hjw_A,3,126,97,1325,True,True,5,5,0.48341232227488157,0.48341232227488157,0.48341232227488157,0.48341232227488157,0.18181818181818185,0.18181818181818185,0.051721753242359336,0.22954545454545455,438.0,0.0
denovo_pdb__7hjw_A,19,126,97,133,True,True,1,1,0.39716312056737585,0.39716312056737585,0.39716312056737585,0.39716312056737585,0.39716312056737585,0.39716312056737585,,0.6363636363636364,44.0,0.0
denovo_pdb__7dgw_A,0,94,60,1817,True,True,11,11,0.2975206611570248,0.2975206611570248,0.2831858407079646,0.2831858407079646,0.2888888888888889,0.2888888888888889,0.061185410331239344,0.19269102990033224,596.0,0.0
denovo_pdb__7dgw_A,23,94,60,2941,True,True,16,16,0.4714285714285714,0.4714285714285714,0.4714285714285714,0.4714285714285714,0.20588235294117646,0.20588235294117646,0.0732093805558554,0.23076923076923078,971.0,0.0
denovo_pdb__7dgw_A,14,94,60,1804,True,True,13,13,0.4715447154471545,0.4715447154471545,0.4715447154471545,0.4715447154471545,0.08000000000000002,0.08000000000000002,0.05354777047702993,0.19262981574539365,597.0,0.0
denovo_pdb__7dgw_A,2,94,60,3101,True,True,17,17,0.1523809523809524,0.1523809523809524,0.1142857142857143,0.1142857142857143,0.03333333333333333,0.03333333333333333,0.09887930914197589,0.08365758754863813,1026.0,0.0
casp_fm__T1121-D1,11,196,156,6663,False,True,21,21,0.07200000000000001,0.07200000000000001,0.04687500000000001,0.04687500000000001,0.04545454545454546,0.04545454545454546,0.015612810208612205,0.04019873532068654,2209.0,0.0
casp_fm__T1121-D1,22,196,156,6663,False,True,20,20,0.06779661016949153,0.06779661016949153,0.008547008547008546,0.008547008547008546,0.046948356807511735,0.046948356807511735,0.021155975453211157,0.03884372177055104,2199.0,0.0
casp_fm__T1121-D1,17,196,156,6663,False,True,20,20,0.1090909090909091,0.1090909090909091,0.009090909090909092,0.009090909090909092,0.037037037037037035,0.037037037037037035,0.022251299347306627,0.05058717253839205,2213.0,0.0
casp_fm__T1121-D1,6,196,156,6663,False,True,19,19,0.05970149253731343,0.05970149253731343,0.0111731843575419,0.0111731843575419,0.05166051660516605,0.05166051660516605,0.016038886954852567,0.033860045146726865,2202.0,0.0
denovo_pdb__7hk2_A,21,126,95,1694,True,True,8,8,0.5483870967741935,0.5483870967741935,0.5483870967741935,0.5483870967741935,0.1806451612903226,0.1806451612903226,0.0386342057105465,0.23487544483985764,560.0,0.0
denovo_pdb__7hk2_A,3,126,95,1403,True,True,5,5,0.5729729729729729,0.5729729729729729,0.5729729729729729,0.5729729729729729,0.3798882681564246,0.3798882681564246,0.11638113600938235,0.34120171673819744,466.0,0.0
denovo_pdb__7hk2_A,11,126,95,1150,True,True,4,4,0.5531914893617021,0.5531914893617021,0.5531914893617021,0.5531914893617021,0.15217391304347827,0.15217391304347827,0.10610758273266029,0.306282722513089,382.0,0.0
denovo_pdb__7hk2_A,0,126,95,4532,True,True,20,20,0.544502617801047,0.544502617801047,0.544502617801047,0.544502617801047,0.072992700729927,0.072992700729927,0.09178079604748432,0.2752659574468085,1498.0,0.0
denovo_pdb__5cwi_A,8,233,170,6663,False,True,20,20,0.09836065573770492,0.09836065573770492,0.02870813397129187,0.02870813397129187,0.07936507936507936,0.07936507936507936,0.038190246070464506,0.06142728093947606,2212.0,0.0
denovo_pdb__5cwi_A,23,233,170,6663,False,True,22,22,0.12244897959183675,0.12244897959183675,0.032894736842105254,0.032894736842105254,0.060836501901140684,0.060836501901140684,0.04188409908410006,0.07226738934056007,2207.0,0.0
denovo_pdb__5cwi_A,4,233,170,6663,False,True,19,19,0.06143344709897611,0.06143344709897611,0.0,0.0,0.02985074626865672,0.02985074626865672,0.02933083090668831,0.03250564334085779,2199.0,0.0
denovo_pdb__5cwi_A,6,233,170,6663,False,True,19,19,0.08620689655172414,0.08620689655172414,0.03463203463203463,0.03463203463203463,0.06498194945848376,0.06498194945848376,0.05101764144190019,0.06275395033860046,2207.0,0.0
casp_fm__T1123-D1,3,214,248,6663,False,True,20,20,0.05013927576601672,0.05013927576601672,0.006920415224913495,0.006920415224913495,0.01092896174863388,0.01092896174863388,0.014194914287512512,0.037037037037037035,2206.0,0.0
casp_fm__T1123-D1,22,214,248,6663,False,True,19,19,0.045845272206303724,0.045845272206303724,0.02564102564102564,0.02564102564102564,0.005633802816901408,0.005633802816901408,0.014628539522931873,0.033860045146726865,2210.0,0.0
casp_fm__T1123-D1,8,214,248,6663,False,True,19,19,0.05479452054794521,0.05479452054794521,0.014851485148514849,0.014851485148514849,0.011527377521613832,0.011527377521613832,0.01601281129241086,0.030248306997742665,2205.0,0.0
casp_fm__T1123-D1,18,214,248,6663,False,True,18,18,0.04481792717086835,0.04481792717086835,0.02575107296137339,0.02575107296137339,0.011331444759206798,0.011331444759206798,0.02017226084152552,0.03611738148984198,2189.0,0.0
cameo_hard__9de9_B,7,81,62,6663,False,True,48,48,0.38,0.38,0.02531645569620253,0.02531645569620253,0.02197802197802198,0.02197802197802198,0.05267246893435241,0.1709750566893424,2182.0,0.0
cameo_hard__9de9_B,4,81,62,1479,True,True,12,12,0.29310344827586204,0.29310344827586204,0.14583333333333331,0.14583333333333331,0.1839080459770115,0.1839080459770115,0.032131096100633645,0.17177914110429449,489.0,0.0
cameo_hard__9de9_B,1,81,62,1786,True,True,13,13,0.27338129496402874,0.27338129496402874,0.09803921568627451,0.09803921568627451,0.21666666666666665,0.21666666666666665,0.04789639975879335,0.19120135363790186,589.0,0.0
cameo_hard__9de9_B,9,81,62,6663,False,True,53,53,0.24806201550387597,0.24806201550387597,0.02941176470588235,0.02941176470588235,0.020202020202020204,0.020202020202020204,0.03465379239362362,0.10440308669995461,2197.0,0.0
denovo_pdb__9fw5_A,23,197,168,6663,False,True,18,18,0.09120521172638436,0.09120521172638436,0.07380073800738007,0.07380073800738007,0.09090909090909093,0.09090909090909093,0.028729374495530775,0.062302483069977425,2210.0,0.0
denovo_pdb__9fw5_A,9,197,168,6663,False,True,19,19,0.08664259927797834,0.08664259927797834,0.025,0.025,0.07942238267148015,0.07942238267148015,0.02935476093436076,0.06636568848758465,2199.0,0.0
denovo_pdb__9fw5_A,10,197,168,6663,False,True,19,19,0.11636363636363635,0.11636363636363635,0.05042016806722689,0.05042016806722689,0.08540925266903915,0.08540925266903915,0.03150896158776333,0.08803611738148984,2201.0,0.0
denovo_pdb__9fw5_A,4,197,168,6663,False,True,20,20,0.10108303249097472,0.10108303249097472,0.0,0.0,0.044444444444444446,0.044444444444444446,0.018038450082759273,0.056910569105691054,2206.0,0.0
denovo_pdb__3qa9_A,10,142,144,6663,False,True,19,19,0.3333333333333333,0.3333333333333333,0.20069204152249134,0.20069204152249134,0.06635071090047394,0.06635071090047394,0.05677232984879869,0.17878103837471784,2198.0,0.0
denovo_pdb__3qa9_A,18,142,144,6663,False,True,22,22,0.21969696969696972,0.21969696969696972,0.024390243902439022,0.024390243902439022,0.15139442231075698,0.15139442231075698,0.06337183689398988,0.1838301716350497,2208.0,0.0
denovo_pdb__3qa9_A,8,142,144,6663,False,True,23,23,0.2440944881889764,0.2440944881889764,0.0851063829787234,0.0851063829787234,0.19277108433734938,0.19277108433734938,0.0659951585211034,0.18888386805241753,2210.0,0.0
denovo_pdb__3qa9_A,16,142,144,6663,False,True,24,24,0.29045643153526973,0.29045643153526973,0.048780487804878044,0.048780487804878044,0.14516129032258066,0.14516129032258066,0.06974810251637739,0.2096701310438319,2207.0,0.0
denovo_pdb__9szu_A,0,322,336,4935,True,True,12,12,0.17724867724867724,0.17724867724867724,0.17724867724867724,0.17724867724867724,0.06320541760722347,0.06320541760722347,0.03139383130055869,0.12979890310786105,1639.0,0.0
denovo_pdb__9szu_A,22,322,336,6663,False,True,19,19,0.09486166007905138,0.09486166007905138,0.05473684210526316,0.05473684210526316,0.04587155963302752,0.04587155963302752,0.028647600391845742,0.09887133182844243,2211.0,0.0
denovo_pdb__9szu_A,23,322,336,6663,False,True,20,20,0.08351648351648351,0.08351648351648351,0.016304347826086956,0.016304347826086956,0.06334841628959276,0.06334841628959276,0.026911977492477885,0.0984643179765131,2213.0,0.0
denovo_pdb__9szu_A,5,322,336,5393,True,True,14,14,0.1648854961832061,0.1648854961832061,0.1648854961832061,0.1648854961832061,0.05895691609977325,0.05895691609977325,0.05099794400392291,0.13831567205800335,1791.0,0.0
foldbench100__7ykm_A,21,105,55,2945,True,True,20,20,0.1386138613861386,0.1386138613861386,0.10606060606060606,0.10606060606060606,0.0,0.0,0.03644292993851266,0.05641025641025641,974.0,0.0
foldbench100__7ykm_A,19,105,55,6663,False,True,41,41,0.2608695652173913,0.2608695652173913,0.0,0.0,0.08791208791208792,0.08791208791208792,0.036749575196600145,0.08926144086995923,2203.0,0.0
foldbench100__7ykm_A,1,105,55,2233,True,True,10,10,0.1935483870967742,0.1935483870967742,0.1935483870967742,0.1935483870967742,0.15000000000000002,0.15000000000000002,0.04543927239982172,0.0931174089068826,738.0,0.0
foldbench100__7ykm_A,6,105,55,3378,True,True,21,21,0.16417910447761191,0.16417910447761191,0.12658227848101267,0.12658227848101267,0.03508771929824561,0.03508771929824561,0.02428270091792297,0.08221626452189455,1116.0,0.0
denovo_pdb__7awz_A,16,313,351,1490,True,True,2,2,0.5964912280701755,0.5964912280701755,0.5964912280701755,0.5964912280701755,0.2123893805309735,0.2123893805309735,0.11845102505694761,0.5423387096774194,491.0,0.0
denovo_pdb__7awz_A,8,313,351,1836,True,True,3,3,0.6366047745358089,0.6366047745358089,0.6366047745358089,0.6366047745358089,0.21491228070175436,0.21491228070175436,0.10883178832845747,0.5662847790507365,610.0,0.0
denovo_pdb__7awz_A,3,313,351,2076,True,True,3,3,0.6556122448979592,0.6556122448979592,0.6556122448979592,0.6556122448979592,0.267515923566879,0.267515923566879,0.14718577013896955,0.5658465991316932,677.0,0.0
denovo_pdb__7awz_A,7,313,351,3033,True,True,6,6,0.6544980443285529,0.6544980443285529,0.6544980443285529,0.6544980443285529,0.25477707006369427,0.25477707006369427,0.10442721926374025,0.5797819623389494,1004.0,0.0
denovo_pdb__9v3a_A,3,120,85,316,True,True,1,1,0.36842105263157887,0.36842105263157887,0.36842105263157887,0.36842105263157887,0.36842105263157887,0.36842105263157887,,0.3333333333333333,105.0,0.0
denovo_pdb__9v3a_A,13,120,85,2341,True,True,10,10,0.26415094339622647,0.26415094339622647,0.26415094339622647,0.26415094339622647,0.10471204188481675,0.10471204188481675,0.044678786722954916,0.13127413127413126,773.0,0.0
denovo_pdb__9v3a_A,23,120,85,3624,True,True,15,15,0.2626262626262626,0.2626262626262626,0.1256544502617801,0.1256544502617801,0.2159090909090909,0.2159090909090909,0.07883361485989833,0.13466334164588528,1201.0,0.0
denovo_pdb__9v3a_A,8,120,85,6663,False,True,27,27,0.31034482758620685,0.31034482758620685,0.08955223880597016,0.08955223880597016,0.039735099337748346,0.039735099337748346,0.06872333883414493,0.15280289330922242,2180.0,0.0
foldbench100__7uk8_A,7,394,526,6663,False,True,20,20,0.030769230769230767,0.030769230769230767,0.006633499170812603,0.006633499170812603,0.02830188679245283,0.02830188679245283,0.00994392534806599,0.05465221318879855,2212.0,0.0
foldbench100__7uk8_A,6,394,526,6663,False,True,19,19,0.03139717425431711,0.03139717425431711,0.0035211267605633804,0.0035211267605633804,0.009523809523809525,0.009523809523809525,0.007154320825473712,0.03250564334085779,2215.0,0.0
foldbench100__7uk8_A,9,394,526,6663,False,True,20,20,0.022082018927444793,0.022082018927444793,0.006568144499178982,0.006568144499178982,0.00841514726507714,0.00841514726507714,0.0060976325282543495,0.03026196928635953,2213.0,0.0
foldbench100__7uk8_A,23,394,526,6663,False,True,20,20,0.044585987261146494,0.044585987261146494,0.044585987261146494,0.044585987261146494,0.00949367088607595,0.00949367088607595,0.007636887581493891,0.04336043360433604,2212.0,0.0
denovo_pdb__4d8h_A,6,124,126,1502,True,True,5,5,0.31111111111111117,0.31111111111111117,0.31111111111111117,0.31111111111111117,0.22304832713754644,0.22304832713754644,0.16245128875452006,0.24448897795591182,497.0,0.0
denovo_pdb__4d8h_A,15,124,126,6663,False,True,33,33,0.25906735751295334,0.25906735751295334,0.0,0.0,0.20183486238532108,0.20183486238532108,0.13614281026967556,0.22986425339366515,2203.0,0.0
denovo_pdb__4d8h_A,5,124,126,3487,True,True,13,13,0.36820083682008364,0.36820083682008364,0.3333333333333333,0.3333333333333333,0.18095238095238095,0.18095238095238095,0.18833523571294156,0.27374784110535405,1157.0,0.0
denovo_pdb__4d8h_A,2,124,126,3539,True,True,13,13,0.2962962962962962,0.2962962962962962,0.2962962962962962,0.2962962962962962,0.1885245901639344,0.1885245901639344,0.1589339605123724,0.23319148936170211,1173.0,0.0
denovo_pdb__9r1k_A,5,126,104,1169,True,True,8,8,0.09876543209876544,0.09876543209876544,0.09876543209876544,0.09876543209876544,0.046153846153846156,0.046153846153846156,0.05089270713081747,0.082687338501292,387.0,0.0
denovo_pdb__9r1k_A,10,126,104,1992,True,True,9,9,0.3973509933774835,0.3973509933774835,0.20689655172413793,0.20689655172413793,0.24175824175824173,0.24175824175824173,0.028964027576949165,0.17700453857791226,661.0,0.0
denovo_pdb__9r1k_A,7,126,104,2647,True,True,16,16,0.22115384615384615,0.22115384615384615,0.11299435028248589,0.11299435028248589,0.1142857142857143,0.1142857142857143,0.055875454437957904,0.1676168757126568,876.0,0.0
denovo_pdb__9r1k_A,3,126,104,948,True,True,6,6,0.41935483870967744,0.41935483870967744,0.41935483870967744,0.41935483870967744,0.26490066225165565,0.26490066225165565,0.02442085372419777,0.22929936305732485,314.0,0.0
denovo_pdb__5lw2_A,14,155,112,397,True,True,1,1,0.721311475409836,0.721311475409836,0.721311475409836,0.721311475409836,0.721311475409836,0.721311475409836,,0.6666666666666666,132.0,0.0
denovo_pdb__5lw2_A,0,155,112,364,True,True,1,1,0.6008583690987125,0.6008583690987125,0.6008583690987125,0.6008583690987125,0.6008583690987125,0.6008583690987125,,0.5785123966942148,121.0,0.0
denovo_pdb__5lw2_A,23,155,112,376,True,True,1,1,0.6919831223628692,0.6919831223628692,0.6919831223628692,0.6919831223628692,0.6919831223628692,0.6919831223628692,,0.656,125.0,0.0
denovo_pdb__5lw2_A,21,155,112,427,True,True,1,1,0.7007874015748032,0.7007874015748032,0.7007874015748032,0.7007874015748032,0.7007874015748032,0.7007874015748032,,0.6267605633802817,142.0,0.0
denovo_pdb__9dbb_A,1,107,76,274,True,True,1,1,0.5508982035928145,0.5508982035928145,0.5508982035928145,0.5508982035928145,0.5508982035928145,0.5508982035928145,,0.5054945054945055,91.0,0.0
denovo_pdb__9dbb_A,5,107,76,2056,True,True,13,13,0.304635761589404,0.304635761589404,0.18666666666666668,0.18666666666666668,0.10526315789473684,0.10526315789473684,0.032728417073939885,0.1527165932452276,679.0,0.0
denovo_pdb__9dbb_A,11,107,76,2539,True,True,13,13,0.39766081871345027,0.39766081871345027,0.2352941176470588,0.2352941176470588,0.09999999999999999,0.09999999999999999,0.06775450728798113,0.22327790973871733,836.0,0.0
denovo_pdb__9dbb_A,13,107,76,2302,True,True,13,13,0.1935483870967742,0.1935483870967742,0.1935483870967742,0.1935483870967742,0.08333333333333334,0.08333333333333334,0.047070814053954795,0.07732634338138926,762.0,0.0
casp_fm__T1029-D1,21,125,92,6663,False,True,23,23,0.13173652694610777,0.13173652694610777,0.01886792452830189,0.01886792452830189,0.01904761904761905,0.01904761904761905,0.03455580838298088,0.06371441482150926,2199.0,0.0
casp_fm__T1029-D1,5,125,92,4787,True,True,17,17,0.18749999999999997,0.18749999999999997,0.18285714285714286,0.18285714285714286,0.09729729729729729,0.09729729729729729,0.04149604137099819,0.10880503144654088,1588.0,0.0
casp_fm__T1029-D1,10,125,92,6663,False,True,27,27,0.16853932584269662,0.16853932584269662,0.030534351145038167,0.030534351145038167,0.09230769230769231,0.09230769230769231,0.035059671853533356,0.10171790235081374,2208.0,0.0
casp_fm__T1029-D1,12,125,92,6663,False,True,24,24,0.1619047619047619,0.1619047619047619,0.05172413793103448,0.05172413793103448,0.1164021164021164,0.1164021164021164,0.03854794121247108,0.08450067781292363,2201.0,0.0
denovo_pdb__3pg0_A,8,140,184,998,True,True,2,2,0.43037974683544306,0.43037974683544306,0.43037974683544306,0.43037974683544306,0.27722772277227725,0.27722772277227725,0.13793103448275862,0.3825301204819277,330.0,0.0
denovo_pdb__3pg0_A,22,140,184,1723,True,True,4,4,0.44102564102564107,0.44102564102564107,0.44102564102564107,0.44102564102564107,0.19480519480519481,0.19480519480519481,0.09325565527738415,0.3106457242582897,571.0,0.0
denovo_pdb__3pg0_A,3,140,184,2048,True,True,5,5,0.4699738903394256,0.4699738903394256,0.4699738903394256,0.4699738903394256,0.2619808306709265,0.2619808306709265,0.06613746432942558,0.30983847283406757,680.0,0.0
denovo_pdb__3pg0_A,23,140,184,2415,True,True,6,6,0.4754521963824289,0.4754521963824289,0.4754521963824289,0.4754521963824289,0.23489932885906042,0.23489932885906042,0.09604896532947318,0.31133250311332505,800.0,0.0
denovo_pdb__3og3_A,23,242,231,4624,True,True,13,13,0.2217573221757322,0.2217573221757322,0.2217573221757322,0.2217573221757322,0.05172413793103448,0.05172413793103448,0.02001222717550814,0.1210149642160052,1535.0,0.0
denovo_pdb__3og3_A,18,242,231,6663,False,True,19,19,0.1924198250728863,0.1924198250728863,0.1176470588235294,0.1176470588235294,0.1033434650455927,0.1033434650455927,0.039516623847371105,0.1706546275395034,2212.0,0.0
denovo_pdb__3og3_A,6,242,231,6663,False,True,20,20,0.13812154696132597,0.13812154696132597,0.07482993197278912,0.07482993197278912,0.030395136778115502,0.030395136778115502,0.025595215592501306,0.08581752484191509,2209.0,0.0
denovo_pdb__3og3_A,5,242,231,6663,False,True,19,19,0.11475409836065574,0.11475409836065574,0.08496732026143791,0.08496732026143791,0.0872093023255814,0.0872093023255814,0.021014552515491693,0.08126410835214447,2211.0,0.0
cameo_hard__9deb_E,23,83,57,3479,True,True,20,20,0.4754098360655738,0.4754098360655738,0.4193548387096774,0.4193548387096774,0.2626262626262626,0.2626262626262626,0.09483214841259406,0.28013876843018215,1152.0,0.0
cameo_hard__9deb_E,10,83,57,2580,True,True,15,15,0.4957264957264957,0.4957264957264957,0.4705882352941176,0.4705882352941176,0.16867469879518074,0.16867469879518074,0.12159018326228684,0.28654970760233917,854.0,0.0
cameo_hard__9deb_E,9,83,57,6663,False,True,50,50,0.3820224719101123,0.3820224719101123,0.11235955056179775,0.11235955056179775,0.14414414414414414,0.14414414414414414,0.07195137384189011,0.1733212341197822,2162.0,0.0
cameo_hard__9deb_E,17,83,57,6663,False,True,45,45,0.528,0.528,0.11267605633802817,0.11267605633802817,0.075,0.075,0.09688538019555834,0.24524025385312784,2180.0,0.0
denovo_pdb__9dw2_A,7,126,95,1100,True,True,5,5,0.34782608695652173,0.34782608695652173,0.34782608695652173,0.34782608695652173,0.13496932515337423,0.13496932515337423,0.06339607055905881,0.23013698630136986,365.0,0.0
denovo_pdb__9dw2_A,2,126,95,865,True,True,4,4,0.5531914893617021,0.5531914893617021,0.5531914893617021,0.5531914893617021,0.14545454545454545,0.14545454545454545,0.1063101725353381,0.3554006968641115,286.0,0.0
denovo_pdb__9dw2_A,23,126,95,3292,True,True,13,13,0.3655913978494623,0.3655913978494623,0.3655913978494623,0.3655913978494623,0.3157894736842105,0.3157894736842105,0.10669044692370784,0.28728270814272644,1089.0,0.0
denovo_pdb__9dw2_A,20,126,95,1563,True,True,6,6,0.3489932885906041,0.3489932885906041,0.34224598930481287,0.34224598930481287,0.2989690721649485,0.2989690721649485,0.09791511839072306,0.3159922928709056,517.0,0.0
foldbench100__8ak2_A,1,297,314,3365,True,True,8,8,0.3149350649350649,0.3149350649350649,0.3149350649350649,0.3149350649350649,0.09433962264150944,0.09433962264150944,0.02889146335362173,0.20732797140303844,1117.0,0.0
foldbench100__8ak2_A,13,297,314,4496,True,True,11,11,0.2928176795580111,0.2928176795580111,0.2928176795580111,0.2928176795580111,0.05378973105134474,0.05378973105134474,0.027811234160026704,0.20334448160535118,1493.0,0.0
foldbench100__8ak2_A,21,297,314,3084,True,True,6,6,0.3203463203463203,0.3203463203463203,0.3203463203463203,0.3203463203463203,0.041570438799076216,0.041570438799076216,0.033867191371003955,0.2300194931773879,1026.0,0.0
foldbench100__8ak2_A,20,297,314,1132,True,True,1,1,0.3096960926193922,0.3096960926193922,0.3096960926193922,0.3096960926193922,0.3096960926193922,0.3096960926193922,,0.2838196286472148,377.0,0.0
denovo_pdb__8qzn_A,22,346,283,1088,True,True,2,2,0.4943820224719101,0.4943820224719101,0.4943820224719101,0.4943820224719101,0.30964467005076146,0.30964467005076146,0.21885521885521886,0.5331491712707183,362.0,0.0
denovo_pdb__8qzn_A,5,346,283,1626,True,True,3,3,0.5852842809364548,0.5852842809364548,0.5852842809364548,0.5852842809364548,0.26065162907268175,0.26065162907268175,0.13453637908654167,0.5286506469500925,541.0,0.0
denovo_pdb__8qzn_A,18,346,283,985,True,True,1,1,0.5615763546798029,0.5615763546798029,0.5615763546798029,0.5615763546798029,0.5615763546798029,0.5615763546798029,,0.5213414634146342,326.0,0.0
denovo_pdb__8qzn_A,11,346,283,1211,True,True,2,2,0.5148861646234676,0.5148861646234676,0.5148861646234676,0.5148861646234676,0.2626262626262626,0.2626262626262626,0.15895953757225434,0.49379652605459057,401.0,0.0
denovo_pdb__7hjs_A,0,126,90,1337,True,True,5,5,0.6497461928934011,0.6497461928934011,0.6497461928934011,0.6497461928934011,0.19672131147540983,0.19672131147540983,0.1772911571305606,0.45045045045045046,444.0,0.0
denovo_pdb__7hjs_A,20,126,90,618,True,True,3,3,0.4559585492227979,0.4559585492227979,0.4559585492227979,0.4559585492227979,0.3428571428571429,0.3428571428571429,0.04236239950525665,0.36585365853658536,205.0,0.0
denovo_pdb__7hjs_A,21,126,90,2191,True,True,10,10,0.46590909090909094,0.46590909090909094,0.4313725490196078,0.4313725490196078,0.2894736842105263,0.2894736842105263,0.13644323140943032,0.3947730398899587,726.0,0.0
denovo_pdb__7hjs_A,16,126,90,1202,True,True,5,5,0.4579439252336448,0.4579439252336448,0.4579439252336448,0.4579439252336448,0.23376623376623376,0.23376623376623376,0.09607079195314489,0.3609022556390977,398.0,0.0
foldbench100__8c4y_A,17,314,373,4602,True,True,12,12,0.11142061281337047,0.11142061281337047,0.11142061281337047,0.11142061281337047,0.02531645569620253,0.02531645569620253,0.013636850196592935,0.06993464052287582,1526.0,0.0
foldbench100__8c4y_A,1,314,373,6663,False,True,18,18,0.0685483870967742,0.0685483870967742,0.005089058524173028,0.005089058524173028,0.016842105263157894,0.016842105263157894,0.015255524549884143,0.07178329571106094,2210.0,0.0
foldbench100__8c4y_A,10,314,373,6663,False,True,20,20,0.041237113402061855,0.041237113402061855,0.009237875288683603,0.009237875288683603,0.016632016632016633,0.016632016632016633,0.008228379280511311,0.037940379403794036,2212.0,0.0
foldbench100__8c4y_A,7,314,373,6663,False,True,19,19,0.0498960498960499,0.0498960498960499,0.0175054704595186,0.0175054704595186,0.012195121951219513,0.012195121951219513,0.009010434271768343,0.05146726862302483,2213.0,0.0
denovo_pdb__8cmq_A,8,136,122,418,True,True,1,1,0.8122605363984674,0.8122605363984674,0.8122605363984674,0.8122605363984674,0.8122605363984674,0.8122605363984674,,0.762589928057554,139.0,0.0
denovo_pdb__8cmq_A,10,136,122,415,True,True,1,1,0.8124999999999999,0.8124999999999999,0.8124999999999999,0.8124999999999999,0.8124999999999999,0.8124999999999999,,0.7536231884057971,134.0,0.0
denovo_pdb__8cmq_A,16,136,122,409,True,True,1,1,0.84375,0.84375,0.84375,0.84375,0.84375,0.84375,,0.7941176470588235,134.0,0.0
denovo_pdb__8cmq_A,20,136,122,421,True,True,1,1,0.8352490421455939,0.8352490421455939,0.8352490421455939,0.8352490421455939,0.8352490421455939,0.8352490421455939,,0.7785714285714286,139.0,0.0
cameo_hard__9eqn_A,4,72,33,610,True,True,7,7,0.24999999999999994,0.24999999999999994,0.2058823529411765,0.2058823529411765,0.12244897959183672,0.12244897959183672,0.051010767445103466,0.15422885572139303,201.0,0.0
cameo_hard__9eqn_A,7,72,33,600,True,True,9,9,0.20253164556962025,0.20253164556962025,0.0,0.0,0.20253164556962025,0.20253164556962025,0.027726348854397634,0.1065989847715736,196.0,0.0
cameo_hard__9eqn_A,15,72,33,1542,True,True,15,15,0.20000000000000004,0.20000000000000004,0.1754385964912281,0.1754385964912281,0.06779661016949153,0.06779661016949153,0.06408768403832446,0.11787819253438114,508.0,0.0
cameo_hard__9eqn_A,9,72,33,230,True,True,2,2,0.35714285714285715,0.35714285714285715,0.35714285714285715,0.35714285714285715,0.13953488372093023,0.13953488372093023,0.08571428571428572,0.21052631578947367,76.0,0.0
foldbench100__8dge_A,17,738,914,6663,False,True,21,21,0.04238921001926783,0.04238921001926783,0.002129925452609159,0.002129925452609159,0.011494252873563218,0.011494252873563218,0.009029618929915965,0.0984643179765131,2213.0,0.0
foldbench100__8dge_A,20,738,914,6663,False,True,20,20,0.031037827352085347,0.031037827352085347,0.004123711340206186,0.004123711340206186,0.027290448343079924,0.027290448343079924,0.008850633954994346,0.07678410117434507,2214.0,0.0
foldbench100__8dge_A,8,738,914,6663,False,True,20,20,0.027805362462760674,0.027805362462760674,0.004179728317659352,0.004179728317659352,0.015841584158415842,0.015841584158415842,0.006865432620851901,0.09033423667570009,2213.0,0.0
foldbench100__8dge_A,23,738,914,6663,False,True,21,21,0.035259549461312434,0.035259549461312434,0.017804154302670624,0.017804154302670624,0.02318840579710145,0.02318840579710145,0.009063688764009394,0.0966576332429991,2212.0,0.0
