group,layer,head,mass_self,mass_prev1,mass_prev2,mass_prev3,mass_bos,mass_local_window
struct_pos,0,0,3.0244775477500977e-05,1.2276969374970708e-05,1.1057108526376128e-05,1.443788711233679e-05,0.9949929756030702,2.3334077901346836e-05
struct_pos,0,1,3.016949192884873e-06,4.845566094062776e-06,5.461647285712451e-06,2.791509284967751e-06,0.9991055735616615,1.0307213379775227e-05
struct_pos,0,2,0.001535528953599487,0.0008363454872732684,0.0008066912384471165,0.00143536648514101,0.0029974629866080385,0.0016430367257203849
struct_pos,0,3,5.4313022640146085e-05,4.357895339891411e-05,4.072300894097951e-05,4.952481479707573e-05,0.9710778825915389,8.430196233989362e-05
struct_pos,0,4,7.271286176077414e-05,0.0005265539103563418,0.0005393715534970487,0.0001533558674856359,0.6108962158423582,0.0010659254638533905
struct_pos,0,5,6.62900957941883e-05,0.0002555784125494072,0.00027669321791955426,0.00012801936116523443,0.82296907249742,0.0005322716304689615
struct_pos,0,6,0.00013875484397352295,0.000791449481222521,0.0007811736314767977,0.00018045602776485008,0.5548588425013303,0.0015726231126993186
struct_pos,0,7,0.00023518303568764246,0.0008870832414449922,0.0008744650565556821,0.00024672412727762424,0.4077063955143632,0.0017615482980006744
struct_pos,0,8,6.097087382524677e-08,9.093764275715792e-08,1.034287542143436e-07,5.5987663188085664e-08,0.9999702697690919,1.9436639697150154e-07
struct_pos,0,9,1.0216821616452832e-08,2.1472403769270417e-08,2.275906635906684e-08,9.307850366160437e-09,1.0,4.4231470128337256e-08
struct_pos,0,10,1.4727263148896218e-06,7.977387902309544e-07,8.281016905070814e-07,1.419957151184745e-06,0.9999647268446853,1.625840480738036e-06
struct_pos,0,11,7.187727988216093e-08,8.256665518588497e-08,8.523850693685361e-08,7.405425034937302e-08,0.999988410248968,1.6780516212273859e-07
struct_pos,0,12,0.000189823950991665,0.0024857653845082373,0.0029340639356735198,0.00046378261841241545,0.022321545671752364,0.005419829320181757
struct_pos,0,13,0.00028868079554554847,0.0013678546906501763,0.0013896566426421836,0.0004335731360196329,0.03976706589953695,0.0027575113332923597
struct_pos,0,14,0.0002967766471691545,0.0016261199556514084,0.0016582289593384608,0.000367373597142128,0.047215763629405494,0.003284348914989869
struct_pos,0,15,0.0001495017970924653,0.0018294312932573729,0.0022694448968328313,0.0016735778319946384,0.005611831112788804,0.004098876190090204
struct_pos,0,16,1.4040742157905587e-05,1.273983301377641e-05,1.283923608046198e-05,1.4428743252567216e-05,0.9896417859907121,2.5579069094238388e-05
struct_pos,0,17,1.3849769129780178e-05,1.2594234809602377e-05,1.2699414190708422e-05,1.42229690194376e-05,0.9898458663893189,2.52936490003108e-05
struct_pos,0,18,1.4108904590301592e-05,1.2842985879249249e-05,1.2942761859411549e-05,1.4495408264353056e-05,0.9895641850490197,2.5785747738660795e-05
struct_pos,0,19,1.3447724190474295e-05,1.1619316438987652e-05,1.171551369922572e-05,1.3770274164383872e-05,0.9900746379966461,2.3334830138213372e-05
struct_pos,0,20,0.0001120025866787008,0.001086173135060644,0.001371649496634063,0.00011224374251961093,0.00964129081820556,0.002457822631694707
struct_pos,0,21,2.6653038282081932e-05,0.006242157074443081,0.007249513800545251,2.6262109624404532e-05,0.013691652916041198,0.013491670874988333
struct_pos,0,22,8.463727885047964e-05,0.0002511114399145877,0.00026177486906479755,8.665697727932896e-05,0.015101999905579354,0.0005128863089793852
struct_pos,0,23,6.567746841985929e-05,0.0019361868200840964,0.0006438395771571849,4.5617566356518074e-05,0.00018991366455521746,0.0025800263972412816
struct_pos,0,24,6.815283412955183e-08,2.917668201479584e-08,2.1486361923018027e-08,8.15031193733197e-09,1.4848553988247545e-08,5.066304393781387e-08
struct_pos,0,25,2.5858759103648452e-14,0.007613919221702867,0.00757370251005033,2.910630500396778e-14,3.1951087809510346e-11,0.015187621731753198
struct_pos,0,26,0.0006412761622292092,0.0004687765065361472,0.0004577450954016025,0.0005791688605112681,0.011055363751601878,0.0009265216019377497
struct_pos,0,27,0.0003309522220101765,0.0005327596322424763,0.0005330747864194698,0.00032012610551127463,0.034111277945147456,0.0010658344186619461
struct_pos,0,28,0.0004082732171712153,0.0012166368706830392,0.00157693246431395,0.0025077233066007694,0.0003562116158320746,0.0027935693349969894
struct_pos,0,29,0.0002501016180920035,0.0011919412340957315,0.0014145746212010535,0.0022986512419732115,0.0003021122523467177,0.002606515855296785
struct_pos,0,30,0.00013539967702853544,0.002914441505329774,0.0030241208410484504,0.0008757849126838924,0.001539979437587185,0.005938562346378224
struct_pos,0,31,0.00011866103177284677,0.0036129289305739114,0.003736132223416654,0.00033443853628155616,0.0009538893279368663,0.007349061153990566
struct_pos,1,0,0.09789594998669698,0.003930121148918189,0.013505108216229607,0.017050752175973787,0.00013301041725949914,0.017435229365147797
struct_pos,1,1,3.6077413722080475e-07,7.010823182924579e-07,6.203771326918576e-07,6.70610921762955e-07,1.0589229805472858e-06,1.3214594509843154e-06
struct_pos,1,2,0.01366210328290091,0.6802145167647008,0.18872926626412123,6.925807455162949e-06,9.854399004316001e-08,0.868943783028822
struct_pos,1,3,0.0009692331124986143,0.001132988333531489,0.0010852005495617725,0.0005784328919772917,0.00023925593949400726,0.0022181888830932616
struct_pos,1,4,0.0005000487077592942,0.006453361181528822,0.004374375707163284,0.004202277091080928,8.36127001243875e-06,0.010827736888692107
struct_pos,1,5,0.0016574610497560294,0.001143365965769756,0.002086632286262832,0.0024173034016731106,3.83525440636138e-06,0.003229998252032588
struct_pos,1,6,0.004419237221480646,0.0013570482059313664,0.0024561537593080288,0.002090626802791383,2.8796942578532548e-06,0.003813201965239395
struct_pos,1,7,0.0007305308730486623,0.006463820627968378,0.003856367878500522,0.004030785947207696,2.4144102268829105e-06,0.0103201885064689
struct_pos,1,8,0.0030413904180221635,0.0030080083723038713,0.0024177184168891397,0.0013265165628171434,0.0008592449197828216,0.005425726789193011
struct_pos,1,9,0.012820063729773365,0.002054218439264194,0.0031391355844351035,0.0057753521806807465,0.0002374961910725132,0.005193354023699298
struct_pos,1,10,0.006014553755060438,0.005647311315816992,0.003469653250755294,0.006926747060105035,0.0002785520272481306,0.009116964566572286
struct_pos,1,11,0.0012127517100704221,0.0003321571064146064,0.0004246557829180738,0.0006816384754498308,0.008429522115748734,0.0007568128893326802
struct_pos,1,12,0.00014237652872030703,0.001085946507467451,0.0013718139187993156,0.00096490470090856,4.2857968018840045e-06,0.0024577604262667665
struct_pos,1,13,0.00023682990473751806,0.002607235129465137,0.0027326507334308114,0.002158490135512239,9.8505314733637e-06,0.005339885862895948
struct_pos,1,14,0.0001412097872734662,2.461722263849126e-05,3.113126801158676e-05,4.351740253424143e-05,9.359406782251708e-06,5.5748490650078017e-05
struct_pos,1,15,1.7564665286052097e-08,3.040526600776123e-05,6.415917154050013e-05,0.00011446420966557168,7.536553909740853e-08,9.456443754826136e-05
struct_pos,1,16,0.029102963190698772,0.0007503599397476736,0.002113041082556649,0.0027985762385699525,1.9360697828143136e-06,0.0028634010223043227
struct_pos,1,17,0.221746517531766,1.6830841565199035e-05,0.0009704973720210163,0.001208716609526783,8.043138827454353e-08,0.0009873282135862153
struct_pos,1,18,6.50766394153344e-06,6.476378817278488e-05,6.327244500707454e-05,6.5967515512235974e-06,4.7973429465087824e-05,0.00012803623317985942
struct_pos,1,19,0.024372466946533958,0.0008261728247529582,0.0022991161651225037,0.0034334670610041565,1.927196592943343e-06,0.003125288989875462
struct_pos,1,20,4.572547939524316e-05,4.2255044702375144e-05,4.18514432337508e-05,3.206180466264025e-05,0.0002317655181860161,8.410648793612594e-05
struct_pos,1,21,0.017258679534628663,0.006618405028147348,0.00496629184982725,0.0032193600762370203,0.0006313575402871005,0.011584696877974598
struct_pos,1,22,0.4859561605227129,0.0002566321490580452,3.360429103750547e-05,1.594875327078866e-06,3.3137542168819035e-08,0.0002902364400955507
struct_pos,1,23,4.694322051439085e-06,5.668341432062773e-06,5.158157816749754e-06,3.90120571353295e-06,3.6350028638384845e-05,1.0826499248812526e-05
struct_pos,1,24,6.801640670200392e-08,1.3738624749908821e-06,2.0290000912420557e-06,7.403051996370826e-07,1.9607704072446748e-05,3.402862566232938e-06
struct_pos,1,25,3.456389118212788e-05,0.9940141455430856,0.0018256035574757033,2.130454220188836e-12,1.5383513114106921e-12,0.9958397491005614
struct_pos,1,26,0.00018538948690559104,0.9980453632933437,0.0007782514996142333,7.249869375859994e-10,3.3436153367469773e-07,0.9988236147929579
struct_pos,1,27,0.9952693659700722,0.0019972073058410326,7.014823500103337e-08,2.2637286610071175e-10,2.05112508837469e-09,0.0019972774540760337
struct_pos,1,28,4.4556050135323225e-05,7.73075744732556e-06,7.035213454313657e-06,1.7469822428910295e-05,1.913693288876507e-05,1.4765970901639217e-05
struct_pos,1,29,9.86463077747435e-07,8.651247530817236e-07,6.454605882796599e-07,3.8438667542781916e-07,3.406729238788752e-06,1.5105853413613835e-06
struct_pos,1,30,3.7824246438762955e-08,2.757891006817007e-07,2.6373001469460904e-07,4.019550152463991e-08,1.0845786397052463e-06,5.395191153763097e-07
struct_pos,1,31,4.097857098149482e-06,1.7694370254569795e-06,1.8970720222223669e-06,2.383278751198674e-06,2.142523654584722e-05,3.6665090476793465e-06
struct_pos,2,0,0.0047889914059909625,0.0027757927783071935,0.0015589184713068393,0.0009397884515586038,0.0035392566515811334,0.004334711249614032
struct_pos,2,1,0.007048192615664042,0.0006358379318395205,0.0015227647110919772,0.0006410184179858465,3.734002657757517e-05,0.002158602642931498
struct_pos,2,2,0.0003419029190021464,0.0006822418581052338,0.0011257129501247676,0.000851983574514111,0.000364604037470339,0.0018079548082300012
struct_pos,2,3,0.01619017891532004,0.0016956039857200056,0.0022099865725411965,0.0014994173955606726,0.00010828386657747322,0.003905590558261202
struct_pos,2,4,0.0030921174365146735,0.002160778936187057,0.00134705929460448,0.0007834978261337807,0.0002868039455645409,0.003507838230791537
struct_pos,2,5,0.0019865142194971336,0.001040880288640412,0.0010002110844479933,0.0006866055801203253,0.00019931608870610117,0.0020410913730884053
struct_pos,2,6,0.0003625489367696892,0.0005967782981409254,0.0010579314651842334,0.000554743003757561,8.524995935375354e-05,0.0016547097633251588
struct_pos,2,7,2.989850067337725e-06,0.0009760624810701748,0.0004797787979818012,0.00013481822892904644,4.5205169963373845e-07,0.001455841279051976
struct_pos,2,8,0.036285001057958455,0.0007200472208722211,0.0015821705581437722,0.0019626837191090247,0.0003564594836350073,0.0023022177790159933
struct_pos,2,9,0.004521030575129269,0.002612867407016341,0.0026497802359769958,0.0023461047798333644,0.00034241856799544564,0.005262647642993336
struct_pos,2,10,0.009030146741522601,0.0018640018622818623,0.0020926408565788692,0.002700891347661599,0.003288317517876256,0.003956642718860731
struct_pos,2,11,0.004420795353942611,0.0026828078678025795,0.0019554081070164778,0.002027829589996914,0.0012103468314259168,0.004638215974819057
struct_pos,2,12,0.03620063625006976,0.0002559906951083549,0.0010685056954491557,0.0013233949177993618,0.3837626804631315,0.0013244963905575105
struct_pos,2,13,0.00247029489592502,0.0001249338029975108,0.000656375258303679,0.0007724439820430411,0.4524547696974747,0.0007813090613011898
struct_pos,2,14,0.014846020008142273,0.00019951059936639017,0.000866879316448581,0.0007697479459154347,0.1554346152257378,0.0010663899158149712
struct_pos,2,15,0.12213881958133788,0.0001251879630846301,0.0007593289956088122,0.0020251033594110984,0.08596492428774681,0.0008845169586934422
struct_pos,2,16,3.898695266375009e-05,0.00040502498226463256,0.0010922012563628577,0.0005364358027838555,1.349830820962356e-05,0.0014972262386274903
struct_pos,2,17,3.274814017290986e-05,0.0003587063972600827,0.0009617527483811581,0.0007608526563406436,1.5485553855174466e-05,0.0013204591456412408
struct_pos,2,18,4.23749753704604e-05,0.000498026024701095,0.0010295846737138888,0.0003631226896232434,2.0217901803130214e-05,0.0015276106984149838
struct_pos,2,19,0.0003708568026798982,0.0007798755642361132,0.0009600109294810408,0.0004246103098198879,6.162596797288018e-05,0.001739886493717154
struct_pos,2,20,0.01100130374586619,0.002281927128809709,0.005386067740811406,0.0032094752404481265,0.000825359152535782,0.007667994869621115
struct_pos,2,21,0.14154768432995113,0.0022248958916979062,0.005139138199719605,0.0022191458984332927,0.037311467592930275,0.007364034091417511
struct_pos,2,22,2.469195499944992e-07,1.5868659206496414e-05,2.326494686487715e-06,1.1095254486417099e-05,2.6516056163294167e-05,1.819515389298413e-05
struct_pos,2,23,0.03585449805323677,0.0019101873136311,0.0023966465324117303,0.00014462908007871548,3.4857189193391024e-05,0.004306833846042831
struct_pos,2,24,6.607244037749136e-05,0.00113707602070212,0.0015918933969064086,0.0010365539033857815,0.00015739184396747034,0.002728969417608529
struct_pos,2,25,0.0019396556381778205,0.008015825529462658,0.0020539911196666115,0.0016407006034787103,0.0009317610555081422,0.01006981664912927
struct_pos,2,26,2.7116028440176657e-08,5.558549942550269e-07,4.504525424587513e-07,1.2993767494103202e-07,1.5256273402721357e-08,1.0063075367137782e-06
struct_pos,2,27,7.137774577942437e-05,0.005469618067222237,0.0009789846329810435,0.0009596669314557954,0.00023414369411112968,0.00644860270020328
struct_pos,2,28,0.008524007964552495,0.004508356314817572,0.006045784036195438,0.00801806836182365,0.0005605107613515313,0.01055414035101301
struct_pos,2,29,0.002070768579640748,0.0008996051550680393,0.0016376525048316449,0.0009083725950297187,0.007420751701567564,0.002537257659899684
struct_pos,2,30,4.787926286530092e-05,0.00020842227010273588,3.8114711217872002e-06,1.6906843470242277e-05,0.4973927469322433,0.00021223374122452307
struct_pos,2,31,0.002122075461289462,0.4627435298403965,0.0010470197025698035,0.0004703325596210327,0.0006378422163511455,0.46379054954296633
struct_pos,3,0,0.00039048711466530895,0.01677972611935638,0.0024640480089083054,0.0016040900439577574,0.013254025741504319,0.019243774128264685
struct_pos,3,1,0.0008714406590589675,0.0016258336196127814,0.0001798970648832427,0.0006868173911306388,0.0827495907851417,0.001805730684496024
struct_pos,3,2,0.023165267625952408,0.001839649741479241,0.00568853185672632,0.0027647154546036196,0.000987165477761174,0.007528181598205562
struct_pos,3,3,0.0004202662643969782,0.0043213101617138455,0.0062732853079973975,0.0034410194008466016,0.0005556995234614617,0.010594595469711244
struct_pos,3,4,0.0009249991471076652,0.01112948616407235,0.006164220675933718,0.0033420322826218677,0.0005078879646357184,0.017293706840006067
struct_pos,3,5,0.00399889151101511,0.01392672763766396,0.005696473514394003,0.0031581945079152923,0.0019428972616191988,0.019623201152057963
struct_pos,3,6,0.06930233130637091,0.0012396450238100515,0.0030599360693519084,0.002113542209068934,0.0018486801469535159,0.00429958109316196
struct_pos,3,7,0.0010560196954122639,0.001317294192922343,0.0008440754910733001,0.0006904198073996356,0.07124440699538949,0.002161369683995643
struct_pos,3,8,0.0016499395656204322,0.003417184278445839,0.00582395241787067,0.0033594063138137537,0.009477293605159802,0.009241136696316508
struct_pos,3,9,0.00010711805879593019,0.21552191011922894,0.0021655421773254316,0.0022925964952614716,0.024935106713213296,0.21768745229655437
struct_pos,3,10,0.0006571785672745592,0.005357747484225361,0.005742958440254101,0.0030088497343078117,0.004335989393255413,0.01110070592447946
struct_pos,3,11,0.0005024558719405203,0.002141575449145369,0.003066318342221903,0.0031202822074032667,0.12333383931710132,0.005207893791367272
struct_pos,3,12,0.0002729802985192191,0.0046316927223936325,0.001827683656354376,0.0015824472947840043,0.0004066519719866653,0.006459376378748009
struct_pos,3,13,0.0003688805875963348,0.00041858121460559323,0.000283147526522416,0.0004517609605294632,0.01887687656286454,0.0007017287411280092
struct_pos,3,14,0.00027023622443201744,0.004175395081040783,0.0014376997764119484,0.0011814738406585406,0.001128726130422547,0.005613094857452731
struct_pos,3,15,0.0037240634438792247,0.009413825907389815,0.0018282942512333085,0.0011972235054377432,0.006070899920320855,0.011242120158623123
struct_pos,3,16,0.00115446937996106,0.004837970661674121,0.007430637568635222,0.0036668767354867283,0.0008488985257159814,0.012268608230309343
struct_pos,3,17,0.0018381306207647511,0.004155189075706175,0.007778137061125969,0.0035773855859896225,9.402475877010463e-05,0.011933326136832144
struct_pos,3,18,0.0031639195140547305,0.004425438780287594,0.008523775143520013,0.0040298173179075325,0.002117146071819329,0.012949213923807608
struct_pos,3,19,0.001784267225009615,0.003977378047964275,0.007238411735762507,0.0036213891571089704,0.00034078505919560005,0.011215789783726782
struct_pos,3,20,0.041365839994605726,0.0036980938954496037,0.0034087593326012538,0.0024079584657869103,0.0034219025489100486,0.0071068532280508575
struct_pos,3,21,0.0058198190448946014,0.0017903643411317969,0.0029905706978527015,0.0016153042509352213,0.02649400219459652,0.004780935038984498
struct_pos,3,22,0.0010600491485513277,0.006406082149875669,0.0033086150158023685,0.0019920052762524877,0.036176828392641955,0.009714697165678037
struct_pos,3,23,0.002707979504415002,0.004376337185917255,0.005641204346321193,0.003190956663790133,0.0012238401164165222,0.010017541532238447
struct_pos,3,24,0.011960305050553675,0.001144451316988136,0.0029042105183728095,0.0014698302048432445,0.03205947044341065,0.004048661835360946
struct_pos,3,25,0.0018883591019947339,0.004236975006213252,0.0036156867487573277,0.0022676338540665014,0.009936785519553657,0.00785266175497058
struct_pos,3,26,0.0005412046279531391,0.40172772609289464,0.0014996416732222918,0.0007873475263270063,0.01339728195293277,0.40322736776611695
struct_pos,3,27,8.03762142449402e-05,0.002629661298250266,0.0016059575331377172,0.0008890302354417995,0.10261230178415713,0.004235618831387984
struct_pos,3,28,0.00839712728349294,0.001464239337988067,0.002327520333007516,0.001190797414273116,0.012776895234951418,0.0037917596709955833
struct_pos,3,29,0.00017295432348146466,0.00258927457265256,0.0029476444728065076,0.0017747909812904487,0.0001083188203679565,0.0055369190454590675
struct_pos,3,30,0.0043244944506692935,0.0012947838961063155,0.0027548097250877394,0.0010873343948355585,0.0004961917021141702,0.004049593621194055
struct_pos,3,31,0.000446888160679424,0.003822475356521744,0.005240272186596573,0.003051230897290788,0.01321244193673503,0.009062747543118317
struct_pos,4,0,0.0033633009356641673,0.0029541507701632656,0.0020045236087528175,0.001233307128604905,0.12243121770144247,0.004958674378916083
struct_pos,4,1,0.00042936430765379323,0.0050113946276306495,0.0012873532394691149,0.0007085288251039906,0.17183694529459573,0.006298747867099764
struct_pos,4,2,0.0010289077087660139,0.0010429781172482222,0.002536474341686173,0.0011727426996910166,0.20328341327584565,0.003579452458934395
struct_pos,4,3,0.0005885552311214254,0.003828259721259953,0.001773317255102813,0.001399191700006663,0.120234864907122,0.005601576976362765
struct_pos,4,4,0.0026558915497225753,0.014462494567205785,0.008147328415399242,0.004675198327154075,0.0036719532604680095,0.022609822982605027
struct_pos,4,5,0.005583852368058066,0.013085945271978192,0.008585040521941563,0.00505406269178917,0.001916239124610328,0.021670985793919753
struct_pos,4,6,0.000818481105615234,0.005270152499801234,0.004431337156593492,0.0028756894171237946,0.030224380047820795,0.009701489656394727
struct_pos,4,7,0.0007381215653121779,0.00833650483866102,0.006147229726838623,0.003739405819383076,0.01136061666058559,0.014483734565499643
struct_pos,4,8,0.004832181229925992,0.0067738029025533495,0.011126509899325416,0.005901475801248914,0.0012861273536925715,0.017900312801878766
struct_pos,4,9,0.00044576268762319324,0.001634688749025173,0.00338428104594273,0.0019754411266315096,0.09156271966003166,0.005018969794967903
struct_pos,4,10,0.0016788435202203422,0.0019530191233283595,0.004080901927746241,0.0022822889365770992,0.06390366342660689,0.0060339210510746005
struct_pos,4,11,0.0007362235231772911,0.001890500694113496,0.0036295596490949545,0.002118685274116764,0.09494888597966716,0.005520060343208451
struct_pos,4,12,0.0006265705790163102,0.004702850599591577,0.006333562796329935,0.0033850038675946963,0.03956770032675028,0.011036413395921513
struct_pos,4,13,0.00029317176142963126,0.003159249274461877,0.00475314102482562,0.002429027613002511,0.13869130033211566,0.007912390299287496
struct_pos,4,14,0.00034292300940098164,0.002769060509800296,0.004546695818472942,0.002563088666167114,0.09320245549405691,0.007315756328273238
struct_pos,4,15,0.0003976565278716716,0.004899377954818147,0.006288717709427893,0.003219388010147555,0.0845266573200285,0.01118809566424604
struct_pos,4,16,0.0004284396754160631,0.14403757013157548,0.005441895671673235,0.0038095184969951248,0.022905981762121337,0.14947946580324872
struct_pos,4,17,0.0010026174071711038,0.14971328322978458,0.003907953918564553,0.0033395892380130303,0.003940012809600378,0.15362123714834913
struct_pos,4,18,0.03073787197116974,0.004646499782523873,0.009178058450928167,0.00474599530868486,0.020899374849163956,0.01382455823345204
struct_pos,4,19,0.0007269904632563438,0.000386317835311464,0.000539729028548065,0.00034209637219322726,0.48900712114615585,0.0009260468638595291
struct_pos,4,20,0.000412426445387127,0.008239417914512603,0.006755464801601335,0.0034634664623976,0.04923089388354275,0.014994882716113938
struct_pos,4,21,0.00045014243626772925,0.008734160132698477,0.008159128274341855,0.0045546216138622215,0.027887003648145774,0.01689328840704033
struct_pos,4,22,0.0012866074240490625,0.01028397424056188,0.00916019638364037,0.0049959255615009,0.016364028948379374,0.01944417062420225
struct_pos,4,23,0.0006316452862846717,0.00573570716461038,0.0059052122712627405,0.0032653425069539294,0.045205653697959654,0.01164091943587312
struct_pos,4,24,0.002644201258141682,0.005370583619741709,0.007440983218797343,0.0036936012568611603,0.01416609337086279,0.012811566838539052
struct_pos,4,25,0.010023659104779285,0.0044471838495187595,0.007976328686910025,0.003719893486937748,0.0017705956748826092,0.012423512536428784
struct_pos,4,26,0.0003044333912516772,0.002284622190845025,0.003655739020944503,0.0021892559433008005,0.2078476301533765,0.0059403612117895285
struct_pos,4,27,0.0011304087237184878,0.004511956613745359,0.006263676504109543,0.003692692824253972,0.06119218404079,0.010775633117854903
struct_pos,4,28,0.0005236125269556808,0.0021298158600526573,0.003749752038526584,0.0021616323606925177,0.12636685223771324,0.005879567898579241
struct_pos,4,29,0.015734394975737028,0.0028507464697009764,0.004606147530278186,0.0018699331289797375,0.11101814111073811,0.007456893999979162
struct_pos,4,30,0.0013250233211445982,0.0031457678698410805,0.004982704310163748,0.0028445972985096882,0.07787754956413717,0.008128472180004828
struct_pos,4,31,0.0008736002702031465,0.002636064082322598,0.004050706147040376,0.002413783702995509,0.09777281281871815,0.006686770229362974
struct_pos,5,0,0.0011366036998336775,0.004510379504985239,0.002121421572885892,0.002511450399955114,0.06882005234866935,0.006631801077871131
struct_pos,5,1,0.01039584434684462,0.001705683195930824,0.004434191765046464,0.0018922364073964096,0.00028183532953723667,0.006139874960977288
struct_pos,5,2,0.00024771479883983776,0.0015313669681641339,0.0031796808866832033,0.0016139024835929536,0.00044726405554173284,0.004711047854847337
struct_pos,5,3,0.0001583727196428898,0.002610604268170978,0.0014580813466241608,0.0023770571693055276,0.04848788606370073,0.004068685614795139
struct_pos,5,4,0.0056498478732857045,0.005838262584248809,0.004752579599741935,0.005247658043638472,0.0011964003998551698,0.010590842183990744
struct_pos,5,5,0.00348077374592162,0.003950385413333482,0.0033787312495480873,0.0040848897010764594,0.0005607745764316689,0.007329116662881569
struct_pos,5,6,0.0007066564053927536,0.0012670251539878554,0.0014281191846780609,0.0016148881189009968,0.03606385226343192,0.0026951443386659165
struct_pos,5,7,0.0004892969086873889,0.0011800427758206986,0.0012209382604027189,0.0013701791233038077,0.03987796947559951,0.0024009810362234174
struct_pos,5,8,0.003837577906370901,0.001312093362087236,0.003238163352151035,0.0020136300607039464,0.02189751007854631,0.004550256714238271
struct_pos,5,9,0.0002969667619196131,0.06850072486235753,0.0007399819403025634,0.0005698685584276515,0.01411415765713612,0.06924070680266009
struct_pos,5,10,0.011313915268063423,0.0017255407001657876,0.002779437699984717,0.0014210485414024232,0.02225897466558175,0.0045049784001505045
struct_pos,5,11,0.000635027152104582,0.0024451325759022534,0.0029164604934930065,0.00168345714328182,0.022686650109610938,0.00536159306939526
struct_pos,5,12,0.0008021424110244549,0.0016104851660037065,0.003169935804064183,0.002748682020449294,0.03946022475590032,0.004780420970067889
struct_pos,5,13,0.06310229749256366,0.0015928074755966355,0.004311371865702488,0.0018180392182050552,0.03803501428096287,0.005904179341299123
struct_pos,5,14,0.0037916999606279153,0.001416315284718147,0.00328254864346409,0.0019925286809810974,0.04681709860869605,0.004698863928182237
struct_pos,5,15,0.005174353964803635,0.0013180768892930204,0.0031987863070916836,0.0023773804276228197,0.042064929279134494,0.004516863196384704
struct_pos,5,16,0.0073668408842893825,0.00626413215824448,0.005858726584197813,0.004006154846757558,0.011108671179496836,0.012122858742442294
struct_pos,5,17,0.011943550317157041,0.005200931500601203,0.006769336437108716,0.0038377227467341567,0.013753363284041146,0.01197026793770992
struct_pos,5,18,0.0005966927481371182,0.004750365827720847,0.005388085164275824,0.003017220242473732,0.10658011643141047,0.01013845099199667
struct_pos,5,19,0.0007520660650373366,0.007268097147853013,0.0064066931897518685,0.004070042941038823,0.0690457870101535,0.01367479033760488
struct_pos,5,20,0.0026664689559993114,0.010813698956840917,0.0073096853199388955,0.0042749405814521205,0.0037708752726130688,0.018123384276779814
struct_pos,5,21,0.0010181364686957823,0.004619174589805682,0.006533836471099479,0.004037335284354148,0.0036005581910765207,0.01115301106090516
struct_pos,5,22,0.0009393691853211637,0.04967775771738452,0.008160352445485299,0.0055655293758685625,0.0020212936258352946,0.05783811016286982
struct_pos,5,23,0.0016029656425472138,0.00824158770196578,0.00694212323617886,0.004442490748791995,0.00395131317208549,0.015183710938144641
struct_pos,5,24,0.00012346859041613913,0.0021563552221969553,0.0024243604468222094,0.002387489266193811,0.05835297491528301,0.004580715669019165
struct_pos,5,25,0.0009079674297032572,0.003990899510028069,0.003298831244371255,0.0036083828461797615,0.05053429227126272,0.007289730754399324
struct_pos,5,26,0.00018325282922264485,0.0020004826298961943,0.002258840523529471,0.0025762258207096774,0.020275775247067983,0.004259323153425665
struct_pos,5,27,0.0029352242886343484,0.004066871296541363,0.002998551843981994,0.003240666107127541,0.033405621354424916,0.007065423140523357
struct_pos,5,28,0.00013946495479034304,9.719606297200217e-05,0.00010885195208327044,0.00013112097628264696,0.17556241471454948,0.0002060480150552726
struct_pos,5,29,0.0006282301819080754,0.000808864280243161,0.000772350933643056,0.000938847197519598,0.12957144342170657,0.0015812152138862169
struct_pos,5,30,0.00017282903368389706,0.0001743962717702914,0.00020287712095007378,0.00021964470976992473,0.3747616266933634,0.0003772733927203652
struct_pos,5,31,0.0011516974102878717,0.000981085596152488,0.0009335027798583541,0.0010658943520088068,0.13159208401068814,0.0019145883760108423
struct_pos,6,0,0.06054841118823387,0.0038871337977786796,0.008124049541504882,0.005110881649826579,0.0029911526139552625,0.012011183339283561
struct_pos,6,1,0.0014578250474205205,0.017377778318767332,0.005332605138620971,0.00330177639583193,0.008841592091894002,0.0227103834573883
struct_pos,6,2,0.0021031976315136172,0.008867973682804127,0.006305040597485069,0.003778463954219385,0.007813142010917113,0.015173014280289197
struct_pos,6,3,0.048772523400707264,0.004105818810631493,0.006967334789911168,0.0034603140517777088,0.005624846731177056,0.011073153600542661
struct_pos,6,4,0.0028667240514121065,0.07206853329212673,0.001937845603623442,0.0012011475028745038,0.10951008184037342,0.07400637889575017
struct_pos,6,5,0.0027341927743879204,0.04674317420943726,0.001735964192171707,0.0009836428063480479,0.10903230318713114,0.048479138401608966
struct_pos,6,6,0.0005929155339620492,0.0010910462540015963,0.0009490717731039468,0.0006044658998525303,0.11817641302528027,0.002040118027105543
struct_pos,6,7,0.0014513035773869576,0.01844500349709616,0.0015190674114099658,0.0007926845890388154,0.12319375634562489,0.019964070908506125
struct_pos,6,8,0.001585342655087157,0.007347075601172767,0.0036234304047467417,0.0022247796897440996,0.03625160206582155,0.01097050600591951
struct_pos,6,9,0.002684537428013127,0.030171343170575435,0.004268047648748254,0.0032452964036503444,0.03160630575582093,0.03443939081932369
struct_pos,6,10,0.002519326734330632,0.02949991828393887,0.004525775518518237,0.0028159090935784103,0.023412738053053155,0.0340256938024571
struct_pos,6,11,0.028572082427263997,0.0026481283638314936,0.0027770891216640256,0.0022613767407626928,9.897661705811818e-05,0.005425217485495519
struct_pos,6,12,0.0024387682850546635,0.0013604316383723258,0.002190042225599781,0.001331285882060742,0.044741869710916336,0.0035504738639721067
struct_pos,6,13,0.0002359661845042456,0.0003849912936519543,0.0003552858533205078,0.0003607701836970815,0.10441708367921497,0.0007402771469724621
struct_pos,6,14,0.026758254189486352,0.0010536039551821902,0.0015857471316529992,0.0004389355568478597,0.03570006161897421,0.0026393510868351895
struct_pos,6,15,0.00018811687692914302,0.000155478574387115,0.0002458786142084621,0.00017259018326281993,0.19203494675265254,0.00040135718859557706
struct_pos,6,16,0.0010032371134411685,0.0011063084540690678,0.001607863155604024,0.0014460449048363142,0.029966266608582686,0.002714171609673092
struct_pos,6,17,0.0004785517463700844,0.0006709180943383398,0.0006466170357707484,0.0007609253849207555,0.0661466638370195,0.0013175351301090883
struct_pos,6,18,0.0016974541584512275,0.003943134996928544,0.0037805498015400793,0.0033451397062286012,0.012518088038245714,0.0077236847984686234
struct_pos,6,19,0.001405742269305376,0.001125159789687955,0.0013645100959944773,0.0012701775963246146,0.058631575390527366,0.0024896698856824323
struct_pos,6,20,0.00039647268977158456,0.3943062606118658,0.002580386003089148,0.0022915210387447487,0.0010196737083918786,0.39688664661495493
struct_pos,6,21,0.004365847521952677,0.0019765774970749244,0.003021852443930842,0.0010198050229526649,0.01400808264165963,0.004998429941005767
struct_pos,6,22,0.0002719874032922051,0.0003081025573510534,0.00022779751215341537,0.00027534363623631596,0.07226032408250359,0.0005359000695044688
struct_pos,6,23,0.0025445910476309596,0.0009638617315951455,0.0033517361765629367,0.0012600153917206453,0.01035410551771414,0.004315597908158083
struct_pos,6,24,0.001572838723967073,0.014034801038795211,0.007680063338717686,0.005302352113774195,0.004451257018112915,0.021714864377512896
struct_pos,6,25,0.3519538450290298,0.0077005947091385064,0.0056556293469833515,0.002679864150328779,0.0059335782808723585,0.013356224056121857
struct_pos,6,26,0.00292254298525575,0.012597407011547816,0.00710920275979982,0.004400355166633555,0.005454856617870223,0.019706609771347635
struct_pos,6,27,0.009790986791729805,0.010864393906696662,0.008323461309429047,0.005628335694287461,0.0026430917598145665,0.01918785521612571
struct_pos,6,28,0.0008487595116452413,0.00489537879993795,0.004768765163372422,0.003546966045664314,0.04090654511692846,0.009664143963310372
struct_pos,6,29,0.0011893896668595796,0.024598151506900295,0.006739674453211273,0.004297175582102332,0.012766372662333636,0.031337825960111566
struct_pos,6,30,0.0016825228037602885,0.00715873487316787,0.005255499829694829,0.004003199123007594,0.015573137361936894,0.012414234702862698
struct_pos,6,31,0.0021510721329441995,0.008529018476159457,0.006325175164899836,0.004561025960711134,0.046054391792069035,0.014854193641059292
struct_pos,7,0,0.007786588479982933,0.0016247268777698186,0.0018676837869718963,0.0014919172933996032,0.03597483792418174,0.003492410664741715
struct_pos,7,1,0.0023081601223494124,0.0035268573534470225,0.004722397436144674,0.0033085826415303323,0.05816634803610567,0.008249254789591697
struct_pos,7,2,0.01159571298812319,0.011455661410579248,0.008610119725989853,0.006133643047205558,0.022140992638127355,0.0200657811365691
struct_pos,7,3,0.014787192807232017,0.0015705768285670977,0.0006916557113813973,0.0008209612195536695,0.09082735679713073,0.002262232539948495
struct_pos,7,4,0.001097163833270255,0.09290393636445635,0.004796819375026337,0.003778662075076187,0.008497338676661775,0.09770075573948268
struct_pos,7,5,0.035715430513624066,0.0038613328715965105,0.0063350068326458965,0.0036262652776189635,0.0010753308117228211,0.010196339704242406
struct_pos,7,6,0.0018853170084079844,0.009590194321269221,0.00638991150662872,0.00416964766933699,0.0013710198370341915,0.01598010582789794
struct_pos,7,7,0.03305663228404042,0.0037636792727422175,0.006771580826479584,0.0048901494380982425,0.001054208690129505,0.010535260099221802
struct_pos,7,8,0.00011803892871674431,0.00015982152111789882,0.00022294888752478996,0.00019222636773444181,0.10261880810169735,0.00038277040864268875
struct_pos,7,9,0.00022947819811225674,0.0001773271231284467,0.00017785485540742536,0.0001897629512852621,0.13247580830895864,0.00035518197853587206
struct_pos,7,10,0.0022768155009446375,0.04264708366187364,0.0015003518143743737,0.0012923553115058732,0.07285471243631975,0.04414743547624801
struct_pos,7,11,0.0013392848251973758,0.023355061666976557,0.001341824870320158,0.0008596702091015253,0.08139067540719905,0.024696886537296715
struct_pos,7,12,0.07431244431880482,0.00043594787601455187,0.0017462992019103398,0.0008075448335208464,2.9017405956406895e-05,0.002182247077924892
struct_pos,7,13,3.7662273859634026e-05,0.00021403528758592833,0.0001208999296203371,0.00011772624791481593,0.11831060184167758,0.0003349352172062654
struct_pos,7,14,0.0006850277159220786,0.0010184833447865072,0.002727725470637551,0.0018879462802283834,0.00018392173261972772,0.003746208815424058
struct_pos,7,15,5.1471590347034457e-05,0.12466351757108611,0.0009181887740115525,0.0012829202547827033,0.00042142648292153737,0.12558170634509766
struct_pos,7,16,0.003022198941101108,0.38725436607258484,0.0006779469318987784,0.0007967255717399073,0.0664174753568982,0.3879323130044836
struct_pos,7,17,0.01531978263697511,0.0035896852335693666,0.003969332881817754,0.002699353000758479,0.006921825932398423,0.007559018115387121
struct_pos,7,18,0.0005419759802574097,0.0035183335720754627,0.002196295023967884,0.0011322184632098834,0.0006561338842891626,0.005714628596043347
struct_pos,7,19,0.0007489742826520474,0.008370873590371926,0.0031496591489258443,0.0021845955926429006,0.0014423943317896071,0.01152053273929777
struct_pos,7,20,0.13886583872500835,0.001996984903319086,0.0007720243376059798,0.0003873257142356121,0.044047239179827724,0.0027690092409250657
struct_pos,7,21,0.2908804433879715,0.001994790194096703,0.0007677693833030906,0.0003819949778375457,0.02752325966016181,0.0027625595773997933
struct_pos,7,22,0.0004247765501786189,0.00019552997266345103,0.0004343993075661,0.0005077571176584537,0.15318959994458808,0.000629929280229551
struct_pos,7,23,0.00017068449910480232,0.0002333388848362877,0.000169698485837417,0.00030749442990027343,0.008218125339262994,0.0004030373706737047
struct_pos,7,24,0.0007202780427809101,0.0004239518212690811,0.0005056061296578654,0.00038621756339482234,0.11643463416242256,0.0009295579509269465
struct_pos,7,25,0.00034280130553171733,0.000388710222315616,0.0004989051676217863,0.0003837261255734415,0.12685986569053248,0.0008876153899374023
struct_pos,7,26,0.16165659129927157,0.0013751778540165925,0.002917554371743256,0.0028704688437398373,0.06497488326947633,0.004292732225759849
struct_pos,7,27,7.859638063631129e-05,2.9484432330499214e-05,3.21428207762278e-05,2.8475665273981013e-05,0.26432013511657715,6.162725310672701e-05
struct_pos,7,28,0.0006640996943517243,0.003964862998640328,0.004791158709917275,0.0029274636593150404,0.017589861994188268,0.008756021708557604
struct_pos,7,29,0.06345866216102498,0.0013569510696596159,0.003812126550050712,0.0023524212056023172,0.021866233417739318,0.0051690776197103275
struct_pos,7,30,0.00011334158573876317,0.004755921719520823,0.004919623400558505,0.0033292697263945,0.02102858261796343,0.009675545120079329
struct_pos,7,31,0.0005083704776715938,0.004401379806000136,0.004460110629921235,0.002977527974036948,0.016355052574992302,0.008861490435921372
struct_pos,8,0,0.0027054481139123995,0.004646467738876156,0.006827585345328285,0.0036206236387861523,0.14844452313717427,0.01147405308420444
struct_pos,8,1,0.0028405083752822582,0.0049527266492415505,0.008240235694544726,0.0046316240371134755,0.02665849385246773,0.013192962343786276
struct_pos,8,2,0.008264556465626256,0.010963686787061031,0.007099740522441726,0.0038789261028678054,0.02149159171386892,0.018063427309502757
struct_pos,8,3,0.00466076498399455,0.003962694026214543,0.006522043493756077,0.0035466106437431156,0.04727363586425781,0.01048473751997062
struct_pos,8,4,2.740313282965374e-07,2.8184192225783977e-07,4.796823225475871e-07,3.62398373797253e-07,0.03428427870428599,7.615242448054268e-07
struct_pos,8,5,3.2907669478643696e-07,3.1993235476806756e-07,5.361380465309321e-07,3.748729313245572e-07,0.0358734130859375,8.560704012989997e-07
struct_pos,8,6,3.21828960838978e-07,3.0124298165875285e-07,5.469922726070652e-07,4.009277716022787e-07,0.03566339608931566,8.48235254265818e-07
struct_pos,8,7,2.859162824186417e-07,2.697786983162352e-07,4.995264077053896e-07,3.4854725667665447e-07,0.03574428814237455,7.693051060216248e-07
struct_pos,8,8,0.1560763397453001,0.005600618765573138,0.004762456082461173,0.0037893846446515607,0.07247551479083712,0.010363074848034311
struct_pos,8,9,0.16225677131991392,0.002331481298856568,0.0019053588203232356,0.002239137709186911,0.048127185449511646,0.004236840119179804
struct_pos,8,10,0.20136502259040887,0.005665385155670414,0.005064059752428864,0.004037584790381361,0.08592387938524056,0.010729444908099278
struct_pos,8,11,0.0010919947738464158,0.0013937030768000796,0.0011419802846461995,0.0005937392013176307,0.06703174581714705,0.002535683361446279
struct_pos,8,12,0.005109466420115578,0.17963469163798204,0.0027012407195334343,0.001850667547038588,0.011310766509688921,0.18233593235751547
struct_pos,8,13,0.00443264213847179,0.14441529171631678,0.001877855753643348,0.001540666484534433,0.014371456315027793,0.14629314746996014
struct_pos,8,14,0.0036269805641120185,0.21774180484137914,0.0025038154290218224,0.002027654745476657,0.011331214255223702,0.22024562027040095
struct_pos,8,15,0.005091795549796216,0.14722009702855712,0.0016523846631756262,0.0010846906492507742,0.021848827016119864,0.14887248169173276
struct_pos,8,16,0.0045068982615682485,0.028336980056221393,0.005245080219641312,0.004041551271120953,0.004873439035271713,0.033582060275862705
struct_pos,8,17,0.004259491541160519,0.04232009922387799,0.005778903412652828,0.004737646567901468,0.0028871622424807217,0.04809900263653082
struct_pos,8,18,0.00343287691581606,0.004922404670001799,0.0058988313218511414,0.00411872290482339,0.004802068382101778,0.01082123599185294
struct_pos,8,19,0.005154207329601203,0.041455971382719815,0.005579212417112908,0.004669702113043782,0.0024598587892557446,0.04703518379983272
struct_pos,8,20,0.0010151432056299057,0.49313539321946653,0.001851649881870139,0.0008876382871132086,0.002357693364069066,0.4949870431013367
struct_pos,8,21,0.00032198645695428855,0.0036179158871203383,0.00285960160872454,0.00205047970678046,0.021414409434832287,0.0064775174958448785
struct_pos,8,22,0.00015980566412564156,0.002844942246359015,0.002931774716912716,0.0022479480135343946,0.024739015182351425,0.005776716963271731
struct_pos,8,23,0.026049738205869376,0.02199486866824029,0.004796224904810804,0.0037550183380228325,0.003497329935569881,0.026791093573051095
struct_pos,8,24,0.0010276336791868426,0.0005360868239488887,0.0007333706245518321,0.0008847172169247401,0.06860987517609808,0.0012694574485007208
struct_pos,8,25,0.07897047349420003,0.0011014882878806938,0.000869418941322864,0.0006696808375841077,0.07536487018360812,0.0019709072292035576
struct_pos,8,26,0.00069640593370663,0.0007919399077370686,0.0010439696019155938,0.0006464766732525653,0.058611250514216465,0.0018359095096526625
struct_pos,8,27,0.00176844195730915,0.0012330905418031848,0.0017078402610755188,0.0008991299210533392,0.014147233544734487,0.0029409308028787036
struct_pos,8,28,0.006554550053965074,0.2016749955306235,0.0030241428583214526,0.0013931050389174705,0.010880503676624121,0.20469913838894496
struct_pos,8,29,0.023244789141250468,0.007702176323616099,0.009002439670026363,0.005492503121418357,0.008359671192641598,0.016704615993642462
struct_pos,8,30,0.008611656763851335,0.05105057810851295,0.003901517678002209,0.0021478775619568594,0.03681376016668983,0.05495209578651516
struct_pos,8,31,0.0012983596634784842,0.0014981007944961666,0.003918141466868182,0.0022156577681309484,0.02621852936390384,0.0054162422613643485
struct_pos,9,0,0.0346489106415472,0.0025049119753334423,0.004895024881981721,0.0027236607419740184,0.002132667449636479,0.007399936857315163
struct_pos,9,1,0.0005168476775365471,0.2307062306517295,0.003465722068006286,0.0034112788931927015,0.004054546087088354,0.2341719527197358
struct_pos,9,2,0.18928705354224049,0.002172478181055302,0.005336407678715031,0.0026734660987975797,0.0024045965258489574,0.007508885859770333
struct_pos,9,3,0.0765712765594262,0.0006395516699897,0.002356024588755225,0.0022417763403066123,0.012583586776588723,0.002995576258744925
struct_pos,9,4,0.0075772764820555534,0.0020853575315207275,0.00279452594072088,0.0013332148788975488,0.06607686033927988,0.004879883472241608
struct_pos,9,5,0.014243017532262025,0.008145095747813844,0.005531828546794699,0.003088192128114041,0.008688591382205794,0.013676924294608542
struct_pos,9,6,0.03542679283764094,0.011618841927733091,0.007708602676204606,0.0040999238482139185,0.0006522093875520123,0.019327444603937698
struct_pos,9,7,0.004164892872574406,0.006314488402707166,0.008035989583953369,0.003023985492678742,0.026206586875167547,0.014350477986660535
struct_pos,9,8,0.014833196459416881,0.0029422171025607117,0.005964083883476946,0.003935037253826272,0.0010509013675991349,0.008906300986037658
struct_pos,9,9,0.04792883816887351,0.002958910018820758,0.0056580178962464915,0.003507427554058586,0.0006013744394415058,0.00861692791506725
struct_pos,9,10,0.0004336627414574995,0.000123710280968601,0.00014954471457999497,0.0001514779273574351,0.151935057989461,0.00027325499554859594
struct_pos,9,11,0.008100391756762415,0.1053844594364934,0.008205951505770255,0.005665959096422382,0.0008487839528558424,0.11359041094226366
struct_pos,9,12,0.003123864694906954,0.005828462910172371,0.0031319176345694544,0.002131726229476855,0.01688415670173456,0.008960380544741825
struct_pos,9,13,0.028117510879371928,0.0007339311884744987,0.0016016724641493476,0.0009989489756055537,0.036210295708678945,0.0023356036526238464
struct_pos,9,14,0.001135777799322263,0.0041542235066032015,0.0021863651814629298,0.00136115733184251,0.026013440299698442,0.006340588688066131
struct_pos,9,15,0.0011508541649747621,0.004968288766894916,0.0021551785754160982,0.0016258796282935316,0.022402332816945755,0.007123467342311014
struct_pos,9,16,0.00017375437931087487,0.000275283363254662,0.0004243793435033384,0.00018940708466389354,0.11296737895292394,0.0006996627067580004
struct_pos,9,17,0.0008106066108180519,0.0012390049360884725,0.001516902450206848,0.00039555169968751437,0.1149102763125771,0.0027559073862953205
struct_pos,9,18,0.0026115886367265406,0.0012389055488802208,0.002174665153764719,0.002594161636443084,0.0014830707150470116,0.00341357070264494
struct_pos,9,19,0.0002106418415050573,0.0003339117998401447,0.00046567663346620044,0.00019468063578947657,0.1159470514370315,0.0007995884333063452
struct_pos,9,20,0.006821589419470237,0.009529454327958287,0.008182031466741926,0.006198889895950677,0.00344544647586358,0.017711485794700214
struct_pos,9,21,0.04089005978852972,0.003772127815936495,0.0073485622265144525,0.00502290087487737,0.002988327429144498,0.011120690042450948
struct_pos,9,22,0.0005263339630083033,2.380910015235375e-05,2.3301534154774356e-05,3.09869696583668e-05,0.00018806776567194052,4.7110634307128104e-05
struct_pos,9,23,0.001078011254684844,0.04092686458022725,0.006679909163461258,0.00417466355551138,0.0022561405453796358,0.047606773743688505
struct_pos,9,24,0.0015098251617668337,0.00928993836829537,0.006934915518367007,0.005039497986974116,0.004296490313221919,0.016224853886662376
struct_pos,9,25,0.020313701454946008,0.003489110207471562,0.006378355832968457,0.003959737053012208,0.005082042001656827,0.00986746604044002
struct_pos,9,26,0.022026639481693106,0.004952022404062981,0.00678119094133131,0.003902508232308123,0.0049296881238496465,0.011733213345394292
struct_pos,9,27,0.003755054360695791,0.006062554408891282,0.008004086720685102,0.005217874413058239,0.0030415923679699224,0.014066641129576386
struct_pos,9,28,1.594597281572513e-07,1.0791966172398957e-07,2.4828627397513444e-07,9.751397309721294e-08,0.03535450402920214,3.56205935699124e-07
struct_pos,9,29,1.5619002307815015e-07,1.2012207728449466e-07,2.6503188977889625e-07,1.0754080842529711e-07,0.034903794988390094,3.851539670633909e-07
struct_pos,9,30,1.3606312610212255e-07,1.038679589671764e-07,2.3601823879572896e-07,9.004927688323182e-08,0.03524296842246356,3.3988619776290535e-07
struct_pos,9,31,1.6731130704481944e-07,1.2844079356974083e-07,2.757374592862638e-07,1.0286651402254737e-07,0.034963066486874354,4.041782528560046e-07
struct_pos,10,0,0.04500118005632493,0.010039302955840025,0.014107697088775005,0.021501654072811727,0.01398304538461077,0.02414700004461503
struct_pos,10,1,0.010940504332444985,0.03063319821844898,0.006450938243491977,0.004806171699020516,0.005868704234114373,0.03708413646194096
struct_pos,10,2,0.048883369217470087,0.06701550641173057,0.010196924963110617,0.007030014636838892,0.01684364525772347,0.07721243137484118
struct_pos,10,3,0.0070008773306698005,0.005338397695922261,0.0007309355908549237,0.0010935716923053296,0.04524130570261102,0.006069333286777184
struct_pos,10,4,0.06367757322864513,0.05120186576902313,0.005347363074128472,0.0030811150837977974,0.0066689718803016025,0.056549228843151604
struct_pos,10,5,0.02694513062082454,0.013379481508635884,0.006633526646561913,0.0033826487805882722,0.007518686346471371,0.020013008155197798
struct_pos,10,6,0.018112221123387322,0.011287774156367694,0.005044607647432263,0.0033536377882871344,0.01091687053718803,0.016332381803799957
struct_pos,10,7,0.09072422070891988,0.007702014310010569,0.004478613862343002,0.0016892312769273487,0.009435703049503244,0.012180628172353571
struct_pos,10,8,0.0183308647697555,0.030767251832566393,0.009624582879683551,0.005307496339851611,0.004354758828232532,0.04039183471224994
struct_pos,10,9,0.00021145869934521963,0.00016354944776086246,0.00019356353406412805,0.0001688810354684959,0.04351264945739809,0.0003571129818249905
struct_pos,10,10,0.0036037443099991334,0.001964391965584366,0.001957978624600621,0.0007751586244386785,0.028895047057892885,0.003922370590184987
struct_pos,10,11,4.021893745028586e-07,5.834805510065022e-07,6.972048908364056e-07,6.223515997571085e-07,0.10272329313713208,1.2806854418429078e-06
struct_pos,10,12,0.0037748177754005534,0.0007483462425346714,0.007119714444881868,0.004070521731187193,0.003986458985136882,0.00786806068741654
struct_pos,10,13,0.01597929788201709,0.007835436654656787,0.009818256178138425,0.004515906436401501,0.0011050398120324063,0.017653692832795213
struct_pos,10,14,0.00027637823097507774,4.906643784419471e-05,0.00020033520044733928,0.00018314874161061735,1.8105807775615687e-05,0.000249401638291534
struct_pos,10,15,0.023458363870841183,0.3993240470610659,0.001682459854427629,0.0013389605548236637,0.0006626509629782016,0.4010065069154935
struct_pos,10,16,0.006251125466712857,0.04806415516771645,0.004822427597208289,0.002925042078375693,0.03248984199805403,0.052886582764924736
struct_pos,10,17,0.0035509776066454325,0.004525960937250017,0.003582810877338898,0.0005902445152348102,0.03542013790831354,0.008108771814588914
struct_pos,10,18,0.007915065476768896,0.06523587878397498,0.004472884669577005,0.001354363075120161,0.04082831768059509,0.06970876345355198
struct_pos,10,19,0.009972776183464456,0.023421343696621796,0.0056627666418151345,0.0028255540066397717,0.03418821988337057,0.02908411033843693
struct_pos,10,20,8.6488959739793e-05,0.0017251804348713765,0.0008561159989876352,0.00019319121179462126,0.026070354031581505,0.0025812964338590115
struct_pos,10,21,0.00015136659220082088,0.0014211178744755785,0.0008884431329105046,0.0003558885617521894,0.039363697647925376,0.002309561007386083
struct_pos,10,22,0.00010520447833921041,0.0015833292601455167,0.0010529495637539017,0.0004478791719965706,0.03274612400922982,0.0026362788238994185
struct_pos,10,23,0.00028055720559875906,0.003361848331949413,0.0020642440441238498,0.0015602584450598903,0.031151140560429655,0.005426092376073263
struct_pos,10,24,0.11385124509671647,0.0031660454591853453,0.005733109018750973,0.0026623438467089974,0.0021857213194340745,0.008899154477936318
struct_pos,10,25,0.007316320950032757,0.011123215604738801,0.005455560851515385,0.004127529360377013,0.017738675369935876,0.016578776456254187
struct_pos,10,26,0.021122042178123482,0.003379040815789633,0.006255272464486468,0.0034407765841951558,0.009384324091752862,0.009634313280276101
struct_pos,10,27,0.00420755967574715,0.007630788212713196,0.008883625807161793,0.005266177626586182,0.011317941149690942,0.01651441401987499
struct_pos,10,28,0.018516715527564995,0.015060258723633946,0.006969905682331023,0.003307046159194596,0.013956963800670439,0.022030164405964968
struct_pos,10,29,0.013906584004991687,0.04235992109320358,0.005110264501089405,0.0015376985046178318,0.021848177885246473,0.04747018559429298
struct_pos,10,30,0.010052395248314668,0.054637155419655754,0.006161915113374791,0.003503332466225383,0.015138223628879701,0.06079907053303055
struct_pos,10,31,0.013268679718730128,0.028352285317223138,0.0066159666199679225,0.002603071150672694,0.016904815493230356,0.03496825193719106
struct_pos,11,0,0.007412498826458973,0.005650149241197466,0.005486423478407019,0.0013419061887651774,0.027318044343599964,0.011136572719604484
struct_pos,11,1,0.014048694026482487,0.07036822917414647,0.006106539153646759,0.0021733871715910293,0.036289029077110645,0.07647476832779322
struct_pos,11,2,0.006426169407256986,0.004958254126572388,0.004848715829037291,0.0011070769691553402,0.028868664528932365,0.009806969955609679
struct_pos,11,3,0.01776422472561107,0.03950052721458569,0.008624009811103159,0.0038764846729358775,0.02377815887531875,0.04812453702568885
struct_pos,11,4,0.020121245315323427,0.012120793908988237,0.006953508507602601,0.0036395503010051046,0.08930261314714902,0.01907430241659084
struct_pos,11,5,0.02447225102699209,0.007984604459674981,0.009764001972904146,0.005144119508741318,0.0005004564300179482,0.017748606432579125
struct_pos,11,6,0.017835302526367707,0.012826314682315869,0.006384924576993575,0.00327438844984899,0.009610753202709005,0.019211239259309443
struct_pos,11,7,0.02462569847933648,0.007215467445990618,0.00955122963009235,0.00504490734684455,0.018729379425599973,0.016766697076082967
struct_pos,11,8,0.006535541662183216,0.00883725365495042,0.003418936714207056,0.0015468674397597741,0.0003341641632688181,0.012256190369157476
struct_pos,11,9,0.007159209741958031,0.008728841832916803,0.0039031708188224257,0.0014468590845233761,0.00038110243754367216,0.012632012651739228
struct_pos,11,10,0.0062534304256901775,0.007685918749239915,0.003252557542278855,0.0011403348231524752,0.23507390647234686,0.01093847629151877
struct_pos,11,11,0.006283367665867072,0.007762653366792313,0.0033491912987025528,0.001347215430978282,0.002072388273582124,0.011111844665494867
struct_pos,11,12,0.006690246717172018,0.006252253380045679,0.0025037308084183557,0.001220644529528293,0.0008857409951303027,0.008755984188464034
struct_pos,11,13,0.007582883693669972,0.0076579191251989484,0.002892994957181199,0.0013923001167113567,0.17010375023872368,0.010550914082380148
struct_pos,11,14,0.0061143138998556185,0.009573732513330793,0.002810350112747728,0.0014934520572577714,0.0010175380675108685,0.01238408262607852
struct_pos,11,15,0.006680631085507518,0.008982768691730205,0.003326909514711122,0.0012518651312518907,0.0008159799249487149,0.012309678206441327
struct_pos,11,16,0.017541300832179554,0.008740011721818685,0.011444633713201596,0.0022832358696174082,0.021188192538555684,0.02018464543502028
struct_pos,11,17,3.044323634966183e-08,1.875572734159429e-08,5.875771442291583e-08,2.3237940762333127e-08,0.04757929143521808,7.751344176451013e-08
struct_pos,11,18,9.706792320004575e-08,1.544449419321713e-07,1.3009305574087662e-07,7.584516371538e-08,0.07400659880032849,2.845379976730479e-07
struct_pos,11,19,2.486208282019056e-10,6.801530653617918e-11,6.046115576148015e-10,2.0715306920806977e-10,0.026823509342284148,6.726268641509807e-10
struct_pos,11,20,0.007094429035058824,0.007759677697938047,0.003948025962854933,0.001505430134242041,0.19826892187474804,0.01170770366079298
struct_pos,11,21,0.006400331408861867,0.007840660503528189,0.0036902446934128693,0.0013265247717192175,0.0010912731824244755,0.011530905196941058
struct_pos,11,22,0.006398050562393062,0.008070952659789991,0.003455476331744647,0.001205403136687259,0.0010263980765153257,0.011526428991534637
struct_pos,11,23,0.005690253955783982,0.008974256461065252,0.0035946632959371503,0.0012366464178936154,0.0010846963054255436,0.012568919757002403
struct_pos,11,24,0.002648729323510415,0.0034016842566530524,0.0013518534808336028,0.001323877096606728,0.05042574206372902,0.0047535377374866555
struct_pos,11,25,0.06342710553061974,0.011195154874071371,0.011176326341919363,0.007530818782723725,0.050410722431383635,0.022371481215990734
struct_pos,11,26,0.04232293853326725,0.007365376664512052,0.011833030695885696,0.004560254506528439,0.0030018565378567997,0.019198407360397747
struct_pos,11,27,0.08411836820982312,0.3183490804351397,0.0030984743483848986,0.003397407346588662,0.04299304199907679,0.3214475547835246
struct_pos,11,28,2.969145953008411e-05,3.584546042544723e-05,1.9959148717083044e-05,3.563590749994428e-05,0.0016987364896802833,5.580460914253028e-05
struct_pos,11,29,0.0006573597465183344,0.0005047155709473957,0.0006170311233392072,0.0005709447487573628,0.03763569250195388,0.0011217466942866029
struct_pos,11,30,0.0010455149073073,0.0011009378733557445,0.0006367118415971536,0.0004916718994700749,0.04472376380050391,0.001737649714952898
struct_pos,11,31,0.0009006694856919617,0.0012627902014951833,0.001230379576161427,0.0010436389679848472,0.33363545420738194,0.00249316977765661
struct_pos,12,0,0.015143773919288587,0.02091361457718415,0.009208103005608046,0.002676323125421447,0.001377724168747202,0.030121717582792196
struct_pos,12,1,0.019631588299084988,0.026669760545094807,0.008639298387110172,0.003245994079592796,0.001560188168650195,0.03530905893220498
struct_pos,12,2,3.750469184541158e-05,5.685655478007469e-05,5.5675032732179785e-05,3.444014439816799e-05,0.005745290279757497,0.00011253158751225447
struct_pos,12,3,6.661658661614939e-05,7.794439704690832e-05,8.50653460381939e-05,6.04728815387031e-05,0.16930128103439285,0.00016300974308510222
struct_pos,12,4,0.0026819258659186132,0.0008190746079857382,0.0010008300636328903,0.00048691494499935825,0.011631920364742063,0.0018199046716186286
struct_pos,12,5,0.0026026809966754865,0.00076529565694962,0.0007785768301002259,0.000524108178944349,0.0033710322758976766,0.0015438724870498457
struct_pos,12,6,0.0022905195310665726,0.0006821808781017337,0.000627587567169077,0.0004759027792757879,0.00013906845171292868,0.0013097684452708107
struct_pos,12,7,0.0017990977056439816,0.0007514308953525112,0.0009435382407346993,0.0003746084934263899,0.2432928213271071,0.0016949691360872105
struct_pos,12,8,0.0007987033635362506,0.0023832366877726604,0.0021490354371575256,0.0006371166963626172,0.05549885847743204,0.004532272124930186
struct_pos,12,9,0.0038949004360027727,0.014843677711683653,0.009558920566880666,0.004980749759142613,0.004499325972777033,0.02440259827856432
struct_pos,12,10,0.0005285805129706552,0.0015453503027912019,0.0014596322111177986,0.00043373388143100604,0.004457990159314237,0.003004982513909
struct_pos,12,11,0.0005921520354270443,0.0018538108924009728,0.001964787834384493,0.0005081300777493677,0.004536596752541722,0.0038185987267854654
struct_pos,12,12,0.006843235978032044,0.010681840688205478,0.005961659353830005,0.0019227535001572194,0.09721836684535039,0.016643500042035485
struct_pos,12,13,0.01064117155946076,0.010743024302463905,0.007649614761119287,0.003070141208983796,0.009889423724175483,0.018392639063583193
struct_pos,12,14,0.007304130692969165,0.011731469563532416,0.006449369146604902,0.0022373943867390615,0.007388038085956199,0.018180838710137318
struct_pos,12,15,0.010907835051248194,0.010293874239896965,0.007102657797658899,0.00291715741495845,0.1096186406595173,0.017396532037555864
struct_pos,12,16,0.03358324098144153,0.014632399052658318,0.010538572205232516,0.004794090117401875,0.026461065861216763,0.025170971257890834
struct_pos,12,17,0.001347874651660122,0.005759464597984979,0.008284450730672193,0.003639621685102382,0.041088853950224914,0.014043915328657171
struct_pos,12,18,0.00659297012999823,0.0037615172972497064,0.00520205172499636,0.003175436520047478,0.07686005780325339,0.008963569022246067
struct_pos,12,19,0.017102268458150858,0.014036617596452082,0.010266951347775258,0.005274680023099862,0.013999280022885901,0.02430356894422734
struct_pos,12,20,0.0028427157462627404,0.00048666439135438763,0.0005024410387783689,0.0004617684492908641,0.17122411580277672,0.0009891054301327566
struct_pos,12,21,0.002531172169451251,0.000510289004097536,0.0006171926818557383,0.000470572593838161,0.0032145033433833483,0.0011274816859532743
struct_pos,12,22,0.0015007585894520191,0.0009193626992688951,0.001119119988829359,0.0006224375931301969,0.10412082928006985,0.002038482688098254
struct_pos,12,23,0.00284588620281933,0.00046613081468901643,0.0006400773290187213,0.0004961029732151973,0.00688371828096939,0.0011062081437077378
struct_pos,12,24,0.0073929047067837084,0.038214137249071654,0.003953813829904247,0.0031298149849977286,0.0289789173748225,0.042167951078975904
struct_pos,12,25,8.706165147489715e-05,0.00013420063633687017,0.00010386205836265541,7.85370263625686e-05,0.17125060216315144,0.0002380626946995256
struct_pos,12,26,0.006808113764252579,0.01475095716607829,0.003443894563752185,0.001727395130646241,0.009006413497545895,0.018194851729830475
struct_pos,12,27,0.00017174189646946512,0.00023945688771735587,0.00013229468480805925,0.00013543835022247427,0.11595351432745178,0.0003717515725254151
struct_pos,12,28,0.0015460416613102452,0.0005684139767336833,0.0005476154813252704,0.00030146832496189235,0.31103127462822094,0.0011160294580589538
struct_pos,12,29,0.0020866063745429027,0.0006929908209202582,0.0007780172907285031,0.00041473006504761794,7.392423154384483e-05,0.0014710081116487612
struct_pos,12,30,0.0023362274801644995,0.0008289487580735125,0.0008281775571452021,0.0004407630174183378,0.005994439401862791,0.0016571263152187145
struct_pos,12,31,0.002315957607630298,0.0006595411039004631,0.000615238358138823,0.0003956826860267742,0.0033776285847643213,0.0012747794620392861
struct_pos,13,0,0.004826484961191075,0.014958513917937736,0.0033692721684989053,0.0013723539268276947,0.08679346182028945,0.01832778608643664
struct_pos,13,1,0.005261687990527896,0.016270011355879382,0.003815924266297505,0.0012456201039969736,0.00027732051893592,0.020085935622176886
struct_pos,13,2,0.005560229733294132,0.013591738969425914,0.0041278764774678785,0.001323838696129797,0.0003618028983704446,0.017719615446893794
struct_pos,13,3,0.004390680837618923,0.009922196929053748,0.0035743872309247776,0.0009774684711860184,0.000581124912797482,0.013496584159978526
struct_pos,13,4,0.001428775172161613,0.001603787555383332,0.001187292280365685,0.0015818489555911505,0.02270598111383932,0.002791079835749017
struct_pos,13,5,0.0022128518493951784,0.0060219187347143426,0.004991126853215313,0.0020359266603171395,0.08689540630769681,0.011013045587929655
struct_pos,13,6,0.0018722536570947113,0.005366048215281975,0.005887806361735298,0.0017823141733313247,0.05608009480101405,0.011253854577017273
struct_pos,13,7,0.0037107580909418987,0.00048225168407855265,0.006827102072529257,0.004995160350735588,0.21608837273344783,0.00730935375660781
struct_pos,13,8,0.06618862919763145,0.005484914893459363,0.006989321572431224,0.0033469995016653102,0.0024013473557152614,0.012474236465890586
struct_pos,13,9,0.008272165607495696,0.00046873014031979565,0.0007233996649721582,0.0005715282290781799,0.11321772485817672,0.0011921298052919539
struct_pos,13,10,0.0024658470646208163,0.001326807368050788,0.004605693690732536,0.007409846358254967,0.04825279070496928,0.005932501058783324
struct_pos,13,11,0.052439170110090354,0.006392688066597693,0.007151100565405453,0.0162796323390445,0.028337902821008388,0.013543788632003145
struct_pos,13,12,0.000823837534358227,0.0012973564858591593,0.0012962436325121497,0.0004597612948832559,0.04523454878721444,0.002593600118371309
struct_pos,13,13,0.0005109856105568147,0.00011228303136919137,0.00018341600496905316,0.00014612988718536415,0.011265597599332669,0.00029569903633824455
struct_pos,13,14,0.0034661219388984676,0.0004951146402914304,0.0006445939614777756,0.0006187135912093523,0.13428522509564064,0.001139708601769206
struct_pos,13,15,0.004544329897753349,0.0006049239543776948,0.0006529371877911167,0.0006473741433568783,0.010933978023666838,0.0012578611421688113
struct_pos,13,16,0.002745076102830308,0.01240040181191221,0.000880438974271341,0.0008140203242177688,0.08047445049226838,0.013280840786183551
struct_pos,13,17,0.0059653021572052016,0.002316546512016079,0.0019735616869201848,0.0009739806373883327,0.012153333462428752,0.004290108198936264
struct_pos,13,18,0.0021365645492470546,0.00909729100479307,0.001188861746562047,0.0008664676934957382,0.015929951664094954,0.010286152751355119
struct_pos,13,19,0.0013512027871836326,0.032263984375078734,0.0012318331169654587,0.0005465460791261203,0.09579842058620709,0.033495817492044194
struct_pos,13,20,0.004005094211629301,0.010687500192284953,0.0050388725534066085,0.00168337087820681,0.007045890878351603,0.01572637274569156
struct_pos,13,21,0.0036412702317823445,0.010347527370118258,0.005079180325147906,0.0014648693714625325,0.418169242063666,0.015426707695266164
struct_pos,13,22,0.003593237492014626,0.009881424307208066,0.004677224469873805,0.0013841381190792571,0.006649243750131782,0.014558648777081871
struct_pos,13,23,0.020687653430352147,0.010915430737476722,0.010036124364387387,0.003242973072917592,0.11910658059843554,0.02095155510186411
struct_pos,13,24,0.00323639120772035,0.0005559273476455788,0.0006423858347588187,0.000556499798185316,0.3843046878267491,0.0011983131824043975
struct_pos,13,25,0.0030760944689267435,0.0004953753255534498,0.00045577179214276056,0.00048112932504207605,0.4595407066699521,0.0009511471176962104
struct_pos,13,26,0.0011834381484610132,0.0012469286410478246,0.001365316319553291,0.0006023968009603036,0.22716674863738542,0.0026122449606011157
struct_pos,13,27,0.003499043173126884,0.0006139133859837142,0.0007198206768962252,0.0006728892659593539,0.389354525704871,0.0013337340628799394
struct_pos,13,28,0.027642231853630767,0.038729549869049196,0.008557048975129615,0.004136642558409826,0.00304423683198982,0.04728659884417881
struct_pos,13,29,0.05745082939864435,0.07892737798277438,0.009472310250880672,0.004191434551011175,0.0002612267352709829,0.08839968823365506
struct_pos,13,30,0.009460406898837094,0.1737774562540438,0.011815461119631127,0.006592862315714298,0.005225869908667447,0.18559291737367495
struct_pos,13,31,0.09295390584766557,0.0070940862929734895,0.006490369530162083,0.004384816000459118,0.020413165429551287,0.013584455823135572
struct_pos,14,0,0.253437457069893,0.00292302238475243,0.00465118026570393,0.002061291183542049,0.10112127394129987,0.007574202650456359
struct_pos,14,1,0.02076547433717332,0.1145883794908553,0.004973665364201962,0.0034614597034897227,0.023472187565822228,0.11956204485505727
struct_pos,14,2,0.021931430134610862,0.008308500574346175,0.005991050733255282,0.0038162380210878433,0.029023142544969807,0.014299551307601457
struct_pos,14,3,0.0915038263342575,0.0009241011493500049,0.002712209510998522,0.002493862777763845,0.013992476051190812,0.003636310660348527
struct_pos,14,4,0.002781020683093214,0.008029604013490234,0.0031757467283153188,0.0024387033558205553,0.013922189011539346,0.011205350741805554
struct_pos,14,5,0.10478143721542123,0.0023779396344479884,0.002631804782808811,0.0014537650557432872,0.03323087462207727,0.005009744417256799
struct_pos,14,6,0.018200566032968685,0.0025747063732153366,0.0023863928025382713,0.0014779015364446385,0.07238340648458223,0.004961099175753608
struct_pos,14,7,0.020581367092112883,0.007125256877196462,0.00422116622359514,0.005962041670877498,0.013341180126733455,0.011346423100791602
struct_pos,14,8,0.022298006604207436,0.020651124825295526,0.008573465718204392,0.0035018941466345753,0.019793869541156403,0.02922459054349992
struct_pos,14,9,0.029558340400857207,0.014617252153016711,0.0072147765795635855,0.005629640091806496,0.021754356852748936,0.0218320287325803
struct_pos,14,10,0.02452539979365834,0.016528169129532064,0.008543433957916787,0.005184134155112032,0.027019147410358314,0.02507160308744885
struct_pos,14,11,0.02137969549595387,0.01905105984986013,0.00845003864651986,0.0036098948142599886,0.021167493764584034,0.027501098496379987
struct_pos,14,12,0.017003563289425812,0.026582472710663566,0.007758497976543242,0.00279478135185222,0.026230075041945137,0.034340970687206804
struct_pos,14,13,0.015175527263475031,0.021940041437237625,0.006761780102863154,0.002591849588265237,0.031990144028875234,0.02870182154010078
struct_pos,14,14,0.017764878346824057,0.02224668026954643,0.007623781452976144,0.0030011564447045697,0.026346135742278044,0.029870461722522577
struct_pos,14,15,0.017329794426820595,0.02012015428582458,0.007342703079168519,0.0028024670601629253,0.03117649227965112,0.0274628573649931
struct_pos,14,16,0.001719875003127583,0.0018587472076817071,0.0018350563797296263,0.0006505363323832444,0.05201292284009872,0.0036938035874113334
struct_pos,14,17,0.0034253511912313407,0.005575000324793029,0.0009983840321120493,0.0006105277266341835,0.012813898370484942,0.006573384356905078
struct_pos,14,18,0.0036882444393462562,0.010041821576939402,0.0011086001789429917,0.0007897875265970872,0.21679561524445304,0.011150421755882394
struct_pos,14,19,0.003232511173706921,0.00821685959018913,0.0006962826713858128,0.0007069511425568961,0.008612923577843067,0.008913142261574943
struct_pos,14,20,0.002205689725061442,0.0336930091167013,0.0024805672589777914,0.0004858641517113114,0.023558188702668938,0.03617357637567909
struct_pos,14,21,0.02415492764690466,0.03942762931926085,0.004081765922138197,0.005538217669547035,0.028594733084195415,0.043509395241399046
struct_pos,14,22,0.0018983066996984314,0.003628583726837416,0.002878037574475149,0.0005903570990628871,0.09445916585262838,0.006506621301312565
struct_pos,14,23,0.0038181413407173195,0.006225521504202371,0.002317757586976446,0.0010395401779281588,0.004641776798740875,0.008543279091178817
struct_pos,14,24,0.022804944169533634,0.009980892295438807,0.006926768112416361,0.0036314159201148617,0.0021724491019736135,0.016907660407855168
struct_pos,14,25,0.018492928599425515,0.009367710019781863,0.009110710530765778,0.003265006167831436,0.09225102302582763,0.01847842055054764
struct_pos,14,26,0.02111014812969448,0.008455604591605832,0.00680945706010726,0.0039675261390898124,0.001705169723868001,0.015265061651713093
struct_pos,14,27,0.0044677897257455485,0.005264137120930895,0.0024554299842277916,0.0013856390804452177,0.01454806087924969,0.0077195671051586865
struct_pos,14,28,0.004662383097859236,0.002749860006066422,0.002243454422959356,0.0009799007099540857,0.014833278331225132,0.004993314429025778
struct_pos,14,29,0.01258801889554881,0.006961872211058689,0.002900186418656594,0.0020139733861874254,0.07002741166066583,0.009862058629715283
struct_pos,14,30,0.004663071219335522,0.0030542656440975986,0.002374737943504371,0.0010106421438102506,0.0007844295004772943,0.00542900358760197
struct_pos,14,31,0.01305399080056032,0.005574569144546678,0.0029583681140275685,0.0019957524473453083,0.002928100595533294,0.008532937258574246
struct_pos,15,0,0.0006593447077684911,0.00013140395736144963,0.0002636517819989822,0.0003230776456381714,0.0010830044354263105,0.0003950557393604319
struct_pos,15,1,0.001319647415841942,0.00021875206303232042,0.00046965657044740317,0.0006434458324260879,0.0018435663575358434,0.0006884086334797236
struct_pos,15,2,0.0010785827119099466,0.0017236911579274542,0.001546265456491026,0.00046471629187972184,0.08908700008018344,0.00326995661441848
struct_pos,15,3,0.0018381915133065853,0.0003966892984387214,0.0008086967363692166,0.0005987076256020519,0.0580918316501582,0.001205386034807938
struct_pos,15,4,0.016949325630785387,0.0010194114887062363,0.00306848184396854,0.002464875006054454,0.038250002206540575,0.004087893332674776
struct_pos,15,5,0.016983093276727555,0.0026751691465899427,0.00835887864770289,0.004236683118761631,0.051104907403912464,0.011034047794292833
struct_pos,15,6,0.09106163454498668,0.00024097544641855822,0.002012036427455667,0.0015563608235626704,0.017104846774240026,0.0022530118738742252
struct_pos,15,7,0.0006314804383444958,0.0008432660790081487,0.0014513985737312444,0.0011861190907234255,0.42846431279453084,0.002294664652739393
struct_pos,15,8,0.0036390812527407556,0.006129311388060527,0.006100092879020762,0.0011208308024487628,0.1202916892320379,0.01222940426708129
struct_pos,15,9,0.0007600016215329815,0.002856290538798176,0.003292430280654915,0.0008458702645280905,0.13115705154505553,0.00614872081945309
struct_pos,15,10,0.0019524523025326685,0.0039964509268663245,0.004307224070201595,0.0012740270072215604,0.10124037656990736,0.008303674997067918
struct_pos,15,11,0.006548393513888151,0.012224618556944825,0.010493722401167216,0.003489433550367168,0.08349852000965792,0.02271834095811204
struct_pos,15,12,0.011824215651788702,0.021050965023237608,0.010714481843268293,0.004095445168891805,0.03048224604166698,0.0317654468665059
struct_pos,15,13,0.010625991443608445,0.013323351848482224,0.0075556152222449316,0.003048030253964927,0.07905370729011402,0.020878967070727155
struct_pos,15,14,0.007238499950944332,0.009648582237792826,0.007772745208966597,0.002304382714509226,0.028932916490655197,0.01742132744675942
struct_pos,15,15,0.017070226255954234,0.01793136156257338,0.006485686705700508,0.0032134114911681728,0.06218443320385566,0.024417048268273886
struct_pos,15,16,0.018179818265086235,0.039054783751228894,0.008080299501571617,0.0049328827390483785,0.012990288936193759,0.04713508325280051
struct_pos,15,17,0.027762030792433164,0.04785419162458926,0.008761194099213686,0.003610340457398087,0.029928926989759085,0.056615385723802945
struct_pos,15,18,0.0002461494022540141,0.00016978623728018918,0.00029798261715547095,0.00023660926971011732,0.6002739117979634,0.00046776885443566016
struct_pos,15,19,0.00010955468578489018,8.797242596430245e-05,0.0001213101432750038,0.0001013641381661251,0.009686254741483675,0.00020928256923930625
struct_pos,15,20,0.0033986768786198585,0.0002474010137743072,0.0010048382866539452,0.0010015990217941957,0.0179286986066584,0.0012522393004282524
struct_pos,15,21,0.0019794079303064828,0.00020730943687911787,0.0006395509510740284,0.0006284303175068246,0.0770685872057274,0.0008468603879531462
struct_pos,15,22,0.0016496257723854053,0.002411257352591545,0.002129429466907085,0.0006330422773549738,0.037903291768210834,0.00454068681949863
struct_pos,15,23,0.002655010257143108,0.0002712849484347153,0.000996603152807898,0.000903193464058656,0.005224466308474664,0.0012678881012426133
struct_pos,15,24,0.013780861231810783,0.0062802878080629836,0.0073035726760071005,0.007153917361585225,0.10570626731258428,0.013583860484070084
struct_pos,15,25,0.08271346212786664,0.005858861086784378,0.003101508076407469,0.006636926817820168,0.08632906105742243,0.008960369163191848
struct_pos,15,26,0.013889644844736232,0.007976794836444874,0.007801388885337625,0.005947650570741502,0.12819830527369575,0.0157781837217825
struct_pos,15,27,0.12399333893822197,0.034512870451983285,0.004961991673037487,0.009969630416086707,0.09134738216459197,0.03947486212502077
struct_pos,15,28,0.0008788546797184137,0.015249345540016182,0.0271119940391635,0.002266969212683608,0.0015361450143519817,0.04236133957917968
struct_pos,15,29,0.02304723117619722,0.0074020144832392595,0.0035350121234777173,0.012528872280790094,0.0008579587431238163,0.010937026606716978
struct_pos,15,30,0.0016321296101076562,0.00013742290564089,0.00026748426810245274,0.00019381593545693117,9.72923277507241e-05,0.00040490717374334277
struct_pos,15,31,0.013326281210709405,0.018850724579010953,0.003235057757550349,0.006838084605087068,0.002349278829046078,0.0220857823365613
struct_pos,16,0,0.003520991499425211,0.026018180283722617,0.003399156702930344,0.0012476246946244293,0.04327582931616973,0.02941733698665296
struct_pos,16,1,0.0034581102715311157,0.028599308901711515,0.003817652850974086,0.0014969869497567568,0.012920240438144397,0.0324169617526856
struct_pos,16,2,0.004244165181713823,0.031275891159710134,0.004283780691485902,0.0017766801157910511,0.36643551746758146,0.03555967185119604
struct_pos,16,3,0.0023564690775915564,0.004308844014033445,0.004592116441581517,0.0016294192365140985,0.018799352633571725,0.008900960455614962
struct_pos,16,4,0.0003209003339587904,0.00022727536072164497,0.0020375906559951043,0.0004489169743438746,0.28065722202738,0.0022648660167167494
struct_pos,16,5,6.819664990500644e-06,1.4984421050574888e-05,2.629515164763877e-05,8.655689842710646e-06,0.5851988659554591,4.1279572698213657e-05
struct_pos,16,6,1.724767805328468e-05,1.628774309447237e-05,1.945751779847293e-05,1.9461404766706737e-05,0.22167084755912284,3.57452608929453e-05
struct_pos,16,7,0.014592729024473727,0.0033982578584284234,0.003108564798861465,0.003150303918249344,0.02416158995761222,0.006506822657289888
struct_pos,16,8,0.01862836345430498,0.031569170201402943,0.0039019239537794645,0.0028714825417481215,0.0026391481190643075,0.03547109415518241
struct_pos,16,9,0.017608168539740107,0.009133336929098863,0.00403885984691427,0.0036279637639490565,0.0011339583371691906,0.013172196776013133
struct_pos,16,10,0.017052124466812403,0.03161908081810541,0.004045813991250884,0.0026736754858702944,0.00247545099756666,0.03566489480935629
struct_pos,16,11,0.01762172632050096,0.03575955935676031,0.004493425574280529,0.0029514257068542996,0.0016468922935341658,0.04025298493104084
struct_pos,16,12,0.021678706225472952,0.004084308880647516,0.008042615249184017,0.0061563890892531725,0.02285529425515725,0.012126924129831532
struct_pos,16,13,0.015822434449958605,0.020040899053815717,0.006656351580954434,0.0024294344241220516,0.005186447987123416,0.026697250634770152
struct_pos,16,14,0.006509806595596613,0.02519582385741274,0.0058084089305132655,0.0018770255194544424,0.06735604023416714,0.031004232787926005
struct_pos,16,15,0.0027132624427723567,0.004983114630322215,0.0052716835210689945,0.002537909479979022,0.027880016987291777,0.01025479815139121
struct_pos,16,16,0.006012189752730792,0.007080818800365224,0.005771365943215826,0.0017449287092169002,0.028946563801406214,0.01285218474358105
struct_pos,16,17,0.0059673053100013146,0.008579952305930564,0.005825371841897168,0.0018274422458174058,0.024637830854077333,0.014405324147827732
struct_pos,16,18,0.00647872398050946,0.008256825746274461,0.005185512835457844,0.001772651627613664,0.028907845694460244,0.013442338581732306
struct_pos,16,19,0.005788806222294629,0.008222076822729671,0.00559570907900577,0.0019114672353393153,0.02250874903672005,0.01381778590173544
struct_pos,16,20,0.008931699336743822,0.007619147468646613,0.007963059056777088,0.0030384132921142106,0.024652738535490323,0.015582206525423702
struct_pos,16,21,0.015455797668334992,0.009042096119547038,0.006005140557746769,0.004263488016445939,0.025641294701795707,0.015047236677293806
struct_pos,16,22,0.01024735482915144,0.007307044854166584,0.008377845780645238,0.003264252211748631,0.02163376072488948,0.01568489063481182
struct_pos,16,23,0.008455870921028657,0.007448526466470999,0.008363466852097566,0.003265833061176926,0.025706087718684115,0.015811993318568564
struct_pos,16,24,0.03169323662363216,0.03337228089048151,0.01767410022678513,0.008039607505926284,0.01674210883761584,0.05104638111726664
struct_pos,16,25,0.008250968113649249,0.02840077280383115,0.020199358586310355,0.0034935595112073285,0.44548115272640076,0.04860013139014151
struct_pos,16,26,0.02681379384669726,0.02461390598639615,0.017979179988581576,0.006701573821782328,0.020245032967428675,0.042593085974977726
struct_pos,16,27,0.03496189887555637,0.03943695581611342,0.020143008207512098,0.009024269440594842,0.016074227966883358,0.05957996402362552
struct_pos,16,28,0.013014475935137802,0.03131850003827098,0.004616387472925294,0.0021201827831497135,0.010031921191235199,0.03593488751119628
struct_pos,16,29,0.027657924298777545,0.0380737303580293,0.003413455789549309,0.0028960230242234142,0.0029581258625130413,0.04148718614757861
struct_pos,16,30,0.011888436334913113,0.032210960999607914,0.004415990482973487,0.001953222884020938,0.010915288307595425,0.0366269514825814
struct_pos,16,31,0.01202257843332517,0.03083357058073345,0.004630958617225643,0.0020086560802009454,0.012918450453456095,0.03546452919795909
struct_pos,17,0,2.512100216691659e-10,6.943634664860167e-12,3.6070987377742173e-10,5.32897427809071e-11,0.039182367216568856,3.676535084422819e-10
struct_pos,17,1,1.1812046676576328e-10,6.387821782250932e-11,1.9598604800925003e-09,9.628312423256979e-11,0.07102062999894622,2.0237386979150097e-09
struct_pos,17,2,1.2684972365101988e-09,1.5613789710264531e-12,4.0031590816167494e-10,1.6163440371761269e-10,0.03903341158009658,4.018772871327014e-10
struct_pos,17,3,4.733239770342584e-10,6.854589912401316e-13,1.780382312253867e-10,1.8290163486935373e-10,0.04892361324022921,1.7872369021662682e-10
struct_pos,17,4,0.10445607600443381,0.009167894275072804,0.0007465134304635788,0.0103622354928431,0.17433879471415706,0.009914407705536383
struct_pos,17,5,0.028413948782703334,0.010103357880846266,0.0010981779460006147,0.010248589657162488,0.14627108116268003,0.011201535826846881
struct_pos,17,6,0.013544054161776453,0.01802782980404156,0.0008401299023787396,0.007901923129310057,0.17972563270198794,0.0188679597064203
struct_pos,17,7,0.03498984776414216,0.01101871180829618,0.0014996117060683029,0.008846693594389287,0.1384665333695702,0.012518323514364483
struct_pos,17,8,8.155754322841595e-05,5.718879095327697e-05,3.9320216901980964e-05,0.00013685242899561876,0.02526724984402258,9.650900785525794e-05
struct_pos,17,9,0.005411311922550693,0.06062278825063085,0.0052671594347255025,0.0029455111107343983,0.16245560995442457,0.06588994768535636
struct_pos,17,10,0.003411203668951619,0.001633000851323361,0.003852716963296089,0.0033520187555943974,0.330049709638944,0.00548571781461945
struct_pos,17,11,0.0057138294304487506,3.407996662549282e-05,1.127528047964738e-05,0.0011949188732402736,0.2284072718753165,4.53552471051402e-05
struct_pos,17,12,0.01873954220206868,0.009921427481683785,0.0008724140482921042,0.013676158322638403,0.34589789304939955,0.01079384152997589
struct_pos,17,13,0.02012169188882298,0.010651116800505064,0.0011196847759010376,0.01908620370799912,0.3398098721715811,0.0117708015764061
struct_pos,17,14,0.026047313914579505,0.006622205785368988,0.0012703580117204886,0.013835523442833293,0.3390029843500647,0.007892563797089476
struct_pos,17,15,0.02748647524414909,0.007125988733350185,0.0009839019792921404,0.015436993817672887,0.0035765431244675957,0.008109890712642325
struct_pos,17,16,0.14264422599745238,0.022675129005414414,0.0019649477758213216,0.015055206537984842,0.07107831253232848,0.024640076781235736
struct_pos,17,17,0.12272871758546623,0.027571064184570705,0.0032028185647707606,0.023645744542711414,0.0894457735390363,0.030773882749341466
struct_pos,17,18,0.1021498859359261,0.023134355835993346,0.0026996432197106267,0.01792778171621978,0.04991698529575139,0.025833999055703973
struct_pos,17,19,0.4818661328562765,0.035714215476938566,0.03626045015697263,0.004135061543669371,0.07544603559377885,0.0719746656339112
struct_pos,17,20,0.015982754574656116,0.011720611276518326,0.0011207088933809747,0.01193176572844463,0.13317999308323344,0.012841320169899301
struct_pos,17,21,0.028127853807650115,0.013118293293981483,0.0011747611695717946,0.018935182176999386,0.060883046672809235,0.014293054463553277
struct_pos,17,22,0.019528355053457805,0.01368169066706678,0.001290421482171744,0.013246693232234171,0.09781408039285917,0.014972112149238524
struct_pos,17,23,0.0258977554192607,0.01098442208348659,0.0016346308948151128,0.015861407983413792,0.14002910413240133,0.012619052978301702
struct_pos,17,24,0.03039260124028406,0.009117503368879128,0.0011637042784992263,0.011422466967251032,0.13936681398051196,0.010281207647378355
struct_pos,17,25,0.023128836993339508,0.011546893800744331,0.0015514337660031637,0.011946191413422241,0.11566075747227152,0.013098327566747494
struct_pos,17,26,0.014500453945160896,0.006308437231831998,0.0006028621435171172,0.007888576040819087,0.16780476230585908,0.006911299375349116
struct_pos,17,27,0.027092326413244164,0.0090679232457843,0.0010529731403194345,0.014048344794933764,0.09880870611428968,0.010120896386103733
struct_pos,17,28,0.28964476116670546,0.020548751802636375,0.0038777789172127273,0.019798097718733875,0.03590387874835539,0.024426530719849102
struct_pos,17,29,0.4820565321128066,0.06640163589926328,0.07932634447135177,0.0022637106947239463,0.032054944488655306,0.14572798037061505
struct_pos,17,30,0.052999776644849436,0.024683256098237447,0.003934518348567872,0.017141767176804282,0.057612281096609014,0.02861777444680532
struct_pos,17,31,0.023999556545379608,0.026697767162224578,0.0010006789567854383,0.01685231653406401,0.1202471371897726,0.027698446119010015
struct_pos,18,0,0.034934313489187616,0.000956527319312926,0.0012580248986402579,0.01341961614856779,0.14514254502590718,0.002214552217953184
struct_pos,18,1,0.028900277780674558,0.0005340145447198205,0.001105881854867749,0.011013627928846022,0.16422195712602297,0.0016398963995875697
struct_pos,18,2,0.04666112752398716,0.0049570943233706016,0.001480579258483845,0.015298614099667906,0.14049849175570303,0.006437673581854446
struct_pos,18,3,0.020917538380475238,0.0015421600135810236,0.0009377696919009873,0.012082151430433133,0.1345256240990386,0.002479929705482011
struct_pos,18,4,0.027118564113374835,0.011470836382532268,0.0029877175368422447,0.01591707518472268,0.07040562435323362,0.014458553919374513
struct_pos,18,5,0.44409945382668387,0.04838834507669581,0.02009662000079888,0.0039555477699259114,0.09890261849136668,0.06848496507749469
struct_pos,18,6,0.05897600319855476,0.029716593716043682,0.00218492774033325,0.016356429755995272,0.03323262708474977,0.03190152145637693
struct_pos,18,7,0.34098994744205374,0.018711166316018633,0.007597001125292143,0.0026191089463769098,0.05416962784264233,0.026308167441310776
struct_pos,18,8,0.022950346747911136,0.0007810037111204167,0.001672668085059668,0.0132307277682888,0.26437311890939685,0.0024536717961800847
struct_pos,18,9,0.031084075646995883,0.0002507420077245256,0.001452814147522206,0.011321898461372368,0.28901826781754153,0.0017035561552467317
struct_pos,18,10,0.0239090936871628,0.00023182905121716998,0.0006915484737077203,0.008516031837377263,0.33483472820159943,0.0009233775249248903
struct_pos,18,11,0.040671228931907284,0.0001789022332453337,0.0014165442235579463,0.012171321055468391,0.26655227456422537,0.00159544645680328
struct_pos,18,12,0.04234711738193736,0.011604258227397538,0.00138319694120879,0.017736792349101835,0.34887274401598795,0.012987455168606327
struct_pos,18,13,0.42818483307388666,0.029943199657188235,0.013246435991135667,0.005352186114057298,0.012497509457747634,0.0431896356483239
struct_pos,18,14,0.28616664653222995,0.009531881381499017,0.009843766316387061,0.003055971570436,0.004496888814049978,0.019375647697886078
struct_pos,18,15,0.04761036526184948,0.016824961523645557,0.001817318480135056,0.018027494351069134,0.3278894955897848,0.018642280003780612
struct_pos,18,16,0.0015909774373098055,0.0004359148606135134,0.0019826946032336376,0.00042469916342381843,0.04580223105148142,0.002418609463847151
struct_pos,18,17,0.0006699369818676682,0.000545464868941301,0.0011871616933706252,0.0016907133427289985,0.04966577853703769,0.0017326265623119263
struct_pos,18,18,0.0001563060650519327,2.0440441547084208e-06,2.348177790112209e-05,0.00014144666872580294,0.03131733614839882,2.552582205583051e-05
struct_pos,18,19,8.721469281100974e-05,6.633178753158658e-06,0.0001105276845641611,8.919199888274397e-05,0.028473663379287327,0.00011716086331731976
struct_pos,18,20,5.723290479909209e-07,4.995924323536999e-08,7.716130228651568e-07,1.0505185308831524e-07,0.03891077376248544,8.215722661005268e-07
struct_pos,18,21,5.407749812272514e-07,3.650284341513678e-07,2.8204626292514834e-07,2.8510933161020873e-07,0.019642485676658165,6.470746970765162e-07
struct_pos,18,22,1.044539494319513e-06,1.873424348573497e-09,3.5861103396850255e-07,1.0137145697614638e-07,0.02263134896324638,3.6048445831707607e-07
struct_pos,18,23,1.5156840589255812e-06,7.788508336149319e-10,5.909077527831613e-07,9.720281629387408e-08,0.030083210475673618,5.916866036167761e-07
struct_pos,18,24,0.23102172707871632,0.012588675330912982,0.015335723557831455,0.012577522250028833,0.007044468332616414,0.027924398888744435
struct_pos,18,25,0.0006554130853083604,0.0006266145450827138,0.0008516335442769885,0.0008962193621232168,0.0857564458167959,0.0014782480893597023
struct_pos,18,26,0.13288512785983406,0.00022562412147182428,0.016180562622406903,0.025375864515609664,0.04368095691974195,0.016406186743878726
struct_pos,18,27,0.04533863338277559,0.0002851361991266717,0.00406765654083376,0.03204566892332583,0.06380861677744563,0.004352792739960432
struct_pos,18,28,0.03208000046057844,0.00021764075924652956,0.0015511275598273774,0.009093374882750712,0.2155830980700482,0.001768768319073907
struct_pos,18,29,0.027093628550215524,0.0011798657488435414,0.0009872397462913325,0.008296316114741582,0.17849139901506642,0.002167105495134874
struct_pos,18,30,0.025432715782563137,0.0016259548635874617,0.0011160155184955266,0.011845741063448666,0.13493544755213277,0.0027419703820829883
struct_pos,18,31,0.050210935043476686,0.00022084085521614034,0.0008634834618079866,0.009716801183880667,0.1739009560938344,0.0010843243170241268
struct_pos,19,0,0.0003221705829834237,0.0017844379040478921,1.832865033156005e-05,0.00023746027916831313,0.03820637935701415,0.0018027665543794522
struct_pos,19,1,0.0002538052469711093,4.499900477704803e-05,0.0010403559636420756,0.0001812024797448433,0.02740764950082029,0.0010853549684191237
struct_pos,19,2,0.0008811259986323346,5.124640292790791e-05,0.00016766696182243964,0.0007938107713995457,0.1395949773621141,0.00021891336475034754
struct_pos,19,3,0.0001393259900369296,0.0009617102827388558,2.691168411345566e-05,9.348708883954368e-05,0.016776898666309006,0.0009886219668523114
struct_pos,19,4,6.040245966125533e-07,3.0642824143356874e-07,6.616885200103054e-07,1.3575968885647299e-06,0.025753134790465804,9.681167614438743e-07
struct_pos,19,5,7.953246908663277e-09,5.7287182182104464e-09,4.864895193080145e-09,7.79055415202241e-09,0.060832202003959286,1.0593613411290591e-08
struct_pos,19,6,1.4703827775089542e-06,2.4812241883176616e-06,2.498964471183555e-06,2.019585018556465e-06,0.026464748185731555,4.980188659501217e-06
struct_pos,19,7,1.706591706335431e-05,3.047867588108684e-07,8.11143973150429e-08,1.8140710347410918e-07,0.010284127865536417,3.859011561259113e-07
struct_pos,19,8,0.052751461295766605,0.011019447086027163,0.010045187730415194,0.006572056173417098,0.0045450661327570705,0.021064634816442357
struct_pos,19,9,0.3387631636778021,0.0005800170733586676,0.0006417260727277112,0.0033211698073228693,0.07797773297726185,0.0012217431460863788
struct_pos,19,10,0.0014427852008580177,0.00022629213757751466,0.00038188645088520397,0.0013124172194208276,0.07395260129796709,0.0006081785884627187
struct_pos,19,11,0.0015349363940849639,0.0005882896090808668,0.0008778530716034896,0.001938478596377791,0.07544284991312568,0.0014661426806843562
struct_pos,19,12,0.02947261594274342,0.00024921104820854615,0.0011268088993423217,0.009704142447534115,0.016678432923413897,0.0013760199475508679
struct_pos,19,13,0.041404501880039496,0.0004386618395573368,0.0031661651216416597,0.014520851635711481,0.013234096122723,0.0036048269611989965
struct_pos,19,14,0.013813486209348752,0.00012967704454825189,0.0004809252230327488,0.004977220721289101,0.012323614498225529,0.0006106022675810007
struct_pos,19,15,0.022871946206679653,0.0003245212012153192,0.0007026600783596621,0.006975376038543949,0.007017798133586582,0.0010271812795749813
struct_pos,19,16,0.049679782122404335,0.0002998045182635986,0.001422977902502652,0.01563505999075001,0.008089995821909085,0.0017227824207662506
struct_pos,19,17,0.01786985842682137,0.0001734273689571947,0.0010558172102573772,0.006749285163955669,0.006500144880524499,0.001229244579214572
struct_pos,19,18,0.04668955798611675,0.00031784552767472984,0.0016256345443665919,0.013951936680958121,0.012314418596056961,0.0019434800720413217
struct_pos,19,19,0.0578786593288091,0.00014606649351620545,0.0021335334777524474,0.01599281964779392,0.01594699904230357,0.002279599971268653
struct_pos,19,20,0.034446340780878215,0.00019582731968130227,0.0005150228397347902,0.007339762675626851,0.030229698609026346,0.0007108501594160925
struct_pos,19,21,0.020446244819460762,0.00012320756705110688,0.0015717177383070167,0.006259613181200067,0.01558068100943531,0.0016949253053581237
struct_pos,19,22,0.029094259420907657,0.00018049219451528485,0.001592034753219785,0.008888557284178502,0.01920699050997925,0.0017725269477350699
struct_pos,19,23,0.0270334428062872,8.764497816713548e-05,0.0005005580536258034,0.0070359130977231035,0.007158102054375736,0.0005882030317929389
struct_pos,19,24,0.04614081582048729,0.0001506416811401138,0.0011597182553033734,0.010273959629921968,0.006476769942724914,0.001310359936443487
struct_pos,19,25,0.03740660411039496,0.0001678347074108581,0.002574951353341618,0.016290372339441556,0.018709251574472254,0.002742786060752476
struct_pos,19,26,0.04698543768795159,0.00026547230997096876,0.0012195186133970295,0.009745298286032997,0.016220248189934512,0.0014849909233679982
struct_pos,19,27,0.057744755833510644,0.00020054797011199795,0.0017249131946698584,0.011312851334380907,0.010654833413837371,0.0019254611647818564
struct_pos,19,28,0.051101687522864564,0.00023729003479529338,0.001953406741417814,0.01635450927465693,0.013414592335098669,0.002190696776213107
struct_pos,19,29,0.0006278701776170563,0.0002841069074722451,0.00012241493320905663,0.006741584500661206,0.0028248576407000747,0.0004065218406813017
struct_pos,19,30,0.011898738757867686,0.00018634295626375266,5.9292281382420207e-05,0.00437335917578147,0.033473764410698006,0.0002456352376461729
struct_pos,19,31,0.05715404378617388,0.0015100571663302473,0.0012786633265853482,0.013541779866282539,0.01887565410250973,0.0027887204929155952
struct_pos,20,0,0.005571827748011879,0.0005161831180888956,0.0019056331935762528,0.0032644650920018383,0.0070167104468533865,0.0024218163116651484
struct_pos,20,1,0.004360943386798303,0.00039200417858897347,0.0014685092016216465,0.003181333095219728,0.014902177948208662,0.00186051338021062
struct_pos,20,2,0.003845601918327673,0.00043408348325013314,0.0017025510240365415,0.0032051830515034798,0.013915881412670831,0.0021366345072866746
struct_pos,20,3,0.002234293332456066,0.00033599071582381384,0.0010486375033505592,0.0023882140446804135,0.013773949797600661,0.001384628219174373
struct_pos,20,4,0.0007610623837689897,0.00020220341262771864,0.00028862292331454064,0.0008122719820950207,0.0012855887263090618,0.0004908263359422592
struct_pos,20,5,0.0007222231263169871,9.73054441773324e-05,0.00012706862056149234,0.0006402252017067682,0.0002775703774528699,0.00022437406473882474
struct_pos,20,6,0.006149483954205233,0.0002067544431713005,0.00021130881960416294,0.006828119772629595,8.7716456904423e-05,0.0004180632627754635
struct_pos,20,7,0.00045317478845101637,0.00032642886731715947,0.0006506335868724113,0.0005666533354343029,0.000919417917374733,0.0009770624541895708
struct_pos,20,8,0.0019685675335281037,0.0003714562082322943,0.00104416334584463,0.0017851362162499358,0.03888036938858967,0.0014156195540769242
struct_pos,20,9,0.004539856932273037,0.0002647800035951313,0.0014613147971753253,0.002482453461590351,0.039465929947647395,0.0017260948007704565
struct_pos,20,10,8.265916456927818e-05,3.095896311261876e-05,0.0001243409850034672,0.00013148889187105279,0.00036292766189034383,0.00015529994811608599
struct_pos,20,11,0.004366131083245925,0.0007740299037674017,0.0018303833533774281,0.003057723139269495,0.02608909208031508,0.0026044132571448296
struct_pos,20,12,0.006025222630861866,0.0006889907688371476,0.002187859658651646,0.004662671313843122,0.021711369847611624,0.0028768504274887937
struct_pos,20,13,0.005694981333794855,0.0006003148355920126,0.0020931559250573746,0.004220070144386483,0.024437189836466398,0.002693470760649387
struct_pos,20,14,0.0060082381923747385,0.0005316557122396364,0.001992684958639129,0.003809222461361634,0.011853837116906886,0.0025243406708787652
struct_pos,20,15,0.003258854046971436,0.000312583121183733,0.001028558491033351,0.0028024314104034436,0.008840390133130354,0.001341141612217084
struct_pos,20,16,0.0007309033014014809,0.0002758576071189699,0.0001821916120778481,0.0008129765912967324,0.0015948332156082547,0.000458049219196818
struct_pos,20,17,0.0007042309276036865,0.0001180403816856836,0.000134285321695609,0.0008166117134232024,0.00035041765962468826,0.00025232570338129263
struct_pos,20,18,0.0009139038370566594,0.0003673568160356752,0.00021038260488694973,0.0018695565622965002,0.00027332788571653844,0.000577739420922625
struct_pos,20,19,0.000557359842385547,0.0005913846287491921,0.00129130057187057,0.0007850746273363953,0.00681813032403819,0.001882685200619762
struct_pos,20,20,0.0005494774796426204,0.0010899565748724283,0.00020344025946546142,0.00081438496824204,0.01767715614123733,0.0012933968343378896
struct_pos,20,21,0.002070529467135022,0.0015794506010102538,9.297807263623697e-05,0.0024721486257510287,0.02841707101424289,0.0016724286736464907
struct_pos,20,22,0.003829085367075307,0.0012103784156596083,0.00011445132380455226,0.0035714945968305855,0.015133435835041129,0.0013248297394641605
struct_pos,20,23,0.0005574976411235775,0.002128656584504219,0.00012523134926697326,0.0006985691903683793,0.00915082256522095,0.0022538879337711923
struct_pos,20,24,0.003524170946272165,0.0004149374881974576,0.0007200891063601486,0.0031792798739837787,0.013304489250491894,0.0011350265945576062
struct_pos,20,25,0.009203770712125659,0.0006578757895696889,0.003303317331984808,0.006430042571204612,0.04052605636425555,0.003961193121554497
struct_pos,20,26,0.002079831945668556,0.00030540695204423553,0.00038077475568443014,0.0018381962862146406,0.006596554436896792,0.0006861817077286657
struct_pos,20,27,0.005276883163242394,0.00031938325585864706,0.0013241696794266487,0.0032575856990366405,0.025978841652595838,0.0016435529352852958
struct_pos,20,28,0.006593306044306918,0.00046175225686870123,0.0014710367385248036,0.003494883131070526,0.012956875631099391,0.0019327889953935048
struct_pos,20,29,0.0020820442837027695,0.003994347010542119,0.001962424028122757,0.0020954871148455376,0.6141563254121164,0.0059567710386648764
struct_pos,20,30,0.0051956822570909285,0.0003850819934419019,0.0017257314348368452,0.0036030086824214865,0.014024857747857724,0.002110813428278747
struct_pos,20,31,0.009069817911514434,0.0005086640115169918,0.0025228693770385042,0.005620653365264859,0.024822643013253917,0.0030315333885554963
struct_pos,21,0,6.831225184385241e-07,0.0003028403277056228,0.03058495142634562,5.460437035397167e-07,3.364402984011384e-05,0.030887791754051243
struct_pos,21,1,0.0007924810316225261,0.008439491822992685,0.00040353935240009577,0.0011974027643693367,0.002043832462185838,0.008843031175392781
struct_pos,21,2,0.002917404114523416,0.0003122577013138401,7.64326819507511e-05,0.012354725408603287,0.00020108198356224557,0.0003886903832645912
struct_pos,21,3,0.005065764489865278,0.0006798110851310136,6.813825638617568e-05,0.004264559462220553,0.0011169550007149593,0.0007479493415171892
struct_pos,21,4,0.0024251036255273687,8.186005688477306e-09,2.1294312032171332e-10,0.00017600994744886624,1.0133731686889787e-05,8.39894880879902e-09
struct_pos,21,5,0.0034050164509745327,1.4038491239296187e-07,2.436977266011718e-08,0.001548568066479118,5.04556842320344e-05,1.6475468505307905e-07
struct_pos,21,6,0.0041857223584863545,4.6822601628778585e-07,1.6448731526709582e-08,0.0018711222565883793,0.00025484805121264346,4.846747478144954e-07
struct_pos,21,7,0.0001839742064815783,1.159740516590918e-06,1.2544340671588473e-07,4.643386192651234e-05,0.003407293783358545,1.2851839233068028e-06
struct_pos,21,8,0.0007496585663873222,0.00032291393457951315,3.628415066145276e-05,0.0009548853846387967,0.009138264015732166,0.0003591980852409659
struct_pos,21,9,0.0008932141475648579,0.0004707997659042524,0.01611709394814183,0.0007202220375200789,0.0003187555475669872,0.016587893714046086
struct_pos,21,10,0.0008270583349550134,4.58190229958523e-05,4.942494110947553e-05,0.0015635509500462636,0.0002552231469059938,9.524396410532784e-05
struct_pos,21,11,0.0023160043188877274,0.003079168813762527,0.008790701658487074,0.00237915601958093,0.0006914946612958692,0.011869870472249602
struct_pos,21,12,0.09116682942314659,0.0242191612782001,0.010137286913745543,0.008656574261323833,0.007302877788265669,0.034356448191945645
struct_pos,21,13,0.00012321070963406303,0.002554277109964467,0.002203052677021922,7.628227341502051e-05,4.692943094531795e-05,0.004757329786986389
struct_pos,21,14,1.9995701533030587e-09,3.989877799722624e-08,8.531997100049746e-10,3.3321473153239943e-09,0.003080341536181684,4.0751977707231214e-08
struct_pos,21,15,1.5733849657608347e-08,1.7825818613314998e-10,6.205895853705657e-12,8.914213763429432e-09,2.531827857862159e-07,1.8446408198685565e-10
struct_pos,21,16,4.102648773707687e-05,0.001850021551329531,0.019757526270253248,6.356939457292535e-05,0.00045637421644416755,0.02160754782158278
struct_pos,21,17,0.00018657786051778295,9.15414969926033e-05,4.7638610544685616e-05,0.00024628995315116993,0.0012208887167328775,0.00013918010753728892
struct_pos,21,18,0.00021659750964730918,5.755399819223212e-05,1.743495419663036e-05,0.00013980278280353167,0.0001740088741971666,7.498895238886248e-05
struct_pos,21,19,0.0004927300193545988,0.00020424277047628836,0.00011746397944496679,0.0004516414715548049,6.401463449231981e-05,0.00032170674992125514
struct_pos,21,20,1.9494154567163867e-09,1.6471750740122644e-09,4.992184684214103e-10,2.826856455144483e-09,3.0048920194377162e-05,2.1463935424336747e-09
struct_pos,21,21,0.0004288346401052463,0.0009590737694108876,0.0004922847889262368,0.00032318135635709625,0.0002922791471297327,0.0014513585583371244
struct_pos,21,22,0.00024871806077467147,0.000622161809482729,0.00033608611976439267,0.0001687502424114084,0.002670079743118632,0.0009582479292471217
struct_pos,21,23,4.254963226825618e-07,1.516937849544437e-08,1.984950788256458e-08,3.221390544221708e-07,0.000962337720716301,3.5018886378008954e-08
struct_pos,21,24,5.890947322309888e-07,1.2366529404839292e-05,2.1251018132695976e-07,9.043743349614922e-08,0.00017523850142279153,1.2579039586166252e-05
struct_pos,21,25,5.454830726795541e-07,2.0961112517845227e-08,1.1920864766519976e-07,2.0020808892625246e-06,5.434607818791925e-05,1.4016976018304498e-07
struct_pos,21,26,1.4958816370020448e-07,1.3199877657172072e-10,3.260197388506869e-10,2.9619744929624e-07,0.00015929455600567912,4.580185154224076e-10
struct_pos,21,27,5.2217785577682335e-09,3.3446132390421167e-10,1.940750228795794e-10,2.3293362732751667e-08,0.0005176993256571277,5.285363467837911e-10
struct_pos,21,28,0.00014399544271506885,0.00225272228397329,0.01960666408479767,0.00011951602866605954,0.00013502267087445478,0.021859386368770963
struct_pos,21,29,7.216023561502427e-06,0.011560766412746795,0.40508774953237875,1.9055917255736126e-06,5.7609816876185294e-06,0.41664851594512553
struct_pos,21,30,0.0002252595698950145,1.0447907641792422e-05,7.934115985562804e-06,0.00023002509527860865,0.0001830653572441593,1.8382023627355228e-05
struct_pos,21,31,0.0022690826479126423,3.5636541897371426e-05,3.669308104443722e-05,0.002468970814725563,0.00030283393891926153,7.232962294180864e-05
struct_pos,22,0,0.0007824074425056992,0.0005576210894205745,0.0002854103986577537,0.0009741692941239867,0.00036006529360886575,0.0008430314880783281
struct_pos,22,1,0.01136055072025618,0.00024600252912786353,3.3148161134532663e-06,0.013533131103151477,0.0010565551001697749,0.0002493173452413168
struct_pos,22,2,0.0008461233146750091,1.0419498563920012e-05,2.60732227987927e-06,0.00043776122780114996,0.0009083785328118302,1.302682084379928e-05
struct_pos,22,3,0.00029933090505293033,6.216638398049659e-06,1.3471333760621844e-06,0.0004765410649026018,5.7517054829058325e-05,7.563771774111843e-06
struct_pos,22,4,0.011237303538957247,0.0001196833774332107,8.612251802087138e-05,0.014545318050650251,0.4937369865283631,0.00020580589545408207
struct_pos,22,5,0.00044770339182871165,4.376430873940742e-05,0.011104471204942717,0.00028612508301087826,7.116226565911674e-05,0.011148235513682124
struct_pos,22,6,0.04271134306648813,0.00012681966693639385,0.0017202004551949025,0.010209918052911512,0.00018100975075557873,0.0018470201221312964
struct_pos,22,7,0.0008574867999744366,0.0003198208027856638,0.00032955413814960864,0.0006256783371493297,0.13146973345178814,0.0006493749409352725
struct_pos,22,8,0.0005149783338208648,0.00486976746854183,0.009065010937620858,0.0002646029525750266,0.00023156104146111736,0.013934778406162689
struct_pos,22,9,0.021014355961137265,9.89328551089816e-05,1.3584660626159763e-05,0.02589311060890694,0.0004664236771940447,0.00011251751573514135
struct_pos,22,10,0.0002496883804622511,0.00020897928280244081,3.676101568736196e-05,0.00047194192683856675,0.0006318137576367218,0.0002457402984898028
struct_pos,22,11,0.0016061658014700016,0.0004412590461649516,7.283461221418813e-06,0.00098041803705803,0.004434673463535506,0.0004485425073863704
struct_pos,22,12,0.00988770324748367,0.0026654193814078845,4.953466537451781e-06,0.011351359010480875,0.006177102441450637,0.002670372847945336
struct_pos,22,13,6.628744037470121e-05,0.0013030592036905426,0.0008336326320750794,7.105948810991365e-05,0.00011969326636816448,0.002136691835765622
struct_pos,22,14,2.180558545431444e-06,4.4732899174394066e-06,7.87088354944729e-06,2.2378039769064832e-06,0.00017915442781772761,1.2344173466886697e-05
struct_pos,22,15,8.5265844849143e-05,3.84073193628557e-05,2.251742007802238e-05,6.062851880921949e-05,0.0019000123954287724,6.092473944087808e-05
struct_pos,22,16,3.075591470128102e-05,6.548860965436468e-06,5.552738885713764e-06,2.617902335445555e-05,0.0029816971121065633,1.2101599851150232e-05
struct_pos,22,17,0.0016359818519753385,0.0015920163819449114,0.006933977183481242,0.001398549365433331,5.94588833615007e-05,0.008525993565426153
struct_pos,22,18,1.729458832955449e-05,4.036289809047753e-05,4.0477677590816334e-05,1.4715294359941218e-05,0.0061336156226871425,8.084057568129386e-05
struct_pos,22,19,0.013234079406972517,5.7861814479621355e-05,6.440860484568143e-05,0.015183087380677923,0.0006311169087356274,0.00012227041932530279
struct_pos,22,20,0.01122269337329825,2.4225942241950624e-05,2.2736165284309382e-05,0.011812507921697185,0.008202644416791367,4.6962107526260006e-05
struct_pos,22,21,0.003800173860016376,0.002904407821318867,0.003250204807126239,0.003051875334548292,0.003817394304678413,0.006154612628445106
struct_pos,22,22,0.022502446199226183,7.759232380498543e-06,4.8192694960536875e-06,0.0217021550864012,0.0003102632725786252,1.257850187655223e-05
struct_pos,22,23,0.010210608365735034,2.0003998320515127e-05,0.00016244067471682012,0.009815542444479108,0.00977871789221178,0.00018244467303733526
struct_pos,22,24,4.800936147766197e-07,9.354777968567565e-08,1.5800998101963933e-08,4.781345171980407e-07,0.0001773183859723271,1.0934877778763959e-07
struct_pos,22,25,0.00010878774404748736,4.607249840710051e-06,1.953775132988254e-06,0.00011633279705967973,0.01019537793347464,6.561024973698304e-06
struct_pos,22,26,0.00043294557165527494,6.66826578602363e-07,2.0559996798470479e-07,0.0007352331630170529,0.0066089632818081305,8.724265465870678e-07
struct_pos,22,27,1.8908042517806414e-05,0.0005859713405524491,0.000638814156700091,6.882373509799795e-06,0.0009537190852458017,0.00122478549725254
struct_pos,22,28,0.00010069681022035572,0.00012356478428243207,0.0001891289029839392,0.00010419890759810729,0.006754830856379832,0.00031269368726637126
struct_pos,22,29,4.9381720420440236e-05,5.016237540820266e-05,0.00011288683793735301,4.371627141054531e-05,0.002338673076539524,0.00016304921334555568
struct_pos,22,30,4.2995279755777806e-05,5.07884949130478e-05,3.1543450424749446e-05,3.356969574374081e-05,0.00472938800105677,8.233194533779724e-05
struct_pos,22,31,2.3050620440006595e-06,1.5064516968584403e-05,1.0910053886241385e-05,2.520805210074178e-06,0.0002774422368455675,2.5974570854825787e-05
struct_pos,23,0,1.6434821305723963e-10,3.458708076282732e-05,3.559098669948846e-11,1.6827706265239923e-08,1.0368039112475806e-06,3.458711635381402e-05
struct_pos,23,1,7.22531579343852e-11,0.0014657703554113583,1.5134448110062825e-08,8.929465299273797e-10,1.2247919026744888e-07,0.0014657854898594684
struct_pos,23,2,3.129996745677173e-10,0.00044167204063205035,4.1902690467770086e-09,1.3678512929825833e-08,7.879375483644515e-07,0.00044167623090109713
struct_pos,23,3,2.4980264544200825e-08,6.550802036905146e-08,1.3634053873414686e-07,1.0594584180258398e-09,3.6044050908144813e-06,2.0184855910319832e-07
struct_pos,23,4,0.006081403670419234,0.00012132471188964366,0.0006496526370107574,0.004038802356727352,0.00038402459427514435,0.0007709773489004011
struct_pos,23,5,0.0016023982950592926,0.0009063252269975664,0.0003038717835557227,0.003748846058690511,4.928853539163698e-05,0.001210197010553289
struct_pos,23,6,0.02545140174643297,5.5564522634618856e-05,0.12117191930796463,0.012997508172034234,0.00014517177232724717,0.12122748383059925
struct_pos,23,7,7.070138496880191e-05,0.0001860832078507318,0.00020952578115020375,0.0004353041311781719,6.756693979204316e-05,0.00039560898900093555
struct_pos,23,8,3.6450411366959924e-07,1.552002642628563e-05,2.577346129683149e-05,9.005511213295591e-08,1.179502419935938e-07,4.129348772311712e-05
struct_pos,23,9,0.007111982433788548,2.1010257742926543e-07,3.92557048099328e-11,0.011117544797920959,0.0005074710084434879,2.1014183313407537e-07
struct_pos,23,10,0.011464153988319532,4.1524698934959314e-08,7.239002374618348e-11,0.019192013332103183,0.00028930142064366427,4.15970889587055e-08
struct_pos,23,11,0.012939170756453207,2.1605989161989322e-07,3.315835951643542e-08,0.00921565432666625,0.00032191619784470313,2.4921825113632864e-07
struct_pos,23,12,4.408763165710372e-08,5.792008424991862e-08,5.351927909355435e-08,5.950034807156363e-08,5.035993957634391e-08,1.1143936334347296e-07
struct_pos,23,13,7.985960542781135e-08,7.875116738333062e-08,5.538902379478308e-08,6.642521491960956e-08,8.024717476872499e-08,1.341401911781137e-07
struct_pos,23,14,9.500078722452453e-08,9.174362823297258e-08,7.462131310159158e-08,1.0675754823266736e-07,6.670133361591507e-08,1.6636494133456416e-07
struct_pos,23,15,7.93865869947659e-08,4.278791363097432e-07,5.79862202830667e-07,9.437850430904e-08,5.96021875440911e-08,1.0077413391404104e-06
struct_pos,23,16,0.019180423827117196,5.7550756894842245e-08,0.0002077243168779694,0.055237984632683,1.3014084482731316e-06,0.00020778186763486425
struct_pos,23,17,0.3395147904276971,0.00031469721814196544,8.374175845501921e-07,0.47229142479360164,8.392928195839759e-06,0.0003155346357265156
struct_pos,23,18,1.0096213583134296e-07,0.050175841255699766,0.0005436189841744332,0.1948804683114476,6.497706949719977e-05,0.0507194602398742
struct_pos,23,19,0.013695133236785667,6.018717226018822e-08,0.000655025958830358,0.029046353909991475,0.0001445347866114571,0.0006550861460026182
struct_pos,23,20,2.5317173905793667e-05,4.125927351232545e-06,3.54703619613762e-06,3.1753641449482543e-06,4.1875208328430946e-06,7.672963547370164e-06
struct_pos,23,21,6.542128928829132e-06,3.772627144078344e-05,3.9856787554735184e-05,9.011050784274151e-05,3.432035483410284e-05,7.758305899551863e-05
struct_pos,23,22,1.1187585442441336e-05,1.2513888534639027e-05,2.909963131312548e-05,5.5558253627489594e-05,5.8661189597768955e-06,4.161351984776451e-05
struct_pos,23,23,1.4758985873453043e-05,1.5470988529357555e-05,1.4781445725912264e-05,3.802198843388473e-05,1.920239674432013e-05,3.025243425526982e-05
struct_pos,23,24,2.9936311977951027e-05,8.47973574642635e-06,1.2895147183249575e-06,3.1305683182765825e-05,2.49311747281717e-05,9.769250464751308e-06
struct_pos,23,25,5.386911836713245e-05,3.0489868274913915e-05,2.4303452995888336e-05,4.276689145592944e-05,0.00010974583974333001,5.4793321270802254e-05
struct_pos,23,26,2.246068736972716e-05,2.0443556993496694e-06,6.505712210955804e-07,3.8115148023116886e-05,8.315576221468312e-06,2.6949269204452497e-06
struct_pos,23,27,4.256742653678199e-05,1.1762705184874904e-05,8.301198542523184e-06,1.5785123561691564e-05,2.636929982790187e-05,2.0063903727398086e-05
struct_pos,23,28,0.00013440607477967524,1.6343780913148978e-05,3.4983418085066922e-06,0.00014410399177310637,0.00019632083060118006,1.984212272165567e-05
struct_pos,23,29,0.0005859111928764512,0.00032146536995982607,2.085335672952204e-05,0.00011338474554796891,5.547835253000305e-05,0.0003423187266893481
struct_pos,23,30,0.0003177414180170764,0.0008878782564549254,0.001408599593875578,0.0002829091819493394,0.00017544741898975014,0.0022964778503305034
struct_pos,23,31,0.00991608277809017,0.030499289586940172,0.03905929900298301,0.004775393981067512,0.0002174825725694436,0.06955858858992318
seq_pos,0,0,0.00025526499745132564,0.00044303717407551666,0.00023452087668303535,0.0004166790196940202,0.9707474450025984,0.0006775580507585521
seq_pos,0,1,0.00010862258754486066,0.0002774922630515562,0.00014690827241462003,0.0002703522160202755,0.9833952234540101,0.0004244005354661762
seq_pos,0,2,0.009881352461460205,0.003664243124230532,0.009114041436633307,0.003623460703244681,0.01343664766989278,0.012778284560863839
seq_pos,0,3,0.00040247286260953997,0.0003594389237255689,0.0004160860170239688,0.00032314530428755164,0.9628698922888609,0.0007755249407495377
seq_pos,0,4,0.00039456503892634575,0.0018425033195952536,0.001008521013701373,0.001737598481426903,0.7659144597307103,0.0028510243332966266
seq_pos,0,5,0.000341565111061894,0.0007666930103259606,0.0008066176274227049,0.000740875670400095,0.8583377512369003,0.0015733106377486656
seq_pos,0,6,0.0008225614979679903,0.0026742368478378967,0.0012175910124513608,0.0025133764374179733,0.6892982587313788,0.0038918278602892574
seq_pos,0,7,0.0011841639638896957,0.002748589529727663,0.0013749778074551636,0.0026662118736801004,0.6670698320847046,0.004123567337182827
seq_pos,0,8,1.2675744838959065e-07,3.817417735211963e-07,1.2556330342952917e-07,3.891854978545793e-07,0.9999905270223454,5.073050769507254e-07
seq_pos,0,9,1.138875458568328e-07,4.3150979150438733e-07,1.1056606647967345e-07,4.156870750756991e-07,1.0,5.420758579840608e-07
seq_pos,0,10,1.568708478228076e-05,3.0855217505076686e-06,1.5143545536608635e-05,3.0664550361513743e-06,0.9995662729516716,1.8229067287116303e-05
seq_pos,0,11,3.4182087405186765e-06,4.022052514315343e-06,3.618248048487379e-06,4.161069129541482e-06,0.9997902412090768,7.640300562802723e-06
seq_pos,0,12,0.0007731489038293952,0.009764877572415629,0.0025548967356163934,0.00975992604018951,0.017115919548284442,0.012319774308032022
seq_pos,0,13,0.0010095661896137851,0.010783491856548416,0.002332594290197608,0.010050453471493189,0.08576750445568271,0.013116086146746024
seq_pos,0,14,0.0011071492249148363,0.010669561971231286,0.0020828996232450884,0.010093361547124173,0.08570951550667236,0.012752461594476374
seq_pos,0,15,0.0005623688813245381,0.007633849629987448,0.0071832953427789035,0.007650040762481875,0.008662794484188543,0.014817144972766351
seq_pos,0,16,2.8906647221128966e-05,4.691113978392037e-05,3.04891283417541e-05,4.593689603159627e-05,0.9911041973410705,7.740026812567448e-05
seq_pos,0,17,2.8981620220962068e-05,4.7023547660038664e-05,3.053447970190929e-05,4.5965423250289225e-05,0.9911481790230383,7.755802736194794e-05
seq_pos,0,18,2.8857754479862055e-05,4.6889354611483845e-05,3.0444422276990988e-05,4.591689703680501e-05,0.9910811915381951,7.733377688847483e-05
seq_pos,0,19,2.8059895770008347e-05,4.738046312257815e-05,2.9647188213076806e-05,4.62572464760391e-05,0.9912801240689416,7.702765133565496e-05
seq_pos,0,20,0.00024891876377308573,0.006323362458171411,0.0003009060319986084,0.006218662423854599,0.23938152353540154,0.00662426849017002
seq_pos,0,21,0.00018102967220803967,0.006926820077042057,0.00023860071759774866,0.006814267386313061,0.008683894342593958,0.007165420794639806
seq_pos,0,22,6.659989203775691e-05,0.004020423837949514,0.00012311706422375948,0.004008555652858603,0.43457069311070934,0.004143540902173274
seq_pos,0,23,0.0003001573435070402,0.02918860133012659,0.0008118683928822224,0.022583553825324235,0.03240679827303071,0.030000469723008814
seq_pos,0,24,0.0003175251076193796,0.06433761823988861,0.000806132727056592,0.0012646857129625115,0.00012347068432405547,0.0651437509669452
seq_pos,0,25,0.00030593599084549833,0.000829646653914687,0.00032120343073802456,0.0008843412602482605,0.6652386716720077,0.0011508500846527116
seq_pos,0,26,0.0015733097075755233,0.011308894379597777,0.0015837630386392185,0.011877313016213847,0.010776634090759922,0.012892657418236995
seq_pos,0,27,0.0012230451033100106,0.008280427332418374,0.0013083992024218005,0.00839878602971986,0.05884720666681525,0.009588826534840174
seq_pos,0,28,0.0018687195780371,0.0033994930033747375,0.012134139425891246,0.003487516606925741,0.0014584856390147736,0.015533632429265984
seq_pos,0,29,0.001090288637168854,0.004178945421036827,0.01017365516749821,0.004257104972113816,0.0015126916238056938,0.014352600588535037
seq_pos,0,30,0.0007051838145354334,0.008989079188953626,0.005515391463612263,0.009152996917954561,0.004772054019553315,0.014504470652565889
seq_pos,0,31,0.0006338484816300937,0.011665433340668987,0.0023887142779074238,0.011786451790705723,0.003658136730071847,0.014054147618576412
seq_pos,1,0,0.12888950841504904,0.016503613659647087,0.01589412489322284,0.0359687908423044,0.0011170546950282948,0.032397738552869926
seq_pos,1,1,0.001479852254791729,0.07906772944577414,0.03863668458292023,0.016595818565681864,0.001086902841938527,0.11770441402869437
seq_pos,1,2,0.003350269767619823,0.008750215056614469,0.0002915721296168388,0.00047468548214229855,5.630204405183243e-05,0.009041787186231307
seq_pos,1,3,0.0059255737360910795,0.002238042021618981,0.0019960877763332626,0.002354343155169562,0.0005637986106204703,0.004234129797952244
seq_pos,1,4,0.00016462095869066562,0.0015103365021191374,0.004861218076881371,0.0016900688621462186,0.014091182618213034,0.006371554579000508
seq_pos,1,5,0.001373874050336468,0.006238212344676602,0.004178604748949897,0.004931054917733136,0.10137389434306972,0.010416817093626499
seq_pos,1,6,0.0033666070466146464,0.006496840770129375,0.002951629515514668,0.005760684472610524,0.12099426159841357,0.009448470285644044
seq_pos,1,7,0.0008372714733016072,0.0032350090147613467,0.006879812765014083,0.0025413754224653325,0.013151399849317277,0.01011482177977543
seq_pos,1,8,0.00011358421799856973,0.0025813979381124627,0.00012707575399376338,0.0023479558264995733,0.013889047770365549,0.002708473692106226
seq_pos,1,9,0.07148313497559525,0.004621927182306434,0.020364608112951717,0.004912628487162918,0.01802507195174539,0.024986535295258152
seq_pos,1,10,0.03918285698612332,0.005313412973419459,0.024153626194327333,0.005439636117970533,0.01600578668397117,0.029467039167746793
seq_pos,1,11,3.543822844953981e-05,0.00581240738460866,0.00018128707583129947,0.0055289495287557605,0.022354314960352204,0.0059936944604399595
seq_pos,1,12,0.0003824236822276972,0.0035265177545113022,0.01615158862760363,0.003324870579622243,0.011399926252181745,0.01967810638211493
seq_pos,1,13,0.00032484130222442634,0.0038361277217656845,0.010252604611758732,0.002479596950453199,0.008782633953732138,0.014088732333524416
seq_pos,1,14,0.00010313814668952464,0.0008556607147295709,5.572914046037519e-05,0.0009801231825144648,0.0001586163823154388,0.0009113898551899462
seq_pos,1,15,0.000142855621989195,0.0038576680433186424,0.021178147077519124,0.0038402759335017505,0.00682551827086189,0.025035815120837766
seq_pos,1,16,0.005189491561395383,0.0119838334443188,0.0005387351544089609,0.012056894284196646,0.00031875910341646734,0.012522568598727761
seq_pos,1,17,0.03784908134107591,0.00019396549434332614,4.024517825029812e-06,0.0001747288436511273,2.7626581930776578e-06,0.00019799001216835594
seq_pos,1,18,6.576823100086934e-06,0.01435030937690411,0.0002617367599582148,0.01514578379255718,0.00012234886458071642,0.014612046136862325
seq_pos,1,19,0.00266791503536377,0.01318217783768834,0.0005506074292207433,0.014523867385424176,8.261751815245632e-05,0.013732785266909084
seq_pos,1,20,0.024792881415040203,0.10880525814646476,0.0006368561305341864,0.05788048726525729,8.342382990929854e-05,0.10944211427699894
seq_pos,1,21,0.08076335907643205,0.0620803771885433,0.0054169867039965775,0.01830751760031143,0.0016267271568844147,0.06749736389253988
seq_pos,1,22,0.00027318491953591756,0.0006776061783408078,0.0005100098718135191,0.0009920591462346104,0.00023215078974938642,0.001187616050154327
seq_pos,1,23,0.015518750885052056,0.08124248452436855,0.0011617360914391577,0.04587076392967532,0.0003214541976897489,0.08240422061580771
seq_pos,1,24,0.0009547931953771636,0.01706982503498156,0.036162910522548164,0.0031720262257407764,0.00016149436974652445,0.05323273555752972
seq_pos,1,25,0.007636235942672077,0.140849398261605,0.03682708988027805,0.002877621580913557,0.00017315792735319514,0.17767648814188305
seq_pos,1,26,3.9389374856372355e-08,2.767960174994081e-07,5.363694724776298e-09,3.5526819520027045e-07,7.464419511157653e-07,2.8215971222418436e-07
seq_pos,1,27,0.9589942054609771,0.03946652954256186,0.0002227905113621062,4.326425888490919e-06,3.72232458133637e-06,0.03968932005392396
seq_pos,1,28,0.00023821200457963465,0.0011308673398513409,0.00011453308708250791,0.0011125910687929017,3.7144716953603516e-05,0.0012454004269338488
seq_pos,1,29,0.00014332523054841608,0.0017729247904889364,0.00021742753500288888,0.002049914637518243,0.0001038010822999148,0.0019903523254918253
seq_pos,1,30,8.613358635257586e-06,0.005922221871460411,4.2994796707319565e-05,0.0005745795157265513,0.00017464635066111167,0.00596521666816773
seq_pos,1,31,2.520418015861051e-06,0.0016399333209945407,2.2506226794444533e-05,0.0016690128094571707,2.916895512969951e-06,0.0016624395477889853
seq_pos,2,0,2.9396700734753667e-05,0.005706549950412504,0.0022145638211067105,0.0026034183468538656,0.019952671110330618,0.007921113771519214
seq_pos,2,1,0.2087855898237468,0.003547047433134755,0.00949692023537631,0.0051565523575970015,0.01379288248001507,0.013043967668511064
seq_pos,2,2,2.1659630958450295e-06,0.005809899849635506,0.0011954601491429911,0.005076568930884302,0.03405399884587864,0.0070053599987784975
seq_pos,2,3,0.020024943987748744,0.004732070765291078,0.006513576893300133,0.005496852034075348,0.010637342754319741,0.01124564765859121
seq_pos,2,4,0.015869920885213922,0.0038325712188017466,0.0021235120914929375,0.003439932383716922,0.04586573917449047,0.005956083310294684
seq_pos,2,5,0.0035631815028029546,0.003926852332754294,0.0027633009947256922,0.005448164816809634,0.033214012465154034,0.006690153327479987
seq_pos,2,6,0.004457622054088638,0.005488473199928692,0.003299813232986844,0.005189472462587664,0.003933106657332488,0.008788286432915536
seq_pos,2,7,0.00564851226869415,0.000338335648773452,0.0005533403547430046,0.0004156717285094436,0.1112897692200796,0.0008916760035164566
seq_pos,2,8,0.007811711686499586,0.007391277361882532,0.002727687635042629,0.0071743753368140465,0.021169937319799333,0.010118964996925162
seq_pos,2,9,0.025029847016062787,0.007452091321196854,0.005406713147066752,0.007378013939744324,0.023497182451912586,0.012858804468263606
seq_pos,2,10,0.0037012278011512986,0.007759571550376862,0.005559499922893953,0.007274840571077903,0.02038648391583547,0.013319071473270815
seq_pos,2,11,0.01144281648668573,0.006826131074985681,0.003471149907623402,0.006846460874006733,0.03560305013413779,0.010297280982609083
seq_pos,2,12,0.00020176710255370486,0.0008210285982448497,0.00032113092057863446,0.0007228466480244304,0.9197040573059325,0.0011421595188234842
seq_pos,2,13,7.151679492462858e-06,1.4731315515644473e-05,0.00023170895348634943,4.485690564632793e-05,0.9732887615637992,0.0002464402690019939
seq_pos,2,14,2.1914570113534626e-05,3.602396669009414e-05,9.715489872346551e-06,7.944156845411927e-05,0.9476540170838386,4.573945656244069e-05
seq_pos,2,15,0.0023023728949140266,0.000989108279367545,9.543269056528057e-06,0.0010089928306227496,0.9207803239529991,0.000998651548424073
seq_pos,2,16,0.004213609556360507,0.004335281460904257,0.0036823709482298387,0.004587629675431535,0.06159995553317153,0.008017652409134097
seq_pos,2,17,0.0031985662749791175,0.002985268447947589,0.004351666631141899,0.005606222857759706,0.05646614621174143,0.007336935079089488
seq_pos,2,18,0.0036817598793053574,0.003600556461555761,0.003797621180192243,0.0037100143277643046,0.06870986179237491,0.007398177641748004
seq_pos,2,19,0.026391536384567982,0.0046368395829327735,0.004163515922950125,0.004362084098623589,0.055459691646832975,0.008800355505882897
seq_pos,2,20,0.015994369269976393,0.000481161916950805,0.002969667005741305,0.0004900508922734956,0.7510136086090421,0.00345082892269211
seq_pos,2,21,0.059812180528850546,0.0014939397249532783,0.0013760025365377824,0.0013514390422094845,0.5845372332003508,0.002869942261491061
seq_pos,2,22,1.4612927494295395e-05,0.004811587287801923,0.0004089618521137881,0.003292384404652292,0.3779846117398612,0.005220549139915711
seq_pos,2,23,0.18829424633592415,0.0032002073798955218,0.006133178031859604,0.0029407622272956315,0.05697706661293747,0.009333385411755126
seq_pos,2,24,0.00035915331469444473,0.0036816965567911804,0.00046617758540843485,0.0040420148384213836,0.030280492591957028,0.004147874142199615
seq_pos,2,25,0.00017306419815716495,0.004609606647726859,0.0009808102472597033,0.005060831817580368,0.06627451243979585,0.005590416894986562
seq_pos,2,26,0.0002302644723823377,0.0032580356606779657,0.0005078488889395695,0.0038192808413844205,0.26190956382678776,0.0037658845496175352
seq_pos,2,27,2.5895920439505368e-05,0.0010251914648374322,0.00021643412428351967,0.0008518590386805286,0.04626015420804998,0.0012416255891209518
seq_pos,2,28,0.026548633083156505,0.003048740493844457,0.024226169579573815,0.0031122400590086158,0.048949209425037624,0.02727491007341827
seq_pos,2,29,9.158642104606842e-06,0.00388131548437454,6.209719770927829e-06,0.00489235802004851,0.18354296424082034,0.0038875252041454676
seq_pos,2,30,0.024032245573542384,0.002254629371826186,0.03734566478573964,0.0005470328736342406,0.6268987465664685,0.03960029415756583
seq_pos,2,31,0.006518186625462976,0.003470332113803001,0.029935227591843163,0.0027274889069698557,0.038328800254278615,0.03340555970564616
seq_pos,3,0,0.0057888400734307215,0.002010191827057429,0.003984356471659219,0.0022048013174779573,0.24409021522605232,0.005994548298716648
seq_pos,3,1,0.0015575893877615202,0.0018136994188876327,0.0019563527675511704,0.0024382761775900087,0.3380023117765859,0.003770052186438803
seq_pos,3,2,0.0004194743418928946,0.007805477637425258,0.0005486431876357168,0.007971110571903061,0.22045767338255673,0.008354120825060976
seq_pos,3,3,0.0034697934244361716,0.004233978442214049,0.0008688980276944339,0.004333708772786503,0.24439694252456884,0.005102876469908483
seq_pos,3,4,0.007849063985624037,0.0064294779918108325,0.0017545634702237788,0.005457782650373846,0.06020339184114637,0.008184041462034611
seq_pos,3,5,0.016327225210017025,0.007837332618643335,0.0031662469675898986,0.007589209282107066,0.03226658807725112,0.011003579586233233
seq_pos,3,6,0.001931080666609288,0.0019831312821928597,0.0023804676247782914,0.0023955163469600365,0.1522667820565564,0.004363598906971151
seq_pos,3,7,0.0010215319536927047,0.000788867640088506,0.0009705390727604652,0.0008029542100629834,0.3065747595238103,0.001759406712848971
seq_pos,3,8,0.001036673480967147,0.002600449118192122,0.0060606910434945005,0.0006620041218133107,0.4294726809368335,0.008661140161686622
seq_pos,3,9,0.00021111013110621887,0.0005524351014569338,0.0008293683780203984,0.0005638048177975086,0.44619725073889227,0.0013818034794773322
seq_pos,3,10,0.00010019703385049583,0.00046735443336162866,0.00033334933402668184,0.0005133839267008064,0.43549794537881087,0.0008007037673883105
seq_pos,3,11,0.0002628408221403069,0.006265015778045152,0.0006254562524416904,0.006275555134728156,0.2322010269574724,0.006890472030486843
seq_pos,3,12,0.0017309313410595925,0.003965899157251536,0.0013336179503406662,0.0035813670187914946,0.19102547392984745,0.005299517107592202
seq_pos,3,13,0.0020649675095946543,0.023615679170154894,0.00391524288820762,0.023287758016924953,0.015449086735571936,0.027530922058362516
seq_pos,3,14,0.0011022405667598628,0.004968935720881949,0.00033362211571467845,0.004395438638245876,0.030713422385572085,0.005302557836596627
seq_pos,3,15,0.011802714721346653,0.0034294172143184516,0.0013318763832564414,0.0026731646140443995,0.08177294583290057,0.004761293597574893
seq_pos,3,16,0.0008737865416631528,0.01898871615423232,0.0034536964586077213,0.01892669261193618,0.005715262986914487,0.02244241261284004
seq_pos,3,17,0.002164168259144738,0.021123364503227115,0.004169843400472498,0.01846247736965373,0.009466376871247443,0.025293207903699613
seq_pos,3,18,0.0016767158523581377,0.02671353729845394,0.0033466926164939293,0.025074007480990715,0.02666817437460533,0.030060229914947872
seq_pos,3,19,0.0014533446480615411,0.020844477127024977,0.0036034234553425806,0.018321858438610433,0.008972173667998903,0.02444790058236756
seq_pos,3,20,0.004438187641141816,0.01085547057219029,0.0021867291773086236,0.01180820970586489,0.011175349001122083,0.013042199749498915
seq_pos,3,21,0.00031969850767057316,0.011702706769209438,0.0014788167634725612,0.010604860215589325,0.01878928262646806,0.013181523532682
seq_pos,3,22,0.004526404353210671,0.009981868359155885,0.002568748207701857,0.009646610951023045,0.09380846190407147,0.012550616566857742
seq_pos,3,23,0.0016505058584439574,0.009817901804524402,0.0011628077825392303,0.009341650429991116,0.03270173349517606,0.010980709587063632
seq_pos,3,24,0.00022496594312584176,0.00046390804747516726,0.00023487379631518325,0.0006361265856983673,0.3844445587216352,0.0006987818437903505
seq_pos,3,25,3.890374607395103e-05,0.0005416473225030126,8.526541100369362e-05,0.000736999974137428,0.3921548013110601,0.0006269127335067062
seq_pos,3,26,2.68271812875835e-05,0.00047095981874210717,8.253608272092638e-05,0.0007320601262749739,0.38211031553135283,0.0005534959014630335
seq_pos,3,27,8.202159949461587e-07,0.00047104281308631146,3.971521814713355e-05,0.0006181002536776645,0.4493564464966222,0.000510758031233445
seq_pos,3,28,0.009613357609527974,0.006513305631766757,0.002419474032811889,0.006106214281303846,0.07504694271434557,0.008932779664578646
seq_pos,3,29,0.001071538118603282,0.0033398287500827992,0.0009815064674282372,0.004382772424409775,0.10004417598505647,0.004321335217511036
seq_pos,3,30,0.0397044420035815,0.004597768350137327,0.0012340455170976997,0.006151475603392978,0.08288558921635554,0.005831813867235027
seq_pos,3,31,0.0028425398965590586,0.0004772302024640761,4.718577697848594e-05,0.0003864209008109997,0.892296687168615,0.0005244159794425621
seq_pos,4,0,0.002499153337135031,0.002072401493194094,0.0008705439207026477,0.0020423338795459893,0.349096142603499,0.0029429454138967413
seq_pos,4,1,0.000765919664714317,0.0018015920331196048,0.0005029349391203953,0.0015211781358132428,0.38432059592810824,0.00230452697224
seq_pos,4,2,0.00016638603291808062,0.0011259773028241726,0.00032403990665052867,0.001341321417039382,0.4912020565834488,0.0014500172094747013
seq_pos,4,3,0.00045163994121031145,0.0015537373201491493,0.0005344033987233446,0.0018269137908324983,0.34639807786516974,0.002088140718872494
seq_pos,4,4,0.000161647457366807,0.015397248122755296,0.0015157024030377335,0.014640985174524336,0.025181598603859656,0.01691295052579303
seq_pos,4,5,0.0023486078838614024,0.01642378508559385,0.0023321411689356543,0.016179814550134477,0.021594575346393807,0.018755926254529504
seq_pos,4,6,5.382007854561056e-05,0.01565237386417042,0.0015131308841226255,0.015700708615930616,0.06879343409152537,0.017165504748293044
seq_pos,4,7,7.952358232475217e-05,0.014630055192147511,0.001991760816180518,0.013579050094152516,0.029254283356579838,0.01662181600832803
seq_pos,4,8,0.003258581084992802,0.04299560304367829,0.006189580261449188,0.04022310305855911,0.0027106112630987176,0.04918518330512748
seq_pos,4,9,0.00035332636828648036,0.01462425144152771,0.003276207571581107,0.014358287220622356,0.13042732138330593,0.017900459013108817
seq_pos,4,10,0.00026174245097960135,0.01307815184280155,0.002046229716254214,0.013180037160566479,0.18061906577354284,0.015124381559055764
seq_pos,4,11,0.00039806031303700636,0.016242677203584292,0.0033384897879560546,0.01580930635831229,0.12093178230205029,0.019581166991540347
seq_pos,4,12,2.6584793859503926e-05,0.017610089918903435,0.002537420336024798,0.01750230153181432,0.029034597547839384,0.02014751025492823
seq_pos,4,13,5.396679338992478e-05,0.014962155928794296,0.0029349848770009114,0.014945790432322569,0.10986163854475102,0.017897140805795207
seq_pos,4,14,8.975043612156917e-05,0.014424919540044157,0.0025245510764444552,0.014055391492555361,0.06493187091099871,0.01694947061648861
seq_pos,4,15,2.2574326514851877e-05,0.017090721682124464,0.002042605881878476,0.016088271995939582,0.06573451835279466,0.01913332756400294
seq_pos,4,16,4.0174862710288304e-05,0.0013507808538154736,0.00010333859413170472,0.0013808705804460738,0.42413385583853447,0.0014541194479471783
seq_pos,4,17,0.0019129202603550442,0.0018659860448079033,0.0008483416060940471,0.0017096013083690046,0.18851599535536523,0.0027143276509019503
seq_pos,4,18,0.012930962400504132,0.013658816657899758,0.0011285465915984057,0.012627256715729273,0.18750128191801407,0.014787363249498163
seq_pos,4,19,0.0003722265366611335,0.0029245014106424063,0.00024618626624299316,0.002586483464958803,0.21408870293283389,0.0031706876768853995
seq_pos,4,20,2.238159420421399e-05,0.017181448603593226,0.0028872863787537573,0.014439220158371957,0.04527255420397374,0.020068734982346983
seq_pos,4,21,2.1147182957886636e-05,0.014305431013108952,0.002137978653983766,0.014718386983615406,0.04118367821551187,0.016443409667092717
seq_pos,4,22,8.363163664294305e-05,0.013638475749473234,0.002851325106769465,0.014460222159021756,0.03395941074522657,0.0164898008562427
seq_pos,4,23,6.090794997597905e-05,0.014013480049845624,0.002474680302895976,0.01332977541641534,0.05380966699290643,0.0164881603527416
seq_pos,4,24,2.098873144065035e-05,0.01751745215904438,0.0014792873890173202,0.014489159042203775,0.040103050610561956,0.018996739548061702
seq_pos,4,25,0.009157180125350332,0.014187535317832461,0.00199024154690591,0.01354923633196811,0.042159554781997184,0.016177776864738373
seq_pos,4,26,1.244802883683102e-05,0.014577941766091656,0.001393455217329299,0.014140486510729596,0.11488747080504409,0.015971396983420955
seq_pos,4,27,9.63710127800068e-05,0.018841999852841098,0.001432021329669508,0.015506843254344418,0.05559483892723941,0.020274021182510607
seq_pos,4,28,0.0003097680233265361,0.00850728804123953,0.0010523289589189728,0.008784325845977081,0.08667784862164792,0.009559617000158501
seq_pos,4,29,0.0035062456552230276,0.009177636340319872,0.0010311588317171326,0.008977855963701188,0.07099568036447958,0.010208795172037006
seq_pos,4,30,0.0017121858144991736,0.021705885435666365,0.003336645336265108,0.020665316653586167,0.04175391627539181,0.025042530771931474
seq_pos,4,31,0.0014915566381003154,0.024331581813508956,0.002528437193068189,0.022975859104317063,0.034307491422091864,0.026860019006577144
seq_pos,5,0,0.0030695282048004537,0.010290415659120956,0.005579661604397098,0.009735460155823399,0.08557812882196587,0.015870077263518054
seq_pos,5,1,0.0027123831203486465,0.007293892984639705,0.0017379974159441932,0.007468616985147259,0.002633660324479273,0.009031890400583898
seq_pos,5,2,0.00034018048121892824,0.006874400037590065,0.001547185313385693,0.006997025603544314,0.002456403472447094,0.008421585350975758
seq_pos,5,3,9.99393225927406e-05,0.011184386708966454,0.0057634841924974955,0.010623961258611873,0.06304371495315443,0.01694787090146395
seq_pos,5,4,0.02004656493508917,0.02856239115326652,0.016454688065101176,0.024677083125957764,0.006041998056239609,0.0450170792183677
seq_pos,5,5,0.020679957487131764,0.026392651042016442,0.017172580469053168,0.02502133473353846,0.027444792396787255,0.04356523151106961
seq_pos,5,6,0.001880032491605492,0.008968469218160424,0.005953251352740515,0.0076338642807740305,0.07213046111743371,0.014921720570900939
seq_pos,5,7,0.001857118496196059,0.008603144782307696,0.006465910830180566,0.00841653011461777,0.09969242511579446,0.015069055612488263
seq_pos,5,8,0.0018213532572083347,0.0029495799694279337,0.0006846769884029956,0.003180213988849449,0.04848211104424227,0.0036342569578309294
seq_pos,5,9,0.00044328693952879253,0.0017324908806384384,0.00032333981148316546,0.0019019744166174815,0.0012696582392289159,0.0020558306921216038
seq_pos,5,10,0.0015588253633248709,0.0045245180412076405,0.0006935277322322393,0.005064122147810391,0.04123211749480086,0.00521804577343988
seq_pos,5,11,0.00011283755992895268,0.004757398824313475,0.0007639769803511297,0.004315365069085549,0.04656319524889572,0.005521375804664604
seq_pos,5,12,0.0005189310943215141,0.004336685778548312,0.0008488453559418722,0.004330156881103437,0.07204443070745212,0.005185531134490184
seq_pos,5,13,0.004290626725517814,0.0017812060211263578,0.0002278241067711782,0.0018496128977140067,0.06257578580358424,0.002009030127897536
seq_pos,5,14,0.0005591509687245956,0.0023276241140970217,0.0004478431863830632,0.003123703390932901,0.0735359756863553,0.002775467300480085
seq_pos,5,15,0.00257986344147984,0.004253643163667485,0.000971085324343994,0.0035339486716670387,0.061817517421820865,0.005224728488011479
seq_pos,5,16,0.03701833945181348,0.011921621114402757,0.006280397451999756,0.011242353459815311,0.08331624808642679,0.018202018566402512
seq_pos,5,17,0.008797186490218644,0.010271637067624649,0.0056591261079524885,0.009761854740356256,0.10766492070842817,0.015930763175577137
seq_pos,5,18,0.0002721270838958561,0.009756138703448509,0.004928705856660902,0.009836753283425839,0.12042876725466933,0.014684844560109411
seq_pos,5,19,0.0015674762811112317,0.010218310940519644,0.004550639221826418,0.009775962425686551,0.09000278993596986,0.014768950162346063
seq_pos,5,20,0.0013223520116956357,0.0009596951366524009,0.001003795887235337,0.0011520563611409373,0.1382955382317537,0.001963491023887738
seq_pos,5,21,0.000422841694580916,0.0010116331068911503,0.0002612263008128744,0.0012803353522816295,0.12366418757555123,0.0012728594077040247
seq_pos,5,22,0.000315106221068655,0.0005010713344169163,0.0002310667445093636,0.0007292979974257725,0.034412660570671626,0.0007321380789262799
seq_pos,5,23,0.0005716445095799689,0.0007198742390319089,0.00033268569207998863,0.0007991737547520437,0.1580059057130323,0.0010525599311118974
seq_pos,5,24,0.00015885904277278804,0.010721533773016852,0.006910457481818412,0.010684739943498882,0.04389330156750186,0.017631991254835264
seq_pos,5,25,0.0008613489011343566,0.011945172403541406,0.007718149306103858,0.011090220022341954,0.0564804916342189,0.019663321709645264
seq_pos,5,26,0.00017778741301626366,0.010472128348108513,0.005825521316648397,0.010029283410111478,0.010413743998218445,0.01629764966475691
seq_pos,5,27,0.004988435306727484,0.01200683897875137,0.006552296403002413,0.0117277656335796,0.034373685389772646,0.018559135381753782
seq_pos,5,28,0.0014350194849877926,0.0073868377399097665,0.0012119417068306999,0.006261828865435845,0.07919941645611846,0.008598779446740467
seq_pos,5,29,0.0028552429764435567,0.009444345123698057,0.004408787518466095,0.008702305921045433,0.07411262676411477,0.013853132642164152
seq_pos,5,30,0.0007798560241180174,0.002755821866260623,0.000979140948097028,0.0023342820060907733,0.15051437634313292,0.0037349628143576513
seq_pos,5,31,0.0034396430503634426,0.008270121613966206,0.003406931328521575,0.007289966057599489,0.11521552898804113,0.01167705294248778
seq_pos,6,0,0.20693879364558157,0.012174078471611468,0.004174786995565295,0.010976343846250897,0.021794254065757603,0.016348865467176763
seq_pos,6,1,0.017295350013315294,0.0006081816376871405,0.0017361415063882647,0.0004925108305811779,0.25347725448463027,0.002344323144075405
seq_pos,6,2,0.003919148835404048,0.014490492521900869,0.006429664693836032,0.013675167472610725,0.026825741261228334,0.020920157215736902
seq_pos,6,3,0.057601433289272,0.012854572517835101,0.0054434993362872785,0.013139844188528293,0.05268408573625737,0.01829807185412238
seq_pos,6,4,0.0007513626085788853,0.0028047677643807493,0.0005201758588081048,0.0026709002854195083,0.11191116840488759,0.003324943623188854
seq_pos,6,5,0.0007618614071559064,0.0021156275652319313,0.000537368474263945,0.00217081296904422,0.1367314753490285,0.0026529960394958765
seq_pos,6,6,0.0010732746794858549,0.001785799744801114,0.0009846034820005878,0.0020817699071833604,0.1345686563147884,0.002770403226801702
seq_pos,6,7,0.0011859065427970953,0.0016859551349959051,0.003668265012940645,0.0018290119404068403,0.1444677699485685,0.00535422014793655
seq_pos,6,8,0.0022660767843131484,0.007649286154050379,0.0038330833936262108,0.007402341477940736,0.021480941822019622,0.01148236954767659
seq_pos,6,9,0.007182688439881474,0.011039583889095452,0.00584020858081069,0.010654368165995949,0.025715691789729166,0.016879792469906143
seq_pos,6,10,0.005609467664335704,0.009013655238149072,0.004543089353499288,0.008341016119777403,0.021318994040466895,0.013556744591648361
seq_pos,6,11,0.03950390335841586,0.00545302384981307,0.005198548948168032,0.0050349233624593604,0.003035676597041479,0.010651572797981103
seq_pos,6,12,0.001514317495879073,0.0013182758071817807,0.001128630718758671,0.0015899353458504318,0.017998313689054288,0.0024469065259404513
seq_pos,6,13,0.0002639326967896528,0.002625985258521353,0.0006945789390753858,0.0021880913623259384,0.06978513627454558,0.003320564197596739
seq_pos,6,14,0.020769571413432997,0.00379847082256672,0.00027493552236886986,0.004016346815201102,0.13760406240400153,0.0040734063449355895
seq_pos,6,15,0.0003387245110665391,0.0008134956988019628,0.00045530021541684003,0.0010952915013528212,0.21813429130872697,0.0012687959142188027
seq_pos,6,16,0.002716464004544685,0.00705350956882944,0.004784474118049525,0.0057267049518177505,0.06086139341956012,0.011837983686878965
seq_pos,6,17,0.001350543016970168,0.0037893821415487367,0.0018152409676309477,0.003569182175636374,0.11494145062154364,0.005604623109179684
seq_pos,6,18,0.009762073304486732,0.02668021672234138,0.013121078203522764,0.02445693216764925,0.01401244347830197,0.03980129492586414
seq_pos,6,19,0.008815266335214959,0.019839144612068985,0.00790695711084984,0.016800231378536465,0.040030115505200664,0.027746101722918824
seq_pos,6,20,0.002037677678371372,0.0007055362271267269,0.002680595064006272,0.0004995194764344176,0.11725837585935554,0.003386131291132999
seq_pos,6,21,0.021444176813975046,0.0037465871784564384,0.001136402728733933,0.0035330109748645403,0.005909013609817613,0.004882989907190371
seq_pos,6,22,0.0008055768944497292,0.0034930736688606953,0.0008166548740341369,0.00331186315907198,0.06672133589749028,0.004309728542894832
seq_pos,6,23,0.002697998350339355,0.0035932294065486037,0.0005615669908090748,0.003646308419073803,0.008794355698067953,0.0041547963973576785
seq_pos,6,24,0.008782405901178214,0.014970212467576197,0.009066874514661875,0.014144243017837945,0.07374209026189316,0.02403708698223807
seq_pos,6,25,0.17777085217532554,0.010630638992148339,0.011740857531040231,0.009348942051102337,0.13585039905632015,0.02237149652318857
seq_pos,6,26,0.0028787086736014,0.015049088936671421,0.008254903545624128,0.014700068358674571,0.06282295479469689,0.02330399248229555
seq_pos,6,27,0.11019279216328258,0.014496556935722526,0.008279912335071865,0.014748369678971095,0.06598019215834733,0.02277646927079439
seq_pos,6,28,0.0012486565108937736,0.017562817436930587,0.007421355189266102,0.016693780373890976,0.02959017160548797,0.02498417262619669
seq_pos,6,29,0.0013032721550114003,0.004722643833979771,0.0015093560377192337,0.0046540263536256005,0.07859175295675315,0.006231999871699005
seq_pos,6,30,0.0025028825508294768,0.02047432792593531,0.010181774346394409,0.018373486984546317,0.01775092616478533,0.03065610227232972
seq_pos,6,31,0.002156883230371242,0.017387306960723894,0.00851077279122764,0.018275734561786026,0.036667433434252966,0.025898079751951533
seq_pos,7,0,0.05751032939139755,0.0024178492151511804,0.004910478120285449,0.0026546261163140302,0.028516860927553372,0.00732832733543663
seq_pos,7,1,0.02400024400186068,0.039166407714822604,0.04330923948382125,0.035169881199212785,0.011167850028533117,0.08247564719864386
seq_pos,7,2,0.042961704406791146,0.040469566664372784,0.021835425068141474,0.03658238271689799,0.01245369775733439,0.06230499173251426
seq_pos,7,3,0.020342516905303722,0.0023296869092274226,0.007125310110670018,0.0017310200898254557,0.05748667734325521,0.009454997019897441
seq_pos,7,4,0.0021006922859801136,0.0008749019476542662,0.0011881246437506889,0.0006159260254704971,0.08850581315987324,0.0020630265914049553
seq_pos,7,5,0.06391305558379592,0.008040007036685861,0.006527693488869204,0.007801194300834091,0.04497407091029405,0.014567700525555064
seq_pos,7,6,0.003286342833642218,0.010202597718954954,0.006943163994835874,0.00888450721221678,0.05592637596480586,0.017145761713790827
seq_pos,7,7,0.1312738534546427,0.006969894040050073,0.006537813919783671,0.006725725574425678,0.04012322595167796,0.013507707959833744
seq_pos,7,8,0.0010016700815910816,0.0010884257932686422,0.0008125445643682197,0.0010693871864470496,0.10876789754626037,0.001900970357636862
seq_pos,7,9,0.0011255455421302876,0.0009191923402282078,0.0010318534534889802,0.0009613153030239232,0.08182752555729549,0.001951045793717188
seq_pos,7,10,0.001440100802894938,0.0017346891594081783,0.0009184175288885775,0.0018013526749904123,0.06907593941700928,0.0026531066882967557
seq_pos,7,11,0.001248927373634598,0.0017785777588062428,0.0008209928000342923,0.0017152321740285417,0.10134056513548599,0.0025995705588405353
seq_pos,7,12,0.3438663608214687,0.0008184936774545167,0.0008464321796100722,0.0005356647350408993,0.0382837543821244,0.0016649258570645888
seq_pos,7,13,0.005909287514480916,0.01036630749764402,0.005786024303756759,0.009672316442674973,0.015015633746777708,0.016152331801400778
seq_pos,7,14,0.0006218454517422816,0.002311627842742732,0.0003873585819650849,0.004399526130589377,0.017573544001550374,0.002698986424707817
seq_pos,7,15,1.7778663969023268e-05,1.609565771386355e-05,1.4857424947562394e-05,7.897848727188975e-06,0.07249631209367692,3.095308266142594e-05
seq_pos,7,16,0.005148906053589015,0.0017210161502163475,0.001808425153786484,0.0017104996460243587,0.035331253986434635,0.0035294413040028315
seq_pos,7,17,0.014429615416560659,0.004842332366349977,0.004930417954395161,0.0047623052065116,0.06106085143757511,0.009772750320745139
seq_pos,7,18,0.006088908109346089,0.00448085859910921,0.0021147424574227054,0.0038906171357798946,0.05153785056678009,0.006595601056531916
seq_pos,7,19,0.009045644513081786,0.005232863661199266,0.0040804624877561636,0.005259646914890315,0.05705843726745743,0.00931332614895543
seq_pos,7,20,0.001118376085761513,0.00010906427013937034,8.326424335779856e-05,9.135568455421757e-05,0.0023227631426262275,0.0001923285134971689
seq_pos,7,21,0.0016390658552386866,0.0002527960275893358,0.00012874752560573333,0.0001667763827481221,0.0008584386489223241,0.0003815435531950691
seq_pos,7,22,8.05657607543647e-07,8.87318449450409e-07,9.258939256720524e-07,1.0060262417636273e-06,0.0004197898497180676,1.8132123751224614e-06
seq_pos,7,23,0.00026732233152756263,0.00044664147535973645,0.0003139024747836617,0.00045384119737299026,0.007439295949874791,0.0007605439501433981
seq_pos,7,24,0.0008956892959542525,0.0008827655650539785,0.0007074758624691866,0.0009051335063402727,0.11829384084014655,0.0015902414275231651
seq_pos,7,25,0.0008009197046825714,0.005399676918384625,0.000625184038452315,0.00300728111411223,0.12854129851390972,0.00602486095683694
seq_pos,7,26,0.14157501225989386,0.002802792561646869,0.00423848849946945,0.0027120314395223276,0.06763992213756853,0.0070412810611163185
seq_pos,7,27,0.001072650116466782,0.0005257310290596172,0.00016126264126740025,0.0003146867726108509,0.018714692013197212,0.0006869936703270175
seq_pos,7,28,0.0019632341305015613,0.004593271363985388,0.0012982415018266684,0.004732096198318365,0.18181735854328102,0.005891512865812056
seq_pos,7,29,0.0019279300557375574,0.0007070608871990404,0.0002600251663609805,0.0007582771558448139,0.07703547541322482,0.0009670860535600208
seq_pos,7,30,0.00368790884747283,0.005860465322068633,0.0024102892195581667,0.005832616365618749,0.09732437183347749,0.008270754541626799
seq_pos,7,31,0.0013368220510380367,0.0038953277147066112,0.0008754197546169124,0.0037091199444791133,0.17886754162654747,0.004770747469323523
seq_pos,8,0,0.01198493502033907,0.03214958646197098,0.015134163483494638,0.029213775408117235,0.018905769492195114,0.04728374994546562
seq_pos,8,1,0.0015778110533431315,0.01924586116431306,0.011604912872023709,0.01856848707484885,0.04250561020185562,0.030850774036336768
seq_pos,8,2,0.0060065490791047236,0.021803391324612703,0.007906496184094823,0.020063452346474008,0.022296466014630124,0.029709887508707525
seq_pos,8,3,0.005724967610127753,0.023223899626223895,0.006232546382691281,0.021498565014697598,0.03284049814667959,0.029456446008915175
seq_pos,8,4,2.536720996095029e-05,0.0008100421604613756,2.884901417559666e-05,0.0007407109859847494,0.02971740754373809,0.0008388911746369722
seq_pos,8,5,6.383014671158781e-06,0.0004977901138219432,1.1971955988168162e-05,0.0004589669554831972,0.03211595279885891,0.0005097620698101113
seq_pos,8,6,6.276821181238266e-06,0.00044733153360257134,1.3552657991587062e-05,0.0004509896505866042,0.031683304147540274,0.0004608841915941584
seq_pos,8,7,5.280325902001918e-06,0.0004447518213718701,1.2010836958823567e-05,0.0004298012324868755,0.03309811873430192,0.00045676265833069366
seq_pos,8,8,0.04078809244059079,0.002987517014587233,0.005150216302651994,0.000954446492359499,0.06980837781157131,0.008137733317239227
seq_pos,8,9,0.15452705461273114,0.03599630359469264,0.006495901602053382,0.01224705765322922,0.07340315411249025,0.04249220519674603
seq_pos,8,10,0.01995825160423185,0.5887114080299894,0.007994713701492328,0.0774621343191422,0.012215756221885556,0.5967061217314817
seq_pos,8,11,0.0025885538616689224,0.0030374161585476254,0.0022003832896701925,0.0025729946695331393,0.05655661922754168,0.005237799448217818
seq_pos,8,12,0.003228372489788618,0.00572575732779094,0.0014886536864377009,0.005167040877752735,0.036311210223960645,0.007214411014228641
seq_pos,8,13,0.0014221011952182646,0.0030364271065566437,0.0006122995944261014,0.002868740207170585,0.03446474641938361,0.003648726700982745
seq_pos,8,14,0.0023319988942076095,0.005073481377955638,0.0013658033305430318,0.005189932675000681,0.03517092548332697,0.0064392847084986694
seq_pos,8,15,0.003061510786406403,0.0038763412090349753,0.001086708450573436,0.0037669384993694074,0.03768367542667941,0.004963049659608411
seq_pos,8,16,0.0032327702462869356,0.004474498092787488,0.0026181796415620717,0.003983871157900745,0.05191537112684199,0.00709267773434956
seq_pos,8,17,0.004364636185758555,0.0048500116189844,0.004092262730985834,0.004629954388540992,0.043706817022337155,0.008942274349970233
seq_pos,8,18,0.002934457851348294,0.004092406151758495,0.0023102807705435,0.004030859482757103,0.05541149689836104,0.0064026869223019955
seq_pos,8,19,0.0035221414553753615,0.0050615526331827705,0.0029600883261203022,0.00508564880975049,0.045867825760371385,0.008021640959303073
seq_pos,8,20,0.0005263980915558601,0.00042347507394828313,0.00013549061804731075,0.0005408166869816614,0.0732643973903765,0.0005589656919955939
seq_pos,8,21,0.00010267468519404301,0.0013641869972261381,5.27817882576797e-05,0.0011598196776966773,0.06054843907213368,0.0014169687854838177
seq_pos,8,22,2.858766373414685e-05,0.0001915733118778846,1.0311886356930897e-05,0.00020113046863902778,0.036923325084512494,0.0002018851982348155
seq_pos,8,23,0.022558452805096697,0.00632648085589717,0.04009436908512456,0.006103071083585579,0.04018717045059614,0.046420849941021726
seq_pos,8,24,0.0072770298570110584,0.013817223357757827,0.005590256260314021,0.013733397194237761,0.031051816796587427,0.01940747961807185
seq_pos,8,25,0.005200779625928817,0.005105940200789806,0.001530336077676248,0.004014526529822589,0.1440213558765955,0.006636276278466054
seq_pos,8,26,0.0011083563867483397,0.0021881319643120077,0.002101960676021599,0.002233974311662757,0.10988443124527619,0.004290092640333606
seq_pos,8,27,0.0028838290641445357,0.0021012413497609613,0.0005509736719442038,0.002091926082300186,0.137935187774082,0.002652215021705165
seq_pos,8,28,0.002933494035569506,0.005954631967394227,0.0007168525233335642,0.005365347286123926,0.01655032996926505,0.006671484490727792
seq_pos,8,29,0.016092733206914983,0.015564121160105776,0.0036539713638030777,0.015465298992456317,0.028610757539988017,0.019218092523908853
seq_pos,8,30,0.003184718563675199,0.006542940848459719,0.0012710948642320698,0.0057331406840950986,0.07492903979176069,0.007814035712691788
seq_pos,8,31,0.005247806511056623,0.0033326219840250455,0.0007913902030233988,0.003718422564150204,0.04235843684548174,0.004124012187048444
seq_pos,9,0,0.055780918577938585,0.009662253850877088,0.002772221356893606,0.009356846940304735,0.026534381698285935,0.012434475207770693
seq_pos,9,1,8.443026631946644e-05,0.0005995526367134762,4.0201989839635255e-05,0.0004089247579232217,0.007848943392821167,0.0006397546265531115
seq_pos,9,2,0.0724869881224719,0.009749886937143896,0.0007005501667574169,0.010178319393566322,0.026451024194740866,0.010450437103901313
seq_pos,9,3,0.11158423900356454,0.0020436644863879973,0.001448181575099992,0.0017799204817145326,0.02561013243876936,0.003491846061487989
seq_pos,9,4,0.015421617760023086,0.0046637500569330186,0.0034460898972086245,0.004429109914658409,0.024223081825635637,0.008109839954141643
seq_pos,9,5,0.007921796726350372,0.010446126242557845,0.003226576542371112,0.010564562457904192,0.0406735830903363,0.013672702784928957
seq_pos,9,6,0.028307767709784586,0.01705512268671683,0.013877776266693058,0.0163418346770442,0.01153328082971591,0.03093289895340989
seq_pos,9,7,0.00861565188727221,0.028878059995126912,0.006658300006284305,0.026092557586624987,0.03067950485443586,0.03553636000141122
seq_pos,9,8,0.01998617697398088,0.011362483776898023,0.002668336893354568,0.012417524025714027,0.010738924039870102,0.01403082067025259
seq_pos,9,9,0.05554343137174468,0.011157647547018956,0.002055692642787786,0.01162292141446038,0.010176616381591183,0.013213340189806742
seq_pos,9,10,0.0024074658857316175,0.0008150073574627166,0.0011696785316710123,0.0007860741240714341,0.21764275851333117,0.001984685889133729
seq_pos,9,11,0.004568877231304513,0.0066061090931577695,0.0037434872155294413,0.006377358732284633,0.04296822682547028,0.01034959630868721
seq_pos,9,12,0.0006796816983736927,0.0016130762438973996,0.00011662158864378806,0.0017036096038509443,0.034938794249536755,0.0017296978325411878
seq_pos,9,13,0.0003488604356846941,0.0002907051927612205,4.1532178328574355e-05,0.00038789514895536944,0.04576987594949421,0.00033223737108979484
seq_pos,9,14,0.00032527460775547996,0.0008729664073563647,6.895245077233989e-05,0.001054554248463234,0.040224810520491275,0.0009419188581287045
seq_pos,9,15,0.000248069154953969,0.0010348163634182448,6.417264620953047e-05,0.0012203789453727005,0.029341426441662443,0.0010989890096277752
seq_pos,9,16,0.000538414421949646,0.0021492504803039534,0.0006010380141061492,0.002145139318848119,0.0920740210491678,0.0027502884944101027
seq_pos,9,17,0.0007040968273533872,0.0020552085266975603,0.0005679110795254313,0.0023380777936202286,0.09099426381864271,0.0026231196062229917
seq_pos,9,18,5.1122505904465565e-06,3.255155908191316e-05,4.346895389326295e-06,3.7626256661645444e-05,0.0022843448619753325,3.6898454471239455e-05
seq_pos,9,19,0.0006071868170780015,0.0019135796902973897,0.0006001852975444241,0.002096008004131215,0.10051856477897006,0.002513764987841814
seq_pos,9,20,0.004885233772207789,0.016025337399797095,0.004560696367331194,0.016305814907742026,0.029664054190329903,0.020586033767128288
seq_pos,9,21,0.03659757980539628,0.013000777580080176,0.003014241205681636,0.013028689548334504,0.03988235008772337,0.016015018785761812
seq_pos,9,22,0.01510905133321218,0.002420809985280925,0.0016191120646802347,0.002429360706761167,0.027247608255187787,0.00403992204996116
seq_pos,9,23,0.000954332337023459,0.000955851797305503,0.0007438848752424536,0.000902230012629529,0.07117667232046254,0.0016997366725479566
seq_pos,9,24,0.0023232734577093715,0.015301730218553964,0.008454805196477618,0.014946919843804871,0.022256830939176114,0.02375653541503158
seq_pos,9,25,0.015101000235561025,0.012263690456864162,0.0038836959090613626,0.011883790852724938,0.0726367296925579,0.016147386365925526
seq_pos,9,26,0.014338277684285573,0.012050468732099402,0.0044221086816359865,0.0117393315571465,0.06187076376976596,0.01647257741373539
seq_pos,9,27,0.0020690074226956587,0.014206350520808136,0.0058101289362752955,0.013612378640953764,0.04364011929061205,0.02001647945708343
seq_pos,9,28,1.1523230113871405e-06,0.0007083337955988612,9.23389813295244e-06,0.0006843190630531675,0.03047100617570479,0.0007175676937318136
seq_pos,9,29,1.2898876590467178e-06,0.0007567066946414569,1.0175082340501818e-05,0.000718549927691746,0.03034509803855231,0.0007668817769819587
seq_pos,9,30,1.015646953836192e-06,0.0007141334034222448,9.945736766484141e-06,0.0006779801986483051,0.030646975193654728,0.0007240791401887289
seq_pos,9,31,1.2239595688986367e-06,0.000716585522040366,9.68546125482156e-06,0.0006940071254054905,0.0306822979819851,0.0007262709832951876
seq_pos,10,0,0.010810688176725841,0.003197561077697426,0.00980929561861462,0.0032303860256499687,0.04324455532151286,0.013006856696312047
seq_pos,10,1,0.0005670247185525542,0.008821725143255528,0.0006637214174019532,0.008813612572184142,0.030497776538975088,0.00948544656065748
seq_pos,10,2,0.002543472425995058,0.0015449154455451563,0.002420094146196586,0.0015308189935170447,0.08983931218485433,0.003965009591741743
seq_pos,10,3,0.008499213238016853,0.00042697914537102394,0.971993289579454,2.1029836192492203e-05,3.621955114232385e-05,0.972420268724825
seq_pos,10,4,0.04834009253460428,0.006920360267503039,0.008175416110851685,0.006549588774511435,0.012451248195376612,0.015095776378354724
seq_pos,10,5,0.011136157372661507,0.005350731283545019,0.00215204797005005,0.0052187031235951765,0.018371544284050745,0.00750277925359507
seq_pos,10,6,0.021769576111513842,0.006100013808239359,0.0053555662392867865,0.006404927341442019,0.014897584626068798,0.011455580047526146
seq_pos,10,7,0.13350599385745063,0.005038184019426075,0.009363863944346542,0.004858398187641624,0.008827979119051562,0.014402047963772617
seq_pos,10,8,0.006637342257411315,0.005980506237346544,0.00452205051938851,0.0058522272436246706,0.07023841472013187,0.010502556756735055
seq_pos,10,9,0.0010662840718973577,0.0017051591878124814,0.0016753551566825878,0.0018093753641572256,0.06883035696463467,0.003380514344495069
seq_pos,10,10,0.0018430597939483838,0.0018328858654647318,0.0019087549792652669,0.0017502849991598679,0.04719423723245605,0.0037416408447299987
seq_pos,10,11,8.841155733497653e-07,3.270150094765576e-05,2.750012397254878e-06,4.4829758653982186e-05,0.0016071464219168487,3.545151334491064e-05
seq_pos,10,12,0.0009570784857775709,0.00046771137592657464,0.0005377066393782769,0.0004788019581299895,0.0023947542582643563,0.0010054180153048515
seq_pos,10,13,0.013029262880384458,0.017331399559128043,0.009617339629307583,0.01930246199517487,0.04431427956123028,0.026948739188435628
seq_pos,10,14,0.0017892369029634688,0.000871652713706583,0.001069224472632756,0.0009097198116992017,0.005381642491859186,0.001940877186339339
seq_pos,10,15,0.011862195139015524,0.49746201113937594,0.014052912574819608,0.017098692081715067,0.06287856063168776,0.5115149237141955
seq_pos,10,16,0.010308031603841089,0.002794947963683543,0.005635151123021765,0.0026318717153609654,0.01081966754986677,0.008430099086705308
seq_pos,10,17,2.6883864541481275e-05,0.0005770273585367425,2.482189926851677e-05,0.0007855779183720378,0.026064123414365214,0.0006018492578052593
seq_pos,10,18,0.0038926372975343314,0.001911087562074369,0.000908589572948206,0.0019000205654175343,0.02663598158899304,0.002819677135022575
seq_pos,10,19,0.007011903399882605,0.003348293966051819,0.002065769353648849,0.0030182075163902203,0.02554902100344165,0.005414063319700668
seq_pos,10,20,2.087221061302681e-05,0.00023046879895727082,2.3519241712598955e-05,0.0002510921260744989,0.009077963539122214,0.0002539880406698698
seq_pos,10,21,2.0364679414866062e-05,0.00027418398844727027,2.5720237801069253e-05,0.00033113256835057834,0.008104600217506334,0.00029990422624833954
seq_pos,10,22,2.1733312707709912e-05,0.0003082746194271287,2.702315774014313e-05,0.0003599752435677183,0.010960255795823584,0.00033529777716727186
seq_pos,10,23,1.3390858449953645e-05,0.000156398970364657,2.0550619366372424e-05,0.00025186305943080854,0.006184152996810578,0.00017694958973102945
seq_pos,10,24,0.022732851638675004,0.006608916169412211,0.0008797884508825435,0.006179004004194483,0.09151848932289693,0.0074887046202947545
seq_pos,10,25,0.0011829816110828359,0.0035168921257787535,0.0002753814727857789,0.003483592276554184,0.08982907715980296,0.0037922735985645322
seq_pos,10,26,0.014513859731494792,0.008470482580917415,0.0008774038288718428,0.008299809486763163,0.0746967141227253,0.009347886409789258
seq_pos,10,27,0.00350065290587171,0.008462233351769077,0.0011940022239068878,0.008080164027052984,0.054910651530258044,0.009656235575675964
seq_pos,10,28,8.550549519102954e-06,0.00010041345810079191,5.073544169674023e-06,0.00011950228898870704,0.022257566823716515,0.00010548700227046593
seq_pos,10,29,0.0005602513336867388,0.0007062063392889928,6.748188766796854e-05,0.0007187378286757834,0.038957423691358885,0.0007736882269569613
seq_pos,10,30,0.0016864384238174381,0.0037443962921907105,0.0005339391803165335,0.003581227348475652,0.03353761424849811,0.004278335472507244
seq_pos,10,31,0.004272203789867438,0.0037857769123297432,0.0006486555626275489,0.0037063936798572127,0.05267076262687658,0.0044344324749572925
seq_pos,11,0,0.0001047669822214955,0.0007739824541500323,0.00013670101587588175,0.0001544930004054497,0.008507566354560951,0.000910683470025914
seq_pos,11,1,0.00208025453420233,0.01218410682661703,0.0031569411627407526,0.0014566978300627525,0.03340480770743453,0.015341047989357783
seq_pos,11,2,0.0005457519877701352,0.012176497813095445,0.0021601089316865673,0.0007510868996696663,0.016091189804883305,0.014336606744782012
seq_pos,11,3,0.006907392297731866,0.006268660458043236,0.002955222582044788,0.005155281251996224,0.032130432525375736,0.009223883040088024
seq_pos,11,4,0.03396055848309801,0.0021414907257787776,0.0037082423995318825,0.002523942850046176,0.0372347862287264,0.0058497331253106605
seq_pos,11,5,0.0013906410573446915,0.0010437762667066031,0.0016828189684162309,0.0007742351811865102,0.008115635697936219,0.002726595235122834
seq_pos,11,6,0.012775740445062852,0.000948684180028596,0.001961325326082344,0.0015166094212067018,0.014358691815670826,0.0029100095061109403
seq_pos,11,7,0.0028013645745678336,0.0013551454201905955,0.0026401480107792284,0.0009250881048085556,0.0358324624132123,0.003995293430969824
seq_pos,11,8,0.013404609713875687,0.0035810661227125323,0.22137316702640017,0.003303581675478765,0.015275013750354813,0.2249542331491127
seq_pos,11,9,0.007215403713429178,0.002197389717885078,0.14447804495096,0.0019934951185292186,0.005998964390638237,0.14667543466884508
seq_pos,11,10,0.006973834461507528,0.002091014290235907,0.11680902799576258,0.0019120312730299214,0.1251032776587265,0.11890004228599849
seq_pos,11,11,0.0030330344505457084,0.0017478050566950311,0.05489589963363193,0.0017718466722467588,0.007109423805394082,0.05664370469032696
seq_pos,11,12,0.0033995023614485135,0.0009810484825749136,0.025657468998574642,0.0012077267689699113,0.0017646271332120143,0.026638517481149555
seq_pos,11,13,0.0052281925511199106,0.0010219106452935452,0.05842493849529172,0.0011614840829390991,0.08615892292328647,0.05944684914058526
seq_pos,11,14,0.003711280356024655,0.0010112192931527098,0.04781310521253324,0.0011529603709427877,0.005497448658707773,0.048824324505685954
seq_pos,11,15,0.006977704605134422,0.0014905989293971177,0.07954546336840246,0.0015637805479229085,0.013130869255019663,0.08103606229779958
seq_pos,11,16,8.935643856775189e-06,0.0002367730340688889,3.240682348964206e-05,0.0004221578053620294,0.04663030167458562,0.00026917985755853095
seq_pos,11,17,9.66335022081546e-06,0.0011721451500765934,6.109071471621911e-06,0.0016049712447221453,0.0516409068633753,0.0011782542215482152
seq_pos,11,18,7.047331104290258e-05,0.0008218262958274688,7.521620848023012e-05,0.0006419641152734094,0.1350671393855201,0.0008970425043076989
seq_pos,11,19,3.4279616084101044e-08,2.5055118954712877e-05,6.229618522335157e-06,2.89135428476887e-05,0.2456968470377999,3.128473747704804e-05
seq_pos,11,20,0.00693552699098136,0.0016455450184771037,0.14784175742958977,0.0013741439335188874,0.059101762214897206,0.14948730244806688
seq_pos,11,21,0.01746879853843796,0.003119145803800101,0.29103415730547577,0.0025909083741966284,0.00813547627012754,0.2941533031092759
seq_pos,11,22,0.007017996186052062,0.0014242615202942237,0.10973463499543987,0.001173151415967454,0.010976221374347844,0.11115889651573409
seq_pos,11,23,0.006486624133415493,0.0017385420865540114,0.14155123119397198,0.0013494022782952,0.004516754203253224,0.143289773280526
seq_pos,11,24,0.0002835541595758897,0.9403201601605636,0.00015536194614628542,0.010349727763102123,0.003219450354348967,0.9404755221067099
seq_pos,11,25,0.008942069533212789,0.0019387393627137012,0.009453642126718056,0.0020805440937318445,0.04939660120728977,0.011392381489431757
seq_pos,11,26,0.024477289389143283,0.011573703495939497,0.02251543974764897,0.009265938603070628,0.009450826739058964,0.034089143243588464
seq_pos,11,27,0.014563653490974113,0.01255756359506723,0.015348541660199808,0.013142875631409378,0.06593372907296595,0.027906105255267037
seq_pos,11,28,0.0006434527923840698,0.0016251701158893268,0.0005228670477536735,0.001683550477853871,0.026052817260911347,0.0021480371636430004
seq_pos,11,29,7.60483210424028e-05,8.695779270519112e-05,6.92698870627921e-05,8.003964549759408e-05,0.011177467469757731,0.00015622767976798322
seq_pos,11,30,0.000382424687597918,0.0007103144672111892,0.0003245815140431208,0.0005761643340264246,0.025308402514263598,0.00103489598125431
seq_pos,11,31,5.163550915713742e-05,6.206591497276222e-05,4.6512831767794165e-05,6.259106652623711e-05,0.009677097327825249,0.0001085787467405564
seq_pos,12,0,2.612685730250734e-05,0.0003557561016074504,5.2454890807512705e-05,0.00025311994780788757,0.037001011463709106,0.00040821099241496314
seq_pos,12,1,4.836681828295779e-05,0.00022213086685904303,2.4622558175203665e-05,0.0001923281510024824,0.034053359270384914,0.0002467534250342467
seq_pos,12,2,3.921876347462603e-05,2.4988011823392463e-05,2.2054680016697763e-05,2.6310190432036297e-05,0.002024519088341379,4.704269184009022e-05
seq_pos,12,3,4.627670086168492e-05,0.00016201411904830072,1.665058762305196e-05,4.9531770941555993e-05,0.009018757986316189,0.00017866470667135268
seq_pos,12,4,7.952106716496867e-05,0.0004012948729674737,7.140912059836493e-05,0.00021735497048744478,0.022656723054178495,0.00047270399356583864
seq_pos,12,5,6.10542436037261e-05,0.00038641681528454863,2.760173717090044e-05,0.00020926356897669237,0.011036061753273506,0.00041401855245544906
seq_pos,12,6,0.00013831935275430575,0.0004287056257716296,4.679519149463346e-05,0.00020379004924173024,0.00591863159825272,0.00047550081726626303
seq_pos,12,7,0.00016864382800778897,0.00027233632302394714,3.656948684791686e-05,0.0002004538143107533,0.09683770041479801,0.000308905809871864
seq_pos,12,8,0.0006958662677300094,0.0002106232247587178,6.75385379790324e-05,0.00033875860105415944,0.016497816883379885,0.0002781617627377502
seq_pos,12,9,0.0002676700537892989,0.001415981745443207,0.00024529600542741404,0.0010946140754125818,0.011524660591853671,0.001661277750870621
seq_pos,12,10,0.0003702274325892404,0.00011782592670498688,3.93645524259214e-05,0.00016470302429347688,0.0018072191689717755,0.00015719047913090827
seq_pos,12,11,0.000563008413260821,0.00014326023663851183,5.544332135283199e-05,0.00021368291818809617,0.0024598594474230817,0.00019870355799134383
seq_pos,12,12,0.00017154937609707526,0.0005972323638819211,0.0001418490794279351,0.0005369343950237163,0.14336426584761497,0.0007390814433098562
seq_pos,12,13,0.00013975722777529603,0.0005302072583173273,0.0001255574783127353,0.0003245096178117171,0.009858273972511787,0.0006557647366300626
seq_pos,12,14,0.00018458945827360855,0.0005639173218226404,0.00012517682323934053,0.00044435083287934713,0.011576287609730068,0.000689094145061981
seq_pos,12,15,0.00012980790209640112,0.0005987258781268406,0.00014852831682531337,0.0004630531465885401,0.1179770557714793,0.000747254194952154
seq_pos,12,16,0.001372765585142592,0.0010584624335440815,0.00045443975401981935,0.0010925921971724018,0.10601810869632881,0.0015129021875639008
seq_pos,12,17,0.0004665523111851195,0.002332063831573505,0.0010254194480221006,0.0021719873705212584,0.11962972562027704,0.003357483279595606
seq_pos,12,18,0.00038823464983116294,0.0012599184280579206,0.00025724411002998643,0.0005574302524250797,0.11333191351442058,0.001517162538087907
seq_pos,12,19,0.0010433199886595915,0.0020720507054565974,0.0009896748688116492,0.0018683766835528397,0.16687682280812213,0.0030617255742682466
seq_pos,12,20,8.684144029966492e-05,0.0006331489375449954,7.844275327729441e-05,0.00039743475852156354,0.05833275743937463,0.0007115916908222898
seq_pos,12,21,0.00021463636382794784,0.00040804144629371985,5.73281944378831e-05,0.00025653555600797616,0.005678533908917341,0.00046536964073160296
seq_pos,12,22,0.02621199097435953,0.021244500572545552,0.0010466353382825562,0.0032166873956498915,0.06116642754556566,0.022291135910828107
seq_pos,12,23,7.556165680166662e-05,0.0005658670883027557,6.0718571588141487e-05,0.00024435973472773214,0.014022751158452128,0.0006265856598908972
seq_pos,12,24,0.00017925343178916016,0.00015158821481333105,0.0001811504482748024,0.00014139167421119747,0.06201727725223427,0.00033273866308813346
seq_pos,12,25,0.002641425148445049,0.0021997227704692256,0.0025229964959606974,0.0022987341025911003,0.18645490642728002,0.0047227192664299235
seq_pos,12,26,9.997858684113136e-05,0.00010794546360286459,4.527087939786019e-05,0.00011368259392638729,0.0537469911137549,0.0001532163430007248
seq_pos,12,27,0.0010754241390780025,0.0008492223852617828,0.00042731810613457426,0.0010494102710829271,0.22208706254296673,0.001276540491396357
seq_pos,12,28,9.173657899187184e-05,0.0003768863314857893,5.810623465416601e-05,0.00029417656077481466,0.1532472491202395,0.00043499256613995527
seq_pos,12,29,0.00011097305749859045,0.0004218054256808008,5.0914172095561354e-05,0.00028493364689855216,0.005557144883805207,0.0004727195977763622
seq_pos,12,30,9.360030640230273e-05,0.00046146382372352045,5.6329187434557074e-05,0.00022398598754135469,0.01943282347586133,0.0005177930111580775
seq_pos,12,31,8.955362389048391e-05,0.0003910625400884755,4.801716707197076e-05,0.00026205350368538745,0.009617317493094453,0.00043907970716044624
seq_pos,13,0,0.00040178858330958887,6.037175487749512e-05,0.00026879830922490696,0.0005347251810782624,0.04339258563016742,0.0003291700641024021
seq_pos,13,1,0.0005658327779467589,6.423201487784718e-05,0.00042753886426938543,0.0008252407066819574,0.0004903599865077666,0.0004917708791472326
seq_pos,13,2,0.00037530058452518483,7.276179714774639e-05,0.00020445038759866373,0.0004448474533423567,0.00031558874779633007,0.0002772121847464101
seq_pos,13,3,0.000733309378145721,7.931388136681519e-05,0.00023106295807732673,0.00046420092527491166,0.0006739278119873716,0.0003103768394441419
seq_pos,13,4,1.2774537123462888e-05,2.6493707005685594e-06,1.581768180127034e-05,2.4236022147428294e-06,0.06010837445902531,1.84670525018389e-05
seq_pos,13,5,5.66222083688856e-05,4.601927702253042e-05,5.17856200297763e-05,4.182507302699181e-05,0.09998020612861055,9.780489705230672e-05
seq_pos,13,6,3.318268469462703e-05,0.0006339430444696292,2.816856121516932e-05,0.000614181603125569,0.05271808431649485,0.0006621116056847986
seq_pos,13,7,0.013350604023612106,0.0005815749339115345,0.018411278910515482,0.0006392724617151584,0.02810927872927871,0.01899285384442702
seq_pos,13,8,0.0012631216227605606,0.0017633904168495537,0.00033129531765611875,0.00028332569564615403,0.1425530073363137,0.002094685734505672
seq_pos,13,9,0.01299597414572772,0.0013916571368878747,0.011333159138296085,0.0014341345294682794,0.0263689650048752,0.01272481627518396
seq_pos,13,10,3.379327039368723e-05,0.0005330051133006155,0.00010302067467632769,0.0007529563165487418,0.07290617696503389,0.0006360257879769433
seq_pos,13,11,0.014109945495475956,0.0022157322290801474,0.01300023243453295,0.0014653235374487356,0.027627900839058424,0.015215964663613097
seq_pos,13,12,0.00036427988527692264,0.0010114661373537457,0.0002773930261131549,9.426959294944527e-05,0.009305149559418788,0.0012888591634669007
seq_pos,13,13,5.3126776135647104e-05,0.00016634782642983034,9.400124044298562e-06,3.104318056602667e-05,0.0009624474892764122,0.0001757479504741289
seq_pos,13,14,7.449972182179956e-05,0.00023019527693397016,1.3416273460644654e-05,5.461951540600752e-05,0.011830427412059181,0.0002436115503946148
seq_pos,13,15,0.00010444676470790344,0.0002663940928196259,2.9918845937658786e-05,7.024089951860586e-05,0.005449821171346744,0.00029631293875728465
seq_pos,13,16,0.000148422689753506,0.0002982361658713278,2.4526007178044484e-05,4.1821467272623364e-05,0.0081213805924539,0.0003227621730493723
seq_pos,13,17,0.0005311546110831283,0.0010711953973808342,0.00028475894652069567,9.10409462841306e-05,0.007044405287150058,0.00135595434390153
seq_pos,13,18,0.00027547978353876184,0.0003228080087087606,4.4982662949876925e-05,6.815322076944706e-05,0.012203580509660233,0.0003677906716586375
seq_pos,13,19,0.00015039479902193852,0.00011579877214653718,1.8785446701161904e-05,6.151267830859988e-05,0.01375835691026152,0.0001345842188476991
seq_pos,13,20,0.004145083893797085,0.0018905469644075867,0.003419588751175902,0.0014319256975376976,0.009433488632722845,0.005310135715583489
seq_pos,13,21,0.0044350220490922635,0.0016318309788230633,0.0033138774125018072,0.0014820059488122393,0.7097421286322103,0.00494570839132487
seq_pos,13,22,0.004186015081182625,0.0017591385887417907,0.0034851234695970467,0.0014236217447589304,0.0069538414137586034,0.005244262058338838
seq_pos,13,23,0.0057457059275932585,0.0021235551223708626,0.003072578531605892,0.0019035566654317655,0.2137847112737907,0.005196133653976755
seq_pos,13,24,0.01448026540558982,0.001082031075966414,0.0014540212196306817,0.0004017750766317373,0.6467010165012504,0.002536052295597096
seq_pos,13,25,0.0006613150208661901,0.0004043819203071984,0.0001530862602821627,9.937731781611457e-05,0.7279419098614036,0.000557468180589361
seq_pos,13,26,0.002501828756351808,0.0017004601028872883,0.000908651344494908,0.0005733099931109907,0.565634247254359,0.0026091114473821963
seq_pos,13,27,0.015236994556510921,0.0008276045611510549,0.0014766301968141876,0.0003899791507508877,0.6656097327529218,0.0023042347579652423
seq_pos,13,28,0.00016263949917266383,0.00016479542833508848,7.95700866261182e-05,0.00013627501799249575,0.06420693594930739,0.0002443655149612067
seq_pos,13,29,0.0008815802968025373,0.0013819705148348667,0.0003214021384839931,0.0007517416544468961,0.049027432194413585,0.0017033726533188598
seq_pos,13,30,3.658489876041354e-05,0.00041254830369059556,6.089832950896434e-05,0.00016563926829406197,0.05533512498071572,0.00047344663319955993
seq_pos,13,31,0.000717210961693229,0.001857159136899852,0.0002167652740689966,0.0012987063080975817,0.050744798595191244,0.002073924410968849
seq_pos,14,0,0.0054651472363256405,2.9078781387766105e-06,3.363289552312115e-05,2.8311062028504767e-06,0.08617191655000243,3.654077366189776e-05
seq_pos,14,1,0.000627056043611208,7.306209933312786e-05,8.851446297807626e-05,4.159633674226971e-05,0.1109708161240906,0.00016157656231120414
seq_pos,14,2,4.923910249983539e-05,0.0015702247842255817,0.0001595644876406064,7.143468238224908e-05,0.08710552025931599,0.001729789271866188
seq_pos,14,3,0.006722434480165911,0.0004020640392630141,0.0002025916047036782,0.00011947505139285514,0.058708234529612525,0.0006046556439666923
seq_pos,14,4,5.869639497950464e-05,3.4977574614143635e-05,3.6886546527845866e-05,3.0193647037253942e-05,0.054949099158943374,7.18641211419895e-05
seq_pos,14,5,0.0024083932849102495,5.2184453840654165e-05,9.591796056466025e-05,3.644310669315614e-05,0.0999711689370025,0.00014810241440531443
seq_pos,14,6,0.00046904058505876337,0.00044678693494318923,0.00010420842989620997,8.995942414909079e-05,0.1378157691816802,0.0005509953648393992
seq_pos,14,7,0.00017970318977153014,7.643951830661794e-05,6.918808135269998e-05,3.5853565649739095e-05,0.05267917587462649,0.00014562759965931792
seq_pos,14,8,7.209503852513682e-05,0.0002905455537794699,5.2683486377508374e-05,0.00019499209057555834,0.09829813938877642,0.00034322904015697824
seq_pos,14,9,6.78267616765061e-05,0.00018838128675450986,3.765846089447534e-05,8.619318413100498e-05,0.097463579044048,0.0002260397476489852
seq_pos,14,10,8.831681400052229e-05,0.00014859798630364283,3.754032239196579e-05,9.048145416676843e-05,0.09450654307870421,0.00018613830869560862
seq_pos,14,11,9.423724628782305e-05,0.00045454080598762784,6.578337170781202e-05,0.0002436952724492717,0.10010994680415566,0.0005203241776954399
seq_pos,14,12,0.00020482116449019658,0.0003012963756983437,9.580256255101893e-05,0.0001880947165558992,0.11779013362311623,0.0003970989382493626
seq_pos,14,13,0.00023994874951255274,0.00020146961992604262,8.998163836230113e-05,0.00015952604408696146,0.11806981905936038,0.00029145125828834376
seq_pos,14,14,4.845666056235927e-05,0.0002968192814221606,5.098720862441928e-05,0.0001302706198687779,0.07424315137547635,0.0003478064900465799
seq_pos,14,15,7.1766367157937e-05,0.0003541042531680631,5.4920810922817695e-05,0.0001530160796088898,0.08753299366223963,0.0004090250640908808
seq_pos,14,16,0.0005895958883831754,0.0009977774023132103,0.0003854646845147202,0.0002055944856814427,0.06683444233426349,0.0013832420868279305
seq_pos,14,17,0.00015956221837869824,0.00028144582982144237,4.0139508064692364e-05,4.609087165900023e-05,0.017856207377944067,0.00032158533788613475
seq_pos,14,18,0.00019810381433372375,0.0002642434800846127,4.854017729334896e-05,9.32374169765127e-05,0.2520607849681437,0.00031278365737796165
seq_pos,14,19,0.00020807778594085212,0.0002444298584133557,2.7594726802753798e-05,3.204602414537876e-05,0.02303274628113734,0.0002720245852161095
seq_pos,14,20,0.003255040485979097,0.0011914613616852668,0.0013564829342744803,0.0007117257869555429,0.16191126712579032,0.002547944295959747
seq_pos,14,21,0.00015919909936890702,0.0002735798499952997,9.745965111163755e-05,0.00016074200452313603,0.04935249290287897,0.0003710395011069373
seq_pos,14,22,0.00037673145091225984,0.00015804187178343314,0.00011555906194821194,0.00015198203439669575,0.1814972774915961,0.0002736009337316451
seq_pos,14,23,5.106843566586855e-05,0.0001948178608196975,5.759222220991465e-05,0.00011106273109374334,0.06879033865599085,0.00025241008302961216
seq_pos,14,24,6.727958877248119e-05,0.00019679803361868746,2.083936715461462e-05,3.581675458252598e-05,0.0007326162431344567,0.0002176374007733021
seq_pos,14,25,0.00012265391410347,0.00018796600496905237,2.0141100008269748e-05,2.585448403608021e-05,0.01023732990196832,0.00020810710497732213
seq_pos,14,26,0.0005886375787284786,0.0003150544336935831,0.0001427800860901252,0.00011900793369401297,0.002722071363383679,0.0004578345197837083
seq_pos,14,27,0.0005010438477370431,0.000493942082209602,0.0001934465864941377,9.90461301598643e-05,0.016704078317824257,0.0006873886687037397
seq_pos,14,28,0.0005440632461799445,0.0006919820168165778,0.000493472083891964,0.00021748782874248107,0.04670327188401625,0.0011854541007085418
seq_pos,14,29,0.0005867691559269547,0.0004003524143689533,8.196569704940285e-05,7.60521302614332e-05,0.025558351665069298,0.0004823181114183561
seq_pos,14,30,0.0005669533075832854,0.0004856763344671704,0.00022130771482835378,0.00020802268755512347,0.014025185315918308,0.0007069840492955242
seq_pos,14,31,0.0056538039103096165,0.0006386865809283635,0.0006574446607426921,0.00021184561411155978,0.005402066091018431,0.0012961312416710556
seq_pos,15,0,0.00011036530801078594,0.00010487038745052329,3.4506798976764283e-06,1.195926308515159e-05,0.00010064366299716444,0.00010832106734819971
seq_pos,15,1,0.00019408388115096532,0.00042512961585063693,1.901800305898455e-05,5.721842779613555e-05,0.00034053695723530573,0.00044414761890962146
seq_pos,15,2,0.0004486736426736192,0.000853160192304956,0.00027583604870487,7.809762578866066e-05,0.1367726435843857,0.001128996241009826
seq_pos,15,3,0.00012382922310781567,0.0003532461661354376,2.633629174336466e-05,0.00014653624056470795,0.005373244462755799,0.00037958245787880226
seq_pos,15,4,1.983505417211696e-05,0.00349283032280598,3.11128532027746e-05,4.764946521463596e-05,0.053052522436948454,0.0035239431760087547
seq_pos,15,5,0.025104757654549198,0.0016356651743342553,0.027033762607214337,0.0007978262101965844,0.022232036088381486,0.028669427781548594
seq_pos,15,6,0.011357694626804367,0.00034258485346304654,5.118062704538279e-05,7.696352341216688e-05,0.005454180043635327,0.00039376548050842935
seq_pos,15,7,0.003682597751491883,0.000569439589430054,0.0048904242702235015,0.0005541204807354841,0.02234364927031852,0.0054598638596535555
seq_pos,15,8,0.00045989187156516014,0.00011747688937157253,0.0001302876535699187,0.00015528225926361318,0.7772170594963894,0.0002477645429414912
seq_pos,15,9,7.940377569332313e-05,0.00022557216523663332,8.020132183822132e-05,0.00013535708029622658,0.8549460446258444,0.00030577348707485464
seq_pos,15,10,0.00020830383340066834,0.0009250368038248855,0.00013632913923967697,0.00021344033632444878,0.7179798183708779,0.0010613659430645625
seq_pos,15,11,0.00030803772471309557,0.0007236745991245126,0.0003138006691108352,0.00040637917665639823,0.6215468776219849,0.0010374752682353477
seq_pos,15,12,0.0005617229180517301,0.000459982487815888,0.00011644493959484038,0.00014334067892010242,0.056133274889149244,0.0005764274274107284
seq_pos,15,13,0.0007735507457250742,0.0003072268960498326,9.27305760024357e-05,0.00012690737190474552,0.06580133006949783,0.0003999574720522683
seq_pos,15,14,0.00023558857840567016,0.00010976807946568652,8.613732953973872e-05,0.00011565223001956775,0.11065240619130137,0.00019590540900542525
seq_pos,15,15,0.00020343696167145653,0.00012383230253808856,0.0001274717127313528,0.0001245653852865567,0.08136247403283435,0.00025130401526944136
seq_pos,15,16,6.83257984481113e-05,0.00011920316198706194,4.3149682130647163e-05,2.907877149911836e-05,0.09560347503709686,0.0001623528441177091
seq_pos,15,17,0.00024206525564358922,0.00022569534309284538,9.687624591995252e-05,8.799370616853815e-05,0.14367383517158439,0.0003225715890127979
seq_pos,15,18,8.58236347526317e-05,0.0002682535281082528,4.0019485259306985e-05,3.467248762392634e-05,0.12806960207821694,0.0003082730133675598
seq_pos,15,19,8.172115098724389e-05,0.0002445202603453514,3.409708326831834e-05,1.4422881376968137e-05,0.12269866906355556,0.00027861734361366974
seq_pos,15,20,0.00013142978358241376,0.00022955611299755007,5.520951922704809e-05,6.413577191345168e-05,0.0017161965370178223,0.00028476563222459817
seq_pos,15,21,0.00015468187078448984,0.00021440425341461347,6.987940723800162e-05,0.00012373209320506922,0.005204691344647232,0.0002842836606526151
seq_pos,15,22,0.00015734307938680459,0.00012559230071062564,5.080645743266416e-05,4.855374251159188e-05,0.012863595626516523,0.00017639875814328982
seq_pos,15,23,0.00012820150745781252,0.0003062569352036877,5.442608841471458e-05,9.809045651667859e-05,0.0007888313435132925,0.00036068302361840225
seq_pos,15,24,0.01421903692496911,0.00030418755910889274,0.013422106738398606,0.00018312452561351883,0.0018930455210633033,0.013726294297507498
seq_pos,15,25,0.011630670833934558,0.0006330248059421938,0.011544228839064809,0.0005759948400934461,0.025839662337125577,0.012177253645007003
seq_pos,15,26,0.012115434945280126,0.0014258548733516146,0.011171707511464417,0.0011925021082901076,0.01721082160321303,0.012597562384816031
seq_pos,15,27,0.016392511696206744,0.00025502166107604105,0.015747857717424502,0.00020257694536693254,0.0028976124885403136,0.016002879378500545
seq_pos,15,28,0.04933638880782703,0.0005469690203646038,0.0653219783035614,0.0004697129809214217,0.03578373664341868,0.06586894732392601
seq_pos,15,29,0.09010760226200962,7.000712390034674e-05,0.06602048122261295,5.8549854364946274e-05,0.010540102850971655,0.0660904883465133
seq_pos,15,30,0.06918144391269838,0.0006230074706460416,0.04640488184326426,0.0005304558273929461,0.14636163804057398,0.047027889313910304
seq_pos,15,31,0.05314054043933545,0.00022871555299439257,0.04185523070806691,0.00019923712017371793,0.2774365238604008,0.0420839462610613
seq_pos,16,0,0.0006596854767393823,0.014650381439462725,0.00040544370741359327,0.015601331184502184,0.007296406332756398,0.015055825146876319
seq_pos,16,1,0.0007020077351451684,0.012162963335918386,0.0002869126317087253,0.014004285509409162,0.004491894575125957,0.012449875967627111
seq_pos,16,2,0.0008693917277118227,0.005829521219176559,0.0002813509255828342,0.007503993524002612,0.026208493814050438,0.006110872144759393
seq_pos,16,3,0.0077779181140269936,0.003017509092537923,0.006324855496188332,0.0027166413342996094,0.007988437630782068,0.009342364588726254
seq_pos,16,4,0.00791647602321163,0.001658547302476046,0.006962211855193389,0.0016211247281022157,0.0036076895031796033,0.008620759157669435
seq_pos,16,5,0.010167865928281186,0.004267743735261379,0.010787343351138479,0.004233567549082553,0.004599214725553856,0.015055087086399858
seq_pos,16,6,0.009585240881302194,0.009746738515114137,0.010164582644676845,0.009520482546160256,0.00528596394524177,0.01991132115979098
seq_pos,16,7,0.0036245505400511785,0.006244889169637157,0.0038045221033365583,0.006122723105625699,0.0037493933409726045,0.010049411272973714
seq_pos,16,8,0.00573521611927164,0.008940291037163865,0.005364796141910735,0.008794265046971273,0.0021311695770231953,0.0143050871790746
seq_pos,16,9,0.0005148220894428797,0.009833473876756212,0.0018693448589472967,0.009731380298937624,0.011805731606363693,0.011702818735703509
seq_pos,16,10,0.003610583704636701,0.008251961318702771,0.003373950869541905,0.00786117526123269,0.002027422101952351,0.011625912188244675
seq_pos,16,11,0.003862217112552267,0.009650386909915694,0.003093135557202766,0.009561028861305691,0.005486951272037069,0.012743522467118459
seq_pos,16,12,0.0030805168212977847,0.006949909055912369,0.002860134867888358,0.006788222933897583,0.04819053334048318,0.009810043923800728
seq_pos,16,13,0.011311329858628918,0.004668355576607542,0.008496944379418309,0.00443339360229027,0.000642400129754519,0.01316529995602585
seq_pos,16,14,0.002875641553628678,0.008261254893913645,0.002848036931826051,0.008212060340248318,0.041099134690010336,0.011109291825739696
seq_pos,16,15,0.013297382558257333,0.000603546566387489,0.012597286595890185,0.0005603552447971058,0.00021357101606224143,0.013200833162277674
seq_pos,16,16,0.003919332780727332,0.0008249079433353526,0.00792749768915776,0.0010167645758655773,0.000982933852446672,0.008752405632493113
seq_pos,16,17,0.005452948964573411,0.00043052864655731003,0.011007177670741646,0.000620946387484316,0.0010043379289117282,0.011437706317298957
seq_pos,16,18,0.006371451481446307,0.0006776801104791735,0.0125273012028768,0.0005725876875215276,0.000995945841688311,0.013204981313355974
seq_pos,16,19,0.005692455212288954,0.0006223180570533034,0.010462139314822962,0.0007952220954753365,0.0010036852565027286,0.011084457371876265
seq_pos,16,20,0.011361089092223583,0.0013688812747006604,0.011272394510523897,0.0012958808602833282,0.0014158727602138483,0.012641275785224558
seq_pos,16,21,0.01744113008917751,0.0008256964200955009,0.016266046767215804,0.0008366165371963723,0.0036967742407980645,0.017091743187311305
seq_pos,16,22,0.009824976854177317,0.0007968038699975072,0.010081785980262934,0.0007002730504589478,0.00171094725001071,0.010878589850260441
seq_pos,16,23,0.009962572478223833,0.0009047638671045161,0.010131862224253092,0.0010717962762844557,0.0010618271353586323,0.011036626091357608
seq_pos,16,24,0.019098664288212722,0.003631878824265396,0.017288194007483673,0.003491836374313563,0.00220387364598467,0.02092007283174907
seq_pos,16,25,0.01092317780402676,0.006285435588029855,0.01034021487005575,0.006271485571594476,0.0017681476635390255,0.016625650458085603
seq_pos,16,26,0.010398391997527151,0.009966264063453377,0.009159739996683612,0.009744397476354217,0.005960093066160835,0.019126004060136988
seq_pos,16,27,0.014941220181912995,0.01032096561558755,0.014297822433225868,0.009986344602932741,0.0026790478211764176,0.024618788048813418
seq_pos,16,28,0.012156448557536689,0.0035614147356430787,0.01172746883899815,0.003620358814756234,0.005105778019989505,0.015288883574641228
seq_pos,16,29,0.027088550601987643,0.0014669064212336855,0.018577249587439136,0.00133428695646663,0.0013200601134704135,0.02004415600867282
seq_pos,16,30,0.00647930204403704,0.006114560098266469,0.006714468396310891,0.005839930990220107,0.0026858789181969473,0.012829028494577361
seq_pos,16,31,0.005983386959873493,0.005284274231514071,0.006291806914664711,0.004999049528000695,0.002784956808666743,0.011576081146178783
seq_pos,17,0,3.520196892043068e-06,1.6363773833853167e-09,3.3690882165951636e-06,1.7113850424179627e-09,0.09427605818446662,3.3707245939785487e-06
seq_pos,17,1,0.000436931396335255,1.2442152460211537e-06,0.000452369416676876,1.2167020052949052e-06,0.08589448570358511,0.00045361363192289716
seq_pos,17,2,1.2158099956602826e-07,1.4407194747834163e-08,1.416161806581576e-07,1.4001241011668653e-08,0.21537220153861455,1.5602337540599176e-07
seq_pos,17,3,3.5794458413256134e-07,2.7437807407208186e-08,7.973224530772129e-07,2.7719371951815503e-08,0.13694341075744576,8.247602604844211e-07
seq_pos,17,4,0.006387540259766822,0.018686663189690922,0.005290796133956896,0.01966731384765662,0.004074244034180872,0.023977459323647816
seq_pos,17,5,0.0032757752698070355,0.02267284825297094,0.0033880264269052214,0.02319111884745035,0.000731891692239677,0.026060874679876164
seq_pos,17,6,0.005000251873349392,0.008842046124960342,0.0075755375686683835,0.00804660179039727,0.0006124028623382863,0.016417583693628723
seq_pos,17,7,0.002100991142925637,0.01792136654993411,0.0026814861730626444,0.017156716960772842,0.0014897333414508548,0.020602852722996754
seq_pos,17,8,9.002012619934234e-05,0.003258079656917797,0.0001009003385558154,0.0035448887258143435,0.0014447292060346551,0.0033589799954736126
seq_pos,17,9,0.0029574619841992744,0.04733227089333943,0.002355072685405573,0.03944207179408005,0.0020964004831134026,0.049687343578745005
seq_pos,17,10,0.003920502825169883,0.017655094967089967,0.002714415119401756,0.013023196380968093,0.00021265566551652293,0.020369510086491724
seq_pos,17,11,0.008251901765681626,0.011335981815211926,0.0034945992091159235,0.007645935238326585,0.0006037801116957897,0.01483058102432785
seq_pos,17,12,0.0057661570060114796,0.025543440488890966,0.009144046515995556,0.022396382809759075,4.194391824894857e-05,0.034687487004886525
seq_pos,17,13,0.0048899090405706514,0.028430331915890596,0.005817458305876362,0.026529475636154324,2.522944743068598e-06,0.03424779022176696
seq_pos,17,14,0.004916810440104445,0.037924074453475794,0.008802087121544235,0.034209188175184896,4.4976566440998355e-06,0.04672616157502003
seq_pos,17,15,0.0046806255974638266,0.008936535763860306,0.006595322707073952,0.008376743353447715,0.00045237461646714536,0.015531858470934258
seq_pos,17,16,0.014862297230900087,0.005281304644068089,0.015553695499308493,0.0063330742054458055,0.0006173899387251912,0.02083500014337658
seq_pos,17,17,0.01896033521626121,0.006070276860727835,0.01649164269706849,0.005752784257927945,0.001771690686282223,0.022561919557796326
seq_pos,17,18,0.014224783667612794,0.0034706082776454713,0.015438918573447908,0.004528194996300054,0.0011970864719552017,0.01890952685109338
seq_pos,17,19,0.02321775967670482,0.0069070578488736965,0.014966328718541257,0.0035915144307968956,0.0008388850331389055,0.021873386567414953
seq_pos,17,20,0.004929364935562554,0.015615669328047624,0.008644777124435633,0.014003531535948332,0.014597221241033657,0.024260446452483257
seq_pos,17,21,0.004862358799101306,0.007386271728090742,0.007935152368943654,0.007055254019093476,0.0015196043687615921,0.015321424097034396
seq_pos,17,22,0.002310865761790597,0.02014747816955075,0.004514971768321227,0.017581505893566527,0.003625027583703907,0.024662449937871977
seq_pos,17,23,0.007824480771068558,0.007101564737326885,0.00827056030126083,0.007222164555849782,0.0024082290998224615,0.015372125038587715
seq_pos,17,24,0.008389105308247918,0.00886709214537102,0.013085630372432495,0.008626161245463029,0.00036585655998423754,0.021952722517803516
seq_pos,17,25,0.013491597742219122,0.012394848810249116,0.014830143988989429,0.011625361044031484,0.00011980785490909813,0.027224992799238547
seq_pos,17,26,0.009881231187225399,0.015115895222568562,0.011234770567851196,0.015259597994478782,0.015249270150138211,0.02635066579041976
seq_pos,17,27,0.004949367358162935,0.02238237213555684,0.0068378179527208705,0.02114268776533324,0.0008702714782787035,0.02922019008827771
seq_pos,17,28,0.005183390391548193,0.019515908324034978,0.006025901787330182,0.013591428016141901,0.00044537199735021995,0.02554181011136516
seq_pos,17,29,0.00512490469930739,0.009461143040355561,0.00692607382647648,0.008231578161496339,0.00059492772881625,0.01638721686683204
seq_pos,17,30,0.008089893532856569,0.008590763700952072,0.009348316001000034,0.006437705817801606,0.0007127123171321321,0.017939079701952104
seq_pos,17,31,0.007686600607890676,0.007113320511960496,0.008033528973030793,0.006329922009728592,0.0036660428659849435,0.015146849484991289
seq_pos,18,0,0.007449570268253179,0.018637749117539532,0.006023986546734725,0.0180728302533883,0.0031475748136967404,0.024661735664274258
seq_pos,18,1,0.0158523056528999,0.012929416727032671,0.010672142595264377,0.011807141695529733,0.04064264139310545,0.023601559322297048
seq_pos,18,2,0.010098526501767086,0.013247736091323025,0.009034584614674265,0.012718520481665337,0.005327256153459134,0.02228232070599729
seq_pos,18,3,0.0070697241281277795,0.009381037593280218,0.011156552898890015,0.009672522106059973,0.01821959759829033,0.020537590492170233
seq_pos,18,4,0.017968868519597836,0.0010556996374594448,0.017118437790321392,0.0011636749930807567,0.001806302245518539,0.01817413742778084
seq_pos,18,5,0.02081473505973981,0.0036803662993766272,0.01792398491084173,0.003929989581171693,0.0012029018462808999,0.021604351210218357
seq_pos,18,6,0.009762736946917398,0.010665045326800522,0.01135146859487999,0.009020884456614697,0.00010069692676776248,0.02201651392168051
seq_pos,18,7,0.014489161169097388,0.006385340179332348,0.016114402350077654,0.009512586691093346,0.0006830557121233987,0.02249974252941
seq_pos,18,8,0.012949296429936568,0.0035689469073893767,0.013803386572595487,0.0035493395565680693,0.030604972266126667,0.017372333479984865
seq_pos,18,9,0.014746985442919643,0.004373999303163244,0.012845713572301423,0.004520817664473676,0.006950361732243149,0.017219712875464668
seq_pos,18,10,0.011698627015570926,0.011566670003309833,0.01023653279180112,0.011545651235304568,0.04083869772355519,0.021803202795110953
seq_pos,18,11,0.011410804879370087,0.010558547293026856,0.009842673982220135,0.010801815726450198,0.004070233042856361,0.02040122127524699
seq_pos,18,12,0.006592802916328064,0.010678479194682412,0.007685874769308942,0.013100563426705802,0.00032855024396413,0.018364353963991352
seq_pos,18,13,0.015708353745344707,0.007464360637390571,0.01374961325062141,0.01732738134085812,0.0012170998626413615,0.02121397388801198
seq_pos,18,14,0.007043286912800141,0.015005996151687408,0.007709299735421637,0.02742888645388195,0.001661807892332039,0.022715295887109046
seq_pos,18,15,0.00418742428758457,0.0191122828293111,0.005416985625062682,0.014419598552975438,4.167286314960087e-06,0.02452926845437378
seq_pos,18,16,0.020421576421471046,0.003354593670060518,0.011869627909459626,0.005216555332736913,0.006723562869500313,0.015224221579520143
seq_pos,18,17,0.0025221705591577438,0.013457115675699726,0.0027933886254368594,0.012426408700465578,0.03649734277855724,0.016250504301136587
seq_pos,18,18,0.0005047712710594235,0.016343893510060895,0.0004233267789368776,0.016175380100849575,0.005375101195708647,0.016767220288997773
seq_pos,18,19,0.00026679336970645233,0.015145731182914455,0.00027833196255330837,0.013133771411678355,0.005010975843881706,0.015424063145467763
seq_pos,18,20,1.8243729590708362e-05,3.783765426918762e-05,1.9705977559185606e-05,3.676492938234439e-05,0.1250328911087985,5.7543631828373225e-05
seq_pos,18,21,1.314349140840904e-05,8.006304215525614e-08,1.1435341616565283e-05,7.925482776948766e-08,0.11600432403368861,1.151540465872054e-05
seq_pos,18,22,0.00021944460333220915,1.3927126314315433e-05,0.00031810303760065574,1.269252812011542e-05,0.2031055941400837,0.0003320301639149712
seq_pos,18,23,5.892637438546862e-06,0.02313931835352311,1.2599164055408378e-05,0.021812347281274444,0.0011174198593018312,0.023151917517578516
seq_pos,18,24,0.004302603851957997,0.016787443255172247,0.00523859909826768,0.009906231582670675,0.0025828800993529014,0.022026042353439926
seq_pos,18,25,0.012126708390001158,0.0002892950932704533,0.011740754965209432,0.00027436627181227197,0.0006181050137797861,0.012030050058479886
seq_pos,18,26,0.021959003038470797,0.001224482891135461,0.025688770509934934,0.0007453690494818682,0.002073504628248031,0.026913253401070394
seq_pos,18,27,0.013360356698101447,0.016353734873948922,0.006788128710445614,0.02919977185797613,0.0003101831757302675,0.023141863584394535
seq_pos,18,28,0.020666832116908555,0.006006418337095925,0.016670038727774027,0.006034429494995561,0.020260531335898748,0.022676457064869954
seq_pos,18,29,0.02202741963062587,0.002424064564855636,0.023986364637527187,0.002389573033143428,0.009370713661365609,0.02641042920238282
seq_pos,18,30,0.007613374448495743,0.009227489436001086,0.009603172143162711,0.00874083926560828,0.03770344080905164,0.0188306615791638
seq_pos,18,31,0.03196449352471229,0.0027811748336851547,0.02047186601560491,0.0028725879987330405,0.011224363357339763,0.023253040849290064
seq_pos,19,0,0.0050109674834346064,0.010118624211266242,0.005094818818637326,0.008527185192930829,0.00033359771140923836,0.01521344302990357
seq_pos,19,1,0.004881948273949662,0.026021395484558243,0.004780570811401842,0.022587142906671336,0.0028090963284353562,0.030801966295960086
seq_pos,19,2,0.001515121403587932,0.014067219341521905,0.001577749840622239,0.009698476201633471,0.00019559705258577302,0.015644969182144145
seq_pos,19,3,0.006591153314161937,0.01130204136318337,0.006701782529035681,0.007978141627897326,0.01200620709001636,0.01800382389221905
seq_pos,19,4,0.0004954662708936315,0.00909293216207753,0.0005627310636880677,0.010031797310601028,0.07014152015112993,0.009655663225765597
seq_pos,19,5,0.00014435446718067226,0.012415865317139327,0.00014722182007437766,0.012401065152417885,0.0024980920226671797,0.012563087137213705
seq_pos,19,6,0.00010739950562873912,0.007609642545210103,0.0001143682180370596,0.00953906389408584,0.03314636819023157,0.007724010763247163
seq_pos,19,7,0.0008179237454659849,0.014016315550071495,0.0008976802077591574,0.012556877496356922,0.03586892097176577,0.014913995757830652
seq_pos,19,8,0.011439519305999825,0.0019147871128302315,0.011293400269374058,0.001707463790613383,0.006179248235594477,0.013208187382204289
seq_pos,19,9,0.005824258086711514,0.008225963678596215,0.0055982887734578836,0.008845856589088196,0.0002109880725148644,0.013824252452054098
seq_pos,19,10,0.014514251905897554,0.0024656028113000917,0.012927856681542237,0.0023759355448817496,0.0014246840351957312,0.01539345949284233
seq_pos,19,11,0.010059066482047036,0.005593396954286166,0.009122929931533578,0.004832320551555904,0.0011556719770345616,0.014716326885819744
seq_pos,19,12,0.011924605094517163,0.007581202203926379,0.011169732081586559,0.0076170950616932034,7.834282374536535e-07,0.018750934285512937
seq_pos,19,13,0.00685722941896355,0.0089111067090108,0.007627397600129678,0.008430179191094098,0.00012228817788899934,0.01653850430914048
seq_pos,19,14,0.011818584362514383,0.005225401150381134,0.010637099978706153,0.005247890685968748,7.592765362725171e-05,0.015862501129087287
seq_pos,19,15,0.005115570021361221,0.010605536299315148,0.004135011217322813,0.011052582925967981,8.536307146528659e-07,0.014740547516637961
seq_pos,19,16,0.007154260963206685,0.0068156273102153225,0.006987818869606122,0.006887912773474775,9.456151315099328e-06,0.013803446179821445
seq_pos,19,17,0.0041016865061573775,0.008594092712769077,0.005489124797275569,0.007733537830514344,2.5789603798992372e-05,0.014083217510044647
seq_pos,19,18,0.013273219415515005,0.00438270479809798,0.009673676921531272,0.004928664174450346,4.741405466488046e-06,0.014056381719629252
seq_pos,19,19,0.015503575788220727,0.005551602199051588,0.009755244055592206,0.006384308253915517,7.59993022542762e-05,0.015306846254643795
seq_pos,19,20,0.008330143429306667,0.006290685303513107,0.006561165157026049,0.006496688645612465,8.312216890322794e-07,0.012851850460539157
seq_pos,19,21,0.0026481008841469818,0.012209672893165366,0.002476563085133212,0.012038710582778748,1.558566780288165e-06,0.014686235978298578
seq_pos,19,22,0.012866838468168051,0.0032536619065870512,0.008927952937643717,0.003610240838545438,0.0034824412726814427,0.012181614844230769
seq_pos,19,23,0.013969876480003422,0.004772657915374218,0.009668625951866416,0.005073946764992404,9.076597726657515e-05,0.014441283867240633
seq_pos,19,24,0.008961902465106667,0.006520509430756297,0.0075211477056648995,0.00667548997861022,1.8731354704010884e-05,0.014041657136421196
seq_pos,19,25,0.019804106951379373,0.00231212515318784,0.01941849820724955,0.002363364361439506,1.8495173658953813e-05,0.02173062336043739
seq_pos,19,26,0.006803965549957973,0.009673787798766719,0.0062761030266525715,0.008984543309557816,9.291990030141186e-06,0.01594989082541929
seq_pos,19,27,0.013574258822327611,0.005392072344495336,0.011177826109449557,0.005493410338195796,1.151565835795388e-05,0.016569898453944895
seq_pos,19,28,0.0074706932876008065,0.009565002239289409,0.006711213397294175,0.008652005847314398,1.0208836806657026e-05,0.016276215636583585
seq_pos,19,29,0.010202521429552521,0.003228178821154366,0.011177230579238117,0.002967506696152435,0.0007454808314214562,0.014405409400392484
seq_pos,19,30,0.0076215704536801415,0.0016793709202488395,0.007566472593221924,0.0016127369643579256,0.019873964039019358,0.009245843513470764
seq_pos,19,31,0.00745412017120845,0.00934416319992314,0.006939697767406697,0.009125065466941756,9.670222627611537e-06,0.01628386096732984
seq_pos,20,0,0.0019228612501080644,0.011839599991802861,0.0019253384926569807,0.011728700558193094,1.8528057024852908e-05,0.013764938484459841
seq_pos,20,1,0.005853760764893308,0.008906312899884413,0.006022716795119962,0.008815605223705425,0.0026259463472092107,0.014929029695004375
seq_pos,20,2,0.001912162435771315,0.010535574591223834,0.0019406414870350196,0.01037492895382396,1.4221329481476295e-05,0.012476216078258854
seq_pos,20,3,0.005733622239653209,0.01090416400494122,0.00553528033487309,0.010864426270733874,0.00014268945145856144,0.01643944433981431
seq_pos,20,4,0.013833036089034339,0.00010745434799352098,0.014071933405043738,9.93511132171925e-05,0.0025043584394760566,0.01417938775303726
seq_pos,20,5,0.0031737387128704738,0.004399169168665569,0.0031055519800964227,0.004606228322435991,0.0004877456354657141,0.007504721148761991
seq_pos,20,6,0.004310673647688432,2.7247314323136697e-05,0.004379693100610598,2.886613283390894e-05,0.01144218122692759,0.004406940414933734
seq_pos,20,7,0.0012463449802015427,0.010642772651763551,0.0012549685735998215,0.010639377159034073,0.008110691744059186,0.011897741225363372
seq_pos,20,8,0.0028090660047142917,0.01455680968421554,0.0030051750945152863,0.014378768658898184,1.8219413738630012e-05,0.017561984778730826
seq_pos,20,9,0.0048565576399878,0.010898288254842754,0.005375125989248202,0.010716469515429282,0.005790157637400942,0.016273414244090956
seq_pos,20,10,0.00042051231566343566,0.0021843856644861706,0.00042668871437008245,0.002112879905196011,2.6828623361460945e-06,0.002611074378856253
seq_pos,20,11,0.001738339776123869,0.01143673008119711,0.0016654094330425715,0.011588331361628892,0.000271999353399991,0.013102139514239683
seq_pos,20,12,0.009936578802812167,0.007326873794660068,0.009756904281901669,0.007411647334413514,5.36996996984926e-06,0.017083778076561737
seq_pos,20,13,0.008327261550410376,0.005187646032061131,0.007888318471018166,0.005653004118294768,5.959510781363275e-06,0.013075964503079296
seq_pos,20,14,0.011804454602919314,0.0021834809177569826,0.01130496865022581,0.0022927425271321187,1.1390088579514436e-07,0.013488449567982792
seq_pos,20,15,0.0033434180004972944,0.014344738195905978,0.0034951347320182637,0.014241277954720055,0.00010800290057942511,0.01783987292792424
seq_pos,20,16,0.0006141397694218371,0.007491051913257614,0.0003718902987214901,0.007944351751676739,0.06904855204809689,0.007862942211979104
seq_pos,20,17,0.0019457103236386914,0.0052694722496408036,0.0021030963468692053,0.0041451633090103975,0.09596989263431795,0.007372568596510009
seq_pos,20,18,0.025979064932816077,0.00019600859794958653,0.025113652406233592,0.00022500875944304918,3.692378878345651e-05,0.02530966100418318
seq_pos,20,19,0.01460719116841324,0.0013128694139773317,0.013411426139460184,0.0018795172748585498,0.0001364183142231466,0.014724295553437515
seq_pos,20,20,0.008279315834336155,0.005632533536468617,0.007548976993511232,0.005410664368187888,0.0064587847124956185,0.013181510529979849
seq_pos,20,21,0.005893060472588512,0.008942249100852132,0.005417941601793047,0.008627693780720307,0.00010037430867464997,0.014360190702645178
seq_pos,20,22,0.009047357003155643,0.0010655363926477827,0.010406264188321442,0.0010693599394944148,0.03196470984837717,0.011471800580969225
seq_pos,20,23,0.0034625742829033886,0.002156996353234655,0.00618245721214383,0.002178038591923921,0.2034038092386737,0.008339453565378485
seq_pos,20,24,0.003244159948716394,0.007204319154412954,0.0031498682038449094,0.007422454772614202,2.382530812006305e-05,0.010354187358257863
seq_pos,20,25,0.0021044940670131708,0.014098681879894336,0.001777480191360948,0.014368357039728632,1.1431263682417792e-05,0.015876162071255286
seq_pos,20,26,0.0014481413267357973,0.008832586115161942,0.0014798784821776446,0.00910221522671706,6.96224462168016e-05,0.010312464597339588
seq_pos,20,27,0.004894998952521828,0.008796585807968792,0.004712078056322234,0.009014162889452839,9.362819181423181e-05,0.013508663864291025
seq_pos,20,28,0.010336490039207608,0.005311809589890494,0.010041143872307137,0.0052653208630514085,0.00015722246375660868,0.01535295346219763
seq_pos,20,29,0.011855167552129288,0.001159996975186832,0.011546544509972275,0.001187271848462926,4.167693182684733e-06,0.012706541485159107
seq_pos,20,30,0.009755985773602949,0.008638713650164066,0.00951818983744402,0.008119370657340835,2.478123387209226e-06,0.018156903487608088
seq_pos,20,31,0.008527971472460167,0.006567290724201424,0.008685817560331053,0.005983982314564586,0.000560494517610987,0.015253108284532475
seq_pos,21,0,0.0005712009383369223,0.024988809450441272,0.0038527385595454803,0.02382778952073415,0.0007735639960593313,0.028841548009986753
seq_pos,21,1,0.006185747609484573,0.005782838506217889,0.007234764351044415,0.0059624342081680175,0.00016275947233063498,0.013017602857262304
seq_pos,21,2,0.00020054201941524866,0.012395283181808157,0.0004542253778564358,0.010944237261778268,6.936261262283278e-05,0.012849508559664593
seq_pos,21,3,0.0032070174738416304,0.010701006290333617,0.0019151918008012373,0.007868625614685635,3.3424717432061246e-05,0.012616198091134855
seq_pos,21,4,8.285555284570723e-05,0.00734078528954172,0.00023593540495707126,0.009089623169904769,1.6690026965035407e-05,0.007576720694498791
seq_pos,21,5,0.00019582953780482006,0.006517640473254938,0.00021390547285048576,0.005446527428794688,2.134376065328168e-05,0.006731545946105423
seq_pos,21,6,0.00010097166923622162,0.009085125022221124,0.00010958251580142549,0.006288071573245222,1.268045291524246e-05,0.00919470753802255
seq_pos,21,7,0.0006785252797926572,0.007534993346861201,0.00014207017285419892,0.005112949749088651,0.00017863093344909454,0.0076770635197154
seq_pos,21,8,0.006196396996775471,0.001504456102022075,0.02068019173452145,0.0013633647534487133,3.509490173835957e-05,0.022184647836543527
seq_pos,21,9,0.0036625923863445146,0.0005533024836470344,0.004714022625593261,0.0008955650798177546,5.443028688802476e-05,0.005267325109240295
seq_pos,21,10,0.011741489631432131,0.0029039097352641595,0.0072394673258102315,0.00274355173183235,1.8462116201936542e-05,0.01014337706107439
seq_pos,21,11,0.0017327321849785334,0.0005501221743454744,0.008061727039450153,0.00044309522420369257,0.00034302016070040636,0.008611849213795627
seq_pos,21,12,0.001242345151559703,0.007861813587434532,0.0009989767489742205,0.010971023824544087,0.0019219433841523843,0.008860790336408752
seq_pos,21,13,0.0012021808551581504,0.008717128170356374,0.001842799936075176,0.007815152969390086,1.188124439205283e-06,0.01055992810643155
seq_pos,21,14,1.8449247832137885e-06,0.014183671970456637,2.242411275288755e-06,0.015551606228998746,8.477050013379073e-07,0.014185914381731926
seq_pos,21,15,0.0009356634044448982,0.01149667878715083,0.001144617137742914,0.009928474057883298,0.0005954931648179603,0.012641295924893745
seq_pos,21,16,0.00037729002183011884,0.0016879142801992488,0.0003731889982875414,0.001574799614619201,0.0057592550555569,0.00206110327848679
seq_pos,21,17,0.0001577965793564913,0.019172395388670774,0.00017905503503523964,0.014556920819569146,2.185977008618013e-05,0.019351450423706014
seq_pos,21,18,0.0001613185935402565,0.007701187980003628,0.00013758851635975935,0.006369704986886468,0.00023603321086723735,0.007838776496363387
seq_pos,21,19,0.0018507007676601493,0.02213254851277317,0.0012295182627200998,0.012508998312818804,2.4541408811187218e-05,0.023362066775493268
seq_pos,21,20,0.00509921824645071,0.0030054397585485746,0.004200892763948928,0.0034689279542563177,0.0005617169023862649,0.007206332522497503
seq_pos,21,21,6.365067866451299e-05,0.005842581966938023,4.358078284866988e-05,0.004685792165345219,7.809755297867081e-05,0.005886162749786693
seq_pos,21,22,2.5240587114625707e-05,0.008962848623022346,1.6173148978964235e-05,0.008213853967183594,4.0141779945907454e-05,0.00897902177200131
seq_pos,21,23,0.004314103170715708,0.0028687156446467812,0.005135511011840276,0.0025649416514828983,0.001661045343863392,0.008004226656487057
seq_pos,21,24,0.004020880792266097,0.007565015794994223,0.004278310287273386,0.008465089687292567,4.536621345093498e-05,0.011843326082267609
seq_pos,21,25,0.020407541153770827,0.0018388273892319224,0.010259186356315038,0.0002896677952394646,0.0004913522309488225,0.01209801374554696
seq_pos,21,26,0.00294894954164169,0.009139037124003402,0.0037189822107754813,0.008383860378275293,0.0007592573818087004,0.012858019334778883
seq_pos,21,27,0.007840396037201689,0.0027036448231132445,0.008412989187794005,0.0034508535916896537,7.49007722491315e-05,0.01111663401090725
seq_pos,21,28,0.014184515872283306,0.00034421168380008294,0.014574366096563983,0.00033145014918719835,0.00038186315929127714,0.014918577780364066
seq_pos,21,29,0.01898429989711511,1.1268913981090298e-05,0.027313500823459198,1.3302633996679282e-05,0.0008834188362971017,0.027324769737440288
seq_pos,21,30,0.005562303137700768,0.006048930036160555,0.00467734974508122,0.009233996274668279,0.0018699356965706457,0.010726279781241774
seq_pos,21,31,0.0033466199562327817,0.008869174694283962,0.0030641764861839846,0.009321548776446524,0.0008293485571271354,0.011933351180467948
seq_pos,22,0,0.0006802540027907335,0.013418814782024193,0.0007635984571723865,0.014393579272242616,0.004737614687075962,0.014182413239196579
seq_pos,22,1,0.005021483258442802,0.005838010983472884,0.004925015448450154,0.006413562116518851,0.00024021705994877764,0.010763026431923037
seq_pos,22,2,0.0009203534486201696,0.006499619334652212,0.0009543108693363554,0.0073003263835289154,4.591477530555586e-05,0.0074539302039885675
seq_pos,22,3,0.004144005014106345,0.008163730549519094,0.004199914279315287,0.008307283236045845,0.00011776892312494407,0.012363644828834381
seq_pos,22,4,0.002516883101637599,0.006695564090947479,0.0016344813825186712,0.006745483966958228,7.102350770030735e-06,0.00833004547346615
seq_pos,22,5,0.0028173067779118117,0.0020749160080048563,0.007073450662555757,0.0009852726817151693,0.022141708527324975,0.009148366670560614
seq_pos,22,6,0.018983806086106916,0.00035177281963005445,0.01293130815493757,0.0001301427513603608,3.231131012243197e-05,0.013283080974567625
seq_pos,22,7,0.013520055021216297,0.0008816944134208538,0.012583370413582803,0.00041486677792256904,0.001418629673785691,0.013465064827003657
seq_pos,22,8,0.053616176831873,0.00728026862039571,0.03179452705482418,0.004792580215517536,2.1711660143476456e-05,0.03907479567521989
seq_pos,22,9,0.011667109064392587,0.0056558484719734185,0.006889051237160838,0.005321134299313446,0.00013681459367254588,0.012544899709134257
seq_pos,22,10,0.006823002104740219,0.003294428599143016,0.006345619553196436,0.0030901277734319364,0.0005164803856435764,0.009640048152339452
seq_pos,22,11,0.036728457852787645,0.00426382565651158,0.03002102945368397,0.003431480605701795,0.0012611072057483515,0.03428485511019555
seq_pos,22,12,0.010184275552633005,1.1604531198240628e-05,0.010494899464793414,8.718774985350545e-06,1.1453462171594315e-05,0.010506503995991654
seq_pos,22,13,0.00900010663674647,5.3922936664973275e-06,0.00880710886190901,6.759895303415832e-06,1.926759771567768e-05,0.008812501155575508
seq_pos,22,14,0.013505385732725094,7.433917154179698e-06,0.014398204708314119,9.946939245459397e-06,0.00013102120101173107,0.014405638625468299
seq_pos,22,15,0.018652100425110972,5.643098859031579e-05,0.01816221496044154,9.405941788088444e-05,0.010277032325611812,0.01821864594903186
seq_pos,22,16,0.00036986268477321767,0.007029231119544094,0.0005310695200884918,0.00796208876413715,1.823607730236703e-05,0.0075603006396325854
seq_pos,22,17,0.0028709224103415174,0.014878598817316185,0.0030841679129508842,0.01665116934063487,0.003757527619780979,0.01796276673026707
seq_pos,22,18,0.015473191337116294,0.0019195445298776869,0.015572418543777453,0.002177479026605863,6.698125193504368e-06,0.01749196307365514
seq_pos,22,19,0.001618425527169059,0.005320615089478617,0.0015473094991933075,0.005976197078614968,0.00023327912314474408,0.006867924588671925
seq_pos,22,20,0.014873968673169499,0.0017637183927496447,0.011787269199284776,0.0017596628118765204,0.00011965258812627655,0.01355098759203442
seq_pos,22,21,0.011028332745783171,0.0005543222052374106,0.017363597672299086,0.0004338910072401783,0.0017586053863216805,0.017917919877536496
seq_pos,22,22,0.002783487605280424,0.016138593039189675,0.002234615131285995,0.015854718882145923,0.00030502761432972975,0.01837320817047567
seq_pos,22,23,0.02594677943116186,0.0012598588143790097,0.020737859543245793,0.0013148948058509216,0.0001908457373103868,0.021997718357624804
seq_pos,22,24,0.0018805672117603645,0.00338912230625777,0.001940942460549429,0.003763199465569685,0.00016827856556869103,0.005330064766807199
seq_pos,22,25,0.002595139147606339,0.005169664821756086,0.00280913830361002,0.005439047784093305,0.000638010110347952,0.007978803125366106
seq_pos,22,26,0.0011328871194295818,0.0036830130558626792,0.0012075078331492874,0.003971280350380334,0.000126451075789463,0.004890520889011967
seq_pos,22,27,0.000241409532277976,0.00218498455652528,0.00024195026271413026,0.0027380421475058678,6.293995725660458e-05,0.00242693481923941
seq_pos,22,28,0.0068783390445600195,1.0604960639039421e-05,0.00754575865243515,9.977461667090949e-06,0.0003596576717652338,0.0075563636130741895
seq_pos,22,29,0.013103484405340489,0.0005635228017711276,0.01461106818572665,0.0005494246119625251,0.0009211598587845592,0.015174590987497778
seq_pos,22,30,0.016059372508916123,0.00015175019686265026,0.018137558440329524,0.0001590267454867509,0.0011784145122959568,0.018289308637192175
seq_pos,22,31,0.004966391840613778,1.6010798324817762e-05,0.005476581560931461,1.693415819628078e-05,0.0006016942395115774,0.005492592359256279
seq_pos,23,0,3.02207468827051e-05,0.007867952891658214,0.00015827084017284158,0.014031218585203162,0.0025404477430268457,0.008026223731831055
seq_pos,23,1,5.7661819737807896e-05,0.007004034833067235,7.017935396644946e-05,0.015908286865963878,0.00027332372788331624,0.007074214187033684
seq_pos,23,2,1.288800688356254e-05,0.009699756178599016,5.783936187557821e-05,0.015217922722139,0.0005903992136877363,0.009757595540474595
seq_pos,23,3,9.157931231763733e-05,0.01510452702783452,0.0001363361373068802,0.014837373878562262,0.0005749171042089538,0.015240863165141401
seq_pos,23,4,0.0019441184521795207,0.003097843962774602,0.0028012281642843116,0.004833985547888904,0.013325141782511174,0.005899072127058914
seq_pos,23,5,0.0022006309901782136,0.01416678385699041,0.004352688025337932,0.0019158596866944004,0.017248466732224042,0.01851947188232834
seq_pos,23,6,0.008036565557625561,0.001204435197191554,0.009615631011006077,0.007818590721224202,0.002832222744763135,0.01082006620819763
seq_pos,23,7,0.003208923851950173,0.003255856407797566,0.0034714422006241973,0.021138155334396006,0.00865906405733876,0.006727298608421763
seq_pos,23,8,0.010182700433042213,0.00040052179489126656,0.008242295599058102,0.0003747956231352611,0.14160546888083494,0.008642817393949368
seq_pos,23,9,0.002938767544384455,0.0005350880403566583,0.0027360705410032077,0.0004911783488334082,0.21009581509855618,0.003271158581359866
seq_pos,23,10,0.0035489619180893084,0.0007725963554534304,0.004016855344106601,0.0012972102552605898,0.21967994000084495,0.004789451699560031
seq_pos,23,11,0.006493660785411397,0.0019492837965808501,0.005653344839424148,0.0020743868193220847,0.14639551131993342,0.007602628636004998
seq_pos,23,12,4.767514847537766e-05,0.019857131384820308,0.0003138992741790134,0.02296789760464051,1.0852762317278811e-06,0.02017103065899932
seq_pos,23,13,0.0005150160410391609,0.020226685339628504,0.0005316613675991295,0.018095492325476668,6.948683388136288e-05,0.020758346707227635
seq_pos,23,14,3.505175603818547e-05,0.017109422541337845,0.00013603425278661815,0.004584283674277446,3.138923708845295e-06,0.017245456794124463
seq_pos,23,15,3.002292912007514e-05,0.00044798590241249464,9.737697320416112e-05,0.0002533103562484947,5.048318834236982e-07,0.0005453628756166558
seq_pos,23,16,0.031182852936187486,2.4413392805352677e-08,7.40017110950746e-05,0.008611074512801508,0.0056372405895013114,7.402612448787995e-05
seq_pos,23,17,2.362932823548935e-06,3.9309917518566724e-05,1.570345372834033e-05,2.8184718574508306e-07,0.0031614985950026587,5.501337124690705e-05
seq_pos,23,18,1.7656678583721264e-07,4.975179963042289e-05,5.3645666052051375e-05,1.2603560485009028e-08,0.0010842983477835884,0.00010339746568247427
seq_pos,23,19,0.05430337591020937,3.897674523680282e-07,4.616555730577041e-06,0.0035796988966476147,0.005744324572140436,5.00632318294507e-06
seq_pos,23,20,1.4117130892012167e-05,0.0017396549539530524,3.724995622304574e-05,0.0005310124787989996,1.5707994218291056e-05,0.001776904910176098
seq_pos,23,21,0.000412482275210854,0.006026065529745331,0.0007423006202047957,0.021977755508409635,0.00041990165642086626,0.006768366149950127
seq_pos,23,22,4.288194044668982e-05,0.012105670810344622,0.00011340040237965956,0.01796818956559811,4.515523917662655e-05,0.01221907121272428
seq_pos,23,23,0.0012608350490087767,0.006949411063390032,0.0005720974721799179,0.014259961785878628,0.00029443412964410854,0.00752150853556995
seq_pos,23,24,0.000468401040861868,0.04581279835584526,0.0007743168271859927,0.006545780519875005,0.000294162176333906,0.04658711518303125
seq_pos,23,25,0.0004772915203681175,0.003735439395978879,0.0005197090879353704,0.0013525530337130983,0.0005468802199751092,0.004255148483914249
seq_pos,23,26,0.00022741211034588564,0.040672592659994365,0.0007536901138811947,0.006522105602463961,0.000116675227210016,0.04142628277387556
seq_pos,23,27,0.0015422884454228281,0.001604438932809676,0.001272006540143178,0.0040607285699872445,0.00045679125753511244,0.002876445472952854
seq_pos,23,28,0.0011082290080191254,0.004422324695559075,0.00040560739142950913,0.006254444208216176,0.0002679675039908677,0.004827932086988584
seq_pos,23,29,0.0022013669521540593,0.0015542115064338818,0.0003977728403927899,0.003415819782122941,0.0004048573416873113,0.0019519843468266717
seq_pos,23,30,0.0030175053627305567,0.009640743181937987,0.0023716679999594174,0.011369468258052068,0.0006414258872927856,0.012012411181897404
seq_pos,23,31,0.03275046025614339,0.00522631367808216,0.013054751366939574,0.001327927070919075,0.0014886651856015878,0.018281065045021735
