global_step,utc,seconds_per_update
61,2026-09-09T22:01:41+00:00,3.4657
74,2026-09-09T22:02:26+00:00,3.4679
120,2026-09-09T22:05:07+00:00,3.4692
150,2026-09-09T22:06:51+00:00,3.4695
152,2026-09-09T22:06:58+00:00,3.4608
155,2026-09-09T22:07:08+00:00,3.4711
156,2026-09-09T22:07:12+00:00,3.4631
165,2026-09-09T22:07:43+00:00,3.4645
186,2026-09-09T22:08:56+00:00,3.4703
226,2026-09-09T22:11:16+00:00,3.4690
260,2026-09-09T22:13:20+00:00,3.4821
267,2026-09-09T22:13:44+00:00,3.4735
279,2026-09-09T22:14:26+00:00,3.4719
282,2026-09-09T22:14:37+00:00,3.4711
302,2026-09-09T22:15:46+00:00,3.4678
306,2026-09-09T22:16:00+00:00,3.4674
319,2026-09-09T22:16:46+00:00,3.4767
338,2026-09-09T22:17:52+00:00,3.4992
354,2026-09-09T22:18:48+00:00,3.4663
390,2026-09-09T22:20:53+00:00,3.4693
426,2026-09-09T22:23:00+00:00,3.4687
431,2026-09-09T22:23:17+00:00,3.4722
478,2026-09-09T22:26:01+00:00,3.4737
516,2026-09-09T22:28:21+00:00,3.4713
535,2026-09-09T22:29:27+00:00,3.4714
587,2026-09-09T22:32:29+00:00,3.4770
614,2026-09-09T22:34:03+00:00,3.4676
647,2026-09-09T22:35:58+00:00,3.4727
653,2026-09-09T22:36:19+00:00,3.4862
753,2026-09-09T22:42:08+00:00,3.4708
764,2026-09-09T22:42:52+00:00,3.4862
790,2026-09-09T22:44:23+00:00,3.4718
808,2026-09-09T22:45:25+00:00,3.4732
923,2026-09-09T22:52:07+00:00,3.4708
949,2026-09-09T22:53:38+00:00,3.5141
963,2026-09-09T22:54:27+00:00,3.4757
966,2026-09-09T22:54:38+00:00,3.4800
992,2026-09-09T22:56:09+00:00,3.4757
998,2026-09-09T22:56:30+00:00,3.4737
999,2026-09-09T22:56:33+00:00,3.4735
1022,2026-09-09T22:58:37+00:00,3.4737
1051,2026-09-09T23:00:19+00:00,3.4740
1068,2026-09-09T23:01:19+00:00,3.4741
1076,2026-09-09T23:01:47+00:00,3.4732
1114,2026-09-09T23:04:00+00:00,3.4766
1130,2026-09-09T23:04:55+00:00,3.4756
1132,2026-09-09T23:05:03+00:00,3.5043
1138,2026-09-09T23:05:24+00:00,3.4814
1166,2026-09-09T23:07:02+00:00,3.4855
1169,2026-09-09T23:07:12+00:00,3.4759
1184,2026-09-09T23:08:05+00:00,3.4791
1218,2026-09-09T23:10:04+00:00,3.4752
1234,2026-09-09T23:11:00+00:00,3.4818
1240,2026-09-09T23:11:21+00:00,3.4790
1254,2026-09-09T23:12:10+00:00,3.4753
1270,2026-09-09T23:13:11+00:00,3.4852
1273,2026-09-09T23:13:22+00:00,3.4759
1353,2026-09-09T23:18:02+00:00,3.4770
1368,2026-09-09T23:18:54+00:00,3.4766
1430,2026-09-09T23:22:31+00:00,3.4768
1448,2026-09-09T23:23:34+00:00,4.0221
1449,2026-09-09T23:23:38+00:00,3.4787
1450,2026-09-09T23:23:41+00:00,3.4781
1472,2026-09-09T23:24:58+00:00,3.4757
1503,2026-09-09T23:26:46+00:00,3.4785
1509,2026-09-09T23:27:07+00:00,3.4790
1533,2026-09-09T23:28:59+00:00,3.4737
1578,2026-09-09T23:31:36+00:00,3.4741
1600,2026-09-09T23:32:53+00:00,3.4783
1688,2026-09-09T23:38:00+00:00,3.4726
1704,2026-09-09T23:38:56+00:00,3.4799
1720,2026-09-09T23:39:52+00:00,3.5211
1743,2026-09-09T23:41:13+00:00,3.4878
1762,2026-09-09T23:42:19+00:00,3.4743
1775,2026-09-09T23:43:08+00:00,3.4767
1784,2026-09-09T23:43:40+00:00,3.4767
1794,2026-09-09T23:44:15+00:00,3.4783
1816,2026-09-09T23:45:32+00:00,3.4754
1823,2026-09-09T23:45:56+00:00,3.4840
1834,2026-09-09T23:46:35+00:00,3.4760
1835,2026-09-09T23:46:38+00:00,3.4758
1899,2026-09-09T23:50:22+00:00,3.4725
1935,2026-09-09T23:52:29+00:00,3.4762
1946,2026-09-09T23:53:07+00:00,3.4757
1958,2026-09-09T23:53:50+00:00,3.4739
1987,2026-09-09T23:55:31+00:00,3.4818
1993,2026-09-09T23:55:52+00:00,3.4784
2016,2026-09-09T23:57:13+00:00,3.4754
2030,2026-09-09T23:58:05+00:00,3.4808
2036,2026-09-09T23:58:27+00:00,3.4780
2051,2026-09-09T23:59:19+00:00,3.4786
2070,2026-09-10T00:00:26+00:00,3.4762
2107,2026-09-10T00:02:36+00:00,3.4806
2154,2026-09-10T00:06:07+00:00,3.4803
2166,2026-09-10T00:06:49+00:00,3.4724
2173,2026-09-10T00:07:13+00:00,3.5048
2186,2026-09-10T00:08:00+00:00,3.4847
2189,2026-09-10T00:08:10+00:00,3.4748
2191,2026-09-10T00:08:17+00:00,3.4771
2203,2026-09-10T00:09:00+00:00,3.4721
2265,2026-09-10T00:12:36+00:00,3.4933
2285,2026-09-10T00:13:50+00:00,3.4789
2297,2026-09-10T00:14:32+00:00,3.4768
2304,2026-09-10T00:14:57+00:00,3.4811
2330,2026-09-10T00:16:28+00:00,3.4780
2354,2026-09-10T00:17:53+00:00,3.4730
2380,2026-09-10T00:19:24+00:00,3.4782
2421,2026-09-10T00:21:48+00:00,3.4784
2424,2026-09-10T00:21:59+00:00,3.4772
2430,2026-09-10T00:22:20+00:00,3.4756
2461,2026-09-10T00:24:09+00:00,3.4835
2535,2026-09-10T00:28:32+00:00,3.4801
2544,2026-09-10T00:29:04+00:00,3.5217
2551,2026-09-10T00:29:28+00:00,3.4818
2565,2026-09-10T00:30:18+00:00,3.4808
2592,2026-09-10T00:31:53+00:00,3.4769
2626,2026-09-10T00:33:52+00:00,4.1564
2664,2026-09-10T00:36:05+00:00,3.4792
2674,2026-09-10T00:36:40+00:00,3.4740
2709,2026-09-10T00:38:42+00:00,3.4807
2734,2026-09-10T00:40:10+00:00,3.4749
2754,2026-09-10T00:41:20+00:00,3.5216
2817,2026-09-10T00:45:06+00:00,3.4801
2823,2026-09-10T00:45:28+00:00,3.4931
2876,2026-09-10T00:48:33+00:00,3.4765
2913,2026-09-10T00:50:42+00:00,3.4810
2960,2026-09-10T00:53:27+00:00,3.4802
2977,2026-09-10T00:54:27+00:00,3.4756
3005,2026-09-10T00:56:05+00:00,3.4820
3031,2026-09-10T00:57:36+00:00,3.5199
3070,2026-09-10T00:59:56+00:00,3.4778
3075,2026-09-10T01:00:13+00:00,3.4794
3093,2026-09-10T01:01:17+00:00,3.4817
3098,2026-09-10T01:01:34+00:00,3.4791
3119,2026-09-10T01:02:47+00:00,3.4791
3126,2026-09-10T01:03:12+00:00,3.4761
3165,2026-09-10T01:05:28+00:00,3.4777
3169,2026-09-10T01:05:42+00:00,3.4782
3217,2026-09-10T01:08:30+00:00,3.4803
3275,2026-09-10T01:11:53+00:00,3.5001
3276,2026-09-10T01:11:57+00:00,3.5035
3308,2026-09-10T01:13:52+00:00,3.4814
3318,2026-09-10T01:14:28+00:00,3.4854
3337,2026-09-10T01:15:34+00:00,3.4823
3343,2026-09-10T01:15:55+00:00,3.4776
3358,2026-09-10T01:16:48+00:00,3.4968
3374,2026-09-10T01:17:43+00:00,3.4790
3419,2026-09-10T01:20:22+00:00,3.4737
3446,2026-09-10T01:21:56+00:00,3.4853
3496,2026-09-10T01:24:52+00:00,3.4839
3508,2026-09-10T01:25:34+00:00,3.4816
3530,2026-09-10T01:26:50+00:00,3.4791
3565,2026-09-10T01:28:56+00:00,3.4803
3597,2026-09-10T01:30:50+00:00,3.4782
3604,2026-09-10T01:31:15+00:00,3.4823
3610,2026-09-10T01:31:36+00:00,3.4776
3612,2026-09-10T01:31:43+00:00,3.4761
3658,2026-09-10T01:34:23+00:00,3.4757
3675,2026-09-10T01:35:23+00:00,3.4838
3742,2026-09-10T01:39:17+00:00,3.4826
3751,2026-09-10T01:39:48+00:00,3.4841
3760,2026-09-10T01:40:20+00:00,3.4776
3796,2026-09-10T01:42:26+00:00,3.4790
3805,2026-09-10T01:42:58+00:00,3.4848
3820,2026-09-10T01:44:01+00:00,3.4777
3838,2026-09-10T01:45:04+00:00,3.4805
3859,2026-09-10T01:46:18+00:00,3.4789
3873,2026-09-10T01:47:07+00:00,3.4856
3880,2026-09-10T01:47:32+00:00,3.4770
3889,2026-09-10T01:48:03+00:00,3.4745
3894,2026-09-10T01:48:20+00:00,3.4754
3923,2026-09-10T01:50:02+00:00,3.4810
3995,2026-09-10T01:54:14+00:00,3.4763
4011,2026-09-10T01:55:10+00:00,3.4798
4014,2026-09-10T01:55:21+00:00,3.4777
4018,2026-09-10T01:55:35+00:00,3.4788
4034,2026-09-10T01:56:30+00:00,3.4767
4056,2026-09-10T01:57:47+00:00,3.4792
4103,2026-09-10T02:00:36+00:00,3.4831
4133,2026-09-10T02:02:21+00:00,3.4789
4150,2026-09-10T02:03:20+00:00,3.4824
4164,2026-09-10T02:04:09+00:00,3.4828
4165,2026-09-10T02:04:12+00:00,3.4789
4177,2026-09-10T02:04:54+00:00,3.4795
4215,2026-09-10T02:07:08+00:00,3.4832
4283,2026-09-10T02:11:52+00:00,3.4814
4323,2026-09-10T02:14:16+00:00,3.4812
4339,2026-09-10T02:15:12+00:00,3.4751
4371,2026-09-10T02:17:04+00:00,3.4782
4404,2026-09-10T02:19:01+00:00,3.4742
4422,2026-09-10T02:20:04+00:00,3.4766
4426,2026-09-10T02:20:18+00:00,3.4857
4427,2026-09-10T02:20:22+00:00,3.4829
4455,2026-09-10T02:22:00+00:00,3.4796
4483,2026-09-10T02:23:38+00:00,3.4830
4489,2026-09-10T02:23:59+00:00,3.4818
4491,2026-09-10T02:24:06+00:00,3.4793
4507,2026-09-10T02:25:02+00:00,3.4787
4529,2026-09-10T02:26:20+00:00,3.4807
4581,2026-09-10T02:29:26+00:00,3.4778
4611,2026-09-10T02:31:12+00:00,3.4807
4633,2026-09-10T02:32:29+00:00,3.4787
4650,2026-09-10T02:33:28+00:00,3.4748
4653,2026-09-10T02:33:39+00:00,3.4807
4668,2026-09-10T02:34:32+00:00,3.4825
4674,2026-09-10T02:34:53+00:00,3.4803
4737,2026-09-10T02:38:34+00:00,3.4849
4892,2026-09-10T02:47:42+00:00,3.4783
4937,2026-09-10T02:50:19+00:00,3.4811
5006,2026-09-10T02:54:21+00:00,3.4777
5037,2026-09-10T02:56:09+00:00,3.4788
5040,2026-09-10T02:56:19+00:00,3.4768
5043,2026-09-10T02:56:30+00:00,3.4722
5078,2026-09-10T02:58:32+00:00,3.4885
5142,2026-09-10T03:02:20+00:00,3.4738
5166,2026-09-10T03:03:44+00:00,3.4822
5170,2026-09-10T03:03:58+00:00,3.4828
5220,2026-09-10T03:06:53+00:00,3.4763
5250,2026-09-10T03:08:38+00:00,3.4883
5268,2026-09-10T03:09:41+00:00,3.4805
5296,2026-09-10T03:11:18+00:00,3.4771
5315,2026-09-10T03:12:25+00:00,3.4768
5329,2026-09-10T03:13:14+00:00,3.4824
5338,2026-09-10T03:13:45+00:00,3.4836
5348,2026-09-10T03:14:24+00:00,3.4832
5350,2026-09-10T03:14:31+00:00,3.4790
5362,2026-09-10T03:15:13+00:00,3.4807
5371,2026-09-10T03:15:45+00:00,3.4802
5390,2026-09-10T03:16:51+00:00,3.4794
5392,2026-09-10T03:16:58+00:00,3.4783
5398,2026-09-10T03:17:19+00:00,3.4756
5421,2026-09-10T03:18:40+00:00,3.4908
5440,2026-09-10T03:19:47+00:00,3.4788
5475,2026-09-10T03:21:49+00:00,3.4822
5485,2026-09-10T03:22:24+00:00,3.4802
5546,2026-09-10T03:25:58+00:00,3.4807
5572,2026-09-10T03:27:30+00:00,3.4807
5583,2026-09-10T03:28:08+00:00,3.4796
5595,2026-09-10T03:28:50+00:00,3.4795
5598,2026-09-10T03:29:00+00:00,3.4826
5606,2026-09-10T03:29:33+00:00,3.4814
5663,2026-09-10T03:32:55+00:00,3.4849
5716,2026-09-10T03:36:00+00:00,3.4791
5743,2026-09-10T03:37:34+00:00,3.4809
5771,2026-09-10T03:39:13+00:00,3.4798
5775,2026-09-10T03:39:27+00:00,3.4787
5826,2026-09-10T03:42:26+00:00,3.4829
5849,2026-09-10T03:43:46+00:00,3.4921
5906,2026-09-10T03:47:11+00:00,3.4790
5939,2026-09-10T03:49:06+00:00,3.4796
5949,2026-09-10T03:49:41+00:00,3.4793
5958,2026-09-10T03:50:13+00:00,3.4762
5974,2026-09-10T03:51:09+00:00,3.4769
6009,2026-09-10T03:53:11+00:00,3.4773
6025,2026-09-10T03:54:07+00:00,3.4721
6028,2026-09-10T03:54:18+00:00,3.4604
6089,2026-09-10T03:57:51+00:00,3.4781
6091,2026-09-10T03:57:58+00:00,3.4838
6127,2026-09-10T04:00:08+00:00,3.4751
6198,2026-09-10T04:04:16+00:00,3.4789
6223,2026-09-10T04:05:44+00:00,3.4802
6234,2026-09-10T04:06:22+00:00,3.4807
6245,2026-09-10T04:07:01+00:00,3.4851
6299,2026-09-10T04:10:10+00:00,3.4826
6314,2026-09-10T04:11:03+00:00,3.4769
6320,2026-09-10T04:11:24+00:00,3.4787
6324,2026-09-10T04:11:38+00:00,3.4801
6336,2026-09-10T04:12:20+00:00,3.5088
6359,2026-09-10T04:14:30+00:00,3.4845
6372,2026-09-10T04:15:16+00:00,3.4801
6442,2026-09-10T04:19:22+00:00,3.4820
6444,2026-09-10T04:19:29+00:00,3.4873
6449,2026-09-10T04:19:46+00:00,3.4938
6457,2026-09-10T04:20:14+00:00,3.4831
6486,2026-09-10T04:21:56+00:00,3.4823
6497,2026-09-10T04:22:34+00:00,3.4813
6536,2026-09-10T04:24:53+00:00,3.4803
6554,2026-09-10T04:25:55+00:00,3.4800
6567,2026-09-10T04:26:41+00:00,3.4811
6605,2026-09-10T04:28:54+00:00,3.4797
6629,2026-09-10T04:30:22+00:00,3.4791
6646,2026-09-10T04:31:21+00:00,3.4814
6661,2026-09-10T04:32:14+00:00,3.4812
6675,2026-09-10T04:33:03+00:00,3.4781
6678,2026-09-10T04:33:13+00:00,3.4760
6693,2026-09-10T04:34:05+00:00,3.4894
6694,2026-09-10T04:34:09+00:00,3.4853
6697,2026-09-10T04:34:19+00:00,3.4776
6744,2026-09-10T04:37:04+00:00,3.4783
6751,2026-09-10T04:37:29+00:00,3.4843
6761,2026-09-10T04:38:04+00:00,3.4957
6765,2026-09-10T04:38:18+00:00,3.4837
6784,2026-09-10T04:39:25+00:00,3.4817
6828,2026-09-10T04:41:59+00:00,3.4829
6830,2026-09-10T04:42:06+00:00,3.4833
6888,2026-09-10T04:45:33+00:00,3.4838
6946,2026-09-10T04:48:56+00:00,3.5209
6957,2026-09-10T04:49:35+00:00,3.4819
6975,2026-09-10T04:50:38+00:00,3.4918
7006,2026-09-10T04:52:26+00:00,3.4789
7058,2026-09-10T04:55:28+00:00,3.4791
7063,2026-09-10T04:55:46+00:00,3.4908
7066,2026-09-10T04:55:56+00:00,3.4938
7079,2026-09-10T04:56:42+00:00,3.4804
7114,2026-09-10T04:58:45+00:00,3.4842
7202,2026-09-10T05:03:57+00:00,3.4790
7214,2026-09-10T05:04:40+00:00,3.4766
7240,2026-09-10T05:06:11+00:00,3.4803
7241,2026-09-10T05:06:14+00:00,3.4818
7250,2026-09-10T05:06:46+00:00,3.4794
7277,2026-09-10T05:08:20+00:00,3.4742
7301,2026-09-10T05:09:45+00:00,3.4919
7303,2026-09-10T05:09:52+00:00,3.4830
7351,2026-09-10T05:12:39+00:00,3.4829
7359,2026-09-10T05:13:07+00:00,3.4900
7375,2026-09-10T05:14:03+00:00,3.4795
7392,2026-09-10T05:15:07+00:00,3.4790
7433,2026-09-10T05:17:32+00:00,3.4810
7443,2026-09-10T05:18:08+00:00,3.4807
7500,2026-09-10T05:21:27+00:00,3.4817
7568,2026-09-10T05:25:26+00:00,3.4827
7602,2026-09-10T05:27:25+00:00,3.4823
7616,2026-09-10T05:28:15+00:00,3.5708
7623,2026-09-10T05:28:40+00:00,3.4815
7663,2026-09-10T05:31:03+00:00,3.4929
7669,2026-09-10T05:31:24+00:00,3.4838
7672,2026-09-10T05:31:34+00:00,3.4808
7710,2026-09-10T05:33:48+00:00,3.4898
7712,2026-09-10T05:33:55+00:00,3.4978
7719,2026-09-10T05:34:20+00:00,3.4934
7778,2026-09-10T05:37:48+00:00,3.4871
7796,2026-09-10T05:38:51+00:00,3.4805
7845,2026-09-10T05:41:43+00:00,3.4866
7873,2026-09-10T05:43:22+00:00,3.5063
7903,2026-09-10T05:45:12+00:00,3.4847
7910,2026-09-10T05:45:36+00:00,3.4874
7919,2026-09-10T05:46:08+00:00,3.4812
7969,2026-09-10T05:49:03+00:00,3.4913
7994,2026-09-10T05:50:30+00:00,3.4827
7996,2026-09-10T05:50:37+00:00,3.4766
8020,2026-09-10T05:52:01+00:00,3.4800
8052,2026-09-10T05:53:53+00:00,3.4812
8092,2026-09-10T05:56:13+00:00,3.4811
8153,2026-09-10T05:59:47+00:00,3.4807
8168,2026-09-10T06:00:42+00:00,3.4796
8211,2026-09-10T06:03:13+00:00,3.4798
8233,2026-09-10T06:04:32+00:00,3.4790
8237,2026-09-10T06:04:46+00:00,3.4799
8242,2026-09-10T06:05:03+00:00,3.4844
8262,2026-09-10T06:06:13+00:00,3.4849
8284,2026-09-10T06:07:30+00:00,3.4813
8286,2026-09-10T06:07:37+00:00,3.4832
8289,2026-09-10T06:07:48+00:00,3.4842
8309,2026-09-10T06:08:58+00:00,3.4819
8320,2026-09-10T06:09:37+00:00,3.4853
8332,2026-09-10T06:10:18+00:00,3.4799
8333,2026-09-10T06:10:22+00:00,3.4775
8336,2026-09-10T06:10:32+00:00,3.4832
8338,2026-09-10T06:10:39+00:00,3.4873
8374,2026-09-10T06:12:45+00:00,3.4822
8415,2026-09-10T06:15:19+00:00,3.4794
8427,2026-09-10T06:16:02+00:00,3.4859
8469,2026-09-10T06:19:13+00:00,3.4778
8476,2026-09-10T06:19:38+00:00,3.4843
8546,2026-09-10T06:23:44+00:00,3.4828
8571,2026-09-10T06:25:12+00:00,3.4815
8623,2026-09-10T06:28:15+00:00,3.4820
8663,2026-09-10T06:30:49+00:00,3.4786
8827,2026-09-10T06:40:25+00:00,3.4872
8836,2026-09-10T06:40:57+00:00,3.4851
8863,2026-09-10T06:42:32+00:00,3.4885
8908,2026-09-10T06:45:13+00:00,3.4816
8955,2026-09-10T06:47:59+00:00,3.4872
8984,2026-09-10T06:49:41+00:00,3.4814
8985,2026-09-10T06:49:44+00:00,3.4935
9033,2026-09-10T06:52:32+00:00,3.4806
9070,2026-09-10T06:54:41+00:00,3.4824
9143,2026-09-10T06:58:57+00:00,3.4810
9168,2026-09-10T07:00:42+00:00,3.4844
9169,2026-09-10T07:00:45+00:00,3.4887
9199,2026-09-10T07:02:30+00:00,3.5002
9212,2026-09-10T07:03:16+00:00,3.4787
9245,2026-09-10T07:05:12+00:00,3.4909
9305,2026-09-10T07:08:43+00:00,3.4864
9334,2026-09-10T07:10:24+00:00,3.4825
9339,2026-09-10T07:10:42+00:00,3.5189
9348,2026-09-10T07:11:14+00:00,3.4868
9350,2026-09-10T07:11:21+00:00,3.4822
9396,2026-09-10T07:14:01+00:00,3.4809
9429,2026-09-10T07:16:04+00:00,3.4832
9440,2026-09-10T07:16:42+00:00,3.4696
9449,2026-09-10T07:17:14+00:00,3.4876
9472,2026-09-10T07:18:34+00:00,3.4832
9504,2026-09-10T07:20:27+00:00,3.4875
9534,2026-09-10T07:22:11+00:00,3.4877
9591,2026-09-10T07:25:31+00:00,3.4878
9607,2026-09-10T07:26:27+00:00,3.4804
9614,2026-09-10T07:26:52+00:00,3.4831
9618,2026-09-10T07:27:06+00:00,3.5126
9635,2026-09-10T07:28:06+00:00,3.4848
9637,2026-09-10T07:28:13+00:00,3.4795
9670,2026-09-10T07:30:08+00:00,3.4811
9683,2026-09-10T07:30:57+00:00,3.4808
9753,2026-09-10T07:35:01+00:00,3.4778
9756,2026-09-10T07:35:12+00:00,3.4845
9791,2026-09-10T07:37:14+00:00,3.5027
9838,2026-09-10T07:39:58+00:00,3.4758
9854,2026-09-10T07:40:54+00:00,3.4805
9885,2026-09-10T07:42:43+00:00,3.4812
9911,2026-09-10T07:44:14+00:00,3.4811
9935,2026-09-10T07:45:43+00:00,3.4833
9995,2026-09-10T07:49:13+00:00,3.4841
10031,2026-09-10T07:51:19+00:00,3.4835
10077,2026-09-10T07:54:00+00:00,3.4805
10099,2026-09-10T07:55:17+00:00,3.4795
10106,2026-09-10T07:55:41+00:00,3.4825
10107,2026-09-10T07:55:45+00:00,3.4821
10108,2026-09-10T07:55:48+00:00,3.4960
10154,2026-09-10T07:58:30+00:00,3.4826
10161,2026-09-10T07:58:54+00:00,3.4839
10165,2026-09-10T07:59:08+00:00,3.4797
10168,2026-09-10T07:59:19+00:00,3.4828
10186,2026-09-10T08:00:22+00:00,3.4852
10211,2026-09-10T08:01:54+00:00,3.4809
10230,2026-09-10T08:03:01+00:00,3.4817
10239,2026-09-10T08:03:32+00:00,3.4880
10250,2026-09-10T08:04:11+00:00,3.4835
10270,2026-09-10T08:05:21+00:00,3.4836
10292,2026-09-10T08:06:39+00:00,3.4774
10297,2026-09-10T08:06:56+00:00,3.4816
10355,2026-09-10T08:10:20+00:00,3.4816
10382,2026-09-10T08:11:54+00:00,3.4851
10455,2026-09-10T08:16:14+00:00,3.4871
10471,2026-09-10T08:17:10+00:00,3.4822
10526,2026-09-10T08:20:24+00:00,3.5411
10566,2026-09-10T08:22:44+00:00,3.4837
10608,2026-09-10T08:25:55+00:00,3.4835
10629,2026-09-10T08:27:09+00:00,3.4951
10664,2026-09-10T08:29:11+00:00,3.4912
10699,2026-09-10T08:31:27+00:00,3.4815
10732,2026-09-10T08:33:23+00:00,3.4789
10775,2026-09-10T08:35:54+00:00,3.4881
10781,2026-09-10T08:36:15+00:00,3.4812
10787,2026-09-10T08:36:36+00:00,3.4819
10809,2026-09-10T08:37:54+00:00,3.4874
10898,2026-09-10T08:43:07+00:00,3.4803
10933,2026-09-10T08:45:09+00:00,3.4857
10951,2026-09-10T08:46:19+00:00,3.4886
10981,2026-09-10T08:48:04+00:00,3.4810
10985,2026-09-10T08:48:18+00:00,3.4877
10986,2026-09-10T08:48:22+00:00,3.4817
11068,2026-09-10T08:53:10+00:00,3.4802
11076,2026-09-10T08:53:39+00:00,3.4837
11125,2026-09-10T08:56:30+00:00,3.4787
11135,2026-09-10T08:57:05+00:00,3.4837
11162,2026-09-10T08:58:41+00:00,3.4809
11163,2026-09-10T08:58:44+00:00,3.4851
11184,2026-09-10T08:59:59+00:00,3.4829
11233,2026-09-10T09:02:57+00:00,3.4816
11236,2026-09-10T09:03:08+00:00,3.4878
11260,2026-09-10T09:04:33+00:00,3.4792
11279,2026-09-10T09:05:39+00:00,3.4817
11302,2026-09-10T09:07:00+00:00,3.4910
11307,2026-09-10T09:07:17+00:00,3.4909
11311,2026-09-10T09:07:31+00:00,3.4799
11317,2026-09-10T09:07:53+00:00,3.4849
11356,2026-09-10T09:10:10+00:00,3.4788
11375,2026-09-10T09:11:17+00:00,3.4860
11467,2026-09-10T09:16:50+00:00,3.4806
11520,2026-09-10T09:19:56+00:00,3.4878
11531,2026-09-10T09:20:35+00:00,3.4819
11533,2026-09-10T09:20:42+00:00,3.4835
11553,2026-09-10T09:21:52+00:00,3.4873
11566,2026-09-10T09:22:38+00:00,3.4769
11592,2026-09-10T09:24:09+00:00,3.4822
11596,2026-09-10T09:24:23+00:00,3.4858
11609,2026-09-10T09:25:09+00:00,3.4857
11631,2026-09-10T09:26:26+00:00,3.4839
11634,2026-09-10T09:26:37+00:00,3.4809
11649,2026-09-10T09:27:29+00:00,3.4805
11671,2026-09-10T09:28:46+00:00,3.4810
11674,2026-09-10T09:28:57+00:00,3.4789
11744,2026-09-10T09:33:13+00:00,3.4903
11799,2026-09-10T09:36:26+00:00,3.4871
11815,2026-09-10T09:37:22+00:00,3.4800
11881,2026-09-10T09:41:14+00:00,3.4797
11941,2026-09-10T09:44:46+00:00,4.0838
11990,2026-09-10T09:47:48+00:00,3.4784
12050,2026-09-10T09:51:18+00:00,3.4800
12060,2026-09-10T09:51:53+00:00,3.4849
12071,2026-09-10T09:52:32+00:00,3.4817
12086,2026-09-10T09:53:25+00:00,3.4801
12121,2026-09-10T09:55:28+00:00,3.4819
12178,2026-09-10T09:58:48+00:00,3.4926
12190,2026-09-10T09:59:31+00:00,3.4818
12244,2026-09-10T10:02:46+00:00,3.4838
12296,2026-09-10T10:05:49+00:00,3.4826
12298,2026-09-10T10:05:56+00:00,3.4959
12306,2026-09-10T10:06:24+00:00,3.4796
12374,2026-09-10T10:10:23+00:00,3.4794
12390,2026-09-10T10:11:20+00:00,3.4808
12412,2026-09-10T10:12:36+00:00,3.4722
12499,2026-09-10T10:17:53+00:00,3.4895
12503,2026-09-10T10:18:07+00:00,3.4818
12527,2026-09-10T10:19:31+00:00,3.4903
12534,2026-09-10T10:19:56+00:00,3.4783
12568,2026-09-10T10:21:56+00:00,4.0940
12603,2026-09-10T10:23:59+00:00,3.4863
12644,2026-09-10T10:26:22+00:00,3.4793
12664,2026-09-10T10:27:33+00:00,3.4814
12677,2026-09-10T10:28:18+00:00,3.4845
12733,2026-09-10T10:32:22+00:00,3.4828
12738,2026-09-10T10:32:39+00:00,3.4850
12750,2026-09-10T10:33:21+00:00,3.4831
12808,2026-09-10T10:36:44+00:00,3.4945
12810,2026-09-10T10:36:51+00:00,3.4886
12821,2026-09-10T10:37:30+00:00,3.4824
12843,2026-09-10T10:38:46+00:00,3.4812
12884,2026-09-10T10:41:10+00:00,3.4817
12895,2026-09-10T10:41:50+00:00,3.6062
12931,2026-09-10T10:43:56+00:00,3.5095
12933,2026-09-10T10:44:03+00:00,3.4830
12958,2026-09-10T10:45:31+00:00,3.4859
12967,2026-09-10T10:46:03+00:00,3.4766
12973,2026-09-10T10:46:24+00:00,3.4806
12983,2026-09-10T10:47:08+00:00,3.4823
13003,2026-09-10T10:48:18+00:00,3.4852
13017,2026-09-10T10:49:07+00:00,3.4827
13036,2026-09-10T10:50:14+00:00,3.4843
13040,2026-09-10T10:50:28+00:00,3.4801
13074,2026-09-10T10:52:26+00:00,3.4777
13115,2026-09-10T10:54:50+00:00,3.4833
13117,2026-09-10T10:54:57+00:00,3.4792
13140,2026-09-10T10:56:17+00:00,3.4759
13176,2026-09-10T10:58:23+00:00,3.4765
13178,2026-09-10T10:58:30+00:00,3.4821
13239,2026-09-10T11:02:10+00:00,3.4845
13260,2026-09-10T11:03:23+00:00,3.4846
13280,2026-09-10T11:04:33+00:00,3.4815
13301,2026-09-10T11:05:47+00:00,3.5013
13323,2026-09-10T11:07:04+00:00,3.4816
13334,2026-09-10T11:07:42+00:00,3.4814
13338,2026-09-10T11:07:56+00:00,3.4869
13342,2026-09-10T11:08:10+00:00,3.4853
13359,2026-09-10T11:09:10+00:00,3.4849
13390,2026-09-10T11:10:58+00:00,3.4971
13458,2026-09-10T11:14:56+00:00,3.4807
13495,2026-09-10T11:17:18+00:00,3.4795
13500,2026-09-10T11:17:36+00:00,3.4823
13502,2026-09-10T11:17:43+00:00,3.4838
13515,2026-09-10T11:18:28+00:00,3.4847
13516,2026-09-10T11:18:32+00:00,3.5083
13544,2026-09-10T11:20:10+00:00,3.4809
13565,2026-09-10T11:21:25+00:00,3.4810
13568,2026-09-10T11:21:35+00:00,3.4901
13588,2026-09-10T11:22:45+00:00,3.4829
13592,2026-09-10T11:22:59+00:00,3.4816
13598,2026-09-10T11:23:20+00:00,3.4846
13605,2026-09-10T11:23:45+00:00,3.4896
13661,2026-09-10T11:27:01+00:00,3.4881
13710,2026-09-10T11:29:54+00:00,3.4962
13823,2026-09-10T11:36:35+00:00,3.4828
13855,2026-09-10T11:38:27+00:00,3.4850
13902,2026-09-10T11:41:12+00:00,3.4834
13950,2026-09-10T11:44:01+00:00,3.4811
13959,2026-09-10T11:44:32+00:00,3.4853
13976,2026-09-10T11:45:32+00:00,3.4844
14001,2026-09-10T11:47:25+00:00,24.6834
14020,2026-09-10T11:48:32+00:00,3.4832
14051,2026-09-10T11:50:20+00:00,3.4810
14081,2026-09-10T11:52:05+00:00,3.4856
14092,2026-09-10T11:52:44+00:00,3.4943
14094,2026-09-10T11:52:51+00:00,3.4849
14098,2026-09-10T11:53:05+00:00,3.4829
14132,2026-09-10T11:55:04+00:00,3.4827
14143,2026-09-10T11:55:43+00:00,3.4867
14171,2026-09-10T11:57:22+00:00,3.4870
14179,2026-09-10T11:57:50+00:00,3.4891
14209,2026-09-10T11:59:34+00:00,3.4787
14248,2026-09-10T12:01:52+00:00,3.4822
14255,2026-09-10T12:02:35+00:00,3.4812
14293,2026-09-10T12:04:48+00:00,3.4836
14300,2026-09-10T12:05:12+00:00,3.4795
14339,2026-09-10T12:07:29+00:00,3.4831
14381,2026-09-10T12:09:57+00:00,3.5189
14420,2026-09-10T12:12:14+00:00,3.5249
14441,2026-09-10T12:13:27+00:00,3.4840
14463,2026-09-10T12:14:45+00:00,3.4891
14484,2026-09-10T12:15:58+00:00,3.4886
14486,2026-09-10T12:16:06+00:00,3.5017
14517,2026-09-10T12:18:12+00:00,3.5008
14531,2026-09-10T12:19:32+00:00,3.4815
14569,2026-09-10T12:21:46+00:00,3.4783
14636,2026-09-10T12:25:41+00:00,3.4809
14648,2026-09-10T12:26:23+00:00,3.4829
14665,2026-09-10T12:27:22+00:00,3.4777
14669,2026-09-10T12:27:36+00:00,3.4794
14689,2026-09-10T12:28:46+00:00,3.4777
14710,2026-09-10T12:29:59+00:00,3.5128
14719,2026-09-10T12:30:31+00:00,3.4909
14720,2026-09-10T12:30:34+00:00,3.4891
14725,2026-09-10T12:30:52+00:00,3.4790
14726,2026-09-10T12:30:55+00:00,3.4814
14735,2026-09-10T12:31:27+00:00,3.4770
14738,2026-09-10T12:31:37+00:00,3.4820
14784,2026-09-10T12:34:24+00:00,3.4862
14786,2026-09-10T12:34:31+00:00,3.5012
14827,2026-09-10T12:37:39+00:00,3.4834
14851,2026-09-10T12:39:03+00:00,3.4922
14871,2026-09-10T12:40:13+00:00,3.4820
14886,2026-09-10T12:41:05+00:00,3.4842
14890,2026-09-10T12:41:19+00:00,3.4826
14911,2026-09-10T12:42:33+00:00,3.4866
14926,2026-09-10T12:43:26+00:00,3.4837
14930,2026-09-10T12:43:40+00:00,3.4874
14933,2026-09-10T12:43:50+00:00,3.4794
14957,2026-09-10T12:45:15+00:00,3.4819
14984,2026-09-10T12:46:51+00:00,3.5214
14990,2026-09-10T12:47:12+00:00,3.4819
15005,2026-09-10T12:48:04+00:00,3.4788
15015,2026-09-10T12:48:52+00:00,12.4120
15022,2026-09-10T12:49:16+00:00,3.4795
15100,2026-09-10T12:53:50+00:00,3.4831
15133,2026-09-10T12:55:45+00:00,3.4839
15141,2026-09-10T12:56:13+00:00,3.4803
15152,2026-09-10T12:56:52+00:00,3.4786
15166,2026-09-10T12:57:41+00:00,3.4821
15220,2026-09-10T13:00:50+00:00,3.4810
15236,2026-09-10T13:01:46+00:00,3.4959
15244,2026-09-10T13:02:14+00:00,3.4777
15246,2026-09-10T13:02:21+00:00,3.4807
15262,2026-09-10T13:03:17+00:00,3.4807
15284,2026-09-10T13:04:48+00:00,3.4788
15311,2026-09-10T13:06:23+00:00,3.4865
15368,2026-09-10T13:09:43+00:00,3.4796
15387,2026-09-10T13:10:50+00:00,3.4810
15423,2026-09-10T13:12:56+00:00,3.4864
15445,2026-09-10T13:14:13+00:00,3.4780
15461,2026-09-10T13:15:09+00:00,3.4805
15469,2026-09-10T13:15:38+00:00,3.4839
15477,2026-09-10T13:16:06+00:00,3.4801
15508,2026-09-10T13:17:54+00:00,3.4833
15518,2026-09-10T13:18:29+00:00,3.4818
15585,2026-09-10T13:22:38+00:00,3.4802
15621,2026-09-10T13:24:44+00:00,3.4867
15645,2026-09-10T13:26:08+00:00,3.4821
15647,2026-09-10T13:26:15+00:00,3.4849
15693,2026-09-10T13:28:56+00:00,3.4774
15694,2026-09-10T13:29:00+00:00,3.4757
15737,2026-09-10T13:31:31+00:00,3.4810
15748,2026-09-10T13:32:09+00:00,3.4826
15750,2026-09-10T13:32:16+00:00,3.4828
15806,2026-09-10T13:35:40+00:00,3.4837
15820,2026-09-10T13:36:29+00:00,3.4837
15828,2026-09-10T13:36:57+00:00,3.4822
15846,2026-09-10T13:38:00+00:00,3.4798
15858,2026-09-10T13:38:42+00:00,3.4943
15880,2026-09-10T13:39:59+00:00,3.4769
15890,2026-09-10T13:40:34+00:00,3.4855
15892,2026-09-10T13:40:41+00:00,3.4847
15900,2026-09-10T13:41:09+00:00,3.4820
15920,2026-09-10T13:42:19+00:00,3.4807
15925,2026-09-10T13:42:37+00:00,3.4871
15943,2026-09-10T13:43:40+00:00,3.4865
15956,2026-09-10T13:44:26+00:00,3.4801
15977,2026-09-10T13:45:39+00:00,3.4812
16053,2026-09-10T13:50:21+00:00,3.4989
16093,2026-09-10T13:52:41+00:00,3.4805
16119,2026-09-10T13:54:12+00:00,3.4856
16144,2026-09-10T13:55:39+00:00,3.4842
16147,2026-09-10T13:55:50+00:00,3.4831
16185,2026-09-10T13:58:03+00:00,3.4826
16195,2026-09-10T13:58:38+00:00,3.4799
16225,2026-09-10T14:00:23+00:00,3.4826
16251,2026-09-10T14:01:54+00:00,3.4786
16289,2026-09-10T14:04:19+00:00,3.4985
16310,2026-09-10T14:05:33+00:00,3.4829
16316,2026-09-10T14:05:54+00:00,3.4934
16350,2026-09-10T14:07:54+00:00,4.8786
16354,2026-09-10T14:08:08+00:00,3.4810
16412,2026-09-10T14:11:32+00:00,3.4841
16485,2026-09-10T14:15:47+00:00,3.4802
16531,2026-09-10T14:18:28+00:00,3.4845
16532,2026-09-10T14:18:31+00:00,3.4821
16542,2026-09-10T14:19:10+00:00,3.4825
16543,2026-09-10T14:19:14+00:00,3.9953
16546,2026-09-10T14:19:25+00:00,3.4880
16558,2026-09-10T14:20:07+00:00,3.4844
16619,2026-09-10T14:23:41+00:00,3.4821
16623,2026-09-10T14:23:55+00:00,3.4846
16625,2026-09-10T14:24:02+00:00,3.4810
16630,2026-09-10T14:24:20+00:00,3.4820
16638,2026-09-10T14:24:48+00:00,3.4833
16651,2026-09-10T14:25:34+00:00,3.4798
16657,2026-09-10T14:25:54+00:00,3.4802
16674,2026-09-10T14:26:54+00:00,3.4930
16695,2026-09-10T14:28:08+00:00,3.4807
16726,2026-09-10T14:29:57+00:00,3.4811
16733,2026-09-10T14:30:21+00:00,3.4840
16741,2026-09-10T14:30:49+00:00,3.4763
16760,2026-09-10T14:31:56+00:00,3.4868
16816,2026-09-10T14:35:17+00:00,3.4823
16824,2026-09-10T14:35:46+00:00,3.4827
16855,2026-09-10T14:37:34+00:00,3.4850
16886,2026-09-10T14:39:22+00:00,3.4741
16894,2026-09-10T14:39:51+00:00,3.4837
16903,2026-09-10T14:40:22+00:00,3.4812
16918,2026-09-10T14:41:59+00:00,3.4773
17008,2026-09-10T14:47:15+00:00,3.4787
17065,2026-09-10T14:50:46+00:00,3.4861
17115,2026-09-10T14:53:42+00:00,3.4943
17170,2026-09-10T14:56:55+00:00,3.4850
17208,2026-09-10T14:59:08+00:00,3.4842
17227,2026-09-10T15:00:15+00:00,3.4808
17258,2026-09-10T15:02:03+00:00,3.4780
17287,2026-09-10T15:03:44+00:00,3.4827
17314,2026-09-10T15:05:26+00:00,3.4832
17330,2026-09-10T15:06:22+00:00,3.4847
17333,2026-09-10T15:06:33+00:00,3.4858
17338,2026-09-10T15:06:50+00:00,3.4846
17347,2026-09-10T15:07:22+00:00,3.4837
17385,2026-09-10T15:09:35+00:00,3.4839
17388,2026-09-10T15:09:45+00:00,3.5010
17391,2026-09-10T15:09:56+00:00,3.4810
17410,2026-09-10T15:11:02+00:00,3.4839
17468,2026-09-10T15:14:25+00:00,3.5040
17484,2026-09-10T15:15:21+00:00,3.4830
17523,2026-09-10T15:17:38+00:00,3.4815
17573,2026-09-10T15:20:38+00:00,3.4840
17622,2026-09-10T15:23:29+00:00,3.4818
17659,2026-09-10T15:25:39+00:00,3.4828
17684,2026-09-10T15:27:07+00:00,3.4816
17690,2026-09-10T15:27:28+00:00,3.4755
17691,2026-09-10T15:27:32+00:00,3.4803
17736,2026-09-10T15:30:09+00:00,3.4800
17751,2026-09-10T15:31:03+00:00,3.4824
17764,2026-09-10T15:31:48+00:00,3.4879
17769,2026-09-10T15:32:06+00:00,3.4802
17786,2026-09-10T15:33:06+00:00,3.4797
17797,2026-09-10T15:33:44+00:00,3.4839
17837,2026-09-10T15:36:09+00:00,3.4873
17842,2026-09-10T15:36:26+00:00,3.4853
17946,2026-09-10T15:42:30+00:00,3.4809
17951,2026-09-10T15:42:48+00:00,3.4831
17954,2026-09-10T15:42:59+00:00,3.4838
17996,2026-09-10T15:45:25+00:00,3.4807
18024,2026-09-10T15:47:03+00:00,3.4794
18092,2026-09-10T15:51:05+00:00,3.4816
18146,2026-09-10T15:54:15+00:00,3.4795
18255,2026-09-10T16:00:38+00:00,3.4855
18266,2026-09-10T16:01:17+00:00,3.4807
18320,2026-09-10T16:04:26+00:00,3.4801
18348,2026-09-10T16:06:10+00:00,3.4870
18365,2026-09-10T16:07:09+00:00,3.4860
18406,2026-09-10T16:09:33+00:00,3.4771
18417,2026-09-10T16:10:12+00:00,3.4829
18457,2026-09-10T16:12:32+00:00,3.4826
18488,2026-09-10T16:14:21+00:00,3.4820
18551,2026-09-10T16:18:01+00:00,3.4873
18552,2026-09-10T16:18:05+00:00,3.4822
18572,2026-09-10T16:19:15+00:00,3.4800
18591,2026-09-10T16:20:25+00:00,3.4809
18595,2026-09-10T16:20:39+00:00,3.4809
18668,2026-09-10T16:24:56+00:00,3.4826
18673,2026-09-10T16:25:13+00:00,3.4837
18693,2026-09-10T16:26:23+00:00,3.4833
18706,2026-09-10T16:27:09+00:00,3.4782
18723,2026-09-10T16:28:08+00:00,3.4848
18782,2026-09-10T16:31:36+00:00,3.4794
18801,2026-09-10T16:32:43+00:00,3.4827
18804,2026-09-10T16:32:54+00:00,3.4902
18819,2026-09-10T16:33:47+00:00,3.4880
18873,2026-09-10T16:37:00+00:00,3.4784
18880,2026-09-10T16:37:24+00:00,3.4823
18895,2026-09-10T16:38:17+00:00,3.4855
18914,2026-09-10T16:39:24+00:00,3.4783
19004,2026-09-10T16:44:40+00:00,3.5187
19041,2026-09-10T16:47:34+00:00,3.4867
19094,2026-09-10T16:50:43+00:00,3.4834
19168,2026-09-10T16:55:02+00:00,3.4889
19198,2026-09-10T16:56:47+00:00,3.4825
19267,2026-09-10T17:00:49+00:00,3.4821
19297,2026-09-10T17:02:34+00:00,3.4809
19389,2026-09-10T17:08:00+00:00,3.4758
19415,2026-09-10T17:09:32+00:00,3.4801
19417,2026-09-10T17:09:39+00:00,3.4795
19451,2026-09-10T17:11:37+00:00,3.4841
19479,2026-09-10T17:13:16+00:00,3.4857
19482,2026-09-10T17:13:26+00:00,3.4799
19495,2026-09-10T17:14:12+00:00,3.4789
19508,2026-09-10T17:14:57+00:00,3.4788
19530,2026-09-10T17:16:14+00:00,3.4821
19547,2026-09-10T17:17:13+00:00,3.4822
19549,2026-09-10T17:17:20+00:00,3.4798
19586,2026-09-10T17:19:30+00:00,3.4840
19619,2026-09-10T17:21:29+00:00,3.4794
19660,2026-09-10T17:23:52+00:00,3.4811
19661,2026-09-10T17:23:56+00:00,3.4782
19705,2026-09-10T17:26:30+00:00,3.4800
19713,2026-09-10T17:26:58+00:00,3.4782
19762,2026-09-10T17:29:50+00:00,3.4840
19788,2026-09-10T17:31:21+00:00,3.4820
19806,2026-09-10T17:32:24+00:00,3.4802
19865,2026-09-10T17:35:54+00:00,3.4796
19879,2026-09-10T17:36:43+00:00,3.4774
19884,2026-09-10T17:37:01+00:00,3.4834
19900,2026-09-10T17:37:57+00:00,3.5357
19901,2026-09-10T17:38:01+00:00,3.4804
19907,2026-09-10T17:38:22+00:00,3.4825
19912,2026-09-10T17:38:39+00:00,3.4782
19917,2026-09-10T17:38:57+00:00,3.4808
19936,2026-09-10T17:40:05+00:00,3.4832
19938,2026-09-10T17:40:12+00:00,3.4783
19940,2026-09-10T17:40:19+00:00,3.4847
19982,2026-09-10T17:42:46+00:00,3.4855
20055,2026-09-10T17:47:02+00:00,3.4795
20121,2026-09-10T17:50:58+00:00,3.4801
20131,2026-09-10T17:51:33+00:00,3.4840
20185,2026-09-10T17:54:42+00:00,3.4796
20209,2026-09-10T17:56:06+00:00,3.4833
20210,2026-09-10T17:56:10+00:00,3.4809
20242,2026-09-10T17:58:02+00:00,3.4793
20267,2026-09-10T17:59:30+00:00,3.4833
20316,2026-09-10T18:02:22+00:00,3.4796
20387,2026-09-10T18:06:37+00:00,3.5094
20398,2026-09-10T18:07:15+00:00,3.4767
20422,2026-09-10T18:08:40+00:00,3.5037
20426,2026-09-10T18:08:54+00:00,3.4872
20436,2026-09-10T18:09:29+00:00,3.4814
20438,2026-09-10T18:09:36+00:00,3.4826
20464,2026-09-10T18:11:07+00:00,3.4802
20536,2026-09-10T18:15:19+00:00,3.4856
20578,2026-09-10T18:17:47+00:00,3.4813
20608,2026-09-10T18:19:33+00:00,3.4904
20656,2026-09-10T18:22:42+00:00,3.4818
20660,2026-09-10T18:22:56+00:00,3.4868
20668,2026-09-10T18:23:25+00:00,3.4859
20696,2026-09-10T18:25:03+00:00,4.0316
20714,2026-09-10T18:26:06+00:00,3.4865
20726,2026-09-10T18:26:48+00:00,3.4827
20764,2026-09-10T18:29:01+00:00,3.4858
20796,2026-09-10T18:30:54+00:00,3.4861
20798,2026-09-10T18:31:01+00:00,3.4860
20821,2026-09-10T18:32:21+00:00,3.4862
20829,2026-09-10T18:32:49+00:00,3.4828
20836,2026-09-10T18:33:14+00:00,3.4820
20855,2026-09-10T18:34:20+00:00,3.4874
20869,2026-09-10T18:35:09+00:00,3.4843
20873,2026-09-10T18:35:23+00:00,3.4824
20927,2026-09-10T18:38:51+00:00,3.4914
20972,2026-09-10T18:41:30+00:00,3.4941
20979,2026-09-10T18:41:55+00:00,3.4968
21048,2026-09-10T18:45:57+00:00,3.4869
21049,2026-09-10T18:46:01+00:00,3.4937
21052,2026-09-10T18:46:11+00:00,3.4875
21057,2026-09-10T18:46:29+00:00,3.4851
21085,2026-09-10T18:48:07+00:00,3.4835
21103,2026-09-10T18:49:10+00:00,3.4897
21119,2026-09-10T18:50:07+00:00,3.4862
21150,2026-09-10T18:52:43+00:00,3.4855
21161,2026-09-10T18:53:22+00:00,3.4945
21165,2026-09-10T18:53:36+00:00,3.4846
21195,2026-09-10T18:55:22+00:00,3.4896
21285,2026-09-10T19:00:38+00:00,3.4901
21315,2026-09-10T19:02:23+00:00,3.4894
21325,2026-09-10T19:02:58+00:00,3.4813
21339,2026-09-10T19:03:47+00:00,3.4940
21358,2026-09-10T19:04:54+00:00,3.4861
21411,2026-09-10T19:08:06+00:00,3.5130
21475,2026-09-10T19:11:50+00:00,3.4909
21492,2026-09-10T19:12:50+00:00,3.4930
21494,2026-09-10T19:12:57+00:00,3.4890
21496,2026-09-10T19:13:04+00:00,3.4933
21501,2026-09-10T19:13:22+00:00,3.4880
21506,2026-09-10T19:13:39+00:00,3.4946
21548,2026-09-10T19:16:06+00:00,3.4849
21575,2026-09-10T19:17:42+00:00,3.5042
21591,2026-09-10T19:18:38+00:00,3.4854
21668,2026-09-10T19:23:12+00:00,3.4848
21694,2026-09-10T19:24:43+00:00,3.4882
21731,2026-09-10T19:26:54+00:00,3.4881
21867,2026-09-10T19:34:51+00:00,3.4885
21877,2026-09-10T19:35:26+00:00,3.4906
21899,2026-09-10T19:36:47+00:00,3.5266
21916,2026-09-10T19:37:47+00:00,3.4873
21954,2026-09-10T19:40:00+00:00,3.4921
21956,2026-09-10T19:40:07+00:00,3.4866
21986,2026-09-10T19:41:52+00:00,3.4892
22025,2026-09-10T19:44:09+00:00,3.4836
22077,2026-09-10T19:47:12+00:00,3.4892
22088,2026-09-10T19:47:51+00:00,3.4848
22089,2026-09-10T19:47:54+00:00,3.4879
22230,2026-09-10T19:56:14+00:00,3.4934
22246,2026-09-10T19:57:10+00:00,3.4867
22273,2026-09-10T19:58:45+00:00,3.4890
22286,2026-09-10T19:59:31+00:00,3.4829
22310,2026-09-10T20:00:55+00:00,3.4846
22313,2026-09-10T20:01:05+00:00,3.4882
22318,2026-09-10T20:01:23+00:00,3.5190
22359,2026-09-10T20:03:47+00:00,3.4898
22362,2026-09-10T20:03:57+00:00,3.4862
22428,2026-09-10T20:07:53+00:00,3.4818
22487,2026-09-10T20:11:20+00:00,3.4862
22494,2026-09-10T20:11:44+00:00,3.4873
22528,2026-09-10T20:13:44+00:00,3.5373
22553,2026-09-10T20:15:11+00:00,3.4834
22567,2026-09-10T20:16:01+00:00,3.4871
22579,2026-09-10T20:16:43+00:00,3.5038
22636,2026-09-10T20:20:03+00:00,3.4930
22690,2026-09-10T20:23:17+00:00,3.4897
22715,2026-09-10T20:24:45+00:00,3.4889
22717,2026-09-10T20:24:52+00:00,3.4840
22719,2026-09-10T20:24:59+00:00,3.4933
22731,2026-09-10T20:25:41+00:00,3.4929
22737,2026-09-10T20:26:02+00:00,3.4881
22782,2026-09-10T20:28:40+00:00,3.4842
22808,2026-09-10T20:30:11+00:00,3.4840
22834,2026-09-10T20:31:42+00:00,3.4880
22839,2026-09-10T20:32:00+00:00,3.4872
22848,2026-09-10T20:32:32+00:00,3.4932
22850,2026-09-10T20:32:39+00:00,3.4875
22863,2026-09-10T20:33:24+00:00,3.4872
22868,2026-09-10T20:33:42+00:00,3.4865
22871,2026-09-10T20:33:52+00:00,3.5099
22918,2026-09-10T20:36:41+00:00,3.4887
22958,2026-09-10T20:39:01+00:00,3.4963
22960,2026-09-10T20:39:08+00:00,3.4937
22962,2026-09-10T20:39:15+00:00,3.4886
22979,2026-09-10T20:40:15+00:00,3.4917
23002,2026-09-10T20:41:35+00:00,3.4865
23013,2026-09-10T20:42:15+00:00,3.4944
23019,2026-09-10T20:42:38+00:00,3.4848
23085,2026-09-10T20:46:31+00:00,3.4896
23092,2026-09-10T20:46:56+00:00,3.4891
23133,2026-09-10T20:49:19+00:00,3.4882
23164,2026-09-10T20:51:09+00:00,3.4900
23227,2026-09-10T20:54:53+00:00,3.4879
23247,2026-09-10T20:56:03+00:00,3.4916
23279,2026-09-10T20:58:42+00:00,3.4848
23296,2026-09-10T20:59:41+00:00,3.4939
23333,2026-09-10T21:01:51+00:00,3.4927
23336,2026-09-10T21:02:02+00:00,3.4874
23365,2026-09-10T21:03:43+00:00,3.5054
23411,2026-09-10T21:06:26+00:00,3.4912
23443,2026-09-10T21:08:21+00:00,3.4877
23444,2026-09-10T21:08:25+00:00,3.4901
23456,2026-09-10T21:09:08+00:00,3.5142
23478,2026-09-10T21:10:25+00:00,3.4913
23510,2026-09-10T21:12:18+00:00,3.4950
23515,2026-09-10T21:12:36+00:00,3.4896
23522,2026-09-10T21:13:00+00:00,3.4896
23544,2026-09-10T21:14:18+00:00,3.4914
23555,2026-09-10T21:14:56+00:00,3.4920
23598,2026-09-10T21:17:28+00:00,3.4879
23611,2026-09-10T21:18:14+00:00,3.4943
23618,2026-09-10T21:18:38+00:00,3.4905
23620,2026-09-10T21:18:45+00:00,3.4951
23653,2026-09-10T21:20:41+00:00,3.4850
23661,2026-09-10T21:21:09+00:00,3.5160
23663,2026-09-10T21:21:16+00:00,3.4896
23700,2026-09-10T21:23:40+00:00,3.4821
23728,2026-09-10T21:25:18+00:00,3.4955
23745,2026-09-10T21:26:19+00:00,3.4927
23767,2026-09-10T21:27:36+00:00,3.4989
23866,2026-09-10T21:33:24+00:00,3.4929
23874,2026-09-10T21:33:53+00:00,3.4905
23881,2026-09-10T21:34:17+00:00,3.4885
23896,2026-09-10T21:35:10+00:00,3.4880
23947,2026-09-10T21:38:14+00:00,3.4870
23964,2026-09-10T21:39:13+00:00,3.5046
24033,2026-09-10T21:43:16+00:00,4.0898
24038,2026-09-10T21:43:34+00:00,3.4889
24056,2026-09-10T21:44:37+00:00,3.4947
24097,2026-09-10T21:47:01+00:00,3.4887
24121,2026-09-10T21:48:26+00:00,3.4870
24130,2026-09-10T21:48:57+00:00,3.4931
24140,2026-09-10T21:49:32+00:00,3.4857
24168,2026-09-10T21:51:10+00:00,3.4891
24276,2026-09-10T21:57:34+00:00,3.4933
24292,2026-09-10T21:58:30+00:00,3.4919
24300,2026-09-10T21:58:58+00:00,3.4887
24383,2026-09-10T22:03:50+00:00,3.4925
24385,2026-09-10T22:03:57+00:00,3.4917
24390,2026-09-10T22:04:14+00:00,3.4947
24430,2026-09-10T22:06:35+00:00,3.5040
24462,2026-09-10T22:08:31+00:00,3.4915
24466,2026-09-10T22:08:45+00:00,3.4896
24472,2026-09-10T22:09:06+00:00,3.4799
24489,2026-09-10T22:10:06+00:00,3.4860
24500,2026-09-10T22:10:45+00:00,3.4869
24502,2026-09-10T22:10:52+00:00,3.4904
24510,2026-09-10T22:11:20+00:00,3.4881
24519,2026-09-10T22:11:51+00:00,3.4887
24559,2026-09-10T22:14:12+00:00,3.4927
24574,2026-09-10T22:15:04+00:00,3.4878
24578,2026-09-10T22:15:18+00:00,3.4924
24585,2026-09-10T22:15:43+00:00,3.4936
24593,2026-09-10T22:16:11+00:00,3.4927
24596,2026-09-10T22:16:21+00:00,3.4842
24654,2026-09-10T22:19:46+00:00,3.5082
24655,2026-09-10T22:19:49+00:00,3.4869
24691,2026-09-10T22:21:56+00:00,3.4939
24716,2026-09-10T22:23:28+00:00,3.4921
24720,2026-09-10T22:23:42+00:00,3.4878
24757,2026-09-10T22:25:53+00:00,3.4941
24797,2026-09-10T22:28:13+00:00,3.4850
24811,2026-09-10T22:29:02+00:00,3.4962
24812,2026-09-10T22:29:05+00:00,3.4898
24818,2026-09-10T22:29:27+00:00,3.4855
24821,2026-09-10T22:29:37+00:00,3.4907
24832,2026-09-10T22:30:16+00:00,3.4918
24835,2026-09-10T22:30:26+00:00,3.4893
24869,2026-09-10T22:32:26+00:00,3.4880
24900,2026-09-10T22:34:15+00:00,3.4938
24908,2026-09-10T22:34:43+00:00,3.4947
24927,2026-09-10T22:35:50+00:00,3.5039
24928,2026-09-10T22:35:53+00:00,3.4962
25006,2026-09-10T22:40:33+00:00,3.4911
25027,2026-09-10T22:41:47+00:00,3.4914
25028,2026-09-10T22:41:50+00:00,3.4903
25054,2026-09-10T22:43:21+00:00,3.4892
25056,2026-09-10T22:43:28+00:00,3.4887
25142,2026-09-10T22:48:30+00:00,3.4858
25143,2026-09-10T22:48:34+00:00,3.4871
25146,2026-09-10T22:48:44+00:00,3.4970
25162,2026-09-10T22:49:40+00:00,3.5284
25181,2026-09-10T22:50:47+00:00,3.4875
25182,2026-09-10T22:50:51+00:00,3.4954
25232,2026-09-10T22:53:50+00:00,3.4905
25278,2026-09-10T22:56:31+00:00,3.4900
25311,2026-09-10T22:58:27+00:00,3.4934
25340,2026-09-10T23:00:09+00:00,3.4874
25353,2026-09-10T23:00:55+00:00,3.4890
25382,2026-09-10T23:03:21+00:00,3.4925
25389,2026-09-10T23:03:46+00:00,3.4851
25458,2026-09-10T23:07:52+00:00,3.4977
25475,2026-09-10T23:08:52+00:00,3.4855
25480,2026-09-10T23:09:09+00:00,3.4958
25504,2026-09-10T23:10:34+00:00,3.4955
25541,2026-09-10T23:12:44+00:00,3.4949
25567,2026-09-10T23:14:16+00:00,3.6329
25582,2026-09-10T23:15:08+00:00,3.4901
25627,2026-09-10T23:17:47+00:00,3.4820
25641,2026-09-10T23:18:37+00:00,3.4856
25671,2026-09-10T23:20:22+00:00,3.4880
25680,2026-09-10T23:20:54+00:00,3.4893
25684,2026-09-10T23:21:08+00:00,3.4919
25741,2026-09-10T23:24:32+00:00,3.5402
25752,2026-09-10T23:25:10+00:00,3.4917
25776,2026-09-10T23:26:35+00:00,3.7843
25792,2026-09-10T23:27:31+00:00,3.4975
25806,2026-09-10T23:28:20+00:00,3.4831
25847,2026-09-10T23:30:44+00:00,3.4877
25851,2026-09-10T23:30:58+00:00,3.4896
25898,2026-09-10T23:33:44+00:00,3.5242
25900,2026-09-10T23:33:51+00:00,3.4916
25926,2026-09-10T23:35:22+00:00,3.4957
25933,2026-09-10T23:35:46+00:00,3.4925
25939,2026-09-10T23:36:07+00:00,3.4872
25944,2026-09-10T23:36:25+00:00,3.4912
25959,2026-09-10T23:37:19+00:00,3.4890
25962,2026-09-10T23:37:33+00:00,3.4911
25967,2026-09-10T23:37:50+00:00,3.5231
26086,2026-09-10T23:44:49+00:00,3.4898
26095,2026-09-10T23:45:20+00:00,3.4912
26122,2026-09-10T23:46:55+00:00,3.4944
26133,2026-09-10T23:47:34+00:00,3.4955
26160,2026-09-10T23:49:09+00:00,3.5047
26267,2026-09-10T23:55:28+00:00,3.4896
26312,2026-09-10T23:58:05+00:00,3.4851
26366,2026-09-11T00:01:15+00:00,3.4949
26378,2026-09-11T00:01:57+00:00,3.4846
26394,2026-09-11T00:02:53+00:00,3.4891
26399,2026-09-11T00:03:11+00:00,3.4918
26412,2026-09-11T00:03:57+00:00,3.4920
26454,2026-09-11T00:06:24+00:00,3.4883
26465,2026-09-11T00:07:03+00:00,3.4856
26483,2026-09-11T00:08:10+00:00,3.4938
26484,2026-09-11T00:08:13+00:00,3.4913
26511,2026-09-11T00:09:49+00:00,3.4881
26547,2026-09-11T00:11:55+00:00,3.4916
26558,2026-09-11T00:12:34+00:00,3.4857
26599,2026-09-11T00:14:58+00:00,3.4929
26626,2026-09-11T00:16:33+00:00,3.4872
26664,2026-09-11T00:18:47+00:00,3.4895
26687,2026-09-11T00:20:07+00:00,3.4962
26710,2026-09-11T00:21:28+00:00,3.4916
26754,2026-09-11T00:24:07+00:00,3.5651
26760,2026-09-11T00:24:28+00:00,3.4886
26863,2026-09-11T00:30:31+00:00,3.4914
26960,2026-09-11T00:36:11+00:00,3.4832
26982,2026-09-11T00:37:29+00:00,3.4857
27034,2026-09-11T00:40:35+00:00,3.4874
27105,2026-09-11T00:44:45+00:00,3.4936
27143,2026-09-11T00:46:58+00:00,3.4845
27201,2026-09-11T00:50:21+00:00,3.4917
27202,2026-09-11T00:50:25+00:00,3.4924
27210,2026-09-11T00:50:53+00:00,3.4861
27215,2026-09-11T00:51:10+00:00,3.4920
27253,2026-09-11T00:53:27+00:00,3.4882
27288,2026-09-11T00:55:30+00:00,3.4867
27306,2026-09-11T00:56:33+00:00,3.4896
27338,2026-09-11T00:58:26+00:00,3.4907
27393,2026-09-11T01:01:39+00:00,3.4884
27397,2026-09-11T01:01:53+00:00,3.5286
27447,2026-09-11T01:04:48+00:00,3.4905
27495,2026-09-11T01:08:25+00:00,3.4835
27507,2026-09-11T01:09:07+00:00,3.4947
27512,2026-09-11T01:09:25+00:00,3.4925
27592,2026-09-11T01:14:07+00:00,3.5495
27597,2026-09-11T01:14:24+00:00,3.4881
27602,2026-09-11T01:14:42+00:00,3.4907
27631,2026-09-11T01:16:23+00:00,3.4847
27681,2026-09-11T01:19:19+00:00,3.4872
27686,2026-09-11T01:19:37+00:00,3.4889
27703,2026-09-11T01:20:37+00:00,3.4855
27733,2026-09-11T01:22:23+00:00,3.4840
27754,2026-09-11T01:23:40+00:00,3.4902
27771,2026-09-11T01:24:40+00:00,3.4877
27783,2026-09-11T01:25:22+00:00,3.4931
27869,2026-09-11T01:30:24+00:00,3.4914
27919,2026-09-11T01:33:20+00:00,3.4837
27920,2026-09-11T01:33:23+00:00,3.4875
27922,2026-09-11T01:33:30+00:00,3.4867
27937,2026-09-11T01:34:23+00:00,3.4877
27990,2026-09-11T01:37:29+00:00,3.4887
28017,2026-09-11T01:39:08+00:00,3.4977
28031,2026-09-11T01:39:57+00:00,3.5304
28084,2026-09-11T01:43:04+00:00,3.4895
28085,2026-09-11T01:43:08+00:00,3.4930
28094,2026-09-11T01:43:39+00:00,3.4817
28114,2026-09-11T01:44:50+00:00,3.4913
28117,2026-09-11T01:45:00+00:00,3.4905
28119,2026-09-11T01:45:07+00:00,3.4887
28128,2026-09-11T01:45:39+00:00,3.4929
28134,2026-09-11T01:46:00+00:00,3.4894
28174,2026-09-11T01:48:20+00:00,3.4905
28189,2026-09-11T01:49:13+00:00,3.4890
28199,2026-09-11T01:49:48+00:00,3.4869
28200,2026-09-11T01:49:51+00:00,3.4846
28233,2026-09-11T01:51:47+00:00,3.4924
28245,2026-09-11T01:52:30+00:00,3.4884
28275,2026-09-11T01:54:19+00:00,3.7582
28287,2026-09-11T01:55:01+00:00,3.4860
28341,2026-09-11T01:58:11+00:00,3.4919
28346,2026-09-11T01:58:29+00:00,3.4891
28396,2026-09-11T02:01:24+00:00,3.4877
28410,2026-09-11T02:02:13+00:00,3.4926
28454,2026-09-11T02:04:49+00:00,3.4860
28461,2026-09-11T02:05:13+00:00,3.4842
28506,2026-09-11T02:07:52+00:00,3.4924
28520,2026-09-11T02:08:45+00:00,3.4917
28586,2026-09-11T02:12:37+00:00,3.4966
28587,2026-09-11T02:12:40+00:00,3.4952
28592,2026-09-11T02:12:58+00:00,3.4892
28693,2026-09-11T02:18:53+00:00,3.4952
28701,2026-09-11T02:19:21+00:00,3.4911
28712,2026-09-11T02:20:00+00:00,3.4891
28718,2026-09-11T02:20:21+00:00,3.4883
28722,2026-09-11T02:20:35+00:00,3.4929
28756,2026-09-11T02:22:34+00:00,3.4944
28807,2026-09-11T02:25:37+00:00,3.4923
28826,2026-09-11T02:26:44+00:00,3.4896
28844,2026-09-11T02:27:47+00:00,3.4919
28867,2026-09-11T02:29:08+00:00,3.4938
28918,2026-09-11T02:32:07+00:00,3.4949
28940,2026-09-11T02:33:25+00:00,3.4882
28989,2026-09-11T02:36:17+00:00,3.4913
28994,2026-09-11T02:36:35+00:00,3.4889
29008,2026-09-11T02:37:24+00:00,3.4888
29022,2026-09-11T02:38:13+00:00,3.4854
29027,2026-09-11T02:38:34+00:00,3.4856
29060,2026-09-11T02:41:16+00:00,3.4845
29066,2026-09-11T02:41:38+00:00,3.5089
29091,2026-09-11T02:43:05+00:00,3.4908
29113,2026-09-11T02:44:23+00:00,3.4861
29133,2026-09-11T02:45:33+00:00,3.4901
29158,2026-09-11T02:47:01+00:00,3.4873
29173,2026-09-11T02:47:54+00:00,3.4866
29176,2026-09-11T02:48:04+00:00,3.4860
29242,2026-09-11T02:51:56+00:00,3.4870
29273,2026-09-11T02:53:45+00:00,3.4883
29275,2026-09-11T02:53:52+00:00,3.5224
29294,2026-09-11T02:55:02+00:00,3.4860
29322,2026-09-11T02:56:41+00:00,3.5031
29383,2026-09-11T03:00:15+00:00,3.4884
29461,2026-09-11T03:04:50+00:00,3.4959
29474,2026-09-11T03:05:35+00:00,3.5007
29575,2026-09-11T03:11:59+00:00,3.4944
29583,2026-09-11T03:12:27+00:00,3.4899
29584,2026-09-11T03:12:31+00:00,3.4936
29586,2026-09-11T03:12:38+00:00,3.4898
29587,2026-09-11T03:12:41+00:00,3.4825
29606,2026-09-11T03:14:33+00:00,3.4900
29610,2026-09-11T03:14:47+00:00,3.4871
29611,2026-09-11T03:14:51+00:00,3.4889
29622,2026-09-11T03:15:29+00:00,3.4906
29626,2026-09-11T03:15:43+00:00,3.4880
29683,2026-09-11T03:19:04+00:00,3.4896
29694,2026-09-11T03:19:42+00:00,3.4893
29713,2026-09-11T03:20:49+00:00,3.4959
29714,2026-09-11T03:20:53+00:00,3.4849
29715,2026-09-11T03:20:56+00:00,3.4887
29730,2026-09-11T03:21:49+00:00,3.4906
29785,2026-09-11T03:25:08+00:00,3.4862
29788,2026-09-11T03:25:18+00:00,3.4919
29808,2026-09-11T03:26:28+00:00,3.4888
29822,2026-09-11T03:27:17+00:00,3.4898
29834,2026-09-11T03:27:59+00:00,3.4895
29906,2026-09-11T03:32:12+00:00,3.4896
29934,2026-09-11T03:33:52+00:00,3.4853
30000,2026-09-11T03:37:45+00:00,3.4935
30039,2026-09-11T03:40:14+00:00,3.4951
30053,2026-09-11T03:41:03+00:00,3.5176
30054,2026-09-11T03:41:07+00:00,3.4958
30073,2026-09-11T03:42:13+00:00,3.4916
30100,2026-09-11T03:43:48+00:00,3.4898
30104,2026-09-11T03:44:02+00:00,3.4941
30105,2026-09-11T03:44:06+00:00,3.4902
30161,2026-09-11T03:47:22+00:00,3.4901
30177,2026-09-11T03:48:18+00:00,3.4963
30209,2026-09-11T03:50:11+00:00,3.5141
30275,2026-09-11T03:54:03+00:00,3.4915
30326,2026-09-11T03:57:06+00:00,3.4903
30369,2026-09-11T03:59:37+00:00,3.4894
30396,2026-09-11T04:01:12+00:00,3.5088
30460,2026-09-11T04:04:58+00:00,3.4884
30463,2026-09-11T04:05:08+00:00,3.4878
30470,2026-09-11T04:05:33+00:00,3.4936
30478,2026-09-11T04:06:01+00:00,3.4933
30481,2026-09-11T04:06:12+00:00,3.4931
30531,2026-09-11T04:09:07+00:00,3.4927
30569,2026-09-11T04:11:24+00:00,3.4860
30574,2026-09-11T04:11:42+00:00,3.4954
30576,2026-09-11T04:11:49+00:00,3.8768
30636,2026-09-11T04:15:19+00:00,3.4912
30668,2026-09-11T04:17:12+00:00,3.4850
30670,2026-09-11T04:17:19+00:00,3.4866
30699,2026-09-11T04:19:01+00:00,3.4879
30712,2026-09-11T04:19:47+00:00,3.4888
30752,2026-09-11T04:22:08+00:00,3.5088
30804,2026-09-11T04:25:14+00:00,3.4854
30827,2026-09-11T04:26:35+00:00,3.4851
30828,2026-09-11T04:26:38+00:00,3.4900
30835,2026-09-11T04:27:03+00:00,3.4856
30841,2026-09-11T04:27:24+00:00,3.4957
30881,2026-09-11T04:29:45+00:00,3.5060
30885,2026-09-11T04:29:59+00:00,3.4930
30929,2026-09-11T04:32:34+00:00,3.4873
30981,2026-09-11T04:35:36+00:00,3.4838
30997,2026-09-11T04:36:33+00:00,3.4862
31004,2026-09-11T04:36:58+00:00,3.4914
31007,2026-09-11T04:37:08+00:00,3.4983
31091,2026-09-11T04:42:07+00:00,3.4885
31092,2026-09-11T04:42:11+00:00,3.4913
31101,2026-09-11T04:42:42+00:00,3.4879
31142,2026-09-11T04:45:06+00:00,3.4895
31183,2026-09-11T04:47:31+00:00,3.4875
31201,2026-09-11T04:48:34+00:00,3.4861
31222,2026-09-11T04:49:48+00:00,3.4898
31237,2026-09-11T04:50:41+00:00,3.4891
31251,2026-09-11T04:51:31+00:00,3.4878
31254,2026-09-11T04:51:41+00:00,3.4936
31265,2026-09-11T04:52:20+00:00,3.4928
31284,2026-09-11T04:53:27+00:00,3.4888
31304,2026-09-11T04:54:37+00:00,3.4971
31316,2026-09-11T04:55:28+00:00,3.4907
31352,2026-09-11T04:57:34+00:00,3.4882
31391,2026-09-11T04:59:51+00:00,3.4869
31400,2026-09-11T05:00:22+00:00,3.4902
31404,2026-09-11T05:00:36+00:00,3.4916
31439,2026-09-11T05:02:39+00:00,3.4897
31496,2026-09-11T05:05:59+00:00,3.4926
31508,2026-09-11T05:06:41+00:00,3.4948
31526,2026-09-11T05:07:44+00:00,3.4886
31562,2026-09-11T05:09:51+00:00,3.4936
31600,2026-09-11T05:12:52+00:00,3.4874
31604,2026-09-11T05:13:06+00:00,3.4893
31615,2026-09-11T05:13:45+00:00,3.4941
31630,2026-09-11T05:14:37+00:00,3.4891
31638,2026-09-11T05:15:05+00:00,3.4868
31642,2026-09-11T05:15:19+00:00,3.4884
31645,2026-09-11T05:15:30+00:00,3.4920
31664,2026-09-11T05:16:36+00:00,3.4933
31712,2026-09-11T05:20:12+00:00,3.4918
31775,2026-09-11T05:23:53+00:00,3.4912
31781,2026-09-11T05:24:14+00:00,3.4956
31804,2026-09-11T05:25:47+00:00,3.4921
31805,2026-09-11T05:25:51+00:00,3.4932
31847,2026-09-11T05:28:18+00:00,3.4875
31864,2026-09-11T05:29:18+00:00,3.4902
31871,2026-09-11T05:29:42+00:00,3.4965
31887,2026-09-11T05:30:39+00:00,3.4962
31905,2026-09-11T05:31:42+00:00,3.4914
31906,2026-09-11T05:31:45+00:00,3.4938
31914,2026-09-11T05:32:14+00:00,3.4903
31970,2026-09-11T05:35:30+00:00,3.4853
31973,2026-09-11T05:35:41+00:00,3.5024
31976,2026-09-11T05:35:51+00:00,3.4833
31984,2026-09-11T05:36:22+00:00,3.4919
32000,2026-09-11T05:37:18+00:00,3.4899
32040,2026-09-11T05:39:39+00:00,3.4915
32050,2026-09-11T05:40:15+00:00,3.4928
32058,2026-09-11T05:40:46+00:00,3.4935
32069,2026-09-11T05:41:25+00:00,3.4853
32083,2026-09-11T05:42:14+00:00,3.4886
32084,2026-09-11T05:42:18+00:00,3.4959
32088,2026-09-11T05:42:32+00:00,3.5300
32104,2026-09-11T05:43:28+00:00,3.4860
32108,2026-09-11T05:43:42+00:00,3.4953
32127,2026-09-11T05:44:49+00:00,3.4925
32142,2026-09-11T05:45:42+00:00,3.4901
32189,2026-09-11T05:48:27+00:00,3.4904
32204,2026-09-11T05:49:20+00:00,3.4918
32209,2026-09-11T05:49:38+00:00,3.4919
32249,2026-09-11T05:51:58+00:00,3.4842
32268,2026-09-11T05:53:05+00:00,3.4891
32310,2026-09-11T05:55:38+00:00,3.5532
32327,2026-09-11T05:56:37+00:00,3.4846
32334,2026-09-11T05:57:02+00:00,3.4818
32341,2026-09-11T05:57:26+00:00,3.4930
32412,2026-09-11T06:01:35+00:00,3.4936
32434,2026-09-11T06:02:53+00:00,3.4959
32472,2026-09-11T06:05:06+00:00,3.4908
32529,2026-09-11T06:08:26+00:00,3.4882
32560,2026-09-11T06:10:16+00:00,3.4873
32575,2026-09-11T06:11:12+00:00,3.4904
32588,2026-09-11T06:11:58+00:00,3.4946
32615,2026-09-11T06:13:32+00:00,3.4900
32642,2026-09-11T06:15:07+00:00,3.4864
32681,2026-09-11T06:17:25+00:00,3.4896
32697,2026-09-11T06:18:21+00:00,3.4913
32717,2026-09-11T06:19:31+00:00,3.4982
32724,2026-09-11T06:19:56+00:00,3.4903
32753,2026-09-11T06:21:39+00:00,3.4805
32772,2026-09-11T06:22:45+00:00,3.4957
32815,2026-09-11T06:25:16+00:00,3.4907
32824,2026-09-11T06:25:51+00:00,3.4952
32844,2026-09-11T06:27:02+00:00,3.4855
32941,2026-09-11T06:32:43+00:00,3.5176
32952,2026-09-11T06:33:21+00:00,3.5045
32953,2026-09-11T06:33:25+00:00,3.4916
32959,2026-09-11T06:33:46+00:00,3.4945
32979,2026-09-11T06:34:56+00:00,3.5209
33022,2026-09-11T06:37:27+00:00,3.4918
33030,2026-09-11T06:37:56+00:00,3.4897
33067,2026-09-11T06:40:06+00:00,3.4840
33157,2026-09-11T06:45:26+00:00,3.4899
33178,2026-09-11T06:46:40+00:00,3.4883
33225,2026-09-11T06:49:25+00:00,3.4884
33233,2026-09-11T06:49:53+00:00,3.4842
33236,2026-09-11T06:50:04+00:00,3.4872
33245,2026-09-11T06:50:35+00:00,3.4830
33271,2026-09-11T06:52:07+00:00,3.4953
33339,2026-09-11T06:56:09+00:00,3.4982
33358,2026-09-11T06:57:16+00:00,3.4838
33372,2026-09-11T06:58:05+00:00,3.4932
33390,2026-09-11T06:59:09+00:00,3.4923
33434,2026-09-11T07:01:43+00:00,3.4894
33435,2026-09-11T07:01:47+00:00,3.4935
33445,2026-09-11T07:02:22+00:00,3.4906
33450,2026-09-11T07:02:40+00:00,3.4933
33453,2026-09-11T07:02:50+00:00,3.4844
33461,2026-09-11T07:03:18+00:00,3.5168
33518,2026-09-11T07:06:40+00:00,3.5034
33587,2026-09-11T07:10:42+00:00,3.4894
33611,2026-09-11T07:12:10+00:00,3.4970
33653,2026-09-11T07:14:37+00:00,3.4865
33663,2026-09-11T07:15:13+00:00,3.4964
33669,2026-09-11T07:15:34+00:00,3.4915
33682,2026-09-11T07:16:20+00:00,3.4874
33756,2026-09-11T07:20:39+00:00,3.4876
33775,2026-09-11T07:21:46+00:00,3.4872
33822,2026-09-11T07:24:31+00:00,3.4923
33828,2026-09-11T07:25:38+00:00,3.4877
33829,2026-09-11T07:25:41+00:00,3.4870
33894,2026-09-11T07:29:34+00:00,3.4874
33902,2026-09-11T07:30:02+00:00,3.4847
33910,2026-09-11T07:30:30+00:00,3.4916
33950,2026-09-11T07:32:52+00:00,3.8783
34001,2026-09-11T07:35:51+00:00,3.5038
34009,2026-09-11T07:36:19+00:00,3.4883
34024,2026-09-11T07:37:12+00:00,3.4906
34033,2026-09-11T07:37:44+00:00,3.4883
34048,2026-09-11T07:38:37+00:00,3.5027
34063,2026-09-11T07:39:30+00:00,3.4886
34110,2026-09-11T07:42:20+00:00,3.4860
34111,2026-09-11T07:42:23+00:00,3.4896
34131,2026-09-11T07:43:34+00:00,3.4905
34209,2026-09-11T07:48:07+00:00,3.4931
34232,2026-09-11T07:49:28+00:00,3.4900
34250,2026-09-11T07:50:31+00:00,3.4891
34267,2026-09-11T07:51:31+00:00,3.4917
34296,2026-09-11T07:53:13+00:00,3.4885
34304,2026-09-11T07:53:41+00:00,3.4960
34345,2026-09-11T07:56:06+00:00,3.4869
34367,2026-09-11T07:57:27+00:00,3.5055
34395,2026-09-11T07:59:05+00:00,3.4945
34444,2026-09-11T08:01:58+00:00,3.4939
34447,2026-09-11T08:02:09+00:00,3.4857
34450,2026-09-11T08:02:19+00:00,3.4856
34496,2026-09-11T08:05:02+00:00,3.4957
34501,2026-09-11T08:05:19+00:00,3.4949
34505,2026-09-11T08:05:33+00:00,3.4890
34506,2026-09-11T08:05:37+00:00,3.4907
34509,2026-09-11T08:05:47+00:00,3.4980
34527,2026-09-11T08:06:50+00:00,3.4922
34546,2026-09-11T08:07:57+00:00,3.4894
34551,2026-09-11T08:08:15+00:00,3.4854
34563,2026-09-11T08:08:57+00:00,3.4996
34579,2026-09-11T08:09:53+00:00,3.5022
34592,2026-09-11T08:10:38+00:00,3.5000
34645,2026-09-11T08:13:48+00:00,3.5004
34646,2026-09-11T08:13:52+00:00,3.4859
34702,2026-09-11T08:17:10+00:00,3.4902
34738,2026-09-11T08:19:17+00:00,3.4861
34803,2026-09-11T08:23:05+00:00,3.5009
34844,2026-09-11T08:25:29+00:00,3.4943
34874,2026-09-11T08:27:18+00:00,3.4985
34889,2026-09-11T08:28:10+00:00,3.4981
34900,2026-09-11T08:28:49+00:00,3.5031
34905,2026-09-11T08:29:07+00:00,3.4925
34923,2026-09-11T08:30:11+00:00,3.4986
34930,2026-09-11T08:30:35+00:00,3.4871
34956,2026-09-11T08:32:07+00:00,3.4955
34962,2026-09-11T08:32:28+00:00,3.5122
34991,2026-09-11T08:34:10+00:00,3.5014
35006,2026-09-11T08:35:02+00:00,3.4957
35013,2026-09-11T08:35:27+00:00,3.4837
35033,2026-09-11T08:36:37+00:00,3.4963
35055,2026-09-11T08:37:54+00:00,3.4986
35068,2026-09-11T08:38:40+00:00,3.4941
35071,2026-09-11T08:38:51+00:00,3.4942
35109,2026-09-11T08:41:04+00:00,3.4839
35114,2026-09-11T08:41:25+00:00,3.4937
35118,2026-09-11T08:41:39+00:00,3.4892
35122,2026-09-11T08:41:54+00:00,3.4918
35155,2026-09-11T08:43:51+00:00,3.4878
35177,2026-09-11T08:45:09+00:00,3.4942
35204,2026-09-11T08:46:44+00:00,3.4946
35216,2026-09-11T08:47:26+00:00,3.4857
35223,2026-09-11T08:47:50+00:00,3.4893
35230,2026-09-11T08:48:15+00:00,3.4930
35235,2026-09-11T08:48:33+00:00,3.4905
35258,2026-09-11T08:49:53+00:00,3.4930
35262,2026-09-11T08:50:07+00:00,3.5012
35278,2026-09-11T08:51:04+00:00,3.4954
35300,2026-09-11T08:52:21+00:00,3.5037
35308,2026-09-11T08:52:49+00:00,3.4853
35334,2026-09-11T08:54:20+00:00,3.4926
35361,2026-09-11T08:55:55+00:00,3.5094
35379,2026-09-11T08:57:02+00:00,3.6459
35416,2026-09-11T08:59:12+00:00,3.4975
35421,2026-09-11T08:59:30+00:00,3.4896
35429,2026-09-11T08:59:58+00:00,3.4843
35477,2026-09-11T09:02:47+00:00,3.4873
35486,2026-09-11T09:03:19+00:00,3.4858
35515,2026-09-11T09:05:00+00:00,3.4928
35535,2026-09-11T09:06:11+00:00,3.4945
35642,2026-09-11T09:12:34+00:00,3.4917
35649,2026-09-11T09:12:58+00:00,3.4947
35673,2026-09-11T09:14:23+00:00,3.4951
35703,2026-09-11T09:16:09+00:00,3.4941
35723,2026-09-11T09:17:19+00:00,3.4846
35729,2026-09-11T09:17:40+00:00,3.4916
35737,2026-09-11T09:18:08+00:00,3.4914
35739,2026-09-11T09:18:15+00:00,3.5002
35776,2026-09-11T09:20:25+00:00,3.5051
35801,2026-09-11T09:21:53+00:00,3.4904
35823,2026-09-11T09:23:10+00:00,3.4929
35877,2026-09-11T09:26:21+00:00,3.4937
35892,2026-09-11T09:27:17+00:00,3.5082
35899,2026-09-11T09:27:42+00:00,3.4978
35906,2026-09-11T09:28:06+00:00,3.4897
35953,2026-09-11T09:31:35+00:00,3.4873
36016,2026-09-11T09:35:19+00:00,3.4892
36022,2026-09-11T09:35:40+00:00,3.4904
36059,2026-09-11T09:37:50+00:00,3.4936
36093,2026-09-11T09:39:50+00:00,3.4845
36120,2026-09-11T09:41:25+00:00,3.4895
36152,2026-09-11T09:43:21+00:00,3.4860
36161,2026-09-11T09:43:53+00:00,3.4895
36204,2026-09-11T09:46:27+00:00,3.4908
36207,2026-09-11T09:46:38+00:00,3.4878
36261,2026-09-11T09:49:48+00:00,3.4868
36283,2026-09-11T09:51:05+00:00,3.4907
36363,2026-09-11T09:55:46+00:00,3.4909
36397,2026-09-11T09:57:53+00:00,3.4900
36411,2026-09-11T09:58:42+00:00,3.4871
36413,2026-09-11T09:58:49+00:00,3.4947
36415,2026-09-11T09:58:56+00:00,3.4985
36424,2026-09-11T09:59:28+00:00,3.4832
36431,2026-09-11T09:59:52+00:00,3.4893
36447,2026-09-11T10:00:49+00:00,3.4940
36467,2026-09-11T10:01:59+00:00,3.4912
36518,2026-09-11T10:04:59+00:00,3.4881
36550,2026-09-11T10:06:51+00:00,3.4867
36582,2026-09-11T10:08:43+00:00,3.4929
36600,2026-09-11T10:09:47+00:00,3.4913
36640,2026-09-11T10:12:11+00:00,3.5040
36646,2026-09-11T10:12:32+00:00,3.4925
36708,2026-09-11T10:16:10+00:00,3.4888
36715,2026-09-11T10:16:34+00:00,3.4873
36718,2026-09-11T10:16:45+00:00,3.4901
36743,2026-09-11T10:18:13+00:00,3.4872
36744,2026-09-11T10:18:16+00:00,3.4909
36767,2026-09-11T10:19:37+00:00,3.4899
36770,2026-09-11T10:19:48+00:00,3.4915
36784,2026-09-11T10:20:37+00:00,3.4925
36787,2026-09-11T10:20:47+00:00,3.4861
36809,2026-09-11T10:22:05+00:00,3.4845
36820,2026-09-11T10:22:43+00:00,3.4947
36839,2026-09-11T10:23:50+00:00,3.4918
36842,2026-09-11T10:24:00+00:00,3.4930
36847,2026-09-11T10:24:18+00:00,3.4891
36852,2026-09-11T10:24:36+00:00,3.4881
36856,2026-09-11T10:24:50+00:00,3.4961
36898,2026-09-11T10:27:22+00:00,3.4908
36934,2026-09-11T10:29:28+00:00,3.5101
36955,2026-09-11T10:30:42+00:00,3.5083
36956,2026-09-11T10:30:45+00:00,3.4884
36963,2026-09-11T10:31:10+00:00,3.4930
36990,2026-09-11T10:32:45+00:00,3.4895
36993,2026-09-11T10:32:55+00:00,3.4911
37015,2026-09-11T10:34:13+00:00,3.5072
37018,2026-09-11T10:34:23+00:00,3.4910
37026,2026-09-11T10:34:51+00:00,3.4940
37040,2026-09-11T10:35:41+00:00,3.4899
37059,2026-09-11T10:36:47+00:00,3.4883
37088,2026-09-11T10:38:29+00:00,3.4914
37139,2026-09-11T10:41:28+00:00,3.4886
37213,2026-09-11T10:45:57+00:00,3.4922
37217,2026-09-11T10:46:11+00:00,3.5163
37231,2026-09-11T10:47:00+00:00,3.4898
37243,2026-09-11T10:47:42+00:00,3.4900
37254,2026-09-11T10:48:21+00:00,3.4958
37283,2026-09-11T10:50:02+00:00,3.4883
37290,2026-09-11T10:50:27+00:00,3.4985
37467,2026-09-11T11:00:53+00:00,3.4867
37503,2026-09-11T11:02:59+00:00,3.4937
37536,2026-09-11T11:04:55+00:00,3.5024
37592,2026-09-11T11:08:12+00:00,3.4977
37593,2026-09-11T11:08:15+00:00,3.4867
37617,2026-09-11T11:09:40+00:00,3.4854
37622,2026-09-11T11:09:57+00:00,3.4901
37656,2026-09-11T11:11:57+00:00,3.4926
37660,2026-09-11T11:12:11+00:00,3.4911
37663,2026-09-11T11:12:25+00:00,3.6406
37679,2026-09-11T11:13:21+00:00,3.4916
37712,2026-09-11T11:15:18+00:00,3.4900
37728,2026-09-11T11:16:14+00:00,3.5021
37733,2026-09-11T11:16:32+00:00,3.5226
37795,2026-09-11T11:20:10+00:00,3.4866
37830,2026-09-11T11:22:13+00:00,3.4862
37834,2026-09-11T11:22:27+00:00,3.4865
37856,2026-09-11T11:23:44+00:00,3.4951
37858,2026-09-11T11:23:51+00:00,3.4871
37901,2026-09-11T11:26:22+00:00,3.4885
37905,2026-09-11T11:26:36+00:00,3.4898
37915,2026-09-11T11:27:12+00:00,3.5088
37931,2026-09-11T11:28:11+00:00,3.4885
38021,2026-09-11T11:33:28+00:00,3.4913
38037,2026-09-11T11:34:24+00:00,3.4910
38042,2026-09-11T11:34:41+00:00,3.5095
38046,2026-09-11T11:34:55+00:00,3.4881
38059,2026-09-11T11:36:26+00:00,3.4921
38062,2026-09-11T11:36:36+00:00,3.4897
38068,2026-09-11T11:36:57+00:00,3.4878
38076,2026-09-11T11:37:25+00:00,3.4925
38117,2026-09-11T11:39:49+00:00,3.4916
38184,2026-09-11T11:43:48+00:00,3.4962
38198,2026-09-11T11:44:37+00:00,3.4921
38201,2026-09-11T11:44:47+00:00,3.4915
38241,2026-09-11T11:47:08+00:00,3.4882
38303,2026-09-11T11:50:45+00:00,3.4856
38306,2026-09-11T11:50:56+00:00,3.4908
38386,2026-09-11T11:55:37+00:00,3.4946
38422,2026-09-11T11:57:48+00:00,3.4904
38510,2026-09-11T12:02:57+00:00,3.4888
38524,2026-09-11T12:03:46+00:00,3.5025
38534,2026-09-11T12:04:21+00:00,3.4878
38569,2026-09-11T12:06:25+00:00,3.4897
38584,2026-09-11T12:07:17+00:00,3.4920
38646,2026-09-11T12:10:56+00:00,3.4983
38664,2026-09-11T12:12:00+00:00,3.5288
38695,2026-09-11T12:13:59+00:00,3.4932
38701,2026-09-11T12:14:20+00:00,3.4898
38735,2026-09-11T12:16:20+00:00,3.4902
38793,2026-09-11T12:19:44+00:00,3.4946
38804,2026-09-11T12:20:23+00:00,3.5013
38831,2026-09-11T12:21:57+00:00,3.4922
38848,2026-09-11T12:22:57+00:00,3.4954
38881,2026-09-11T12:24:53+00:00,3.4902
38918,2026-09-11T12:27:03+00:00,3.4884
38922,2026-09-11T12:27:17+00:00,3.4883
38937,2026-09-11T12:28:13+00:00,3.4911
38957,2026-09-11T12:29:23+00:00,3.4841
38961,2026-09-11T12:29:37+00:00,3.4937
38966,2026-09-11T12:29:55+00:00,3.4956
39090,2026-09-11T12:37:12+00:00,3.4909
39149,2026-09-11T12:40:39+00:00,3.4886
39164,2026-09-11T12:41:32+00:00,3.4940
39198,2026-09-11T12:43:35+00:00,3.4876
39204,2026-09-11T12:43:56+00:00,3.4881
39265,2026-09-11T12:47:31+00:00,3.4898
39266,2026-09-11T12:47:34+00:00,3.4912
39275,2026-09-11T12:48:06+00:00,3.4896
39281,2026-09-11T12:48:27+00:00,3.4889
39288,2026-09-11T12:48:51+00:00,3.4882
39292,2026-09-11T12:49:06+00:00,3.4887
39293,2026-09-11T12:49:09+00:00,3.4887
39294,2026-09-11T12:49:13+00:00,3.4881
39323,2026-09-11T12:50:55+00:00,3.4909
39332,2026-09-11T12:51:26+00:00,3.4888
39337,2026-09-11T12:51:44+00:00,3.4916
39348,2026-09-11T12:52:23+00:00,3.4894
39372,2026-09-11T12:53:47+00:00,3.4933
39388,2026-09-11T12:54:43+00:00,3.4910
39413,2026-09-11T12:56:10+00:00,3.5084
39425,2026-09-11T12:56:52+00:00,3.4907
39433,2026-09-11T12:57:21+00:00,3.4906
39438,2026-09-11T12:57:38+00:00,3.4908
39480,2026-09-11T13:00:09+00:00,3.4906
39540,2026-09-11T13:03:39+00:00,3.4911
39576,2026-09-11T13:05:46+00:00,3.4857
39584,2026-09-11T13:06:14+00:00,3.4939
39597,2026-09-11T13:06:59+00:00,3.4866
39637,2026-09-11T13:09:20+00:00,3.4901
39641,2026-09-11T13:09:34+00:00,3.4939
39645,2026-09-11T13:09:48+00:00,3.4904
39673,2026-09-11T13:11:26+00:00,3.4855
39702,2026-09-11T13:13:12+00:00,3.5025
39718,2026-09-11T13:14:08+00:00,3.4909
39738,2026-09-11T13:15:19+00:00,3.5016
39766,2026-09-11T13:16:57+00:00,3.4939
39796,2026-09-11T13:18:43+00:00,3.5068
39807,2026-09-11T13:19:22+00:00,3.4904
39863,2026-09-11T13:22:38+00:00,3.4889
39892,2026-09-11T13:24:20+00:00,3.4894
39972,2026-09-11T13:29:11+00:00,3.4897
39974,2026-09-11T13:29:18+00:00,3.4933
39986,2026-09-11T13:30:00+00:00,3.5238
39993,2026-09-11T13:30:25+00:00,3.4876
40068,2026-09-11T13:34:49+00:00,3.4921
40078,2026-09-11T13:35:24+00:00,3.4925
40132,2026-09-11T13:38:34+00:00,3.4904
40146,2026-09-11T13:39:23+00:00,3.4887
40160,2026-09-11T13:40:12+00:00,3.5129
40232,2026-09-11T13:45:16+00:00,3.4939
40253,2026-09-11T13:46:29+00:00,3.4882
40265,2026-09-11T13:47:11+00:00,3.4910
40279,2026-09-11T13:48:00+00:00,3.4868
40295,2026-09-11T13:48:57+00:00,3.4875
40296,2026-09-11T13:49:00+00:00,3.4877
40353,2026-09-11T13:52:21+00:00,3.4929
40369,2026-09-11T13:53:18+00:00,3.4900
40396,2026-09-11T13:54:53+00:00,3.4941
40475,2026-09-11T13:59:33+00:00,3.4920
40482,2026-09-11T13:59:58+00:00,3.4863
40483,2026-09-11T14:00:01+00:00,3.4927
40510,2026-09-11T14:01:36+00:00,3.4897
40525,2026-09-11T14:02:29+00:00,3.4870
40532,2026-09-11T14:02:54+00:00,3.4907
40554,2026-09-11T14:04:11+00:00,3.4974
40578,2026-09-11T14:05:35+00:00,3.4879
40582,2026-09-11T14:05:49+00:00,3.4897
40592,2026-09-11T14:06:24+00:00,3.4912
40602,2026-09-11T14:07:00+00:00,3.4867
40668,2026-09-11T14:10:51+00:00,3.4911
40680,2026-09-11T14:11:34+00:00,3.4901
40681,2026-09-11T14:11:37+00:00,3.4927
40685,2026-09-11T14:11:51+00:00,3.4930
40725,2026-09-11T14:14:15+00:00,3.5191
40766,2026-09-11T14:16:40+00:00,3.4879
40771,2026-09-11T14:16:58+00:00,3.4894
40777,2026-09-11T14:17:19+00:00,3.4984
40809,2026-09-11T14:19:11+00:00,3.4887
40829,2026-09-11T14:20:21+00:00,3.4918
40834,2026-09-11T14:20:39+00:00,3.4917
40907,2026-09-11T14:24:55+00:00,3.4970
40946,2026-09-11T14:27:12+00:00,3.4970
40961,2026-09-11T14:28:05+00:00,3.4888
41017,2026-09-11T14:31:25+00:00,3.4881
41021,2026-09-11T14:31:39+00:00,3.4967
41048,2026-09-11T14:33:14+00:00,3.4958
41051,2026-09-11T14:33:25+00:00,3.4918
41100,2026-09-11T14:36:18+00:00,3.4992
41110,2026-09-11T14:36:53+00:00,3.5076
41164,2026-09-11T14:40:03+00:00,3.4888
41210,2026-09-11T14:42:45+00:00,3.4935
41236,2026-09-11T14:44:19+00:00,3.4894
41266,2026-09-11T14:46:05+00:00,3.4902
41277,2026-09-11T14:46:43+00:00,3.5021
41301,2026-09-11T14:48:08+00:00,3.4862
41307,2026-09-11T14:48:29+00:00,3.4899
41350,2026-09-11T14:50:59+00:00,3.4957
41355,2026-09-11T14:51:17+00:00,3.4839
41371,2026-09-11T14:52:13+00:00,3.4914
41387,2026-09-11T14:53:09+00:00,3.4926
41418,2026-09-11T14:54:59+00:00,3.4914
41463,2026-09-11T14:57:37+00:00,3.4893
41508,2026-09-11T15:00:18+00:00,3.5162
41558,2026-09-11T15:03:13+00:00,3.4896
41614,2026-09-11T15:06:30+00:00,3.4933
41644,2026-09-11T15:08:15+00:00,3.4855
41654,2026-09-11T15:08:50+00:00,3.4859
41702,2026-09-11T15:11:39+00:00,3.4881
41707,2026-09-11T15:11:56+00:00,3.4881
41711,2026-09-11T15:12:10+00:00,3.4893
41773,2026-09-11T15:15:51+00:00,3.4886
41783,2026-09-11T15:16:26+00:00,3.4914
41794,2026-09-11T15:17:05+00:00,3.4856
41842,2026-09-11T15:19:54+00:00,3.4920
41924,2026-09-11T15:24:43+00:00,3.4895
41967,2026-09-11T15:27:15+00:00,3.4922
41979,2026-09-11T15:27:57+00:00,3.4944
41999,2026-09-11T15:29:14+00:00,3.5042
42015,2026-09-11T15:30:10+00:00,3.4893
42045,2026-09-11T15:31:55+00:00,3.4989
42154,2026-09-11T15:38:18+00:00,3.4875
42169,2026-09-11T15:39:11+00:00,3.4918
42175,2026-09-11T15:39:32+00:00,3.4934
42189,2026-09-11T15:40:21+00:00,3.4981
42211,2026-09-11T15:41:39+00:00,3.4918
42225,2026-09-11T15:42:28+00:00,3.4878
42235,2026-09-11T15:43:03+00:00,3.4895
42240,2026-09-11T15:43:21+00:00,3.6748
42259,2026-09-11T15:44:38+00:00,3.4915
42265,2026-09-11T15:44:59+00:00,3.4905
42302,2026-09-11T15:47:54+00:00,3.4889
42309,2026-09-11T15:48:19+00:00,3.4918
42311,2026-09-11T15:48:27+00:00,3.4896
42326,2026-09-11T15:49:19+00:00,3.4901
42350,2026-09-11T15:50:43+00:00,3.5066
42351,2026-09-11T15:50:47+00:00,3.4904
42392,2026-09-11T15:53:10+00:00,3.4887
42472,2026-09-11T15:57:51+00:00,3.4948
42510,2026-09-11T16:00:12+00:00,3.4945
42518,2026-09-11T16:00:40+00:00,3.4953
42529,2026-09-11T16:01:19+00:00,3.4912
42549,2026-09-11T16:02:29+00:00,3.4929
42568,2026-09-11T16:03:35+00:00,3.4967
42588,2026-09-11T16:04:46+00:00,3.4878
42593,2026-09-11T16:05:03+00:00,3.4891
42599,2026-09-11T16:05:24+00:00,3.4880
42622,2026-09-11T16:06:45+00:00,3.5067
42635,2026-09-11T16:07:31+00:00,3.4888
42655,2026-09-11T16:08:41+00:00,3.5176
42657,2026-09-11T16:08:48+00:00,3.4887
42682,2026-09-11T16:10:16+00:00,3.4926
42783,2026-09-11T16:16:16+00:00,3.4930
42802,2026-09-11T16:17:22+00:00,3.4909
42833,2026-09-11T16:19:11+00:00,3.4926
42841,2026-09-11T16:19:39+00:00,3.4854
42892,2026-09-11T16:22:39+00:00,3.4868
42916,2026-09-11T16:24:03+00:00,3.4856
42926,2026-09-11T16:24:38+00:00,3.4913
43031,2026-09-11T16:30:52+00:00,3.4921
43069,2026-09-11T16:33:05+00:00,3.4924
43078,2026-09-11T16:33:36+00:00,3.4899
43090,2026-09-11T16:34:18+00:00,3.4902
43091,2026-09-11T16:34:22+00:00,3.4953
43104,2026-09-11T16:35:08+00:00,3.4910
43125,2026-09-11T16:36:21+00:00,3.4909
43168,2026-09-11T16:38:53+00:00,3.4980
43227,2026-09-11T16:42:20+00:00,3.4926
43238,2026-09-11T16:43:01+00:00,3.4945
43279,2026-09-11T16:45:29+00:00,3.4985
43287,2026-09-11T16:45:57+00:00,3.4913
43289,2026-09-11T16:46:04+00:00,3.4909
43322,2026-09-11T16:48:01+00:00,3.4921
43348,2026-09-11T16:49:32+00:00,3.4881
43353,2026-09-11T16:49:50+00:00,3.4930
43367,2026-09-11T16:50:39+00:00,3.4882
43409,2026-09-11T16:53:10+00:00,3.6647
43442,2026-09-11T16:55:06+00:00,3.4865
43514,2026-09-11T16:59:19+00:00,3.5689
43528,2026-09-11T17:00:12+00:00,3.4960
43541,2026-09-11T17:00:57+00:00,3.4937
43547,2026-09-11T17:01:18+00:00,3.4881
43554,2026-09-11T17:01:43+00:00,3.4905
43579,2026-09-11T17:03:33+00:00,3.4858
43588,2026-09-11T17:04:05+00:00,3.5016
43598,2026-09-11T17:04:40+00:00,3.4903
43630,2026-09-11T17:06:32+00:00,3.4884
43654,2026-09-11T17:07:56+00:00,3.4942
43728,2026-09-11T17:12:17+00:00,3.5004
43742,2026-09-11T17:13:06+00:00,3.4914
43785,2026-09-11T17:15:37+00:00,3.4881
43812,2026-09-11T17:17:17+00:00,3.4966
43825,2026-09-11T17:18:03+00:00,3.4896
43826,2026-09-11T17:18:06+00:00,3.4942
43831,2026-09-11T17:18:24+00:00,3.4835
43852,2026-09-11T17:19:37+00:00,3.4886
43853,2026-09-11T17:19:41+00:00,3.4855
43855,2026-09-11T17:19:48+00:00,3.4999
43857,2026-09-11T17:19:55+00:00,3.4879
43872,2026-09-11T17:20:48+00:00,3.4949
43875,2026-09-11T17:20:58+00:00,3.4857
43903,2026-09-11T17:22:37+00:00,3.4921
43906,2026-09-11T17:22:48+00:00,3.4923
43937,2026-09-11T17:24:37+00:00,3.4895
43969,2026-09-11T17:26:29+00:00,3.4852
44002,2026-09-11T17:28:25+00:00,3.4950
44034,2026-09-11T17:30:17+00:00,3.4916
44052,2026-09-11T17:31:20+00:00,3.4938
44077,2026-09-11T17:32:52+00:00,3.4950
44088,2026-09-11T17:33:31+00:00,3.4858
44095,2026-09-11T17:33:55+00:00,3.4939
44154,2026-09-11T17:37:23+00:00,3.4866
44174,2026-09-11T17:38:34+00:00,3.4978
44239,2026-09-11T17:42:22+00:00,3.4903
44262,2026-09-11T17:43:43+00:00,3.4870
44273,2026-09-11T17:44:21+00:00,3.4972
44300,2026-09-11T17:45:57+00:00,3.4958
44313,2026-09-11T17:46:42+00:00,3.4931
44366,2026-09-11T17:49:52+00:00,3.4951
44379,2026-09-11T17:50:38+00:00,3.5120
44428,2026-09-11T17:54:15+00:00,3.4947
44436,2026-09-11T17:54:44+00:00,3.5145
44478,2026-09-11T17:57:11+00:00,3.4857
44491,2026-09-11T17:57:57+00:00,3.4880
44515,2026-09-11T17:59:21+00:00,3.4922
44566,2026-09-11T18:02:20+00:00,3.4909
44632,2026-09-11T18:06:16+00:00,3.4921
44642,2026-09-11T18:06:51+00:00,3.4929
44649,2026-09-11T18:07:16+00:00,3.4891
44657,2026-09-11T18:07:44+00:00,3.4882
44706,2026-09-11T18:10:36+00:00,3.4919
44708,2026-09-11T18:10:43+00:00,3.5065
44716,2026-09-11T18:11:11+00:00,3.4850
44730,2026-09-11T18:12:00+00:00,3.4903
44782,2026-09-11T18:15:03+00:00,3.4861
44802,2026-09-11T18:16:13+00:00,3.4955
44808,2026-09-11T18:16:34+00:00,3.4871
44832,2026-09-11T18:18:03+00:00,3.4925
44919,2026-09-11T18:23:09+00:00,3.4912
44930,2026-09-11T18:23:48+00:00,3.4899
44936,2026-09-11T18:24:09+00:00,3.4900
44943,2026-09-11T18:24:33+00:00,3.4940
44951,2026-09-11T18:25:01+00:00,3.4872
44961,2026-09-11T18:25:37+00:00,3.4906
44967,2026-09-11T18:25:58+00:00,3.4911
44988,2026-09-11T18:27:12+00:00,3.5181
45001,2026-09-11T18:27:58+00:00,3.4914
45010,2026-09-11T18:28:29+00:00,3.4922
45040,2026-09-11T18:30:16+00:00,3.4908
45041,2026-09-11T18:30:19+00:00,3.4913
45051,2026-09-11T18:30:54+00:00,3.4864
45114,2026-09-11T18:34:39+00:00,3.4922
45145,2026-09-11T18:36:28+00:00,3.4865
45166,2026-09-11T18:37:42+00:00,3.4882
45192,2026-09-11T18:39:13+00:00,3.5175
45195,2026-09-11T18:39:24+00:00,3.4883
45201,2026-09-11T18:39:45+00:00,3.4906
45239,2026-09-11T18:41:58+00:00,3.4929
45278,2026-09-11T18:44:16+00:00,3.4909
45317,2026-09-11T18:46:33+00:00,3.4913
45333,2026-09-11T18:47:29+00:00,3.4963
45344,2026-09-11T18:48:11+00:00,3.4895
45403,2026-09-11T18:51:39+00:00,3.4875
45412,2026-09-11T18:52:11+00:00,3.7834
45415,2026-09-11T18:52:22+00:00,3.4938
45425,2026-09-11T18:52:57+00:00,3.4881
45498,2026-09-11T18:57:13+00:00,3.4866
45499,2026-09-11T18:57:17+00:00,3.4874
45527,2026-09-11T18:58:55+00:00,3.4920
45529,2026-09-11T18:59:02+00:00,3.4893
45549,2026-09-11T19:00:12+00:00,3.4919
45557,2026-09-11T19:00:40+00:00,3.5047
45586,2026-09-11T19:02:22+00:00,3.4900
45587,2026-09-11T19:02:26+00:00,3.5115
45589,2026-09-11T19:02:33+00:00,3.4898
45610,2026-09-11T19:03:51+00:00,3.4918
45645,2026-09-11T19:05:54+00:00,3.4861
45708,2026-09-11T19:09:35+00:00,3.4927
45710,2026-09-11T19:09:42+00:00,3.4919
45725,2026-09-11T19:10:35+00:00,3.4883
45731,2026-09-11T19:10:56+00:00,3.4883
45741,2026-09-11T19:11:31+00:00,3.4932
45746,2026-09-11T19:11:49+00:00,3.4923
45751,2026-09-11T19:12:06+00:00,3.4906
45801,2026-09-11T19:15:02+00:00,3.4906
45811,2026-09-11T19:15:39+00:00,3.4934
45816,2026-09-11T19:15:57+00:00,3.4905
45819,2026-09-11T19:16:07+00:00,3.5072
45836,2026-09-11T19:17:07+00:00,3.4853
45857,2026-09-11T19:18:25+00:00,3.4900
45894,2026-09-11T19:20:35+00:00,3.4932
45925,2026-09-11T19:22:24+00:00,3.4918
45982,2026-09-11T19:25:45+00:00,3.4930
46004,2026-09-11T19:27:02+00:00,3.4887
46019,2026-09-11T19:27:55+00:00,3.4936
46029,2026-09-11T19:28:30+00:00,3.4866
46050,2026-09-11T19:29:43+00:00,3.4927
46069,2026-09-11T19:30:50+00:00,3.4847
46127,2026-09-11T19:34:18+00:00,3.5093
46150,2026-09-11T19:35:39+00:00,3.5295
46244,2026-09-11T19:41:11+00:00,3.4872
46257,2026-09-11T19:41:57+00:00,3.4883
46278,2026-09-11T19:43:11+00:00,3.4985
46281,2026-09-11T19:43:21+00:00,3.4884
46340,2026-09-11T19:46:48+00:00,3.4850
46342,2026-09-11T19:46:55+00:00,3.4892
46369,2026-09-11T19:48:35+00:00,3.4944
46374,2026-09-11T19:48:53+00:00,3.4842
46392,2026-09-11T19:49:56+00:00,3.4919
46402,2026-09-11T19:50:32+00:00,3.4901
46412,2026-09-11T19:51:07+00:00,3.4886
46426,2026-09-11T19:51:56+00:00,3.4945
46452,2026-09-11T19:53:27+00:00,3.4906
46526,2026-09-11T19:58:31+00:00,3.4899
46527,2026-09-11T19:58:34+00:00,3.4933
46545,2026-09-11T19:59:37+00:00,3.4896
46557,2026-09-11T20:00:20+00:00,3.4921
46564,2026-09-11T20:00:44+00:00,3.4942
46628,2026-09-11T20:04:33+00:00,3.4874
46632,2026-09-11T20:04:47+00:00,3.4863
46635,2026-09-11T20:04:58+00:00,3.4912
46692,2026-09-11T20:08:17+00:00,3.4917
46715,2026-09-11T20:09:38+00:00,3.4893
46734,2026-09-11T20:10:45+00:00,3.4881
46758,2026-09-11T20:12:09+00:00,3.4863
46795,2026-09-11T20:14:19+00:00,3.4885
46832,2026-09-11T20:16:29+00:00,3.4955
46835,2026-09-11T20:16:39+00:00,3.4902
46950,2026-09-11T20:23:27+00:00,3.4954
46955,2026-09-11T20:23:45+00:00,3.4975
46967,2026-09-11T20:24:27+00:00,3.4965
46973,2026-09-11T20:24:48+00:00,3.4868
47006,2026-09-11T20:26:44+00:00,3.4979
47007,2026-09-11T20:26:47+00:00,3.4895
47012,2026-09-11T20:27:05+00:00,3.4912
47033,2026-09-11T20:28:18+00:00,3.4952
47040,2026-09-11T20:28:43+00:00,3.5094
47063,2026-09-11T20:30:04+00:00,3.4894
47066,2026-09-11T20:30:15+00:00,3.4918
47086,2026-09-11T20:31:26+00:00,3.4926
47110,2026-09-11T20:32:50+00:00,3.4919
47216,2026-09-11T20:39:07+00:00,3.4867
47358,2026-09-11T20:47:26+00:00,3.4856
47390,2026-09-11T20:49:22+00:00,3.4955
47419,2026-09-11T20:51:03+00:00,3.4918
47426,2026-09-11T20:51:28+00:00,3.4904
47456,2026-09-11T20:53:13+00:00,3.4912
47482,2026-09-11T20:54:44+00:00,3.4963
47498,2026-09-11T20:55:41+00:00,3.5005
47500,2026-09-11T20:55:48+00:00,3.4885
47518,2026-09-11T20:56:51+00:00,3.4908
47526,2026-09-11T20:57:20+00:00,3.5224
47529,2026-09-11T20:57:30+00:00,3.4884
47555,2026-09-11T20:59:01+00:00,3.4889
47592,2026-09-11T21:01:11+00:00,3.4862
47703,2026-09-11T21:07:45+00:00,3.4884
47704,2026-09-11T21:07:49+00:00,3.4968
47706,2026-09-11T21:07:56+00:00,3.4892
47708,2026-09-11T21:08:03+00:00,3.4951
47738,2026-09-11T21:09:48+00:00,3.4856
47741,2026-09-11T21:09:59+00:00,3.4884
47771,2026-09-11T21:11:44+00:00,3.4920
47794,2026-09-11T21:13:04+00:00,3.4898
47801,2026-09-11T21:13:29+00:00,3.4890
47804,2026-09-11T21:13:39+00:00,3.4908
47820,2026-09-11T21:14:36+00:00,3.4917
47826,2026-09-11T21:14:57+00:00,3.4853
47873,2026-09-11T21:17:42+00:00,3.4978
47876,2026-09-11T21:17:52+00:00,3.4950
47910,2026-09-11T21:19:57+00:00,3.4945
47935,2026-09-11T21:21:24+00:00,3.5340
47959,2026-09-11T21:22:49+00:00,3.4884
47960,2026-09-11T21:22:52+00:00,3.4942
47963,2026-09-11T21:23:03+00:00,3.4907
47973,2026-09-11T21:23:38+00:00,3.4864
48000,2026-09-11T21:25:14+00:00,3.4975
48097,2026-09-11T21:30:55+00:00,3.4956
48101,2026-09-11T21:31:09+00:00,3.4891
48104,2026-09-11T21:31:19+00:00,3.4952
48108,2026-09-11T21:31:33+00:00,3.4908
48111,2026-09-11T21:31:44+00:00,3.4958
48116,2026-09-11T21:32:01+00:00,3.4945
48134,2026-09-11T21:33:05+00:00,3.4895
48145,2026-09-11T21:33:47+00:00,3.4983
48232,2026-09-11T21:38:52+00:00,3.4849
48237,2026-09-11T21:39:10+00:00,3.4911
48261,2026-09-11T21:40:35+00:00,3.4910
48289,2026-09-11T21:42:13+00:00,3.5084
48305,2026-09-11T21:43:09+00:00,3.4925
48306,2026-09-11T21:43:12+00:00,3.4927
48335,2026-09-11T21:44:54+00:00,3.4929
48336,2026-09-11T21:44:58+00:00,3.4964
48364,2026-09-11T21:46:36+00:00,3.4902
48372,2026-09-11T21:47:04+00:00,3.5030
48425,2026-09-11T21:50:15+00:00,3.4917
48427,2026-09-11T21:50:22+00:00,3.5226
48432,2026-09-11T21:50:39+00:00,3.6177
48447,2026-09-11T21:51:32+00:00,3.5211
48467,2026-09-11T21:52:43+00:00,3.5387
48471,2026-09-11T21:52:57+00:00,3.4900
48487,2026-09-11T21:53:53+00:00,3.5148
48501,2026-09-11T21:54:43+00:00,3.5102
48504,2026-09-11T21:54:53+00:00,3.4874
48536,2026-09-11T21:56:47+00:00,3.5797
48538,2026-09-11T21:56:54+00:00,3.5148
48554,2026-09-11T21:57:51+00:00,3.4897
48555,2026-09-11T21:57:54+00:00,3.5418
48582,2026-09-11T21:59:29+00:00,3.4908
48641,2026-09-11T22:03:42+00:00,3.4859
48690,2026-09-11T22:06:38+00:00,3.5166
48753,2026-09-11T22:10:20+00:00,3.4912
48759,2026-09-11T22:10:41+00:00,3.5095
48770,2026-09-11T22:11:20+00:00,3.4892
48773,2026-09-11T22:11:31+00:00,3.5063
48788,2026-09-11T22:12:23+00:00,3.4950
48795,2026-09-11T22:12:48+00:00,3.4912
48801,2026-09-11T22:13:09+00:00,3.5248
48807,2026-09-11T22:13:31+00:00,3.4972
48809,2026-09-11T22:13:38+00:00,3.4883
48841,2026-09-11T22:15:30+00:00,3.4930
48849,2026-09-11T22:15:58+00:00,3.4930
48857,2026-09-11T22:16:27+00:00,3.5014
48858,2026-09-11T22:16:30+00:00,3.4946
48885,2026-09-11T22:18:05+00:00,3.4910
48889,2026-09-11T22:18:19+00:00,3.4866
48893,2026-09-11T22:18:33+00:00,3.4909
48912,2026-09-11T22:19:44+00:00,3.4894
48914,2026-09-11T22:19:51+00:00,3.4881
48917,2026-09-11T22:20:02+00:00,3.4934
48951,2026-09-11T22:22:01+00:00,3.5078
48953,2026-09-11T22:22:08+00:00,3.4891
48987,2026-09-11T22:24:08+00:00,3.4893
49000,2026-09-11T22:24:53+00:00,3.4917
49023,2026-09-11T22:26:14+00:00,3.5363
49025,2026-09-11T22:26:21+00:00,3.4979
49037,2026-09-11T22:27:03+00:00,3.4920
49106,2026-09-11T22:31:06+00:00,3.5033
49110,2026-09-11T22:31:20+00:00,3.4955
49144,2026-09-11T22:33:20+00:00,3.5063
49147,2026-09-11T22:33:30+00:00,3.4928
49149,2026-09-11T22:33:37+00:00,3.4899
49165,2026-09-11T22:34:37+00:00,3.4939
49181,2026-09-11T22:35:33+00:00,3.4943
49225,2026-09-11T22:38:08+00:00,3.4950
49229,2026-09-11T22:38:22+00:00,3.4879
49237,2026-09-11T22:38:50+00:00,3.4934
49269,2026-09-11T22:40:42+00:00,3.4933
49272,2026-09-11T22:40:53+00:00,3.4930
49307,2026-09-11T22:42:56+00:00,3.4852
49351,2026-09-11T22:45:31+00:00,3.4954
49363,2026-09-11T22:46:13+00:00,3.4921
49408,2026-09-11T22:48:51+00:00,3.5247
49457,2026-09-11T22:52:04+00:00,3.4869
49483,2026-09-11T22:53:35+00:00,3.5025
49492,2026-09-11T22:54:07+00:00,3.4863
49497,2026-09-11T22:54:24+00:00,3.4878
49529,2026-09-11T22:56:17+00:00,3.4898
49535,2026-09-11T22:56:38+00:00,3.4982
49551,2026-09-11T22:57:34+00:00,3.4919
49571,2026-09-11T22:58:45+00:00,3.4956
49577,2026-09-11T22:59:06+00:00,3.4977
49613,2026-09-11T23:01:12+00:00,3.4906
49656,2026-09-11T23:03:44+00:00,3.4964
49677,2026-09-11T23:05:02+00:00,3.4879
49702,2026-09-11T23:06:29+00:00,3.4922
49703,2026-09-11T23:06:33+00:00,3.4836
49723,2026-09-11T23:07:43+00:00,3.4998
49726,2026-09-11T23:07:54+00:00,3.4918
49727,2026-09-11T23:07:57+00:00,3.5126
49728,2026-09-11T23:08:01+00:00,3.5037
49793,2026-09-11T23:11:49+00:00,3.4876
49815,2026-09-11T23:13:07+00:00,3.4873
49844,2026-09-11T23:14:49+00:00,3.5169
49848,2026-09-11T23:15:03+00:00,3.4877
49862,2026-09-11T23:15:52+00:00,3.4925
49916,2026-09-11T23:19:01+00:00,3.4950
49944,2026-09-11T23:20:44+00:00,3.4843
49955,2026-09-11T23:21:22+00:00,3.5137
49961,2026-09-11T23:21:43+00:00,3.4883
49970,2026-09-11T23:22:15+00:00,3.5016
49981,2026-09-11T23:22:53+00:00,3.4884
49994,2026-09-11T23:23:39+00:00,3.4839
50022,2026-09-11T23:25:17+00:00,3.4933
50046,2026-09-11T23:26:41+00:00,3.4921
50054,2026-09-11T23:27:10+00:00,3.4972
50076,2026-09-11T23:28:27+00:00,3.4875
50092,2026-09-11T23:29:23+00:00,3.4967
50113,2026-09-11T23:30:36+00:00,3.4891
50122,2026-09-11T23:31:08+00:00,3.4939
50129,2026-09-11T23:31:33+00:00,3.4886
50202,2026-09-11T23:35:53+00:00,3.4955
50227,2026-09-11T23:37:20+00:00,3.4891
50247,2026-09-11T23:38:31+00:00,3.4930
50266,2026-09-11T23:39:37+00:00,3.4915
50307,2026-09-11T23:42:01+00:00,3.4842
50344,2026-09-11T23:44:11+00:00,3.4929
50357,2026-09-11T23:44:57+00:00,3.4852
50359,2026-09-11T23:45:04+00:00,3.4923
50375,2026-09-11T23:46:00+00:00,3.4926
50387,2026-09-11T23:46:42+00:00,3.4861
50396,2026-09-11T23:47:13+00:00,3.4930
50401,2026-09-11T23:47:31+00:00,3.4936
50411,2026-09-11T23:48:06+00:00,3.4971
50432,2026-09-11T23:49:20+00:00,3.4983
50444,2026-09-11T23:50:07+00:00,3.4941
50540,2026-09-11T23:55:44+00:00,3.4984
50582,2026-09-11T23:58:12+00:00,3.4967
50584,2026-09-11T23:58:19+00:00,3.4942
50603,2026-09-11T23:59:25+00:00,3.4892
50622,2026-09-12T00:00:32+00:00,3.4907
50623,2026-09-12T00:00:36+00:00,3.4935
50641,2026-09-12T00:01:39+00:00,3.4929
50678,2026-09-12T00:03:49+00:00,3.4965
50707,2026-09-12T00:05:34+00:00,3.4921
50723,2026-09-12T00:06:31+00:00,3.4952
50735,2026-09-12T00:07:13+00:00,3.5029
50743,2026-09-12T00:08:26+00:00,3.5319
50766,2026-09-12T00:09:47+00:00,3.5238
50807,2026-09-12T00:12:11+00:00,3.4939
50843,2026-09-12T00:14:18+00:00,3.5232
50870,2026-09-12T00:15:53+00:00,3.4938
50882,2026-09-12T00:16:35+00:00,3.4890
50890,2026-09-12T00:17:03+00:00,3.4920
50901,2026-09-12T00:17:41+00:00,3.4932
50915,2026-09-12T00:18:33+00:00,3.4943
50917,2026-09-12T00:18:40+00:00,3.4863
50952,2026-09-12T00:20:46+00:00,3.4912
50981,2026-09-12T00:22:28+00:00,3.4943
51002,2026-09-12T00:23:42+00:00,3.4895
51007,2026-09-12T00:23:59+00:00,3.4965
51032,2026-09-12T00:25:27+00:00,3.4868
51082,2026-09-12T00:28:22+00:00,3.4911
51107,2026-09-12T00:29:50+00:00,3.4892
51155,2026-09-12T00:32:39+00:00,3.4885
51180,2026-09-12T00:34:07+00:00,3.4937
51222,2026-09-12T00:36:39+00:00,3.4896
51250,2026-09-12T00:38:17+00:00,3.4932
51252,2026-09-12T00:38:24+00:00,3.4917
51253,2026-09-12T00:38:28+00:00,3.5179
51290,2026-09-12T00:40:38+00:00,3.4849
51309,2026-09-12T00:41:44+00:00,3.4844
51354,2026-09-12T00:44:22+00:00,3.4898
51370,2026-09-12T00:45:18+00:00,3.4905
51400,2026-09-12T00:47:04+00:00,3.4934
51413,2026-09-12T00:47:49+00:00,3.4973
51430,2026-09-12T00:48:49+00:00,3.4951
51440,2026-09-12T00:49:24+00:00,3.4898
51460,2026-09-12T00:50:38+00:00,3.4886
51465,2026-09-12T00:50:56+00:00,3.4928
51467,2026-09-12T00:51:03+00:00,3.4897
51487,2026-09-12T00:52:13+00:00,3.4969
51575,2026-09-12T00:57:22+00:00,3.6534
51586,2026-09-12T00:58:01+00:00,3.4907
51633,2026-09-12T01:00:47+00:00,3.4934
51637,2026-09-12T01:01:01+00:00,3.4924
51640,2026-09-12T01:01:11+00:00,3.4886
51646,2026-09-12T01:01:32+00:00,3.4890
51649,2026-09-12T01:01:43+00:00,3.4957
51658,2026-09-12T01:02:14+00:00,3.4890
51679,2026-09-12T01:03:28+00:00,3.4939
51685,2026-09-12T01:03:49+00:00,3.4956
51694,2026-09-12T01:04:21+00:00,3.4932
51717,2026-09-12T01:05:46+00:00,3.4861
51721,2026-09-12T01:06:00+00:00,3.4889
51728,2026-09-12T01:06:25+00:00,3.4950
51753,2026-09-12T01:07:52+00:00,3.4885
51764,2026-09-12T01:08:31+00:00,3.4936
51802,2026-09-12T01:10:44+00:00,3.4908
51808,2026-09-12T01:11:05+00:00,3.4905
51832,2026-09-12T01:12:29+00:00,3.4923
51886,2026-09-12T01:15:39+00:00,3.4934
51951,2026-09-12T01:19:28+00:00,3.4918
51976,2026-09-12T01:21:00+00:00,3.4890
51989,2026-09-12T01:21:45+00:00,3.5050
52006,2026-09-12T01:22:45+00:00,3.4912
52009,2026-09-12T01:22:56+00:00,3.4916
52129,2026-09-12T01:29:59+00:00,3.4956
52135,2026-09-12T01:30:20+00:00,3.4909
52182,2026-09-12T01:33:06+00:00,3.4936
52207,2026-09-12T01:34:34+00:00,3.4939
52211,2026-09-12T01:34:48+00:00,3.4902
52233,2026-09-12T01:36:09+00:00,3.4861
52253,2026-09-12T01:37:20+00:00,3.4855
52266,2026-09-12T01:38:06+00:00,3.4936
52316,2026-09-12T01:41:01+00:00,3.4937
52345,2026-09-12T01:42:43+00:00,3.4914
52367,2026-09-12T01:44:01+00:00,3.4876
52383,2026-09-12T01:44:57+00:00,3.4896
52403,2026-09-12T01:46:08+00:00,3.4889
52424,2026-09-12T01:47:21+00:00,3.4903
52449,2026-09-12T01:48:49+00:00,3.4888
52485,2026-09-12T01:51:00+00:00,3.4927
52515,2026-09-12T01:52:46+00:00,3.4992
52544,2026-09-12T01:54:28+00:00,3.4972
52571,2026-09-12T01:56:03+00:00,3.4894
52581,2026-09-12T01:56:38+00:00,3.4875
52598,2026-09-12T01:57:38+00:00,3.4932
52626,2026-09-12T01:59:16+00:00,3.4957
52628,2026-09-12T01:59:23+00:00,3.4944
52712,2026-09-12T02:04:18+00:00,3.4921
52760,2026-09-12T02:07:12+00:00,3.5011
52771,2026-09-12T02:07:50+00:00,3.4917
52779,2026-09-12T02:08:18+00:00,3.4874
52810,2026-09-12T02:10:08+00:00,3.4865
52820,2026-09-12T02:10:43+00:00,3.4918
52891,2026-09-12T02:15:37+00:00,3.4975
52912,2026-09-12T02:16:54+00:00,3.6833
52915,2026-09-12T02:17:05+00:00,3.6336
52919,2026-09-12T02:17:20+00:00,3.6973
52922,2026-09-12T02:17:31+00:00,3.6457
52926,2026-09-12T02:17:46+00:00,3.6405
52936,2026-09-12T02:18:22+00:00,3.6199
52942,2026-09-12T02:18:44+00:00,3.5794
52945,2026-09-12T02:18:55+00:00,3.6248
52951,2026-09-12T02:19:17+00:00,3.5648
52968,2026-09-12T02:20:18+00:00,3.5351
53013,2026-09-12T02:23:01+00:00,3.4936
53052,2026-09-12T02:25:18+00:00,3.4909
53056,2026-09-12T02:25:32+00:00,3.4978
53062,2026-09-12T02:25:54+00:00,3.5068
53072,2026-09-12T02:26:31+00:00,3.4928
53174,2026-09-12T02:32:30+00:00,3.4907
53198,2026-09-12T02:33:55+00:00,3.4892
53254,2026-09-12T02:37:15+00:00,3.4896
53287,2026-09-12T02:39:11+00:00,3.4958
53371,2026-09-12T02:44:06+00:00,3.4890
53377,2026-09-12T02:44:27+00:00,3.4918
53389,2026-09-12T02:45:10+00:00,3.4940
53397,2026-09-12T02:45:38+00:00,3.4863
53401,2026-09-12T02:45:52+00:00,3.4911
53429,2026-09-12T02:47:30+00:00,3.4871
53455,2026-09-12T02:49:01+00:00,3.4922
53485,2026-09-12T02:50:51+00:00,3.4906
53512,2026-09-12T02:52:26+00:00,3.4875
53552,2026-09-12T02:54:46+00:00,3.4883
53570,2026-09-12T02:55:49+00:00,3.4882
53588,2026-09-12T02:56:53+00:00,3.4870
53599,2026-09-12T02:57:31+00:00,3.5542
53609,2026-09-12T02:58:06+00:00,3.4915
53673,2026-09-12T03:01:53+00:00,3.4855
53688,2026-09-12T03:02:45+00:00,3.4904
53692,2026-09-12T03:02:59+00:00,3.4863
53722,2026-09-12T03:04:45+00:00,3.4928
53740,2026-09-12T03:05:52+00:00,3.4924
53773,2026-09-12T03:07:48+00:00,3.5026
53797,2026-09-12T03:09:12+00:00,3.4887
53798,2026-09-12T03:09:15+00:00,3.4873
53801,2026-09-12T03:09:26+00:00,3.4911
53825,2026-09-12T03:10:50+00:00,3.4950
53906,2026-09-12T03:15:35+00:00,3.4886
53919,2026-09-12T03:16:21+00:00,3.6422
53945,2026-09-12T03:17:52+00:00,3.4910
53965,2026-09-12T03:19:02+00:00,3.4860
53974,2026-09-12T03:19:33+00:00,3.4954
53980,2026-09-12T03:19:54+00:00,3.5015
54108,2026-09-12T03:27:28+00:00,3.4927
54154,2026-09-12T03:30:09+00:00,3.4856
54185,2026-09-12T03:31:58+00:00,3.5004
54188,2026-09-12T03:32:09+00:00,3.4954
54213,2026-09-12T03:33:36+00:00,3.4928
54217,2026-09-12T03:33:50+00:00,3.4874
54257,2026-09-12T03:36:15+00:00,3.4896
54272,2026-09-12T03:37:08+00:00,3.4937
54281,2026-09-12T03:37:39+00:00,3.4914
54282,2026-09-12T03:37:43+00:00,3.4880
54327,2026-09-12T03:40:21+00:00,3.4843
54358,2026-09-12T03:42:10+00:00,3.4984
54372,2026-09-12T03:42:59+00:00,3.4831
54380,2026-09-12T03:43:27+00:00,3.4914
54416,2026-09-12T03:45:34+00:00,3.4925
54418,2026-09-12T03:45:41+00:00,3.5075
54444,2026-09-12T03:47:13+00:00,3.4853
54453,2026-09-12T03:47:44+00:00,3.5071
54472,2026-09-12T03:48:51+00:00,3.4869
54515,2026-09-12T03:51:25+00:00,3.4886
54532,2026-09-12T03:52:25+00:00,3.4885
54564,2026-09-12T03:54:17+00:00,3.4943
54566,2026-09-12T03:54:24+00:00,3.4912
54586,2026-09-12T03:55:34+00:00,3.4882
54599,2026-09-12T03:56:20+00:00,3.4854
54607,2026-09-12T03:56:48+00:00,3.4881
54612,2026-09-12T03:57:06+00:00,3.4944
54689,2026-09-12T04:01:38+00:00,3.4857
54690,2026-09-12T04:01:41+00:00,3.4897
54710,2026-09-12T04:02:51+00:00,3.4897
54721,2026-09-12T04:03:30+00:00,3.4890
54739,2026-09-12T04:04:33+00:00,3.4871
54746,2026-09-12T04:04:58+00:00,3.4899
54777,2026-09-12T04:06:51+00:00,3.4876
54820,2026-09-12T04:09:22+00:00,3.4923
54827,2026-09-12T04:09:47+00:00,3.4894
54848,2026-09-12T04:11:00+00:00,3.4943
54854,2026-09-12T04:11:21+00:00,3.4854
54856,2026-09-12T04:11:28+00:00,3.4902
54933,2026-09-12T04:15:59+00:00,3.4893
54942,2026-09-12T04:16:30+00:00,3.4934
54961,2026-09-12T04:17:37+00:00,3.4896
54962,2026-09-12T04:17:41+00:00,3.4946
55026,2026-09-12T04:22:14+00:00,3.4892
55046,2026-09-12T04:23:24+00:00,3.4898
55049,2026-09-12T04:23:35+00:00,3.4899
55092,2026-09-12T04:26:06+00:00,3.4877
55113,2026-09-12T04:27:20+00:00,3.4933
55165,2026-09-12T04:30:22+00:00,3.4874
55172,2026-09-12T04:30:47+00:00,3.4918
55205,2026-09-12T04:32:42+00:00,3.4999
55217,2026-09-12T04:33:24+00:00,3.4939
55248,2026-09-12T04:35:13+00:00,3.4842
55253,2026-09-12T04:35:31+00:00,3.4836
55283,2026-09-12T04:37:19+00:00,3.4895
55302,2026-09-12T04:38:29+00:00,3.4857
55303,2026-09-12T04:38:32+00:00,3.4887
55342,2026-09-12T04:40:49+00:00,3.4983
55353,2026-09-12T04:41:28+00:00,3.4924
55450,2026-09-12T04:47:09+00:00,3.4905
55455,2026-09-12T04:47:26+00:00,3.4991
55462,2026-09-12T04:47:51+00:00,3.4921
55524,2026-09-13T04:50:22+00:00,3.5149
55642,2026-09-13T04:57:18+00:00,3.5019
55646,2026-09-13T04:57:32+00:00,3.5021
55647,2026-09-13T04:57:36+00:00,3.5004
55655,2026-09-13T04:58:04+00:00,3.5010
55664,2026-09-13T04:58:35+00:00,3.5057
55672,2026-09-13T04:59:04+00:00,3.5088
55686,2026-09-13T04:59:53+00:00,3.5048
55711,2026-09-13T05:01:21+00:00,3.5060
55724,2026-09-13T05:02:07+00:00,3.5055
55726,2026-09-13T05:02:14+00:00,3.5113
55731,2026-09-13T05:02:37+00:00,5.1074
55772,2026-09-13T05:05:02+00:00,3.5201
55773,2026-09-13T05:05:05+00:00,3.5049
55784,2026-09-13T05:05:44+00:00,3.5012
55833,2026-09-13T05:08:37+00:00,3.5020
55847,2026-09-13T05:09:26+00:00,3.5168
55864,2026-09-13T05:10:26+00:00,3.5118
55947,2026-09-13T05:15:19+00:00,3.4971
55951,2026-09-13T05:15:33+00:00,3.5062
56023,2026-09-13T05:19:50+00:00,3.5124
56030,2026-09-13T05:20:14+00:00,3.5051
56036,2026-09-13T05:20:35+00:00,3.5069
56063,2026-09-13T05:22:11+00:00,3.5283
56068,2026-09-13T05:22:29+00:00,3.5115
56074,2026-09-13T05:22:50+00:00,3.5021
56077,2026-09-13T05:23:00+00:00,3.4932
56078,2026-09-13T05:23:04+00:00,3.5182
56085,2026-09-13T05:23:29+00:00,3.5300
56147,2026-09-13T05:27:07+00:00,3.5120
56189,2026-09-13T05:29:35+00:00,3.5069
56198,2026-09-13T05:30:06+00:00,3.4964
56205,2026-09-13T05:30:31+00:00,3.5091
56217,2026-09-13T05:31:13+00:00,3.5068
56226,2026-09-13T05:31:45+00:00,3.5060
56246,2026-09-13T05:33:08+00:00,3.5046
56251,2026-09-13T05:33:26+00:00,3.5030
56257,2026-09-13T05:33:48+00:00,3.6738
56289,2026-09-13T05:35:40+00:00,3.5143
56382,2026-09-13T05:41:08+00:00,3.5080
56423,2026-09-13T05:43:32+00:00,3.5103
56430,2026-09-13T05:43:57+00:00,3.5102
56443,2026-09-13T05:44:43+00:00,3.4986
56444,2026-09-13T05:44:46+00:00,3.5009
56493,2026-09-13T05:47:39+00:00,3.5075
56516,2026-09-13T05:49:12+00:00,3.4969
56548,2026-09-13T05:51:06+00:00,3.5037
56581,2026-09-13T05:53:02+00:00,3.5069
56630,2026-09-13T05:55:54+00:00,3.5081
56650,2026-09-13T05:57:05+00:00,3.5024
56675,2026-09-13T05:58:33+00:00,3.5216
56692,2026-09-13T05:59:33+00:00,3.5035
56717,2026-09-13T06:01:01+00:00,3.5030
56728,2026-09-13T06:01:40+00:00,3.5054
56738,2026-09-13T06:02:15+00:00,3.5089
56743,2026-09-13T06:02:33+00:00,3.8945
56747,2026-09-13T06:02:51+00:00,3.4993
56749,2026-09-13T06:03:08+00:00,3.5205
56793,2026-09-13T06:05:43+00:00,3.5135
56833,2026-09-13T06:08:04+00:00,3.5060
56840,2026-09-13T06:08:29+00:00,3.5035
56847,2026-09-13T06:08:54+00:00,3.5125
56856,2026-09-13T06:09:25+00:00,3.5040
56934,2026-09-13T06:14:01+00:00,3.5059
56943,2026-09-13T06:14:32+00:00,3.5199
56967,2026-09-13T06:15:57+00:00,3.5126
57034,2026-09-13T06:20:04+00:00,3.4984
57038,2026-09-13T06:20:18+00:00,3.5054
57046,2026-09-13T06:20:46+00:00,3.5001
57054,2026-09-13T06:21:14+00:00,3.5167
57066,2026-09-13T06:21:56+00:00,3.5016
57074,2026-09-13T06:22:24+00:00,3.5106
57171,2026-09-13T06:28:55+00:00,3.4978
57177,2026-09-13T06:29:16+00:00,3.5547
57212,2026-09-13T06:31:19+00:00,3.5849
57223,2026-09-13T06:31:58+00:00,3.4929
57282,2026-09-13T06:35:39+00:00,3.5659
57306,2026-09-13T06:37:04+00:00,3.5059
57316,2026-09-13T06:37:39+00:00,3.5061
57343,2026-09-13T06:39:15+00:00,3.5137
57367,2026-09-13T06:40:40+00:00,3.5297
57412,2026-09-13T06:43:18+00:00,3.4996
57414,2026-09-13T06:43:25+00:00,3.5022
57421,2026-09-13T06:43:50+00:00,3.5093
57428,2026-09-13T06:44:15+00:00,3.5038
57435,2026-09-13T06:44:39+00:00,3.5142
57447,2026-09-13T06:45:22+00:00,3.5032
57465,2026-09-13T06:46:26+00:00,3.5027
57467,2026-09-13T06:46:33+00:00,3.4980
57502,2026-09-13T06:48:47+00:00,3.5025
57515,2026-09-13T06:49:33+00:00,3.5065
57528,2026-09-13T06:50:18+00:00,3.5069
57539,2026-09-13T06:50:57+00:00,3.5151
57582,2026-09-13T06:53:28+00:00,3.4971
57608,2026-09-13T06:55:00+00:00,3.4996
57669,2026-09-13T06:58:36+00:00,3.4989
57743,2026-09-13T07:02:58+00:00,3.4948
57760,2026-09-13T07:04:10+00:00,3.4985
57873,2026-09-13T07:10:49+00:00,3.4971
57878,2026-09-13T07:11:06+00:00,3.5035
57909,2026-09-13T07:12:56+00:00,3.5009
57920,2026-09-13T07:13:35+00:00,3.5043
57942,2026-09-13T07:14:52+00:00,3.5034
57951,2026-09-13T07:15:24+00:00,3.4957
58040,2026-09-13T07:20:48+00:00,3.4946
58049,2026-09-13T07:21:19+00:00,3.5137
58090,2026-09-13T07:24:10+00:00,3.4960
58113,2026-09-13T07:25:32+00:00,3.5068
58117,2026-09-13T07:25:46+00:00,3.5039
58148,2026-09-13T07:27:35+00:00,3.5050
58184,2026-09-13T07:29:43+00:00,3.5002
58187,2026-09-13T07:29:53+00:00,3.5011
58197,2026-09-13T07:30:28+00:00,3.4897
58230,2026-09-13T07:32:25+00:00,3.5014
58262,2026-09-13T07:34:18+00:00,3.5057
58290,2026-09-13T07:35:57+00:00,3.5145
58337,2026-09-13T07:38:47+00:00,3.4992
58374,2026-09-13T07:40:58+00:00,3.5091
58389,2026-09-13T07:41:51+00:00,3.4933
58424,2026-09-13T07:43:54+00:00,3.5048
58445,2026-09-13T07:45:08+00:00,3.4921
58475,2026-09-13T07:46:53+00:00,3.5078
58492,2026-09-13T07:47:53+00:00,3.5038
58512,2026-09-13T07:49:03+00:00,3.5001
58522,2026-09-13T07:49:39+00:00,3.5007
58550,2026-09-13T07:51:18+00:00,3.4938
58552,2026-09-13T07:51:25+00:00,3.5036
58625,2026-09-13T07:55:50+00:00,3.5022
58679,2026-09-13T07:59:01+00:00,3.5087
58680,2026-09-13T07:59:05+00:00,3.5027
58719,2026-09-13T08:01:22+00:00,3.4964
58782,2026-09-13T08:05:03+00:00,3.5104
58807,2026-09-13T08:06:32+00:00,3.4937
58817,2026-09-13T08:07:07+00:00,3.5029
58852,2026-09-13T08:09:22+00:00,3.5016
58866,2026-09-13T08:10:11+00:00,3.5166
58904,2026-09-13T08:12:25+00:00,3.4980
58907,2026-09-13T08:12:35+00:00,3.4951
58924,2026-09-13T08:13:35+00:00,3.5076
58936,2026-09-13T08:14:17+00:00,3.5046
59007,2026-09-13T08:18:27+00:00,3.5344
59009,2026-09-13T08:18:34+00:00,3.5132
59040,2026-09-13T08:20:23+00:00,3.4926
59170,2026-09-13T08:28:15+00:00,3.4999
59236,2026-09-13T08:32:52+00:00,3.5036
59252,2026-09-13T08:33:48+00:00,3.5148
59300,2026-09-13T08:36:37+00:00,3.4974
59308,2026-09-13T08:37:06+00:00,3.4971
59340,2026-09-13T08:39:05+00:00,3.4989
59359,2026-09-13T08:40:12+00:00,3.5056
59373,2026-09-13T08:41:02+00:00,3.5004
59387,2026-09-13T08:41:51+00:00,3.5068
59397,2026-09-13T08:42:26+00:00,3.5040
59407,2026-09-13T08:43:01+00:00,3.4947
59408,2026-09-13T08:43:05+00:00,3.5016
59422,2026-09-13T08:43:54+00:00,3.4953
59424,2026-09-13T08:44:01+00:00,3.5135
59426,2026-09-13T08:44:08+00:00,3.5041
59451,2026-09-13T08:45:36+00:00,3.5164
59472,2026-09-13T08:46:50+00:00,3.5044
59493,2026-09-13T08:48:04+00:00,3.5212
59509,2026-09-13T08:49:00+00:00,3.4973
59512,2026-09-13T08:49:11+00:00,3.4944
59589,2026-09-13T08:53:55+00:00,12.5736
59595,2026-09-13T08:54:16+00:00,3.5045
59597,2026-09-13T08:54:23+00:00,3.4981
59610,2026-09-13T08:55:09+00:00,3.5029
59615,2026-09-13T08:55:26+00:00,3.5043
59638,2026-09-13T08:56:48+00:00,3.5016
59674,2026-09-13T08:58:55+00:00,3.4992
59677,2026-09-13T08:59:06+00:00,3.5017
59721,2026-09-13T09:01:43+00:00,3.5272
59801,2026-09-13T09:06:24+00:00,3.4931
59803,2026-09-13T09:06:31+00:00,3.5115
59825,2026-09-13T09:07:49+00:00,3.5002
59887,2026-09-13T09:11:37+00:00,3.5145
59922,2026-09-13T09:13:41+00:00,3.5156
59978,2026-09-13T09:16:58+00:00,3.5090
59997,2026-09-13T09:18:05+00:00,3.4953
60051,2026-09-13T09:21:15+00:00,3.5061
60112,2026-09-13T09:25:01+00:00,3.5023
60142,2026-09-13T09:26:47+00:00,3.4970
60213,2026-09-13T09:30:57+00:00,3.5031
60254,2026-09-13T09:33:21+00:00,3.4953
60304,2026-09-13T09:36:17+00:00,3.5049
60309,2026-09-13T09:36:35+00:00,3.5089
60315,2026-09-13T09:36:56+00:00,3.5289
60317,2026-09-13T09:37:03+00:00,3.4994
60350,2026-09-13T09:39:12+00:00,12.2327
60417,2026-09-13T09:43:09+00:00,3.5146
60457,2026-09-13T09:45:30+00:00,3.5006
60476,2026-09-13T09:46:37+00:00,3.5053
60501,2026-09-13T09:48:05+00:00,3.5094
60516,2026-09-13T09:48:59+00:00,3.5034
60538,2026-09-13T09:50:16+00:00,3.5028
60551,2026-09-13T09:51:03+00:00,3.5191
60552,2026-09-13T09:51:06+00:00,3.4992
60591,2026-09-13T09:53:24+00:00,3.5064
60625,2026-09-13T09:55:41+00:00,3.5197
60627,2026-09-13T09:55:48+00:00,3.5052
60631,2026-09-13T09:56:02+00:00,3.5042
60653,2026-09-13T09:57:20+00:00,3.5116
60670,2026-09-13T09:58:19+00:00,3.5064
60681,2026-09-13T09:58:58+00:00,3.5123
60684,2026-09-13T09:59:09+00:00,3.5005
60695,2026-09-13T09:59:48+00:00,3.4952
60719,2026-09-13T10:01:12+00:00,3.5061
60779,2026-09-13T10:04:44+00:00,3.5223
60786,2026-09-13T10:05:08+00:00,3.4986
60880,2026-09-13T10:10:50+00:00,3.4970
60923,2026-09-13T10:13:21+00:00,3.4993
60925,2026-09-13T10:13:28+00:00,3.5302
60929,2026-09-13T10:13:43+00:00,3.5213
60943,2026-09-13T10:14:32+00:00,3.5100
60963,2026-09-13T10:15:42+00:00,3.4996
60989,2026-09-13T10:17:14+00:00,3.5091
61013,2026-09-13T10:18:39+00:00,3.5014
61024,2026-09-13T10:19:18+00:00,3.5039
61079,2026-09-13T10:22:33+00:00,3.5077
61082,2026-09-13T10:22:43+00:00,3.4939
61084,2026-09-13T10:22:50+00:00,3.5298
61127,2026-09-13T10:25:35+00:00,3.5071
61130,2026-09-13T10:25:45+00:00,3.5149
61157,2026-09-13T10:27:21+00:00,3.5054
61213,2026-09-13T10:30:38+00:00,3.5219
61214,2026-09-13T10:30:42+00:00,3.5031
61242,2026-09-13T10:32:21+00:00,3.4955
61255,2026-09-13T10:33:07+00:00,3.5068
61258,2026-09-13T10:33:17+00:00,3.4994
61289,2026-09-13T10:35:07+00:00,3.5170
61352,2026-09-13T10:39:47+00:00,3.5068
61365,2026-09-13T10:40:33+00:00,3.5202
61391,2026-09-13T10:42:05+00:00,3.5023
61400,2026-09-13T10:42:37+00:00,3.5064
61421,2026-09-13T10:43:51+00:00,3.5031
61442,2026-09-13T10:45:06+00:00,3.5155
61490,2026-09-13T10:47:55+00:00,3.4984
61526,2026-09-13T10:50:02+00:00,3.4882
61625,2026-09-13T10:56:11+00:00,3.4975
61652,2026-09-13T10:57:46+00:00,3.4974
61695,2026-09-13T11:00:17+00:00,3.5028
61706,2026-09-13T11:00:56+00:00,3.4990
61733,2026-09-13T11:02:31+00:00,3.4937
61735,2026-09-13T11:02:38+00:00,3.5117
61758,2026-09-13T11:03:59+00:00,3.5049
61820,2026-09-13T11:07:38+00:00,3.5093
61853,2026-09-13T11:09:43+00:00,9.0929
61898,2026-09-13T11:12:22+00:00,3.5048
61916,2026-09-13T11:13:26+00:00,3.4979
61918,2026-09-13T11:13:33+00:00,3.5054
61938,2026-09-13T11:14:44+00:00,3.5153
61972,2026-09-13T11:16:43+00:00,3.5127
62007,2026-09-13T11:18:47+00:00,3.4951
62062,2026-09-13T11:22:01+00:00,3.5111
62075,2026-09-13T11:22:46+00:00,3.5037
62109,2026-09-13T11:30:15+00:00,3.4998
62133,2026-09-13T11:31:40+00:00,3.7358
62141,2026-09-13T11:32:09+00:00,3.4970
62147,2026-09-13T11:32:30+00:00,3.4982
62166,2026-09-13T11:33:37+00:00,3.5005
62205,2026-09-13T11:35:54+00:00,3.5036
62220,2026-09-13T11:36:47+00:00,3.4953
62227,2026-09-13T11:37:12+00:00,3.5086
62261,2026-09-13T11:39:12+00:00,3.5018
62265,2026-09-13T11:39:26+00:00,3.5039
62287,2026-09-13T11:42:29+00:00,3.4936
62360,2026-09-13T11:46:47+00:00,3.4935
62386,2026-09-13T11:48:19+00:00,3.5003
62396,2026-09-13T11:48:54+00:00,3.5017
62461,2026-09-13T11:52:43+00:00,3.5053
62471,2026-09-13T11:53:18+00:00,3.5103
62503,2026-09-13T11:55:25+00:00,3.5013
62534,2026-09-13T11:57:16+00:00,3.5110
62593,2026-09-13T12:00:44+00:00,3.5208
62621,2026-09-13T12:02:22+00:00,3.4987
62626,2026-09-13T12:02:40+00:00,3.5109
62674,2026-09-13T12:05:30+00:00,3.5016
62732,2026-09-13T12:08:55+00:00,3.5061
62776,2026-09-13T12:11:40+00:00,3.4952
62783,2026-09-13T12:12:05+00:00,3.5000
62817,2026-09-13T12:14:04+00:00,3.5147
62829,2026-09-13T12:14:47+00:00,3.4876
62895,2026-09-13T12:18:39+00:00,3.5205
62924,2026-09-13T12:20:21+00:00,3.4993
62962,2026-09-13T12:22:35+00:00,3.4936
62966,2026-09-13T12:22:49+00:00,3.4978
62977,2026-09-13T12:23:28+00:00,3.5097
62982,2026-09-13T12:23:46+00:00,3.4989
63049,2026-09-13T12:27:57+00:00,3.5086
63147,2026-09-13T12:33:43+00:00,3.5142
63160,2026-09-13T12:34:28+00:00,3.4877
63173,2026-09-13T12:35:14+00:00,3.4968
63175,2026-09-13T12:35:21+00:00,3.4954
63203,2026-09-13T12:37:00+00:00,3.5017
63213,2026-09-13T12:37:35+00:00,3.4938
63232,2026-09-13T12:38:42+00:00,3.5003
63245,2026-09-13T12:39:27+00:00,3.5014
63261,2026-09-13T12:40:33+00:00,3.4983
63276,2026-09-13T12:41:26+00:00,3.5021
63287,2026-09-13T12:42:06+00:00,3.4977
63316,2026-09-13T12:43:48+00:00,3.5088
63365,2026-09-13T12:46:40+00:00,3.5034
63394,2026-09-13T12:48:23+00:00,3.5085
63396,2026-09-13T12:48:30+00:00,3.5033
63409,2026-09-13T12:49:15+00:00,3.5014
63412,2026-09-13T12:49:26+00:00,3.5021
63413,2026-09-13T12:49:29+00:00,3.5117
63422,2026-09-13T12:50:46+00:00,3.5057
63437,2026-09-13T12:51:39+00:00,3.5019
63468,2026-09-13T12:53:29+00:00,3.5073
63509,2026-09-13T12:56:04+00:00,3.5030
63548,2026-09-13T12:58:21+00:00,3.4987
63551,2026-09-13T12:58:32+00:00,3.4965
63557,2026-09-13T12:58:53+00:00,3.5083
63562,2026-09-13T12:59:10+00:00,3.5031
63565,2026-09-13T12:59:21+00:00,3.5024
63674,2026-09-13T13:05:46+00:00,3.4931
63690,2026-09-13T13:06:43+00:00,3.4998
63694,2026-09-13T13:06:57+00:00,3.5014
63732,2026-09-13T13:09:10+00:00,3.5061
63734,2026-09-13T13:09:17+00:00,3.5045
63788,2026-09-13T13:16:52+00:00,3.4973
63821,2026-09-13T13:18:48+00:00,3.4938
63848,2026-09-13T13:20:25+00:00,4.1723
63929,2026-09-13T13:25:11+00:00,3.5046
63946,2026-09-13T13:33:40+00:00,5.0696
63958,2026-09-13T13:34:22+00:00,3.4980
63968,2026-09-13T13:34:58+00:00,3.7183
63971,2026-09-13T13:35:09+00:00,3.5025
63972,2026-09-13T13:35:13+00:00,3.5009
64017,2026-09-13T13:37:52+00:00,3.5039
64061,2026-09-13T13:46:25+00:00,3.5221
64116,2026-09-13T13:49:40+00:00,3.5188
64150,2026-09-13T13:51:40+00:00,3.4985
64175,2026-09-13T13:53:08+00:00,3.4985
64183,2026-09-13T13:53:37+00:00,3.5117
64191,2026-09-13T13:54:05+00:00,3.4973
64192,2026-09-13T13:54:08+00:00,3.4978
64215,2026-09-13T14:00:06+00:00,277.4237
64222,2026-09-13T14:00:31+00:00,3.5106
64239,2026-09-13T14:01:31+00:00,3.4984
64249,2026-09-13T14:02:06+00:00,3.5287
64265,2026-09-13T14:03:03+00:00,3.4991
64302,2026-09-13T14:05:14+00:00,3.5044
64311,2026-09-13T14:05:46+00:00,3.5262
64317,2026-09-13T14:06:07+00:00,3.5023
64336,2026-09-13T14:07:14+00:00,3.4977
64365,2026-09-13T14:08:56+00:00,3.4934
64390,2026-09-13T14:10:24+00:00,3.5011
64414,2026-09-13T14:17:18+00:00,3.4985
64416,2026-09-13T14:17:25+00:00,3.5024
64444,2026-09-13T14:19:03+00:00,3.5187
64451,2026-09-13T14:19:28+00:00,3.4935
64456,2026-09-13T14:19:46+00:00,3.5067
64464,2026-09-13T14:20:14+00:00,3.5464
64515,2026-09-13T14:23:13+00:00,3.5005
64517,2026-09-13T14:23:20+00:00,3.5046
64535,2026-09-13T14:24:24+00:00,3.4960
64567,2026-09-13T14:32:31+00:00,3.5316
64569,2026-09-13T14:32:38+00:00,3.4904
64586,2026-09-13T14:33:38+00:00,3.5039
64587,2026-09-13T14:33:41+00:00,3.5139
64600,2026-09-13T14:34:27+00:00,3.5011
64626,2026-09-13T14:35:58+00:00,3.5117
64639,2026-09-13T14:36:44+00:00,3.4979
64681,2026-09-13T14:39:12+00:00,3.4903
64699,2026-09-13T14:40:16+00:00,3.4998
64718,2026-09-13T14:45:34+00:00,3.5006
64756,2026-09-13T14:47:49+00:00,3.4997
64760,2026-09-13T14:48:03+00:00,3.5001
64775,2026-09-13T14:48:56+00:00,3.5196
64786,2026-09-13T14:49:35+00:00,3.5027
64790,2026-09-13T14:49:49+00:00,3.5068
64791,2026-09-13T14:49:53+00:00,3.4933
64870,2026-09-13T14:54:31+00:00,3.4959
64934,2026-09-13T14:58:26+00:00,3.5021
64956,2026-09-13T14:59:44+00:00,3.4926
64970,2026-09-13T15:00:34+00:00,3.5008
65008,2026-09-13T15:02:48+00:00,3.5039
65022,2026-09-13T15:03:37+00:00,3.5024
65032,2026-09-13T15:04:12+00:00,3.5125
65059,2026-09-13T15:05:47+00:00,3.5090
65084,2026-09-13T15:07:15+00:00,3.5001
65095,2026-09-13T15:07:54+00:00,3.4955
65112,2026-09-13T15:08:54+00:00,3.5111
65140,2026-09-13T15:10:33+00:00,3.5013
65154,2026-09-13T15:11:44+00:00,3.5005
65180,2026-09-13T15:13:15+00:00,3.5014
65215,2026-09-13T15:15:19+00:00,3.5083
65234,2026-09-13T15:16:27+00:00,3.4998
65282,2026-09-13T15:19:16+00:00,3.5004
65291,2026-09-13T15:19:47+00:00,3.8016
65314,2026-09-13T15:21:08+00:00,3.5045
65375,2026-09-13T15:24:44+00:00,3.4997
65428,2026-09-13T15:28:00+00:00,4.2498
65454,2026-09-13T15:29:32+00:00,3.5014
65481,2026-09-13T15:31:07+00:00,3.5061
65488,2026-09-13T15:31:32+00:00,3.5016
65519,2026-09-13T15:33:21+00:00,3.4877
65584,2026-09-13T15:37:55+00:00,3.4982
65634,2026-09-13T15:40:51+00:00,3.4981
65635,2026-09-13T15:40:55+00:00,3.4960
65637,2026-09-13T15:41:05+00:00,3.4968
65642,2026-09-13T15:43:24+00:00,3.4996
65726,2026-09-13T15:48:21+00:00,3.5255
65803,2026-09-13T15:52:54+00:00,3.4953
65822,2026-09-13T15:54:01+00:00,3.5038
65851,2026-09-13T15:55:43+00:00,3.5128
65892,2026-09-13T15:58:23+00:00,3.5006
65906,2026-09-13T15:59:12+00:00,3.4991
65910,2026-09-13T15:59:26+00:00,3.5043
65916,2026-09-13T15:59:47+00:00,3.4953
65928,2026-09-13T16:00:29+00:00,3.4998
65939,2026-09-13T16:01:08+00:00,3.5063
65960,2026-09-13T16:02:22+00:00,3.5013
65965,2026-09-13T16:02:39+00:00,3.5030
65973,2026-09-13T16:03:08+00:00,3.5035
66016,2026-09-13T16:05:39+00:00,3.5059
66089,2026-09-13T16:09:58+00:00,3.5003
66093,2026-09-13T16:10:12+00:00,3.5032
66097,2026-09-13T16:10:26+00:00,3.5099
66120,2026-09-13T16:11:59+00:00,3.4996
66156,2026-09-13T16:14:06+00:00,3.4952
66174,2026-09-13T16:15:09+00:00,3.5065
66206,2026-09-13T16:17:01+00:00,3.5022
66275,2026-09-13T16:21:05+00:00,3.5118
66308,2026-09-13T16:23:01+00:00,3.5045
66332,2026-09-13T16:24:26+00:00,3.4982
66334,2026-09-13T16:24:33+00:00,3.5012
66338,2026-09-13T16:24:47+00:00,3.5040
66339,2026-09-13T16:24:51+00:00,3.5089
66365,2026-09-13T16:26:36+00:00,14.4647
66378,2026-09-13T16:27:22+00:00,3.4943
66379,2026-09-13T16:27:26+00:00,3.5016
66399,2026-09-13T16:28:37+00:00,3.5072
66407,2026-09-13T16:29:05+00:00,3.4972
66427,2026-09-13T16:30:15+00:00,3.5224
66433,2026-09-13T16:30:36+00:00,3.5098
66454,2026-09-13T16:31:50+00:00,3.5062
66489,2026-09-13T16:33:53+00:00,3.4992
66517,2026-09-13T16:35:32+00:00,3.5045
66557,2026-09-13T16:37:53+00:00,3.5892
66581,2026-09-13T16:39:17+00:00,3.4996
66612,2026-09-13T16:41:06+00:00,3.5114
66618,2026-09-13T16:41:42+00:00,14.2239
66622,2026-09-13T16:41:56+00:00,3.5053
66635,2026-09-13T16:42:43+00:00,3.5084
66636,2026-09-13T16:42:46+00:00,3.4900
66651,2026-09-13T16:43:39+00:00,3.5017
66652,2026-09-13T16:43:42+00:00,3.5068
66694,2026-09-13T16:46:12+00:00,3.5577
66735,2026-09-13T16:48:36+00:00,3.5068
66736,2026-09-13T16:48:40+00:00,3.4959
66755,2026-09-13T16:49:46+00:00,3.5046
66758,2026-09-13T16:49:57+00:00,3.4964
66760,2026-09-13T16:50:04+00:00,3.5074
66783,2026-09-13T16:51:25+00:00,3.5065
66784,2026-09-13T16:51:29+00:00,3.5033
66793,2026-09-13T16:52:00+00:00,3.5095
66825,2026-09-13T16:53:53+00:00,3.4954
66844,2026-09-13T16:55:00+00:00,3.5114
66853,2026-09-13T16:55:32+00:00,3.4998
66915,2026-09-13T16:59:24+00:00,3.4971
66916,2026-09-13T16:59:27+00:00,3.5064
66918,2026-09-13T16:59:34+00:00,3.4996
66952,2026-09-13T17:01:34+00:00,3.5003
66976,2026-09-13T17:02:58+00:00,3.5049
66977,2026-09-13T17:03:02+00:00,3.4987
66980,2026-09-13T17:03:13+00:00,3.5000
66998,2026-09-13T17:04:17+00:00,3.4982
67036,2026-09-13T17:06:30+00:00,3.5061
67043,2026-09-13T17:06:55+00:00,3.5102
67060,2026-09-13T17:07:55+00:00,3.4982
67086,2026-09-13T17:09:26+00:00,3.4995
67102,2026-09-13T17:10:22+00:00,3.4944
67116,2026-09-13T17:11:12+00:00,3.4990
67155,2026-09-13T17:13:44+00:00,3.5180
67167,2026-09-13T17:14:26+00:00,3.4968
67168,2026-09-13T17:14:29+00:00,3.5329
67181,2026-09-13T17:15:15+00:00,3.4936
67184,2026-09-13T17:15:26+00:00,3.5012
67222,2026-09-13T17:17:40+00:00,3.5126
67225,2026-09-13T17:17:50+00:00,3.5042
67269,2026-09-13T17:20:25+00:00,3.4932
67321,2026-09-13T17:23:28+00:00,3.5052
67343,2026-09-13T17:24:46+00:00,3.4914
67347,2026-09-13T17:25:00+00:00,3.5054
67372,2026-09-13T17:26:28+00:00,3.4978
67376,2026-09-13T17:26:52+00:00,10.1346
67383,2026-09-13T17:27:17+00:00,3.5006
67470,2026-09-13T17:32:23+00:00,3.5084
67484,2026-09-13T17:33:12+00:00,3.4901
67509,2026-09-13T17:34:41+00:00,3.4993
67525,2026-09-13T17:35:39+00:00,4.8120
67550,2026-09-13T17:37:06+00:00,3.5053
67563,2026-09-13T17:37:52+00:00,3.4949
67564,2026-09-13T17:37:56+00:00,3.4998
67608,2026-09-13T17:40:31+00:00,3.4903
67612,2026-09-13T17:40:45+00:00,3.5091
67621,2026-09-13T17:41:16+00:00,3.4923
67624,2026-09-13T17:41:27+00:00,3.4989
67636,2026-09-13T17:42:23+00:00,3.4955
67650,2026-09-13T17:43:57+00:00,3.4937
67675,2026-09-13T17:45:25+00:00,3.5095
67694,2026-09-13T17:46:32+00:00,3.4965
67705,2026-09-13T17:47:11+00:00,3.5038
67724,2026-09-13T17:48:18+00:00,3.4958
67725,2026-09-13T17:48:22+00:00,3.4966
67735,2026-09-13T17:48:57+00:00,3.5056
67739,2026-09-13T17:49:11+00:00,3.5074
67740,2026-09-13T17:49:14+00:00,3.4886
67751,2026-09-13T17:49:53+00:00,3.5560
67763,2026-09-13T17:50:35+00:00,3.5042
67789,2026-09-13T17:52:07+00:00,3.4989
67791,2026-09-13T17:52:14+00:00,3.4953
67825,2026-09-13T17:54:14+00:00,3.5018
67831,2026-09-13T17:54:35+00:00,3.5156
67869,2026-09-13T17:56:52+00:00,3.5088
67875,2026-09-13T17:57:23+00:00,3.4975
67884,2026-09-13T17:57:55+00:00,3.4919
67892,2026-09-13T17:58:24+00:00,3.5032
67937,2026-09-13T18:01:02+00:00,3.5128
67945,2026-09-13T18:01:30+00:00,3.5000
68000,2026-09-13T18:04:44+00:00,3.5034
68037,2026-09-13T18:06:54+00:00,3.4977
68040,2026-09-13T18:07:04+00:00,3.5012
68099,2026-09-13T18:10:32+00:00,3.4923
68114,2026-09-13T18:11:25+00:00,3.5065
68149,2026-09-13T18:13:42+00:00,3.4978
68166,2026-09-13T18:14:42+00:00,3.5128
68191,2026-09-13T18:16:10+00:00,3.5042
68193,2026-09-13T18:16:17+00:00,3.5021
68247,2026-09-13T18:19:27+00:00,3.4980
68262,2026-09-13T18:20:20+00:00,3.5026
68264,2026-09-13T18:20:27+00:00,3.5126
68276,2026-09-13T18:21:09+00:00,3.5012
68278,2026-09-13T18:21:16+00:00,3.5064
68279,2026-09-13T18:21:19+00:00,3.4978
68312,2026-09-13T18:23:16+00:00,3.4977
68332,2026-09-13T18:24:26+00:00,3.4950
68411,2026-09-13T18:29:17+00:00,3.4985
68417,2026-09-13T18:29:38+00:00,3.5036
68433,2026-09-13T18:30:35+00:00,3.4929
68471,2026-09-13T18:32:48+00:00,3.4976
68491,2026-09-13T18:33:59+00:00,3.5018
68540,2026-09-13T18:36:51+00:00,3.4993
68566,2026-09-13T18:38:23+00:00,3.5008
68575,2026-09-13T18:38:55+00:00,3.5136
68584,2026-09-13T18:39:27+00:00,3.4975
68595,2026-09-13T18:40:06+00:00,3.5131
68607,2026-09-13T18:40:48+00:00,3.5065
68615,2026-09-13T18:41:16+00:00,3.5726
68673,2026-09-13T18:45:30+00:00,3.5037
68700,2026-09-13T18:47:05+00:00,3.4987
68703,2026-09-13T18:47:15+00:00,3.4988
68728,2026-09-13T18:48:43+00:00,3.5028
68787,2026-09-13T18:52:12+00:00,3.5097
68789,2026-09-13T18:52:19+00:00,3.4928
68799,2026-09-13T18:52:54+00:00,3.4950
68869,2026-09-13T18:57:00+00:00,3.5081
68871,2026-09-13T18:57:11+00:00,3.5009
68873,2026-09-13T18:57:28+00:00,3.4958
68938,2026-09-13T19:01:17+00:00,3.5169
68968,2026-09-13T19:03:04+00:00,4.1995
68969,2026-09-13T19:03:07+00:00,3.4907
68977,2026-09-13T19:03:35+00:00,3.4952
68991,2026-09-13T19:04:25+00:00,3.5109
69028,2026-09-13T19:06:35+00:00,3.4953
69046,2026-09-13T19:07:38+00:00,3.5013
69050,2026-09-13T19:07:52+00:00,3.4950
69056,2026-09-13T19:08:13+00:00,3.5049
69081,2026-09-13T19:09:41+00:00,3.5030
69123,2026-09-13T19:12:10+00:00,3.5018
69129,2026-09-13T19:12:45+00:00,3.5004
69135,2026-09-13T19:13:06+00:00,3.5035
69140,2026-09-13T19:13:23+00:00,3.5045
69158,2026-09-13T19:14:27+00:00,3.5070
69180,2026-09-13T19:15:45+00:00,3.5066
69204,2026-09-13T19:17:10+00:00,3.5043
69205,2026-09-13T19:17:14+00:00,3.4947
69239,2026-09-13T19:19:14+00:00,3.4914
69293,2026-09-13T19:22:24+00:00,3.5220
69298,2026-09-13T19:22:42+00:00,3.5032
69305,2026-09-13T19:23:07+00:00,3.5021
69307,2026-09-13T19:23:14+00:00,3.4985
69337,2026-09-13T19:24:59+00:00,3.4977
69343,2026-09-13T19:25:20+00:00,3.5065
69381,2026-09-13T19:27:49+00:00,3.5002
69403,2026-09-13T19:29:06+00:00,3.5296
69407,2026-09-13T19:29:20+00:00,3.5052
69423,2026-09-13T19:30:16+00:00,3.5041
69438,2026-09-13T19:31:09+00:00,3.5031
69445,2026-09-13T19:31:34+00:00,3.4926
69454,2026-09-13T19:32:05+00:00,3.5338
69468,2026-09-13T19:32:55+00:00,3.5034
69505,2026-09-13T19:35:05+00:00,3.5097
69529,2026-09-13T19:36:30+00:00,3.5065
69545,2026-09-13T19:37:27+00:00,3.5021
69633,2026-09-13T19:43:00+00:00,4.3957
69635,2026-09-13T19:43:07+00:00,3.4923
69673,2026-09-13T19:45:21+00:00,3.4973
69680,2026-09-13T19:45:46+00:00,3.5161
69682,2026-09-13T19:45:53+00:00,3.5008
69722,2026-09-13T19:48:14+00:00,3.4930
69755,2026-09-13T19:50:10+00:00,3.4954
69770,2026-09-13T19:51:47+00:00,3.5049
69811,2026-09-13T19:54:12+00:00,3.4904
69852,2026-09-13T19:56:37+00:00,3.5162
69867,2026-09-13T19:57:33+00:00,3.5097
69905,2026-09-13T20:01:16+00:00,3.4985
69913,2026-09-13T20:01:44+00:00,3.5257
69929,2026-09-13T20:02:40+00:00,3.5196
69948,2026-09-13T20:03:47+00:00,3.5024
69973,2026-09-13T20:05:15+00:00,3.4993
69978,2026-09-13T20:05:32+00:00,3.5028
69981,2026-09-13T20:05:43+00:00,3.5033
69996,2026-09-13T20:06:36+00:00,3.4997
70008,2026-09-13T20:07:18+00:00,3.5052
70013,2026-09-13T20:07:35+00:00,3.5044
70033,2026-09-13T20:08:46+00:00,3.4917
70039,2026-09-13T20:09:07+00:00,3.5051
70065,2026-09-13T20:10:38+00:00,3.5003
70116,2026-09-13T20:13:53+00:00,3.5002
70203,2026-09-13T20:18:59+00:00,3.5015
70231,2026-09-13T20:20:38+00:00,3.4964
70262,2026-09-13T20:22:27+00:00,3.5135
70288,2026-09-13T20:23:58+00:00,3.4944
70291,2026-09-13T20:24:09+00:00,3.5072
70312,2026-09-13T20:25:22+00:00,3.4952
70342,2026-09-13T20:27:08+00:00,3.4926
70351,2026-09-13T20:27:43+00:00,3.5021
70357,2026-09-13T20:28:13+00:00,3.4895
70362,2026-09-13T20:28:31+00:00,3.4931
70401,2026-09-13T20:30:48+00:00,3.5078
70419,2026-09-13T20:31:51+00:00,3.5034
70443,2026-09-13T20:33:16+00:00,3.5087
70446,2026-09-13T20:33:26+00:00,3.4948
70577,2026-09-13T20:41:08+00:00,3.5058
70618,2026-09-13T20:43:43+00:00,3.5086
70632,2026-09-13T20:44:33+00:00,3.5013
70639,2026-09-13T20:44:57+00:00,3.4990
70647,2026-09-13T20:45:25+00:00,3.4968
70704,2026-09-13T20:48:46+00:00,3.5209
70720,2026-09-13T20:49:42+00:00,3.4932
70722,2026-09-13T20:49:49+00:00,3.4996
70748,2026-09-13T20:51:21+00:00,3.4970
70759,2026-09-13T20:51:59+00:00,3.5095
70787,2026-09-13T20:53:38+00:00,3.5038
70837,2026-09-13T20:56:34+00:00,3.5051
70848,2026-09-13T20:57:13+00:00,3.4971
70854,2026-09-13T20:57:34+00:00,3.4985
70873,2026-09-13T20:58:55+00:00,3.4997
70929,2026-09-13T21:02:12+00:00,3.4965
70936,2026-09-13T21:02:37+00:00,3.5027
70938,2026-09-13T21:02:44+00:00,3.5001
70992,2026-09-13T21:05:55+00:00,3.4995
71000,2026-09-13T21:06:23+00:00,3.5072
71006,2026-09-13T21:06:44+00:00,3.5014
71012,2026-09-13T21:07:05+00:00,3.4974
71023,2026-09-13T21:07:44+00:00,3.4985
71067,2026-09-13T21:10:19+00:00,3.5115
71069,2026-09-13T21:10:26+00:00,3.4978
71125,2026-09-13T21:13:58+00:00,3.4975
71146,2026-09-13T21:15:12+00:00,3.5030
71177,2026-09-13T21:17:02+00:00,3.5082
71184,2026-09-13T21:17:26+00:00,3.4978
71310,2026-09-13T21:24:50+00:00,3.5024
71316,2026-09-13T21:25:11+00:00,3.5018
71344,2026-09-13T21:26:49+00:00,3.5011
71359,2026-09-13T21:27:42+00:00,3.4930
71383,2026-09-13T21:29:20+00:00,3.5007
71405,2026-09-13T21:30:38+00:00,3.5065
71408,2026-09-13T21:30:49+00:00,3.4984
71416,2026-09-13T21:31:17+00:00,3.5033
71432,2026-09-13T21:32:13+00:00,3.5052
71453,2026-09-13T21:33:27+00:00,3.5029
71459,2026-09-13T21:33:48+00:00,3.5084
71479,2026-09-13T21:34:58+00:00,3.4937
71512,2026-09-13T21:36:54+00:00,3.5088
71549,2026-09-13T21:39:04+00:00,3.4996
71551,2026-09-13T21:39:11+00:00,3.4882
71558,2026-09-13T21:39:36+00:00,3.5065
71611,2026-09-13T21:42:42+00:00,3.5031
71639,2026-09-13T21:44:35+00:00,3.5014
71692,2026-09-13T21:47:41+00:00,3.5149
71721,2026-09-13T21:49:24+00:00,3.5089
71809,2026-09-13T21:54:33+00:00,3.5070
71856,2026-09-13T21:57:19+00:00,3.4953
71870,2026-09-13T21:58:11+00:00,3.5154
71922,2026-09-13T22:02:12+00:00,3.4986
71958,2026-09-13T22:04:19+00:00,3.5007
71982,2026-09-13T22:05:43+00:00,3.4996
71991,2026-09-13T22:06:15+00:00,3.5040
72012,2026-09-13T22:07:28+00:00,3.5023
72039,2026-09-13T22:09:04+00:00,3.5051
72060,2026-09-13T22:10:18+00:00,3.4957
72063,2026-09-13T22:10:29+00:00,3.4953
72097,2026-09-13T22:12:28+00:00,3.5278
72109,2026-09-13T22:13:10+00:00,3.4933
72204,2026-09-13T22:19:29+00:00,3.5011
72274,2026-09-13T22:23:36+00:00,3.4953
72279,2026-09-13T22:23:53+00:00,3.5018
72307,2026-09-13T22:25:32+00:00,3.5004
72311,2026-09-13T22:25:46+00:00,3.5142
72327,2026-09-13T22:26:42+00:00,3.5138
72366,2026-09-13T22:29:27+00:00,3.5085
72372,2026-09-13T22:29:48+00:00,3.5012
72410,2026-09-13T22:32:02+00:00,3.5077
72412,2026-09-13T22:32:09+00:00,3.5104
72461,2026-09-13T22:35:01+00:00,3.5135
72474,2026-09-13T22:35:47+00:00,3.5028
72480,2026-09-13T22:36:08+00:00,3.5004
72482,2026-09-13T22:36:15+00:00,3.5120
72529,2026-09-13T22:39:01+00:00,3.4987
72544,2026-09-13T22:39:54+00:00,3.5037
72582,2026-09-13T22:42:08+00:00,3.4987
72599,2026-09-13T22:43:08+00:00,3.4978
72613,2026-09-13T22:45:12+00:00,3.5050
72614,2026-09-13T22:45:16+00:00,3.5016
72649,2026-09-13T22:47:20+00:00,3.5000
72665,2026-09-13T22:48:16+00:00,3.4988
72796,2026-09-13T22:55:57+00:00,3.5097
72824,2026-09-13T22:57:36+00:00,3.4931
72852,2026-09-13T23:00:11+00:00,3.5052
72855,2026-09-13T23:00:22+00:00,3.5198
72912,2026-09-13T23:03:43+00:00,3.5146
72943,2026-09-13T23:05:32+00:00,3.5101
72951,2026-09-13T23:06:00+00:00,3.4951
72960,2026-09-13T23:06:32+00:00,3.5150
72967,2026-09-13T23:06:56+00:00,3.4972
73066,2026-09-13T23:12:47+00:00,3.5009
73072,2026-09-13T23:13:08+00:00,3.5019
73108,2026-09-13T23:15:28+00:00,3.4929
73146,2026-09-13T23:17:42+00:00,3.5122
73215,2026-09-13T23:21:45+00:00,3.4965
73258,2026-09-13T23:24:17+00:00,3.5023
73272,2026-09-13T23:25:06+00:00,3.5013
73323,2026-09-13T23:28:05+00:00,3.4990
73350,2026-09-13T23:29:54+00:00,3.4967
73362,2026-09-13T23:30:36+00:00,3.5085
73381,2026-09-13T23:31:43+00:00,3.5044
73411,2026-09-13T23:33:29+00:00,3.5026
73425,2026-09-13T23:34:18+00:00,3.5045
73460,2026-09-13T23:36:23+00:00,3.4995
73466,2026-09-13T23:36:44+00:00,3.5017
73493,2026-09-13T23:38:20+00:00,3.4979
73539,2026-09-13T23:41:02+00:00,3.4985
73621,2026-09-13T23:46:06+00:00,3.4991
73637,2026-09-13T23:47:03+00:00,3.5074
73645,2026-09-13T23:47:31+00:00,3.5005
73707,2026-09-13T23:51:10+00:00,3.4984
73716,2026-09-13T23:51:41+00:00,3.5100
73718,2026-09-13T23:51:50+00:00,3.4961
73745,2026-09-13T23:53:25+00:00,3.5043
73767,2026-09-13T23:54:42+00:00,3.5119
73777,2026-09-13T23:55:17+00:00,3.5048
73792,2026-09-13T23:56:10+00:00,3.4998
73808,2026-09-13T23:57:06+00:00,3.5026
73845,2026-09-13T23:59:30+00:00,3.4992
73876,2026-09-14T00:01:19+00:00,3.4973
73890,2026-09-14T00:02:09+00:00,3.5053
73955,2026-09-14T00:05:57+00:00,3.5084
73959,2026-09-14T00:06:12+00:00,3.4992
73990,2026-09-14T00:08:46+00:00,3.4987
74032,2026-09-14T00:11:16+00:00,3.5449
74035,2026-09-14T00:11:26+00:00,3.5006
74067,2026-09-14T00:13:19+00:00,3.4960
74090,2026-09-14T00:14:53+00:00,3.5008
74200,2026-09-14T00:21:20+00:00,3.5007
74202,2026-09-14T00:21:27+00:00,3.5040
74227,2026-09-14T00:22:55+00:00,3.5160
74229,2026-09-14T00:23:02+00:00,3.5047
74232,2026-09-14T00:23:12+00:00,3.4933
74241,2026-09-14T00:23:44+00:00,3.5042
74243,2026-09-14T00:23:51+00:00,3.4983
74245,2026-09-14T00:23:58+00:00,3.5147
74298,2026-09-14T00:27:06+00:00,3.5031
74299,2026-09-14T00:27:09+00:00,3.4997
74366,2026-09-14T00:31:21+00:00,5.0320
74385,2026-09-14T00:32:28+00:00,3.4957
74387,2026-09-14T00:32:35+00:00,3.5037
74411,2026-09-14T00:34:00+00:00,3.5061
74428,2026-09-14T00:35:00+00:00,3.5085
74510,2026-09-14T00:39:49+00:00,3.5026
74513,2026-09-14T00:40:00+00:00,3.4935
74546,2026-09-14T00:41:56+00:00,3.5199
74562,2026-09-14T00:42:52+00:00,3.5153
74566,2026-09-14T00:43:06+00:00,3.5039
74589,2026-09-14T00:44:36+00:00,3.4941
74598,2026-09-14T00:45:08+00:00,3.4969
74603,2026-09-14T00:45:26+00:00,3.5006
74623,2026-09-14T00:46:37+00:00,3.5054
74670,2026-09-14T00:49:23+00:00,3.5072
74723,2026-09-14T00:52:30+00:00,3.4970
74738,2026-09-14T00:53:22+00:00,3.5010
74748,2026-09-14T00:53:58+00:00,3.5048
74775,2026-09-14T00:55:33+00:00,3.4935
74801,2026-09-14T00:57:04+00:00,3.5027
74812,2026-09-14T00:57:43+00:00,3.4987
74856,2026-09-14T01:00:30+00:00,3.4950
74945,2026-09-14T01:05:43+00:00,3.5113
74995,2026-09-14T01:08:39+00:00,3.5127
75015,2026-09-14T01:09:50+00:00,3.5099
75096,2026-09-14T01:14:44+00:00,3.5016
75111,2026-09-14T01:15:37+00:00,3.4987
75120,2026-09-14T01:16:09+00:00,3.5026
75193,2026-09-14T01:20:27+00:00,3.5176
75201,2026-09-14T01:20:55+00:00,3.5100
75212,2026-09-14T01:21:35+00:00,3.5068
75229,2026-09-14T01:22:36+00:00,3.5044
75244,2026-09-14T01:23:29+00:00,3.5074
75256,2026-09-14T01:24:11+00:00,3.5031
75264,2026-09-14T01:24:40+00:00,3.5119
75342,2026-09-14T01:29:26+00:00,3.5047
75347,2026-09-14T01:29:44+00:00,3.5022
75376,2026-09-14T01:31:26+00:00,3.5018
75381,2026-09-14T01:31:44+00:00,3.5149
75400,2026-09-14T01:32:50+00:00,3.4984
75434,2026-09-14T01:34:51+00:00,3.5010
75453,2026-09-14T01:35:58+00:00,3.5070
75486,2026-09-14T01:37:54+00:00,3.4988
75541,2026-09-14T01:41:08+00:00,3.5021
75564,2026-09-14T01:42:29+00:00,3.5024
75586,2026-09-14T01:43:46+00:00,3.5034
75680,2026-09-14T01:49:31+00:00,3.4979
75701,2026-09-14T01:50:45+00:00,3.4980
75703,2026-09-14T01:50:52+00:00,3.4994
75737,2026-09-14T01:52:52+00:00,3.4963
75764,2026-09-14T01:54:27+00:00,3.4994
75767,2026-09-14T01:54:38+00:00,3.5055
75794,2026-09-14T01:56:13+00:00,3.4948
75827,2026-09-14T01:58:10+00:00,3.4966
75851,2026-09-14T01:59:48+00:00,3.5031
75860,2026-09-14T02:00:20+00:00,3.5069
75861,2026-09-14T02:00:24+00:00,3.5049
75891,2026-09-14T02:02:09+00:00,3.5083
75933,2026-09-14T02:04:37+00:00,3.5028
75957,2026-09-14T02:06:01+00:00,3.4986
75981,2026-09-14T02:07:26+00:00,3.5138
76032,2026-09-14T02:10:25+00:00,3.5013
76040,2026-09-14T02:10:53+00:00,3.5111
76082,2026-09-14T02:13:21+00:00,3.5131
76087,2026-09-14T02:13:39+00:00,3.5203
76106,2026-09-14T02:15:46+00:00,3.5024
76118,2026-09-14T02:16:28+00:00,3.4961
76145,2026-09-14T02:18:04+00:00,3.4950
76171,2026-09-14T02:19:36+00:00,3.5054
76190,2026-09-14T02:20:43+00:00,3.5144
76199,2026-09-14T02:21:14+00:00,3.5143
76214,2026-09-14T02:22:07+00:00,3.5019
76262,2026-09-14T02:24:56+00:00,3.4972
76287,2026-09-14T02:26:24+00:00,3.5228
76317,2026-09-14T02:28:10+00:00,3.5023
76338,2026-09-14T02:29:24+00:00,3.5078
76410,2026-09-14T02:33:51+00:00,3.4953
76435,2026-09-14T02:35:19+00:00,3.5000
76441,2026-09-14T02:35:40+00:00,3.5066
76445,2026-09-14T02:35:54+00:00,3.5105
76461,2026-09-14T02:36:50+00:00,3.4937
76483,2026-09-14T02:38:08+00:00,3.5050
76520,2026-09-14T02:40:19+00:00,3.5186
76525,2026-09-14T02:40:36+00:00,3.4983
76598,2026-09-14T02:45:07+00:00,3.5093
76617,2026-09-14T02:46:15+00:00,3.5056
76636,2026-09-14T02:47:22+00:00,3.5031
76659,2026-09-14T02:48:43+00:00,3.5032
76719,2026-09-14T02:52:14+00:00,3.5040
76720,2026-09-14T02:52:18+00:00,3.5147
76768,2026-09-14T02:55:07+00:00,3.4961
76799,2026-09-14T02:56:56+00:00,3.5050
76816,2026-09-14T02:57:56+00:00,3.5047
76830,2026-09-14T02:58:45+00:00,3.4977
76863,2026-09-14T03:00:55+00:00,3.4933
76885,2026-09-14T03:02:12+00:00,3.4979
76887,2026-09-14T03:02:19+00:00,3.4977
76920,2026-09-14T03:04:15+00:00,3.4911
76928,2026-09-14T03:04:43+00:00,3.5066
76981,2026-09-14T03:07:52+00:00,3.5010
77080,2026-09-14T03:13:40+00:00,3.5008
77100,2026-09-14T03:15:05+00:00,15.0170
77123,2026-09-14T03:16:26+00:00,3.4980
77128,2026-09-14T03:16:44+00:00,3.5043
77175,2026-09-14T03:19:31+00:00,3.5003
77176,2026-09-14T03:19:34+00:00,3.5031
77235,2026-09-14T03:23:03+00:00,3.4977
77246,2026-09-14T03:23:42+00:00,3.5325
77301,2026-09-14T03:26:55+00:00,3.5081
77363,2026-09-14T03:30:46+00:00,3.5031
77369,2026-09-14T03:31:07+00:00,3.4985
77371,2026-09-14T03:31:14+00:00,3.4961
77402,2026-09-14T03:33:04+00:00,3.5085
77403,2026-09-14T03:33:07+00:00,3.5020
77465,2026-09-14T03:36:46+00:00,3.5038
77482,2026-09-14T03:37:46+00:00,3.5123
77491,2026-09-14T03:38:18+00:00,3.4893
77505,2026-09-14T03:39:07+00:00,3.5169
77536,2026-09-14T03:40:56+00:00,3.5090
77552,2026-09-14T03:41:52+00:00,3.4940
77554,2026-09-14T03:41:59+00:00,3.6511
77560,2026-09-14T03:42:20+00:00,3.5020
77574,2026-09-14T03:43:10+00:00,3.5012
77577,2026-09-14T03:43:20+00:00,3.4996
77580,2026-09-14T03:43:32+00:00,3.4954
77616,2026-09-14T03:45:51+00:00,3.5030
77630,2026-09-14T03:46:41+00:00,3.4892
77673,2026-09-14T03:49:13+00:00,3.4878
77701,2026-09-14T03:50:52+00:00,3.5007
77734,2026-09-14T03:52:48+00:00,3.4919
77759,2026-09-14T03:54:15+00:00,3.4966
77782,2026-09-14T03:55:36+00:00,3.4969
77834,2026-09-14T03:58:40+00:00,3.5036
77856,2026-09-14T03:59:57+00:00,3.5108
77858,2026-09-14T04:00:17+00:00,13.4861
77879,2026-09-14T04:01:31+00:00,3.5041
77899,2026-09-14T04:02:42+00:00,3.5022
77901,2026-09-14T04:02:49+00:00,3.5102
77928,2026-09-14T04:04:24+00:00,3.4978
77948,2026-09-14T04:05:35+00:00,3.4961
78025,2026-09-14T04:10:06+00:00,3.5098
78038,2026-09-14T04:10:52+00:00,3.4906
78042,2026-09-14T04:11:06+00:00,3.4963
78050,2026-09-14T04:11:34+00:00,3.5019
78076,2026-09-14T04:13:06+00:00,3.4994
78108,2026-09-14T04:14:58+00:00,3.5080
78116,2026-09-14T04:15:43+00:00,3.5142
78148,2026-09-14T04:17:36+00:00,3.5012
78172,2026-09-14T04:19:01+00:00,3.6658
78273,2026-09-14T04:25:43+00:00,3.5148
78314,2026-09-14T04:28:08+00:00,3.5030
78321,2026-09-14T04:28:32+00:00,3.5078
78338,2026-09-14T04:29:32+00:00,3.5043
78341,2026-09-14T04:29:43+00:00,3.5057
78351,2026-09-14T04:30:31+00:00,3.4982
78370,2026-09-14T04:31:37+00:00,3.5050
78435,2026-09-14T04:35:26+00:00,3.5228
78456,2026-09-14T04:36:40+00:00,3.5013
78458,2026-09-14T04:36:47+00:00,3.5010
78461,2026-09-14T04:36:58+00:00,3.5024
78505,2026-09-14T04:39:34+00:00,3.5379
78516,2026-09-14T04:40:13+00:00,3.5055
78607,2026-09-14T04:45:46+00:00,3.5317
78613,2026-09-14T04:46:07+00:00,3.5099
78621,2026-09-14T04:46:35+00:00,3.5022
78649,2026-09-14T04:48:14+00:00,3.5008
78684,2026-09-14T04:50:18+00:00,3.5021
78692,2026-09-14T04:50:46+00:00,3.5039
78733,2026-09-14T04:53:11+00:00,3.5062
78767,2026-09-14T04:55:11+00:00,3.5071
78811,2026-09-14T04:57:45+00:00,3.5172
78833,2026-09-14T04:59:03+00:00,3.5022
78839,2026-09-14T04:59:24+00:00,3.4999
78844,2026-09-14T04:59:42+00:00,3.4952
78883,2026-09-14T05:02:11+00:00,3.5076
78888,2026-09-14T05:02:29+00:00,3.4987
78921,2026-09-14T05:04:25+00:00,3.5004
78965,2026-09-14T05:07:00+00:00,3.4963
79008,2026-09-14T05:09:31+00:00,3.4996
79022,2026-09-14T05:10:20+00:00,3.5026
79023,2026-09-14T05:10:24+00:00,3.5455
79064,2026-09-14T05:12:48+00:00,3.5026
79073,2026-09-14T05:13:20+00:00,3.5033
79077,2026-09-14T05:13:34+00:00,3.4987
79083,2026-09-14T05:13:55+00:00,3.5010
79087,2026-09-14T05:14:09+00:00,3.4928
79113,2026-09-14T05:15:55+00:00,3.5130
79119,2026-09-14T05:16:16+00:00,3.5006
79127,2026-09-14T05:16:44+00:00,3.4992
79198,2026-09-14T05:20:54+00:00,3.5249
79270,2026-09-14T05:25:08+00:00,3.4987
79293,2026-09-14T05:26:29+00:00,3.5063
79305,2026-09-14T05:27:12+00:00,3.5122
79307,2026-09-14T05:27:19+00:00,3.5026
79338,2026-09-14T05:29:09+00:00,3.4903
79347,2026-09-14T05:29:40+00:00,3.5054
79380,2026-09-14T05:31:48+00:00,3.4947
79401,2026-09-14T05:33:02+00:00,3.5262
79417,2026-09-14T05:33:58+00:00,3.5251
79436,2026-09-14T05:35:05+00:00,3.5245
79445,2026-09-14T05:35:37+00:00,3.5014
79460,2026-09-14T05:36:31+00:00,5.2803
79461,2026-09-14T05:36:35+00:00,3.5009
79486,2026-09-14T05:38:04+00:00,3.5010
79508,2026-09-14T05:39:21+00:00,3.5023
79519,2026-09-14T05:40:00+00:00,3.5103
79525,2026-09-14T05:40:21+00:00,3.5007
79535,2026-09-14T05:40:56+00:00,3.5090
79560,2026-09-14T05:42:24+00:00,3.5045
79561,2026-09-14T05:42:28+00:00,3.4904
79570,2026-09-14T05:43:00+00:00,3.4952
79575,2026-09-14T05:43:17+00:00,3.6371
79622,2026-09-14T05:46:17+00:00,3.4970
79649,2026-09-14T05:47:52+00:00,3.5147
79651,2026-09-14T05:47:59+00:00,3.4962
79674,2026-09-14T05:49:20+00:00,3.5022
79684,2026-09-14T05:49:55+00:00,3.5054
79688,2026-09-14T05:50:09+00:00,3.5073
79695,2026-09-14T05:50:34+00:00,3.5009
79704,2026-09-14T05:51:05+00:00,3.4983
79711,2026-09-14T05:51:30+00:00,3.5164
79724,2026-09-14T05:52:16+00:00,3.4973
79728,2026-09-14T05:52:30+00:00,3.5015
79782,2026-09-14T05:55:41+00:00,3.4934
79785,2026-09-14T05:55:51+00:00,3.4964
79847,2026-09-14T05:59:29+00:00,3.4963
79867,2026-09-14T06:00:40+00:00,3.5004
79877,2026-09-14T06:01:36+00:00,3.5025
79923,2026-09-14T06:04:18+00:00,3.4946
79934,2026-09-14T06:04:57+00:00,3.4946
79939,2026-09-14T06:05:15+00:00,3.5085
79956,2026-09-14T06:06:15+00:00,3.4942
79980,2026-09-14T06:07:39+00:00,3.5005
80028,2026-09-14T06:10:28+00:00,3.5000
80037,2026-09-14T06:11:00+00:00,3.5027
80067,2026-09-14T06:12:45+00:00,3.4999
80119,2026-09-14T06:15:51+00:00,3.5085
80135,2026-09-14T06:16:58+00:00,3.4986
80137,2026-09-14T06:17:05+00:00,3.5004
80232,2026-09-14T06:22:41+00:00,3.5041
80250,2026-09-14T06:23:44+00:00,3.4983
80318,2026-09-14T06:27:44+00:00,3.5064
80324,2026-09-14T06:28:05+00:00,3.5055
80335,2026-09-14T06:29:29+00:00,3.4972
80337,2026-09-14T06:29:36+00:00,3.4961
80347,2026-09-14T06:30:11+00:00,3.5065
80362,2026-09-14T06:31:19+00:00,3.4896
80376,2026-09-14T06:32:08+00:00,3.4944
80398,2026-09-14T06:33:26+00:00,3.4926
80405,2026-09-14T06:33:51+00:00,3.5051
80409,2026-09-14T06:34:05+00:00,3.4964
80446,2026-09-14T06:36:16+00:00,3.5018
80480,2026-09-14T06:38:15+00:00,3.5014
80483,2026-09-14T06:38:26+00:00,3.5133
80489,2026-09-14T06:38:47+00:00,3.4965
80503,2026-09-14T06:39:36+00:00,3.5026
80518,2026-09-14T06:40:29+00:00,3.4977
80556,2026-09-14T06:42:43+00:00,3.5047
80591,2026-09-14T06:44:46+00:00,3.4974
80594,2026-09-14T06:44:56+00:00,3.5039
80597,2026-09-14T06:45:07+00:00,3.4970
80604,2026-09-14T06:45:32+00:00,3.5000
80621,2026-09-14T06:46:45+00:00,3.4932
80666,2026-09-14T06:49:24+00:00,3.4972
80676,2026-09-14T06:49:59+00:00,3.4933
80814,2026-09-14T06:58:06+00:00,3.5095
80819,2026-09-14T06:58:23+00:00,3.4954
80888,2026-09-14T07:02:44+00:00,3.4934
80929,2026-09-14T07:05:09+00:00,3.5131
80946,2026-09-14T07:06:09+00:00,3.5086
81037,2026-09-14T07:11:30+00:00,3.5004
81048,2026-09-14T07:12:08+00:00,3.4932
81079,2026-09-14T07:13:58+00:00,3.5023
81135,2026-09-14T07:17:30+00:00,3.4954
81141,2026-09-14T07:17:51+00:00,3.4953
81151,2026-09-14T07:18:26+00:00,3.5050
81186,2026-09-14T07:20:29+00:00,3.5092
81187,2026-09-14T07:20:33+00:00,3.5042
81272,2026-09-14T07:25:32+00:00,3.4973
81282,2026-09-14T07:26:07+00:00,3.5283
81300,2026-09-14T07:27:10+00:00,3.4940
81404,2026-09-14T07:33:31+00:00,3.5031
81444,2026-09-14T07:35:52+00:00,3.4941
81454,2026-09-14T07:36:27+00:00,3.5132
81483,2026-09-14T07:38:09+00:00,3.5214
81493,2026-09-14T07:38:44+00:00,3.5053
81536,2026-09-14T07:41:15+00:00,3.5072
81555,2026-09-14T07:42:22+00:00,3.5021
81557,2026-09-14T07:42:29+00:00,3.5122
81566,2026-09-14T07:43:01+00:00,3.5011
81601,2026-09-14T07:45:04+00:00,3.5062
81631,2026-09-14T07:47:21+00:00,3.4977
81634,2026-09-14T07:47:31+00:00,3.5148
81723,2026-09-14T07:52:45+00:00,3.5014
81764,2026-09-14T07:55:09+00:00,3.5008
81779,2026-09-14T07:56:02+00:00,3.5024
81796,2026-09-14T07:57:02+00:00,3.5043
81811,2026-09-14T07:57:55+00:00,3.4945
81821,2026-09-14T07:58:30+00:00,3.4902
81827,2026-09-14T07:58:51+00:00,3.4996
81858,2026-09-14T08:00:41+00:00,3.4990
81888,2026-09-14T08:02:41+00:00,3.4993
81950,2026-09-14T08:06:20+00:00,3.5030
81970,2026-09-14T08:07:30+00:00,3.4982
81983,2026-09-14T08:08:16+00:00,3.4981
82019,2026-09-14T08:10:23+00:00,3.5040
82058,2026-09-14T08:12:40+00:00,3.4929
82079,2026-09-14T08:13:54+00:00,3.5045
82087,2026-09-14T08:14:22+00:00,3.5019
82090,2026-09-14T08:14:32+00:00,3.4900
82091,2026-09-14T08:14:36+00:00,3.4999
82098,2026-09-14T08:15:00+00:00,3.4967
82115,2026-09-14T08:16:00+00:00,3.5130
82128,2026-09-14T08:17:08+00:00,3.4920
82170,2026-09-14T08:19:36+00:00,3.5433
82177,2026-09-14T08:20:00+00:00,3.5123
82183,2026-09-14T08:20:22+00:00,3.5021
82198,2026-09-14T08:21:14+00:00,3.5051
82216,2026-09-14T08:22:18+00:00,3.5049
82229,2026-09-14T08:23:03+00:00,3.5101
82254,2026-09-14T08:24:31+00:00,3.5028
82336,2026-09-14T08:29:20+00:00,3.4976
82348,2026-09-14T08:30:03+00:00,3.5011
82355,2026-09-14T08:30:28+00:00,3.5068
82365,2026-09-14T08:31:03+00:00,3.4890
82376,2026-09-14T08:31:57+00:00,15.6214
82393,2026-09-14T08:32:57+00:00,3.4862
82402,2026-09-14T08:33:28+00:00,3.5075
82423,2026-09-14T08:34:42+00:00,3.4959
82450,2026-09-14T08:37:02+00:00,3.4927
82470,2026-09-14T08:38:13+00:00,3.5037
82475,2026-09-14T08:38:30+00:00,3.5047
82489,2026-09-14T08:39:19+00:00,3.4994
82499,2026-09-14T08:39:55+00:00,3.5056
82519,2026-09-14T08:41:05+00:00,3.5055
82525,2026-09-14T08:41:26+00:00,3.5017
82559,2026-09-14T08:43:26+00:00,3.4934
82570,2026-09-14T08:44:05+00:00,3.4991
82576,2026-09-14T08:44:26+00:00,3.5164
82587,2026-09-14T08:45:05+00:00,3.5023
82595,2026-09-14T08:45:33+00:00,3.5023
82612,2026-09-14T08:46:33+00:00,3.5046
82648,2026-09-14T08:49:09+00:00,3.5047
82680,2026-09-14T08:51:01+00:00,3.4978
82683,2026-09-14T08:51:12+00:00,3.5119
82688,2026-09-14T08:51:30+00:00,3.4949
82728,2026-09-14T08:53:51+00:00,3.4963
82753,2026-09-14T08:55:20+00:00,3.5033
82755,2026-09-14T08:55:27+00:00,3.5025
82775,2026-09-14T08:56:37+00:00,3.4930
82792,2026-09-14T08:57:38+00:00,3.5099
82833,2026-09-14T09:00:02+00:00,3.4998
82873,2026-09-14T09:02:48+00:00,3.5061
82927,2026-09-14T09:05:58+00:00,3.5092
82938,2026-09-14T09:06:37+00:00,3.4914
83020,2026-09-14T09:11:26+00:00,3.4954
83035,2026-09-14T09:12:19+00:00,3.4998
83041,2026-09-14T09:12:40+00:00,3.5181
83047,2026-09-14T09:13:01+00:00,3.4964
83085,2026-09-14T09:15:15+00:00,3.4970
83122,2026-09-14T09:17:46+00:00,3.5073
83124,2026-09-14T09:17:53+00:00,3.4962
83125,2026-09-14T09:17:57+00:00,3.4983
83126,2026-09-14T09:18:00+00:00,3.5007
83144,2026-09-14T09:19:03+00:00,3.4967
83173,2026-09-14T09:20:46+00:00,3.5044
83193,2026-09-14T09:21:56+00:00,3.5062
83214,2026-09-14T09:23:10+00:00,3.5073
83261,2026-09-14T09:25:56+00:00,3.4943
83271,2026-09-14T09:26:31+00:00,3.5153
83275,2026-09-14T09:26:45+00:00,3.5067
83293,2026-09-14T09:27:48+00:00,3.4979
83299,2026-09-14T09:28:09+00:00,3.4982
83303,2026-09-14T09:28:23+00:00,3.5097
83343,2026-09-14T09:30:45+00:00,3.4961
83362,2026-09-14T09:31:52+00:00,3.5086
83381,2026-09-14T09:33:38+00:00,3.5069
83424,2026-09-14T09:36:09+00:00,3.5092
83430,2026-09-14T09:36:30+00:00,3.4915
83444,2026-09-14T09:37:21+00:00,3.5013
83446,2026-09-14T09:37:28+00:00,3.5028
83463,2026-09-14T09:38:29+00:00,3.5067
83503,2026-09-14T09:40:50+00:00,3.4981
83515,2026-09-14T09:41:32+00:00,3.5025
83519,2026-09-14T09:41:46+00:00,3.5386
83539,2026-09-14T09:42:57+00:00,3.5051
83543,2026-09-14T09:43:11+00:00,3.5029
83548,2026-09-14T09:43:28+00:00,3.5080
83573,2026-09-14T09:44:57+00:00,3.5003
83603,2026-09-14T09:46:43+00:00,3.4992
83617,2026-09-14T09:48:16+00:00,3.4928
83618,2026-09-14T09:48:20+00:00,3.5224
83681,2026-09-14T09:52:02+00:00,3.5964
83688,2026-09-14T09:52:26+00:00,3.5023
83712,2026-09-14T09:53:51+00:00,3.5085
83716,2026-09-14T09:54:05+00:00,3.5137
83731,2026-09-14T09:54:58+00:00,3.5012
83743,2026-09-14T09:55:41+00:00,3.5060
83754,2026-09-14T09:56:20+00:00,3.4983
83776,2026-09-14T09:57:37+00:00,3.4947
83780,2026-09-14T09:57:52+00:00,3.5021
83792,2026-09-14T09:58:34+00:00,3.4933
83816,2026-09-14T09:59:58+00:00,3.5007
83831,2026-09-14T10:00:51+00:00,3.5081
83835,2026-09-14T10:01:05+00:00,3.4949
83856,2026-09-14T10:03:05+00:00,3.5092
83917,2026-09-14T10:06:40+00:00,3.5005
83955,2026-09-14T10:08:55+00:00,3.5113
84000,2026-09-14T10:11:34+00:00,3.5532
84010,2026-09-14T10:12:09+00:00,3.5053
84082,2026-09-14T10:16:23+00:00,3.5055
84087,2026-09-14T10:16:42+00:00,3.5657
84105,2026-09-14T10:18:25+00:00,3.4870
84125,2026-09-14T10:19:37+00:00,3.5044
84128,2026-09-14T10:19:48+00:00,3.4960
84134,2026-09-14T10:20:09+00:00,3.5013
84147,2026-09-14T10:20:55+00:00,3.5094
84148,2026-09-14T10:20:59+00:00,3.5035
84159,2026-09-14T10:21:37+00:00,3.4975
84169,2026-09-14T10:22:12+00:00,3.4926
84171,2026-09-14T10:22:19+00:00,3.4982
84175,2026-09-14T10:22:33+00:00,3.5104
84191,2026-09-14T10:23:30+00:00,3.4947
84206,2026-09-14T10:24:23+00:00,3.5096
84233,2026-09-14T10:25:58+00:00,3.5234
84261,2026-09-14T10:27:36+00:00,3.5024
84271,2026-09-14T10:28:12+00:00,3.4966
84373,2026-09-14T10:34:51+00:00,3.5031
84388,2026-09-14T10:35:44+00:00,3.5119
84395,2026-09-14T10:36:09+00:00,3.5037
84398,2026-09-14T10:36:19+00:00,3.4994
84412,2026-09-14T10:37:09+00:00,3.5000
84428,2026-09-14T10:38:05+00:00,3.5028
84477,2026-09-14T10:40:57+00:00,3.4994
84498,2026-09-14T10:42:11+00:00,3.4958
84512,2026-09-14T10:43:01+00:00,3.5105
84523,2026-09-14T10:43:39+00:00,3.5121
84527,2026-09-14T10:43:54+00:00,3.5055
84545,2026-09-14T10:44:57+00:00,3.4997
84546,2026-09-14T10:45:00+00:00,3.5054
84562,2026-09-14T10:46:41+00:00,3.5128
84571,2026-09-14T10:47:13+00:00,3.5071
84613,2026-09-14T10:50:24+00:00,3.4961
84661,2026-09-14T10:53:14+00:00,3.5116
84707,2026-09-14T10:55:56+00:00,3.5018
84730,2026-09-14T10:57:17+00:00,3.4865
84733,2026-09-14T10:57:27+00:00,3.5066
84740,2026-09-14T10:57:52+00:00,3.5081
84769,2026-09-14T10:59:34+00:00,3.5137
84785,2026-09-14T11:00:31+00:00,3.4956
85009,2026-09-14T11:14:25+00:00,3.4950
85063,2026-09-14T11:17:38+00:00,3.5020
85112,2026-09-14T11:21:10+00:00,3.5099
85119,2026-09-14T11:21:34+00:00,3.5123
85154,2026-09-14T11:23:38+00:00,3.5134
85162,2026-09-14T11:24:06+00:00,3.4975
85164,2026-09-14T11:24:13+00:00,3.4994
85194,2026-09-14T11:25:59+00:00,3.4990
85241,2026-09-14T11:28:45+00:00,3.4921
85247,2026-09-14T11:29:06+00:00,3.4952
85273,2026-09-14T11:30:37+00:00,3.5142
85275,2026-09-14T11:30:44+00:00,3.5227
85290,2026-09-14T11:31:37+00:00,3.5045
85316,2026-09-14T11:33:44+00:00,3.5053
85320,2026-09-14T11:33:58+00:00,3.4962
85354,2026-09-14T11:35:58+00:00,3.4977
85411,2026-09-14T11:39:19+00:00,3.5048
85454,2026-09-14T11:41:50+00:00,3.4951
85580,2026-09-14T11:49:39+00:00,3.5046
85605,2026-09-14T11:51:07+00:00,3.4918
85668,2026-09-14T11:54:50+00:00,3.4982
85694,2026-09-14T11:56:23+00:00,3.5034
85721,2026-09-14T11:57:58+00:00,3.5075
85756,2026-09-14T12:00:01+00:00,3.4949
85763,2026-09-14T12:00:26+00:00,3.5057
85778,2026-09-14T12:01:19+00:00,3.5062
85798,2026-09-14T12:02:29+00:00,3.4968
85846,2026-09-14T12:05:40+00:00,3.4960
85863,2026-09-14T12:06:40+00:00,3.5121
85906,2026-09-14T12:09:12+00:00,3.4932
85970,2026-09-14T12:12:57+00:00,3.5005
85988,2026-09-14T12:14:00+00:00,3.4988
86006,2026-09-14T12:15:04+00:00,3.4992
86023,2026-09-14T12:16:04+00:00,3.4960
86056,2026-09-14T12:18:23+00:00,23.6342
86063,2026-09-14T12:18:48+00:00,3.5057
86085,2026-09-14T12:20:06+00:00,3.4854
86101,2026-09-14T12:21:02+00:00,3.4989
86110,2026-09-14T12:21:34+00:00,3.5099
86168,2026-09-14T12:24:59+00:00,3.5007
86169,2026-09-14T12:25:02+00:00,3.5007
86172,2026-09-14T12:25:13+00:00,3.5159
86176,2026-09-14T12:25:27+00:00,3.5082
86195,2026-09-14T12:26:34+00:00,3.5070
86199,2026-09-14T12:26:48+00:00,3.5036
86224,2026-09-14T12:28:16+00:00,3.4974
86251,2026-09-14T12:29:51+00:00,3.5040
86320,2026-09-14T12:34:18+00:00,3.4965
86328,2026-09-14T12:34:46+00:00,3.5086
86353,2026-09-14T12:36:14+00:00,3.5054
86382,2026-09-14T12:37:56+00:00,3.5116
86391,2026-09-14T12:38:28+00:00,3.6655
86415,2026-09-14T12:39:53+00:00,3.4928
86454,2026-09-14T12:42:13+00:00,3.5044
86457,2026-09-14T12:42:24+00:00,3.4967
86497,2026-09-14T12:44:45+00:00,3.4968
86502,2026-09-14T12:45:03+00:00,3.4995
86556,2026-09-14T12:48:33+00:00,13.2041
86566,2026-09-14T12:49:08+00:00,3.4936
86592,2026-09-14T12:50:39+00:00,3.4988
86601,2026-09-14T12:51:11+00:00,3.4911
86627,2026-09-14T12:52:43+00:00,3.5028
86707,2026-09-14T12:58:10+00:00,3.5025
86718,2026-09-14T12:58:49+00:00,3.5021
86779,2026-09-14T13:02:24+00:00,3.5045
86787,2026-09-14T13:02:52+00:00,3.5008
86850,2026-09-14T13:06:59+00:00,3.5122
86853,2026-09-14T13:07:10+00:00,3.4993
86855,2026-09-14T13:07:17+00:00,3.5296
86860,2026-09-14T13:07:34+00:00,3.4982
86883,2026-09-14T13:08:55+00:00,3.5038
86901,2026-09-14T13:09:59+00:00,3.5000
86923,2026-09-14T13:11:16+00:00,3.5082
86927,2026-09-14T13:11:30+00:00,3.4997
86931,2026-09-14T13:11:44+00:00,3.5083
86958,2026-09-14T13:13:20+00:00,3.4972
86963,2026-09-14T13:13:37+00:00,3.5120
86996,2026-09-14T13:15:34+00:00,3.5126
87002,2026-09-14T13:15:55+00:00,3.4961
87017,2026-09-14T13:16:47+00:00,3.5045
87031,2026-09-14T13:17:37+00:00,3.4944
87059,2026-09-14T13:19:34+00:00,3.5079
87065,2026-09-14T13:19:55+00:00,3.4979
87094,2026-09-14T13:21:37+00:00,3.5081
87124,2026-09-14T13:24:27+00:00,3.4975
87153,2026-09-14T13:26:10+00:00,3.5140
87253,2026-09-14T13:32:03+00:00,3.4986
87262,2026-09-14T13:32:34+00:00,3.4969
87294,2026-09-14T13:34:27+00:00,3.4984
87300,2026-09-14T13:34:48+00:00,3.4993
87303,2026-09-14T13:34:59+00:00,3.4886
87319,2026-09-14T13:35:55+00:00,3.4944
87323,2026-09-14T13:36:09+00:00,3.5071
87364,2026-09-14T13:38:50+00:00,3.4949
87397,2026-09-14T13:40:47+00:00,3.4931
87404,2026-09-14T13:41:11+00:00,3.5058
87427,2026-09-14T13:42:32+00:00,3.5135
87431,2026-09-14T13:42:46+00:00,3.4985
87461,2026-09-14T13:44:32+00:00,3.5006
87504,2026-09-14T13:47:04+00:00,3.4991
87505,2026-09-14T13:47:07+00:00,3.5075
87514,2026-09-14T13:47:39+00:00,3.5096
87524,2026-09-14T13:48:14+00:00,3.5037
87540,2026-09-14T13:49:11+00:00,3.5049
87585,2026-09-14T13:51:50+00:00,3.5127
87607,2026-09-14T13:53:08+00:00,3.5047
87686,2026-09-14T13:58:00+00:00,3.5062
87711,2026-09-14T13:59:28+00:00,3.5128
87734,2026-09-14T14:00:49+00:00,3.5070
87735,2026-09-14T14:00:53+00:00,3.5119
87743,2026-09-14T14:01:21+00:00,3.5012
87747,2026-09-14T14:01:35+00:00,3.5054
87748,2026-09-14T14:01:39+00:00,3.5038
87751,2026-09-14T14:01:49+00:00,3.5048
87776,2026-09-14T14:03:17+00:00,3.4998
87803,2026-09-14T14:04:52+00:00,3.4913
87808,2026-09-14T14:05:10+00:00,3.4989
87814,2026-09-14T14:05:31+00:00,3.5031
87826,2026-09-14T14:06:13+00:00,3.4981
87845,2026-09-14T14:07:20+00:00,3.5030
87874,2026-09-14T14:09:15+00:00,3.4979
87913,2026-09-14T14:11:32+00:00,3.4920
87916,2026-09-14T14:11:43+00:00,3.4981
87968,2026-09-14T14:14:46+00:00,3.5063
88044,2026-09-14T14:19:15+00:00,3.5004
88086,2026-09-14T14:21:43+00:00,3.5037
88106,2026-09-14T14:22:53+00:00,3.4917
88118,2026-09-14T14:23:38+00:00,3.4986
88122,2026-09-14T14:23:59+00:00,3.5136
88134,2026-09-14T14:24:41+00:00,3.5047
88165,2026-09-14T14:26:31+00:00,3.5001
88171,2026-09-14T14:26:52+00:00,3.4909
88179,2026-09-14T14:27:20+00:00,3.5008
88236,2026-09-14T14:30:42+00:00,3.5293
88242,2026-09-14T14:31:03+00:00,3.4977
88255,2026-09-14T14:31:49+00:00,3.5039
88267,2026-09-14T14:32:31+00:00,3.4983
88269,2026-09-14T14:32:38+00:00,3.5121
88296,2026-09-14T14:34:13+00:00,3.4991
88300,2026-09-14T14:34:27+00:00,3.4993
88306,2026-09-14T14:34:48+00:00,3.4941
88321,2026-09-14T14:35:41+00:00,3.5367
88325,2026-09-14T14:35:55+00:00,3.5142
88395,2026-09-14T14:40:14+00:00,3.4957
88401,2026-09-14T14:40:35+00:00,3.4999
88446,2026-09-14T14:43:14+00:00,3.5049
88496,2026-09-14T14:46:09+00:00,3.4926
88498,2026-09-14T14:46:16+00:00,3.4895
88538,2026-09-14T14:48:37+00:00,3.4980
88626,2026-09-14T14:53:50+00:00,3.5010
88628,2026-09-14T14:54:04+00:00,3.4970
88643,2026-09-14T14:54:57+00:00,3.5042
88644,2026-09-14T14:55:01+00:00,3.4979
88646,2026-09-14T14:55:08+00:00,3.4966
88669,2026-09-14T14:56:29+00:00,3.4955
88716,2026-09-14T14:59:14+00:00,3.5036
88742,2026-09-14T15:00:46+00:00,3.4953
88751,2026-09-14T15:01:18+00:00,3.4981
88755,2026-09-14T15:01:32+00:00,3.5028
88762,2026-09-14T15:01:56+00:00,3.5054
88795,2026-09-14T15:04:37+00:00,3.4874
88827,2026-09-14T15:06:30+00:00,3.5336
88865,2026-09-14T15:08:44+00:00,3.4998
88870,2026-09-14T15:09:11+00:00,3.4986
88884,2026-09-14T15:10:00+00:00,3.5170
88889,2026-09-14T15:10:17+00:00,3.4963
88919,2026-09-14T15:12:03+00:00,3.5030
88934,2026-09-14T15:12:56+00:00,3.5011
88943,2026-09-14T15:13:28+00:00,3.4983
89010,2026-09-14T15:17:25+00:00,3.4979
89024,2026-09-14T15:18:14+00:00,3.5018
89059,2026-09-14T15:20:17+00:00,3.5064
89079,2026-09-14T15:21:28+00:00,3.4939
89083,2026-09-14T15:21:42+00:00,3.5150
89086,2026-09-14T15:21:52+00:00,3.5132
89096,2026-09-14T15:22:28+00:00,3.5052
89103,2026-09-14T15:22:52+00:00,3.4977
89110,2026-09-14T15:23:17+00:00,3.5079
89118,2026-09-14T15:23:45+00:00,3.5371
89124,2026-09-14T15:24:13+00:00,3.5024
89167,2026-09-14T15:26:44+00:00,3.5065
89169,2026-09-14T15:26:51+00:00,3.5035
89227,2026-09-14T15:30:18+00:00,3.4979
89242,2026-09-14T15:31:12+00:00,3.5592
89330,2026-09-14T15:36:22+00:00,3.5002
89353,2026-09-14T15:37:43+00:00,3.5064
89374,2026-09-14T15:38:57+00:00,3.5051
89382,2026-09-14T15:39:33+00:00,3.4941
89406,2026-09-14T15:40:58+00:00,3.5013
89415,2026-09-14T15:41:30+00:00,3.5123
89466,2026-09-14T15:44:29+00:00,3.4991
89485,2026-09-14T15:45:36+00:00,3.5050
89504,2026-09-14T15:46:43+00:00,3.4993
89509,2026-09-14T15:47:00+00:00,3.4980
89522,2026-09-14T15:47:46+00:00,3.5054
89527,2026-09-14T15:48:04+00:00,3.5017
89564,2026-09-14T15:50:14+00:00,3.5003
89605,2026-09-14T15:52:38+00:00,3.4893
89627,2026-09-14T15:53:56+00:00,3.4973
89648,2026-09-14T15:55:13+00:00,3.4946
89704,2026-09-14T15:58:30+00:00,3.4957
89743,2026-09-14T16:00:48+00:00,3.4962
89781,2026-09-14T16:03:02+00:00,3.4956
89783,2026-09-14T16:03:09+00:00,3.4953
89842,2026-09-14T16:06:37+00:00,3.5087
89844,2026-09-14T16:06:44+00:00,3.4986
89845,2026-09-14T16:06:47+00:00,3.5083
89864,2026-09-14T16:07:54+00:00,3.4942
89865,2026-09-14T16:07:58+00:00,3.4949
89871,2026-09-14T16:08:19+00:00,3.4942
89914,2026-09-14T16:10:56+00:00,3.5059
89929,2026-09-14T16:11:49+00:00,3.5018
89938,2026-09-14T16:12:21+00:00,3.5010
89941,2026-09-14T16:12:32+00:00,3.4991
89943,2026-09-14T16:12:39+00:00,3.5043
89989,2026-09-14T16:15:21+00:00,3.5051
90007,2026-09-14T16:16:25+00:00,3.4997
90024,2026-09-14T16:17:25+00:00,3.5271
90045,2026-09-14T16:18:39+00:00,3.4971
90074,2026-09-14T16:20:22+00:00,3.5026
90083,2026-09-14T16:20:54+00:00,3.5077
90110,2026-09-14T16:22:29+00:00,3.5012
90125,2026-09-14T16:23:21+00:00,3.5167
90127,2026-09-14T16:23:28+00:00,3.4979
90153,2026-09-14T16:25:05+00:00,3.4989
90170,2026-09-14T16:26:05+00:00,3.4972
90175,2026-09-14T16:26:22+00:00,3.5028
90193,2026-09-14T16:27:26+00:00,3.5012
90199,2026-09-14T16:27:47+00:00,3.5050
90214,2026-09-14T16:28:40+00:00,3.5132
90224,2026-09-14T16:29:15+00:00,3.5104
90279,2026-09-14T16:32:28+00:00,3.5022
90307,2026-09-14T16:34:07+00:00,3.5052
90342,2026-09-14T16:36:10+00:00,3.5003
90366,2026-09-14T16:37:35+00:00,3.4997
90505,2026-09-14T16:45:50+00:00,3.4930
90570,2026-09-14T16:49:40+00:00,3.5076
90666,2026-09-14T16:55:24+00:00,3.5083
90676,2026-09-14T16:55:59+00:00,3.5092
90826,2026-09-14T17:04:47+00:00,3.4978
90828,2026-09-14T17:04:54+00:00,3.5123
90830,2026-09-14T17:05:01+00:00,3.4975
90890,2026-09-14T17:08:32+00:00,3.5081
90896,2026-09-14T17:08:53+00:00,3.5189
90918,2026-09-14T17:11:01+00:00,3.4940
90929,2026-09-14T17:11:39+00:00,3.5130
90964,2026-09-14T17:13:43+00:00,3.4960
90976,2026-09-14T17:14:26+00:00,3.5053
90982,2026-09-14T17:14:47+00:00,3.5021
90985,2026-09-14T17:14:57+00:00,3.5061
91001,2026-09-14T17:15:54+00:00,3.5039
91038,2026-09-14T17:18:05+00:00,3.5616
91080,2026-09-14T17:20:33+00:00,3.5030
91082,2026-09-14T17:20:40+00:00,3.5222
91087,2026-09-14T17:20:58+00:00,3.5059
91125,2026-09-14T17:23:13+00:00,3.4984
91143,2026-09-14T17:24:16+00:00,3.5116
91186,2026-09-14T17:26:51+00:00,3.5001
91237,2026-09-14T17:29:50+00:00,3.5016
91250,2026-09-14T17:30:36+00:00,3.5016
91275,2026-09-14T17:32:04+00:00,3.4989
91296,2026-09-14T17:33:18+00:00,3.4996
91329,2026-09-14T17:35:15+00:00,3.5111
91342,2026-09-14T17:36:00+00:00,3.5119
91350,2026-09-14T17:36:29+00:00,3.5084
91372,2026-09-14T17:37:46+00:00,3.4993
91389,2026-09-14T17:38:46+00:00,3.5080
91399,2026-09-14T17:39:21+00:00,3.4969
91410,2026-09-14T17:40:00+00:00,3.4940
91429,2026-09-14T17:41:10+00:00,3.4962
91445,2026-09-14T17:42:07+00:00,3.5076
91458,2026-09-14T17:42:53+00:00,3.4984
91462,2026-09-14T17:43:07+00:00,3.5111
91567,2026-09-14T17:49:17+00:00,3.4979
91589,2026-09-14T17:50:34+00:00,3.5098
91594,2026-09-14T17:50:52+00:00,3.4941
91612,2026-09-14T17:51:56+00:00,3.5284
91628,2026-09-14T17:52:52+00:00,3.4933
91629,2026-09-14T17:52:56+00:00,3.5081
91643,2026-09-14T17:53:45+00:00,3.5118
91674,2026-09-14T17:55:41+00:00,3.5233
91708,2026-09-14T17:57:41+00:00,3.4986
91722,2026-09-14T17:58:31+00:00,3.4979
91744,2026-09-14T17:59:48+00:00,3.4922
91767,2026-09-14T18:01:09+00:00,3.4987
91793,2026-09-14T18:02:41+00:00,3.5063
91804,2026-09-14T18:03:20+00:00,3.5074
91812,2026-09-14T18:03:48+00:00,3.4991
91825,2026-09-14T18:04:33+00:00,3.4926
91833,2026-09-14T18:05:02+00:00,3.5057
91841,2026-09-14T18:05:30+00:00,3.5009
91852,2026-09-14T18:06:08+00:00,3.5027
91864,2026-09-14T18:06:51+00:00,3.5032
91870,2026-09-14T18:07:12+00:00,3.5147
91877,2026-09-14T18:07:36+00:00,3.5006
91893,2026-09-14T18:08:33+00:00,3.5038
91894,2026-09-14T18:08:36+00:00,3.4920
91931,2026-09-14T18:12:07+00:00,3.4925
91936,2026-09-14T18:12:25+00:00,3.5011
91948,2026-09-14T18:13:07+00:00,3.5007
91952,2026-09-14T18:13:21+00:00,3.4965
91994,2026-09-14T18:15:49+00:00,3.4946
92025,2026-09-14T18:17:38+00:00,3.7886
92032,2026-09-14T18:18:02+00:00,3.4986
92076,2026-09-14T18:20:38+00:00,3.5081
92083,2026-09-14T18:21:02+00:00,3.5015
92105,2026-09-14T18:22:20+00:00,3.5032
92183,2026-09-14T18:27:09+00:00,3.5030
92194,2026-09-14T18:27:48+00:00,3.5122
92221,2026-09-14T18:29:24+00:00,3.5094
92239,2026-09-14T18:30:27+00:00,3.5045
92305,2026-09-14T18:34:20+00:00,3.4989
92308,2026-09-14T18:34:30+00:00,3.5065
92338,2026-09-14T18:36:16+00:00,3.5079
92340,2026-09-14T18:36:23+00:00,3.4997
92376,2026-09-14T18:38:30+00:00,3.5014
92391,2026-09-14T18:39:23+00:00,3.5026
92410,2026-09-14T18:40:30+00:00,3.5121
92513,2026-09-14T18:46:43+00:00,3.5026
92532,2026-09-14T18:47:51+00:00,3.5034
92553,2026-09-14T18:49:04+00:00,3.4980
92557,2026-09-14T18:49:18+00:00,3.5142
92575,2026-09-14T18:50:22+00:00,3.5044
92583,2026-09-14T18:50:50+00:00,3.5068
92608,2026-09-14T18:52:18+00:00,3.5008
92657,2026-09-14T18:55:11+00:00,3.5142
92661,2026-09-14T18:55:25+00:00,3.4954
92694,2026-09-14T18:57:29+00:00,3.5075
92704,2026-09-14T18:58:05+00:00,3.5045
92727,2026-09-14T18:59:26+00:00,3.5036
92747,2026-09-14T19:00:36+00:00,3.5036
92786,2026-09-14T19:02:53+00:00,3.5307
92788,2026-09-14T19:03:00+00:00,3.4925
92798,2026-09-14T19:03:36+00:00,3.4898
92820,2026-09-14T19:04:53+00:00,3.4963
92839,2026-09-14T19:06:00+00:00,3.5120
92850,2026-09-14T19:06:38+00:00,3.5100
92858,2026-09-14T19:07:07+00:00,3.5049
92904,2026-09-14T19:09:48+00:00,3.4957
92917,2026-09-14T19:10:34+00:00,3.5030
92937,2026-09-14T19:11:49+00:00,3.5105
92938,2026-09-14T19:11:53+00:00,3.5114
92945,2026-09-14T19:12:17+00:00,3.4933
92953,2026-09-14T19:12:45+00:00,3.5057
92975,2026-09-14T19:14:03+00:00,3.5096
92999,2026-09-14T19:15:27+00:00,3.5069
93012,2026-09-14T19:16:13+00:00,3.4953
93014,2026-09-14T19:16:20+00:00,3.4993
93055,2026-09-14T19:19:29+00:00,3.5028
93077,2026-09-14T19:20:46+00:00,3.5026
93084,2026-09-14T19:21:11+00:00,3.5064
93089,2026-09-14T19:21:29+00:00,3.4951
93112,2026-09-14T19:22:50+00:00,3.4962
93121,2026-09-14T19:23:21+00:00,3.5062
93168,2026-09-14T19:26:13+00:00,3.5057
93227,2026-09-14T19:29:41+00:00,3.5023
93252,2026-09-14T19:31:09+00:00,3.5021
93281,2026-09-14T19:32:51+00:00,3.5043
93294,2026-09-14T19:33:36+00:00,3.5027
93307,2026-09-14T19:34:22+00:00,3.5110
93319,2026-09-14T19:35:05+00:00,3.5083
93327,2026-09-14T19:35:33+00:00,3.4986
93346,2026-09-14T19:36:40+00:00,3.5136
93384,2026-09-14T19:38:53+00:00,3.5051
93391,2026-09-14T19:39:18+00:00,3.4994
93458,2026-09-14T19:43:18+00:00,3.4967
93466,2026-09-14T19:43:46+00:00,3.5069
93470,2026-09-14T19:44:00+00:00,3.4982
93472,2026-09-14T19:44:07+00:00,3.5186
93477,2026-09-14T19:44:25+00:00,3.5031
93484,2026-09-14T19:44:49+00:00,3.5066
93491,2026-09-14T19:45:14+00:00,3.5006
93502,2026-09-14T19:45:53+00:00,3.5054
93526,2026-09-14T19:47:17+00:00,3.4974
93563,2026-09-14T19:49:29+00:00,4.0792
93580,2026-09-14T19:50:29+00:00,3.5070
93617,2026-09-14T19:52:39+00:00,3.4999
93673,2026-09-14T19:55:56+00:00,3.5031
93703,2026-09-14T19:57:45+00:00,3.4960
93704,2026-09-14T19:57:49+00:00,3.4969
93737,2026-09-14T19:59:45+00:00,3.5041
93744,2026-09-14T20:00:10+00:00,3.4948
93752,2026-09-14T20:00:38+00:00,3.5045
93789,2026-09-14T20:02:48+00:00,3.5064
93811,2026-09-14T20:04:05+00:00,3.4922
93818,2026-09-14T20:04:30+00:00,3.4973
93846,2026-09-14T20:06:08+00:00,3.4950
93852,2026-09-14T20:06:29+00:00,3.4999
93914,2026-09-14T20:10:08+00:00,3.4971
93929,2026-09-14T20:11:01+00:00,3.4947
93955,2026-09-14T20:12:36+00:00,3.4938
93962,2026-09-14T20:13:01+00:00,3.4962
93966,2026-09-14T20:13:15+00:00,3.4943
93982,2026-09-14T20:14:11+00:00,3.5040
94010,2026-09-14T20:15:50+00:00,3.5086
94020,2026-09-14T20:16:25+00:00,3.5022
94072,2026-09-14T20:19:29+00:00,3.5065
94085,2026-09-14T20:20:14+00:00,3.4994
94111,2026-09-14T20:21:46+00:00,3.5073
94118,2026-09-14T20:22:11+00:00,3.5117
94126,2026-09-14T20:22:39+00:00,3.5050
94145,2026-09-14T20:23:46+00:00,3.5107
94158,2026-09-14T20:24:31+00:00,3.4980
94190,2026-09-14T20:26:27+00:00,3.6996
94193,2026-09-14T20:26:38+00:00,3.5079
94228,2026-09-14T20:28:41+00:00,3.5002
94239,2026-09-14T20:29:20+00:00,3.5135
94247,2026-09-14T20:29:48+00:00,3.4911
94264,2026-09-14T20:30:48+00:00,3.4996
94333,2026-09-14T20:34:52+00:00,3.5006
94364,2026-09-14T20:36:41+00:00,3.5099
94432,2026-09-14T20:40:41+00:00,3.4970
94447,2026-09-14T20:41:42+00:00,3.5027
94465,2026-09-14T20:42:45+00:00,3.5034
94488,2026-09-14T20:44:06+00:00,3.4997
94518,2026-09-14T20:45:51+00:00,3.4945
94545,2026-09-14T20:47:26+00:00,3.4999
94575,2026-09-14T20:49:12+00:00,3.4982
94600,2026-09-14T20:50:40+00:00,3.4967
94622,2026-09-14T20:51:57+00:00,3.5080
94633,2026-09-14T20:52:36+00:00,3.4973
94644,2026-09-14T20:53:15+00:00,3.5064
94657,2026-09-14T20:54:00+00:00,3.5096
94683,2026-09-14T20:55:32+00:00,3.5202
94687,2026-09-14T20:55:46+00:00,3.5139
94751,2026-09-14T20:59:39+00:00,3.4960
94777,2026-09-14T21:01:11+00:00,3.5031
94828,2026-09-14T21:04:11+00:00,3.4896
94838,2026-09-14T21:04:46+00:00,3.4980
94856,2026-09-14T21:05:49+00:00,3.4940
94875,2026-09-14T21:06:56+00:00,3.5010
94906,2026-09-14T21:08:45+00:00,3.5033
94923,2026-09-14T21:09:45+00:00,3.5092
94989,2026-09-14T21:13:44+00:00,3.5127
95004,2026-09-14T21:14:37+00:00,3.5091
95030,2026-09-14T21:16:09+00:00,3.5157
95033,2026-09-14T21:16:19+00:00,3.5038
95052,2026-09-14T21:17:26+00:00,3.5033
95056,2026-09-14T21:17:40+00:00,3.5020
95058,2026-09-14T21:17:47+00:00,3.4998
95145,2026-09-14T21:23:40+00:00,3.4903
95180,2026-09-14T21:25:44+00:00,3.5040
95228,2026-09-14T21:28:54+00:00,3.5176
95254,2026-09-14T21:30:25+00:00,3.4908
95275,2026-09-14T21:31:40+00:00,3.5176
95280,2026-09-14T21:31:58+00:00,3.5197
95323,2026-09-14T21:34:29+00:00,3.4933
95354,2026-09-14T21:36:18+00:00,3.4886
95377,2026-09-14T21:37:40+00:00,3.5093
95390,2026-09-14T21:38:25+00:00,3.5089
95406,2026-09-14T21:39:22+00:00,3.5037
95463,2026-09-14T21:42:48+00:00,3.5041
95467,2026-09-14T21:43:02+00:00,3.4981
95502,2026-09-14T21:45:05+00:00,3.5025
95520,2026-09-14T21:46:08+00:00,3.4975
95539,2026-09-14T21:47:15+00:00,3.5058
95550,2026-09-14T21:47:54+00:00,3.5064
95565,2026-09-14T21:48:47+00:00,3.5097
95566,2026-09-14T21:48:50+00:00,3.4930
95584,2026-09-14T21:49:54+00:00,3.5045
95590,2026-09-14T21:50:15+00:00,3.5086
95599,2026-09-14T21:50:46+00:00,3.4987
95610,2026-09-14T21:51:25+00:00,3.5155
95662,2026-09-14T21:54:29+00:00,3.4975
95687,2026-09-14T21:55:58+00:00,3.5032
95755,2026-09-14T22:00:04+00:00,3.5012
95782,2026-09-14T22:01:38+00:00,3.5116
95809,2026-09-14T22:03:14+00:00,3.5063
95828,2026-09-14T22:04:21+00:00,3.5059
95845,2026-09-14T22:05:21+00:00,3.5031
95866,2026-09-14T22:06:35+00:00,3.5080
95879,2026-09-14T22:07:20+00:00,3.5082
95882,2026-09-14T22:07:31+00:00,3.5019
95886,2026-09-14T22:07:45+00:00,3.5117
95953,2026-09-14T22:11:41+00:00,3.4999
96025,2026-09-14T22:15:59+00:00,3.5086
96044,2026-09-14T22:17:06+00:00,3.4989
96065,2026-09-14T22:18:19+00:00,3.5003
96073,2026-09-14T22:18:48+00:00,3.4939
96082,2026-09-14T22:19:19+00:00,3.5425
96093,2026-09-14T22:19:58+00:00,3.4979
96095,2026-09-14T22:20:05+00:00,3.5057
96119,2026-09-14T22:21:30+00:00,3.5052
96165,2026-09-14T22:24:12+00:00,3.4966
96178,2026-09-14T22:24:58+00:00,3.4957
96181,2026-09-14T22:25:08+00:00,3.5011
96213,2026-09-14T22:27:01+00:00,3.4945
96237,2026-09-14T22:28:41+00:00,3.5039
96263,2026-09-14T22:30:13+00:00,3.5006
96321,2026-09-14T22:33:37+00:00,3.5049
96347,2026-09-14T22:35:09+00:00,3.5039
96387,2026-09-14T22:37:29+00:00,3.4916
96415,2026-09-14T22:39:08+00:00,3.4999
96468,2026-09-14T22:42:15+00:00,3.5025
96474,2026-09-14T22:42:36+00:00,3.5056
96495,2026-09-14T22:44:03+00:00,3.5048
96522,2026-09-14T22:45:38+00:00,3.4967
96526,2026-09-14T22:45:52+00:00,3.4918
96583,2026-09-14T22:49:14+00:00,3.5112
96608,2026-09-14T22:50:41+00:00,3.4951
96611,2026-09-14T22:50:52+00:00,3.5080
96654,2026-09-14T22:53:24+00:00,3.5053
96723,2026-09-14T22:57:27+00:00,3.4970
96748,2026-09-14T22:59:03+00:00,3.4867
96763,2026-09-14T22:59:56+00:00,3.4959
96790,2026-09-14T23:01:31+00:00,3.4993
96808,2026-09-14T23:02:34+00:00,3.4991
96815,2026-09-14T23:02:59+00:00,3.4977
96834,2026-09-14T23:04:06+00:00,3.5071
96839,2026-09-14T23:04:23+00:00,3.5022
96860,2026-09-14T23:05:37+00:00,3.5050
96893,2026-09-14T23:07:34+00:00,3.4980
96918,2026-09-14T23:09:03+00:00,3.4921
96980,2026-09-14T23:12:42+00:00,3.5010
97006,2026-09-14T23:14:25+00:00,3.5097
97065,2026-09-14T23:17:52+00:00,3.4939
97091,2026-09-14T23:19:24+00:00,3.4974
97125,2026-09-14T23:21:24+00:00,3.4923
97153,2026-09-14T23:23:02+00:00,3.5041
97175,2026-09-14T23:24:20+00:00,3.4960
97178,2026-09-14T23:24:30+00:00,3.5125
97188,2026-09-14T23:25:06+00:00,3.5014
97195,2026-09-14T23:25:30+00:00,3.4893
97211,2026-09-14T23:26:27+00:00,3.4876
97213,2026-09-14T23:26:34+00:00,3.5018
97286,2026-09-14T23:31:44+00:00,3.5080
97307,2026-09-14T23:32:58+00:00,3.5081
97332,2026-09-14T23:34:26+00:00,3.5165
97368,2026-09-14T23:36:32+00:00,3.5071
97383,2026-09-14T23:37:25+00:00,3.5076
97414,2026-09-14T23:39:14+00:00,3.5093
97434,2026-09-14T23:40:25+00:00,3.5081
97473,2026-09-14T23:42:42+00:00,3.5196
97478,2026-09-14T23:43:00+00:00,3.5191
97494,2026-09-14T23:43:56+00:00,3.4989
97520,2026-09-14T23:45:37+00:00,3.4969
97533,2026-09-14T23:46:23+00:00,3.4935
97563,2026-09-14T23:48:09+00:00,3.4930
97580,2026-09-14T23:49:10+00:00,3.4980
97582,2026-09-14T23:49:17+00:00,3.4966
97595,2026-09-14T23:50:02+00:00,3.4985
97683,2026-09-14T23:55:13+00:00,3.5052
97695,2026-09-14T23:55:55+00:00,3.5000
97737,2026-09-14T23:58:23+00:00,3.4949
97762,2026-09-15T00:00:01+00:00,3.5065
97781,2026-09-15T00:01:08+00:00,3.4929
97828,2026-09-15T00:03:54+00:00,3.5105
97835,2026-09-15T00:04:18+00:00,3.4996
97836,2026-09-15T00:04:22+00:00,3.5063
97861,2026-09-15T00:05:50+00:00,3.4977
97882,2026-09-15T00:07:04+00:00,3.4955
97884,2026-09-15T00:07:11+00:00,3.5062
97911,2026-09-15T00:08:46+00:00,3.4906
97990,2026-09-15T00:13:25+00:00,3.4945
98000,2026-09-15T00:14:00+00:00,3.5016
98010,2026-09-15T00:14:35+00:00,3.4991
98032,2026-09-15T00:16:06+00:00,3.5014
98104,2026-09-15T00:20:21+00:00,3.4997
98141,2026-09-15T00:22:32+00:00,3.5027
98145,2026-09-15T00:22:46+00:00,3.5123
98218,2026-09-15T00:27:04+00:00,3.4929
98221,2026-09-15T00:27:15+00:00,3.4956
98223,2026-09-15T00:27:22+00:00,3.5119
98342,2026-09-15T00:34:32+00:00,3.4928
98414,2026-09-15T00:38:46+00:00,3.5099
98438,2026-09-15T00:40:11+00:00,3.5002
98485,2026-09-15T00:42:56+00:00,3.4999
98603,2026-09-15T00:49:58+00:00,3.4943
98615,2026-09-15T00:50:41+00:00,3.5007
98639,2026-09-15T00:52:05+00:00,3.4915
98666,2026-09-15T00:53:40+00:00,3.5162
98675,2026-09-15T00:54:11+00:00,3.4968
98682,2026-09-15T00:54:36+00:00,3.5062
98691,2026-09-15T00:55:08+00:00,3.4961
98698,2026-09-15T00:55:32+00:00,3.4981
98716,2026-09-15T00:56:36+00:00,3.5007
98727,2026-09-15T00:57:14+00:00,3.5126
98730,2026-09-15T00:57:25+00:00,3.5011
98762,2026-09-15T00:59:18+00:00,3.4966
98782,2026-09-15T01:00:41+00:00,3.5060
98801,2026-09-15T01:01:48+00:00,3.5032
98826,2026-09-15T01:03:16+00:00,3.4933
98878,2026-09-15T01:06:19+00:00,3.4966
98949,2026-09-15T01:10:29+00:00,3.4999
98971,2026-09-15T01:11:46+00:00,3.5065
98983,2026-09-15T01:12:29+00:00,3.5030
99012,2026-09-15T01:14:11+00:00,3.5082
99019,2026-09-15T01:14:36+00:00,3.4920
99121,2026-09-15T01:20:46+00:00,3.5150
99157,2026-09-15T01:22:53+00:00,3.4988
99163,2026-09-15T01:23:14+00:00,3.4927
99168,2026-09-15T01:23:32+00:00,3.5088
99274,2026-09-15T01:29:49+00:00,3.5028
99401,2026-09-15T01:39:12+00:00,3.5113
99442,2026-09-15T01:41:36+00:00,3.5108
99445,2026-09-15T01:41:47+00:00,3.5103
99464,2026-09-15T01:42:55+00:00,3.5062
99469,2026-09-15T01:43:12+00:00,3.4956
99477,2026-09-15T01:43:40+00:00,3.5135
99559,2026-09-15T01:48:44+00:00,3.4928
99574,2026-09-15T01:49:37+00:00,3.5047
99582,2026-09-15T01:50:05+00:00,3.5068
99629,2026-09-15T01:52:50+00:00,3.5051
99699,2026-09-15T01:56:57+00:00,3.5038
99703,2026-09-15T01:57:11+00:00,3.5026
99715,2026-09-15T01:57:53+00:00,3.5046
99735,2026-09-15T01:59:04+00:00,3.5009
99742,2026-09-15T01:59:28+00:00,3.4983
99761,2026-09-15T02:00:46+00:00,3.4960
99780,2026-09-15T02:01:53+00:00,3.4938
99798,2026-09-15T02:02:56+00:00,3.5052
99817,2026-09-15T02:04:03+00:00,3.4921
99823,2026-09-15T02:04:24+00:00,3.4947
99868,2026-09-15T02:07:02+00:00,3.4926
99874,2026-09-15T02:07:23+00:00,3.4983
99884,2026-09-15T02:07:58+00:00,3.5079
99913,2026-09-15T02:09:40+00:00,3.5084
99926,2026-09-15T02:10:26+00:00,3.4961
99951,2026-09-15T02:11:54+00:00,3.5053
99972,2026-09-15T02:13:08+00:00,3.4920
99981,2026-09-15T02:13:40+00:00,3.5064
99990,2026-09-15T02:14:12+00:00,3.5043
100000,2026-09-15T02:14:47+00:00,3.6023
100026,2026-09-15T02:16:30+00:00,3.5071
100073,2026-09-15T02:19:17+00:00,3.4988
100128,2026-09-15T02:22:31+00:00,3.4991
100153,2026-09-15T02:23:59+00:00,3.4980
100174,2026-09-15T02:25:14+00:00,3.4994
100175,2026-09-15T02:25:17+00:00,3.4935
100189,2026-09-15T02:26:06+00:00,3.5009
100307,2026-09-15T02:33:13+00:00,3.5047
100323,2026-09-15T02:34:10+00:00,3.5060
100383,2026-09-15T02:37:41+00:00,3.5212
100389,2026-09-15T02:38:02+00:00,3.5044
100399,2026-09-15T02:38:37+00:00,3.5123
100455,2026-09-15T02:41:55+00:00,3.4983
100456,2026-09-15T02:41:58+00:00,3.5009
100475,2026-09-15T02:43:05+00:00,3.5016
100482,2026-09-15T02:43:30+00:00,3.4962
100495,2026-09-15T02:44:16+00:00,3.5018
100510,2026-09-15T02:45:09+00:00,3.4965
100515,2026-09-15T02:45:26+00:00,3.5067
100519,2026-09-15T02:45:45+00:00,3.5106
100536,2026-09-15T02:47:29+00:00,3.4970
100571,2026-09-15T02:49:32+00:00,3.4966
100596,2026-09-15T02:51:00+00:00,3.5044
100618,2026-09-15T02:52:19+00:00,3.4980
100627,2026-09-15T02:52:50+00:00,3.4950
100638,2026-09-15T02:53:29+00:00,3.5024
100659,2026-09-15T02:54:43+00:00,3.5065
100661,2026-09-15T02:54:50+00:00,3.5112
100684,2026-09-15T02:56:11+00:00,3.5087
100692,2026-09-15T02:56:39+00:00,3.4996
100728,2026-09-15T02:58:46+00:00,3.4957
100734,2026-09-15T02:59:07+00:00,3.4995
100742,2026-09-15T02:59:35+00:00,3.4965
100766,2026-09-15T03:01:16+00:00,3.5022
100792,2026-09-15T03:02:48+00:00,3.5055
100796,2026-09-15T03:03:02+00:00,3.4956
100819,2026-09-15T03:04:24+00:00,3.5030
100865,2026-09-15T03:07:05+00:00,3.5060
100871,2026-09-15T03:07:27+00:00,3.5023
100877,2026-09-15T03:07:48+00:00,3.5044
100886,2026-09-15T03:08:19+00:00,3.5264
100906,2026-09-15T03:09:30+00:00,3.4996
101042,2026-09-15T03:17:43+00:00,3.5046
101121,2026-09-15T03:22:22+00:00,3.5081
101122,2026-09-15T03:22:25+00:00,3.5013
101130,2026-09-15T03:22:54+00:00,3.5037
101131,2026-09-15T03:22:57+00:00,3.5032
101145,2026-09-15T03:23:47+00:00,3.5042
101167,2026-09-15T03:25:05+00:00,3.4950
101170,2026-09-15T03:25:16+00:00,3.4984
101189,2026-09-15T03:26:22+00:00,3.5015
101190,2026-09-15T03:26:26+00:00,3.5047
101192,2026-09-15T03:26:33+00:00,3.4989
101223,2026-09-15T03:28:22+00:00,3.4965
101261,2026-09-15T03:30:37+00:00,3.4965
101271,2026-09-15T03:31:23+00:00,11.0951
101283,2026-09-15T03:32:05+00:00,3.4922
101300,2026-09-15T03:33:05+00:00,3.4990
101315,2026-09-15T03:33:58+00:00,3.5008
101321,2026-09-15T03:34:19+00:00,3.5038
101326,2026-09-15T03:34:37+00:00,3.5068
101330,2026-09-15T03:34:51+00:00,3.5055
101378,2026-09-15T03:37:39+00:00,3.5122
101389,2026-09-15T03:38:18+00:00,3.4929
101398,2026-09-15T03:38:50+00:00,3.4977
101409,2026-09-15T03:39:29+00:00,3.5060
101434,2026-09-15T03:40:57+00:00,3.4999
101481,2026-09-15T03:44:29+00:00,3.4976
101495,2026-09-15T03:45:18+00:00,3.7470
101540,2026-09-15T03:48:08+00:00,3.4962
101543,2026-09-15T03:48:19+00:00,3.5024
101544,2026-09-15T03:48:22+00:00,3.5046
101630,2026-09-15T03:53:25+00:00,3.5029
101680,2026-09-15T03:56:48+00:00,3.4974
101691,2026-09-15T03:57:27+00:00,3.5011
101698,2026-09-15T03:57:52+00:00,3.5182
101771,2026-09-15T04:02:09+00:00,3.4936
101828,2026-09-15T04:05:29+00:00,3.5102
101830,2026-09-15T04:05:36+00:00,3.5021
101855,2026-09-15T04:07:04+00:00,3.4955
101858,2026-09-15T04:07:15+00:00,3.5107
101860,2026-09-15T04:07:22+00:00,3.5116
101862,2026-09-15T04:07:29+00:00,3.4947
101890,2026-09-15T04:09:11+00:00,3.4961
101901,2026-09-15T04:09:57+00:00,3.4970
101905,2026-09-15T04:10:11+00:00,3.5049
101939,2026-09-15T04:12:11+00:00,3.4934
102029,2026-09-15T04:17:27+00:00,3.5012
102049,2026-09-15T04:18:38+00:00,3.5123
102096,2026-09-15T04:21:24+00:00,3.5036
102098,2026-09-15T04:21:31+00:00,3.4965
102103,2026-09-15T04:21:49+00:00,3.4945
102110,2026-09-15T04:22:13+00:00,3.4959
102114,2026-09-15T04:22:27+00:00,3.5025
102119,2026-09-15T04:22:45+00:00,3.5054
102127,2026-09-15T04:23:13+00:00,3.4969
102206,2026-09-15T04:28:01+00:00,3.4997
102255,2026-09-15T04:30:53+00:00,3.4983
102260,2026-09-15T04:31:11+00:00,3.4948
102311,2026-09-15T04:34:11+00:00,3.5021
102319,2026-09-15T04:34:40+00:00,3.5157
102351,2026-09-15T04:36:32+00:00,3.5009
102375,2026-09-15T04:37:58+00:00,3.5096
102387,2026-09-15T04:38:40+00:00,3.4940
102396,2026-09-15T04:39:12+00:00,3.4998
102437,2026-09-15T04:41:47+00:00,3.4923
102441,2026-09-15T04:42:01+00:00,3.4988
102443,2026-09-15T04:42:08+00:00,3.5070
102459,2026-09-15T04:43:04+00:00,3.4980
102485,2026-09-15T04:44:36+00:00,3.4988
102499,2026-09-15T04:45:25+00:00,3.4974
102550,2026-09-15T04:48:28+00:00,3.4964
102551,2026-09-15T04:48:31+00:00,3.4973
102568,2026-09-15T04:49:32+00:00,3.4894
102592,2026-09-15T04:50:56+00:00,3.4953
102615,2026-09-15T04:52:18+00:00,3.5003
102659,2026-09-15T04:55:05+00:00,3.5006
102685,2026-09-15T04:56:36+00:00,3.5003
102762,2026-09-15T05:01:08+00:00,3.5075
102767,2026-09-15T05:01:27+00:00,3.5500
102781,2026-09-15T05:02:16+00:00,3.4958
102792,2026-09-15T05:02:54+00:00,3.5080
102878,2026-09-15T05:07:58+00:00,3.4998
102932,2026-09-15T05:11:22+00:00,3.5072
102935,2026-09-15T05:11:33+00:00,3.4972
102976,2026-09-15T05:13:57+00:00,3.5018
102989,2026-09-15T05:14:42+00:00,3.5098
103003,2026-09-15T05:15:32+00:00,3.5009
103008,2026-09-15T05:15:50+00:00,3.4998
103012,2026-09-15T05:16:04+00:00,3.4934
103027,2026-09-15T05:16:56+00:00,3.5073
103049,2026-09-15T05:18:14+00:00,3.4958
103062,2026-09-15T05:19:00+00:00,3.5006
103115,2026-09-15T05:22:08+00:00,3.4925
103135,2026-09-15T05:23:18+00:00,3.4939
103152,2026-09-15T05:24:18+00:00,3.4998
103200,2026-09-15T05:27:18+00:00,3.5039
103206,2026-09-15T05:27:39+00:00,3.4992
103230,2026-09-15T05:29:03+00:00,3.4960
103238,2026-09-15T05:29:32+00:00,3.5013
103254,2026-09-15T05:30:28+00:00,3.5065
103265,2026-09-15T05:31:06+00:00,3.5066
103281,2026-09-15T05:32:03+00:00,3.5034
103329,2026-09-15T05:34:53+00:00,3.5005
103331,2026-09-15T05:35:00+00:00,3.5033
103333,2026-09-15T05:35:07+00:00,3.5019
103356,2026-09-15T05:36:29+00:00,3.5092
103371,2026-09-15T05:37:22+00:00,3.5155
103420,2026-09-15T05:40:26+00:00,3.5258
103462,2026-09-15T05:42:54+00:00,3.5001
103494,2026-09-15T05:44:46+00:00,3.4939
103512,2026-09-15T05:45:50+00:00,3.5043
103513,2026-09-15T05:45:53+00:00,3.4968
103523,2026-09-15T05:46:28+00:00,3.5107
103543,2026-09-15T05:47:39+00:00,3.4915
103547,2026-09-15T05:47:53+00:00,3.5069
103559,2026-09-15T05:48:35+00:00,3.4984
103577,2026-09-15T05:49:39+00:00,3.4994
103611,2026-09-15T05:52:23+00:00,3.5015
103631,2026-09-15T05:53:34+00:00,3.4967
103633,2026-09-15T05:53:41+00:00,3.5025
103638,2026-09-15T05:53:59+00:00,3.5097
103719,2026-09-15T05:58:56+00:00,3.6047
103747,2026-09-15T06:00:35+00:00,3.5079
103782,2026-09-15T06:02:38+00:00,3.5248
103853,2026-09-15T06:06:48+00:00,3.5170
103904,2026-09-15T06:09:48+00:00,3.4989
103906,2026-09-15T06:09:55+00:00,3.5134
103916,2026-09-15T06:10:42+00:00,3.5091
103917,2026-09-15T06:10:45+00:00,3.4990
103949,2026-09-15T06:12:38+00:00,3.5054
103959,2026-09-15T06:13:14+00:00,3.4930
103980,2026-09-15T06:14:28+00:00,3.5060
104016,2026-09-15T06:16:35+00:00,3.5093
104025,2026-09-15T06:17:07+00:00,3.5086
104048,2026-09-15T06:18:29+00:00,3.4963
104050,2026-09-15T06:18:36+00:00,3.4948
104091,2026-09-15T06:21:00+00:00,3.4989
104107,2026-09-15T06:21:56+00:00,3.5085
104108,2026-09-15T06:22:00+00:00,3.4905
104117,2026-09-15T06:22:32+00:00,3.4930
104141,2026-09-15T06:23:56+00:00,3.5008
104178,2026-09-15T06:26:25+00:00,3.5010
104203,2026-09-15T06:27:54+00:00,3.4951
104233,2026-09-15T06:29:40+00:00,3.5010
104242,2026-09-15T06:30:12+00:00,3.4977
104250,2026-09-15T06:30:40+00:00,3.4957
104279,2026-09-15T06:32:23+00:00,3.5018
104296,2026-09-15T06:33:23+00:00,3.4930
104297,2026-09-15T06:33:27+00:00,3.5072
104368,2026-09-15T06:37:39+00:00,3.5133
104411,2026-09-15T06:40:26+00:00,3.5113
104556,2026-09-15T06:48:56+00:00,3.5014
104563,2026-09-15T06:49:21+00:00,3.4959
104597,2026-09-15T06:51:21+00:00,3.4919
104626,2026-09-15T06:53:03+00:00,3.5070
104670,2026-09-15T06:55:49+00:00,3.4921
104697,2026-09-15T06:57:24+00:00,3.4928
104710,2026-09-15T06:58:10+00:00,3.5000
104720,2026-09-15T06:58:45+00:00,3.4984
104734,2026-09-15T06:59:34+00:00,3.5050
104739,2026-09-15T06:59:52+00:00,3.4986
104743,2026-09-15T07:00:06+00:00,3.4993
104862,2026-09-15T07:07:05+00:00,3.5025
104865,2026-09-15T07:07:16+00:00,3.5082
104871,2026-09-15T07:07:37+00:00,3.5072
104936,2026-09-15T07:11:39+00:00,3.5217
104937,2026-09-15T07:11:42+00:00,3.5154
104976,2026-09-15T07:14:00+00:00,3.4981
104978,2026-09-15T07:14:07+00:00,3.5017
104981,2026-09-15T07:14:17+00:00,3.5026
105056,2026-09-15T07:18:41+00:00,3.4951
105085,2026-09-15T07:20:25+00:00,3.4910
105128,2026-09-15T07:22:56+00:00,3.4952
105129,2026-09-15T07:23:00+00:00,3.5039
105187,2026-09-15T07:26:35+00:00,3.5032
105195,2026-09-15T07:27:03+00:00,3.4944
105199,2026-09-15T07:27:17+00:00,3.5248
105222,2026-09-15T07:28:38+00:00,3.5061
105256,2026-09-15T07:30:38+00:00,3.5032
105268,2026-09-15T07:31:20+00:00,3.5027
105293,2026-09-15T07:32:48+00:00,3.4966
105330,2026-09-15T07:34:58+00:00,3.4992
105336,2026-09-15T07:35:19+00:00,3.5038
105365,2026-09-15T07:37:01+00:00,3.5006
105371,2026-09-15T07:37:22+00:00,3.4918
105388,2026-09-15T07:38:23+00:00,3.4951
105395,2026-09-15T07:38:47+00:00,3.4960
105428,2026-09-15T07:40:44+00:00,3.5061
105453,2026-09-15T07:42:25+00:00,3.4981
105477,2026-09-15T07:43:50+00:00,3.4973
105489,2026-09-15T07:44:32+00:00,3.5062
105555,2026-09-15T07:48:24+00:00,3.4974
105566,2026-09-15T07:49:03+00:00,3.4975
105599,2026-09-15T07:51:00+00:00,3.5026
105657,2026-09-15T07:54:25+00:00,3.4965
105682,2026-09-15T07:55:52+00:00,3.4942
105753,2026-09-15T08:00:58+00:00,3.5015
105764,2026-09-15T08:01:37+00:00,3.5092
105826,2026-09-15T08:05:15+00:00,3.5100
105848,2026-09-15T08:06:33+00:00,3.4989
105864,2026-09-15T08:07:29+00:00,3.4961
105869,2026-09-15T08:07:46+00:00,3.4934
105903,2026-09-15T08:09:46+00:00,3.5018
105913,2026-09-15T08:10:21+00:00,3.4950
105932,2026-09-15T08:11:41+00:00,3.4994
105938,2026-09-15T08:12:02+00:00,3.5001
105969,2026-09-15T08:13:52+00:00,3.4997
106024,2026-09-15T08:17:06+00:00,3.4935
106054,2026-09-15T08:18:52+00:00,3.4970
106079,2026-09-15T08:20:20+00:00,3.4964
106090,2026-09-15T08:20:59+00:00,3.5008
106107,2026-09-15T08:21:59+00:00,3.5521
106123,2026-09-15T08:22:55+00:00,3.4974
106138,2026-09-15T08:23:48+00:00,3.5030
106140,2026-09-15T08:23:55+00:00,3.5009
106152,2026-09-15T08:24:37+00:00,3.5105
106171,2026-09-15T08:25:44+00:00,3.5094
106174,2026-09-15T08:25:55+00:00,3.5248
106182,2026-09-15T08:26:35+00:00,3.4984
106186,2026-09-15T08:26:49+00:00,3.5002
106216,2026-09-15T08:28:35+00:00,3.4952
106294,2026-09-15T08:33:11+00:00,3.5068
106316,2026-09-15T08:34:28+00:00,3.5045
106355,2026-09-15T08:36:46+00:00,3.5005
106366,2026-09-15T08:37:25+00:00,3.5071
106380,2026-09-15T08:38:14+00:00,3.4972
106383,2026-09-15T08:38:25+00:00,3.4987
106417,2026-09-15T08:40:25+00:00,3.4998
106435,2026-09-15T08:41:44+00:00,3.5329
106459,2026-09-15T08:43:09+00:00,3.4927
106499,2026-09-15T08:45:31+00:00,3.5139
106508,2026-09-15T08:46:02+00:00,3.4975
106526,2026-09-15T08:47:05+00:00,3.5065
106568,2026-09-15T08:49:33+00:00,3.5078
106574,2026-09-15T08:49:54+00:00,3.5064
106584,2026-09-15T08:50:29+00:00,3.5124
106588,2026-09-15T08:50:43+00:00,3.5076
106610,2026-09-15T08:52:03+00:00,5.8021
106616,2026-09-15T08:52:24+00:00,3.5000
106618,2026-09-15T08:52:31+00:00,3.4922
106639,2026-09-15T08:53:45+00:00,3.5091
106676,2026-09-15T08:55:56+00:00,3.4972
106736,2026-09-15T08:59:40+00:00,3.5058
106737,2026-09-15T08:59:44+00:00,3.5101
106748,2026-09-15T09:00:23+00:00,3.4978
106769,2026-09-15T09:01:37+00:00,3.4984
106836,2026-09-15T09:05:35+00:00,3.5009
106887,2026-09-15T09:08:36+00:00,3.5009
106897,2026-09-15T09:09:11+00:00,3.5037
107000,2026-09-15T09:15:28+00:00,3.5081
107081,2026-09-15T09:20:14+00:00,3.4995
107083,2026-09-15T09:20:21+00:00,3.4976
107090,2026-09-15T09:20:46+00:00,3.5004
107096,2026-09-15T09:21:07+00:00,3.5068
107115,2026-09-15T09:22:14+00:00,3.5006
107126,2026-09-15T09:22:53+00:00,3.5043
107131,2026-09-15T09:23:10+00:00,3.5022
107132,2026-09-15T09:23:14+00:00,3.4973
107147,2026-09-15T09:24:06+00:00,3.4954
107236,2026-09-15T09:29:34+00:00,3.5014
107250,2026-09-15T09:30:23+00:00,3.4973
107275,2026-09-15T09:31:51+00:00,3.5025
107283,2026-09-15T09:32:19+00:00,3.4970
107292,2026-09-15T09:32:51+00:00,3.4999
107297,2026-09-15T09:33:09+00:00,3.4993
107305,2026-09-15T09:33:37+00:00,3.5014
107323,2026-09-15T09:34:41+00:00,3.4960
107330,2026-09-15T09:35:06+00:00,3.5088
107364,2026-09-15T09:37:05+00:00,3.4990
107377,2026-09-15T09:37:51+00:00,3.5004
107378,2026-09-15T09:37:54+00:00,3.5028
107385,2026-09-15T09:38:19+00:00,3.4959
107386,2026-09-15T09:38:22+00:00,3.5012
107428,2026-09-15T09:40:50+00:00,3.5106
107433,2026-09-15T09:41:08+00:00,3.5001
107441,2026-09-15T09:41:36+00:00,3.4990
107546,2026-09-15T09:47:56+00:00,3.5087
107549,2026-09-15T09:48:06+00:00,3.5061
107554,2026-09-15T09:48:24+00:00,3.4936
107617,2026-09-15T09:52:06+00:00,3.4999
107655,2026-09-15T09:54:20+00:00,3.4973
107657,2026-09-15T09:54:27+00:00,3.5011
107666,2026-09-15T09:54:59+00:00,3.4976
107687,2026-09-15T09:56:13+00:00,3.5047
107737,2026-09-15T09:59:21+00:00,3.4975
107742,2026-09-15T09:59:40+00:00,3.5166
107788,2026-09-15T10:02:23+00:00,3.4977
107792,2026-09-15T10:02:37+00:00,3.5127
107805,2026-09-15T10:03:23+00:00,3.5000
107833,2026-09-15T10:05:47+00:00,3.5483
107839,2026-09-15T10:06:08+00:00,3.4989
107878,2026-09-15T10:08:25+00:00,3.5028
107893,2026-09-15T10:09:18+00:00,3.5038
107907,2026-09-15T10:10:07+00:00,3.5085
107912,2026-09-15T10:10:25+00:00,3.5066
107926,2026-09-15T10:11:14+00:00,3.4961
107935,2026-09-15T10:11:46+00:00,3.5181
107963,2026-09-15T10:14:01+00:00,3.5041
107987,2026-09-15T10:15:25+00:00,3.4917
108000,2026-09-15T10:16:11+00:00,3.4946
108021,2026-09-15T10:17:25+00:00,3.4953
108049,2026-09-15T10:19:04+00:00,3.5047
108101,2026-09-15T10:22:08+00:00,4.1437
108144,2026-09-15T10:24:39+00:00,3.4991
108151,2026-09-15T10:25:04+00:00,3.4946
108185,2026-09-15T10:27:03+00:00,3.4996
108196,2026-09-15T10:28:07+00:00,3.5001
108344,2026-09-15T10:36:48+00:00,3.5041
108353,2026-09-15T10:37:19+00:00,3.5063
108371,2026-09-15T10:38:23+00:00,3.5022
108427,2026-09-15T10:41:40+00:00,3.4946
108433,2026-09-15T10:42:01+00:00,3.4915
108498,2026-09-15T10:46:07+00:00,3.5088
108515,2026-09-15T10:47:07+00:00,3.4998
108522,2026-09-15T10:47:32+00:00,3.4985
108582,2026-09-15T10:51:04+00:00,3.5020
108583,2026-09-15T10:51:08+00:00,3.5061
108639,2026-09-15T10:54:25+00:00,3.5032
108658,2026-09-15T10:55:32+00:00,3.5078
108741,2026-09-15T11:00:38+00:00,3.5055
108769,2026-09-15T11:02:17+00:00,3.5164
108813,2026-09-15T11:04:52+00:00,3.5009
108866,2026-09-15T11:07:58+00:00,3.5005
108889,2026-09-15T11:09:19+00:00,3.4993
108892,2026-09-15T11:09:30+00:00,3.4976
108893,2026-09-15T11:09:34+00:00,3.5043
108942,2026-09-15T11:12:26+00:00,3.4933
108949,2026-09-15T11:12:50+00:00,3.5018
109041,2026-09-15T11:18:29+00:00,3.4990
109106,2026-09-15T11:22:18+00:00,3.5086
109109,2026-09-15T11:22:29+00:00,3.4920
109110,2026-09-15T11:22:32+00:00,3.5001
109146,2026-09-15T11:24:39+00:00,3.5068
109165,2026-09-15T11:25:46+00:00,3.5144
109236,2026-09-15T11:30:10+00:00,3.5045
109238,2026-09-15T11:30:17+00:00,3.4945
109248,2026-09-15T11:30:52+00:00,3.4997
109267,2026-09-15T11:31:59+00:00,3.5259
109282,2026-09-15T11:32:52+00:00,3.4993
109369,2026-09-15T11:37:58+00:00,3.5143
109374,2026-09-15T11:38:16+00:00,3.5026
109471,2026-09-15T11:44:16+00:00,3.4987
109480,2026-09-15T11:44:48+00:00,3.4942
109515,2026-09-15T11:46:51+00:00,3.5018
109520,2026-09-15T11:47:08+00:00,3.5030
109563,2026-09-15T11:49:40+00:00,3.5312
109580,2026-09-15T11:50:40+00:00,3.5214
109588,2026-09-15T11:51:08+00:00,3.5007
109611,2026-09-15T11:52:29+00:00,3.4890
109660,2026-09-15T11:55:22+00:00,3.4924
109761,2026-09-15T12:01:34+00:00,3.5012
109785,2026-09-15T12:02:58+00:00,3.4965
109788,2026-09-15T12:03:09+00:00,3.4935
109793,2026-09-15T12:03:27+00:00,3.5076
109825,2026-09-15T12:05:19+00:00,3.4985
109848,2026-09-15T12:06:40+00:00,3.5067
109857,2026-09-15T12:07:12+00:00,3.4973
109894,2026-09-15T12:09:22+00:00,3.4979
109910,2026-09-15T12:10:18+00:00,3.4979
109920,2026-09-15T12:10:54+00:00,3.4964
109941,2026-09-15T12:12:52+00:00,3.5046
109968,2026-09-15T12:46:00+00:00,3.4921
109977,2026-09-15T12:46:32+00:00,3.4963
109997,2026-09-15T12:47:42+00:00,3.4899
110004,2026-09-15T12:48:07+00:00,3.4942
110007,2026-09-15T12:48:18+00:00,3.4985
110015,2026-09-15T12:48:46+00:00,3.5014
110020,2026-09-15T12:49:03+00:00,3.4967
110074,2026-09-15T12:52:16+00:00,3.5052
110083,2026-09-15T12:52:48+00:00,3.4978
110087,2026-09-15T12:53:02+00:00,3.5026
110098,2026-09-15T12:53:41+00:00,3.5036
110116,2026-09-15T12:54:45+00:00,3.4929
110121,2026-09-15T12:55:03+00:00,3.4863
110135,2026-09-15T12:55:52+00:00,3.5013
110136,2026-09-15T12:55:55+00:00,3.5086
110166,2026-09-15T12:57:41+00:00,3.4957
110210,2026-09-15T13:00:19+00:00,3.4990
110227,2026-09-15T13:01:19+00:00,3.4950
110242,2026-09-15T13:02:12+00:00,3.5088
110259,2026-09-15T13:03:12+00:00,3.4912
110262,2026-09-15T13:03:22+00:00,3.4988
110271,2026-09-15T13:03:54+00:00,3.5023
110281,2026-09-15T13:04:29+00:00,3.4955
110293,2026-09-15T13:05:12+00:00,3.5033
110304,2026-09-15T13:05:51+00:00,3.4913
110308,2026-09-15T13:06:05+00:00,3.4927
110314,2026-09-15T13:06:26+00:00,3.5178
110317,2026-09-15T13:06:37+00:00,3.5158
110318,2026-09-15T13:06:40+00:00,3.5030
110321,2026-09-15T13:06:51+00:00,3.5031
110442,2026-09-15T13:14:00+00:00,3.5095
110478,2026-09-15T13:16:06+00:00,3.5040
110513,2026-09-15T13:18:10+00:00,3.5066
110520,2026-09-15T13:18:34+00:00,3.4983
110607,2026-09-15T13:23:41+00:00,3.4988
110621,2026-09-15T13:24:30+00:00,3.5069
110640,2026-09-15T13:25:37+00:00,3.4938
110648,2026-09-15T13:26:05+00:00,3.4992
110658,2026-09-15T13:26:40+00:00,3.4977
110714,2026-09-15T13:30:01+00:00,3.4998
110768,2026-09-15T13:33:11+00:00,3.4893
110776,2026-09-15T13:33:39+00:00,3.5031
110789,2026-09-15T13:34:25+00:00,3.4987
110790,2026-09-15T13:34:28+00:00,3.5164
110808,2026-09-15T13:35:32+00:00,3.5033
110821,2026-09-15T13:36:18+00:00,3.4999
110824,2026-09-15T13:36:28+00:00,3.4944
110828,2026-09-15T13:36:42+00:00,3.4927
110873,2026-09-15T13:39:21+00:00,3.4996
110884,2026-09-15T13:40:00+00:00,3.5010
110908,2026-09-15T13:41:25+00:00,3.4967
110952,2026-09-15T13:44:03+00:00,3.4922
110956,2026-09-15T13:44:17+00:00,3.4876
110960,2026-09-15T13:44:31+00:00,3.5104
111020,2026-09-15T13:48:03+00:00,3.5044
111036,2026-09-15T13:48:59+00:00,3.5044
111052,2026-09-15T13:49:56+00:00,3.4945
111152,2026-09-15T13:55:47+00:00,3.4983
111164,2026-09-15T13:56:30+00:00,3.5005
111166,2026-09-15T13:56:37+00:00,3.4970
111196,2026-09-15T13:58:22+00:00,3.4965
111285,2026-09-15T14:03:41+00:00,3.5071
111290,2026-09-15T14:03:59+00:00,3.5031
111292,2026-09-15T14:04:06+00:00,3.5054
111298,2026-09-15T14:04:27+00:00,3.4922
111302,2026-09-15T14:04:41+00:00,3.5014
111356,2026-09-15T14:07:51+00:00,3.5002
111358,2026-09-15T14:07:58+00:00,3.5040
111412,2026-09-15T14:11:08+00:00,3.5004
111459,2026-09-15T14:13:54+00:00,3.4999
111499,2026-09-15T14:16:19+00:00,3.4922
111643,2026-09-15T14:24:45+00:00,3.6140
111683,2026-09-15T14:27:07+00:00,3.5014
111711,2026-09-15T14:28:45+00:00,3.5005
111726,2026-09-15T14:29:47+00:00,3.4952
111761,2026-09-15T14:31:50+00:00,3.5042
111762,2026-09-15T14:31:54+00:00,3.5270
111773,2026-09-15T14:32:33+00:00,3.4906
111789,2026-09-15T14:33:29+00:00,3.4911
111791,2026-09-15T14:33:36+00:00,3.4941
111819,2026-09-15T14:35:16+00:00,3.4973
111899,2026-09-15T14:39:57+00:00,3.4995
111928,2026-09-15T14:41:39+00:00,3.5317
111980,2026-09-15T14:44:47+00:00,3.4954
111997,2026-09-15T14:45:47+00:00,3.4929
112009,2026-09-15T14:46:29+00:00,3.5002
112029,2026-09-15T14:47:40+00:00,3.4911
112068,2026-09-15T14:50:41+00:00,3.4970
112090,2026-09-15T14:51:59+00:00,3.5187
112094,2026-09-15T14:52:13+00:00,3.5008
112154,2026-09-15T14:55:44+00:00,3.4981
112161,2026-09-15T14:56:08+00:00,3.5020
112166,2026-09-15T14:56:26+00:00,3.4953
112167,2026-09-15T14:56:29+00:00,3.4905
112168,2026-09-15T14:56:33+00:00,3.4910
112188,2026-09-15T14:57:44+00:00,3.4950
112198,2026-09-15T14:58:19+00:00,3.5007
112211,2026-09-15T14:59:04+00:00,3.5014
112225,2026-09-15T14:59:57+00:00,3.4969
112268,2026-09-15T15:02:29+00:00,3.4923
112289,2026-09-15T15:03:43+00:00,3.4996
112319,2026-09-15T15:05:29+00:00,3.4915
112323,2026-09-15T15:05:43+00:00,3.4946
112366,2026-09-15T15:08:15+00:00,3.4880
112390,2026-09-15T15:09:39+00:00,3.4834
112419,2026-09-15T15:11:22+00:00,3.4960
112436,2026-09-15T15:12:22+00:00,3.5022
112478,2026-09-15T15:14:53+00:00,3.4979
112507,2026-09-15T15:16:35+00:00,3.5067
112512,2026-09-15T15:16:52+00:00,3.5107
112534,2026-09-15T15:18:10+00:00,3.5132
112540,2026-09-15T15:18:31+00:00,3.4886
112541,2026-09-15T15:18:34+00:00,3.5089
112604,2026-09-15T15:22:17+00:00,3.5167
112655,2026-09-15T15:25:16+00:00,3.4973
112694,2026-09-15T15:27:34+00:00,3.5003
112760,2026-09-15T15:31:31+00:00,3.5107
112869,2026-09-15T15:37:55+00:00,3.5070
112876,2026-09-15T15:38:19+00:00,3.4975
112896,2026-09-15T15:39:30+00:00,3.4925
112904,2026-09-15T15:39:58+00:00,3.5059
112910,2026-09-15T15:40:19+00:00,3.5006
112925,2026-09-15T15:41:12+00:00,3.5081
112949,2026-09-15T15:42:36+00:00,3.5020
113036,2026-09-15T15:47:46+00:00,3.5075
113042,2026-09-15T15:48:07+00:00,3.4997
113050,2026-09-15T15:48:35+00:00,3.4962
113137,2026-09-15T15:53:41+00:00,3.4962
113188,2026-09-15T15:56:40+00:00,3.5011
113190,2026-09-15T15:56:47+00:00,3.4929
113202,2026-09-15T15:57:30+00:00,3.5082
113212,2026-09-15T15:58:05+00:00,3.5042
113250,2026-09-15T16:00:22+00:00,3.5031
113259,2026-09-15T16:00:54+00:00,3.5070
113267,2026-09-15T16:01:22+00:00,3.4902
113275,2026-09-15T16:01:50+00:00,3.5008
113318,2026-09-15T16:04:22+00:00,3.4917
113320,2026-09-15T16:04:29+00:00,3.4924
113327,2026-09-15T16:04:53+00:00,3.5057
113328,2026-09-15T16:04:57+00:00,3.4909
113329,2026-09-15T16:05:00+00:00,3.4998
113350,2026-09-15T16:06:14+00:00,3.4988
113391,2026-09-15T16:08:39+00:00,3.4933
113402,2026-09-15T16:09:18+00:00,3.4904
113440,2026-09-15T16:11:32+00:00,3.5087
113450,2026-09-15T16:12:07+00:00,3.4957
113455,2026-09-15T16:12:25+00:00,3.5042
113464,2026-09-15T16:12:56+00:00,3.5119
113511,2026-09-15T16:15:48+00:00,3.5075
113545,2026-09-15T16:17:48+00:00,3.6804
113551,2026-09-15T16:18:09+00:00,3.4943
113552,2026-09-15T16:18:12+00:00,3.5037
113561,2026-09-15T16:18:44+00:00,3.4976
113603,2026-09-15T16:21:13+00:00,3.4961
113618,2026-09-15T16:22:06+00:00,3.5004
113649,2026-09-15T16:23:55+00:00,3.5136
113677,2026-09-15T16:25:33+00:00,3.4929
113697,2026-09-15T16:26:44+00:00,3.4994
113740,2026-09-15T16:29:15+00:00,3.4976
113760,2026-09-15T16:30:30+00:00,3.4883
113777,2026-09-15T16:31:29+00:00,3.4973
113868,2026-09-15T16:36:52+00:00,3.4983
113885,2026-09-15T16:37:52+00:00,3.5192
113890,2026-09-15T16:38:09+00:00,3.4962
113904,2026-09-15T16:38:59+00:00,3.5047
113927,2026-09-15T16:40:19+00:00,3.4891
113989,2026-09-15T16:43:58+00:00,3.5010
114001,2026-09-15T16:44:40+00:00,3.5042
114005,2026-09-15T16:44:54+00:00,3.4936
114026,2026-09-15T16:46:13+00:00,3.5026
114091,2026-09-15T16:50:02+00:00,3.4946
114110,2026-09-15T16:51:08+00:00,3.5074
114146,2026-09-15T16:53:15+00:00,3.5020
114147,2026-09-15T16:53:18+00:00,3.4957
114153,2026-09-15T16:53:39+00:00,3.5196
114192,2026-09-15T16:56:40+00:00,3.5054
114211,2026-09-15T16:57:49+00:00,3.5009
114212,2026-09-15T16:57:53+00:00,3.5072
114217,2026-09-15T16:58:10+00:00,3.5028
114228,2026-09-15T16:58:49+00:00,3.4965
114235,2026-09-15T16:59:14+00:00,3.5013
114275,2026-09-15T17:01:39+00:00,3.5039
114281,2026-09-15T17:02:00+00:00,3.4920
114306,2026-09-15T17:03:28+00:00,3.5066
114327,2026-09-15T17:04:42+00:00,3.4988
114355,2026-09-15T17:06:20+00:00,3.4982
114417,2026-09-15T17:09:58+00:00,3.4961
114419,2026-09-15T17:10:05+00:00,3.4994
114432,2026-09-15T17:10:51+00:00,3.5000
114441,2026-09-15T17:11:23+00:00,3.4992
114470,2026-09-15T17:13:05+00:00,3.5059
114475,2026-09-15T17:13:22+00:00,3.5088
114484,2026-09-15T17:13:54+00:00,3.4993
114492,2026-09-15T17:14:22+00:00,3.5004
114539,2026-09-15T17:17:12+00:00,3.5045
114576,2026-09-15T17:19:22+00:00,3.5065
114598,2026-09-15T17:20:39+00:00,3.5065
114642,2026-09-15T17:23:14+00:00,3.5153
114663,2026-09-15T17:24:28+00:00,3.4961
114669,2026-09-15T17:24:49+00:00,3.5054
114679,2026-09-15T17:25:24+00:00,3.4974
114710,2026-09-15T17:27:13+00:00,3.5056
114748,2026-09-15T17:29:27+00:00,3.5018
114752,2026-09-15T17:29:41+00:00,3.4946
114779,2026-09-15T17:31:20+00:00,3.4962
114783,2026-09-15T17:31:34+00:00,3.5034
114794,2026-09-15T17:32:13+00:00,3.5020
114907,2026-09-15T17:38:52+00:00,3.4931
114915,2026-09-15T17:39:20+00:00,3.4962
114920,2026-09-15T17:39:37+00:00,3.4953
114928,2026-09-15T17:40:06+00:00,3.4992
114933,2026-09-15T17:40:23+00:00,3.4982
114942,2026-09-15T17:40:55+00:00,3.4965
114962,2026-09-15T17:42:05+00:00,3.6066
115057,2026-09-15T17:47:43+00:00,3.5099
115090,2026-09-15T17:49:39+00:00,3.5021
115126,2026-09-15T17:51:46+00:00,3.5021
115132,2026-09-15T17:52:07+00:00,3.4970
115140,2026-09-15T17:52:35+00:00,3.5043
115155,2026-09-15T17:53:28+00:00,3.4982
115185,2026-09-15T17:55:13+00:00,3.4953
115192,2026-09-15T17:55:38+00:00,3.4997
115195,2026-09-15T17:55:48+00:00,3.4934
115209,2026-09-15T17:56:38+00:00,3.5114
115257,2026-09-15T17:59:27+00:00,3.5148
115264,2026-09-15T17:59:51+00:00,3.5028
115281,2026-09-15T18:00:55+00:00,3.5013
115284,2026-09-15T18:01:05+00:00,3.4984
115330,2026-09-15T18:03:48+00:00,3.5006
115333,2026-09-15T18:03:58+00:00,3.4996
115340,2026-09-15T18:04:23+00:00,3.4974
115365,2026-09-15T18:05:51+00:00,3.4957
115421,2026-09-15T18:09:08+00:00,3.4978
115449,2026-09-15T18:10:46+00:00,3.5110
115483,2026-09-15T18:12:46+00:00,3.4990
115495,2026-09-15T18:13:28+00:00,3.4948
115502,2026-09-15T18:13:53+00:00,3.5017
115522,2026-09-15T18:15:04+00:00,3.5027
115528,2026-09-15T18:15:25+00:00,3.4911
115543,2026-09-15T18:16:22+00:00,3.4974
115574,2026-09-15T18:18:11+00:00,3.4973
115595,2026-09-15T18:19:25+00:00,3.4973
115615,2026-09-15T18:20:35+00:00,3.4982
115659,2026-09-15T18:23:10+00:00,3.5262
115679,2026-09-15T18:24:21+00:00,3.5062
115694,2026-09-15T18:25:13+00:00,3.5044
115717,2026-09-15T18:26:35+00:00,3.5051
115734,2026-09-15T18:27:35+00:00,3.5070
115751,2026-09-15T18:28:34+00:00,3.4944
115762,2026-09-15T18:29:13+00:00,3.4953
115814,2026-09-15T18:32:19+00:00,3.4973
115853,2026-09-15T18:34:38+00:00,3.5093
115854,2026-09-15T18:34:41+00:00,3.4926
115858,2026-09-15T18:34:55+00:00,3.5077
115876,2026-09-15T18:35:59+00:00,3.4978
115904,2026-09-15T18:37:37+00:00,3.5022
115908,2026-09-15T18:37:51+00:00,3.5053
115926,2026-09-15T18:38:55+00:00,3.5016
115960,2026-09-15T18:40:55+00:00,3.5036
115969,2026-09-15T18:41:27+00:00,3.5111
116022,2026-09-15T18:44:34+00:00,3.4975
116034,2026-09-15T18:45:16+00:00,3.4887
116097,2026-09-15T18:49:01+00:00,3.5044
116128,2026-09-15T18:50:50+00:00,3.4964
116143,2026-09-15T18:51:43+00:00,3.5290
116168,2026-09-15T18:53:35+00:00,3.5092
116225,2026-09-15T18:56:56+00:00,3.5015
116284,2026-09-15T19:01:08+00:00,3.5022
116294,2026-09-15T19:01:43+00:00,3.5102
116304,2026-09-15T19:02:19+00:00,3.5008
116316,2026-09-15T19:03:02+00:00,3.5436
116332,2026-09-15T19:03:58+00:00,3.5115
116365,2026-09-15T19:05:54+00:00,3.5100
116421,2026-09-15T19:09:20+00:00,3.4972
116422,2026-09-15T19:09:24+00:00,3.5035
116423,2026-09-15T19:09:27+00:00,3.4901
116429,2026-09-15T19:09:48+00:00,3.4965
116476,2026-09-15T19:12:35+00:00,3.5018
116482,2026-09-15T19:12:56+00:00,3.4994
116507,2026-09-15T19:14:24+00:00,3.5055
116562,2026-09-15T19:17:39+00:00,3.5036
116573,2026-09-15T19:18:17+00:00,3.5138
116589,2026-09-15T19:19:14+00:00,3.5068
116598,2026-09-15T19:19:45+00:00,3.4938
116610,2026-09-15T19:20:28+00:00,3.5057
116634,2026-09-15T19:21:52+00:00,3.5017
116692,2026-09-15T19:25:20+00:00,3.4961
116711,2026-09-15T19:26:26+00:00,3.5039
116797,2026-09-15T19:31:29+00:00,3.5022
116864,2026-09-15T19:35:25+00:00,3.4982
116899,2026-09-15T19:37:28+00:00,3.5071
116926,2026-09-15T19:39:08+00:00,3.5057
116929,2026-09-15T19:39:19+00:00,3.4924
116969,2026-09-15T19:41:41+00:00,3.4979
116977,2026-09-15T19:42:09+00:00,3.4990
116978,2026-09-15T19:42:12+00:00,3.4911
116980,2026-09-15T19:42:19+00:00,3.5039
117032,2026-09-15T19:45:23+00:00,3.5230
117068,2026-09-15T19:47:29+00:00,3.5020
117098,2026-09-15T19:49:15+00:00,3.5023
117147,2026-09-15T19:52:08+00:00,3.4949
117159,2026-09-15T19:52:50+00:00,3.4994
117179,2026-09-15T19:54:04+00:00,3.4975
117223,2026-09-15T19:56:39+00:00,3.4962
117248,2026-09-15T19:58:08+00:00,3.4940
117264,2026-09-15T19:59:04+00:00,3.4940
117276,2026-09-15T19:59:46+00:00,3.5606
117286,2026-09-15T20:00:22+00:00,3.5067
117308,2026-09-15T20:01:39+00:00,3.5033
117310,2026-09-15T20:01:46+00:00,3.5024
117325,2026-09-15T20:02:39+00:00,3.4993
117351,2026-09-15T20:04:10+00:00,3.5056
117383,2026-09-15T20:06:03+00:00,3.4971
117388,2026-09-15T20:06:21+00:00,3.4987
117410,2026-09-15T20:07:39+00:00,3.5090
117507,2026-09-15T20:13:31+00:00,3.4989
117510,2026-09-15T20:13:41+00:00,3.4954
117519,2026-09-15T20:14:13+00:00,3.4962
117578,2026-09-15T20:17:41+00:00,3.4953
117635,2026-09-15T20:21:01+00:00,3.5035
117686,2026-09-15T20:24:05+00:00,3.5009
117696,2026-09-15T20:24:41+00:00,3.5006
117724,2026-09-15T20:26:19+00:00,3.5055
117735,2026-09-15T20:26:58+00:00,3.5008
117763,2026-09-15T20:28:37+00:00,3.4999
117796,2026-09-15T20:30:33+00:00,3.5016
117815,2026-09-15T20:31:40+00:00,3.4967
117870,2026-09-15T20:34:54+00:00,3.4961
117878,2026-09-15T20:35:22+00:00,3.5042
117911,2026-09-15T20:37:18+00:00,3.5001
117928,2026-09-15T20:38:21+00:00,3.5032
117983,2026-09-15T20:41:35+00:00,3.5015
117998,2026-09-15T20:42:29+00:00,3.4967
118038,2026-09-15T20:44:49+00:00,3.4962
118053,2026-09-15T20:45:42+00:00,3.5058
118068,2026-09-15T20:46:35+00:00,3.5078
118085,2026-09-15T20:47:35+00:00,3.5002
118113,2026-09-15T20:49:14+00:00,3.4881
118128,2026-09-15T20:50:06+00:00,3.4944
118149,2026-09-15T20:51:20+00:00,3.4992
118182,2026-09-15T20:53:17+00:00,3.4950
118184,2026-09-15T20:53:27+00:00,3.4936
118190,2026-09-15T20:53:48+00:00,3.4952
118239,2026-09-15T20:56:41+00:00,3.4919
118244,2026-09-15T20:56:58+00:00,3.5247
118261,2026-09-15T20:57:58+00:00,3.5132
118263,2026-09-15T20:58:05+00:00,3.4900
118296,2026-09-15T21:00:01+00:00,3.5086
118314,2026-09-15T21:01:05+00:00,3.5001
118339,2026-09-15T21:02:33+00:00,3.4965
118442,2026-09-15T21:09:24+00:00,3.5012
118449,2026-09-15T21:09:49+00:00,3.5038
118454,2026-09-15T21:10:07+00:00,3.5042
118478,2026-09-15T21:11:31+00:00,3.5050
118508,2026-09-15T21:13:18+00:00,3.4972
118589,2026-09-15T21:18:03+00:00,3.5059
118593,2026-09-15T21:18:17+00:00,3.5038
118619,2026-09-15T21:19:49+00:00,3.4952
118628,2026-09-15T21:20:22+00:00,3.4883
118637,2026-09-15T21:20:54+00:00,3.4983
118641,2026-09-15T21:21:08+00:00,3.5150
118646,2026-09-15T21:21:27+00:00,3.5010
118674,2026-09-15T21:23:05+00:00,3.5026
118676,2026-09-15T21:23:12+00:00,3.5029
118703,2026-09-15T21:24:56+00:00,3.5009
118747,2026-09-15T21:27:32+00:00,3.5058
118755,2026-09-15T21:28:00+00:00,3.4917
118824,2026-09-15T21:32:02+00:00,3.5008
118837,2026-09-15T21:32:49+00:00,3.5020
118852,2026-09-15T21:33:42+00:00,3.5047
118877,2026-09-15T21:35:10+00:00,3.4988
118882,2026-09-15T21:35:28+00:00,3.4915
118892,2026-09-15T21:36:03+00:00,3.4900
118916,2026-09-15T21:37:27+00:00,3.5100
118936,2026-09-15T21:38:41+00:00,3.5192
118947,2026-09-15T21:39:27+00:00,3.4990
118968,2026-09-15T21:40:41+00:00,3.5178
118974,2026-09-15T21:41:02+00:00,3.5024
119011,2026-09-15T21:43:13+00:00,3.5490
119024,2026-09-15T21:43:58+00:00,3.4998
119047,2026-09-15T21:45:19+00:00,3.5041
119067,2026-09-15T21:46:31+00:00,3.4985
119228,2026-09-15T21:56:03+00:00,3.4990
119231,2026-09-15T21:56:13+00:00,3.4946
119237,2026-09-15T21:56:34+00:00,3.5046
119241,2026-09-15T21:56:48+00:00,3.5004
119244,2026-09-15T21:56:59+00:00,3.5303
119254,2026-09-15T21:57:34+00:00,3.4932
119294,2026-09-15T21:59:55+00:00,3.5020
119302,2026-09-15T22:00:23+00:00,3.4951
119309,2026-09-15T22:00:48+00:00,3.5015
119316,2026-09-15T22:01:13+00:00,3.4925
119330,2026-09-15T22:02:03+00:00,3.4976
119351,2026-09-15T22:03:17+00:00,3.4905
119386,2026-09-15T22:05:20+00:00,3.5107
119393,2026-09-15T22:05:45+00:00,3.5270
119419,2026-09-15T22:07:16+00:00,3.5153
119421,2026-09-15T22:07:23+00:00,3.5026
119426,2026-09-15T22:07:41+00:00,3.4974
119429,2026-09-15T22:07:51+00:00,3.5056
119430,2026-09-15T22:07:55+00:00,3.5037
119435,2026-09-15T22:08:12+00:00,3.4898
119490,2026-09-15T22:11:30+00:00,3.4998
119492,2026-09-15T22:11:37+00:00,3.4993
119521,2026-09-15T22:13:18+00:00,3.4976
119569,2026-09-15T22:16:07+00:00,3.5024
119573,2026-09-15T22:16:21+00:00,3.5044
119624,2026-09-15T22:19:21+00:00,3.4946
119635,2026-09-15T22:19:59+00:00,3.4978
119649,2026-09-15T22:20:49+00:00,3.5029
119665,2026-09-15T22:21:45+00:00,3.4938
119712,2026-09-15T22:24:38+00:00,3.5014
119715,2026-09-15T22:24:48+00:00,3.5010
119731,2026-09-15T22:25:45+00:00,3.5268
119763,2026-09-15T22:27:38+00:00,3.4993
119804,2026-09-15T22:30:02+00:00,3.5115
119900,2026-09-15T22:35:41+00:00,3.5147
119907,2026-09-15T22:36:06+00:00,3.5084
119909,2026-09-15T22:36:13+00:00,3.5050
119916,2026-09-15T22:36:37+00:00,3.5022
119930,2026-09-15T22:37:27+00:00,3.5022
119939,2026-09-15T22:37:58+00:00,3.4973
120043,2026-09-15T22:44:08+00:00,3.4956
120063,2026-09-15T22:45:19+00:00,3.5133
120079,2026-09-15T22:46:15+00:00,3.5288
120086,2026-09-15T22:46:39+00:00,3.5189
120127,2026-09-15T22:49:04+00:00,3.5059
120131,2026-09-15T22:49:18+00:00,3.5030
120154,2026-09-15T22:50:39+00:00,3.5151
120196,2026-09-15T22:53:06+00:00,3.4992
120227,2026-09-15T22:54:59+00:00,3.5035
120278,2026-09-15T22:57:59+00:00,3.5009
120340,2026-09-15T23:01:38+00:00,3.4912
120392,2026-09-15T23:04:41+00:00,3.4990
120413,2026-09-15T23:05:55+00:00,3.4966
120416,2026-09-15T23:06:06+00:00,3.5056
120442,2026-09-15T23:07:37+00:00,3.4911
120457,2026-09-15T23:08:30+00:00,3.4888
120474,2026-09-15T23:09:33+00:00,3.5031
120575,2026-09-15T23:16:14+00:00,3.5002
120579,2026-09-15T23:16:28+00:00,3.5009
120589,2026-09-15T23:17:03+00:00,3.5029
120600,2026-09-15T23:17:42+00:00,3.5527
120649,2026-09-15T23:20:35+00:00,3.4969
120652,2026-09-15T23:20:45+00:00,3.4981
120659,2026-09-15T23:21:10+00:00,3.5037
120664,2026-09-15T23:21:27+00:00,3.4975
120681,2026-09-15T23:22:27+00:00,3.5035
120688,2026-09-15T23:22:52+00:00,3.4930
120740,2026-09-15T23:26:08+00:00,3.4998
120756,2026-09-15T23:27:04+00:00,3.5014
120767,2026-09-15T23:27:43+00:00,3.4965
120771,2026-09-15T23:27:57+00:00,3.5007
120781,2026-09-15T23:28:32+00:00,3.4936
120787,2026-09-15T23:28:53+00:00,3.5118
120797,2026-09-15T23:29:29+00:00,3.5467
120803,2026-09-15T23:29:50+00:00,3.5036
120811,2026-09-15T23:30:18+00:00,3.5769
120842,2026-09-15T23:32:08+00:00,3.4958
120855,2026-09-15T23:32:54+00:00,3.4917
120856,2026-09-15T23:32:57+00:00,3.5122
120859,2026-09-15T23:33:08+00:00,3.4990
120862,2026-09-15T23:33:18+00:00,3.4913
120875,2026-09-15T23:34:04+00:00,3.5007
120887,2026-09-15T23:34:47+00:00,3.5030
120899,2026-09-15T23:35:29+00:00,3.4970
120908,2026-09-15T23:36:01+00:00,3.5110
120960,2026-09-15T23:39:04+00:00,3.5134
120978,2026-09-15T23:40:11+00:00,3.5009
120990,2026-09-15T23:40:53+00:00,3.4955
121013,2026-09-15T23:42:14+00:00,3.5085
121042,2026-09-15T23:43:56+00:00,3.5115
121044,2026-09-15T23:44:03+00:00,3.5013
121134,2026-09-15T23:49:21+00:00,3.4965
121172,2026-09-15T23:51:35+00:00,3.5121
121175,2026-09-15T23:51:46+00:00,3.5221
121189,2026-09-15T23:52:35+00:00,3.5029
121190,2026-09-15T23:52:39+00:00,3.5235
121212,2026-09-15T23:53:56+00:00,3.5178
121215,2026-09-15T23:54:07+00:00,3.4986
121224,2026-09-15T23:54:57+00:00,18.6860
121236,2026-09-15T23:55:39+00:00,3.5009
121239,2026-09-15T23:55:50+00:00,3.5012
121243,2026-09-15T23:56:04+00:00,3.4925
121262,2026-09-15T23:57:11+00:00,3.4939
121380,2026-09-16T00:04:09+00:00,3.4966
121393,2026-09-16T00:04:54+00:00,3.5039
121433,2026-09-16T00:07:15+00:00,3.5097
121458,2026-09-16T00:08:43+00:00,3.4866
121467,2026-09-16T00:09:14+00:00,3.4924
121559,2026-09-16T00:14:46+00:00,3.5168
121575,2026-09-16T00:15:43+00:00,3.5049
121582,2026-09-16T00:16:07+00:00,3.5136
121601,2026-09-16T00:17:14+00:00,3.4931
121636,2026-09-16T00:19:18+00:00,3.5073
121645,2026-09-16T00:19:49+00:00,3.5052
121649,2026-09-16T00:20:03+00:00,3.4988
121699,2026-09-16T00:23:00+00:00,3.4976
121715,2026-09-16T00:23:56+00:00,3.5026
121752,2026-09-16T00:26:28+00:00,3.5012
121755,2026-09-16T00:26:38+00:00,3.5014
121765,2026-09-16T00:27:14+00:00,3.4980
121771,2026-09-16T00:27:35+00:00,3.4932
121808,2026-09-16T00:29:45+00:00,3.5254
121814,2026-09-16T00:30:06+00:00,3.4984
121869,2026-09-16T00:33:20+00:00,3.4989
121917,2026-09-16T00:36:09+00:00,3.4943
121932,2026-09-16T00:37:02+00:00,3.5091
121940,2026-09-16T00:37:30+00:00,3.4934
121941,2026-09-16T00:37:34+00:00,3.5031
121946,2026-09-16T00:37:51+00:00,3.5073
121989,2026-09-16T00:40:26+00:00,3.5042
121993,2026-09-16T00:40:40+00:00,3.4937
122113,2026-09-16T00:47:43+00:00,3.5182
122126,2026-09-16T00:48:29+00:00,3.5084
122173,2026-09-16T00:51:14+00:00,3.5038
122182,2026-09-16T00:51:46+00:00,3.5139
122213,2026-09-16T00:53:35+00:00,3.5020
122219,2026-09-16T00:53:56+00:00,3.5056
122231,2026-09-16T00:54:38+00:00,3.5018
122237,2026-09-16T00:54:59+00:00,3.5092
122247,2026-09-16T00:55:40+00:00,3.4976
122266,2026-09-16T00:56:47+00:00,3.4969
122340,2026-09-16T01:01:07+00:00,3.5016
122342,2026-09-16T01:01:14+00:00,3.5060
122366,2026-09-16T01:02:38+00:00,3.4976
122394,2026-09-16T01:04:17+00:00,3.4971
122404,2026-09-16T01:04:52+00:00,3.4949
122428,2026-09-16T01:06:18+00:00,3.4999
122430,2026-09-16T01:06:25+00:00,3.5026
122475,2026-09-16T01:09:03+00:00,3.4968
122528,2026-09-16T01:12:16+00:00,3.5142
122618,2026-09-16T01:18:16+00:00,3.4996
122622,2026-09-16T01:18:31+00:00,3.4983
122626,2026-09-16T01:18:45+00:00,3.4965
122644,2026-09-16T01:19:48+00:00,3.4996
122654,2026-09-16T01:20:23+00:00,3.5074
122663,2026-09-16T01:20:55+00:00,3.5031
122684,2026-09-16T01:22:09+00:00,3.4982
122703,2026-09-16T01:23:17+00:00,3.5020
122711,2026-09-16T01:23:45+00:00,3.5056
122767,2026-09-16T01:27:09+00:00,3.6019
122797,2026-09-16T01:28:55+00:00,3.5008
122821,2026-09-16T01:30:19+00:00,3.5011
122892,2026-09-16T01:34:30+00:00,3.4978
122902,2026-09-16T01:35:05+00:00,3.5046
122906,2026-09-16T01:35:19+00:00,3.5005
122940,2026-09-16T01:37:19+00:00,3.5042
122965,2026-09-16T01:38:47+00:00,3.4999
122974,2026-09-16T01:39:19+00:00,3.5005
122980,2026-09-16T01:39:40+00:00,3.4940
123021,2026-09-16T01:42:12+00:00,3.5028
123031,2026-09-16T01:42:47+00:00,3.5018
123043,2026-09-16T01:43:29+00:00,3.4949
123049,2026-09-16T01:43:50+00:00,3.4982
123066,2026-09-16T01:44:50+00:00,3.5103
123111,2026-09-16T01:47:29+00:00,3.5122
123206,2026-09-16T01:53:03+00:00,3.5021
123230,2026-09-16T01:54:29+00:00,3.5034
123278,2026-09-16T01:57:22+00:00,3.5076
123384,2026-09-16T02:03:37+00:00,3.5651
123387,2026-09-16T02:03:47+00:00,3.5234
123395,2026-09-16T02:04:15+00:00,3.4983
123398,2026-09-16T02:04:26+00:00,3.4966
123442,2026-09-16T02:07:01+00:00,3.4923
123444,2026-09-16T02:07:08+00:00,3.5007
123484,2026-09-16T02:09:29+00:00,3.4990
123499,2026-09-16T02:10:22+00:00,3.5073
123502,2026-09-16T02:10:33+00:00,3.5035
123507,2026-09-16T02:10:56+00:00,3.5141
123516,2026-09-16T02:11:29+00:00,3.5121
123531,2026-09-16T02:12:22+00:00,3.4982
123557,2026-09-16T02:13:54+00:00,3.5197
123563,2026-09-16T02:14:15+00:00,3.5038
123576,2026-09-16T02:15:01+00:00,3.5061
123591,2026-09-16T02:15:53+00:00,3.4956
123650,2026-09-16T02:19:21+00:00,3.5044
123667,2026-09-16T02:20:21+00:00,3.5032
123677,2026-09-16T02:20:56+00:00,3.5062
123751,2026-09-16T02:25:17+00:00,3.4972
123780,2026-09-16T02:27:10+00:00,3.4946
123782,2026-09-16T02:27:17+00:00,3.5006
123787,2026-09-16T02:27:35+00:00,3.5117
123792,2026-09-16T02:27:53+00:00,3.4978
123793,2026-09-16T02:27:56+00:00,3.4999
123826,2026-09-16T02:29:52+00:00,3.4923
123831,2026-09-16T02:30:10+00:00,3.4986
123853,2026-09-16T02:31:27+00:00,3.5008
123921,2026-09-16T02:35:28+00:00,3.4939
123944,2026-09-16T02:36:48+00:00,3.4988
123955,2026-09-16T02:37:27+00:00,3.5059
123971,2026-09-16T02:38:23+00:00,3.5038
123979,2026-09-16T02:38:51+00:00,3.5063
124014,2026-09-16T02:40:54+00:00,3.5031
124037,2026-09-16T02:44:32+00:00,3.5024
124049,2026-09-16T02:45:15+00:00,3.5047
124050,2026-09-16T02:45:18+00:00,3.5149
124087,2026-09-16T02:47:29+00:00,3.4991
124099,2026-09-16T02:48:11+00:00,3.5024
124167,2026-09-16T02:52:10+00:00,3.4964
124181,2026-09-16T02:53:00+00:00,3.5000
124243,2026-09-16T02:57:42+00:00,3.5128
124278,2026-09-16T02:59:45+00:00,3.5297
124281,2026-09-16T02:59:56+00:00,3.5075
124314,2026-09-16T03:01:52+00:00,3.5100
124342,2026-09-16T03:03:31+00:00,3.5039
124345,2026-09-16T03:03:41+00:00,3.5169
124361,2026-09-16T03:04:38+00:00,3.4907
124366,2026-09-16T03:04:55+00:00,3.4968
124387,2026-09-16T03:06:09+00:00,3.4999
124404,2026-09-16T03:07:09+00:00,3.5069
124465,2026-09-16T03:10:43+00:00,3.4932
124470,2026-09-16T03:11:01+00:00,3.4974
124494,2026-09-16T03:13:35+00:00,3.6071
124505,2026-09-16T03:14:15+00:00,3.4997
124524,2026-09-16T03:15:21+00:00,3.4959
124534,2026-09-16T03:15:57+00:00,3.4919
124551,2026-09-16T03:16:56+00:00,3.4929
124567,2026-09-16T03:17:53+00:00,3.5021
124586,2026-09-16T03:18:59+00:00,3.5005
124600,2026-09-16T03:19:49+00:00,3.5032
124613,2026-09-16T03:20:34+00:00,3.4923
124629,2026-09-16T03:21:31+00:00,3.4949
124684,2026-09-16T03:24:45+00:00,3.4927
124688,2026-09-16T03:24:59+00:00,3.4914
124708,2026-09-16T03:26:10+00:00,3.5012
124711,2026-09-16T03:29:05+00:00,164.7500
124746,2026-09-16T03:31:54+00:00,3.5000
124754,2026-09-16T03:32:23+00:00,3.4957
124777,2026-09-16T03:33:44+00:00,3.4944
124793,2026-09-16T03:34:41+00:00,3.5066
124847,2026-09-16T03:37:50+00:00,3.5043
124850,2026-09-16T03:38:01+00:00,3.5074
124851,2026-09-16T03:38:04+00:00,3.5008
124872,2026-09-16T03:39:18+00:00,3.4927
124914,2026-09-16T03:44:24+00:00,3.5145
124942,2026-09-16T03:46:03+00:00,3.4963
124954,2026-09-16T03:46:45+00:00,3.4987
124977,2026-09-16T03:48:06+00:00,3.4945
125030,2026-09-16T03:51:13+00:00,3.4977
125039,2026-09-16T03:51:45+00:00,3.5073
125041,2026-09-16T03:51:52+00:00,3.5003
125067,2026-09-16T03:53:23+00:00,3.5065
125137,2026-09-16T03:57:34+00:00,3.5023
125156,2026-09-16T03:58:41+00:00,3.5021
125173,2026-09-16T03:59:41+00:00,3.4998
125192,2026-09-16T04:00:48+00:00,3.5154
125236,2026-09-16T04:03:23+00:00,3.5001
125270,2026-09-16T04:05:23+00:00,3.5014
125306,2026-09-16T04:07:29+00:00,3.4980
125334,2026-09-16T04:09:08+00:00,3.5022
125385,2026-09-16T04:20:37+00:00,3.4914
125389,2026-09-16T04:20:51+00:00,3.4934
125390,2026-09-16T04:20:55+00:00,3.5009
125399,2026-09-16T04:21:27+00:00,3.5005
125403,2026-09-16T04:21:41+00:00,3.5087
125424,2026-09-16T04:22:55+00:00,3.4996
125462,2026-09-16T04:25:08+00:00,3.5037
125474,2026-09-16T04:25:51+00:00,3.4981
125480,2026-09-16T04:26:12+00:00,3.4952
125495,2026-09-16T04:30:58+00:00,3.5017
125506,2026-09-16T04:31:38+00:00,3.5692
125513,2026-09-16T04:32:03+00:00,3.5075
125515,2026-09-16T04:32:10+00:00,3.4950
125531,2026-09-16T04:33:06+00:00,3.4980
125532,2026-09-16T04:33:09+00:00,3.4937
125608,2026-09-16T04:37:37+00:00,3.5047
125673,2026-09-16T04:41:27+00:00,3.5022
125679,2026-09-16T04:41:48+00:00,3.4929
125721,2026-09-16T05:24:25+00:00,3.5002
125722,2026-09-16T05:24:29+00:00,3.5004
125732,2026-09-16T05:25:04+00:00,3.5110
125734,2026-09-16T05:25:11+00:00,3.4981
125819,2026-09-16T05:30:10+00:00,3.4995
125851,2026-09-16T05:32:02+00:00,3.4978
125854,2026-09-16T05:32:13+00:00,3.4892
125867,2026-09-16T05:32:58+00:00,3.4923
125876,2026-09-16T05:33:30+00:00,3.4973
125898,2026-09-16T05:34:47+00:00,3.4997
125914,2026-09-16T05:35:44+00:00,3.5095
125939,2026-09-16T14:09:17+00:00,3.5057
125944,2026-09-16T14:09:34+00:00,3.4970
125974,2026-09-16T14:11:24+00:00,3.4945
126004,2026-09-16T14:13:10+00:00,3.5070
126094,2026-09-16T14:18:26+00:00,3.5087
126111,2026-09-16T14:19:26+00:00,3.4986
126143,2026-09-16T14:21:19+00:00,3.5089
126153,2026-09-16T14:21:54+00:00,3.5064
126202,2026-09-16T14:24:46+00:00,3.5082
126214,2026-09-16T14:25:33+00:00,4.1912
126245,2026-09-16T14:27:22+00:00,3.5000
126246,2026-09-16T14:27:25+00:00,3.5089
126260,2026-09-16T14:28:15+00:00,3.5061
126270,2026-09-16T14:28:50+00:00,3.4985
126280,2026-09-16T14:29:25+00:00,3.5083
126289,2026-09-16T14:29:57+00:00,3.4998
126294,2026-09-16T14:30:14+00:00,3.5025
126307,2026-09-16T14:31:00+00:00,3.5290
126320,2026-09-16T14:31:46+00:00,3.5009
126366,2026-09-16T14:34:28+00:00,3.4892
126458,2026-09-16T14:39:52+00:00,3.4998
126460,2026-09-16T14:39:59+00:00,3.5028
126534,2026-09-16T14:44:23+00:00,3.4987
126650,2026-09-16T14:51:11+00:00,3.5025
126703,2026-09-16T14:54:17+00:00,3.5026
126709,2026-09-16T14:54:39+00:00,3.5075
126711,2026-09-16T14:54:46+00:00,3.4934
126782,2026-09-16T14:59:00+00:00,3.5018
126828,2026-09-16T15:01:42+00:00,3.5119
126847,2026-09-16T15:03:36+00:00,3.5031
126884,2026-09-16T15:05:48+00:00,3.5065
126899,2026-09-16T15:06:41+00:00,3.5138
126908,2026-09-16T15:07:12+00:00,3.5085
126940,2026-09-16T15:09:05+00:00,3.4917
126951,2026-09-16T15:09:43+00:00,3.5154
126976,2026-09-16T15:11:15+00:00,3.4978
126993,2026-09-16T15:12:15+00:00,3.5017
126994,2026-09-16T15:12:18+00:00,3.5045
127015,2026-09-16T15:13:32+00:00,3.5011
127029,2026-09-16T15:14:21+00:00,3.5098
127054,2026-09-16T15:15:50+00:00,3.5024
127073,2026-09-16T15:16:56+00:00,3.5032
127083,2026-09-16T15:17:31+00:00,3.4950
127090,2026-09-16T15:17:56+00:00,3.5126
127106,2026-09-16T15:18:52+00:00,3.4988
127107,2026-09-16T15:18:56+00:00,3.5067
127113,2026-09-16T15:19:17+00:00,3.4925
127170,2026-09-16T15:22:38+00:00,3.5094
127171,2026-09-16T15:22:42+00:00,3.4994
127192,2026-09-16T15:23:56+00:00,3.5042
127213,2026-09-16T15:25:10+00:00,3.5066
127221,2026-09-16T15:25:41+00:00,3.5206
127247,2026-09-16T15:27:13+00:00,3.4988
127266,2026-09-16T15:28:20+00:00,3.4980
127301,2026-09-16T15:30:23+00:00,3.5065
127310,2026-09-16T15:30:55+00:00,3.5055
127378,2026-09-16T15:34:54+00:00,3.5021
127382,2026-09-16T15:35:08+00:00,3.5081
127434,2026-09-16T15:38:11+00:00,3.5056
127483,2026-09-16T15:41:07+00:00,3.5008
127500,2026-09-16T15:42:07+00:00,3.5081
127501,2026-09-16T15:42:10+00:00,3.5073
127502,2026-09-16T15:42:14+00:00,3.5091
127520,2026-09-16T15:43:18+00:00,3.5337
127531,2026-09-16T15:43:57+00:00,3.4991
127534,2026-09-16T15:44:07+00:00,3.4996
127540,2026-09-16T15:44:28+00:00,3.5100
127557,2026-09-16T15:45:28+00:00,3.5042
127567,2026-09-16T15:46:03+00:00,3.5141
127569,2026-09-16T15:46:10+00:00,3.5206
127635,2026-09-16T15:50:03+00:00,3.5339
127641,2026-09-16T15:50:24+00:00,3.4985
127654,2026-09-16T15:51:10+00:00,3.5041
127699,2026-09-16T15:53:49+00:00,3.5004
127728,2026-09-16T15:55:32+00:00,3.5108
127730,2026-09-16T15:55:44+00:00,3.5114
127775,2026-09-16T15:58:22+00:00,3.4957
127779,2026-09-16T15:58:36+00:00,3.5064
127821,2026-09-16T16:01:04+00:00,3.5017
127825,2026-09-16T16:01:18+00:00,3.5129
127895,2026-09-16T16:05:25+00:00,3.4967
127898,2026-09-16T16:05:36+00:00,3.5109
127930,2026-09-16T16:07:28+00:00,3.5074
127963,2026-09-16T16:09:25+00:00,3.5023
128028,2026-09-16T16:13:19+00:00,3.5022
128033,2026-09-16T16:13:38+00:00,3.4991
128035,2026-09-16T16:13:45+00:00,3.5365
128038,2026-09-16T16:13:55+00:00,3.4996
128040,2026-09-16T16:14:02+00:00,3.5057
128131,2026-09-16T16:19:23+00:00,3.5022
128140,2026-09-16T16:19:54+00:00,3.4988
128158,2026-09-16T16:20:58+00:00,3.4949
128169,2026-09-16T16:21:36+00:00,3.5137
128176,2026-09-16T16:22:01+00:00,3.5048
128202,2026-09-16T16:23:33+00:00,3.5007
128214,2026-09-16T16:24:15+00:00,3.5028
128225,2026-09-16T16:24:54+00:00,3.5062
128272,2026-09-16T16:27:43+00:00,3.5116
128273,2026-09-16T16:27:46+00:00,3.5102
128309,2026-09-16T16:29:53+00:00,3.5144
128316,2026-09-16T16:30:18+00:00,3.5077
128326,2026-09-16T16:30:53+00:00,3.4999
128327,2026-09-16T16:30:56+00:00,3.5050
128355,2026-09-16T16:32:35+00:00,3.4926
128362,2026-09-16T16:32:59+00:00,3.5084
128428,2026-09-16T16:36:52+00:00,3.5081
128440,2026-09-16T16:37:34+00:00,3.4990
128483,2026-09-16T16:40:05+00:00,3.5018
128496,2026-09-16T16:40:51+00:00,3.5137
128498,2026-09-16T16:41:02+00:00,3.6341
128505,2026-09-16T16:41:26+00:00,3.5037
128515,2026-09-16T16:42:01+00:00,3.5023
128516,2026-09-16T16:42:05+00:00,3.5067
128555,2026-09-16T16:44:23+00:00,3.5006
128583,2026-09-16T16:46:02+00:00,3.5035
128612,2026-09-16T16:47:45+00:00,3.5033
128668,2026-09-16T16:51:02+00:00,3.5080
128670,2026-09-16T16:51:09+00:00,3.4984
128678,2026-09-16T16:51:38+00:00,3.5004
128688,2026-09-16T16:52:13+00:00,3.5124
128735,2026-09-16T16:54:59+00:00,3.5062
128810,2026-09-16T16:59:27+00:00,3.5166
128825,2026-09-16T17:00:19+00:00,3.5032
128846,2026-09-16T17:01:34+00:00,3.5030
128937,2026-09-16T17:06:54+00:00,3.5009
128945,2026-09-16T17:07:22+00:00,3.5076
129023,2026-09-16T17:12:45+00:00,3.5055
129025,2026-09-16T17:12:52+00:00,3.5150
129038,2026-09-16T17:13:38+00:00,3.4963
129069,2026-09-16T17:15:27+00:00,3.4970
129070,2026-09-16T17:15:31+00:00,3.5166
129097,2026-09-16T17:17:06+00:00,3.5052
129153,2026-09-16T17:20:25+00:00,3.5037
129187,2026-09-16T17:22:25+00:00,3.5004
129206,2026-09-16T17:23:32+00:00,3.5649
129227,2026-09-16T17:24:45+00:00,3.5008
129252,2026-09-16T17:26:17+00:00,3.5670
129302,2026-09-16T17:29:13+00:00,3.4943
129310,2026-09-16T17:29:41+00:00,3.5279
129362,2026-09-16T17:32:45+00:00,3.5020
129382,2026-09-16T17:33:57+00:00,3.4986
129406,2026-09-16T17:35:22+00:00,3.4927
129420,2026-09-16T17:36:11+00:00,3.5143
129432,2026-09-16T17:36:53+00:00,3.5047
129440,2026-09-16T17:37:21+00:00,3.5001
129454,2026-09-16T17:38:11+00:00,3.5126
129523,2026-09-16T17:42:28+00:00,3.4997
129555,2026-09-16T17:44:21+00:00,3.5007
129595,2026-09-16T17:46:42+00:00,3.5086
129638,2026-09-16T17:49:13+00:00,3.4997
129661,2026-09-16T17:50:34+00:00,3.4993
129667,2026-09-16T17:50:55+00:00,3.5000
129671,2026-09-16T17:51:09+00:00,3.5044
129677,2026-09-16T17:51:30+00:00,3.5055
129783,2026-09-16T17:57:48+00:00,3.4994
129785,2026-09-16T17:57:55+00:00,3.4983
129787,2026-09-16T17:58:02+00:00,3.5084
129835,2026-09-16T18:00:52+00:00,3.5043
129865,2026-09-16T18:02:37+00:00,3.5073
129968,2026-09-16T18:08:43+00:00,3.5217
130045,2026-09-16T18:13:22+00:00,3.5026
130060,2026-09-16T18:14:15+00:00,3.5084
130082,2026-09-16T18:15:32+00:00,3.4970
130089,2026-09-16T18:15:57+00:00,3.4991
130093,2026-09-16T18:16:11+00:00,3.5017
130100,2026-09-16T18:16:36+00:00,3.5017
130157,2026-09-16T18:19:57+00:00,3.5019
130164,2026-09-16T18:20:21+00:00,3.5003
130191,2026-09-16T18:21:56+00:00,3.5060
130192,2026-09-16T18:22:00+00:00,3.4931
130220,2026-09-16T18:23:39+00:00,3.5092
130292,2026-09-16T18:28:03+00:00,3.4972
130321,2026-09-16T18:29:46+00:00,3.5064
130363,2026-09-16T18:32:13+00:00,3.5667
130389,2026-09-16T18:33:45+00:00,3.5070
130435,2026-09-16T18:36:27+00:00,3.5131
130441,2026-09-16T18:36:48+00:00,3.4962
130448,2026-09-16T18:37:13+00:00,3.5106
130483,2026-09-16T18:39:17+00:00,3.5001
130504,2026-09-16T18:40:33+00:00,3.5132
130571,2026-09-16T18:44:39+00:00,3.4976
130578,2026-09-16T18:45:04+00:00,3.8152
130583,2026-09-16T18:45:22+00:00,3.5004
130584,2026-09-16T18:45:25+00:00,3.4980
130601,2026-09-16T18:46:26+00:00,3.5013
130618,2026-09-16T18:47:25+00:00,3.5066
130636,2026-09-16T18:48:29+00:00,3.5075
130645,2026-09-16T18:49:01+00:00,3.5177
130696,2026-09-16T18:52:28+00:00,3.4920
130707,2026-09-16T18:53:06+00:00,3.4939
130729,2026-09-16T18:54:24+00:00,3.4923
130746,2026-09-16T18:55:24+00:00,3.5017
130886,2026-09-16T19:03:38+00:00,3.5069
130893,2026-09-16T19:04:02+00:00,3.4893
130952,2026-09-16T19:07:39+00:00,3.4957
130977,2026-09-16T19:09:08+00:00,3.4977
131035,2026-09-16T19:12:33+00:00,3.4993
131078,2026-09-16T19:15:50+00:00,3.4991
131083,2026-09-16T19:16:07+00:00,3.4882
131108,2026-09-16T19:17:36+00:00,3.4916
131152,2026-09-16T19:20:12+00:00,3.4942
131175,2026-09-16T19:21:36+00:00,3.4987
131227,2026-09-16T19:24:39+00:00,3.5129
131245,2026-09-16T19:25:43+00:00,3.5008
131288,2026-09-16T19:28:14+00:00,3.5209
131351,2026-09-16T19:31:56+00:00,3.5094
131353,2026-09-16T19:32:03+00:00,3.5117
131359,2026-09-16T19:32:24+00:00,3.4977
131367,2026-09-16T19:32:52+00:00,3.5016
131380,2026-09-16T19:33:39+00:00,3.5024
131393,2026-09-16T19:34:24+00:00,3.4932
131433,2026-09-16T19:36:50+00:00,3.4921
131474,2026-09-16T19:39:16+00:00,3.5369
131484,2026-09-16T19:39:51+00:00,3.4900
131500,2026-09-16T19:40:48+00:00,3.4961
131558,2026-09-16T19:44:12+00:00,3.5038
131562,2026-09-16T19:44:26+00:00,3.4961
131576,2026-09-16T19:45:15+00:00,3.4987
131593,2026-09-16T19:46:16+00:00,3.4936
131605,2026-09-16T19:46:58+00:00,3.4979
131676,2026-09-16T19:51:09+00:00,3.4998
131677,2026-09-16T19:51:12+00:00,3.5041
131712,2026-09-16T19:53:20+00:00,3.5021
131775,2026-09-16T19:57:02+00:00,3.5183
131788,2026-09-16T19:57:48+00:00,3.4923
131848,2026-09-16T20:01:20+00:00,3.5046
131873,2026-09-16T20:02:48+00:00,3.4895
131886,2026-09-16T20:03:33+00:00,3.4990
131908,2026-09-16T20:04:51+00:00,3.4980
131920,2026-09-16T20:05:33+00:00,3.4960
131946,2026-09-16T20:07:11+00:00,3.4967
131969,2026-09-16T20:08:32+00:00,3.4943
131975,2026-09-16T20:08:53+00:00,3.4934
132004,2026-09-16T20:10:35+00:00,3.4994
132009,2026-09-16T20:10:52+00:00,3.4965
132037,2026-09-16T20:12:31+00:00,3.4897
132088,2026-09-16T20:15:30+00:00,3.4955
132134,2026-09-16T20:18:12+00:00,3.5231
132142,2026-09-16T20:18:41+00:00,3.5296
132161,2026-09-16T20:19:47+00:00,3.4866
132228,2026-09-16T20:23:51+00:00,3.5040
132305,2026-09-16T20:28:22+00:00,3.5114
132328,2026-09-16T20:29:43+00:00,3.5076
132371,2026-09-16T20:32:15+00:00,3.4899
132406,2026-09-16T20:34:18+00:00,3.4924
132419,2026-09-16T20:35:04+00:00,3.4952
132435,2026-09-16T20:36:00+00:00,3.5004
132450,2026-09-16T20:36:56+00:00,3.4935
132480,2026-09-16T20:38:42+00:00,3.4933
132501,2026-09-16T20:39:56+00:00,3.5081
132547,2026-09-16T20:42:38+00:00,3.4912
132563,2026-09-16T20:43:35+00:00,3.4977
132594,2026-09-16T20:45:24+00:00,3.4987
132608,2026-09-16T20:46:13+00:00,3.4899
132672,2026-09-16T20:49:59+00:00,3.5076
132701,2026-09-16T20:51:41+00:00,3.4972
132726,2026-09-16T20:53:13+00:00,3.5707
132743,2026-09-16T20:54:13+00:00,3.4937
132754,2026-09-16T20:54:52+00:00,3.5053
132781,2026-09-16T20:56:27+00:00,3.4870
132815,2026-09-16T20:58:27+00:00,3.4989
132822,2026-09-16T20:58:52+00:00,3.4895
132831,2026-09-16T20:59:23+00:00,3.6773
132850,2026-09-16T21:00:30+00:00,3.5083
132864,2026-09-16T21:01:20+00:00,3.4967
132915,2026-09-16T21:04:19+00:00,3.4967
132950,2026-09-16T21:06:23+00:00,3.5049
132953,2026-09-16T21:06:33+00:00,3.5067
132976,2026-09-16T21:08:01+00:00,3.4909
133042,2026-09-16T21:11:53+00:00,3.4996
133060,2026-09-16T21:12:57+00:00,3.5014
133115,2026-09-16T21:16:10+00:00,3.4935
133151,2026-09-16T21:18:17+00:00,3.5068
133162,2026-09-16T21:18:56+00:00,3.5104
133172,2026-09-16T21:19:32+00:00,3.5007
133196,2026-09-16T21:21:40+00:00,3.4946
133213,2026-09-16T21:22:45+00:00,3.4954
133283,2026-09-16T21:26:53+00:00,3.4945
133286,2026-09-16T21:27:03+00:00,3.5604
133310,2026-09-16T21:28:28+00:00,3.4931
133349,2026-09-16T21:30:45+00:00,3.4971
133353,2026-09-16T21:30:59+00:00,3.4900
133362,2026-09-16T21:31:31+00:00,3.5105
133374,2026-09-16T21:32:13+00:00,3.4980
133431,2026-09-16T21:35:34+00:00,3.4975
133436,2026-09-16T21:35:51+00:00,3.5037
133480,2026-09-16T21:38:30+00:00,3.4870
133524,2026-09-16T21:41:05+00:00,3.4939
133560,2026-09-16T21:43:11+00:00,3.5194
133599,2026-09-16T21:45:28+00:00,3.4889
133673,2026-09-16T21:49:50+00:00,3.4925
133704,2026-09-16T21:51:39+00:00,3.5042
133705,2026-09-16T21:51:43+00:00,3.5154
133706,2026-09-16T21:51:46+00:00,3.5017
133785,2026-09-16T21:56:32+00:00,3.4948
133834,2026-09-16T21:59:25+00:00,3.4985
133845,2026-09-16T22:00:03+00:00,3.5002
133860,2026-09-16T22:00:56+00:00,3.5106
133862,2026-09-16T22:01:03+00:00,3.5284
133866,2026-09-16T22:01:17+00:00,3.5044
133876,2026-09-16T22:01:52+00:00,3.5061
133904,2026-09-16T22:03:31+00:00,3.5012
133967,2026-09-16T22:07:13+00:00,3.5272
133968,2026-09-16T22:07:16+00:00,3.5016
134011,2026-09-16T22:10:05+00:00,3.4994
134047,2026-09-16T22:12:12+00:00,3.4961
134051,2026-09-16T22:12:26+00:00,3.4966
134052,2026-09-16T22:12:29+00:00,3.5073
134101,2026-09-16T22:15:23+00:00,3.4886
134129,2026-09-16T22:17:02+00:00,3.9674
134152,2026-09-16T22:18:23+00:00,3.4940
134201,2026-09-16T22:21:16+00:00,3.4946
134238,2026-09-16T22:23:33+00:00,3.4947
134250,2026-09-16T22:24:15+00:00,3.5075
134356,2026-09-16T22:30:31+00:00,3.4938
134371,2026-09-16T22:31:24+00:00,3.5020
134376,2026-09-16T22:31:41+00:00,3.5405
134422,2026-09-16T22:34:24+00:00,3.4896
134429,2026-09-16T22:34:48+00:00,3.4905
134480,2026-09-16T22:37:49+00:00,3.4966
134500,2026-09-16T22:39:10+00:00,3.5012
134501,2026-09-16T22:39:14+00:00,3.4950
134515,2026-09-16T22:40:03+00:00,3.4983
134530,2026-09-16T22:40:56+00:00,3.5069
134544,2026-09-16T22:41:45+00:00,3.5025
134558,2026-09-16T22:42:34+00:00,3.4925
134575,2026-09-16T22:43:34+00:00,3.4987
134580,2026-09-16T22:43:52+00:00,3.5025
134584,2026-09-16T22:44:06+00:00,3.4994
134594,2026-09-16T22:44:41+00:00,3.5221
134651,2026-09-16T22:48:02+00:00,3.5019
134692,2026-09-16T22:50:27+00:00,3.4923
134699,2026-09-16T22:50:51+00:00,3.4971
134721,2026-09-16T22:52:08+00:00,3.5023
134740,2026-09-16T22:53:19+00:00,3.5584
134751,2026-09-16T22:53:58+00:00,3.4985
134855,2026-09-16T23:00:04+00:00,3.5021
134884,2026-09-16T23:01:46+00:00,3.5028
134911,2026-09-16T23:03:21+00:00,3.4976
134934,2026-09-16T23:04:42+00:00,3.5292
134945,2026-09-16T23:05:21+00:00,3.4851
134987,2026-09-16T23:07:49+00:00,3.4919
135051,2026-09-16T23:11:38+00:00,3.5002
135084,2026-09-16T23:13:34+00:00,3.4980
135119,2026-09-16T23:15:37+00:00,3.4869
135157,2026-09-16T23:17:51+00:00,3.4922
135193,2026-09-16T23:19:58+00:00,3.4943
135231,2026-09-16T23:22:11+00:00,3.4999
135283,2026-09-16T23:25:21+00:00,3.4949
135299,2026-09-16T23:27:03+00:00,3.4883
135332,2026-09-16T23:28:59+00:00,3.4950
135403,2026-09-16T23:33:09+00:00,3.5057
135505,2026-09-16T23:39:22+00:00,3.4994
135535,2026-09-16T23:41:08+00:00,3.5066
135536,2026-09-16T23:41:11+00:00,3.4977
135549,2026-09-16T23:41:58+00:00,3.5024
135558,2026-09-16T23:42:30+00:00,3.5031
135587,2026-09-16T23:44:12+00:00,3.5032
135589,2026-09-16T23:44:19+00:00,3.5131
135597,2026-09-16T23:44:47+00:00,3.5049
135610,2026-09-16T23:45:33+00:00,3.4939
135705,2026-09-16T23:51:07+00:00,3.5028
135712,2026-09-16T23:51:31+00:00,3.5021
135729,2026-09-16T23:52:32+00:00,3.5018
135742,2026-09-16T23:53:17+00:00,3.4985
135759,2026-09-16T23:54:24+00:00,3.4974
135763,2026-09-16T23:54:38+00:00,3.4974
135767,2026-09-16T23:54:52+00:00,3.4939
135768,2026-09-16T23:54:56+00:00,3.5132
135799,2026-09-16T23:56:45+00:00,3.4942
135816,2026-09-16T23:57:45+00:00,3.5251
135837,2026-09-16T23:58:59+00:00,3.5010
135858,2026-09-17T00:00:13+00:00,3.6522
135897,2026-09-17T00:02:31+00:00,3.4993
136027,2026-09-17T00:11:01+00:00,3.4850
136046,2026-09-17T00:12:08+00:00,3.5238
136093,2026-09-17T00:14:54+00:00,3.5186
136100,2026-09-17T00:15:18+00:00,3.4990
136111,2026-09-17T00:15:57+00:00,3.5736
136119,2026-09-17T00:16:25+00:00,3.4967
136121,2026-09-17T00:16:32+00:00,3.4916
136133,2026-09-17T00:17:15+00:00,3.4934
136147,2026-09-17T00:18:04+00:00,3.5022
136182,2026-09-17T00:20:07+00:00,3.5034
136183,2026-09-17T00:20:10+00:00,3.5052
136203,2026-09-17T00:21:21+00:00,3.4969
136227,2026-09-17T00:22:45+00:00,3.4920
136250,2026-09-17T00:24:06+00:00,3.4968
136275,2026-09-17T00:25:51+00:00,3.4887
136303,2026-09-17T00:27:31+00:00,3.5014
136332,2026-09-17T00:29:13+00:00,3.4924
136337,2026-09-17T00:29:30+00:00,3.5007
136355,2026-09-17T00:30:34+00:00,3.5086
136378,2026-09-17T00:31:55+00:00,3.5076
136434,2026-09-17T00:35:13+00:00,3.5055
136500,2026-09-17T00:39:05+00:00,3.5003
136502,2026-09-17T00:39:13+00:00,3.4936
136543,2026-09-17T00:42:02+00:00,3.4926
136562,2026-09-17T00:43:09+00:00,3.5098
136565,2026-09-17T00:43:20+00:00,3.4917
136587,2026-09-17T00:44:37+00:00,3.4958
136632,2026-09-17T00:47:15+00:00,3.4992
136665,2026-09-17T00:49:13+00:00,3.4930
136670,2026-09-17T00:49:32+00:00,4.3587
136692,2026-09-17T00:50:50+00:00,3.4950
136707,2026-09-17T00:51:42+00:00,3.4999
136717,2026-09-17T00:52:18+00:00,3.5071
136741,2026-09-17T00:53:42+00:00,3.5006
136748,2026-09-17T00:54:07+00:00,3.4950
136772,2026-09-17T00:56:09+00:00,3.4970
136793,2026-09-17T00:57:23+00:00,3.5071
136799,2026-09-17T00:57:44+00:00,3.5158
136872,2026-09-17T01:02:02+00:00,3.5154
136922,2026-09-17T01:04:58+00:00,3.4903
136957,2026-09-17T01:07:01+00:00,3.4981
136985,2026-09-17T01:08:40+00:00,3.5030
136991,2026-09-17T01:09:01+00:00,3.4953
137020,2026-09-17T01:10:44+00:00,3.5076
137023,2026-09-17T01:10:54+00:00,3.4922
137025,2026-09-17T01:11:01+00:00,3.5002
137028,2026-09-17T01:11:50+00:00,3.4916
137035,2026-09-17T01:12:15+00:00,3.4936
137081,2026-09-17T01:14:58+00:00,3.4999
137091,2026-09-17T01:15:33+00:00,3.5071
137116,2026-09-17T01:17:02+00:00,3.4921
137140,2026-09-17T01:18:26+00:00,3.5028
137144,2026-09-17T01:18:40+00:00,3.5051
137149,2026-09-17T01:18:58+00:00,3.4962
137170,2026-09-17T01:20:11+00:00,3.5016
137193,2026-09-17T01:21:33+00:00,3.5134
137214,2026-09-17T01:22:49+00:00,3.5180
137230,2026-09-17T01:23:45+00:00,3.5074
137270,2026-09-17T01:26:06+00:00,3.4944
137322,2026-09-17T01:29:34+00:00,3.4948
137330,2026-09-17T01:30:02+00:00,3.4940
137347,2026-09-17T01:31:02+00:00,3.5033
137373,2026-09-17T01:32:33+00:00,3.4951
137396,2026-09-17T01:33:54+00:00,3.5083
137406,2026-09-17T01:34:29+00:00,3.4928
137447,2026-09-17T01:37:40+00:00,3.5002
137456,2026-09-17T01:38:12+00:00,3.4891
137462,2026-09-17T01:38:33+00:00,3.4869
137474,2026-09-17T01:39:15+00:00,3.4953
137557,2026-09-17T01:44:34+00:00,3.4910
137579,2026-09-17T01:45:53+00:00,3.4992
137584,2026-09-17T01:46:10+00:00,3.5292
137620,2026-09-17T01:48:17+00:00,3.5083
137644,2026-09-17T01:49:42+00:00,3.5300
137672,2026-09-17T01:51:20+00:00,3.4948
137749,2026-09-17T01:55:52+00:00,3.4948
137768,2026-09-17T01:56:59+00:00,3.4969
137774,2026-09-17T01:57:20+00:00,3.6072
137795,2026-09-17T01:58:38+00:00,3.4915
137821,2026-09-17T02:00:10+00:00,3.5132
137832,2026-09-17T02:00:48+00:00,3.5093
137914,2026-09-17T02:05:38+00:00,3.5072
137934,2026-09-17T02:06:48+00:00,3.4920
137941,2026-09-17T02:07:13+00:00,3.5017
137983,2026-09-17T02:09:41+00:00,3.7160
138015,2026-09-17T02:11:33+00:00,3.5022
138021,2026-09-17T02:11:55+00:00,3.4948
138024,2026-09-17T02:12:05+00:00,3.5050
138038,2026-09-17T02:13:12+00:00,3.5050
138060,2026-09-17T02:14:31+00:00,3.5038
138067,2026-09-17T02:14:56+00:00,3.5056
138096,2026-09-17T02:16:39+00:00,3.5021
138118,2026-09-17T02:17:56+00:00,3.4983
138150,2026-09-17T02:19:49+00:00,3.5061
138189,2026-09-17T02:22:06+00:00,3.5045
138197,2026-09-17T02:22:34+00:00,3.4963
138222,2026-09-17T02:24:03+00:00,3.7921
138239,2026-09-17T02:25:03+00:00,3.5071
138268,2026-09-17T02:26:46+00:00,3.4995
138273,2026-09-17T02:27:03+00:00,3.5077
138296,2026-09-17T02:29:11+00:00,3.5158
138357,2026-09-17T02:32:46+00:00,3.4943
138405,2026-09-17T02:35:35+00:00,3.4956
138470,2026-09-17T02:39:23+00:00,3.4959
138478,2026-09-17T02:39:51+00:00,3.4993
138491,2026-09-17T02:40:38+00:00,3.4911
138529,2026-09-17T02:42:51+00:00,3.5015
138530,2026-09-17T02:42:55+00:00,3.4896
138569,2026-09-17T02:45:37+00:00,3.4953
138590,2026-09-17T02:46:51+00:00,3.4901
138596,2026-09-17T02:47:12+00:00,3.4965
138602,2026-09-17T02:47:33+00:00,3.5038
138630,2026-09-17T02:49:11+00:00,3.5024
138654,2026-09-17T02:50:36+00:00,3.4971
138768,2026-09-17T02:57:17+00:00,3.5083
138811,2026-09-17T03:00:31+00:00,3.4938
138813,2026-09-17T03:00:38+00:00,3.5122
138831,2026-09-17T03:01:43+00:00,3.4913
138871,2026-09-17T03:04:04+00:00,3.5068
138975,2026-09-17T03:10:11+00:00,3.4989
138983,2026-09-17T03:10:39+00:00,3.4975
138987,2026-09-17T03:10:53+00:00,3.4939
138993,2026-09-17T03:11:14+00:00,3.5172
139008,2026-09-17T03:12:07+00:00,3.4956
139010,2026-09-17T03:12:14+00:00,3.5056
139047,2026-09-17T03:14:25+00:00,3.4980
139078,2026-09-17T03:16:35+00:00,3.5017
139116,2026-09-17T03:18:48+00:00,3.5062
139176,2026-09-17T03:22:20+00:00,3.4951
139184,2026-09-17T03:22:48+00:00,3.5005
139191,2026-09-17T03:23:13+00:00,3.4967
139206,2026-09-17T03:24:05+00:00,3.4916
139226,2026-09-17T03:25:16+00:00,3.5070
139234,2026-09-17T03:25:44+00:00,3.5065
139273,2026-09-17T03:28:01+00:00,3.5013
139283,2026-09-17T03:28:36+00:00,3.4903
139291,2026-09-17T03:29:04+00:00,3.4981
139303,2026-09-17T03:29:47+00:00,3.5265
139325,2026-09-17T03:31:37+00:00,3.4956
139351,2026-09-17T03:33:08+00:00,3.4988
139356,2026-09-17T03:33:26+00:00,3.5006
139385,2026-09-17T03:35:08+00:00,3.4896
139399,2026-09-17T03:35:57+00:00,3.5141
139419,2026-09-17T03:37:07+00:00,3.4961
139442,2026-09-17T03:38:29+00:00,3.5122
139450,2026-09-17T03:38:57+00:00,3.4970
139485,2026-09-17T03:41:00+00:00,3.4993
139505,2026-09-17T03:42:10+00:00,3.4960
139529,2026-09-17T03:44:18+00:00,3.4951
139537,2026-09-17T03:44:46+00:00,3.5070
139566,2026-09-17T03:46:39+00:00,3.5041
139647,2026-09-17T03:51:26+00:00,3.5040
139650,2026-09-17T03:51:37+00:00,3.5092
139652,2026-09-17T03:51:44+00:00,3.4983
139667,2026-09-17T03:52:37+00:00,3.4948
139679,2026-09-17T03:53:19+00:00,3.4989
139682,2026-09-17T03:53:29+00:00,3.4949
139690,2026-09-17T03:53:58+00:00,3.4951
139692,2026-09-17T03:54:05+00:00,3.4967
139694,2026-09-17T03:54:12+00:00,3.4969
139725,2026-09-17T03:56:01+00:00,3.4956
139743,2026-09-17T03:57:06+00:00,3.5004
139770,2026-09-17T03:58:41+00:00,3.4920
139809,2026-09-17T04:01:26+00:00,3.5020
139879,2026-09-17T04:05:32+00:00,3.4983
139885,2026-09-17T04:05:53+00:00,3.5007
139908,2026-09-17T04:07:15+00:00,3.4947
139915,2026-09-17T04:07:39+00:00,3.5018
139922,2026-09-17T04:08:04+00:00,3.4968
139925,2026-09-17T04:08:14+00:00,3.5033
140021,2026-09-17T04:13:53+00:00,3.4962
140028,2026-09-17T04:14:18+00:00,3.5059
140059,2026-09-17T04:16:07+00:00,3.5091
140121,2026-09-17T04:19:55+00:00,3.4956
140126,2026-09-17T04:20:12+00:00,3.5031
140186,2026-09-17T04:23:44+00:00,3.5208
140242,2026-09-17T04:27:01+00:00,3.5055
140253,2026-09-17T04:27:40+00:00,3.5046
140273,2026-09-17T04:28:50+00:00,3.5065
140304,2026-09-17T04:30:40+00:00,3.5077
140312,2026-09-17T04:31:09+00:00,3.4952
140324,2026-09-17T04:32:21+00:00,3.5071
140351,2026-09-17T04:33:56+00:00,3.4894
140357,2026-09-17T04:34:17+00:00,3.5091
140364,2026-09-17T04:34:42+00:00,3.4999
140453,2026-09-17T04:39:55+00:00,3.4967
140466,2026-09-17T04:40:42+00:00,3.5096
140495,2026-09-17T04:42:24+00:00,3.4918
140511,2026-09-17T04:43:20+00:00,3.5037
140516,2026-09-17T04:43:38+00:00,3.4984
140520,2026-09-17T04:43:52+00:00,3.5187
140544,2026-09-17T04:45:16+00:00,3.4908
140579,2026-09-17T04:47:28+00:00,3.4981
140619,2026-09-17T04:49:50+00:00,3.5031
140628,2026-09-17T04:50:22+00:00,3.4935
140690,2026-09-17T04:54:01+00:00,3.4936
140692,2026-09-17T04:54:08+00:00,3.6357
140717,2026-09-17T04:55:36+00:00,3.5023
140733,2026-09-17T04:56:33+00:00,3.5017
140743,2026-09-17T04:57:08+00:00,3.4925
140746,2026-09-17T04:57:18+00:00,3.5000
140761,2026-09-17T04:58:11+00:00,3.5438
140797,2026-09-17T05:00:18+00:00,3.5187
140832,2026-09-17T05:03:07+00:00,30.9384
140872,2026-09-17T05:05:28+00:00,3.4925
140905,2026-09-17T05:07:24+00:00,3.5077
140961,2026-09-17T05:10:41+00:00,3.4977
140962,2026-09-17T05:10:44+00:00,3.4927
140963,2026-09-17T05:10:48+00:00,3.5011
141015,2026-09-17T05:13:51+00:00,3.4983
141016,2026-09-17T05:13:54+00:00,3.4936
141021,2026-09-17T05:14:12+00:00,3.5070
141035,2026-09-17T05:15:01+00:00,3.4988
141064,2026-09-17T05:16:44+00:00,3.5152
141076,2026-09-17T05:17:27+00:00,3.5018
141082,2026-09-17T05:18:05+00:00,3.4946
141084,2026-09-17T05:18:12+00:00,3.4902
141096,2026-09-17T05:18:54+00:00,3.5037
141107,2026-09-17T05:19:32+00:00,3.5003
141114,2026-09-17T05:19:57+00:00,3.5026
141156,2026-09-17T05:22:25+00:00,3.5121
141164,2026-09-17T05:22:53+00:00,3.6637
141184,2026-09-17T05:24:03+00:00,3.4941
141215,2026-09-17T05:25:53+00:00,3.4979
141223,2026-09-17T05:26:21+00:00,3.4957
141244,2026-09-17T05:27:35+00:00,3.4979
141250,2026-09-17T05:27:56+00:00,3.4987
141254,2026-09-17T05:28:10+00:00,3.4974
141299,2026-09-17T05:30:48+00:00,3.4929
141322,2026-09-17T05:32:09+00:00,3.5033
141372,2026-09-17T05:35:28+00:00,3.5026
141377,2026-09-17T05:35:45+00:00,3.5165
141384,2026-09-17T05:36:10+00:00,3.5140
141385,2026-09-17T05:36:13+00:00,3.5238
141423,2026-09-17T05:38:27+00:00,3.5025
141452,2026-09-17T05:40:10+00:00,3.4987
141473,2026-09-17T05:41:24+00:00,4.2790
141474,2026-09-17T05:41:28+00:00,3.5358
141482,2026-09-17T05:41:56+00:00,3.4927
141533,2026-09-17T05:44:56+00:00,3.5031
141539,2026-09-17T05:45:17+00:00,3.4888
141545,2026-09-17T05:45:39+00:00,3.4915
141559,2026-09-17T05:46:28+00:00,3.4973
141560,2026-09-17T05:46:31+00:00,3.5036
141578,2026-09-17T05:47:35+00:00,3.5054
141640,2026-09-17T05:52:26+00:00,3.4919
141692,2026-09-17T05:55:30+00:00,3.5011
141732,2026-09-17T05:57:51+00:00,3.5061
141766,2026-09-17T05:59:51+00:00,3.5165
141787,2026-09-17T06:01:05+00:00,3.4966
141843,2026-09-17T06:04:46+00:00,3.4988
141875,2026-09-17T06:06:39+00:00,3.5031
141904,2026-09-17T06:08:22+00:00,3.4998
141959,2026-09-17T06:11:36+00:00,3.5003
142026,2026-09-17T06:15:31+00:00,3.5001
142056,2026-09-17T06:17:17+00:00,3.5025
142068,2026-09-17T06:17:59+00:00,3.5089
142075,2026-09-17T06:18:24+00:00,3.5080
142146,2026-09-17T06:23:20+00:00,3.4881
142152,2026-09-17T06:23:41+00:00,3.4994
142168,2026-09-17T06:24:38+00:00,3.5065
142181,2026-09-17T06:25:24+00:00,3.4943
142240,2026-09-17T06:28:51+00:00,3.5072
142253,2026-09-17T06:29:37+00:00,3.5012
142278,2026-09-17T06:31:05+00:00,3.4983
142330,2026-09-17T06:34:08+00:00,3.4939
142352,2026-09-17T06:35:44+00:00,3.5017
142420,2026-09-17T06:39:43+00:00,3.4959
142427,2026-09-17T06:40:08+00:00,3.5261
142439,2026-09-17T06:40:50+00:00,3.4892
142480,2026-09-17T06:43:15+00:00,3.5032
142490,2026-09-17T06:43:50+00:00,3.4996
142494,2026-09-17T06:44:04+00:00,3.4915
142496,2026-09-17T06:44:11+00:00,3.4951
142551,2026-09-17T06:47:25+00:00,3.4941
142553,2026-09-17T06:47:32+00:00,3.4857
142587,2026-09-17T06:49:31+00:00,3.4979
142593,2026-09-17T06:49:52+00:00,3.4969
142606,2026-09-17T06:51:03+00:00,3.5078
142663,2026-09-17T06:54:25+00:00,3.5096
142678,2026-09-17T06:55:18+00:00,3.4996
142691,2026-09-17T06:56:04+00:00,3.4893
142696,2026-09-17T06:56:22+00:00,3.4890
142699,2026-09-17T06:56:32+00:00,3.4894
142713,2026-09-17T06:57:21+00:00,3.5051
142758,2026-09-17T07:00:00+00:00,3.4981
142775,2026-09-17T07:01:00+00:00,3.5021
142822,2026-09-17T07:03:45+00:00,3.4987
142838,2026-09-17T07:04:41+00:00,3.5080
142854,2026-09-17T07:06:07+00:00,3.5344
142863,2026-09-17T07:06:38+00:00,3.4929
142993,2026-09-17T07:14:16+00:00,3.5161
143032,2026-09-17T07:16:33+00:00,3.4943
143104,2026-09-17T07:20:46+00:00,3.4979
143117,2026-09-17T07:21:44+00:00,3.5157
143156,2026-09-17T07:24:03+00:00,3.5036
143158,2026-09-17T07:24:10+00:00,3.5035
143167,2026-09-17T07:24:41+00:00,3.5025
143184,2026-09-17T07:25:41+00:00,3.4966
143195,2026-09-17T07:26:20+00:00,3.4988
143200,2026-09-17T07:26:38+00:00,3.5095
143209,2026-09-17T07:27:09+00:00,3.4922
143211,2026-09-17T07:27:16+00:00,3.4936
143264,2026-09-17T07:30:23+00:00,3.5068
143274,2026-09-17T07:30:58+00:00,3.5027
143293,2026-09-17T07:32:05+00:00,3.5041
143345,2026-09-17T07:35:08+00:00,3.5044
143366,2026-09-17T07:36:33+00:00,3.5068
143367,2026-09-17T07:36:36+00:00,3.4943
143435,2026-09-17T07:40:35+00:00,3.7035
143459,2026-09-17T07:42:00+00:00,3.4968
143469,2026-09-17T07:42:35+00:00,3.4977
143477,2026-09-17T07:43:03+00:00,3.4985
143487,2026-09-17T07:43:38+00:00,3.4994
143529,2026-09-17T07:46:07+00:00,3.4958
143531,2026-09-17T07:46:14+00:00,3.4982
143532,2026-09-17T07:46:18+00:00,3.5032
143546,2026-09-17T07:47:07+00:00,3.5038
143562,2026-09-17T07:48:03+00:00,3.4970
143566,2026-09-17T07:48:17+00:00,3.5011
143647,2026-09-17T07:53:09+00:00,3.5059
143656,2026-09-17T07:53:41+00:00,3.4884
143662,2026-09-17T07:54:02+00:00,3.5041
143666,2026-09-17T07:54:16+00:00,3.5020
143677,2026-09-17T07:54:55+00:00,3.4981
143678,2026-09-17T07:54:59+00:00,3.5244
143712,2026-09-17T07:56:58+00:00,3.4934
143729,2026-09-17T07:57:58+00:00,3.4980
143777,2026-09-17T08:01:33+00:00,3.5016
143817,2026-09-17T08:03:54+00:00,3.5032
143818,2026-09-17T08:03:57+00:00,3.5028
143831,2026-09-17T08:04:43+00:00,3.4934
143877,2026-09-17T08:07:35+00:00,3.4897
143926,2026-09-17T08:10:28+00:00,3.5025
143961,2026-09-17T08:12:31+00:00,3.5049
144003,2026-09-17T08:14:59+00:00,3.5009
144009,2026-09-17T08:15:20+00:00,3.5112
144027,2026-09-17T08:16:24+00:00,3.4989
144033,2026-09-17T08:16:45+00:00,3.4917
144049,2026-09-17T08:17:42+00:00,3.5079
144088,2026-09-17T08:19:59+00:00,3.4886
144130,2026-09-17T08:22:34+00:00,3.5078
144137,2026-09-17T08:22:59+00:00,3.5011
144144,2026-09-17T08:23:23+00:00,3.4880
144147,2026-09-17T08:23:34+00:00,3.4976
144164,2026-09-17T08:24:34+00:00,3.4966
144194,2026-09-17T08:26:19+00:00,3.4970
144197,2026-09-17T08:26:30+00:00,3.5020
144205,2026-09-17T08:26:58+00:00,3.5006
144248,2026-09-17T08:29:29+00:00,3.4959
144250,2026-09-17T08:29:36+00:00,3.5064
144257,2026-09-17T08:30:01+00:00,3.5054
144262,2026-09-17T08:30:19+00:00,3.4956
144283,2026-09-17T08:31:32+00:00,3.5003
144316,2026-09-17T08:33:29+00:00,3.4972
144328,2026-09-17T08:34:11+00:00,3.4957
144372,2026-09-17T08:36:46+00:00,3.4983
144382,2026-09-17T08:37:36+00:00,3.4998
144387,2026-09-17T08:37:54+00:00,3.5310
144404,2026-09-17T08:38:53+00:00,3.5027
144454,2026-09-17T08:41:50+00:00,3.5034
144509,2026-09-17T08:45:04+00:00,3.4980
144516,2026-09-17T08:45:28+00:00,3.4944
144520,2026-09-17T08:45:42+00:00,3.5009
144522,2026-09-17T08:45:49+00:00,3.5058
144527,2026-09-17T08:46:07+00:00,3.5056
144533,2026-09-17T08:46:28+00:00,3.5018
144548,2026-09-17T08:47:21+00:00,3.5087
144589,2026-09-17T08:49:45+00:00,3.4890
144608,2026-09-17T08:50:55+00:00,3.4892
144609,2026-09-17T08:50:58+00:00,3.5014
144618,2026-09-17T08:51:30+00:00,3.4995
144627,2026-09-17T08:52:01+00:00,3.4995
144638,2026-09-17T08:53:02+00:00,3.5033
144643,2026-09-17T08:53:19+00:00,3.4990
144661,2026-09-17T08:54:22+00:00,3.4926
144669,2026-09-17T08:54:51+00:00,3.4937
144683,2026-09-17T08:55:40+00:00,3.4888
144688,2026-09-17T08:55:58+00:00,3.4956
144717,2026-09-17T08:57:40+00:00,3.5063
144738,2026-09-17T08:58:54+00:00,3.4891
144813,2026-09-17T09:03:21+00:00,3.5043
144873,2026-09-17T09:06:53+00:00,3.6508
144914,2026-09-17T09:09:32+00:00,3.4910
144957,2026-09-17T09:12:03+00:00,3.4915
144959,2026-09-17T09:12:10+00:00,3.5038
144985,2026-09-17T09:13:42+00:00,3.4961
145039,2026-09-17T09:16:52+00:00,3.4953
145053,2026-09-17T09:17:43+00:00,3.4966
145059,2026-09-17T09:18:04+00:00,3.5027
145072,2026-09-17T09:18:49+00:00,3.4955
145100,2026-09-17T09:20:28+00:00,3.5023
145101,2026-09-17T09:20:31+00:00,3.4951
145104,2026-09-17T09:20:42+00:00,3.4882
145109,2026-09-17T09:20:59+00:00,3.4996
145110,2026-09-17T09:21:03+00:00,3.4919
145135,2026-09-17T09:22:31+00:00,3.4991
145136,2026-09-17T09:22:35+00:00,3.5051
145147,2026-09-17T09:23:29+00:00,3.4947
145169,2026-09-17T09:24:46+00:00,3.4977
145190,2026-09-17T09:26:00+00:00,3.4986
145198,2026-09-17T09:26:28+00:00,3.5081
145241,2026-09-17T09:29:24+00:00,3.5008
145310,2026-09-17T09:33:27+00:00,3.4956
145316,2026-09-17T09:33:48+00:00,3.5014
145348,2026-09-17T09:35:40+00:00,3.5174
145361,2026-09-17T09:36:26+00:00,3.4983
145362,2026-09-17T09:36:30+00:00,3.5011
145392,2026-09-17T09:38:15+00:00,3.5052
145445,2026-09-17T09:41:21+00:00,3.4945
145453,2026-09-17T09:42:14+00:00,3.4892
145462,2026-09-17T09:42:46+00:00,3.5076
145472,2026-09-17T09:43:21+00:00,3.5006
145497,2026-09-17T09:44:49+00:00,3.5414
145529,2026-09-17T09:46:42+00:00,3.5030
145568,2026-09-17T09:48:59+00:00,3.4987
145570,2026-09-17T09:49:06+00:00,3.5007
145604,2026-09-17T09:51:06+00:00,3.4948
145625,2026-09-17T09:52:20+00:00,3.4958
145630,2026-09-17T09:52:38+00:00,3.4970
145631,2026-09-17T09:52:41+00:00,3.4973
145636,2026-09-17T09:52:59+00:00,3.4949
145638,2026-09-17T09:53:06+00:00,3.4986
145649,2026-09-17T09:53:45+00:00,3.5108
145671,2026-09-17T09:55:03+00:00,3.5086
145677,2026-09-17T09:55:24+00:00,3.4971
145678,2026-09-17T09:55:27+00:00,3.5092
145681,2026-09-17T09:55:38+00:00,3.5153
145708,2026-09-17T09:57:52+00:00,39.3188
145790,2026-09-17T10:02:41+00:00,3.4988
145820,2026-09-17T10:04:26+00:00,3.6358
145844,2026-09-17T10:05:51+00:00,3.4907
145882,2026-09-17T10:08:50+00:00,3.5018
145890,2026-09-17T10:09:18+00:00,3.5008
145895,2026-09-17T10:09:35+00:00,3.4889
145922,2026-09-17T10:11:11+00:00,3.4909
145937,2026-09-17T10:12:03+00:00,3.5005
145955,2026-09-17T10:13:30+00:00,3.4955
145956,2026-09-17T10:13:34+00:00,3.4921
145966,2026-09-17T10:14:09+00:00,3.4911
145974,2026-09-17T10:14:37+00:00,3.5023
146008,2026-09-17T10:16:38+00:00,3.4917
146011,2026-09-17T10:16:49+00:00,3.5110
146033,2026-09-17T10:18:06+00:00,3.5036
146060,2026-09-17T10:19:42+00:00,3.5200
146065,2026-09-17T10:19:59+00:00,3.4979
146094,2026-09-17T10:21:42+00:00,3.4972
146135,2026-09-17T10:24:05+00:00,3.5008
146146,2026-09-17T10:24:44+00:00,3.5417
146159,2026-09-17T10:25:30+00:00,3.4962
146207,2026-09-17T10:28:53+00:00,3.4862
146250,2026-09-17T10:31:25+00:00,3.5138
146259,2026-09-17T10:31:56+00:00,3.4999
146283,2026-09-17T10:33:21+00:00,3.4939
146302,2026-09-17T10:34:28+00:00,3.4984
146339,2026-09-17T10:36:38+00:00,3.5059
146343,2026-09-17T10:36:52+00:00,3.5009
146381,2026-09-17T10:39:06+00:00,3.4939
146394,2026-09-17T10:39:52+00:00,3.5025
146494,2026-09-17T10:46:03+00:00,3.5007
146566,2026-09-17T10:50:17+00:00,3.4942
146577,2026-09-17T10:50:55+00:00,3.5064
146610,2026-09-17T10:52:52+00:00,3.4959
146620,2026-09-17T10:53:27+00:00,3.4926
146644,2026-09-17T10:54:52+00:00,3.4945
146676,2026-09-17T10:56:45+00:00,3.5051
146678,2026-09-17T10:56:52+00:00,3.4940
146706,2026-09-17T10:58:43+00:00,3.5213
146720,2026-09-17T10:59:32+00:00,3.4992
146790,2026-09-17T11:03:39+00:00,3.4961
146844,2026-09-17T11:06:50+00:00,3.4997
146849,2026-09-17T11:07:07+00:00,3.4952
146853,2026-09-17T11:07:21+00:00,3.4937
146855,2026-09-17T11:07:28+00:00,3.4954
146857,2026-09-17T11:07:35+00:00,3.4983
146918,2026-09-17T11:11:11+00:00,3.5000
146922,2026-09-17T11:11:25+00:00,3.4970
146926,2026-09-17T11:11:39+00:00,3.4981
146946,2026-09-17T11:12:49+00:00,3.4930
146967,2026-09-17T11:14:28+00:00,3.4898
147001,2026-09-17T11:16:28+00:00,3.4946
147034,2026-09-17T11:18:24+00:00,3.7465
147035,2026-09-17T11:18:28+00:00,3.5757
147036,2026-09-17T11:18:31+00:00,3.5006
147065,2026-09-17T11:20:14+00:00,3.4972
147083,2026-09-17T11:21:17+00:00,3.4994
147085,2026-09-17T11:21:24+00:00,3.4980
147093,2026-09-17T11:21:52+00:00,3.4926
147106,2026-09-17T11:22:38+00:00,3.4977
147161,2026-09-17T11:25:52+00:00,3.5026
147180,2026-09-17T11:26:59+00:00,3.5058
147185,2026-09-17T11:27:16+00:00,3.4996
147197,2026-09-17T11:27:58+00:00,3.4964
147235,2026-09-17T11:30:30+00:00,3.4914
147246,2026-09-17T11:31:09+00:00,3.4967
147319,2026-09-17T11:35:26+00:00,3.4941
147329,2026-09-17T11:36:01+00:00,3.4938
147342,2026-09-17T11:36:47+00:00,3.5055
147348,2026-09-17T11:37:08+00:00,3.4994
147355,2026-09-17T11:37:33+00:00,3.5033
147381,2026-09-17T11:39:04+00:00,3.5011
147393,2026-09-17T11:39:47+00:00,3.4953
147403,2026-09-17T11:40:22+00:00,3.4993
147424,2026-09-17T11:41:36+00:00,3.4906
147473,2026-09-17T11:45:32+00:00,3.4896
147511,2026-09-17T11:47:46+00:00,3.5018
147542,2026-09-17T11:49:35+00:00,3.4998
147580,2026-09-17T11:51:50+00:00,3.4875
147590,2026-09-17T11:52:25+00:00,3.4945
147622,2026-09-17T11:54:18+00:00,3.5010
147652,2026-09-17T11:56:03+00:00,3.5035
147655,2026-09-17T11:56:14+00:00,3.4953
147660,2026-09-17T11:56:32+00:00,3.4904
147676,2026-09-17T11:57:28+00:00,3.9331
147708,2026-09-17T11:59:53+00:00,3.4987
147718,2026-09-17T12:00:28+00:00,3.4955
147724,2026-09-17T12:00:49+00:00,3.5175
147747,2026-09-17T12:02:10+00:00,3.5009
147750,2026-09-17T12:02:21+00:00,3.4955
147758,2026-09-17T12:02:49+00:00,3.4947
147814,2026-09-17T12:06:06+00:00,3.5021
147838,2026-09-17T12:07:31+00:00,3.5001
147882,2026-09-17T12:10:06+00:00,3.4966
147888,2026-09-17T12:10:27+00:00,3.5038
147932,2026-09-17T12:13:02+00:00,3.4933
147938,2026-09-17T12:13:23+00:00,3.4927
147953,2026-09-17T12:14:38+00:00,3.5043
148004,2026-09-17T12:18:23+00:00,3.4904
148035,2026-09-17T12:20:12+00:00,3.4989
148053,2026-09-17T12:21:15+00:00,3.4993
148073,2026-09-17T12:22:25+00:00,3.5013
148076,2026-09-17T12:22:36+00:00,3.4996
148092,2026-09-17T12:23:32+00:00,3.5026
148098,2026-09-17T12:23:53+00:00,3.5017
148113,2026-09-17T12:24:46+00:00,3.5098
148115,2026-09-17T12:24:53+00:00,3.4947
148129,2026-09-17T12:25:42+00:00,3.5361
148133,2026-09-17T12:25:56+00:00,3.4909
148141,2026-09-17T12:26:25+00:00,3.4914
148145,2026-09-17T12:26:39+00:00,3.4961
148150,2026-09-17T12:26:56+00:00,3.5012
148172,2026-09-17T12:28:14+00:00,3.5054
148193,2026-09-17T12:29:55+00:00,3.5005
148202,2026-09-17T12:30:27+00:00,3.5143
148229,2026-09-17T12:32:02+00:00,3.4975
148233,2026-09-17T12:32:16+00:00,3.4933
148258,2026-09-17T12:33:44+00:00,3.5722
148260,2026-09-17T12:33:51+00:00,3.5033
148268,2026-09-17T12:34:20+00:00,3.5098
148283,2026-09-17T12:35:13+00:00,3.5046
148404,2026-09-17T12:42:18+00:00,3.5104
148414,2026-09-17T12:42:53+00:00,3.5027
148423,2026-09-17T12:43:25+00:00,3.4997
148455,2026-09-17T12:45:47+00:00,5.7975
148516,2026-09-17T12:49:22+00:00,3.5028
148522,2026-09-17T12:49:43+00:00,3.5040
148559,2026-09-17T12:51:54+00:00,3.4990
148592,2026-09-17T12:53:51+00:00,3.4944
148716,2026-09-17T13:01:22+00:00,3.4925
148727,2026-09-17T13:02:00+00:00,3.4943
148748,2026-09-17T13:03:14+00:00,3.7377
148754,2026-09-17T13:03:36+00:00,3.5106
148755,2026-09-17T13:03:39+00:00,3.4959
148757,2026-09-17T13:03:46+00:00,3.5027
148782,2026-09-17T13:05:14+00:00,3.5036
148791,2026-09-17T13:05:46+00:00,3.5059
148804,2026-09-17T13:06:31+00:00,3.4931
148823,2026-09-17T13:07:39+00:00,3.5182
148825,2026-09-17T13:07:46+00:00,3.5077
148826,2026-09-17T13:07:49+00:00,3.5007
148836,2026-09-17T13:08:24+00:00,3.4931
148851,2026-09-17T13:09:17+00:00,3.4929
148873,2026-09-17T13:10:36+00:00,3.4944
148874,2026-09-17T13:10:39+00:00,3.4953
148884,2026-09-17T13:11:14+00:00,3.4949
148920,2026-09-17T13:13:21+00:00,3.4995
148934,2026-09-17T13:14:10+00:00,3.5055
148981,2026-09-17T13:17:23+00:00,3.4986
148991,2026-09-17T13:17:59+00:00,3.4891
149020,2026-09-17T13:19:42+00:00,3.8749
149061,2026-09-17T13:22:06+00:00,3.5008
149081,2026-09-17T13:23:16+00:00,3.5092
149140,2026-09-17T13:26:44+00:00,3.5028
149156,2026-09-17T13:27:40+00:00,3.4996
149195,2026-09-17T13:29:59+00:00,3.5668
149221,2026-09-17T13:32:02+00:00,3.6856
149266,2026-09-17T13:34:41+00:00,3.5136
149286,2026-09-17T13:35:51+00:00,3.4932
149308,2026-09-17T13:37:08+00:00,3.4914
149325,2026-09-17T13:38:08+00:00,3.5028
149359,2026-09-17T13:40:08+00:00,3.5011
149364,2026-09-17T13:40:26+00:00,3.4979
149395,2026-09-17T13:42:16+00:00,3.4936
149442,2026-09-17T13:45:01+00:00,3.4944
149495,2026-09-17T13:48:49+00:00,3.4982
149513,2026-09-17T13:49:52+00:00,3.5063
149538,2026-09-17T13:51:21+00:00,3.5479
149548,2026-09-17T13:51:56+00:00,3.4972
149579,2026-09-17T13:53:45+00:00,3.5075
149591,2026-09-17T13:54:28+00:00,3.4864
149604,2026-09-17T13:55:14+00:00,3.4935
149661,2026-09-17T13:58:34+00:00,3.4950
149682,2026-09-17T13:59:48+00:00,3.5040
149686,2026-09-17T14:00:02+00:00,3.4963
149693,2026-09-17T14:00:29+00:00,3.5040
149708,2026-09-17T14:01:22+00:00,3.4991
149720,2026-09-17T14:02:36+00:00,3.5025
149754,2026-09-17T14:04:38+00:00,3.5040
149756,2026-09-17T14:04:45+00:00,3.4963
149818,2026-09-17T14:08:24+00:00,3.4964
149833,2026-09-17T14:09:17+00:00,3.5027
149847,2026-09-17T14:10:06+00:00,3.4990
149860,2026-09-17T14:10:52+00:00,3.5053
149908,2026-09-17T14:13:41+00:00,3.5050
149915,2026-09-17T14:14:06+00:00,3.5018
149928,2026-09-17T14:14:51+00:00,3.4999
149930,2026-09-17T14:14:58+00:00,3.5024
149941,2026-09-17T14:15:37+00:00,3.4980
149944,2026-09-17T14:15:48+00:00,3.4990
149959,2026-09-17T14:16:41+00:00,3.5051
149972,2026-09-17T14:18:21+00:00,3.5084
150005,2026-09-17T14:20:19+00:00,3.5003
150020,2026-09-17T14:21:11+00:00,3.4903
150032,2026-09-17T14:21:54+00:00,3.4920
150048,2026-09-17T14:22:50+00:00,3.4986
150053,2026-09-17T14:23:08+00:00,3.4970
150054,2026-09-17T14:23:11+00:00,3.5077
150078,2026-09-17T14:24:36+00:00,3.5006
150119,2026-09-17T14:27:44+00:00,3.5069
150131,2026-09-17T14:28:26+00:00,3.5050
150143,2026-09-17T14:29:08+00:00,3.5006
150153,2026-09-17T14:29:44+00:00,3.4979
150173,2026-09-17T14:30:54+00:00,3.4953
150216,2026-09-17T14:33:56+00:00,3.4998
150300,2026-09-17T14:38:52+00:00,3.4925
150315,2026-09-17T14:39:45+00:00,3.5020
150333,2026-09-17T14:40:49+00:00,4.3107
150345,2026-09-17T14:41:31+00:00,3.4968
150358,2026-09-17T14:42:18+00:00,3.5068
150387,2026-09-17T14:44:00+00:00,3.7761
150406,2026-09-17T14:45:06+00:00,3.5079
150410,2026-09-17T14:45:20+00:00,3.4883
150422,2026-09-17T14:46:03+00:00,3.8602
150423,2026-09-17T14:46:06+00:00,3.4904
150447,2026-09-17T14:47:31+00:00,3.5038
150487,2026-09-17T14:50:31+00:00,3.4953
150499,2026-09-17T14:51:13+00:00,3.4926
150527,2026-09-17T14:52:52+00:00,3.4869
150538,2026-09-17T14:53:31+00:00,3.4927
150545,2026-09-17T14:53:56+00:00,3.4992
150570,2026-09-17T14:55:24+00:00,3.5023
150605,2026-09-17T14:57:27+00:00,3.4878
150607,2026-09-17T14:57:34+00:00,3.4974
150619,2026-09-17T14:58:16+00:00,3.5100
150664,2026-09-17T15:00:56+00:00,3.4951
150683,2026-09-17T15:02:03+00:00,3.4929
150693,2026-09-17T15:02:38+00:00,3.4976
150694,2026-09-17T15:02:42+00:00,3.5138
150696,2026-09-17T15:02:49+00:00,3.5037
150717,2026-09-17T15:04:03+00:00,3.5024
150721,2026-09-17T15:04:17+00:00,3.4968
150739,2026-09-17T15:05:42+00:00,3.5032
150747,2026-09-17T15:06:10+00:00,3.5029
150763,2026-09-17T15:07:06+00:00,3.4933
150817,2026-09-17T15:10:16+00:00,3.5010
150824,2026-09-17T15:10:40+00:00,3.5057
150859,2026-09-17T15:12:44+00:00,3.4982
150877,2026-09-17T15:13:48+00:00,3.4967
150880,2026-09-17T15:13:58+00:00,3.4907
150883,2026-09-17T15:14:09+00:00,3.5002
150901,2026-09-17T15:15:12+00:00,3.5006
150920,2026-09-17T15:16:19+00:00,3.5124
150948,2026-09-17T15:17:58+00:00,3.5013
150991,2026-09-17T15:20:58+00:00,3.4961
150997,2026-09-17T15:21:19+00:00,3.4949
151002,2026-09-17T15:21:37+00:00,3.5131
151027,2026-09-17T15:23:06+00:00,4.3006
151030,2026-09-17T15:23:16+00:00,3.4985
151047,2026-09-17T15:24:16+00:00,3.5295
151053,2026-09-17T15:24:37+00:00,3.4964
151055,2026-09-17T15:24:44+00:00,3.5022
151056,2026-09-17T15:24:48+00:00,3.5065
151094,2026-09-17T15:27:01+00:00,3.5134
151127,2026-09-17T15:28:58+00:00,3.4987
151168,2026-09-17T15:31:22+00:00,3.5015
151171,2026-09-17T15:31:33+00:00,3.4914
151223,2026-09-17T15:34:36+00:00,3.4958
151224,2026-09-17T15:34:40+00:00,3.5078
151263,2026-09-17T15:37:25+00:00,3.5004
151306,2026-09-17T15:39:57+00:00,3.4990
151376,2026-09-17T15:44:03+00:00,3.4926
151392,2026-09-17T15:44:59+00:00,3.5000
151401,2026-09-17T15:45:31+00:00,3.4951
151424,2026-09-17T15:46:52+00:00,3.4874
151439,2026-09-17T15:47:45+00:00,3.5302
151472,2026-09-17T15:49:41+00:00,3.4980
151478,2026-09-17T15:50:03+00:00,3.4942
151480,2026-09-17T15:50:10+00:00,3.5092
151482,2026-09-17T15:50:17+00:00,3.5028
151494,2026-09-17T15:51:26+00:00,3.5034
151496,2026-09-17T15:51:33+00:00,3.4997
151522,2026-09-17T15:53:05+00:00,3.5011
151523,2026-09-17T15:53:08+00:00,3.4957
151558,2026-09-17T15:55:12+00:00,3.4970
151570,2026-09-17T15:55:54+00:00,3.4998
151620,2026-09-17T15:58:50+00:00,3.4902
151711,2026-09-17T16:04:10+00:00,3.4933
151739,2026-09-17T16:05:48+00:00,3.4987
151773,2026-09-17T16:08:27+00:00,3.4916
151776,2026-09-17T16:08:38+00:00,3.4974
151796,2026-09-17T16:09:48+00:00,3.5081
151833,2026-09-17T16:11:59+00:00,3.5004
151863,2026-09-17T16:13:45+00:00,3.5154
151882,2026-09-17T16:14:51+00:00,3.4915
151914,2026-09-17T16:16:44+00:00,3.4917
151979,2026-09-17T16:20:32+00:00,3.4995
151987,2026-09-17T16:21:01+00:00,3.5010
151999,2026-09-17T16:22:10+00:00,3.5211
152084,2026-09-17T16:27:11+00:00,4.1012
152127,2026-09-17T16:29:43+00:00,3.4985
152174,2026-09-17T16:32:28+00:00,3.4957
152189,2026-09-17T16:33:21+00:00,3.4983
152250,2026-09-17T16:38:22+00:00,3.5036
152263,2026-09-17T16:39:07+00:00,3.4969
152271,2026-09-17T16:39:35+00:00,3.5003
152312,2026-09-17T16:42:00+00:00,3.5000
152347,2026-09-17T16:44:04+00:00,3.5004
152351,2026-09-17T16:44:18+00:00,3.4958
152352,2026-09-17T16:44:22+00:00,3.4920
152355,2026-09-17T16:44:32+00:00,3.4895
152387,2026-09-17T16:46:26+00:00,3.5030
152395,2026-09-17T16:46:54+00:00,3.4954
152398,2026-09-17T16:47:04+00:00,3.5133
152407,2026-09-17T16:47:37+00:00,3.5074
152425,2026-09-17T16:48:40+00:00,3.5165
152434,2026-09-17T16:49:12+00:00,3.5016
152438,2026-09-17T16:49:26+00:00,3.4924
152467,2026-09-17T16:51:08+00:00,3.5125
152501,2026-09-17T16:53:37+00:00,3.9431
152513,2026-09-17T16:54:19+00:00,3.4967
152549,2026-09-17T16:56:26+00:00,3.4946
152583,2026-09-17T16:58:25+00:00,3.5026
152584,2026-09-17T16:58:29+00:00,3.4917
152596,2026-09-17T16:59:11+00:00,3.4979
152630,2026-09-17T17:01:11+00:00,3.5053
152653,2026-09-17T17:02:32+00:00,3.4984
152677,2026-09-17T17:03:57+00:00,3.5029
152680,2026-09-17T17:04:07+00:00,3.4982
152693,2026-09-17T17:04:53+00:00,3.4996
152709,2026-09-17T17:05:49+00:00,3.4936
152775,2026-09-17T17:10:06+00:00,3.4952
152778,2026-09-17T17:10:17+00:00,3.4953
152781,2026-09-17T17:10:27+00:00,3.4973
152818,2026-09-17T17:12:38+00:00,3.5001
152823,2026-09-17T17:12:55+00:00,3.5041
152850,2026-09-17T17:14:30+00:00,3.5010
152901,2026-09-17T17:17:30+00:00,3.5003
152915,2026-09-17T17:18:19+00:00,3.5024
152961,2026-09-17T17:21:02+00:00,3.5047
152991,2026-09-17T17:22:48+00:00,3.5006
153011,2026-09-17T17:24:08+00:00,3.5018
153026,2026-09-17T17:25:01+00:00,3.5175
153077,2026-09-17T17:28:01+00:00,3.4993
153087,2026-09-17T17:28:36+00:00,3.4954
153099,2026-09-17T17:29:19+00:00,3.4955
153132,2026-09-17T17:31:15+00:00,3.4917
153136,2026-09-17T17:31:29+00:00,3.4934
153144,2026-09-17T17:31:58+00:00,3.4977
153176,2026-09-17T17:33:50+00:00,3.4965
153211,2026-09-17T17:35:54+00:00,3.4949
153237,2026-09-17T17:37:26+00:00,3.5108
153241,2026-09-17T17:37:40+00:00,3.5086
153243,2026-09-17T17:37:47+00:00,3.4962
153252,2026-09-17T17:38:19+00:00,3.4904
153262,2026-09-17T17:38:54+00:00,3.5224
153303,2026-09-17T17:42:03+00:00,3.4941
153307,2026-09-17T17:42:17+00:00,3.4988
153319,2026-09-17T17:42:59+00:00,3.4930
153351,2026-09-17T17:44:52+00:00,3.4893
153357,2026-09-17T17:45:13+00:00,3.5020
153380,2026-09-17T17:46:35+00:00,3.4910
153438,2026-09-17T17:49:59+00:00,3.4924
153488,2026-09-17T17:52:55+00:00,3.4977
153525,2026-09-17T17:55:27+00:00,3.4940
153530,2026-09-17T17:55:45+00:00,3.4963
153584,2026-09-17T17:58:56+00:00,3.5011
153614,2026-09-17T18:00:41+00:00,3.5032
153648,2026-09-17T18:02:41+00:00,3.5216
153652,2026-09-17T18:02:55+00:00,3.5025
153663,2026-09-17T18:03:34+00:00,3.4915
153674,2026-09-17T18:04:13+00:00,3.5041
153721,2026-09-17T18:06:58+00:00,3.4947
153726,2026-09-17T18:07:16+00:00,3.4970
153760,2026-09-17T18:09:17+00:00,3.4981
153761,2026-09-17T18:09:20+00:00,3.5046
153777,2026-09-17T18:10:32+00:00,3.5032
153781,2026-09-17T18:10:46+00:00,3.4939
153854,2026-09-17T18:15:04+00:00,3.4899
153855,2026-09-17T18:15:08+00:00,3.5068
153892,2026-09-17T18:17:18+00:00,3.4915
153893,2026-09-17T18:17:22+00:00,3.5002
153905,2026-09-17T18:18:04+00:00,3.5094
153922,2026-09-17T18:19:04+00:00,3.4983
153926,2026-09-17T18:19:18+00:00,3.4979
153939,2026-09-17T18:20:04+00:00,3.4963
153978,2026-09-17T18:22:23+00:00,3.4972
154023,2026-09-17T18:25:01+00:00,3.4919
154032,2026-09-17T18:25:52+00:00,3.4915
154038,2026-09-17T18:26:15+00:00,3.4954
154051,2026-09-17T18:27:01+00:00,3.4953
154091,2026-09-17T18:29:22+00:00,3.4986
154111,2026-09-17T18:30:32+00:00,3.4940
154138,2026-09-17T18:32:07+00:00,3.4993
154163,2026-09-17T18:33:35+00:00,3.4955
154191,2026-09-17T18:35:14+00:00,3.4936
154201,2026-09-17T18:35:50+00:00,3.5126
154206,2026-09-17T18:36:07+00:00,3.4907
154227,2026-09-17T18:37:21+00:00,3.5012
154279,2026-09-17T18:40:24+00:00,3.5025
154280,2026-09-17T18:40:28+00:00,3.5122
154317,2026-09-17T18:43:46+00:00,3.5080
154345,2026-09-17T18:46:09+00:00,3.4847
154358,2026-09-17T18:46:56+00:00,3.4963
154398,2026-09-17T18:49:16+00:00,3.4953
154404,2026-09-17T18:49:37+00:00,3.5013
154448,2026-09-17T18:52:12+00:00,3.4987
154466,2026-09-17T18:53:16+00:00,3.5033
154522,2026-09-17T18:56:33+00:00,3.4982
154570,2026-09-17T19:00:18+00:00,3.4950
154609,2026-09-17T19:02:35+00:00,3.5033
154620,2026-09-17T19:03:14+00:00,3.4925
154703,2026-09-17T19:08:07+00:00,3.4965
154718,2026-09-17T19:08:59+00:00,3.5016
154740,2026-09-17T19:10:17+00:00,3.5036
154759,2026-09-17T19:11:24+00:00,3.4998
154774,2026-09-17T19:12:16+00:00,3.4903
154775,2026-09-17T19:12:20+00:00,3.4950
154799,2026-09-17T19:14:25+00:00,3.4956
154807,2026-09-17T19:14:54+00:00,3.4877
154812,2026-09-17T19:15:11+00:00,3.4962
154823,2026-09-17T19:15:50+00:00,3.5041
154882,2026-09-17T19:19:20+00:00,3.4961
154921,2026-09-17T19:21:38+00:00,3.4999
154944,2026-09-17T19:22:58+00:00,3.5133
154958,2026-09-17T19:23:47+00:00,3.4995
154982,2026-09-17T19:25:12+00:00,3.4888
154990,2026-09-17T19:25:40+00:00,3.5311
155087,2026-09-17T19:32:01+00:00,3.4982
155098,2026-09-17T19:32:40+00:00,3.4961
155130,2026-09-17T19:34:32+00:00,3.5038
155155,2026-09-17T19:36:00+00:00,3.5010
155211,2026-09-17T19:39:21+00:00,3.4988
155216,2026-09-17T19:39:38+00:00,3.4974
155231,2026-09-17T19:40:31+00:00,3.4928
155317,2026-09-17T19:46:05+00:00,3.4993
155319,2026-09-17T19:46:12+00:00,3.5042
155351,2026-09-17T19:48:05+00:00,3.5012
155390,2026-09-17T19:50:22+00:00,3.4988
155414,2026-09-17T19:51:46+00:00,3.5038
155437,2026-09-17T19:53:07+00:00,3.4996
155468,2026-09-17T19:54:56+00:00,3.4976
155488,2026-09-17T19:56:06+00:00,3.4925
155526,2026-09-17T19:58:20+00:00,3.5016
155533,2026-09-17T19:58:45+00:00,3.4876
155558,2026-09-17T20:00:37+00:00,3.4938
155576,2026-09-17T20:01:40+00:00,3.5006
155594,2026-09-17T20:02:44+00:00,3.5159
155645,2026-09-17T20:05:43+00:00,3.5122
155652,2026-09-17T20:06:08+00:00,3.4875
155667,2026-09-17T20:07:01+00:00,3.4912
155683,2026-09-17T20:07:57+00:00,3.5013
155691,2026-09-17T20:08:25+00:00,3.4990
155734,2026-09-17T20:10:56+00:00,3.4969
155759,2026-09-17T20:12:24+00:00,3.4845
155762,2026-09-17T20:12:35+00:00,3.5031
155788,2026-09-17T20:14:06+00:00,3.4934
155804,2026-09-17T20:15:29+00:00,3.4980
155823,2026-09-17T20:16:36+00:00,3.4879
155840,2026-09-17T20:17:35+00:00,3.5024
155852,2026-09-17T20:18:17+00:00,3.4996
155887,2026-09-17T20:20:20+00:00,3.4957
155908,2026-09-17T20:21:34+00:00,3.4997
155934,2026-09-17T20:23:06+00:00,3.4876
155943,2026-09-17T20:23:37+00:00,3.4928
155967,2026-09-17T20:25:02+00:00,3.4993
155969,2026-09-17T20:25:09+00:00,3.5131
155971,2026-09-17T20:25:16+00:00,3.5047
155973,2026-09-17T20:25:23+00:00,3.5681
156000,2026-09-17T20:26:58+00:00,3.5012
156017,2026-09-17T20:27:58+00:00,3.5071
156040,2026-09-17T20:29:18+00:00,3.4963
156045,2026-09-17T20:29:36+00:00,3.5102
156104,2026-09-17T20:33:16+00:00,3.4940
156153,2026-09-17T20:36:11+00:00,3.4953
156166,2026-09-17T20:36:56+00:00,3.4917
156170,2026-09-17T20:37:10+00:00,3.5074
156176,2026-09-17T20:37:31+00:00,3.4928
156177,2026-09-17T20:37:35+00:00,3.4964
156266,2026-09-17T20:42:48+00:00,3.5210
156277,2026-09-17T20:43:27+00:00,3.5238
156292,2026-09-17T20:44:21+00:00,3.5099
156305,2026-09-17T20:45:06+00:00,3.5010
156312,2026-09-17T20:45:38+00:00,3.4939
156349,2026-09-17T20:47:54+00:00,3.5267
156364,2026-09-17T20:48:46+00:00,3.4949
156380,2026-09-17T20:49:43+00:00,3.5111
156385,2026-09-17T20:50:01+00:00,3.5309
156407,2026-09-17T20:51:18+00:00,3.4994
156411,2026-09-17T20:51:32+00:00,3.5040
156424,2026-09-17T20:52:18+00:00,3.5009
156427,2026-09-17T20:52:29+00:00,3.4882
156492,2026-09-17T20:57:02+00:00,3.4971
156513,2026-09-17T20:58:17+00:00,3.6018
156558,2026-09-17T21:01:12+00:00,3.5006
156563,2026-09-17T21:01:30+00:00,3.4918
156594,2026-09-17T21:03:20+00:00,3.5175
156715,2026-09-17T21:10:26+00:00,3.4986
156793,2026-09-17T21:15:00+00:00,3.4889
156843,2026-09-17T21:18:08+00:00,3.5039
156874,2026-09-17T21:19:56+00:00,3.4942
156877,2026-09-17T21:20:07+00:00,3.5030
156914,2026-09-17T21:22:17+00:00,3.5196
156930,2026-09-17T21:23:13+00:00,3.5051
156972,2026-09-17T21:25:41+00:00,3.5012
157004,2026-09-17T21:27:34+00:00,3.4947
157014,2026-09-17T21:28:09+00:00,3.4952
157025,2026-09-17T21:28:47+00:00,3.4976
157102,2026-09-17T21:33:29+00:00,3.4928
157128,2026-09-17T21:35:00+00:00,3.4967
157131,2026-09-17T21:35:11+00:00,3.4941
157172,2026-09-17T21:37:35+00:00,3.4991
157193,2026-09-17T21:38:49+00:00,3.4980
157204,2026-09-17T21:39:28+00:00,3.4904
157211,2026-09-17T21:39:53+00:00,3.5046
157233,2026-09-17T21:41:10+00:00,3.5020
157270,2026-09-17T21:43:21+00:00,3.5020
157287,2026-09-17T21:44:21+00:00,3.4944
157289,2026-09-17T21:44:28+00:00,3.4934
157369,2026-09-17T21:49:27+00:00,3.4967
157381,2026-09-17T21:50:09+00:00,3.5038
157403,2026-09-17T21:51:27+00:00,3.4941
157409,2026-09-17T21:51:48+00:00,3.4938
157411,2026-09-17T21:51:55+00:00,3.4981
157433,2026-09-17T21:53:14+00:00,3.5074
157455,2026-09-17T21:54:32+00:00,3.4926
157465,2026-09-17T21:55:07+00:00,3.4914
157471,2026-09-17T21:55:28+00:00,3.5069
157495,2026-09-17T21:56:53+00:00,3.4952
157565,2026-09-17T22:01:15+00:00,3.4972
157610,2026-09-17T22:04:04+00:00,3.5021
157657,2026-09-17T22:06:49+00:00,3.4977
157658,2026-09-17T22:06:53+00:00,3.4989
157661,2026-09-17T22:07:03+00:00,3.4970
157695,2026-09-17T22:09:03+00:00,3.4889
157717,2026-09-17T22:10:20+00:00,3.5001
157726,2026-09-17T22:10:52+00:00,3.5033
157747,2026-09-17T22:12:06+00:00,3.4996
157752,2026-09-17T22:12:23+00:00,3.4994
157804,2026-09-17T22:15:26+00:00,3.5016
157836,2026-09-17T22:17:33+00:00,3.4988
157856,2026-09-17T22:18:44+00:00,3.4911
157892,2026-09-17T22:20:51+00:00,3.4940
157897,2026-09-17T22:21:09+00:00,3.5074
157962,2026-09-17T22:24:57+00:00,3.5045
157968,2026-09-17T22:25:19+00:00,3.4960
157996,2026-09-17T22:26:57+00:00,3.5094
158020,2026-09-17T22:28:22+00:00,3.5054
158041,2026-09-17T22:29:37+00:00,3.5187
158077,2026-09-17T22:31:58+00:00,3.5414
158091,2026-09-17T22:32:47+00:00,3.5790
158114,2026-09-17T22:34:09+00:00,3.5180
158148,2026-09-17T22:36:12+00:00,3.6893
158294,2026-09-17T22:44:49+00:00,3.4953
158326,2026-09-17T22:46:48+00:00,3.5254
158355,2026-09-17T22:48:31+00:00,3.5435
158399,2026-09-17T22:51:08+00:00,3.5515
158405,2026-09-17T22:51:30+00:00,3.6803
158431,2026-09-17T22:53:03+00:00,3.4969
158455,2026-09-17T22:54:27+00:00,3.4948
158460,2026-09-17T22:54:44+00:00,3.4938
158500,2026-09-17T22:57:05+00:00,3.5087
158538,2026-09-17T22:59:19+00:00,3.4907
158553,2026-09-17T23:00:57+00:00,3.4965
158566,2026-09-17T23:01:46+00:00,3.5013
158593,2026-09-17T23:03:24+00:00,3.4898
158622,2026-09-17T23:05:06+00:00,3.5066
158631,2026-09-17T23:05:38+00:00,3.5043
158662,2026-09-17T23:07:27+00:00,3.5063
158682,2026-09-17T23:08:38+00:00,3.4994
158691,2026-09-17T23:09:09+00:00,3.5026
158696,2026-09-17T23:09:27+00:00,3.5155
158748,2026-09-17T23:12:31+00:00,3.5000
158750,2026-09-17T23:12:38+00:00,3.4985
158753,2026-09-17T23:12:49+00:00,3.4951
158763,2026-09-17T23:13:24+00:00,3.5151
158776,2026-09-17T23:14:10+00:00,3.5002
158796,2026-09-17T23:15:20+00:00,3.5065
158841,2026-09-17T23:18:08+00:00,3.5187
158846,2026-09-17T23:18:26+00:00,3.4925
158859,2026-09-17T23:19:11+00:00,3.4965
158867,2026-09-17T23:19:40+00:00,3.5050
158919,2026-09-17T23:22:42+00:00,3.5031
159018,2026-09-17T23:28:31+00:00,3.5000
159047,2026-09-17T23:30:12+00:00,3.4973
159057,2026-09-17T23:30:48+00:00,3.4982
159072,2026-09-17T23:31:40+00:00,3.5123
159133,2026-09-17T23:36:01+00:00,3.5026
159139,2026-09-17T23:36:22+00:00,3.5014
159160,2026-09-17T23:37:37+00:00,3.5014
159243,2026-09-17T23:42:30+00:00,3.4964
159244,2026-09-17T23:42:33+00:00,3.4992
159263,2026-09-17T23:43:40+00:00,3.5187
159268,2026-09-17T23:43:58+00:00,3.5061
159341,2026-09-17T23:48:31+00:00,3.5024
159386,2026-09-17T23:51:10+00:00,3.4974
159412,2026-09-17T23:52:42+00:00,3.5111
159479,2026-09-17T23:56:37+00:00,3.5055
159494,2026-09-17T23:57:30+00:00,3.5075
159527,2026-09-17T23:59:26+00:00,3.5050
159548,2026-09-18T00:00:40+00:00,3.5207
159594,2026-09-18T00:03:31+00:00,3.5011
159601,2026-09-18T00:03:56+00:00,3.5411
159618,2026-09-18T00:04:56+00:00,3.4954
159639,2026-09-18T00:06:10+00:00,3.4981
159644,2026-09-18T00:06:28+00:00,3.5014
159660,2026-09-18T00:07:24+00:00,3.5886
159679,2026-09-18T00:08:31+00:00,3.4924
159691,2026-09-18T00:09:13+00:00,3.5024
159705,2026-09-18T00:10:03+00:00,3.4979
159707,2026-09-18T00:10:11+00:00,3.5138
159716,2026-09-18T00:10:42+00:00,3.5075
159717,2026-09-18T00:10:46+00:00,3.4940
159793,2026-09-18T00:15:46+00:00,3.5166
159878,2026-09-18T00:20:47+00:00,3.4944
159907,2026-09-18T00:22:29+00:00,3.5061
159976,2026-09-18T00:26:48+00:00,3.5029
160000,2026-09-18T00:28:12+00:00,3.4985
160065,2026-09-18T00:32:01+00:00,3.4990
160077,2026-09-18T00:32:43+00:00,3.5077
160102,2026-09-18T00:34:12+00:00,3.5524
160130,2026-09-18T00:35:50+00:00,3.5446
160135,2026-09-18T00:36:08+00:00,3.5226
160147,2026-09-18T00:36:50+00:00,3.5100
160214,2026-09-18T00:40:50+00:00,3.5775
160215,2026-09-18T00:40:53+00:00,3.5364
160225,2026-09-18T00:41:44+00:00,3.5341
160234,2026-09-18T00:42:16+00:00,3.5607
160258,2026-09-18T00:43:44+00:00,3.6126
160286,2026-09-18T00:45:30+00:00,3.7158
160317,2026-09-18T00:47:31+00:00,3.9361
160334,2026-09-18T00:48:36+00:00,3.7854
160355,2026-09-18T00:49:58+00:00,3.7529
160356,2026-09-18T00:50:01+00:00,3.8304
160379,2026-09-18T00:51:28+00:00,3.6441
160446,2026-09-18T00:55:43+00:00,4.0131
160447,2026-09-18T00:55:47+00:00,4.0502
160459,2026-09-18T00:56:40+00:00,3.8561
160468,2026-09-18T00:57:16+00:00,3.6923
160477,2026-09-18T00:57:50+00:00,3.6574
160504,2026-09-18T00:59:28+00:00,3.5697
160548,2026-09-18T01:02:04+00:00,3.5555
160553,2026-09-18T01:02:22+00:00,3.5956
160568,2026-09-18T01:03:18+00:00,3.5047
160617,2026-09-18T01:06:13+00:00,3.5117
160631,2026-09-18T01:07:03+00:00,3.5963
160649,2026-09-18T01:08:07+00:00,3.5114
160652,2026-09-18T01:08:18+00:00,3.5867
160685,2026-09-18T01:11:05+00:00,3.5041
160708,2026-09-18T01:12:52+00:00,3.5072
160741,2026-09-18T01:14:48+00:00,3.5198
160755,2026-09-18T01:15:38+00:00,3.5095
160762,2026-09-18T01:16:02+00:00,3.4949
160780,2026-09-18T01:17:06+00:00,3.4948
160802,2026-09-18T01:18:24+00:00,3.5093
160853,2026-09-18T01:21:24+00:00,3.5190
160864,2026-09-18T01:22:04+00:00,3.4949
160871,2026-09-18T01:22:28+00:00,3.4919
160938,2026-09-18T01:26:25+00:00,3.4955
160997,2026-09-18T01:29:57+00:00,3.5392
161024,2026-09-18T01:31:33+00:00,3.5042
161026,2026-09-18T01:31:40+00:00,3.5030
161054,2026-09-18T01:33:20+00:00,3.5064
161086,2026-09-18T01:35:12+00:00,3.5005
161098,2026-09-18T01:35:55+00:00,3.4965
161122,2026-09-18T01:37:19+00:00,3.5008
161128,2026-09-18T01:37:40+00:00,3.4990
161134,2026-09-18T01:38:02+00:00,3.5039
161178,2026-09-18T01:40:38+00:00,3.5107
161182,2026-09-18T01:40:52+00:00,3.5057
161188,2026-09-18T01:41:13+00:00,3.5260
161233,2026-09-18T01:44:01+00:00,3.5012
161259,2026-09-18T01:45:33+00:00,3.4934
161262,2026-09-18T01:45:44+00:00,3.5097
161280,2026-09-18T01:46:47+00:00,3.5071
161281,2026-09-18T01:46:50+00:00,3.4996
161294,2026-09-18T01:47:36+00:00,3.5222
161304,2026-09-18T01:48:12+00:00,3.5062
161325,2026-09-18T01:49:26+00:00,3.5048
161387,2026-09-18T01:53:04+00:00,3.4998
161396,2026-09-18T01:53:36+00:00,3.4980
161399,2026-09-18T01:53:47+00:00,3.5083
161406,2026-09-18T01:54:11+00:00,3.4963
161407,2026-09-18T01:54:15+00:00,3.5014
161442,2026-09-18T01:56:18+00:00,3.5016
161450,2026-09-18T01:56:46+00:00,3.4976
161454,2026-09-18T01:57:00+00:00,3.4982
161536,2026-09-18T02:02:02+00:00,3.5181
161550,2026-09-18T02:02:52+00:00,3.4965
161559,2026-09-18T02:03:23+00:00,3.5069
161586,2026-09-18T02:04:59+00:00,3.5256
161605,2026-09-18T02:06:06+00:00,3.5032
161618,2026-09-18T02:06:52+00:00,3.5096
161646,2026-09-18T02:08:32+00:00,3.4924
161668,2026-09-18T02:09:50+00:00,3.5170
161680,2026-09-18T02:10:32+00:00,3.5096
161693,2026-09-18T02:11:18+00:00,3.4980
161719,2026-09-18T02:13:08+00:00,3.5334
161720,2026-09-18T02:13:12+00:00,3.5367
161730,2026-09-18T02:13:47+00:00,3.5237
161737,2026-09-18T02:14:12+00:00,3.5069
161748,2026-09-18T02:14:51+00:00,3.5230
161813,2026-09-18T02:18:40+00:00,3.5032
161823,2026-09-18T02:19:15+00:00,3.5282
161877,2026-09-18T02:22:25+00:00,3.5042
161903,2026-09-18T02:23:57+00:00,3.4956
161917,2026-09-18T02:24:48+00:00,3.5004
161918,2026-09-18T02:24:52+00:00,3.4918
161924,2026-09-18T02:25:13+00:00,3.5071
161927,2026-09-18T02:25:24+00:00,3.4950
161933,2026-09-18T02:25:45+00:00,3.5450
161976,2026-09-18T02:28:21+00:00,3.5271
162050,2026-09-18T02:32:42+00:00,3.5090
162063,2026-09-18T02:33:27+00:00,3.5025
162068,2026-09-18T02:33:45+00:00,3.5007
162085,2026-09-18T02:34:45+00:00,3.4939
162131,2026-09-18T02:37:27+00:00,3.5014
162150,2026-09-18T02:38:34+00:00,3.4937
162182,2026-09-18T02:40:27+00:00,3.4965
162202,2026-09-18T02:41:38+00:00,3.4986
162212,2026-09-18T02:42:13+00:00,3.4955
162280,2026-09-18T02:46:23+00:00,3.5043
162338,2026-09-18T02:49:48+00:00,3.5122
162352,2026-09-18T02:50:37+00:00,3.5062
162353,2026-09-18T02:50:40+00:00,3.5349
162356,2026-09-18T02:50:51+00:00,3.5617
162367,2026-09-18T02:51:30+00:00,3.5037
162391,2026-09-18T02:52:55+00:00,3.5071
162400,2026-09-18T02:53:26+00:00,3.5429
162437,2026-09-18T02:55:37+00:00,3.5093
162443,2026-09-18T02:55:59+00:00,3.5080
162460,2026-09-18T02:56:59+00:00,3.5228
162481,2026-09-18T02:58:18+00:00,3.5823
162529,2026-09-18T03:01:07+00:00,3.5112
162535,2026-09-18T03:01:29+00:00,3.4915
162548,2026-09-18T03:02:14+00:00,3.5100
162581,2026-09-18T03:04:12+00:00,3.5010
162652,2026-09-18T03:08:22+00:00,3.5058
162660,2026-09-18T03:08:50+00:00,3.4974
162684,2026-09-18T03:10:15+00:00,3.5110
162730,2026-09-18T03:13:01+00:00,3.5021
162742,2026-09-18T03:13:52+00:00,3.4992
162748,2026-09-18T03:14:13+00:00,3.5065
162749,2026-09-18T03:14:17+00:00,3.5007
162804,2026-09-18T03:18:17+00:00,3.4989
162806,2026-09-18T03:18:24+00:00,3.5199
162824,2026-09-18T03:19:28+00:00,3.5068
162828,2026-09-18T03:19:42+00:00,3.5090
162836,2026-09-18T03:20:10+00:00,3.5095
162837,2026-09-18T03:20:14+00:00,3.5335
162841,2026-09-18T03:20:28+00:00,3.4999
162857,2026-09-18T03:21:24+00:00,3.5306
162884,2026-09-18T03:23:00+00:00,3.5241
162968,2026-09-18T03:27:58+00:00,3.5203
162988,2026-09-18T03:29:13+00:00,3.5102
163033,2026-09-18T03:31:51+00:00,3.5033
163037,2026-09-18T03:32:05+00:00,3.4961
163041,2026-09-18T03:32:20+00:00,3.4957
163056,2026-09-18T03:33:13+00:00,3.4959
163074,2026-09-18T03:34:16+00:00,3.4988
163103,2026-09-18T03:35:58+00:00,3.4940
163128,2026-09-18T03:37:27+00:00,3.5020
163161,2026-09-18T03:39:23+00:00,3.4960
163163,2026-09-18T03:39:30+00:00,3.5165
163167,2026-09-18T03:39:44+00:00,3.5175
163174,2026-09-18T03:40:09+00:00,3.4989
163185,2026-09-18T03:40:48+00:00,3.5185
163208,2026-09-18T03:42:09+00:00,3.4977
163285,2026-09-18T03:46:51+00:00,3.4990
163301,2026-09-18T03:47:48+00:00,3.5007
163362,2026-09-18T03:51:22+00:00,3.4959
163387,2026-09-18T03:52:50+00:00,3.4900
163389,2026-09-18T03:52:57+00:00,3.5064
163407,2026-09-18T03:54:00+00:00,3.4936
163417,2026-09-18T03:54:36+00:00,3.5020
163447,2026-09-18T03:56:21+00:00,3.4945
163452,2026-09-18T03:56:39+00:00,3.4967
163542,2026-09-18T04:02:11+00:00,3.5013
163553,2026-09-18T04:02:50+00:00,3.4862
163576,2026-09-18T04:04:11+00:00,3.5322
163598,2026-09-18T04:05:28+00:00,3.4912
163609,2026-09-18T04:06:07+00:00,3.4944
163626,2026-09-18T04:07:07+00:00,3.4975
163630,2026-09-18T04:07:21+00:00,3.4855
163662,2026-09-18T04:09:14+00:00,3.5003
163672,2026-09-18T04:09:49+00:00,3.4908
163676,2026-09-18T04:10:03+00:00,3.5034
163680,2026-09-18T04:10:17+00:00,3.5052
163718,2026-09-18T04:12:31+00:00,3.5063
163729,2026-09-18T04:13:10+00:00,3.5079
163757,2026-09-18T04:15:33+00:00,3.5086
163764,2026-09-18T04:15:58+00:00,3.5040
163822,2026-09-18T04:19:23+00:00,3.5013
163878,2026-09-18T04:22:40+00:00,3.5051
163882,2026-09-18T04:22:54+00:00,3.5012
163891,2026-09-18T04:23:26+00:00,3.5009
163901,2026-09-18T04:24:01+00:00,3.4896
163903,2026-09-18T04:24:08+00:00,3.4939
163975,2026-09-18T04:28:22+00:00,3.4974
164060,2026-09-18T04:33:45+00:00,3.4969
164150,2026-09-18T04:39:02+00:00,3.5076
164157,2026-09-18T04:39:26+00:00,3.4994
164169,2026-09-18T04:40:09+00:00,3.4911
164211,2026-09-18T04:42:36+00:00,3.4923
164227,2026-09-18T04:43:32+00:00,3.4915
164242,2026-09-18T04:44:36+00:00,3.4972
164246,2026-09-18T04:44:50+00:00,3.4951
164304,2026-09-18T04:48:14+00:00,3.4996
164335,2026-09-18T04:50:03+00:00,3.4962
164377,2026-09-18T04:52:31+00:00,3.5022
164379,2026-09-18T04:52:38+00:00,3.5048
164380,2026-09-18T04:52:41+00:00,3.4911
164381,2026-09-18T04:52:45+00:00,3.4943
164454,2026-09-18T04:57:02+00:00,3.4889
164470,2026-09-18T04:57:58+00:00,3.4947
164485,2026-09-18T04:58:51+00:00,3.4949
164525,2026-09-18T05:01:27+00:00,3.5063
164545,2026-09-18T05:02:37+00:00,3.4966
164551,2026-09-18T05:02:58+00:00,3.4940
164562,2026-09-18T05:03:37+00:00,3.6514
164595,2026-09-18T05:05:33+00:00,3.4933
164648,2026-09-18T05:08:39+00:00,3.5139
164676,2026-09-18T05:10:18+00:00,3.5029
164724,2026-09-18T05:13:07+00:00,3.4994
164734,2026-09-18T05:13:42+00:00,3.5164
164750,2026-09-18T05:14:56+00:00,3.4948
164759,2026-09-18T05:15:28+00:00,3.5049
164796,2026-09-18T05:17:38+00:00,3.4934
164804,2026-09-18T05:18:06+00:00,3.4946
164816,2026-09-18T05:18:48+00:00,3.4985
164849,2026-09-18T05:20:44+00:00,3.5134
164882,2026-09-18T05:22:40+00:00,3.5090
164899,2026-09-18T05:24:25+00:00,3.4993
164949,2026-09-18T05:27:21+00:00,3.4940
164968,2026-09-18T05:28:29+00:00,3.5122
164975,2026-09-18T05:28:53+00:00,3.4972
164993,2026-09-18T05:30:21+00:00,3.5077
165006,2026-09-18T05:31:07+00:00,3.5060
165029,2026-09-18T05:32:28+00:00,3.4927
165069,2026-09-18T05:34:49+00:00,3.5018
165072,2026-09-18T05:34:59+00:00,3.4968
165084,2026-09-18T05:35:42+00:00,3.5216
165115,2026-09-18T05:37:31+00:00,3.4929
165126,2026-09-18T05:38:10+00:00,3.4984
165135,2026-09-18T05:38:41+00:00,3.5073
165149,2026-09-18T05:39:30+00:00,3.5071
165159,2026-09-18T05:40:06+00:00,3.4998
165160,2026-09-18T05:40:09+00:00,3.5055
165246,2026-09-18T05:45:25+00:00,3.4972
165249,2026-09-18T05:46:05+00:00,3.4916
165382,2026-09-18T05:53:54+00:00,3.4936
165386,2026-09-18T05:54:08+00:00,3.4939
165392,2026-09-18T05:54:29+00:00,3.5016
165401,2026-09-18T05:55:01+00:00,3.4995
165416,2026-09-18T05:55:54+00:00,3.5022
165418,2026-09-18T05:56:01+00:00,3.4989
165423,2026-09-18T05:56:19+00:00,3.5008
165431,2026-09-18T05:56:47+00:00,3.5004
165471,2026-09-18T05:59:08+00:00,3.5028
165495,2026-09-18T06:00:43+00:00,3.5277
165508,2026-09-18T06:01:29+00:00,3.4873
165514,2026-09-18T06:01:50+00:00,3.5126
165545,2026-09-18T06:03:39+00:00,3.5130
165570,2026-09-18T06:05:07+00:00,3.4996
165600,2026-09-18T06:06:52+00:00,3.5051
165606,2026-09-18T06:07:13+00:00,3.4973
165635,2026-09-18T06:08:55+00:00,3.4993
165638,2026-09-18T06:09:06+00:00,3.4945
165644,2026-09-18T06:09:27+00:00,3.5039
165656,2026-09-18T06:10:10+00:00,3.4957
165680,2026-09-18T06:11:34+00:00,3.5019
165684,2026-09-18T06:11:48+00:00,3.5178
165688,2026-09-18T06:12:02+00:00,3.5019
165717,2026-09-18T06:13:44+00:00,3.4924
165737,2026-09-18T06:14:54+00:00,3.5000
165749,2026-09-18T06:15:37+00:00,3.4951
165756,2026-09-18T06:16:25+00:00,3.5017
165789,2026-09-18T06:18:21+00:00,3.4910
165826,2026-09-18T06:20:31+00:00,3.5000
165834,2026-09-18T06:20:59+00:00,3.5000
165857,2026-09-18T06:22:20+00:00,3.4940
165869,2026-09-18T06:23:02+00:00,3.4936
165886,2026-09-18T06:24:02+00:00,3.4992
165944,2026-09-18T06:27:25+00:00,3.5017
165961,2026-09-18T06:28:25+00:00,3.5122
165964,2026-09-18T06:28:36+00:00,3.4949
165986,2026-09-18T06:29:53+00:00,3.4991
166001,2026-09-18T06:30:46+00:00,3.5044
166052,2026-09-18T06:34:14+00:00,3.4998
166066,2026-09-18T06:35:04+00:00,3.5013
166084,2026-09-18T06:36:07+00:00,3.4948
166110,2026-09-18T06:37:38+00:00,3.4990
166116,2026-09-18T06:37:59+00:00,3.5013
166151,2026-09-18T06:40:03+00:00,3.5004
166156,2026-09-18T06:40:20+00:00,3.5450
166199,2026-09-18T06:42:51+00:00,3.4930
166215,2026-09-18T06:43:48+00:00,3.4960
166218,2026-09-18T06:43:58+00:00,3.4949
166322,2026-09-18T06:50:14+00:00,3.5125
166335,2026-09-18T06:51:00+00:00,3.4973
166343,2026-09-18T06:51:28+00:00,3.4998
166370,2026-09-18T06:53:04+00:00,3.4935
166389,2026-09-18T06:54:10+00:00,3.5060
166433,2026-09-18T06:56:47+00:00,3.5018
166460,2026-09-18T06:58:21+00:00,3.4929
166474,2026-09-18T06:59:11+00:00,3.4980
166481,2026-09-18T06:59:35+00:00,3.5014
166490,2026-09-18T07:00:07+00:00,3.4948
166510,2026-09-18T07:01:18+00:00,3.4944
166511,2026-09-18T07:01:21+00:00,3.4976
166535,2026-09-18T07:03:03+00:00,3.4986
166568,2026-09-18T07:04:59+00:00,3.5043
166571,2026-09-18T07:05:10+00:00,3.4914
166624,2026-09-18T07:08:16+00:00,3.4957
166682,2026-09-18T07:11:40+00:00,3.5028
166683,2026-09-18T07:11:44+00:00,3.4998
166700,2026-09-18T07:12:43+00:00,3.4995
166718,2026-09-18T07:13:47+00:00,3.4878
166723,2026-09-18T07:14:04+00:00,3.4916
166744,2026-09-18T07:15:18+00:00,3.5015
166749,2026-09-18T07:15:35+00:00,3.5041
166758,2026-09-18T07:16:07+00:00,3.5113
166762,2026-09-18T07:16:21+00:00,3.4939
166769,2026-09-18T07:16:46+00:00,3.6109
166773,2026-09-18T07:17:19+00:00,11.9038
166776,2026-09-18T07:17:30+00:00,3.4978
166788,2026-09-18T07:18:12+00:00,3.4930
166800,2026-09-18T07:18:55+00:00,3.5052
166807,2026-09-18T07:19:19+00:00,3.4970
166847,2026-09-18T07:21:40+00:00,3.5290
166888,2026-09-18T07:24:04+00:00,3.4984
166907,2026-09-18T07:25:11+00:00,3.4897
166911,2026-09-18T07:25:25+00:00,3.4921
166935,2026-09-18T07:26:50+00:00,3.4986
166942,2026-09-18T07:27:15+00:00,3.5018
166944,2026-09-18T07:27:22+00:00,3.4939
166952,2026-09-18T07:27:50+00:00,3.4960
166973,2026-09-18T07:29:05+00:00,4.0759
166974,2026-09-18T07:29:08+00:00,3.5031
167071,2026-09-18T07:35:44+00:00,3.5228
167100,2026-09-18T07:37:26+00:00,3.4933
167124,2026-09-18T07:38:51+00:00,3.5054
167132,2026-09-18T07:39:19+00:00,3.4944
167209,2026-09-18T07:43:51+00:00,3.5184
167217,2026-09-18T07:44:19+00:00,3.5069
167225,2026-09-18T07:44:47+00:00,3.4959
167367,2026-09-18T07:53:28+00:00,3.4971
167379,2026-09-18T07:54:11+00:00,3.5016
167394,2026-09-18T07:55:03+00:00,3.4969
167426,2026-09-18T07:56:56+00:00,3.4899
167457,2026-09-18T07:58:46+00:00,3.4876
167540,2026-09-18T08:04:03+00:00,3.4974
167571,2026-09-18T08:05:52+00:00,3.4968
167576,2026-09-18T08:06:09+00:00,3.4982
167607,2026-09-18T08:07:58+00:00,3.4912
167642,2026-09-18T08:10:01+00:00,3.4876
167701,2026-09-18T08:13:29+00:00,3.5010
167703,2026-09-18T08:13:36+00:00,3.5043
167729,2026-09-18T08:15:08+00:00,3.4988
167743,2026-09-18T08:15:57+00:00,3.4990
167880,2026-09-18T08:24:21+00:00,3.5012
167900,2026-09-18T08:25:32+00:00,3.5012
167907,2026-09-18T08:25:56+00:00,3.4977
167923,2026-09-18T08:26:53+00:00,3.4894
167981,2026-09-18T08:30:17+00:00,3.4957
167992,2026-09-18T08:30:55+00:00,3.4985
167995,2026-09-18T08:31:06+00:00,3.5024
168047,2026-09-18T08:34:23+00:00,3.5213
168075,2026-09-18T08:36:02+00:00,3.5029
168079,2026-09-18T08:36:16+00:00,3.5147
168111,2026-09-18T08:38:09+00:00,3.5062
168160,2026-09-18T08:41:01+00:00,3.5101
168180,2026-09-18T08:42:12+00:00,3.5174
168192,2026-09-18T08:42:54+00:00,3.4870
168236,2026-09-18T08:45:28+00:00,3.5192
168248,2026-09-18T08:46:10+00:00,3.4929
168258,2026-09-18T08:46:46+00:00,3.4957
168259,2026-09-18T08:46:49+00:00,3.4994
168276,2026-09-18T08:47:49+00:00,3.5012
168279,2026-09-18T08:48:00+00:00,3.4982
168286,2026-09-18T08:48:50+00:00,3.4961
168291,2026-09-18T08:49:07+00:00,3.4909
168295,2026-09-18T08:49:21+00:00,3.5031
168318,2026-09-18T08:50:42+00:00,3.4965
168321,2026-09-18T08:50:53+00:00,3.5030
168331,2026-09-18T08:51:28+00:00,3.4862
168372,2026-09-18T08:53:52+00:00,3.5075
168421,2026-09-18T08:56:47+00:00,3.4931
168427,2026-09-18T08:57:08+00:00,3.5006
168454,2026-09-18T08:58:44+00:00,3.4988
168513,2026-09-18T09:02:11+00:00,3.4940
168534,2026-09-18T09:03:25+00:00,3.4925
168562,2026-09-18T09:06:13+00:00,3.5053
168568,2026-09-18T09:06:34+00:00,3.4885
168584,2026-09-18T09:07:30+00:00,3.5054
168600,2026-09-18T09:08:27+00:00,3.5008
168603,2026-09-18T09:08:37+00:00,3.5019
168604,2026-09-18T09:08:41+00:00,3.5034
168611,2026-09-18T09:09:05+00:00,3.5002
168623,2026-09-18T09:09:47+00:00,3.5054
168632,2026-09-18T09:10:19+00:00,3.4975
168665,2026-09-18T09:12:16+00:00,3.5312
168682,2026-09-18T09:13:16+00:00,3.5067
168685,2026-09-18T09:13:26+00:00,3.4921
168690,2026-09-18T09:13:44+00:00,3.5049
168692,2026-09-18T09:13:51+00:00,3.4890
168707,2026-09-18T09:14:44+00:00,3.5017
168720,2026-09-18T09:15:29+00:00,3.4917
168728,2026-09-18T09:15:58+00:00,3.4971
168737,2026-09-18T09:16:29+00:00,3.4938
168758,2026-09-18T09:17:43+00:00,3.5111
168807,2026-09-18T09:21:00+00:00,3.4870
168847,2026-09-18T09:23:21+00:00,3.5046
168886,2026-09-18T09:25:38+00:00,3.4979
168947,2026-09-18T09:29:13+00:00,3.4984
168978,2026-09-18T09:31:02+00:00,3.4954
169002,2026-09-18T09:32:27+00:00,3.4978
169014,2026-09-18T09:33:09+00:00,3.4973
169065,2026-09-18T09:36:32+00:00,3.5006
169105,2026-09-18T09:38:54+00:00,3.6128
169107,2026-09-18T09:39:01+00:00,3.4982
169125,2026-09-18T09:40:51+00:00,3.4899
169137,2026-09-18T09:41:34+00:00,3.4966
169160,2026-09-18T09:42:55+00:00,3.5024
169174,2026-09-18T09:43:44+00:00,3.5028
169176,2026-09-18T09:43:51+00:00,3.4971
169186,2026-09-18T09:44:27+00:00,3.5003
169197,2026-09-18T09:45:05+00:00,3.5155
169209,2026-09-18T09:45:47+00:00,3.4988
169225,2026-09-18T09:46:44+00:00,3.5157
169246,2026-09-18T09:47:58+00:00,3.4954
169274,2026-09-18T09:49:48+00:00,3.5075
169351,2026-09-18T09:54:29+00:00,3.4967
169366,2026-09-18T09:55:22+00:00,3.4928
169398,2026-09-18T09:57:15+00:00,3.4940
169407,2026-09-18T09:57:47+00:00,3.5089
169431,2026-09-18T09:59:12+00:00,3.5020
169462,2026-09-18T10:01:01+00:00,3.4899
169515,2026-09-18T10:04:07+00:00,3.4952
169538,2026-09-18T10:05:44+00:00,3.5409
169550,2026-09-18T10:06:26+00:00,3.5035
169582,2026-09-18T10:08:19+00:00,3.4957
169585,2026-09-18T10:08:30+00:00,3.4955
169591,2026-09-18T10:08:51+00:00,3.5003
169627,2026-09-18T10:10:58+00:00,3.4901
169635,2026-09-18T10:11:26+00:00,3.4961
169643,2026-09-18T10:11:55+00:00,3.4993
169660,2026-09-18T10:12:55+00:00,3.5049
169665,2026-09-18T10:13:12+00:00,3.5159
169669,2026-09-18T10:13:26+00:00,3.4918
169679,2026-09-18T10:14:02+00:00,3.4975
169689,2026-09-18T10:14:37+00:00,3.4960
169698,2026-09-18T10:15:08+00:00,3.5099
169732,2026-09-18T10:17:09+00:00,3.4985
169748,2026-09-18T10:18:05+00:00,3.4957
169768,2026-09-18T10:19:16+00:00,3.4944
169833,2026-09-18T10:23:16+00:00,3.4904
169865,2026-09-18T10:25:08+00:00,3.4982
169879,2026-09-18T10:25:58+00:00,3.5005
169891,2026-09-18T10:26:40+00:00,3.5038
169898,2026-09-18T10:27:05+00:00,3.4986
169936,2026-09-18T10:29:19+00:00,3.4998
169957,2026-09-18T10:30:32+00:00,3.5002
169989,2026-09-18T10:32:25+00:00,3.5567
170055,2026-09-18T10:36:28+00:00,3.4927
170079,2026-09-18T10:37:52+00:00,3.5019
170088,2026-09-18T10:38:24+00:00,3.4881
170097,2026-09-18T10:38:56+00:00,3.5096
170142,2026-09-18T10:41:34+00:00,3.4851
170185,2026-09-18T10:44:05+00:00,3.5002
170188,2026-09-18T10:44:15+00:00,3.4978
170229,2026-09-18T10:46:42+00:00,3.5052
170241,2026-09-18T10:47:25+00:00,3.5092
170247,2026-09-18T10:47:46+00:00,3.5352
170255,2026-09-18T10:48:14+00:00,3.4905
170265,2026-09-18T10:48:49+00:00,3.5024
170275,2026-09-18T10:49:24+00:00,3.5024
170280,2026-09-18T10:49:42+00:00,3.5170
170281,2026-09-18T10:49:45+00:00,3.5325
170288,2026-09-18T10:50:10+00:00,3.4961
170347,2026-09-18T10:53:59+00:00,3.4947
170360,2026-09-18T10:54:44+00:00,3.5050
170373,2026-09-18T10:55:30+00:00,3.4949
170406,2026-09-18T10:57:26+00:00,3.4972
170469,2026-09-18T11:01:08+00:00,3.4940
170569,2026-09-18T11:08:32+00:00,3.4914
170634,2026-09-18T11:12:22+00:00,3.5042
170663,2026-09-18T11:14:04+00:00,3.5009
170671,2026-09-18T11:14:32+00:00,3.5011
170675,2026-09-18T11:14:47+00:00,3.5037
170696,2026-09-18T11:16:01+00:00,3.5040
170728,2026-09-18T11:17:53+00:00,3.4941
170832,2026-09-18T11:24:27+00:00,3.4911
170905,2026-09-18T11:28:48+00:00,3.4889
170931,2026-09-18T11:30:20+00:00,3.4985
170938,2026-09-18T11:30:44+00:00,3.4952
170950,2026-09-18T11:31:26+00:00,3.4999
170956,2026-09-18T11:31:47+00:00,3.5012
170970,2026-09-18T11:32:37+00:00,3.5006
171040,2026-09-18T11:36:58+00:00,3.4934
171093,2026-09-18T11:40:04+00:00,3.4958
171108,2026-09-18T11:40:57+00:00,3.4949
171127,2026-09-18T11:42:04+00:00,3.4912
171133,2026-09-18T11:42:25+00:00,3.5025
171141,2026-09-18T11:42:53+00:00,3.4964
171142,2026-09-18T11:42:57+00:00,3.4956
171185,2026-09-18T11:45:28+00:00,3.4960
171217,2026-09-18T11:47:21+00:00,3.4964
171240,2026-09-18T11:49:26+00:00,3.4967
171261,2026-09-18T11:50:40+00:00,3.4895
171272,2026-09-18T11:51:19+00:00,3.5030
171313,2026-09-18T11:54:13+00:00,3.5008
171361,2026-09-18T11:57:02+00:00,3.4978
171390,2026-09-18T11:58:44+00:00,3.4969
171412,2026-09-18T12:00:01+00:00,3.5068
171430,2026-09-18T12:01:05+00:00,3.5075
171437,2026-09-18T12:01:29+00:00,3.5037
171439,2026-09-18T12:01:36+00:00,3.4949
171464,2026-09-18T12:03:04+00:00,3.5057
171479,2026-09-18T12:03:57+00:00,3.4986
171523,2026-09-18T12:06:45+00:00,11.8015
171544,2026-09-18T12:07:59+00:00,3.4936
171566,2026-09-18T12:09:17+00:00,3.4973
171571,2026-09-18T12:09:34+00:00,3.4970
171580,2026-09-18T12:10:06+00:00,3.5114
171594,2026-09-18T12:10:55+00:00,3.5384
171614,2026-09-18T12:12:06+00:00,3.5034
171630,2026-09-18T12:13:03+00:00,3.5130
171635,2026-09-18T12:13:20+00:00,3.4904
171686,2026-09-18T12:16:21+00:00,3.4992
171688,2026-09-18T12:16:28+00:00,3.4961
171715,2026-09-18T12:18:03+00:00,3.5069
171723,2026-09-18T12:18:31+00:00,3.4925
171814,2026-09-18T12:24:08+00:00,3.4974
171816,2026-09-18T12:24:15+00:00,3.4967
171817,2026-09-18T12:24:18+00:00,3.4975
171828,2026-09-18T12:24:57+00:00,3.4963
171857,2026-09-18T12:26:39+00:00,3.5125
171858,2026-09-18T12:26:42+00:00,3.5061
171897,2026-09-18T12:29:00+00:00,3.4943
171904,2026-09-18T12:29:25+00:00,3.4922
171936,2026-09-18T12:31:17+00:00,3.4904
171949,2026-09-18T12:32:03+00:00,3.5045
171953,2026-09-18T12:32:17+00:00,3.5125
171977,2026-09-18T12:33:42+00:00,3.5168
171989,2026-09-18T12:34:24+00:00,3.4956
171991,2026-09-18T12:34:31+00:00,3.4999
171994,2026-09-18T12:34:42+00:00,3.5008
172003,2026-09-18T12:35:13+00:00,3.5034
172030,2026-09-18T12:36:48+00:00,3.4923
172089,2026-09-18T12:40:44+00:00,3.5045
172109,2026-09-18T12:41:54+00:00,3.4991
172169,2026-09-18T12:45:25+00:00,3.4930
172182,2026-09-18T12:46:12+00:00,3.5162
172189,2026-09-18T12:46:36+00:00,3.4945
172194,2026-09-18T12:46:54+00:00,3.5020
172213,2026-09-18T12:48:01+00:00,3.5261
172217,2026-09-18T12:48:15+00:00,3.5010
172231,2026-09-18T12:49:04+00:00,3.4993
172241,2026-09-18T12:49:39+00:00,3.5065
172248,2026-09-18T12:50:05+00:00,3.5189
172269,2026-09-18T12:51:18+00:00,3.4946
172271,2026-09-18T12:51:25+00:00,3.5000
172283,2026-09-18T12:52:08+00:00,3.8837
172363,2026-09-18T12:57:18+00:00,3.4972
172370,2026-09-18T12:57:42+00:00,3.5111
172403,2026-09-18T12:59:38+00:00,3.5012
172446,2026-09-18T13:02:10+00:00,3.4978
172447,2026-09-18T13:02:13+00:00,3.4947
172452,2026-09-18T13:02:31+00:00,3.4861
172454,2026-09-18T13:02:38+00:00,3.5039
172467,2026-09-18T13:03:23+00:00,3.5023
172469,2026-09-18T13:03:30+00:00,3.4973
172486,2026-09-18T13:04:30+00:00,3.5001
172495,2026-09-18T13:05:02+00:00,3.4942
172502,2026-09-18T13:05:27+00:00,3.4905
172554,2026-09-18T13:08:43+00:00,3.4993
172583,2026-09-18T13:10:25+00:00,3.4997
172600,2026-09-18T13:11:25+00:00,3.4942
172693,2026-09-18T13:16:54+00:00,3.5066
172752,2026-09-18T13:20:22+00:00,3.4995
172764,2026-09-18T13:21:05+00:00,3.4860
172769,2026-09-18T13:21:23+00:00,3.5024
172821,2026-09-18T13:24:33+00:00,3.4958
172867,2026-09-18T13:27:15+00:00,3.4902
172874,2026-09-18T13:27:40+00:00,3.5144
172893,2026-09-18T13:28:47+00:00,3.5201
172912,2026-09-18T13:29:54+00:00,3.5142
172966,2026-09-18T13:33:04+00:00,3.5026
172975,2026-09-18T13:33:35+00:00,3.5012
172997,2026-09-18T13:34:53+00:00,3.4990
173015,2026-09-18T13:35:56+00:00,3.4954
173081,2026-09-18T13:40:14+00:00,4.1226
173090,2026-09-18T13:40:46+00:00,3.5083
173095,2026-09-18T13:41:03+00:00,3.4987
173127,2026-09-18T13:42:56+00:00,3.4967
173263,2026-09-18T13:50:55+00:00,3.4883
173283,2026-09-18T13:52:05+00:00,3.4961
173297,2026-09-18T13:52:55+00:00,3.5066
173302,2026-09-18T13:53:12+00:00,3.4970
173315,2026-09-18T13:54:15+00:00,3.4936
173338,2026-09-18T13:55:36+00:00,3.5074
173339,2026-09-18T13:55:39+00:00,3.4885
173359,2026-09-18T13:57:35+00:00,3.4928
173372,2026-09-18T13:58:21+00:00,3.5078
173397,2026-09-18T13:59:49+00:00,3.4984
173405,2026-09-18T14:00:18+00:00,3.5032
173419,2026-09-18T14:01:08+00:00,3.4983
173452,2026-09-18T14:03:04+00:00,3.5053
173468,2026-09-18T14:04:00+00:00,3.5017
173537,2026-09-18T14:08:03+00:00,3.4904
173539,2026-09-18T14:08:10+00:00,3.5329
173560,2026-09-18T14:10:00+00:00,3.5021
173599,2026-09-18T14:12:17+00:00,3.5226
173610,2026-09-18T14:12:56+00:00,3.5028
173623,2026-09-18T14:13:42+00:00,3.5209
173624,2026-09-18T14:13:45+00:00,3.5013
173656,2026-09-18T14:15:38+00:00,3.5058
173671,2026-09-18T14:16:31+00:00,3.4960
173692,2026-09-18T14:17:44+00:00,3.5132
173753,2026-09-18T14:21:19+00:00,3.4983
173782,2026-09-18T14:23:01+00:00,3.4907
173856,2026-09-18T14:27:55+00:00,3.5007
173858,2026-09-18T14:28:02+00:00,3.5045
173879,2026-09-18T14:29:16+00:00,3.5007
173964,2026-09-18T14:34:17+00:00,3.5548
173966,2026-09-18T14:34:24+00:00,3.5068
173974,2026-09-18T14:34:52+00:00,3.5018
173993,2026-09-18T14:35:59+00:00,3.5011
174048,2026-09-18T14:39:26+00:00,3.5088
174068,2026-09-18T14:40:36+00:00,3.5163
174074,2026-09-18T14:40:57+00:00,3.5008
174092,2026-09-18T14:42:01+00:00,3.4960
174114,2026-09-18T14:43:18+00:00,3.5010
174164,2026-09-18T14:46:15+00:00,3.5076
174194,2026-09-18T14:48:01+00:00,3.5055
174196,2026-09-18T14:48:08+00:00,3.5014
174198,2026-09-18T14:48:15+00:00,3.5151
174213,2026-09-18T14:49:07+00:00,3.4923
174219,2026-09-18T14:49:29+00:00,3.4874
174227,2026-09-18T14:49:57+00:00,3.4994
174267,2026-09-18T14:52:49+00:00,3.4996
174294,2026-09-18T14:54:24+00:00,3.5381
174327,2026-09-18T14:56:20+00:00,3.5051
174426,2026-09-18T15:02:10+00:00,3.4921
174430,2026-09-18T15:02:24+00:00,3.4915
174431,2026-09-18T15:02:27+00:00,3.4921
174444,2026-09-18T15:03:13+00:00,3.5040
174447,2026-09-18T15:03:23+00:00,3.5327
174473,2026-09-18T15:04:55+00:00,3.4962
174516,2026-09-18T15:07:43+00:00,3.5068
174522,2026-09-18T15:08:04+00:00,3.4961
174588,2026-09-18T15:11:58+00:00,3.5711
174593,2026-09-18T15:12:15+00:00,3.4992
174689,2026-09-18T15:17:54+00:00,3.5074
174736,2026-09-18T15:20:39+00:00,3.5191
174782,2026-09-18T15:24:04+00:00,3.5027
174827,2026-09-18T15:26:43+00:00,3.4889
174832,2026-09-18T15:27:00+00:00,3.4951
174843,2026-09-18T15:27:39+00:00,3.5065
174849,2026-09-18T15:28:00+00:00,3.5031
174857,2026-09-18T15:28:28+00:00,3.5123
174867,2026-09-18T15:29:04+00:00,3.4964
174869,2026-09-18T15:29:11+00:00,3.5031
174875,2026-09-18T15:29:32+00:00,3.4831
174913,2026-09-18T15:31:45+00:00,3.5050
175013,2026-09-18T15:38:04+00:00,3.4998
175024,2026-09-18T15:38:43+00:00,3.5815
175087,2026-09-18T15:42:26+00:00,3.5012
175088,2026-09-18T15:42:29+00:00,3.4956
175125,2026-09-18T15:44:40+00:00,4.1002
175163,2026-09-18T15:46:55+00:00,3.5499
175180,2026-09-18T15:47:55+00:00,3.4973
175191,2026-09-18T15:48:33+00:00,3.4899
175215,2026-09-18T15:49:58+00:00,3.5022
175238,2026-09-18T15:51:19+00:00,3.5088
175241,2026-09-18T15:51:29+00:00,3.4966
175254,2026-09-18T15:52:24+00:00,3.4926
175256,2026-09-18T15:52:31+00:00,3.4925
175284,2026-09-18T15:54:10+00:00,3.5149
175325,2026-09-18T15:56:35+00:00,3.5057
175327,2026-09-18T15:56:42+00:00,3.5123
175366,2026-09-18T15:58:59+00:00,3.4964
175450,2026-09-18T16:03:55+00:00,3.4992
175464,2026-09-18T16:05:30+00:00,3.5044
175484,2026-09-18T16:06:41+00:00,3.5100
175495,2026-09-18T16:07:58+00:00,3.4989
175498,2026-09-18T16:08:08+00:00,3.5028
175514,2026-09-18T16:09:04+00:00,3.4955
175537,2026-09-18T16:10:26+00:00,3.5036
175574,2026-09-18T16:12:36+00:00,3.4999
175600,2026-09-18T16:14:08+00:00,3.4973
175609,2026-09-18T16:14:39+00:00,3.5063
175624,2026-09-18T16:15:32+00:00,3.4873
175638,2026-09-18T16:16:21+00:00,3.4948
175653,2026-09-18T16:17:14+00:00,3.4884
175670,2026-09-18T16:18:14+00:00,3.5098
175673,2026-09-18T16:18:25+00:00,3.5116
175678,2026-09-18T16:18:42+00:00,3.5371
175692,2026-09-18T16:19:31+00:00,3.5009
175703,2026-09-18T16:20:11+00:00,3.5019
175722,2026-09-18T16:21:18+00:00,3.4993
175780,2026-09-18T16:25:00+00:00,3.4979
175808,2026-09-18T16:26:40+00:00,3.4929
175833,2026-09-18T16:28:08+00:00,3.5280
175844,2026-09-18T16:28:47+00:00,3.4967
175883,2026-09-18T16:31:05+00:00,3.4956
175899,2026-09-18T16:32:01+00:00,3.4970
175940,2026-09-18T16:34:26+00:00,3.4952
175981,2026-09-18T16:36:50+00:00,3.4984
176007,2026-09-18T16:38:36+00:00,3.4955
176039,2026-09-18T16:40:29+00:00,3.4994
176040,2026-09-18T16:40:32+00:00,3.5064
176047,2026-09-18T16:40:57+00:00,3.4982
176052,2026-09-18T16:41:14+00:00,3.4914
176101,2026-09-18T16:44:07+00:00,3.5031
176114,2026-09-18T16:44:54+00:00,3.5135
176118,2026-09-18T16:45:08+00:00,3.4973
176125,2026-09-18T16:45:32+00:00,3.4913
176139,2026-09-18T16:46:21+00:00,3.5026
176153,2026-09-18T16:47:11+00:00,3.4921
176163,2026-09-18T16:47:46+00:00,3.4957
176174,2026-09-18T16:48:25+00:00,3.4893
176178,2026-09-18T16:48:40+00:00,3.5706
176190,2026-09-18T16:49:22+00:00,3.4957
176204,2026-09-18T16:50:12+00:00,3.5022
176218,2026-09-18T16:51:02+00:00,3.4985
176276,2026-09-18T16:54:43+00:00,4.3007
176357,2026-09-18T16:59:28+00:00,3.4931
176362,2026-09-18T16:59:46+00:00,3.5032
176435,2026-09-18T17:04:03+00:00,3.4899
176487,2026-09-18T17:07:06+00:00,3.5077
176488,2026-09-18T17:07:09+00:00,3.5679
176500,2026-09-18T17:07:51+00:00,3.4992
176517,2026-09-18T17:09:06+00:00,3.5014
176534,2026-09-18T17:10:06+00:00,3.4947
176557,2026-09-18T17:11:27+00:00,3.5002
176566,2026-09-18T17:11:59+00:00,3.4994
176583,2026-09-18T17:12:58+00:00,3.4909
176594,2026-09-18T17:13:37+00:00,3.4948
176603,2026-09-18T17:14:09+00:00,3.5004
176615,2026-09-18T17:14:51+00:00,3.5033
176677,2026-09-18T17:18:30+00:00,3.5111
176679,2026-09-18T17:18:37+00:00,3.5002
176799,2026-09-18T17:26:03+00:00,3.4936
176851,2026-09-18T17:29:07+00:00,3.5040
176857,2026-09-18T17:29:28+00:00,3.5013
176873,2026-09-18T17:30:24+00:00,3.5052
176891,2026-09-18T17:31:28+00:00,3.4989
176896,2026-09-18T17:31:45+00:00,3.5030
176929,2026-09-18T17:33:41+00:00,3.4942
176949,2026-09-18T17:34:52+00:00,3.4937
176988,2026-09-18T17:37:09+00:00,3.4990
177003,2026-09-18T17:38:02+00:00,3.4935
177039,2026-09-18T17:40:24+00:00,3.5347
177061,2026-09-18T17:41:41+00:00,3.5197
177066,2026-09-18T17:41:59+00:00,3.4901
177068,2026-09-18T17:42:06+00:00,3.4994
177076,2026-09-18T17:42:34+00:00,3.5062
177078,2026-09-18T17:42:41+00:00,3.5000
177091,2026-09-18T17:43:26+00:00,3.4977
177099,2026-09-18T17:43:55+00:00,3.4918
177106,2026-09-18T17:44:19+00:00,3.4924
177109,2026-09-18T17:44:30+00:00,3.4939
177114,2026-09-18T17:44:47+00:00,3.4984
177115,2026-09-18T17:44:51+00:00,3.4998
177160,2026-09-18T17:47:30+00:00,3.4892
177178,2026-09-18T17:48:33+00:00,3.4895
177276,2026-09-18T17:54:50+00:00,3.5048
177279,2026-09-18T17:55:00+00:00,3.4944
177385,2026-09-18T18:01:13+00:00,3.5105
177389,2026-09-18T18:01:28+00:00,3.4998
177395,2026-09-18T18:01:49+00:00,3.6233
177414,2026-09-18T18:02:56+00:00,3.4914
177417,2026-09-18T18:03:06+00:00,3.5016
177451,2026-09-18T18:05:06+00:00,3.4922
177456,2026-09-18T18:05:24+00:00,3.4965
177457,2026-09-18T18:05:27+00:00,3.5002
177468,2026-09-18T18:06:06+00:00,3.4945
177501,2026-09-18T18:08:02+00:00,3.5019
177506,2026-09-18T18:08:19+00:00,3.4993
177514,2026-09-18T18:08:48+00:00,3.5311
177524,2026-09-18T18:09:38+00:00,3.5033
177533,2026-09-18T18:10:09+00:00,3.4976
177535,2026-09-18T18:10:16+00:00,3.4923
177557,2026-09-18T18:11:35+00:00,3.5014
177643,2026-09-18T18:17:22+00:00,3.4921
177685,2026-09-18T18:19:50+00:00,3.5331
177703,2026-09-18T18:20:53+00:00,3.4895
177706,2026-09-18T18:21:03+00:00,3.5003
177751,2026-09-18T18:23:42+00:00,3.5118
177781,2026-09-18T18:25:52+00:00,3.4953
177807,2026-09-18T18:27:23+00:00,3.4928
177808,2026-09-18T18:27:26+00:00,3.4887
177810,2026-09-18T18:27:34+00:00,3.5146
177812,2026-09-18T18:27:41+00:00,3.4973
177819,2026-09-18T18:28:05+00:00,3.5011
177855,2026-09-18T18:30:12+00:00,3.5041
177885,2026-09-18T18:31:58+00:00,3.4950
177891,2026-09-18T18:32:19+00:00,3.4926
178008,2026-09-18T18:39:12+00:00,3.5010
178026,2026-09-18T18:40:39+00:00,3.5054
178059,2026-09-18T18:42:35+00:00,3.5054
178108,2026-09-18T18:45:29+00:00,3.4973
178154,2026-09-18T18:48:11+00:00,3.5532
178160,2026-09-18T18:48:32+00:00,3.4962
178186,2026-09-18T18:50:03+00:00,3.5038
178192,2026-09-18T18:50:24+00:00,3.4927
178207,2026-09-18T18:51:17+00:00,3.5166
178218,2026-09-18T18:51:56+00:00,3.5384
178222,2026-09-18T18:52:10+00:00,3.4948
178262,2026-09-18T18:54:31+00:00,3.4988
178283,2026-09-18T18:56:06+00:00,3.4942
178298,2026-09-18T18:57:00+00:00,3.5051
178354,2026-09-18T19:00:18+00:00,3.5163
178355,2026-09-18T19:00:21+00:00,3.5045
178368,2026-09-18T19:01:07+00:00,3.4941
178382,2026-09-18T19:01:56+00:00,3.4968
178387,2026-09-18T19:02:17+00:00,3.5134
178399,2026-09-18T19:02:59+00:00,3.4977
178427,2026-09-18T19:04:38+00:00,3.4898
178437,2026-09-18T19:05:13+00:00,3.4952
178440,2026-09-18T19:05:23+00:00,3.4947
178454,2026-09-18T19:06:13+00:00,3.5107
178462,2026-09-18T19:06:41+00:00,3.5187
178499,2026-09-18T19:08:53+00:00,3.4997
178508,2026-09-18T19:09:24+00:00,3.4907
178567,2026-09-18T19:12:58+00:00,3.5007
178573,2026-09-18T19:13:19+00:00,3.4947
178574,2026-09-18T19:13:23+00:00,3.5016
178590,2026-09-18T19:14:19+00:00,3.5028
178592,2026-09-18T19:14:26+00:00,3.5020
178683,2026-09-18T19:19:46+00:00,3.5364
178693,2026-09-18T19:20:21+00:00,3.5030
178697,2026-09-18T19:20:35+00:00,3.5054
178708,2026-09-18T19:21:14+00:00,3.5090
178751,2026-09-18T19:23:46+00:00,3.5130
178759,2026-09-18T19:24:14+00:00,3.4952
178762,2026-09-18T19:24:25+00:00,3.5080
178767,2026-09-18T19:24:42+00:00,3.5090
178776,2026-09-18T19:25:14+00:00,3.5312
178780,2026-09-18T19:25:28+00:00,3.5017
178782,2026-09-18T19:25:39+00:00,4.1372
178794,2026-09-18T19:26:24+00:00,3.5025
178795,2026-09-18T19:26:28+00:00,3.5087
178832,2026-09-18T19:28:38+00:00,3.5050
178853,2026-09-18T19:29:52+00:00,3.4960
178857,2026-09-18T19:30:06+00:00,3.4948
178894,2026-09-18T19:32:19+00:00,3.5069
178906,2026-09-18T19:33:01+00:00,3.5073
178922,2026-09-18T19:33:58+00:00,3.5125
178930,2026-09-18T19:34:26+00:00,3.4982
178983,2026-09-18T19:37:32+00:00,3.4976
179017,2026-09-18T19:39:32+00:00,3.4930
179025,2026-09-18T19:40:00+00:00,3.4995
179028,2026-09-18T19:40:10+00:00,3.4954
179029,2026-09-18T19:40:14+00:00,3.5495
179074,2026-09-18T19:43:12+00:00,3.5084
179083,2026-09-18T19:43:44+00:00,3.5407
179085,2026-09-18T19:43:51+00:00,3.5101
179104,2026-09-18T19:44:59+00:00,3.5116
179141,2026-09-18T19:47:10+00:00,3.5028
179154,2026-09-18T19:47:56+00:00,3.5076
179171,2026-09-18T19:48:56+00:00,3.4931
179189,2026-09-18T19:50:00+00:00,3.5043
179210,2026-09-18T19:51:13+00:00,3.5007
179218,2026-09-18T19:51:42+00:00,3.5297
179226,2026-09-18T19:52:10+00:00,3.5055
179259,2026-09-18T19:54:07+00:00,3.4943
179260,2026-09-18T19:54:10+00:00,3.5151
179294,2026-09-18T19:56:16+00:00,3.5474
179402,2026-09-18T20:02:39+00:00,3.5130
179415,2026-09-18T20:03:24+00:00,3.4929
179439,2026-09-18T20:04:50+00:00,3.5858
179444,2026-09-18T20:05:08+00:00,3.5308
179475,2026-09-18T20:07:01+00:00,3.6088
179565,2026-09-18T20:12:44+00:00,3.5153
179574,2026-09-18T20:13:16+00:00,3.5089
179604,2026-09-18T20:15:02+00:00,3.5013
179680,2026-09-18T20:19:32+00:00,3.4935
179699,2026-09-18T20:21:25+00:00,3.5317
179705,2026-09-18T20:21:47+00:00,3.5099
179737,2026-09-18T20:23:40+00:00,3.5017
179755,2026-09-18T20:24:44+00:00,3.5401
179804,2026-09-18T20:27:50+00:00,3.5021
179812,2026-09-18T20:28:18+00:00,3.5104
179820,2026-09-18T20:28:46+00:00,3.5053
179858,2026-09-18T20:31:00+00:00,3.4921
179879,2026-09-18T20:32:14+00:00,3.5200
179898,2026-09-18T20:33:21+00:00,3.5036
179905,2026-09-18T20:33:46+00:00,3.5019
179912,2026-09-18T20:34:11+00:00,3.5041
179922,2026-09-18T20:34:46+00:00,3.5306
179938,2026-09-18T20:35:42+00:00,3.5129
179969,2026-09-18T20:37:31+00:00,3.4959
180021,2026-09-18T20:40:35+00:00,3.5251
180026,2026-09-18T20:40:53+00:00,3.5530
180030,2026-09-18T20:41:07+00:00,3.5000
180041,2026-09-18T20:41:59+00:00,3.5009
180056,2026-09-18T20:42:52+00:00,3.5317
180059,2026-09-18T20:43:03+00:00,3.5201
180079,2026-09-18T20:44:13+00:00,3.5028
180102,2026-09-18T20:45:36+00:00,3.6433
180111,2026-09-18T20:46:11+00:00,3.7064
180125,2026-09-18T20:47:05+00:00,3.6443
180148,2026-09-18T20:48:36+00:00,4.2193
180180,2026-09-18T20:50:41+00:00,3.9699
180188,2026-09-18T20:51:13+00:00,3.9439
180194,2026-09-18T20:51:37+00:00,3.7166
180206,2026-09-18T20:52:23+00:00,4.0974
180213,2026-09-18T20:52:54+00:00,3.7907
180224,2026-09-18T20:53:35+00:00,3.6574
180238,2026-09-18T20:54:27+00:00,3.7209
180258,2026-09-18T20:55:42+00:00,3.6230
180274,2026-09-18T20:56:40+00:00,3.7108
180280,2026-09-18T20:57:09+00:00,3.6564
180312,2026-09-18T20:59:06+00:00,3.5938
180383,2026-09-18T21:03:20+00:00,3.5313
180385,2026-09-18T21:03:27+00:00,3.5329
180419,2026-09-18T21:05:28+00:00,3.5125
180471,2026-09-18T21:08:32+00:00,3.5015
180491,2026-09-18T21:09:43+00:00,3.5106
180563,2026-09-18T21:14:14+00:00,3.5232
180597,2026-09-18T21:16:14+00:00,3.5046
180631,2026-09-18T21:18:14+00:00,3.4988
180644,2026-09-18T21:19:00+00:00,3.5058
180661,2026-09-18T21:19:59+00:00,3.5318
180692,2026-09-18T21:21:49+00:00,3.5056
180695,2026-09-18T21:22:00+00:00,3.5035
180699,2026-09-18T21:22:14+00:00,3.5070
180705,2026-09-18T21:22:35+00:00,3.5055
180735,2026-09-18T21:24:21+00:00,3.5303
180784,2026-09-18T21:27:18+00:00,3.5211
180866,2026-09-18T21:32:08+00:00,3.5148
180867,2026-09-18T21:32:12+00:00,3.5169
180879,2026-09-18T21:32:55+00:00,3.5079
180923,2026-09-18T21:35:31+00:00,3.5116
180954,2026-09-18T21:37:20+00:00,3.5142
180958,2026-09-18T21:37:35+00:00,3.5321
180959,2026-09-18T21:37:38+00:00,3.5527
180975,2026-09-18T21:38:35+00:00,3.5220
180983,2026-09-18T21:39:03+00:00,3.5128
181053,2026-09-18T21:43:32+00:00,3.4930
181063,2026-09-18T21:44:07+00:00,3.5265
181079,2026-09-18T21:45:04+00:00,3.4994
181106,2026-09-18T21:46:39+00:00,3.5375
181120,2026-09-18T21:47:29+00:00,3.5106
181162,2026-09-18T21:49:57+00:00,3.4996
181192,2026-09-18T21:51:42+00:00,3.5013
181200,2026-09-18T21:52:10+00:00,3.5224
181211,2026-09-18T21:52:49+00:00,3.4858
181238,2026-09-18T21:54:24+00:00,3.5036
181265,2026-09-18T21:55:59+00:00,3.5016
181269,2026-09-18T21:56:13+00:00,3.5076
181286,2026-09-18T21:57:13+00:00,3.5045
181287,2026-09-18T21:57:25+00:00,3.4965
181296,2026-09-18T21:58:06+00:00,3.4961
181325,2026-09-18T21:59:48+00:00,3.4993
181380,2026-09-18T22:03:01+00:00,3.5073
181401,2026-09-18T22:04:15+00:00,3.5207
181414,2026-09-18T22:05:01+00:00,3.5108
181423,2026-09-18T22:05:32+00:00,3.5088
181430,2026-09-18T22:05:58+00:00,3.5023
181431,2026-09-18T22:06:01+00:00,3.5111
181445,2026-09-18T22:06:51+00:00,3.5025
181448,2026-09-18T22:07:01+00:00,3.5079
181469,2026-09-18T22:08:15+00:00,3.5013
181483,2026-09-18T22:09:04+00:00,3.5022
181513,2026-09-18T22:10:50+00:00,3.5007
181572,2026-09-18T22:14:26+00:00,3.5163
181575,2026-09-18T22:14:37+00:00,3.5198
181583,2026-09-18T22:15:05+00:00,3.4963
181591,2026-09-18T22:15:34+00:00,3.4945
181611,2026-09-18T22:16:44+00:00,3.4947
181621,2026-09-18T22:17:19+00:00,3.5048
181633,2026-09-18T22:18:02+00:00,3.4974
181648,2026-09-18T22:18:55+00:00,3.4996
181652,2026-09-18T22:19:09+00:00,3.5132
181687,2026-09-18T22:21:13+00:00,3.5058
181697,2026-09-18T22:21:48+00:00,3.5185
181724,2026-09-18T22:23:23+00:00,3.4934
181742,2026-09-18T22:24:26+00:00,3.4946
181754,2026-09-18T22:25:08+00:00,3.4999
181792,2026-09-18T22:27:24+00:00,3.4949
181888,2026-09-18T22:34:03+00:00,3.4903
181893,2026-09-18T22:34:21+00:00,3.4981
181908,2026-09-18T22:35:14+00:00,3.5065
181922,2026-09-18T22:36:03+00:00,3.4978
181951,2026-09-18T22:37:45+00:00,3.5294
182007,2026-09-18T22:41:02+00:00,3.5009
182009,2026-09-18T22:41:09+00:00,3.5098
182072,2026-09-18T22:45:01+00:00,3.5021
182083,2026-09-18T22:45:40+00:00,3.4983
182098,2026-09-18T22:46:33+00:00,3.5077
182131,2026-09-18T22:48:29+00:00,3.5166
182136,2026-09-18T22:48:47+00:00,3.4947
182155,2026-09-18T22:49:53+00:00,3.4993
182180,2026-09-18T22:51:22+00:00,3.5059
182192,2026-09-18T22:52:05+00:00,3.5046
182196,2026-09-18T22:52:19+00:00,3.5026
182218,2026-09-18T22:53:36+00:00,3.4979
182292,2026-09-18T22:58:12+00:00,13.4359
182349,2026-09-18T23:01:35+00:00,3.6273
182396,2026-09-18T23:04:23+00:00,3.5187
182416,2026-09-18T23:05:34+00:00,3.5186
182443,2026-09-18T23:07:10+00:00,3.5215
182459,2026-09-18T23:08:07+00:00,3.5204
182473,2026-09-18T23:08:57+00:00,3.5152
182519,2026-09-18T23:11:39+00:00,3.4974
182541,2026-09-18T23:12:57+00:00,3.4996
182559,2026-09-18T23:14:12+00:00,3.5141
182564,2026-09-18T23:14:30+00:00,3.5080
182574,2026-09-18T23:15:05+00:00,3.5207
182596,2026-09-18T23:16:23+00:00,3.5010
182613,2026-09-18T23:17:24+00:00,3.5042
182629,2026-09-18T23:18:21+00:00,3.5954
182632,2026-09-18T23:18:31+00:00,3.5014
182639,2026-09-18T23:18:56+00:00,3.6147
182683,2026-09-18T23:21:32+00:00,3.5070
182719,2026-09-18T23:23:41+00:00,3.5632
182726,2026-09-18T23:24:06+00:00,3.5429
182743,2026-09-18T23:25:09+00:00,3.6423
182781,2026-09-18T23:27:29+00:00,3.6033
182803,2026-09-18T23:28:54+00:00,4.1246
182831,2026-09-18T23:30:36+00:00,3.7206
182858,2026-09-18T23:32:14+00:00,3.5561
182859,2026-09-18T23:32:18+00:00,3.6278
182896,2026-09-18T23:34:31+00:00,3.5490
182952,2026-09-18T23:37:53+00:00,3.6635
182955,2026-09-18T23:38:04+00:00,3.6518
183010,2026-09-18T23:41:23+00:00,3.5286
183039,2026-09-18T23:43:08+00:00,3.5134
183120,2026-09-18T23:48:09+00:00,3.5574
183152,2026-09-18T23:50:03+00:00,3.5777
183217,2026-09-18T23:53:56+00:00,3.5095
183218,2026-09-18T23:53:59+00:00,3.5132
183222,2026-09-18T23:54:13+00:00,3.5059
183226,2026-09-18T23:54:28+00:00,3.5120
183257,2026-09-18T23:56:21+00:00,3.6474
183302,2026-09-18T23:59:07+00:00,3.5191
183336,2026-09-19T00:01:09+00:00,3.5197
183346,2026-09-19T00:01:45+00:00,3.5230
183391,2026-09-19T00:04:24+00:00,3.4996
183397,2026-09-19T00:04:45+00:00,3.5056
183420,2026-09-19T00:06:07+00:00,3.5226
183518,2026-09-19T00:11:54+00:00,3.5436
183561,2026-09-19T00:47:55+00:00,3.5034
183565,2026-09-19T00:48:09+00:00,3.5066
183579,2026-09-19T00:48:58+00:00,3.4976
183597,2026-09-19T00:50:02+00:00,3.5239
183602,2026-09-19T00:50:20+00:00,3.5150
183624,2026-09-19T00:51:38+00:00,3.5080
183680,2026-09-19T00:54:55+00:00,3.5011
183740,2026-09-19T00:58:26+00:00,3.5062
183744,2026-09-19T00:58:40+00:00,3.4994
183798,2026-09-19T01:01:54+00:00,3.5138
183855,2026-09-19T01:05:15+00:00,3.5039
183913,2026-09-19T01:08:39+00:00,3.5206
183914,2026-09-19T01:08:43+00:00,3.5027
183923,2026-09-19T01:10:02+00:00,3.5004
183949,2026-09-19T01:11:34+00:00,3.5041
184018,2026-09-19T01:15:42+00:00,3.5043
184057,2026-09-19T01:17:59+00:00,3.5027
184076,2026-09-19T01:19:07+00:00,3.5104
184092,2026-09-19T01:20:03+00:00,3.4987
184103,2026-09-19T01:20:42+00:00,3.4997
184107,2026-09-19T01:20:56+00:00,3.5128
184122,2026-09-19T01:21:49+00:00,3.4966
184137,2026-09-19T01:22:42+00:00,3.4931
184191,2026-09-19T01:25:52+00:00,3.4956
184207,2026-09-19T01:26:49+00:00,3.5058
184244,2026-09-19T01:28:59+00:00,3.4950
184252,2026-09-19T01:29:31+00:00,3.5097
184256,2026-09-19T01:29:45+00:00,3.5135
184296,2026-09-19T01:32:06+00:00,3.4966
184297,2026-09-19T01:32:09+00:00,3.4921
184322,2026-09-19T01:33:37+00:00,3.5071
184427,2026-09-19T01:39:47+00:00,3.5068
184434,2026-09-19T01:40:12+00:00,3.4940
184439,2026-09-19T01:40:29+00:00,3.4897
184453,2026-09-19T01:41:19+00:00,3.4939
184465,2026-09-19T01:42:01+00:00,3.5044
184525,2026-09-19T01:45:37+00:00,3.4965
184576,2026-09-19T01:48:36+00:00,3.4976
184580,2026-09-19T01:48:51+00:00,3.5047
184595,2026-09-19T01:49:43+00:00,3.5087
184599,2026-09-19T01:49:57+00:00,3.4989
184609,2026-09-19T01:50:33+00:00,3.4922
184610,2026-09-19T01:50:36+00:00,3.5064
184640,2026-09-19T01:52:21+00:00,3.4914
184644,2026-09-19T01:52:36+00:00,3.4873
184658,2026-09-19T01:53:25+00:00,3.4994
184661,2026-09-19T01:53:35+00:00,3.4921
184684,2026-09-19T01:54:57+00:00,3.5135
184691,2026-09-19T01:55:21+00:00,3.5005
184700,2026-09-19T01:55:53+00:00,3.5106
184726,2026-09-19T01:57:24+00:00,3.5078
184788,2026-09-19T02:01:07+00:00,3.4999
184807,2026-09-19T02:02:14+00:00,3.5149
184814,2026-09-19T02:02:39+00:00,3.5119
184825,2026-09-19T02:03:18+00:00,3.5102
184834,2026-09-19T02:03:50+00:00,3.5125
184836,2026-09-19T02:03:57+00:00,3.4987
184837,2026-09-19T02:04:00+00:00,3.5023
184888,2026-09-19T02:07:00+00:00,3.4955
184902,2026-09-19T02:07:50+00:00,3.4960
184905,2026-09-19T02:08:00+00:00,3.4982
184965,2026-09-19T02:11:33+00:00,3.5052
184971,2026-09-19T02:11:54+00:00,3.5063
185001,2026-09-19T02:13:39+00:00,3.4942
185105,2026-09-19T02:19:50+00:00,3.5012
185135,2026-09-19T02:21:35+00:00,3.5038
185139,2026-09-19T02:21:49+00:00,3.4959
185142,2026-09-19T02:22:00+00:00,3.4999
185148,2026-09-19T02:22:21+00:00,3.5085
185194,2026-09-19T02:25:03+00:00,3.4978
185269,2026-09-19T02:29:30+00:00,3.5059
185288,2026-09-19T02:30:37+00:00,3.5011
185293,2026-09-19T02:30:55+00:00,3.4988
185306,2026-09-19T02:31:41+00:00,3.5065
185339,2026-09-19T02:33:37+00:00,3.5155
185343,2026-09-19T02:33:51+00:00,3.5239
185376,2026-09-19T02:35:48+00:00,3.4991
185381,2026-09-19T02:36:05+00:00,3.5057
185512,2026-09-19T02:43:46+00:00,3.5045
185576,2026-09-19T02:47:35+00:00,3.4980
185603,2026-09-19T02:49:10+00:00,3.5580
185606,2026-09-19T02:49:21+00:00,3.5027
185610,2026-09-19T02:49:35+00:00,3.4977
185701,2026-09-19T02:54:56+00:00,3.5050
185725,2026-09-19T02:56:20+00:00,3.5005
185726,2026-09-19T02:56:24+00:00,3.5007
185765,2026-09-19T02:58:42+00:00,3.4992
185813,2026-09-19T03:01:35+00:00,3.4882
185832,2026-09-19T03:02:42+00:00,3.5052
185869,2026-09-19T03:04:53+00:00,3.4988
185879,2026-09-19T03:05:28+00:00,3.4971
185890,2026-09-19T03:06:07+00:00,3.4969
185921,2026-09-19T03:07:57+00:00,3.4984
185956,2026-09-19T03:10:01+00:00,3.4926
185970,2026-09-19T03:10:50+00:00,3.5169
186005,2026-09-19T03:12:54+00:00,3.5123
186027,2026-09-19T03:14:12+00:00,3.5059
186048,2026-09-19T03:16:14+00:00,3.4997
186049,2026-09-19T03:16:18+00:00,3.4919
186071,2026-09-19T03:17:35+00:00,3.5016
186090,2026-09-19T03:18:42+00:00,3.5083
186105,2026-09-19T03:19:36+00:00,3.4974
186137,2026-09-19T03:21:28+00:00,3.4987
186138,2026-09-19T03:21:32+00:00,3.5047
186189,2026-09-19T03:24:33+00:00,3.5719
186211,2026-09-19T03:25:50+00:00,3.4977
186336,2026-09-19T03:33:14+00:00,3.4892
186338,2026-09-19T03:33:21+00:00,3.4994
186339,2026-09-19T03:33:25+00:00,3.5037
186342,2026-09-19T03:33:36+00:00,3.5181
186346,2026-09-19T03:33:50+00:00,3.4972
186368,2026-09-19T03:35:07+00:00,3.4947
186383,2026-09-19T03:36:00+00:00,3.4951
186436,2026-09-19T03:39:06+00:00,3.5108
186462,2026-09-19T03:40:38+00:00,3.5010
186499,2026-09-19T03:42:48+00:00,3.4946
186523,2026-09-19T03:44:12+00:00,3.4896
186537,2026-09-19T03:45:01+00:00,3.5002
186558,2026-09-19T03:46:19+00:00,3.5086
186581,2026-09-19T03:47:40+00:00,3.4971
186599,2026-09-19T03:48:43+00:00,3.4923
186621,2026-09-19T03:50:00+00:00,3.4990
186631,2026-09-19T03:50:36+00:00,3.5127
186633,2026-09-19T03:50:43+00:00,3.4968
186644,2026-09-19T03:51:21+00:00,3.5010
186655,2026-09-19T03:52:00+00:00,3.5114
186687,2026-09-19T03:53:53+00:00,4.3159
186705,2026-09-19T03:54:57+00:00,3.5095
186716,2026-09-19T03:55:36+00:00,3.5001
186764,2026-09-19T03:58:26+00:00,3.5156
186790,2026-09-19T03:59:57+00:00,3.4949
186842,2026-09-19T04:03:04+00:00,3.4975
186864,2026-09-19T04:04:22+00:00,3.5070
186876,2026-09-19T04:05:04+00:00,3.5036
186882,2026-09-19T04:05:25+00:00,3.4979
186900,2026-09-19T04:06:29+00:00,3.5022
186913,2026-09-19T04:07:15+00:00,3.5041
186921,2026-09-19T04:07:43+00:00,3.5101
186922,2026-09-19T04:07:46+00:00,3.5124
186924,2026-09-19T04:07:53+00:00,3.5218
186957,2026-09-19T04:09:49+00:00,3.4973
186988,2026-09-19T04:11:39+00:00,3.5070
186993,2026-09-19T04:11:56+00:00,3.5125
187018,2026-09-19T04:13:24+00:00,3.4978
187021,2026-09-19T04:13:35+00:00,3.4996
187066,2026-09-19T04:16:18+00:00,3.5065
187085,2026-09-19T04:17:24+00:00,3.4971
187127,2026-09-19T04:19:53+00:00,3.5105
187134,2026-09-19T04:20:18+00:00,3.5100
187147,2026-09-19T04:21:04+00:00,3.5041
187178,2026-09-19T04:22:53+00:00,3.5045
187182,2026-09-19T04:23:07+00:00,3.4928
187213,2026-09-19T04:24:56+00:00,3.5520
187229,2026-09-19T04:25:53+00:00,3.4918
187272,2026-09-19T04:28:25+00:00,3.5043
187345,2026-09-19T04:32:46+00:00,3.4965
187347,2026-09-19T04:32:53+00:00,3.5109
187372,2026-09-19T04:34:22+00:00,3.5021
187381,2026-09-19T04:34:54+00:00,3.5034
187385,2026-09-19T04:35:08+00:00,3.5120
187401,2026-09-19T04:36:05+00:00,3.5051
187415,2026-09-19T04:36:54+00:00,3.4965
187420,2026-09-19T04:37:12+00:00,3.5311
187437,2026-09-19T04:38:12+00:00,3.5036
187457,2026-09-19T04:39:23+00:00,3.5063
187460,2026-09-19T04:39:34+00:00,3.5226
187496,2026-09-19T04:41:41+00:00,3.4998
187500,2026-09-19T04:41:55+00:00,3.5210
187531,2026-09-19T04:43:45+00:00,3.5078
187552,2026-09-19T04:44:58+00:00,3.5011
187590,2026-09-19T04:47:16+00:00,3.5032
187615,2026-09-19T04:48:44+00:00,3.5145
187632,2026-09-19T04:49:44+00:00,3.5130
187660,2026-09-19T04:51:23+00:00,3.5007
187668,2026-09-19T04:51:51+00:00,3.4982
187704,2026-09-19T04:53:58+00:00,3.5053
187707,2026-09-19T04:54:09+00:00,3.5094
187745,2026-09-19T04:56:23+00:00,3.5186
187762,2026-09-19T04:57:23+00:00,3.5182
187786,2026-09-19T04:58:47+00:00,3.4990
187789,2026-09-19T04:58:58+00:00,3.4974
187841,2026-09-19T05:02:06+00:00,3.5246
187852,2026-09-19T05:02:44+00:00,3.5117
187883,2026-09-19T05:04:33+00:00,3.5004
187890,2026-09-19T05:04:58+00:00,3.5167
187901,2026-09-19T05:05:37+00:00,3.5111
187917,2026-09-19T05:06:33+00:00,3.5101
187919,2026-09-19T05:06:40+00:00,3.5009
187925,2026-09-19T05:07:01+00:00,3.5040
188001,2026-09-19T05:11:29+00:00,3.5097
188055,2026-09-19T05:14:40+00:00,3.5137
188067,2026-09-19T05:15:22+00:00,3.5088
188078,2026-09-19T05:16:05+00:00,3.5116
188101,2026-09-19T05:17:27+00:00,3.5030
188107,2026-09-19T05:17:48+00:00,3.4971
188171,2026-09-19T05:22:20+00:00,3.5013
188189,2026-09-19T05:23:24+00:00,3.5000
188209,2026-09-19T05:24:34+00:00,3.4983
188217,2026-09-19T05:25:02+00:00,3.5093
188218,2026-09-19T05:25:06+00:00,3.5072
188260,2026-09-19T05:27:34+00:00,3.5047
188263,2026-09-19T05:27:45+00:00,3.5185
188273,2026-09-19T05:28:20+00:00,3.5080
188285,2026-09-19T05:29:03+00:00,3.5009
188312,2026-09-19T05:30:37+00:00,3.5079
188330,2026-09-19T05:31:44+00:00,3.5161
188407,2026-09-19T05:36:18+00:00,3.5098
188433,2026-09-19T05:37:50+00:00,3.5087
188449,2026-09-19T05:38:47+00:00,3.5016
188455,2026-09-19T05:39:08+00:00,3.4995
188469,2026-09-19T05:39:57+00:00,3.5153
188524,2026-09-19T05:43:11+00:00,3.5044
188537,2026-09-19T05:43:57+00:00,3.5061
188601,2026-09-19T05:47:46+00:00,3.5125
188606,2026-09-19T05:48:04+00:00,3.5054
188643,2026-09-19T05:50:15+00:00,3.5151
188668,2026-09-19T05:51:43+00:00,3.5057
188695,2026-09-19T05:53:18+00:00,3.5100
188723,2026-09-19T05:54:57+00:00,3.4957
188753,2026-09-19T05:56:44+00:00,3.5052
188760,2026-09-19T05:57:32+00:00,3.5028
188761,2026-09-19T05:57:36+00:00,3.5271
188763,2026-09-19T05:57:43+00:00,3.4932
188798,2026-09-19T05:59:47+00:00,3.5335
188876,2026-09-19T06:04:22+00:00,3.4992
188918,2026-09-19T06:06:50+00:00,3.4992
188928,2026-09-19T06:07:26+00:00,3.5061
188969,2026-09-19T06:09:50+00:00,3.5518
188987,2026-09-19T06:10:53+00:00,3.5219
189035,2026-09-19T06:13:46+00:00,3.5218
189056,2026-09-19T06:15:00+00:00,3.5056
189104,2026-09-19T06:17:49+00:00,3.5041
189119,2026-09-19T06:18:42+00:00,3.5085
189144,2026-09-19T06:20:10+00:00,3.4893
189147,2026-09-19T06:20:21+00:00,3.4913
189201,2026-09-19T06:23:30+00:00,3.4960
189211,2026-09-19T06:24:06+00:00,3.4985
189266,2026-09-19T06:27:23+00:00,3.5046
189283,2026-09-19T06:28:23+00:00,3.5023
189288,2026-09-19T06:28:40+00:00,3.4986
189306,2026-09-19T06:29:44+00:00,3.4973
189335,2026-09-19T06:31:26+00:00,3.5013
189343,2026-09-19T06:31:54+00:00,3.4971
189346,2026-09-19T06:32:04+00:00,3.5143
189378,2026-09-19T06:33:57+00:00,3.5047
189396,2026-09-19T06:35:00+00:00,3.4951
189500,2026-09-19T06:41:07+00:00,3.5011
189507,2026-09-19T06:41:31+00:00,3.4992
189522,2026-09-19T06:42:27+00:00,3.5025
189529,2026-09-19T06:42:52+00:00,3.5078
189530,2026-09-19T06:42:56+00:00,3.4994
189588,2026-09-19T06:46:20+00:00,3.5053
189622,2026-09-19T06:48:19+00:00,3.4952
189647,2026-09-19T06:49:47+00:00,3.4977
189768,2026-09-19T06:56:53+00:00,3.4971
189780,2026-09-19T06:57:39+00:00,3.5360
189789,2026-09-19T06:58:11+00:00,3.5013
189792,2026-09-19T06:58:22+00:00,3.5066
189827,2026-09-19T07:00:25+00:00,3.4912
189840,2026-09-19T07:01:11+00:00,3.5092
189849,2026-09-19T07:01:42+00:00,3.4957
189879,2026-09-19T07:03:28+00:00,3.4975
189889,2026-09-19T07:04:03+00:00,3.5085
189960,2026-09-19T07:08:13+00:00,3.4967
189989,2026-09-19T07:09:55+00:00,3.4977
189994,2026-09-19T07:10:13+00:00,3.5195
190034,2026-09-19T07:12:37+00:00,3.5245
190052,2026-09-19T07:13:41+00:00,3.5150
190056,2026-09-19T07:13:55+00:00,3.4916
190088,2026-09-19T07:15:47+00:00,3.5008
190095,2026-09-19T07:16:12+00:00,3.5054
190160,2026-09-19T07:20:01+00:00,3.4966
190176,2026-09-19T07:20:57+00:00,3.4988
190178,2026-09-19T07:21:04+00:00,3.4912
190182,2026-09-19T07:21:18+00:00,3.4973
190196,2026-09-19T07:22:08+00:00,3.5044
190230,2026-09-19T07:24:07+00:00,3.5073
190290,2026-09-19T07:28:40+00:00,3.4976
190312,2026-09-19T07:29:57+00:00,3.5224
190342,2026-09-19T07:31:43+00:00,3.4879
190353,2026-09-19T07:32:21+00:00,3.4919
190502,2026-09-19T07:41:05+00:00,3.4982
190504,2026-09-19T07:41:12+00:00,3.4940
190542,2026-09-19T07:43:36+00:00,3.4934
190566,2026-09-19T07:45:02+00:00,3.5129
190586,2026-09-19T07:46:12+00:00,3.5022
190619,2026-09-19T07:48:09+00:00,3.4994
190637,2026-09-19T07:49:12+00:00,3.5045
190660,2026-09-19T07:50:33+00:00,3.4968
190704,2026-09-19T07:53:08+00:00,3.4995
190740,2026-09-19T07:55:15+00:00,3.4974
190784,2026-09-19T07:57:54+00:00,3.4989
190793,2026-09-19T07:58:42+00:00,3.5183
190838,2026-09-19T08:01:21+00:00,3.5027
190855,2026-09-19T08:02:21+00:00,3.5109
190874,2026-09-19T08:03:28+00:00,3.5060
190888,2026-09-19T08:04:17+00:00,3.5025
190920,2026-09-19T08:06:10+00:00,3.4984
190968,2026-09-19T08:08:59+00:00,3.5288
190988,2026-09-19T08:10:09+00:00,3.5082
191007,2026-09-19T08:11:16+00:00,3.4911
191060,2026-09-19T08:14:34+00:00,3.5006
191062,2026-09-19T08:14:41+00:00,3.5073
191116,2026-09-19T08:17:50+00:00,3.5049
191118,2026-09-19T08:17:58+00:00,3.5012
191131,2026-09-19T08:18:43+00:00,3.4945
191138,2026-09-19T08:19:08+00:00,3.4954
191149,2026-09-19T08:19:46+00:00,3.5009
191150,2026-09-19T08:19:50+00:00,3.4976
191199,2026-09-19T08:22:42+00:00,3.4871
191234,2026-09-19T08:24:45+00:00,3.4978
191259,2026-09-19T08:26:13+00:00,3.5149
191264,2026-09-19T08:26:31+00:00,3.4949
191271,2026-09-19T08:26:55+00:00,3.4981
191343,2026-09-19T08:31:12+00:00,3.4965
191355,2026-09-19T08:31:55+00:00,3.5036
191359,2026-09-19T08:32:09+00:00,3.5104
191380,2026-09-19T08:33:22+00:00,3.4965
191389,2026-09-19T08:33:55+00:00,3.4933
191390,2026-09-19T08:33:58+00:00,3.4893
191416,2026-09-19T08:35:29+00:00,3.4986
191425,2026-09-19T08:36:02+00:00,3.4924
191428,2026-09-19T08:36:12+00:00,3.5082
191448,2026-09-19T08:37:23+00:00,3.4980
191466,2026-09-19T08:38:26+00:00,3.4995
191469,2026-09-19T08:38:36+00:00,3.5041
191481,2026-09-19T08:39:19+00:00,4.2010
191498,2026-09-19T08:40:19+00:00,3.5006
191566,2026-09-19T08:44:22+00:00,3.5059
191575,2026-09-19T08:44:54+00:00,3.4902
191579,2026-09-19T08:45:08+00:00,3.5003
191581,2026-09-19T08:45:15+00:00,3.4944
191600,2026-09-19T08:46:22+00:00,3.4957
191634,2026-09-19T08:48:21+00:00,3.4950
191673,2026-09-19T08:50:38+00:00,3.5082
191695,2026-09-19T08:51:56+00:00,3.5015
191708,2026-09-19T08:52:42+00:00,3.5244
191775,2026-09-19T08:56:38+00:00,3.4999
191785,2026-09-19T08:57:13+00:00,3.4934
191805,2026-09-19T08:58:27+00:00,3.5005
191810,2026-09-19T08:58:45+00:00,3.5004
191821,2026-09-19T08:59:24+00:00,3.5024
191839,2026-09-19T09:00:27+00:00,3.5045
191846,2026-09-19T09:00:52+00:00,3.4959
191865,2026-09-19T09:01:58+00:00,3.5036
191961,2026-09-19T09:07:37+00:00,3.5093
191984,2026-09-19T09:08:58+00:00,3.4934
192034,2026-09-19T09:11:54+00:00,3.4978
192093,2026-09-19T09:15:30+00:00,3.4924
192105,2026-09-19T09:16:12+00:00,3.5019
192111,2026-09-19T09:16:33+00:00,3.5009
192118,2026-09-19T09:16:58+00:00,3.5068
192137,2026-09-19T09:18:05+00:00,3.5048
192156,2026-09-19T09:19:11+00:00,3.5153
192181,2026-09-19T09:20:39+00:00,3.4973
192205,2026-09-19T09:22:04+00:00,3.4986
192209,2026-09-19T09:22:18+00:00,3.4964
192227,2026-09-19T09:23:22+00:00,3.4928
192233,2026-09-19T09:23:43+00:00,3.5039
192286,2026-09-19T09:26:49+00:00,3.5024
192292,2026-09-19T09:27:10+00:00,3.5190
192307,2026-09-19T09:28:04+00:00,3.5050
192324,2026-09-19T09:29:07+00:00,3.4926
192391,2026-09-19T09:33:48+00:00,3.4995
192413,2026-09-19T09:35:05+00:00,3.5058
192429,2026-09-19T09:36:02+00:00,3.4975
192471,2026-09-19T09:38:30+00:00,3.5123
192474,2026-09-19T09:38:41+00:00,3.5196
192527,2026-09-19T09:41:48+00:00,3.4909
192615,2026-09-19T09:47:22+00:00,3.4965
192660,2026-09-19T09:50:00+00:00,3.4918
192738,2026-09-19T09:54:35+00:00,3.5010
192742,2026-09-19T09:54:49+00:00,3.4988
192780,2026-09-19T09:57:03+00:00,3.4983
192784,2026-09-19T09:57:17+00:00,3.4996
192794,2026-09-19T09:57:52+00:00,3.5028
192816,2026-09-19T09:59:13+00:00,3.5041
192872,2026-09-19T10:02:30+00:00,3.4936
192897,2026-09-19T10:03:58+00:00,3.5004
192945,2026-09-19T10:06:47+00:00,3.4979
192972,2026-09-19T10:08:22+00:00,3.4970
192986,2026-09-19T10:09:11+00:00,3.4966
193014,2026-09-19T10:10:49+00:00,3.5002
193034,2026-09-19T10:11:59+00:00,3.4972
193040,2026-09-19T10:12:21+00:00,3.5192
193045,2026-09-19T10:12:38+00:00,3.5007
193072,2026-09-19T10:14:17+00:00,3.4913
193077,2026-09-19T10:14:34+00:00,3.5021
193091,2026-09-19T10:15:24+00:00,3.4836
193116,2026-09-19T10:16:52+00:00,3.5574
193141,2026-09-19T10:18:20+00:00,3.5007
193170,2026-09-19T10:20:02+00:00,3.4919
193184,2026-09-19T10:20:51+00:00,3.4971
193209,2026-09-19T10:22:20+00:00,3.5080
193215,2026-09-19T10:22:41+00:00,3.4952
193216,2026-09-19T10:22:45+00:00,3.5087
193239,2026-09-19T10:24:05+00:00,3.5006
193301,2026-09-19T10:27:43+00:00,3.5031
193358,2026-09-19T10:31:08+00:00,3.4946
193371,2026-09-19T10:31:53+00:00,3.5195
193379,2026-09-19T10:32:21+00:00,3.4970
193415,2026-09-19T10:34:28+00:00,3.4929
193441,2026-09-19T10:36:00+00:00,3.5234
193477,2026-09-19T10:38:06+00:00,3.4929
193508,2026-09-19T10:39:56+00:00,3.4951
193619,2026-09-19T10:46:31+00:00,3.4945
193641,2026-09-19T10:47:49+00:00,3.4917
193647,2026-09-19T10:48:10+00:00,3.5032
193649,2026-09-19T10:48:17+00:00,3.4945
193656,2026-09-19T10:48:41+00:00,3.5024
193667,2026-09-19T10:49:20+00:00,3.5138
193690,2026-09-19T10:50:41+00:00,3.4936
193699,2026-09-19T10:51:13+00:00,3.4986
193703,2026-09-19T10:51:27+00:00,3.4901
193749,2026-09-19T10:54:09+00:00,3.4969
193768,2026-09-19T10:55:16+00:00,3.5072
193811,2026-09-19T10:57:47+00:00,3.5174
193827,2026-09-19T10:58:43+00:00,3.5007
193850,2026-09-19T11:00:08+00:00,3.4992
193877,2026-09-19T11:01:43+00:00,3.5189
193893,2026-09-19T11:02:39+00:00,3.5078
193906,2026-09-19T11:03:26+00:00,3.5115
193936,2026-09-19T11:05:11+00:00,3.5017
193944,2026-09-19T11:05:40+00:00,3.4937
193977,2026-09-19T11:07:36+00:00,3.5066
193997,2026-09-19T11:08:47+00:00,3.4926
194005,2026-09-19T11:09:15+00:00,3.5001
194014,2026-09-19T11:09:47+00:00,3.4966
194037,2026-09-19T11:11:08+00:00,3.5037
194095,2026-09-19T11:14:39+00:00,3.5255
194124,2026-09-19T11:16:21+00:00,3.5119
194136,2026-09-19T11:17:04+00:00,3.4973
194142,2026-09-19T11:17:25+00:00,3.4963
194145,2026-09-19T11:17:35+00:00,3.5066
194150,2026-09-19T11:17:53+00:00,3.4961
194166,2026-09-19T11:18:49+00:00,3.4970
194216,2026-09-19T11:21:45+00:00,3.4967
194289,2026-09-19T11:26:02+00:00,3.5017
194306,2026-09-19T11:27:02+00:00,3.5050
194311,2026-09-19T11:27:20+00:00,3.5059
194326,2026-09-19T11:28:12+00:00,3.4973
194341,2026-09-19T11:29:09+00:00,3.5818
194342,2026-09-19T11:29:13+00:00,3.5139
194345,2026-09-19T11:29:23+00:00,3.5062
194379,2026-09-19T11:31:23+00:00,3.5056
194417,2026-09-19T11:33:37+00:00,3.4955
194424,2026-09-19T11:34:01+00:00,3.5015
194429,2026-09-19T11:34:19+00:00,3.4993
194438,2026-09-19T11:34:51+00:00,3.4982
194527,2026-09-19T11:40:50+00:00,3.4943
194529,2026-09-19T11:40:57+00:00,3.4953
194563,2026-09-19T11:42:57+00:00,3.4955
194581,2026-09-19T11:44:00+00:00,3.4933
194677,2026-09-19T11:49:42+00:00,3.4918
194702,2026-09-19T11:51:10+00:00,3.4976
194755,2026-09-19T11:54:16+00:00,3.5108
194795,2026-09-19T11:56:37+00:00,3.4951
194796,2026-09-19T11:56:41+00:00,3.4893
194815,2026-09-19T11:57:48+00:00,3.4927
194832,2026-09-19T11:58:48+00:00,3.4929
194846,2026-09-19T11:59:41+00:00,3.5087
194880,2026-09-19T12:01:41+00:00,3.5130
194966,2026-09-19T12:06:43+00:00,3.5485
194969,2026-09-19T12:06:54+00:00,3.5025
195028,2026-09-19T12:10:22+00:00,3.5072
195034,2026-09-19T12:10:43+00:00,4.1047
195037,2026-09-19T12:10:54+00:00,3.4995
195057,2026-09-19T12:12:04+00:00,3.5028
195066,2026-09-19T12:12:37+00:00,3.5079
195097,2026-09-19T12:14:30+00:00,3.5150
195100,2026-09-19T12:14:41+00:00,3.4970
195101,2026-09-19T12:14:44+00:00,3.5016
195102,2026-09-19T12:14:48+00:00,3.5052
195130,2026-09-19T12:16:27+00:00,3.4983
195143,2026-09-19T12:17:12+00:00,3.5025
195174,2026-09-19T12:19:02+00:00,3.4978
195218,2026-09-19T12:21:37+00:00,3.5022
195228,2026-09-19T12:22:13+00:00,3.5054
195249,2026-09-19T12:23:27+00:00,3.4933
195275,2026-09-19T12:24:58+00:00,3.4969
195296,2026-09-19T12:26:13+00:00,3.4874
195298,2026-09-19T12:26:20+00:00,3.5051
195316,2026-09-19T12:27:23+00:00,3.4971
195347,2026-09-19T12:29:13+00:00,3.4939
195380,2026-09-19T12:31:13+00:00,3.5007
195419,2026-09-19T12:33:30+00:00,3.4929
195449,2026-09-19T12:35:17+00:00,3.4996
195465,2026-09-19T12:36:13+00:00,3.5237
195466,2026-09-19T12:36:17+00:00,3.4938
195527,2026-09-19T12:39:52+00:00,3.5060
195534,2026-09-19T12:40:16+00:00,3.4939
195556,2026-09-19T12:41:34+00:00,3.4927
195588,2026-09-19T12:43:26+00:00,3.4981
195636,2026-09-19T12:46:18+00:00,3.5048
195670,2026-09-19T12:48:18+00:00,3.4894
195740,2026-09-19T12:52:26+00:00,3.4993
195762,2026-09-19T12:53:43+00:00,3.4966
195774,2026-09-19T12:54:25+00:00,3.4925
195810,2026-09-19T12:56:32+00:00,3.4974
195856,2026-09-19T12:59:14+00:00,3.4955
195876,2026-09-19T13:00:28+00:00,3.5032
195883,2026-09-19T13:00:53+00:00,3.5329
195886,2026-09-19T13:01:04+00:00,3.4965
195939,2026-09-19T13:04:10+00:00,3.4982
195993,2026-09-19T13:07:20+00:00,3.4984
196004,2026-09-19T13:07:58+00:00,3.5241
196016,2026-09-19T13:08:40+00:00,3.4987
196017,2026-09-19T13:08:44+00:00,3.5039
196037,2026-09-19T13:09:55+00:00,3.5057
196051,2026-09-19T13:10:44+00:00,3.4938
196052,2026-09-19T13:10:47+00:00,3.4986
196071,2026-09-19T13:11:55+00:00,3.4958
196107,2026-09-19T13:14:03+00:00,3.5020
196126,2026-09-19T13:15:14+00:00,3.5048
196129,2026-09-19T13:15:25+00:00,3.4960
196187,2026-09-19T13:18:48+00:00,3.4937
196188,2026-09-19T13:18:52+00:00,3.4967
196199,2026-09-19T13:19:31+00:00,3.5032
196216,2026-09-19T13:20:31+00:00,3.4926
196269,2026-09-19T13:23:38+00:00,3.5010
196275,2026-09-19T13:23:59+00:00,3.5001
196278,2026-09-19T13:24:09+00:00,3.5022
196283,2026-09-19T13:24:27+00:00,3.4941
196288,2026-09-19T13:24:44+00:00,3.5009
196403,2026-09-19T13:31:33+00:00,3.5092
196411,2026-09-19T13:32:01+00:00,3.5006
196448,2026-09-19T13:34:12+00:00,3.4906
196449,2026-09-19T13:34:15+00:00,3.5065
196476,2026-09-19T13:35:50+00:00,3.5241
196529,2026-09-19T13:38:57+00:00,3.4931
196587,2026-09-19T13:42:23+00:00,3.4993
196628,2026-09-19T13:45:36+00:00,3.4927
196643,2026-09-19T13:46:29+00:00,3.4983
196645,2026-09-19T13:46:36+00:00,3.4918
196692,2026-09-19T13:49:21+00:00,3.5081
196711,2026-09-19T13:50:28+00:00,3.5082
196723,2026-09-19T13:51:10+00:00,3.4960
196754,2026-09-19T13:52:59+00:00,3.4956
196809,2026-09-19T13:56:13+00:00,3.4899
196840,2026-09-19T13:58:03+00:00,3.4990
196844,2026-09-19T13:58:17+00:00,3.4919
196847,2026-09-19T13:58:27+00:00,3.5135
196904,2026-09-19T14:01:58+00:00,3.4950
196915,2026-09-19T14:02:37+00:00,3.5190
196934,2026-09-19T14:03:44+00:00,3.4991
196958,2026-09-19T14:05:08+00:00,3.5074
197029,2026-09-19T14:09:19+00:00,3.4912
197047,2026-09-19T14:10:22+00:00,3.5003
197054,2026-09-19T14:10:46+00:00,3.5138
197065,2026-09-19T14:11:25+00:00,3.4954
197146,2026-09-19T14:16:14+00:00,3.5089
197194,2026-09-19T14:19:02+00:00,3.5086
197224,2026-09-19T14:20:48+00:00,3.5037
197255,2026-09-19T14:22:37+00:00,3.5048
197279,2026-09-19T14:24:01+00:00,3.4911
197301,2026-09-19T14:25:19+00:00,3.4949
197321,2026-09-19T14:26:30+00:00,3.4974
197348,2026-09-19T14:28:05+00:00,3.4938
197350,2026-09-19T14:28:12+00:00,3.4915
197397,2026-09-19T14:31:01+00:00,3.5085
197426,2026-09-19T14:32:45+00:00,3.5051
197446,2026-09-19T14:33:55+00:00,3.4940
197514,2026-09-19T14:37:55+00:00,3.5137
197515,2026-09-19T14:37:58+00:00,3.5241
197535,2026-09-19T14:39:09+00:00,3.5041
197537,2026-09-19T14:39:16+00:00,3.5114
197539,2026-09-19T14:39:23+00:00,3.5051
197544,2026-09-19T14:39:40+00:00,3.6033
197588,2026-09-19T14:42:16+00:00,3.5088
197605,2026-09-19T14:43:16+00:00,3.4999
197610,2026-09-19T14:43:34+00:00,3.5056
197632,2026-09-19T14:44:52+00:00,3.5157
197643,2026-09-19T14:45:35+00:00,3.4920
197684,2026-09-19T14:47:59+00:00,3.5113
197689,2026-09-19T14:48:16+00:00,3.4952
197690,2026-09-19T14:48:20+00:00,3.4913
197711,2026-09-19T14:49:34+00:00,3.4961
197723,2026-09-19T14:50:16+00:00,3.4964
197728,2026-09-19T14:50:33+00:00,3.4959
197731,2026-09-19T14:50:44+00:00,3.5054
197765,2026-09-19T14:52:45+00:00,3.4998
197802,2026-09-19T14:54:55+00:00,3.5030
197822,2026-09-19T14:56:05+00:00,3.5214
197837,2026-09-19T14:56:58+00:00,3.4940
197858,2026-09-19T14:58:12+00:00,3.5009
197868,2026-09-19T14:58:47+00:00,3.4989
197895,2026-09-19T15:00:27+00:00,4.4919
197907,2026-09-19T15:01:09+00:00,3.4950
197932,2026-09-19T15:02:37+00:00,3.4965
197946,2026-09-19T15:03:26+00:00,3.5052
197958,2026-09-19T15:04:09+00:00,3.5051
197977,2026-09-19T15:05:15+00:00,3.5031
198015,2026-09-19T15:07:29+00:00,3.4982
198075,2026-09-19T15:11:00+00:00,3.5082
198086,2026-09-19T15:11:38+00:00,3.4931
198089,2026-09-19T15:11:49+00:00,3.4963
198142,2026-09-19T15:14:56+00:00,3.4966
198156,2026-09-19T15:15:49+00:00,3.4961
198158,2026-09-19T15:15:56+00:00,3.5004
198186,2026-09-19T15:17:35+00:00,3.4977
198223,2026-09-19T15:19:45+00:00,3.4973
198286,2026-09-19T15:23:27+00:00,3.4970
198299,2026-09-19T15:24:13+00:00,3.5065
198393,2026-09-19T15:29:44+00:00,3.5165
198408,2026-09-19T15:30:40+00:00,3.5278
198441,2026-09-19T15:32:36+00:00,3.4995
198475,2026-09-19T15:34:36+00:00,3.4974
198565,2026-09-19T15:39:54+00:00,3.5001
198567,2026-09-19T15:40:01+00:00,3.4904
198588,2026-09-19T15:41:15+00:00,3.5144
198599,2026-09-19T15:41:53+00:00,3.4882
198656,2026-09-19T15:45:14+00:00,3.4941
198698,2026-09-19T15:48:17+00:00,3.4953
198765,2026-09-19T15:52:59+00:00,3.4891
198796,2026-09-19T15:54:48+00:00,3.4985
198844,2026-09-19T15:57:37+00:00,3.5047
198874,2026-09-19T15:59:24+00:00,3.5044
198878,2026-09-19T15:59:38+00:00,3.4925
198891,2026-09-19T16:00:24+00:00,3.5029
198895,2026-09-19T16:00:38+00:00,3.5050
198897,2026-09-19T16:00:49+00:00,3.4980
198915,2026-09-19T16:01:52+00:00,3.5074
198931,2026-09-19T16:02:49+00:00,3.4949
198933,2026-09-19T16:02:56+00:00,3.4930
198947,2026-09-19T16:03:45+00:00,3.4990
198949,2026-09-19T16:03:52+00:00,3.5080
198973,2026-09-19T16:05:16+00:00,3.4949
198989,2026-09-19T16:06:12+00:00,3.4993
199001,2026-09-19T16:06:55+00:00,3.5049
199002,2026-09-19T16:06:58+00:00,3.4991
199013,2026-09-19T16:07:37+00:00,3.4969
199046,2026-09-19T16:09:33+00:00,3.4939
199086,2026-09-19T16:11:53+00:00,3.4968
199132,2026-09-19T16:14:36+00:00,3.4950
199155,2026-09-19T16:16:01+00:00,3.5038
199156,2026-09-19T16:16:04+00:00,3.4984
199181,2026-09-19T16:17:32+00:00,3.4966
199201,2026-09-19T16:18:42+00:00,3.5406
199238,2026-09-19T16:20:53+00:00,3.5008
199255,2026-09-19T16:21:53+00:00,3.4921
199266,2026-09-19T16:22:32+00:00,3.5031
199290,2026-09-19T16:23:56+00:00,3.4974
199297,2026-09-19T16:24:21+00:00,3.5034
199313,2026-09-19T16:25:17+00:00,3.5071
199322,2026-09-19T16:25:49+00:00,3.4989
199366,2026-09-19T16:28:24+00:00,3.4969
199378,2026-09-19T16:29:06+00:00,3.5140
199385,2026-09-19T16:29:31+00:00,3.5098
199452,2026-09-19T16:33:30+00:00,3.4887
199481,2026-09-19T16:35:12+00:00,3.4910
199524,2026-09-19T16:37:44+00:00,3.5050
199534,2026-09-19T16:38:19+00:00,4.0925
199560,2026-09-19T16:39:51+00:00,3.4946
199574,2026-09-19T16:40:41+00:00,3.5017
199585,2026-09-19T16:41:19+00:00,3.4964
199637,2026-09-19T16:44:22+00:00,3.5032
199639,2026-09-19T16:44:29+00:00,3.4902
199657,2026-09-19T16:45:33+00:00,3.4946
199661,2026-09-19T16:45:47+00:00,3.5033
199681,2026-09-19T16:47:01+00:00,3.5078
199683,2026-09-19T16:47:08+00:00,3.4857
199693,2026-09-19T16:47:43+00:00,3.4724
199717,2026-09-19T16:49:08+00:00,3.5892
199732,2026-09-19T16:50:00+00:00,3.5039
199764,2026-09-19T16:51:53+00:00,3.5235
199773,2026-09-19T16:52:25+00:00,3.5044
199782,2026-09-19T16:52:57+00:00,3.4955
199786,2026-09-19T16:53:11+00:00,3.5044
199805,2026-09-19T16:54:18+00:00,3.4922
199807,2026-09-19T16:54:25+00:00,3.4917
199812,2026-09-19T16:54:42+00:00,3.4941
199825,2026-09-19T16:55:28+00:00,3.4976
199876,2026-09-19T16:58:27+00:00,3.4963
199877,2026-09-19T16:58:31+00:00,3.4998
199883,2026-09-19T16:58:52+00:00,3.4963
199888,2026-09-19T16:59:10+00:00,3.5222
200005,2026-09-19T17:06:06+00:00,3.5011
200031,2026-09-19T17:07:37+00:00,3.5496
200108,2026-09-19T17:12:09+00:00,3.4900
200266,2026-09-19T17:21:29+00:00,3.4954
200267,2026-09-19T17:21:33+00:00,3.4827
200269,2026-09-19T17:21:40+00:00,3.4895
200346,2026-09-19T17:26:11+00:00,3.5163
200354,2026-09-19T17:26:39+00:00,3.5098
200442,2026-09-19T17:31:52+00:00,3.5126
200447,2026-09-19T17:32:10+00:00,3.5071
200492,2026-09-19T17:34:48+00:00,3.4863
200506,2026-09-19T17:35:37+00:00,3.4914
200514,2026-09-19T17:36:05+00:00,3.4995
200525,2026-09-19T17:36:44+00:00,3.4867
200538,2026-09-19T17:37:30+00:00,3.4997
200548,2026-09-19T17:38:05+00:00,3.4907
200553,2026-09-19T17:38:22+00:00,3.4972
200564,2026-09-19T17:39:01+00:00,3.4946
200575,2026-09-19T17:39:40+00:00,3.4967
200581,2026-09-19T17:40:01+00:00,3.4906
200602,2026-09-19T17:41:15+00:00,3.4921
200607,2026-09-19T17:41:32+00:00,3.5068
200614,2026-09-19T17:41:57+00:00,3.4901
200618,2026-09-19T17:42:11+00:00,3.4992
200622,2026-09-19T17:42:25+00:00,3.4998
200659,2026-09-19T17:44:35+00:00,3.4930
200694,2026-09-19T17:46:43+00:00,3.5111
200740,2026-09-19T17:49:26+00:00,3.4991
200743,2026-09-19T17:49:36+00:00,3.4929
200751,2026-09-19T17:50:04+00:00,3.4940
200780,2026-09-19T17:51:46+00:00,3.5096
200789,2026-09-19T17:52:18+00:00,3.5067
200791,2026-09-19T17:52:25+00:00,3.5041
200826,2026-09-19T17:54:28+00:00,3.4999
200875,2026-09-19T17:58:06+00:00,3.4952
200882,2026-09-19T17:58:30+00:00,3.5080
200887,2026-09-19T17:58:48+00:00,3.4917
200933,2026-09-19T18:01:34+00:00,3.4981
200970,2026-09-19T18:03:47+00:00,3.4935
200979,2026-09-19T18:04:19+00:00,3.4965
200980,2026-09-19T18:04:22+00:00,3.5001
201013,2026-09-19T18:06:19+00:00,3.4958
201019,2026-09-19T18:06:40+00:00,3.4971
201058,2026-09-19T18:08:58+00:00,3.5020
201067,2026-09-19T18:09:30+00:00,3.5011
201105,2026-09-19T18:11:43+00:00,3.5273
201109,2026-09-19T18:11:57+00:00,3.4869
201127,2026-09-19T18:13:00+00:00,3.4893
201206,2026-09-19T18:17:42+00:00,3.4957
201241,2026-09-19T18:19:45+00:00,3.5163
201268,2026-09-19T18:21:21+00:00,3.5003
201284,2026-09-19T18:22:19+00:00,3.4971
201301,2026-09-19T18:23:19+00:00,3.5049
201304,2026-09-19T18:23:29+00:00,3.5009
201310,2026-09-19T18:23:51+00:00,3.5125
201317,2026-09-19T18:24:15+00:00,3.5113
201378,2026-09-19T18:27:50+00:00,3.5123
201397,2026-09-19T18:28:57+00:00,3.5049
201432,2026-09-19T18:31:01+00:00,3.5051
201465,2026-09-19T18:33:02+00:00,3.5051
201644,2026-09-19T18:43:33+00:00,3.4953
201701,2026-09-19T18:47:02+00:00,3.5036
201705,2026-09-19T18:47:16+00:00,3.4903
201739,2026-09-19T18:49:16+00:00,3.5006
201742,2026-09-19T18:49:26+00:00,3.5017
201745,2026-09-19T18:49:37+00:00,3.4998
201759,2026-09-19T18:50:26+00:00,3.4923
201782,2026-09-19T18:51:47+00:00,3.4968
201790,2026-09-19T18:52:15+00:00,3.4916
201806,2026-09-19T18:53:12+00:00,3.5033
201813,2026-09-19T18:53:36+00:00,3.5039
201817,2026-09-19T18:53:50+00:00,3.4981
201862,2026-09-19T18:56:29+00:00,3.5018
201870,2026-09-19T18:56:57+00:00,3.5305
201876,2026-09-19T18:57:19+00:00,3.4987
201947,2026-09-19T19:01:28+00:00,3.5146
201957,2026-09-19T19:02:07+00:00,3.5110
201984,2026-09-19T19:03:42+00:00,3.4968
202019,2026-09-19T19:05:45+00:00,3.5067
202029,2026-09-19T19:06:20+00:00,3.4905
202033,2026-09-19T19:06:34+00:00,3.5052
202036,2026-09-19T19:06:45+00:00,3.5016
202043,2026-09-19T19:07:09+00:00,3.5024
202080,2026-09-19T19:09:20+00:00,3.4963
202090,2026-09-19T19:09:55+00:00,3.5001
202096,2026-09-19T19:10:16+00:00,3.4924
202098,2026-09-19T19:10:23+00:00,3.5114
202106,2026-09-19T19:10:51+00:00,3.4995
202136,2026-09-19T19:12:36+00:00,3.5029
202145,2026-09-19T19:13:08+00:00,3.4994
202164,2026-09-19T19:14:15+00:00,3.4969
202210,2026-09-19T19:17:00+00:00,3.4972
202215,2026-09-19T19:17:28+00:00,3.4942
202230,2026-09-19T19:18:20+00:00,3.5006
202234,2026-09-19T19:18:34+00:00,3.5065
202273,2026-09-19T19:20:52+00:00,3.4931
202275,2026-09-19T19:20:59+00:00,3.5018
202282,2026-09-19T19:21:24+00:00,3.4881
202296,2026-09-19T19:22:13+00:00,3.4958
202315,2026-09-19T19:23:20+00:00,3.4983
202329,2026-09-19T19:24:09+00:00,3.5086
202347,2026-09-19T19:25:12+00:00,3.4928
202413,2026-09-19T19:29:05+00:00,3.5758
202441,2026-09-19T19:30:43+00:00,3.4966
202442,2026-09-19T19:30:47+00:00,3.4901
202481,2026-09-19T19:33:21+00:00,3.4916
202524,2026-09-19T19:35:53+00:00,3.5010
202530,2026-09-19T19:36:14+00:00,3.5016
202583,2026-09-19T19:39:21+00:00,3.4978
202587,2026-09-19T19:39:35+00:00,3.5098
202629,2026-09-19T19:42:04+00:00,3.4998
202647,2026-09-19T19:43:07+00:00,3.4948
202656,2026-09-19T19:43:38+00:00,3.4972
202696,2026-09-19T19:46:00+00:00,3.4994
202747,2026-09-19T19:49:03+00:00,3.5115
202758,2026-09-19T19:49:42+00:00,3.5088
202764,2026-09-19T19:50:03+00:00,3.4973
202774,2026-09-19T19:50:38+00:00,3.4947
202783,2026-09-19T19:51:10+00:00,3.5004
202797,2026-09-19T19:51:59+00:00,3.5018
202874,2026-09-19T19:56:30+00:00,3.5019
202891,2026-09-19T19:57:30+00:00,3.5083
202918,2026-09-19T19:59:05+00:00,3.5057
202931,2026-09-19T19:59:51+00:00,3.4941
202937,2026-09-19T20:00:12+00:00,3.5085
203004,2026-09-19T20:04:56+00:00,3.5078
203005,2026-09-19T20:05:00+00:00,3.4946
203034,2026-09-19T20:06:42+00:00,3.5021
203053,2026-09-19T20:07:49+00:00,3.4975
203061,2026-09-19T20:08:17+00:00,3.4992
203111,2026-09-19T20:11:14+00:00,3.4917
203126,2026-09-19T20:12:07+00:00,3.5094
203154,2026-09-19T20:13:45+00:00,3.5056
203173,2026-09-19T20:14:52+00:00,3.5118
203238,2026-09-19T20:18:44+00:00,3.5015
203269,2026-09-19T20:20:33+00:00,3.4902
203270,2026-09-19T20:20:37+00:00,3.4909
203271,2026-09-19T20:20:40+00:00,3.4984
203279,2026-09-19T20:21:08+00:00,3.4905
203281,2026-09-19T20:21:36+00:00,3.5092
203294,2026-09-19T20:22:22+00:00,3.5074
203301,2026-09-19T20:22:46+00:00,3.5032
203304,2026-09-19T20:22:57+00:00,3.4981
203325,2026-09-19T20:24:11+00:00,3.5003
203362,2026-09-19T20:26:21+00:00,3.4932
203501,2026-09-19T20:34:30+00:00,3.5009
203503,2026-09-19T20:34:37+00:00,3.4973
203508,2026-09-19T20:34:54+00:00,3.4885
203528,2026-09-19T20:36:05+00:00,3.4976
203533,2026-09-19T20:36:39+00:00,3.5087
203535,2026-09-19T20:36:46+00:00,3.4962
203549,2026-09-19T20:37:36+00:00,3.5082
203581,2026-09-19T20:39:29+00:00,3.4904
203617,2026-09-19T20:41:37+00:00,3.4962
203659,2026-09-19T20:44:05+00:00,3.5012
203681,2026-09-19T20:45:23+00:00,3.4953
203686,2026-09-19T20:45:40+00:00,3.4940
203711,2026-09-19T20:47:08+00:00,3.4971
203727,2026-09-19T20:48:05+00:00,3.4940
203749,2026-09-19T20:49:22+00:00,3.4992
203770,2026-09-19T20:50:36+00:00,3.4989
203784,2026-09-19T20:51:30+00:00,3.6487
203787,2026-09-19T20:51:40+00:00,3.5883
203818,2026-09-19T20:53:29+00:00,3.5012
203821,2026-09-19T20:53:40+00:00,3.4975
203847,2026-09-19T20:55:11+00:00,3.4903
203855,2026-09-19T20:55:39+00:00,3.4965
203856,2026-09-19T20:55:43+00:00,3.4921
203884,2026-09-19T20:57:21+00:00,3.5016
203927,2026-09-19T20:59:53+00:00,3.5428
203928,2026-09-19T20:59:56+00:00,3.4945
203946,2026-09-19T21:01:00+00:00,3.5006
203988,2026-09-19T21:03:28+00:00,3.5033
204069,2026-09-19T21:08:28+00:00,3.4955
204093,2026-09-19T21:09:53+00:00,3.5005
204105,2026-09-19T21:10:35+00:00,3.5001
204118,2026-09-19T21:11:21+00:00,3.5049
204134,2026-09-19T21:12:17+00:00,3.5059
204138,2026-09-19T21:12:31+00:00,3.5023
204143,2026-09-19T21:12:49+00:00,3.4953
204199,2026-09-19T21:16:07+00:00,3.4947
204222,2026-09-19T21:17:29+00:00,3.5096
204233,2026-09-19T21:18:07+00:00,3.4949
204249,2026-09-19T21:19:04+00:00,3.5144
204309,2026-09-19T21:22:59+00:00,3.5068
204322,2026-09-19T21:23:45+00:00,3.4945
204336,2026-09-19T21:24:35+00:00,3.5407
204454,2026-09-19T21:31:31+00:00,3.4893
204459,2026-09-19T21:31:48+00:00,3.4953
204474,2026-09-19T21:32:41+00:00,3.4967
204479,2026-09-19T21:32:59+00:00,3.4994
204502,2026-09-19T21:34:20+00:00,3.4999
204514,2026-09-19T21:35:03+00:00,3.4923
204524,2026-09-19T21:35:38+00:00,3.4939
204527,2026-09-19T21:35:48+00:00,3.4904
204532,2026-09-19T21:36:06+00:00,3.4970
204540,2026-09-19T21:36:34+00:00,3.4932
204548,2026-09-19T21:37:14+00:00,3.4947
204627,2026-09-19T21:41:51+00:00,3.4925
204638,2026-09-19T21:42:30+00:00,3.4902
204657,2026-09-19T21:43:37+00:00,3.4987
204659,2026-09-19T21:43:44+00:00,3.5031
204663,2026-09-19T21:43:58+00:00,3.4910
204665,2026-09-19T21:44:05+00:00,3.5067
204685,2026-09-19T21:45:16+00:00,3.4981
204701,2026-09-19T21:46:12+00:00,3.4910
204704,2026-09-19T21:46:23+00:00,3.5003
204705,2026-09-19T21:46:26+00:00,3.4982
204722,2026-09-19T21:47:26+00:00,3.4932
204736,2026-09-19T21:48:15+00:00,3.4997
204753,2026-09-19T21:49:15+00:00,3.5028
204764,2026-09-19T21:49:53+00:00,3.4937
204769,2026-09-19T21:50:11+00:00,3.4993
204775,2026-09-19T21:50:32+00:00,3.4998
204827,2026-09-19T21:53:39+00:00,3.5052
204845,2026-09-19T21:54:42+00:00,3.4899
204860,2026-09-19T21:55:35+00:00,3.4977
204874,2026-09-19T21:56:24+00:00,3.5008
204901,2026-09-19T21:57:59+00:00,3.4955
204948,2026-09-19T22:00:44+00:00,3.4983
204951,2026-09-19T22:00:54+00:00,3.5011
204969,2026-09-19T22:01:58+00:00,3.4987
204996,2026-09-19T22:03:33+00:00,3.4948
205024,2026-09-19T22:05:11+00:00,3.5025
205026,2026-09-19T22:05:18+00:00,3.4987
205035,2026-09-19T22:05:50+00:00,3.4912
205038,2026-09-19T22:06:00+00:00,3.4936
205067,2026-09-19T22:08:32+00:00,3.4993
205183,2026-09-19T22:15:20+00:00,3.4967
205221,2026-09-19T22:17:33+00:00,3.4966
205241,2026-09-19T22:18:44+00:00,3.4980
205249,2026-09-19T22:19:12+00:00,3.4990
205261,2026-09-19T22:19:55+00:00,3.4931
205314,2026-09-19T22:23:04+00:00,3.4869
205316,2026-09-19T22:23:11+00:00,3.4951
205348,2026-09-19T22:25:04+00:00,3.4928
205357,2026-09-19T22:25:36+00:00,3.4907
205383,2026-09-19T22:27:07+00:00,3.4947
205428,2026-09-19T22:29:45+00:00,3.4983
205463,2026-09-19T22:31:49+00:00,3.4961
205484,2026-09-19T22:33:04+00:00,3.4989
205579,2026-09-19T22:38:42+00:00,3.4981
205624,2026-09-19T22:41:20+00:00,3.4981
205662,2026-09-19T22:43:33+00:00,3.5028
205672,2026-09-19T22:44:09+00:00,3.5077
205680,2026-09-19T22:44:37+00:00,3.4972
205688,2026-09-19T22:45:05+00:00,3.4897
205713,2026-09-19T22:46:33+00:00,3.5015
205725,2026-09-19T22:47:16+00:00,3.4871
205748,2026-09-19T22:48:36+00:00,3.4971
205756,2026-09-19T22:49:05+00:00,3.4998
205773,2026-09-19T22:50:04+00:00,3.5019
205805,2026-09-19T22:52:03+00:00,3.6034
205854,2026-09-19T22:55:03+00:00,3.5041
205888,2026-09-19T22:57:03+00:00,3.5686
205905,2026-09-19T22:58:03+00:00,3.4926
205920,2026-09-19T22:58:56+00:00,3.4998
205981,2026-09-19T23:02:32+00:00,3.5191
206018,2026-09-19T23:04:43+00:00,3.4935
206025,2026-09-19T23:05:08+00:00,3.5063
206037,2026-09-19T23:05:50+00:00,3.4926
206056,2026-09-19T23:06:57+00:00,3.5000
206105,2026-09-19T23:09:53+00:00,3.4956
206106,2026-09-19T23:09:56+00:00,3.5087
206163,2026-09-19T23:13:17+00:00,3.4918
206173,2026-09-19T23:13:53+00:00,3.4989
206178,2026-09-19T23:14:11+00:00,3.4983
206183,2026-09-19T23:14:28+00:00,3.4962
206228,2026-09-19T23:17:06+00:00,3.4941
206245,2026-09-19T23:18:06+00:00,3.4904
206266,2026-09-19T23:19:20+00:00,3.4957
206389,2026-09-19T23:26:37+00:00,3.5103
206410,2026-09-19T23:27:51+00:00,3.5136
206475,2026-09-19T23:31:39+00:00,3.5219
206510,2026-09-19T23:33:44+00:00,3.5007
206519,2026-09-19T23:34:16+00:00,3.4919
206547,2026-09-19T23:35:54+00:00,3.4922
206558,2026-09-19T23:36:33+00:00,3.4926
206562,2026-09-19T23:36:47+00:00,3.4940
206580,2026-09-19T23:37:57+00:00,3.5008
206592,2026-09-19T23:38:39+00:00,3.4974
206595,2026-09-19T23:38:50+00:00,3.4987
206607,2026-09-19T23:39:32+00:00,3.5084
206613,2026-09-19T23:39:53+00:00,3.5079
206617,2026-09-19T23:40:07+00:00,3.5076
206619,2026-09-19T23:40:14+00:00,3.4995
206620,2026-09-19T23:40:18+00:00,3.4925
206629,2026-09-19T23:40:49+00:00,3.4988
206640,2026-09-19T23:41:28+00:00,3.4939
206645,2026-09-19T23:41:45+00:00,3.4977
206654,2026-09-19T23:42:17+00:00,3.4925
206676,2026-09-19T23:43:34+00:00,3.5055
206686,2026-09-19T23:44:10+00:00,3.5054
206693,2026-09-19T23:44:35+00:00,3.4972
206776,2026-09-19T23:49:26+00:00,3.4990
206777,2026-09-19T23:49:30+00:00,3.4989
206778,2026-09-19T23:49:34+00:00,4.0888
206806,2026-09-19T23:51:12+00:00,3.4998
206859,2026-09-19T23:54:26+00:00,3.5039
206863,2026-09-19T23:54:40+00:00,3.5202
206871,2026-09-19T23:55:08+00:00,3.4966
206889,2026-09-19T23:56:11+00:00,3.5029
206895,2026-09-19T23:56:32+00:00,3.4931
206907,2026-09-19T23:57:15+00:00,3.4956
206908,2026-09-19T23:57:18+00:00,3.4998
206932,2026-09-19T23:58:43+00:00,3.5019
206936,2026-09-19T23:58:57+00:00,3.4990
206981,2026-09-20T00:01:35+00:00,3.4902
207029,2026-09-20T00:04:24+00:00,3.4932
207085,2026-09-20T00:07:55+00:00,3.4868
207122,2026-09-20T00:10:06+00:00,3.4937
207188,2026-09-20T00:14:45+00:00,3.4918
207206,2026-09-20T00:15:49+00:00,3.4971
207225,2026-09-20T00:16:55+00:00,3.4948
207229,2026-09-20T00:17:10+00:00,3.5250
207243,2026-09-20T00:17:59+00:00,3.4913
207245,2026-09-20T00:18:06+00:00,3.4972
207284,2026-09-20T00:20:24+00:00,3.4962
207288,2026-09-20T00:20:38+00:00,3.5056
207294,2026-09-20T00:20:59+00:00,3.5072
207299,2026-09-20T00:21:17+00:00,3.5218
207354,2026-09-20T00:24:37+00:00,3.5040
207375,2026-09-20T00:25:52+00:00,3.4942
207380,2026-09-20T00:26:10+00:00,3.5068
207427,2026-09-20T00:28:56+00:00,3.5044
207518,2026-09-20T00:34:17+00:00,3.4923
207519,2026-09-20T00:34:21+00:00,3.4984
207551,2026-09-20T00:36:13+00:00,3.4919
207585,2026-09-20T00:38:17+00:00,3.5042
207620,2026-09-20T00:40:20+00:00,3.4975
207626,2026-09-20T00:40:41+00:00,3.4902
207628,2026-09-20T00:40:48+00:00,3.4913
207633,2026-09-20T00:41:06+00:00,3.4952
207637,2026-09-20T00:41:20+00:00,3.5050
207653,2026-09-20T00:42:16+00:00,3.5015
207660,2026-09-20T00:42:41+00:00,3.4945
207693,2026-09-20T00:44:38+00:00,3.5042
207695,2026-09-20T00:44:45+00:00,3.4944
207714,2026-09-20T00:45:51+00:00,3.4905
207720,2026-09-20T00:46:13+00:00,3.5032
207777,2026-09-20T00:49:33+00:00,3.4962
207833,2026-09-20T00:52:58+00:00,5.2740
207838,2026-09-20T00:53:15+00:00,3.4916
207851,2026-09-20T00:54:01+00:00,3.4947
207854,2026-09-20T00:54:11+00:00,3.5042
207870,2026-09-20T00:55:07+00:00,3.4978
207885,2026-09-20T00:56:00+00:00,3.4952
207894,2026-09-20T00:56:32+00:00,3.4968
207899,2026-09-20T00:56:50+00:00,3.4941
207923,2026-09-20T00:58:14+00:00,3.7566
207957,2026-09-20T01:00:13+00:00,3.4874
207994,2026-09-20T01:02:25+00:00,3.5359
208024,2026-09-20T01:04:10+00:00,3.5121
208033,2026-09-20T01:04:42+00:00,3.5035
208081,2026-09-20T01:07:31+00:00,3.5008
208088,2026-09-20T01:07:58+00:00,3.5006
208108,2026-09-20T01:09:10+00:00,3.4950
208114,2026-09-20T01:09:31+00:00,3.4913
208158,2026-09-20T01:12:06+00:00,3.4918
208176,2026-09-20T01:13:10+00:00,3.5289
208189,2026-09-20T01:13:55+00:00,3.4908
208215,2026-09-20T01:15:27+00:00,3.4925
208223,2026-09-20T01:15:55+00:00,3.5221
208261,2026-09-20T01:18:08+00:00,3.4887
208271,2026-09-20T01:18:43+00:00,3.4916
208280,2026-09-20T01:19:15+00:00,3.4906
208483,2026-09-20T01:31:14+00:00,3.4836
208500,2026-09-20T01:32:14+00:00,3.5227
208517,2026-09-20T01:33:13+00:00,3.5023
208523,2026-09-20T01:33:35+00:00,3.4877
208530,2026-09-20T01:33:59+00:00,3.4975
208582,2026-09-20T01:37:02+00:00,3.5116
208630,2026-09-20T01:40:07+00:00,3.4961
208633,2026-09-20T01:40:18+00:00,3.5015
208645,2026-09-20T01:41:00+00:00,3.5155
208822,2026-09-20T01:51:21+00:00,3.4951
208830,2026-09-20T01:51:50+00:00,3.4869
208843,2026-09-20T01:52:36+00:00,3.4998
208853,2026-09-20T01:53:19+00:00,3.5011
208855,2026-09-20T01:53:26+00:00,3.5089
208865,2026-09-20T01:54:01+00:00,3.4964
208877,2026-09-20T01:54:43+00:00,3.4997
208918,2026-09-20T01:57:07+00:00,3.5081
208921,2026-09-20T01:57:18+00:00,3.5144
208936,2026-09-20T01:58:11+00:00,3.5074
208973,2026-09-20T02:00:21+00:00,3.4940
209013,2026-09-20T02:02:42+00:00,3.4980
209021,2026-09-20T02:03:11+00:00,3.5177
209033,2026-09-20T02:03:53+00:00,3.4964
209046,2026-09-20T02:04:38+00:00,3.5023
209082,2026-09-20T02:06:45+00:00,3.4992
209178,2026-09-20T02:12:27+00:00,3.5003
209192,2026-09-20T02:13:16+00:00,3.4944
209211,2026-09-20T02:14:23+00:00,3.5475
209212,2026-09-20T02:14:26+00:00,3.5180
209237,2026-09-20T02:15:54+00:00,3.4979
209246,2026-09-20T02:16:26+00:00,3.5006
209249,2026-09-20T02:16:37+00:00,3.5062
209276,2026-09-20T02:18:12+00:00,3.5055
209284,2026-09-20T02:18:40+00:00,3.4982
209295,2026-09-20T02:20:03+00:00,3.5022
209340,2026-09-20T02:22:42+00:00,3.5314
209347,2026-09-20T02:23:07+00:00,3.5154
209374,2026-09-20T02:24:47+00:00,3.4921
209380,2026-09-20T02:25:08+00:00,3.4941
209398,2026-09-20T02:26:11+00:00,3.4973
209431,2026-09-20T02:28:08+00:00,3.4920
209456,2026-09-20T02:29:37+00:00,3.4872
209465,2026-09-20T02:30:08+00:00,3.4983
209484,2026-09-20T02:31:15+00:00,3.5035
209493,2026-09-20T02:31:47+00:00,3.4996
209508,2026-09-20T02:32:39+00:00,3.4952
209518,2026-09-20T02:33:15+00:00,3.5007
209521,2026-09-20T02:33:25+00:00,3.4948
209588,2026-09-20T02:37:22+00:00,3.5044
209624,2026-09-20T02:39:36+00:00,3.5049
209636,2026-09-20T02:40:18+00:00,3.4996
209668,2026-09-20T02:42:11+00:00,3.5068
209669,2026-09-20T02:42:14+00:00,3.4916
209684,2026-09-20T02:43:08+00:00,3.4991
209691,2026-09-20T02:43:32+00:00,3.5113
209698,2026-09-20T02:43:57+00:00,3.5194
209742,2026-09-20T02:46:32+00:00,3.5075
209747,2026-09-20T02:46:49+00:00,3.5033
209757,2026-09-20T02:47:25+00:00,3.5087
209778,2026-09-20T02:48:39+00:00,3.5117
209799,2026-09-20T02:49:53+00:00,3.5048
209855,2026-09-20T02:53:10+00:00,3.4979
209868,2026-09-20T02:53:59+00:00,3.4956
209872,2026-09-20T02:54:13+00:00,3.4985
209892,2026-09-20T02:55:24+00:00,3.5255
209894,2026-09-20T02:55:31+00:00,3.4938
209898,2026-09-20T02:55:45+00:00,3.4960
209910,2026-09-20T02:56:27+00:00,3.4960
209913,2026-09-20T02:56:37+00:00,3.5003
209925,2026-09-20T02:57:20+00:00,3.4912
209950,2026-09-20T02:58:47+00:00,3.5081
209968,2026-09-20T02:59:51+00:00,3.4983
209973,2026-09-20T03:00:08+00:00,3.4935
210004,2026-09-20T03:01:57+00:00,3.4941
210025,2026-09-20T03:03:11+00:00,3.4982
210031,2026-09-20T03:03:32+00:00,3.5376
210045,2026-09-20T03:04:21+00:00,3.5002
210105,2026-09-20T03:07:52+00:00,3.4995
210116,2026-09-20T03:08:31+00:00,3.4988
210122,2026-09-20T03:08:56+00:00,3.5270
210154,2026-09-20T03:10:48+00:00,3.5030
210165,2026-09-20T03:11:27+00:00,3.5017
210190,2026-09-20T03:12:55+00:00,3.4912
210215,2026-09-20T03:14:23+00:00,3.5015
210238,2026-09-20T03:15:43+00:00,3.5029
210323,2026-09-20T03:20:43+00:00,3.5129
210326,2026-09-20T03:20:53+00:00,3.5057
210331,2026-09-20T03:21:11+00:00,3.5029
210410,2026-09-20T03:25:52+00:00,3.4986
210450,2026-09-20T03:28:13+00:00,3.4921
210469,2026-09-20T03:29:20+00:00,3.5020
210491,2026-09-20T03:30:37+00:00,3.5052
210515,2026-09-20T03:32:02+00:00,3.5128
210516,2026-09-20T03:32:05+00:00,3.5035
210573,2026-09-20T03:35:27+00:00,3.5002
210585,2026-09-20T03:36:09+00:00,3.5023
210596,2026-09-20T03:36:48+00:00,3.4940
210600,2026-09-20T03:37:02+00:00,3.4966
210609,2026-09-20T03:37:34+00:00,3.4951
210631,2026-09-20T03:38:55+00:00,3.5021
210677,2026-09-20T03:41:37+00:00,3.4974
210680,2026-09-20T03:41:47+00:00,3.4992
210706,2026-09-20T03:43:19+00:00,3.4967
210720,2026-09-20T03:44:08+00:00,3.5056
210741,2026-09-20T03:45:22+00:00,3.4953
210749,2026-09-20T03:45:50+00:00,3.4935
210754,2026-09-20T03:46:08+00:00,3.5057
210757,2026-09-20T03:46:18+00:00,3.4973
210773,2026-09-20T03:47:15+00:00,3.5000
210776,2026-09-20T03:47:25+00:00,3.5014
210797,2026-09-20T03:48:39+00:00,3.4988
210806,2026-09-20T03:49:11+00:00,3.4961
210826,2026-09-20T03:50:21+00:00,3.4929
210918,2026-09-20T03:55:50+00:00,3.4919
210926,2026-09-20T03:56:18+00:00,3.4908
210964,2026-09-20T03:58:32+00:00,3.5037
210996,2026-09-20T04:00:25+00:00,3.5113
211062,2026-09-20T04:04:16+00:00,3.4951
211076,2026-09-20T04:05:05+00:00,3.4865
211087,2026-09-20T04:05:44+00:00,3.5039
211097,2026-09-20T04:06:19+00:00,3.4983
211163,2026-09-20T04:10:18+00:00,3.4915
211168,2026-09-20T04:10:35+00:00,3.4938
211178,2026-09-20T04:11:10+00:00,3.5399
211241,2026-09-20T04:14:52+00:00,3.4904
211252,2026-09-20T04:15:31+00:00,3.5226
211311,2026-09-20T04:19:00+00:00,3.5004
211312,2026-09-20T04:19:04+00:00,3.4976
211313,2026-09-20T04:19:07+00:00,3.4868
211386,2026-09-20T04:23:23+00:00,3.5009
211419,2026-09-20T04:26:09+00:00,3.4988
211426,2026-09-20T04:26:33+00:00,3.5102
211452,2026-09-20T04:28:05+00:00,3.4926
211464,2026-09-20T04:28:47+00:00,3.4997
211522,2026-09-20T04:32:12+00:00,3.4955
211539,2026-09-20T04:33:12+00:00,3.4904
211577,2026-09-20T04:35:26+00:00,3.4965
211583,2026-09-20T04:35:48+00:00,3.4893
211584,2026-09-20T04:35:51+00:00,3.4950
211612,2026-09-20T04:37:29+00:00,3.5027
211617,2026-09-20T04:37:47+00:00,3.4994
211620,2026-09-20T04:37:58+00:00,3.5062
211639,2026-09-20T04:39:05+00:00,3.4977
211652,2026-09-20T04:40:03+00:00,3.4931
211658,2026-09-20T04:40:25+00:00,3.5209
211706,2026-09-20T04:43:13+00:00,3.5024
211757,2026-09-20T04:46:13+00:00,3.5073
211774,2026-09-20T04:47:14+00:00,3.4998
211802,2026-09-20T04:48:53+00:00,3.5037
211816,2026-09-20T04:49:42+00:00,3.4971
211824,2026-09-20T04:50:10+00:00,3.4862
211853,2026-09-20T04:51:52+00:00,3.4976
211860,2026-09-20T04:52:17+00:00,3.4931
211866,2026-09-20T04:52:38+00:00,3.5016
211876,2026-09-20T04:53:14+00:00,3.4931
211894,2026-09-20T04:54:17+00:00,3.4927
211899,2026-09-20T04:54:41+00:00,3.5018
211907,2026-09-20T04:55:09+00:00,3.4918
211908,2026-09-20T04:55:12+00:00,3.4970
211911,2026-09-20T04:55:23+00:00,3.4955
211915,2026-09-20T04:55:37+00:00,3.5068
211981,2026-09-20T04:59:29+00:00,3.5045
212019,2026-09-20T05:01:43+00:00,3.5004
212020,2026-09-20T05:01:47+00:00,3.5013
212024,2026-09-20T05:02:01+00:00,3.4938
212027,2026-09-20T05:02:11+00:00,3.4929
212032,2026-09-20T05:02:29+00:00,3.4948
212034,2026-09-20T05:02:36+00:00,3.4945
212054,2026-09-20T05:03:46+00:00,3.5052
212062,2026-09-20T05:04:14+00:00,3.4925
212108,2026-09-20T05:06:56+00:00,3.5047
212115,2026-09-20T05:07:20+00:00,3.4955
212122,2026-09-20T05:07:45+00:00,3.4956
212144,2026-09-20T05:09:03+00:00,3.4992
212171,2026-09-20T05:10:51+00:00,3.4945
212175,2026-09-20T05:11:06+00:00,3.4916
212176,2026-09-20T05:11:09+00:00,3.4934
212230,2026-09-20T05:14:19+00:00,3.5001
212237,2026-09-20T05:14:44+00:00,3.4975
212261,2026-09-20T05:16:08+00:00,3.4995
212263,2026-09-20T05:16:15+00:00,3.4997
212275,2026-09-20T05:16:57+00:00,3.4935
212281,2026-09-20T05:17:19+00:00,3.5155
212297,2026-09-20T05:18:15+00:00,3.4926
212324,2026-09-20T05:19:50+00:00,3.4926
212352,2026-09-20T05:21:29+00:00,3.4889
212354,2026-09-20T05:21:36+00:00,3.4962
212385,2026-09-20T05:23:26+00:00,3.5229
212401,2026-09-20T05:24:22+00:00,3.4845
212419,2026-09-20T05:25:35+00:00,3.4981
212425,2026-09-20T05:25:56+00:00,3.4964
212434,2026-09-20T05:26:28+00:00,3.4943
212521,2026-09-20T05:31:35+00:00,3.5233
212556,2026-09-20T05:33:38+00:00,3.5090
212586,2026-09-20T05:35:24+00:00,3.4958
212638,2026-09-20T05:38:27+00:00,3.4961
212647,2026-09-20T05:38:59+00:00,3.4982
212657,2026-09-20T05:39:34+00:00,3.4951
212678,2026-09-20T05:40:56+00:00,3.5023
212690,2026-09-20T05:41:38+00:00,3.4971
212711,2026-09-20T05:42:52+00:00,3.4993
212723,2026-09-20T05:43:34+00:00,3.5026
212762,2026-09-20T05:45:51+00:00,3.5022
212843,2026-09-20T05:50:36+00:00,3.4947
212873,2026-09-20T05:52:22+00:00,3.4978
212882,2026-09-20T05:52:53+00:00,3.5037
212899,2026-09-20T05:53:53+00:00,3.5468
212908,2026-09-20T05:54:25+00:00,3.5001
212921,2026-09-20T05:55:15+00:00,3.4977
212927,2026-09-20T05:55:36+00:00,3.4884
212942,2026-09-20T05:56:29+00:00,3.5016
212954,2026-09-20T05:57:11+00:00,3.5020
212959,2026-09-20T05:57:29+00:00,3.4912
212994,2026-09-20T05:59:32+00:00,3.4942
213023,2026-09-20T06:01:14+00:00,3.4914
213078,2026-09-20T06:04:27+00:00,3.5115
213171,2026-09-20T06:10:01+00:00,5.9990
213175,2026-09-20T06:10:15+00:00,3.5105
213208,2026-09-20T06:12:11+00:00,3.4903
213228,2026-09-20T06:13:22+00:00,3.5022
213297,2026-09-20T06:17:26+00:00,3.4930
213323,2026-09-20T06:18:57+00:00,3.4989
213340,2026-09-20T06:19:57+00:00,3.5021
213348,2026-09-20T06:20:25+00:00,3.5065
213364,2026-09-20T06:21:21+00:00,3.4844
213374,2026-09-20T06:21:56+00:00,3.4978
213380,2026-09-20T06:22:18+00:00,3.5014
213387,2026-09-20T06:22:42+00:00,3.5140
213407,2026-09-20T06:23:53+00:00,3.4939
213410,2026-09-20T06:24:03+00:00,3.4911
213411,2026-09-20T06:24:07+00:00,3.4967
213416,2026-09-20T06:24:24+00:00,3.4938
213457,2026-09-20T06:26:54+00:00,3.4903
213465,2026-09-20T06:27:22+00:00,3.4960
213496,2026-09-20T06:29:11+00:00,3.4932
213561,2026-09-20T06:33:45+00:00,3.5129
213573,2026-09-20T06:34:28+00:00,3.4963
213684,2026-09-20T06:41:07+00:00,3.4996
213686,2026-09-20T06:41:14+00:00,3.4981
213718,2026-09-20T06:43:07+00:00,3.4928
213722,2026-09-20T06:43:21+00:00,3.5130
213734,2026-09-20T06:44:03+00:00,3.4899
213765,2026-09-20T06:45:53+00:00,4.0776
213774,2026-09-20T06:46:24+00:00,3.4896
213783,2026-09-20T06:46:56+00:00,3.5116
213829,2026-09-20T06:49:38+00:00,3.5009
213840,2026-09-20T06:50:16+00:00,3.4952
213853,2026-09-20T06:51:02+00:00,3.4948
213860,2026-09-20T06:51:26+00:00,3.5122
213909,2026-09-20T06:54:19+00:00,3.5046
213932,2026-09-20T06:55:49+00:00,3.5169
213997,2026-09-20T06:59:38+00:00,3.4972
214023,2026-09-20T07:01:10+00:00,3.4924
214027,2026-09-20T07:01:24+00:00,3.4960
214060,2026-09-20T07:03:20+00:00,3.5001
214122,2026-09-20T07:06:59+00:00,3.4999
214130,2026-09-20T07:07:27+00:00,3.4946
214156,2026-09-20T07:08:58+00:00,3.4959
214157,2026-09-20T07:09:02+00:00,3.4894
214191,2026-09-20T07:11:06+00:00,3.4965
214197,2026-09-20T07:11:28+00:00,3.5010
214226,2026-09-20T07:13:11+00:00,3.5076
214257,2026-09-20T07:15:00+00:00,3.4937
214270,2026-09-20T07:15:46+00:00,3.4924
214278,2026-09-20T07:16:14+00:00,3.5011
214306,2026-09-20T07:17:53+00:00,3.4909
214333,2026-09-20T07:19:28+00:00,3.4899
214374,2026-09-20T07:21:52+00:00,3.4931
214380,2026-09-20T07:22:13+00:00,3.5206
214407,2026-09-20T07:23:48+00:00,3.5006
214413,2026-09-20T07:24:09+00:00,3.5027
214476,2026-09-20T07:27:58+00:00,3.4933
214493,2026-09-20T07:28:59+00:00,3.4913
214495,2026-09-20T07:29:06+00:00,3.4882
214538,2026-09-20T07:31:37+00:00,3.5007
214585,2026-09-20T07:34:23+00:00,3.5078
214587,2026-09-20T07:34:30+00:00,3.5045
214618,2026-09-20T07:36:19+00:00,3.5038
214621,2026-09-20T07:36:29+00:00,3.4988
214629,2026-09-20T07:36:58+00:00,3.5359
214674,2026-09-20T07:39:36+00:00,3.5001
214680,2026-09-20T07:39:57+00:00,3.5192
214711,2026-09-20T07:41:50+00:00,3.5355
214715,2026-09-20T07:42:04+00:00,3.4919
214748,2026-09-20T07:44:00+00:00,3.5001
214776,2026-09-20T07:45:38+00:00,3.4927
214802,2026-09-20T07:47:10+00:00,3.5008
214851,2026-09-20T07:50:03+00:00,3.4979
214863,2026-09-20T07:50:45+00:00,3.4917
214874,2026-09-20T07:51:24+00:00,3.5007
214877,2026-09-20T07:51:34+00:00,3.4954
214898,2026-09-20T07:52:48+00:00,3.4991
214920,2026-09-20T07:54:07+00:00,3.5024
214924,2026-09-20T07:54:21+00:00,3.4966
214967,2026-09-20T07:56:58+00:00,3.4971
214973,2026-09-20T07:57:20+00:00,3.5073
214986,2026-09-20T07:58:06+00:00,3.5000
214995,2026-09-20T07:58:37+00:00,3.5026
214999,2026-09-20T07:58:51+00:00,3.4917
215005,2026-09-20T07:59:13+00:00,3.4888
215021,2026-09-20T08:00:09+00:00,3.4987
215035,2026-09-20T08:00:59+00:00,3.4917
215070,2026-09-20T08:03:02+00:00,3.4863
215079,2026-09-20T08:03:34+00:00,3.4977
215082,2026-09-20T08:03:44+00:00,3.4919
215104,2026-09-20T08:05:02+00:00,3.5167
215121,2026-09-20T08:06:01+00:00,3.4915
215129,2026-09-20T08:06:29+00:00,3.5044
215143,2026-09-20T08:07:18+00:00,3.4954
215210,2026-09-20T08:11:24+00:00,3.4955
215270,2026-09-20T08:14:56+00:00,3.5002
215298,2026-09-20T08:16:34+00:00,3.5124
215319,2026-09-20T08:17:48+00:00,3.4944
215339,2026-09-20T08:18:59+00:00,3.4883
215371,2026-09-20T08:20:52+00:00,3.4926
215410,2026-09-20T08:23:10+00:00,3.4990
215421,2026-09-20T08:23:48+00:00,3.4966
215465,2026-09-20T08:26:29+00:00,3.4909
215476,2026-09-20T08:27:08+00:00,3.4925
215511,2026-09-20T08:29:11+00:00,3.5159
215574,2026-09-20T08:32:54+00:00,3.5130
215659,2026-09-20T08:38:39+00:00,3.4958
215668,2026-09-20T08:39:11+00:00,3.4973
215669,2026-09-20T08:39:14+00:00,3.4952
215673,2026-09-20T08:39:28+00:00,3.5032
215692,2026-09-20T08:40:35+00:00,3.4933
215697,2026-09-20T08:40:53+00:00,3.4901
215736,2026-09-20T08:43:19+00:00,3.4918
215772,2026-09-20T08:45:25+00:00,3.4911
215794,2026-09-20T08:46:42+00:00,3.5096
215801,2026-09-20T08:47:07+00:00,3.5048
215814,2026-09-20T08:47:53+00:00,3.4911
215826,2026-09-20T08:48:35+00:00,3.4913
215863,2026-09-20T08:50:45+00:00,3.4994
215874,2026-09-20T08:51:25+00:00,3.5106
215887,2026-09-20T08:52:10+00:00,3.5104
215915,2026-09-20T08:53:49+00:00,3.4955
215936,2026-09-20T08:55:02+00:00,3.5165
215942,2026-09-20T08:55:23+00:00,3.4934
216041,2026-09-20T09:01:15+00:00,3.4928
216062,2026-09-20T09:02:29+00:00,3.5528
216080,2026-09-20T09:03:32+00:00,3.5012
216091,2026-09-20T09:04:11+00:00,3.5027
216146,2026-09-20T09:07:25+00:00,3.4965
216149,2026-09-20T09:07:35+00:00,3.4884
216182,2026-09-20T09:09:32+00:00,3.5381
216204,2026-09-20T09:10:49+00:00,3.4951
216223,2026-09-20T09:12:03+00:00,3.5005
216304,2026-09-20T09:16:48+00:00,3.4983
216327,2026-09-20T09:18:09+00:00,3.4959
216360,2026-09-20T09:20:05+00:00,3.4899
216394,2026-09-20T09:22:05+00:00,3.5025
216416,2026-09-20T09:23:22+00:00,3.4954
216435,2026-09-20T09:24:29+00:00,3.4944
216450,2026-09-20T09:25:21+00:00,3.4987
216465,2026-09-20T09:26:14+00:00,3.4943
216487,2026-09-20T09:27:37+00:00,3.4954
216494,2026-09-20T09:28:02+00:00,3.4971
216547,2026-09-20T09:31:09+00:00,3.4892
216550,2026-09-20T09:31:19+00:00,3.4973
216555,2026-09-20T09:31:37+00:00,3.5032
216612,2026-09-20T09:34:58+00:00,3.5002
216613,2026-09-20T09:35:02+00:00,3.5080
216621,2026-09-20T09:35:30+00:00,3.4902
216627,2026-09-20T09:35:51+00:00,3.4894
216677,2026-09-20T09:38:50+00:00,3.4967
216691,2026-09-20T09:39:39+00:00,3.4993
216761,2026-09-20T09:43:48+00:00,3.5061
216762,2026-09-20T09:43:52+00:00,3.4928
216829,2026-09-20T09:47:47+00:00,3.5002
216838,2026-09-20T09:48:19+00:00,3.4995
216853,2026-09-20T09:49:12+00:00,3.4964
216912,2026-09-20T09:52:39+00:00,3.4985
216934,2026-09-20T09:53:56+00:00,3.5022
217041,2026-09-20T10:00:23+00:00,3.5039
217047,2026-09-20T10:00:45+00:00,3.4976
217054,2026-09-20T10:01:10+00:00,3.5132
217059,2026-09-20T10:01:27+00:00,3.5012
217083,2026-09-20T10:02:52+00:00,3.5155
217084,2026-09-20T10:02:56+00:00,3.5323
217129,2026-09-20T10:05:34+00:00,3.4947
217156,2026-09-20T10:07:09+00:00,3.4971
217160,2026-09-20T10:07:24+00:00,3.4988
217170,2026-09-20T10:07:59+00:00,3.4923
217187,2026-09-20T10:08:59+00:00,3.4937
217258,2026-09-20T10:13:17+00:00,3.5044
217273,2026-09-20T10:14:09+00:00,3.4984
217374,2026-09-20T10:20:05+00:00,3.5003
217403,2026-09-20T10:21:47+00:00,3.5025
217414,2026-09-20T10:22:25+00:00,3.4938
217429,2026-09-20T10:23:18+00:00,3.4957
217459,2026-09-20T10:25:03+00:00,3.4934
217487,2026-09-20T10:26:46+00:00,3.4904
217544,2026-09-20T10:30:19+00:00,3.4926
217588,2026-09-20T10:32:54+00:00,3.4886
217602,2026-09-20T10:33:43+00:00,3.5232
217610,2026-09-20T10:34:12+00:00,3.4877
217625,2026-09-20T10:35:04+00:00,3.5055
217717,2026-09-20T10:40:28+00:00,3.4953
217735,2026-09-20T10:41:31+00:00,3.4938
217762,2026-09-20T10:43:56+00:00,3.5045
217770,2026-09-20T10:44:25+00:00,3.5124
217822,2026-09-20T10:54:11+00:00,3.5247
217829,2026-09-20T10:54:36+00:00,3.5319
217839,2026-09-20T10:55:12+00:00,3.5258
217851,2026-09-20T10:55:55+00:00,3.5381
217900,2026-09-20T10:58:49+00:00,3.5258
217907,2026-09-20T10:59:13+00:00,3.5192
217933,2026-09-20T11:00:46+00:00,3.5383
217951,2026-09-20T11:01:49+00:00,3.5251
217971,2026-09-20T11:03:00+00:00,3.5299
217972,2026-09-20T11:03:04+00:00,3.5251
217974,2026-09-20T11:03:11+00:00,3.5370
218037,2026-09-20T11:06:59+00:00,3.5398
218062,2026-09-20T11:08:28+00:00,3.5201
218063,2026-09-20T11:08:31+00:00,3.5251
218071,2026-09-20T11:09:01+00:00,3.5229
218113,2026-09-20T11:11:29+00:00,3.5210
218155,2026-09-20T11:13:58+00:00,3.5266
218161,2026-09-20T11:14:19+00:00,3.5408
218215,2026-09-20T11:17:32+00:00,3.5304
218241,2026-09-20T11:19:05+00:00,3.5428
218254,2026-09-20T11:19:51+00:00,3.5319
218283,2026-09-20T11:21:38+00:00,3.5320
218293,2026-09-20T11:22:13+00:00,3.5258
218297,2026-09-20T11:22:28+00:00,3.5249
218311,2026-09-20T11:23:17+00:00,3.5446
218397,2026-09-20T11:28:24+00:00,3.5302
218409,2026-09-20T11:29:06+00:00,3.5235
218415,2026-09-20T11:29:27+00:00,3.5298
218432,2026-09-20T11:30:28+00:00,3.5271
218448,2026-09-20T11:31:24+00:00,3.5714
218458,2026-09-20T11:32:00+00:00,3.5331
218462,2026-09-20T11:32:14+00:00,3.5264
218500,2026-09-20T11:34:29+00:00,3.5340
218522,2026-09-20T11:35:51+00:00,3.5303
218530,2026-09-20T11:36:19+00:00,3.5266
218538,2026-09-20T11:36:47+00:00,3.5547
218635,2026-09-20T11:42:33+00:00,3.5322
218637,2026-09-20T11:42:40+00:00,3.5249
218684,2026-09-20T11:45:26+00:00,3.5291
218710,2026-09-20T11:47:00+00:00,4.1966
218721,2026-09-20T11:47:39+00:00,3.5237
218725,2026-09-20T11:47:53+00:00,3.5286
218734,2026-09-20T11:48:25+00:00,3.5265
218746,2026-09-20T11:49:08+00:00,3.5245
218765,2026-09-20T11:50:15+00:00,3.5251
218830,2026-09-20T11:54:09+00:00,3.5260
218892,2026-09-20T11:57:49+00:00,3.5281
218915,2026-09-20T11:59:11+00:00,3.5129
218996,2026-09-20T12:03:58+00:00,3.5276
219061,2026-09-20T12:07:53+00:00,3.5282
219066,2026-09-20T12:08:11+00:00,3.5208
219088,2026-09-20T12:09:29+00:00,3.5278
219100,2026-09-20T12:10:11+00:00,3.5343
219125,2026-09-20T12:11:41+00:00,3.5272
219127,2026-09-20T12:11:48+00:00,3.5306
219129,2026-09-20T12:11:55+00:00,3.5294
219136,2026-09-20T12:12:20+00:00,3.5293
219163,2026-09-20T12:13:56+00:00,3.5300
219173,2026-09-20T12:14:33+00:00,3.5679
219196,2026-09-20T12:15:54+00:00,3.5302
219258,2026-09-20T12:19:34+00:00,3.5265
219284,2026-09-20T12:21:10+00:00,3.6155
219298,2026-09-20T12:22:00+00:00,3.5348
219324,2026-09-20T12:23:33+00:00,3.5252
219398,2026-09-20T12:27:55+00:00,3.5297
219432,2026-09-20T12:29:56+00:00,3.5347
219433,2026-09-20T12:30:00+00:00,3.5278
219489,2026-09-20T12:33:19+00:00,3.5268
219490,2026-09-20T12:33:23+00:00,3.5257
219496,2026-09-20T12:33:44+00:00,3.5509
219501,2026-09-20T12:34:02+00:00,3.5258
219526,2026-09-20T12:35:30+00:00,3.5246
219559,2026-09-20T12:37:31+00:00,3.5320
219572,2026-09-20T12:38:17+00:00,3.5202
219578,2026-09-20T12:38:38+00:00,3.5235
219629,2026-09-20T12:41:40+00:00,3.5259
219638,2026-09-20T12:42:12+00:00,3.5330
219726,2026-09-20T12:47:24+00:00,3.5225
219740,2026-09-20T12:48:14+00:00,3.5287
219754,2026-09-20T12:49:04+00:00,3.5372
219759,2026-09-20T12:49:21+00:00,3.5249
219778,2026-09-20T12:50:29+00:00,3.5282
219793,2026-09-20T12:51:27+00:00,3.5322
219803,2026-09-20T12:52:02+00:00,3.5295
219810,2026-09-20T12:52:27+00:00,3.5234
219857,2026-09-20T12:56:02+00:00,3.5413
219874,2026-09-20T12:57:02+00:00,3.5248
219919,2026-09-20T12:59:43+00:00,3.5872
219932,2026-09-20T13:00:29+00:00,3.5267
219938,2026-09-20T13:00:50+00:00,3.5232
219942,2026-09-20T13:01:04+00:00,3.5302
220022,2026-09-20T13:05:48+00:00,3.5190
220071,2026-09-20T13:08:46+00:00,3.5252
220072,2026-09-20T13:08:49+00:00,3.5321
220103,2026-09-20T13:10:39+00:00,3.5270
220104,2026-09-20T13:10:43+00:00,3.5276
220115,2026-09-20T13:11:22+00:00,3.5893
220117,2026-09-20T13:11:29+00:00,3.5188
220128,2026-09-20T13:12:08+00:00,3.5264
220131,2026-09-20T13:12:19+00:00,3.5633
220213,2026-09-20T13:17:09+00:00,3.5242
220225,2026-09-20T13:17:52+00:00,3.5226
220322,2026-09-20T13:23:40+00:00,3.5206
220347,2026-09-20T13:25:09+00:00,3.5305
220385,2026-09-20T13:27:24+00:00,3.5235
220426,2026-09-20T13:29:49+00:00,3.5291
220460,2026-09-20T13:31:50+00:00,3.5289
220505,2026-09-20T13:34:30+00:00,3.5304
220548,2026-09-20T13:37:07+00:00,3.5296
220566,2026-09-20T13:38:10+00:00,3.5299
220573,2026-09-20T13:38:35+00:00,3.5200
220594,2026-09-20T13:39:51+00:00,3.5412
220601,2026-09-20T13:40:15+00:00,3.5241
220670,2026-09-20T13:44:20+00:00,3.5256
220735,2026-09-20T13:48:12+00:00,3.5302
220741,2026-09-20T13:48:33+00:00,3.5310
220751,2026-09-20T13:49:08+00:00,3.5287
220757,2026-09-20T13:49:30+00:00,3.5281
220758,2026-09-20T13:49:33+00:00,3.5239
220769,2026-09-20T13:50:12+00:00,3.5278
220803,2026-09-20T13:52:16+00:00,3.5276
220805,2026-09-20T13:52:23+00:00,3.5219
220819,2026-09-20T13:53:14+00:00,3.5179
220835,2026-09-20T13:54:11+00:00,3.5276
220858,2026-09-20T13:55:32+00:00,3.5297
220868,2026-09-20T13:56:08+00:00,3.5277
220928,2026-09-20T13:59:42+00:00,3.5255
220952,2026-09-20T14:01:07+00:00,3.5185
220975,2026-09-20T14:02:29+00:00,3.5255
220997,2026-09-20T14:03:47+00:00,3.5248
221006,2026-09-20T14:04:19+00:00,3.5309
221009,2026-09-20T14:04:30+00:00,3.5338
221078,2026-09-20T14:08:38+00:00,3.5261
221117,2026-09-20T14:10:57+00:00,3.5352
221144,2026-09-20T14:12:33+00:00,3.5276
221177,2026-09-20T14:14:30+00:00,3.5322
221249,2026-09-20T14:18:46+00:00,3.5268
221301,2026-09-20T14:21:54+00:00,3.5738
221383,2026-09-20T14:26:46+00:00,3.5225
221410,2026-09-20T14:28:21+00:00,3.5259
221449,2026-09-20T14:30:40+00:00,3.5339
221478,2026-09-20T14:32:22+00:00,3.5233
221480,2026-09-20T14:32:30+00:00,3.5284
221488,2026-09-20T14:32:58+00:00,3.5230
221589,2026-09-20T14:39:08+00:00,3.5247
221639,2026-09-20T14:42:06+00:00,3.5342
221679,2026-09-20T14:44:27+00:00,3.5208
221720,2026-09-20T14:46:53+00:00,3.5233
221762,2026-09-20T14:49:22+00:00,3.5297
221769,2026-09-20T14:49:47+00:00,3.5426
221810,2026-09-20T14:52:18+00:00,3.5277
221815,2026-09-20T14:52:36+00:00,3.5326
221828,2026-09-20T14:53:22+00:00,3.5303
221852,2026-09-20T14:54:48+00:00,3.5316
221876,2026-09-20T14:56:13+00:00,3.5277
221886,2026-09-20T14:56:49+00:00,3.5548
221890,2026-09-20T14:57:03+00:00,3.5263
221904,2026-09-20T14:57:52+00:00,3.5234
221908,2026-09-20T14:58:07+00:00,3.5255
221922,2026-09-20T14:58:56+00:00,3.5238
221978,2026-09-20T15:03:01+00:00,3.5258
221981,2026-09-20T15:03:12+00:00,3.5304
221992,2026-09-20T15:03:51+00:00,3.5264
221996,2026-09-20T15:04:05+00:00,3.5216
222004,2026-09-20T15:04:33+00:00,3.5258
222012,2026-09-20T15:05:02+00:00,3.6250
222123,2026-09-20T15:11:42+00:00,3.5247
222125,2026-09-20T15:11:49+00:00,3.5321
222155,2026-09-20T15:13:35+00:00,3.5174
222210,2026-09-20T15:16:50+00:00,3.5278
222234,2026-09-20T15:18:15+00:00,3.5185
222246,2026-09-20T15:18:57+00:00,3.5226
222256,2026-09-20T15:19:35+00:00,3.5293
222336,2026-09-20T15:24:24+00:00,3.5194
222375,2026-09-20T15:26:42+00:00,3.5248
222380,2026-09-20T15:27:00+00:00,3.5278
222395,2026-09-20T15:27:54+00:00,3.5288
222451,2026-09-20T15:31:13+00:00,3.5281
222472,2026-09-20T15:32:27+00:00,3.5748
222474,2026-09-20T15:32:34+00:00,3.5235
222491,2026-09-20T15:33:34+00:00,3.5233
222492,2026-09-20T15:33:38+00:00,3.5305
222493,2026-09-20T15:33:41+00:00,3.5290
222495,2026-09-20T15:33:49+00:00,3.5712
222520,2026-09-20T15:35:18+00:00,3.5226
222538,2026-09-20T15:36:22+00:00,3.5325
222550,2026-09-20T15:37:04+00:00,3.5241
222554,2026-09-20T15:37:26+00:00,3.5258
222575,2026-09-20T15:38:41+00:00,3.5213
222579,2026-09-20T15:38:55+00:00,3.5308
222580,2026-09-20T15:38:59+00:00,3.5281
222615,2026-09-20T15:41:03+00:00,3.5316
222616,2026-09-20T15:41:06+00:00,3.5213
222617,2026-09-20T15:41:10+00:00,3.5321
222620,2026-09-20T15:41:20+00:00,3.5229
222649,2026-09-20T15:43:03+00:00,3.5303
222667,2026-09-20T15:44:07+00:00,3.5011
222672,2026-09-20T15:44:24+00:00,3.5113
222735,2026-09-20T15:48:09+00:00,3.7176
222760,2026-09-20T15:49:37+00:00,3.5274
222766,2026-09-20T15:49:58+00:00,3.5311
222836,2026-09-20T15:54:12+00:00,3.5277
222842,2026-09-20T15:54:34+00:00,3.5290
222899,2026-09-20T15:57:55+00:00,3.5226
222911,2026-09-20T15:58:39+00:00,3.5886
222922,2026-09-20T15:59:18+00:00,3.5304
222967,2026-09-20T16:01:57+00:00,3.5266
223014,2026-09-20T16:04:45+00:00,3.5263
223100,2026-09-20T16:09:59+00:00,3.5263
223108,2026-09-20T16:10:27+00:00,3.5179
223112,2026-09-20T16:10:41+00:00,3.5281
223142,2026-09-20T16:12:28+00:00,3.5236
223178,2026-09-20T16:14:36+00:00,3.5263
223205,2026-09-20T16:16:12+00:00,3.5240
223330,2026-09-20T16:23:44+00:00,3.5281
223383,2026-09-20T16:26:53+00:00,3.5286
223455,2026-09-20T16:31:08+00:00,3.5206
223478,2026-09-20T16:32:31+00:00,3.5257
223484,2026-09-20T16:32:52+00:00,3.5250
223501,2026-09-20T16:33:52+00:00,3.5293
223540,2026-09-20T16:36:10+00:00,3.5223
223549,2026-09-20T16:36:42+00:00,3.5292
223587,2026-09-20T16:39:07+00:00,3.5284
223653,2026-09-20T16:43:02+00:00,3.5272
223685,2026-09-20T16:44:55+00:00,3.5308
223697,2026-09-20T16:45:38+00:00,3.7654
223712,2026-09-20T16:46:31+00:00,3.5241
223743,2026-09-20T16:48:21+00:00,3.5349
223764,2026-09-20T16:49:35+00:00,3.5253
223773,2026-09-20T16:50:07+00:00,3.5313
223785,2026-09-20T16:50:50+00:00,3.5268
223787,2026-09-20T16:50:57+00:00,3.5305
223798,2026-09-20T16:51:36+00:00,3.5306
223803,2026-09-20T16:51:54+00:00,3.5290
223812,2026-09-20T16:52:25+00:00,3.5248
223817,2026-09-20T16:52:50+00:00,3.5589
223889,2026-09-20T16:57:05+00:00,3.5202
223908,2026-09-20T16:58:13+00:00,3.5319
223911,2026-09-20T16:58:24+00:00,3.5274
223912,2026-09-20T16:58:27+00:00,3.5384
223937,2026-09-20T16:59:56+00:00,3.5198
223981,2026-09-20T17:02:32+00:00,3.5227
223994,2026-09-20T17:03:18+00:00,3.5305
224012,2026-09-20T17:04:23+00:00,3.5202
224033,2026-09-20T17:05:37+00:00,3.5247
224058,2026-09-20T17:07:06+00:00,3.5287
224094,2026-09-20T17:10:07+00:00,3.5236
224105,2026-09-20T17:10:47+00:00,3.5330
224182,2026-09-20T17:15:21+00:00,3.5678
224214,2026-09-20T17:17:15+00:00,3.5281
224215,2026-09-20T17:17:18+00:00,3.5209
224237,2026-09-20T17:18:36+00:00,3.5225
224269,2026-09-20T17:20:30+00:00,3.5252
224312,2026-09-20T17:23:10+00:00,3.5290
224373,2026-09-20T17:26:47+00:00,3.6019
224410,2026-09-20T17:28:59+00:00,3.5184
224435,2026-09-20T17:30:27+00:00,3.5231
224449,2026-09-20T17:31:17+00:00,3.5266
224451,2026-09-20T17:31:24+00:00,3.5598
224495,2026-09-20T17:34:01+00:00,3.5304
224498,2026-09-20T17:34:12+00:00,3.5339
224526,2026-09-20T17:35:51+00:00,3.5216
224528,2026-09-20T17:35:58+00:00,3.5269
224533,2026-09-20T17:36:15+00:00,3.5196
224539,2026-09-20T17:36:37+00:00,3.5257
224540,2026-09-20T17:36:40+00:00,3.5264
224553,2026-09-20T17:37:29+00:00,3.5274
224590,2026-09-20T17:39:47+00:00,3.5234
224595,2026-09-20T17:40:05+00:00,3.5313
224624,2026-09-20T17:41:49+00:00,3.5308
224645,2026-09-20T17:43:03+00:00,3.5274
224665,2026-09-20T17:44:14+00:00,3.5275
224672,2026-09-20T17:44:39+00:00,3.5605
224705,2026-09-20T17:46:36+00:00,3.5259
224719,2026-09-20T17:47:25+00:00,3.5291
224739,2026-09-20T17:48:36+00:00,3.5310
224752,2026-09-20T17:49:23+00:00,3.6202
224761,2026-09-20T17:49:55+00:00,3.5235
224788,2026-09-20T17:51:31+00:00,3.5267
224824,2026-09-20T17:53:46+00:00,3.5215
224831,2026-09-20T17:54:10+00:00,3.5258
224850,2026-09-20T17:55:18+00:00,3.5345
224852,2026-09-20T17:55:25+00:00,3.5203
224888,2026-09-20T17:57:34+00:00,3.6004
224900,2026-09-20T17:58:16+00:00,3.5242
224964,2026-09-20T18:02:05+00:00,3.5256
224991,2026-09-20T18:03:42+00:00,3.7854
225030,2026-09-20T18:06:00+00:00,3.5264
225031,2026-09-20T18:06:04+00:00,3.5236
225102,2026-09-20T18:10:24+00:00,3.5221
225110,2026-09-20T18:10:52+00:00,3.5252
225138,2026-09-20T18:12:32+00:00,3.5221
225139,2026-09-20T18:12:35+00:00,3.5248
225146,2026-09-20T18:13:00+00:00,3.5329
225168,2026-09-20T18:14:18+00:00,3.5321
225205,2026-09-20T18:16:29+00:00,3.5188
225223,2026-09-20T18:17:33+00:00,3.5247
225254,2026-09-20T18:19:24+00:00,3.5238
225262,2026-09-20T18:19:52+00:00,3.5299
225263,2026-09-20T18:19:56+00:00,3.5340
225293,2026-09-20T18:21:43+00:00,3.5240
225323,2026-09-20T18:23:38+00:00,3.5270
225330,2026-09-20T18:24:03+00:00,3.5226
225335,2026-09-20T18:24:21+00:00,3.5272
225388,2026-09-20T18:27:30+00:00,3.5334
225457,2026-09-20T18:31:35+00:00,3.5257
225459,2026-09-20T18:31:42+00:00,3.5343
225466,2026-09-20T18:32:07+00:00,3.5255
225484,2026-09-20T18:33:11+00:00,3.5286
225489,2026-09-20T18:33:29+00:00,3.5248
225492,2026-09-20T18:33:39+00:00,3.5342
225505,2026-09-20T18:34:25+00:00,3.5252
225508,2026-09-20T18:34:36+00:00,3.5210
225536,2026-09-20T18:36:15+00:00,3.5201
225552,2026-09-20T18:37:13+00:00,3.5240
225563,2026-09-20T18:37:52+00:00,3.5282
225574,2026-09-20T18:38:38+00:00,3.6437
225590,2026-09-20T18:39:35+00:00,3.5242
225599,2026-09-20T18:40:07+00:00,3.5200
225679,2026-09-20T18:44:51+00:00,3.5990
225691,2026-09-20T18:45:33+00:00,3.5357
225695,2026-09-20T18:45:48+00:00,3.5276
225741,2026-09-20T18:48:31+00:00,3.5281
225749,2026-09-20T18:48:59+00:00,3.5278
225752,2026-09-20T18:49:10+00:00,3.5253
225758,2026-09-20T18:49:31+00:00,3.5236
225770,2026-09-20T18:50:14+00:00,3.5285
225789,2026-09-20T18:51:22+00:00,3.5244
225824,2026-09-20T18:53:34+00:00,3.5401
225937,2026-09-20T19:00:15+00:00,3.5294
226036,2026-09-20T19:06:07+00:00,3.5304
226079,2026-09-20T19:08:48+00:00,3.5230
226110,2026-09-20T19:10:38+00:00,3.5247
226112,2026-09-20T19:10:45+00:00,3.5286
226164,2026-09-20T19:13:49+00:00,3.5280
226177,2026-09-20T19:14:35+00:00,3.5292
226181,2026-09-20T19:14:49+00:00,3.5324
226194,2026-09-20T19:15:36+00:00,3.6275
226204,2026-09-20T19:16:57+00:00,3.5307
226245,2026-09-20T19:19:23+00:00,4.1076
226280,2026-09-20T19:21:27+00:00,3.5340
226308,2026-09-20T19:23:07+00:00,3.5265
226322,2026-09-20T19:24:05+00:00,3.5232
226350,2026-09-20T19:25:44+00:00,3.5261
226439,2026-09-20T19:31:00+00:00,3.5309
226464,2026-09-20T19:32:28+00:00,3.5295
226505,2026-09-20T19:34:53+00:00,3.5271
226552,2026-09-20T19:37:41+00:00,3.5266
226581,2026-09-20T19:39:28+00:00,3.5296
226583,2026-09-20T19:39:35+00:00,3.5260
226621,2026-09-20T19:41:50+00:00,3.5271
226645,2026-09-20T19:43:16+00:00,3.5210
226663,2026-09-20T19:44:19+00:00,3.5324
226747,2026-09-20T19:49:17+00:00,3.5315
226748,2026-09-20T19:49:21+00:00,3.5249
226749,2026-09-20T19:49:24+00:00,3.5243
226752,2026-09-20T19:49:35+00:00,3.5224
226762,2026-09-20T19:50:10+00:00,3.5235
226816,2026-09-20T19:53:22+00:00,3.5306
226818,2026-09-20T19:53:29+00:00,3.5252
226836,2026-09-20T19:54:42+00:00,3.5311
226973,2026-09-20T20:02:48+00:00,3.5354
227063,2026-09-20T20:08:08+00:00,3.5291
227071,2026-09-20T20:08:36+00:00,3.5243
227078,2026-09-20T20:09:09+00:00,3.5195
227135,2026-09-20T20:12:31+00:00,3.5272
227155,2026-09-20T20:13:42+00:00,3.5283
227158,2026-09-20T20:13:53+00:00,3.5218
227167,2026-09-20T20:14:25+00:00,3.5239
227233,2026-09-20T20:18:20+00:00,3.5254
227258,2026-09-20T20:19:49+00:00,3.5224
227261,2026-09-20T20:19:59+00:00,3.5336
227304,2026-09-20T20:22:32+00:00,3.5301
227308,2026-09-20T20:22:46+00:00,3.5272
227324,2026-09-20T20:23:43+00:00,3.5268
227361,2026-09-20T20:26:06+00:00,3.5311
227375,2026-09-20T20:26:55+00:00,3.5331
227472,2026-09-20T20:32:40+00:00,3.5235
227483,2026-09-20T20:33:19+00:00,3.5299
227490,2026-09-20T20:33:44+00:00,3.5271
227541,2026-09-20T20:36:46+00:00,3.5362
227561,2026-09-20T20:37:57+00:00,3.5280
227575,2026-09-20T20:38:46+00:00,3.5265
227594,2026-09-20T20:40:03+00:00,3.5311
227616,2026-09-20T20:41:21+00:00,3.5205
227643,2026-09-20T20:42:57+00:00,3.5314
227661,2026-09-20T20:44:01+00:00,3.5216
227709,2026-09-20T20:46:51+00:00,3.5242
227748,2026-09-20T20:49:10+00:00,3.5213
227762,2026-09-20T20:50:01+00:00,3.5248
227779,2026-09-20T20:51:01+00:00,3.5274
227825,2026-09-20T20:53:44+00:00,3.5250
227831,2026-09-20T20:54:06+00:00,3.5240
227847,2026-09-20T20:55:12+00:00,3.5264
227863,2026-09-20T20:56:08+00:00,3.5256
227903,2026-09-20T20:58:30+00:00,3.5235
227919,2026-09-20T20:59:27+00:00,3.5242
228024,2026-09-20T21:05:40+00:00,3.5264
228051,2026-09-20T21:07:15+00:00,3.5285
228073,2026-09-20T21:08:34+00:00,3.8273
228092,2026-09-20T21:10:03+00:00,3.5179
228133,2026-09-20T21:12:30+00:00,3.5255
228145,2026-09-20T21:13:12+00:00,3.5258
228161,2026-09-20T21:14:09+00:00,3.5286
228172,2026-09-20T21:14:48+00:00,3.6055
228179,2026-09-20T21:15:13+00:00,3.5230
228181,2026-09-20T21:15:20+00:00,3.5201
228198,2026-09-20T21:16:20+00:00,3.5248
228231,2026-09-20T21:18:17+00:00,3.5203
228256,2026-09-20T21:19:46+00:00,3.5199
228261,2026-09-20T21:20:04+00:00,3.5232
228278,2026-09-20T21:21:04+00:00,3.5281
228314,2026-09-20T21:23:57+00:00,3.5239
228322,2026-09-20T21:24:26+00:00,3.5313
228334,2026-09-20T21:26:09+00:00,3.5178
228347,2026-09-20T21:26:55+00:00,3.5248
228375,2026-09-20T21:28:35+00:00,3.5257
228434,2026-09-20T21:32:05+00:00,3.5287
228457,2026-09-20T21:33:26+00:00,3.5319
228489,2026-09-20T21:35:21+00:00,3.5676
228512,2026-09-20T21:36:42+00:00,3.5326
228521,2026-09-20T21:37:14+00:00,3.5283
228548,2026-09-20T21:38:50+00:00,3.5290
228558,2026-09-20T21:39:26+00:00,3.5806
228569,2026-09-20T21:40:17+00:00,3.5261
228571,2026-09-20T21:40:24+00:00,3.5227
228577,2026-09-20T21:40:45+00:00,3.5281
228592,2026-09-20T21:41:39+00:00,3.5293
228617,2026-09-20T21:43:08+00:00,3.5291
228626,2026-09-20T21:43:40+00:00,3.5213
228628,2026-09-20T21:43:47+00:00,3.5237
228636,2026-09-20T21:44:15+00:00,3.5250
228656,2026-09-20T21:45:26+00:00,3.5250
228738,2026-09-20T21:50:18+00:00,3.5297
228748,2026-09-20T21:50:53+00:00,3.5226
228776,2026-09-20T21:52:32+00:00,3.5280
228816,2026-09-20T21:54:58+00:00,3.5340
228836,2026-09-20T21:56:09+00:00,3.5245
228849,2026-09-20T21:56:56+00:00,3.5258
228878,2026-09-20T21:58:39+00:00,3.5284
228880,2026-09-20T21:58:47+00:00,3.5414
228887,2026-09-20T21:59:11+00:00,3.5304
228888,2026-09-20T21:59:15+00:00,3.5229
228925,2026-09-20T22:01:26+00:00,3.5247
228995,2026-09-20T22:05:35+00:00,3.5264
229034,2026-09-20T22:07:54+00:00,3.5291
229061,2026-09-20T22:09:30+00:00,3.5226
229086,2026-09-20T22:11:10+00:00,3.5495
229088,2026-09-20T22:11:17+00:00,3.5421
229097,2026-09-20T22:11:49+00:00,3.5205
229102,2026-09-20T22:12:07+00:00,3.5219
229109,2026-09-20T22:12:31+00:00,3.5276
229115,2026-09-20T22:12:53+00:00,3.5253
229144,2026-09-20T22:14:36+00:00,3.5231
229151,2026-09-20T22:15:01+00:00,3.5221
229159,2026-09-20T22:15:30+00:00,3.5244
229166,2026-09-20T22:15:54+00:00,3.5258
229176,2026-09-20T22:16:30+00:00,3.5248
229181,2026-09-20T22:16:48+00:00,3.5249
229197,2026-09-20T22:17:44+00:00,3.5297
229222,2026-09-20T22:19:13+00:00,3.5315
229286,2026-09-20T22:23:00+00:00,3.5371
229324,2026-09-20T22:25:24+00:00,3.5251
229331,2026-09-20T22:25:49+00:00,3.5564
229352,2026-09-20T22:27:03+00:00,3.5308
229366,2026-09-20T22:27:53+00:00,3.5271
229372,2026-09-20T22:28:14+00:00,3.5280
229425,2026-09-20T22:31:22+00:00,3.5231
229426,2026-09-20T22:31:25+00:00,3.5201
229464,2026-09-20T22:33:41+00:00,3.5399
229466,2026-09-20T22:33:48+00:00,3.5352
229488,2026-09-20T22:35:06+00:00,3.5278
229497,2026-09-20T22:35:38+00:00,3.5326
229511,2026-09-20T22:36:28+00:00,3.5264
229513,2026-09-20T22:36:35+00:00,3.5280
229529,2026-09-20T22:37:33+00:00,3.5284
229539,2026-09-20T22:38:08+00:00,3.5270
229549,2026-09-20T22:38:43+00:00,3.5273
229555,2026-09-20T22:39:05+00:00,3.5258
229570,2026-09-20T22:39:58+00:00,3.5236
229571,2026-09-20T22:40:07+00:00,3.5233
229580,2026-09-20T22:40:39+00:00,3.5276
229629,2026-09-20T22:43:33+00:00,3.5346
229672,2026-09-20T22:46:05+00:00,3.5286
229677,2026-09-20T22:46:23+00:00,3.5302
229690,2026-09-20T22:47:10+00:00,3.7075
229701,2026-09-20T22:47:50+00:00,3.5379
229733,2026-09-20T22:49:44+00:00,3.5188
229791,2026-09-20T22:53:10+00:00,3.5317
229812,2026-09-20T22:54:24+00:00,3.5310
229814,2026-09-20T22:54:31+00:00,3.5256
229818,2026-09-20T22:54:45+00:00,3.5258
229842,2026-09-20T22:56:16+00:00,3.5180
229843,2026-09-20T22:56:20+00:00,3.5224
229863,2026-09-20T22:57:31+00:00,3.5263
229880,2026-09-20T22:58:31+00:00,3.5272
229896,2026-09-20T22:59:28+00:00,3.5307
229916,2026-09-20T23:00:38+00:00,3.5228
229923,2026-09-20T23:01:03+00:00,3.5271
229999,2026-09-20T23:05:33+00:00,3.5239
230037,2026-09-20T23:07:47+00:00,3.5208
230084,2026-09-20T23:10:42+00:00,3.5267
230097,2026-09-20T23:11:28+00:00,3.5280
230111,2026-09-20T23:12:18+00:00,3.5319
230218,2026-09-20T23:18:38+00:00,3.5233
230245,2026-09-20T23:20:13+00:00,3.5285
230268,2026-09-20T23:21:35+00:00,3.5313
230340,2026-09-20T23:26:01+00:00,3.5357
230381,2026-09-20T23:28:28+00:00,3.5274
230385,2026-09-20T23:28:42+00:00,3.5308
230388,2026-09-20T23:28:52+00:00,3.5223
230389,2026-09-20T23:28:56+00:00,3.5348
230407,2026-09-20T23:30:00+00:00,3.5363
230499,2026-09-20T23:36:11+00:00,3.5301
230518,2026-09-20T23:37:20+00:00,3.5625
230552,2026-09-20T23:39:20+00:00,3.5198
230563,2026-09-20T23:39:59+00:00,3.5283
230593,2026-09-20T23:41:58+00:00,3.5248
230611,2026-09-20T23:43:02+00:00,3.5275
230641,2026-09-20T23:44:48+00:00,3.5431
230684,2026-09-20T23:47:22+00:00,3.5206
230687,2026-09-20T23:47:33+00:00,3.5215
230734,2026-09-20T23:50:20+00:00,3.5288
230759,2026-09-20T23:51:49+00:00,3.5195
230762,2026-09-20T23:51:59+00:00,3.5295
230765,2026-09-20T23:52:10+00:00,3.5222
230782,2026-09-20T23:53:10+00:00,3.5254
230888,2026-09-20T23:59:37+00:00,3.5290
230890,2026-09-20T23:59:44+00:00,3.5337
230920,2026-09-21T00:01:31+00:00,3.5312
230921,2026-09-21T00:01:34+00:00,3.5430
230960,2026-09-21T00:03:52+00:00,3.5276
231000,2026-09-21T00:06:15+00:00,3.5292
231004,2026-09-21T00:06:29+00:00,3.5258
231012,2026-09-21T00:06:57+00:00,3.5282
231018,2026-09-21T00:07:19+00:00,3.6945
231019,2026-09-21T00:07:23+00:00,3.5217
231026,2026-09-21T00:07:48+00:00,3.5215
231035,2026-09-21T00:08:19+00:00,3.5186
231053,2026-09-21T00:09:23+00:00,3.5693
231068,2026-09-21T00:10:16+00:00,3.5298
231080,2026-09-21T00:11:13+00:00,3.5253
231093,2026-09-21T00:12:00+00:00,3.5255
231108,2026-09-21T00:12:53+00:00,3.5250
231134,2026-09-21T00:14:26+00:00,3.5281
231158,2026-09-21T00:15:51+00:00,3.5268
231189,2026-09-21T00:17:41+00:00,3.5341
231193,2026-09-21T00:17:55+00:00,3.5200
231203,2026-09-21T00:18:31+00:00,3.5300
231216,2026-09-21T00:19:17+00:00,3.5282
231258,2026-09-21T00:21:47+00:00,3.5288
231288,2026-09-21T00:23:34+00:00,3.5237
231307,2026-09-21T00:24:42+00:00,3.5238
231308,2026-09-21T00:24:45+00:00,3.5314
231325,2026-09-21T00:25:55+00:00,3.5272
231354,2026-09-21T00:27:37+00:00,3.5246
231372,2026-09-21T00:28:41+00:00,3.5237
231373,2026-09-21T00:28:45+00:00,3.5313
231419,2026-09-21T00:31:28+00:00,3.5246
231426,2026-09-21T00:31:53+00:00,3.5275
231436,2026-09-21T00:32:29+00:00,3.5305
231439,2026-09-21T00:32:39+00:00,3.5278
231545,2026-09-21T00:38:55+00:00,3.5304
231548,2026-09-21T00:39:06+00:00,3.5250
231592,2026-09-21T00:41:46+00:00,3.5336
231604,2026-09-21T00:42:28+00:00,3.5317
231611,2026-09-21T00:42:53+00:00,3.5204
231655,2026-09-21T00:45:29+00:00,3.5287
231661,2026-09-21T00:45:50+00:00,3.5245
231701,2026-09-21T00:48:13+00:00,3.5292
231703,2026-09-21T00:48:21+00:00,3.5247
231743,2026-09-21T00:50:42+00:00,3.5294
231835,2026-09-21T00:56:18+00:00,3.5259
231895,2026-09-21T00:59:51+00:00,3.5273
231996,2026-09-21T01:05:49+00:00,3.5226
232012,2026-09-21T01:06:46+00:00,3.5317
232038,2026-09-21T01:08:18+00:00,3.5261
232052,2026-09-21T01:09:08+00:00,3.5204
232068,2026-09-21T01:10:04+00:00,3.5273
232073,2026-09-21T01:10:23+00:00,3.5352
232092,2026-09-21T01:11:35+00:00,3.6006
232178,2026-09-21T01:16:41+00:00,3.5263
232192,2026-09-21T01:17:30+00:00,3.5245
232215,2026-09-21T01:18:52+00:00,3.5181
232220,2026-09-21T01:19:09+00:00,3.5244
232256,2026-09-21T01:21:17+00:00,3.5964
232266,2026-09-21T01:21:53+00:00,3.5275
232277,2026-09-21T01:22:33+00:00,3.5218
232290,2026-09-21T01:23:19+00:00,3.5191
232295,2026-09-21T01:23:37+00:00,3.5214
232343,2026-09-21T01:27:08+00:00,3.5308
232354,2026-09-21T01:27:48+00:00,3.5336
232378,2026-09-21T01:29:13+00:00,3.5281
232400,2026-09-21T01:30:32+00:00,3.5279
232402,2026-09-21T01:30:39+00:00,3.5281
232426,2026-09-21T01:32:04+00:00,3.5320
232428,2026-09-21T01:32:11+00:00,3.5323
232478,2026-09-21T01:35:09+00:00,3.5304
232526,2026-09-21T01:38:00+00:00,3.5578
232589,2026-09-21T01:42:31+00:00,3.5289
232590,2026-09-21T01:42:34+00:00,3.5271
232595,2026-09-21T01:42:52+00:00,3.5299
232608,2026-09-21T01:43:38+00:00,3.5249
232609,2026-09-21T01:43:42+00:00,3.5344
232618,2026-09-21T01:44:14+00:00,3.5289
232650,2026-09-21T01:46:08+00:00,3.5404
232654,2026-09-21T01:46:22+00:00,3.5334
232667,2026-09-21T01:47:08+00:00,3.5303
232672,2026-09-21T01:47:26+00:00,3.5298
232682,2026-09-21T01:48:01+00:00,3.5340
232710,2026-09-21T01:49:41+00:00,3.5259
232730,2026-09-21T01:50:52+00:00,3.5252
232736,2026-09-21T01:51:13+00:00,3.5264
232776,2026-09-21T01:53:37+00:00,3.5265
232804,2026-09-21T01:55:16+00:00,3.5264
232817,2026-09-21T01:56:07+00:00,3.5475
232820,2026-09-21T01:56:18+00:00,3.5499
232879,2026-09-21T01:59:47+00:00,3.5369
232950,2026-09-21T02:04:00+00:00,3.5352
232967,2026-09-21T02:05:01+00:00,3.5300
233049,2026-09-21T02:09:52+00:00,3.5307
233051,2026-09-21T02:09:59+00:00,3.5311
233068,2026-09-21T02:11:15+00:00,3.5377
233070,2026-09-21T02:11:23+00:00,3.5305
233080,2026-09-21T02:11:58+00:00,3.5489
233097,2026-09-21T02:12:59+00:00,3.5351
233137,2026-09-21T02:15:21+00:00,3.5352
233142,2026-09-21T02:15:38+00:00,3.5278
233146,2026-09-21T02:15:52+00:00,3.5271
233190,2026-09-21T02:18:29+00:00,3.5341
233206,2026-09-21T02:19:26+00:00,3.5304
233210,2026-09-21T02:19:40+00:00,3.5324
233231,2026-09-21T02:20:55+00:00,3.5299
233250,2026-09-21T02:22:02+00:00,3.5285
233290,2026-09-21T02:24:25+00:00,3.5281
233363,2026-09-21T02:29:05+00:00,3.5352
233415,2026-09-21T02:32:10+00:00,3.5324
233440,2026-09-21T02:33:39+00:00,3.5406
233500,2026-09-21T02:37:13+00:00,3.5308
233522,2026-09-21T02:38:32+00:00,3.5334
233571,2026-09-21T02:41:31+00:00,3.5342
233589,2026-09-21T02:42:34+00:00,3.5344
233620,2026-09-21T02:44:25+00:00,3.5296
233645,2026-09-21T02:45:55+00:00,3.5317
233651,2026-09-21T02:46:16+00:00,3.5289
233661,2026-09-21T02:46:51+00:00,3.5577
233666,2026-09-21T02:47:09+00:00,3.5326
233677,2026-09-21T02:47:49+00:00,3.5344
233688,2026-09-21T02:48:28+00:00,3.5365
233706,2026-09-21T02:49:32+00:00,3.5360
233754,2026-09-21T02:52:22+00:00,3.5405
233766,2026-09-21T02:53:05+00:00,3.5297
233782,2026-09-21T02:54:03+00:00,3.5244
233819,2026-09-21T02:56:19+00:00,3.5391
233823,2026-09-21T02:56:33+00:00,3.5402
233866,2026-09-21T02:59:06+00:00,3.5328
233896,2026-09-21T03:00:53+00:00,3.5361
233899,2026-09-21T03:01:03+00:00,3.5269
233902,2026-09-21T03:01:14+00:00,3.5417
233909,2026-09-21T03:01:39+00:00,3.5313
233911,2026-09-21T03:01:46+00:00,3.5336
233943,2026-09-21T03:03:40+00:00,3.5341
233963,2026-09-21T03:04:51+00:00,3.5305
234034,2026-09-21T03:09:04+00:00,3.5284
234051,2026-09-21T03:10:04+00:00,3.5333
234054,2026-09-21T03:10:15+00:00,3.5286
234062,2026-09-21T03:10:44+00:00,3.5376
234081,2026-09-21T03:12:02+00:00,3.5397
234089,2026-09-21T03:12:32+00:00,3.5360
234109,2026-09-21T03:13:42+00:00,3.5308
234143,2026-09-21T03:15:43+00:00,3.5264
234148,2026-09-21T03:16:01+00:00,3.5317
234173,2026-09-21T03:17:30+00:00,3.5322
234199,2026-09-21T03:19:02+00:00,3.5288
234252,2026-09-21T03:22:11+00:00,3.5321
234261,2026-09-21T03:22:43+00:00,3.5346
234320,2026-09-21T03:26:32+00:00,3.5323
234330,2026-09-21T03:27:07+00:00,3.5285
234333,2026-09-21T03:27:18+00:00,3.5309
234367,2026-09-21T03:29:19+00:00,3.5332
234401,2026-09-21T03:31:19+00:00,3.5334
234436,2026-09-21T03:33:23+00:00,3.5293
234457,2026-09-21T03:34:39+00:00,3.5297
234480,2026-09-21T03:36:00+00:00,3.5332
234496,2026-09-21T03:36:57+00:00,3.5277
234540,2026-09-21T03:39:33+00:00,3.5333
234587,2026-09-21T03:42:27+00:00,3.5284
234638,2026-09-21T03:45:28+00:00,3.5272
234650,2026-09-21T03:46:11+00:00,3.5351
234651,2026-09-21T03:46:14+00:00,3.5358
234658,2026-09-21T03:47:24+00:00,3.5254
234681,2026-09-21T03:48:46+00:00,3.5289
234694,2026-09-21T03:49:32+00:00,3.5309
234706,2026-09-21T03:50:15+00:00,3.5371
234721,2026-09-21T03:51:08+00:00,3.5264
234725,2026-09-21T03:51:22+00:00,3.5293
234732,2026-09-21T03:51:47+00:00,3.5328
234761,2026-09-21T03:53:30+00:00,3.5340
234778,2026-09-21T03:54:30+00:00,3.5278
234862,2026-09-21T03:59:36+00:00,3.5271
234876,2026-09-21T04:00:26+00:00,3.5394
234927,2026-09-21T04:03:27+00:00,3.5328
234990,2026-09-21T04:07:11+00:00,3.5260
235074,2026-09-21T04:12:23+00:00,3.5360
235095,2026-09-21T04:13:37+00:00,3.5264
235124,2026-09-21T14:12:59+00:00,3.5555
235134,2026-09-21T14:13:35+00:00,3.5404
235138,2026-09-21T14:13:49+00:00,3.5358
235139,2026-09-21T14:13:53+00:00,3.5358
235141,2026-09-21T14:14:00+00:00,3.5459
235178,2026-09-21T14:16:12+00:00,3.5343
235194,2026-09-21T14:17:08+00:00,3.5360
235236,2026-09-21T14:19:38+00:00,3.5369
235239,2026-09-21T14:19:48+00:00,3.5452
235242,2026-09-21T14:19:59+00:00,3.5438
235252,2026-09-21T14:20:34+00:00,3.5367
235265,2026-09-21T14:21:21+00:00,3.5368
235278,2026-09-21T14:22:11+00:00,3.5516
235286,2026-09-21T14:22:40+00:00,3.5521
235290,2026-09-21T14:22:54+00:00,3.5321
235306,2026-09-21T14:23:51+00:00,3.5364
235314,2026-09-21T14:24:19+00:00,3.5373
235346,2026-09-21T14:26:13+00:00,3.5357
235413,2026-09-21T14:30:12+00:00,3.5448
235421,2026-09-21T14:30:41+00:00,3.5359
235431,2026-09-21T14:31:16+00:00,3.5339
235482,2026-09-21T14:34:18+00:00,3.5318
235499,2026-09-21T14:35:18+00:00,3.5315
235601,2026-09-21T14:41:25+00:00,3.5445
235633,2026-09-21T14:43:19+00:00,3.5356
235651,2026-09-21T14:44:23+00:00,3.5305
235690,2026-09-21T14:46:42+00:00,3.5356
235701,2026-09-21T14:47:21+00:00,3.5383
235712,2026-09-21T14:48:00+00:00,3.5362
235718,2026-09-21T14:48:21+00:00,3.5371
235787,2026-09-21T14:52:31+00:00,3.5337
235806,2026-09-21T14:53:39+00:00,3.5365
235841,2026-09-21T14:55:44+00:00,3.5344
235853,2026-09-21T14:56:26+00:00,3.5365
235858,2026-09-21T14:56:44+00:00,3.5416
235895,2026-09-21T14:58:56+00:00,3.5623
235915,2026-09-21T15:00:07+00:00,3.5461
235929,2026-09-21T15:00:57+00:00,3.6104
235940,2026-09-21T15:01:36+00:00,3.5381
235957,2026-09-21T15:02:36+00:00,3.5433
235978,2026-09-21T15:03:51+00:00,3.5322
235982,2026-09-21T15:04:05+00:00,3.5367
236002,2026-09-21T15:05:17+00:00,3.5272
236047,2026-09-21T15:08:00+00:00,3.5327
236076,2026-09-21T15:09:43+00:00,3.5379
236091,2026-09-21T15:10:36+00:00,3.5360
236165,2026-09-21T15:15:00+00:00,3.5343
236175,2026-09-21T15:15:36+00:00,3.5377
236200,2026-09-21T15:17:05+00:00,3.5420
236209,2026-09-21T15:17:37+00:00,3.5482
236229,2026-09-21T15:18:48+00:00,3.5317
236250,2026-09-21T15:20:03+00:00,3.5356
236293,2026-09-21T15:22:39+00:00,3.5367
236314,2026-09-21T15:23:53+00:00,3.5368
236354,2026-09-21T15:26:16+00:00,3.5326
236376,2026-09-21T15:27:34+00:00,3.5405
236393,2026-09-21T15:28:35+00:00,3.5369
236400,2026-09-21T15:29:00+00:00,3.5352
236409,2026-09-21T15:29:32+00:00,3.5339
236411,2026-09-21T15:29:39+00:00,3.5310
236430,2026-09-21T15:30:47+00:00,3.5453
236447,2026-09-21T15:31:48+00:00,3.6307
236469,2026-09-21T15:33:06+00:00,3.5401
236495,2026-09-21T15:34:38+00:00,3.5394
236505,2026-09-21T15:35:13+00:00,3.5376
236576,2026-09-21T15:40:15+00:00,3.5446
236604,2026-09-21T15:41:54+00:00,3.5373
236611,2026-09-21T15:42:19+00:00,3.5327
236622,2026-09-21T15:42:58+00:00,3.5393
236652,2026-09-21T15:44:45+00:00,3.5377
236684,2026-09-21T15:46:39+00:00,3.5373
236703,2026-09-21T15:47:46+00:00,3.5345
236711,2026-09-21T15:48:16+00:00,3.5562
236749,2026-09-21T15:50:31+00:00,3.5326
236793,2026-09-21T15:53:59+00:00,3.5394
236890,2026-09-21T15:59:44+00:00,3.5348
236914,2026-09-21T16:01:09+00:00,3.5384
236965,2026-09-21T16:04:11+00:00,3.5318
236970,2026-09-21T16:04:29+00:00,3.5307
236982,2026-09-21T16:05:11+00:00,3.5334
237019,2026-09-21T16:07:23+00:00,3.5297
237042,2026-09-21T16:08:53+00:00,3.5456
237045,2026-09-21T16:09:04+00:00,3.5314
237053,2026-09-21T16:09:32+00:00,3.5291
237083,2026-09-21T16:11:19+00:00,3.5344
237089,2026-09-21T16:11:40+00:00,3.5289
237090,2026-09-21T16:11:44+00:00,3.5375
237101,2026-09-21T16:12:23+00:00,3.5269
237188,2026-09-21T16:17:32+00:00,3.5379
237307,2026-09-21T16:24:38+00:00,3.5047
237330,2026-09-21T16:26:00+00:00,3.5357
237339,2026-09-21T16:26:33+00:00,3.5375
237341,2026-09-21T16:26:40+00:00,3.5372
237368,2026-09-21T16:28:17+00:00,3.5313
237382,2026-09-21T16:29:07+00:00,3.5305
237418,2026-09-21T16:31:15+00:00,3.5348
237434,2026-09-21T16:32:13+00:00,4.3799
237463,2026-09-21T16:33:56+00:00,3.5349
237472,2026-09-21T16:34:28+00:00,3.5354
237474,2026-09-21T16:34:35+00:00,3.5399
237494,2026-09-21T16:35:47+00:00,3.5290
237520,2026-09-21T16:37:20+00:00,3.5382
237524,2026-09-21T16:37:35+00:00,3.6890
237543,2026-09-21T16:39:05+00:00,3.5269
237552,2026-09-21T16:39:37+00:00,3.6439
237559,2026-09-21T16:40:02+00:00,3.5346
237562,2026-09-21T16:40:13+00:00,3.5417
237579,2026-09-21T16:41:13+00:00,3.5312
237586,2026-09-21T16:41:39+00:00,3.5404
237616,2026-09-21T16:43:25+00:00,3.5378
237638,2026-09-21T16:44:43+00:00,3.5352
237644,2026-09-21T16:45:05+00:00,3.5398
237682,2026-09-21T16:47:21+00:00,3.5387
237705,2026-09-21T16:48:42+00:00,3.5384
237722,2026-09-21T16:49:43+00:00,3.5330
237725,2026-09-21T16:49:53+00:00,3.5315
237753,2026-09-21T16:51:34+00:00,3.5341
237756,2026-09-21T16:51:44+00:00,3.5430
237769,2026-09-21T16:52:31+00:00,3.5330
237791,2026-09-21T16:55:08+00:00,3.5410
237799,2026-09-21T16:55:36+00:00,3.5357
237811,2026-09-21T16:56:19+00:00,3.5321
237824,2026-09-21T16:57:06+00:00,3.5459
237837,2026-09-21T16:57:52+00:00,3.5298
237843,2026-09-21T16:58:13+00:00,3.5341
237852,2026-09-21T16:58:46+00:00,3.5336
237887,2026-09-21T17:00:50+00:00,3.5374
237993,2026-09-21T17:07:07+00:00,3.5421
237997,2026-09-21T17:07:21+00:00,3.5467
238035,2026-09-21T17:09:41+00:00,3.5637
238084,2026-09-21T17:12:42+00:00,3.6538
238101,2026-09-21T17:13:45+00:00,3.6375
238139,2026-09-21T17:16:03+00:00,3.5494
238222,2026-09-21T17:21:13+00:00,3.5686
238223,2026-09-21T17:21:16+00:00,3.5980
238228,2026-09-21T17:21:35+00:00,3.6675
238230,2026-09-21T17:21:42+00:00,3.5962
238231,2026-09-21T17:21:46+00:00,3.7360
238232,2026-09-21T17:21:50+00:00,3.7894
238237,2026-09-21T17:22:09+00:00,3.7023
238262,2026-09-21T17:23:48+00:00,3.7464
238276,2026-09-21T17:24:40+00:00,3.7141
238290,2026-09-21T17:25:31+00:00,3.5821
238305,2026-09-21T17:26:25+00:00,3.5475
238309,2026-09-21T17:26:39+00:00,3.5564
238344,2026-09-21T17:28:44+00:00,3.5480
238373,2026-09-21T17:30:28+00:00,3.5391
238413,2026-09-21T17:32:50+00:00,3.5306
238433,2026-09-21T17:34:01+00:00,3.5478
238438,2026-09-21T17:34:19+00:00,3.5353
238459,2026-09-21T17:35:34+00:00,3.5334
238501,2026-09-21T17:38:07+00:00,3.5460
238504,2026-09-21T17:38:18+00:00,3.5693
238535,2026-09-21T17:40:09+00:00,3.5469
238546,2026-09-21T17:40:48+00:00,3.5337
238551,2026-09-21T17:41:05+00:00,3.5350
238561,2026-09-21T17:41:41+00:00,3.5555
238569,2026-09-21T17:42:10+00:00,3.5536
238574,2026-09-21T17:42:27+00:00,3.5552
238591,2026-09-21T17:43:29+00:00,3.5632
238609,2026-09-21T17:44:33+00:00,3.5643
238615,2026-09-21T17:44:55+00:00,3.6072
238682,2026-09-21T17:48:56+00:00,3.5708
238693,2026-09-21T17:49:35+00:00,3.6709
