entry_id,r,n_gen_tokens,finished,n_pred,all_npred,all_tp,all_prec,all_rec,all_f1,short_npred,short_tp,short_prec,short_rec,short_f1,med_npred,med_tp,med_prec,med_rec,med_f1,long_npred,long_tp,long_prec,long_rec,long_f1,n_sections,best_f1,last_f1,first_f1,frac_improving,mean_jaccard
cameo_hard__8j4i_A,0,598,True,197,197,2,0.01015228426395939,0.015748031496062992,0.012345679012345678,35,1,0.02857142857142857,0.125,0.04651162790697674,46,0,0.0,0.0,0.0,116,1,0.008620689655172414,0.011363636363636364,0.00980392156862745,1,0.012345679012345678,0.012345679012345678,0.012345679012345678,nan,nan
cameo_hard__8j4i_A,1,646,True,214,214,5,0.02336448598130841,0.03937007874015748,0.029325513196480937,35,0,0.0,0.0,0.0,47,0,0.0,0.0,0.0,132,5,0.03787878787878788,0.056818181818181816,0.045454545454545456,1,0.029325513196480937,0.029325513196480937,0.029325513196480937,nan,nan
cameo_hard__8j4i_A,2,391,True,130,130,4,0.03076923076923077,0.031496062992125984,0.0311284046692607,23,3,0.13043478260869565,0.375,0.19354838709677416,27,1,0.037037037037037035,0.03225806451612903,0.034482758620689655,80,0,0.0,0.0,0.0,1,0.0311284046692607,0.0311284046692607,0.0311284046692607,nan,nan
cameo_hard__8j4i_A,3,532,True,177,177,3,0.01694915254237288,0.023622047244094488,0.01973684210526316,23,2,0.08695652173913043,0.25,0.12903225806451613,34,1,0.029411764705882353,0.03225806451612903,0.030769230769230767,120,0,0.0,0.0,0.0,1,0.01973684210526316,0.01973684210526316,0.01973684210526316,nan,nan
cameo_hard__8raj_A,0,100,True,33,33,2,0.06060606060606061,0.15384615384615385,0.08695652173913043,15,2,0.13333333333333333,0.3333333333333333,0.19047619047619044,18,0,0.0,0.0,0.0,0,0,0.0,0.0,0.0,1,0.08695652173913043,0.08695652173913043,0.08695652173913043,nan,nan
cameo_hard__8raj_A,1,28,True,9,9,6,0.6666666666666666,0.46153846153846156,0.5454545454545455,2,1,0.5,0.16666666666666666,0.25,5,4,0.8,0.8,0.8000000000000002,2,1,0.5,0.5,0.5,1,0.5454545454545455,0.5454545454545455,0.5454545454545455,nan,nan
cameo_hard__8raj_A,2,85,True,28,28,7,0.25,0.5384615384615384,0.3414634146341463,6,3,0.5,0.5,0.5,10,3,0.3,0.6,0.4,12,1,0.08333333333333333,0.5,0.14285714285714285,1,0.3414634146341463,0.3414634146341463,0.3414634146341463,nan,nan
cameo_hard__8raj_A,3,73,True,24,24,2,0.08333333333333333,0.15384615384615385,0.10810810810810811,8,1,0.125,0.16666666666666666,0.14285714285714288,12,1,0.08333333333333333,0.2,0.11764705882352941,4,0,0.0,0.0,0.0,1,0.10810810810810811,0.10810810810810811,0.10810810810810811,nan,nan
cameo_hard__8s89_A,0,847,True,281,281,30,0.10676156583629894,0.08797653958944282,0.09646302250803858,43,10,0.23255813953488372,0.4166666666666667,0.29850746268656714,48,17,0.3541666666666667,0.30357142857142855,0.3269230769230769,190,3,0.015789473684210527,0.011494252873563218,0.013303769401330379,1,0.09646302250803858,0.09646302250803858,0.09646302250803858,nan,nan
cameo_hard__8s89_A,1,1117,True,372,372,50,0.13440860215053763,0.1466275659824047,0.1402524544179523,41,8,0.1951219512195122,0.3333333333333333,0.24615384615384614,75,23,0.30666666666666664,0.4107142857142857,0.3511450381679389,256,19,0.07421875,0.07279693486590039,0.0735009671179884,1,0.1402524544179523,0.1402524544179523,0.1402524544179523,nan,nan
cameo_hard__8s89_A,2,733,True,243,243,27,0.1111111111111111,0.07917888563049853,0.09246575342465753,31,9,0.2903225806451613,0.375,0.3272727272727273,36,8,0.2222222222222222,0.14285714285714285,0.17391304347826086,176,10,0.056818181818181816,0.038314176245210725,0.04576659038901601,1,0.09246575342465753,0.09246575342465753,0.09246575342465753,nan,nan
cameo_hard__8s89_A,3,913,True,303,303,37,0.12211221122112212,0.10850439882697947,0.11490683229813665,43,11,0.2558139534883721,0.4583333333333333,0.3283582089552239,73,17,0.2328767123287671,0.30357142857142855,0.2635658914728682,187,9,0.0481283422459893,0.034482758620689655,0.040178571428571425,1,0.11490683229813665,0.11490683229813665,0.11490683229813665,nan,nan
cameo_hard__8v4w_A,0,604,True,200,200,31,0.155,0.14351851851851852,0.14903846153846154,37,4,0.10810810810810811,0.16,0.12903225806451613,51,22,0.43137254901960786,0.5,0.4631578947368421,112,5,0.044642857142857144,0.034013605442176874,0.03861003861003861,1,0.14903846153846154,0.14903846153846154,0.14903846153846154,nan,nan
cameo_hard__8v4w_A,1,721,True,240,240,19,0.07916666666666666,0.08796296296296297,0.08333333333333334,32,2,0.0625,0.08,0.07017543859649122,50,7,0.14,0.1590909090909091,0.14893617021276598,158,10,0.06329113924050633,0.06802721088435375,0.06557377049180328,1,0.08333333333333334,0.08333333333333334,0.08333333333333334,nan,nan
cameo_hard__8v4w_A,2,607,True,202,202,26,0.12871287128712872,0.12037037037037036,0.1244019138755981,34,5,0.14705882352941177,0.2,0.16949152542372883,52,16,0.3076923076923077,0.36363636363636365,0.33333333333333337,116,5,0.04310344827586207,0.034013605442176874,0.03802281368821293,1,0.1244019138755981,0.1244019138755981,0.1244019138755981,nan,nan
cameo_hard__8v4w_A,3,538,True,179,179,12,0.0670391061452514,0.05555555555555555,0.060759493670886074,41,4,0.0975609756097561,0.16,0.12121212121212122,39,6,0.15384615384615385,0.13636363636363635,0.14457831325301204,99,2,0.020202020202020204,0.013605442176870748,0.016260162601626018,1,0.060759493670886074,0.060759493670886074,0.060759493670886074,nan,nan
cameo_hard__8vej_B,0,805,True,268,268,30,0.11194029850746269,0.17045454545454544,0.13513513513513514,33,8,0.24242424242424243,0.42105263157894735,0.3076923076923077,37,15,0.40540540540540543,0.4838709677419355,0.4411764705882353,198,7,0.03535353535353535,0.05555555555555555,0.04320987654320987,1,0.13513513513513514,0.13513513513513514,0.13513513513513514,nan,nan
cameo_hard__8vej_B,1,565,True,187,187,24,0.12834224598930483,0.13636363636363635,0.1322314049586777,29,7,0.2413793103448276,0.3684210526315789,0.2916666666666667,28,5,0.17857142857142858,0.16129032258064516,0.1694915254237288,130,12,0.09230769230769231,0.09523809523809523,0.09375,1,0.1322314049586777,0.1322314049586777,0.1322314049586777,nan,nan
cameo_hard__8vej_B,2,589,True,196,196,13,0.0663265306122449,0.07386363636363637,0.06989247311827958,30,5,0.16666666666666666,0.2631578947368421,0.2040816326530612,29,3,0.10344827586206896,0.0967741935483871,0.09999999999999999,137,5,0.0364963503649635,0.03968253968253968,0.03802281368821293,1,0.06989247311827958,0.06989247311827958,0.06989247311827958,nan,nan
cameo_hard__8vej_B,3,655,True,218,218,19,0.0871559633027523,0.10795454545454546,0.09644670050761422,28,8,0.2857142857142857,0.42105263157894735,0.3404255319148936,30,7,0.23333333333333334,0.22580645161290322,0.22950819672131148,160,4,0.025,0.031746031746031744,0.027972027972027972,1,0.09644670050761422,0.09644670050761422,0.09644670050761422,nan,nan
cameo_hard__8xtn_A,0,16,True,5,5,0,0.0,0.0,0.0,3,0,0.0,0.0,0.0,2,0,0.0,0.0,0.0,0,0,0.0,0.0,0.0,1,0.0,0.0,0.0,nan,nan
cameo_hard__8xtn_A,1,10,True,3,3,0,0.0,0.0,0.0,0,0,0.0,0.0,0.0,3,0,0.0,0.0,0.0,0,0,0.0,0.0,0.0,1,0.0,0.0,0.0,nan,nan
cameo_hard__8xtn_A,2,10,True,3,3,0,0.0,0.0,0.0,1,0,0.0,0.0,0.0,2,0,0.0,0.0,0.0,0,0,0.0,0.0,0.0,1,0.0,0.0,0.0,nan,nan
cameo_hard__8xtn_A,3,4,True,1,1,1,1.0,0.14285714285714285,0.25,1,1,1.0,0.5,0.6666666666666666,0,0,0.0,0.0,0.0,0,0,0.0,0.0,0.0,1,0.25,0.25,0.25,nan,nan
cameo_hard__8yoz_A,0,136,True,45,45,20,0.4444444444444444,0.3389830508474576,0.38461538461538464,17,10,0.5882352941176471,0.625,0.6060606060606061,18,8,0.4444444444444444,0.3076923076923077,0.3636363636363637,10,2,0.2,0.11764705882352941,0.14814814814814817,1,0.38461538461538464,0.38461538461538464,0.38461538461538464,nan,nan
cameo_hard__8yoz_A,1,130,True,42,42,15,0.35714285714285715,0.2542372881355932,0.297029702970297,13,4,0.3076923076923077,0.25,0.27586206896551724,24,8,0.3333333333333333,0.3076923076923077,0.32,5,3,0.6,0.17647058823529413,0.2727272727272727,1,0.297029702970297,0.297029702970297,0.297029702970297,nan,nan
cameo_hard__8yoz_A,2,112,True,37,37,18,0.4864864864864865,0.3050847457627119,0.37500000000000006,17,10,0.5882352941176471,0.625,0.6060606060606061,16,7,0.4375,0.2692307692307692,0.33333333333333337,4,1,0.25,0.058823529411764705,0.09523809523809523,1,0.37500000000000006,0.37500000000000006,0.37500000000000006,nan,nan
cameo_hard__8yoz_A,3,127,True,42,42,13,0.30952380952380953,0.22033898305084745,0.25742574257425743,19,4,0.21052631578947367,0.25,0.22857142857142856,16,6,0.375,0.23076923076923078,0.2857142857142857,7,3,0.42857142857142855,0.17647058823529413,0.25,1,0.25742574257425743,0.25742574257425743,0.25742574257425743,nan,nan
cameo_hard__9b7d_D,0,622,True,207,207,13,0.06280193236714976,0.09219858156028368,0.07471264367816093,23,2,0.08695652173913043,0.06896551724137931,0.07692307692307693,42,5,0.11904761904761904,0.13157894736842105,0.125,142,6,0.04225352112676056,0.08108108108108109,0.05555555555555555,1,0.07471264367816093,0.07471264367816093,0.07471264367816093,nan,nan
cameo_hard__9b7d_D,1,472,True,157,157,8,0.050955414012738856,0.05673758865248227,0.05369127516778524,17,2,0.11764705882352941,0.06896551724137931,0.08695652173913043,39,2,0.05128205128205128,0.05263157894736842,0.05194805194805195,101,4,0.039603960396039604,0.05405405405405406,0.04571428571428571,1,0.05369127516778524,0.05369127516778524,0.05369127516778524,nan,nan
cameo_hard__9b7d_D,2,568,True,189,189,14,0.07407407407407407,0.09929078014184398,0.08484848484848484,25,4,0.16,0.13793103448275862,0.14814814814814817,19,3,0.15789473684210525,0.07894736842105263,0.10526315789473684,145,7,0.04827586206896552,0.0945945945945946,0.0639269406392694,1,0.08484848484848484,0.08484848484848484,0.08484848484848484,nan,nan
cameo_hard__9b7d_D,3,460,True,153,153,10,0.06535947712418301,0.07092198581560284,0.06802721088435375,28,1,0.03571428571428571,0.034482758620689655,0.03508771929824562,31,4,0.12903225806451613,0.10526315789473684,0.11594202898550723,94,5,0.05319148936170213,0.06756756756756757,0.059523809523809534,1,0.06802721088435375,0.06802721088435375,0.06802721088435375,nan,nan
cameo_hard__9de9_B,0,160,True,53,53,2,0.03773584905660377,0.03225806451612903,0.03478260869565218,13,2,0.15384615384615385,0.2857142857142857,0.2,15,0,0.0,0.0,0.0,25,0,0.0,0.0,0.0,1,0.03478260869565218,0.03478260869565218,0.03478260869565218,nan,nan
cameo_hard__9de9_B,1,214,True,71,71,9,0.1267605633802817,0.14516129032258066,0.13533834586466165,9,1,0.1111111111111111,0.14285714285714285,0.125,16,2,0.125,0.2857142857142857,0.17391304347826086,46,6,0.13043478260869565,0.125,0.1276595744680851,1,0.13533834586466165,0.13533834586466165,0.13533834586466165,nan,nan
cameo_hard__9de9_B,2,175,True,58,58,9,0.15517241379310345,0.14516129032258066,0.15000000000000002,7,0,0.0,0.0,0.0,8,0,0.0,0.0,0.0,43,9,0.20930232558139536,0.1875,0.1978021978021978,1,0.15000000000000002,0.15000000000000002,0.15000000000000002,nan,nan
cameo_hard__9de9_B,3,70,True,23,23,1,0.043478260869565216,0.016129032258064516,0.023529411764705882,5,0,0.0,0.0,0.0,9,0,0.0,0.0,0.0,9,1,0.1111111111111111,0.020833333333333332,0.03508771929824561,1,0.023529411764705882,0.023529411764705882,0.023529411764705882,nan,nan
cameo_hard__9def_A,0,256,True,85,85,11,0.12941176470588237,0.09565217391304348,0.11,24,11,0.4583333333333333,0.5,0.4782608695652174,26,0,0.0,0.0,0.0,35,0,0.0,0.0,0.0,1,0.11,0.11,0.11,nan,nan
cameo_hard__9def_A,1,313,True,104,104,16,0.15384615384615385,0.1391304347826087,0.14611872146118723,8,1,0.125,0.045454545454545456,0.06666666666666667,26,3,0.11538461538461539,0.16666666666666666,0.13636363636363638,70,12,0.17142857142857143,0.16,0.16551724137931037,1,0.14611872146118723,0.14611872146118723,0.14611872146118723,nan,nan
cameo_hard__9def_A,2,280,True,93,93,7,0.07526881720430108,0.06086956521739131,0.06730769230769232,20,6,0.3,0.2727272727272727,0.28571428571428564,13,0,0.0,0.0,0.0,60,1,0.016666666666666666,0.013333333333333334,0.014814814814814815,1,0.06730769230769232,0.06730769230769232,0.06730769230769232,nan,nan
cameo_hard__9def_A,3,301,True,100,100,5,0.05,0.043478260869565216,0.046511627906976744,14,4,0.2857142857142857,0.18181818181818182,0.2222222222222222,21,1,0.047619047619047616,0.05555555555555555,0.05128205128205128,65,0,0.0,0.0,0.0,1,0.046511627906976744,0.046511627906976744,0.046511627906976744,nan,nan
cameo_hard__9dl1_D,0,346,True,115,115,3,0.02608695652173913,0.08823529411764706,0.04026845637583893,14,1,0.07142857142857142,0.1,0.08333333333333333,9,0,0.0,0.0,0.0,92,2,0.021739130434782608,0.13333333333333333,0.037383177570093455,1,0.04026845637583893,0.04026845637583893,0.04026845637583893,nan,nan
cameo_hard__9dl1_D,1,334,True,111,111,4,0.036036036036036036,0.11764705882352941,0.055172413793103454,11,0,0.0,0.0,0.0,16,1,0.0625,0.1111111111111111,0.08,84,3,0.03571428571428571,0.2,0.06060606060606061,1,0.055172413793103454,0.055172413793103454,0.055172413793103454,nan,nan
cameo_hard__9dl1_D,2,313,True,104,104,3,0.028846153846153848,0.08823529411764706,0.04347826086956522,3,1,0.3333333333333333,0.1,0.15384615384615383,21,2,0.09523809523809523,0.2222222222222222,0.13333333333333333,80,0,0.0,0.0,0.0,1,0.04347826086956522,0.04347826086956522,0.04347826086956522,nan,nan
cameo_hard__9dl1_D,3,424,True,141,141,3,0.02127659574468085,0.08823529411764706,0.03428571428571429,19,2,0.10526315789473684,0.2,0.13793103448275862,20,0,0.0,0.0,0.0,102,1,0.00980392156862745,0.06666666666666667,0.017094017094017092,1,0.03428571428571429,0.03428571428571429,0.03428571428571429,nan,nan
cameo_hard__9eqn_A,0,118,True,39,39,4,0.10256410256410256,0.12121212121212122,0.1111111111111111,16,4,0.25,0.2857142857142857,0.26666666666666666,12,0,0.0,0.0,0.0,11,0,0.0,0.0,0.0,1,0.1111111111111111,0.1111111111111111,0.1111111111111111,nan,nan
cameo_hard__9eqn_A,1,136,True,45,45,3,0.06666666666666667,0.09090909090909091,0.07692307692307691,12,3,0.25,0.21428571428571427,0.23076923076923075,9,0,0.0,0.0,0.0,24,0,0.0,0.0,0.0,1,0.07692307692307691,0.07692307692307691,0.07692307692307691,nan,nan
cameo_hard__9eqn_A,2,166,True,55,55,6,0.10909090909090909,0.18181818181818182,0.13636363636363638,7,5,0.7142857142857143,0.35714285714285715,0.4761904761904762,9,1,0.1111111111111111,0.1111111111111111,0.1111111111111111,39,0,0.0,0.0,0.0,1,0.13636363636363638,0.13636363636363638,0.13636363636363638,nan,nan
cameo_hard__9eqn_A,3,103,True,34,34,7,0.20588235294117646,0.21212121212121213,0.20895522388059704,11,5,0.45454545454545453,0.35714285714285715,0.4,11,2,0.18181818181818182,0.2222222222222222,0.19999999999999998,12,0,0.0,0.0,0.0,1,0.20895522388059704,0.20895522388059704,0.20895522388059704,nan,nan
cameo_hard__9f4c_A,0,127,True,42,42,1,0.023809523809523808,0.015384615384615385,0.018691588785046728,10,0,0.0,0.0,0.0,10,1,0.1,0.16666666666666666,0.125,22,0,0.0,0.0,0.0,1,0.018691588785046728,0.018691588785046728,0.018691588785046728,nan,nan
cameo_hard__9f4c_A,1,313,True,104,104,10,0.09615384615384616,0.15384615384615385,0.1183431952662722,22,5,0.22727272727272727,0.2777777777777778,0.25,16,1,0.0625,0.16666666666666666,0.09090909090909091,66,4,0.06060606060606061,0.0975609756097561,0.07476635514018691,1,0.1183431952662722,0.1183431952662722,0.1183431952662722,nan,nan
cameo_hard__9f4c_A,2,319,True,106,106,7,0.0660377358490566,0.1076923076923077,0.08187134502923978,23,2,0.08695652173913043,0.1111111111111111,0.0975609756097561,29,4,0.13793103448275862,0.6666666666666666,0.2285714285714286,54,1,0.018518518518518517,0.024390243902439025,0.021052631578947368,1,0.08187134502923978,0.08187134502923978,0.08187134502923978,nan,nan
cameo_hard__9f4c_A,3,145,True,48,48,15,0.3125,0.23076923076923078,0.2654867256637168,9,4,0.4444444444444444,0.2222222222222222,0.2962962962962963,7,2,0.2857142857142857,0.3333333333333333,0.30769230769230765,32,9,0.28125,0.21951219512195122,0.24657534246575344,1,0.2654867256637168,0.2654867256637168,0.2654867256637168,nan,nan
cameo_hard__9hac_B,0,340,True,113,113,22,0.19469026548672566,0.1981981981981982,0.19642857142857142,13,6,0.46153846153846156,0.4,0.42857142857142855,22,3,0.13636363636363635,0.12,0.1276595744680851,78,13,0.16666666666666666,0.18309859154929578,0.174496644295302,1,0.19642857142857142,0.19642857142857142,0.19642857142857142,nan,nan
cameo_hard__9hac_B,1,316,True,105,105,10,0.09523809523809523,0.09009009009009009,0.09259259259259259,12,5,0.4166666666666667,0.3333333333333333,0.3703703703703704,23,1,0.043478260869565216,0.04,0.041666666666666664,70,4,0.05714285714285714,0.056338028169014086,0.05673758865248227,1,0.09259259259259259,0.09259259259259259,0.09259259259259259,nan,nan
cameo_hard__9hac_B,2,403,True,133,133,15,0.11278195488721804,0.13513513513513514,0.12295081967213115,23,4,0.17391304347826086,0.26666666666666666,0.2105263157894737,30,5,0.16666666666666666,0.2,0.1818181818181818,80,6,0.075,0.08450704225352113,0.07947019867549668,1,0.12295081967213115,0.12295081967213115,0.12295081967213115,nan,nan
cameo_hard__9hac_B,3,310,True,103,103,26,0.2524271844660194,0.23423423423423423,0.24299065420560748,15,5,0.3333333333333333,0.3333333333333333,0.3333333333333333,16,3,0.1875,0.12,0.14634146341463414,72,18,0.25,0.2535211267605634,0.2517482517482518,1,0.24299065420560748,0.24299065420560748,0.24299065420560748,nan,nan
cameo_hard__9isp_A,0,379,True,126,126,11,0.0873015873015873,0.06626506024096386,0.07534246575342465,24,5,0.20833333333333334,0.25,0.22727272727272727,27,0,0.0,0.0,0.0,75,6,0.08,0.046153846153846156,0.058536585365853655,1,0.07534246575342465,0.07534246575342465,0.07534246575342465,nan,nan
cameo_hard__9isp_A,1,484,True,160,160,6,0.0375,0.03614457831325301,0.03680981595092025,31,3,0.0967741935483871,0.15,0.11764705882352941,34,2,0.058823529411764705,0.125,0.07999999999999999,95,1,0.010526315789473684,0.007692307692307693,0.008888888888888889,1,0.03680981595092025,0.03680981595092025,0.03680981595092025,nan,nan
cameo_hard__9isp_A,2,481,True,160,160,5,0.03125,0.030120481927710843,0.03067484662576687,25,0,0.0,0.0,0.0,29,0,0.0,0.0,0.0,106,5,0.04716981132075472,0.038461538461538464,0.04237288135593221,1,0.03067484662576687,0.03067484662576687,0.03067484662576687,nan,nan
cameo_hard__9isp_A,3,283,True,94,94,10,0.10638297872340426,0.060240963855421686,0.07692307692307691,24,2,0.08333333333333333,0.1,0.0909090909090909,28,1,0.03571428571428571,0.0625,0.045454545454545456,42,7,0.16666666666666666,0.05384615384615385,0.0813953488372093,1,0.07692307692307691,0.07692307692307691,0.07692307692307691,nan,nan
cameo_hard__9j5h_A,0,40,True,13,13,4,0.3076923076923077,0.26666666666666666,0.28571428571428575,7,2,0.2857142857142857,0.4,0.3333333333333333,4,2,0.5,0.2857142857142857,0.36363636363636365,2,0,0.0,0.0,0.0,1,0.28571428571428575,0.28571428571428575,0.28571428571428575,nan,nan
cameo_hard__9j5h_A,1,52,True,17,17,5,0.29411764705882354,0.3333333333333333,0.3125,8,2,0.25,0.4,0.3076923076923077,8,2,0.25,0.2857142857142857,0.26666666666666666,1,1,1.0,0.3333333333333333,0.5,1,0.3125,0.3125,0.3125,nan,nan
cameo_hard__9j5h_A,2,25,True,8,8,2,0.25,0.13333333333333333,0.1739130434782609,8,2,0.25,0.4,0.3076923076923077,0,0,0.0,0.0,0.0,0,0,0.0,0.0,0.0,1,0.1739130434782609,0.1739130434782609,0.1739130434782609,nan,nan
cameo_hard__9j5h_A,3,46,True,15,15,2,0.13333333333333333,0.13333333333333333,0.13333333333333333,3,0,0.0,0.0,0.0,9,2,0.2222222222222222,0.2857142857142857,0.25,3,0,0.0,0.0,0.0,1,0.13333333333333333,0.13333333333333333,0.13333333333333333,nan,nan
casp_fm__T1027-D1,0,343,True,114,114,7,0.06140350877192982,0.05426356589147287,0.05761316872427984,18,0,0.0,0.0,0.0,25,3,0.12,0.2727272727272727,0.16666666666666666,71,4,0.056338028169014086,0.041666666666666664,0.04790419161676647,1,0.05761316872427984,0.05761316872427984,0.05761316872427984,nan,nan
casp_fm__T1027-D1,1,385,True,128,128,4,0.03125,0.031007751937984496,0.0311284046692607,19,3,0.15789473684210525,0.13636363636363635,0.14634146341463414,25,0,0.0,0.0,0.0,84,1,0.011904761904761904,0.010416666666666666,0.011111111111111112,1,0.0311284046692607,0.0311284046692607,0.0311284046692607,nan,nan
casp_fm__T1027-D1,2,253,True,84,84,10,0.11904761904761904,0.07751937984496124,0.09389671361502347,13,1,0.07692307692307693,0.045454545454545456,0.05714285714285715,9,0,0.0,0.0,0.0,62,9,0.14516129032258066,0.09375,0.1139240506329114,1,0.09389671361502347,0.09389671361502347,0.09389671361502347,nan,nan
casp_fm__T1027-D1,3,256,True,85,85,4,0.047058823529411764,0.031007751937984496,0.037383177570093455,12,0,0.0,0.0,0.0,22,0,0.0,0.0,0.0,51,4,0.0784313725490196,0.041666666666666664,0.05442176870748299,1,0.037383177570093455,0.037383177570093455,0.037383177570093455,nan,nan
casp_fm__T1031-D1,0,226,True,75,75,14,0.18666666666666668,0.16091954022988506,0.17283950617283952,17,9,0.5294117647058824,0.3333333333333333,0.409090909090909,15,4,0.26666666666666666,0.2857142857142857,0.2758620689655172,43,1,0.023255813953488372,0.021739130434782608,0.022471910112359553,1,0.17283950617283952,0.17283950617283952,0.17283950617283952,nan,nan
casp_fm__T1031-D1,1,268,True,89,89,15,0.16853932584269662,0.1724137931034483,0.17045454545454547,22,9,0.4090909090909091,0.3333333333333333,0.36734693877551017,32,5,0.15625,0.35714285714285715,0.21739130434782608,35,1,0.02857142857142857,0.021739130434782608,0.024691358024691357,1,0.17045454545454547,0.17045454545454547,0.17045454545454547,nan,nan
casp_fm__T1031-D1,2,205,True,68,68,9,0.1323529411764706,0.10344827586206896,0.11612903225806451,21,7,0.3333333333333333,0.25925925925925924,0.2916666666666667,23,2,0.08695652173913043,0.14285714285714285,0.1081081081081081,24,0,0.0,0.0,0.0,1,0.11612903225806451,0.11612903225806451,0.11612903225806451,nan,nan
casp_fm__T1031-D1,3,259,True,86,86,9,0.10465116279069768,0.10344827586206896,0.10404624277456646,22,7,0.3181818181818182,0.25925925925925924,0.2857142857142857,23,2,0.08695652173913043,0.14285714285714285,0.1081081081081081,41,0,0.0,0.0,0.0,1,0.10404624277456646,0.10404624277456646,0.10404624277456646,nan,nan
casp_fm__T1035-D1,0,241,True,80,80,6,0.075,0.08571428571428572,0.08,15,2,0.13333333333333333,0.2222222222222222,0.16666666666666669,24,2,0.08333333333333333,0.125,0.1,41,2,0.04878048780487805,0.044444444444444446,0.046511627906976744,1,0.08,0.08,0.08,nan,nan
casp_fm__T1035-D1,1,229,True,76,76,2,0.02631578947368421,0.02857142857142857,0.027397260273972605,8,0,0.0,0.0,0.0,17,0,0.0,0.0,0.0,51,2,0.0392156862745098,0.044444444444444446,0.041666666666666664,1,0.027397260273972605,0.027397260273972605,0.027397260273972605,nan,nan
casp_fm__T1035-D1,2,109,True,36,36,5,0.1388888888888889,0.07142857142857142,0.09433962264150943,5,2,0.4,0.2222222222222222,0.2857142857142857,7,2,0.2857142857142857,0.125,0.17391304347826086,24,1,0.041666666666666664,0.022222222222222223,0.028985507246376815,1,0.09433962264150943,0.09433962264150943,0.09433962264150943,nan,nan
casp_fm__T1035-D1,3,19,True,6,6,1,0.16666666666666666,0.014285714285714285,0.02631578947368421,5,1,0.2,0.1111111111111111,0.14285714285714285,1,0,0.0,0.0,0.0,0,0,0.0,0.0,0.0,1,0.02631578947368421,0.02631578947368421,0.02631578947368421,nan,nan
casp_fm__T1038-D1,0,223,True,74,74,7,0.0945945945945946,0.08536585365853659,0.08974358974358976,18,4,0.2222222222222222,0.26666666666666666,0.2424242424242424,29,1,0.034482758620689655,0.05555555555555555,0.0425531914893617,27,2,0.07407407407407407,0.04081632653061224,0.05263157894736842,1,0.08974358974358976,0.08974358974358976,0.08974358974358976,nan,nan
casp_fm__T1038-D1,1,328,True,109,109,1,0.009174311926605505,0.012195121951219513,0.010471204188481676,10,0,0.0,0.0,0.0,14,0,0.0,0.0,0.0,85,1,0.011764705882352941,0.02040816326530612,0.01492537313432836,1,0.010471204188481676,0.010471204188481676,0.010471204188481676,nan,nan
casp_fm__T1038-D1,2,250,True,83,83,7,0.08433734939759036,0.08536585365853659,0.08484848484848484,21,5,0.23809523809523808,0.3333333333333333,0.2777777777777778,24,0,0.0,0.0,0.0,38,2,0.05263157894736842,0.04081632653061224,0.04597701149425287,1,0.08484848484848484,0.08484848484848484,0.08484848484848484,nan,nan
casp_fm__T1038-D1,3,235,True,78,78,1,0.01282051282051282,0.012195121951219513,0.0125,11,1,0.09090909090909091,0.06666666666666667,0.07692307692307691,13,0,0.0,0.0,0.0,54,0,0.0,0.0,0.0,1,0.0125,0.0125,0.0125,nan,nan
casp_fm__T1039-D1,0,424,True,141,141,4,0.028368794326241134,0.02702702702702703,0.027681660899653977,20,2,0.1,0.11764705882352941,0.1081081081081081,33,2,0.06060606060606061,0.09090909090909091,0.07272727272727272,88,0,0.0,0.0,0.0,1,0.027681660899653977,0.027681660899653977,0.027681660899653977,nan,nan
casp_fm__T1039-D1,1,478,True,159,159,19,0.11949685534591195,0.12837837837837837,0.1237785016286645,15,2,0.13333333333333333,0.11764705882352941,0.125,18,2,0.1111111111111111,0.09090909090909091,0.09999999999999999,126,15,0.11904761904761904,0.13761467889908258,0.12765957446808512,1,0.1237785016286645,0.1237785016286645,0.1237785016286645,nan,nan
casp_fm__T1039-D1,2,352,True,117,117,6,0.05128205128205128,0.04054054054054054,0.04528301886792453,18,2,0.1111111111111111,0.11764705882352941,0.11428571428571428,33,3,0.09090909090909091,0.13636363636363635,0.10909090909090909,66,1,0.015151515151515152,0.009174311926605505,0.011428571428571429,1,0.04528301886792453,0.04528301886792453,0.04528301886792453,nan,nan
casp_fm__T1039-D1,3,394,True,131,131,6,0.04580152671755725,0.04054054054054054,0.043010752688172046,19,3,0.15789473684210525,0.17647058823529413,0.16666666666666669,34,3,0.08823529411764706,0.13636363636363635,0.10714285714285714,78,0,0.0,0.0,0.0,1,0.043010752688172046,0.043010752688172046,0.043010752688172046,nan,nan
casp_fm__T1041-D1,0,448,True,149,149,8,0.053691275167785234,0.0365296803652968,0.043478260869565216,31,2,0.06451612903225806,0.06451612903225806,0.06451612903225806,31,1,0.03225806451612903,0.03225806451612903,0.03225806451612903,87,5,0.05747126436781609,0.03184713375796178,0.040983606557377046,1,0.043478260869565216,0.043478260869565216,0.043478260869565216,nan,nan
casp_fm__T1041-D1,1,685,True,228,228,3,0.013157894736842105,0.0136986301369863,0.013422818791946308,36,3,0.08333333333333333,0.0967741935483871,0.08955223880597014,59,0,0.0,0.0,0.0,133,0,0.0,0.0,0.0,1,0.013422818791946308,0.013422818791946308,0.013422818791946308,nan,nan
casp_fm__T1041-D1,2,598,True,199,199,3,0.01507537688442211,0.0136986301369863,0.014354066985645932,27,1,0.037037037037037035,0.03225806451612903,0.034482758620689655,45,0,0.0,0.0,0.0,127,2,0.015748031496062992,0.012738853503184714,0.014084507042253521,1,0.014354066985645932,0.014354066985645932,0.014354066985645932,nan,nan
casp_fm__T1041-D1,3,628,True,209,209,19,0.09090909090909091,0.0867579908675799,0.08878504672897196,44,7,0.1590909090909091,0.22580645161290322,0.18666666666666665,51,5,0.09803921568627451,0.16129032258064516,0.1219512195121951,114,7,0.06140350877192982,0.044585987261146494,0.051660516605166046,1,0.08878504672897196,0.08878504672897196,0.08878504672897196,nan,nan
casp_fm__T1043-D1,0,430,True,143,143,5,0.03496503496503497,0.0390625,0.03690036900369004,24,4,0.16666666666666666,0.16666666666666666,0.16666666666666666,33,0,0.0,0.0,0.0,86,1,0.011627906976744186,0.012345679012345678,0.011976047904191616,1,0.03690036900369004,0.03690036900369004,0.03690036900369004,nan,nan
casp_fm__T1043-D1,1,388,True,129,129,3,0.023255813953488372,0.0234375,0.023346303501945526,13,0,0.0,0.0,0.0,24,3,0.125,0.13043478260869565,0.1276595744680851,92,0,0.0,0.0,0.0,1,0.023346303501945526,0.023346303501945526,0.023346303501945526,nan,nan
casp_fm__T1043-D1,2,367,True,122,122,1,0.00819672131147541,0.0078125,0.008,22,1,0.045454545454545456,0.041666666666666664,0.043478260869565216,37,0,0.0,0.0,0.0,63,0,0.0,0.0,0.0,1,0.008,0.008,0.008,nan,nan
casp_fm__T1043-D1,3,442,True,145,145,5,0.034482758620689655,0.0390625,0.03663003663003663,27,1,0.037037037037037035,0.041666666666666664,0.03921568627450981,40,4,0.1,0.17391304347826086,0.126984126984127,78,0,0.0,0.0,0.0,1,0.03663003663003663,0.03663003663003663,0.03663003663003663,nan,nan
casp_fm__T1104-D1,0,283,True,94,94,5,0.05319148936170213,0.052083333333333336,0.05263157894736842,11,1,0.09090909090909091,0.07142857142857142,0.08,9,3,0.3333333333333333,0.21428571428571427,0.2608695652173913,74,1,0.013513513513513514,0.014705882352941176,0.014084507042253521,1,0.05263157894736842,0.05263157894736842,0.05263157894736842,nan,nan
casp_fm__T1104-D1,1,202,True,67,67,4,0.05970149253731343,0.041666666666666664,0.049079754601226995,7,2,0.2857142857142857,0.14285714285714285,0.19047619047619047,16,2,0.125,0.14285714285714285,0.13333333333333333,44,0,0.0,0.0,0.0,1,0.049079754601226995,0.049079754601226995,0.049079754601226995,nan,nan
casp_fm__T1104-D1,2,286,True,95,95,3,0.031578947368421054,0.03125,0.031413612565445025,9,3,0.3333333333333333,0.21428571428571427,0.2608695652173913,6,0,0.0,0.0,0.0,80,0,0.0,0.0,0.0,1,0.031413612565445025,0.031413612565445025,0.031413612565445025,nan,nan
casp_fm__T1104-D1,3,181,True,60,60,2,0.03333333333333333,0.020833333333333332,0.025641025641025637,13,2,0.15384615384615385,0.14285714285714285,0.14814814814814817,14,0,0.0,0.0,0.0,33,0,0.0,0.0,0.0,1,0.025641025641025637,0.025641025641025637,0.025641025641025637,nan,nan
casp_fm__T1113-D1,0,415,True,138,138,5,0.036231884057971016,0.04672897196261682,0.04081632653061224,17,2,0.11764705882352941,0.07407407407407407,0.0909090909090909,24,3,0.125,0.09375,0.10714285714285714,97,0,0.0,0.0,0.0,1,0.04081632653061224,0.04081632653061224,0.04081632653061224,nan,nan
casp_fm__T1113-D1,1,574,True,190,190,10,0.05263157894736842,0.09345794392523364,0.06734006734006732,24,5,0.20833333333333334,0.18518518518518517,0.19607843137254902,39,2,0.05128205128205128,0.0625,0.056338028169014086,127,3,0.023622047244094488,0.0625,0.03428571428571429,1,0.06734006734006732,0.06734006734006732,0.06734006734006732,nan,nan
casp_fm__T1113-D1,2,406,True,135,135,11,0.08148148148148149,0.102803738317757,0.09090909090909091,30,5,0.16666666666666666,0.18518518518518517,0.17543859649122806,32,4,0.125,0.125,0.125,73,2,0.0273972602739726,0.041666666666666664,0.03305785123966942,1,0.09090909090909091,0.09090909090909091,0.09090909090909091,nan,nan
casp_fm__T1113-D1,3,568,True,189,189,24,0.12698412698412698,0.22429906542056074,0.16216216216216214,32,9,0.28125,0.3333333333333333,0.3050847457627119,37,8,0.21621621621621623,0.25,0.2318840579710145,120,7,0.058333333333333334,0.14583333333333334,0.08333333333333334,1,0.16216216216216214,0.16216216216216214,0.16216216216216214,nan,nan
casp_fm__T1120-D2,0,136,True,45,45,3,0.06666666666666667,0.046875,0.05504587155963303,8,2,0.25,0.125,0.16666666666666666,14,0,0.0,0.0,0.0,23,1,0.043478260869565216,0.02702702702702703,0.03333333333333333,1,0.05504587155963303,0.05504587155963303,0.05504587155963303,nan,nan
casp_fm__T1120-D2,1,118,True,39,39,10,0.2564102564102564,0.15625,0.1941747572815534,11,6,0.5454545454545454,0.375,0.4444444444444444,21,3,0.14285714285714285,0.2727272727272727,0.18749999999999997,7,1,0.14285714285714285,0.02702702702702703,0.045454545454545456,1,0.1941747572815534,0.1941747572815534,0.1941747572815534,nan,nan
casp_fm__T1120-D2,2,265,True,87,87,9,0.10344827586206896,0.140625,0.11920529801324503,16,4,0.25,0.25,0.25,13,0,0.0,0.0,0.0,58,5,0.08620689655172414,0.13513513513513514,0.10526315789473685,1,0.11920529801324503,0.11920529801324503,0.11920529801324503,nan,nan
casp_fm__T1120-D2,3,118,True,39,39,4,0.10256410256410256,0.0625,0.07766990291262135,12,4,0.3333333333333333,0.25,0.28571428571428575,13,0,0.0,0.0,0.0,14,0,0.0,0.0,0.0,1,0.07766990291262135,0.07766990291262135,0.07766990291262135,nan,nan
casp_fm__T1122-D1,0,679,True,225,225,14,0.06222222222222222,0.09210526315789473,0.07427055702917772,36,9,0.25,0.36,0.29508196721311475,59,4,0.06779661016949153,0.14814814814814814,0.09302325581395349,130,1,0.007692307692307693,0.01,0.008695652173913042,1,0.07427055702917772,0.07427055702917772,0.07427055702917772,nan,nan
casp_fm__T1122-D1,1,649,True,215,215,5,0.023255813953488372,0.03289473684210526,0.027247956403269755,28,1,0.03571428571428571,0.04,0.03773584905660378,44,0,0.0,0.0,0.0,143,4,0.027972027972027972,0.04,0.03292181069958847,1,0.027247956403269755,0.027247956403269755,0.027247956403269755,nan,nan
casp_fm__T1122-D1,2,526,True,175,175,4,0.022857142857142857,0.02631578947368421,0.024464831804281346,31,1,0.03225806451612903,0.04,0.03571428571428571,27,0,0.0,0.0,0.0,117,3,0.02564102564102564,0.03,0.027649769585253454,1,0.024464831804281346,0.024464831804281346,0.024464831804281346,nan,nan
casp_fm__T1122-D1,3,592,True,196,196,15,0.07653061224489796,0.09868421052631579,0.08620689655172414,32,2,0.0625,0.08,0.07017543859649122,31,5,0.16129032258064516,0.18518518518518517,0.17241379310344826,133,8,0.06015037593984962,0.08,0.0686695278969957,1,0.08620689655172414,0.08620689655172414,0.08620689655172414,nan,nan
casp_fm__T1125-D1,0,325,True,108,108,12,0.1111111111111111,0.12903225806451613,0.11940298507462685,22,4,0.18181818181818182,0.16,0.1702127659574468,24,4,0.16666666666666666,0.26666666666666666,0.2051282051282051,62,4,0.06451612903225806,0.07547169811320754,0.06956521739130436,1,0.11940298507462685,0.11940298507462685,0.11940298507462685,nan,nan
casp_fm__T1125-D1,1,169,True,56,56,4,0.07142857142857142,0.043010752688172046,0.053691275167785234,24,4,0.16666666666666666,0.16,0.16326530612244897,17,0,0.0,0.0,0.0,15,0,0.0,0.0,0.0,1,0.053691275167785234,0.053691275167785234,0.053691275167785234,nan,nan
casp_fm__T1125-D1,2,340,True,113,113,7,0.061946902654867256,0.07526881720430108,0.0679611650485437,17,3,0.17647058823529413,0.12,0.14285714285714282,21,3,0.14285714285714285,0.2,0.16666666666666666,75,1,0.013333333333333334,0.018867924528301886,0.015625,1,0.0679611650485437,0.0679611650485437,0.0679611650485437,nan,nan
casp_fm__T1125-D1,3,355,True,118,118,9,0.07627118644067797,0.0967741935483871,0.08530805687203792,11,5,0.45454545454545453,0.2,0.2777777777777778,24,2,0.08333333333333333,0.13333333333333333,0.10256410256410255,83,2,0.024096385542168676,0.03773584905660377,0.029411764705882353,1,0.08530805687203792,0.08530805687203792,0.08530805687203792,nan,nan
casp_fm__T1125-D4,0,307,True,102,102,16,0.1568627450980392,0.1702127659574468,0.16326530612244897,16,8,0.5,0.4444444444444444,0.47058823529411764,25,5,0.2,0.3333333333333333,0.25,61,3,0.04918032786885246,0.04918032786885246,0.04918032786885245,1,0.16326530612244897,0.16326530612244897,0.16326530612244897,nan,nan
casp_fm__T1125-D4,1,268,True,89,89,11,0.12359550561797752,0.11702127659574468,0.12021857923497267,20,5,0.25,0.2777777777777778,0.2631578947368421,18,4,0.2222222222222222,0.26666666666666666,0.2424242424242424,51,2,0.0392156862745098,0.03278688524590164,0.03571428571428571,1,0.12021857923497267,0.12021857923497267,0.12021857923497267,nan,nan
casp_fm__T1125-D4,2,310,True,103,103,10,0.0970873786407767,0.10638297872340426,0.10152284263959391,25,7,0.28,0.3888888888888889,0.32558139534883723,15,3,0.2,0.2,0.20000000000000004,63,0,0.0,0.0,0.0,1,0.10152284263959391,0.10152284263959391,0.10152284263959391,nan,nan
casp_fm__T1125-D4,3,259,True,86,86,11,0.12790697674418605,0.11702127659574468,0.12222222222222222,17,7,0.4117647058823529,0.3888888888888889,0.39999999999999997,11,1,0.09090909090909091,0.06666666666666667,0.07692307692307691,58,3,0.05172413793103448,0.04918032786885246,0.05042016806722689,1,0.12222222222222222,0.12222222222222222,0.12222222222222222,nan,nan
denovo_pdb__1mj0_A,0,313,True,104,104,85,0.8173076923076923,0.794392523364486,0.8056872037914692,13,11,0.8461538461538461,0.7857142857142857,0.8148148148148148,18,16,0.8888888888888888,0.9411764705882353,0.9142857142857143,73,58,0.7945205479452054,0.7631578947368421,0.7785234899328859,1,0.8056872037914692,0.8056872037914692,0.8056872037914692,nan,nan
denovo_pdb__1mj0_A,1,99,True,32,32,25,0.78125,0.2336448598130841,0.3597122302158274,4,2,0.5,0.14285714285714285,0.22222222222222224,5,4,0.8,0.23529411764705882,0.3636363636363636,23,19,0.8260869565217391,0.25,0.3838383838383838,1,0.3597122302158274,0.3597122302158274,0.3597122302158274,nan,nan
denovo_pdb__1mj0_A,2,351,True,114,114,92,0.8070175438596491,0.8598130841121495,0.832579185520362,13,12,0.9230769230769231,0.8571428571428571,0.888888888888889,18,15,0.8333333333333334,0.8823529411764706,0.8571428571428571,83,65,0.7831325301204819,0.8552631578947368,0.8176100628930818,1,0.832579185520362,0.832579185520362,0.832579185520362,nan,nan
denovo_pdb__1mj0_A,3,373,True,124,124,90,0.7258064516129032,0.8411214953271028,0.7792207792207793,17,11,0.6470588235294118,0.7857142857142857,0.7096774193548386,20,16,0.8,0.9411764705882353,0.8648648648648648,87,63,0.7241379310344828,0.8289473684210527,0.7730061349693252,1,0.7792207792207793,0.7792207792207793,0.7792207792207793,nan,nan
denovo_pdb__1uw1_A,0,175,True,58,58,10,0.1724137931034483,0.17857142857142858,0.17543859649122806,14,0,0.0,0.0,0.0,21,7,0.3333333333333333,0.3888888888888889,0.358974358974359,23,3,0.13043478260869565,0.10714285714285714,0.11764705882352941,1,0.17543859649122806,0.17543859649122806,0.17543859649122806,nan,nan
denovo_pdb__1uw1_A,1,142,True,47,47,14,0.2978723404255319,0.25,0.27184466019417475,18,7,0.3888888888888889,0.7,0.5,19,5,0.2631578947368421,0.2777777777777778,0.27027027027027023,10,2,0.2,0.07142857142857142,0.10526315789473682,1,0.27184466019417475,0.27184466019417475,0.27184466019417475,nan,nan
denovo_pdb__1uw1_A,2,190,True,63,63,12,0.19047619047619047,0.21428571428571427,0.20168067226890754,12,0,0.0,0.0,0.0,41,10,0.24390243902439024,0.5555555555555556,0.33898305084745767,10,2,0.2,0.07142857142857142,0.10526315789473682,1,0.20168067226890754,0.20168067226890754,0.20168067226890754,nan,nan
denovo_pdb__1uw1_A,3,178,True,59,59,9,0.15254237288135594,0.16071428571428573,0.1565217391304348,11,3,0.2727272727272727,0.3,0.28571428571428564,20,1,0.05,0.05555555555555555,0.052631578947368425,28,5,0.17857142857142858,0.17857142857142858,0.17857142857142858,1,0.1565217391304348,0.1565217391304348,0.1565217391304348,nan,nan
denovo_pdb__2avp_A,0,226,True,71,71,48,0.676056338028169,0.9230769230769231,0.7804878048780487,14,6,0.42857142857142855,1.0,0.6,34,22,0.6470588235294118,1.0,0.7857142857142858,23,20,0.8695652173913043,0.8333333333333334,0.851063829787234,1,0.7804878048780487,0.7804878048780487,0.7804878048780487,nan,nan
denovo_pdb__2avp_A,1,205,True,67,67,47,0.7014925373134329,0.9038461538461539,0.7899159663865547,10,6,0.6,1.0,0.7499999999999999,27,20,0.7407407407407407,0.9090909090909091,0.8163265306122449,30,21,0.7,0.875,0.7777777777777777,1,0.7899159663865547,0.7899159663865547,0.7899159663865547,nan,nan
denovo_pdb__2avp_A,2,169,True,54,54,46,0.8518518518518519,0.8846153846153846,0.8679245283018868,6,5,0.8333333333333334,0.8333333333333334,0.8333333333333334,23,19,0.8260869565217391,0.8636363636363636,0.8444444444444444,25,22,0.88,0.9166666666666666,0.8979591836734694,1,0.8679245283018868,0.8679245283018868,0.8679245283018868,nan,nan
denovo_pdb__2avp_A,3,166,True,55,55,48,0.8727272727272727,0.9230769230769231,0.897196261682243,8,6,0.75,1.0,0.8571428571428571,23,19,0.8260869565217391,0.8636363636363636,0.8444444444444444,24,23,0.9583333333333334,0.9583333333333334,0.9583333333333334,1,0.897196261682243,0.897196261682243,0.897196261682243,nan,nan
denovo_pdb__2fo7_A,0,156,True,50,50,40,0.8,0.35398230088495575,0.49079754601226994,8,6,0.75,0.46153846153846156,0.5714285714285714,15,14,0.9333333333333333,0.3181818181818182,0.47457627118644075,27,20,0.7407407407407407,0.35714285714285715,0.48192771084337344,1,0.49079754601226994,0.49079754601226994,0.49079754601226994,nan,nan
denovo_pdb__2fo7_A,1,28,True,9,9,7,0.7777777777777778,0.061946902654867256,0.11475409836065573,1,1,1.0,0.07692307692307693,0.14285714285714288,2,1,0.5,0.022727272727272728,0.04347826086956522,6,5,0.8333333333333334,0.08928571428571429,0.16129032258064516,1,0.11475409836065573,0.11475409836065573,0.11475409836065573,nan,nan
denovo_pdb__2fo7_A,2,121,True,40,40,32,0.8,0.2831858407079646,0.4183006535947712,5,5,1.0,0.38461538461538464,0.5555555555555556,14,12,0.8571428571428571,0.2727272727272727,0.41379310344827586,21,15,0.7142857142857143,0.26785714285714285,0.3896103896103896,1,0.4183006535947712,0.4183006535947712,0.4183006535947712,nan,nan
denovo_pdb__2fo7_A,3,10,True,3,3,3,1.0,0.02654867256637168,0.05172413793103448,1,1,1.0,0.07692307692307693,0.14285714285714288,1,1,1.0,0.022727272727272728,0.044444444444444446,1,1,1.0,0.017857142857142856,0.03508771929824561,1,0.05172413793103448,0.05172413793103448,0.05172413793103448,nan,nan
denovo_pdb__2hyz_A,0,36,True,10,10,6,0.6,0.049586776859504134,0.09160305343511452,2,1,0.5,0.07142857142857142,0.125,3,3,1.0,0.0625,0.11764705882352941,5,2,0.4,0.03389830508474576,0.0625,1,0.09160305343511452,0.09160305343511452,0.09160305343511452,nan,nan
denovo_pdb__2hyz_A,1,185,True,56,56,48,0.8571428571428571,0.39669421487603307,0.5423728813559322,5,4,0.8,0.2857142857142857,0.4210526315789473,23,21,0.9130434782608695,0.4375,0.5915492957746479,28,23,0.8214285714285714,0.3898305084745763,0.5287356321839081,1,0.5423728813559322,0.5423728813559322,0.5423728813559322,nan,nan
denovo_pdb__2hyz_A,2,82,True,27,27,21,0.7777777777777778,0.17355371900826447,0.28378378378378377,5,3,0.6,0.21428571428571427,0.3157894736842105,11,10,0.9090909090909091,0.20833333333333334,0.3389830508474576,11,8,0.7272727272727273,0.13559322033898305,0.2285714285714286,1,0.28378378378378377,0.28378378378378377,0.28378378378378377,nan,nan
denovo_pdb__2hyz_A,3,88,True,26,26,22,0.8461538461538461,0.18181818181818182,0.2993197278911565,1,0,0.0,0.0,0.0,13,11,0.8461538461538461,0.22916666666666666,0.360655737704918,12,11,0.9166666666666666,0.1864406779661017,0.3098591549295775,1,0.2993197278911565,0.2993197278911565,0.2993197278911565,nan,nan
denovo_pdb__2i5z_O,0,658,True,218,218,18,0.08256880733944955,0.09,0.08612440191387559,46,11,0.2391304347826087,0.16666666666666666,0.1964285714285714,51,6,0.11764705882352941,0.06315789473684211,0.08219178082191782,121,1,0.008264462809917356,0.02564102564102564,0.012499999999999999,1,0.08612440191387559,0.08612440191387559,0.08612440191387559,nan,nan
denovo_pdb__2i5z_O,1,445,True,148,148,22,0.14864864864864866,0.11,0.1264367816091954,46,15,0.32608695652173914,0.22727272727272727,0.26785714285714285,54,7,0.12962962962962962,0.07368421052631578,0.09395973154362415,48,0,0.0,0.0,0.0,1,0.1264367816091954,0.1264367816091954,0.1264367816091954,nan,nan
denovo_pdb__2i5z_O,2,718,True,238,238,25,0.10504201680672269,0.125,0.1141552511415525,36,10,0.2777777777777778,0.15151515151515152,0.19607843137254904,65,14,0.2153846153846154,0.14736842105263157,0.175,137,1,0.0072992700729927005,0.02564102564102564,0.011363636363636364,1,0.1141552511415525,0.1141552511415525,0.1141552511415525,nan,nan
denovo_pdb__2i5z_O,3,328,True,109,109,47,0.43119266055045874,0.235,0.3042071197411003,45,23,0.5111111111111111,0.3484848484848485,0.4144144144144144,54,24,0.4444444444444444,0.25263157894736843,0.32214765100671144,10,0,0.0,0.0,0.0,1,0.3042071197411003,0.3042071197411003,0.3042071197411003,nan,nan
denovo_pdb__2p09_A,0,91,True,30,30,12,0.4,0.23529411764705882,0.29629629629629634,7,6,0.8571428571428571,0.75,0.7999999999999999,14,5,0.35714285714285715,0.29411764705882354,0.3225806451612903,9,1,0.1111111111111111,0.038461538461538464,0.05714285714285715,1,0.29629629629629634,0.29629629629629634,0.29629629629629634,nan,nan
denovo_pdb__2p09_A,1,154,True,51,51,16,0.3137254901960784,0.3137254901960784,0.3137254901960784,12,5,0.4166666666666667,0.625,0.5,17,9,0.5294117647058824,0.5294117647058824,0.5294117647058824,22,2,0.09090909090909091,0.07692307692307693,0.08333333333333334,1,0.3137254901960784,0.3137254901960784,0.3137254901960784,nan,nan
denovo_pdb__2p09_A,2,193,True,64,64,3,0.046875,0.058823529411764705,0.05217391304347826,16,0,0.0,0.0,0.0,20,1,0.05,0.058823529411764705,0.05405405405405405,28,2,0.07142857142857142,0.07692307692307693,0.07407407407407408,1,0.05217391304347826,0.05217391304347826,0.05217391304347826,nan,nan
denovo_pdb__2p09_A,3,211,True,70,70,11,0.15714285714285714,0.21568627450980393,0.18181818181818185,18,1,0.05555555555555555,0.125,0.07692307692307691,25,7,0.28,0.4117647058823529,0.3333333333333333,27,3,0.1111111111111111,0.11538461538461539,0.11320754716981132,1,0.18181818181818185,0.18181818181818185,0.18181818181818185,nan,nan
denovo_pdb__2wqh_A,0,355,True,111,111,84,0.7567567567567568,0.9655172413793104,0.8484848484848485,15,11,0.7333333333333333,1.0,0.846153846153846,44,31,0.7045454545454546,0.9393939393939394,0.8051948051948052,52,42,0.8076923076923077,0.9767441860465116,0.8842105263157894,1,0.8484848484848485,0.8484848484848485,0.8484848484848485,nan,nan
denovo_pdb__2wqh_A,1,37,True,12,12,11,0.9166666666666666,0.12643678160919541,0.22222222222222224,2,1,0.5,0.09090909090909091,0.15384615384615385,5,5,1.0,0.15151515151515152,0.2631578947368421,5,5,1.0,0.11627906976744186,0.20833333333333334,1,0.22222222222222224,0.22222222222222224,0.22222222222222224,nan,nan
denovo_pdb__2wqh_A,2,216,True,66,66,53,0.803030303030303,0.6091954022988506,0.6928104575163399,6,4,0.6666666666666666,0.36363636363636365,0.4705882352941177,30,25,0.8333333333333334,0.7575757575757576,0.7936507936507938,30,24,0.8,0.5581395348837209,0.6575342465753425,1,0.6928104575163399,0.6928104575163399,0.6928104575163399,nan,nan
denovo_pdb__2wqh_A,3,61,True,20,20,16,0.8,0.1839080459770115,0.29906542056074764,2,1,0.5,0.09090909090909091,0.15384615384615385,11,9,0.8181818181818182,0.2727272727272727,0.4090909090909091,7,6,0.8571428571428571,0.13953488372093023,0.24,1,0.29906542056074764,0.29906542056074764,0.29906542056074764,nan,nan
denovo_pdb__2zgd_A,0,197,True,61,61,45,0.7377049180327869,0.6081081081081081,0.6666666666666667,6,5,0.8333333333333334,0.5,0.625,15,12,0.8,0.75,0.7741935483870969,40,28,0.7,0.5833333333333334,0.6363636363636365,1,0.6666666666666667,0.6666666666666667,0.6666666666666667,nan,nan
denovo_pdb__2zgd_A,1,200,True,66,66,46,0.696969696969697,0.6216216216216216,0.6571428571428571,10,6,0.6,0.6,0.6,14,10,0.7142857142857143,0.625,0.6666666666666666,42,30,0.7142857142857143,0.625,0.6666666666666666,1,0.6571428571428571,0.6571428571428571,0.6571428571428571,nan,nan
denovo_pdb__2zgd_A,2,201,True,65,65,49,0.7538461538461538,0.6621621621621622,0.7050359712230215,10,7,0.7,0.7,0.7,16,13,0.8125,0.8125,0.8125,39,29,0.7435897435897436,0.6041666666666666,0.6666666666666667,1,0.7050359712230215,0.7050359712230215,0.7050359712230215,nan,nan
denovo_pdb__2zgd_A,3,186,True,61,61,52,0.8524590163934426,0.7027027027027027,0.7703703703703704,11,9,0.8181818181818182,0.9,0.8571428571428572,11,11,1.0,0.6875,0.8148148148148148,39,32,0.8205128205128205,0.6666666666666666,0.7356321839080459,1,0.7703703703703704,0.7703703703703704,0.7703703703703704,nan,nan
denovo_pdb__3dgl_A,0,175,True,58,58,16,0.27586206896551724,0.3018867924528302,0.28828828828828823,14,3,0.21428571428571427,0.375,0.2727272727272727,27,8,0.2962962962962963,0.5,0.37209302325581395,17,5,0.29411764705882354,0.1724137931034483,0.2173913043478261,1,0.28828828828828823,0.28828828828828823,0.28828828828828823,nan,nan
denovo_pdb__3dgl_A,1,160,True,52,52,5,0.09615384615384616,0.09433962264150944,0.09523809523809523,7,1,0.14285714285714285,0.125,0.13333333333333333,14,4,0.2857142857142857,0.25,0.26666666666666666,31,0,0.0,0.0,0.0,1,0.09523809523809523,0.09523809523809523,0.09523809523809523,nan,nan
denovo_pdb__3dgl_A,2,202,True,67,67,14,0.208955223880597,0.2641509433962264,0.23333333333333334,19,1,0.05263157894736842,0.125,0.07407407407407407,30,8,0.26666666666666666,0.5,0.3478260869565218,18,5,0.2777777777777778,0.1724137931034483,0.21276595744680854,1,0.23333333333333334,0.23333333333333334,0.23333333333333334,nan,nan
denovo_pdb__3dgl_A,3,106,True,35,35,13,0.37142857142857144,0.24528301886792453,0.29545454545454547,8,1,0.125,0.125,0.125,14,7,0.5,0.4375,0.4666666666666667,13,5,0.38461538461538464,0.1724137931034483,0.23809523809523808,1,0.29545454545454547,0.29545454545454547,0.29545454545454547,nan,nan
denovo_pdb__3dgn_A,0,193,True,64,64,11,0.171875,0.22448979591836735,0.19469026548672563,13,2,0.15384615384615385,0.25,0.1904761904761905,22,6,0.2727272727272727,0.375,0.3157894736842105,29,3,0.10344827586206896,0.12,0.11111111111111112,1,0.19469026548672563,0.19469026548672563,0.19469026548672563,nan,nan
denovo_pdb__3dgn_A,1,166,True,54,54,15,0.2777777777777778,0.30612244897959184,0.29126213592233013,10,5,0.5,0.625,0.5555555555555556,25,4,0.16,0.25,0.19512195121951217,19,6,0.3157894736842105,0.24,0.2727272727272727,1,0.29126213592233013,0.29126213592233013,0.29126213592233013,nan,nan
denovo_pdb__3dgn_A,2,118,True,39,39,6,0.15384615384615385,0.12244897959183673,0.13636363636363635,14,1,0.07142857142857142,0.125,0.09090909090909091,14,3,0.21428571428571427,0.1875,0.19999999999999998,11,2,0.18181818181818182,0.08,0.1111111111111111,1,0.13636363636363635,0.13636363636363635,0.13636363636363635,nan,nan
denovo_pdb__3dgn_A,3,166,True,55,55,3,0.05454545454545454,0.061224489795918366,0.05769230769230769,14,0,0.0,0.0,0.0,7,0,0.0,0.0,0.0,34,3,0.08823529411764706,0.12,0.10169491525423728,1,0.05769230769230769,0.05769230769230769,0.05769230769230769,nan,nan
denovo_pdb__3lt8_A,0,202,True,67,67,3,0.04477611940298507,0.05357142857142857,0.048780487804878044,10,0,0.0,0.0,0.0,24,0,0.0,0.0,0.0,33,3,0.09090909090909091,0.1,0.09523809523809525,1,0.048780487804878044,0.048780487804878044,0.048780487804878044,nan,nan
denovo_pdb__3lt8_A,1,184,True,61,61,13,0.21311475409836064,0.23214285714285715,0.22222222222222224,13,2,0.15384615384615385,0.2222222222222222,0.18181818181818185,27,7,0.25925925925925924,0.4117647058823529,0.3181818181818182,21,4,0.19047619047619047,0.13333333333333333,0.1568627450980392,1,0.22222222222222224,0.22222222222222224,0.22222222222222224,nan,nan
denovo_pdb__3lt8_A,2,103,True,34,34,6,0.17647058823529413,0.10714285714285714,0.13333333333333333,6,1,0.16666666666666666,0.1111111111111111,0.13333333333333333,14,3,0.21428571428571427,0.17647058823529413,0.1935483870967742,14,2,0.14285714285714285,0.06666666666666667,0.09090909090909091,1,0.13333333333333333,0.13333333333333333,0.13333333333333333,nan,nan
denovo_pdb__3lt8_A,3,157,True,52,52,11,0.21153846153846154,0.19642857142857142,0.2037037037037037,12,0,0.0,0.0,0.0,20,7,0.35,0.4117647058823529,0.37837837837837834,20,4,0.2,0.13333333333333333,0.16,1,0.2037037037037037,0.2037037037037037,0.2037037037037037,nan,nan
denovo_pdb__3lta_A,0,196,True,65,65,4,0.06153846153846154,0.07547169811320754,0.06779661016949154,11,1,0.09090909090909091,0.125,0.10526315789473685,25,1,0.04,0.0625,0.048780487804878044,29,2,0.06896551724137931,0.06896551724137931,0.06896551724137931,1,0.06779661016949154,0.06779661016949154,0.06779661016949154,nan,nan
denovo_pdb__3lta_A,1,184,True,61,61,4,0.06557377049180328,0.07547169811320754,0.07017543859649124,17,0,0.0,0.0,0.0,20,3,0.15,0.1875,0.16666666666666663,24,1,0.041666666666666664,0.034482758620689655,0.03773584905660377,1,0.07017543859649124,0.07017543859649124,0.07017543859649124,nan,nan
denovo_pdb__3lta_A,2,211,True,70,70,4,0.05714285714285714,0.07547169811320754,0.06504065040650406,13,1,0.07692307692307693,0.125,0.09523809523809525,15,2,0.13333333333333333,0.125,0.12903225806451615,42,1,0.023809523809523808,0.034482758620689655,0.028169014084507043,1,0.06504065040650406,0.06504065040650406,0.06504065040650406,nan,nan
denovo_pdb__3lta_A,3,193,True,64,64,8,0.125,0.1509433962264151,0.13675213675213677,13,2,0.15384615384615385,0.25,0.1904761904761905,25,5,0.2,0.3125,0.24390243902439027,26,1,0.038461538461538464,0.034482758620689655,0.03636363636363637,1,0.13675213675213677,0.13675213675213677,0.13675213675213677,nan,nan
denovo_pdb__3ltc_A,0,226,True,75,75,12,0.16,0.22641509433962265,0.18750000000000003,14,2,0.14285714285714285,0.25,0.18181818181818182,37,5,0.13513513513513514,0.3333333333333333,0.1923076923076923,24,5,0.20833333333333334,0.16666666666666666,0.1851851851851852,1,0.18750000000000003,0.18750000000000003,0.18750000000000003,nan,nan
denovo_pdb__3ltc_A,1,109,True,36,36,8,0.2222222222222222,0.1509433962264151,0.1797752808988764,13,1,0.07692307692307693,0.125,0.09523809523809525,20,5,0.25,0.3333333333333333,0.28571428571428575,3,2,0.6666666666666666,0.06666666666666667,0.1212121212121212,1,0.1797752808988764,0.1797752808988764,0.1797752808988764,nan,nan
denovo_pdb__3ltc_A,2,121,True,40,40,12,0.3,0.22641509433962265,0.25806451612903225,12,2,0.16666666666666666,0.25,0.2,24,8,0.3333333333333333,0.5333333333333333,0.4102564102564102,4,2,0.5,0.06666666666666667,0.11764705882352941,1,0.25806451612903225,0.25806451612903225,0.25806451612903225,nan,nan
denovo_pdb__3ltc_A,3,91,True,30,30,8,0.26666666666666666,0.1509433962264151,0.19277108433734938,8,0,0.0,0.0,0.0,21,7,0.3333333333333333,0.4666666666666667,0.3888888888888889,1,1,1.0,0.03333333333333333,0.06451612903225806,1,0.19277108433734938,0.19277108433734938,0.19277108433734938,nan,nan
denovo_pdb__3o49_A,0,439,True,146,146,48,0.3287671232876712,0.3582089552238806,0.34285714285714286,42,19,0.4523809523809524,0.6785714285714286,0.5428571428571429,60,22,0.36666666666666664,0.4583333333333333,0.4074074074074074,44,7,0.1590909090909091,0.1206896551724138,0.13725490196078433,1,0.34285714285714286,0.34285714285714286,0.34285714285714286,nan,nan
denovo_pdb__3o49_A,1,304,True,101,101,25,0.24752475247524752,0.1865671641791045,0.21276595744680854,34,12,0.35294117647058826,0.42857142857142855,0.3870967741935484,57,12,0.21052631578947367,0.25,0.22857142857142856,10,1,0.1,0.017241379310344827,0.02941176470588235,1,0.21276595744680854,0.21276595744680854,0.21276595744680854,nan,nan
denovo_pdb__3o49_A,2,388,True,129,129,55,0.4263565891472868,0.41044776119402987,0.4182509505703422,43,22,0.5116279069767442,0.7857142857142857,0.619718309859155,52,17,0.3269230769230769,0.3541666666666667,0.34,34,16,0.47058823529411764,0.27586206896551724,0.34782608695652173,1,0.4182509505703422,0.4182509505703422,0.4182509505703422,nan,nan
denovo_pdb__3o49_A,3,508,True,165,165,37,0.22424242424242424,0.27611940298507465,0.24749163879598665,36,15,0.4166666666666667,0.5357142857142857,0.46875000000000006,55,10,0.18181818181818182,0.20833333333333334,0.19417475728155342,74,12,0.16216216216216217,0.20689655172413793,0.18181818181818182,1,0.24749163879598665,0.24749163879598665,0.24749163879598665,nan,nan
denovo_pdb__3o4c_A,0,277,True,92,92,28,0.30434782608695654,0.19718309859154928,0.23931623931623933,17,10,0.5882352941176471,0.3225806451612903,0.41666666666666663,35,11,0.3142857142857143,0.23404255319148937,0.2682926829268293,40,7,0.175,0.109375,0.1346153846153846,1,0.23931623931623933,0.23931623931623933,0.23931623931623933,nan,nan
denovo_pdb__3o4c_A,1,379,True,126,126,32,0.25396825396825395,0.22535211267605634,0.2388059701492537,19,9,0.47368421052631576,0.2903225806451613,0.36,23,10,0.43478260869565216,0.2127659574468085,0.2857142857142857,84,13,0.15476190476190477,0.203125,0.17567567567567566,1,0.2388059701492537,0.2388059701492537,0.2388059701492537,nan,nan
denovo_pdb__3o4c_A,2,436,True,145,145,27,0.18620689655172415,0.19014084507042253,0.1881533101045296,28,10,0.35714285714285715,0.3225806451612903,0.3389830508474576,28,9,0.32142857142857145,0.19148936170212766,0.24,89,8,0.0898876404494382,0.125,0.10457516339869281,1,0.1881533101045296,0.1881533101045296,0.1881533101045296,nan,nan
denovo_pdb__3o4c_A,3,256,True,85,85,15,0.17647058823529413,0.1056338028169014,0.13215859030837004,34,13,0.38235294117647056,0.41935483870967744,0.39999999999999997,33,2,0.06060606060606061,0.0425531914893617,0.049999999999999996,18,0,0.0,0.0,0.0,1,0.13215859030837004,0.13215859030837004,0.13215859030837004,nan,nan
denovo_pdb__3og3_A,0,553,True,184,184,33,0.1793478260869565,0.14285714285714285,0.15903614457831325,28,12,0.42857142857142855,0.32432432432432434,0.3692307692307692,33,3,0.09090909090909091,0.09375,0.0923076923076923,123,18,0.14634146341463414,0.1111111111111111,0.12631578947368421,1,0.15903614457831325,0.15903614457831325,0.15903614457831325,nan,nan
denovo_pdb__3og3_A,1,802,True,265,265,59,0.22264150943396227,0.2554112554112554,0.23790322580645162,40,12,0.3,0.32432432432432434,0.3116883116883117,66,11,0.16666666666666666,0.34375,0.22448979591836735,159,36,0.22641509433962265,0.2222222222222222,0.22429906542056074,1,0.23790322580645162,0.23790322580645162,0.23790322580645162,nan,nan
denovo_pdb__3og3_A,2,730,True,243,243,62,0.2551440329218107,0.2683982683982684,0.26160337552742624,39,16,0.41025641025641024,0.43243243243243246,0.42105263157894735,43,9,0.20930232558139536,0.28125,0.24,161,37,0.22981366459627328,0.22839506172839505,0.22910216718266252,1,0.26160337552742624,0.26160337552742624,0.26160337552742624,nan,nan
denovo_pdb__3og3_A,3,625,True,208,208,44,0.21153846153846154,0.19047619047619047,0.2004555808656036,38,14,0.3684210526315789,0.3783783783783784,0.37333333333333335,33,3,0.09090909090909091,0.09375,0.0923076923076923,137,27,0.19708029197080293,0.16666666666666666,0.18060200668896323,1,0.2004555808656036,0.2004555808656036,0.2004555808656036,nan,nan
denovo_pdb__3p6j_A,0,346,True,115,115,25,0.21739130434782608,0.1773049645390071,0.1953125,41,15,0.36585365853658536,0.4166666666666667,0.38961038961038963,62,9,0.14516129032258066,0.20930232558139536,0.17142857142857143,12,1,0.08333333333333333,0.016129032258064516,0.027027027027027025,1,0.1953125,0.1953125,0.1953125,nan,nan
denovo_pdb__3p6j_A,1,307,True,102,102,28,0.27450980392156865,0.19858156028368795,0.23045267489711938,29,17,0.5862068965517241,0.4722222222222222,0.523076923076923,33,4,0.12121212121212122,0.09302325581395349,0.10526315789473685,40,7,0.175,0.11290322580645161,0.1372549019607843,1,0.23045267489711938,0.23045267489711938,0.23045267489711938,nan,nan
denovo_pdb__3p6j_A,2,394,True,131,131,38,0.2900763358778626,0.2695035460992908,0.2794117647058823,41,17,0.4146341463414634,0.4722222222222222,0.4415584415584415,37,13,0.35135135135135137,0.3023255813953488,0.32499999999999996,53,8,0.1509433962264151,0.12903225806451613,0.13913043478260873,1,0.2794117647058823,0.2794117647058823,0.2794117647058823,nan,nan
denovo_pdb__3p6j_A,3,325,True,108,108,38,0.35185185185185186,0.2695035460992908,0.30522088353413657,43,23,0.5348837209302325,0.6388888888888888,0.5822784810126581,42,13,0.30952380952380953,0.3023255813953488,0.3058823529411765,23,2,0.08695652173913043,0.03225806451612903,0.047058823529411764,1,0.30522088353413657,0.30522088353413657,0.30522088353413657,nan,nan
denovo_pdb__3q7w_A,0,319,True,106,106,27,0.25471698113207547,0.19424460431654678,0.22040816326530613,48,12,0.25,0.4,0.3076923076923077,55,13,0.23636363636363636,0.3023255813953488,0.26530612244897955,3,2,0.6666666666666666,0.030303030303030304,0.057971014492753624,1,0.22040816326530613,0.22040816326530613,0.22040816326530613,nan,nan
denovo_pdb__3q7w_A,1,427,True,142,142,34,0.23943661971830985,0.2446043165467626,0.24199288256227758,53,19,0.3584905660377358,0.6333333333333333,0.45783132530120485,43,10,0.23255813953488372,0.23255813953488372,0.23255813953488372,46,5,0.10869565217391304,0.07575757575757576,0.08928571428571429,1,0.24199288256227758,0.24199288256227758,0.24199288256227758,nan,nan
denovo_pdb__3q7w_A,2,337,True,110,110,40,0.36363636363636365,0.28776978417266186,0.321285140562249,45,21,0.4666666666666667,0.7,0.56,50,12,0.24,0.27906976744186046,0.2580645161290322,15,7,0.4666666666666667,0.10606060606060606,0.1728395061728395,1,0.321285140562249,0.321285140562249,0.321285140562249,nan,nan
denovo_pdb__3q7w_A,3,280,True,93,93,43,0.46236559139784944,0.30935251798561153,0.3706896551724138,39,25,0.6410256410256411,0.8333333333333334,0.7246376811594204,52,17,0.3269230769230769,0.3953488372093023,0.3578947368421052,2,1,0.5,0.015151515151515152,0.029411764705882356,1,0.3706896551724138,0.3706896551724138,0.3706896551724138,nan,nan
denovo_pdb__3q7y_A,0,319,True,106,106,32,0.3018867924528302,0.23357664233576642,0.2633744855967078,40,18,0.45,0.5454545454545454,0.4931506849315069,53,14,0.2641509433962264,0.2916666666666667,0.27722772277227725,13,0,0.0,0.0,0.0,1,0.2633744855967078,0.2633744855967078,0.2633744855967078,nan,nan
denovo_pdb__3q7y_A,1,310,True,103,103,24,0.23300970873786409,0.17518248175182483,0.2,38,12,0.3157894736842105,0.36363636363636365,0.3380281690140845,50,11,0.22,0.22916666666666666,0.22448979591836735,15,1,0.06666666666666667,0.017857142857142856,0.02816901408450704,1,0.2,0.2,0.2,nan,nan
denovo_pdb__3q7y_A,2,274,True,91,91,29,0.31868131868131866,0.2116788321167883,0.2543859649122807,32,17,0.53125,0.5151515151515151,0.5230769230769231,40,11,0.275,0.22916666666666666,0.25,19,1,0.05263157894736842,0.017857142857142856,0.02666666666666667,1,0.2543859649122807,0.2543859649122807,0.2543859649122807,nan,nan
denovo_pdb__3q7y_A,3,340,True,113,113,41,0.36283185840707965,0.29927007299270075,0.328,42,21,0.5,0.6363636363636364,0.56,60,19,0.31666666666666665,0.3958333333333333,0.3518518518518519,11,1,0.09090909090909091,0.017857142857142856,0.029850746268656716,1,0.328,0.328,0.328,nan,nan
denovo_pdb__3rfn_A,0,460,True,153,153,6,0.0392156862745098,0.041379310344827586,0.040268456375838924,23,3,0.13043478260869565,0.21428571428571427,0.16216216216216214,20,0,0.0,0.0,0.0,110,3,0.02727272727272727,0.028846153846153848,0.028037383177570093,1,0.040268456375838924,0.040268456375838924,0.040268456375838924,nan,nan
denovo_pdb__3rfn_A,1,367,True,122,122,4,0.03278688524590164,0.027586206896551724,0.029962546816479405,22,2,0.09090909090909091,0.14285714285714285,0.1111111111111111,30,1,0.03333333333333333,0.037037037037037035,0.03508771929824562,70,1,0.014285714285714285,0.009615384615384616,0.01149425287356322,1,0.029962546816479405,0.029962546816479405,0.029962546816479405,nan,nan
denovo_pdb__3rfn_A,2,484,True,161,161,12,0.07453416149068323,0.08275862068965517,0.0784313725490196,23,4,0.17391304347826086,0.2857142857142857,0.2162162162162162,32,6,0.1875,0.2222222222222222,0.20338983050847456,106,2,0.018867924528301886,0.019230769230769232,0.01904761904761905,1,0.0784313725490196,0.0784313725490196,0.0784313725490196,nan,nan
denovo_pdb__3rfn_A,3,463,True,154,154,14,0.09090909090909091,0.09655172413793103,0.09364548494983278,22,7,0.3181818181818182,0.5,0.3888888888888889,46,6,0.13043478260869565,0.2222222222222222,0.16438356164383558,86,1,0.011627906976744186,0.009615384615384616,0.010526315789473684,1,0.09364548494983278,0.09364548494983278,0.09364548494983278,nan,nan
denovo_pdb__3v1a_A,0,28,True,9,9,0,0.0,0.0,0.0,2,0,0.0,0.0,0.0,4,0,0.0,0.0,0.0,3,0,0.0,0.0,0.0,1,0.0,0.0,0.0,nan,nan
denovo_pdb__3v1a_A,1,52,True,17,17,15,0.8823529411764706,0.625,0.7317073170731708,3,3,1.0,0.75,0.8571428571428571,8,8,1.0,0.8888888888888888,0.9411764705882353,6,4,0.6666666666666666,0.36363636363636365,0.4705882352941177,1,0.7317073170731708,0.7317073170731708,0.7317073170731708,nan,nan
denovo_pdb__3v1a_A,2,67,True,22,22,18,0.8181818181818182,0.75,0.7826086956521738,3,2,0.6666666666666666,0.5,0.5714285714285715,8,7,0.875,0.7777777777777778,0.823529411764706,11,9,0.8181818181818182,0.8181818181818182,0.8181818181818182,1,0.7826086956521738,0.7826086956521738,0.7826086956521738,nan,nan
denovo_pdb__3v1a_A,3,46,True,15,15,10,0.6666666666666666,0.4166666666666667,0.5128205128205129,2,1,0.5,0.25,0.3333333333333333,6,5,0.8333333333333334,0.5555555555555556,0.6666666666666667,7,4,0.5714285714285714,0.36363636363636365,0.4444444444444444,1,0.5128205128205129,0.5128205128205129,0.5128205128205129,nan,nan
denovo_pdb__3ww9_A,0,710,True,235,235,147,0.625531914893617,0.630901287553648,0.6282051282051282,54,39,0.7222222222222222,0.7222222222222222,0.7222222222222222,84,46,0.5476190476190477,0.6133333333333333,0.5786163522012578,97,62,0.6391752577319587,0.5961538461538461,0.6169154228855721,1,0.6282051282051282,0.6282051282051282,0.6282051282051282,nan,nan
denovo_pdb__3ww9_A,1,140,True,43,43,26,0.6046511627906976,0.11158798283261803,0.1884057971014493,9,7,0.7777777777777778,0.12962962962962962,0.2222222222222222,23,13,0.5652173913043478,0.17333333333333334,0.2653061224489796,11,6,0.5454545454545454,0.057692307692307696,0.10434782608695652,1,0.1884057971014493,0.1884057971014493,0.1884057971014493,nan,nan
denovo_pdb__3ww9_A,2,770,True,243,243,150,0.6172839506172839,0.6437768240343348,0.6302521008403361,60,44,0.7333333333333333,0.8148148148148148,0.7719298245614035,80,43,0.5375,0.5733333333333334,0.5548387096774193,103,63,0.6116504854368932,0.6057692307692307,0.6086956521739131,1,0.6302521008403361,0.6302521008403361,0.6302521008403361,nan,nan
denovo_pdb__3ww9_A,3,702,True,227,227,136,0.5991189427312775,0.5836909871244635,0.591304347826087,57,44,0.7719298245614035,0.8148148148148148,0.7927927927927928,87,41,0.47126436781609193,0.5466666666666666,0.5061728395061729,83,51,0.6144578313253012,0.49038461538461536,0.5454545454545454,1,0.591304347826087,0.591304347826087,0.591304347826087,nan,nan
denovo_pdb__4a29_A,0,970,True,323,323,56,0.17337461300309598,0.19718309859154928,0.1845140032948929,47,8,0.1702127659574468,0.25806451612903225,0.20512820512820512,60,14,0.23333333333333334,0.28,0.2545454545454545,216,34,0.1574074074074074,0.16748768472906403,0.162291169451074,1,0.1845140032948929,0.1845140032948929,0.1845140032948929,nan,nan
denovo_pdb__4a29_A,1,712,True,237,237,68,0.2869198312236287,0.23943661971830985,0.2610364683301344,33,8,0.24242424242424243,0.25806451612903225,0.25,55,18,0.32727272727272727,0.36,0.34285714285714286,149,42,0.28187919463087246,0.20689655172413793,0.23863636363636362,1,0.2610364683301344,0.2610364683301344,0.2610364683301344,nan,nan
denovo_pdb__4a29_A,2,832,True,275,275,52,0.1890909090909091,0.18309859154929578,0.186046511627907,45,12,0.26666666666666666,0.3870967741935484,0.3157894736842105,71,9,0.1267605633802817,0.18,0.1487603305785124,159,31,0.1949685534591195,0.15270935960591134,0.17127071823204423,1,0.186046511627907,0.186046511627907,0.186046511627907,nan,nan
denovo_pdb__4a29_A,3,838,True,279,279,71,0.25448028673835127,0.25,0.25222024866785075,41,13,0.3170731707317073,0.41935483870967744,0.3611111111111111,60,16,0.26666666666666666,0.32,0.2909090909090909,178,42,0.23595505617977527,0.20689655172413793,0.2204724409448819,1,0.25222024866785075,0.25222024866785075,0.25222024866785075,nan,nan
denovo_pdb__4db6_A,0,598,True,198,198,113,0.5707070707070707,0.7243589743589743,0.6384180790960452,22,11,0.5,0.6111111111111112,0.55,32,21,0.65625,0.8076923076923077,0.7241379310344829,144,81,0.5625,0.7232142857142857,0.6328125,1,0.6384180790960452,0.6384180790960452,0.6384180790960452,nan,nan
denovo_pdb__4db6_A,1,554,True,184,184,104,0.5652173913043478,0.6666666666666666,0.6117647058823529,18,10,0.5555555555555556,0.5555555555555556,0.5555555555555556,34,17,0.5,0.6538461538461539,0.5666666666666668,132,77,0.5833333333333334,0.6875,0.6311475409836065,1,0.6117647058823529,0.6117647058823529,0.6117647058823529,nan,nan
denovo_pdb__4db6_A,2,626,True,204,204,109,0.5343137254901961,0.6987179487179487,0.6055555555555554,28,13,0.4642857142857143,0.7222222222222222,0.5652173913043479,34,22,0.6470588235294118,0.8461538461538461,0.7333333333333334,142,74,0.5211267605633803,0.6607142857142857,0.5826771653543307,1,0.6055555555555554,0.6055555555555554,0.6055555555555554,nan,nan
denovo_pdb__4db6_A,3,629,True,206,206,117,0.5679611650485437,0.75,0.6464088397790055,25,13,0.52,0.7222222222222222,0.6046511627906976,45,25,0.5555555555555556,0.9615384615384616,0.7042253521126761,136,79,0.5808823529411765,0.7053571428571429,0.6370967741935485,1,0.6464088397790055,0.6464088397790055,0.6464088397790055,nan,nan
denovo_pdb__4dui_A,0,349,True,114,114,88,0.7719298245614035,0.8073394495412844,0.7892376681614349,17,13,0.7647058823529411,0.7222222222222222,0.7428571428571428,20,15,0.75,0.8823529411764706,0.8108108108108107,77,60,0.7792207792207793,0.8108108108108109,0.794701986754967,1,0.7892376681614349,0.7892376681614349,0.7892376681614349,nan,nan
denovo_pdb__4dui_A,1,397,True,128,128,89,0.6953125,0.8165137614678899,0.7510548523206751,19,12,0.631578947368421,0.6666666666666666,0.6486486486486486,25,16,0.64,0.9411764705882353,0.7619047619047621,84,61,0.7261904761904762,0.8243243243243243,0.7721518987341773,1,0.7510548523206751,0.7510548523206751,0.7510548523206751,nan,nan
denovo_pdb__4dui_A,2,106,True,35,35,24,0.6857142857142857,0.22018348623853212,0.33333333333333337,4,2,0.5,0.1111111111111111,0.1818181818181818,5,3,0.6,0.17647058823529413,0.2727272727272727,26,19,0.7307692307692307,0.25675675675675674,0.38,1,0.33333333333333337,0.33333333333333337,0.33333333333333337,nan,nan
denovo_pdb__4dui_A,3,355,True,118,118,84,0.711864406779661,0.7706422018348624,0.7400881057268722,14,11,0.7857142857142857,0.6111111111111112,0.6875000000000001,16,13,0.8125,0.7647058823529411,0.787878787878788,88,60,0.6818181818181818,0.8108108108108109,0.7407407407407407,1,0.7400881057268722,0.7400881057268722,0.7400881057268722,nan,nan
denovo_pdb__4etj_A,0,307,True,102,102,13,0.12745098039215685,0.11504424778761062,0.12093023255813952,11,0,0.0,0.0,0.0,18,0,0.0,0.0,0.0,73,13,0.1780821917808219,0.14606741573033707,0.16049382716049382,1,0.12093023255813952,0.12093023255813952,0.12093023255813952,nan,nan
denovo_pdb__4etj_A,1,259,True,86,86,2,0.023255813953488372,0.017699115044247787,0.020100502512562814,11,1,0.09090909090909091,0.07692307692307693,0.08333333333333334,20,0,0.0,0.0,0.0,55,1,0.01818181818181818,0.011235955056179775,0.013888888888888888,1,0.020100502512562814,0.020100502512562814,0.020100502512562814,nan,nan
denovo_pdb__4etj_A,2,349,True,116,116,23,0.19827586206896552,0.20353982300884957,0.20087336244541487,16,3,0.1875,0.23076923076923078,0.20689655172413793,19,1,0.05263157894736842,0.09090909090909091,0.06666666666666667,81,19,0.2345679012345679,0.21348314606741572,0.22352941176470584,1,0.20087336244541487,0.20087336244541487,0.20087336244541487,nan,nan
denovo_pdb__4etj_A,3,397,True,132,132,21,0.1590909090909091,0.18584070796460178,0.1714285714285714,13,3,0.23076923076923078,0.23076923076923078,0.23076923076923078,31,3,0.0967741935483871,0.2727272727272727,0.14285714285714285,88,15,0.17045454545454544,0.16853932584269662,0.1694915254237288,1,0.1714285714285714,0.1714285714285714,0.1714285714285714,nan,nan
denovo_pdb__4hxt_A,0,674,True,222,222,125,0.5630630630630631,0.628140703517588,0.5938242280285035,32,12,0.375,0.7058823529411765,0.48979591836734687,42,31,0.7380952380952381,0.8857142857142857,0.8051948051948051,148,82,0.5540540540540541,0.5578231292517006,0.5559322033898304,1,0.5938242280285035,0.5938242280285035,0.5938242280285035,nan,nan
denovo_pdb__4hxt_A,1,662,True,218,218,128,0.5871559633027523,0.6432160804020101,0.6139088729016786,27,11,0.4074074074074074,0.6470588235294118,0.5,30,25,0.8333333333333334,0.7142857142857143,0.7692307692307692,161,92,0.5714285714285714,0.6258503401360545,0.5974025974025974,1,0.6139088729016786,0.6139088729016786,0.6139088729016786,nan,nan
denovo_pdb__4hxt_A,2,662,True,219,219,131,0.5981735159817352,0.6582914572864321,0.6267942583732058,24,11,0.4583333333333333,0.6470588235294118,0.5365853658536585,34,24,0.7058823529411765,0.6857142857142857,0.6956521739130436,161,96,0.5962732919254659,0.6530612244897959,0.6233766233766234,1,0.6267942583732058,0.6267942583732058,0.6267942583732058,nan,nan
denovo_pdb__4hxt_A,3,187,True,62,62,37,0.5967741935483871,0.18592964824120603,0.2835249042145594,4,1,0.25,0.058823529411764705,0.09523809523809523,13,13,1.0,0.37142857142857144,0.5416666666666666,45,23,0.5111111111111111,0.1564625850340136,0.23958333333333337,1,0.2835249042145594,0.2835249042145594,0.2835249042145594,nan,nan
denovo_pdb__4j8y_A,0,358,True,117,117,89,0.7606837606837606,0.839622641509434,0.7982062780269058,15,10,0.6666666666666666,0.7142857142857143,0.689655172413793,23,15,0.6521739130434783,0.8823529411764706,0.75,79,64,0.810126582278481,0.8533333333333334,0.8311688311688312,1,0.7982062780269058,0.7982062780269058,0.7982062780269058,nan,nan
denovo_pdb__4j8y_A,1,325,True,107,107,77,0.719626168224299,0.7264150943396226,0.7230046948356808,15,9,0.6,0.6428571428571429,0.6206896551724138,18,14,0.7777777777777778,0.8235294117647058,0.7999999999999999,74,54,0.7297297297297297,0.72,0.7248322147651007,1,0.7230046948356808,0.7230046948356808,0.7230046948356808,nan,nan
denovo_pdb__4j8y_A,2,376,True,124,124,87,0.7016129032258065,0.8207547169811321,0.7565217391304347,15,11,0.7333333333333333,0.7857142857142857,0.7586206896551724,20,14,0.7,0.8235294117647058,0.7567567567567567,89,62,0.6966292134831461,0.8266666666666667,0.7560975609756098,1,0.7565217391304347,0.7565217391304347,0.7565217391304347,nan,nan
denovo_pdb__4j8y_A,3,355,True,116,116,87,0.75,0.8207547169811321,0.7837837837837837,18,12,0.6666666666666666,0.8571428571428571,0.75,19,14,0.7368421052631579,0.8235294117647058,0.7777777777777778,79,61,0.7721518987341772,0.8133333333333334,0.7922077922077922,1,0.7837837837837837,0.7837837837837837,0.7837837837837837,nan,nan
denovo_pdb__4lpx_A,0,244,True,81,81,29,0.35802469135802467,0.4142857142857143,0.3841059602649006,20,6,0.3,0.5454545454545454,0.3870967741935483,21,6,0.2857142857142857,0.3157894736842105,0.3,40,17,0.425,0.425,0.425,1,0.3841059602649006,0.3841059602649006,0.3841059602649006,nan,nan
denovo_pdb__4lpx_A,1,259,True,86,86,38,0.4418604651162791,0.5428571428571428,0.48717948717948717,13,9,0.6923076923076923,0.8181818181818182,0.7500000000000001,26,13,0.5,0.6842105263157895,0.5777777777777778,47,16,0.3404255319148936,0.4,0.36781609195402304,1,0.48717948717948717,0.48717948717948717,0.48717948717948717,nan,nan
denovo_pdb__4lpx_A,2,253,True,84,84,40,0.47619047619047616,0.5714285714285714,0.5194805194805195,10,5,0.5,0.45454545454545453,0.47619047619047616,22,11,0.5,0.5789473684210527,0.5365853658536586,52,24,0.46153846153846156,0.6,0.5217391304347826,1,0.5194805194805195,0.5194805194805195,0.5194805194805195,nan,nan
denovo_pdb__4lpx_A,3,226,True,75,75,31,0.41333333333333333,0.44285714285714284,0.42758620689655175,15,3,0.2,0.2727272727272727,0.23076923076923075,21,10,0.47619047619047616,0.5263157894736842,0.5,39,18,0.46153846153846156,0.45,0.45569620253164556,1,0.42758620689655175,0.42758620689655175,0.42758620689655175,nan,nan
denovo_pdb__4n6t_A,0,181,True,60,60,12,0.2,0.14457831325301204,0.16783216783216784,19,3,0.15789473684210525,0.16666666666666666,0.16216216216216214,19,7,0.3684210526315789,0.21875,0.2745098039215686,22,2,0.09090909090909091,0.06060606060606061,0.07272727272727272,1,0.16783216783216784,0.16783216783216784,0.16783216783216784,nan,nan
denovo_pdb__4n6t_A,1,148,True,49,49,11,0.22448979591836735,0.13253012048192772,0.16666666666666669,15,4,0.26666666666666666,0.2222222222222222,0.2424242424242424,15,5,0.3333333333333333,0.15625,0.2127659574468085,19,2,0.10526315789473684,0.06060606060606061,0.07692307692307693,1,0.16666666666666669,0.16666666666666669,0.16666666666666669,nan,nan
denovo_pdb__4n6t_A,2,205,True,68,68,8,0.11764705882352941,0.0963855421686747,0.10596026490066225,12,1,0.08333333333333333,0.05555555555555555,0.06666666666666667,21,3,0.14285714285714285,0.09375,0.11320754716981132,35,4,0.11428571428571428,0.12121212121212122,0.11764705882352942,1,0.10596026490066225,0.10596026490066225,0.10596026490066225,nan,nan
denovo_pdb__4n6t_A,3,241,True,80,80,14,0.175,0.1686746987951807,0.17177914110429446,13,5,0.38461538461538464,0.2777777777777778,0.3225806451612903,28,9,0.32142857142857145,0.28125,0.30000000000000004,39,0,0.0,0.0,0.0,1,0.17177914110429446,0.17177914110429446,0.17177914110429446,nan,nan
denovo_pdb__4ndj_A,0,868,True,289,289,24,0.08304498269896193,0.08421052631578947,0.08362369337979095,49,11,0.22448979591836735,0.24444444444444444,0.23404255319148937,101,10,0.09900990099009901,0.18518518518518517,0.1290322580645161,139,3,0.02158273381294964,0.016129032258064516,0.01846153846153846,1,0.08362369337979095,0.08362369337979095,0.08362369337979095,nan,nan
denovo_pdb__4ndj_A,1,874,True,291,291,21,0.07216494845360824,0.07368421052631578,0.07291666666666667,71,12,0.16901408450704225,0.26666666666666666,0.2068965517241379,75,7,0.09333333333333334,0.12962962962962962,0.10852713178294573,145,2,0.013793103448275862,0.010752688172043012,0.012084592145015106,1,0.07291666666666667,0.07291666666666667,0.07291666666666667,nan,nan
denovo_pdb__4ndj_A,2,871,True,289,289,15,0.05190311418685121,0.05263157894736842,0.05226480836236934,48,9,0.1875,0.2,0.19354838709677422,65,4,0.06153846153846154,0.07407407407407407,0.06722689075630252,176,2,0.011363636363636364,0.010752688172043012,0.011049723756906077,1,0.05226480836236934,0.05226480836236934,0.05226480836236934,nan,nan
denovo_pdb__4ndj_A,3,937,True,312,312,51,0.16346153846153846,0.17894736842105263,0.17085427135678394,56,20,0.35714285714285715,0.4444444444444444,0.396039603960396,94,25,0.26595744680851063,0.46296296296296297,0.33783783783783783,162,6,0.037037037037037035,0.03225806451612903,0.034482758620689655,1,0.17085427135678394,0.17085427135678394,0.17085427135678394,nan,nan
denovo_pdb__4oxw_A,0,247,True,82,82,14,0.17073170731707318,0.13592233009708737,0.1513513513513514,21,5,0.23809523809523808,0.3125,0.27027027027027023,23,8,0.34782608695652173,0.34782608695652173,0.34782608695652173,38,1,0.02631578947368421,0.015625,0.0196078431372549,1,0.1513513513513514,0.1513513513513514,0.1513513513513514,nan,nan
denovo_pdb__4oxw_A,1,280,True,93,93,18,0.1935483870967742,0.17475728155339806,0.1836734693877551,19,5,0.2631578947368421,0.3125,0.2857142857142857,30,8,0.26666666666666666,0.34782608695652173,0.30188679245283023,44,5,0.11363636363636363,0.078125,0.09259259259259257,1,0.1836734693877551,0.1836734693877551,0.1836734693877551,nan,nan
denovo_pdb__4oxw_A,2,130,True,43,43,13,0.3023255813953488,0.1262135922330097,0.1780821917808219,12,4,0.3333333333333333,0.25,0.28571428571428575,23,8,0.34782608695652173,0.34782608695652173,0.34782608695652173,8,1,0.125,0.015625,0.027777777777777776,1,0.1780821917808219,0.1780821917808219,0.1780821917808219,nan,nan
denovo_pdb__4oxw_A,3,304,True,101,101,11,0.10891089108910891,0.10679611650485436,0.10784313725490197,17,5,0.29411764705882354,0.3125,0.30303030303030304,10,2,0.2,0.08695652173913043,0.12121212121212122,74,4,0.05405405405405406,0.0625,0.057971014492753624,1,0.10784313725490197,0.10784313725490197,0.10784313725490197,nan,nan
denovo_pdb__4ozc_A,0,121,True,40,40,8,0.2,0.2222222222222222,0.2105263157894737,15,5,0.3333333333333333,0.8333333333333334,0.47619047619047616,20,2,0.1,0.18181818181818182,0.12903225806451613,5,1,0.2,0.05263157894736842,0.08333333333333333,1,0.2105263157894737,0.2105263157894737,0.2105263157894737,nan,nan
denovo_pdb__4ozc_A,1,130,True,43,43,17,0.3953488372093023,0.4722222222222222,0.43037974683544306,11,4,0.36363636363636365,0.6666666666666666,0.4705882352941177,16,3,0.1875,0.2727272727272727,0.2222222222222222,16,10,0.625,0.5263157894736842,0.5714285714285714,1,0.43037974683544306,0.43037974683544306,0.43037974683544306,nan,nan
denovo_pdb__4ozc_A,2,151,True,50,50,10,0.2,0.2777777777777778,0.23255813953488372,12,4,0.3333333333333333,0.6666666666666666,0.4444444444444444,20,1,0.05,0.09090909090909091,0.06451612903225806,18,5,0.2777777777777778,0.2631578947368421,0.27027027027027023,1,0.23255813953488372,0.23255813953488372,0.23255813953488372,nan,nan
denovo_pdb__4ozc_A,3,136,True,45,45,7,0.15555555555555556,0.19444444444444445,0.17283950617283952,10,2,0.2,0.3333333333333333,0.25,17,2,0.11764705882352941,0.18181818181818182,0.14285714285714285,18,3,0.16666666666666666,0.15789473684210525,0.16216216216216214,1,0.17283950617283952,0.17283950617283952,0.17283950617283952,nan,nan
denovo_pdb__4pjs_A,0,388,True,129,129,71,0.5503875968992248,0.6635514018691588,0.6016949152542371,14,8,0.5714285714285714,0.5714285714285714,0.5714285714285714,42,32,0.7619047619047619,0.8205128205128205,0.7901234567901233,73,31,0.4246575342465753,0.5740740740740741,0.4881889763779527,1,0.6016949152542371,0.6016949152542371,0.6016949152542371,nan,nan
denovo_pdb__4pjs_A,1,325,True,108,108,64,0.5925925925925926,0.5981308411214953,0.5953488372093022,12,8,0.6666666666666666,0.5714285714285714,0.6153846153846153,41,30,0.7317073170731707,0.7692307692307693,0.7499999999999999,55,26,0.4727272727272727,0.48148148148148145,0.4770642201834862,1,0.5953488372093022,0.5953488372093022,0.5953488372093022,nan,nan
denovo_pdb__4pjs_A,2,373,True,124,124,73,0.5887096774193549,0.6822429906542056,0.6320346320346321,17,10,0.5882352941176471,0.7142857142857143,0.6451612903225806,45,30,0.6666666666666666,0.7692307692307693,0.7142857142857142,62,33,0.532258064516129,0.6111111111111112,0.5689655172413792,1,0.6320346320346321,0.6320346320346321,0.6320346320346321,nan,nan
denovo_pdb__4pjs_A,3,383,True,124,124,70,0.5645161290322581,0.6542056074766355,0.6060606060606061,17,9,0.5294117647058824,0.6428571428571429,0.5806451612903226,42,29,0.6904761904761905,0.7435897435897436,0.7160493827160495,65,32,0.49230769230769234,0.5925925925925926,0.5378151260504201,1,0.6060606060606061,0.6060606060606061,0.6060606060606061,nan,nan
denovo_pdb__4psj_A,0,871,True,287,287,169,0.5888501742160279,0.7012448132780082,0.6401515151515151,23,13,0.5652173913043478,0.5416666666666666,0.5531914893617021,121,73,0.6033057851239669,0.6697247706422018,0.6347826086956522,143,83,0.5804195804195804,0.7685185185185185,0.6613545816733067,1,0.6401515151515151,0.6401515151515151,0.6401515151515151,nan,nan
denovo_pdb__4psj_A,1,900,True,293,293,170,0.5802047781569966,0.7053941908713693,0.6367041198501873,24,14,0.5833333333333334,0.5833333333333334,0.5833333333333334,131,81,0.6183206106870229,0.7431192660550459,0.6749999999999999,138,75,0.5434782608695652,0.6944444444444444,0.6097560975609756,1,0.6367041198501873,0.6367041198501873,0.6367041198501873,nan,nan
denovo_pdb__4psj_A,2,808,True,265,265,169,0.6377358490566037,0.7012448132780082,0.6679841897233202,17,11,0.6470588235294118,0.4583333333333333,0.5365853658536585,119,82,0.6890756302521008,0.7522935779816514,0.719298245614035,129,76,0.5891472868217055,0.7037037037037037,0.6413502109704641,1,0.6679841897233202,0.6679841897233202,0.6679841897233202,nan,nan
denovo_pdb__4psj_A,3,805,True,268,268,161,0.6007462686567164,0.6680497925311203,0.6326129666011788,16,10,0.625,0.4166666666666667,0.5,108,76,0.7037037037037037,0.6972477064220184,0.7004608294930875,144,75,0.5208333333333334,0.6944444444444444,0.5952380952380953,1,0.6326129666011788,0.6326129666011788,0.6326129666011788,nan,nan
denovo_pdb__4qkr_A,0,331,True,110,110,28,0.2545454545454545,0.19858156028368795,0.22310756972111553,38,16,0.42105263157894735,0.5161290322580645,0.46376811594202894,55,10,0.18181818181818182,0.23809523809523808,0.20618556701030927,17,2,0.11764705882352941,0.029411764705882353,0.047058823529411764,1,0.22310756972111553,0.22310756972111553,0.22310756972111553,nan,nan
denovo_pdb__4qkr_A,1,316,True,105,105,31,0.29523809523809524,0.2198581560283688,0.25203252032520324,42,16,0.38095238095238093,0.5161290322580645,0.4383561643835616,54,14,0.25925925925925924,0.3333333333333333,0.2916666666666667,9,1,0.1111111111111111,0.014705882352941176,0.025974025974025972,1,0.25203252032520324,0.25203252032520324,0.25203252032520324,nan,nan
denovo_pdb__4qkr_A,2,259,True,86,86,21,0.2441860465116279,0.14893617021276595,0.18502202643171803,40,13,0.325,0.41935483870967744,0.36619718309859156,41,6,0.14634146341463414,0.14285714285714285,0.14457831325301207,5,2,0.4,0.029411764705882353,0.0547945205479452,1,0.18502202643171803,0.18502202643171803,0.18502202643171803,nan,nan
denovo_pdb__4qkr_A,3,388,True,128,128,39,0.3046875,0.2765957446808511,0.2899628252788104,43,19,0.4418604651162791,0.6129032258064516,0.5135135135135135,53,14,0.2641509433962264,0.3333333333333333,0.29473684210526313,32,6,0.1875,0.08823529411764706,0.12,1,0.2899628252788104,0.2899628252788104,0.2899628252788104,nan,nan
denovo_pdb__4r5c_A,0,966,True,317,317,222,0.7003154574132492,0.7070063694267515,0.7036450079239303,26,11,0.4230769230769231,0.44,0.4313725490196078,161,133,0.8260869565217391,0.751412429378531,0.7869822485207101,130,78,0.6,0.6964285714285714,0.6446280991735538,1,0.7036450079239303,0.7036450079239303,0.7036450079239303,nan,nan
denovo_pdb__4r5c_A,1,897,True,294,294,221,0.7517006802721088,0.7038216560509554,0.7269736842105262,17,14,0.8235294117647058,0.56,0.6666666666666666,166,128,0.7710843373493976,0.7231638418079096,0.7463556851311954,111,79,0.7117117117117117,0.7053571428571429,0.7085201793721974,1,0.7269736842105262,0.7269736842105262,0.7269736842105262,nan,nan
denovo_pdb__4r5c_A,2,1046,True,346,346,233,0.6734104046242775,0.7420382165605095,0.706060606060606,28,17,0.6071428571428571,0.68,0.6415094339622641,177,133,0.751412429378531,0.751412429378531,0.751412429378531,141,83,0.5886524822695035,0.7410714285714286,0.6561264822134388,1,0.706060606060606,0.706060606060606,0.706060606060606,nan,nan
denovo_pdb__4r5c_A,3,1162,True,370,370,236,0.6378378378378379,0.7515923566878981,0.6900584795321638,29,16,0.5517241379310345,0.64,0.5925925925925927,198,135,0.6818181818181818,0.7627118644067796,0.7199999999999999,143,85,0.5944055944055944,0.7589285714285714,0.6666666666666666,1,0.6900584795321638,0.6900584795321638,0.6900584795321638,nan,nan
denovo_pdb__4u3h_A,0,195,True,64,64,36,0.5625,0.5,0.5294117647058824,13,9,0.6923076923076923,0.75,0.7199999999999999,20,9,0.45,0.391304347826087,0.4186046511627907,31,18,0.5806451612903226,0.4864864864864865,0.5294117647058824,1,0.5294117647058824,0.5294117647058824,0.5294117647058824,nan,nan
denovo_pdb__4u3h_A,1,217,True,72,72,44,0.6111111111111112,0.6111111111111112,0.6111111111111112,14,11,0.7857142857142857,0.9166666666666666,0.8461538461538461,27,15,0.5555555555555556,0.6521739130434783,0.6,31,18,0.5806451612903226,0.4864864864864865,0.5294117647058824,1,0.6111111111111112,0.6111111111111112,0.6111111111111112,nan,nan
denovo_pdb__4u3h_A,2,241,True,80,80,53,0.6625,0.7361111111111112,0.6973684210526315,13,10,0.7692307692307693,0.8333333333333334,0.8,25,19,0.76,0.8260869565217391,0.7916666666666667,42,24,0.5714285714285714,0.6486486486486487,0.6075949367088608,1,0.6973684210526315,0.6973684210526315,0.6973684210526315,nan,nan
denovo_pdb__4u3h_A,3,229,True,76,76,55,0.7236842105263158,0.7638888888888888,0.7432432432432431,15,11,0.7333333333333333,0.9166666666666666,0.8148148148148148,24,20,0.8333333333333334,0.8695652173913043,0.851063829787234,37,24,0.6486486486486487,0.6486486486486487,0.6486486486486487,1,0.7432432432432431,0.7432432432432431,0.7432432432432431,nan,nan
denovo_pdb__4wpy_A,0,193,True,64,64,2,0.03125,0.047619047619047616,0.03773584905660377,10,0,0.0,0.0,0.0,10,2,0.2,0.125,0.15384615384615385,44,0,0.0,0.0,0.0,1,0.03773584905660377,0.03773584905660377,0.03773584905660377,nan,nan
denovo_pdb__4wpy_A,1,148,True,49,49,8,0.16326530612244897,0.19047619047619047,0.1758241758241758,16,2,0.125,0.2222222222222222,0.16,22,6,0.2727272727272727,0.375,0.3157894736842105,11,0,0.0,0.0,0.0,1,0.1758241758241758,0.1758241758241758,0.1758241758241758,nan,nan
denovo_pdb__4wpy_A,2,226,True,75,75,2,0.02666666666666667,0.047619047619047616,0.034188034188034185,10,0,0.0,0.0,0.0,8,0,0.0,0.0,0.0,57,2,0.03508771929824561,0.11764705882352941,0.05405405405405405,1,0.034188034188034185,0.034188034188034185,0.034188034188034185,nan,nan
denovo_pdb__4wpy_A,3,142,True,47,47,1,0.02127659574468085,0.023809523809523808,0.022471910112359546,13,1,0.07692307692307693,0.1111111111111111,0.09090909090909093,29,0,0.0,0.0,0.0,5,0,0.0,0.0,0.0,1,0.022471910112359546,0.022471910112359546,0.022471910112359546,nan,nan
denovo_pdb__4yxx_A,0,925,True,265,265,89,0.33584905660377357,0.49444444444444446,0.4,49,20,0.40816326530612246,0.6896551724137931,0.5128205128205129,43,17,0.3953488372093023,0.53125,0.45333333333333325,173,52,0.30057803468208094,0.4369747899159664,0.3561643835616438,1,0.4,0.4,0.4,nan,nan
denovo_pdb__4yxx_A,1,712,True,227,227,42,0.18502202643171806,0.23333333333333334,0.20638820638820637,33,13,0.3939393939393939,0.4482758620689655,0.41935483870967744,34,7,0.20588235294117646,0.21875,0.21212121212121213,160,22,0.1375,0.18487394957983194,0.15770609318996417,1,0.20638820638820637,0.20638820638820637,0.20638820638820637,nan,nan
denovo_pdb__4yxx_A,2,532,True,174,174,27,0.15517241379310345,0.15,0.15254237288135594,24,13,0.5416666666666666,0.4482758620689655,0.49056603773584906,58,5,0.08620689655172414,0.15625,0.11111111111111112,92,9,0.09782608695652174,0.07563025210084033,0.08530805687203792,1,0.15254237288135594,0.15254237288135594,0.15254237288135594,nan,nan
denovo_pdb__4yxx_A,3,511,True,168,168,5,0.02976190476190476,0.027777777777777776,0.028735632183908046,13,3,0.23076923076923078,0.10344827586206896,0.14285714285714288,55,1,0.01818181818181818,0.03125,0.022988505747126436,100,1,0.01,0.008403361344537815,0.0091324200913242,1,0.028735632183908046,0.028735632183908046,0.028735632183908046,nan,nan
denovo_pdb__4z08_A,0,667,True,222,222,18,0.08108108108108109,0.07377049180327869,0.07725321888412018,28,6,0.21428571428571427,0.15384615384615385,0.1791044776119403,20,1,0.05,0.02857142857142857,0.03636363636363636,174,11,0.06321839080459771,0.06470588235294118,0.06395348837209303,1,0.07725321888412018,0.07725321888412018,0.07725321888412018,nan,nan
denovo_pdb__4z08_A,1,763,True,254,254,45,0.17716535433070865,0.18442622950819673,0.18072289156626506,41,11,0.2682926829268293,0.28205128205128205,0.275,42,12,0.2857142857142857,0.34285714285714286,0.3116883116883117,171,22,0.1286549707602339,0.12941176470588237,0.12903225806451613,1,0.18072289156626506,0.18072289156626506,0.18072289156626506,nan,nan
denovo_pdb__4z08_A,2,751,True,249,249,64,0.2570281124497992,0.26229508196721313,0.25963488843813387,28,13,0.4642857142857143,0.3333333333333333,0.3880597014925373,46,10,0.21739130434782608,0.2857142857142857,0.24691358024691357,175,41,0.2342857142857143,0.2411764705882353,0.23768115942028986,1,0.25963488843813387,0.25963488843813387,0.25963488843813387,nan,nan
denovo_pdb__4z08_A,3,716,True,237,237,78,0.3291139240506329,0.319672131147541,0.3243243243243243,41,16,0.3902439024390244,0.41025641025641024,0.4,32,8,0.25,0.22857142857142856,0.23880597014925375,164,54,0.32926829268292684,0.3176470588235294,0.3233532934131736,1,0.3243243243243243,0.3243243243243243,0.3243243243243243,nan,nan
denovo_pdb__5cwb_A,0,352,True,117,117,20,0.17094017094017094,0.10638297872340426,0.13114754098360656,23,11,0.4782608695652174,0.36666666666666664,0.41509433962264153,19,4,0.21052631578947367,0.25,0.22857142857142856,75,5,0.06666666666666667,0.035211267605633804,0.04608294930875576,1,0.13114754098360656,0.13114754098360656,0.13114754098360656,nan,nan
denovo_pdb__5cwb_A,1,304,True,101,101,23,0.22772277227722773,0.12234042553191489,0.15916955017301038,23,11,0.4782608695652174,0.36666666666666664,0.41509433962264153,17,4,0.23529411764705882,0.25,0.24242424242424243,61,8,0.13114754098360656,0.056338028169014086,0.07881773399014778,1,0.15916955017301038,0.15916955017301038,0.15916955017301038,nan,nan
denovo_pdb__5cwb_A,2,550,True,183,183,45,0.2459016393442623,0.2393617021276596,0.24258760107816713,22,21,0.9545454545454546,0.7,0.8076923076923077,27,11,0.4074074074074074,0.6875,0.5116279069767441,134,13,0.09701492537313433,0.09154929577464789,0.09420289855072465,1,0.24258760107816713,0.24258760107816713,0.24258760107816713,nan,nan
denovo_pdb__5cwb_A,3,490,True,163,163,26,0.15950920245398773,0.13829787234042554,0.14814814814814817,28,12,0.42857142857142855,0.4,0.4137931034482759,19,9,0.47368421052631576,0.5625,0.5142857142857142,116,5,0.04310344827586207,0.035211267605633804,0.03875968992248062,1,0.14814814814814817,0.14814814814814817,0.14814814814814817,nan,nan
denovo_pdb__5cwd_A,0,403,True,134,134,28,0.208955223880597,0.22580645161290322,0.21705426356589147,6,0,0.0,0.0,0.0,20,6,0.3,0.375,0.33333333333333326,108,22,0.2037037037037037,0.2222222222222222,0.21256038647342992,1,0.21705426356589147,0.21705426356589147,0.21705426356589147,nan,nan
denovo_pdb__5cwd_A,1,238,True,79,79,16,0.20253164556962025,0.12903225806451613,0.15763546798029557,4,1,0.25,0.1111111111111111,0.15384615384615383,13,3,0.23076923076923078,0.1875,0.20689655172413793,62,12,0.1935483870967742,0.12121212121212122,0.14906832298136646,1,0.15763546798029557,0.15763546798029557,0.15763546798029557,nan,nan
denovo_pdb__5cwd_A,2,406,True,135,135,42,0.3111111111111111,0.3387096774193548,0.32432432432432434,12,4,0.3333333333333333,0.4444444444444444,0.380952380952381,23,11,0.4782608695652174,0.6875,0.5641025641025642,100,27,0.27,0.2727272727272727,0.271356783919598,1,0.32432432432432434,0.32432432432432434,0.32432432432432434,nan,nan
denovo_pdb__5cwd_A,3,394,True,131,131,24,0.183206106870229,0.1935483870967742,0.18823529411764703,8,2,0.25,0.2222222222222222,0.23529411764705882,16,6,0.375,0.375,0.375,107,16,0.14953271028037382,0.16161616161616163,0.15533980582524273,1,0.18823529411764703,0.18823529411764703,0.18823529411764703,nan,nan
denovo_pdb__5cwh_A,0,397,True,132,132,65,0.49242424242424243,0.5652173913043478,0.5263157894736842,9,2,0.2222222222222222,0.4,0.2857142857142857,33,28,0.8484848484848485,0.7567567567567568,0.8000000000000002,90,35,0.3888888888888889,0.4794520547945205,0.42944785276073616,1,0.5263157894736842,0.5263157894736842,0.5263157894736842,nan,nan
denovo_pdb__5cwh_A,1,465,True,153,153,82,0.5359477124183006,0.7130434782608696,0.6119402985074627,5,3,0.6,0.6,0.6,29,26,0.896551724137931,0.7027027027027027,0.787878787878788,119,53,0.44537815126050423,0.726027397260274,0.5520833333333334,1,0.6119402985074627,0.6119402985074627,0.6119402985074627,nan,nan
denovo_pdb__5cwh_A,2,565,True,185,185,79,0.42702702702702705,0.6869565217391305,0.5266666666666667,10,3,0.3,0.6,0.4,44,26,0.5909090909090909,0.7027027027027027,0.6419753086419754,131,50,0.3816793893129771,0.684931506849315,0.49019607843137253,1,0.5266666666666667,0.5266666666666667,0.5266666666666667,nan,nan
denovo_pdb__5cwh_A,3,409,True,136,136,78,0.5735294117647058,0.6782608695652174,0.6215139442231076,11,5,0.45454545454545453,1.0,0.625,41,28,0.6829268292682927,0.7567567567567568,0.7179487179487181,84,45,0.5357142857142857,0.6164383561643836,0.5732484076433121,1,0.6215139442231076,0.6215139442231076,0.6215139442231076,nan,nan
denovo_pdb__5cwj_A,0,472,True,157,157,93,0.5923566878980892,0.5923566878980892,0.5923566878980892,13,5,0.38461538461538464,0.625,0.4761904761904762,26,12,0.46153846153846156,0.5,0.48000000000000004,118,76,0.6440677966101694,0.608,0.6255144032921811,1,0.5923566878980892,0.5923566878980892,0.5923566878980892,nan,nan
denovo_pdb__5cwj_A,1,451,True,150,150,89,0.5933333333333334,0.5668789808917197,0.5798045602605864,7,3,0.42857142857142855,0.375,0.39999999999999997,29,18,0.6206896551724138,0.75,0.679245283018868,114,68,0.5964912280701754,0.544,0.5690376569037656,1,0.5798045602605864,0.5798045602605864,0.5798045602605864,nan,nan
denovo_pdb__5cwj_A,2,436,True,145,145,88,0.6068965517241379,0.5605095541401274,0.5827814569536424,14,5,0.35714285714285715,0.625,0.45454545454545453,22,11,0.5,0.4583333333333333,0.4782608695652174,109,72,0.6605504587155964,0.576,0.6153846153846153,1,0.5827814569536424,0.5827814569536424,0.5827814569536424,nan,nan
denovo_pdb__5cwj_A,3,467,True,155,155,89,0.5741935483870968,0.5668789808917197,0.5705128205128205,14,4,0.2857142857142857,0.5,0.36363636363636365,29,16,0.5517241379310345,0.6666666666666666,0.6037735849056604,112,69,0.6160714285714286,0.552,0.5822784810126583,1,0.5705128205128205,0.5705128205128205,0.5705128205128205,nan,nan
denovo_pdb__5cwm_A,0,773,True,254,254,117,0.46062992125984253,0.5679611650485437,0.508695652173913,17,9,0.5294117647058824,0.5,0.5142857142857143,38,17,0.4473684210526316,0.6071428571428571,0.5151515151515151,199,91,0.457286432160804,0.56875,0.5069637883008355,1,0.508695652173913,0.508695652173913,0.508695652173913,nan,nan
denovo_pdb__5cwm_A,1,661,True,218,218,91,0.41743119266055045,0.441747572815534,0.4292452830188679,21,8,0.38095238095238093,0.4444444444444444,0.41025641025641024,27,7,0.25925925925925924,0.25,0.2545454545454545,170,76,0.4470588235294118,0.475,0.4606060606060606,1,0.4292452830188679,0.4292452830188679,0.4292452830188679,nan,nan
denovo_pdb__5cwm_A,2,815,True,265,265,120,0.4528301886792453,0.5825242718446602,0.5095541401273884,28,12,0.42857142857142855,0.6666666666666666,0.5217391304347826,42,18,0.42857142857142855,0.6428571428571429,0.5142857142857143,195,90,0.46153846153846156,0.5625,0.5070422535211268,1,0.5095541401273884,0.5095541401273884,0.5095541401273884,nan,nan
denovo_pdb__5cwm_A,3,733,True,240,240,90,0.375,0.4368932038834951,0.4035874439461883,20,9,0.45,0.5,0.4736842105263158,29,9,0.3103448275862069,0.32142857142857145,0.31578947368421056,191,72,0.3769633507853403,0.45,0.41025641025641024,1,0.4035874439461883,0.4035874439461883,0.4035874439461883,nan,nan
denovo_pdb__5cwp_A,0,748,True,242,242,29,0.11983471074380166,0.14215686274509803,0.13004484304932737,32,8,0.25,0.36363636363636365,0.2962962962962963,30,7,0.23333333333333334,0.3181818181818182,0.2692307692307693,180,14,0.07777777777777778,0.0875,0.08235294117647059,1,0.13004484304932737,0.13004484304932737,0.13004484304932737,nan,nan
denovo_pdb__5cwp_A,1,581,True,192,192,18,0.09375,0.08823529411764706,0.0909090909090909,20,8,0.4,0.36363636363636365,0.380952380952381,24,5,0.20833333333333334,0.22727272727272727,0.21739130434782608,148,5,0.033783783783783786,0.03125,0.03246753246753247,1,0.0909090909090909,0.0909090909090909,0.0909090909090909,nan,nan
denovo_pdb__5cwp_A,2,547,True,182,182,14,0.07692307692307693,0.06862745098039216,0.07253886010362694,15,7,0.4666666666666667,0.3181818181818182,0.3783783783783784,24,3,0.125,0.13636363636363635,0.13043478260869565,143,4,0.027972027972027972,0.025,0.0264026402640264,1,0.07253886010362694,0.07253886010362694,0.07253886010362694,nan,nan
denovo_pdb__5cwp_A,3,640,True,212,212,13,0.06132075471698113,0.06372549019607843,0.0625,28,9,0.32142857142857145,0.4090909090909091,0.36000000000000004,20,2,0.1,0.09090909090909091,0.09523809523809525,164,2,0.012195121951219513,0.0125,0.01234567901234568,1,0.0625,0.0625,0.0625,nan,nan
denovo_pdb__5d2t_A,0,577,True,191,191,56,0.2931937172774869,0.22950819672131148,0.2574712643678161,34,10,0.29411764705882354,0.2564102564102564,0.273972602739726,41,9,0.21951219512195122,0.24324324324324326,0.23076923076923075,116,37,0.31896551724137934,0.22023809523809523,0.2605633802816902,1,0.2574712643678161,0.2574712643678161,0.2574712643678161,nan,nan
denovo_pdb__5d2t_A,1,940,True,310,310,91,0.29354838709677417,0.3729508196721312,0.3285198555956679,31,11,0.3548387096774194,0.28205128205128205,0.3142857142857143,46,11,0.2391304347826087,0.2972972972972973,0.26506024096385544,233,69,0.296137339055794,0.4107142857142857,0.34413965087281795,1,0.3285198555956679,0.3285198555956679,0.3285198555956679,nan,nan
denovo_pdb__5d2t_A,2,736,True,244,244,72,0.29508196721311475,0.29508196721311475,0.29508196721311475,35,8,0.22857142857142856,0.20512820512820512,0.2162162162162162,55,12,0.21818181818181817,0.32432432432432434,0.26086956521739135,154,52,0.33766233766233766,0.30952380952380953,0.32298136645962733,1,0.29508196721311475,0.29508196721311475,0.29508196721311475,nan,nan
denovo_pdb__5d2t_A,3,745,True,246,246,55,0.22357723577235772,0.22540983606557377,0.22448979591836732,30,12,0.4,0.3076923076923077,0.34782608695652173,56,7,0.125,0.1891891891891892,0.15053763440860216,160,36,0.225,0.21428571428571427,0.2195121951219512,1,0.22448979591836732,0.22448979591836732,0.22448979591836732,nan,nan
denovo_pdb__5d2w_A,0,700,True,231,231,78,0.33766233766233766,0.3170731707317073,0.32704402515723274,37,14,0.3783783783783784,0.358974358974359,0.368421052631579,32,10,0.3125,0.2564102564102564,0.28169014084507044,162,54,0.3333333333333333,0.32142857142857145,0.32727272727272727,1,0.32704402515723274,0.32704402515723274,0.32704402515723274,nan,nan
denovo_pdb__5d2w_A,1,709,True,236,236,68,0.288135593220339,0.2764227642276423,0.2821576763485477,34,14,0.4117647058823529,0.358974358974359,0.3835616438356165,43,9,0.20930232558139536,0.23076923076923078,0.21951219512195125,159,45,0.2830188679245283,0.26785714285714285,0.2752293577981651,1,0.2821576763485477,0.2821576763485477,0.2821576763485477,nan,nan
denovo_pdb__5d2w_A,2,889,True,294,294,82,0.2789115646258503,0.3333333333333333,0.30370370370370364,49,19,0.3877551020408163,0.48717948717948717,0.43181818181818177,47,12,0.2553191489361702,0.3076923076923077,0.2790697674418605,198,51,0.25757575757575757,0.30357142857142855,0.2786885245901639,1,0.30370370370370364,0.30370370370370364,0.30370370370370364,nan,nan
denovo_pdb__5d2w_A,3,637,True,212,212,33,0.15566037735849056,0.13414634146341464,0.14410480349344978,37,10,0.2702702702702703,0.2564102564102564,0.2631578947368421,65,6,0.09230769230769231,0.15384615384615385,0.11538461538461539,110,17,0.15454545454545454,0.10119047619047619,0.12230215827338131,1,0.14410480349344978,0.14410480349344978,0.14410480349344978,nan,nan
denovo_pdb__5d2y_A,0,736,True,245,245,32,0.1306122448979592,0.12598425196850394,0.1282565130260521,36,6,0.16666666666666666,0.15789473684210525,0.16216216216216214,66,6,0.09090909090909091,0.15789473684210525,0.11538461538461539,143,20,0.13986013986013987,0.11235955056179775,0.12461059190031155,1,0.1282565130260521,0.1282565130260521,0.1282565130260521,nan,nan
denovo_pdb__5d2y_A,1,808,True,269,269,53,0.1970260223048327,0.20866141732283464,0.20267686424474185,34,5,0.14705882352941177,0.13157894736842105,0.13888888888888887,63,8,0.12698412698412698,0.21052631578947367,0.15841584158415842,172,40,0.23255813953488372,0.2247191011235955,0.22857142857142856,1,0.20267686424474185,0.20267686424474185,0.20267686424474185,nan,nan
denovo_pdb__5d2y_A,2,721,True,239,239,54,0.22594142259414227,0.2125984251968504,0.21906693711967548,49,16,0.32653061224489793,0.42105263157894735,0.367816091954023,46,9,0.1956521739130435,0.23684210526315788,0.21428571428571427,144,29,0.2013888888888889,0.16292134831460675,0.18012422360248448,1,0.21906693711967548,0.21906693711967548,0.21906693711967548,nan,nan
denovo_pdb__5d2y_A,3,856,True,282,282,67,0.2375886524822695,0.2637795275590551,0.25,40,13,0.325,0.34210526315789475,0.33333333333333337,61,8,0.13114754098360656,0.21052631578947367,0.1616161616161616,181,46,0.2541436464088398,0.25842696629213485,0.2562674094707521,1,0.25,0.25,0.25,nan,nan
denovo_pdb__5di5_A,0,559,True,183,183,109,0.5956284153005464,0.7218543046357616,0.6526946107784432,1,0,0.0,0.0,0.0,169,109,0.6449704142011834,0.8861788617886179,0.7465753424657534,13,0,0.0,0.0,0.0,1,0.6526946107784432,0.6526946107784432,0.6526946107784432,nan,nan
denovo_pdb__5di5_A,1,487,True,162,162,99,0.6111111111111112,0.6556291390728477,0.6325878594249201,0,0,0.0,0.0,0.0,155,98,0.632258064516129,0.7967479674796748,0.7050359712230215,7,1,0.14285714285714285,0.04,0.0625,1,0.6325878594249201,0.6325878594249201,0.6325878594249201,nan,nan
denovo_pdb__5di5_A,2,571,True,187,187,107,0.5721925133689839,0.7086092715231788,0.6331360946745562,4,1,0.25,0.3333333333333333,0.28571428571428575,171,104,0.6081871345029239,0.8455284552845529,0.7074829931972789,12,2,0.16666666666666666,0.08,0.10810810810810811,1,0.6331360946745562,0.6331360946745562,0.6331360946745562,nan,nan
denovo_pdb__5di5_A,3,520,True,169,169,108,0.6390532544378699,0.7152317880794702,0.6749999999999999,0,0,0.0,0.0,0.0,159,107,0.6729559748427673,0.8699186991869918,0.7588652482269505,10,1,0.1,0.04,0.05714285714285714,1,0.6749999999999999,0.6749999999999999,0.6749999999999999,nan,nan
denovo_pdb__5f53_A,0,57,True,18,18,11,0.6111111111111112,0.19298245614035087,0.29333333333333333,4,2,0.5,0.1111111111111111,0.1818181818181818,10,6,0.6,0.3,0.4,4,3,0.75,0.15789473684210525,0.2608695652173913,1,0.29333333333333333,0.29333333333333333,0.29333333333333333,nan,nan
denovo_pdb__5f53_A,1,178,True,59,59,37,0.6271186440677966,0.6491228070175439,0.6379310344827587,19,16,0.8421052631578947,0.8888888888888888,0.8648648648648649,22,11,0.5,0.55,0.5238095238095238,18,10,0.5555555555555556,0.5263157894736842,0.5405405405405405,1,0.6379310344827587,0.6379310344827587,0.6379310344827587,nan,nan
denovo_pdb__5f53_A,2,187,True,62,62,29,0.46774193548387094,0.5087719298245614,0.48739495798319327,22,11,0.5,0.6111111111111112,0.55,25,12,0.48,0.6,0.5333333333333332,15,6,0.4,0.3157894736842105,0.35294117647058826,1,0.48739495798319327,0.48739495798319327,0.48739495798319327,nan,nan
denovo_pdb__5f53_A,3,175,True,58,58,36,0.6206896551724138,0.631578947368421,0.6260869565217391,17,15,0.8823529411764706,0.8333333333333334,0.8571428571428571,27,12,0.4444444444444444,0.6,0.5106382978723405,14,9,0.6428571428571429,0.47368421052631576,0.5454545454545454,1,0.6260869565217391,0.6260869565217391,0.6260869565217391,nan,nan
denovo_pdb__5ieo_A,0,250,True,82,82,4,0.04878048780487805,0.0392156862745098,0.043478260869565216,25,3,0.12,0.16666666666666666,0.13953488372093023,18,1,0.05555555555555555,0.03225806451612903,0.04081632653061224,39,0,0.0,0.0,0.0,1,0.043478260869565216,0.043478260869565216,0.043478260869565216,nan,nan
denovo_pdb__5ieo_A,1,232,True,77,77,5,0.06493506493506493,0.049019607843137254,0.0558659217877095,10,0,0.0,0.0,0.0,24,4,0.16666666666666666,0.12903225806451613,0.14545454545454548,43,1,0.023255813953488372,0.018867924528301886,0.020833333333333332,1,0.0558659217877095,0.0558659217877095,0.0558659217877095,nan,nan
denovo_pdb__5ieo_A,2,268,True,89,89,2,0.02247191011235955,0.0196078431372549,0.02094240837696335,18,1,0.05555555555555555,0.05555555555555555,0.05555555555555555,28,1,0.03571428571428571,0.03225806451612903,0.03389830508474576,43,0,0.0,0.0,0.0,1,0.02094240837696335,0.02094240837696335,0.02094240837696335,nan,nan
denovo_pdb__5ieo_A,3,322,True,107,107,9,0.08411214953271028,0.08823529411764706,0.0861244019138756,17,2,0.11764705882352941,0.1111111111111111,0.11428571428571428,23,0,0.0,0.0,0.0,67,7,0.1044776119402985,0.1320754716981132,0.11666666666666667,1,0.0861244019138756,0.0861244019138756,0.0861244019138756,nan,nan
denovo_pdb__5j0i_A,0,115,True,38,38,11,0.2894736842105263,0.4074074074074074,0.3384615384615384,2,0,0.0,0.0,0.0,9,5,0.5555555555555556,0.5555555555555556,0.5555555555555556,27,6,0.2222222222222222,0.35294117647058826,0.27272727272727276,1,0.3384615384615384,0.3384615384615384,0.3384615384615384,nan,nan
denovo_pdb__5j0i_A,1,97,True,32,32,0,0.0,0.0,0.0,4,0,0.0,0.0,0.0,4,0,0.0,0.0,0.0,24,0,0.0,0.0,0.0,1,0.0,0.0,0.0,nan,nan
denovo_pdb__5j0i_A,2,76,True,25,25,4,0.16,0.14814814814814814,0.15384615384615383,1,0,0.0,0.0,0.0,7,2,0.2857142857142857,0.2222222222222222,0.25,17,2,0.11764705882352941,0.11764705882352941,0.11764705882352941,1,0.15384615384615383,0.15384615384615383,0.15384615384615383,nan,nan
denovo_pdb__5j0i_A,3,91,True,30,30,2,0.06666666666666667,0.07407407407407407,0.07017543859649124,2,0,0.0,0.0,0.0,6,1,0.16666666666666666,0.1111111111111111,0.13333333333333333,22,1,0.045454545454545456,0.058823529411764705,0.05128205128205128,1,0.07017543859649124,0.07017543859649124,0.07017543859649124,nan,nan
denovo_pdb__5l33_A,0,358,True,119,119,58,0.48739495798319327,0.48739495798319327,0.48739495798319327,34,20,0.5882352941176471,0.7692307692307693,0.6666666666666667,41,29,0.7073170731707317,0.7073170731707317,0.7073170731707317,44,9,0.20454545454545456,0.17307692307692307,0.18750000000000003,1,0.48739495798319327,0.48739495798319327,0.48739495798319327,nan,nan
denovo_pdb__5l33_A,1,370,True,123,123,28,0.22764227642276422,0.23529411764705882,0.23140495867768596,31,12,0.3870967741935484,0.46153846153846156,0.42105263157894735,40,13,0.325,0.3170731707317073,0.3209876543209877,52,3,0.057692307692307696,0.057692307692307696,0.057692307692307696,1,0.23140495867768596,0.23140495867768596,0.23140495867768596,nan,nan
denovo_pdb__5l33_A,2,463,True,153,153,40,0.26143790849673204,0.33613445378151263,0.2941176470588235,30,11,0.36666666666666664,0.4230769230769231,0.3928571428571428,51,20,0.39215686274509803,0.4878048780487805,0.43478260869565216,72,9,0.125,0.17307692307692307,0.14516129032258066,1,0.2941176470588235,0.2941176470588235,0.2941176470588235,nan,nan
denovo_pdb__5l33_A,3,370,True,122,122,53,0.4344262295081967,0.44537815126050423,0.43983402489626555,29,18,0.6206896551724138,0.6923076923076923,0.6545454545454545,46,26,0.5652173913043478,0.6341463414634146,0.5977011494252873,47,9,0.19148936170212766,0.17307692307692307,0.18181818181818182,1,0.43983402489626555,0.43983402489626555,0.43983402489626555,nan,nan
denovo_pdb__5le9_A,0,855,True,279,279,165,0.5913978494623656,0.7081545064377682,0.64453125,41,24,0.5853658536585366,0.6857142857142857,0.6315789473684211,56,24,0.42857142857142855,0.7741935483870968,0.5517241379310344,182,117,0.6428571428571429,0.7005988023952096,0.670487106017192,1,0.64453125,0.64453125,0.64453125,nan,nan
denovo_pdb__5le9_A,1,666,True,214,214,162,0.7570093457943925,0.6952789699570815,0.7248322147651005,34,21,0.6176470588235294,0.6,0.608695652173913,36,28,0.7777777777777778,0.9032258064516129,0.835820895522388,144,113,0.7847222222222222,0.6766467065868264,0.7266881028938907,1,0.7248322147651005,0.7248322147651005,0.7248322147651005,nan,nan
denovo_pdb__5le9_A,2,281,True,88,88,56,0.6363636363636364,0.24034334763948498,0.34890965732087226,12,4,0.3333333333333333,0.11428571428571428,0.1702127659574468,13,9,0.6923076923076923,0.2903225806451613,0.4090909090909091,63,43,0.6825396825396826,0.25748502994011974,0.3739130434782609,1,0.34890965732087226,0.34890965732087226,0.34890965732087226,nan,nan
denovo_pdb__5le9_A,3,272,True,89,89,60,0.6741573033707865,0.2575107296137339,0.37267080745341613,14,10,0.7142857142857143,0.2857142857142857,0.40816326530612246,11,6,0.5454545454545454,0.1935483870967742,0.2857142857142857,64,44,0.6875,0.2634730538922156,0.38095238095238093,1,0.37267080745341613,0.37267080745341613,0.37267080745341613,nan,nan
denovo_pdb__5lw2_A,0,356,True,117,117,82,0.7008547008547008,0.7321428571428571,0.7161572052401747,15,9,0.6,0.6,0.6,19,11,0.5789473684210527,0.6111111111111112,0.5945945945945946,83,62,0.7469879518072289,0.7848101265822784,0.7654320987654321,1,0.7161572052401747,0.7161572052401747,0.7161572052401747,nan,nan
denovo_pdb__5lw2_A,1,346,True,114,114,79,0.6929824561403509,0.7053571428571429,0.6991150442477876,14,8,0.5714285714285714,0.5333333333333333,0.5517241379310344,19,13,0.6842105263157895,0.7222222222222222,0.7027027027027027,81,58,0.7160493827160493,0.7341772151898734,0.7250000000000001,1,0.6991150442477876,0.6991150442477876,0.6991150442477876,nan,nan
denovo_pdb__5lw2_A,2,107,True,34,34,22,0.6470588235294118,0.19642857142857142,0.3013698630136986,4,2,0.5,0.13333333333333333,0.2105263157894737,4,2,0.5,0.1111111111111111,0.1818181818181818,26,18,0.6923076923076923,0.22784810126582278,0.34285714285714286,1,0.3013698630136986,0.3013698630136986,0.3013698630136986,nan,nan
denovo_pdb__5lw2_A,3,296,True,97,97,75,0.7731958762886598,0.6696428571428571,0.7177033492822966,10,9,0.9,0.6,0.7200000000000001,16,12,0.75,0.6666666666666666,0.7058823529411765,71,54,0.7605633802816901,0.6835443037974683,0.72,1,0.7177033492822966,0.7177033492822966,0.7177033492822966,nan,nan
denovo_pdb__5oos_A,0,397,True,132,132,96,0.7272727272727273,0.7868852459016393,0.7559055118110236,19,12,0.631578947368421,0.7058823529411765,0.6666666666666667,19,16,0.8421052631578947,0.8888888888888888,0.8648648648648649,94,68,0.723404255319149,0.7816091954022989,0.7513812154696133,1,0.7559055118110236,0.7559055118110236,0.7559055118110236,nan,nan
denovo_pdb__5oos_A,1,359,True,116,116,90,0.7758620689655172,0.7377049180327869,0.7563025210084033,17,12,0.7058823529411765,0.7058823529411765,0.7058823529411765,20,15,0.75,0.8333333333333334,0.7894736842105262,79,63,0.7974683544303798,0.7241379310344828,0.7590361445783133,1,0.7563025210084033,0.7563025210084033,0.7563025210084033,nan,nan
denovo_pdb__5oos_A,2,460,True,151,151,103,0.6821192052980133,0.8442622950819673,0.7545787545787546,27,13,0.48148148148148145,0.7647058823529411,0.5909090909090909,23,17,0.7391304347826086,0.9444444444444444,0.8292682926829269,101,73,0.7227722772277227,0.8390804597701149,0.776595744680851,1,0.7545787545787546,0.7545787545787546,0.7545787545787546,nan,nan
denovo_pdb__5oos_A,3,27,True,8,8,7,0.875,0.05737704918032787,0.1076923076923077,2,1,0.5,0.058823529411764705,0.10526315789473684,2,2,1.0,0.1111111111111111,0.19999999999999998,4,4,1.0,0.04597701149425287,0.08791208791208792,1,0.1076923076923077,0.1076923076923077,0.1076923076923077,nan,nan
denovo_pdb__5op3_A,0,396,True,130,130,95,0.7307692307692307,0.8558558558558559,0.7883817427385893,18,13,0.7222222222222222,0.7222222222222222,0.7222222222222222,23,16,0.6956521739130435,0.8421052631578947,0.761904761904762,89,66,0.7415730337078652,0.8918918918918919,0.8098159509202455,1,0.7883817427385893,0.7883817427385893,0.7883817427385893,nan,nan
denovo_pdb__5op3_A,1,363,True,118,118,88,0.7457627118644068,0.7927927927927928,0.7685589519650654,17,13,0.7647058823529411,0.7222222222222222,0.7428571428571428,19,15,0.7894736842105263,0.7894736842105263,0.7894736842105263,82,60,0.7317073170731707,0.8108108108108109,0.7692307692307694,1,0.7685589519650654,0.7685589519650654,0.7685589519650654,nan,nan
denovo_pdb__5op3_A,2,320,True,105,105,81,0.7714285714285715,0.7297297297297297,0.75,16,11,0.6875,0.6111111111111112,0.6470588235294118,19,16,0.8421052631578947,0.8421052631578947,0.8421052631578947,70,54,0.7714285714285715,0.7297297297297297,0.75,1,0.75,0.75,0.75,nan,nan
denovo_pdb__5op3_A,3,334,True,108,108,85,0.7870370370370371,0.7657657657657657,0.7762557077625571,15,12,0.8,0.6666666666666666,0.7272727272727272,21,17,0.8095238095238095,0.8947368421052632,0.8500000000000001,72,56,0.7777777777777778,0.7567567567567568,0.7671232876712328,1,0.7762557077625571,0.7762557077625571,0.7762557077625571,nan,nan
denovo_pdb__5trv_A,0,364,True,121,121,42,0.34710743801652894,0.37168141592920356,0.3589743589743589,25,15,0.6,0.6818181818181818,0.6382978723404256,43,24,0.5581395348837209,0.6666666666666666,0.6075949367088608,53,3,0.05660377358490566,0.05454545454545454,0.05555555555555555,1,0.3589743589743589,0.3589743589743589,0.3589743589743589,nan,nan
denovo_pdb__5trv_A,1,376,True,125,125,52,0.416,0.46017699115044247,0.4369747899159664,30,18,0.6,0.8181818181818182,0.6923076923076923,52,24,0.46153846153846156,0.6666666666666666,0.5454545454545455,43,10,0.23255813953488372,0.18181818181818182,0.2040816326530612,1,0.4369747899159664,0.4369747899159664,0.4369747899159664,nan,nan
denovo_pdb__5trv_A,2,325,True,108,108,46,0.42592592592592593,0.40707964601769914,0.416289592760181,29,15,0.5172413793103449,0.6818181818181818,0.5882352941176471,40,24,0.6,0.6666666666666666,0.631578947368421,39,7,0.1794871794871795,0.12727272727272726,0.14893617021276595,1,0.416289592760181,0.416289592760181,0.416289592760181,nan,nan
denovo_pdb__5trv_A,3,487,True,161,161,37,0.22981366459627328,0.3274336283185841,0.27007299270072993,26,15,0.5769230769230769,0.6818181818181818,0.6249999999999999,47,13,0.2765957446808511,0.3611111111111111,0.3132530120481928,88,9,0.10227272727272728,0.16363636363636364,0.1258741258741259,1,0.27007299270072993,0.27007299270072993,0.27007299270072993,nan,nan
denovo_pdb__5vjt_A,0,745,True,244,244,34,0.13934426229508196,0.2085889570552147,0.16707616707616707,19,1,0.05263157894736842,0.25,0.08695652173913043,21,6,0.2857142857142857,0.24,0.2608695652173913,204,27,0.1323529411764706,0.20149253731343283,0.15976331360946747,1,0.16707616707616707,0.16707616707616707,0.16707616707616707,nan,nan
denovo_pdb__5vjt_A,1,562,True,184,184,60,0.32608695652173914,0.36809815950920244,0.345821325648415,8,1,0.125,0.25,0.16666666666666666,19,10,0.5263157894736842,0.4,0.45454545454545453,157,49,0.31210191082802546,0.3656716417910448,0.3367697594501718,1,0.345821325648415,0.345821325648415,0.345821325648415,nan,nan
denovo_pdb__5vjt_A,2,685,True,219,219,27,0.1232876712328767,0.1656441717791411,0.1413612565445026,22,2,0.09090909090909091,0.5,0.15384615384615385,42,15,0.35714285714285715,0.6,0.44776119402985076,155,10,0.06451612903225806,0.07462686567164178,0.06920415224913494,1,0.1413612565445026,0.1413612565445026,0.1413612565445026,nan,nan
denovo_pdb__5vjt_A,3,631,True,205,205,38,0.18536585365853658,0.2331288343558282,0.20652173913043478,7,2,0.2857142857142857,0.5,0.36363636363636365,32,13,0.40625,0.52,0.45614035087719296,166,23,0.13855421686746988,0.17164179104477612,0.15333333333333332,1,0.20652173913043478,0.20652173913043478,0.20652173913043478,nan,nan
denovo_pdb__5vnv_A,0,436,True,145,145,47,0.32413793103448274,0.4051724137931034,0.36015325670498083,22,10,0.45454545454545453,0.47619047619047616,0.46511627906976744,41,12,0.2926829268292683,0.3870967741935484,0.3333333333333333,82,25,0.3048780487804878,0.390625,0.3424657534246575,1,0.36015325670498083,0.36015325670498083,0.36015325670498083,nan,nan
denovo_pdb__5vnv_A,1,418,True,138,138,40,0.2898550724637681,0.3448275862068966,0.3149606299212599,28,6,0.21428571428571427,0.2857142857142857,0.24489795918367344,32,7,0.21875,0.22580645161290322,0.2222222222222222,78,27,0.34615384615384615,0.421875,0.3802816901408451,1,0.3149606299212599,0.3149606299212599,0.3149606299212599,nan,nan
denovo_pdb__5vnv_A,2,298,True,99,99,13,0.13131313131313133,0.11206896551724138,0.12093023255813953,11,2,0.18181818181818182,0.09523809523809523,0.125,22,4,0.18181818181818182,0.12903225806451613,0.1509433962264151,66,7,0.10606060606060606,0.109375,0.10769230769230768,1,0.12093023255813953,0.12093023255813953,0.12093023255813953,nan,nan
denovo_pdb__5vnv_A,3,256,True,85,85,6,0.07058823529411765,0.05172413793103448,0.05970149253731344,14,1,0.07142857142857142,0.047619047619047616,0.057142857142857134,23,5,0.21739130434782608,0.16129032258064516,0.18518518518518517,48,0,0.0,0.0,0.0,1,0.05970149253731344,0.05970149253731344,0.05970149253731344,nan,nan
denovo_pdb__5ys7_A,0,808,True,269,269,68,0.2527881040892193,0.24817518248175183,0.2504604051565378,82,33,0.4024390243902439,0.34375,0.37078651685393255,125,31,0.248,0.23308270676691728,0.24031007751937983,62,4,0.06451612903225806,0.08888888888888889,0.07476635514018691,1,0.2504604051565378,0.2504604051565378,0.2504604051565378,nan,nan
denovo_pdb__5ys7_A,1,901,True,300,300,31,0.10333333333333333,0.11313868613138686,0.10801393728222997,68,18,0.2647058823529412,0.1875,0.21951219512195125,48,11,0.22916666666666666,0.08270676691729323,0.12154696132596683,184,2,0.010869565217391304,0.044444444444444446,0.017467248908296942,1,0.10801393728222997,0.10801393728222997,0.10801393728222997,nan,nan
denovo_pdb__5ys7_A,2,811,True,270,270,81,0.3,0.2956204379562044,0.2977941176470588,89,39,0.43820224719101125,0.40625,0.42162162162162165,100,38,0.38,0.2857142857142857,0.3261802575107296,81,4,0.04938271604938271,0.08888888888888889,0.06349206349206349,1,0.2977941176470588,0.2977941176470588,0.2977941176470588,nan,nan
denovo_pdb__5ys7_A,3,973,True,323,323,58,0.17956656346749225,0.2116788321167883,0.1943048576214405,70,31,0.44285714285714284,0.3229166666666667,0.3734939759036144,112,25,0.22321428571428573,0.18796992481203006,0.20408163265306123,141,2,0.014184397163120567,0.044444444444444446,0.021505376344086023,1,0.1943048576214405,0.1943048576214405,0.1943048576214405,nan,nan
denovo_pdb__6ds9_A,0,133,True,44,44,31,0.7045454545454546,0.3563218390804598,0.47328244274809167,16,12,0.75,0.9230769230769231,0.8275862068965517,8,5,0.625,0.35714285714285715,0.45454545454545453,20,14,0.7,0.23333333333333334,0.35,1,0.47328244274809167,0.47328244274809167,0.47328244274809167,nan,nan
denovo_pdb__6ds9_A,1,286,True,94,94,61,0.648936170212766,0.7011494252873564,0.6740331491712708,14,9,0.6428571428571429,0.6923076923076923,0.6666666666666666,13,9,0.6923076923076923,0.6428571428571429,0.6666666666666666,67,43,0.6417910447761194,0.7166666666666667,0.6771653543307087,1,0.6740331491712708,0.6740331491712708,0.6740331491712708,nan,nan
denovo_pdb__6ds9_A,2,190,True,61,61,37,0.6065573770491803,0.42528735632183906,0.5,14,8,0.5714285714285714,0.6153846153846154,0.5925925925925927,12,8,0.6666666666666666,0.5714285714285714,0.6153846153846153,35,21,0.6,0.35,0.4421052631578947,1,0.5,0.5,0.5,nan,nan
denovo_pdb__6ds9_A,3,220,True,73,73,49,0.6712328767123288,0.5632183908045977,0.6125,15,10,0.6666666666666666,0.7692307692307693,0.7142857142857142,14,10,0.7142857142857143,0.7142857142857143,0.7142857142857143,44,29,0.6590909090909091,0.48333333333333334,0.5576923076923077,1,0.6125,0.6125,0.6125,nan,nan
denovo_pdb__6egc_A,0,454,True,145,145,48,0.3310344827586207,0.3018867924528302,0.31578947368421056,12,5,0.4166666666666667,0.4166666666666667,0.4166666666666667,15,9,0.6,0.47368421052631576,0.5294117647058824,118,34,0.288135593220339,0.265625,0.2764227642276423,1,0.31578947368421056,0.31578947368421056,0.31578947368421056,nan,nan
denovo_pdb__6egc_A,1,232,True,77,77,12,0.15584415584415584,0.07547169811320754,0.10169491525423728,13,3,0.23076923076923078,0.25,0.24000000000000002,4,1,0.25,0.05263157894736842,0.08695652173913043,60,8,0.13333333333333333,0.0625,0.0851063829787234,1,0.10169491525423728,0.10169491525423728,0.10169491525423728,nan,nan
denovo_pdb__6egc_A,2,478,True,155,155,22,0.14193548387096774,0.13836477987421383,0.14012738853503184,20,3,0.15,0.25,0.18749999999999997,20,2,0.1,0.10526315789473684,0.10256410256410256,115,17,0.14782608695652175,0.1328125,0.13991769547325103,1,0.14012738853503184,0.14012738853503184,0.14012738853503184,nan,nan
denovo_pdb__6egc_A,3,931,True,256,256,55,0.21484375,0.34591194968553457,0.26506024096385544,21,10,0.47619047619047616,0.8333333333333334,0.6060606060606061,22,11,0.5,0.5789473684210527,0.5365853658536586,213,34,0.1596244131455399,0.265625,0.1994134897360704,1,0.26506024096385544,0.26506024096385544,0.26506024096385544,nan,nan
denovo_pdb__6ff6_A,0,577,True,192,192,7,0.036458333333333336,0.03608247422680412,0.036269430051813475,20,4,0.2,0.2,0.20000000000000004,27,1,0.037037037037037035,0.030303030303030304,0.03333333333333333,145,2,0.013793103448275862,0.014184397163120567,0.013986013986013986,1,0.036269430051813475,0.036269430051813475,0.036269430051813475,nan,nan
denovo_pdb__6ff6_A,1,624,True,207,207,18,0.08695652173913043,0.09278350515463918,0.08977556109725686,20,3,0.15,0.15,0.15,28,5,0.17857142857142858,0.15151515151515152,0.16393442622950818,159,10,0.06289308176100629,0.07092198581560284,0.06666666666666667,1,0.08977556109725686,0.08977556109725686,0.08977556109725686,nan,nan
denovo_pdb__6ff6_A,2,655,True,218,218,9,0.04128440366972477,0.04639175257731959,0.043689320388349516,29,3,0.10344827586206896,0.15,0.12244897959183673,34,3,0.08823529411764706,0.09090909090909091,0.08955223880597016,155,3,0.01935483870967742,0.02127659574468085,0.02027027027027027,1,0.043689320388349516,0.043689320388349516,0.043689320388349516,nan,nan
denovo_pdb__6ff6_A,3,664,True,221,221,18,0.08144796380090498,0.09278350515463918,0.08674698795180723,25,3,0.12,0.15,0.1333333333333333,40,5,0.125,0.15151515151515152,0.13698630136986303,156,10,0.0641025641025641,0.07092198581560284,0.06734006734006734,1,0.08674698795180723,0.08674698795180723,0.08674698795180723,nan,nan
denovo_pdb__6g6m_A,0,711,True,229,229,160,0.6986899563318777,0.4953560371517028,0.5797101449275361,51,45,0.8823529411764706,0.5921052631578947,0.7086614173228346,94,55,0.5851063829787234,0.41353383458646614,0.4845814977973568,84,60,0.7142857142857143,0.5263157894736842,0.6060606060606061,1,0.5797101449275361,0.5797101449275361,0.5797101449275361,nan,nan
denovo_pdb__6g6m_A,1,1033,True,338,338,241,0.7130177514792899,0.7461300309597523,0.7291981845688351,68,65,0.9558823529411765,0.8552631578947368,0.9027777777777778,138,88,0.6376811594202898,0.6616541353383458,0.6494464944649446,132,88,0.6666666666666666,0.7719298245614035,0.7154471544715446,1,0.7291981845688351,0.7291981845688351,0.7291981845688351,nan,nan
denovo_pdb__6g6m_A,2,1210,True,388,388,257,0.6623711340206185,0.7956656346749226,0.7229254571026722,76,67,0.881578947368421,0.881578947368421,0.881578947368421,157,93,0.5923566878980892,0.6992481203007519,0.6413793103448275,155,97,0.6258064516129033,0.8508771929824561,0.721189591078067,1,0.7229254571026722,0.7229254571026722,0.7229254571026722,nan,nan
denovo_pdb__6g6m_A,3,491,True,154,154,115,0.7467532467532467,0.3560371517027864,0.48218029350104813,36,33,0.9166666666666666,0.4342105263157895,0.5892857142857143,64,42,0.65625,0.3157894736842105,0.42639593908629436,54,40,0.7407407407407407,0.3508771929824561,0.47619047619047616,1,0.48218029350104813,0.48218029350104813,0.48218029350104813,nan,nan
denovo_pdb__6i37_A,0,625,True,204,204,130,0.6372549019607843,0.6341463414634146,0.6356968215158924,58,47,0.8103448275862069,0.7580645161290323,0.7833333333333333,80,39,0.4875,0.6190476190476191,0.5454545454545454,66,44,0.6666666666666666,0.55,0.6027397260273972,1,0.6356968215158924,0.6356968215158924,0.6356968215158924,nan,nan
denovo_pdb__6i37_A,1,667,True,219,219,135,0.6164383561643836,0.6585365853658537,0.6367924528301888,60,51,0.85,0.8225806451612904,0.8360655737704918,88,39,0.4431818181818182,0.6190476190476191,0.5165562913907285,71,45,0.6338028169014085,0.5625,0.5960264900662251,1,0.6367924528301888,0.6367924528301888,0.6367924528301888,nan,nan
denovo_pdb__6i37_A,2,700,True,229,229,115,0.5021834061135371,0.5609756097560976,0.5299539170506913,61,41,0.6721311475409836,0.6612903225806451,0.6666666666666666,84,36,0.42857142857142855,0.5714285714285714,0.48979591836734687,84,38,0.4523809523809524,0.475,0.46341463414634143,1,0.5299539170506913,0.5299539170506913,0.5299539170506913,nan,nan
denovo_pdb__6i37_A,3,246,True,80,80,59,0.7375,0.28780487804878047,0.4140350877192982,24,24,1.0,0.3870967741935484,0.5581395348837209,30,20,0.6666666666666666,0.31746031746031744,0.43010752688172044,26,15,0.5769230769230769,0.1875,0.2830188679245283,1,0.4140350877192982,0.4140350877192982,0.4140350877192982,nan,nan
denovo_pdb__6i39_A,0,593,True,195,195,130,0.6666666666666666,0.6435643564356436,0.654911838790932,61,55,0.9016393442622951,0.9016393442622951,0.9016393442622952,69,33,0.4782608695652174,0.5892857142857143,0.5279999999999999,65,42,0.6461538461538462,0.49411764705882355,0.56,1,0.654911838790932,0.654911838790932,0.654911838790932,nan,nan
denovo_pdb__6i39_A,1,545,True,180,180,101,0.5611111111111111,0.5,0.5287958115183246,49,42,0.8571428571428571,0.6885245901639344,0.7636363636363637,57,28,0.49122807017543857,0.5,0.49557522123893805,74,31,0.4189189189189189,0.36470588235294116,0.389937106918239,1,0.5287958115183246,0.5287958115183246,0.5287958115183246,nan,nan
denovo_pdb__6i39_A,2,651,True,214,214,142,0.6635514018691588,0.7029702970297029,0.6826923076923076,61,57,0.9344262295081968,0.9344262295081968,0.9344262295081968,77,41,0.5324675324675324,0.7321428571428571,0.6165413533834586,76,44,0.5789473684210527,0.5176470588235295,0.5465838509316772,1,0.6826923076923076,0.6826923076923076,0.6826923076923076,nan,nan
denovo_pdb__6i39_A,3,741,True,243,243,135,0.5555555555555556,0.6683168316831684,0.606741573033708,58,53,0.9137931034482759,0.8688524590163934,0.8907563025210085,97,36,0.3711340206185567,0.6428571428571429,0.4705882352941177,88,46,0.5227272727272727,0.5411764705882353,0.5317919075144507,1,0.606741573033708,0.606741573033708,0.606741573033708,nan,nan
denovo_pdb__6ics_O,0,679,True,226,226,21,0.09292035398230089,0.10344827586206896,0.09790209790209789,42,11,0.2619047619047619,0.1746031746031746,0.20952380952380953,74,9,0.12162162162162163,0.09183673469387756,0.10465116279069767,110,1,0.00909090909090909,0.023809523809523808,0.013157894736842103,1,0.09790209790209789,0.09790209790209789,0.09790209790209789,nan,nan
denovo_pdb__6ics_O,1,514,True,171,171,26,0.15204678362573099,0.12807881773399016,0.13903743315508021,45,13,0.28888888888888886,0.20634920634920634,0.24074074074074073,49,13,0.2653061224489796,0.1326530612244898,0.17687074829931973,77,0,0.0,0.0,0.0,1,0.13903743315508021,0.13903743315508021,0.13903743315508021,nan,nan
denovo_pdb__6ics_O,2,562,True,186,186,21,0.11290322580645161,0.10344827586206896,0.10796915167095114,31,8,0.25806451612903225,0.12698412698412698,0.1702127659574468,36,13,0.3611111111111111,0.1326530612244898,0.1940298507462687,119,0,0.0,0.0,0.0,1,0.10796915167095114,0.10796915167095114,0.10796915167095114,nan,nan
denovo_pdb__6ics_O,3,805,True,266,266,43,0.16165413533834586,0.21182266009852216,0.1833688699360341,69,18,0.2608695652173913,0.2857142857142857,0.2727272727272727,85,24,0.2823529411764706,0.24489795918367346,0.26229508196721313,112,1,0.008928571428571428,0.023809523809523808,0.012987012987012986,1,0.1833688699360341,0.1833688699360341,0.1833688699360341,nan,nan
denovo_pdb__6iei_A,0,739,True,245,245,25,0.10204081632653061,0.14792899408284024,0.12077294685990339,43,11,0.2558139534883721,0.1864406779661017,0.21568627450980393,58,14,0.2413793103448276,0.1590909090909091,0.1917808219178082,144,0,0.0,0.0,0.0,1,0.12077294685990339,0.12077294685990339,0.12077294685990339,nan,nan
denovo_pdb__6iei_A,1,739,True,246,246,27,0.10975609756097561,0.15976331360946747,0.13012048192771083,43,13,0.3023255813953488,0.22033898305084745,0.25490196078431376,55,13,0.23636363636363636,0.14772727272727273,0.18181818181818182,148,1,0.006756756756756757,0.045454545454545456,0.011764705882352943,1,0.13012048192771083,0.13012048192771083,0.13012048192771083,nan,nan
denovo_pdb__6iei_A,2,571,True,190,190,25,0.13157894736842105,0.14792899408284024,0.1392757660167131,52,12,0.23076923076923078,0.2033898305084746,0.21621621621621623,67,11,0.16417910447761194,0.125,0.14193548387096772,71,2,0.028169014084507043,0.09090909090909091,0.043010752688172046,1,0.1392757660167131,0.1392757660167131,0.1392757660167131,nan,nan
denovo_pdb__6iei_A,3,493,True,164,164,15,0.09146341463414634,0.08875739644970414,0.09009009009009009,37,7,0.1891891891891892,0.11864406779661017,0.14583333333333334,51,7,0.13725490196078433,0.07954545454545454,0.10071942446043167,76,1,0.013157894736842105,0.045454545454545456,0.02040816326530612,1,0.09009009009009009,0.09009009009009009,0.09009009009009009,nan,nan
denovo_pdb__6mrr_A,0,112,True,37,37,24,0.6486486486486487,0.4444444444444444,0.5274725274725275,10,8,0.8,0.8888888888888888,0.8421052631578948,20,11,0.55,0.6470588235294118,0.5945945945945946,7,5,0.7142857142857143,0.17857142857142858,0.2857142857142857,1,0.5274725274725275,0.5274725274725275,0.5274725274725275,nan,nan
denovo_pdb__6mrr_A,1,145,True,48,48,29,0.6041666666666666,0.5370370370370371,0.5686274509803922,9,7,0.7777777777777778,0.7777777777777778,0.7777777777777778,15,11,0.7333333333333333,0.6470588235294118,0.6875,24,11,0.4583333333333333,0.39285714285714285,0.4230769230769231,1,0.5686274509803922,0.5686274509803922,0.5686274509803922,nan,nan
denovo_pdb__6mrr_A,2,100,True,33,33,23,0.696969696969697,0.42592592592592593,0.5287356321839082,8,6,0.75,0.6666666666666666,0.7058823529411765,12,9,0.75,0.5294117647058824,0.6206896551724139,13,8,0.6153846153846154,0.2857142857142857,0.3902439024390244,1,0.5287356321839082,0.5287356321839082,0.5287356321839082,nan,nan
denovo_pdb__6mrr_A,3,148,True,49,49,22,0.4489795918367347,0.4074074074074074,0.42718446601941745,10,6,0.6,0.6666666666666666,0.631578947368421,10,7,0.7,0.4117647058823529,0.5185185185185185,29,9,0.3103448275862069,0.32142857142857145,0.31578947368421056,1,0.42718446601941745,0.42718446601941745,0.42718446601941745,nan,nan
denovo_pdb__6n9h_A,0,118,True,39,39,14,0.358974358974359,0.358974358974359,0.358974358974359,3,1,0.3333333333333333,0.5,0.4,9,5,0.5555555555555556,0.5555555555555556,0.5555555555555556,27,8,0.2962962962962963,0.2857142857142857,0.2909090909090909,1,0.358974358974359,0.358974358974359,0.358974358974359,nan,nan
denovo_pdb__6n9h_A,1,64,True,21,21,2,0.09523809523809523,0.05128205128205128,0.06666666666666667,4,0,0.0,0.0,0.0,4,0,0.0,0.0,0.0,13,2,0.15384615384615385,0.07142857142857142,0.0975609756097561,1,0.06666666666666667,0.06666666666666667,0.06666666666666667,nan,nan
denovo_pdb__6n9h_A,2,112,True,37,37,7,0.1891891891891892,0.1794871794871795,0.1842105263157895,6,0,0.0,0.0,0.0,6,0,0.0,0.0,0.0,25,7,0.28,0.25,0.2641509433962264,1,0.1842105263157895,0.1842105263157895,0.1842105263157895,nan,nan
denovo_pdb__6n9h_A,3,85,True,28,28,2,0.07142857142857142,0.05128205128205128,0.05970149253731343,2,0,0.0,0.0,0.0,5,0,0.0,0.0,0.0,21,2,0.09523809523809523,0.07142857142857142,0.08163265306122448,1,0.05970149253731343,0.05970149253731343,0.05970149253731343,nan,nan
denovo_pdb__6nek_A,0,166,True,55,55,7,0.12727272727272726,0.21875,0.16091954022988506,14,1,0.07142857142857142,0.25,0.11111111111111112,15,4,0.26666666666666666,0.6666666666666666,0.3809523809523809,26,2,0.07692307692307693,0.09090909090909091,0.08333333333333334,1,0.16091954022988506,0.16091954022988506,0.16091954022988506,nan,nan
denovo_pdb__6nek_A,1,226,True,75,75,6,0.08,0.1875,0.11214953271028036,18,2,0.1111111111111111,0.5,0.1818181818181818,13,1,0.07692307692307693,0.16666666666666666,0.10526315789473684,44,3,0.06818181818181818,0.13636363636363635,0.0909090909090909,1,0.11214953271028036,0.11214953271028036,0.11214953271028036,nan,nan
denovo_pdb__6nek_A,2,145,True,48,48,14,0.2916666666666667,0.4375,0.35000000000000003,12,2,0.16666666666666666,0.5,0.25,13,5,0.38461538461538464,0.8333333333333334,0.5263157894736842,23,7,0.30434782608695654,0.3181818181818182,0.31111111111111117,1,0.35000000000000003,0.35000000000000003,0.35000000000000003,nan,nan
denovo_pdb__6nek_A,3,223,True,74,74,18,0.24324324324324326,0.5625,0.339622641509434,14,2,0.14285714285714285,0.5,0.22222222222222224,14,5,0.35714285714285715,0.8333333333333334,0.5,46,11,0.2391304347826087,0.5,0.3235294117647059,1,0.339622641509434,0.339622641509434,0.339622641509434,nan,nan
denovo_pdb__6qb2_A,0,5328,False,311,311,19,0.06109324758842444,0.18269230769230768,0.09156626506024096,47,4,0.0851063829787234,0.2222222222222222,0.12307692307692307,106,9,0.08490566037735849,0.28125,0.13043478260869565,158,6,0.0379746835443038,0.1111111111111111,0.056603773584905655,1,0.09156626506024096,0.09156626506024096,0.09156626506024096,nan,nan
denovo_pdb__6qb2_A,1,82,True,27,27,1,0.037037037037037035,0.009615384615384616,0.015267175572519085,10,1,0.1,0.05555555555555555,0.07142857142857142,6,0,0.0,0.0,0.0,11,0,0.0,0.0,0.0,1,0.015267175572519085,0.015267175572519085,0.015267175572519085,nan,nan
denovo_pdb__6qb2_A,2,235,True,78,78,4,0.05128205128205128,0.038461538461538464,0.04395604395604396,11,1,0.09090909090909091,0.05555555555555555,0.06896551724137931,20,0,0.0,0.0,0.0,47,3,0.06382978723404255,0.05555555555555555,0.0594059405940594,1,0.04395604395604396,0.04395604395604396,0.04395604395604396,nan,nan
denovo_pdb__6qb2_A,3,85,True,28,28,2,0.07142857142857142,0.019230769230769232,0.030303030303030307,10,1,0.1,0.05555555555555555,0.07142857142857142,6,1,0.16666666666666666,0.03125,0.05263157894736842,12,0,0.0,0.0,0.0,1,0.030303030303030307,0.030303030303030307,0.030303030303030307,nan,nan
denovo_pdb__6qse_A,0,579,True,190,190,113,0.5947368421052631,0.5621890547263682,0.5780051150895139,56,39,0.6964285714285714,0.75,0.7222222222222223,55,28,0.509090909090909,0.4827586206896552,0.49557522123893805,79,46,0.5822784810126582,0.5054945054945055,0.5411764705882353,1,0.5780051150895139,0.5780051150895139,0.5780051150895139,nan,nan
denovo_pdb__6qse_A,1,401,True,132,132,85,0.6439393939393939,0.4228855721393035,0.5105105105105106,45,39,0.8666666666666667,0.75,0.8041237113402062,47,23,0.48936170212765956,0.39655172413793105,0.4380952380952381,40,23,0.575,0.25274725274725274,0.3511450381679389,1,0.5105105105105106,0.5105105105105106,0.5105105105105106,nan,nan
denovo_pdb__6qse_A,2,678,True,222,222,141,0.6351351351351351,0.7014925373134329,0.6666666666666666,53,46,0.8679245283018868,0.8846153846153846,0.8761904761904762,73,34,0.4657534246575342,0.5862068965517241,0.5190839694656488,96,61,0.6354166666666666,0.6703296703296703,0.6524064171122994,1,0.6666666666666666,0.6666666666666666,0.6666666666666666,nan,nan
denovo_pdb__6qse_A,3,677,True,223,223,133,0.5964125560538116,0.6616915422885572,0.6273584905660377,54,48,0.8888888888888888,0.9230769230769231,0.9056603773584906,89,37,0.4157303370786517,0.6379310344827587,0.5034013605442176,80,48,0.6,0.5274725274725275,0.5614035087719298,1,0.6273584905660377,0.6273584905660377,0.6273584905660377,nan,nan
denovo_pdb__6qsh_A,0,630,True,207,207,132,0.6376811594202898,0.6226415094339622,0.630071599045346,48,39,0.8125,0.7358490566037735,0.7722772277227722,79,39,0.4936708860759494,0.609375,0.5454545454545455,80,54,0.675,0.5684210526315789,0.6171428571428571,1,0.630071599045346,0.630071599045346,0.630071599045346,nan,nan
denovo_pdb__6qsh_A,1,460,True,152,152,92,0.6052631578947368,0.4339622641509434,0.5054945054945055,35,26,0.7428571428571429,0.49056603773584906,0.5909090909090909,54,29,0.5370370370370371,0.453125,0.4915254237288136,63,37,0.5873015873015873,0.3894736842105263,0.46835443037974683,1,0.5054945054945055,0.5054945054945055,0.5054945054945055,nan,nan
denovo_pdb__6qsh_A,2,626,True,205,205,125,0.6097560975609756,0.589622641509434,0.5995203836930455,48,39,0.8125,0.7358490566037735,0.7722772277227722,68,39,0.5735294117647058,0.609375,0.5909090909090909,89,47,0.5280898876404494,0.49473684210526314,0.5108695652173912,1,0.5995203836930455,0.5995203836930455,0.5995203836930455,nan,nan
denovo_pdb__6qsh_A,3,174,True,56,56,38,0.6785714285714286,0.1792452830188679,0.2835820895522388,13,8,0.6153846153846154,0.1509433962264151,0.24242424242424243,26,19,0.7307692307692307,0.296875,0.42222222222222217,17,11,0.6470588235294118,0.11578947368421053,0.19642857142857142,1,0.2835820895522388,0.2835820895522388,0.2835820895522388,nan,nan
denovo_pdb__6rek_A,0,93,True,29,29,14,0.4827586206896552,0.0625,0.11067193675889327,8,7,0.875,0.13725490196078433,0.23728813559322037,11,6,0.5454545454545454,0.08571428571428572,0.14814814814814814,10,1,0.1,0.009708737864077669,0.017699115044247787,1,0.11067193675889327,0.11067193675889327,0.11067193675889327,nan,nan
denovo_pdb__6rek_A,1,28,True,9,9,5,0.5555555555555556,0.022321428571428572,0.04291845493562232,1,0,0.0,0.0,0.0,3,1,0.3333333333333333,0.014285714285714285,0.0273972602739726,5,4,0.8,0.038834951456310676,0.07407407407407407,1,0.04291845493562232,0.04291845493562232,0.04291845493562232,nan,nan
denovo_pdb__6rek_A,2,657,True,218,218,140,0.6422018348623854,0.625,0.6334841628959276,60,43,0.7166666666666667,0.8431372549019608,0.7747747747747747,71,39,0.5492957746478874,0.5571428571428572,0.5531914893617021,87,58,0.6666666666666666,0.5631067961165048,0.6105263157894736,1,0.6334841628959276,0.6334841628959276,0.6334841628959276,nan,nan
denovo_pdb__6rek_A,3,798,True,258,258,162,0.627906976744186,0.7232142857142857,0.6721991701244813,60,48,0.8,0.9411764705882353,0.8648648648648648,86,41,0.47674418604651164,0.5857142857142857,0.5256410256410257,112,73,0.6517857142857143,0.7087378640776699,0.6790697674418605,1,0.6721991701244813,0.6721991701244813,0.6721991701244813,nan,nan
denovo_pdb__6reo_A,0,552,True,182,182,114,0.6263736263736264,0.5560975609756098,0.5891472868217055,58,43,0.7413793103448276,0.86,0.7962962962962963,69,32,0.463768115942029,0.5333333333333333,0.49612403100775193,55,39,0.7090909090909091,0.4105263157894737,0.52,1,0.5891472868217055,0.5891472868217055,0.5891472868217055,nan,nan
denovo_pdb__6reo_A,1,532,True,176,176,99,0.5625,0.48292682926829267,0.5196850393700787,54,34,0.6296296296296297,0.68,0.6538461538461539,65,28,0.4307692307692308,0.4666666666666667,0.44800000000000006,57,37,0.6491228070175439,0.3894736842105263,0.48684210526315785,1,0.5196850393700787,0.5196850393700787,0.5196850393700787,nan,nan
denovo_pdb__6reo_A,2,614,True,204,204,108,0.5294117647058824,0.526829268292683,0.528117359413203,55,39,0.7090909090909091,0.78,0.7428571428571428,72,26,0.3611111111111111,0.43333333333333335,0.39393939393939387,77,43,0.5584415584415584,0.45263157894736844,0.5,1,0.528117359413203,0.528117359413203,0.528117359413203,nan,nan
denovo_pdb__6reo_A,3,409,True,135,135,82,0.6074074074074074,0.4,0.48235294117647054,33,24,0.7272727272727273,0.48,0.5783132530120482,46,22,0.4782608695652174,0.36666666666666664,0.41509433962264153,56,36,0.6428571428571429,0.37894736842105264,0.4768211920529802,1,0.48235294117647054,0.48235294117647054,0.48235294117647054,nan,nan
denovo_pdb__6rli_A,0,643,True,213,213,118,0.5539906103286385,0.5514018691588785,0.5526932084309133,51,41,0.803921568627451,0.82,0.8118811881188118,72,32,0.4444444444444444,0.48484848484848486,0.463768115942029,90,45,0.5,0.45918367346938777,0.4787234042553192,1,0.5526932084309133,0.5526932084309133,0.5526932084309133,nan,nan
denovo_pdb__6rli_A,1,625,True,204,204,110,0.5392156862745098,0.514018691588785,0.5263157894736842,53,34,0.6415094339622641,0.68,0.6601941747572816,66,29,0.4393939393939394,0.4393939393939394,0.4393939393939394,85,47,0.5529411764705883,0.47959183673469385,0.5136612021857924,1,0.5263157894736842,0.5263157894736842,0.5263157894736842,nan,nan
denovo_pdb__6rli_A,2,367,True,117,117,71,0.6068376068376068,0.3317757009345794,0.42900302114803623,33,23,0.696969696969697,0.46,0.5542168674698795,41,20,0.4878048780487805,0.30303030303030304,0.3738317757009346,43,28,0.6511627906976745,0.2857142857142857,0.39716312056737585,1,0.42900302114803623,0.42900302114803623,0.42900302114803623,nan,nan
denovo_pdb__6rli_A,3,574,True,188,188,116,0.6170212765957447,0.5420560747663551,0.5771144278606966,51,38,0.7450980392156863,0.76,0.7524752475247525,55,26,0.4727272727272727,0.3939393939393939,0.42975206611570244,82,52,0.6341463414634146,0.5306122448979592,0.5777777777777778,1,0.5771144278606966,0.5771144278606966,0.5771144278606966,nan,nan
denovo_pdb__6tjg_A,0,103,True,34,34,26,0.7647058823529411,0.07282913165266107,0.1329923273657289,14,13,0.9285714285714286,0.16883116883116883,0.28571428571428575,13,9,0.6923076923076923,0.06716417910447761,0.12244897959183673,7,4,0.5714285714285714,0.0273972602739726,0.05228758169934641,1,0.1329923273657289,0.1329923273657289,0.1329923273657289,nan,nan
denovo_pdb__6tjg_A,1,199,True,66,66,45,0.6818181818181818,0.12605042016806722,0.21276595744680848,21,16,0.7619047619047619,0.2077922077922078,0.326530612244898,21,16,0.7619047619047619,0.11940298507462686,0.2064516129032258,24,13,0.5416666666666666,0.08904109589041095,0.15294117647058822,1,0.21276595744680848,0.21276595744680848,0.21276595744680848,nan,nan
denovo_pdb__6tjg_A,2,388,True,128,128,86,0.671875,0.24089635854341737,0.354639175257732,24,20,0.8333333333333334,0.2597402597402597,0.39603960396039606,53,39,0.7358490566037735,0.291044776119403,0.41711229946524064,51,27,0.5294117647058824,0.18493150684931506,0.27411167512690354,1,0.354639175257732,0.354639175257732,0.354639175257732,nan,nan
denovo_pdb__6tjg_A,3,510,True,169,169,122,0.7218934911242604,0.34173669467787116,0.4638783269961977,40,36,0.9,0.4675324675324675,0.6153846153846153,64,47,0.734375,0.35074626865671643,0.47474747474747475,65,39,0.6,0.2671232876712329,0.3696682464454976,1,0.4638783269961977,0.4638783269961977,0.4638783269961977,nan,nan
denovo_pdb__6w3w_A,0,337,True,112,112,15,0.13392857142857142,0.1388888888888889,0.13636363636363635,23,7,0.30434782608695654,0.3684210526315789,0.3333333333333333,14,3,0.21428571428571427,0.08108108108108109,0.11764705882352942,75,5,0.06666666666666667,0.09615384615384616,0.07874015748031496,1,0.13636363636363635,0.13636363636363635,0.13636363636363635,nan,nan
denovo_pdb__6w3w_A,1,289,True,96,96,16,0.16666666666666666,0.14814814814814814,0.15686274509803924,21,8,0.38095238095238093,0.42105263157894735,0.4,26,7,0.2692307692307692,0.1891891891891892,0.22222222222222224,49,1,0.02040816326530612,0.019230769230769232,0.019801980198019802,1,0.15686274509803924,0.15686274509803924,0.15686274509803924,nan,nan
denovo_pdb__6w3w_A,2,397,True,132,132,32,0.24242424242424243,0.2962962962962963,0.26666666666666666,23,10,0.43478260869565216,0.5263157894736842,0.47619047619047616,25,12,0.48,0.32432432432432434,0.3870967741935484,84,10,0.11904761904761904,0.19230769230769232,0.14705882352941174,1,0.26666666666666666,0.26666666666666666,0.26666666666666666,nan,nan
denovo_pdb__6w3w_A,3,337,True,112,112,18,0.16071428571428573,0.16666666666666666,0.16363636363636364,29,10,0.3448275862068966,0.5263157894736842,0.4166666666666667,33,7,0.21212121212121213,0.1891891891891892,0.20000000000000004,50,1,0.02,0.019230769230769232,0.0196078431372549,1,0.16363636363636364,0.16363636363636364,0.16363636363636364,nan,nan
denovo_pdb__6wvs_A,0,655,True,217,217,62,0.2857142857142857,0.3163265306122449,0.3002421307506053,36,16,0.4444444444444444,0.5,0.47058823529411764,58,11,0.1896551724137931,0.275,0.22448979591836735,123,35,0.2845528455284553,0.28225806451612906,0.28340080971659914,1,0.3002421307506053,0.3002421307506053,0.3002421307506053,nan,nan
denovo_pdb__6wvs_A,1,715,True,236,236,79,0.3347457627118644,0.4030612244897959,0.3657407407407407,31,15,0.4838709677419355,0.46875,0.47619047619047616,52,12,0.23076923076923078,0.3,0.2608695652173913,153,52,0.33986928104575165,0.41935483870967744,0.37545126353790614,1,0.3657407407407407,0.3657407407407407,0.3657407407407407,nan,nan
denovo_pdb__6wvs_A,2,484,True,161,161,40,0.2484472049689441,0.20408163265306123,0.22408963585434172,37,15,0.40540540540540543,0.46875,0.43478260869565216,41,7,0.17073170731707318,0.175,0.17283950617283952,83,18,0.21686746987951808,0.14516129032258066,0.17391304347826086,1,0.22408963585434172,0.22408963585434172,0.22408963585434172,nan,nan
denovo_pdb__6wvs_A,3,487,True,162,162,58,0.35802469135802467,0.29591836734693877,0.324022346368715,38,20,0.5263157894736842,0.625,0.5714285714285714,38,10,0.2631578947368421,0.25,0.25641025641025644,86,28,0.32558139534883723,0.22580645161290322,0.26666666666666666,1,0.324022346368715,0.324022346368715,0.324022346368715,nan,nan
denovo_pdb__6xi6_A,0,868,True,285,285,20,0.07017543859649122,0.10050251256281408,0.08264462809917356,33,11,0.3333333333333333,0.5,0.4,31,7,0.22580645161290322,0.1794871794871795,0.2,221,2,0.00904977375565611,0.014492753623188406,0.011142061281337049,1,0.08264462809917356,0.08264462809917356,0.08264462809917356,nan,nan
denovo_pdb__6xi6_A,1,460,True,153,153,12,0.0784313725490196,0.06030150753768844,0.06818181818181819,23,6,0.2608695652173913,0.2727272727272727,0.2666666666666666,29,4,0.13793103448275862,0.10256410256410256,0.11764705882352941,101,2,0.019801980198019802,0.014492753623188406,0.01673640167364017,1,0.06818181818181819,0.06818181818181819,0.06818181818181819,nan,nan
denovo_pdb__6xi6_A,2,448,True,148,148,24,0.16216216216216217,0.12060301507537688,0.138328530259366,27,7,0.25925925925925924,0.3181818181818182,0.2857142857142857,36,13,0.3611111111111111,0.3333333333333333,0.3466666666666667,85,4,0.047058823529411764,0.028985507246376812,0.03587443946188341,1,0.138328530259366,0.138328530259366,0.138328530259366,nan,nan
denovo_pdb__6xi6_A,3,769,True,254,254,35,0.1377952755905512,0.17587939698492464,0.1545253863134658,33,9,0.2727272727272727,0.4090909090909091,0.32727272727272727,40,7,0.175,0.1794871794871795,0.17721518987341775,181,19,0.10497237569060773,0.13768115942028986,0.11912225705329153,1,0.1545253863134658,0.1545253863134658,0.1545253863134658,nan,nan
denovo_pdb__6y7p_A,0,356,True,115,115,77,0.6695652173913044,0.2391304347826087,0.3524027459954233,25,23,0.92,0.3026315789473684,0.4554455445544554,41,24,0.5853658536585366,0.1875,0.2840236686390532,49,30,0.6122448979591837,0.2542372881355932,0.3592814371257485,1,0.3524027459954233,0.3524027459954233,0.3524027459954233,nan,nan
denovo_pdb__6y7p_A,1,364,True,119,119,81,0.680672268907563,0.2515527950310559,0.36734693877551017,30,23,0.7666666666666667,0.3026315789473684,0.43396226415094336,49,30,0.6122448979591837,0.234375,0.33898305084745767,40,28,0.7,0.23728813559322035,0.35443037974683544,1,0.36734693877551017,0.36734693877551017,0.36734693877551017,nan,nan
denovo_pdb__6y7p_A,2,422,True,133,133,98,0.7368421052631579,0.30434782608695654,0.43076923076923074,27,24,0.8888888888888888,0.3157894736842105,0.4660194174757281,58,39,0.6724137931034483,0.3046875,0.41935483870967744,48,35,0.7291666666666666,0.2966101694915254,0.4216867469879518,1,0.43076923076923074,0.43076923076923074,0.43076923076923074,nan,nan
denovo_pdb__6y7p_A,3,1300,True,425,425,255,0.6,0.7919254658385093,0.6827309236947792,78,65,0.8333333333333334,0.8552631578947368,0.8441558441558442,169,95,0.5621301775147929,0.7421875,0.6397306397306397,178,95,0.5337078651685393,0.8050847457627118,0.6418918918918919,1,0.6827309236947792,0.6827309236947792,0.6827309236947792,nan,nan
denovo_pdb__6yqx_A,0,253,True,84,84,41,0.4880952380952381,0.18552036199095023,0.26885245901639343,12,9,0.75,0.2903225806451613,0.4186046511627908,29,10,0.3448275862068966,0.18867924528301888,0.2439024390243903,43,22,0.5116279069767442,0.16058394160583941,0.2444444444444444,1,0.26885245901639343,0.26885245901639343,0.26885245901639343,nan,nan
denovo_pdb__6yqx_A,1,658,True,217,217,68,0.31336405529953915,0.3076923076923077,0.3105022831050228,32,10,0.3125,0.3225806451612903,0.3174603174603175,62,14,0.22580645161290322,0.2641509433962264,0.24347826086956523,123,44,0.35772357723577236,0.32116788321167883,0.3384615384615385,1,0.3105022831050228,0.3105022831050228,0.3105022831050228,nan,nan
denovo_pdb__6yqx_A,2,568,True,189,189,46,0.24338624338624337,0.2081447963800905,0.22439024390243903,31,7,0.22580645161290322,0.22580645161290322,0.22580645161290322,43,11,0.2558139534883721,0.20754716981132076,0.22916666666666669,115,28,0.24347826086956523,0.20437956204379562,0.2222222222222222,1,0.22439024390243903,0.22439024390243903,0.22439024390243903,nan,nan
denovo_pdb__6yqx_A,3,430,True,143,143,58,0.40559440559440557,0.26244343891402716,0.31868131868131866,39,19,0.48717948717948717,0.6129032258064516,0.5428571428571428,43,8,0.18604651162790697,0.1509433962264151,0.16666666666666666,61,31,0.5081967213114754,0.22627737226277372,0.31313131313131315,1,0.31868131868131866,0.31868131868131866,0.31868131868131866,nan,nan
denovo_pdb__6z2i_A,0,505,True,168,168,70,0.4166666666666667,0.3333333333333333,0.3703703703703704,40,19,0.475,0.4634146341463415,0.4691358024691358,81,26,0.32098765432098764,0.325,0.32298136645962733,47,25,0.5319148936170213,0.2808988764044944,0.3676470588235294,1,0.3703703703703704,0.3703703703703704,0.3703703703703704,nan,nan
denovo_pdb__6z2i_A,1,679,True,225,225,47,0.2088888888888889,0.22380952380952382,0.21609195402298853,29,8,0.27586206896551724,0.1951219512195122,0.2285714285714286,53,17,0.32075471698113206,0.2125,0.25563909774436094,143,22,0.15384615384615385,0.24719101123595505,0.18965517241379312,1,0.21609195402298853,0.21609195402298853,0.21609195402298853,nan,nan
denovo_pdb__6z2i_A,2,466,True,155,155,58,0.3741935483870968,0.2761904761904762,0.3178082191780822,36,14,0.3888888888888889,0.34146341463414637,0.36363636363636365,67,25,0.373134328358209,0.3125,0.34013605442176875,52,19,0.36538461538461536,0.21348314606741572,0.2695035460992907,1,0.3178082191780822,0.3178082191780822,0.3178082191780822,nan,nan
denovo_pdb__6z2i_A,3,538,True,179,179,62,0.3463687150837989,0.29523809523809524,0.31876606683804626,25,14,0.56,0.34146341463414637,0.42424242424242425,67,27,0.40298507462686567,0.3375,0.3673469387755102,87,21,0.2413793103448276,0.23595505617977527,0.23863636363636362,1,0.31876606683804626,0.31876606683804626,0.31876606683804626,nan,nan
denovo_pdb__7ah0_A,0,262,True,87,87,4,0.04597701149425287,0.06060606060606061,0.05228758169934641,10,1,0.1,0.09090909090909091,0.09523809523809525,14,2,0.14285714285714285,0.16666666666666666,0.15384615384615383,63,1,0.015873015873015872,0.023255813953488372,0.018867924528301886,1,0.05228758169934641,0.05228758169934641,0.05228758169934641,nan,nan
denovo_pdb__7ah0_A,1,289,True,93,93,13,0.13978494623655913,0.19696969696969696,0.16352201257861634,13,3,0.23076923076923078,0.2727272727272727,0.24999999999999994,12,1,0.08333333333333333,0.08333333333333333,0.08333333333333333,68,9,0.1323529411764706,0.20930232558139536,0.16216216216216217,1,0.16352201257861634,0.16352201257861634,0.16352201257861634,nan,nan
denovo_pdb__7ah0_A,2,289,True,96,96,17,0.17708333333333334,0.25757575757575757,0.20987654320987653,15,3,0.2,0.2727272727272727,0.23076923076923075,15,3,0.2,0.25,0.22222222222222224,66,11,0.16666666666666666,0.2558139534883721,0.2018348623853211,1,0.20987654320987653,0.20987654320987653,0.20987654320987653,nan,nan
denovo_pdb__7ah0_A,3,214,True,71,71,7,0.09859154929577464,0.10606060606060606,0.10218978102189781,11,2,0.18181818181818182,0.18181818181818182,0.18181818181818182,7,1,0.14285714285714285,0.08333333333333333,0.10526315789473685,53,4,0.07547169811320754,0.09302325581395349,0.08333333333333333,1,0.10218978102189781,0.10218978102189781,0.10218978102189781,nan,nan
denovo_pdb__7awz_A,0,1156,True,376,376,232,0.6170212765957447,0.6609686609686609,0.6382393397524072,95,83,0.8736842105263158,0.7904761904761904,0.8300000000000001,139,70,0.5035971223021583,0.6796116504854369,0.5785123966942148,142,79,0.5563380281690141,0.5524475524475524,0.5543859649122806,1,0.6382393397524072,0.6382393397524072,0.6382393397524072,nan,nan
denovo_pdb__7awz_A,1,455,True,150,150,108,0.72,0.3076923076923077,0.4311377245508982,45,44,0.9777777777777777,0.41904761904761906,0.5866666666666667,53,32,0.6037735849056604,0.3106796116504854,0.4102564102564102,52,32,0.6153846153846154,0.22377622377622378,0.32820512820512826,1,0.4311377245508982,0.4311377245508982,0.4311377245508982,nan,nan
denovo_pdb__7awz_A,2,807,True,266,266,180,0.6766917293233082,0.5128205128205128,0.5834683954619124,74,65,0.8783783783783784,0.6190476190476191,0.7262569832402235,97,54,0.5567010309278351,0.5242718446601942,0.54,95,61,0.6421052631578947,0.42657342657342656,0.5126050420168068,1,0.5834683954619124,0.5834683954619124,0.5834683954619124,nan,nan
denovo_pdb__7awz_A,3,1100,True,361,361,231,0.6398891966759003,0.6581196581196581,0.648876404494382,102,85,0.8333333333333334,0.8095238095238095,0.8212560386473431,125,63,0.504,0.6116504854368932,0.5526315789473684,134,83,0.6194029850746269,0.5804195804195804,0.5992779783393503,1,0.648876404494382,0.648876404494382,0.648876404494382,nan,nan
denovo_pdb__7ax2_A,0,258,True,85,85,53,0.6235294117647059,0.14887640449438203,0.24036281179138322,26,22,0.8461538461538461,0.22,0.3492063492063492,24,13,0.5416666666666666,0.11711711711711711,0.1925925925925926,35,18,0.5142857142857142,0.12413793103448276,0.19999999999999996,1,0.24036281179138322,0.24036281179138322,0.24036281179138322,nan,nan
denovo_pdb__7ax2_A,1,817,True,268,268,187,0.6977611940298507,0.5252808988764045,0.5993589743589743,78,68,0.8717948717948718,0.68,0.7640449438202247,95,56,0.5894736842105263,0.5045045045045045,0.5436893203883496,95,63,0.6631578947368421,0.43448275862068964,0.5249999999999999,1,0.5993589743589743,0.5993589743589743,0.5993589743589743,nan,nan
denovo_pdb__7ax2_A,2,1232,True,392,392,256,0.6530612244897959,0.7191011235955056,0.6844919786096256,106,84,0.7924528301886793,0.84,0.8155339805825242,135,79,0.5851851851851851,0.7117117117117117,0.6422764227642276,151,93,0.6158940397350994,0.6413793103448275,0.6283783783783784,1,0.6844919786096256,0.6844919786096256,0.6844919786096256,nan,nan
denovo_pdb__7ax2_A,3,443,True,147,147,96,0.6530612244897959,0.2696629213483146,0.3817097415506958,44,32,0.7272727272727273,0.32,0.4444444444444444,62,37,0.5967741935483871,0.3333333333333333,0.42774566473988435,41,27,0.6585365853658537,0.18620689655172415,0.2903225806451613,1,0.3817097415506958,0.3817097415506958,0.3817097415506958,nan,nan
denovo_pdb__7dgu_A,0,232,True,77,77,47,0.6103896103896104,0.5949367088607594,0.6025641025641025,4,4,1.0,0.4444444444444444,0.6153846153846153,15,8,0.5333333333333333,0.5333333333333333,0.5333333333333333,58,35,0.603448275862069,0.6363636363636364,0.6194690265486726,1,0.6025641025641025,0.6025641025641025,0.6025641025641025,nan,nan
denovo_pdb__7dgu_A,1,247,True,82,82,18,0.21951219512195122,0.22784810126582278,0.2236024844720497,12,4,0.3333333333333333,0.4444444444444444,0.380952380952381,18,5,0.2777777777777778,0.3333333333333333,0.303030303030303,52,9,0.17307692307692307,0.16363636363636364,0.16822429906542058,1,0.2236024844720497,0.2236024844720497,0.2236024844720497,nan,nan
denovo_pdb__7dgu_A,2,154,True,51,51,21,0.4117647058823529,0.26582278481012656,0.32307692307692304,5,3,0.6,0.3333333333333333,0.42857142857142855,12,5,0.4166666666666667,0.3333333333333333,0.3703703703703704,34,13,0.38235294117647056,0.23636363636363636,0.29213483146067415,1,0.32307692307692304,0.32307692307692304,0.32307692307692304,nan,nan
denovo_pdb__7dgu_A,3,241,True,80,80,7,0.0875,0.08860759493670886,0.0880503144654088,8,3,0.375,0.3333333333333333,0.35294117647058826,13,1,0.07692307692307693,0.06666666666666667,0.07142857142857144,59,3,0.05084745762711865,0.05454545454545454,0.052631578947368425,1,0.0880503144654088,0.0880503144654088,0.0880503144654088,nan,nan
denovo_pdb__7dgy_A,0,181,True,60,60,12,0.2,0.1875,0.19354838709677422,12,5,0.4166666666666667,0.8333333333333334,0.5555555555555556,13,1,0.07692307692307693,0.1111111111111111,0.09090909090909093,35,6,0.17142857142857143,0.12244897959183673,0.14285714285714288,1,0.19354838709677422,0.19354838709677422,0.19354838709677422,nan,nan
denovo_pdb__7dgy_A,1,238,True,79,79,20,0.25316455696202533,0.3125,0.27972027972027974,14,4,0.2857142857142857,0.6666666666666666,0.4,10,6,0.6,0.6666666666666666,0.631578947368421,55,10,0.18181818181818182,0.20408163265306123,0.19230769230769232,1,0.27972027972027974,0.27972027972027974,0.27972027972027974,nan,nan
denovo_pdb__7dgy_A,2,163,True,54,54,9,0.16666666666666666,0.140625,0.15254237288135594,10,3,0.3,0.5,0.37499999999999994,7,3,0.42857142857142855,0.3333333333333333,0.375,37,3,0.08108108108108109,0.061224489795918366,0.0697674418604651,1,0.15254237288135594,0.15254237288135594,0.15254237288135594,nan,nan
denovo_pdb__7dgy_A,3,172,True,57,57,26,0.45614035087719296,0.40625,0.4297520661157025,11,4,0.36363636363636365,0.6666666666666666,0.4705882352941177,12,4,0.3333333333333333,0.4444444444444444,0.380952380952381,34,18,0.5294117647058824,0.3673469387755102,0.4337349397590361,1,0.4297520661157025,0.4297520661157025,0.4297520661157025,nan,nan
denovo_pdb__7f1h_A,0,529,True,176,176,17,0.09659090909090909,0.07234042553191489,0.0827250608272506,20,7,0.35,0.25925925925925924,0.29787234042553196,54,6,0.1111111111111111,0.1111111111111111,0.1111111111111111,102,4,0.0392156862745098,0.025974025974025976,0.03125,1,0.0827250608272506,0.0827250608272506,0.0827250608272506,nan,nan
denovo_pdb__7f1h_A,1,7807,False,605,605,48,0.07933884297520662,0.20425531914893616,0.1142857142857143,101,12,0.1188118811881188,0.4444444444444444,0.1875,276,23,0.08333333333333333,0.42592592592592593,0.13939393939393938,228,13,0.05701754385964912,0.08441558441558442,0.0680628272251309,1,0.1142857142857143,0.1142857142857143,0.1142857142857143,nan,nan
denovo_pdb__7f1h_A,2,355,True,118,118,12,0.1016949152542373,0.05106382978723404,0.0679886685552408,22,6,0.2727272727272727,0.2222222222222222,0.24489795918367346,43,4,0.09302325581395349,0.07407407407407407,0.08247422680412371,53,2,0.03773584905660377,0.012987012987012988,0.01932367149758454,1,0.0679886685552408,0.0679886685552408,0.0679886685552408,nan,nan
denovo_pdb__7f1h_A,3,487,True,162,162,9,0.05555555555555555,0.03829787234042553,0.04534005037783376,17,2,0.11764705882352941,0.07407407407407407,0.0909090909090909,50,3,0.06,0.05555555555555555,0.05769230769230769,95,4,0.042105263157894736,0.025974025974025976,0.032128514056224904,1,0.04534005037783376,0.04534005037783376,0.04534005037783376,nan,nan
denovo_pdb__7f1j_A,0,7805,False,576,576,25,0.043402777777777776,0.10869565217391304,0.062034739454094295,54,6,0.1111111111111111,0.2727272727272727,0.15789473684210525,135,8,0.05925925925925926,0.14285714285714285,0.08376963350785341,387,11,0.028423772609819122,0.07236842105263158,0.04081632653061224,1,0.062034739454094295,0.062034739454094295,0.062034739454094295,nan,nan
denovo_pdb__7f1j_A,1,766,True,252,252,21,0.08333333333333333,0.09130434782608696,0.08713692946058091,27,2,0.07407407407407407,0.09090909090909091,0.08163265306122448,42,8,0.19047619047619047,0.14285714285714285,0.16326530612244897,183,11,0.060109289617486336,0.07236842105263158,0.06567164179104477,1,0.08713692946058091,0.08713692946058091,0.08713692946058091,nan,nan
denovo_pdb__7f1j_A,2,700,True,231,231,22,0.09523809523809523,0.09565217391304348,0.09544468546637744,23,3,0.13043478260869565,0.13636363636363635,0.1333333333333333,51,11,0.21568627450980393,0.19642857142857142,0.20560747663551404,157,8,0.050955414012738856,0.05263157894736842,0.05177993527508091,1,0.09544468546637744,0.09544468546637744,0.09544468546637744,nan,nan
denovo_pdb__7f1j_A,3,598,True,199,199,22,0.11055276381909548,0.09565217391304348,0.10256410256410256,29,3,0.10344827586206896,0.13636363636363635,0.11764705882352941,59,8,0.13559322033898305,0.14285714285714285,0.13913043478260867,111,11,0.0990990990990991,0.07236842105263158,0.08365019011406845,1,0.10256410256410256,0.10256410256410256,0.10256410256410256,nan,nan
denovo_pdb__7f1l_A,0,556,True,185,185,19,0.10270270270270271,0.07569721115537849,0.08715596330275231,26,5,0.19230769230769232,0.21739130434782608,0.20408163265306123,49,5,0.10204081632653061,0.08333333333333333,0.09174311926605504,110,9,0.08181818181818182,0.05357142857142857,0.06474820143884892,1,0.08715596330275231,0.08715596330275231,0.08715596330275231,nan,nan
denovo_pdb__7f1l_A,1,667,True,222,222,15,0.06756756756756757,0.05976095617529881,0.06342494714587738,33,3,0.09090909090909091,0.13043478260869565,0.10714285714285714,65,4,0.06153846153846154,0.06666666666666667,0.064,124,8,0.06451612903225806,0.047619047619047616,0.0547945205479452,1,0.06342494714587738,0.06342494714587738,0.06342494714587738,nan,nan
denovo_pdb__7f1l_A,2,589,True,196,196,15,0.07653061224489796,0.05976095617529881,0.06711409395973154,30,4,0.13333333333333333,0.17391304347826086,0.15094339622641512,61,7,0.11475409836065574,0.11666666666666667,0.11570247933884299,105,4,0.0380952380952381,0.023809523809523808,0.029304029304029304,1,0.06711409395973154,0.06711409395973154,0.06711409395973154,nan,nan
denovo_pdb__7f1l_A,3,673,True,223,223,15,0.06726457399103139,0.05976095617529881,0.06329113924050633,20,3,0.15,0.13043478260869565,0.13953488372093023,42,2,0.047619047619047616,0.03333333333333333,0.0392156862745098,161,10,0.062111801242236024,0.05952380952380952,0.060790273556231005,1,0.06329113924050633,0.06329113924050633,0.06329113924050633,nan,nan
denovo_pdb__7hiz_A,0,256,True,85,85,47,0.5529411764705883,0.5164835164835165,0.5340909090909091,8,4,0.5,0.6666666666666666,0.5714285714285715,22,14,0.6363636363636364,0.5833333333333334,0.6086956521739131,55,29,0.5272727272727272,0.47540983606557374,0.5,1,0.5340909090909091,0.5340909090909091,0.5340909090909091,nan,nan
denovo_pdb__7hiz_A,1,259,True,86,86,14,0.16279069767441862,0.15384615384615385,0.15819209039548024,10,4,0.4,0.6666666666666666,0.5,23,5,0.21739130434782608,0.20833333333333334,0.2127659574468085,53,5,0.09433962264150944,0.08196721311475409,0.08771929824561403,1,0.15819209039548024,0.15819209039548024,0.15819209039548024,nan,nan
denovo_pdb__7hiz_A,2,274,True,91,91,55,0.6043956043956044,0.6043956043956044,0.6043956043956044,5,3,0.6,0.5,0.5454545454545454,19,15,0.7894736842105263,0.625,0.6976744186046512,67,37,0.5522388059701493,0.6065573770491803,0.578125,1,0.6043956043956044,0.6043956043956044,0.6043956043956044,nan,nan
denovo_pdb__7hiz_A,3,247,True,82,82,17,0.2073170731707317,0.18681318681318682,0.19653179190751446,19,4,0.21052631578947367,0.6666666666666666,0.32,20,9,0.45,0.375,0.4090909090909091,43,4,0.09302325581395349,0.06557377049180328,0.07692307692307691,1,0.19653179190751446,0.19653179190751446,0.19653179190751446,nan,nan
denovo_pdb__7hj1_A,0,331,True,110,110,43,0.39090909090909093,0.46236559139784944,0.4236453201970444,11,5,0.45454545454545453,0.7142857142857143,0.5555555555555556,22,13,0.5909090909090909,0.48148148148148145,0.5306122448979591,77,25,0.3246753246753247,0.423728813559322,0.36764705882352944,1,0.4236453201970444,0.4236453201970444,0.4236453201970444,nan,nan
denovo_pdb__7hj1_A,1,250,True,83,83,20,0.24096385542168675,0.21505376344086022,0.22727272727272724,13,5,0.38461538461538464,0.7142857142857143,0.5,17,9,0.5294117647058824,0.3333333333333333,0.409090909090909,53,6,0.11320754716981132,0.1016949152542373,0.10714285714285715,1,0.22727272727272724,0.22727272727272724,0.22727272727272724,nan,nan
denovo_pdb__7hj1_A,2,145,True,48,48,15,0.3125,0.16129032258064516,0.2127659574468085,8,4,0.5,0.5714285714285714,0.5333333333333333,17,8,0.47058823529411764,0.2962962962962963,0.3636363636363636,23,3,0.13043478260869565,0.05084745762711865,0.07317073170731708,1,0.2127659574468085,0.2127659574468085,0.2127659574468085,nan,nan
denovo_pdb__7hj1_A,3,163,True,54,54,30,0.5555555555555556,0.3225806451612903,0.40816326530612246,10,6,0.6,0.8571428571428571,0.7058823529411764,22,14,0.6363636363636364,0.5185185185185185,0.5714285714285714,22,10,0.45454545454545453,0.1694915254237288,0.24691358024691354,1,0.40816326530612246,0.40816326530612246,0.40816326530612246,nan,nan
denovo_pdb__7hj3_A,0,211,True,70,70,38,0.5428571428571428,0.4222222222222222,0.47500000000000003,7,4,0.5714285714285714,0.6666666666666666,0.6153846153846153,19,13,0.6842105263157895,0.52,0.5909090909090909,44,21,0.4772727272727273,0.3559322033898305,0.4077669902912622,1,0.47500000000000003,0.47500000000000003,0.47500000000000003,nan,nan
denovo_pdb__7hj3_A,1,205,True,68,68,29,0.4264705882352941,0.32222222222222224,0.3670886075949367,8,4,0.5,0.6666666666666666,0.5714285714285715,21,14,0.6666666666666666,0.56,0.6086956521739131,39,11,0.28205128205128205,0.1864406779661017,0.22448979591836735,1,0.3670886075949367,0.3670886075949367,0.3670886075949367,nan,nan
denovo_pdb__7hj3_A,2,307,True,102,102,54,0.5294117647058824,0.6,0.5625,8,5,0.625,0.8333333333333334,0.7142857142857143,20,16,0.8,0.64,0.7111111111111111,74,33,0.44594594594594594,0.559322033898305,0.49624060150375937,1,0.5625,0.5625,0.5625,nan,nan
denovo_pdb__7hj3_A,3,310,True,103,103,41,0.39805825242718446,0.45555555555555555,0.42487046632124353,9,3,0.3333333333333333,0.5,0.4,21,15,0.7142857142857143,0.6,0.6521739130434783,73,23,0.3150684931506849,0.3898305084745763,0.34848484848484845,1,0.42487046632124353,0.42487046632124353,0.42487046632124353,nan,nan
denovo_pdb__7hj5_A,0,223,True,74,74,37,0.5,0.4065934065934066,0.4484848484848485,8,3,0.375,0.5,0.42857142857142855,22,15,0.6818181818181818,0.6,0.6382978723404256,44,19,0.4318181818181818,0.31666666666666665,0.36538461538461536,1,0.4484848484848485,0.4484848484848485,0.4484848484848485,nan,nan
denovo_pdb__7hj5_A,1,280,True,93,93,50,0.5376344086021505,0.5494505494505495,0.5434782608695652,10,6,0.6,1.0,0.7499999999999999,23,17,0.7391304347826086,0.68,0.7083333333333334,60,27,0.45,0.45,0.45,1,0.5434782608695652,0.5434782608695652,0.5434782608695652,nan,nan
denovo_pdb__7hj5_A,2,316,True,105,105,16,0.1523809523809524,0.17582417582417584,0.16326530612244897,9,2,0.2222222222222222,0.3333333333333333,0.26666666666666666,15,9,0.6,0.36,0.45,81,5,0.06172839506172839,0.08333333333333333,0.07092198581560284,1,0.16326530612244897,0.16326530612244897,0.16326530612244897,nan,nan
denovo_pdb__7hj5_A,3,274,True,91,91,47,0.5164835164835165,0.5164835164835165,0.5164835164835165,9,3,0.3333333333333333,0.5,0.4,20,12,0.6,0.48,0.5333333333333332,62,32,0.5161290322580645,0.5333333333333333,0.5245901639344263,1,0.5164835164835165,0.5164835164835165,0.5164835164835165,nan,nan
denovo_pdb__7hj7_A,0,205,True,68,68,16,0.23529411764705882,0.17204301075268819,0.19875776397515527,11,2,0.18181818181818182,0.3333333333333333,0.23529411764705885,25,8,0.32,0.32,0.32,32,6,0.1875,0.0967741935483871,0.12765957446808507,1,0.19875776397515527,0.19875776397515527,0.19875776397515527,nan,nan
denovo_pdb__7hj7_A,1,226,True,75,75,19,0.25333333333333335,0.20430107526881722,0.22619047619047622,10,4,0.4,0.6666666666666666,0.5,20,10,0.5,0.4,0.4444444444444445,45,5,0.1111111111111111,0.08064516129032258,0.09345794392523366,1,0.22619047619047622,0.22619047619047622,0.22619047619047622,nan,nan
denovo_pdb__7hj7_A,2,292,True,97,97,54,0.5567010309278351,0.5806451612903226,0.5684210526315789,9,3,0.3333333333333333,0.5,0.4,23,14,0.6086956521739131,0.56,0.5833333333333334,65,37,0.5692307692307692,0.5967741935483871,0.5826771653543306,1,0.5684210526315789,0.5684210526315789,0.5684210526315789,nan,nan
denovo_pdb__7hj7_A,3,271,True,90,90,19,0.2111111111111111,0.20430107526881722,0.20765027322404372,7,2,0.2857142857142857,0.3333333333333333,0.30769230769230765,14,4,0.2857142857142857,0.16,0.20512820512820512,69,13,0.18840579710144928,0.20967741935483872,0.19847328244274812,1,0.20765027322404372,0.20765027322404372,0.20765027322404372,nan,nan
denovo_pdb__7hj9_A,0,295,True,98,98,34,0.3469387755102041,0.3695652173913043,0.3578947368421052,8,2,0.25,0.4,0.3076923076923077,23,14,0.6086956521739131,0.56,0.5833333333333334,67,18,0.26865671641791045,0.2903225806451613,0.27906976744186046,1,0.3578947368421052,0.3578947368421052,0.3578947368421052,nan,nan
denovo_pdb__7hj9_A,1,271,True,90,90,28,0.3111111111111111,0.30434782608695654,0.3076923076923077,11,3,0.2727272727272727,0.6,0.37499999999999994,27,17,0.6296296296296297,0.68,0.6538461538461539,52,8,0.15384615384615385,0.12903225806451613,0.14035087719298245,1,0.3076923076923077,0.3076923076923077,0.3076923076923077,nan,nan
denovo_pdb__7hj9_A,2,304,True,101,101,42,0.4158415841584158,0.45652173913043476,0.43523316062176165,6,3,0.5,0.6,0.5454545454545454,19,11,0.5789473684210527,0.44,0.5,76,28,0.3684210526315789,0.45161290322580644,0.40579710144927533,1,0.43523316062176165,0.43523316062176165,0.43523316062176165,nan,nan
denovo_pdb__7hj9_A,3,340,True,112,112,28,0.25,0.30434782608695654,0.27450980392156865,12,3,0.25,0.6,0.35294117647058826,20,10,0.5,0.4,0.4444444444444445,80,15,0.1875,0.24193548387096775,0.2112676056338028,1,0.27450980392156865,0.27450980392156865,0.27450980392156865,nan,nan
denovo_pdb__7hjb_A,0,262,True,87,87,65,0.7471264367816092,0.6842105263157895,0.7142857142857142,9,6,0.6666666666666666,0.8571428571428571,0.75,20,18,0.9,0.72,0.7999999999999999,58,41,0.7068965517241379,0.6507936507936508,0.6776859504132232,1,0.7142857142857142,0.7142857142857142,0.7142857142857142,nan,nan
denovo_pdb__7hjb_A,1,292,True,97,97,28,0.28865979381443296,0.29473684210526313,0.2916666666666667,9,4,0.4444444444444444,0.5714285714285714,0.5,20,10,0.5,0.4,0.4444444444444445,68,14,0.20588235294117646,0.2222222222222222,0.21374045801526717,1,0.2916666666666667,0.2916666666666667,0.2916666666666667,nan,nan
denovo_pdb__7hjb_A,2,298,True,99,99,54,0.5454545454545454,0.5684210526315789,0.5567010309278351,9,5,0.5555555555555556,0.7142857142857143,0.6250000000000001,20,15,0.75,0.6,0.6666666666666665,70,34,0.4857142857142857,0.5396825396825397,0.5112781954887218,1,0.5567010309278351,0.5567010309278351,0.5567010309278351,nan,nan
denovo_pdb__7hjb_A,3,283,True,94,94,48,0.5106382978723404,0.5052631578947369,0.5079365079365079,8,5,0.625,0.7142857142857143,0.6666666666666666,22,17,0.7727272727272727,0.68,0.7234042553191491,64,26,0.40625,0.4126984126984127,0.4094488188976378,1,0.5079365079365079,0.5079365079365079,0.5079365079365079,nan,nan
denovo_pdb__7hjd_A,0,256,True,85,85,42,0.49411764705882355,0.45161290322580644,0.4719101123595505,9,4,0.4444444444444444,0.6666666666666666,0.5333333333333333,19,12,0.631578947368421,0.48,0.5454545454545454,57,26,0.45614035087719296,0.41935483870967744,0.43697478991596644,1,0.4719101123595505,0.4719101123595505,0.4719101123595505,nan,nan
denovo_pdb__7hjd_A,1,247,True,82,82,16,0.1951219512195122,0.17204301075268819,0.18285714285714288,13,2,0.15384615384615385,0.3333333333333333,0.21052631578947367,21,8,0.38095238095238093,0.32,0.34782608695652173,48,6,0.125,0.0967741935483871,0.10909090909090909,1,0.18285714285714288,0.18285714285714288,0.18285714285714288,nan,nan
denovo_pdb__7hjd_A,2,232,True,77,77,40,0.5194805194805194,0.43010752688172044,0.4705882352941176,12,6,0.5,1.0,0.6666666666666666,23,14,0.6086956521739131,0.56,0.5833333333333334,42,20,0.47619047619047616,0.3225806451612903,0.3846153846153846,1,0.4705882352941176,0.4705882352941176,0.4705882352941176,nan,nan
denovo_pdb__7hjd_A,3,214,True,70,70,27,0.38571428571428573,0.2903225806451613,0.3312883435582822,5,1,0.2,0.16666666666666666,0.1818181818181818,16,10,0.625,0.4,0.48780487804878053,49,16,0.32653061224489793,0.25806451612903225,0.28828828828828834,1,0.3312883435582822,0.3312883435582822,0.3312883435582822,nan,nan
denovo_pdb__7hjf_A,0,271,True,90,90,50,0.5555555555555556,0.5376344086021505,0.5464480874316939,6,2,0.3333333333333333,0.3333333333333333,0.3333333333333333,17,13,0.7647058823529411,0.52,0.6190476190476191,67,35,0.5223880597014925,0.5645161290322581,0.5426356589147286,1,0.5464480874316939,0.5464480874316939,0.5464480874316939,nan,nan
denovo_pdb__7hjf_A,1,166,True,55,55,28,0.509090909090909,0.3010752688172043,0.3783783783783784,7,4,0.5714285714285714,0.6666666666666666,0.6153846153846153,23,13,0.5652173913043478,0.52,0.5416666666666667,25,11,0.44,0.1774193548387097,0.2528735632183908,1,0.3783783783783784,0.3783783783783784,0.3783783783783784,nan,nan
denovo_pdb__7hjf_A,2,298,True,99,99,48,0.48484848484848486,0.5161290322580645,0.5,7,3,0.42857142857142855,0.5,0.4615384615384615,18,15,0.8333333333333334,0.6,0.6976744186046512,74,30,0.40540540540540543,0.4838709677419355,0.4411764705882353,1,0.5,0.5,0.5,nan,nan
denovo_pdb__7hjf_A,3,301,True,99,99,25,0.25252525252525254,0.26881720430107525,0.26041666666666663,8,3,0.375,0.5,0.42857142857142855,26,10,0.38461538461538464,0.4,0.39215686274509803,65,12,0.18461538461538463,0.1935483870967742,0.1889763779527559,1,0.26041666666666663,0.26041666666666663,0.26041666666666663,nan,nan
denovo_pdb__7hjh_A,0,313,True,103,103,17,0.1650485436893204,0.18478260869565216,0.17435897435897438,10,3,0.3,0.6,0.4,17,7,0.4117647058823529,0.28,0.3333333333333333,76,7,0.09210526315789473,0.11290322580645161,0.10144927536231883,1,0.17435897435897438,0.17435897435897438,0.17435897435897438,nan,nan
denovo_pdb__7hjh_A,1,211,True,70,70,31,0.44285714285714284,0.33695652173913043,0.38271604938271603,11,5,0.45454545454545453,1.0,0.625,23,15,0.6521739130434783,0.6,0.6250000000000001,36,11,0.3055555555555556,0.1774193548387097,0.22448979591836735,1,0.38271604938271603,0.38271604938271603,0.38271604938271603,nan,nan
denovo_pdb__7hjh_A,2,319,True,106,106,22,0.20754716981132076,0.2391304347826087,0.22222222222222224,7,2,0.2857142857142857,0.4,0.3333333333333333,12,7,0.5833333333333334,0.28,0.3783783783783784,87,13,0.14942528735632185,0.20967741935483872,0.17449664429530204,1,0.22222222222222224,0.22222222222222224,0.22222222222222224,nan,nan
denovo_pdb__7hjh_A,3,253,True,84,84,24,0.2857142857142857,0.2608695652173913,0.2727272727272727,13,2,0.15384615384615385,0.4,0.2222222222222222,30,14,0.4666666666666667,0.56,0.509090909090909,41,8,0.1951219512195122,0.12903225806451613,0.1553398058252427,1,0.2727272727272727,0.2727272727272727,0.2727272727272727,nan,nan
denovo_pdb__7hjj_A,0,280,True,93,93,43,0.46236559139784944,0.46236559139784944,0.46236559139784944,13,4,0.3076923076923077,0.6666666666666666,0.42105263157894735,22,19,0.8636363636363636,0.7307692307692307,0.7916666666666666,58,20,0.3448275862068966,0.32786885245901637,0.33613445378151263,1,0.46236559139784944,0.46236559139784944,0.46236559139784944,nan,nan
denovo_pdb__7hjj_A,1,247,True,81,81,43,0.5308641975308642,0.46236559139784944,0.4942528735632184,8,2,0.25,0.3333333333333333,0.28571428571428575,20,17,0.85,0.6538461538461539,0.7391304347826088,53,24,0.4528301886792453,0.39344262295081966,0.42105263157894735,1,0.4942528735632184,0.4942528735632184,0.4942528735632184,nan,nan
denovo_pdb__7hjj_A,2,199,True,66,66,47,0.7121212121212122,0.5053763440860215,0.5911949685534591,5,4,0.8,0.6666666666666666,0.7272727272727272,21,18,0.8571428571428571,0.6923076923076923,0.7659574468085107,40,25,0.625,0.4098360655737705,0.4950495049504951,1,0.5911949685534591,0.5911949685534591,0.5911949685534591,nan,nan
denovo_pdb__7hjj_A,3,166,True,55,55,18,0.32727272727272727,0.1935483870967742,0.24324324324324326,6,1,0.16666666666666666,0.16666666666666666,0.16666666666666666,12,6,0.5,0.23076923076923078,0.3157894736842105,37,11,0.2972972972972973,0.18032786885245902,0.22448979591836732,1,0.24324324324324326,0.24324324324324326,0.24324324324324326,nan,nan
denovo_pdb__7hjl_A,0,298,True,99,99,30,0.30303030303030304,0.32967032967032966,0.3157894736842105,21,4,0.19047619047619047,0.8,0.3076923076923077,31,19,0.6129032258064516,0.76,0.6785714285714285,47,7,0.14893617021276595,0.11475409836065574,0.12962962962962962,1,0.3157894736842105,0.3157894736842105,0.3157894736842105,nan,nan
denovo_pdb__7hjl_A,1,280,True,93,93,16,0.17204301075268819,0.17582417582417584,0.1739130434782609,8,4,0.5,0.8,0.6153846153846154,11,5,0.45454545454545453,0.2,0.2777777777777778,74,7,0.0945945945945946,0.11475409836065574,0.10370370370370371,1,0.1739130434782609,0.1739130434782609,0.1739130434782609,nan,nan
denovo_pdb__7hjl_A,2,295,True,97,97,40,0.41237113402061853,0.43956043956043955,0.425531914893617,9,4,0.4444444444444444,0.8,0.5714285714285714,20,14,0.7,0.56,0.6222222222222222,68,22,0.3235294117647059,0.36065573770491804,0.3410852713178295,1,0.425531914893617,0.425531914893617,0.425531914893617,nan,nan
denovo_pdb__7hjl_A,3,223,True,74,74,33,0.44594594594594594,0.3626373626373626,0.4,10,3,0.3,0.6,0.4,15,8,0.5333333333333333,0.32,0.4,49,22,0.4489795918367347,0.36065573770491804,0.4,1,0.4,0.4,0.4,nan,nan
denovo_pdb__7hjn_A,0,238,True,79,79,14,0.17721518987341772,0.15555555555555556,0.16568047337278105,19,3,0.15789473684210525,0.6,0.25,22,7,0.3181818181818182,0.2916666666666667,0.30434782608695654,38,4,0.10526315789473684,0.06557377049180328,0.0808080808080808,1,0.16568047337278105,0.16568047337278105,0.16568047337278105,nan,nan
denovo_pdb__7hjn_A,1,256,True,85,85,13,0.15294117647058825,0.14444444444444443,0.14857142857142858,9,1,0.1111111111111111,0.2,0.14285714285714285,11,4,0.36363636363636365,0.16666666666666666,0.2285714285714286,65,8,0.12307692307692308,0.13114754098360656,0.12698412698412698,1,0.14857142857142858,0.14857142857142858,0.14857142857142858,nan,nan
denovo_pdb__7hjn_A,2,226,True,75,75,39,0.52,0.43333333333333335,0.4727272727272728,11,4,0.36363636363636365,0.8,0.5000000000000001,19,16,0.8421052631578947,0.6666666666666666,0.744186046511628,45,19,0.4222222222222222,0.3114754098360656,0.35849056603773594,1,0.4727272727272728,0.4727272727272728,0.4727272727272728,nan,nan
denovo_pdb__7hjn_A,3,331,True,110,110,35,0.3181818181818182,0.3888888888888889,0.35000000000000003,16,5,0.3125,1.0,0.47619047619047616,28,13,0.4642857142857143,0.5416666666666666,0.5,66,17,0.25757575757575757,0.2786885245901639,0.2677165354330709,1,0.35000000000000003,0.35000000000000003,0.35000000000000003,nan,nan
denovo_pdb__7hjp_A,0,340,True,112,112,38,0.3392857142857143,0.40860215053763443,0.3707317073170732,8,4,0.5,0.6666666666666666,0.5714285714285715,23,14,0.6086956521739131,0.5384615384615384,0.5714285714285715,81,20,0.24691358024691357,0.32786885245901637,0.28169014084507044,1,0.3707317073170732,0.3707317073170732,0.3707317073170732,nan,nan
denovo_pdb__7hjp_A,1,175,True,58,58,28,0.4827586206896552,0.3010752688172043,0.3708609271523179,11,6,0.5454545454545454,1.0,0.7058823529411764,20,10,0.5,0.38461538461538464,0.4347826086956522,27,12,0.4444444444444444,0.19672131147540983,0.27272727272727276,1,0.3708609271523179,0.3708609271523179,0.3708609271523179,nan,nan
denovo_pdb__7hjp_A,2,226,True,75,75,36,0.48,0.3870967741935484,0.42857142857142855,9,5,0.5555555555555556,0.8333333333333334,0.6666666666666667,18,12,0.6666666666666666,0.46153846153846156,0.5454545454545455,48,19,0.3958333333333333,0.3114754098360656,0.34862385321100914,1,0.42857142857142855,0.42857142857142855,0.42857142857142855,nan,nan
denovo_pdb__7hjp_A,3,271,True,90,90,42,0.4666666666666667,0.45161290322580644,0.45901639344262296,6,3,0.5,0.5,0.5,18,11,0.6111111111111112,0.4230769230769231,0.5,66,28,0.42424242424242425,0.45901639344262296,0.4409448818897638,1,0.45901639344262296,0.45901639344262296,0.45901639344262296,nan,nan
denovo_pdb__7hjr_A,0,214,True,71,71,40,0.5633802816901409,0.425531914893617,0.48484848484848486,10,4,0.4,0.6666666666666666,0.5,20,13,0.65,0.52,0.5777777777777778,41,23,0.5609756097560976,0.36507936507936506,0.4423076923076923,1,0.48484848484848486,0.48484848484848486,0.48484848484848486,nan,nan
denovo_pdb__7hjr_A,1,292,True,97,97,32,0.32989690721649484,0.3404255319148936,0.3350785340314136,6,4,0.6666666666666666,0.6666666666666666,0.6666666666666666,18,12,0.6666666666666666,0.48,0.5581395348837209,73,16,0.2191780821917808,0.25396825396825395,0.23529411764705882,1,0.3350785340314136,0.3350785340314136,0.3350785340314136,nan,nan
denovo_pdb__7hjr_A,2,262,True,87,87,53,0.6091954022988506,0.5638297872340425,0.585635359116022,6,2,0.3333333333333333,0.3333333333333333,0.3333333333333333,18,12,0.6666666666666666,0.48,0.5581395348837209,63,39,0.6190476190476191,0.6190476190476191,0.6190476190476191,1,0.585635359116022,0.585635359116022,0.585635359116022,nan,nan
denovo_pdb__7hjr_A,3,169,True,56,56,35,0.625,0.3723404255319149,0.4666666666666666,6,4,0.6666666666666666,0.6666666666666666,0.6666666666666666,12,11,0.9166666666666666,0.44,0.5945945945945945,38,20,0.5263157894736842,0.31746031746031744,0.39603960396039606,1,0.4666666666666666,0.4666666666666666,0.4666666666666666,nan,nan
denovo_pdb__7hjt_A,0,307,True,101,101,19,0.18811881188118812,0.2111111111111111,0.19895287958115182,11,2,0.18181818181818182,0.4,0.25000000000000006,19,10,0.5263157894736842,0.4,0.45454545454545453,71,7,0.09859154929577464,0.11666666666666667,0.10687022900763357,1,0.19895287958115182,0.19895287958115182,0.19895287958115182,nan,nan
denovo_pdb__7hjt_A,1,295,True,98,98,47,0.47959183673469385,0.5222222222222223,0.5,10,4,0.4,0.8,0.5333333333333333,19,14,0.7368421052631579,0.56,0.6363636363636364,69,29,0.42028985507246375,0.48333333333333334,0.44961240310077516,1,0.5,0.5,0.5,nan,nan
denovo_pdb__7hjt_A,2,292,True,97,97,34,0.35051546391752575,0.37777777777777777,0.3636363636363636,7,3,0.42857142857142855,0.6,0.5,23,15,0.6521739130434783,0.6,0.6250000000000001,67,16,0.23880597014925373,0.26666666666666666,0.25196850393700787,1,0.3636363636363636,0.3636363636363636,0.3636363636363636,nan,nan
denovo_pdb__7hjt_A,3,271,True,90,90,60,0.6666666666666666,0.6666666666666666,0.6666666666666666,8,5,0.625,1.0,0.7692307692307693,21,18,0.8571428571428571,0.72,0.782608695652174,61,37,0.6065573770491803,0.6166666666666667,0.6115702479338844,1,0.6666666666666666,0.6666666666666666,0.6666666666666666,nan,nan
denovo_pdb__7hjv_A,0,169,True,56,56,26,0.4642857142857143,0.2826086956521739,0.35135135135135126,4,2,0.5,0.3333333333333333,0.4,10,10,1.0,0.38461538461538464,0.5555555555555556,42,14,0.3333333333333333,0.23333333333333334,0.27450980392156865,1,0.35135135135135126,0.35135135135135126,0.35135135135135126,nan,nan
denovo_pdb__7hjv_A,1,298,True,99,99,62,0.6262626262626263,0.6739130434782609,0.6492146596858639,7,5,0.7142857142857143,0.8333333333333334,0.7692307692307692,23,20,0.8695652173913043,0.7692307692307693,0.8163265306122449,69,37,0.5362318840579711,0.6166666666666667,0.5736434108527132,1,0.6492146596858639,0.6492146596858639,0.6492146596858639,nan,nan
denovo_pdb__7hjv_A,2,232,True,77,77,23,0.2987012987012987,0.25,0.27218934911242604,5,1,0.2,0.16666666666666666,0.1818181818181818,16,9,0.5625,0.34615384615384615,0.4285714285714286,56,13,0.23214285714285715,0.21666666666666667,0.22413793103448276,1,0.27218934911242604,0.27218934911242604,0.27218934911242604,nan,nan
denovo_pdb__7hjv_A,3,319,True,106,106,33,0.3113207547169811,0.358695652173913,0.3333333333333333,13,5,0.38461538461538464,0.8333333333333334,0.5263157894736842,25,16,0.64,0.6153846153846154,0.6274509803921569,68,12,0.17647058823529413,0.2,0.18750000000000003,1,0.3333333333333333,0.3333333333333333,0.3333333333333333,nan,nan
denovo_pdb__7hjx_A,0,301,True,100,100,27,0.27,0.2903225806451613,0.2797927461139897,12,4,0.3333333333333333,0.6666666666666666,0.4444444444444444,24,10,0.4166666666666667,0.4,0.4081632653061225,64,13,0.203125,0.20967741935483872,0.20634920634920634,1,0.2797927461139897,0.2797927461139897,0.2797927461139897,nan,nan
denovo_pdb__7hjx_A,1,289,True,96,96,15,0.15625,0.16129032258064516,0.15873015873015875,16,5,0.3125,0.8333333333333334,0.45454545454545453,21,5,0.23809523809523808,0.2,0.21739130434782608,59,5,0.0847457627118644,0.08064516129032258,0.08264462809917356,1,0.15873015873015875,0.15873015873015875,0.15873015873015875,nan,nan
denovo_pdb__7hjx_A,2,280,True,93,93,22,0.23655913978494625,0.23655913978494625,0.23655913978494625,5,2,0.4,0.3333333333333333,0.3636363636363636,16,6,0.375,0.24,0.2926829268292683,72,14,0.19444444444444445,0.22580645161290322,0.208955223880597,1,0.23655913978494625,0.23655913978494625,0.23655913978494625,nan,nan
denovo_pdb__7hjx_A,3,190,True,63,63,34,0.5396825396825397,0.3655913978494624,0.4358974358974359,11,3,0.2727272727272727,0.5,0.3529411764705882,20,15,0.75,0.6,0.6666666666666665,32,16,0.5,0.25806451612903225,0.3404255319148936,1,0.4358974358974359,0.4358974358974359,0.4358974358974359,nan,nan
denovo_pdb__7hjz_A,0,268,True,89,89,25,0.2808988764044944,0.2631578947368421,0.27173913043478265,10,5,0.5,0.7142857142857143,0.588235294117647,21,9,0.42857142857142855,0.36,0.391304347826087,58,11,0.1896551724137931,0.1746031746031746,0.18181818181818182,1,0.27173913043478265,0.27173913043478265,0.27173913043478265,nan,nan
denovo_pdb__7hjz_A,1,166,True,55,55,34,0.6181818181818182,0.35789473684210527,0.4533333333333333,6,3,0.5,0.42857142857142855,0.4615384615384615,14,11,0.7857142857142857,0.44,0.5641025641025641,35,20,0.5714285714285714,0.31746031746031744,0.4081632653061224,1,0.4533333333333333,0.4533333333333333,0.4533333333333333,nan,nan
denovo_pdb__7hjz_A,2,301,True,100,100,38,0.38,0.4,0.3897435897435898,12,4,0.3333333333333333,0.5714285714285714,0.4210526315789474,17,9,0.5294117647058824,0.36,0.42857142857142855,71,25,0.352112676056338,0.3968253968253968,0.3731343283582089,1,0.3897435897435898,0.3897435897435898,0.3897435897435898,nan,nan
denovo_pdb__7hjz_A,3,160,True,53,53,12,0.22641509433962265,0.12631578947368421,0.16216216216216217,5,2,0.4,0.2857142857142857,0.3333333333333333,13,4,0.3076923076923077,0.16,0.2105263157894737,35,6,0.17142857142857143,0.09523809523809523,0.12244897959183672,1,0.16216216216216217,0.16216216216216217,0.16216216216216217,nan,nan
denovo_pdb__7hk1_A,0,187,True,62,62,38,0.6129032258064516,0.4222222222222222,0.5,7,3,0.42857142857142855,0.6,0.5,13,13,1.0,0.52,0.6842105263157895,42,22,0.5238095238095238,0.36666666666666664,0.4313725490196078,1,0.5,0.5,0.5,nan,nan
denovo_pdb__7hk1_A,1,298,True,99,99,36,0.36363636363636365,0.4,0.380952380952381,6,4,0.6666666666666666,0.8,0.7272727272727272,21,17,0.8095238095238095,0.68,0.7391304347826089,72,15,0.20833333333333334,0.25,0.22727272727272727,1,0.380952380952381,0.380952380952381,0.380952380952381,nan,nan
denovo_pdb__7hk1_A,2,190,True,63,63,28,0.4444444444444444,0.3111111111111111,0.3660130718954248,6,2,0.3333333333333333,0.4,0.3636363636363636,12,8,0.6666666666666666,0.32,0.43243243243243246,45,18,0.4,0.3,0.34285714285714286,1,0.3660130718954248,0.3660130718954248,0.3660130718954248,nan,nan
denovo_pdb__7hk1_A,3,241,True,80,80,17,0.2125,0.18888888888888888,0.19999999999999996,11,3,0.2727272727272727,0.6,0.37499999999999994,12,8,0.6666666666666666,0.32,0.43243243243243246,57,6,0.10526315789473684,0.1,0.10256410256410256,1,0.19999999999999996,0.19999999999999996,0.19999999999999996,nan,nan
denovo_pdb__7hk3_A,0,256,True,85,85,46,0.5411764705882353,0.5,0.519774011299435,4,2,0.5,0.3333333333333333,0.4,20,16,0.8,0.6153846153846154,0.6956521739130435,61,28,0.45901639344262296,0.4666666666666667,0.46280991735537197,1,0.519774011299435,0.519774011299435,0.519774011299435,nan,nan
denovo_pdb__7hk3_A,1,256,True,85,85,28,0.32941176470588235,0.30434782608695654,0.3163841807909605,13,4,0.3076923076923077,0.6666666666666666,0.42105263157894735,23,13,0.5652173913043478,0.5,0.5306122448979592,49,11,0.22448979591836735,0.18333333333333332,0.2018348623853211,1,0.3163841807909605,0.3163841807909605,0.3163841807909605,nan,nan
denovo_pdb__7hk3_A,2,154,True,51,51,13,0.2549019607843137,0.14130434782608695,0.1818181818181818,9,1,0.1111111111111111,0.16666666666666666,0.13333333333333333,12,3,0.25,0.11538461538461539,0.15789473684210525,30,9,0.3,0.15,0.2,1,0.1818181818181818,0.1818181818181818,0.1818181818181818,nan,nan
denovo_pdb__7hk3_A,3,298,True,99,99,27,0.2727272727272727,0.29347826086956524,0.28272251308900526,11,3,0.2727272727272727,0.5,0.3529411764705882,17,8,0.47058823529411764,0.3076923076923077,0.372093023255814,71,16,0.22535211267605634,0.26666666666666666,0.24427480916030536,1,0.28272251308900526,0.28272251308900526,0.28272251308900526,nan,nan
denovo_pdb__7jrq_A,0,241,True,80,80,19,0.2375,0.2,0.21714285714285714,9,4,0.4444444444444444,0.2857142857142857,0.34782608695652173,16,9,0.5625,0.4090909090909091,0.47368421052631576,55,6,0.10909090909090909,0.1016949152542373,0.10526315789473685,1,0.21714285714285714,0.21714285714285714,0.21714285714285714,nan,nan
denovo_pdb__7jrq_A,1,319,True,106,106,30,0.2830188679245283,0.3157894736842105,0.29850746268656714,15,3,0.2,0.21428571428571427,0.20689655172413796,17,10,0.5882352941176471,0.45454545454545453,0.5128205128205129,74,17,0.22972972972972974,0.288135593220339,0.2556390977443609,1,0.29850746268656714,0.29850746268656714,0.29850746268656714,nan,nan
denovo_pdb__7jrq_A,2,265,True,87,87,20,0.22988505747126436,0.21052631578947367,0.21978021978021975,6,4,0.6666666666666666,0.2857142857142857,0.4,10,10,1.0,0.45454545454545453,0.625,71,6,0.08450704225352113,0.1016949152542373,0.09230769230769231,1,0.21978021978021975,0.21978021978021975,0.21978021978021975,nan,nan
denovo_pdb__7jrq_A,3,193,True,64,64,34,0.53125,0.35789473684210527,0.4276729559748428,11,6,0.5454545454545454,0.42857142857142855,0.4799999999999999,20,12,0.6,0.5454545454545454,0.5714285714285713,33,16,0.48484848484848486,0.2711864406779661,0.3478260869565218,1,0.4276729559748428,0.4276729559748428,0.4276729559748428,nan,nan
denovo_pdb__7mcc_A,0,493,True,163,163,64,0.39263803680981596,0.3699421965317919,0.38095238095238093,27,15,0.5555555555555556,0.4411764705882353,0.49180327868852464,56,14,0.25,0.34146341463414637,0.28865979381443296,80,35,0.4375,0.35714285714285715,0.3932584269662921,1,0.38095238095238093,0.38095238095238093,0.38095238095238093,nan,nan
denovo_pdb__7mcc_A,1,559,True,185,185,55,0.2972972972972973,0.3179190751445087,0.30726256983240224,27,12,0.4444444444444444,0.35294117647058826,0.39344262295081966,54,13,0.24074074074074073,0.3170731707317073,0.2736842105263158,104,30,0.28846153846153844,0.30612244897959184,0.297029702970297,1,0.30726256983240224,0.30726256983240224,0.30726256983240224,nan,nan
denovo_pdb__7mcc_A,2,475,True,158,158,53,0.33544303797468356,0.3063583815028902,0.3202416918429003,32,14,0.4375,0.4117647058823529,0.42424242424242425,42,9,0.21428571428571427,0.21951219512195122,0.21686746987951805,84,30,0.35714285714285715,0.30612244897959184,0.32967032967032966,1,0.3202416918429003,0.3202416918429003,0.3202416918429003,nan,nan
denovo_pdb__7mcc_A,3,493,True,164,164,44,0.2682926829268293,0.2543352601156069,0.26112759643916916,33,11,0.3333333333333333,0.3235294117647059,0.3283582089552239,39,4,0.10256410256410256,0.0975609756097561,0.1,92,29,0.31521739130434784,0.29591836734693877,0.3052631578947368,1,0.26112759643916916,0.26112759643916916,0.26112759643916916,nan,nan
denovo_pdb__7osu_A,0,667,True,222,222,110,0.4954954954954955,0.45454545454545453,0.4741379310344827,41,24,0.5853658536585366,0.6,0.5925925925925926,96,34,0.3541666666666667,0.5396825396825397,0.4276729559748428,85,52,0.611764705882353,0.37410071942446044,0.4642857142857143,1,0.4741379310344827,0.4741379310344827,0.4741379310344827,nan,nan
denovo_pdb__7osu_A,1,448,True,149,149,17,0.11409395973154363,0.07024793388429752,0.08695652173913045,39,8,0.20512820512820512,0.2,0.20253164556962025,37,4,0.10810810810810811,0.06349206349206349,0.08,73,5,0.0684931506849315,0.03597122302158273,0.04716981132075472,1,0.08695652173913045,0.08695652173913045,0.08695652173913045,nan,nan
denovo_pdb__7osu_A,2,682,True,226,226,75,0.33185840707964603,0.30991735537190085,0.32051282051282054,37,14,0.3783783783783784,0.35,0.36363636363636365,96,19,0.19791666666666666,0.30158730158730157,0.23899371069182387,93,42,0.45161290322580644,0.302158273381295,0.3620689655172414,1,0.32051282051282054,0.32051282051282054,0.32051282051282054,nan,nan
denovo_pdb__7osu_A,3,736,True,243,243,58,0.23868312757201646,0.2396694214876033,0.23917525773195877,47,16,0.3404255319148936,0.4,0.36781609195402304,72,16,0.2222222222222222,0.25396825396825395,0.23703703703703705,124,26,0.20967741935483872,0.18705035971223022,0.19771863117870725,1,0.23917525773195877,0.23917525773195877,0.23917525773195877,nan,nan
denovo_pdb__7ot7_A,0,559,True,186,186,28,0.15053763440860216,0.11570247933884298,0.1308411214953271,37,9,0.24324324324324326,0.23076923076923078,0.23684210526315788,58,4,0.06896551724137931,0.0625,0.06557377049180328,91,15,0.16483516483516483,0.1079136690647482,0.13043478260869565,1,0.1308411214953271,0.1308411214953271,0.1308411214953271,nan,nan
denovo_pdb__7ot7_A,1,484,True,161,161,55,0.3416149068322981,0.22727272727272727,0.27295285359801486,35,14,0.4,0.358974358974359,0.37837837837837845,50,10,0.2,0.15625,0.17543859649122806,76,31,0.40789473684210525,0.22302158273381295,0.2883720930232558,1,0.27295285359801486,0.27295285359801486,0.27295285359801486,nan,nan
denovo_pdb__7ot7_A,2,562,True,187,187,104,0.5561497326203209,0.4297520661157025,0.48484848484848486,41,25,0.6097560975609756,0.6410256410256411,0.625,67,29,0.43283582089552236,0.453125,0.44274809160305345,79,50,0.6329113924050633,0.3597122302158273,0.4587155963302752,1,0.48484848484848486,0.48484848484848486,0.48484848484848486,nan,nan
denovo_pdb__7ot7_A,3,616,True,205,205,83,0.40487804878048783,0.34297520661157027,0.37136465324384793,40,20,0.5,0.5128205128205128,0.5063291139240506,79,24,0.3037974683544304,0.375,0.3356643356643356,86,39,0.45348837209302323,0.2805755395683453,0.3466666666666666,1,0.37136465324384793,0.37136465324384793,0.37136465324384793,nan,nan
denovo_pdb__7qnl_AAA,0,563,True,183,183,136,0.7431693989071039,0.8192771084337349,0.7793696275071634,23,17,0.7391304347826086,0.8095238095238095,0.7727272727272727,32,27,0.84375,0.8709677419354839,0.8571428571428571,128,92,0.71875,0.8070175438596491,0.7603305785123967,1,0.7793696275071634,0.7793696275071634,0.7793696275071634,nan,nan
denovo_pdb__7qnl_AAA,1,568,True,186,186,135,0.7258064516129032,0.8132530120481928,0.7670454545454545,24,17,0.7083333333333334,0.8095238095238095,0.7555555555555556,40,29,0.725,0.9354838709677419,0.8169014084507041,122,89,0.7295081967213115,0.7807017543859649,0.7542372881355933,1,0.7670454545454545,0.7670454545454545,0.7670454545454545,nan,nan
denovo_pdb__7qnl_AAA,2,187,True,62,62,47,0.7580645161290323,0.28313253012048195,0.41228070175438597,9,7,0.7777777777777778,0.3333333333333333,0.4666666666666666,15,9,0.6,0.2903225806451613,0.3913043478260869,38,31,0.8157894736842105,0.2719298245614035,0.40789473684210525,1,0.41228070175438597,0.41228070175438597,0.41228070175438597,nan,nan
denovo_pdb__7qnl_AAA,3,481,True,159,159,112,0.7044025157232704,0.6746987951807228,0.6892307692307692,26,15,0.5769230769230769,0.7142857142857143,0.6382978723404256,32,25,0.78125,0.8064516129032258,0.7936507936507936,101,72,0.7128712871287128,0.631578947368421,0.6697674418604651,1,0.6892307692307692,0.6892307692307692,0.6892307692307692,nan,nan
denovo_pdb__7smj_A,0,496,True,165,165,70,0.42424242424242425,0.42168674698795183,0.42296072507552873,28,16,0.5714285714285714,0.48484848484848486,0.5245901639344263,41,19,0.4634146341463415,0.4523809523809524,0.4578313253012048,96,35,0.3645833333333333,0.38461538461538464,0.37433155080213903,1,0.42296072507552873,0.42296072507552873,0.42296072507552873,nan,nan
denovo_pdb__7smj_A,1,479,True,159,159,62,0.389937106918239,0.37349397590361444,0.3815384615384615,34,13,0.38235294117647056,0.3939393939393939,0.38805970149253727,47,19,0.40425531914893614,0.4523809523809524,0.4269662921348315,78,30,0.38461538461538464,0.32967032967032966,0.3550295857988166,1,0.3815384615384615,0.3815384615384615,0.3815384615384615,nan,nan
denovo_pdb__7smj_A,2,439,True,146,146,45,0.3082191780821918,0.2710843373493976,0.2884615384615385,24,8,0.3333333333333333,0.24242424242424243,0.2807017543859649,40,6,0.15,0.14285714285714285,0.14634146341463414,82,31,0.3780487804878049,0.34065934065934067,0.35838150289017345,1,0.2884615384615385,0.2884615384615385,0.2884615384615385,nan,nan
denovo_pdb__7smj_A,3,490,True,163,163,54,0.3312883435582822,0.3253012048192771,0.3282674772036474,30,11,0.36666666666666664,0.3333333333333333,0.3492063492063492,50,14,0.28,0.3333333333333333,0.30434782608695654,83,29,0.3493975903614458,0.31868131868131866,0.3333333333333333,1,0.3282674772036474,0.3282674772036474,0.3282674772036474,nan,nan
denovo_pdb__7sq4_A,0,82,True,27,27,2,0.07407407407407407,0.6666666666666666,0.13333333333333333,4,2,0.5,0.6666666666666666,0.5714285714285715,9,0,0.0,nan,nan,14,0,0.0,nan,nan,1,0.13333333333333333,0.13333333333333333,0.13333333333333333,nan,nan
denovo_pdb__7sq4_A,1,91,True,30,30,1,0.03333333333333333,0.3333333333333333,0.0606060606060606,4,1,0.25,0.3333333333333333,0.28571428571428575,9,0,0.0,nan,nan,17,0,0.0,nan,nan,1,0.0606060606060606,0.0606060606060606,0.0606060606060606,nan,nan
denovo_pdb__7sq4_A,2,13,True,4,4,2,0.5,0.6666666666666666,0.5714285714285715,3,2,0.6666666666666666,0.6666666666666666,0.6666666666666666,1,0,0.0,nan,nan,0,0,0.0,nan,nan,1,0.5714285714285715,0.5714285714285715,0.5714285714285715,nan,nan
denovo_pdb__7sq4_A,3,82,True,27,27,3,0.1111111111111111,1.0,0.19999999999999998,3,3,1.0,1.0,1.0,8,0,0.0,nan,nan,16,0,0.0,nan,nan,1,0.19999999999999998,0.19999999999999998,0.19999999999999998,nan,nan
denovo_pdb__7tal_A,0,517,True,171,171,51,0.2982456140350877,0.26288659793814434,0.27945205479452057,35,11,0.3142857142857143,0.3055555555555556,0.3098591549295775,56,25,0.44642857142857145,0.43103448275862066,0.43859649122807015,80,15,0.1875,0.15,0.16666666666666663,1,0.27945205479452057,0.27945205479452057,0.27945205479452057,nan,nan
denovo_pdb__7tal_A,1,457,True,152,152,52,0.34210526315789475,0.26804123711340205,0.30057803468208094,35,16,0.45714285714285713,0.4444444444444444,0.4507042253521127,49,16,0.32653061224489793,0.27586206896551724,0.2990654205607476,68,20,0.29411764705882354,0.2,0.2380952380952381,1,0.30057803468208094,0.30057803468208094,0.30057803468208094,nan,nan
denovo_pdb__7tal_A,2,352,True,117,117,19,0.1623931623931624,0.0979381443298969,0.12218649517684886,25,9,0.36,0.25,0.29508196721311475,48,9,0.1875,0.15517241379310345,0.169811320754717,44,1,0.022727272727272728,0.01,0.013888888888888888,1,0.12218649517684886,0.12218649517684886,0.12218649517684886,nan,nan
denovo_pdb__7tal_A,3,313,True,104,104,10,0.09615384615384616,0.05154639175257732,0.06711409395973154,28,6,0.21428571428571427,0.16666666666666666,0.1875,16,1,0.0625,0.017241379310344827,0.027027027027027025,60,3,0.05,0.03,0.0375,1,0.06711409395973154,0.06711409395973154,0.06711409395973154,nan,nan
denovo_pdb__7udo_A,0,502,True,165,165,45,0.2727272727272727,0.30405405405405406,0.2875399361022364,21,5,0.23809523809523808,0.29411764705882354,0.2631578947368421,30,15,0.5,0.5,0.5,114,25,0.21929824561403508,0.24752475247524752,0.2325581395348837,1,0.2875399361022364,0.2875399361022364,0.2875399361022364,nan,nan
denovo_pdb__7udo_A,1,499,True,165,165,55,0.3333333333333333,0.3716216216216216,0.35143769968051114,24,9,0.375,0.5294117647058824,0.4390243902439025,32,14,0.4375,0.4666666666666667,0.45161290322580644,109,32,0.29357798165137616,0.31683168316831684,0.30476190476190473,1,0.35143769968051114,0.35143769968051114,0.35143769968051114,nan,nan
denovo_pdb__7udo_A,2,523,True,173,173,38,0.21965317919075145,0.25675675675675674,0.2367601246105919,24,9,0.375,0.5294117647058824,0.4390243902439025,27,9,0.3333333333333333,0.3,0.3157894736842105,122,20,0.16393442622950818,0.19801980198019803,0.17937219730941703,1,0.2367601246105919,0.2367601246105919,0.2367601246105919,nan,nan
denovo_pdb__7udo_A,3,433,True,142,142,44,0.30985915492957744,0.2972972972972973,0.30344827586206896,22,12,0.5454545454545454,0.7058823529411765,0.6153846153846153,28,10,0.35714285714285715,0.3333333333333333,0.3448275862068965,92,22,0.2391304347826087,0.21782178217821782,0.22797927461139894,1,0.30344827586206896,0.30344827586206896,0.30344827586206896,nan,nan
denovo_pdb__7ur7_A,0,205,True,67,67,46,0.6865671641791045,0.7666666666666667,0.7244094488188977,18,15,0.8333333333333334,1.0,0.9090909090909091,19,10,0.5263157894736842,0.7142857142857143,0.6060606060606061,30,21,0.7,0.6774193548387096,0.6885245901639343,1,0.7244094488188977,0.7244094488188977,0.7244094488188977,nan,nan
denovo_pdb__7ur7_A,1,184,True,61,61,42,0.6885245901639344,0.7,0.6942148760330578,18,15,0.8333333333333334,1.0,0.9090909090909091,15,8,0.5333333333333333,0.5714285714285714,0.5517241379310344,28,19,0.6785714285714286,0.6129032258064516,0.6440677966101694,1,0.6942148760330578,0.6942148760330578,0.6942148760330578,nan,nan
denovo_pdb__7ur7_A,2,175,True,58,58,37,0.6379310344827587,0.6166666666666667,0.6271186440677966,16,13,0.8125,0.8666666666666667,0.8387096774193549,17,9,0.5294117647058824,0.6428571428571429,0.5806451612903226,25,15,0.6,0.4838709677419355,0.5357142857142857,1,0.6271186440677966,0.6271186440677966,0.6271186440677966,nan,nan
denovo_pdb__7ur7_A,3,163,True,54,54,44,0.8148148148148148,0.7333333333333333,0.7719298245614035,16,13,0.8125,0.8666666666666667,0.8387096774193549,13,10,0.7692307692307693,0.7142857142857143,0.7407407407407408,25,21,0.84,0.6774193548387096,0.75,1,0.7719298245614035,0.7719298245614035,0.7719298245614035,nan,nan
denovo_pdb__7vql_A,0,331,True,110,110,35,0.3181818181818182,0.3684210526315789,0.3414634146341463,18,6,0.3333333333333333,0.46153846153846156,0.3870967741935484,16,4,0.25,0.3076923076923077,0.27586206896551724,76,25,0.32894736842105265,0.36231884057971014,0.3448275862068965,1,0.3414634146341463,0.3414634146341463,0.3414634146341463,nan,nan
denovo_pdb__7vql_A,1,280,True,93,93,38,0.40860215053763443,0.4,0.4042553191489362,22,8,0.36363636363636365,0.6153846153846154,0.4571428571428572,11,3,0.2727272727272727,0.23076923076923078,0.24999999999999994,60,27,0.45,0.391304347826087,0.4186046511627907,1,0.4042553191489362,0.4042553191489362,0.4042553191489362,nan,nan
denovo_pdb__7vql_A,2,211,True,70,70,37,0.5285714285714286,0.3894736842105263,0.4484848484848485,13,7,0.5384615384615384,0.5384615384615384,0.5384615384615384,21,8,0.38095238095238093,0.6153846153846154,0.47058823529411764,36,22,0.6111111111111112,0.3188405797101449,0.41904761904761906,1,0.4484848484848485,0.4484848484848485,0.4484848484848485,nan,nan
denovo_pdb__7vql_A,3,238,True,79,79,20,0.25316455696202533,0.21052631578947367,0.22988505747126436,14,3,0.21428571428571427,0.23076923076923078,0.22222222222222224,9,1,0.1111111111111111,0.07692307692307693,0.09090909090909093,56,16,0.2857142857142857,0.2318840579710145,0.25599999999999995,1,0.22988505747126436,0.22988505747126436,0.22988505747126436,nan,nan
denovo_pdb__7vty_A,0,169,True,56,56,13,0.23214285714285715,0.15853658536585366,0.1884057971014493,16,8,0.5,0.6666666666666666,0.5714285714285715,20,5,0.25,0.3333333333333333,0.28571428571428575,20,0,0.0,0.0,0.0,1,0.1884057971014493,0.1884057971014493,0.1884057971014493,nan,nan
denovo_pdb__7vty_A,1,157,True,52,52,13,0.25,0.15853658536585366,0.19402985074626863,11,5,0.45454545454545453,0.4166666666666667,0.43478260869565216,7,2,0.2857142857142857,0.13333333333333333,0.18181818181818182,34,6,0.17647058823529413,0.10909090909090909,0.1348314606741573,1,0.19402985074626863,0.19402985074626863,0.19402985074626863,nan,nan
denovo_pdb__7vty_A,2,139,True,46,46,7,0.15217391304347827,0.08536585365853659,0.109375,20,4,0.2,0.3333333333333333,0.25,17,3,0.17647058823529413,0.2,0.18750000000000003,9,0,0.0,0.0,0.0,1,0.109375,0.109375,0.109375,nan,nan
denovo_pdb__7vty_A,3,139,True,46,46,3,0.06521739130434782,0.036585365853658534,0.046875,10,3,0.3,0.25,0.2727272727272727,20,0,0.0,0.0,0.0,16,0,0.0,0.0,0.0,1,0.046875,0.046875,0.046875,nan,nan
denovo_pdb__8a3k_UNK,0,244,True,81,81,16,0.19753086419753085,0.15384615384615385,0.17297297297297298,8,3,0.375,0.3,0.33333333333333326,13,2,0.15384615384615385,0.125,0.13793103448275862,60,11,0.18333333333333332,0.14102564102564102,0.15942028985507248,1,0.17297297297297298,0.17297297297297298,0.17297297297297298,nan,nan
denovo_pdb__8a3k_UNK,1,385,True,127,127,22,0.1732283464566929,0.21153846153846154,0.1904761904761905,9,2,0.2222222222222222,0.2,0.2105263157894737,24,7,0.2916666666666667,0.4375,0.35000000000000003,94,13,0.13829787234042554,0.16666666666666666,0.1511627906976744,1,0.1904761904761905,0.1904761904761905,0.1904761904761905,nan,nan
denovo_pdb__8a3k_UNK,2,385,True,128,128,21,0.1640625,0.20192307692307693,0.18103448275862072,9,1,0.1111111111111111,0.1,0.10526315789473685,15,3,0.2,0.1875,0.19354838709677422,104,17,0.16346153846153846,0.21794871794871795,0.18681318681318684,1,0.18103448275862072,0.18103448275862072,0.18103448275862072,nan,nan
denovo_pdb__8a3k_UNK,3,406,True,131,131,46,0.3511450381679389,0.4423076923076923,0.39148936170212767,11,5,0.45454545454545453,0.5,0.47619047619047616,21,9,0.42857142857142855,0.5625,0.4864864864864864,99,32,0.32323232323232326,0.41025641025641024,0.36158192090395486,1,0.39148936170212767,0.39148936170212767,0.39148936170212767,nan,nan
denovo_pdb__8bcs_A,0,79,True,26,26,6,0.23076923076923078,0.2857142857142857,0.25531914893617025,3,1,0.3333333333333333,0.5,0.4,9,2,0.2222222222222222,0.25,0.23529411764705882,14,3,0.21428571428571427,0.2727272727272727,0.23999999999999996,1,0.25531914893617025,0.25531914893617025,0.25531914893617025,nan,nan
denovo_pdb__8bcs_A,1,79,True,26,26,20,0.7692307692307693,0.9523809523809523,0.8510638297872339,2,2,1.0,1.0,1.0,10,7,0.7,0.875,0.7777777777777777,14,11,0.7857142857142857,1.0,0.88,1,0.8510638297872339,0.8510638297872339,0.8510638297872339,nan,nan
denovo_pdb__8bcs_A,2,1,True,0,0,0,0.0,0.0,0.0,0,0,0.0,0.0,0.0,0,0,0.0,0.0,0.0,0,0,0.0,0.0,0.0,1,0.0,0.0,0.0,nan,nan
denovo_pdb__8bcs_A,3,100,True,33,33,7,0.21212121212121213,0.3333333333333333,0.25925925925925924,4,1,0.25,0.5,0.3333333333333333,13,3,0.23076923076923078,0.375,0.2857142857142857,16,3,0.1875,0.2727272727272727,0.2222222222222222,1,0.25925925925925924,0.25925925925925924,0.25925925925925924,nan,nan
denovo_pdb__8bl5_A,0,331,True,110,110,24,0.21818181818181817,0.21818181818181817,0.21818181818181817,24,10,0.4166666666666667,0.45454545454545453,0.43478260869565216,41,10,0.24390243902439024,0.2777777777777778,0.25974025974025977,45,4,0.08888888888888889,0.07692307692307693,0.08247422680412371,1,0.21818181818181817,0.21818181818181817,0.21818181818181817,nan,nan
denovo_pdb__8bl5_A,1,358,True,119,119,13,0.1092436974789916,0.11818181818181818,0.11353711790393013,20,7,0.35,0.3181818181818182,0.3333333333333333,25,6,0.24,0.16666666666666666,0.19672131147540983,74,0,0.0,0.0,0.0,1,0.11353711790393013,0.11353711790393013,0.11353711790393013,nan,nan
denovo_pdb__8bl5_A,2,403,True,134,134,31,0.23134328358208955,0.2818181818181818,0.25409836065573765,27,9,0.3333333333333333,0.4090909090909091,0.36734693877551017,37,15,0.40540540540540543,0.4166666666666667,0.4109589041095891,70,7,0.1,0.1346153846153846,0.11475409836065574,1,0.25409836065573765,0.25409836065573765,0.25409836065573765,nan,nan
denovo_pdb__8bl5_A,3,358,True,119,119,29,0.24369747899159663,0.2636363636363636,0.25327510917030566,25,9,0.36,0.4090909090909091,0.3829787234042554,36,14,0.3888888888888889,0.3888888888888889,0.3888888888888889,58,6,0.10344827586206896,0.11538461538461539,0.10909090909090909,1,0.25327510917030566,0.25327510917030566,0.25327510917030566,nan,nan
denovo_pdb__8bl9_A,0,307,True,102,102,24,0.23529411764705882,0.2222222222222222,0.22857142857142856,20,7,0.35,0.35,0.35,23,10,0.43478260869565216,0.2857142857142857,0.3448275862068965,59,7,0.11864406779661017,0.1320754716981132,0.125,1,0.22857142857142856,0.22857142857142856,0.22857142857142856,nan,nan
denovo_pdb__8bl9_A,1,160,True,53,53,14,0.2641509433962264,0.12962962962962962,0.17391304347826086,11,5,0.45454545454545453,0.25,0.3225806451612903,15,8,0.5333333333333333,0.22857142857142856,0.32,27,1,0.037037037037037035,0.018867924528301886,0.025,1,0.17391304347826086,0.17391304347826086,0.17391304347826086,nan,nan
denovo_pdb__8bl9_A,2,331,True,110,110,10,0.09090909090909091,0.09259259259259259,0.09174311926605505,20,6,0.3,0.3,0.3,20,2,0.1,0.05714285714285714,0.07272727272727272,70,2,0.02857142857142857,0.03773584905660377,0.03252032520325203,1,0.09174311926605505,0.09174311926605505,0.09174311926605505,nan,nan
denovo_pdb__8bl9_A,3,370,True,123,123,15,0.12195121951219512,0.1388888888888889,0.12987012987012989,22,8,0.36363636363636365,0.4,0.380952380952381,28,5,0.17857142857142858,0.14285714285714285,0.15873015873015875,73,2,0.0273972602739726,0.03773584905660377,0.03174603174603175,1,0.12987012987012989,0.12987012987012989,0.12987012987012989,nan,nan
denovo_pdb__8ch0_A,0,292,True,94,94,79,0.8404255319148937,0.632,0.7214611872146117,13,10,0.7692307692307693,0.8333333333333334,0.8,39,33,0.8461538461538461,0.6470588235294118,0.7333333333333334,42,36,0.8571428571428571,0.5806451612903226,0.6923076923076923,1,0.7214611872146117,0.7214611872146117,0.7214611872146117,nan,nan
denovo_pdb__8ch0_A,1,239,True,78,78,66,0.8461538461538461,0.528,0.6502463054187192,14,10,0.7142857142857143,0.8333333333333334,0.7692307692307692,31,28,0.9032258064516129,0.5490196078431373,0.6829268292682927,33,28,0.8484848484848485,0.45161290322580644,0.5894736842105264,1,0.6502463054187192,0.6502463054187192,0.6502463054187192,nan,nan
denovo_pdb__8ch0_A,2,109,True,34,34,26,0.7647058823529411,0.208,0.3270440251572327,8,5,0.625,0.4166666666666667,0.5,13,12,0.9230769230769231,0.23529411764705882,0.375,13,9,0.6923076923076923,0.14516129032258066,0.24000000000000002,1,0.3270440251572327,0.3270440251572327,0.3270440251572327,nan,nan
denovo_pdb__8ch0_A,3,225,True,73,73,64,0.8767123287671232,0.512,0.6464646464646464,9,7,0.7777777777777778,0.5833333333333334,0.6666666666666666,28,26,0.9285714285714286,0.5098039215686274,0.6582278481012658,36,31,0.8611111111111112,0.5,0.6326530612244898,1,0.6464646464646464,0.6464646464646464,0.6464646464646464,nan,nan
denovo_pdb__8cig_A,0,129,True,41,41,35,0.8536585365853658,0.2892561983471074,0.43209876543209874,4,3,0.75,0.21428571428571427,0.3333333333333333,19,15,0.7894736842105263,0.32608695652173914,0.46153846153846156,18,17,0.9444444444444444,0.2786885245901639,0.43037974683544306,1,0.43209876543209874,0.43209876543209874,0.43209876543209874,nan,nan
denovo_pdb__8cig_A,1,178,True,59,59,52,0.8813559322033898,0.4297520661157025,0.5777777777777777,10,10,1.0,0.7142857142857143,0.8333333333333333,28,24,0.8571428571428571,0.5217391304347826,0.6486486486486486,21,18,0.8571428571428571,0.29508196721311475,0.43902439024390244,1,0.5777777777777777,0.5777777777777777,0.5777777777777777,nan,nan
denovo_pdb__8cig_A,2,312,True,102,102,81,0.7941176470588235,0.6694214876033058,0.7264573991031389,13,9,0.6923076923076923,0.6428571428571429,0.6666666666666666,40,32,0.8,0.6956521739130435,0.7441860465116279,49,40,0.8163265306122449,0.6557377049180327,0.7272727272727273,1,0.7264573991031389,0.7264573991031389,0.7264573991031389,nan,nan
denovo_pdb__8cig_A,3,64,True,20,20,16,0.8,0.1322314049586777,0.2269503546099291,0,0,0.0,0.0,0.0,11,9,0.8181818181818182,0.1956521739130435,0.3157894736842105,9,7,0.7777777777777778,0.11475409836065574,0.19999999999999998,1,0.2269503546099291,0.2269503546099291,0.2269503546099291,nan,nan
denovo_pdb__8cmq_A,0,310,True,101,101,84,0.8316831683168316,0.6885245901639344,0.7533632286995516,12,8,0.6666666666666666,0.6666666666666666,0.6666666666666666,42,36,0.8571428571428571,0.7346938775510204,0.7912087912087913,47,40,0.851063829787234,0.6557377049180327,0.7407407407407407,1,0.7533632286995516,0.7533632286995516,0.7533632286995516,nan,nan
denovo_pdb__8cmq_A,1,353,True,114,114,93,0.8157894736842105,0.7622950819672131,0.7881355932203389,13,10,0.7692307692307693,0.8333333333333334,0.8,47,39,0.8297872340425532,0.7959183673469388,0.8125,54,44,0.8148148148148148,0.7213114754098361,0.7652173913043478,1,0.7881355932203389,0.7881355932203389,0.7881355932203389,nan,nan
denovo_pdb__8cmq_A,2,90,True,28,28,22,0.7857142857142857,0.18032786885245902,0.29333333333333333,4,3,0.75,0.25,0.375,9,8,0.8888888888888888,0.16326530612244897,0.27586206896551724,15,11,0.7333333333333333,0.18032786885245902,0.2894736842105263,1,0.29333333333333333,0.29333333333333333,0.29333333333333333,nan,nan
denovo_pdb__8cmq_A,3,160,True,53,53,45,0.8490566037735849,0.36885245901639346,0.5142857142857142,10,7,0.7,0.5833333333333334,0.6363636363636365,18,17,0.9444444444444444,0.3469387755102041,0.5074626865671642,25,21,0.84,0.3442622950819672,0.4883720930232558,1,0.5142857142857142,0.5142857142857142,0.5142857142857142,nan,nan
denovo_pdb__8cux_B,0,286,True,95,95,4,0.042105263157894736,0.04040404040404041,0.04123711340206186,14,1,0.07142857142857142,0.14285714285714285,0.09523809523809523,30,0,0.0,0.0,0.0,51,3,0.058823529411764705,0.03529411764705882,0.04411764705882353,1,0.04123711340206186,0.04123711340206186,0.04123711340206186,nan,nan
denovo_pdb__8cux_B,1,184,True,61,61,5,0.08196721311475409,0.050505050505050504,0.0625,6,0,0.0,0.0,0.0,12,0,0.0,0.0,0.0,43,5,0.11627906976744186,0.058823529411764705,0.078125,1,0.0625,0.0625,0.0625,nan,nan
denovo_pdb__8cux_B,2,307,True,102,102,2,0.0196078431372549,0.020202020202020204,0.01990049751243781,7,0,0.0,0.0,0.0,24,1,0.041666666666666664,0.14285714285714285,0.06451612903225806,71,1,0.014084507042253521,0.011764705882352941,0.01282051282051282,1,0.01990049751243781,0.01990049751243781,0.01990049751243781,nan,nan
denovo_pdb__8cux_B,3,316,True,104,104,14,0.1346153846153846,0.1414141414141414,0.13793103448275862,14,0,0.0,0.0,0.0,15,0,0.0,0.0,0.0,75,14,0.18666666666666668,0.16470588235294117,0.17500000000000002,1,0.13793103448275862,0.13793103448275862,0.13793103448275862,nan,nan
denovo_pdb__8d05_A,0,163,True,54,54,25,0.46296296296296297,0.5208333333333334,0.4901960784313726,14,8,0.5714285714285714,0.8,0.6666666666666666,20,10,0.5,0.5882352941176471,0.5405405405405405,20,7,0.35,0.3333333333333333,0.3414634146341463,1,0.4901960784313726,0.4901960784313726,0.4901960784313726,nan,nan
denovo_pdb__8d05_A,1,136,True,45,45,20,0.4444444444444444,0.4166666666666667,0.4301075268817204,10,7,0.7,0.7,0.7,15,7,0.4666666666666667,0.4117647058823529,0.43749999999999994,20,6,0.3,0.2857142857142857,0.2926829268292683,1,0.4301075268817204,0.4301075268817204,0.4301075268817204,nan,nan
denovo_pdb__8d05_A,2,130,True,36,36,17,0.4722222222222222,0.3541666666666667,0.4047619047619048,13,9,0.6923076923076923,0.9,0.7826086956521738,19,8,0.42105263157894735,0.47058823529411764,0.4444444444444444,4,0,0.0,0.0,0.0,1,0.4047619047619048,0.4047619047619048,0.4047619047619048,nan,nan
denovo_pdb__8d05_A,3,160,True,53,53,16,0.3018867924528302,0.3333333333333333,0.31683168316831684,11,7,0.6363636363636364,0.7,0.6666666666666666,22,5,0.22727272727272727,0.29411764705882354,0.25641025641025644,20,4,0.2,0.19047619047619047,0.1951219512195122,1,0.31683168316831684,0.31683168316831684,0.31683168316831684,nan,nan
denovo_pdb__8d9p_A,0,595,True,197,197,20,0.10152284263959391,0.125,0.11204481792717087,8,3,0.375,0.5,0.42857142857142855,24,7,0.2916666666666667,0.28,0.2857142857142857,165,10,0.06060606060606061,0.07751937984496124,0.06802721088435375,1,0.11204481792717087,0.11204481792717087,0.11204481792717087,nan,nan
denovo_pdb__8d9p_A,1,484,True,159,159,5,0.031446540880503145,0.03125,0.031347962382445145,5,1,0.2,0.16666666666666666,0.1818181818181818,13,1,0.07692307692307693,0.04,0.052631578947368425,141,3,0.02127659574468085,0.023255813953488372,0.02222222222222222,1,0.031347962382445145,0.031347962382445145,0.031347962382445145,nan,nan
denovo_pdb__8d9p_A,2,388,True,129,129,4,0.031007751937984496,0.025,0.02768166089965398,20,2,0.1,0.3333333333333333,0.15384615384615383,10,0,0.0,0.0,0.0,99,2,0.020202020202020204,0.015503875968992248,0.017543859649122806,1,0.02768166089965398,0.02768166089965398,0.02768166089965398,nan,nan
denovo_pdb__8d9p_A,3,187,True,62,62,25,0.4032258064516129,0.15625,0.22522522522522523,4,2,0.5,0.3333333333333333,0.4,17,10,0.5882352941176471,0.4,0.4761904761904762,41,13,0.3170731707317073,0.10077519379844961,0.15294117647058822,1,0.22522522522522523,0.22522522522522523,0.22522522522522523,nan,nan
denovo_pdb__8eoz_B,0,847,True,282,282,13,0.04609929078014184,0.06046511627906977,0.05231388329979879,33,11,0.3333333333333333,0.5789473684210527,0.4230769230769231,41,2,0.04878048780487805,0.125,0.07017543859649124,208,0,0.0,0.0,0.0,1,0.05231388329979879,0.05231388329979879,0.05231388329979879,nan,nan
denovo_pdb__8eoz_B,1,658,True,219,219,14,0.0639269406392694,0.06511627906976744,0.06451612903225806,39,11,0.28205128205128205,0.5789473684210527,0.37931034482758624,49,2,0.04081632653061224,0.125,0.061538461538461535,131,1,0.007633587786259542,0.005555555555555556,0.006430868167202572,1,0.06451612903225806,0.06451612903225806,0.06451612903225806,nan,nan
denovo_pdb__8eoz_B,2,685,True,228,228,12,0.05263157894736842,0.05581395348837209,0.05417607223476298,30,10,0.3333333333333333,0.5263157894736842,0.4081632653061224,40,1,0.025,0.0625,0.03571428571428572,158,1,0.006329113924050633,0.005555555555555556,0.005917159763313609,1,0.05417607223476298,0.05417607223476298,0.05417607223476298,nan,nan
denovo_pdb__8eoz_B,3,836,True,276,276,12,0.043478260869565216,0.05581395348837209,0.048879837067209775,32,9,0.28125,0.47368421052631576,0.35294117647058826,34,3,0.08823529411764706,0.1875,0.12,210,0,0.0,0.0,0.0,1,0.048879837067209775,0.048879837067209775,0.048879837067209775,nan,nan
denovo_pdb__8fjf_A,0,238,True,79,79,40,0.5063291139240507,0.425531914893617,0.46242774566473993,33,19,0.5757575757575758,0.7037037037037037,0.6333333333333334,26,14,0.5384615384615384,0.42424242424242425,0.47457627118644075,20,7,0.35,0.20588235294117646,0.25925925925925924,1,0.46242774566473993,0.46242774566473993,0.46242774566473993,nan,nan
denovo_pdb__8fjf_A,1,271,True,90,90,31,0.34444444444444444,0.32978723404255317,0.33695652173913043,31,18,0.5806451612903226,0.6666666666666666,0.6206896551724138,28,12,0.42857142857142855,0.36363636363636365,0.3934426229508197,31,1,0.03225806451612903,0.029411764705882353,0.030769230769230767,1,0.33695652173913043,0.33695652173913043,0.33695652173913043,nan,nan
denovo_pdb__8fjf_A,2,271,True,90,90,7,0.07777777777777778,0.07446808510638298,0.07608695652173912,14,3,0.21428571428571427,0.1111111111111111,0.14634146341463417,22,4,0.18181818181818182,0.12121212121212122,0.14545454545454545,54,0,0.0,0.0,0.0,1,0.07608695652173912,0.07608695652173912,0.07608695652173912,nan,nan
denovo_pdb__8fjf_A,3,205,True,68,68,23,0.3382352941176471,0.24468085106382978,0.28395061728395066,28,15,0.5357142857142857,0.5555555555555556,0.5454545454545454,22,6,0.2727272727272727,0.18181818181818182,0.21818181818181817,18,2,0.1111111111111111,0.058823529411764705,0.07692307692307691,1,0.28395061728395066,0.28395061728395066,0.28395061728395066,nan,nan
denovo_pdb__8g9j_A,0,598,True,196,196,65,0.33163265306122447,0.42483660130718953,0.3724928366762178,13,6,0.46153846153846156,0.6,0.5217391304347826,26,20,0.7692307692307693,0.5405405405405406,0.6349206349206349,157,39,0.2484076433121019,0.36792452830188677,0.2965779467680608,1,0.3724928366762178,0.3724928366762178,0.3724928366762178,nan,nan
denovo_pdb__8g9j_A,1,532,True,177,177,13,0.07344632768361582,0.08496732026143791,0.07878787878787878,28,4,0.14285714285714285,0.4,0.21052631578947364,35,9,0.2571428571428571,0.24324324324324326,0.25,114,0,0.0,0.0,0.0,1,0.07878787878787878,0.07878787878787878,0.07878787878787878,nan,nan
denovo_pdb__8g9j_A,2,376,True,125,125,46,0.368,0.3006535947712418,0.3309352517985612,10,6,0.6,0.6,0.6,28,22,0.7857142857142857,0.5945945945945946,0.676923076923077,87,18,0.20689655172413793,0.16981132075471697,0.18652849740932642,1,0.3309352517985612,0.3309352517985612,0.3309352517985612,nan,nan
denovo_pdb__8g9j_A,3,517,True,170,170,57,0.3352941176470588,0.37254901960784315,0.35294117647058826,12,5,0.4166666666666667,0.5,0.45454545454545453,32,24,0.75,0.6486486486486487,0.6956521739130435,126,28,0.2222222222222222,0.2641509433962264,0.24137931034482757,1,0.35294117647058826,0.35294117647058826,0.35294117647058826,nan,nan
denovo_pdb__8j1w_A,0,649,True,213,213,19,0.0892018779342723,0.125,0.10410958904109588,21,3,0.14285714285714285,0.21428571428571427,0.17142857142857143,39,2,0.05128205128205128,0.14285714285714285,0.07547169811320754,153,14,0.0915032679738562,0.11290322580645161,0.10108303249097474,1,0.10410958904109588,0.10410958904109588,0.10410958904109588,nan,nan
denovo_pdb__8j1w_A,1,484,True,161,161,29,0.18012422360248448,0.19078947368421054,0.18530351437699685,10,3,0.3,0.21428571428571427,0.25,19,5,0.2631578947368421,0.35714285714285715,0.30303030303030304,132,21,0.1590909090909091,0.1693548387096774,0.1640625,1,0.18530351437699685,0.18530351437699685,0.18530351437699685,nan,nan
denovo_pdb__8j1w_A,2,442,True,147,147,12,0.08163265306122448,0.07894736842105263,0.08026755852842808,18,4,0.2222222222222222,0.2857142857142857,0.25,22,1,0.045454545454545456,0.07142857142857142,0.05555555555555555,107,7,0.06542056074766354,0.056451612903225805,0.06060606060606061,1,0.08026755852842808,0.08026755852842808,0.08026755852842808,nan,nan
denovo_pdb__8j1w_A,3,562,True,185,185,18,0.0972972972972973,0.11842105263157894,0.10682492581602375,20,5,0.25,0.35714285714285715,0.2941176470588235,40,3,0.075,0.21428571428571427,0.1111111111111111,125,10,0.08,0.08064516129032258,0.08032128514056225,1,0.10682492581602375,0.10682492581602375,0.10682492581602375,nan,nan
denovo_pdb__8j98_A,0,604,True,201,201,13,0.06467661691542288,0.0755813953488372,0.06970509383378015,29,2,0.06896551724137931,0.09523809523809523,0.08,45,2,0.044444444444444446,0.10526315789473684,0.0625,127,9,0.07086614173228346,0.06818181818181818,0.06949806949806951,1,0.06970509383378015,0.06970509383378015,0.06970509383378015,nan,nan
denovo_pdb__8j98_A,1,532,True,176,176,7,0.03977272727272727,0.040697674418604654,0.040229885057471264,21,4,0.19047619047619047,0.19047619047619047,0.19047619047619047,23,0,0.0,0.0,0.0,132,3,0.022727272727272728,0.022727272727272728,0.022727272727272728,1,0.040229885057471264,0.040229885057471264,0.040229885057471264,nan,nan
denovo_pdb__8j98_A,2,637,True,211,211,12,0.05687203791469194,0.06976744186046512,0.06266318537859009,18,3,0.16666666666666666,0.14285714285714285,0.15384615384615383,23,2,0.08695652173913043,0.10526315789473684,0.09523809523809525,170,7,0.041176470588235294,0.05303030303030303,0.04635761589403973,1,0.06266318537859009,0.06266318537859009,0.06266318537859009,nan,nan
denovo_pdb__8j98_A,3,535,True,178,178,14,0.07865168539325842,0.08139534883720931,0.08,22,4,0.18181818181818182,0.19047619047619047,0.18604651162790697,32,3,0.09375,0.15789473684210525,0.11764705882352941,124,7,0.056451612903225805,0.05303030303030303,0.0546875,1,0.08,0.08,0.08,nan,nan
denovo_pdb__8k7o_A,0,550,True,183,183,85,0.4644808743169399,0.4166666666666667,0.4392764857881137,21,11,0.5238095238095238,0.4230769230769231,0.4680851063829788,42,20,0.47619047619047616,0.5555555555555556,0.5128205128205129,120,54,0.45,0.38028169014084506,0.41221374045801523,1,0.4392764857881137,0.4392764857881137,0.4392764857881137,nan,nan
denovo_pdb__8k7o_A,1,664,True,220,220,71,0.32272727272727275,0.3480392156862745,0.33490566037735847,24,10,0.4166666666666667,0.38461538461538464,0.4,36,18,0.5,0.5,0.5,160,43,0.26875,0.3028169014084507,0.2847682119205298,1,0.33490566037735847,0.33490566037735847,0.33490566037735847,nan,nan
denovo_pdb__8k7o_A,2,604,True,201,201,47,0.23383084577114427,0.23039215686274508,0.23209876543209873,20,6,0.3,0.23076923076923078,0.2608695652173913,31,8,0.25806451612903225,0.2222222222222222,0.2388059701492537,150,33,0.22,0.2323943661971831,0.22602739726027396,1,0.23209876543209873,0.23209876543209873,0.23209876543209873,nan,nan
denovo_pdb__8k7o_A,3,526,True,174,174,77,0.4425287356321839,0.37745098039215685,0.40740740740740744,15,7,0.4666666666666667,0.2692307692307692,0.3414634146341463,37,21,0.5675675675675675,0.5833333333333334,0.5753424657534246,122,49,0.4016393442622951,0.34507042253521125,0.3712121212121212,1,0.40740740740740744,0.40740740740740744,0.40740740740740744,nan,nan
denovo_pdb__8k8f_A,0,310,True,103,103,22,0.21359223300970873,0.18032786885245902,0.19555555555555557,16,5,0.3125,0.2777777777777778,0.29411764705882354,16,2,0.125,0.1,0.11111111111111112,71,15,0.2112676056338028,0.17857142857142858,0.1935483870967742,1,0.19555555555555557,0.19555555555555557,0.19555555555555557,nan,nan
denovo_pdb__8k8f_A,1,412,True,137,137,24,0.17518248175182483,0.19672131147540983,0.18532818532818535,19,5,0.2631578947368421,0.2777777777777778,0.27027027027027023,14,4,0.2857142857142857,0.2,0.23529411764705882,104,15,0.14423076923076922,0.17857142857142858,0.1595744680851064,1,0.18532818532818535,0.18532818532818535,0.18532818532818535,nan,nan
denovo_pdb__8k8f_A,2,394,True,131,131,32,0.24427480916030533,0.26229508196721313,0.25296442687747034,13,6,0.46153846153846156,0.3333333333333333,0.3870967741935484,11,2,0.18181818181818182,0.1,0.12903225806451613,107,24,0.22429906542056074,0.2857142857142857,0.2513089005235602,1,0.25296442687747034,0.25296442687747034,0.25296442687747034,nan,nan
denovo_pdb__8k8f_A,3,439,True,146,146,28,0.1917808219178082,0.22950819672131148,0.20895522388059698,20,5,0.25,0.2777777777777778,0.2631578947368421,32,7,0.21875,0.35,0.2692307692307692,94,16,0.1702127659574468,0.19047619047619047,0.17977528089887637,1,0.20895522388059698,0.20895522388059698,0.20895522388059698,nan,nan
denovo_pdb__8k8i_A,0,211,True,70,70,20,0.2857142857142857,0.21978021978021978,0.2484472049689441,13,4,0.3076923076923077,0.4444444444444444,0.3636363636363637,14,3,0.21428571428571427,0.375,0.2727272727272727,43,13,0.3023255813953488,0.17567567567567569,0.22222222222222224,1,0.2484472049689441,0.2484472049689441,0.2484472049689441,nan,nan
denovo_pdb__8k8i_A,1,301,True,100,100,25,0.25,0.27472527472527475,0.2617801047120419,11,5,0.45454545454545453,0.5555555555555556,0.5,12,3,0.25,0.375,0.3,77,17,0.22077922077922077,0.22972972972972974,0.2251655629139073,1,0.2617801047120419,0.2617801047120419,0.2617801047120419,nan,nan
denovo_pdb__8k8i_A,2,289,True,96,96,25,0.2604166666666667,0.27472527472527475,0.2673796791443851,13,4,0.3076923076923077,0.4444444444444444,0.3636363636363637,8,4,0.5,0.5,0.5,75,17,0.22666666666666666,0.22972972972972974,0.22818791946308725,1,0.2673796791443851,0.2673796791443851,0.2673796791443851,nan,nan
denovo_pdb__8k8i_A,3,337,True,112,112,22,0.19642857142857142,0.24175824175824176,0.2167487684729064,14,3,0.21428571428571427,0.3333333333333333,0.2608695652173913,14,4,0.2857142857142857,0.5,0.36363636363636365,84,15,0.17857142857142858,0.20270270270270271,0.189873417721519,1,0.2167487684729064,0.2167487684729064,0.2167487684729064,nan,nan
denovo_pdb__8kac_A,0,268,True,89,89,10,0.11235955056179775,0.0970873786407767,0.10416666666666666,18,4,0.2222222222222222,0.4,0.2857142857142857,17,4,0.23529411764705882,0.14285714285714285,0.17777777777777778,54,2,0.037037037037037035,0.03076923076923077,0.03361344537815126,1,0.10416666666666666,0.10416666666666666,0.10416666666666666,nan,nan
denovo_pdb__8kac_A,1,313,True,104,104,28,0.2692307692307692,0.27184466019417475,0.2705314009661835,13,5,0.38461538461538464,0.5,0.4347826086956522,31,10,0.3225806451612903,0.35714285714285715,0.3389830508474576,60,13,0.21666666666666667,0.2,0.208,1,0.2705314009661835,0.2705314009661835,0.2705314009661835,nan,nan
denovo_pdb__8kac_A,2,373,True,124,124,29,0.23387096774193547,0.2815533980582524,0.2555066079295154,15,4,0.26666666666666666,0.4,0.32,27,8,0.2962962962962963,0.2857142857142857,0.2909090909090909,82,17,0.2073170731707317,0.26153846153846155,0.2312925170068027,1,0.2555066079295154,0.2555066079295154,0.2555066079295154,nan,nan
denovo_pdb__8kac_A,3,376,True,125,125,26,0.208,0.2524271844660194,0.22807017543859648,9,3,0.3333333333333333,0.3,0.3157894736842105,26,9,0.34615384615384615,0.32142857142857145,0.3333333333333333,90,14,0.15555555555555556,0.2153846153846154,0.18064516129032257,1,0.22807017543859648,0.22807017543859648,0.22807017543859648,nan,nan
denovo_pdb__8kc1_A,0,136,True,45,45,6,0.13333333333333333,0.13333333333333333,0.13333333333333333,12,5,0.4166666666666667,0.8333333333333334,0.5555555555555556,15,1,0.06666666666666667,0.1111111111111111,0.08333333333333334,18,0,0.0,0.0,0.0,1,0.13333333333333333,0.13333333333333333,0.13333333333333333,nan,nan
denovo_pdb__8kc1_A,1,199,True,66,66,4,0.06060606060606061,0.08888888888888889,0.07207207207207207,13,1,0.07692307692307693,0.16666666666666666,0.10526315789473684,9,0,0.0,0.0,0.0,44,3,0.06818181818181818,0.1,0.08108108108108107,1,0.07207207207207207,0.07207207207207207,0.07207207207207207,nan,nan
denovo_pdb__8kc1_A,2,136,True,45,45,5,0.1111111111111111,0.1111111111111111,0.1111111111111111,8,4,0.5,0.6666666666666666,0.5714285714285715,10,1,0.1,0.1111111111111111,0.10526315789473685,27,0,0.0,0.0,0.0,1,0.1111111111111111,0.1111111111111111,0.1111111111111111,nan,nan
denovo_pdb__8kc1_A,3,184,True,60,60,13,0.21666666666666667,0.28888888888888886,0.2476190476190476,13,2,0.15384615384615385,0.3333333333333333,0.21052631578947367,8,2,0.25,0.2222222222222222,0.23529411764705882,39,9,0.23076923076923078,0.3,0.2608695652173913,1,0.2476190476190476,0.2476190476190476,0.2476190476190476,nan,nan
denovo_pdb__8kc8_A,0,613,True,204,204,83,0.4068627450980392,0.51875,0.4560439560439561,28,13,0.4642857142857143,0.7222222222222222,0.5652173913043479,32,10,0.3125,0.4,0.3508771929824561,144,60,0.4166666666666667,0.5128205128205128,0.4597701149425287,1,0.4560439560439561,0.4560439560439561,0.4560439560439561,nan,nan
denovo_pdb__8kc8_A,1,427,True,142,142,47,0.33098591549295775,0.29375,0.3112582781456954,26,7,0.2692307692307692,0.3888888888888889,0.3181818181818182,30,6,0.2,0.24,0.2181818181818182,86,34,0.3953488372093023,0.2905982905982906,0.3349753694581281,1,0.3112582781456954,0.3112582781456954,0.3112582781456954,nan,nan
denovo_pdb__8kc8_A,2,529,True,176,176,58,0.32954545454545453,0.3625,0.34523809523809523,33,13,0.3939393939393939,0.7222222222222222,0.5098039215686274,28,6,0.21428571428571427,0.24,0.2264150943396226,115,39,0.3391304347826087,0.3333333333333333,0.3362068965517241,1,0.34523809523809523,0.34523809523809523,0.34523809523809523,nan,nan
denovo_pdb__8kc8_A,3,526,True,175,175,92,0.5257142857142857,0.575,0.5492537313432836,26,11,0.4230769230769231,0.6111111111111112,0.5,28,15,0.5357142857142857,0.6,0.5660377358490566,121,66,0.5454545454545454,0.5641025641025641,0.5546218487394957,1,0.5492537313432836,0.5492537313432836,0.5492537313432836,nan,nan
denovo_pdb__8kck_A,0,457,True,152,152,8,0.05263157894736842,0.058394160583941604,0.05536332179930795,21,6,0.2857142857142857,0.3157894736842105,0.3,32,2,0.0625,0.2,0.09523809523809523,99,0,0.0,0.0,0.0,1,0.05536332179930795,0.05536332179930795,0.05536332179930795,nan,nan
denovo_pdb__8kck_A,1,466,True,154,154,27,0.17532467532467533,0.19708029197080293,0.18556701030927836,20,5,0.25,0.2631578947368421,0.25641025641025644,16,4,0.25,0.4,0.3076923076923077,118,18,0.15254237288135594,0.16666666666666666,0.1592920353982301,1,0.18556701030927836,0.18556701030927836,0.18556701030927836,nan,nan
denovo_pdb__8kck_A,2,517,True,172,172,12,0.06976744186046512,0.08759124087591241,0.07766990291262135,19,10,0.5263157894736842,0.5263157894736842,0.5263157894736842,15,1,0.06666666666666667,0.1,0.08,138,1,0.007246376811594203,0.009259259259259259,0.008130081300813007,1,0.07766990291262135,0.07766990291262135,0.07766990291262135,nan,nan
denovo_pdb__8kck_A,3,307,True,102,102,10,0.09803921568627451,0.072992700729927,0.08368200836820083,15,7,0.4666666666666667,0.3684210526315789,0.4117647058823529,22,2,0.09090909090909091,0.2,0.12500000000000003,65,1,0.015384615384615385,0.009259259259259259,0.011560693641618497,1,0.08368200836820083,0.08368200836820083,0.08368200836820083,nan,nan
denovo_pdb__8oys_A,0,415,True,138,138,50,0.36231884057971014,0.33783783783783783,0.3496503496503497,17,10,0.5882352941176471,0.4166666666666667,0.48780487804878053,57,16,0.2807017543859649,0.45714285714285713,0.3478260869565218,64,24,0.375,0.2696629213483146,0.3137254901960784,1,0.3496503496503497,0.3496503496503497,0.3496503496503497,nan,nan
denovo_pdb__8oys_A,1,472,True,157,157,75,0.47770700636942676,0.5067567567567568,0.49180327868852464,26,16,0.6153846153846154,0.6666666666666666,0.64,46,18,0.391304347826087,0.5142857142857142,0.4444444444444444,85,41,0.4823529411764706,0.4606741573033708,0.47126436781609193,1,0.49180327868852464,0.49180327868852464,0.49180327868852464,nan,nan
denovo_pdb__8oys_A,2,412,True,136,136,58,0.4264705882352941,0.3918918918918919,0.40845070422535207,22,13,0.5909090909090909,0.5416666666666666,0.5652173913043478,50,18,0.36,0.5142857142857142,0.4235294117647058,64,27,0.421875,0.30337078651685395,0.3529411764705882,1,0.40845070422535207,0.40845070422535207,0.40845070422535207,nan,nan
denovo_pdb__8oys_A,3,451,True,150,150,37,0.24666666666666667,0.25,0.2483221476510067,24,10,0.4166666666666667,0.4166666666666667,0.4166666666666667,52,7,0.1346153846153846,0.2,0.16091954022988506,74,20,0.2702702702702703,0.2247191011235955,0.24539877300613497,1,0.2483221476510067,0.2483221476510067,0.2483221476510067,nan,nan
denovo_pdb__8p4y_A,0,553,True,181,181,5,0.027624309392265192,0.029069767441860465,0.028328611898016998,32,1,0.03125,0.09090909090909091,0.046511627906976744,14,0,0.0,0.0,0.0,135,4,0.02962962962962963,0.025806451612903226,0.027586206896551727,1,0.028328611898016998,0.028328611898016998,0.028328611898016998,nan,nan
denovo_pdb__8p4y_A,1,382,True,127,127,2,0.015748031496062992,0.011627906976744186,0.013377926421404682,22,2,0.09090909090909091,0.18181818181818182,0.12121212121212123,23,0,0.0,0.0,0.0,82,0,0.0,0.0,0.0,1,0.013377926421404682,0.013377926421404682,0.013377926421404682,nan,nan
denovo_pdb__8p4y_A,2,271,True,90,90,3,0.03333333333333333,0.01744186046511628,0.022900763358778626,16,2,0.125,0.18181818181818182,0.14814814814814814,9,0,0.0,0.0,0.0,65,1,0.015384615384615385,0.0064516129032258064,0.00909090909090909,1,0.022900763358778626,0.022900763358778626,0.022900763358778626,nan,nan
denovo_pdb__8p4y_A,3,160,True,51,51,0,0.0,0.0,0.0,10,0,0.0,0.0,0.0,7,0,0.0,0.0,0.0,34,0,0.0,0.0,0.0,1,0.0,0.0,0.0,nan,nan
denovo_pdb__8q52_A,0,944,True,312,312,100,0.32051282051282054,0.33783783783783783,0.3289473684210526,52,17,0.3269230769230769,0.5,0.39534883720930236,71,28,0.39436619718309857,0.4444444444444444,0.417910447761194,189,55,0.291005291005291,0.27638190954773867,0.28350515463917525,1,0.3289473684210526,0.3289473684210526,0.3289473684210526,nan,nan
denovo_pdb__8q52_A,1,961,True,319,319,93,0.29153605015673983,0.3141891891891892,0.30243902439024395,55,16,0.2909090909090909,0.47058823529411764,0.35955056179775285,54,22,0.4074074074074074,0.3492063492063492,0.37606837606837606,210,55,0.2619047619047619,0.27638190954773867,0.26894865525672373,1,0.30243902439024395,0.30243902439024395,0.30243902439024395,nan,nan
denovo_pdb__8q52_A,2,1078,True,357,357,64,0.1792717086834734,0.21621621621621623,0.19601837672281777,40,8,0.2,0.23529411764705882,0.2162162162162162,71,17,0.23943661971830985,0.2698412698412698,0.25373134328358204,246,39,0.15853658536585366,0.19597989949748743,0.1752808988764045,1,0.19601837672281777,0.19601837672281777,0.19601837672281777,nan,nan
denovo_pdb__8q52_A,3,799,True,264,264,64,0.24242424242424243,0.21621621621621623,0.22857142857142856,46,16,0.34782608695652173,0.47058823529411764,0.39999999999999997,44,20,0.45454545454545453,0.31746031746031744,0.37383177570093457,174,28,0.16091954022988506,0.1407035175879397,0.15013404825737267,1,0.22857142857142856,0.22857142857142856,0.22857142857142856,nan,nan
denovo_pdb__8qaf_A,0,34,True,11,11,1,0.09090909090909091,0.02564102564102564,0.04,1,0,0.0,0.0,0.0,1,0,0.0,0.0,0.0,9,1,0.1111111111111111,0.04,0.058823529411764705,1,0.04,0.04,0.04,nan,nan
denovo_pdb__8qaf_A,1,103,True,34,34,4,0.11764705882352941,0.10256410256410256,0.1095890410958904,2,0,0.0,0.0,0.0,8,0,0.0,0.0,0.0,24,4,0.16666666666666666,0.16,0.16326530612244897,1,0.1095890410958904,0.1095890410958904,0.1095890410958904,nan,nan
denovo_pdb__8qaf_A,2,1,True,0,0,0,0.0,0.0,0.0,0,0,0.0,0.0,0.0,0,0,0.0,0.0,0.0,0,0,0.0,0.0,0.0,1,0.0,0.0,0.0,nan,nan
denovo_pdb__8qaf_A,3,28,True,9,9,0,0.0,0.0,0.0,1,0,0.0,0.0,0.0,2,0,0.0,0.0,0.0,6,0,0.0,0.0,0.0,1,0.0,0.0,0.0,nan,nan
denovo_pdb__8qup_A,0,334,True,111,111,51,0.4594594594594595,0.5483870967741935,0.5,8,4,0.5,0.5714285714285714,0.5333333333333333,24,12,0.5,0.75,0.6,79,35,0.4430379746835443,0.5,0.4697986577181208,1,0.5,0.5,0.5,nan,nan
denovo_pdb__8qup_A,1,307,True,101,101,20,0.19801980198019803,0.21505376344086022,0.20618556701030932,9,2,0.2222222222222222,0.2857142857142857,0.25,29,6,0.20689655172413793,0.375,0.26666666666666666,63,12,0.19047619047619047,0.17142857142857143,0.18045112781954886,1,0.20618556701030932,0.20618556701030932,0.20618556701030932,nan,nan
denovo_pdb__8qup_A,2,259,True,86,86,6,0.06976744186046512,0.06451612903225806,0.06703910614525138,12,1,0.08333333333333333,0.14285714285714285,0.10526315789473685,4,0,0.0,0.0,0.0,70,5,0.07142857142857142,0.07142857142857142,0.07142857142857142,1,0.06703910614525138,0.06703910614525138,0.06703910614525138,nan,nan
denovo_pdb__8qup_A,3,127,True,42,42,3,0.07142857142857142,0.03225806451612903,0.044444444444444446,1,1,1.0,0.14285714285714285,0.25,3,0,0.0,0.0,0.0,38,2,0.05263157894736842,0.02857142857142857,0.037037037037037035,1,0.044444444444444446,0.044444444444444446,0.044444444444444446,nan,nan
denovo_pdb__8r8o_A,0,688,True,226,226,35,0.15486725663716813,0.10703363914373089,0.12658227848101264,43,14,0.32558139534883723,0.2857142857142857,0.30434782608695654,44,11,0.25,0.12643678160919541,0.16793893129770993,139,10,0.07194244604316546,0.05235602094240838,0.06060606060606061,1,0.12658227848101264,0.12658227848101264,0.12658227848101264,nan,nan
denovo_pdb__8r8o_A,1,1096,True,358,358,47,0.13128491620111732,0.1437308868501529,0.13722627737226278,51,16,0.3137254901960784,0.32653061224489793,0.32,44,17,0.38636363636363635,0.19540229885057472,0.2595419847328244,263,14,0.053231939163498096,0.07329842931937172,0.06167400881057269,1,0.13722627737226278,0.13722627737226278,0.13722627737226278,nan,nan
denovo_pdb__8r8o_A,2,844,True,280,280,55,0.19642857142857142,0.16819571865443425,0.1812191103789127,46,18,0.391304347826087,0.3673469387755102,0.37894736842105264,80,12,0.15,0.13793103448275862,0.14371257485029942,154,25,0.16233766233766234,0.13089005235602094,0.14492753623188406,1,0.1812191103789127,0.1812191103789127,0.1812191103789127,nan,nan
denovo_pdb__8r8o_A,3,964,True,319,319,94,0.2946708463949843,0.2874617737003058,0.2910216718266254,52,25,0.4807692307692308,0.5102040816326531,0.4950495049504951,56,22,0.39285714285714285,0.25287356321839083,0.30769230769230765,211,47,0.22274881516587677,0.24607329842931938,0.23383084577114427,1,0.2910216718266254,0.2910216718266254,0.2910216718266254,nan,nan
denovo_pdb__8tnm_A,0,166,True,55,55,2,0.03636363636363636,0.017391304347826087,0.023529411764705885,16,2,0.125,0.16666666666666666,0.14285714285714288,17,0,0.0,0.0,0.0,22,0,0.0,0.0,0.0,1,0.023529411764705885,0.023529411764705885,0.023529411764705885,nan,nan
denovo_pdb__8tnm_A,1,61,True,20,20,4,0.2,0.034782608695652174,0.05925925925925926,9,1,0.1111111111111111,0.08333333333333333,0.09523809523809525,7,3,0.42857142857142855,0.1875,0.26086956521739124,4,0,0.0,0.0,0.0,1,0.05925925925925926,0.05925925925925926,0.05925925925925926,nan,nan
denovo_pdb__8tnm_A,2,301,True,100,100,7,0.07,0.06086956521739131,0.06511627906976744,8,2,0.25,0.16666666666666666,0.2,20,1,0.05,0.0625,0.05555555555555556,72,4,0.05555555555555555,0.04597701149425287,0.05031446540880503,1,0.06511627906976744,0.06511627906976744,0.06511627906976744,nan,nan
denovo_pdb__8tnm_A,3,352,True,112,112,14,0.125,0.12173913043478261,0.12334801762114538,15,4,0.26666666666666666,0.3333333333333333,0.2962962962962963,25,6,0.24,0.375,0.2926829268292683,72,4,0.05555555555555555,0.04597701149425287,0.05031446540880503,1,0.12334801762114538,0.12334801762114538,0.12334801762114538,nan,nan
denovo_pdb__8vei_A,0,286,True,95,95,16,0.16842105263157894,0.16842105263157894,0.16842105263157894,20,8,0.4,0.4444444444444444,0.4210526315789474,16,4,0.25,0.2222222222222222,0.23529411764705882,59,4,0.06779661016949153,0.06779661016949153,0.06779661016949153,1,0.16842105263157894,0.16842105263157894,0.16842105263157894,nan,nan
denovo_pdb__8vei_A,1,325,True,108,108,12,0.1111111111111111,0.12631578947368421,0.11822660098522168,13,3,0.23076923076923078,0.16666666666666666,0.1935483870967742,22,2,0.09090909090909091,0.1111111111111111,0.09999999999999999,73,7,0.0958904109589041,0.11864406779661017,0.10606060606060605,1,0.11822660098522168,0.11822660098522168,0.11822660098522168,nan,nan
denovo_pdb__8vei_A,2,349,True,116,116,13,0.11206896551724138,0.1368421052631579,0.12322274881516589,17,5,0.29411764705882354,0.2777777777777778,0.28571428571428575,18,1,0.05555555555555555,0.05555555555555555,0.05555555555555555,81,7,0.08641975308641975,0.11864406779661017,0.09999999999999998,1,0.12322274881516589,0.12322274881516589,0.12322274881516589,nan,nan
denovo_pdb__8vei_A,3,352,True,117,117,8,0.06837606837606838,0.08421052631578947,0.07547169811320754,21,3,0.14285714285714285,0.16666666666666666,0.15384615384615383,27,2,0.07407407407407407,0.1111111111111111,0.08888888888888888,69,3,0.043478260869565216,0.05084745762711865,0.046875,1,0.07547169811320754,0.07547169811320754,0.07547169811320754,nan,nan
denovo_pdb__8w97_A,0,151,True,50,50,19,0.38,0.16379310344827586,0.22891566265060237,21,11,0.5238095238095238,0.7333333333333333,0.611111111111111,18,7,0.3888888888888889,0.5,0.43750000000000006,11,1,0.09090909090909091,0.011494252873563218,0.020408163265306124,1,0.22891566265060237,0.22891566265060237,0.22891566265060237,nan,nan
denovo_pdb__8w97_A,1,397,True,132,132,16,0.12121212121212122,0.13793103448275862,0.12903225806451615,23,8,0.34782608695652173,0.5333333333333333,0.4210526315789474,28,5,0.17857142857142858,0.35714285714285715,0.2380952380952381,81,3,0.037037037037037035,0.034482758620689655,0.03571428571428571,1,0.12903225806451615,0.12903225806451615,0.12903225806451615,nan,nan
denovo_pdb__8w97_A,2,391,True,130,130,28,0.2153846153846154,0.2413793103448276,0.22764227642276422,28,9,0.32142857142857145,0.6,0.41860465116279066,28,5,0.17857142857142858,0.35714285714285715,0.2380952380952381,74,14,0.1891891891891892,0.16091954022988506,0.1739130434782609,1,0.22764227642276422,0.22764227642276422,0.22764227642276422,nan,nan
denovo_pdb__8w97_A,3,382,True,127,127,38,0.2992125984251969,0.3275862068965517,0.3127572016460905,15,9,0.6,0.6,0.6,24,10,0.4166666666666667,0.7142857142857143,0.5263157894736842,88,19,0.2159090909090909,0.21839080459770116,0.21714285714285717,1,0.3127572016460905,0.3127572016460905,0.3127572016460905,nan,nan
denovo_pdb__8xyu_A,0,457,True,152,152,11,0.07236842105263158,0.05789473684210526,0.06432748538011696,21,3,0.14285714285714285,0.11538461538461539,0.12765957446808512,18,1,0.05555555555555555,0.027777777777777776,0.037037037037037035,113,7,0.061946902654867256,0.0546875,0.058091286307053944,1,0.06432748538011696,0.06432748538011696,0.06432748538011696,nan,nan
denovo_pdb__8xyu_A,1,328,True,109,109,13,0.11926605504587157,0.06842105263157895,0.08695652173913045,12,0,0.0,0.0,0.0,15,1,0.06666666666666667,0.027777777777777776,0.0392156862745098,82,12,0.14634146341463414,0.09375,0.11428571428571428,1,0.08695652173913045,0.08695652173913045,0.08695652173913045,nan,nan
denovo_pdb__8xyu_A,2,487,True,162,162,18,0.1111111111111111,0.09473684210526316,0.10227272727272727,29,7,0.2413793103448276,0.2692307692307692,0.2545454545454545,22,1,0.045454545454545456,0.027777777777777776,0.034482758620689655,111,10,0.09009009009009009,0.078125,0.08368200836820083,1,0.10227272727272727,0.10227272727272727,0.10227272727272727,nan,nan
denovo_pdb__8xyu_A,3,445,True,147,147,20,0.1360544217687075,0.10526315789473684,0.11869436201780416,32,5,0.15625,0.19230769230769232,0.1724137931034483,23,4,0.17391304347826086,0.1111111111111111,0.13559322033898305,92,11,0.11956521739130435,0.0859375,0.1,1,0.11869436201780416,0.11869436201780416,0.11869436201780416,nan,nan
denovo_pdb__8y33_A,0,517,True,172,172,13,0.0755813953488372,0.07975460122699386,0.07761194029850746,26,5,0.19230769230769232,0.3333333333333333,0.2439024390243902,27,1,0.037037037037037035,0.058823529411764705,0.04545454545454545,119,7,0.058823529411764705,0.05343511450381679,0.056,1,0.07761194029850746,0.07761194029850746,0.07761194029850746,nan,nan
denovo_pdb__8y33_A,1,598,True,199,199,9,0.04522613065326633,0.05521472392638037,0.04972375690607735,17,2,0.11764705882352941,0.13333333333333333,0.125,25,3,0.12,0.17647058823529413,0.14285714285714282,157,4,0.025477707006369428,0.030534351145038167,0.02777777777777778,1,0.04972375690607735,0.04972375690607735,0.04972375690607735,nan,nan
denovo_pdb__8y33_A,2,526,True,175,175,19,0.10857142857142857,0.1165644171779141,0.11242603550295857,26,5,0.19230769230769232,0.3333333333333333,0.2439024390243902,39,5,0.1282051282051282,0.29411764705882354,0.17857142857142858,110,9,0.08181818181818182,0.06870229007633588,0.07468879668049794,1,0.11242603550295857,0.11242603550295857,0.11242603550295857,nan,nan
denovo_pdb__8y33_A,3,673,True,220,220,8,0.03636363636363636,0.049079754601226995,0.041775456919060046,27,3,0.1111111111111111,0.2,0.14285714285714285,38,1,0.02631578947368421,0.058823529411764705,0.03636363636363636,155,4,0.025806451612903226,0.030534351145038167,0.027972027972027972,1,0.041775456919060046,0.041775456919060046,0.041775456919060046,nan,nan
denovo_pdb__9cte_A,0,271,True,90,90,58,0.6444444444444445,0.6904761904761905,0.6666666666666666,10,6,0.6,0.75,0.6666666666666665,26,19,0.7307692307692307,0.8636363636363636,0.7916666666666666,54,33,0.6111111111111112,0.6111111111111112,0.6111111111111112,1,0.6666666666666666,0.6666666666666666,0.6666666666666666,nan,nan
denovo_pdb__9cte_A,1,259,True,86,86,26,0.3023255813953488,0.30952380952380953,0.3058823529411765,6,4,0.6666666666666666,0.5,0.5714285714285715,21,11,0.5238095238095238,0.5,0.5116279069767442,59,11,0.1864406779661017,0.2037037037037037,0.1946902654867257,1,0.3058823529411765,0.3058823529411765,0.3058823529411765,nan,nan
denovo_pdb__9cte_A,2,283,True,94,94,36,0.3829787234042553,0.42857142857142855,0.40449438202247195,13,6,0.46153846153846156,0.75,0.5714285714285714,20,16,0.8,0.7272727272727273,0.761904761904762,61,14,0.22950819672131148,0.25925925925925924,0.24347826086956523,1,0.40449438202247195,0.40449438202247195,0.40449438202247195,nan,nan
denovo_pdb__9cte_A,3,376,True,125,125,33,0.264,0.39285714285714285,0.31578947368421056,11,4,0.36363636363636365,0.5,0.4210526315789474,23,11,0.4782608695652174,0.5,0.4888888888888889,91,18,0.1978021978021978,0.3333333333333333,0.24827586206896546,1,0.31578947368421056,0.31578947368421056,0.31578947368421056,nan,nan
denovo_pdb__9db8_A,0,118,True,39,39,7,0.1794871794871795,0.0945945945945946,0.12389380530973451,5,2,0.4,0.2222222222222222,0.2857142857142857,10,3,0.3,0.1875,0.23076923076923075,24,2,0.08333333333333333,0.04081632653061224,0.054794520547945195,1,0.12389380530973451,0.12389380530973451,0.12389380530973451,nan,nan
denovo_pdb__9db8_A,1,157,True,52,52,4,0.07692307692307693,0.05405405405405406,0.06349206349206349,7,0,0.0,0.0,0.0,7,1,0.14285714285714285,0.0625,0.08695652173913043,38,3,0.07894736842105263,0.061224489795918366,0.06896551724137932,1,0.06349206349206349,0.06349206349206349,0.06349206349206349,nan,nan
denovo_pdb__9db8_A,2,253,True,84,84,8,0.09523809523809523,0.10810810810810811,0.10126582278481013,8,1,0.125,0.1111111111111111,0.11764705882352941,20,2,0.1,0.125,0.11111111111111112,56,5,0.08928571428571429,0.10204081632653061,0.09523809523809523,1,0.10126582278481013,0.10126582278481013,0.10126582278481013,nan,nan
denovo_pdb__9db8_A,3,178,True,59,59,10,0.1694915254237288,0.13513513513513514,0.15037593984962405,7,4,0.5714285714285714,0.4444444444444444,0.5,14,2,0.14285714285714285,0.125,0.13333333333333333,38,4,0.10526315789473684,0.08163265306122448,0.09195402298850575,1,0.15037593984962405,0.15037593984962405,0.15037593984962405,nan,nan
denovo_pdb__9dba_A,0,241,True,80,80,23,0.2875,0.2987012987012987,0.2929936305732484,5,2,0.4,0.18181818181818182,0.25000000000000006,15,3,0.2,0.1875,0.19354838709677422,60,18,0.3,0.36,0.3272727272727273,1,0.2929936305732484,0.2929936305732484,0.2929936305732484,nan,nan
denovo_pdb__9dba_A,1,232,True,77,77,11,0.14285714285714285,0.14285714285714285,0.14285714285714285,7,1,0.14285714285714285,0.09090909090909091,0.1111111111111111,19,2,0.10526315789473684,0.125,0.11428571428571428,51,8,0.1568627450980392,0.16,0.1584158415841584,1,0.14285714285714285,0.14285714285714285,0.14285714285714285,nan,nan
denovo_pdb__9dba_A,2,217,True,72,72,40,0.5555555555555556,0.5194805194805194,0.5369127516778524,6,2,0.3333333333333333,0.18181818181818182,0.23529411764705885,20,12,0.6,0.75,0.6666666666666665,46,26,0.5652173913043478,0.52,0.5416666666666667,1,0.5369127516778524,0.5369127516778524,0.5369127516778524,nan,nan
denovo_pdb__9dba_A,3,163,True,54,54,2,0.037037037037037035,0.025974025974025976,0.030534351145038167,10,1,0.1,0.09090909090909091,0.09523809523809525,6,0,0.0,0.0,0.0,38,1,0.02631578947368421,0.02,0.022727272727272724,1,0.030534351145038167,0.030534351145038167,0.030534351145038167,nan,nan
denovo_pdb__9dbc_A,0,46,True,15,15,6,0.4,0.08108108108108109,0.1348314606741573,3,1,0.3333333333333333,0.09090909090909091,0.14285714285714288,6,3,0.5,0.2,0.28571428571428575,6,2,0.3333333333333333,0.041666666666666664,0.07407407407407407,1,0.1348314606741573,0.1348314606741573,0.1348314606741573,nan,nan
denovo_pdb__9dbc_A,1,112,True,37,37,4,0.10810810810810811,0.05405405405405406,0.07207207207207209,8,1,0.125,0.09090909090909091,0.10526315789473685,12,2,0.16666666666666666,0.13333333333333333,0.14814814814814814,17,1,0.058823529411764705,0.020833333333333332,0.03076923076923077,1,0.07207207207207209,0.07207207207207209,0.07207207207207209,nan,nan
denovo_pdb__9dbc_A,2,40,True,13,13,3,0.23076923076923078,0.04054054054054054,0.06896551724137932,1,0,0.0,0.0,0.0,6,0,0.0,0.0,0.0,6,3,0.5,0.0625,0.1111111111111111,1,0.06896551724137932,0.06896551724137932,0.06896551724137932,nan,nan
denovo_pdb__9dbc_A,3,145,True,48,48,6,0.125,0.08108108108108109,0.09836065573770492,7,2,0.2857142857142857,0.18181818181818182,0.2222222222222222,5,1,0.2,0.06666666666666667,0.1,36,3,0.08333333333333333,0.0625,0.07142857142857144,1,0.09836065573770492,0.09836065573770492,0.09836065573770492,nan,nan
denovo_pdb__9dbu_A,0,160,True,53,53,17,0.32075471698113206,0.2537313432835821,0.2833333333333333,8,2,0.25,0.2857142857142857,0.26666666666666666,8,3,0.375,0.2,0.26086956521739135,37,12,0.32432432432432434,0.26666666666666666,0.29268292682926833,1,0.2833333333333333,0.2833333333333333,0.2833333333333333,nan,nan
denovo_pdb__9dbu_A,1,55,True,18,18,7,0.3888888888888889,0.1044776119402985,0.16470588235294117,8,4,0.5,0.5714285714285714,0.5333333333333333,9,3,0.3333333333333333,0.2,0.25,1,0,0.0,0.0,0.0,1,0.16470588235294117,0.16470588235294117,0.16470588235294117,nan,nan
denovo_pdb__9dbu_A,2,187,True,62,62,4,0.06451612903225806,0.05970149253731343,0.06201550387596899,8,0,0.0,0.0,0.0,18,1,0.05555555555555555,0.06666666666666667,0.0606060606060606,36,3,0.08333333333333333,0.06666666666666667,0.07407407407407407,1,0.06201550387596899,0.06201550387596899,0.06201550387596899,nan,nan
denovo_pdb__9dbu_A,3,244,True,81,81,24,0.2962962962962963,0.3582089552238806,0.32432432432432434,7,3,0.42857142857142855,0.42857142857142855,0.42857142857142855,22,9,0.4090909090909091,0.6,0.4864864864864865,52,12,0.23076923076923078,0.26666666666666666,0.24742268041237114,1,0.32432432432432434,0.32432432432432434,0.32432432432432434,nan,nan
denovo_pdb__9dbw_A,0,181,True,60,60,12,0.2,0.17142857142857143,0.18461538461538463,10,7,0.7,0.7,0.7,15,5,0.3333333333333333,0.35714285714285715,0.3448275862068965,35,0,0.0,0.0,0.0,1,0.18461538461538463,0.18461538461538463,0.18461538461538463,nan,nan
denovo_pdb__9dbw_A,1,97,True,32,32,2,0.0625,0.02857142857142857,0.0392156862745098,5,1,0.2,0.1,0.13333333333333333,12,1,0.08333333333333333,0.07142857142857142,0.07692307692307691,15,0,0.0,0.0,0.0,1,0.0392156862745098,0.0392156862745098,0.0392156862745098,nan,nan
denovo_pdb__9dbw_A,2,229,True,76,76,25,0.32894736842105265,0.35714285714285715,0.3424657534246575,12,6,0.5,0.6,0.5454545454545454,23,8,0.34782608695652173,0.5714285714285714,0.4324324324324324,41,11,0.2682926829268293,0.2391304347826087,0.25287356321839083,1,0.3424657534246575,0.3424657534246575,0.3424657534246575,nan,nan
denovo_pdb__9dbw_A,3,217,True,71,71,10,0.14084507042253522,0.14285714285714285,0.14184397163120568,8,4,0.5,0.4,0.4444444444444445,9,2,0.2222222222222222,0.14285714285714285,0.17391304347826086,54,4,0.07407407407407407,0.08695652173913043,0.07999999999999999,1,0.14184397163120568,0.14184397163120568,0.14184397163120568,nan,nan
denovo_pdb__9dd2_A,0,874,True,290,290,79,0.27241379310344827,0.3347457627118644,0.30038022813688214,40,20,0.5,0.6451612903225806,0.5633802816901409,41,13,0.3170731707317073,0.43333333333333335,0.36619718309859156,209,46,0.22009569377990432,0.26285714285714284,0.23958333333333334,1,0.30038022813688214,0.30038022813688214,0.30038022813688214,nan,nan
denovo_pdb__9dd2_A,1,811,True,270,270,52,0.1925925925925926,0.22033898305084745,0.20553359683794464,39,17,0.4358974358974359,0.5483870967741935,0.4857142857142857,52,15,0.28846153846153844,0.5,0.36585365853658536,179,20,0.11173184357541899,0.11428571428571428,0.11299435028248588,1,0.20553359683794464,0.20553359683794464,0.20553359683794464,nan,nan
denovo_pdb__9dd2_A,2,898,True,299,299,49,0.16387959866220736,0.2076271186440678,0.18317757009345795,36,18,0.5,0.5806451612903226,0.537313432835821,47,6,0.1276595744680851,0.2,0.1558441558441558,216,25,0.11574074074074074,0.14285714285714285,0.12787723785166238,1,0.18317757009345795,0.18317757009345795,0.18317757009345795,nan,nan
denovo_pdb__9dd2_A,3,954,True,311,311,41,0.13183279742765272,0.17372881355932204,0.14990859232175502,41,15,0.36585365853658536,0.4838709677419355,0.4166666666666667,54,8,0.14814814814814814,0.26666666666666666,0.19047619047619047,216,18,0.08333333333333333,0.10285714285714286,0.09207161125319692,1,0.14990859232175502,0.14990859232175502,0.14990859232175502,nan,nan
denovo_pdb__9dea_A,0,205,True,68,68,9,0.1323529411764706,0.17647058823529413,0.15126050420168066,10,3,0.3,0.375,0.33333333333333326,26,4,0.15384615384615385,0.3333333333333333,0.21052631578947367,32,2,0.0625,0.06451612903225806,0.06349206349206349,1,0.15126050420168066,0.15126050420168066,0.15126050420168066,nan,nan
denovo_pdb__9dea_A,1,193,True,63,63,9,0.14285714285714285,0.17647058823529413,0.15789473684210528,16,2,0.125,0.25,0.16666666666666666,21,2,0.09523809523809523,0.16666666666666666,0.12121212121212123,26,5,0.19230769230769232,0.16129032258064516,0.17543859649122806,1,0.15789473684210528,0.15789473684210528,0.15789473684210528,nan,nan
denovo_pdb__9dea_A,2,217,True,70,70,7,0.1,0.13725490196078433,0.11570247933884298,13,2,0.15384615384615385,0.25,0.1904761904761905,19,0,0.0,0.0,0.0,38,5,0.13157894736842105,0.16129032258064516,0.14492753623188406,1,0.11570247933884298,0.11570247933884298,0.11570247933884298,nan,nan
denovo_pdb__9dea_A,3,151,True,50,50,4,0.08,0.0784313725490196,0.0792079207920792,9,1,0.1111111111111111,0.125,0.11764705882352941,22,1,0.045454545454545456,0.08333333333333333,0.05882352941176471,19,2,0.10526315789473684,0.06451612903225806,0.07999999999999999,1,0.0792079207920792,0.0792079207920792,0.0792079207920792,nan,nan
denovo_pdb__9dw2_A,0,316,True,104,104,66,0.6346153846153846,0.6947368421052632,0.663316582914573,8,5,0.625,0.7142857142857143,0.6666666666666666,21,19,0.9047619047619048,0.7307692307692307,0.8085106382978723,75,42,0.56,0.6774193548387096,0.613138686131387,1,0.663316582914573,0.663316582914573,0.663316582914573,nan,nan
denovo_pdb__9dw2_A,1,283,True,94,94,50,0.5319148936170213,0.5263157894736842,0.5291005291005292,11,5,0.45454545454545453,0.7142857142857143,0.5555555555555556,23,16,0.6956521739130435,0.6153846153846154,0.6530612244897959,60,29,0.48333333333333334,0.46774193548387094,0.4754098360655738,1,0.5291005291005292,0.5291005291005292,0.5291005291005292,nan,nan
denovo_pdb__9dw2_A,2,244,True,81,81,26,0.32098765432098764,0.2736842105263158,0.2954545454545454,9,5,0.5555555555555556,0.7142857142857143,0.6250000000000001,22,9,0.4090909090909091,0.34615384615384615,0.37500000000000006,50,12,0.24,0.1935483870967742,0.21428571428571427,1,0.2954545454545454,0.2954545454545454,0.2954545454545454,nan,nan
denovo_pdb__9dw2_A,3,253,True,83,83,51,0.6144578313253012,0.5368421052631579,0.5730337078651686,6,4,0.6666666666666666,0.5714285714285714,0.6153846153846153,21,15,0.7142857142857143,0.5769230769230769,0.6382978723404256,56,32,0.5714285714285714,0.5161290322580645,0.5423728813559322,1,0.5730337078651686,0.5730337078651686,0.5730337078651686,nan,nan
denovo_pdb__9fw7_A,0,691,True,229,229,19,0.08296943231441048,0.09405940594059406,0.08816705336426914,34,8,0.23529411764705882,0.5,0.31999999999999995,45,9,0.2,0.34615384615384615,0.2535211267605634,150,2,0.013333333333333334,0.0125,0.012903225806451615,1,0.08816705336426914,0.08816705336426914,0.08816705336426914,nan,nan
denovo_pdb__9fw7_A,1,358,True,119,119,12,0.10084033613445378,0.0594059405940594,0.07476635514018692,12,1,0.08333333333333333,0.0625,0.07142857142857144,18,4,0.2222222222222222,0.15384615384615385,0.18181818181818185,89,7,0.07865168539325842,0.04375,0.05622489959839357,1,0.07476635514018692,0.07476635514018692,0.07476635514018692,nan,nan
denovo_pdb__9fw7_A,2,637,True,212,212,33,0.15566037735849056,0.16336633663366337,0.15942028985507245,26,8,0.3076923076923077,0.5,0.380952380952381,22,7,0.3181818181818182,0.2692307692307692,0.2916666666666667,164,18,0.10975609756097561,0.1125,0.11111111111111112,1,0.15942028985507245,0.15942028985507245,0.15942028985507245,nan,nan
denovo_pdb__9fw7_A,3,618,True,202,202,20,0.09900990099009901,0.09900990099009901,0.09900990099009901,21,4,0.19047619047619047,0.25,0.2162162162162162,18,4,0.2222222222222222,0.15384615384615385,0.18181818181818185,163,12,0.0736196319018405,0.075,0.07430340557275542,1,0.09900990099009901,0.09900990099009901,0.09900990099009901,nan,nan
denovo_pdb__9gvf_A,0,712,True,232,232,42,0.1810344827586207,0.2916666666666667,0.22340425531914893,26,13,0.5,0.43333333333333335,0.4642857142857143,47,9,0.19148936170212766,0.3,0.23376623376623376,159,20,0.12578616352201258,0.23809523809523808,0.16460905349794236,1,0.22340425531914893,0.22340425531914893,0.22340425531914893,nan,nan
denovo_pdb__9gvf_A,1,424,True,138,138,17,0.12318840579710146,0.11805555555555555,0.12056737588652482,37,12,0.32432432432432434,0.4,0.3582089552238806,42,4,0.09523809523809523,0.13333333333333333,0.1111111111111111,59,1,0.01694915254237288,0.011904761904761904,0.013986013986013986,1,0.12056737588652482,0.12056737588652482,0.12056737588652482,nan,nan
denovo_pdb__9gvf_A,2,511,True,169,169,11,0.0650887573964497,0.0763888888888889,0.07028753993610223,25,8,0.32,0.26666666666666666,0.2909090909090909,32,2,0.0625,0.06666666666666667,0.06451612903225808,112,1,0.008928571428571428,0.011904761904761904,0.01020408163265306,1,0.07028753993610223,0.07028753993610223,0.07028753993610223,nan,nan
denovo_pdb__9gvf_A,3,592,True,192,192,19,0.09895833333333333,0.13194444444444445,0.11309523809523808,37,11,0.2972972972972973,0.36666666666666664,0.3283582089552239,36,5,0.1388888888888889,0.16666666666666666,0.1515151515151515,119,3,0.025210084033613446,0.03571428571428571,0.02955665024630542,1,0.11309523809523808,0.11309523809523808,0.11309523809523808,nan,nan
denovo_pdb__9h3c_A,0,478,True,159,159,11,0.06918238993710692,0.07746478873239436,0.07308970099667773,17,7,0.4117647058823529,0.2,0.2692307692307692,33,1,0.030303030303030304,0.03333333333333333,0.03174603174603175,109,3,0.027522935779816515,0.03896103896103896,0.03225806451612903,1,0.07308970099667773,0.07308970099667773,0.07308970099667773,nan,nan
denovo_pdb__9h3c_A,1,556,True,184,184,21,0.11413043478260869,0.14788732394366197,0.12883435582822086,33,10,0.30303030303030304,0.2857142857142857,0.2941176470588235,40,7,0.175,0.23333333333333334,0.2,111,4,0.036036036036036036,0.05194805194805195,0.0425531914893617,1,0.12883435582822086,0.12883435582822086,0.12883435582822086,nan,nan
denovo_pdb__9h3c_A,2,643,True,211,211,20,0.0947867298578199,0.14084507042253522,0.11331444759206799,21,12,0.5714285714285714,0.34285714285714286,0.42857142857142855,47,2,0.0425531914893617,0.06666666666666667,0.051948051948051945,143,6,0.04195804195804196,0.07792207792207792,0.05454545454545455,1,0.11331444759206799,0.11331444759206799,0.11331444759206799,nan,nan
denovo_pdb__9h3c_A,3,505,True,167,167,28,0.16766467065868262,0.19718309859154928,0.18122977346278318,25,12,0.48,0.34285714285714286,0.39999999999999997,36,6,0.16666666666666666,0.2,0.1818181818181818,106,10,0.09433962264150944,0.12987012987012986,0.10928961748633881,1,0.18122977346278318,0.18122977346278318,0.18122977346278318,nan,nan
denovo_pdb__9hag_A,0,232,True,77,77,42,0.5454545454545454,0.5185185185185185,0.5316455696202531,30,20,0.6666666666666666,0.9090909090909091,0.7692307692307692,39,21,0.5384615384615384,0.6176470588235294,0.5753424657534247,8,1,0.125,0.04,0.06060606060606061,1,0.5316455696202531,0.5316455696202531,0.5316455696202531,nan,nan
denovo_pdb__9hag_A,1,220,True,73,73,26,0.3561643835616438,0.32098765432098764,0.33766233766233766,29,14,0.4827586206896552,0.6363636363636364,0.5490196078431373,37,12,0.32432432432432434,0.35294117647058826,0.3380281690140845,7,0,0.0,0.0,0.0,1,0.33766233766233766,0.33766233766233766,0.33766233766233766,nan,nan
denovo_pdb__9hag_A,2,268,True,89,89,35,0.39325842696629215,0.43209876543209874,0.4117647058823529,23,14,0.6086956521739131,0.6363636363636364,0.6222222222222223,48,21,0.4375,0.6176470588235294,0.5121951219512195,18,0,0.0,0.0,0.0,1,0.4117647058823529,0.4117647058823529,0.4117647058823529,nan,nan
denovo_pdb__9hag_A,3,298,True,99,99,45,0.45454545454545453,0.5555555555555556,0.5,28,20,0.7142857142857143,0.9090909090909091,0.8,37,23,0.6216216216216216,0.6764705882352942,0.6478873239436619,34,2,0.058823529411764705,0.08,0.06779661016949153,1,0.5,0.5,0.5,nan,nan
denovo_pdb__9jl8_A,0,445,True,148,148,19,0.12837837837837837,0.1043956043956044,0.11515151515151516,22,8,0.36363636363636365,0.38095238095238093,0.37209302325581395,25,4,0.16,0.1111111111111111,0.13114754098360656,101,7,0.06930693069306931,0.056,0.06194690265486726,1,0.11515151515151516,0.11515151515151516,0.11515151515151516,nan,nan
denovo_pdb__9jl8_A,1,427,True,142,142,14,0.09859154929577464,0.07692307692307693,0.08641975308641976,30,3,0.1,0.14285714285714285,0.11764705882352941,28,2,0.07142857142857142,0.05555555555555555,0.0625,84,9,0.10714285714285714,0.072,0.08612440191387559,1,0.08641975308641976,0.08641975308641976,0.08641975308641976,nan,nan
denovo_pdb__9jl8_A,2,310,True,103,103,29,0.2815533980582524,0.15934065934065933,0.20350877192982456,21,6,0.2857142857142857,0.2857142857142857,0.2857142857142857,21,6,0.2857142857142857,0.16666666666666666,0.2105263157894737,61,17,0.2786885245901639,0.136,0.1827956989247312,1,0.20350877192982456,0.20350877192982456,0.20350877192982456,nan,nan
denovo_pdb__9jl8_A,3,376,True,125,125,29,0.232,0.15934065934065933,0.18892508143322476,25,7,0.28,0.3333333333333333,0.30434782608695654,30,6,0.2,0.16666666666666666,0.1818181818181818,70,16,0.22857142857142856,0.128,0.1641025641025641,1,0.18892508143322476,0.18892508143322476,0.18892508143322476,nan,nan
denovo_pdb__9jla_A,0,418,True,139,139,16,0.11510791366906475,0.09090909090909091,0.10158730158730159,25,6,0.24,0.2608695652173913,0.24999999999999994,28,3,0.10714285714285714,0.0967741935483871,0.10169491525423728,86,7,0.08139534883720931,0.05737704918032787,0.0673076923076923,1,0.10158730158730159,0.10158730158730159,0.10158730158730159,nan,nan
denovo_pdb__9jla_A,1,547,True,181,181,30,0.16574585635359115,0.17045454545454544,0.1680672268907563,29,11,0.3793103448275862,0.4782608695652174,0.4230769230769231,44,7,0.1590909090909091,0.22580645161290322,0.18666666666666665,108,12,0.1111111111111111,0.09836065573770492,0.10434782608695653,1,0.1680672268907563,0.1680672268907563,0.1680672268907563,nan,nan
denovo_pdb__9jla_A,2,577,True,191,191,13,0.06806282722513089,0.07386363636363637,0.07084468664850137,30,6,0.2,0.2608695652173913,0.22641509433962265,31,2,0.06451612903225806,0.06451612903225806,0.06451612903225806,130,5,0.038461538461538464,0.040983606557377046,0.03968253968253969,1,0.07084468664850137,0.07084468664850137,0.07084468664850137,nan,nan
denovo_pdb__9jla_A,3,478,True,159,159,25,0.15723270440251572,0.14204545454545456,0.1492537313432836,26,5,0.19230769230769232,0.21739130434782608,0.20408163265306123,19,7,0.3684210526315789,0.22580645161290322,0.28,114,13,0.11403508771929824,0.10655737704918032,0.11016949152542373,1,0.1492537313432836,0.1492537313432836,0.1492537313432836,nan,nan
denovo_pdb__9jwq_A,0,823,True,272,272,54,0.19852941176470587,0.2125984251968504,0.2053231939163498,28,8,0.2857142857142857,0.3333333333333333,0.30769230769230765,56,13,0.23214285714285715,0.28888888888888886,0.25742574257425743,188,33,0.17553191489361702,0.1783783783783784,0.1769436997319035,1,0.2053231939163498,0.2053231939163498,0.2053231939163498,nan,nan
denovo_pdb__9jwq_A,1,997,True,327,327,47,0.1437308868501529,0.18503937007874016,0.16179001721170394,43,12,0.27906976744186046,0.5,0.3582089552238806,31,6,0.1935483870967742,0.13333333333333333,0.15789473684210525,253,29,0.11462450592885376,0.15675675675675677,0.1324200913242009,1,0.16179001721170394,0.16179001721170394,0.16179001721170394,nan,nan
denovo_pdb__9jwq_A,2,826,True,275,275,42,0.15272727272727274,0.16535433070866143,0.15879017013232516,30,4,0.13333333333333333,0.16666666666666666,0.14814814814814814,46,10,0.21739130434782608,0.2222222222222222,0.2197802197802198,199,28,0.1407035175879397,0.15135135135135136,0.14583333333333334,1,0.15879017013232516,0.15879017013232516,0.15879017013232516,nan,nan
denovo_pdb__9jwq_A,3,766,True,255,255,42,0.16470588235294117,0.16535433070866143,0.1650294695481336,28,10,0.35714285714285715,0.4166666666666667,0.3846153846153846,37,7,0.1891891891891892,0.15555555555555556,0.17073170731707318,190,25,0.13157894736842105,0.13513513513513514,0.13333333333333333,1,0.1650294695481336,0.1650294695481336,0.1650294695481336,nan,nan
denovo_pdb__9kgz_A,0,598,True,198,198,35,0.17676767676767677,0.23809523809523808,0.2028985507246377,28,9,0.32142857142857145,0.4090909090909091,0.36000000000000004,46,18,0.391304347826087,0.45,0.4186046511627907,124,8,0.06451612903225806,0.09411764705882353,0.07655502392344497,1,0.2028985507246377,0.2028985507246377,0.2028985507246377,nan,nan
denovo_pdb__9kgz_A,1,205,True,68,68,20,0.29411764705882354,0.1360544217687075,0.18604651162790697,12,5,0.4166666666666667,0.22727272727272727,0.29411764705882354,22,11,0.5,0.275,0.3548387096774194,34,4,0.11764705882352941,0.047058823529411764,0.06722689075630252,1,0.18604651162790697,0.18604651162790697,0.18604651162790697,nan,nan
denovo_pdb__9kgz_A,2,475,True,157,157,31,0.19745222929936307,0.2108843537414966,0.20394736842105263,17,6,0.35294117647058826,0.2727272727272727,0.30769230769230765,28,12,0.42857142857142855,0.3,0.3529411764705882,112,13,0.11607142857142858,0.15294117647058825,0.1319796954314721,1,0.20394736842105263,0.20394736842105263,0.20394736842105263,nan,nan
denovo_pdb__9kgz_A,3,544,True,181,181,39,0.2154696132596685,0.2653061224489796,0.23780487804878048,16,5,0.3125,0.22727272727272727,0.2631578947368421,34,9,0.2647058823529412,0.225,0.24324324324324323,131,25,0.19083969465648856,0.29411764705882354,0.23148148148148145,1,0.23780487804878048,0.23780487804878048,0.23780487804878048,nan,nan
denovo_pdb__9lni_A,0,766,True,251,251,33,0.13147410358565736,0.15,0.14012738853503182,31,9,0.2903225806451613,0.4090909090909091,0.339622641509434,43,12,0.27906976744186046,0.3,0.2891566265060241,177,12,0.06779661016949153,0.0759493670886076,0.07164179104477612,1,0.14012738853503182,0.14012738853503182,0.14012738853503182,nan,nan
denovo_pdb__9lni_A,1,652,True,214,214,32,0.14953271028037382,0.14545454545454545,0.14746543778801846,27,7,0.25925925925925924,0.3181818181818182,0.2857142857142857,39,9,0.23076923076923078,0.225,0.22784810126582278,148,16,0.10810810810810811,0.10126582278481013,0.10457516339869281,1,0.14746543778801846,0.14746543778801846,0.14746543778801846,nan,nan
denovo_pdb__9lni_A,2,991,True,314,314,31,0.09872611464968153,0.1409090909090909,0.11610486891385768,24,6,0.25,0.2727272727272727,0.2608695652173913,55,11,0.2,0.275,0.23157894736842108,235,14,0.059574468085106386,0.08860759493670886,0.07124681933842239,1,0.11610486891385768,0.11610486891385768,0.11610486891385768,nan,nan
denovo_pdb__9lni_A,3,442,True,147,147,14,0.09523809523809523,0.06363636363636363,0.0762942779291553,19,3,0.15789473684210525,0.13636363636363635,0.14634146341463414,20,5,0.25,0.125,0.16666666666666666,108,6,0.05555555555555555,0.0379746835443038,0.04511278195488721,1,0.0762942779291553,0.0762942779291553,0.0762942779291553,nan,nan
denovo_pdb__9mrb_A,0,187,True,62,62,9,0.14516129032258066,0.08571428571428572,0.10778443113772455,18,6,0.3333333333333333,0.4,0.3636363636363636,20,2,0.1,0.09090909090909091,0.09523809523809525,24,1,0.041666666666666664,0.014705882352941176,0.02173913043478261,1,0.10778443113772455,0.10778443113772455,0.10778443113772455,nan,nan
denovo_pdb__9mrb_A,1,262,True,87,87,7,0.08045977011494253,0.06666666666666667,0.07291666666666666,17,3,0.17647058823529413,0.2,0.18750000000000003,8,0,0.0,0.0,0.0,62,4,0.06451612903225806,0.058823529411764705,0.061538461538461535,1,0.07291666666666666,0.07291666666666666,0.07291666666666666,nan,nan
denovo_pdb__9mrb_A,2,292,True,97,97,12,0.12371134020618557,0.11428571428571428,0.11881188118811882,28,8,0.2857142857142857,0.5333333333333333,0.37209302325581395,17,3,0.17647058823529413,0.13636363636363635,0.15384615384615383,52,1,0.019230769230769232,0.014705882352941176,0.016666666666666666,1,0.11881188118811882,0.11881188118811882,0.11881188118811882,nan,nan
denovo_pdb__9mrb_A,3,172,True,57,57,5,0.08771929824561403,0.047619047619047616,0.06172839506172839,17,5,0.29411764705882354,0.3333333333333333,0.3125,9,0,0.0,0.0,0.0,31,0,0.0,0.0,0.0,1,0.06172839506172839,0.06172839506172839,0.06172839506172839,nan,nan
denovo_pdb__9n0j_A,0,364,True,120,120,27,0.225,0.25961538461538464,0.24107142857142858,8,3,0.375,1.0,0.5454545454545454,21,8,0.38095238095238093,0.5333333333333333,0.4444444444444444,91,16,0.17582417582417584,0.18604651162790697,0.18079096045197737,1,0.24107142857142858,0.24107142857142858,0.24107142857142858,nan,nan
denovo_pdb__9n0j_A,1,289,True,96,96,33,0.34375,0.3173076923076923,0.32999999999999996,12,3,0.25,1.0,0.4,22,11,0.5,0.7333333333333333,0.5945945945945945,62,19,0.3064516129032258,0.22093023255813954,0.25675675675675674,1,0.32999999999999996,0.32999999999999996,0.32999999999999996,nan,nan
denovo_pdb__9n0j_A,2,250,True,83,83,33,0.39759036144578314,0.3173076923076923,0.35294117647058815,7,2,0.2857142857142857,0.6666666666666666,0.4,19,9,0.47368421052631576,0.6,0.5294117647058824,57,22,0.38596491228070173,0.2558139534883721,0.3076923076923077,1,0.35294117647058815,0.35294117647058815,0.35294117647058815,nan,nan
denovo_pdb__9n0j_A,3,313,True,104,104,24,0.23076923076923078,0.23076923076923078,0.23076923076923078,4,2,0.5,0.6666666666666666,0.5714285714285715,21,4,0.19047619047619047,0.26666666666666666,0.2222222222222222,79,18,0.22784810126582278,0.20930232558139536,0.21818181818181817,1,0.23076923076923078,0.23076923076923078,0.23076923076923078,nan,nan
denovo_pdb__9qrf_A,0,463,True,154,154,26,0.16883116883116883,0.12093023255813953,0.14092140921409213,37,7,0.1891891891891892,0.19444444444444445,0.1917808219178082,54,8,0.14814814814814814,0.16666666666666666,0.15686274509803924,63,11,0.1746031746031746,0.08396946564885496,0.11340206185567012,1,0.14092140921409213,0.14092140921409213,0.14092140921409213,nan,nan
denovo_pdb__9qrf_A,1,403,True,134,134,18,0.13432835820895522,0.08372093023255814,0.10315186246418338,31,9,0.2903225806451613,0.25,0.2686567164179105,37,8,0.21621621621621623,0.16666666666666666,0.18823529411764706,66,1,0.015151515151515152,0.007633587786259542,0.010152284263959392,1,0.10315186246418338,0.10315186246418338,0.10315186246418338,nan,nan
denovo_pdb__9qrf_A,2,337,True,111,111,10,0.09009009009009009,0.046511627906976744,0.061349693251533735,23,5,0.21739130434782608,0.1388888888888889,0.1694915254237288,25,4,0.16,0.08333333333333333,0.1095890410958904,63,1,0.015873015873015872,0.007633587786259542,0.010309278350515464,1,0.061349693251533735,0.061349693251533735,0.061349693251533735,nan,nan
denovo_pdb__9qrf_A,3,592,True,197,197,17,0.08629441624365482,0.07906976744186046,0.0825242718446602,45,10,0.2222222222222222,0.2777777777777778,0.24691358024691357,58,5,0.08620689655172414,0.10416666666666667,0.09433962264150944,94,2,0.02127659574468085,0.015267175572519083,0.017777777777777778,1,0.0825242718446602,0.0825242718446602,0.0825242718446602,nan,nan
denovo_pdb__9qud_A,0,469,True,156,156,37,0.23717948717948717,0.24025974025974026,0.23870967741935487,17,12,0.7058823529411765,0.46153846153846156,0.558139534883721,29,11,0.3793103448275862,0.44,0.4074074074074074,110,14,0.12727272727272726,0.13592233009708737,0.13145539906103287,1,0.23870967741935487,0.23870967741935487,0.23870967741935487,nan,nan
denovo_pdb__9qud_A,1,451,True,150,150,31,0.20666666666666667,0.2012987012987013,0.20394736842105265,24,12,0.5,0.46153846153846156,0.48000000000000004,37,9,0.24324324324324326,0.36,0.2903225806451613,89,10,0.11235955056179775,0.0970873786407767,0.10416666666666666,1,0.20394736842105265,0.20394736842105265,0.20394736842105265,nan,nan
denovo_pdb__9qud_A,2,502,True,165,165,32,0.19393939393939394,0.2077922077922078,0.2006269592476489,28,14,0.5,0.5384615384615384,0.5185185185185186,30,5,0.16666666666666666,0.2,0.1818181818181818,107,13,0.12149532710280374,0.1262135922330097,0.1238095238095238,1,0.2006269592476489,0.2006269592476489,0.2006269592476489,nan,nan
denovo_pdb__9qud_A,3,394,True,131,131,28,0.21374045801526717,0.18181818181818182,0.19649122807017544,23,16,0.6956521739130435,0.6153846153846154,0.6530612244897959,18,4,0.2222222222222222,0.16,0.18604651162790697,90,8,0.08888888888888889,0.07766990291262135,0.08290155440414508,1,0.19649122807017544,0.19649122807017544,0.19649122807017544,nan,nan
denovo_pdb__9qul_A,0,403,True,133,133,27,0.20300751879699247,0.16981132075471697,0.18493150684931506,23,11,0.4782608695652174,0.44,0.4583333333333333,24,3,0.125,0.11538461538461539,0.12000000000000001,86,13,0.1511627906976744,0.12037037037037036,0.13402061855670105,1,0.18493150684931506,0.18493150684931506,0.18493150684931506,nan,nan
denovo_pdb__9qul_A,1,457,True,151,151,32,0.2119205298013245,0.20125786163522014,0.2064516129032258,17,11,0.6470588235294118,0.44,0.5238095238095238,25,7,0.28,0.2692307692307692,0.27450980392156865,109,14,0.12844036697247707,0.12962962962962962,0.12903225806451613,1,0.2064516129032258,0.2064516129032258,0.2064516129032258,nan,nan
denovo_pdb__9qul_A,2,526,True,174,174,31,0.1781609195402299,0.1949685534591195,0.1861861861861862,28,14,0.5,0.56,0.5283018867924528,25,6,0.24,0.23076923076923078,0.23529411764705882,121,11,0.09090909090909091,0.10185185185185185,0.09606986899563319,1,0.1861861861861862,0.1861861861861862,0.1861861861861862,nan,nan
denovo_pdb__9qul_A,3,397,True,132,132,35,0.26515151515151514,0.22012578616352202,0.24054982817869416,22,11,0.5,0.44,0.46808510638297873,36,5,0.1388888888888889,0.19230769230769232,0.16129032258064516,74,19,0.25675675675675674,0.17592592592592593,0.2087912087912088,1,0.24054982817869416,0.24054982817869416,0.24054982817869416,nan,nan
denovo_pdb__9r00_A,0,502,True,165,165,28,0.1696969696969697,0.17177914110429449,0.17073170731707318,35,12,0.34285714285714286,0.42857142857142855,0.38095238095238093,46,13,0.2826086956521739,0.22033898305084745,0.2476190476190476,84,3,0.03571428571428571,0.039473684210526314,0.0375,1,0.17073170731707318,0.17073170731707318,0.17073170731707318,nan,nan
denovo_pdb__9r00_A,1,6960,False,334,334,43,0.12874251497005987,0.26380368098159507,0.1730382293762575,58,14,0.2413793103448276,0.5,0.32558139534883723,104,26,0.25,0.4406779661016949,0.3190184049079755,172,3,0.01744186046511628,0.039473684210526314,0.02419354838709677,1,0.1730382293762575,0.1730382293762575,0.1730382293762575,nan,nan
denovo_pdb__9r00_A,2,427,True,142,142,28,0.19718309859154928,0.17177914110429449,0.1836065573770492,39,5,0.1282051282051282,0.17857142857142858,0.14925373134328357,48,20,0.4166666666666667,0.3389830508474576,0.37383177570093457,55,3,0.05454545454545454,0.039473684210526314,0.045801526717557245,1,0.1836065573770492,0.1836065573770492,0.1836065573770492,nan,nan
denovo_pdb__9r00_A,3,301,True,100,100,35,0.35,0.2147239263803681,0.2661596958174905,27,10,0.37037037037037035,0.35714285714285715,0.36363636363636365,31,21,0.6774193548387096,0.3559322033898305,0.4666666666666666,42,4,0.09523809523809523,0.05263157894736842,0.06779661016949153,1,0.2661596958174905,0.2661596958174905,0.2661596958174905,nan,nan
denovo_pdb__9r17_A,0,262,True,87,87,28,0.3218390804597701,0.32558139534883723,0.323699421965318,21,12,0.5714285714285714,0.5454545454545454,0.5581395348837208,28,10,0.35714285714285715,0.3333333333333333,0.3448275862068965,38,6,0.15789473684210525,0.17647058823529413,0.16666666666666669,1,0.323699421965318,0.323699421965318,0.323699421965318,nan,nan
denovo_pdb__9r17_A,1,253,True,84,84,14,0.16666666666666666,0.16279069767441862,0.16470588235294115,18,4,0.2222222222222222,0.18181818181818182,0.19999999999999998,23,7,0.30434782608695654,0.23333333333333334,0.26415094339622636,43,3,0.06976744186046512,0.08823529411764706,0.07792207792207792,1,0.16470588235294115,0.16470588235294115,0.16470588235294115,nan,nan
denovo_pdb__9r17_A,2,298,True,99,99,27,0.2727272727272727,0.313953488372093,0.2918918918918919,24,14,0.5833333333333334,0.6363636363636364,0.6086956521739131,26,11,0.4230769230769231,0.36666666666666664,0.3928571428571428,49,2,0.04081632653061224,0.058823529411764705,0.048192771084337345,1,0.2918918918918919,0.2918918918918919,0.2918918918918919,nan,nan
denovo_pdb__9r17_A,3,283,True,94,94,35,0.3723404255319149,0.4069767441860465,0.3888888888888889,30,17,0.5666666666666667,0.7727272727272727,0.6538461538461539,34,16,0.47058823529411764,0.5333333333333333,0.5,30,2,0.06666666666666667,0.058823529411764705,0.0625,1,0.3888888888888889,0.3888888888888889,0.3888888888888889,nan,nan
denovo_pdb__9r1k_A,0,277,True,92,92,8,0.08695652173913043,0.07692307692307693,0.08163265306122448,10,1,0.1,0.09090909090909091,0.09523809523809525,14,3,0.21428571428571427,0.15789473684210525,0.18181818181818182,68,4,0.058823529411764705,0.05405405405405406,0.056338028169014086,1,0.08163265306122448,0.08163265306122448,0.08163265306122448,nan,nan
denovo_pdb__9r1k_A,1,136,True,45,45,1,0.022222222222222223,0.009615384615384616,0.013422818791946312,7,1,0.14285714285714285,0.09090909090909091,0.1111111111111111,11,0,0.0,0.0,0.0,27,0,0.0,0.0,0.0,1,0.013422818791946312,0.013422818791946312,0.013422818791946312,nan,nan
denovo_pdb__9r1k_A,2,226,True,75,75,13,0.17333333333333334,0.125,0.1452513966480447,8,1,0.125,0.09090909090909091,0.10526315789473685,11,3,0.2727272727272727,0.15789473684210525,0.19999999999999998,56,9,0.16071428571428573,0.12162162162162163,0.13846153846153847,1,0.1452513966480447,0.1452513966480447,0.1452513966480447,nan,nan
denovo_pdb__9r1k_A,3,73,True,24,24,6,0.25,0.057692307692307696,0.09375,5,2,0.4,0.18181818181818182,0.25000000000000006,10,2,0.2,0.10526315789473684,0.13793103448275862,9,2,0.2222222222222222,0.02702702702702703,0.04819277108433735,1,0.09375,0.09375,0.09375,nan,nan
denovo_pdb__9r1m_A,0,367,True,121,121,15,0.12396694214876033,0.1388888888888889,0.13100436681222707,7,2,0.2857142857142857,0.2,0.23529411764705882,27,7,0.25925925925925924,0.3333333333333333,0.2916666666666667,87,6,0.06896551724137931,0.07792207792207792,0.07317073170731707,1,0.13100436681222707,0.13100436681222707,0.13100436681222707,nan,nan
denovo_pdb__9r1m_A,1,433,True,143,143,48,0.3356643356643357,0.4444444444444444,0.3824701195219124,13,3,0.23076923076923078,0.3,0.2608695652173913,31,11,0.3548387096774194,0.5238095238095238,0.4230769230769231,99,34,0.3434343434343434,0.44155844155844154,0.3863636363636364,1,0.3824701195219124,0.3824701195219124,0.3824701195219124,nan,nan
denovo_pdb__9r1m_A,2,301,True,99,99,56,0.5656565656565656,0.5185185185185185,0.5410628019323672,7,4,0.5714285714285714,0.4,0.47058823529411764,25,14,0.56,0.6666666666666666,0.6086956521739131,67,38,0.5671641791044776,0.4935064935064935,0.5277777777777777,1,0.5410628019323672,0.5410628019323672,0.5410628019323672,nan,nan
denovo_pdb__9r1m_A,3,289,True,96,96,39,0.40625,0.3611111111111111,0.38235294117647056,14,5,0.35714285714285715,0.5,0.41666666666666663,22,14,0.6363636363636364,0.6666666666666666,0.6511627906976744,60,20,0.3333333333333333,0.2597402597402597,0.29197080291970795,1,0.38235294117647056,0.38235294117647056,0.38235294117647056,nan,nan
denovo_pdb__9r2k_A,0,637,True,206,206,28,0.13592233009708737,0.12612612612612611,0.1308411214953271,27,8,0.2962962962962963,0.21621621621621623,0.25,32,10,0.3125,0.23255813953488372,0.2666666666666667,147,10,0.06802721088435375,0.07042253521126761,0.06920415224913495,1,0.1308411214953271,0.1308411214953271,0.1308411214953271,nan,nan
denovo_pdb__9r2k_A,1,631,True,208,208,36,0.17307692307692307,0.16216216216216217,0.16744186046511628,44,14,0.3181818181818182,0.3783783783783784,0.345679012345679,49,13,0.2653061224489796,0.3023255813953488,0.28260869565217395,115,9,0.0782608695652174,0.06338028169014084,0.07003891050583658,1,0.16744186046511628,0.16744186046511628,0.16744186046511628,nan,nan
denovo_pdb__9r2k_A,2,313,True,104,104,24,0.23076923076923078,0.10810810810810811,0.147239263803681,24,9,0.375,0.24324324324324326,0.2950819672131148,21,8,0.38095238095238093,0.18604651162790697,0.25,59,7,0.11864406779661017,0.04929577464788732,0.06965174129353234,1,0.147239263803681,0.147239263803681,0.147239263803681,nan,nan
denovo_pdb__9r2k_A,3,775,True,253,253,41,0.16205533596837945,0.18468468468468469,0.1726315789473684,47,12,0.2553191489361702,0.32432432432432434,0.28571428571428575,58,20,0.3448275862068966,0.46511627906976744,0.39603960396039606,148,9,0.060810810810810814,0.06338028169014084,0.06206896551724138,1,0.1726315789473684,0.1726315789473684,0.1726315789473684,nan,nan
denovo_pdb__9raa_A,0,574,True,190,190,14,0.07368421052631578,0.10294117647058823,0.08588957055214724,22,6,0.2727272727272727,0.24,0.2553191489361702,29,3,0.10344827586206896,0.0967741935483871,0.09999999999999999,139,5,0.03597122302158273,0.0625,0.045662100456621,1,0.08588957055214724,0.08588957055214724,0.08588957055214724,nan,nan
denovo_pdb__9raa_A,1,634,True,206,206,39,0.18932038834951456,0.2867647058823529,0.22807017543859648,35,11,0.3142857142857143,0.44,0.3666666666666667,49,10,0.20408163265306123,0.3225806451612903,0.25000000000000006,122,18,0.14754098360655737,0.225,0.1782178217821782,1,0.22807017543859648,0.22807017543859648,0.22807017543859648,nan,nan
denovo_pdb__9raa_A,2,529,True,175,175,33,0.18857142857142858,0.2426470588235294,0.2122186495176849,28,14,0.5,0.56,0.5283018867924528,42,4,0.09523809523809523,0.12903225806451613,0.1095890410958904,105,15,0.14285714285714285,0.1875,0.16216216216216214,1,0.2122186495176849,0.2122186495176849,0.2122186495176849,nan,nan
denovo_pdb__9raa_A,3,646,True,206,206,19,0.09223300970873786,0.13970588235294118,0.1111111111111111,30,11,0.36666666666666664,0.44,0.4,35,4,0.11428571428571428,0.12903225806451613,0.12121212121212123,141,4,0.028368794326241134,0.05,0.03619909502262444,1,0.1111111111111111,0.1111111111111111,0.1111111111111111,nan,nan
denovo_pdb__9rar_A,0,388,True,129,129,9,0.06976744186046512,0.0625,0.06593406593406592,21,3,0.14285714285714285,0.11538461538461539,0.12765957446808512,48,2,0.041666666666666664,0.06451612903225806,0.05063291139240506,60,4,0.06666666666666667,0.04597701149425287,0.054421768707483,1,0.06593406593406592,0.06593406593406592,0.06593406593406592,nan,nan
denovo_pdb__9rar_A,1,610,True,201,201,47,0.23383084577114427,0.3263888888888889,0.27246376811594203,39,14,0.358974358974359,0.5384615384615384,0.4307692307692308,41,10,0.24390243902439024,0.3225806451612903,0.2777777777777778,121,23,0.19008264462809918,0.26436781609195403,0.22115384615384615,1,0.27246376811594203,0.27246376811594203,0.27246376811594203,nan,nan
denovo_pdb__9rar_A,2,661,True,209,209,18,0.0861244019138756,0.125,0.1019830028328612,28,8,0.2857142857142857,0.3076923076923077,0.29629629629629634,29,6,0.20689655172413793,0.1935483870967742,0.19999999999999998,152,4,0.02631578947368421,0.04597701149425287,0.03347280334728033,1,0.1019830028328612,0.1019830028328612,0.1019830028328612,nan,nan
denovo_pdb__9rar_A,3,568,True,189,189,27,0.14285714285714285,0.1875,0.16216216216216214,35,12,0.34285714285714286,0.46153846153846156,0.3934426229508197,45,7,0.15555555555555556,0.22580645161290322,0.18421052631578946,109,8,0.07339449541284404,0.09195402298850575,0.08163265306122448,1,0.16216216216216214,0.16216216216216214,0.16216216216216214,nan,nan
denovo_pdb__9rbe_A,0,403,True,133,133,13,0.09774436090225563,0.09420289855072464,0.0959409594095941,26,7,0.2692307692307692,0.25,0.2592592592592593,51,4,0.0784313725490196,0.13333333333333333,0.09876543209876543,56,2,0.03571428571428571,0.025,0.029411764705882353,1,0.0959409594095941,0.0959409594095941,0.0959409594095941,nan,nan
denovo_pdb__9rbe_A,1,570,True,185,185,39,0.21081081081081082,0.2826086956521739,0.24148606811145512,25,10,0.4,0.35714285714285715,0.3773584905660378,39,12,0.3076923076923077,0.4,0.34782608695652173,121,17,0.14049586776859505,0.2125,0.1691542288557214,1,0.24148606811145512,0.24148606811145512,0.24148606811145512,nan,nan
denovo_pdb__9rbe_A,2,715,True,227,227,31,0.13656387665198239,0.2246376811594203,0.16986301369863013,33,14,0.42424242424242425,0.5,0.4590163934426229,47,7,0.14893617021276595,0.23333333333333334,0.18181818181818182,147,10,0.06802721088435375,0.125,0.0881057268722467,1,0.16986301369863013,0.16986301369863013,0.16986301369863013,nan,nan
denovo_pdb__9rbe_A,3,661,True,218,218,41,0.18807339449541285,0.2971014492753623,0.2303370786516854,45,17,0.37777777777777777,0.6071428571428571,0.4657534246575342,56,9,0.16071428571428573,0.3,0.20930232558139533,117,15,0.1282051282051282,0.1875,0.15228426395939085,1,0.2303370786516854,0.2303370786516854,0.2303370786516854,nan,nan
denovo_pdb__9tas_A,0,268,True,89,89,21,0.23595505617977527,0.22105263157894736,0.22826086956521738,15,5,0.3333333333333333,0.7142857142857143,0.4545454545454545,19,6,0.3157894736842105,0.2727272727272727,0.2926829268292683,55,10,0.18181818181818182,0.15151515151515152,0.16528925619834708,1,0.22826086956521738,0.22826086956521738,0.22826086956521738,nan,nan
denovo_pdb__9tas_A,1,340,True,113,113,16,0.1415929203539823,0.16842105263157894,0.15384615384615385,16,3,0.1875,0.42857142857142855,0.26086956521739124,35,11,0.3142857142857143,0.5,0.38596491228070173,62,2,0.03225806451612903,0.030303030303030304,0.03125,1,0.15384615384615385,0.15384615384615385,0.15384615384615385,nan,nan
denovo_pdb__9tas_A,2,277,True,92,92,18,0.1956521739130435,0.18947368421052632,0.1925133689839572,13,5,0.38461538461538464,0.7142857142857143,0.5,30,6,0.2,0.2727272727272727,0.23076923076923075,49,7,0.14285714285714285,0.10606060606060606,0.12173913043478261,1,0.1925133689839572,0.1925133689839572,0.1925133689839572,nan,nan
denovo_pdb__9tas_A,3,298,True,99,99,35,0.35353535353535354,0.3684210526315789,0.3608247422680412,8,5,0.625,0.7142857142857143,0.6666666666666666,15,11,0.7333333333333333,0.5,0.5945945945945945,76,19,0.25,0.2878787878787879,0.26760563380281693,1,0.3608247422680412,0.3608247422680412,0.3608247422680412,nan,nan
denovo_pdb__9ugr_A,0,499,True,166,166,15,0.09036144578313253,0.1,0.0949367088607595,16,0,0.0,0.0,0.0,15,1,0.06666666666666667,0.05,0.05714285714285715,135,14,0.1037037037037037,0.11290322580645161,0.1081081081081081,1,0.0949367088607595,0.0949367088607595,0.0949367088607595,nan,nan
denovo_pdb__9ugr_A,1,289,True,95,95,4,0.042105263157894736,0.02666666666666667,0.0326530612244898,9,1,0.1111111111111111,0.16666666666666666,0.13333333333333333,12,1,0.08333333333333333,0.05,0.0625,74,2,0.02702702702702703,0.016129032258064516,0.020202020202020204,1,0.0326530612244898,0.0326530612244898,0.0326530612244898,nan,nan
denovo_pdb__9ugr_A,2,196,True,65,65,0,0.0,0.0,0.0,14,0,0.0,0.0,0.0,4,0,0.0,0.0,0.0,47,0,0.0,0.0,0.0,1,0.0,0.0,0.0,nan,nan
denovo_pdb__9ugr_A,3,469,True,156,156,1,0.00641025641025641,0.006666666666666667,0.006535947712418301,16,0,0.0,0.0,0.0,14,0,0.0,0.0,0.0,126,1,0.007936507936507936,0.008064516129032258,0.008,1,0.006535947712418301,0.006535947712418301,0.006535947712418301,nan,nan
denovo_pdb__9v4l_A,0,64,True,21,21,14,0.6666666666666666,0.2413793103448276,0.35443037974683544,5,2,0.4,0.25,0.3076923076923077,9,8,0.8888888888888888,0.32,0.47058823529411764,7,4,0.5714285714285714,0.16,0.25,1,0.35443037974683544,0.35443037974683544,0.35443037974683544,nan,nan
denovo_pdb__9v4l_A,1,175,True,57,57,23,0.40350877192982454,0.39655172413793105,0.4,8,4,0.5,0.5,0.5,16,13,0.8125,0.52,0.6341463414634146,33,6,0.18181818181818182,0.24,0.20689655172413793,1,0.4,0.4,0.4,nan,nan
denovo_pdb__9v4l_A,2,70,True,23,23,12,0.5217391304347826,0.20689655172413793,0.2962962962962963,5,4,0.8,0.5,0.6153846153846154,11,5,0.45454545454545453,0.2,0.2777777777777778,7,3,0.42857142857142855,0.12,0.1875,1,0.2962962962962963,0.2962962962962963,0.2962962962962963,nan,nan
denovo_pdb__9v4l_A,3,91,True,30,30,5,0.16666666666666666,0.08620689655172414,0.11363636363636362,10,2,0.2,0.25,0.22222222222222224,12,2,0.16666666666666666,0.08,0.10810810810810811,8,1,0.125,0.04,0.06060606060606061,1,0.11363636363636362,0.11363636363636362,0.11363636363636362,nan,nan
denovo_pdb__9vvn_A,0,460,True,153,153,17,0.1111111111111111,0.13934426229508196,0.12363636363636364,32,8,0.25,0.3333333333333333,0.28571428571428575,44,7,0.1590909090909091,0.2,0.17721518987341772,77,2,0.025974025974025976,0.031746031746031744,0.028571428571428574,1,0.12363636363636364,0.12363636363636364,0.12363636363636364,nan,nan
denovo_pdb__9vvn_A,1,241,True,80,80,19,0.2375,0.1557377049180328,0.18811881188118812,21,8,0.38095238095238093,0.3333333333333333,0.35555555555555557,30,11,0.36666666666666664,0.3142857142857143,0.3384615384615384,29,0,0.0,0.0,0.0,1,0.18811881188118812,0.18811881188118812,0.18811881188118812,nan,nan
denovo_pdb__9vvn_A,2,436,True,145,145,21,0.14482758620689656,0.1721311475409836,0.15730337078651685,20,6,0.3,0.25,0.2727272727272727,32,10,0.3125,0.2857142857142857,0.29850746268656714,93,5,0.053763440860215055,0.07936507936507936,0.0641025641025641,1,0.15730337078651685,0.15730337078651685,0.15730337078651685,nan,nan
denovo_pdb__9vvn_A,3,259,True,86,86,5,0.05813953488372093,0.040983606557377046,0.04807692307692307,21,1,0.047619047619047616,0.041666666666666664,0.044444444444444446,18,4,0.2222222222222222,0.11428571428571428,0.1509433962264151,47,0,0.0,0.0,0.0,1,0.04807692307692307,0.04807692307692307,0.04807692307692307,nan,nan
denovo_pdb__9x1x_A,0,139,True,46,46,25,0.5434782608695652,0.5681818181818182,0.5555555555555556,8,5,0.625,1.0,0.7692307692307693,10,3,0.3,0.75,0.4285714285714285,28,17,0.6071428571428571,0.4857142857142857,0.5396825396825397,1,0.5555555555555556,0.5555555555555556,0.5555555555555556,nan,nan
denovo_pdb__9x1x_A,1,100,True,33,33,14,0.42424242424242425,0.3181818181818182,0.36363636363636365,3,0,0.0,0.0,0.0,6,3,0.5,0.75,0.6,24,11,0.4583333333333333,0.3142857142857143,0.3728813559322034,1,0.36363636363636365,0.36363636363636365,0.36363636363636365,nan,nan
denovo_pdb__9x1x_A,2,100,True,33,33,21,0.6363636363636364,0.4772727272727273,0.5454545454545454,4,3,0.75,0.6,0.6666666666666665,4,1,0.25,0.25,0.25,25,17,0.68,0.4857142857142857,0.5666666666666667,1,0.5454545454545454,0.5454545454545454,0.5454545454545454,nan,nan
denovo_pdb__9x1x_A,3,127,True,42,42,29,0.6904761904761905,0.6590909090909091,0.6744186046511628,7,3,0.42857142857142855,0.6,0.5,8,4,0.5,1.0,0.6666666666666666,27,22,0.8148148148148148,0.6285714285714286,0.7096774193548386,1,0.6744186046511628,0.6744186046511628,0.6744186046511628,nan,nan
foldbench100__5sbj_A,0,49,True,16,16,9,0.5625,0.5294117647058824,0.5454545454545455,7,2,0.2857142857142857,0.5,0.36363636363636365,7,6,0.8571428571428571,0.6666666666666666,0.75,2,1,0.5,0.25,0.3333333333333333,1,0.5454545454545455,0.5454545454545455,0.5454545454545455,nan,nan
foldbench100__5sbj_A,1,61,True,20,20,10,0.5,0.5882352941176471,0.5405405405405405,7,2,0.2857142857142857,0.5,0.36363636363636365,10,7,0.7,0.7777777777777778,0.7368421052631577,3,1,0.3333333333333333,0.25,0.28571428571428575,1,0.5405405405405405,0.5405405405405405,0.5405405405405405,nan,nan
foldbench100__5sbj_A,2,64,True,21,21,7,0.3333333333333333,0.4117647058823529,0.36842105263157887,7,0,0.0,0.0,0.0,11,7,0.6363636363636364,0.7777777777777778,0.7000000000000001,3,0,0.0,0.0,0.0,1,0.36842105263157887,0.36842105263157887,0.36842105263157887,nan,nan
foldbench100__5sbj_A,3,61,True,20,20,7,0.35,0.4117647058823529,0.37837837837837834,4,1,0.25,0.25,0.25,13,5,0.38461538461538464,0.5555555555555556,0.4545454545454546,3,1,0.3333333333333333,0.25,0.28571428571428575,1,0.37837837837837834,0.37837837837837834,0.37837837837837834,nan,nan
foldbench100__7qp5_A,0,532,True,177,177,10,0.05649717514124294,0.04149377593360996,0.04784688995215311,38,5,0.13157894736842105,0.14705882352941177,0.13888888888888887,36,3,0.08333333333333333,0.07142857142857142,0.07692307692307691,103,2,0.019417475728155338,0.012121212121212121,0.014925373134328356,1,0.04784688995215311,0.04784688995215311,0.04784688995215311,nan,nan
foldbench100__7qp5_A,1,391,True,130,130,12,0.09230769230769231,0.04979253112033195,0.0646900269541779,29,4,0.13793103448275862,0.11764705882352941,0.126984126984127,31,7,0.22580645161290322,0.16666666666666666,0.1917808219178082,70,1,0.014285714285714285,0.006060606060606061,0.00851063829787234,1,0.0646900269541779,0.0646900269541779,0.0646900269541779,nan,nan
foldbench100__7qp5_A,2,730,True,243,243,12,0.04938271604938271,0.04979253112033195,0.049586776859504134,47,8,0.1702127659574468,0.23529411764705882,0.19753086419753088,35,3,0.08571428571428572,0.07142857142857142,0.07792207792207792,161,1,0.006211180124223602,0.006060606060606061,0.006134969325153374,1,0.049586776859504134,0.049586776859504134,0.049586776859504134,nan,nan
foldbench100__7qp5_A,3,805,True,267,267,11,0.04119850187265917,0.04564315352697095,0.04330708661417322,49,4,0.08163265306122448,0.11764705882352941,0.09638554216867469,49,6,0.12244897959183673,0.14285714285714285,0.13186813186813187,169,1,0.005917159763313609,0.006060606060606061,0.005988023952095809,1,0.04330708661417322,0.04330708661417322,0.04330708661417322,nan,nan
foldbench100__7t9r_A,0,118,True,39,39,4,0.10256410256410256,0.16666666666666666,0.12698412698412698,14,1,0.07142857142857142,0.14285714285714285,0.09523809523809523,15,2,0.13333333333333333,0.2,0.16,10,1,0.1,0.14285714285714285,0.11764705882352941,1,0.12698412698412698,0.12698412698412698,0.12698412698412698,nan,nan
foldbench100__7t9r_A,1,76,True,25,25,5,0.2,0.20833333333333334,0.20408163265306126,7,2,0.2857142857142857,0.2857142857142857,0.2857142857142857,13,2,0.15384615384615385,0.2,0.17391304347826086,5,1,0.2,0.14285714285714285,0.16666666666666666,1,0.20408163265306126,0.20408163265306126,0.20408163265306126,nan,nan
foldbench100__7t9r_A,2,85,True,28,28,3,0.10714285714285714,0.125,0.11538461538461538,10,0,0.0,0.0,0.0,11,3,0.2727272727272727,0.3,0.28571428571428564,7,0,0.0,0.0,0.0,1,0.11538461538461538,0.11538461538461538,0.11538461538461538,nan,nan
foldbench100__7t9r_A,3,76,True,25,25,0,0.0,0.0,0.0,9,0,0.0,0.0,0.0,12,0,0.0,0.0,0.0,4,0,0.0,0.0,0.0,1,0.0,0.0,0.0,nan,nan
foldbench100__7tlh_A,0,322,True,106,106,4,0.03773584905660377,0.03508771929824561,0.03636363636363636,13,1,0.07692307692307693,0.07692307692307693,0.07692307692307693,17,0,0.0,0.0,0.0,76,3,0.039473684210526314,0.03896103896103896,0.0392156862745098,1,0.03636363636363636,0.03636363636363636,0.03636363636363636,nan,nan
foldbench100__7tlh_A,1,274,True,91,91,8,0.08791208791208792,0.07017543859649122,0.07804878048780486,23,1,0.043478260869565216,0.07692307692307693,0.05555555555555555,18,3,0.16666666666666666,0.125,0.14285714285714288,50,4,0.08,0.05194805194805195,0.06299212598425197,1,0.07804878048780486,0.07804878048780486,0.07804878048780486,nan,nan
foldbench100__7tlh_A,2,424,True,141,141,6,0.0425531914893617,0.05263157894736842,0.047058823529411764,28,2,0.07142857142857142,0.15384615384615385,0.0975609756097561,40,3,0.075,0.125,0.09374999999999999,73,1,0.0136986301369863,0.012987012987012988,0.013333333333333334,1,0.047058823529411764,0.047058823529411764,0.047058823529411764,nan,nan
foldbench100__7tlh_A,3,310,True,103,103,6,0.05825242718446602,0.05263157894736842,0.055299539170506916,22,1,0.045454545454545456,0.07692307692307693,0.05714285714285715,20,2,0.1,0.08333333333333333,0.0909090909090909,61,3,0.04918032786885246,0.03896103896103896,0.043478260869565216,1,0.055299539170506916,0.055299539170506916,0.055299539170506916,nan,nan
foldbench100__7uk8_A,0,1525,True,503,503,19,0.03777335984095427,0.03612167300380228,0.0369290573372206,63,8,0.12698412698412698,0.15384615384615385,0.1391304347826087,74,5,0.06756756756756757,0.06578947368421052,0.06666666666666667,366,6,0.01639344262295082,0.01507537688442211,0.015706806282722512,1,0.0369290573372206,0.0369290573372206,0.0369290573372206,nan,nan
foldbench100__7uk8_A,1,1585,True,526,526,23,0.043726235741444866,0.043726235741444866,0.043726235741444866,65,9,0.13846153846153847,0.17307692307692307,0.15384615384615385,76,5,0.06578947368421052,0.06578947368421052,0.06578947368421052,385,9,0.023376623376623377,0.022613065326633167,0.022988505747126436,1,0.043726235741444866,0.043726235741444866,0.043726235741444866,nan,nan
foldbench100__7uk8_A,2,1516,True,503,503,46,0.09145129224652088,0.08745247148288973,0.08940719144800778,70,11,0.15714285714285714,0.21153846153846154,0.180327868852459,72,8,0.1111111111111111,0.10526315789473684,0.10810810810810811,361,27,0.07479224376731301,0.0678391959798995,0.07114624505928854,1,0.08940719144800778,0.08940719144800778,0.08940719144800778,nan,nan
foldbench100__7uk8_A,3,1534,True,504,504,17,0.03373015873015873,0.03231939163498099,0.03300970873786408,61,5,0.08196721311475409,0.09615384615384616,0.08849557522123894,74,5,0.06756756756756757,0.06578947368421052,0.06666666666666667,369,7,0.018970189701897018,0.017587939698492462,0.018252933507170797,1,0.03300970873786408,0.03300970873786408,0.03300970873786408,nan,nan
foldbench100__7ur7_A,0,175,True,58,58,33,0.5689655172413793,0.55,0.5593220338983051,18,15,0.8333333333333334,1.0,0.9090909090909091,15,9,0.6,0.6428571428571429,0.6206896551724138,25,9,0.36,0.2903225806451613,0.3214285714285714,1,0.5593220338983051,0.5593220338983051,0.5593220338983051,nan,nan
foldbench100__7ur7_A,1,211,True,69,69,24,0.34782608695652173,0.4,0.37209302325581395,15,12,0.8,0.8,0.8000000000000002,25,9,0.36,0.6428571428571429,0.4615384615384615,29,3,0.10344827586206896,0.0967741935483871,0.09999999999999999,1,0.37209302325581395,0.37209302325581395,0.37209302325581395,nan,nan
foldbench100__7ur7_A,2,163,True,54,54,21,0.3888888888888889,0.35,0.36842105263157887,21,14,0.6666666666666666,0.9333333333333333,0.7777777777777778,21,7,0.3333333333333333,0.5,0.4,12,0,0.0,0.0,0.0,1,0.36842105263157887,0.36842105263157887,0.36842105263157887,nan,nan
foldbench100__7ur7_A,3,148,True,49,49,19,0.3877551020408163,0.31666666666666665,0.34862385321100914,16,12,0.75,0.8,0.7741935483870969,23,6,0.2608695652173913,0.42857142857142855,0.3243243243243243,10,1,0.1,0.03225806451612903,0.04878048780487805,1,0.34862385321100914,0.34862385321100914,0.34862385321100914,nan,nan
foldbench100__7uvg_A,0,316,True,105,105,7,0.06666666666666667,0.03932584269662921,0.04946996466431095,20,1,0.05,0.043478260869565216,0.046511627906976744,21,2,0.09523809523809523,0.07407407407407407,0.08333333333333333,64,4,0.0625,0.03125,0.041666666666666664,1,0.04946996466431095,0.04946996466431095,0.04946996466431095,nan,nan
foldbench100__7uvg_A,1,421,True,140,140,10,0.07142857142857142,0.056179775280898875,0.06289308176100629,14,0,0.0,0.0,0.0,34,4,0.11764705882352941,0.14814814814814814,0.13114754098360654,92,6,0.06521739130434782,0.046875,0.05454545454545454,1,0.06289308176100629,0.06289308176100629,0.06289308176100629,nan,nan
foldbench100__7uvg_A,2,499,True,166,166,10,0.060240963855421686,0.056179775280898875,0.05813953488372093,29,2,0.06896551724137931,0.08695652173913043,0.07692307692307693,25,2,0.08,0.07407407407407407,0.07692307692307691,112,6,0.05357142857142857,0.046875,0.049999999999999996,1,0.05813953488372093,0.05813953488372093,0.05813953488372093,nan,nan
foldbench100__7uvg_A,3,556,True,185,185,13,0.07027027027027027,0.07303370786516854,0.07162534435261707,14,1,0.07142857142857142,0.043478260869565216,0.05405405405405405,29,4,0.13793103448275862,0.14814814814814814,0.14285714285714285,142,8,0.056338028169014086,0.0625,0.059259259259259255,1,0.07162534435261707,0.07162534435261707,0.07162534435261707,nan,nan
foldbench100__7v3o_A,0,904,True,301,301,7,0.023255813953488372,0.025735294117647058,0.02443280977312391,55,4,0.07272727272727272,0.0851063829787234,0.07843137254901962,51,1,0.0196078431372549,0.02631578947368421,0.02247191011235955,195,2,0.010256410256410256,0.0106951871657754,0.010471204188481676,1,0.02443280977312391,0.02443280977312391,0.02443280977312391,nan,nan
foldbench100__7v3o_A,1,985,True,327,327,7,0.021406727828746176,0.025735294117647058,0.02337228714524207,52,4,0.07692307692307693,0.0851063829787234,0.0808080808080808,44,2,0.045454545454545456,0.05263157894736842,0.04878048780487805,231,1,0.004329004329004329,0.0053475935828877,0.004784688995215311,1,0.02337228714524207,0.02337228714524207,0.02337228714524207,nan,nan
foldbench100__7v3o_A,2,919,True,306,306,6,0.0196078431372549,0.022058823529411766,0.020761245674740483,75,5,0.06666666666666667,0.10638297872340426,0.08196721311475409,68,0,0.0,0.0,0.0,163,1,0.006134969325153374,0.0053475935828877,0.005714285714285713,1,0.020761245674740483,0.020761245674740483,0.020761245674740483,nan,nan
foldbench100__7v3o_A,3,1184,True,393,393,10,0.02544529262086514,0.03676470588235294,0.03007518796992481,44,6,0.13636363636363635,0.1276595744680851,0.13186813186813187,44,3,0.06818181818181818,0.07894736842105263,0.07317073170731707,305,1,0.003278688524590164,0.0053475935828877,0.004065040650406504,1,0.03007518796992481,0.03007518796992481,0.03007518796992481,nan,nan
foldbench100__7wz5_A,0,388,True,129,129,4,0.031007751937984496,0.035398230088495575,0.03305785123966942,22,1,0.045454545454545456,0.2,0.07407407407407407,21,0,0.0,0.0,0.0,86,3,0.03488372093023256,0.02912621359223301,0.03174603174603175,1,0.03305785123966942,0.03305785123966942,0.03305785123966942,nan,nan
foldbench100__7wz5_A,1,490,True,163,163,2,0.012269938650306749,0.017699115044247787,0.014492753623188408,18,1,0.05555555555555555,0.2,0.08695652173913045,26,0,0.0,0.0,0.0,119,1,0.008403361344537815,0.009708737864077669,0.009009009009009007,1,0.014492753623188408,0.014492753623188408,0.014492753623188408,nan,nan
foldbench100__7wz5_A,2,337,True,112,112,4,0.03571428571428571,0.035398230088495575,0.035555555555555556,10,1,0.1,0.2,0.13333333333333333,12,0,0.0,0.0,0.0,90,3,0.03333333333333333,0.02912621359223301,0.031088082901554407,1,0.035555555555555556,0.035555555555555556,0.035555555555555556,nan,nan
foldbench100__7wz5_A,3,466,True,155,155,15,0.0967741935483871,0.13274336283185842,0.11194029850746269,17,0,0.0,0.0,0.0,14,0,0.0,0.0,0.0,124,15,0.12096774193548387,0.14563106796116504,0.13215859030837004,1,0.11194029850746269,0.11194029850746269,0.11194029850746269,nan,nan
foldbench100__7x3h_A,0,985,True,328,328,24,0.07317073170731707,0.08108108108108109,0.07692307692307691,43,15,0.3488372093023256,0.3191489361702128,0.3333333333333333,32,3,0.09375,0.05660377358490566,0.07058823529411766,253,6,0.023715415019762844,0.030612244897959183,0.026726057906458794,1,0.07692307692307691,0.07692307692307691,0.07692307692307691,nan,nan
foldbench100__7x3h_A,1,1033,True,341,341,24,0.07038123167155426,0.08108108108108109,0.07535321821036108,54,9,0.16666666666666666,0.19148936170212766,0.17821782178217818,71,5,0.07042253521126761,0.09433962264150944,0.08064516129032259,216,10,0.046296296296296294,0.05102040816326531,0.048543689320388356,1,0.07535321821036108,0.07535321821036108,0.07535321821036108,nan,nan
foldbench100__7x3h_A,2,859,True,285,285,39,0.1368421052631579,0.13175675675675674,0.13425129087779689,56,14,0.25,0.2978723404255319,0.27184466019417475,46,8,0.17391304347826086,0.1509433962264151,0.16161616161616163,183,17,0.09289617486338798,0.08673469387755102,0.08970976253298153,1,0.13425129087779689,0.13425129087779689,0.13425129087779689,nan,nan
foldbench100__7x3h_A,3,1042,True,346,346,41,0.11849710982658959,0.13851351351351351,0.1277258566978193,41,11,0.2682926829268293,0.23404255319148937,0.25,61,4,0.06557377049180328,0.07547169811320754,0.07017543859649124,244,26,0.10655737704918032,0.1326530612244898,0.1181818181818182,1,0.1277258566978193,0.1277258566978193,0.1277258566978193,nan,nan
foldbench100__7x8l_A,0,1900,True,626,626,61,0.09744408945686901,0.10517241379310345,0.1011608623548922,71,9,0.1267605633802817,0.14754098360655737,0.13636363636363635,87,9,0.10344827586206896,0.11392405063291139,0.10843373493975904,468,43,0.09188034188034189,0.09772727272727273,0.09471365638766521,1,0.1011608623548922,0.1011608623548922,0.1011608623548922,nan,nan
foldbench100__7x8l_A,1,1792,True,593,593,60,0.10118043844856661,0.10344827586206896,0.10230179028132994,60,10,0.16666666666666666,0.16393442622950818,0.16528925619834708,74,6,0.08108108108108109,0.0759493670886076,0.0784313725490196,459,44,0.09586056644880174,0.1,0.09788654060066741,1,0.10230179028132994,0.10230179028132994,0.10230179028132994,nan,nan
foldbench100__7x8l_A,2,1543,True,513,513,55,0.10721247563352826,0.09482758620689655,0.10064043915827996,57,12,0.21052631578947367,0.19672131147540983,0.20338983050847456,85,7,0.08235294117647059,0.08860759493670886,0.08536585365853658,371,36,0.09703504043126684,0.08181818181818182,0.08877928483353885,1,0.10064043915827996,0.10064043915827996,0.10064043915827996,nan,nan
foldbench100__7x8l_A,3,1444,True,476,476,57,0.11974789915966387,0.09827586206896552,0.10795454545454547,81,10,0.12345679012345678,0.16393442622950818,0.14084507042253522,78,9,0.11538461538461539,0.11392405063291139,0.11464968152866242,317,38,0.11987381703470032,0.08636363636363636,0.10039630118890357,1,0.10795454545454547,0.10795454545454547,0.10795454545454547,nan,nan
foldbench100__7xg9_A,0,826,True,274,274,56,0.20437956204379562,0.23236514522821577,0.21747572815533978,34,6,0.17647058823529413,0.3157894736842105,0.22641509433962262,30,7,0.23333333333333334,0.3333333333333333,0.27450980392156865,210,43,0.20476190476190476,0.21393034825870647,0.20924574209245744,1,0.21747572815533978,0.21747572815533978,0.21747572815533978,nan,nan
foldbench100__7xg9_A,1,838,True,278,278,36,0.12949640287769784,0.14937759336099585,0.13872832369942195,37,5,0.13513513513513514,0.2631578947368421,0.17857142857142858,61,6,0.09836065573770492,0.2857142857142857,0.14634146341463414,180,25,0.1388888888888889,0.12437810945273632,0.13123359580052493,1,0.13872832369942195,0.13872832369942195,0.13872832369942195,nan,nan
foldbench100__7xg9_A,2,775,True,258,258,53,0.2054263565891473,0.21991701244813278,0.2124248496993988,31,6,0.1935483870967742,0.3157894736842105,0.24000000000000002,49,7,0.14285714285714285,0.3333333333333333,0.2,178,40,0.2247191011235955,0.19900497512437812,0.2110817941952507,1,0.2124248496993988,0.2124248496993988,0.2124248496993988,nan,nan
foldbench100__7xg9_A,3,925,True,308,308,39,0.1266233766233766,0.16182572614107885,0.14207650273224046,26,6,0.23076923076923078,0.3157894736842105,0.26666666666666666,34,4,0.11764705882352941,0.19047619047619047,0.14545454545454542,248,29,0.11693548387096774,0.14427860696517414,0.12917594654788417,1,0.14207650273224046,0.14207650273224046,0.14207650273224046,nan,nan
foldbench100__7xjr_A,0,1141,True,379,379,72,0.18997361477572558,0.2033898305084746,0.19645293315143245,42,10,0.23809523809523808,0.2702702702702703,0.25316455696202533,38,9,0.23684210526315788,0.21428571428571427,0.225,299,53,0.17725752508361203,0.19272727272727272,0.18466898954703828,1,0.19645293315143245,0.19645293315143245,0.19645293315143245,nan,nan
foldbench100__7xjr_A,1,1219,True,405,405,54,0.13333333333333333,0.15254237288135594,0.1422924901185771,34,6,0.17647058823529413,0.16216216216216217,0.16901408450704225,48,6,0.125,0.14285714285714285,0.13333333333333333,323,42,0.13003095975232198,0.15272727272727274,0.14046822742474915,1,0.1422924901185771,0.1422924901185771,0.1422924901185771,nan,nan
foldbench100__7xjr_A,2,1054,True,349,349,67,0.19197707736389685,0.18926553672316385,0.1906116642958748,31,7,0.22580645161290322,0.1891891891891892,0.2058823529411765,35,5,0.14285714285714285,0.11904761904761904,0.12987012987012989,283,55,0.19434628975265017,0.2,0.1971326164874552,1,0.1906116642958748,0.1906116642958748,0.1906116642958748,nan,nan
foldbench100__7xjr_A,3,1129,True,376,376,63,0.1675531914893617,0.17796610169491525,0.17260273972602738,47,9,0.19148936170212766,0.24324324324324326,0.21428571428571427,53,8,0.1509433962264151,0.19047619047619047,0.16842105263157897,276,46,0.16666666666666666,0.16727272727272727,0.16696914700544466,1,0.17260273972602738,0.17260273972602738,0.17260273972602738,nan,nan
foldbench100__7xp9_A,0,157,True,52,52,9,0.17307692307692307,0.2,0.18556701030927836,11,3,0.2727272727272727,0.375,0.3157894736842105,21,5,0.23809523809523808,0.5,0.3225806451612903,20,1,0.05,0.037037037037037035,0.0425531914893617,1,0.18556701030927836,0.18556701030927836,0.18556701030927836,nan,nan
foldbench100__7xp9_A,1,157,True,52,52,8,0.15384615384615385,0.17777777777777778,0.16494845360824742,13,3,0.23076923076923078,0.375,0.2857142857142857,9,3,0.3333333333333333,0.3,0.3157894736842105,30,2,0.06666666666666667,0.07407407407407407,0.07017543859649124,1,0.16494845360824742,0.16494845360824742,0.16494845360824742,nan,nan
foldbench100__7xp9_A,2,229,True,75,75,7,0.09333333333333334,0.15555555555555556,0.11666666666666667,7,1,0.14285714285714285,0.125,0.13333333333333333,4,2,0.5,0.2,0.28571428571428575,64,4,0.0625,0.14814814814814814,0.0879120879120879,1,0.11666666666666667,0.11666666666666667,0.11666666666666667,nan,nan
foldbench100__7xp9_A,3,160,True,53,53,7,0.1320754716981132,0.15555555555555556,0.14285714285714288,9,2,0.2222222222222222,0.25,0.23529411764705882,18,4,0.2222222222222222,0.4,0.2857142857142857,26,1,0.038461538461538464,0.037037037037037035,0.03773584905660377,1,0.14285714285714288,0.14285714285714288,0.14285714285714288,nan,nan
foldbench100__7xrx_A,0,580,True,193,193,12,0.06217616580310881,0.030303030303030304,0.04074702886247878,49,7,0.14285714285714285,0.12280701754385964,0.1320754716981132,31,1,0.03225806451612903,0.02702702702702703,0.029411764705882353,113,4,0.035398230088495575,0.013245033112582781,0.01927710843373494,1,0.04074702886247878,0.04074702886247878,0.04074702886247878,nan,nan
foldbench100__7xrx_A,1,760,True,253,253,17,0.06719367588932806,0.04292929292929293,0.052388289676425275,41,7,0.17073170731707318,0.12280701754385964,0.14285714285714288,43,5,0.11627906976744186,0.13513513513513514,0.125,169,5,0.029585798816568046,0.016556291390728478,0.021231422505307854,1,0.052388289676425275,0.052388289676425275,0.052388289676425275,nan,nan
foldbench100__7xrx_A,2,1171,True,389,389,9,0.02313624678663239,0.022727272727272728,0.022929936305732482,46,7,0.15217391304347827,0.12280701754385964,0.13592233009708737,52,0,0.0,0.0,0.0,291,2,0.006872852233676976,0.006622516556291391,0.0067453625632377745,1,0.022929936305732482,0.022929936305732482,0.022929936305732482,nan,nan
foldbench100__7xrx_A,3,823,True,274,274,5,0.01824817518248175,0.012626262626262626,0.014925373134328358,26,1,0.038461538461538464,0.017543859649122806,0.024096385542168672,25,0,0.0,0.0,0.0,223,4,0.017937219730941704,0.013245033112582781,0.015238095238095236,1,0.014925373134328358,0.014925373134328358,0.014925373134328358,nan,nan
foldbench100__7xz3_A,0,670,True,223,223,5,0.02242152466367713,0.015822784810126583,0.018552875695732843,40,2,0.05,0.09090909090909091,0.06451612903225806,38,1,0.02631578947368421,0.025,0.02564102564102564,145,2,0.013793103448275862,0.007874015748031496,0.010025062656641603,1,0.018552875695732843,0.018552875695732843,0.018552875695732843,nan,nan
foldbench100__7xz3_A,1,1078,True,358,358,12,0.0335195530726257,0.0379746835443038,0.03560830860534125,46,3,0.06521739130434782,0.13636363636363635,0.08823529411764705,68,4,0.058823529411764705,0.1,0.07407407407407408,244,5,0.020491803278688523,0.01968503937007874,0.02008032128514056,1,0.03560830860534125,0.03560830860534125,0.03560830860534125,nan,nan
foldbench100__7xz3_A,2,1189,True,396,396,8,0.020202020202020204,0.02531645569620253,0.022471910112359553,46,3,0.06521739130434782,0.13636363636363635,0.08823529411764705,93,2,0.021505376344086023,0.05,0.03007518796992482,257,3,0.011673151750972763,0.011811023622047244,0.011741682974559686,1,0.022471910112359553,0.022471910112359553,0.022471910112359553,nan,nan
foldbench100__7xz3_A,3,1252,True,415,415,17,0.04096385542168675,0.05379746835443038,0.04651162790697675,59,6,0.1016949152542373,0.2727272727272727,0.14814814814814817,85,2,0.023529411764705882,0.05,0.032,271,9,0.033210332103321034,0.03543307086614173,0.03428571428571428,1,0.04651162790697675,0.04651162790697675,0.04651162790697675,nan,nan
foldbench100__7y4h_A,0,1102,True,367,367,55,0.14986376021798364,0.171875,0.16011644832605532,49,8,0.16326530612244897,0.18604651162790697,0.17391304347826086,44,5,0.11363636363636363,0.09803921568627451,0.10526315789473685,274,42,0.15328467153284672,0.18584070796460178,0.16800000000000004,1,0.16011644832605532,0.16011644832605532,0.16011644832605532,nan,nan
foldbench100__7y4h_A,1,856,True,285,285,44,0.1543859649122807,0.1375,0.14545454545454548,37,6,0.16216216216216217,0.13953488372093023,0.15,44,4,0.09090909090909091,0.0784313725490196,0.08421052631578947,204,34,0.16666666666666666,0.1504424778761062,0.15813953488372093,1,0.14545454545454548,0.14545454545454548,0.14545454545454548,nan,nan
foldbench100__7y4h_A,2,1213,True,401,401,80,0.19950124688279303,0.25,0.22191400832177532,36,9,0.25,0.20930232558139536,0.22784810126582278,37,10,0.2702702702702703,0.19607843137254902,0.2272727272727273,328,61,0.18597560975609756,0.26991150442477874,0.22021660649819494,1,0.22191400832177532,0.22191400832177532,0.22191400832177532,nan,nan
foldbench100__7y4h_A,3,1282,True,427,427,66,0.15456674473067916,0.20625,0.17670682730923695,51,8,0.1568627450980392,0.18604651162790697,0.1702127659574468,44,9,0.20454545454545456,0.17647058823529413,0.18947368421052632,332,49,0.14759036144578314,0.2168141592920354,0.17562724014336917,1,0.17670682730923695,0.17670682730923695,0.17670682730923695,nan,nan
foldbench100__7y5j_A,0,292,True,97,97,50,0.5154639175257731,0.5494505494505495,0.5319148936170213,16,10,0.625,0.625,0.625,27,15,0.5555555555555556,0.6,0.576923076923077,54,25,0.46296296296296297,0.5,0.4807692307692307,1,0.5319148936170213,0.5319148936170213,0.5319148936170213,nan,nan
foldbench100__7y5j_A,1,268,True,89,89,49,0.550561797752809,0.5384615384615384,0.5444444444444444,16,8,0.5,0.5,0.5,24,12,0.5,0.48,0.4897959183673469,49,29,0.5918367346938775,0.58,0.5858585858585857,1,0.5444444444444444,0.5444444444444444,0.5444444444444444,nan,nan
foldbench100__7y5j_A,2,352,True,117,117,30,0.2564102564102564,0.32967032967032966,0.2884615384615385,16,5,0.3125,0.3125,0.3125,32,6,0.1875,0.24,0.21052631578947367,69,19,0.2753623188405797,0.38,0.319327731092437,1,0.2884615384615385,0.2884615384615385,0.2884615384615385,nan,nan
foldbench100__7y5j_A,3,259,True,86,86,37,0.43023255813953487,0.4065934065934066,0.4180790960451978,10,5,0.5,0.3125,0.38461538461538464,23,8,0.34782608695652173,0.32,0.3333333333333333,53,24,0.4528301886792453,0.48,0.46601941747572817,1,0.4180790960451978,0.4180790960451978,0.4180790960451978,nan,nan
foldbench100__7y5r_A,0,253,True,84,84,35,0.4166666666666667,0.36082474226804123,0.38674033149171266,16,7,0.4375,0.5384615384615384,0.4827586206896552,27,12,0.4444444444444444,0.5,0.47058823529411764,41,16,0.3902439024390244,0.26666666666666666,0.3168316831683168,1,0.38674033149171266,0.38674033149171266,0.38674033149171266,nan,nan
foldbench100__7y5r_A,1,298,True,97,97,30,0.30927835051546393,0.30927835051546393,0.30927835051546393,12,4,0.3333333333333333,0.3076923076923077,0.32,23,7,0.30434782608695654,0.2916666666666667,0.2978723404255319,62,19,0.3064516129032258,0.31666666666666665,0.31147540983606564,1,0.30927835051546393,0.30927835051546393,0.30927835051546393,nan,nan
foldbench100__7y5r_A,2,286,True,95,95,15,0.15789473684210525,0.15463917525773196,0.15625,15,5,0.3333333333333333,0.38461538461538464,0.3571428571428571,19,3,0.15789473684210525,0.125,0.13953488372093023,61,7,0.11475409836065574,0.11666666666666667,0.11570247933884299,1,0.15625,0.15625,0.15625,nan,nan
foldbench100__7y5r_A,3,283,True,94,94,27,0.2872340425531915,0.27835051546391754,0.28272251308900526,12,6,0.5,0.46153846153846156,0.48000000000000004,26,10,0.38461538461538464,0.4166666666666667,0.4,56,11,0.19642857142857142,0.18333333333333332,0.1896551724137931,1,0.28272251308900526,0.28272251308900526,0.28272251308900526,nan,nan
foldbench100__7y8i_A,0,289,True,96,96,35,0.3645833333333333,0.42168674698795183,0.39106145251396646,12,6,0.5,0.375,0.42857142857142855,26,9,0.34615384615384615,0.45,0.3913043478260869,58,20,0.3448275862068966,0.425531914893617,0.380952380952381,1,0.39106145251396646,0.39106145251396646,0.39106145251396646,nan,nan
foldbench100__7y8i_A,1,337,True,112,112,49,0.4375,0.5903614457831325,0.5025641025641026,17,10,0.5882352941176471,0.625,0.6060606060606061,29,9,0.3103448275862069,0.45,0.3673469387755102,66,30,0.45454545454545453,0.6382978723404256,0.5309734513274336,1,0.5025641025641026,0.5025641025641026,0.5025641025641026,nan,nan
foldbench100__7y8i_A,2,304,True,101,101,53,0.5247524752475248,0.6385542168674698,0.5760869565217391,17,13,0.7647058823529411,0.8125,0.787878787878788,30,13,0.43333333333333335,0.65,0.5199999999999999,54,27,0.5,0.574468085106383,0.5346534653465347,1,0.5760869565217391,0.5760869565217391,0.5760869565217391,nan,nan
foldbench100__7y8i_A,3,292,True,97,97,17,0.17525773195876287,0.20481927710843373,0.18888888888888888,19,5,0.2631578947368421,0.3125,0.2857142857142857,29,10,0.3448275862068966,0.5,0.40816326530612246,49,2,0.04081632653061224,0.0425531914893617,0.041666666666666664,1,0.18888888888888888,0.18888888888888888,0.18888888888888888,nan,nan
foldbench100__7yhr_A,0,121,True,40,40,8,0.2,0.1951219512195122,0.19753086419753088,12,3,0.25,0.3333333333333333,0.28571428571428575,5,1,0.2,0.1111111111111111,0.14285714285714285,23,4,0.17391304347826086,0.17391304347826086,0.17391304347826086,1,0.19753086419753088,0.19753086419753088,0.19753086419753088,nan,nan
foldbench100__7yhr_A,1,62,True,20,20,6,0.3,0.14634146341463414,0.19672131147540983,13,5,0.38461538461538464,0.5555555555555556,0.4545454545454546,0,0,0.0,0.0,0.0,7,1,0.14285714285714285,0.043478260869565216,0.06666666666666667,1,0.19672131147540983,0.19672131147540983,0.19672131147540983,nan,nan
foldbench100__7yhr_A,2,40,True,13,13,3,0.23076923076923078,0.07317073170731707,0.1111111111111111,3,1,0.3333333333333333,0.1111111111111111,0.16666666666666666,8,1,0.125,0.1111111111111111,0.11764705882352941,2,1,0.5,0.043478260869565216,0.08,1,0.1111111111111111,0.1111111111111111,0.1111111111111111,nan,nan
foldbench100__7yhr_A,3,103,True,34,34,8,0.23529411764705882,0.1951219512195122,0.21333333333333335,10,4,0.4,0.4444444444444444,0.4210526315789474,1,0,0.0,0.0,0.0,23,4,0.17391304347826086,0.17391304347826086,0.17391304347826086,1,0.21333333333333335,0.21333333333333335,0.21333333333333335,nan,nan
foldbench100__7ylr_A,0,904,True,301,301,58,0.19269102990033224,0.15934065934065933,0.1744360902255639,63,16,0.25396825396825395,0.32653061224489793,0.2857142857142857,74,14,0.1891891891891892,0.1917808219178082,0.1904761904761905,164,28,0.17073170731707318,0.11570247933884298,0.13793103448275865,1,0.1744360902255639,0.1744360902255639,0.1744360902255639,nan,nan
foldbench100__7ylr_A,1,1204,True,400,400,66,0.165,0.1813186813186813,0.17277486910994766,64,15,0.234375,0.30612244897959184,0.26548672566371684,83,19,0.2289156626506024,0.2602739726027397,0.24358974358974356,253,32,0.12648221343873517,0.1322314049586777,0.1292929292929293,1,0.17277486910994766,0.17277486910994766,0.17277486910994766,nan,nan
foldbench100__7ylr_A,2,1117,True,371,371,78,0.21024258760107817,0.21428571428571427,0.21224489795918364,68,17,0.25,0.3469387755102041,0.2905982905982906,94,16,0.1702127659574468,0.2191780821917808,0.19161676646706585,209,45,0.215311004784689,0.1859504132231405,0.19955654101995565,1,0.21224489795918364,0.21224489795918364,0.21224489795918364,nan,nan
foldbench100__7ylr_A,3,952,True,315,315,53,0.16825396825396827,0.14560439560439561,0.15611192930780562,52,14,0.2692307692307692,0.2857142857142857,0.2772277227722772,66,13,0.19696969696969696,0.1780821917808219,0.18705035971223022,197,26,0.1319796954314721,0.10743801652892562,0.11845102505694761,1,0.15611192930780562,0.15611192930780562,0.15611192930780562,nan,nan
foldbench100__7yyg_A,0,931,True,309,309,15,0.04854368932038835,0.06787330316742081,0.05660377358490566,31,3,0.0967741935483871,0.10344827586206896,0.09999999999999999,37,4,0.10810810810810811,0.07692307692307693,0.0898876404494382,241,8,0.03319502074688797,0.05714285714285714,0.04199475065616798,1,0.05660377358490566,0.05660377358490566,0.05660377358490566,nan,nan
foldbench100__7yyg_A,1,853,True,284,284,10,0.035211267605633804,0.04524886877828054,0.039603960396039604,34,4,0.11764705882352941,0.13793103448275862,0.126984126984127,53,3,0.05660377358490566,0.057692307692307696,0.05714285714285714,197,3,0.015228426395939087,0.02142857142857143,0.017804154302670624,1,0.039603960396039604,0.039603960396039604,0.039603960396039604,nan,nan
foldbench100__7yyg_A,2,715,True,238,238,8,0.03361344537815126,0.03619909502262444,0.03485838779956427,20,4,0.2,0.13793103448275862,0.16326530612244897,31,3,0.0967741935483871,0.057692307692307696,0.07228915662650602,187,1,0.0053475935828877,0.007142857142857143,0.0061162079510703364,1,0.03485838779956427,0.03485838779956427,0.03485838779956427,nan,nan
foldbench100__7yyg_A,3,1132,True,367,367,9,0.02452316076294278,0.04072398190045249,0.03061224489795919,52,3,0.057692307692307696,0.10344827586206896,0.07407407407407408,59,2,0.03389830508474576,0.038461538461538464,0.036036036036036036,256,4,0.015625,0.02857142857142857,0.020202020202020204,1,0.03061224489795919,0.03061224489795919,0.03061224489795919,nan,nan
foldbench100__7znz_A,0,6663,False,1515,1515,108,0.07128712871287128,0.11587982832618025,0.08827135267674704,186,20,0.10752688172043011,0.17857142857142858,0.1342281879194631,200,21,0.105,0.14482758620689656,0.12173913043478261,1129,67,0.05934455270150576,0.09925925925925926,0.07427937915742794,1,0.08827135267674704,0.08827135267674704,0.08827135267674704,nan,nan
foldbench100__7znz_A,1,1018,True,339,339,29,0.0855457227138643,0.03111587982832618,0.045633359559402044,52,9,0.17307692307692307,0.08035714285714286,0.10975609756097562,57,10,0.17543859649122806,0.06896551724137931,0.099009900990099,230,10,0.043478260869565216,0.014814814814814815,0.022099447513812157,1,0.045633359559402044,0.045633359559402044,0.045633359559402044,nan,nan
foldbench100__7znz_A,2,4710,True,1363,1363,88,0.06456346294937637,0.0944206008583691,0.07668845315904138,160,20,0.125,0.17857142857142858,0.14705882352941174,224,21,0.09375,0.14482758620689656,0.11382113821138212,979,47,0.04800817160367722,0.06962962962962962,0.05683192261185006,1,0.07668845315904138,0.07668845315904138,0.07668845315904138,nan,nan
foldbench100__7znz_A,3,3196,True,1033,1033,95,0.09196515004840271,0.10193133047210301,0.09669211195928752,113,18,0.1592920353982301,0.16071428571428573,0.16,177,26,0.14689265536723164,0.1793103448275862,0.16149068322981366,743,51,0.06864064602960969,0.07555555555555556,0.07193229901269393,1,0.09669211195928752,0.09669211195928752,0.09669211195928752,nan,nan
foldbench100__7zs2_A,0,1063,True,354,354,20,0.05649717514124294,0.08968609865470852,0.06932409012131716,48,7,0.14583333333333334,0.16279069767441862,0.15384615384615388,48,7,0.14583333333333334,0.17073170731707318,0.15730337078651688,258,6,0.023255813953488372,0.04316546762589928,0.03022670025188917,1,0.06932409012131716,0.06932409012131716,0.06932409012131716,nan,nan
foldbench100__7zs2_A,1,766,True,255,255,31,0.12156862745098039,0.13901345291479822,0.1297071129707113,36,12,0.3333333333333333,0.27906976744186046,0.3037974683544304,42,11,0.2619047619047619,0.2682926829268293,0.26506024096385544,177,8,0.04519774011299435,0.05755395683453238,0.05063291139240506,1,0.1297071129707113,0.1297071129707113,0.1297071129707113,nan,nan
foldbench100__7zs2_A,2,784,True,261,261,24,0.09195402298850575,0.10762331838565023,0.09917355371900827,41,8,0.1951219512195122,0.18604651162790697,0.1904761904761905,49,6,0.12244897959183673,0.14634146341463414,0.13333333333333333,171,10,0.05847953216374269,0.07194244604316546,0.06451612903225805,1,0.09917355371900827,0.09917355371900827,0.09917355371900827,nan,nan
foldbench100__7zs2_A,3,868,True,289,289,19,0.0657439446366782,0.08520179372197309,0.07421875000000001,41,8,0.1951219512195122,0.18604651162790697,0.1904761904761905,45,3,0.06666666666666667,0.07317073170731707,0.06976744186046512,203,8,0.03940886699507389,0.05755395683453238,0.046783625730994156,1,0.07421875000000001,0.07421875000000001,0.07421875000000001,nan,nan
foldbench100__7zv1_A,0,199,True,66,66,8,0.12121212121212122,0.07207207207207207,0.09039548022598871,11,3,0.2727272727272727,0.21428571428571427,0.23999999999999996,10,0,0.0,0.0,0.0,45,5,0.1111111111111111,0.06756756756756757,0.08403361344537816,1,0.09039548022598871,0.09039548022598871,0.09039548022598871,nan,nan
foldbench100__7zv1_A,1,193,True,64,64,7,0.109375,0.06306306306306306,0.07999999999999999,17,3,0.17647058823529413,0.21428571428571427,0.1935483870967742,16,4,0.25,0.17391304347826086,0.20512820512820512,31,0,0.0,0.0,0.0,1,0.07999999999999999,0.07999999999999999,0.07999999999999999,nan,nan
foldbench100__7zv1_A,2,271,True,90,90,7,0.07777777777777778,0.06306306306306306,0.06965174129353233,21,3,0.14285714285714285,0.21428571428571427,0.17142857142857143,49,3,0.061224489795918366,0.13043478260869565,0.08333333333333333,20,1,0.05,0.013513513513513514,0.02127659574468085,1,0.06965174129353233,0.06965174129353233,0.06965174129353233,nan,nan
foldbench100__7zv1_A,3,292,True,97,97,7,0.07216494845360824,0.06306306306306306,0.0673076923076923,15,3,0.2,0.21428571428571427,0.20689655172413796,21,2,0.09523809523809523,0.08695652173913043,0.0909090909090909,61,2,0.03278688524590164,0.02702702702702703,0.02962962962962963,1,0.0673076923076923,0.0673076923076923,0.0673076923076923,nan,nan
foldbench100__8add_A,0,517,True,172,172,5,0.029069767441860465,0.023809523809523808,0.02617801047120419,20,3,0.15,0.09375,0.11538461538461538,28,2,0.07142857142857142,0.058823529411764705,0.06451612903225808,124,0,0.0,0.0,0.0,1,0.02617801047120419,0.02617801047120419,0.02617801047120419,nan,nan
foldbench100__8add_A,1,640,True,213,213,14,0.06572769953051644,0.06666666666666667,0.066193853427896,44,2,0.045454545454545456,0.0625,0.052631578947368425,42,6,0.14285714285714285,0.17647058823529413,0.15789473684210528,127,6,0.047244094488188976,0.041666666666666664,0.04428044280442805,1,0.066193853427896,0.066193853427896,0.066193853427896,nan,nan
foldbench100__8add_A,2,589,True,196,196,5,0.025510204081632654,0.023809523809523808,0.024630541871921183,32,1,0.03125,0.03125,0.03125,32,3,0.09375,0.08823529411764706,0.0909090909090909,132,1,0.007575757575757576,0.006944444444444444,0.007246376811594203,1,0.024630541871921183,0.024630541871921183,0.024630541871921183,nan,nan
foldbench100__8add_A,3,718,True,239,239,14,0.058577405857740586,0.06666666666666667,0.062360801781737196,39,6,0.15384615384615385,0.1875,0.16901408450704225,54,5,0.09259259259259259,0.14705882352941177,0.11363636363636363,146,3,0.02054794520547945,0.020833333333333332,0.020689655172413796,1,0.062360801781737196,0.062360801781737196,0.062360801781737196,nan,nan
foldbench100__8ak2_A,0,988,True,328,328,144,0.43902439024390244,0.4585987261146497,0.4485981308411215,45,21,0.4666666666666667,0.525,0.49411764705882355,64,25,0.390625,0.5555555555555556,0.45871559633027525,219,98,0.4474885844748858,0.4279475982532751,0.4375,1,0.4485981308411215,0.4485981308411215,0.4485981308411215,nan,nan
foldbench100__8ak2_A,1,1150,True,383,383,122,0.3185378590078329,0.3885350318471338,0.3500717360114778,56,20,0.35714285714285715,0.5,0.41666666666666663,65,13,0.2,0.28888888888888886,0.23636363636363636,262,89,0.33969465648854963,0.388646288209607,0.36252545824847254,1,0.3500717360114778,0.3500717360114778,0.3500717360114778,nan,nan
foldbench100__8ak2_A,2,1105,True,367,367,127,0.3460490463215259,0.40445859872611467,0.3729809104258444,62,23,0.3709677419354839,0.575,0.45098039215686275,74,23,0.3108108108108108,0.5111111111111111,0.3865546218487395,231,81,0.35064935064935066,0.3537117903930131,0.3521739130434782,1,0.3729809104258444,0.3729809104258444,0.3729809104258444,nan,nan
foldbench100__8ak2_A,3,1228,True,403,403,128,0.3176178660049628,0.40764331210191085,0.35704323570432356,68,24,0.35294117647058826,0.6,0.4444444444444445,68,21,0.3088235294117647,0.4666666666666667,0.37168141592920356,267,83,0.31086142322097376,0.3624454148471616,0.33467741935483875,1,0.35704323570432356,0.35704323570432356,0.35704323570432356,nan,nan
foldbench100__8amo_A,0,1144,True,381,381,18,0.047244094488188976,0.049723756906077346,0.048452220726783304,50,8,0.16,0.18181818181818182,0.1702127659574468,37,2,0.05405405405405406,0.03389830508474576,0.04166666666666667,294,8,0.027210884353741496,0.03088803088803089,0.028933092224231467,1,0.048452220726783304,0.048452220726783304,0.048452220726783304,nan,nan
foldbench100__8amo_A,1,1333,True,442,442,9,0.020361990950226245,0.024861878453038673,0.022388059701492533,56,3,0.05357142857142857,0.06818181818181818,0.05999999999999999,53,2,0.03773584905660377,0.03389830508474576,0.03571428571428571,333,4,0.012012012012012012,0.015444015444015444,0.013513513513513514,1,0.022388059701492533,0.022388059701492533,0.022388059701492533,nan,nan
foldbench100__8amo_A,2,1318,True,437,437,11,0.02517162471395881,0.03038674033149171,0.02753441802252816,49,9,0.1836734693877551,0.20454545454545456,0.1935483870967742,53,1,0.018867924528301886,0.01694915254237288,0.017857142857142856,335,1,0.0029850746268656717,0.003861003861003861,0.003367003367003367,1,0.02753441802252816,0.02753441802252816,0.02753441802252816,nan,nan
foldbench100__8amo_A,3,1222,True,406,406,27,0.0665024630541872,0.07458563535911603,0.0703125,63,10,0.15873015873015872,0.22727272727272727,0.18691588785046728,75,9,0.12,0.15254237288135594,0.1343283582089552,268,8,0.029850746268656716,0.03088803088803089,0.030360531309297917,1,0.0703125,0.0703125,0.0703125,nan,nan
foldbench100__8au6_A,0,832,True,275,275,13,0.04727272727272727,0.07738095238095238,0.05869074492099322,36,4,0.1111111111111111,0.16,0.13114754098360656,39,0,0.0,0.0,0.0,200,9,0.045,0.07627118644067797,0.05660377358490566,1,0.05869074492099322,0.05869074492099322,0.05869074492099322,nan,nan
foldbench100__8au6_A,1,820,True,270,270,13,0.04814814814814815,0.07738095238095238,0.059360730593607296,33,8,0.24242424242424243,0.32,0.2758620689655172,20,0,0.0,0.0,0.0,217,5,0.02304147465437788,0.0423728813559322,0.02985074626865672,1,0.059360730593607296,0.059360730593607296,0.059360730593607296,nan,nan
foldbench100__8au6_A,2,787,True,261,261,17,0.06513409961685823,0.10119047619047619,0.07925407925407925,33,6,0.18181818181818182,0.24,0.20689655172413793,22,1,0.045454545454545456,0.04,0.0425531914893617,206,10,0.04854368932038835,0.0847457627118644,0.06172839506172839,1,0.07925407925407925,0.07925407925407925,0.07925407925407925,nan,nan
foldbench100__8au6_A,3,388,True,129,129,9,0.06976744186046512,0.05357142857142857,0.06060606060606061,40,6,0.15,0.24,0.1846153846153846,22,1,0.045454545454545456,0.04,0.0425531914893617,67,2,0.029850746268656716,0.01694915254237288,0.02162162162162162,1,0.06060606060606061,0.06060606060606061,0.06060606060606061,nan,nan
foldbench100__8azb_A,0,7143,False,1248,1248,51,0.040865384615384616,0.0868824531516184,0.0555858310626703,170,23,0.13529411764705881,0.2911392405063291,0.18473895582329317,219,22,0.1004566210045662,0.20952380952380953,0.13580246913580246,859,6,0.006984866123399301,0.01488833746898263,0.009508716323296355,1,0.0555858310626703,0.0555858310626703,0.0555858310626703,nan,nan
foldbench100__8azb_A,1,2097,True,684,684,52,0.07602339181286549,0.08858603066439523,0.08182533438237607,98,21,0.21428571428571427,0.26582278481012656,0.23728813559322032,159,22,0.13836477987421383,0.20952380952380953,0.16666666666666666,427,9,0.02107728337236534,0.022332506203473945,0.021686746987951807,1,0.08182533438237607,0.08182533438237607,0.08182533438237607,nan,nan
foldbench100__8azb_A,2,2251,True,737,737,20,0.027137042062415198,0.034071550255536626,0.030211480362537766,88,9,0.10227272727272728,0.11392405063291139,0.10778443113772455,109,2,0.01834862385321101,0.01904761904761905,0.018691588785046728,540,9,0.016666666666666666,0.022332506203473945,0.019088016967126194,1,0.030211480362537766,0.030211480362537766,0.030211480362537766,nan,nan
foldbench100__8azb_A,3,1876,True,622,622,43,0.06913183279742766,0.07325383304940375,0.07113316790736145,82,17,0.2073170731707317,0.21518987341772153,0.21118012422360247,79,7,0.08860759493670886,0.06666666666666667,0.07608695652173912,461,19,0.04121475054229935,0.04714640198511166,0.04398148148148148,1,0.07113316790736145,0.07113316790736145,0.07113316790736145,nan,nan
foldbench100__8b2g_A,0,133,True,44,44,3,0.06818181818181818,0.05084745762711865,0.05825242718446602,8,0,0.0,0.0,0.0,16,2,0.125,0.09523809523809523,0.1081081081081081,20,1,0.05,0.045454545454545456,0.04761904761904762,1,0.05825242718446602,0.05825242718446602,0.05825242718446602,nan,nan
foldbench100__8b2g_A,1,181,True,60,60,7,0.11666666666666667,0.11864406779661017,0.11764705882352941,12,1,0.08333333333333333,0.0625,0.07142857142857144,21,5,0.23809523809523808,0.23809523809523808,0.23809523809523808,27,1,0.037037037037037035,0.045454545454545456,0.04081632653061224,1,0.11764705882352941,0.11764705882352941,0.11764705882352941,nan,nan
foldbench100__8b2g_A,2,187,True,62,62,7,0.11290322580645161,0.11864406779661017,0.11570247933884298,14,4,0.2857142857142857,0.25,0.26666666666666666,28,2,0.07142857142857142,0.09523809523809523,0.08163265306122448,20,1,0.05,0.045454545454545456,0.04761904761904762,1,0.11570247933884298,0.11570247933884298,0.11570247933884298,nan,nan
foldbench100__8b2g_A,3,205,True,68,68,2,0.029411764705882353,0.03389830508474576,0.031496062992125984,13,1,0.07692307692307693,0.0625,0.06896551724137931,27,0,0.0,0.0,0.0,28,1,0.03571428571428571,0.045454545454545456,0.04,1,0.031496062992125984,0.031496062992125984,0.031496062992125984,nan,nan
foldbench100__8b4u_A,0,916,True,305,305,93,0.30491803278688523,0.34065934065934067,0.3217993079584775,33,12,0.36363636363636365,0.35294117647058826,0.35820895522388063,46,21,0.45652173913043476,0.5121951219512195,0.48275862068965514,226,60,0.26548672566371684,0.30303030303030304,0.28301886792452835,1,0.3217993079584775,0.3217993079584775,0.3217993079584775,nan,nan
foldbench100__8b4u_A,1,940,True,313,313,106,0.33865814696485624,0.3882783882783883,0.36177474402730375,34,7,0.20588235294117646,0.20588235294117646,0.20588235294117646,51,17,0.3333333333333333,0.4146341463414634,0.3695652173913043,228,82,0.35964912280701755,0.41414141414141414,0.38497652582159625,1,0.36177474402730375,0.36177474402730375,0.36177474402730375,nan,nan
foldbench100__8b4u_A,2,949,True,315,315,77,0.24444444444444444,0.28205128205128205,0.2619047619047619,43,9,0.20930232558139536,0.2647058823529412,0.2337662337662338,43,15,0.3488372093023256,0.36585365853658536,0.35714285714285715,229,53,0.2314410480349345,0.2676767676767677,0.24824355971896955,1,0.2619047619047619,0.2619047619047619,0.2619047619047619,nan,nan
foldbench100__8b4u_A,3,994,True,330,330,97,0.29393939393939394,0.3553113553113553,0.32172470978441126,40,13,0.325,0.38235294117647056,0.35135135135135137,50,19,0.38,0.4634146341463415,0.4175824175824176,240,65,0.2708333333333333,0.3282828282828283,0.29680365296803657,1,0.32172470978441126,0.32172470978441126,0.32172470978441126,nan,nan
foldbench100__8b61_A,0,925,True,305,305,24,0.07868852459016394,0.11320754716981132,0.09284332688588008,35,4,0.11428571428571428,0.125,0.11940298507462688,46,10,0.21739130434782608,0.19607843137254902,0.2061855670103093,224,10,0.044642857142857144,0.07751937984496124,0.05665722379603399,1,0.09284332688588008,0.09284332688588008,0.09284332688588008,nan,nan
foldbench100__8b61_A,1,766,True,255,255,5,0.0196078431372549,0.02358490566037736,0.021413276231263382,37,4,0.10810810810810811,0.125,0.11594202898550725,45,0,0.0,0.0,0.0,173,1,0.005780346820809248,0.007751937984496124,0.00662251655629139,1,0.021413276231263382,0.021413276231263382,0.021413276231263382,nan,nan
foldbench100__8b61_A,2,757,True,252,252,9,0.03571428571428571,0.04245283018867924,0.038793103448275856,32,2,0.0625,0.0625,0.0625,31,2,0.06451612903225806,0.0392156862745098,0.04878048780487805,189,5,0.026455026455026454,0.03875968992248062,0.031446540880503145,1,0.038793103448275856,0.038793103448275856,0.038793103448275856,nan,nan
foldbench100__8b61_A,3,7709,False,769,769,31,0.04031209362808843,0.14622641509433962,0.06320081549439348,91,6,0.06593406593406594,0.1875,0.09756097560975611,110,11,0.1,0.21568627450980393,0.1366459627329193,568,14,0.02464788732394366,0.10852713178294573,0.040172166427546625,1,0.06320081549439348,0.06320081549439348,0.06320081549439348,nan,nan
foldbench100__8b6e_A,0,82,True,27,27,3,0.1111111111111111,0.06818181818181818,0.08450704225352113,6,1,0.16666666666666666,0.08333333333333333,0.1111111111111111,7,1,0.14285714285714285,0.07692307692307693,0.1,14,1,0.07142857142857142,0.05263157894736842,0.06060606060606061,1,0.08450704225352113,0.08450704225352113,0.08450704225352113,nan,nan
foldbench100__8b6e_A,1,88,True,29,29,5,0.1724137931034483,0.11363636363636363,0.136986301369863,7,1,0.14285714285714285,0.08333333333333333,0.10526315789473685,4,1,0.25,0.07692307692307693,0.11764705882352941,18,3,0.16666666666666666,0.15789473684210525,0.16216216216216214,1,0.136986301369863,0.136986301369863,0.136986301369863,nan,nan
foldbench100__8b6e_A,2,109,True,36,36,8,0.2222222222222222,0.18181818181818182,0.19999999999999998,6,3,0.5,0.25,0.3333333333333333,15,2,0.13333333333333333,0.15384615384615385,0.14285714285714288,15,3,0.2,0.15789473684210525,0.17647058823529413,1,0.19999999999999998,0.19999999999999998,0.19999999999999998,nan,nan
foldbench100__8b6e_A,3,103,True,34,34,9,0.2647058823529412,0.20454545454545456,0.23076923076923078,10,6,0.6,0.5,0.5454545454545454,10,3,0.3,0.23076923076923078,0.2608695652173913,14,0,0.0,0.0,0.0,1,0.23076923076923078,0.23076923076923078,0.23076923076923078,nan,nan
foldbench100__8bau_A,0,463,True,154,154,16,0.1038961038961039,0.07655502392344497,0.0881542699724518,41,14,0.34146341463414637,0.3333333333333333,0.3373493975903615,43,1,0.023255813953488372,0.038461538461538464,0.028985507246376812,70,1,0.014285714285714285,0.0070921985815602835,0.00947867298578199,1,0.0881542699724518,0.0881542699724518,0.0881542699724518,nan,nan
foldbench100__8bau_A,1,520,True,173,173,19,0.10982658959537572,0.09090909090909091,0.09947643979057591,42,8,0.19047619047619047,0.19047619047619047,0.19047619047619047,27,3,0.1111111111111111,0.11538461538461539,0.11320754716981132,104,8,0.07692307692307693,0.05673758865248227,0.0653061224489796,1,0.09947643979057591,0.09947643979057591,0.09947643979057591,nan,nan
foldbench100__8bau_A,2,487,True,162,162,6,0.037037037037037035,0.028708133971291867,0.032345013477088944,32,4,0.125,0.09523809523809523,0.1081081081081081,44,1,0.022727272727272728,0.038461538461538464,0.028571428571428574,86,1,0.011627906976744186,0.0070921985815602835,0.008810572687224669,1,0.032345013477088944,0.032345013477088944,0.032345013477088944,nan,nan
foldbench100__8bau_A,3,484,True,161,161,13,0.08074534161490683,0.06220095693779904,0.07027027027027027,36,12,0.3333333333333333,0.2857142857142857,0.30769230769230765,27,1,0.037037037037037035,0.038461538461538464,0.03773584905660377,98,0,0.0,0.0,0.0,1,0.07027027027027027,0.07027027027027027,0.07027027027027027,nan,nan
foldbench100__8bgb_A,0,313,True,104,104,8,0.07692307692307693,0.07920792079207921,0.07804878048780486,17,2,0.11764705882352941,0.08695652173913043,0.09999999999999999,26,4,0.15384615384615385,0.2,0.17391304347826086,61,2,0.03278688524590164,0.034482758620689655,0.033613445378151266,1,0.07804878048780486,0.07804878048780486,0.07804878048780486,nan,nan
foldbench100__8bgb_A,1,298,True,99,99,6,0.06060606060606061,0.0594059405940594,0.06,15,3,0.2,0.13043478260869565,0.15789473684210528,29,1,0.034482758620689655,0.05,0.04081632653061224,55,2,0.03636363636363636,0.034482758620689655,0.035398230088495575,1,0.06,0.06,0.06,nan,nan
foldbench100__8bgb_A,2,277,True,92,92,9,0.09782608695652174,0.0891089108910891,0.0932642487046632,22,5,0.22727272727272727,0.21739130434782608,0.22222222222222224,28,3,0.10714285714285714,0.15,0.125,42,1,0.023809523809523808,0.017241379310344827,0.02,1,0.0932642487046632,0.0932642487046632,0.0932642487046632,nan,nan
foldbench100__8bgb_A,3,262,True,87,87,5,0.05747126436781609,0.04950495049504951,0.05319148936170213,14,3,0.21428571428571427,0.13043478260869565,0.16216216216216214,17,1,0.058823529411764705,0.05,0.05405405405405405,56,1,0.017857142857142856,0.017241379310344827,0.01754385964912281,1,0.05319148936170213,0.05319148936170213,0.05319148936170213,nan,nan
foldbench100__8bsb_A,0,589,True,195,195,6,0.03076923076923077,0.05217391304347826,0.03870967741935484,16,0,0.0,0.0,0.0,24,1,0.041666666666666664,0.07142857142857142,0.052631578947368425,155,5,0.03225806451612903,0.05319148936170213,0.04016064257028113,1,0.03870967741935484,0.03870967741935484,0.03870967741935484,nan,nan
foldbench100__8bsb_A,1,202,True,67,67,5,0.07462686567164178,0.043478260869565216,0.054945054945054944,7,1,0.14285714285714285,0.14285714285714285,0.14285714285714285,13,2,0.15384615384615385,0.14285714285714285,0.14814814814814817,47,2,0.0425531914893617,0.02127659574468085,0.028368794326241138,1,0.054945054945054944,0.054945054945054944,0.054945054945054944,nan,nan
foldbench100__8bsb_A,2,424,True,140,140,6,0.04285714285714286,0.05217391304347826,0.047058823529411764,21,0,0.0,0.0,0.0,6,0,0.0,0.0,0.0,113,6,0.05309734513274336,0.06382978723404255,0.05797101449275362,1,0.047058823529411764,0.047058823529411764,0.047058823529411764,nan,nan
foldbench100__8bsb_A,3,346,True,115,115,2,0.017391304347826087,0.017391304347826087,0.017391304347826087,18,0,0.0,0.0,0.0,13,0,0.0,0.0,0.0,84,2,0.023809523809523808,0.02127659574468085,0.022471910112359546,1,0.017391304347826087,0.017391304347826087,0.017391304347826087,nan,nan
foldbench100__8c4d_A,0,1567,True,504,504,6,0.011904761904761904,0.026200873362445413,0.01637107776261937,47,1,0.02127659574468085,0.038461538461538464,0.0273972602739726,56,1,0.017857142857142856,0.03571428571428571,0.023809523809523808,401,4,0.00997506234413965,0.022857142857142857,0.013888888888888888,1,0.01637107776261937,0.01637107776261937,0.01637107776261937,nan,nan
foldbench100__8c4d_A,1,1102,True,364,364,22,0.06043956043956044,0.09606986899563319,0.07419898819561552,61,3,0.04918032786885246,0.11538461538461539,0.06896551724137931,83,0,0.0,0.0,0.0,220,19,0.08636363636363636,0.10857142857142857,0.09620253164556963,1,0.07419898819561552,0.07419898819561552,0.07419898819561552,nan,nan
foldbench100__8c4d_A,2,1099,True,364,364,11,0.03021978021978022,0.048034934497816595,0.03709949409780776,62,3,0.04838709677419355,0.11538461538461539,0.06818181818181818,94,1,0.010638297872340425,0.03571428571428571,0.016393442622950817,208,7,0.03365384615384615,0.04,0.03655352480417755,1,0.03709949409780776,0.03709949409780776,0.03709949409780776,nan,nan
foldbench100__8c4d_A,3,691,True,230,230,3,0.013043478260869565,0.013100436681222707,0.0130718954248366,40,2,0.05,0.07692307692307693,0.060606060606060615,50,0,0.0,0.0,0.0,140,1,0.007142857142857143,0.005714285714285714,0.006349206349206349,1,0.0130718954248366,0.0130718954248366,0.0130718954248366,nan,nan
foldbench100__8cba_A,0,679,True,226,226,16,0.07079646017699115,0.0653061224489796,0.06794055201698515,31,8,0.25806451612903225,0.20512820512820512,0.2285714285714286,34,4,0.11764705882352941,0.07547169811320754,0.09195402298850575,161,4,0.024844720496894408,0.026143790849673203,0.025477707006369428,1,0.06794055201698515,0.06794055201698515,0.06794055201698515,nan,nan
foldbench100__8cba_A,1,808,True,268,268,20,0.07462686567164178,0.08163265306122448,0.07797270955165692,60,9,0.15,0.23076923076923078,0.18181818181818185,70,8,0.11428571428571428,0.1509433962264151,0.13008130081300812,138,3,0.021739130434782608,0.0196078431372549,0.020618556701030927,1,0.07797270955165692,0.07797270955165692,0.07797270955165692,nan,nan
foldbench100__8cba_A,2,715,True,238,238,12,0.05042016806722689,0.04897959183673469,0.04968944099378882,50,7,0.14,0.1794871794871795,0.15730337078651685,45,4,0.08888888888888889,0.07547169811320754,0.08163265306122448,143,1,0.006993006993006993,0.006535947712418301,0.006756756756756757,1,0.04968944099378882,0.04968944099378882,0.04968944099378882,nan,nan
foldbench100__8cba_A,3,901,True,295,295,11,0.03728813559322034,0.044897959183673466,0.04074074074074074,53,7,0.1320754716981132,0.1794871794871795,0.15217391304347827,50,3,0.06,0.05660377358490566,0.05825242718446602,192,1,0.005208333333333333,0.006535947712418301,0.0057971014492753615,1,0.04074074074074074,0.04074074074074074,0.04074074074074074,nan,nan
foldbench100__8cih_A,0,232,True,77,77,2,0.025974025974025976,0.012658227848101266,0.01702127659574468,10,0,0.0,0.0,0.0,10,1,0.1,0.058823529411764705,0.07407407407407408,57,1,0.017543859649122806,0.007633587786259542,0.010638297872340425,1,0.01702127659574468,0.01702127659574468,0.01702127659574468,nan,nan
foldbench100__8cih_A,1,124,True,41,41,5,0.12195121951219512,0.03164556962025317,0.05025125628140704,7,0,0.0,0.0,0.0,14,4,0.2857142857142857,0.23529411764705882,0.2580645161290323,20,1,0.05,0.007633587786259542,0.013245033112582781,1,0.05025125628140704,0.05025125628140704,0.05025125628140704,nan,nan
foldbench100__8cih_A,2,301,True,100,100,27,0.27,0.17088607594936708,0.20930232558139533,12,2,0.16666666666666666,0.2,0.1818181818181818,17,4,0.23529411764705882,0.23529411764705882,0.23529411764705882,71,21,0.29577464788732394,0.16030534351145037,0.2079207920792079,1,0.20930232558139533,0.20930232558139533,0.20930232558139533,nan,nan
foldbench100__8cih_A,3,631,True,210,210,9,0.04285714285714286,0.056962025316455694,0.04891304347826087,32,0,0.0,0.0,0.0,50,3,0.06,0.17647058823529413,0.08955223880597014,128,6,0.046875,0.04580152671755725,0.04633204633204634,1,0.04891304347826087,0.04891304347826087,0.04891304347826087,nan,nan
foldbench100__8cpn_A,0,649,True,216,216,24,0.1111111111111111,0.14285714285714285,0.125,31,8,0.25806451612903225,0.34782608695652173,0.2962962962962963,53,13,0.24528301886792453,0.37142857142857144,0.29545454545454547,132,3,0.022727272727272728,0.02727272727272727,0.024793388429752067,1,0.125,0.125,0.125,nan,nan
foldbench100__8cpn_A,1,643,True,214,214,22,0.102803738317757,0.13095238095238096,0.11518324607329843,33,9,0.2727272727272727,0.391304347826087,0.32142857142857145,73,12,0.1643835616438356,0.34285714285714286,0.2222222222222222,108,1,0.009259259259259259,0.00909090909090909,0.009174311926605503,1,0.11518324607329843,0.11518324607329843,0.11518324607329843,nan,nan
foldbench100__8cpn_A,2,610,True,203,203,12,0.059113300492610835,0.07142857142857142,0.06469002695417789,28,3,0.10714285714285714,0.13043478260869565,0.11764705882352941,45,5,0.1111111111111111,0.14285714285714285,0.125,130,4,0.03076923076923077,0.03636363636363636,0.03333333333333333,1,0.06469002695417789,0.06469002695417789,0.06469002695417789,nan,nan
foldbench100__8cpn_A,3,766,True,254,254,14,0.05511811023622047,0.08333333333333333,0.06635071090047394,42,7,0.16666666666666666,0.30434782608695654,0.2153846153846154,61,6,0.09836065573770492,0.17142857142857143,0.125,151,1,0.006622516556291391,0.00909090909090909,0.007662835249042146,1,0.06635071090047394,0.06635071090047394,0.06635071090047394,nan,nan
foldbench100__8daj_A,0,1108,True,365,365,47,0.12876712328767123,0.15719063545150502,0.14156626506024095,47,6,0.1276595744680851,0.1875,0.1518987341772152,67,4,0.05970149253731343,0.07692307692307693,0.06722689075630252,251,37,0.14741035856573706,0.17209302325581396,0.1587982832618026,1,0.14156626506024095,0.14156626506024095,0.14156626506024095,nan,nan
foldbench100__8daj_A,1,1000,True,333,333,69,0.2072072072072072,0.23076923076923078,0.21835443037974683,48,13,0.2708333333333333,0.40625,0.325,66,15,0.22727272727272727,0.28846153846153844,0.25423728813559315,219,41,0.1872146118721461,0.19069767441860466,0.1889400921658986,1,0.21835443037974683,0.21835443037974683,0.21835443037974683,nan,nan
foldbench100__8daj_A,2,1063,True,349,349,64,0.1833810888252149,0.2140468227424749,0.19753086419753085,38,13,0.34210526315789475,0.40625,0.3714285714285715,55,10,0.18181818181818182,0.19230769230769232,0.18691588785046728,256,41,0.16015625,0.19069767441860466,0.17409766454352443,1,0.19753086419753085,0.19753086419753085,0.19753086419753085,nan,nan
foldbench100__8daj_A,3,766,True,255,255,43,0.16862745098039217,0.14381270903010032,0.1552346570397112,38,5,0.13157894736842105,0.15625,0.14285714285714285,42,12,0.2857142857142857,0.23076923076923078,0.25531914893617025,175,26,0.14857142857142858,0.12093023255813953,0.13333333333333333,1,0.1552346570397112,0.1552346570397112,0.1552346570397112,nan,nan
foldbench100__8dge_A,0,3841,True,1156,1156,143,0.12370242214532871,0.15645514223194748,0.1381642512077295,204,29,0.14215686274509803,0.2396694214876033,0.17846153846153845,221,25,0.11312217194570136,0.17006802721088435,0.1358695652173913,731,89,0.12175102599179206,0.13777089783281735,0.12926652142338416,1,0.1381642512077295,0.1381642512077295,0.1381642512077295,nan,nan
foldbench100__8dge_A,1,3002,True,970,970,85,0.08762886597938144,0.09299781181619256,0.09023354564755838,169,24,0.14201183431952663,0.19834710743801653,0.16551724137931034,195,15,0.07692307692307693,0.10204081632653061,0.08771929824561404,606,46,0.07590759075907591,0.07120743034055728,0.07348242811501597,1,0.09023354564755838,0.09023354564755838,0.09023354564755838,nan,nan
foldbench100__8dge_A,2,3604,True,1123,1123,138,0.12288512911843277,0.15098468271334792,0.13549337260677466,152,28,0.18421052631578946,0.23140495867768596,0.20512820512820512,181,24,0.13259668508287292,0.16326530612244897,0.14634146341463417,790,86,0.10886075949367088,0.13312693498452013,0.11977715877437327,1,0.13549337260677466,0.13549337260677466,0.13549337260677466,nan,nan
foldbench100__8dge_A,3,2860,True,939,939,102,0.10862619808306709,0.11159737417943107,0.11009174311926605,150,26,0.17333333333333334,0.21487603305785125,0.1918819188191882,178,22,0.12359550561797752,0.14965986394557823,0.13538461538461538,611,54,0.088379705400982,0.08359133126934984,0.08591885441527446,1,0.11009174311926605,0.11009174311926605,0.11009174311926605,nan,nan
foldbench100__8dmu_A,0,1942,True,640,640,27,0.0421875,0.047285464098073555,0.04459124690338563,91,8,0.08791208791208792,0.1,0.09356725146198833,89,4,0.0449438202247191,0.0547945205479452,0.04938271604938272,460,15,0.03260869565217391,0.03588516746411483,0.03416856492027335,1,0.04459124690338563,0.04459124690338563,0.04459124690338563,nan,nan
foldbench100__8dmu_A,1,1810,True,601,601,24,0.03993344425956739,0.04203152364273205,0.04095563139931741,87,11,0.12643678160919541,0.1375,0.1317365269461078,79,3,0.0379746835443038,0.0410958904109589,0.039473684210526314,435,10,0.022988505747126436,0.023923444976076555,0.023446658851113716,1,0.04095563139931741,0.04095563139931741,0.04095563139931741,nan,nan
foldbench100__8dmu_A,2,1957,True,634,634,23,0.03627760252365931,0.040280210157618214,0.038174273858921165,77,8,0.1038961038961039,0.1,0.10191082802547771,81,2,0.024691358024691357,0.0273972602739726,0.025974025974025976,476,13,0.0273109243697479,0.03110047846889952,0.029082774049217004,1,0.038174273858921165,0.038174273858921165,0.038174273858921165,nan,nan
foldbench100__8dmu_A,3,1609,True,535,535,38,0.07102803738317758,0.06654991243432574,0.06871609403254973,85,12,0.1411764705882353,0.15,0.14545454545454548,93,1,0.010752688172043012,0.0136986301369863,0.012048192771084338,357,25,0.0700280112044818,0.05980861244019139,0.06451612903225806,1,0.06871609403254973,0.06871609403254973,0.06871609403254973,nan,nan
foldbench100__8dqd_A,0,1270,True,423,423,79,0.1867612293144208,0.2,0.19315403422982885,57,14,0.24561403508771928,0.30434782608695654,0.27184466019417475,91,14,0.15384615384615385,0.1917808219178082,0.17073170731707318,275,51,0.18545454545454546,0.18478260869565216,0.1851179673321234,1,0.19315403422982885,0.19315403422982885,0.19315403422982885,nan,nan
foldbench100__8dqd_A,1,1207,True,400,400,52,0.13,0.13164556962025317,0.13081761006289308,45,10,0.2222222222222222,0.21739130434782608,0.2197802197802198,88,12,0.13636363636363635,0.1643835616438356,0.14906832298136644,267,30,0.11235955056179775,0.10869565217391304,0.11049723756906078,1,0.13081761006289308,0.13081761006289308,0.13081761006289308,nan,nan
foldbench100__8dqd_A,2,1672,True,546,546,50,0.09157509157509157,0.12658227848101267,0.10626992561105207,76,11,0.14473684210526316,0.2391304347826087,0.180327868852459,109,15,0.13761467889908258,0.2054794520547945,0.16483516483516483,361,24,0.0664819944598338,0.08695652173913043,0.07535321821036106,1,0.10626992561105207,0.10626992561105207,0.10626992561105207,nan,nan
foldbench100__8dqd_A,3,1138,True,379,379,94,0.24802110817941952,0.2379746835443038,0.24289405684754523,43,15,0.3488372093023256,0.32608695652173914,0.33707865168539325,70,27,0.38571428571428573,0.3698630136986301,0.37762237762237766,266,52,0.19548872180451127,0.18840579710144928,0.1918819188191882,1,0.24289405684754523,0.24289405684754523,0.24289405684754523,nan,nan
foldbench100__8e0r_A,0,1504,True,497,497,22,0.04426559356136821,0.04435483870967742,0.04431017119838872,66,9,0.13636363636363635,0.12857142857142856,0.13235294117647056,108,8,0.07407407407407407,0.07766990291262135,0.07582938388625592,323,5,0.015479876160990712,0.015479876160990712,0.015479876160990712,1,0.04431017119838872,0.04431017119838872,0.04431017119838872,nan,nan
foldbench100__8e0r_A,1,1594,True,529,529,6,0.011342155009451797,0.012096774193548387,0.011707317073170733,52,2,0.038461538461538464,0.02857142857142857,0.03278688524590164,72,3,0.041666666666666664,0.02912621359223301,0.03428571428571428,405,1,0.0024691358024691358,0.0030959752321981426,0.002747252747252747,1,0.011707317073170733,0.011707317073170733,0.011707317073170733,nan,nan
foldbench100__8e0r_A,2,1507,True,497,497,19,0.03822937625754527,0.038306451612903226,0.03826787512588117,60,4,0.06666666666666667,0.05714285714285714,0.061538461538461535,86,1,0.011627906976744186,0.009708737864077669,0.010582010582010581,351,14,0.039886039886039885,0.043343653250773995,0.04154302670623145,1,0.03826787512588117,0.03826787512588117,0.03826787512588117,nan,nan
foldbench100__8e0r_A,3,1507,True,500,500,16,0.032,0.03225806451612903,0.032128514056224904,69,3,0.043478260869565216,0.04285714285714286,0.04316546762589928,86,10,0.11627906976744186,0.0970873786407767,0.10582010582010583,345,3,0.008695652173913044,0.009287925696594427,0.00898203592814371,1,0.032128514056224904,0.032128514056224904,0.032128514056224904,nan,nan
foldbench100__8eb9_A,0,166,True,55,55,5,0.09090909090909091,0.07042253521126761,0.07936507936507937,14,2,0.14285714285714285,0.16666666666666666,0.15384615384615383,7,1,0.14285714285714285,0.043478260869565216,0.06666666666666667,34,2,0.058823529411764705,0.05555555555555555,0.05714285714285714,1,0.07936507936507937,0.07936507936507937,0.07936507936507937,nan,nan
foldbench100__8eb9_A,1,205,True,68,68,9,0.1323529411764706,0.1267605633802817,0.12949640287769784,13,3,0.23076923076923078,0.25,0.24000000000000002,24,3,0.125,0.13043478260869565,0.1276595744680851,31,3,0.0967741935483871,0.08333333333333333,0.08955223880597014,1,0.12949640287769784,0.12949640287769784,0.12949640287769784,nan,nan
foldbench100__8eb9_A,2,121,True,40,40,5,0.125,0.07042253521126761,0.09009009009009009,5,1,0.2,0.08333333333333333,0.11764705882352941,15,3,0.2,0.13043478260869565,0.15789473684210528,20,1,0.05,0.027777777777777776,0.03571428571428571,1,0.09009009009009009,0.09009009009009009,0.09009009009009009,nan,nan
foldbench100__8eb9_A,3,214,True,71,71,1,0.014084507042253521,0.014084507042253521,0.014084507042253521,15,0,0.0,0.0,0.0,20,0,0.0,0.0,0.0,36,1,0.027777777777777776,0.027777777777777776,0.027777777777777776,1,0.014084507042253521,0.014084507042253521,0.014084507042253521,nan,nan
foldbench100__8eo5_A,0,871,True,289,289,15,0.05190311418685121,0.05928853754940711,0.05535055350553505,49,8,0.16326530612244897,0.2222222222222222,0.18823529411764706,58,3,0.05172413793103448,0.06,0.05555555555555556,182,4,0.02197802197802198,0.023952095808383235,0.022922636103151865,1,0.05535055350553505,0.05535055350553505,0.05535055350553505,nan,nan
foldbench100__8eo5_A,1,511,True,169,169,12,0.07100591715976332,0.04743083003952569,0.05687203791469194,30,7,0.23333333333333334,0.19444444444444445,0.21212121212121213,33,4,0.12121212121212122,0.08,0.09638554216867469,106,1,0.009433962264150943,0.005988023952095809,0.007326007326007326,1,0.05687203791469194,0.05687203791469194,0.05687203791469194,nan,nan
foldbench100__8eo5_A,2,526,True,175,175,17,0.09714285714285714,0.06719367588932806,0.07943925233644861,49,11,0.22448979591836735,0.3055555555555556,0.2588235294117647,46,5,0.10869565217391304,0.1,0.10416666666666666,80,1,0.0125,0.005988023952095809,0.008097165991902834,1,0.07943925233644861,0.07943925233644861,0.07943925233644861,nan,nan
foldbench100__8eo5_A,3,853,True,284,284,12,0.04225352112676056,0.04743083003952569,0.044692737430167585,42,7,0.16666666666666666,0.19444444444444445,0.1794871794871795,57,2,0.03508771929824561,0.04,0.037383177570093455,185,3,0.016216216216216217,0.017964071856287425,0.017045454545454544,1,0.044692737430167585,0.044692737430167585,0.044692737430167585,nan,nan
foldbench100__8q8i_A,0,1351,True,440,440,8,0.01818181818181818,0.02127659574468085,0.019607843137254905,57,2,0.03508771929824561,0.058823529411764705,0.04395604395604395,64,2,0.03125,0.022727272727272728,0.026315789473684213,319,4,0.012539184952978056,0.015748031496062992,0.013961605584642232,1,0.019607843137254905,0.019607843137254905,0.019607843137254905,nan,nan
foldbench100__8q8i_A,1,1087,True,361,361,26,0.07202216066481995,0.06914893617021277,0.07055630936227952,49,7,0.14285714285714285,0.20588235294117646,0.1686746987951807,67,8,0.11940298507462686,0.09090909090909091,0.10322580645161292,245,11,0.044897959183673466,0.04330708661417323,0.04408817635270541,1,0.07055630936227952,0.07055630936227952,0.07055630936227952,nan,nan
foldbench100__8q8i_A,2,871,True,287,287,9,0.0313588850174216,0.023936170212765957,0.027149321266968326,41,4,0.0975609756097561,0.11764705882352941,0.10666666666666667,53,2,0.03773584905660377,0.022727272727272728,0.028368794326241134,193,3,0.015544041450777202,0.011811023622047244,0.013422818791946308,1,0.027149321266968326,0.027149321266968326,0.027149321266968326,nan,nan
foldbench100__8q8i_A,3,1306,True,427,427,32,0.07494145199063232,0.0851063829787234,0.07970112079701121,49,3,0.061224489795918366,0.08823529411764706,0.07228915662650602,105,9,0.08571428571428572,0.10227272727272728,0.09326424870466322,273,20,0.07326007326007326,0.07874015748031496,0.07590132827324479,1,0.07970112079701121,0.07970112079701121,0.07970112079701121,nan,nan
cameo_hard__8jvx_B,0,31,True,10,10,1,0.1,0.07142857142857142,0.08333333333333333,3,1,0.3333333333333333,0.5,0.4,4,0,0.0,0.0,0.0,3,0,0.0,0.0,0.0,1,0.08333333333333333,0.08333333333333333,0.08333333333333333,nan,nan
cameo_hard__8jvx_B,1,40,True,13,13,3,0.23076923076923078,0.21428571428571427,0.22222222222222224,2,0,0.0,0.0,0.0,3,0,0.0,0.0,0.0,8,3,0.375,0.375,0.375,1,0.22222222222222224,0.22222222222222224,0.22222222222222224,nan,nan
cameo_hard__8jvx_B,2,31,True,10,10,2,0.2,0.14285714285714285,0.16666666666666666,5,1,0.2,0.5,0.28571428571428575,4,0,0.0,0.0,0.0,1,1,1.0,0.125,0.2222222222222222,1,0.16666666666666666,0.16666666666666666,0.16666666666666666,nan,nan
cameo_hard__8jvx_B,3,49,True,16,16,8,0.5,0.5714285714285714,0.5333333333333333,7,0,0.0,0.0,0.0,2,1,0.5,0.25,0.3333333333333333,7,7,1.0,0.875,0.9333333333333333,1,0.5333333333333333,0.5333333333333333,0.5333333333333333,nan,nan
cameo_hard__8s3m_A,0,1267,True,419,419,14,0.03341288782816229,0.037940379403794036,0.03553299492385787,53,4,0.07547169811320754,0.08888888888888889,0.08163265306122448,61,3,0.04918032786885246,0.05357142857142857,0.05128205128205128,305,7,0.022950819672131147,0.026119402985074626,0.02443280977312391,1,0.03553299492385787,0.03553299492385787,0.03553299492385787,nan,nan
cameo_hard__8s3m_A,1,1288,True,428,428,11,0.02570093457943925,0.02981029810298103,0.027603513174404015,43,5,0.11627906976744186,0.1111111111111111,0.11363636363636365,94,6,0.06382978723404255,0.10714285714285714,0.08,291,0,0.0,0.0,0.0,1,0.027603513174404015,0.027603513174404015,0.027603513174404015,nan,nan
cameo_hard__8s3m_A,2,1294,True,429,429,20,0.046620046620046623,0.05420054200542006,0.05012531328320802,75,11,0.14666666666666667,0.24444444444444444,0.18333333333333335,62,4,0.06451612903225806,0.07142857142857142,0.06779661016949153,292,5,0.017123287671232876,0.018656716417910446,0.017857142857142856,1,0.05012531328320802,0.05012531328320802,0.05012531328320802,nan,nan
cameo_hard__8s3m_A,3,1135,True,374,374,17,0.045454545454545456,0.04607046070460705,0.04576043068640646,51,9,0.17647058823529413,0.2,0.18750000000000003,67,1,0.014925373134328358,0.017857142857142856,0.016260162601626015,256,7,0.02734375,0.026119402985074626,0.026717557251908396,1,0.04576043068640646,0.04576043068640646,0.04576043068640646,nan,nan
cameo_hard__8u1a_A,0,559,True,186,186,3,0.016129032258064516,0.006622516556291391,0.009389671361502348,11,3,0.2727272727272727,0.09375,0.13953488372093023,6,0,0.0,0.0,0.0,169,0,0.0,0.0,0.0,1,0.009389671361502348,0.009389671361502348,0.009389671361502348,nan,nan
cameo_hard__8u1a_A,1,948,True,296,296,22,0.07432432432432433,0.04856512141280353,0.05874499332443257,36,7,0.19444444444444445,0.21875,0.2058823529411765,21,7,0.3333333333333333,0.12727272727272726,0.18421052631578946,239,8,0.03347280334728033,0.02185792349726776,0.026446280991735537,1,0.05874499332443257,0.05874499332443257,0.05874499332443257,nan,nan
cameo_hard__8u1a_A,2,865,True,284,284,43,0.15140845070422534,0.09492273730684327,0.11668928086838534,31,6,0.1935483870967742,0.1875,0.19047619047619047,19,5,0.2631578947368421,0.09090909090909091,0.13513513513513514,234,32,0.13675213675213677,0.08743169398907104,0.10666666666666667,1,0.11668928086838534,0.11668928086838534,0.11668928086838534,nan,nan
cameo_hard__8u1a_A,3,1156,True,359,359,4,0.011142061281337047,0.008830022075055188,0.009852216748768471,27,4,0.14814814814814814,0.125,0.13559322033898305,11,0,0.0,0.0,0.0,321,0,0.0,0.0,0.0,1,0.009852216748768471,0.009852216748768471,0.009852216748768471,nan,nan
cameo_hard__8vd6_A,0,424,True,139,139,36,0.2589928057553957,0.3157894736842105,0.2845849802371541,44,19,0.4318181818181818,0.76,0.5507246376811594,46,8,0.17391304347826086,0.47058823529411764,0.25396825396825395,49,9,0.1836734693877551,0.125,0.1487603305785124,1,0.2845849802371541,0.2845849802371541,0.2845849802371541,nan,nan
cameo_hard__8vd6_A,1,421,True,139,139,47,0.3381294964028777,0.41228070175438597,0.3715415019762846,38,18,0.47368421052631576,0.72,0.5714285714285714,35,11,0.3142857142857143,0.6470588235294118,0.4230769230769231,66,18,0.2727272727272727,0.25,0.2608695652173913,1,0.3715415019762846,0.3715415019762846,0.3715415019762846,nan,nan
cameo_hard__8vd6_A,2,368,True,122,122,40,0.32786885245901637,0.3508771929824561,0.3389830508474576,39,18,0.46153846153846156,0.72,0.5625,29,7,0.2413793103448276,0.4117647058823529,0.3043478260869565,54,15,0.2777777777777778,0.20833333333333334,0.2380952380952381,1,0.3389830508474576,0.3389830508474576,0.3389830508474576,nan,nan
cameo_hard__8vd6_A,3,319,True,106,106,37,0.3490566037735849,0.32456140350877194,0.3363636363636364,38,18,0.47368421052631576,0.72,0.5714285714285714,17,6,0.35294117647058826,0.35294117647058826,0.35294117647058826,51,13,0.2549019607843137,0.18055555555555555,0.21138211382113817,1,0.3363636363636364,0.3363636363636364,0.3363636363636364,nan,nan
cameo_hard__8wwc_C,0,232,True,77,77,18,0.23376623376623376,0.18556701030927836,0.20689655172413793,11,6,0.5454545454545454,0.5,0.5217391304347826,24,6,0.25,0.2857142857142857,0.26666666666666666,42,6,0.14285714285714285,0.09375,0.11320754716981132,1,0.20689655172413793,0.20689655172413793,0.20689655172413793,nan,nan
cameo_hard__8wwc_C,1,324,True,105,105,9,0.08571428571428572,0.09278350515463918,0.0891089108910891,18,5,0.2777777777777778,0.4166666666666667,0.33333333333333337,22,1,0.045454545454545456,0.047619047619047616,0.046511627906976744,65,3,0.046153846153846156,0.046875,0.046511627906976744,1,0.0891089108910891,0.0891089108910891,0.0891089108910891,nan,nan
cameo_hard__8wwc_C,2,199,True,66,66,4,0.06060606060606061,0.041237113402061855,0.049079754601226995,11,3,0.2727272727272727,0.25,0.2608695652173913,18,1,0.05555555555555555,0.047619047619047616,0.05128205128205128,37,0,0.0,0.0,0.0,1,0.049079754601226995,0.049079754601226995,0.049079754601226995,nan,nan
cameo_hard__8wwc_C,3,316,True,105,105,17,0.1619047619047619,0.17525773195876287,0.1683168316831683,18,5,0.2777777777777778,0.4166666666666667,0.33333333333333337,15,5,0.3333333333333333,0.23809523809523808,0.2777777777777778,72,7,0.09722222222222222,0.109375,0.10294117647058824,1,0.1683168316831683,0.1683168316831683,0.1683168316831683,nan,nan
cameo_hard__8yl4_B,0,733,True,238,238,25,0.10504201680672269,0.14285714285714285,0.12106537530266344,39,12,0.3076923076923077,0.5714285714285714,0.4,35,5,0.14285714285714285,0.18518518518518517,0.16129032258064516,164,8,0.04878048780487805,0.06299212598425197,0.054982817869415807,1,0.12106537530266344,0.12106537530266344,0.12106537530266344,nan,nan
cameo_hard__8yl4_B,1,448,True,149,149,27,0.18120805369127516,0.15428571428571428,0.16666666666666666,32,9,0.28125,0.42857142857142855,0.3396226415094339,22,5,0.22727272727272727,0.18518518518518517,0.20408163265306123,95,13,0.1368421052631579,0.10236220472440945,0.11711711711711711,1,0.16666666666666666,0.16666666666666666,0.16666666666666666,nan,nan
cameo_hard__8yl4_B,2,547,True,181,181,15,0.08287292817679558,0.08571428571428572,0.08426966292134833,16,3,0.1875,0.14285714285714285,0.16216216216216214,13,5,0.38461538461538464,0.18518518518518517,0.25,152,7,0.046052631578947366,0.05511811023622047,0.05017921146953406,1,0.08426966292134833,0.08426966292134833,0.08426966292134833,nan,nan
cameo_hard__8yl4_B,3,553,True,183,183,14,0.07650273224043716,0.08,0.0782122905027933,27,2,0.07407407407407407,0.09523809523809523,0.08333333333333333,25,4,0.16,0.14814814814814814,0.15384615384615383,131,8,0.061068702290076333,0.06299212598425197,0.062015503875969,1,0.0782122905027933,0.0782122905027933,0.0782122905027933,nan,nan
cameo_hard__8zaf_A,0,1165,True,388,388,17,0.04381443298969072,0.043701799485861184,0.043758043758043756,43,6,0.13953488372093023,0.12,0.1290322580645161,68,4,0.058823529411764705,0.06060606060606061,0.05970149253731344,277,7,0.02527075812274368,0.02564102564102564,0.025454545454545452,1,0.043758043758043756,0.043758043758043756,0.043758043758043756,nan,nan
cameo_hard__8zaf_A,1,1114,True,366,366,17,0.04644808743169399,0.043701799485861184,0.045033112582781455,66,8,0.12121212121212122,0.16,0.1379310344827586,74,5,0.06756756756756757,0.07575757575757576,0.07142857142857142,226,4,0.017699115044247787,0.014652014652014652,0.01603206412825651,1,0.045033112582781455,0.045033112582781455,0.045033112582781455,nan,nan
cameo_hard__8zaf_A,2,1324,True,438,438,11,0.02511415525114155,0.028277634961439587,0.026602176541717048,54,3,0.05555555555555555,0.06,0.05769230769230769,71,5,0.07042253521126761,0.07575757575757576,0.07299270072992702,313,3,0.009584664536741214,0.01098901098901099,0.010238907849829351,1,0.026602176541717048,0.026602176541717048,0.026602176541717048,nan,nan
cameo_hard__8zaf_A,3,1330,True,441,441,24,0.05442176870748299,0.061696658097686374,0.057831325301204814,55,9,0.16363636363636364,0.18,0.17142857142857143,82,7,0.08536585365853659,0.10606060606060606,0.09459459459459459,304,8,0.02631578947368421,0.029304029304029304,0.02772963604852686,1,0.057831325301204814,0.057831325301204814,0.057831325301204814,nan,nan
cameo_hard__9bch_A,0,589,True,196,196,16,0.08163265306122448,0.09248554913294797,0.08672086720867207,38,7,0.18421052631578946,0.25925925925925924,0.2153846153846154,52,6,0.11538461538461539,0.16666666666666666,0.13636363636363638,106,3,0.02830188679245283,0.02727272727272727,0.027777777777777776,1,0.08672086720867207,0.08672086720867207,0.08672086720867207,nan,nan
cameo_hard__9bch_A,1,568,True,187,187,27,0.1443850267379679,0.15606936416184972,0.15,33,9,0.2727272727272727,0.3333333333333333,0.3,56,9,0.16071428571428573,0.25,0.1956521739130435,98,9,0.09183673469387756,0.08181818181818182,0.08653846153846154,1,0.15,0.15,0.15,nan,nan
cameo_hard__9bch_A,2,352,True,117,117,17,0.1452991452991453,0.09826589595375723,0.11724137931034483,25,6,0.24,0.2222222222222222,0.23076923076923075,27,6,0.2222222222222222,0.16666666666666666,0.1904761904761905,65,5,0.07692307692307693,0.045454545454545456,0.05714285714285715,1,0.11724137931034483,0.11724137931034483,0.11724137931034483,nan,nan
cameo_hard__9bch_A,3,433,True,144,144,7,0.04861111111111111,0.04046242774566474,0.044164037854889586,22,4,0.18181818181818182,0.14814814814814814,0.16326530612244897,27,2,0.07407407407407407,0.05555555555555555,0.06349206349206349,95,1,0.010526315789473684,0.00909090909090909,0.009756097560975608,1,0.044164037854889586,0.044164037854889586,0.044164037854889586,nan,nan
cameo_hard__9deb_E,0,184,True,61,61,10,0.16393442622950818,0.17543859649122806,0.1694915254237288,7,2,0.2857142857142857,0.2857142857142857,0.2857142857142857,20,4,0.2,0.3333333333333333,0.25,34,4,0.11764705882352941,0.10526315789473684,0.1111111111111111,1,0.1694915254237288,0.1694915254237288,0.1694915254237288,nan,nan
cameo_hard__9deb_E,1,97,True,32,32,9,0.28125,0.15789473684210525,0.20224719101123595,3,0,0.0,0.0,0.0,11,4,0.36363636363636365,0.3333333333333333,0.34782608695652173,18,5,0.2777777777777778,0.13157894736842105,0.17857142857142858,1,0.20224719101123595,0.20224719101123595,0.20224719101123595,nan,nan
cameo_hard__9deb_E,2,169,True,56,56,21,0.375,0.3684210526315789,0.3716814159292035,6,3,0.5,0.42857142857142855,0.4615384615384615,15,6,0.4,0.5,0.4444444444444445,35,12,0.34285714285714286,0.3157894736842105,0.3287671232876712,1,0.3716814159292035,0.3716814159292035,0.3716814159292035,nan,nan
cameo_hard__9deb_E,3,136,True,45,45,12,0.26666666666666666,0.21052631578947367,0.23529411764705882,11,5,0.45454545454545453,0.7142857142857143,0.5555555555555556,12,5,0.4166666666666667,0.4166666666666667,0.4166666666666667,22,2,0.09090909090909091,0.05263157894736842,0.06666666666666667,1,0.23529411764705882,0.23529411764705882,0.23529411764705882,nan,nan
cameo_hard__9deg_A,0,436,True,145,145,18,0.12413793103448276,0.1267605633802817,0.12543554006968644,24,7,0.2916666666666667,0.2692307692307692,0.27999999999999997,32,5,0.15625,0.21739130434782608,0.18181818181818182,89,6,0.06741573033707865,0.06451612903225806,0.06593406593406594,1,0.12543554006968644,0.12543554006968644,0.12543554006968644,nan,nan
cameo_hard__9deg_A,1,517,True,170,170,15,0.08823529411764706,0.1056338028169014,0.09615384615384617,21,5,0.23809523809523808,0.19230769230769232,0.21276595744680848,26,0,0.0,0.0,0.0,123,10,0.08130081300813008,0.10752688172043011,0.09259259259259259,1,0.09615384615384617,0.09615384615384617,0.09615384615384617,nan,nan
cameo_hard__9deg_A,2,472,True,156,156,14,0.08974358974358974,0.09859154929577464,0.09395973154362416,14,4,0.2857142857142857,0.15384615384615385,0.2,23,4,0.17391304347826086,0.17391304347826086,0.17391304347826086,119,6,0.05042016806722689,0.06451612903225806,0.05660377358490566,1,0.09395973154362416,0.09395973154362416,0.09395973154362416,nan,nan
cameo_hard__9deg_A,3,163,True,54,54,9,0.16666666666666666,0.06338028169014084,0.09183673469387756,21,8,0.38095238095238093,0.3076923076923077,0.3404255319148936,15,1,0.06666666666666667,0.043478260869565216,0.052631578947368425,18,0,0.0,0.0,0.0,1,0.09183673469387756,0.09183673469387756,0.09183673469387756,nan,nan
cameo_hard__9emy_B,0,1601,True,529,529,44,0.0831758034026465,0.09586056644880174,0.08906882591093117,75,19,0.25333333333333335,0.27941176470588236,0.26573426573426573,72,12,0.16666666666666666,0.15584415584415584,0.1610738255033557,382,13,0.034031413612565446,0.041401273885350316,0.037356321839080456,1,0.08906882591093117,0.08906882591093117,0.08906882591093117,nan,nan
cameo_hard__9emy_B,1,1615,True,537,537,61,0.11359404096834265,0.1328976034858388,0.12248995983935744,77,20,0.2597402597402597,0.29411764705882354,0.27586206896551724,80,9,0.1125,0.11688311688311688,0.11464968152866241,380,32,0.08421052631578947,0.10191082802547771,0.09221902017291064,1,0.12248995983935744,0.12248995983935744,0.12248995983935744,nan,nan
cameo_hard__9emy_B,2,1414,True,467,467,29,0.06209850107066381,0.06318082788671024,0.06263498920086394,57,9,0.15789473684210525,0.1323529411764706,0.144,61,7,0.11475409836065574,0.09090909090909091,0.10144927536231885,349,13,0.03724928366762178,0.041401273885350316,0.0392156862745098,1,0.06263498920086394,0.06263498920086394,0.06263498920086394,nan,nan
cameo_hard__9emy_B,3,1465,True,485,485,121,0.24948453608247423,0.2636165577342048,0.2563559322033898,86,22,0.2558139534883721,0.3235294117647059,0.28571428571428575,93,30,0.3225806451612903,0.38961038961038963,0.3529411764705882,306,69,0.22549019607843138,0.2197452229299363,0.2225806451612903,1,0.2563559322033898,0.2563559322033898,0.2563559322033898,nan,nan
cameo_hard__9eum_A,0,502,True,164,164,8,0.04878048780487805,0.057971014492753624,0.05298013245033113,22,3,0.13636363636363635,0.15,0.14285714285714282,49,3,0.061224489795918366,0.08333333333333333,0.07058823529411765,93,2,0.021505376344086023,0.024390243902439025,0.02285714285714286,1,0.05298013245033113,0.05298013245033113,0.05298013245033113,nan,nan
cameo_hard__9eum_A,1,574,True,188,188,12,0.06382978723404255,0.08695652173913043,0.0736196319018405,27,5,0.18518518518518517,0.25,0.2127659574468085,47,6,0.1276595744680851,0.16666666666666666,0.14457831325301204,114,1,0.008771929824561403,0.012195121951219513,0.010204081632653062,1,0.0736196319018405,0.0736196319018405,0.0736196319018405,nan,nan
cameo_hard__9eum_A,2,511,True,166,166,8,0.04819277108433735,0.057971014492753624,0.052631578947368425,25,2,0.08,0.1,0.08888888888888889,65,3,0.046153846153846156,0.08333333333333333,0.05940594059405942,76,3,0.039473684210526314,0.036585365853658534,0.0379746835443038,1,0.052631578947368425,0.052631578947368425,0.052631578947368425,nan,nan
cameo_hard__9eum_A,3,442,True,147,147,15,0.10204081632653061,0.10869565217391304,0.10526315789473685,27,2,0.07407407407407407,0.1,0.0851063829787234,62,12,0.1935483870967742,0.3333333333333333,0.24489795918367346,58,1,0.017241379310344827,0.012195121951219513,0.014285714285714287,1,0.10526315789473685,0.10526315789473685,0.10526315789473685,nan,nan
cameo_hard__9fdg_A,0,466,True,155,155,50,0.3225806451612903,0.33783783783783783,0.33003300330033,45,18,0.4,0.42857142857142855,0.4137931034482759,68,26,0.38235294117647056,0.45614035087719296,0.4159999999999999,42,6,0.14285714285714285,0.12244897959183673,0.13186813186813187,1,0.33003300330033,0.33003300330033,0.33003300330033,nan,nan
cameo_hard__9fdg_A,1,397,True,132,132,57,0.4318181818181818,0.38513513513513514,0.40714285714285714,39,22,0.5641025641025641,0.5238095238095238,0.5432098765432098,66,30,0.45454545454545453,0.5263157894736842,0.4878048780487805,27,5,0.18518518518518517,0.10204081632653061,0.13157894736842107,1,0.40714285714285714,0.40714285714285714,0.40714285714285714,nan,nan
cameo_hard__9fdg_A,2,442,True,147,147,40,0.272108843537415,0.2702702702702703,0.27118644067796616,41,16,0.3902439024390244,0.38095238095238093,0.3855421686746988,62,19,0.3064516129032258,0.3333333333333333,0.31932773109243695,44,5,0.11363636363636363,0.10204081632653061,0.1075268817204301,1,0.27118644067796616,0.27118644067796616,0.27118644067796616,nan,nan
cameo_hard__9fdg_A,3,571,True,188,188,44,0.23404255319148937,0.2972972972972973,0.2619047619047619,45,16,0.35555555555555557,0.38095238095238093,0.367816091954023,69,26,0.37681159420289856,0.45614035087719296,0.4126984126984127,74,2,0.02702702702702703,0.04081632653061224,0.032520325203252036,1,0.2619047619047619,0.2619047619047619,0.2619047619047619,nan,nan
cameo_hard__9had_C,0,379,True,124,124,9,0.07258064516129033,0.09375,0.08181818181818183,17,3,0.17647058823529413,0.3,0.22222222222222224,23,5,0.21739130434782608,0.23809523809523808,0.22727272727272724,84,1,0.011904761904761904,0.015384615384615385,0.013422818791946308,1,0.08181818181818183,0.08181818181818183,0.08181818181818183,nan,nan
cameo_hard__9had_C,1,100,True,33,33,17,0.5151515151515151,0.17708333333333334,0.2635658914728682,7,4,0.5714285714285714,0.4,0.47058823529411764,10,6,0.6,0.2857142857142857,0.3870967741935483,16,7,0.4375,0.1076923076923077,0.1728395061728395,1,0.2635658914728682,0.2635658914728682,0.2635658914728682,nan,nan
cameo_hard__9had_C,2,187,True,62,62,4,0.06451612903225806,0.041666666666666664,0.05063291139240506,6,1,0.16666666666666666,0.1,0.125,6,0,0.0,0.0,0.0,50,3,0.06,0.046153846153846156,0.052173913043478265,1,0.05063291139240506,0.05063291139240506,0.05063291139240506,nan,nan
cameo_hard__9had_C,3,295,True,98,98,16,0.16326530612244897,0.16666666666666666,0.16494845360824742,15,5,0.3333333333333333,0.5,0.4,24,4,0.16666666666666666,0.19047619047619047,0.17777777777777778,59,7,0.11864406779661017,0.1076923076923077,0.11290322580645162,1,0.16494845360824742,0.16494845360824742,0.16494845360824742,nan,nan
cameo_hard__9j46_F,0,154,True,51,51,4,0.0784313725490196,0.042105263157894736,0.05479452054794521,11,2,0.18181818181818182,0.16666666666666666,0.17391304347826086,17,1,0.058823529411764705,0.08333333333333333,0.06896551724137931,23,1,0.043478260869565216,0.014084507042253521,0.02127659574468085,1,0.05479452054794521,0.05479452054794521,0.05479452054794521,nan,nan
cameo_hard__9j46_F,1,328,True,109,109,5,0.045871559633027525,0.05263157894736842,0.049019607843137254,18,2,0.1111111111111111,0.16666666666666666,0.13333333333333333,36,2,0.05555555555555555,0.16666666666666666,0.08333333333333333,55,1,0.01818181818181818,0.014084507042253521,0.015873015873015872,1,0.049019607843137254,0.049019607843137254,0.049019607843137254,nan,nan
cameo_hard__9j46_F,2,190,True,63,63,9,0.14285714285714285,0.09473684210526316,0.11392405063291139,14,3,0.21428571428571427,0.25,0.23076923076923075,24,2,0.08333333333333333,0.16666666666666666,0.1111111111111111,25,4,0.16,0.056338028169014086,0.08333333333333333,1,0.11392405063291139,0.11392405063291139,0.11392405063291139,nan,nan
cameo_hard__9j46_F,3,304,True,101,101,9,0.0891089108910891,0.09473684210526316,0.09183673469387756,17,3,0.17647058823529413,0.25,0.20689655172413793,18,4,0.2222222222222222,0.3333333333333333,0.26666666666666666,66,2,0.030303030303030304,0.028169014084507043,0.029197080291970802,1,0.09183673469387756,0.09183673469387756,0.09183673469387756,nan,nan
cameo_hard__9k3e_C,0,292,True,97,97,4,0.041237113402061855,0.034482758620689655,0.037558685446009384,12,3,0.25,0.15789473684210525,0.1935483870967742,35,1,0.02857142857142857,0.029411764705882353,0.02898550724637681,50,0,0.0,0.0,0.0,1,0.037558685446009384,0.037558685446009384,0.037558685446009384,nan,nan
cameo_hard__9k3e_C,1,310,True,103,103,8,0.07766990291262135,0.06896551724137931,0.0730593607305936,22,3,0.13636363636363635,0.15789473684210525,0.14634146341463414,28,2,0.07142857142857142,0.058823529411764705,0.06451612903225808,53,3,0.05660377358490566,0.047619047619047616,0.051724137931034475,1,0.0730593607305936,0.0730593607305936,0.0730593607305936,nan,nan
cameo_hard__9k3e_C,2,391,True,130,130,5,0.038461538461538464,0.04310344827586207,0.04065040650406505,17,1,0.058823529411764705,0.05263157894736842,0.05555555555555555,30,2,0.06666666666666667,0.058823529411764705,0.0625,83,2,0.024096385542168676,0.031746031746031744,0.027397260273972605,1,0.04065040650406505,0.04065040650406505,0.04065040650406505,nan,nan
cameo_hard__9k3e_C,3,346,True,115,115,11,0.09565217391304348,0.09482758620689655,0.09523809523809523,14,3,0.21428571428571427,0.15789473684210525,0.18181818181818182,29,6,0.20689655172413793,0.17647058823529413,0.19047619047619047,72,2,0.027777777777777776,0.031746031746031744,0.02962962962962963,1,0.09523809523809523,0.09523809523809523,0.09523809523809523,nan,nan
casp_fm__T1029-D1,0,400,True,133,133,12,0.09022556390977443,0.13043478260869565,0.10666666666666666,25,6,0.24,0.3157894736842105,0.2727272727272727,27,5,0.18518518518518517,0.15625,0.1694915254237288,81,1,0.012345679012345678,0.024390243902439025,0.01639344262295082,1,0.10666666666666666,0.10666666666666666,0.10666666666666666,nan,nan
casp_fm__T1029-D1,1,316,True,105,105,13,0.12380952380952381,0.14130434782608695,0.1319796954314721,21,5,0.23809523809523808,0.2631578947368421,0.25,32,8,0.25,0.25,0.25,52,0,0.0,0.0,0.0,1,0.1319796954314721,0.1319796954314721,0.1319796954314721,nan,nan
casp_fm__T1029-D1,2,289,True,96,96,17,0.17708333333333334,0.18478260869565216,0.18085106382978725,23,9,0.391304347826087,0.47368421052631576,0.42857142857142855,29,6,0.20689655172413793,0.1875,0.19672131147540986,44,2,0.045454545454545456,0.04878048780487805,0.047058823529411764,1,0.18085106382978725,0.18085106382978725,0.18085106382978725,nan,nan
casp_fm__T1029-D1,3,337,True,112,112,13,0.11607142857142858,0.14130434782608695,0.12745098039215685,21,5,0.23809523809523808,0.2631578947368421,0.25,22,6,0.2727272727272727,0.1875,0.2222222222222222,69,2,0.028985507246376812,0.04878048780487805,0.03636363636363636,1,0.12745098039215685,0.12745098039215685,0.12745098039215685,nan,nan
casp_fm__T1033-D1,0,187,True,62,62,5,0.08064516129032258,0.060240963855421686,0.06896551724137931,11,0,0.0,0.0,0.0,7,0,0.0,0.0,0.0,44,5,0.11363636363636363,0.08928571428571429,0.1,1,0.06896551724137931,0.06896551724137931,0.06896551724137931,nan,nan
casp_fm__T1033-D1,1,364,True,121,121,10,0.08264462809917356,0.12048192771084337,0.09803921568627451,13,1,0.07692307692307693,0.14285714285714285,0.1,21,0,0.0,0.0,0.0,87,9,0.10344827586206896,0.16071428571428573,0.12587412587412586,1,0.09803921568627451,0.09803921568627451,0.09803921568627451,nan,nan
casp_fm__T1033-D1,2,91,True,30,30,0,0.0,0.0,0.0,3,0,0.0,0.0,0.0,3,0,0.0,0.0,0.0,24,0,0.0,0.0,0.0,1,0.0,0.0,0.0,nan,nan
casp_fm__T1033-D1,3,136,True,45,45,1,0.022222222222222223,0.012048192771084338,0.015625,6,0,0.0,0.0,0.0,7,0,0.0,0.0,0.0,32,1,0.03125,0.017857142857142856,0.022727272727272728,1,0.015625,0.015625,0.015625,nan,nan
casp_fm__T1037-D1,0,1153,True,381,381,30,0.07874015748031496,0.07389162561576355,0.07623888182973317,52,14,0.2692307692307692,0.25,0.2592592592592593,71,9,0.1267605633802817,0.1111111111111111,0.11842105263157894,258,7,0.027131782945736434,0.026022304832713755,0.026565464895635674,1,0.07623888182973317,0.07623888182973317,0.07623888182973317,nan,nan
casp_fm__T1037-D1,1,1177,True,390,390,20,0.05128205128205128,0.04926108374384237,0.05025125628140703,73,10,0.136986301369863,0.17857142857142858,0.15503875968992245,78,6,0.07692307692307693,0.07407407407407407,0.07547169811320754,239,4,0.016736401673640166,0.01486988847583643,0.015748031496062992,1,0.05025125628140703,0.05025125628140703,0.05025125628140703,nan,nan
casp_fm__T1037-D1,2,1642,True,541,541,19,0.03512014787430684,0.046798029556650245,0.04012671594508976,58,9,0.15517241379310345,0.16071428571428573,0.15789473684210528,86,5,0.05813953488372093,0.06172839506172839,0.059880239520958084,397,5,0.012594458438287154,0.01858736059479554,0.015015015015015015,1,0.04012671594508976,0.04012671594508976,0.04012671594508976,nan,nan
casp_fm__T1037-D1,3,1207,True,402,402,15,0.03731343283582089,0.03694581280788178,0.03712871287128713,58,6,0.10344827586206896,0.10714285714285714,0.10526315789473684,75,6,0.08,0.07407407407407407,0.07692307692307691,269,3,0.011152416356877323,0.011152416356877323,0.011152416356877323,1,0.03712871287128713,0.03712871287128713,0.03712871287128713,nan,nan
casp_fm__T1038-D2,0,169,True,56,56,10,0.17857142857142858,0.16666666666666666,0.17241379310344826,17,2,0.11764705882352941,0.15384615384615385,0.13333333333333333,17,4,0.23529411764705882,0.18181818181818182,0.20512820512820512,22,4,0.18181818181818182,0.16,0.1702127659574468,1,0.17241379310344826,0.17241379310344826,0.17241379310344826,nan,nan
casp_fm__T1038-D2,1,166,True,55,55,7,0.12727272727272726,0.11666666666666667,0.1217391304347826,11,3,0.2727272727272727,0.23076923076923078,0.24999999999999994,10,2,0.2,0.09090909090909091,0.12500000000000003,34,2,0.058823529411764705,0.08,0.06779661016949153,1,0.1217391304347826,0.1217391304347826,0.1217391304347826,nan,nan
casp_fm__T1038-D2,2,268,True,89,89,12,0.1348314606741573,0.2,0.1610738255033557,20,3,0.15,0.23076923076923078,0.18181818181818185,28,7,0.25,0.3181818181818182,0.28,41,2,0.04878048780487805,0.08,0.06060606060606061,1,0.1610738255033557,0.1610738255033557,0.1610738255033557,nan,nan
casp_fm__T1038-D2,3,148,True,49,49,4,0.08163265306122448,0.06666666666666667,0.07339449541284404,16,2,0.125,0.15384615384615385,0.13793103448275862,16,2,0.125,0.09090909090909091,0.10526315789473685,17,0,0.0,0.0,0.0,1,0.07339449541284404,0.07339449541284404,0.07339449541284404,nan,nan
casp_fm__T1040-D1,0,262,True,87,87,8,0.09195402298850575,0.10126582278481013,0.0963855421686747,19,1,0.05263157894736842,0.07692307692307693,0.0625,18,1,0.05555555555555555,0.09090909090909091,0.06896551724137931,50,6,0.12,0.10909090909090909,0.1142857142857143,1,0.0963855421686747,0.0963855421686747,0.0963855421686747,nan,nan
casp_fm__T1040-D1,1,343,True,113,113,14,0.12389380530973451,0.17721518987341772,0.14583333333333331,23,2,0.08695652173913043,0.15384615384615385,0.1111111111111111,18,0,0.0,0.0,0.0,72,12,0.16666666666666666,0.21818181818181817,0.1889763779527559,1,0.14583333333333331,0.14583333333333331,0.14583333333333331,nan,nan
casp_fm__T1040-D1,2,196,True,65,65,5,0.07692307692307693,0.06329113924050633,0.06944444444444445,13,1,0.07692307692307693,0.07692307692307693,0.07692307692307693,17,0,0.0,0.0,0.0,35,4,0.11428571428571428,0.07272727272727272,0.08888888888888889,1,0.06944444444444445,0.06944444444444445,0.06944444444444445,nan,nan
casp_fm__T1040-D1,3,229,True,76,76,6,0.07894736842105263,0.0759493670886076,0.07741935483870968,18,3,0.16666666666666666,0.23076923076923078,0.1935483870967742,18,1,0.05555555555555555,0.09090909090909091,0.06896551724137931,40,2,0.05,0.03636363636363636,0.042105263157894736,1,0.07741935483870968,0.07741935483870968,0.07741935483870968,nan,nan
casp_fm__T1042-D1,0,727,True,242,242,6,0.024793388429752067,0.02857142857142857,0.026548672566371685,38,2,0.05263157894736842,0.058823529411764705,0.05555555555555555,41,1,0.024390243902439025,0.034482758620689655,0.028571428571428574,163,3,0.018404907975460124,0.02040816326530612,0.01935483870967742,1,0.026548672566371685,0.026548672566371685,0.026548672566371685,nan,nan
casp_fm__T1042-D1,1,478,True,159,159,7,0.0440251572327044,0.03333333333333333,0.037940379403794036,36,4,0.1111111111111111,0.11764705882352941,0.11428571428571428,36,0,0.0,0.0,0.0,87,3,0.034482758620689655,0.02040816326530612,0.02564102564102564,1,0.037940379403794036,0.037940379403794036,0.037940379403794036,nan,nan
casp_fm__T1042-D1,2,940,True,311,311,15,0.04823151125401929,0.07142857142857142,0.05758157389635317,53,9,0.16981132075471697,0.2647058823529412,0.20689655172413793,55,0,0.0,0.0,0.0,203,6,0.029556650246305417,0.04081632653061224,0.03428571428571428,1,0.05758157389635317,0.05758157389635317,0.05758157389635317,nan,nan
casp_fm__T1042-D1,3,775,True,258,258,12,0.046511627906976744,0.05714285714285714,0.05128205128205128,45,6,0.13333333333333333,0.17647058823529413,0.1518987341772152,48,2,0.041666666666666664,0.06896551724137931,0.05194805194805195,165,4,0.024242424242424242,0.027210884353741496,0.02564102564102564,1,0.05128205128205128,0.05128205128205128,0.05128205128205128,nan,nan
casp_fm__T1049-D1,0,337,True,112,112,7,0.0625,0.05511811023622047,0.058577405857740586,20,2,0.1,0.2,0.13333333333333333,33,2,0.06060606060606061,0.08,0.0689655172413793,59,3,0.05084745762711865,0.03260869565217391,0.039735099337748346,1,0.058577405857740586,0.058577405857740586,0.058577405857740586,nan,nan
casp_fm__T1049-D1,1,451,True,149,149,3,0.020134228187919462,0.023622047244094488,0.021739130434782608,15,1,0.06666666666666667,0.1,0.08,40,0,0.0,0.0,0.0,94,2,0.02127659574468085,0.021739130434782608,0.02150537634408602,1,0.021739130434782608,0.021739130434782608,0.021739130434782608,nan,nan
casp_fm__T1049-D1,2,220,True,73,73,10,0.136986301369863,0.07874015748031496,0.1,20,2,0.1,0.2,0.13333333333333333,23,3,0.13043478260869565,0.12,0.12499999999999997,30,5,0.16666666666666666,0.05434782608695652,0.08196721311475409,1,0.1,0.1,0.1,nan,nan
casp_fm__T1049-D1,3,397,True,132,132,3,0.022727272727272728,0.023622047244094488,0.02316602316602317,18,0,0.0,0.0,0.0,26,0,0.0,0.0,0.0,88,3,0.03409090909090909,0.03260869565217391,0.033333333333333326,1,0.02316602316602317,0.02316602316602317,0.02316602316602317,nan,nan
casp_fm__T1112-D1,0,1342,True,445,445,40,0.0898876404494382,0.09852216748768473,0.09400705052878967,51,9,0.17647058823529413,0.28125,0.21686746987951808,75,5,0.06666666666666667,0.10416666666666667,0.08130081300813008,319,26,0.08150470219435736,0.07975460122699386,0.08062015503875969,1,0.09400705052878967,0.09400705052878967,0.09400705052878967,nan,nan
casp_fm__T1112-D1,1,1744,True,574,574,30,0.05226480836236934,0.07389162561576355,0.06122448979591837,71,7,0.09859154929577464,0.21875,0.13592233009708737,76,5,0.06578947368421052,0.10416666666666667,0.08064516129032258,427,18,0.04215456674473068,0.05521472392638037,0.047808764940239036,1,0.06122448979591837,0.06122448979591837,0.06122448979591837,nan,nan
casp_fm__T1112-D1,2,1525,True,506,506,34,0.06719367588932806,0.08374384236453201,0.07456140350877193,61,7,0.11475409836065574,0.21875,0.15053763440860216,66,5,0.07575757575757576,0.10416666666666667,0.08771929824561404,379,22,0.05804749340369393,0.06748466257668712,0.0624113475177305,1,0.07456140350877193,0.07456140350877193,0.07456140350877193,nan,nan
casp_fm__T1112-D1,3,1513,True,498,498,30,0.060240963855421686,0.07389162561576355,0.06637168141592921,38,5,0.13157894736842105,0.15625,0.14285714285714285,87,5,0.05747126436781609,0.10416666666666667,0.07407407407407407,373,20,0.05361930294906166,0.06134969325153374,0.05722460658082976,1,0.06637168141592921,0.06637168141592921,0.06637168141592921,nan,nan
casp_fm__T1120-D1,0,202,True,67,67,6,0.08955223880597014,0.09230769230769231,0.09090909090909091,12,4,0.3333333333333333,0.16666666666666666,0.2222222222222222,10,2,0.2,0.2,0.20000000000000004,45,0,0.0,0.0,0.0,1,0.09090909090909091,0.09090909090909091,0.09090909090909091,nan,nan
casp_fm__T1120-D1,1,211,True,69,69,10,0.14492753623188406,0.15384615384615385,0.1492537313432836,15,5,0.3333333333333333,0.20833333333333334,0.25641025641025644,22,0,0.0,0.0,0.0,32,5,0.15625,0.16129032258064516,0.15873015873015875,1,0.1492537313432836,0.1492537313432836,0.1492537313432836,nan,nan
casp_fm__T1120-D1,2,166,True,55,55,8,0.14545454545454545,0.12307692307692308,0.13333333333333333,19,8,0.42105263157894735,0.3333333333333333,0.372093023255814,19,0,0.0,0.0,0.0,17,0,0.0,0.0,0.0,1,0.13333333333333333,0.13333333333333333,0.13333333333333333,nan,nan
casp_fm__T1120-D1,3,361,True,119,119,7,0.058823529411764705,0.1076923076923077,0.07608695652173912,22,7,0.3181818181818182,0.2916666666666667,0.30434782608695654,31,0,0.0,0.0,0.0,66,0,0.0,0.0,0.0,1,0.07608695652173912,0.07608695652173912,0.07608695652173912,nan,nan
casp_fm__T1121-D1,0,418,True,139,139,5,0.03597122302158273,0.03205128205128205,0.03389830508474576,26,3,0.11538461538461539,0.08108108108108109,0.09523809523809523,31,0,0.0,0.0,0.0,82,2,0.024390243902439025,0.022222222222222223,0.023255813953488372,1,0.03389830508474576,0.03389830508474576,0.03389830508474576,nan,nan
casp_fm__T1121-D1,1,562,True,187,187,17,0.09090909090909091,0.10897435897435898,0.0991253644314869,28,7,0.25,0.1891891891891892,0.2153846153846154,14,0,0.0,0.0,0.0,145,10,0.06896551724137931,0.1111111111111111,0.0851063829787234,1,0.0991253644314869,0.0991253644314869,0.0991253644314869,nan,nan
casp_fm__T1121-D1,2,562,True,187,187,7,0.0374331550802139,0.04487179487179487,0.04081632653061224,25,2,0.08,0.05405405405405406,0.06451612903225806,29,3,0.10344827586206896,0.10344827586206896,0.10344827586206896,133,2,0.015037593984962405,0.022222222222222223,0.017937219730941704,1,0.04081632653061224,0.04081632653061224,0.04081632653061224,nan,nan
casp_fm__T1121-D1,3,484,True,161,161,12,0.07453416149068323,0.07692307692307693,0.07570977917981073,30,6,0.2,0.16216216216216217,0.1791044776119403,27,3,0.1111111111111111,0.10344827586206896,0.10714285714285715,104,3,0.028846153846153848,0.03333333333333333,0.030927835051546393,1,0.07570977917981073,0.07570977917981073,0.07570977917981073,nan,nan
casp_fm__T1123-D1,0,583,True,194,194,12,0.061855670103092786,0.04838709677419355,0.05429864253393665,34,2,0.058823529411764705,0.07407407407407407,0.06557377049180327,34,3,0.08823529411764706,0.08108108108108109,0.08450704225352113,126,7,0.05555555555555555,0.03804347826086957,0.04516129032258064,1,0.05429864253393665,0.05429864253393665,0.05429864253393665,nan,nan
casp_fm__T1123-D1,1,700,True,233,233,12,0.05150214592274678,0.04838709677419355,0.0498960498960499,24,2,0.08333333333333333,0.07407407407407407,0.07843137254901962,46,1,0.021739130434782608,0.02702702702702703,0.024096385542168672,163,9,0.05521472392638037,0.04891304347826087,0.05187319884726224,1,0.0498960498960499,0.0498960498960499,0.0498960498960499,nan,nan
casp_fm__T1123-D1,2,610,True,202,202,12,0.0594059405940594,0.04838709677419355,0.05333333333333333,42,5,0.11904761904761904,0.18518518518518517,0.14492753623188406,50,2,0.04,0.05405405405405406,0.045977011494252866,110,5,0.045454545454545456,0.02717391304347826,0.034013605442176874,1,0.05333333333333333,0.05333333333333333,0.05333333333333333,nan,nan
casp_fm__T1123-D1,3,616,True,205,205,3,0.014634146341463415,0.012096774193548387,0.01324503311258278,10,0,0.0,0.0,0.0,35,1,0.02857142857142857,0.02702702702702703,0.02777777777777778,160,2,0.0125,0.010869565217391304,0.011627906976744186,1,0.01324503311258278,0.01324503311258278,0.01324503311258278,nan,nan
casp_fm__T1125-D2,0,262,True,87,87,7,0.08045977011494253,0.051094890510948905,0.0625,17,4,0.23529411764705882,0.2222222222222222,0.22857142857142856,10,0,0.0,0.0,0.0,60,3,0.05,0.02857142857142857,0.03636363636363636,1,0.0625,0.0625,0.0625,nan,nan
casp_fm__T1125-D2,1,166,True,55,55,11,0.2,0.08029197080291971,0.11458333333333333,13,6,0.46153846153846156,0.3333333333333333,0.3870967741935484,29,3,0.10344827586206896,0.21428571428571427,0.1395348837209302,13,2,0.15384615384615385,0.01904761904761905,0.03389830508474577,1,0.11458333333333333,0.11458333333333333,0.11458333333333333,nan,nan
casp_fm__T1125-D2,2,208,True,69,69,13,0.18840579710144928,0.0948905109489051,0.1262135922330097,15,4,0.26666666666666666,0.2222222222222222,0.2424242424242424,17,4,0.23529411764705882,0.2857142857142857,0.2580645161290323,37,5,0.13513513513513514,0.047619047619047616,0.0704225352112676,1,0.1262135922330097,0.1262135922330097,0.1262135922330097,nan,nan
casp_fm__T1125-D2,3,391,True,130,130,11,0.08461538461538462,0.08029197080291971,0.08239700374531836,32,4,0.125,0.2222222222222222,0.16,26,4,0.15384615384615385,0.2857142857142857,0.2,72,3,0.041666666666666664,0.02857142857142857,0.03389830508474576,1,0.08239700374531836,0.08239700374531836,0.08239700374531836,nan,nan
casp_fm__T1125-D5,0,505,True,167,167,11,0.0658682634730539,0.11827956989247312,0.0846153846153846,26,7,0.2692307692307692,0.3888888888888889,0.3181818181818182,33,3,0.09090909090909091,0.13636363636363635,0.10909090909090909,108,1,0.009259259259259259,0.018867924528301886,0.012422360248447204,1,0.0846153846153846,0.0846153846153846,0.0846153846153846,nan,nan
casp_fm__T1125-D5,1,403,True,134,134,18,0.13432835820895522,0.1935483870967742,0.15859030837004406,26,7,0.2692307692307692,0.3888888888888889,0.3181818181818182,29,8,0.27586206896551724,0.36363636363636365,0.3137254901960784,79,3,0.0379746835443038,0.05660377358490566,0.04545454545454546,1,0.15859030837004406,0.15859030837004406,0.15859030837004406,nan,nan
casp_fm__T1125-D5,2,364,True,121,121,15,0.12396694214876033,0.16129032258064516,0.14018691588785048,21,6,0.2857142857142857,0.3333333333333333,0.30769230769230765,30,4,0.13333333333333333,0.18181818181818182,0.15384615384615383,70,5,0.07142857142857142,0.09433962264150944,0.08130081300813008,1,0.14018691588785048,0.14018691588785048,0.14018691588785048,nan,nan
casp_fm__T1125-D5,3,199,True,66,66,10,0.15151515151515152,0.10752688172043011,0.1257861635220126,25,6,0.24,0.3333333333333333,0.27906976744186046,17,4,0.23529411764705882,0.18181818181818182,0.20512820512820512,24,0,0.0,0.0,0.0,1,0.1257861635220126,0.1257861635220126,0.1257861635220126,nan,nan
denovo_pdb__1qys_A,0,196,True,65,65,19,0.2923076923076923,0.25,0.2695035460992908,12,6,0.5,0.5,0.5,14,3,0.21428571428571427,0.16666666666666666,0.1875,39,10,0.2564102564102564,0.21739130434782608,0.23529411764705882,1,0.2695035460992908,0.2695035460992908,0.2695035460992908,nan,nan
denovo_pdb__1qys_A,1,202,True,67,67,26,0.3880597014925373,0.34210526315789475,0.36363636363636365,16,9,0.5625,0.75,0.6428571428571429,16,9,0.5625,0.5,0.5294117647058824,35,8,0.22857142857142856,0.17391304347826086,0.19753086419753085,1,0.36363636363636365,0.36363636363636365,0.36363636363636365,nan,nan
denovo_pdb__1qys_A,2,172,True,57,57,19,0.3333333333333333,0.25,0.28571428571428575,10,2,0.2,0.16666666666666666,0.1818181818181818,20,4,0.2,0.2222222222222222,0.2105263157894737,27,13,0.48148148148148145,0.2826086956521739,0.3561643835616438,1,0.28571428571428575,0.28571428571428575,0.28571428571428575,nan,nan
denovo_pdb__1qys_A,3,199,True,66,66,23,0.3484848484848485,0.3026315789473684,0.32394366197183094,13,8,0.6153846153846154,0.6666666666666666,0.64,17,4,0.23529411764705882,0.2222222222222222,0.22857142857142856,36,11,0.3055555555555556,0.2391304347826087,0.2682926829268293,1,0.32394366197183094,0.32394366197183094,0.32394366197183094,nan,nan
denovo_pdb__2af5_A,0,922,True,305,305,9,0.029508196721311476,0.035856573705179286,0.03237410071942446,40,5,0.125,0.05747126436781609,0.07874015748031496,56,2,0.03571428571428571,0.01652892561983471,0.022598870056497175,209,2,0.009569377990430622,0.046511627906976744,0.015873015873015872,1,0.03237410071942446,0.03237410071942446,0.03237410071942446,nan,nan
denovo_pdb__2af5_A,1,793,True,264,264,32,0.12121212121212122,0.12749003984063745,0.12427184466019417,59,16,0.2711864406779661,0.1839080459770115,0.2191780821917808,72,15,0.20833333333333334,0.12396694214876033,0.15544041450777202,133,1,0.007518796992481203,0.023255813953488372,0.011363636363636364,1,0.12427184466019417,0.12427184466019417,0.12427184466019417,nan,nan
denovo_pdb__2af5_A,2,793,True,264,264,63,0.23863636363636365,0.250996015936255,0.2446601941747573,83,32,0.3855421686746988,0.367816091954023,0.3764705882352941,113,29,0.25663716814159293,0.2396694214876033,0.24786324786324784,68,2,0.029411764705882353,0.046511627906976744,0.036036036036036036,1,0.2446601941747573,0.2446601941747573,0.2446601941747573,nan,nan
denovo_pdb__2af5_A,3,610,True,203,203,18,0.08866995073891626,0.07171314741035857,0.07929515418502203,42,8,0.19047619047619047,0.09195402298850575,0.12403100775193797,109,9,0.08256880733944955,0.0743801652892562,0.07826086956521738,52,1,0.019230769230769232,0.023255813953488372,0.021052631578947368,1,0.07929515418502203,0.07929515418502203,0.07929515418502203,nan,nan
denovo_pdb__2fkg_A,0,817,True,270,270,91,0.337037037037037,0.3333333333333333,0.3351749539594844,85,40,0.47058823529411764,0.4166666666666667,0.44198895027624313,133,47,0.3533834586466165,0.3671875,0.36015325670498083,52,4,0.07692307692307693,0.08163265306122448,0.07920792079207921,1,0.3351749539594844,0.3351749539594844,0.3351749539594844,nan,nan
denovo_pdb__2fkg_A,1,610,True,203,203,32,0.15763546798029557,0.11721611721611722,0.13445378151260504,45,17,0.37777777777777777,0.17708333333333334,0.24113475177304963,65,14,0.2153846153846154,0.109375,0.14507772020725387,93,1,0.010752688172043012,0.02040816326530612,0.014084507042253521,1,0.13445378151260504,0.13445378151260504,0.13445378151260504,nan,nan
denovo_pdb__2fkg_A,2,1078,True,359,359,53,0.14763231197771587,0.19413919413919414,0.16772151898734178,78,33,0.4230769230769231,0.34375,0.3793103448275862,103,19,0.18446601941747573,0.1484375,0.1645021645021645,178,1,0.0056179775280898875,0.02040816326530612,0.008810572687224669,1,0.16772151898734178,0.16772151898734178,0.16772151898734178,nan,nan
denovo_pdb__2fkg_A,3,761,True,253,253,64,0.25296442687747034,0.23443223443223443,0.24334600760456274,85,30,0.35294117647058826,0.3125,0.3314917127071823,126,33,0.2619047619047619,0.2578125,0.2598425196850394,42,1,0.023809523809523808,0.02040816326530612,0.021978021978021976,1,0.24334600760456274,0.24334600760456274,0.24334600760456274,nan,nan
denovo_pdb__2hkd_A,0,817,True,268,268,60,0.22388059701492538,0.21978021978021978,0.22181146025878004,95,36,0.37894736842105264,0.3870967741935484,0.3829787234042554,121,23,0.19008264462809918,0.17424242424242425,0.18181818181818182,52,1,0.019230769230769232,0.020833333333333332,0.02,1,0.22181146025878004,0.22181146025878004,0.22181146025878004,nan,nan
denovo_pdb__2hkd_A,1,856,True,284,284,37,0.13028169014084506,0.13553113553113552,0.1328545780969479,78,21,0.2692307692307692,0.22580645161290322,0.2456140350877193,119,15,0.12605042016806722,0.11363636363636363,0.1195219123505976,87,1,0.011494252873563218,0.020833333333333332,0.014814814814814815,1,0.1328545780969479,0.1328545780969479,0.1328545780969479,nan,nan
denovo_pdb__2hkd_A,2,703,True,234,234,13,0.05555555555555555,0.047619047619047616,0.05128205128205128,52,8,0.15384615384615385,0.08602150537634409,0.11034482758620691,58,4,0.06896551724137931,0.030303030303030304,0.04210526315789474,124,1,0.008064516129032258,0.020833333333333332,0.011627906976744186,1,0.05128205128205128,0.05128205128205128,0.05128205128205128,nan,nan
denovo_pdb__2hkd_A,3,847,True,282,282,74,0.2624113475177305,0.27106227106227104,0.26666666666666666,100,37,0.37,0.3978494623655914,0.38341968911917096,144,36,0.25,0.2727272727272727,0.2608695652173913,38,1,0.02631578947368421,0.020833333333333332,0.023255813953488375,1,0.26666666666666666,0.26666666666666666,0.26666666666666666,nan,nan
denovo_pdb__2i5v_O,0,433,True,144,144,36,0.25,0.17560975609756097,0.20630372492836677,56,16,0.2857142857142857,0.23529411764705882,0.2580645161290323,73,19,0.2602739726027397,0.20430107526881722,0.22891566265060243,15,1,0.06666666666666667,0.022727272727272728,0.03389830508474576,1,0.20630372492836677,0.20630372492836677,0.20630372492836677,nan,nan
denovo_pdb__2i5v_O,1,691,True,230,230,19,0.08260869565217391,0.09268292682926829,0.08735632183908046,49,9,0.1836734693877551,0.1323529411764706,0.15384615384615385,57,6,0.10526315789473684,0.06451612903225806,0.07999999999999999,124,4,0.03225806451612903,0.09090909090909091,0.047619047619047616,1,0.08735632183908046,0.08735632183908046,0.08735632183908046,nan,nan
denovo_pdb__2i5v_O,2,739,True,245,245,16,0.0653061224489796,0.07804878048780488,0.07111111111111111,41,7,0.17073170731707318,0.10294117647058823,0.12844036697247704,70,6,0.08571428571428572,0.06451612903225806,0.0736196319018405,134,3,0.022388059701492536,0.06818181818181818,0.033707865168539325,1,0.07111111111111111,0.07111111111111111,0.07111111111111111,nan,nan
denovo_pdb__2i5v_O,3,796,True,264,264,21,0.07954545454545454,0.1024390243902439,0.08955223880597014,37,11,0.2972972972972973,0.16176470588235295,0.20952380952380953,54,8,0.14814814814814814,0.08602150537634409,0.10884353741496598,173,2,0.011560693641618497,0.045454545454545456,0.018433179723502304,1,0.08955223880597014,0.08955223880597014,0.08955223880597014,nan,nan
denovo_pdb__2p05_A,0,118,True,39,39,5,0.1282051282051282,0.09090909090909091,0.10638297872340426,11,1,0.09090909090909091,0.1,0.09523809523809525,17,3,0.17647058823529413,0.16666666666666666,0.17142857142857143,11,1,0.09090909090909091,0.037037037037037035,0.05263157894736842,1,0.10638297872340426,0.10638297872340426,0.10638297872340426,nan,nan
denovo_pdb__2p05_A,1,175,True,58,58,11,0.1896551724137931,0.2,0.19469026548672566,12,1,0.08333333333333333,0.1,0.0909090909090909,16,5,0.3125,0.2777777777777778,0.29411764705882354,30,5,0.16666666666666666,0.18518518518518517,0.17543859649122806,1,0.19469026548672566,0.19469026548672566,0.19469026548672566,nan,nan
denovo_pdb__2p05_A,2,160,True,53,53,15,0.2830188679245283,0.2727272727272727,0.2777777777777778,19,5,0.2631578947368421,0.5,0.3448275862068966,17,7,0.4117647058823529,0.3888888888888889,0.39999999999999997,17,3,0.17647058823529413,0.1111111111111111,0.13636363636363638,1,0.2777777777777778,0.2777777777777778,0.2777777777777778,nan,nan
denovo_pdb__2p05_A,3,175,True,58,58,7,0.1206896551724138,0.12727272727272726,0.12389380530973451,15,0,0.0,0.0,0.0,21,4,0.19047619047619047,0.2222222222222222,0.20512820512820512,22,3,0.13636363636363635,0.1111111111111111,0.12244897959183673,1,0.12389380530973451,0.12389380530973451,0.12389380530973451,nan,nan
denovo_pdb__2qyj_A,0,376,True,122,122,94,0.7704918032786885,0.7899159663865546,0.7800829875518671,21,15,0.7142857142857143,0.9375,0.8108108108108109,18,14,0.7777777777777778,0.7,0.7368421052631577,83,65,0.7831325301204819,0.7831325301204819,0.783132530120482,1,0.7800829875518671,0.7800829875518671,0.7800829875518671,nan,nan
denovo_pdb__2qyj_A,1,408,True,131,131,97,0.7404580152671756,0.8151260504201681,0.776,19,15,0.7894736842105263,0.9375,0.8571428571428572,20,16,0.8,0.8,0.8000000000000002,92,66,0.717391304347826,0.7951807228915663,0.7542857142857142,1,0.776,0.776,0.776,nan,nan
denovo_pdb__2qyj_A,2,381,True,126,126,95,0.753968253968254,0.7983193277310925,0.7755102040816326,18,14,0.7777777777777778,0.875,0.823529411764706,20,14,0.7,0.7,0.7,88,67,0.7613636363636364,0.8072289156626506,0.783625730994152,1,0.7755102040816326,0.7755102040816326,0.7755102040816326,nan,nan
denovo_pdb__2qyj_A,3,395,True,127,127,97,0.7637795275590551,0.8151260504201681,0.7886178861788617,15,12,0.8,0.75,0.7741935483870969,22,18,0.8181818181818182,0.9,0.8571428571428572,90,67,0.7444444444444445,0.8072289156626506,0.7745664739884394,1,0.7886178861788617,0.7886178861788617,0.7886178861788617,nan,nan
denovo_pdb__2xen_A,0,205,True,68,68,50,0.7352941176470589,0.8333333333333334,0.78125,8,6,0.75,0.75,0.75,16,12,0.75,0.9230769230769231,0.8275862068965517,44,32,0.7272727272727273,0.8205128205128205,0.7710843373493976,1,0.78125,0.78125,0.78125,nan,nan
denovo_pdb__2xen_A,1,250,True,81,81,53,0.654320987654321,0.8833333333333333,0.75177304964539,12,7,0.5833333333333334,0.875,0.7000000000000001,15,13,0.8666666666666667,1.0,0.9285714285714286,54,33,0.6111111111111112,0.8461538461538461,0.7096774193548387,1,0.75177304964539,0.75177304964539,0.75177304964539,nan,nan
denovo_pdb__2xen_A,2,214,True,71,71,48,0.676056338028169,0.8,0.7328244274809161,10,7,0.7,0.875,0.7777777777777777,15,11,0.7333333333333333,0.8461538461538461,0.7857142857142856,46,30,0.6521739130434783,0.7692307692307693,0.7058823529411764,1,0.7328244274809161,0.7328244274809161,0.7328244274809161,nan,nan
denovo_pdb__2xen_A,3,228,True,75,75,48,0.64,0.8,0.7111111111111111,8,6,0.75,0.75,0.75,13,11,0.8461538461538461,0.8461538461538461,0.8461538461538461,54,31,0.5740740740740741,0.7948717948717948,0.6666666666666666,1,0.7111111111111111,0.7111111111111111,0.7111111111111111,nan,nan
denovo_pdb__2zgg_A,0,193,True,64,64,47,0.734375,0.746031746031746,0.7401574803149606,10,6,0.6,0.5,0.5454545454545454,13,12,0.9230769230769231,0.75,0.8275862068965517,41,29,0.7073170731707317,0.8285714285714286,0.7631578947368421,1,0.7401574803149606,0.7401574803149606,0.7401574803149606,nan,nan
denovo_pdb__2zgg_A,1,40,True,13,13,8,0.6153846153846154,0.12698412698412698,0.21052631578947367,0,0,0.0,0.0,0.0,2,1,0.5,0.0625,0.1111111111111111,11,7,0.6363636363636364,0.2,0.30434782608695654,1,0.21052631578947367,0.21052631578947367,0.21052631578947367,nan,nan
denovo_pdb__2zgg_A,2,199,True,66,66,49,0.7424242424242424,0.7777777777777778,0.7596899224806201,12,8,0.6666666666666666,0.6666666666666666,0.6666666666666666,13,11,0.8461538461538461,0.6875,0.7586206896551724,41,30,0.7317073170731707,0.8571428571428571,0.7894736842105263,1,0.7596899224806201,0.7596899224806201,0.7596899224806201,nan,nan
denovo_pdb__2zgg_A,3,194,True,63,63,47,0.746031746031746,0.746031746031746,0.746031746031746,11,8,0.7272727272727273,0.6666666666666666,0.6956521739130435,13,11,0.8461538461538461,0.6875,0.7586206896551724,39,28,0.717948717948718,0.8,0.7567567567567569,1,0.746031746031746,0.746031746031746,0.746031746031746,nan,nan
denovo_pdb__3dgm_A,0,187,True,61,61,7,0.11475409836065574,0.1320754716981132,0.12280701754385966,13,2,0.15384615384615385,0.2222222222222222,0.18181818181818185,26,3,0.11538461538461539,0.16666666666666666,0.13636363636363638,22,2,0.09090909090909091,0.07692307692307693,0.08333333333333334,1,0.12280701754385966,0.12280701754385966,0.12280701754385966,nan,nan
denovo_pdb__3dgm_A,1,202,True,67,67,10,0.14925373134328357,0.18867924528301888,0.16666666666666666,12,2,0.16666666666666666,0.2222222222222222,0.1904761904761905,33,6,0.18181818181818182,0.3333333333333333,0.23529411764705885,22,2,0.09090909090909091,0.07692307692307693,0.08333333333333334,1,0.16666666666666666,0.16666666666666666,0.16666666666666666,nan,nan
denovo_pdb__3dgm_A,2,196,True,65,65,11,0.16923076923076924,0.20754716981132076,0.1864406779661017,9,1,0.1111111111111111,0.1111111111111111,0.1111111111111111,38,9,0.23684210526315788,0.5,0.32142857142857145,18,1,0.05555555555555555,0.038461538461538464,0.04545454545454546,1,0.1864406779661017,0.1864406779661017,0.1864406779661017,nan,nan
denovo_pdb__3dgm_A,3,184,True,61,61,6,0.09836065573770492,0.11320754716981132,0.10526315789473684,13,0,0.0,0.0,0.0,15,3,0.2,0.16666666666666666,0.1818181818181818,33,3,0.09090909090909091,0.11538461538461539,0.1016949152542373,1,0.10526315789473684,0.10526315789473684,0.10526315789473684,nan,nan
denovo_pdb__3dgo_A,0,199,True,66,66,9,0.13636363636363635,0.17307692307692307,0.15254237288135594,11,2,0.18181818181818182,0.25,0.2105263157894737,28,4,0.14285714285714285,0.23529411764705882,0.17777777777777778,27,3,0.1111111111111111,0.1111111111111111,0.1111111111111111,1,0.15254237288135594,0.15254237288135594,0.15254237288135594,nan,nan
denovo_pdb__3dgo_A,1,133,True,44,44,7,0.1590909090909091,0.1346153846153846,0.14583333333333334,13,3,0.23076923076923078,0.375,0.2857142857142857,11,1,0.09090909090909091,0.058823529411764705,0.07142857142857142,20,3,0.15,0.1111111111111111,0.12765957446808512,1,0.14583333333333334,0.14583333333333334,0.14583333333333334,nan,nan
denovo_pdb__3dgo_A,2,181,True,60,60,21,0.35,0.40384615384615385,0.375,10,3,0.3,0.375,0.33333333333333326,22,7,0.3181818181818182,0.4117647058823529,0.358974358974359,28,11,0.39285714285714285,0.4074074074074074,0.39999999999999997,1,0.375,0.375,0.375,nan,nan
denovo_pdb__3dgo_A,3,193,True,64,64,11,0.171875,0.21153846153846154,0.1896551724137931,12,3,0.25,0.375,0.3,27,5,0.18518518518518517,0.29411764705882354,0.22727272727272727,25,3,0.12,0.1111111111111111,0.11538461538461538,1,0.1896551724137931,0.1896551724137931,0.1896551724137931,nan,nan
denovo_pdb__3lt9_A,0,193,True,64,64,3,0.046875,0.05357142857142857,0.049999999999999996,14,0,0.0,0.0,0.0,34,2,0.058823529411764705,0.11764705882352941,0.07843137254901962,16,1,0.0625,0.03333333333333333,0.04347826086956522,1,0.049999999999999996,0.049999999999999996,0.049999999999999996,nan,nan
denovo_pdb__3lt9_A,1,175,True,58,58,13,0.22413793103448276,0.23214285714285715,0.2280701754385965,12,3,0.25,0.3333333333333333,0.28571428571428575,23,4,0.17391304347826086,0.23529411764705882,0.19999999999999998,23,6,0.2608695652173913,0.2,0.22641509433962265,1,0.2280701754385965,0.2280701754385965,0.2280701754385965,nan,nan
denovo_pdb__3lt9_A,2,190,True,63,63,9,0.14285714285714285,0.16071428571428573,0.15126050420168066,8,0,0.0,0.0,0.0,30,7,0.23333333333333334,0.4117647058823529,0.2978723404255319,25,2,0.08,0.06666666666666667,0.07272727272727272,1,0.15126050420168066,0.15126050420168066,0.15126050420168066,nan,nan
denovo_pdb__3lt9_A,3,202,True,67,67,14,0.208955223880597,0.25,0.22764227642276422,13,3,0.23076923076923078,0.3333333333333333,0.27272727272727276,37,8,0.21621621621621623,0.47058823529411764,0.29629629629629634,17,3,0.17647058823529413,0.1,0.12765957446808512,1,0.22764227642276422,0.22764227642276422,0.22764227642276422,nan,nan
denovo_pdb__3ltb_A,0,187,True,62,62,11,0.1774193548387097,0.22,0.1964285714285714,17,2,0.11764705882352941,0.25,0.15999999999999998,25,5,0.2,0.3125,0.24390243902439027,20,4,0.2,0.15384615384615385,0.17391304347826086,1,0.1964285714285714,0.1964285714285714,0.1964285714285714,nan,nan
denovo_pdb__3ltb_A,1,103,True,34,34,9,0.2647058823529412,0.18,0.21428571428571427,6,1,0.16666666666666666,0.125,0.14285714285714288,18,6,0.3333333333333333,0.375,0.35294117647058826,10,2,0.2,0.07692307692307693,0.1111111111111111,1,0.21428571428571427,0.21428571428571427,0.21428571428571427,nan,nan
denovo_pdb__3ltb_A,2,142,True,47,47,10,0.2127659574468085,0.2,0.2061855670103093,14,3,0.21428571428571427,0.375,0.2727272727272727,17,5,0.29411764705882354,0.3125,0.30303030303030304,16,2,0.125,0.07692307692307693,0.09523809523809525,1,0.2061855670103093,0.2061855670103093,0.2061855670103093,nan,nan
denovo_pdb__3ltb_A,3,178,True,59,59,11,0.1864406779661017,0.22,0.20183486238532108,13,0,0.0,0.0,0.0,20,7,0.35,0.4375,0.38888888888888884,26,4,0.15384615384615385,0.15384615384615385,0.15384615384615385,1,0.20183486238532108,0.20183486238532108,0.20183486238532108,nan,nan
denovo_pdb__3ltd_A,0,157,True,52,52,9,0.17307692307692307,0.1836734693877551,0.1782178217821782,17,0,0.0,0.0,0.0,27,6,0.2222222222222222,0.4,0.2857142857142857,8,3,0.375,0.11538461538461539,0.1764705882352941,1,0.1782178217821782,0.1782178217821782,0.1782178217821782,nan,nan
denovo_pdb__3ltd_A,1,205,True,68,68,12,0.17647058823529413,0.24489795918367346,0.20512820512820515,12,1,0.08333333333333333,0.125,0.1,24,5,0.20833333333333334,0.3333333333333333,0.25641025641025644,32,6,0.1875,0.23076923076923078,0.20689655172413793,1,0.20512820512820515,0.20512820512820515,0.20512820512820515,nan,nan
denovo_pdb__3ltd_A,2,103,True,34,34,7,0.20588235294117646,0.14285714285714285,0.1686746987951807,9,1,0.1111111111111111,0.125,0.11764705882352941,21,5,0.23809523809523808,0.3333333333333333,0.2777777777777778,4,1,0.25,0.038461538461538464,0.06666666666666668,1,0.1686746987951807,0.1686746987951807,0.1686746987951807,nan,nan
denovo_pdb__3ltd_A,3,169,True,56,56,9,0.16071428571428573,0.1836734693877551,0.17142857142857143,17,0,0.0,0.0,0.0,21,5,0.23809523809523808,0.3333333333333333,0.2777777777777778,18,4,0.2222222222222222,0.15384615384615385,0.18181818181818185,1,0.17142857142857143,0.17142857142857143,0.17142857142857143,nan,nan
denovo_pdb__3o4b_A,0,286,True,95,95,34,0.35789473684210527,0.23448275862068965,0.2833333333333333,33,18,0.5454545454545454,0.5806451612903226,0.5625,38,12,0.3157894736842105,0.2553191489361702,0.28235294117647053,24,4,0.16666666666666666,0.05970149253731343,0.0879120879120879,1,0.2833333333333333,0.2833333333333333,0.2833333333333333,nan,nan
denovo_pdb__3o4b_A,1,376,True,125,125,44,0.352,0.30344827586206896,0.3259259259259259,26,13,0.5,0.41935483870967744,0.45614035087719296,54,17,0.3148148148148148,0.3617021276595745,0.33663366336633666,45,14,0.3111111111111111,0.208955223880597,0.25,1,0.3259259259259259,0.3259259259259259,0.3259259259259259,nan,nan
denovo_pdb__3o4b_A,2,265,True,88,88,30,0.3409090909090909,0.20689655172413793,0.2575107296137339,34,14,0.4117647058823529,0.45161290322580644,0.4307692307692308,46,15,0.32608695652173914,0.3191489361702128,0.3225806451612903,8,1,0.125,0.014925373134328358,0.02666666666666667,1,0.2575107296137339,0.2575107296137339,0.2575107296137339,nan,nan
denovo_pdb__3o4b_A,3,250,True,83,83,12,0.14457831325301204,0.08275862068965517,0.10526315789473684,37,10,0.2702702702702703,0.3225806451612903,0.2941176470588235,45,2,0.044444444444444446,0.0425531914893617,0.04347826086956522,1,0,0.0,0.0,0.0,1,0.10526315789473684,0.10526315789473684,0.10526315789473684,nan,nan
denovo_pdb__3o4d_A,0,262,True,86,86,26,0.3023255813953488,0.17567567567567569,0.22222222222222224,35,14,0.4,0.45161290322580644,0.4242424242424243,44,11,0.25,0.22916666666666666,0.2391304347826087,7,1,0.14285714285714285,0.014492753623188406,0.026315789473684206,1,0.22222222222222224,0.22222222222222224,0.22222222222222224,nan,nan
denovo_pdb__3o4d_A,1,388,True,129,129,37,0.2868217054263566,0.25,0.2671480144404332,36,18,0.5,0.5806451612903226,0.537313432835821,53,14,0.2641509433962264,0.2916666666666667,0.27722772277227725,40,5,0.125,0.07246376811594203,0.09174311926605505,1,0.2671480144404332,0.2671480144404332,0.2671480144404332,nan,nan
denovo_pdb__3o4d_A,2,328,True,109,109,31,0.28440366972477066,0.20945945945945946,0.24124513618677043,30,12,0.4,0.3870967741935484,0.39344262295081966,39,13,0.3333333333333333,0.2708333333333333,0.29885057471264365,40,6,0.15,0.08695652173913043,0.11009174311926605,1,0.24124513618677043,0.24124513618677043,0.24124513618677043,nan,nan
denovo_pdb__3o4d_A,3,268,True,89,89,23,0.25842696629213485,0.1554054054054054,0.1940928270042194,40,14,0.35,0.45161290322580644,0.3943661971830986,49,9,0.1836734693877551,0.1875,0.18556701030927839,0,0,0.0,0.0,0.0,1,0.1940928270042194,0.1940928270042194,0.1940928270042194,nan,nan
denovo_pdb__3p6i_A,0,325,True,108,108,22,0.2037037037037037,0.1437908496732026,0.1685823754789272,27,13,0.48148148148148145,0.40625,0.4406779661016949,32,5,0.15625,0.11363636363636363,0.13157894736842105,49,4,0.08163265306122448,0.05194805194805195,0.06349206349206349,1,0.1685823754789272,0.1685823754789272,0.1685823754789272,nan,nan
denovo_pdb__3p6i_A,1,244,True,81,81,27,0.3333333333333333,0.17647058823529413,0.23076923076923078,33,16,0.48484848484848486,0.5,0.49230769230769234,48,11,0.22916666666666666,0.25,0.2391304347826087,0,0,0.0,0.0,0.0,1,0.23076923076923078,0.23076923076923078,0.23076923076923078,nan,nan
denovo_pdb__3p6i_A,2,328,True,109,109,29,0.26605504587155965,0.1895424836601307,0.22137404580152673,25,12,0.48,0.375,0.42105263157894735,35,10,0.2857142857142857,0.22727272727272727,0.2531645569620253,49,7,0.14285714285714285,0.09090909090909091,0.1111111111111111,1,0.22137404580152673,0.22137404580152673,0.22137404580152673,nan,nan
denovo_pdb__3p6i_A,3,319,True,106,106,29,0.27358490566037735,0.1895424836601307,0.22393822393822393,42,17,0.40476190476190477,0.53125,0.4594594594594595,62,12,0.1935483870967742,0.2727272727272727,0.22641509433962262,2,0,0.0,0.0,0.0,1,0.22393822393822393,0.22393822393822393,0.22393822393822393,nan,nan
denovo_pdb__3pg0_A,0,622,True,207,207,68,0.3285024154589372,0.3695652173913043,0.34782608695652173,39,19,0.48717948717948717,0.5757575757575758,0.5277777777777778,68,25,0.36764705882352944,0.44642857142857145,0.403225806451613,100,24,0.24,0.25263157894736843,0.24615384615384614,1,0.34782608695652173,0.34782608695652173,0.34782608695652173,nan,nan
denovo_pdb__3pg0_A,1,505,True,167,167,115,0.688622754491018,0.625,0.6552706552706552,30,24,0.8,0.7272727272727273,0.761904761904762,58,46,0.7931034482758621,0.8214285714285714,0.8070175438596492,79,45,0.569620253164557,0.47368421052631576,0.5172413793103448,1,0.6552706552706552,0.6552706552706552,0.6552706552706552,nan,nan
denovo_pdb__3pg0_A,2,655,True,217,217,78,0.35944700460829493,0.42391304347826086,0.38902743142144636,33,19,0.5757575757575758,0.5757575757575758,0.5757575757575758,58,29,0.5,0.5178571428571429,0.5087719298245614,126,30,0.23809523809523808,0.3157894736842105,0.2714932126696833,1,0.38902743142144636,0.38902743142144636,0.38902743142144636,nan,nan
denovo_pdb__3pg0_A,3,7488,False,473,473,89,0.18816067653276955,0.483695652173913,0.2709284627092846,95,23,0.24210526315789474,0.696969696969697,0.35937500000000006,149,37,0.2483221476510067,0.6607142857142857,0.3609756097560976,229,29,0.12663755458515283,0.30526315789473685,0.1790123456790123,1,0.2709284627092846,0.2709284627092846,0.2709284627092846,nan,nan
denovo_pdb__3q7x_A,0,355,True,117,117,30,0.2564102564102564,0.23076923076923078,0.242914979757085,35,17,0.4857142857142857,0.53125,0.5074626865671641,60,12,0.2,0.34285714285714286,0.2526315789473684,22,1,0.045454545454545456,0.015873015873015872,0.023529411764705882,1,0.242914979757085,0.242914979757085,0.242914979757085,nan,nan
denovo_pdb__3q7x_A,1,352,True,117,117,28,0.23931623931623933,0.2153846153846154,0.22672064777327935,39,20,0.5128205128205128,0.625,0.5633802816901409,51,6,0.11764705882352941,0.17142857142857143,0.13953488372093026,27,2,0.07407407407407407,0.031746031746031744,0.04444444444444444,1,0.22672064777327935,0.22672064777327935,0.22672064777327935,nan,nan
denovo_pdb__3q7x_A,2,313,True,104,104,26,0.25,0.2,0.22222222222222224,48,14,0.2916666666666667,0.4375,0.35000000000000003,46,10,0.21739130434782608,0.2857142857142857,0.24691358024691357,10,2,0.2,0.031746031746031744,0.0547945205479452,1,0.22222222222222224,0.22222222222222224,0.22222222222222224,nan,nan
denovo_pdb__3q7x_A,3,298,True,98,98,24,0.24489795918367346,0.18461538461538463,0.2105263157894737,49,18,0.3673469387755102,0.5625,0.4444444444444445,45,6,0.13333333333333333,0.17142857142857143,0.15,4,0,0.0,0.0,0.0,1,0.2105263157894737,0.2105263157894737,0.2105263157894737,nan,nan
denovo_pdb__3qa9_A,0,496,True,165,165,38,0.23030303030303031,0.2638888888888889,0.24595469255663432,27,4,0.14814814814814814,0.2857142857142857,0.1951219512195122,35,9,0.2571428571428571,0.2727272727272727,0.2647058823529411,103,25,0.24271844660194175,0.25773195876288657,0.25,1,0.24595469255663432,0.24595469255663432,0.24595469255663432,nan,nan
denovo_pdb__3qa9_A,1,472,True,157,157,40,0.25477707006369427,0.2777777777777778,0.26578073089700993,26,7,0.2692307692307692,0.5,0.35000000000000003,39,7,0.1794871794871795,0.21212121212121213,0.19444444444444445,92,26,0.2826086956521739,0.26804123711340205,0.2751322751322751,1,0.26578073089700993,0.26578073089700993,0.26578073089700993,nan,nan
denovo_pdb__3qa9_A,2,385,True,127,127,48,0.3779527559055118,0.3333333333333333,0.3542435424354244,13,6,0.46153846153846156,0.42857142857142855,0.4444444444444445,46,15,0.32608695652173914,0.45454545454545453,0.379746835443038,68,27,0.39705882352941174,0.27835051546391754,0.3272727272727272,1,0.3542435424354244,0.3542435424354244,0.3542435424354244,nan,nan
denovo_pdb__3qa9_A,3,325,True,108,108,27,0.25,0.1875,0.21428571428571427,17,4,0.23529411764705882,0.2857142857142857,0.2580645161290323,40,4,0.1,0.12121212121212122,0.10958904109589042,51,19,0.37254901960784315,0.1958762886597938,0.2567567567567568,1,0.21428571428571427,0.21428571428571427,0.21428571428571427,nan,nan
denovo_pdb__3teu_A,0,211,True,70,70,39,0.5571428571428572,0.527027027027027,0.5416666666666666,8,7,0.875,0.7,0.7777777777777777,25,15,0.6,0.6,0.6,37,17,0.4594594594594595,0.4358974358974359,0.4473684210526316,1,0.5416666666666666,0.5416666666666666,0.5416666666666666,nan,nan
denovo_pdb__3teu_A,1,181,True,60,60,32,0.5333333333333333,0.43243243243243246,0.47761194029850745,9,8,0.8888888888888888,0.8,0.8421052631578948,22,10,0.45454545454545453,0.4,0.4255319148936171,29,14,0.4827586206896552,0.358974358974359,0.4117647058823529,1,0.47761194029850745,0.47761194029850745,0.47761194029850745,nan,nan
denovo_pdb__3teu_A,2,259,True,86,86,44,0.5116279069767442,0.5945945945945946,0.55,13,5,0.38461538461538464,0.5,0.4347826086956522,31,15,0.4838709677419355,0.6,0.5357142857142857,42,24,0.5714285714285714,0.6153846153846154,0.5925925925925927,1,0.55,0.55,0.55,nan,nan
denovo_pdb__3teu_A,3,205,True,68,68,41,0.6029411764705882,0.5540540540540541,0.5774647887323944,15,8,0.5333333333333333,0.8,0.64,19,10,0.5263157894736842,0.4,0.45454545454545453,34,23,0.6764705882352942,0.5897435897435898,0.6301369863013699,1,0.5774647887323944,0.5774647887323944,0.5774647887323944,nan,nan
denovo_pdb__3v45_A,0,262,True,87,87,15,0.1724137931034483,0.11904761904761904,0.1408450704225352,16,1,0.0625,0.1111111111111111,0.08,12,2,0.16666666666666666,0.13333333333333333,0.14814814814814814,59,12,0.2033898305084746,0.11764705882352941,0.14906832298136646,1,0.1408450704225352,0.1408450704225352,0.1408450704225352,nan,nan
denovo_pdb__3v45_A,1,304,True,101,101,14,0.13861386138613863,0.1111111111111111,0.12334801762114538,25,1,0.04,0.1111111111111111,0.058823529411764705,38,2,0.05263157894736842,0.13333333333333333,0.07547169811320754,38,11,0.2894736842105263,0.10784313725490197,0.15714285714285714,1,0.12334801762114538,0.12334801762114538,0.12334801762114538,nan,nan
denovo_pdb__3v45_A,2,349,True,116,116,13,0.11206896551724138,0.10317460317460317,0.10743801652892561,17,2,0.11764705882352941,0.2222222222222222,0.15384615384615383,9,2,0.2222222222222222,0.13333333333333333,0.16666666666666669,90,9,0.1,0.08823529411764706,0.09375000000000001,1,0.10743801652892561,0.10743801652892561,0.10743801652892561,nan,nan
denovo_pdb__3v45_A,3,376,True,124,124,24,0.1935483870967742,0.19047619047619047,0.192,20,0,0.0,0.0,0.0,27,4,0.14814814814814814,0.26666666666666666,0.19047619047619047,77,20,0.2597402597402597,0.19607843137254902,0.223463687150838,1,0.192,0.192,0.192,nan,nan
denovo_pdb__3wwa_A,0,695,True,231,231,147,0.6363636363636364,0.6475770925110133,0.6419213973799126,55,45,0.8181818181818182,0.8653846153846154,0.8411214953271028,85,39,0.4588235294117647,0.5909090909090909,0.5165562913907285,91,63,0.6923076923076923,0.5779816513761468,0.6299999999999999,1,0.6419213973799126,0.6419213973799126,0.6419213973799126,nan,nan
denovo_pdb__3wwa_A,1,721,True,239,239,145,0.606694560669456,0.6387665198237885,0.6223175965665235,55,45,0.8181818181818182,0.8653846153846154,0.8411214953271028,79,36,0.45569620253164556,0.5454545454545454,0.496551724137931,105,64,0.6095238095238096,0.5871559633027523,0.5981308411214953,1,0.6223175965665235,0.6223175965665235,0.6223175965665235,nan,nan
denovo_pdb__3wwa_A,2,675,True,224,224,146,0.6517857142857143,0.6431718061674009,0.647450110864745,60,47,0.7833333333333333,0.9038461538461539,0.8392857142857143,76,42,0.5526315789473685,0.6363636363636364,0.5915492957746479,88,57,0.6477272727272727,0.5229357798165137,0.5786802030456852,1,0.647450110864745,0.647450110864745,0.647450110864745,nan,nan
denovo_pdb__3wwa_A,3,201,True,63,63,38,0.6031746031746031,0.16740088105726872,0.2620689655172414,17,14,0.8235294117647058,0.2692307692307692,0.4057971014492754,26,13,0.5,0.19696969696969696,0.2826086956521739,20,11,0.55,0.10091743119266056,0.17054263565891473,1,0.2620689655172414,0.2620689655172414,0.2620689655172414,nan,nan
denovo_pdb__4d8h_A,0,445,True,148,148,37,0.25,0.29365079365079366,0.27007299270072993,42,17,0.40476190476190477,0.6071428571428571,0.4857142857142857,59,14,0.23728813559322035,0.3333333333333333,0.2772277227722772,47,6,0.1276595744680851,0.10714285714285714,0.11650485436893204,1,0.27007299270072993,0.27007299270072993,0.27007299270072993,nan,nan
denovo_pdb__4d8h_A,1,298,True,99,99,32,0.32323232323232326,0.25396825396825395,0.28444444444444444,32,17,0.53125,0.6071428571428571,0.5666666666666667,51,13,0.2549019607843137,0.30952380952380953,0.27956989247311825,16,2,0.125,0.03571428571428571,0.05555555555555556,1,0.28444444444444444,0.28444444444444444,0.28444444444444444,nan,nan
denovo_pdb__4d8h_A,2,247,True,82,82,26,0.3170731707317073,0.20634920634920634,0.25,41,15,0.36585365853658536,0.5357142857142857,0.43478260869565216,41,11,0.2682926829268293,0.2619047619047619,0.26506024096385544,0,0,0.0,0.0,0.0,1,0.25,0.25,0.25,nan,nan
denovo_pdb__4d8h_A,3,331,True,110,110,33,0.3,0.2619047619047619,0.2796610169491525,29,17,0.5862068965517241,0.6071428571428571,0.5964912280701754,49,12,0.24489795918367346,0.2857142857142857,0.26373626373626374,32,4,0.125,0.07142857142857142,0.09090909090909091,1,0.2796610169491525,0.2796610169491525,0.2796610169491525,nan,nan
denovo_pdb__4drt_A,0,937,True,311,311,9,0.028938906752411574,0.028391167192429023,0.028662420382165602,54,1,0.018518518518518517,0.022727272727272728,0.02040816326530612,68,3,0.04411764705882353,0.05357142857142857,0.04838709677419355,189,5,0.026455026455026454,0.02304147465437788,0.024630541871921183,1,0.028662420382165602,0.028662420382165602,0.028662420382165602,nan,nan
denovo_pdb__4drt_A,1,1321,True,438,438,17,0.03881278538812785,0.05362776025236593,0.04503311258278146,59,7,0.11864406779661017,0.1590909090909091,0.13592233009708737,81,7,0.08641975308641975,0.125,0.10218978102189781,298,3,0.010067114093959731,0.013824884792626729,0.011650485436893203,1,0.04503311258278146,0.04503311258278146,0.04503311258278146,nan,nan
denovo_pdb__4drt_A,2,889,True,296,296,16,0.05405405405405406,0.050473186119873815,0.052202283849918436,56,8,0.14285714285714285,0.18181818181818182,0.16,70,2,0.02857142857142857,0.03571428571428571,0.031746031746031744,170,6,0.03529411764705882,0.027649769585253458,0.031007751937984496,1,0.052202283849918436,0.052202283849918436,0.052202283849918436,nan,nan
denovo_pdb__4drt_A,3,1132,True,377,377,14,0.03713527851458886,0.04416403785488959,0.04034582132564841,56,8,0.14285714285714285,0.18181818181818182,0.16,52,3,0.057692307692307696,0.05357142857142857,0.05555555555555556,269,3,0.011152416356877323,0.013824884792626729,0.01234567901234568,1,0.04034582132564841,0.04034582132564841,0.04034582132564841,nan,nan
denovo_pdb__4ess_A,0,163,True,54,54,8,0.14814814814814814,0.06451612903225806,0.0898876404494382,8,1,0.125,0.09090909090909091,0.10526315789473685,11,1,0.09090909090909091,0.058823529411764705,0.07142857142857142,35,6,0.17142857142857143,0.0625,0.0916030534351145,1,0.0898876404494382,0.0898876404494382,0.0898876404494382,nan,nan
denovo_pdb__4ess_A,1,211,True,70,70,13,0.18571428571428572,0.10483870967741936,0.13402061855670105,15,1,0.06666666666666667,0.09090909090909091,0.07692307692307691,14,1,0.07142857142857142,0.058823529411764705,0.06451612903225808,41,11,0.2682926829268293,0.11458333333333333,0.16058394160583941,1,0.13402061855670105,0.13402061855670105,0.13402061855670105,nan,nan
denovo_pdb__4ess_A,2,298,True,99,99,9,0.09090909090909091,0.07258064516129033,0.08071748878923767,14,1,0.07142857142857142,0.09090909090909091,0.08,18,1,0.05555555555555555,0.058823529411764705,0.05714285714285714,67,7,0.1044776119402985,0.07291666666666667,0.08588957055214724,1,0.08071748878923767,0.08071748878923767,0.08071748878923767,nan,nan
denovo_pdb__4ess_A,3,262,True,87,87,20,0.22988505747126436,0.16129032258064516,0.1895734597156398,14,3,0.21428571428571427,0.2727272727272727,0.23999999999999996,17,4,0.23529411764705882,0.23529411764705882,0.23529411764705882,56,13,0.23214285714285715,0.13541666666666666,0.17105263157894735,1,0.1895734597156398,0.1895734597156398,0.1895734597156398,nan,nan
denovo_pdb__4gvw_A,0,424,True,141,141,14,0.09929078014184398,0.08588957055214724,0.09210526315789475,21,6,0.2857142857142857,0.2727272727272727,0.2790697674418604,28,4,0.14285714285714285,0.16666666666666666,0.15384615384615383,92,4,0.043478260869565216,0.03418803418803419,0.03827751196172249,1,0.09210526315789475,0.09210526315789475,0.09210526315789475,nan,nan
denovo_pdb__4gvw_A,1,457,True,152,152,10,0.06578947368421052,0.06134969325153374,0.0634920634920635,25,4,0.16,0.18181818181818182,0.1702127659574468,26,1,0.038461538461538464,0.041666666666666664,0.04,101,5,0.04950495049504951,0.042735042735042736,0.045871559633027525,1,0.0634920634920635,0.0634920634920635,0.0634920634920635,nan,nan
denovo_pdb__4gvw_A,2,292,True,97,97,15,0.15463917525773196,0.09202453987730061,0.11538461538461539,17,4,0.23529411764705882,0.18181818181818182,0.20512820512820512,18,3,0.16666666666666666,0.125,0.14285714285714288,62,8,0.12903225806451613,0.06837606837606838,0.0893854748603352,1,0.11538461538461539,0.11538461538461539,0.11538461538461539,nan,nan
denovo_pdb__4gvw_A,3,583,True,194,194,10,0.05154639175257732,0.06134969325153374,0.056022408963585436,17,6,0.35294117647058826,0.2727272727272727,0.30769230769230765,31,3,0.0967741935483871,0.125,0.10909090909090909,146,1,0.00684931506849315,0.008547008547008548,0.007604562737642586,1,0.056022408963585436,0.056022408963585436,0.056022408963585436,nan,nan
denovo_pdb__4ijb_A,0,907,True,300,300,41,0.13666666666666666,0.1729957805907173,0.15270018621973927,53,12,0.22641509433962265,0.4,0.2891566265060241,68,6,0.08823529411764706,0.15384615384615385,0.11214953271028037,179,23,0.12849162011173185,0.13690476190476192,0.1325648414985591,1,0.15270018621973927,0.15270018621973927,0.15270018621973927,nan,nan
denovo_pdb__4ijb_A,1,747,True,248,248,62,0.25,0.2616033755274262,0.25567010309278354,26,6,0.23076923076923078,0.2,0.21428571428571427,59,16,0.2711864406779661,0.41025641025641024,0.32653061224489793,163,40,0.24539877300613497,0.23809523809523808,0.24169184290030213,1,0.25567010309278354,0.25567010309278354,0.25567010309278354,nan,nan
denovo_pdb__4ijb_A,2,804,True,267,267,59,0.2209737827715356,0.2489451476793249,0.23412698412698413,44,14,0.3181818181818182,0.4666666666666667,0.3783783783783784,79,19,0.24050632911392406,0.48717948717948717,0.3220338983050847,144,26,0.18055555555555555,0.15476190476190477,0.16666666666666666,1,0.23412698412698413,0.23412698412698413,0.23412698412698413,nan,nan
denovo_pdb__4ijb_A,3,976,True,322,322,79,0.2453416149068323,0.3333333333333333,0.28264758497316633,42,13,0.30952380952380953,0.43333333333333335,0.3611111111111111,51,18,0.35294117647058826,0.46153846153846156,0.4000000000000001,229,48,0.2096069868995633,0.2857142857142857,0.24181360201511334,1,0.28264758497316633,0.28264758497316633,0.28264758497316633,nan,nan
denovo_pdb__4lny_A,0,722,True,240,240,54,0.225,0.20149253731343283,0.2125984251968504,43,11,0.2558139534883721,0.39285714285714285,0.3098591549295775,49,15,0.30612244897959184,0.375,0.33707865168539325,148,28,0.1891891891891892,0.14,0.16091954022988506,1,0.2125984251968504,0.2125984251968504,0.2125984251968504,nan,nan
denovo_pdb__4lny_A,1,832,True,276,276,48,0.17391304347826086,0.1791044776119403,0.17647058823529413,43,11,0.2558139534883721,0.39285714285714285,0.3098591549295775,63,7,0.1111111111111111,0.175,0.13592233009708737,170,30,0.17647058823529413,0.15,0.16216216216216214,1,0.17647058823529413,0.17647058823529413,0.17647058823529413,nan,nan
denovo_pdb__4lny_A,2,754,True,250,250,67,0.268,0.25,0.25868725868725867,33,11,0.3333333333333333,0.39285714285714285,0.360655737704918,43,12,0.27906976744186046,0.3,0.2891566265060241,174,44,0.25287356321839083,0.22,0.23529411764705885,1,0.25868725868725867,0.25868725868725867,0.25868725868725867,nan,nan
denovo_pdb__4lny_A,3,7689,False,810,810,85,0.10493827160493827,0.31716417910447764,0.15769944341372913,107,15,0.14018691588785046,0.5357142857142857,0.22222222222222218,221,25,0.11312217194570136,0.625,0.19157088122605362,482,45,0.09336099585062241,0.225,0.13196480938416424,1,0.15769944341372913,0.15769944341372913,0.15769944341372913,nan,nan
denovo_pdb__4lt9_A,0,856,True,283,283,59,0.20848056537102475,0.25,0.22736030828516376,50,12,0.24,0.4444444444444444,0.3116883116883117,63,14,0.2222222222222222,0.34146341463414637,0.2692307692307692,170,33,0.19411764705882353,0.19642857142857142,0.19526627218934914,1,0.22736030828516376,0.22736030828516376,0.22736030828516376,nan,nan
denovo_pdb__4lt9_A,1,733,True,244,244,54,0.22131147540983606,0.2288135593220339,0.225,34,9,0.2647058823529412,0.3333333333333333,0.29508196721311475,46,14,0.30434782608695654,0.34146341463414637,0.3218390804597701,164,31,0.18902439024390244,0.18452380952380953,0.18674698795180725,1,0.225,0.225,0.225,nan,nan
denovo_pdb__4lt9_A,2,892,True,297,297,63,0.21212121212121213,0.2669491525423729,0.23639774859287055,38,9,0.23684210526315788,0.3333333333333333,0.2769230769230769,61,19,0.3114754098360656,0.4634146341463415,0.37254901960784315,198,35,0.17676767676767677,0.20833333333333334,0.1912568306010929,1,0.23639774859287055,0.23639774859287055,0.23639774859287055,nan,nan
denovo_pdb__4lt9_A,3,700,True,233,233,76,0.3261802575107296,0.3220338983050847,0.32409381663113,33,12,0.36363636363636365,0.4444444444444444,0.39999999999999997,47,13,0.2765957446808511,0.3170731707317073,0.29545454545454547,153,51,0.3333333333333333,0.30357142857142855,0.3177570093457944,1,0.32409381663113,0.32409381663113,0.32409381663113,nan,nan
denovo_pdb__4n6u_A,0,175,True,58,58,9,0.15517241379310345,0.10843373493975904,0.12765957446808512,14,3,0.21428571428571427,0.16666666666666666,0.1875,21,6,0.2857142857142857,0.1935483870967742,0.23076923076923075,23,0,0.0,0.0,0.0,1,0.12765957446808512,0.12765957446808512,0.12765957446808512,nan,nan
denovo_pdb__4n6u_A,1,61,True,20,20,7,0.35,0.08433734939759036,0.13592233009708737,6,2,0.3333333333333333,0.1111111111111111,0.16666666666666666,9,5,0.5555555555555556,0.16129032258064516,0.25,5,0,0.0,0.0,0.0,1,0.13592233009708737,0.13592233009708737,0.13592233009708737,nan,nan
denovo_pdb__4n6u_A,2,199,True,66,66,10,0.15151515151515152,0.12048192771084337,0.13422818791946306,20,3,0.15,0.16666666666666666,0.15789473684210525,17,5,0.29411764705882354,0.16129032258064516,0.20833333333333331,29,2,0.06896551724137931,0.058823529411764705,0.0634920634920635,1,0.13422818791946306,0.13422818791946306,0.13422818791946306,nan,nan
denovo_pdb__4n6u_A,3,259,True,86,86,21,0.2441860465116279,0.25301204819277107,0.2485207100591716,20,9,0.45,0.5,0.4736842105263158,28,10,0.35714285714285715,0.3225806451612903,0.3389830508474576,38,2,0.05263157894736842,0.058823529411764705,0.05555555555555555,1,0.2485207100591716,0.2485207100591716,0.2485207100591716,nan,nan
denovo_pdb__4nez_A,0,361,True,120,120,42,0.35,0.35,0.35,25,13,0.52,0.5652173913043478,0.5416666666666667,25,7,0.28,0.3684210526315789,0.3181818181818182,70,22,0.3142857142857143,0.28205128205128205,0.29729729729729726,1,0.35,0.35,0.35,nan,nan
denovo_pdb__4nez_A,1,442,True,147,147,36,0.24489795918367346,0.3,0.2696629213483146,31,18,0.5806451612903226,0.782608695652174,0.6666666666666667,38,12,0.3157894736842105,0.631578947368421,0.42105263157894735,78,6,0.07692307692307693,0.07692307692307693,0.07692307692307693,1,0.2696629213483146,0.2696629213483146,0.2696629213483146,nan,nan
denovo_pdb__4nez_A,2,466,True,155,155,50,0.3225806451612903,0.4166666666666667,0.3636363636363636,28,12,0.42857142857142855,0.5217391304347826,0.47058823529411764,36,11,0.3055555555555556,0.5789473684210527,0.4000000000000001,91,27,0.2967032967032967,0.34615384615384615,0.31952662721893493,1,0.3636363636363636,0.3636363636363636,0.3636363636363636,nan,nan
denovo_pdb__4nez_A,3,394,True,131,131,28,0.21374045801526717,0.23333333333333334,0.22310756972111556,33,16,0.48484848484848486,0.6956521739130435,0.5714285714285715,27,8,0.2962962962962963,0.42105263157894735,0.34782608695652173,71,4,0.056338028169014086,0.05128205128205128,0.05369127516778524,1,0.22310756972111556,0.22310756972111556,0.22310756972111556,nan,nan
denovo_pdb__4oza_A,0,160,True,53,53,26,0.49056603773584906,0.6046511627906976,0.5416666666666665,10,3,0.3,0.42857142857142855,0.3529411764705882,25,12,0.48,0.7058823529411765,0.5714285714285713,18,11,0.6111111111111112,0.5789473684210527,0.5945945945945946,1,0.5416666666666665,0.5416666666666665,0.5416666666666665,nan,nan
denovo_pdb__4oza_A,1,157,True,52,52,12,0.23076923076923078,0.27906976744186046,0.25263157894736843,17,4,0.23529411764705882,0.5714285714285714,0.3333333333333333,17,5,0.29411764705882354,0.29411764705882354,0.29411764705882354,18,3,0.16666666666666666,0.15789473684210525,0.16216216216216214,1,0.25263157894736843,0.25263157894736843,0.25263157894736843,nan,nan
denovo_pdb__4oza_A,2,136,True,45,45,18,0.4,0.4186046511627907,0.40909090909090917,8,5,0.625,0.7142857142857143,0.6666666666666666,15,5,0.3333333333333333,0.29411764705882354,0.3125,22,8,0.36363636363636365,0.42105263157894735,0.3902439024390244,1,0.40909090909090917,0.40909090909090917,0.40909090909090917,nan,nan
denovo_pdb__4oza_A,3,136,True,45,45,11,0.24444444444444444,0.2558139534883721,0.25,14,4,0.2857142857142857,0.5714285714285714,0.38095238095238093,18,5,0.2777777777777778,0.29411764705882354,0.28571428571428575,13,2,0.15384615384615385,0.10526315789473684,0.125,1,0.25,0.25,0.25,nan,nan
denovo_pdb__4pjr_A,0,413,True,136,136,96,0.7058823529411765,0.7619047619047619,0.7328244274809159,22,15,0.6818181818181818,1.0,0.8108108108108109,48,40,0.8333333333333334,0.851063829787234,0.8421052631578947,66,41,0.6212121212121212,0.640625,0.6307692307692307,1,0.7328244274809159,0.7328244274809159,0.7328244274809159,nan,nan
denovo_pdb__4pjr_A,1,404,True,134,134,88,0.6567164179104478,0.6984126984126984,0.676923076923077,21,12,0.5714285714285714,0.8,0.6666666666666666,43,38,0.8837209302325582,0.8085106382978723,0.8444444444444444,70,38,0.5428571428571428,0.59375,0.5671641791044776,1,0.676923076923077,0.676923076923077,0.676923076923077,nan,nan
denovo_pdb__4pjr_A,2,358,True,118,118,77,0.652542372881356,0.6111111111111112,0.6311475409836066,21,12,0.5714285714285714,0.8,0.6666666666666666,42,37,0.8809523809523809,0.7872340425531915,0.8314606741573034,55,28,0.509090909090909,0.4375,0.47058823529411764,1,0.6311475409836066,0.6311475409836066,0.6311475409836066,nan,nan
denovo_pdb__4pjr_A,3,351,True,115,115,74,0.6434782608695652,0.5873015873015873,0.6141078838174274,18,12,0.6666666666666666,0.8,0.7272727272727272,47,37,0.7872340425531915,0.7872340425531915,0.7872340425531915,50,25,0.5,0.390625,0.43859649122807015,1,0.6141078838174274,0.6141078838174274,0.6141078838174274,nan,nan
denovo_pdb__4pq8_A,0,761,True,252,252,174,0.6904761904761905,0.71900826446281,0.7044534412955465,25,14,0.56,0.7,0.6222222222222222,93,69,0.7419354838709677,0.6831683168316832,0.7113402061855671,134,91,0.6791044776119403,0.7520661157024794,0.7137254901960784,1,0.7044534412955465,0.7044534412955465,0.7044534412955465,nan,nan
denovo_pdb__4pq8_A,1,784,True,258,258,173,0.6705426356589147,0.7148760330578512,0.692,17,12,0.7058823529411765,0.6,0.6486486486486486,102,74,0.7254901960784313,0.7326732673267327,0.729064039408867,139,87,0.6258992805755396,0.71900826446281,0.6692307692307692,1,0.692,0.692,0.692,nan,nan
denovo_pdb__4pq8_A,2,843,True,279,279,173,0.6200716845878136,0.7148760330578512,0.6641074856046065,20,12,0.6,0.6,0.6,112,75,0.6696428571428571,0.7425742574257426,0.7042253521126761,147,86,0.5850340136054422,0.7107438016528925,0.6417910447761194,1,0.6641074856046065,0.6641074856046065,0.6641074856046065,nan,nan
denovo_pdb__4pq8_A,3,713,True,233,233,161,0.6909871244635193,0.6652892561983471,0.6778947368421053,18,10,0.5555555555555556,0.5,0.5263157894736842,90,67,0.7444444444444445,0.6633663366336634,0.7015706806282722,125,84,0.672,0.6942148760330579,0.6829268292682927,1,0.6778947368421053,0.6778947368421053,0.6778947368421053,nan,nan
denovo_pdb__4pww_A,0,247,True,82,82,40,0.4878048780487805,0.45977011494252873,0.47337278106508873,13,8,0.6153846153846154,0.6153846153846154,0.6153846153846154,19,4,0.21052631578947367,0.3333333333333333,0.2580645161290323,50,28,0.56,0.45161290322580644,0.5,1,0.47337278106508873,0.47337278106508873,0.47337278106508873,nan,nan
denovo_pdb__4pww_A,1,241,True,80,80,37,0.4625,0.42528735632183906,0.44311377245508987,12,8,0.6666666666666666,0.6153846153846154,0.64,14,5,0.35714285714285715,0.4166666666666667,0.3846153846153846,54,24,0.4444444444444444,0.3870967741935484,0.41379310344827586,1,0.44311377245508987,0.44311377245508987,0.44311377245508987,nan,nan
denovo_pdb__4pww_A,2,199,True,66,66,43,0.6515151515151515,0.4942528735632184,0.5620915032679737,11,9,0.8181818181818182,0.6923076923076923,0.7500000000000001,10,4,0.4,0.3333333333333333,0.3636363636363636,45,30,0.6666666666666666,0.4838709677419355,0.5607476635514019,1,0.5620915032679737,0.5620915032679737,0.5620915032679737,nan,nan
denovo_pdb__4pww_A,3,241,True,80,80,10,0.125,0.11494252873563218,0.11976047904191617,9,5,0.5555555555555556,0.38461538461538464,0.4545454545454546,13,3,0.23076923076923078,0.25,0.24000000000000002,58,2,0.034482758620689655,0.03225806451612903,0.03333333333333333,1,0.11976047904191617,0.11976047904191617,0.11976047904191617,nan,nan
denovo_pdb__4qks_A,0,424,True,140,140,43,0.30714285714285716,0.30935251798561153,0.3082437275985663,48,22,0.4583333333333333,0.7096774193548387,0.5569620253164557,64,18,0.28125,0.3673469387755102,0.31858407079646023,28,3,0.10714285714285714,0.05084745762711865,0.06896551724137932,1,0.3082437275985663,0.3082437275985663,0.3082437275985663,nan,nan
denovo_pdb__4qks_A,1,466,True,152,152,48,0.3157894736842105,0.34532374100719426,0.32989690721649484,52,15,0.28846153846153844,0.4838709677419355,0.36144578313253006,56,23,0.4107142857142857,0.46938775510204084,0.43809523809523815,44,10,0.22727272727272727,0.1694915254237288,0.19417475728155337,1,0.32989690721649484,0.32989690721649484,0.32989690721649484,nan,nan
denovo_pdb__4qks_A,2,292,True,97,97,37,0.38144329896907214,0.26618705035971224,0.3135593220338983,38,20,0.5263157894736842,0.6451612903225806,0.5797101449275363,51,17,0.3333333333333333,0.3469387755102041,0.33999999999999997,8,0,0.0,0.0,0.0,1,0.3135593220338983,0.3135593220338983,0.3135593220338983,nan,nan
denovo_pdb__4qks_A,3,313,True,104,104,30,0.28846153846153844,0.2158273381294964,0.24691358024691357,36,12,0.3333333333333333,0.3870967741935484,0.3582089552238806,55,17,0.3090909090909091,0.3469387755102041,0.3269230769230769,13,1,0.07692307692307693,0.01694915254237288,0.027777777777777776,1,0.24691358024691357,0.24691358024691357,0.24691358024691357,nan,nan
denovo_pdb__4r6f_A,0,568,True,189,189,128,0.6772486772486772,0.3710144927536232,0.4794007490636704,11,5,0.45454545454545453,0.1724137931034483,0.25000000000000006,67,51,0.7611940298507462,0.45535714285714285,0.5698324022346368,111,72,0.6486486486486487,0.35294117647058826,0.4571428571428572,1,0.4794007490636704,0.4794007490636704,0.4794007490636704,nan,nan
denovo_pdb__4r6f_A,1,1184,True,391,391,224,0.5728900255754475,0.6492753623188405,0.6086956521739129,35,13,0.37142857142857144,0.4482758620689655,0.40625,122,74,0.6065573770491803,0.6607142857142857,0.6324786324786325,234,137,0.5854700854700855,0.6715686274509803,0.6255707762557078,1,0.6086956521739129,0.6086956521739129,0.6086956521739129,nan,nan
denovo_pdb__4r6f_A,2,1179,True,380,380,225,0.5921052631578947,0.6521739130434783,0.6206896551724137,33,13,0.3939393939393939,0.4482758620689655,0.41935483870967744,128,72,0.5625,0.6428571428571429,0.6000000000000001,219,140,0.639269406392694,0.6862745098039216,0.6619385342789599,1,0.6206896551724137,0.6206896551724137,0.6206896551724137,nan,nan
denovo_pdb__4r6f_A,3,1009,True,332,332,221,0.6656626506024096,0.6405797101449275,0.6528803545051699,24,12,0.5,0.41379310344827586,0.4528301886792453,113,74,0.6548672566371682,0.6607142857142857,0.6577777777777778,195,135,0.6923076923076923,0.6617647058823529,0.6766917293233082,1,0.6528803545051699,0.6528803545051699,0.6528803545051699,nan,nan
denovo_pdb__4uos_A,0,595,True,198,198,16,0.08080808080808081,0.10738255033557047,0.09221902017291066,13,3,0.23076923076923078,0.375,0.2857142857142857,16,1,0.0625,0.08333333333333333,0.07142857142857144,169,12,0.07100591715976332,0.09302325581395349,0.08053691275167785,1,0.09221902017291066,0.09221902017291066,0.09221902017291066,nan,nan
denovo_pdb__4uos_A,1,598,True,196,196,11,0.05612244897959184,0.0738255033557047,0.06376811594202898,24,2,0.08333333333333333,0.25,0.125,27,2,0.07407407407407407,0.16666666666666666,0.10256410256410256,145,7,0.04827586206896552,0.05426356589147287,0.051094890510948905,1,0.06376811594202898,0.06376811594202898,0.06376811594202898,nan,nan
denovo_pdb__4uos_A,2,641,True,210,210,21,0.1,0.14093959731543623,0.116991643454039,18,2,0.1111111111111111,0.25,0.15384615384615383,22,3,0.13636363636363635,0.25,0.1764705882352941,170,16,0.09411764705882353,0.12403100775193798,0.10702341137123746,1,0.116991643454039,0.116991643454039,0.116991643454039,nan,nan
denovo_pdb__4uos_A,3,652,True,215,215,29,0.13488372093023257,0.19463087248322147,0.15934065934065936,14,4,0.2857142857142857,0.5,0.36363636363636365,24,6,0.25,0.5,0.3333333333333333,177,19,0.10734463276836158,0.14728682170542637,0.12418300653594773,1,0.15934065934065936,0.15934065934065936,0.15934065934065936,nan,nan
denovo_pdb__4wsp_A,0,145,True,48,48,5,0.10416666666666667,0.12195121951219512,0.11235955056179774,11,0,0.0,0.0,0.0,11,2,0.18181818181818182,0.11764705882352941,0.14285714285714285,26,3,0.11538461538461539,0.17647058823529413,0.13953488372093026,1,0.11235955056179774,0.11235955056179774,0.11235955056179774,nan,nan
denovo_pdb__4wsp_A,1,169,True,56,56,0,0.0,0.0,0.0,10,0,0.0,0.0,0.0,10,0,0.0,0.0,0.0,36,0,0.0,0.0,0.0,1,0.0,0.0,0.0,nan,nan
denovo_pdb__4wsp_A,2,136,True,45,45,7,0.15555555555555556,0.17073170731707318,0.1627906976744186,10,2,0.2,0.2857142857142857,0.23529411764705882,18,4,0.2222222222222222,0.23529411764705882,0.22857142857142856,17,1,0.058823529411764705,0.058823529411764705,0.058823529411764705,1,0.1627906976744186,0.1627906976744186,0.1627906976744186,nan,nan
denovo_pdb__4wsp_A,3,214,True,71,71,11,0.15492957746478872,0.2682926829268293,0.19642857142857142,15,3,0.2,0.42857142857142855,0.27272727272727276,24,6,0.25,0.35294117647058826,0.2926829268292683,32,2,0.0625,0.11764705882352941,0.08163265306122448,1,0.19642857142857142,0.19642857142857142,0.19642857142857142,nan,nan
denovo_pdb__4yxz_A,0,706,True,235,235,22,0.09361702127659574,0.11518324607329843,0.10328638497652583,31,10,0.3225806451612903,0.2777777777777778,0.29850746268656714,43,1,0.023255813953488372,0.02631578947368421,0.024691358024691357,161,11,0.06832298136645963,0.09401709401709402,0.07913669064748201,1,0.10328638497652583,0.10328638497652583,0.10328638497652583,nan,nan
denovo_pdb__4yxz_A,1,871,True,286,286,16,0.055944055944055944,0.08376963350785341,0.06708595387840671,40,5,0.125,0.1388888888888889,0.13157894736842105,93,1,0.010752688172043012,0.02631578947368421,0.015267175572519083,153,10,0.06535947712418301,0.08547008547008547,0.07407407407407407,1,0.06708595387840671,0.06708595387840671,0.06708595387840671,nan,nan
denovo_pdb__4yxz_A,2,1336,True,392,392,23,0.058673469387755105,0.12041884816753927,0.07890222984562609,34,4,0.11764705882352941,0.1111111111111111,0.11428571428571428,110,4,0.03636363636363636,0.10526315789473684,0.05405405405405405,248,15,0.06048387096774194,0.1282051282051282,0.0821917808219178,1,0.07890222984562609,0.07890222984562609,0.07890222984562609,nan,nan
denovo_pdb__4yxz_A,3,718,True,238,238,32,0.13445378151260504,0.16753926701570682,0.14918414918414918,37,9,0.24324324324324326,0.25,0.24657534246575344,99,8,0.08080808080808081,0.21052631578947367,0.11678832116788322,102,15,0.14705882352941177,0.1282051282051282,0.136986301369863,1,0.14918414918414918,0.14918414918414918,0.14918414918414918,nan,nan
denovo_pdb__5bvl_A,0,628,True,206,206,23,0.11165048543689321,0.09787234042553192,0.10430839002267575,35,10,0.2857142857142857,0.2631578947368421,0.273972602739726,41,5,0.12195121951219512,0.08064516129032258,0.0970873786407767,130,8,0.06153846153846154,0.05925925925925926,0.06037735849056604,1,0.10430839002267575,0.10430839002267575,0.10430839002267575,nan,nan
denovo_pdb__5bvl_A,1,634,True,211,211,119,0.5639810426540285,0.5063829787234042,0.5336322869955157,38,26,0.6842105263157895,0.6842105263157895,0.6842105263157895,75,27,0.36,0.43548387096774194,0.39416058394160586,98,66,0.673469387755102,0.4888888888888889,0.5665236051502146,1,0.5336322869955157,0.5336322869955157,0.5336322869955157,nan,nan
denovo_pdb__5bvl_A,2,547,True,182,182,88,0.4835164835164835,0.37446808510638296,0.4220623501199041,30,13,0.43333333333333335,0.34210526315789475,0.3823529411764707,67,19,0.2835820895522388,0.3064516129032258,0.2945736434108527,85,56,0.6588235294117647,0.4148148148148148,0.509090909090909,1,0.4220623501199041,0.4220623501199041,0.4220623501199041,nan,nan
denovo_pdb__5bvl_A,3,640,True,211,211,77,0.36492890995260663,0.3276595744680851,0.34529147982062774,39,19,0.48717948717948717,0.5,0.49350649350649345,57,12,0.21052631578947367,0.1935483870967742,0.20168067226890754,115,46,0.4,0.34074074074074073,0.36800000000000005,1,0.34529147982062774,0.34529147982062774,0.34529147982062774,nan,nan
denovo_pdb__5cwc_A,0,613,True,202,202,32,0.15841584158415842,0.17582417582417584,0.16666666666666669,29,7,0.2413793103448276,0.4375,0.3111111111111111,23,6,0.2608695652173913,0.3157894736842105,0.28571428571428575,150,19,0.12666666666666668,0.1292517006802721,0.12794612794612795,1,0.16666666666666669,0.16666666666666669,0.16666666666666669,nan,nan
denovo_pdb__5cwc_A,1,466,True,155,155,8,0.05161290322580645,0.04395604395604396,0.04747774480712166,13,3,0.23076923076923078,0.1875,0.20689655172413793,15,3,0.2,0.15789473684210525,0.17647058823529413,127,2,0.015748031496062992,0.013605442176870748,0.014598540145985401,1,0.04747774480712166,0.04747774480712166,0.04747774480712166,nan,nan
denovo_pdb__5cwc_A,2,430,True,143,143,8,0.055944055944055944,0.04395604395604396,0.04923076923076924,16,3,0.1875,0.1875,0.1875,20,1,0.05,0.05263157894736842,0.05128205128205128,107,4,0.037383177570093455,0.027210884353741496,0.031496062992125984,1,0.04923076923076924,0.04923076923076924,0.04923076923076924,nan,nan
denovo_pdb__5cwc_A,3,289,True,96,96,16,0.16666666666666666,0.08791208791208792,0.11510791366906475,21,7,0.3333333333333333,0.4375,0.37837837837837834,21,3,0.14285714285714285,0.15789473684210525,0.15,54,6,0.1111111111111111,0.04081632653061224,0.05970149253731343,1,0.11510791366906475,0.11510791366906475,0.11510791366906475,nan,nan
denovo_pdb__5cwg_A,0,574,True,191,191,19,0.09947643979057591,0.10919540229885058,0.10410958904109588,24,8,0.3333333333333333,0.47058823529411764,0.39024390243902435,29,3,0.10344827586206896,0.15789473684210525,0.125,138,8,0.057971014492753624,0.057971014492753624,0.057971014492753624,1,0.10410958904109588,0.10410958904109588,0.10410958904109588,nan,nan
denovo_pdb__5cwg_A,1,238,True,79,79,42,0.5316455696202531,0.2413793103448276,0.3320158102766798,9,5,0.5555555555555556,0.29411764705882354,0.3846153846153846,10,4,0.4,0.21052631578947367,0.27586206896551724,60,33,0.55,0.2391304347826087,0.33333333333333337,1,0.3320158102766798,0.3320158102766798,0.3320158102766798,nan,nan
denovo_pdb__5cwg_A,2,352,True,117,117,8,0.06837606837606838,0.04597701149425287,0.054982817869415807,21,5,0.23809523809523808,0.29411764705882354,0.2631578947368421,23,1,0.043478260869565216,0.05263157894736842,0.04761904761904762,73,2,0.0273972602739726,0.014492753623188406,0.01895734597156398,1,0.054982817869415807,0.054982817869415807,0.054982817869415807,nan,nan
denovo_pdb__5cwg_A,3,511,True,169,169,27,0.15976331360946747,0.15517241379310345,0.15743440233236153,17,5,0.29411764705882354,0.29411764705882354,0.29411764705882354,19,1,0.05263157894736842,0.05263157894736842,0.05263157894736842,133,21,0.15789473684210525,0.15217391304347827,0.15498154981549814,1,0.15743440233236153,0.15743440233236153,0.15743440233236153,nan,nan
denovo_pdb__5cwi_A,0,538,True,178,178,2,0.011235955056179775,0.011764705882352941,0.011494252873563216,12,1,0.08333333333333333,0.08333333333333333,0.08333333333333333,17,0,0.0,0.0,0.0,149,1,0.006711409395973154,0.006896551724137931,0.006802721088435374,1,0.011494252873563216,0.011494252873563216,0.011494252873563216,nan,nan
denovo_pdb__5cwi_A,1,568,True,188,188,12,0.06382978723404255,0.07058823529411765,0.06703910614525138,14,4,0.2857142857142857,0.3333333333333333,0.30769230769230765,37,3,0.08108108108108109,0.23076923076923078,0.12,137,5,0.0364963503649635,0.034482758620689655,0.03546099290780142,1,0.06703910614525138,0.06703910614525138,0.06703910614525138,nan,nan
denovo_pdb__5cwi_A,2,520,True,173,173,9,0.05202312138728324,0.052941176470588235,0.05247813411078717,11,3,0.2727272727272727,0.25,0.2608695652173913,32,4,0.125,0.3076923076923077,0.17777777777777778,130,2,0.015384615384615385,0.013793103448275862,0.014545454545454545,1,0.05247813411078717,0.05247813411078717,0.05247813411078717,nan,nan
denovo_pdb__5cwi_A,3,472,True,156,156,24,0.15384615384615385,0.1411764705882353,0.147239263803681,11,2,0.18181818181818182,0.16666666666666666,0.17391304347826086,25,5,0.2,0.38461538461538464,0.2631578947368421,120,17,0.14166666666666666,0.11724137931034483,0.12830188679245283,1,0.147239263803681,0.147239263803681,0.147239263803681,nan,nan
denovo_pdb__5cwk_A,0,571,True,189,189,94,0.4973544973544973,0.6308724832214765,0.5562130177514791,19,6,0.3157894736842105,0.42857142857142855,0.36363636363636365,31,19,0.6129032258064516,0.6551724137931034,0.6333333333333333,139,69,0.49640287769784175,0.6509433962264151,0.563265306122449,1,0.5562130177514791,0.5562130177514791,0.5562130177514791,nan,nan
denovo_pdb__5cwk_A,1,568,True,187,187,54,0.2887700534759358,0.3624161073825503,0.3214285714285714,16,4,0.25,0.2857142857142857,0.26666666666666666,37,10,0.2702702702702703,0.3448275862068966,0.30303030303030304,134,40,0.29850746268656714,0.37735849056603776,0.3333333333333333,1,0.3214285714285714,0.3214285714285714,0.3214285714285714,nan,nan
denovo_pdb__5cwk_A,2,610,True,202,202,52,0.25742574257425743,0.348993288590604,0.29629629629629634,21,3,0.14285714285714285,0.21428571428571427,0.17142857142857143,41,15,0.36585365853658536,0.5172413793103449,0.42857142857142855,140,34,0.24285714285714285,0.32075471698113206,0.2764227642276423,1,0.29629629629629634,0.29629629629629634,0.29629629629629634,nan,nan
denovo_pdb__5cwk_A,3,511,True,169,169,53,0.3136094674556213,0.35570469798657717,0.3333333333333333,19,7,0.3684210526315789,0.5,0.4242424242424242,33,15,0.45454545454545453,0.5172413793103449,0.4838709677419355,117,31,0.26495726495726496,0.29245283018867924,0.2780269058295964,1,0.3333333333333333,0.3333333333333333,0.3333333333333333,nan,nan
denovo_pdb__5cwn_A,0,529,True,175,175,94,0.5371428571428571,0.5696969696969697,0.5529411764705883,14,9,0.6428571428571429,0.6,0.6206896551724138,18,9,0.5,0.4090909090909091,0.45,143,76,0.5314685314685315,0.59375,0.5608856088560886,1,0.5529411764705883,0.5529411764705883,0.5529411764705883,nan,nan
denovo_pdb__5cwn_A,1,544,True,180,180,77,0.42777777777777776,0.4666666666666667,0.44637681159420295,15,9,0.6,0.6,0.6,26,13,0.5,0.5909090909090909,0.5416666666666667,139,55,0.39568345323741005,0.4296875,0.41198501872659177,1,0.44637681159420295,0.44637681159420295,0.44637681159420295,nan,nan
denovo_pdb__5cwn_A,2,550,True,181,181,88,0.4861878453038674,0.5333333333333333,0.5086705202312138,19,11,0.5789473684210527,0.7333333333333333,0.6470588235294117,22,11,0.5,0.5,0.5,140,66,0.4714285714285714,0.515625,0.4925373134328358,1,0.5086705202312138,0.5086705202312138,0.5086705202312138,nan,nan
denovo_pdb__5cwn_A,3,469,True,156,156,93,0.5961538461538461,0.5636363636363636,0.5794392523364486,16,10,0.625,0.6666666666666666,0.6451612903225806,24,14,0.5833333333333334,0.6363636363636364,0.6086956521739131,116,69,0.5948275862068966,0.5390625,0.5655737704918034,1,0.5794392523364486,0.5794392523364486,0.5794392523364486,nan,nan
denovo_pdb__5cwq_A,0,851,True,277,277,102,0.36823104693140796,0.42677824267782427,0.39534883720930236,32,15,0.46875,0.6,0.5263157894736842,43,20,0.46511627906976744,0.5263157894736842,0.49382716049382713,202,67,0.3316831683168317,0.3806818181818182,0.3544973544973545,1,0.39534883720930236,0.39534883720930236,0.39534883720930236,nan,nan
denovo_pdb__5cwq_A,1,367,True,121,121,45,0.371900826446281,0.18828451882845187,0.25,21,10,0.47619047619047616,0.4,0.43478260869565216,21,10,0.47619047619047616,0.2631578947368421,0.3389830508474576,79,25,0.31645569620253167,0.14204545454545456,0.19607843137254902,1,0.25,0.25,0.25,nan,nan
denovo_pdb__5cwq_A,2,571,True,190,190,35,0.18421052631578946,0.14644351464435146,0.16317016317016314,27,8,0.2962962962962963,0.32,0.30769230769230765,33,7,0.21212121212121213,0.18421052631578946,0.1971830985915493,130,20,0.15384615384615385,0.11363636363636363,0.13071895424836602,1,0.16317016317016314,0.16317016317016314,0.16317016317016314,nan,nan
denovo_pdb__5cwq_A,3,695,True,227,227,113,0.4977973568281938,0.47280334728033474,0.4849785407725322,29,16,0.5517241379310345,0.64,0.5925925925925927,41,21,0.5121951219512195,0.5526315789473685,0.5316455696202531,157,76,0.4840764331210191,0.4318181818181818,0.4564564564564565,1,0.4849785407725322,0.4849785407725322,0.4849785407725322,nan,nan
denovo_pdb__5d2v_A,0,634,True,211,211,66,0.3127962085308057,0.2796610169491525,0.29530201342281875,37,13,0.35135135135135137,0.35135135135135137,0.35135135135135137,54,18,0.3333333333333333,0.46153846153846156,0.3870967741935484,120,35,0.2916666666666667,0.21875,0.25,1,0.29530201342281875,0.29530201342281875,0.29530201342281875,nan,nan
denovo_pdb__5d2v_A,1,820,True,272,272,76,0.27941176470588236,0.3220338983050847,0.2992125984251969,40,13,0.325,0.35135135135135137,0.33766233766233766,34,7,0.20588235294117646,0.1794871794871795,0.19178082191780824,198,56,0.2828282828282828,0.35,0.3128491620111732,1,0.2992125984251969,0.2992125984251969,0.2992125984251969,nan,nan
denovo_pdb__5d2v_A,2,919,True,306,306,70,0.22875816993464052,0.2966101694915254,0.25830258302583026,38,11,0.2894736842105263,0.2972972972972973,0.29333333333333333,45,9,0.2,0.23076923076923078,0.21428571428571427,223,50,0.2242152466367713,0.3125,0.26109660574412535,1,0.25830258302583026,0.25830258302583026,0.25830258302583026,nan,nan
denovo_pdb__5d2v_A,3,883,True,293,293,68,0.23208191126279865,0.288135593220339,0.2570888468809074,31,7,0.22580645161290322,0.1891891891891892,0.2058823529411765,57,10,0.17543859649122806,0.2564102564102564,0.20833333333333331,205,51,0.24878048780487805,0.31875,0.27945205479452057,1,0.2570888468809074,0.2570888468809074,0.2570888468809074,nan,nan
denovo_pdb__5d2x_A,0,886,True,293,293,58,0.19795221843003413,0.22568093385214008,0.21090909090909088,38,12,0.3157894736842105,0.2926829268292683,0.3037974683544304,52,8,0.15384615384615385,0.2,0.17391304347826086,203,38,0.18719211822660098,0.2159090909090909,0.20052770448548812,1,0.21090909090909088,0.21090909090909088,0.21090909090909088,nan,nan
denovo_pdb__5d2x_A,1,844,True,277,277,82,0.296028880866426,0.31906614785992216,0.30711610486891383,30,10,0.3333333333333333,0.24390243902439024,0.28169014084507044,38,9,0.23684210526315788,0.225,0.23076923076923078,209,63,0.3014354066985646,0.35795454545454547,0.32727272727272727,1,0.30711610486891383,0.30711610486891383,0.30711610486891383,nan,nan
denovo_pdb__5d2x_A,2,856,True,285,285,68,0.23859649122807017,0.26459143968871596,0.2509225092250922,42,13,0.30952380952380953,0.3170731707317073,0.3132530120481927,55,9,0.16363636363636364,0.225,0.1894736842105263,188,46,0.24468085106382978,0.26136363636363635,0.25274725274725274,1,0.2509225092250922,0.2509225092250922,0.2509225092250922,nan,nan
denovo_pdb__5d2x_A,3,853,True,282,282,72,0.2553191489361702,0.2801556420233463,0.26716141001855287,32,12,0.375,0.2926829268292683,0.32876712328767116,47,9,0.19148936170212766,0.225,0.2068965517241379,203,51,0.2512315270935961,0.2897727272727273,0.2691292875989446,1,0.26716141001855287,0.26716141001855287,0.26716141001855287,nan,nan
denovo_pdb__5d30_A,0,889,True,295,295,63,0.2135593220338983,0.2342007434944238,0.22340425531914895,33,8,0.24242424242424243,0.18181818181818182,0.2077922077922078,54,7,0.12962962962962962,0.1590909090909091,0.14285714285714285,208,48,0.23076923076923078,0.26519337016574585,0.24678663239074553,1,0.22340425531914895,0.22340425531914895,0.22340425531914895,nan,nan
denovo_pdb__5d30_A,1,859,True,283,283,55,0.19434628975265017,0.20446096654275092,0.19927536231884058,38,13,0.34210526315789475,0.29545454545454547,0.3170731707317074,44,9,0.20454545454545456,0.20454545454545456,0.20454545454545456,201,33,0.16417910447761194,0.18232044198895028,0.17277486910994766,1,0.19927536231884058,0.19927536231884058,0.19927536231884058,nan,nan
denovo_pdb__5d30_A,2,796,True,264,264,59,0.22348484848484848,0.21933085501858737,0.22138836772983114,36,8,0.2222222222222222,0.18181818181818182,0.19999999999999998,37,10,0.2702702702702703,0.22727272727272727,0.24691358024691357,191,41,0.21465968586387435,0.2265193370165746,0.22043010752688172,1,0.22138836772983114,0.22138836772983114,0.22138836772983114,nan,nan
denovo_pdb__5d30_A,3,658,True,218,218,44,0.2018348623853211,0.16356877323420074,0.1806981519507187,34,9,0.2647058823529412,0.20454545454545456,0.23076923076923078,33,6,0.18181818181818182,0.13636363636363635,0.15584415584415584,151,29,0.19205298013245034,0.16022099447513813,0.1746987951807229,1,0.1806981519507187,0.1806981519507187,0.1806981519507187,nan,nan
denovo_pdb__5dra_A,0,655,True,211,211,137,0.6492890995260664,0.8203592814371258,0.724867724867725,4,1,0.25,0.2,0.22222222222222224,189,130,0.6878306878306878,0.8552631578947368,0.7624633431085044,18,6,0.3333333333333333,0.6,0.42857142857142855,1,0.724867724867725,0.724867724867725,0.724867724867725,nan,nan
denovo_pdb__5dra_A,1,598,True,197,197,138,0.700507614213198,0.8263473053892215,0.7582417582417582,9,4,0.4444444444444444,0.8,0.5714285714285714,178,131,0.7359550561797753,0.8618421052631579,0.7939393939393938,10,3,0.3,0.3,0.3,1,0.7582417582417582,0.7582417582417582,0.7582417582417582,nan,nan
denovo_pdb__5dra_A,2,577,True,190,190,131,0.6894736842105263,0.7844311377245509,0.7338935574229691,8,4,0.5,0.8,0.6153846153846154,161,122,0.7577639751552795,0.8026315789473685,0.7795527156549521,21,5,0.23809523809523808,0.5,0.3225806451612903,1,0.7338935574229691,0.7338935574229691,0.7338935574229691,nan,nan
denovo_pdb__5dra_A,3,794,True,240,240,139,0.5791666666666667,0.8323353293413174,0.6830466830466831,12,2,0.16666666666666666,0.4,0.23529411764705882,191,130,0.680628272251309,0.8552631578947368,0.7580174927113702,37,7,0.1891891891891892,0.7,0.2978723404255319,1,0.6830466830466831,0.6830466830466831,0.6830466830466831,nan,nan
denovo_pdb__5hrz_A,0,202,True,66,66,56,0.8484848484848485,0.5333333333333333,0.6549707602339182,14,12,0.8571428571428571,0.8571428571428571,0.8571428571428571,22,18,0.8181818181818182,0.5142857142857142,0.6315789473684209,30,26,0.8666666666666667,0.4642857142857143,0.6046511627906976,1,0.6549707602339182,0.6549707602339182,0.6549707602339182,nan,nan
denovo_pdb__5hrz_A,1,171,True,55,55,43,0.7818181818181819,0.4095238095238095,0.5375,8,6,0.75,0.42857142857142855,0.5454545454545454,16,14,0.875,0.4,0.5490196078431373,31,23,0.7419354838709677,0.4107142857142857,0.528735632183908,1,0.5375,0.5375,0.5375,nan,nan
denovo_pdb__5hrz_A,2,76,True,25,25,21,0.84,0.2,0.3230769230769231,6,5,0.8333333333333334,0.35714285714285715,0.5,9,8,0.8888888888888888,0.22857142857142856,0.3636363636363636,10,8,0.8,0.14285714285714285,0.24242424242424243,1,0.3230769230769231,0.3230769230769231,0.3230769230769231,nan,nan
denovo_pdb__5hrz_A,3,215,True,71,71,62,0.8732394366197183,0.5904761904761905,0.7045454545454547,11,8,0.7272727272727273,0.5714285714285714,0.64,21,18,0.8571428571428571,0.5142857142857142,0.6428571428571428,39,36,0.9230769230769231,0.6428571428571429,0.7578947368421053,1,0.7045454545454547,0.7045454545454547,0.7045454545454547,nan,nan
denovo_pdb__5iep_A,0,277,True,92,92,18,0.1956521739130435,0.18,0.18749999999999997,19,6,0.3157894736842105,0.4,0.35294117647058826,34,6,0.17647058823529413,0.20689655172413793,0.19047619047619047,39,6,0.15384615384615385,0.10714285714285714,0.12631578947368421,1,0.18749999999999997,0.18749999999999997,0.18749999999999997,nan,nan
denovo_pdb__5iep_A,1,415,True,128,128,15,0.1171875,0.15,0.13157894736842105,26,6,0.23076923076923078,0.4,0.29268292682926833,44,7,0.1590909090909091,0.2413793103448276,0.1917808219178082,58,2,0.034482758620689655,0.03571428571428571,0.03508771929824562,1,0.13157894736842105,0.13157894736842105,0.13157894736842105,nan,nan
denovo_pdb__5iep_A,2,208,True,68,68,16,0.23529411764705882,0.16,0.19047619047619052,14,4,0.2857142857142857,0.26666666666666666,0.2758620689655172,31,8,0.25806451612903225,0.27586206896551724,0.26666666666666666,23,4,0.17391304347826086,0.07142857142857142,0.10126582278481013,1,0.19047619047619052,0.19047619047619052,0.19047619047619052,nan,nan
denovo_pdb__5iep_A,3,340,True,113,113,7,0.061946902654867256,0.07,0.06572769953051644,30,3,0.1,0.2,0.13333333333333333,36,4,0.1111111111111111,0.13793103448275862,0.12307692307692307,47,0,0.0,0.0,0.0,1,0.06572769953051644,0.06572769953051644,0.06572769953051644,nan,nan
denovo_pdb__5l0p_A,0,907,True,302,302,41,0.1357615894039735,0.13712374581939799,0.13643926788685523,50,15,0.3,0.2727272727272727,0.28571428571428564,77,6,0.07792207792207792,0.06521739130434782,0.07100591715976332,175,20,0.11428571428571428,0.13157894736842105,0.12232415902140673,1,0.13643926788685523,0.13643926788685523,0.13643926788685523,nan,nan
denovo_pdb__5l0p_A,1,7563,False,951,951,65,0.0683491062039958,0.21739130434782608,0.10400000000000002,155,22,0.14193548387096774,0.4,0.20952380952380953,169,20,0.11834319526627218,0.21739130434782608,0.1532567049808429,627,23,0.03668261562998405,0.1513157894736842,0.05905006418485237,1,0.10400000000000002,0.10400000000000002,0.10400000000000002,nan,nan
denovo_pdb__5l0p_A,2,1489,True,489,489,27,0.05521472392638037,0.0903010033444816,0.06852791878172587,76,10,0.13157894736842105,0.18181818181818182,0.15267175572519082,56,7,0.125,0.07608695652173914,0.0945945945945946,357,10,0.028011204481792718,0.06578947368421052,0.03929273084479372,1,0.06852791878172587,0.06852791878172587,0.06852791878172587,nan,nan
denovo_pdb__5l0p_A,3,1072,True,356,356,42,0.11797752808988764,0.14046822742474915,0.1282442748091603,78,18,0.23076923076923078,0.32727272727272727,0.27067669172932335,82,11,0.13414634146341464,0.11956521739130435,0.12643678160919541,196,13,0.0663265306122449,0.08552631578947369,0.07471264367816093,1,0.1282442748091603,0.1282442748091603,0.1282442748091603,nan,nan
denovo_pdb__5le4_A,0,678,True,223,223,147,0.6591928251121076,0.6419213973799127,0.6504424778761062,28,19,0.6785714285714286,0.5277777777777778,0.5937499999999999,39,27,0.6923076923076923,0.7297297297297297,0.7105263157894737,156,101,0.6474358974358975,0.6474358974358975,0.6474358974358975,1,0.6504424778761062,0.6504424778761062,0.6504424778761062,nan,nan
denovo_pdb__5le4_A,1,633,True,204,204,126,0.6176470588235294,0.5502183406113537,0.581986143187067,20,13,0.65,0.3611111111111111,0.4642857142857143,35,26,0.7428571428571429,0.7027027027027027,0.7222222222222223,149,87,0.5838926174496645,0.5576923076923077,0.5704918032786885,1,0.581986143187067,0.581986143187067,0.581986143187067,nan,nan
denovo_pdb__5le4_A,2,459,True,149,149,104,0.697986577181208,0.45414847161572053,0.5502645502645502,16,15,0.9375,0.4166666666666667,0.5769230769230769,25,18,0.72,0.4864864864864865,0.5806451612903226,108,71,0.6574074074074074,0.4551282051282051,0.537878787878788,1,0.5502645502645502,0.5502645502645502,0.5502645502645502,nan,nan
denovo_pdb__5le4_A,3,710,True,231,231,165,0.7142857142857143,0.7205240174672489,0.7173913043478262,35,27,0.7714285714285715,0.75,0.7605633802816902,33,23,0.696969696969697,0.6216216216216216,0.6571428571428571,163,115,0.7055214723926381,0.7371794871794872,0.7210031347962383,1,0.7173913043478262,0.7173913043478262,0.7173913043478262,nan,nan
denovo_pdb__5lea_A,0,927,True,295,295,187,0.6338983050847458,0.8311111111111111,0.7192307692307692,35,23,0.6571428571428571,0.7931034482758621,0.71875,60,32,0.5333333333333333,0.8888888888888888,0.6666666666666667,200,132,0.66,0.825,0.7333333333333334,1,0.7192307692307692,0.7192307692307692,0.7192307692307692,nan,nan
denovo_pdb__5lea_A,1,430,True,142,142,112,0.7887323943661971,0.49777777777777776,0.6103542234332425,21,14,0.6666666666666666,0.4827586206896552,0.56,21,17,0.8095238095238095,0.4722222222222222,0.5964912280701755,100,81,0.81,0.50625,0.623076923076923,1,0.6103542234332425,0.6103542234332425,0.6103542234332425,nan,nan
denovo_pdb__5lea_A,2,315,True,103,103,77,0.7475728155339806,0.3422222222222222,0.4695121951219512,12,11,0.9166666666666666,0.3793103448275862,0.5365853658536586,15,12,0.8,0.3333333333333333,0.47058823529411764,76,54,0.7105263157894737,0.3375,0.45762711864406774,1,0.4695121951219512,0.4695121951219512,0.4695121951219512,nan,nan
denovo_pdb__5lea_A,3,496,True,160,160,112,0.7,0.49777777777777776,0.5818181818181818,27,17,0.6296296296296297,0.5862068965517241,0.6071428571428571,22,16,0.7272727272727273,0.4444444444444444,0.5517241379310345,111,79,0.7117117117117117,0.49375,0.5830258302583026,1,0.5818181818181818,0.5818181818181818,0.5818181818181818,nan,nan
denovo_pdb__5od1_A,0,226,True,75,75,18,0.24,0.3157894736842105,0.2727272727272727,6,4,0.6666666666666666,0.5,0.5714285714285715,22,5,0.22727272727272727,0.2631578947368421,0.24390243902439024,47,9,0.19148936170212766,0.3,0.23376623376623376,1,0.2727272727272727,0.2727272727272727,0.2727272727272727,nan,nan
denovo_pdb__5od1_A,1,277,True,92,92,17,0.18478260869565216,0.2982456140350877,0.22818791946308725,8,4,0.5,0.5,0.5,23,7,0.30434782608695654,0.3684210526315789,0.3333333333333333,61,6,0.09836065573770492,0.2,0.13186813186813187,1,0.22818791946308725,0.22818791946308725,0.22818791946308725,nan,nan
denovo_pdb__5od1_A,2,223,True,74,74,21,0.28378378378378377,0.3684210526315789,0.32061068702290074,7,2,0.2857142857142857,0.25,0.26666666666666666,23,8,0.34782608695652173,0.42105263157894735,0.380952380952381,44,11,0.25,0.36666666666666664,0.29729729729729726,1,0.32061068702290074,0.32061068702290074,0.32061068702290074,nan,nan
denovo_pdb__5od1_A,3,169,True,56,56,7,0.125,0.12280701754385964,0.12389380530973451,4,0,0.0,0.0,0.0,15,1,0.06666666666666667,0.05263157894736842,0.058823529411764705,37,6,0.16216216216216217,0.2,0.1791044776119403,1,0.12389380530973451,0.12389380530973451,0.12389380530973451,nan,nan
denovo_pdb__5oou_A,0,394,True,130,130,91,0.7,0.7583333333333333,0.728,19,12,0.631578947368421,0.8571428571428571,0.7272727272727273,24,18,0.75,1.0,0.8571428571428571,87,61,0.7011494252873564,0.6931818181818182,0.6971428571428572,1,0.728,0.728,0.728,nan,nan
denovo_pdb__5oou_A,1,331,True,109,109,82,0.7522935779816514,0.6833333333333333,0.7161572052401746,18,11,0.6111111111111112,0.7857142857142857,0.6875000000000001,15,13,0.8666666666666667,0.7222222222222222,0.7878787878787877,76,58,0.7631578947368421,0.6590909090909091,0.7073170731707317,1,0.7161572052401746,0.7161572052401746,0.7161572052401746,nan,nan
denovo_pdb__5oou_A,2,130,True,43,43,36,0.8372093023255814,0.3,0.441717791411043,6,5,0.8333333333333334,0.35714285714285715,0.5,8,6,0.75,0.3333333333333333,0.46153846153846156,29,25,0.8620689655172413,0.2840909090909091,0.4273504273504274,1,0.441717791411043,0.441717791411043,0.441717791411043,nan,nan
denovo_pdb__5oou_A,3,353,True,116,116,91,0.7844827586206896,0.7583333333333333,0.7711864406779662,16,11,0.6875,0.7857142857142857,0.7333333333333334,19,16,0.8421052631578947,0.8888888888888888,0.8648648648648649,81,64,0.7901234567901234,0.7272727272727273,0.757396449704142,1,0.7711864406779662,0.7711864406779662,0.7711864406779662,nan,nan
denovo_pdb__5orm_A,0,136,True,45,45,26,0.5777777777777777,0.11255411255411256,0.18840579710144928,7,4,0.5714285714285714,0.16,0.25,9,5,0.5555555555555556,0.06172839506172839,0.1111111111111111,29,17,0.5862068965517241,0.136,0.2207792207792208,1,0.18840579710144928,0.18840579710144928,0.18840579710144928,nan,nan
denovo_pdb__5orm_A,1,64,True,21,21,9,0.42857142857142855,0.03896103896103896,0.07142857142857142,2,1,0.5,0.04,0.07407407407407407,8,5,0.625,0.06172839506172839,0.11235955056179774,11,3,0.2727272727272727,0.024,0.044117647058823525,1,0.07142857142857142,0.07142857142857142,0.07142857142857142,nan,nan
denovo_pdb__5orm_A,2,219,True,71,71,41,0.5774647887323944,0.1774891774891775,0.271523178807947,13,7,0.5384615384615384,0.28,0.3684210526315789,26,18,0.6923076923076923,0.2222222222222222,0.3364485981308411,32,16,0.5,0.128,0.20382165605095542,1,0.271523178807947,0.271523178807947,0.271523178807947,nan,nan
denovo_pdb__5orm_A,3,131,True,41,41,25,0.6097560975609756,0.10822510822510822,0.18382352941176472,5,3,0.6,0.12,0.19999999999999998,15,10,0.6666666666666666,0.12345679012345678,0.20833333333333331,21,12,0.5714285714285714,0.096,0.16438356164383564,1,0.18382352941176472,0.18382352941176472,0.18382352941176472,nan,nan
denovo_pdb__5vjs_A,0,511,True,169,169,23,0.13609467455621302,0.14838709677419354,0.14197530864197533,11,2,0.18181818181818182,0.5,0.26666666666666666,29,10,0.3448275862068966,0.4,0.3703703703703704,129,11,0.08527131782945736,0.0873015873015873,0.08627450980392157,1,0.14197530864197533,0.14197530864197533,0.14197530864197533,nan,nan
denovo_pdb__5vjs_A,1,70,True,23,23,4,0.17391304347826086,0.025806451612903226,0.0449438202247191,2,2,1.0,0.5,0.6666666666666666,13,2,0.15384615384615385,0.08,0.10526315789473685,8,0,0.0,0.0,0.0,1,0.0449438202247191,0.0449438202247191,0.0449438202247191,nan,nan
denovo_pdb__5vjs_A,2,352,True,117,117,4,0.03418803418803419,0.025806451612903226,0.029411764705882356,6,1,0.16666666666666666,0.25,0.2,14,1,0.07142857142857142,0.04,0.05128205128205128,97,2,0.020618556701030927,0.015873015873015872,0.017937219730941704,1,0.029411764705882356,0.029411764705882356,0.029411764705882356,nan,nan
denovo_pdb__5vjs_A,3,133,True,44,44,2,0.045454545454545456,0.012903225806451613,0.020100502512562814,3,1,0.3333333333333333,0.25,0.28571428571428575,7,1,0.14285714285714285,0.04,0.0625,34,0,0.0,0.0,0.0,1,0.020100502512562814,0.020100502512562814,0.020100502512562814,nan,nan
denovo_pdb__5vju_A,0,535,True,177,177,53,0.2994350282485876,0.34868421052631576,0.32218844984802436,5,0,0.0,0.0,0.0,29,8,0.27586206896551724,0.3333333333333333,0.3018867924528302,143,45,0.3146853146853147,0.36,0.3358208955223881,1,0.32218844984802436,0.32218844984802436,0.32218844984802436,nan,nan
denovo_pdb__5vju_A,1,556,True,181,181,9,0.049723756906077346,0.05921052631578947,0.05405405405405405,19,0,0.0,0.0,0.0,27,4,0.14814814814814814,0.16666666666666666,0.15686274509803924,135,5,0.037037037037037035,0.04,0.03846153846153846,1,0.05405405405405405,0.05405405405405405,0.05405405405405405,nan,nan
denovo_pdb__5vju_A,2,385,True,127,127,5,0.03937007874015748,0.03289473684210526,0.03584229390681003,5,0,0.0,0.0,0.0,8,1,0.125,0.041666666666666664,0.0625,114,4,0.03508771929824561,0.032,0.03347280334728033,1,0.03584229390681003,0.03584229390681003,0.03584229390681003,nan,nan
denovo_pdb__5vju_A,3,589,True,193,193,5,0.025906735751295335,0.03289473684210526,0.02898550724637681,9,0,0.0,0.0,0.0,8,1,0.125,0.041666666666666664,0.0625,176,4,0.022727272727272728,0.032,0.026578073089700997,1,0.02898550724637681,0.02898550724637681,0.02898550724637681,nan,nan
denovo_pdb__5xg5_A,0,301,True,100,100,19,0.19,0.10555555555555556,0.1357142857142857,18,10,0.5555555555555556,0.3333333333333333,0.4166666666666667,25,7,0.28,0.16279069767441862,0.2058823529411765,57,2,0.03508771929824561,0.018691588785046728,0.024390243902439022,1,0.1357142857142857,0.1357142857142857,0.1357142857142857,nan,nan
denovo_pdb__5xg5_A,1,514,True,171,171,22,0.1286549707602339,0.12222222222222222,0.12535612535612534,31,13,0.41935483870967744,0.43333333333333335,0.4262295081967213,32,4,0.125,0.09302325581395349,0.10666666666666666,108,5,0.046296296296296294,0.04672897196261682,0.046511627906976744,1,0.12535612535612534,0.12535612535612534,0.12535612535612534,nan,nan
denovo_pdb__5xg5_A,2,505,True,167,167,18,0.10778443113772455,0.1,0.1037463976945245,42,9,0.21428571428571427,0.3,0.25,47,6,0.1276595744680851,0.13953488372093023,0.13333333333333333,78,3,0.038461538461538464,0.028037383177570093,0.032432432432432434,1,0.1037463976945245,0.1037463976945245,0.1037463976945245,nan,nan
denovo_pdb__5xg5_A,3,379,True,126,126,20,0.15873015873015872,0.1111111111111111,0.13071895424836602,34,9,0.2647058823529412,0.3,0.28125,31,6,0.1935483870967742,0.13953488372093023,0.16216216216216217,61,5,0.08196721311475409,0.04672897196261682,0.05952380952380953,1,0.13071895424836602,0.13071895424836602,0.13071895424836602,nan,nan
denovo_pdb__6ais_O,0,589,True,195,195,18,0.09230769230769231,0.08823529411764706,0.09022556390977443,30,6,0.2,0.09375,0.12765957446808512,53,12,0.22641509433962265,0.12244897959183673,0.15894039735099338,112,0,0.0,0.0,0.0,1,0.09022556390977443,0.09022556390977443,0.09022556390977443,nan,nan
denovo_pdb__6ais_O,1,637,True,212,212,30,0.14150943396226415,0.14705882352941177,0.14423076923076925,40,7,0.175,0.109375,0.1346153846153846,60,20,0.3333333333333333,0.20408163265306123,0.25316455696202533,112,3,0.026785714285714284,0.07142857142857142,0.03896103896103895,1,0.14423076923076925,0.14423076923076925,0.14423076923076925,nan,nan
denovo_pdb__6ais_O,2,574,True,191,191,33,0.17277486910994763,0.16176470588235295,0.1670886075949367,56,10,0.17857142857142858,0.15625,0.16666666666666666,68,19,0.27941176470588236,0.19387755102040816,0.2289156626506024,67,4,0.05970149253731343,0.09523809523809523,0.07339449541284404,1,0.1670886075949367,0.1670886075949367,0.1670886075949367,nan,nan
denovo_pdb__6ais_O,3,649,True,216,216,27,0.125,0.1323529411764706,0.1285714285714286,46,13,0.2826086956521739,0.203125,0.23636363636363636,61,12,0.19672131147540983,0.12244897959183673,0.1509433962264151,109,2,0.01834862385321101,0.047619047619047616,0.026490066225165563,1,0.1285714285714286,0.1285714285714286,0.1285714285714286,nan,nan
denovo_pdb__6ee5_A,0,1006,True,332,332,16,0.04819277108433735,0.04336043360433604,0.04564907275320971,75,9,0.12,0.3,0.17142857142857143,66,6,0.09090909090909091,0.12244897959183673,0.10434782608695652,191,1,0.005235602094240838,0.0034482758620689655,0.004158004158004158,1,0.04564907275320971,0.04564907275320971,0.04564907275320971,nan,nan
denovo_pdb__6ee5_A,1,1297,True,431,431,9,0.02088167053364269,0.024390243902439025,0.0225,50,4,0.08,0.13333333333333333,0.1,70,2,0.02857142857142857,0.04081632653061224,0.03361344537815125,311,3,0.00964630225080386,0.010344827586206896,0.009983361064891847,1,0.0225,0.0225,0.0225,nan,nan
denovo_pdb__6ee5_A,2,1121,True,372,372,15,0.04032258064516129,0.04065040650406504,0.04048582995951418,61,8,0.13114754098360656,0.26666666666666666,0.17582417582417584,56,2,0.03571428571428571,0.04081632653061224,0.038095238095238085,255,5,0.0196078431372549,0.017241379310344827,0.01834862385321101,1,0.04048582995951418,0.04048582995951418,0.04048582995951418,nan,nan
denovo_pdb__6ee5_A,3,991,True,330,330,14,0.04242424242424243,0.037940379403794036,0.04005722460658082,61,3,0.04918032786885246,0.1,0.06593406593406594,76,6,0.07894736842105263,0.12244897959183673,0.096,193,5,0.025906735751295335,0.017241379310344827,0.020703933747412005,1,0.04005722460658082,0.04005722460658082,0.04005722460658082,nan,nan
denovo_pdb__6f0s_A,0,670,True,218,218,130,0.5963302752293578,0.6532663316582915,0.6235011990407674,56,47,0.8392857142857143,0.8867924528301887,0.8623853211009174,69,34,0.4927536231884058,0.5573770491803278,0.5230769230769231,93,49,0.5268817204301075,0.5764705882352941,0.550561797752809,1,0.6235011990407674,0.6235011990407674,0.6235011990407674,nan,nan
denovo_pdb__6f0s_A,1,55,True,18,18,12,0.6666666666666666,0.06030150753768844,0.1105990783410138,3,3,1.0,0.05660377358490566,0.10714285714285715,8,5,0.625,0.08196721311475409,0.14492753623188404,7,4,0.5714285714285714,0.047058823529411764,0.08695652173913043,1,0.1105990783410138,0.1105990783410138,0.1105990783410138,nan,nan
denovo_pdb__6f0s_A,2,568,True,184,184,105,0.5706521739130435,0.5276381909547738,0.5483028720626631,47,37,0.7872340425531915,0.6981132075471698,0.74,77,32,0.4155844155844156,0.5245901639344263,0.463768115942029,60,36,0.6,0.4235294117647059,0.496551724137931,1,0.5483028720626631,0.5483028720626631,0.5483028720626631,nan,nan
denovo_pdb__6f0s_A,3,708,True,228,228,109,0.4780701754385965,0.5477386934673367,0.5105386416861826,53,33,0.6226415094339622,0.6226415094339622,0.6226415094339622,93,32,0.34408602150537637,0.5245901639344263,0.4155844155844156,82,44,0.5365853658536586,0.5176470588235295,0.5269461077844313,1,0.5105386416861826,0.5105386416861826,0.5105386416861826,nan,nan
denovo_pdb__6fpb_A,0,233,True,75,75,54,0.72,0.47368421052631576,0.5714285714285714,12,9,0.75,0.5625,0.6428571428571429,11,8,0.7272727272727273,0.42105263157894735,0.5333333333333333,52,37,0.7115384615384616,0.46835443037974683,0.5648854961832062,1,0.5714285714285714,0.5714285714285714,0.5714285714285714,nan,nan
denovo_pdb__6fpb_A,1,412,True,133,133,89,0.6691729323308271,0.7807017543859649,0.7206477732793523,18,11,0.6111111111111112,0.6875,0.6470588235294118,22,14,0.6363636363636364,0.7368421052631579,0.6829268292682926,93,64,0.6881720430107527,0.810126582278481,0.7441860465116278,1,0.7206477732793523,0.7206477732793523,0.7206477732793523,nan,nan
denovo_pdb__6fpb_A,2,339,True,112,112,87,0.7767857142857143,0.7631578947368421,0.7699115044247787,13,11,0.8461538461538461,0.6875,0.7586206896551724,20,16,0.8,0.8421052631578947,0.8205128205128205,79,60,0.759493670886076,0.759493670886076,0.759493670886076,1,0.7699115044247787,0.7699115044247787,0.7699115044247787,nan,nan
denovo_pdb__6fpb_A,3,380,True,126,126,97,0.7698412698412699,0.8508771929824561,0.8083333333333333,18,13,0.7222222222222222,0.8125,0.7647058823529411,20,15,0.75,0.7894736842105263,0.7692307692307692,88,69,0.7840909090909091,0.8734177215189873,0.8263473053892215,1,0.8083333333333333,0.8083333333333333,0.8083333333333333,nan,nan
denovo_pdb__6g6p_A,0,433,True,144,144,91,0.6319444444444444,0.2808641975308642,0.3888888888888889,26,21,0.8076923076923077,0.3620689655172414,0.5,48,31,0.6458333333333334,0.24603174603174602,0.3563218390804597,70,39,0.5571428571428572,0.2785714285714286,0.37142857142857144,1,0.3888888888888889,0.3888888888888889,0.3888888888888889,nan,nan
denovo_pdb__6g6p_A,1,616,True,201,201,123,0.6119402985074627,0.37962962962962965,0.4685714285714286,38,32,0.8421052631578947,0.5517241379310345,0.6666666666666666,86,51,0.5930232558139535,0.40476190476190477,0.4811320754716981,77,40,0.5194805194805194,0.2857142857142857,0.36866359447004604,1,0.4685714285714286,0.4685714285714286,0.4685714285714286,nan,nan
denovo_pdb__6g6p_A,2,885,True,287,287,174,0.6062717770034843,0.5370370370370371,0.5695581014729951,60,46,0.7666666666666667,0.7931034482758621,0.7796610169491527,97,58,0.5979381443298969,0.4603174603174603,0.5201793721973094,130,70,0.5384615384615384,0.5,0.5185185185185186,1,0.5695581014729951,0.5695581014729951,0.5695581014729951,nan,nan
denovo_pdb__6g6p_A,3,125,True,39,39,23,0.5897435897435898,0.07098765432098765,0.12672176308539945,13,11,0.8461538461538461,0.1896551724137931,0.30985915492957744,14,6,0.42857142857142855,0.047619047619047616,0.08571428571428572,12,6,0.5,0.04285714285714286,0.07894736842105264,1,0.12672176308539945,0.12672176308539945,0.12672176308539945,nan,nan
denovo_pdb__6i38_A,0,516,True,168,168,91,0.5416666666666666,0.4312796208530806,0.48021108179419525,43,36,0.8372093023255814,0.5625,0.6728971962616822,77,33,0.42857142857142855,0.5238095238095238,0.4714285714285715,48,22,0.4583333333333333,0.2619047619047619,0.33333333333333337,1,0.48021108179419525,0.48021108179419525,0.48021108179419525,nan,nan
denovo_pdb__6i38_A,1,613,True,203,203,113,0.5566502463054187,0.5355450236966824,0.5458937198067633,57,42,0.7368421052631579,0.65625,0.6942148760330578,86,32,0.37209302325581395,0.5079365079365079,0.42953020134228187,60,39,0.65,0.4642857142857143,0.5416666666666667,1,0.5458937198067633,0.5458937198067633,0.5458937198067633,nan,nan
denovo_pdb__6i38_A,2,648,True,213,213,120,0.5633802816901409,0.5687203791469194,0.5660377358490566,58,51,0.8793103448275862,0.796875,0.8360655737704917,80,37,0.4625,0.5873015873015873,0.5174825174825175,75,32,0.4266666666666667,0.38095238095238093,0.4025157232704402,1,0.5660377358490566,0.5660377358490566,0.5660377358490566,nan,nan
denovo_pdb__6i38_A,3,613,True,204,204,122,0.5980392156862745,0.5781990521327014,0.5879518072289156,61,49,0.8032786885245902,0.765625,0.784,74,38,0.5135135135135135,0.6031746031746031,0.5547445255474451,69,35,0.5072463768115942,0.4166666666666667,0.45751633986928103,1,0.5879518072289156,0.5879518072289156,0.5879518072289156,nan,nan
denovo_pdb__6i3a_A,0,615,True,202,202,124,0.6138613861386139,0.5876777251184834,0.6004842615012106,48,44,0.9166666666666666,0.7457627118644068,0.822429906542056,81,42,0.5185185185185185,0.6666666666666666,0.5833333333333334,73,38,0.5205479452054794,0.42696629213483145,0.4691358024691358,1,0.6004842615012106,0.6004842615012106,0.6004842615012106,nan,nan
denovo_pdb__6i3a_A,1,724,True,235,235,136,0.5787234042553191,0.6445497630331753,0.6098654708520179,62,47,0.7580645161290323,0.7966101694915254,0.7768595041322315,86,40,0.46511627906976744,0.6349206349206349,0.5369127516778524,87,49,0.5632183908045977,0.550561797752809,0.5568181818181818,1,0.6098654708520179,0.6098654708520179,0.6098654708520179,nan,nan
denovo_pdb__6i3a_A,2,592,True,195,195,110,0.5641025641025641,0.5213270142180095,0.541871921182266,57,46,0.8070175438596491,0.7796610169491526,0.7931034482758621,68,31,0.45588235294117646,0.49206349206349204,0.47328244274809156,70,33,0.4714285714285714,0.3707865168539326,0.41509433962264153,1,0.541871921182266,0.541871921182266,0.541871921182266,nan,nan
denovo_pdb__6i3a_A,3,774,True,251,251,150,0.5976095617529881,0.7109004739336493,0.6493506493506495,64,55,0.859375,0.9322033898305084,0.8943089430894309,86,42,0.4883720930232558,0.6666666666666666,0.563758389261745,101,53,0.5247524752475248,0.5955056179775281,0.5578947368421053,1,0.6493506493506495,0.6493506493506495,0.6493506493506495,nan,nan
denovo_pdb__6idc_A,0,607,True,202,202,37,0.18316831683168316,0.21511627906976744,0.19786096256684493,46,19,0.41304347826086957,0.3114754098360656,0.3551401869158879,49,14,0.2857142857142857,0.16091954022988506,0.20588235294117646,107,4,0.037383177570093455,0.16666666666666666,0.06106870229007633,1,0.19786096256684493,0.19786096256684493,0.19786096256684493,nan,nan
denovo_pdb__6idc_A,1,430,True,143,143,39,0.2727272727272727,0.22674418604651161,0.24761904761904763,48,17,0.3541666666666667,0.2786885245901639,0.3119266055045872,74,22,0.2972972972972973,0.25287356321839083,0.2732919254658386,21,0,0.0,0.0,0.0,1,0.24761904761904763,0.24761904761904763,0.24761904761904763,nan,nan
denovo_pdb__6idc_A,2,733,True,244,244,37,0.15163934426229508,0.21511627906976744,0.17788461538461536,51,14,0.27450980392156865,0.22950819672131148,0.25,77,23,0.2987012987012987,0.26436781609195403,0.28048780487804875,116,0,0.0,0.0,0.0,1,0.17788461538461536,0.17788461538461536,0.17788461538461536,nan,nan
denovo_pdb__6idc_A,3,892,True,287,287,16,0.05574912891986063,0.09302325581395349,0.06971677559912855,37,6,0.16216216216216217,0.09836065573770492,0.12244897959183673,76,10,0.13157894736842105,0.11494252873563218,0.12269938650306748,174,0,0.0,0.0,0.0,1,0.06971677559912855,0.06971677559912855,0.06971677559912855,nan,nan
denovo_pdb__6jcc_A,0,310,True,101,101,12,0.1188118811881188,0.1518987341772152,0.1333333333333333,19,5,0.2631578947368421,0.5,0.3448275862068966,22,5,0.22727272727272727,0.4166666666666667,0.29411764705882354,60,2,0.03333333333333333,0.03508771929824561,0.03418803418803419,1,0.1333333333333333,0.1333333333333333,0.1333333333333333,nan,nan
denovo_pdb__6jcc_A,1,253,True,84,84,35,0.4166666666666667,0.4430379746835443,0.42944785276073616,18,6,0.3333333333333333,0.6,0.42857142857142855,16,5,0.3125,0.4166666666666667,0.35714285714285715,50,24,0.48,0.42105263157894735,0.44859813084112143,1,0.42944785276073616,0.42944785276073616,0.42944785276073616,nan,nan
denovo_pdb__6jcc_A,2,337,True,111,111,16,0.14414414414414414,0.20253164556962025,0.16842105263157894,20,6,0.3,0.6,0.4,13,5,0.38461538461538464,0.4166666666666667,0.4,78,5,0.0641025641025641,0.08771929824561403,0.07407407407407407,1,0.16842105263157894,0.16842105263157894,0.16842105263157894,nan,nan
denovo_pdb__6jcc_A,3,253,True,84,84,14,0.16666666666666666,0.17721518987341772,0.17177914110429446,17,4,0.23529411764705882,0.4,0.29629629629629634,22,0,0.0,0.0,0.0,45,10,0.2222222222222222,0.17543859649122806,0.19607843137254902,1,0.17177914110429446,0.17177914110429446,0.17177914110429446,nan,nan
denovo_pdb__6mrs_A,0,205,True,68,68,38,0.5588235294117647,0.5757575757575758,0.5671641791044776,15,11,0.7333333333333333,0.8461538461538461,0.7857142857142856,19,10,0.5263157894736842,0.7142857142857143,0.6060606060606061,34,17,0.5,0.4358974358974359,0.4657534246575343,1,0.5671641791044776,0.5671641791044776,0.5671641791044776,nan,nan
denovo_pdb__6mrs_A,1,181,True,60,60,31,0.5166666666666667,0.4696969696969697,0.4920634920634921,14,8,0.5714285714285714,0.6153846153846154,0.5925925925925927,11,6,0.5454545454545454,0.42857142857142855,0.4799999999999999,35,17,0.4857142857142857,0.4358974358974359,0.45945945945945943,1,0.4920634920634921,0.4920634920634921,0.4920634920634921,nan,nan
denovo_pdb__6mrs_A,2,130,True,42,42,24,0.5714285714285714,0.36363636363636365,0.4444444444444444,11,7,0.6363636363636364,0.5384615384615384,0.5833333333333334,11,5,0.45454545454545453,0.35714285714285715,0.4,20,12,0.6,0.3076923076923077,0.4067796610169492,1,0.4444444444444444,0.4444444444444444,0.4444444444444444,nan,nan
denovo_pdb__6mrs_A,3,196,True,65,65,40,0.6153846153846154,0.6060606060606061,0.6106870229007635,14,11,0.7857142857142857,0.8461538461538461,0.8148148148148148,17,11,0.6470588235294118,0.7857142857142857,0.7096774193548386,34,18,0.5294117647058824,0.46153846153846156,0.4931506849315069,1,0.6106870229007635,0.6106870229007635,0.6106870229007635,nan,nan
denovo_pdb__6naf_A,0,115,True,38,38,4,0.10526315789473684,0.11428571428571428,0.10958904109589042,2,0,0.0,0.0,0.0,9,1,0.1111111111111111,0.125,0.11764705882352941,27,3,0.1111111111111111,0.12,0.11538461538461538,1,0.10958904109589042,0.10958904109589042,0.10958904109589042,nan,nan
denovo_pdb__6naf_A,1,103,True,33,33,24,0.7272727272727273,0.6857142857142857,0.7058823529411764,0,0,0.0,0.0,0.0,10,7,0.7,0.875,0.7777777777777777,23,17,0.7391304347826086,0.68,0.7083333333333334,1,0.7058823529411764,0.7058823529411764,0.7058823529411764,nan,nan
denovo_pdb__6naf_A,2,105,True,34,34,16,0.47058823529411764,0.45714285714285713,0.46376811594202894,4,0,0.0,0.0,0.0,8,7,0.875,0.875,0.875,22,9,0.4090909090909091,0.36,0.3829787234042554,1,0.46376811594202894,0.46376811594202894,0.46376811594202894,nan,nan
denovo_pdb__6naf_A,3,112,True,37,37,21,0.5675675675675675,0.6,0.5833333333333333,2,0,0.0,0.0,0.0,9,4,0.4444444444444444,0.5,0.47058823529411764,26,17,0.6538461538461539,0.68,0.6666666666666666,1,0.5833333333333333,0.5833333333333333,0.5833333333333333,nan,nan
denovo_pdb__6nla_A,0,121,True,40,40,22,0.55,0.6470588235294118,0.5945945945945946,10,5,0.5,0.8333333333333334,0.625,14,7,0.5,0.5833333333333334,0.5384615384615384,16,10,0.625,0.625,0.625,1,0.5945945945945946,0.5945945945945946,0.5945945945945946,nan,nan
denovo_pdb__6nla_A,1,148,True,49,49,13,0.2653061224489796,0.38235294117647056,0.3132530120481928,8,2,0.25,0.3333333333333333,0.28571428571428575,11,2,0.18181818181818182,0.16666666666666666,0.17391304347826086,30,9,0.3,0.5625,0.3913043478260869,1,0.3132530120481928,0.3132530120481928,0.3132530120481928,nan,nan
denovo_pdb__6nla_A,2,133,True,44,44,13,0.29545454545454547,0.38235294117647056,0.33333333333333337,10,2,0.2,0.3333333333333333,0.25,16,6,0.375,0.5,0.42857142857142855,18,5,0.2777777777777778,0.3125,0.29411764705882354,1,0.33333333333333337,0.33333333333333337,0.33333333333333337,nan,nan
denovo_pdb__6nla_A,3,124,True,41,41,20,0.4878048780487805,0.5882352941176471,0.5333333333333332,8,3,0.375,0.5,0.42857142857142855,17,8,0.47058823529411764,0.6666666666666666,0.5517241379310345,16,9,0.5625,0.5625,0.5625,1,0.5333333333333332,0.5333333333333332,0.5333333333333332,nan,nan
denovo_pdb__6qsd_A,0,651,True,211,211,132,0.6255924170616114,0.5945945945945946,0.6096997690531178,54,41,0.7592592592592593,0.803921568627451,0.780952380952381,73,37,0.5068493150684932,0.5441176470588235,0.524822695035461,84,54,0.6428571428571429,0.5242718446601942,0.5775401069518716,1,0.6096997690531178,0.6096997690531178,0.6096997690531178,nan,nan
denovo_pdb__6qsd_A,1,642,True,213,213,120,0.5633802816901409,0.5405405405405406,0.5517241379310345,50,33,0.66,0.6470588235294118,0.6534653465346535,74,33,0.44594594594594594,0.4852941176470588,0.46478873239436624,89,54,0.6067415730337079,0.5242718446601942,0.5625000000000001,1,0.5517241379310345,0.5517241379310345,0.5517241379310345,nan,nan
denovo_pdb__6qsd_A,2,593,True,194,194,104,0.5360824742268041,0.46846846846846846,0.5,63,38,0.6031746031746031,0.7450980392156863,0.6666666666666666,71,34,0.4788732394366197,0.5,0.48920863309352514,60,32,0.5333333333333333,0.3106796116504854,0.3926380368098159,1,0.5,0.5,0.5,nan,nan
denovo_pdb__6qsd_A,3,515,True,170,170,110,0.6470588235294118,0.4954954954954955,0.5612244897959184,48,41,0.8541666666666666,0.803921568627451,0.8282828282828283,57,33,0.5789473684210527,0.4852941176470588,0.528,65,36,0.5538461538461539,0.34951456310679613,0.42857142857142855,1,0.5612244897959184,0.5612244897959184,0.5612244897959184,nan,nan
denovo_pdb__6qsg_A,0,567,True,185,185,119,0.6432432432432432,0.5862068965517241,0.61340206185567,53,42,0.7924528301886793,0.8235294117647058,0.8076923076923077,73,34,0.4657534246575342,0.5862068965517241,0.5190839694656488,59,43,0.7288135593220338,0.4574468085106383,0.5620915032679737,1,0.61340206185567,0.61340206185567,0.61340206185567,nan,nan
denovo_pdb__6qsg_A,1,561,True,185,185,111,0.6,0.5467980295566502,0.5721649484536082,50,40,0.8,0.7843137254901961,0.792079207920792,73,30,0.410958904109589,0.5172413793103449,0.4580152671755725,62,41,0.6612903225806451,0.43617021276595747,0.5256410256410258,1,0.5721649484536082,0.5721649484536082,0.5721649484536082,nan,nan
denovo_pdb__6qsg_A,2,594,True,196,196,122,0.6224489795918368,0.6009852216748769,0.6115288220551378,55,41,0.7454545454545455,0.803921568627451,0.7735849056603775,75,33,0.44,0.5689655172413793,0.49624060150375937,66,48,0.7272727272727273,0.5106382978723404,0.5999999999999999,1,0.6115288220551378,0.6115288220551378,0.6115288220551378,nan,nan
denovo_pdb__6qsg_A,3,651,True,215,215,133,0.6186046511627907,0.6551724137931034,0.6363636363636364,51,42,0.8235294117647058,0.8235294117647058,0.8235294117647058,77,37,0.4805194805194805,0.6379310344827587,0.5481481481481482,87,54,0.6206896551724138,0.574468085106383,0.5966850828729281,1,0.6363636363636364,0.6363636363636364,0.6363636363636364,nan,nan
denovo_pdb__6rej_A,0,705,True,234,234,148,0.6324786324786325,0.6636771300448431,0.6477024070021882,60,50,0.8333333333333334,0.9615384615384616,0.8928571428571429,87,44,0.5057471264367817,0.6376811594202898,0.5641025641025641,87,54,0.6206896551724138,0.5294117647058824,0.5714285714285715,1,0.6477024070021882,0.6477024070021882,0.6477024070021882,nan,nan
denovo_pdb__6rej_A,1,684,True,220,220,135,0.6136363636363636,0.6053811659192825,0.6094808126410836,51,38,0.7450980392156863,0.7307692307692307,0.7378640776699028,72,38,0.5277777777777778,0.5507246376811594,0.5390070921985816,97,59,0.6082474226804123,0.5784313725490197,0.592964824120603,1,0.6094808126410836,0.6094808126410836,0.6094808126410836,nan,nan
denovo_pdb__6rej_A,2,615,True,204,204,137,0.6715686274509803,0.6143497757847534,0.6416861826697892,54,44,0.8148148148148148,0.8461538461538461,0.830188679245283,65,40,0.6153846153846154,0.5797101449275363,0.5970149253731344,85,53,0.6235294117647059,0.5196078431372549,0.5668449197860963,1,0.6416861826697892,0.6416861826697892,0.6416861826697892,nan,nan
denovo_pdb__6rej_A,3,641,True,213,213,143,0.6713615023474179,0.6412556053811659,0.6559633027522935,54,49,0.9074074074074074,0.9423076923076923,0.9245283018867925,78,38,0.48717948717948717,0.5507246376811594,0.5170068027210885,81,56,0.691358024691358,0.5490196078431373,0.6120218579234973,1,0.6559633027522935,0.6559633027522935,0.6559633027522935,nan,nan
denovo_pdb__6rem_A,0,564,True,184,184,123,0.6684782608695652,0.5515695067264574,0.6044226044226044,53,44,0.8301886792452831,0.8461538461538461,0.8380952380952382,77,42,0.5454545454545454,0.6086956521739131,0.5753424657534246,54,37,0.6851851851851852,0.3627450980392157,0.4743589743589744,1,0.6044226044226044,0.6044226044226044,0.6044226044226044,nan,nan
denovo_pdb__6rem_A,1,623,True,206,206,133,0.6456310679611651,0.5964125560538116,0.62004662004662,52,46,0.8846153846153846,0.8846153846153846,0.8846153846153846,73,35,0.4794520547945205,0.5072463768115942,0.49295774647887325,81,52,0.6419753086419753,0.5098039215686274,0.5683060109289617,1,0.62004662004662,0.62004662004662,0.62004662004662,nan,nan
denovo_pdb__6rem_A,2,622,True,204,204,134,0.6568627450980392,0.600896860986547,0.6276346604215457,54,46,0.8518518518518519,0.8846153846153846,0.8679245283018868,61,34,0.5573770491803278,0.4927536231884058,0.5230769230769231,89,54,0.6067415730337079,0.5294117647058824,0.5654450261780105,1,0.6276346604215457,0.6276346604215457,0.6276346604215457,nan,nan
denovo_pdb__6rem_A,3,280,True,93,93,52,0.5591397849462365,0.23318385650224216,0.3291139240506329,30,20,0.6666666666666666,0.38461538461538464,0.4878048780487804,39,15,0.38461538461538464,0.21739130434782608,0.27777777777777773,24,17,0.7083333333333334,0.16666666666666666,0.2698412698412698,1,0.3291139240506329,0.3291139240506329,0.3291139240506329,nan,nan
denovo_pdb__6rlh_A,0,701,True,229,229,127,0.5545851528384279,0.5934579439252337,0.5733634311512416,61,46,0.7540983606557377,0.8679245283018868,0.8070175438596491,72,32,0.4444444444444444,0.47761194029850745,0.4604316546762589,96,49,0.5104166666666666,0.5212765957446809,0.5157894736842105,1,0.5733634311512416,0.5733634311512416,0.5733634311512416,nan,nan
denovo_pdb__6rlh_A,1,112,True,36,36,21,0.5833333333333334,0.09813084112149532,0.168,11,6,0.5454545454545454,0.11320754716981132,0.1875,9,6,0.6666666666666666,0.08955223880597014,0.15789473684210525,16,9,0.5625,0.09574468085106383,0.16363636363636364,1,0.168,0.168,0.168,nan,nan
denovo_pdb__6rlh_A,2,114,True,35,35,19,0.5428571428571428,0.08878504672897196,0.15261044176706828,9,6,0.6666666666666666,0.11320754716981132,0.1935483870967742,14,7,0.5,0.1044776119402985,0.1728395061728395,12,6,0.5,0.06382978723404255,0.11320754716981131,1,0.15261044176706828,0.15261044176706828,0.15261044176706828,nan,nan
denovo_pdb__6rlh_A,3,550,True,182,182,109,0.5989010989010989,0.5093457943925234,0.5505050505050505,49,39,0.7959183673469388,0.7358490566037735,0.7647058823529412,62,31,0.5,0.4626865671641791,0.4806201550387597,71,39,0.5492957746478874,0.4148936170212766,0.4727272727272727,1,0.5505050505050505,0.5505050505050505,0.5505050505050505,nan,nan
denovo_pdb__6sa6_A,0,1044,True,346,346,204,0.5895953757225434,0.6517571884984026,0.6191198786039455,38,19,0.5,0.5757575757575758,0.5352112676056339,56,36,0.6428571428571429,0.72,0.6792452830188679,252,149,0.5912698412698413,0.6478260869565218,0.6182572614107884,1,0.6191198786039455,0.6191198786039455,0.6191198786039455,nan,nan
denovo_pdb__6sa6_A,1,226,True,75,75,44,0.5866666666666667,0.14057507987220447,0.22680412371134018,3,2,0.6666666666666666,0.06060606060606061,0.1111111111111111,18,11,0.6111111111111112,0.22,0.3235294117647059,54,31,0.5740740740740741,0.13478260869565217,0.21830985915492956,1,0.22680412371134018,0.22680412371134018,0.22680412371134018,nan,nan
denovo_pdb__6sa6_A,2,1224,True,402,402,220,0.5472636815920398,0.7028753993610224,0.6153846153846154,53,22,0.41509433962264153,0.6666666666666666,0.5116279069767442,52,36,0.6923076923076923,0.72,0.7058823529411765,297,162,0.5454545454545454,0.7043478260869566,0.6148007590132828,1,0.6153846153846154,0.6153846153846154,0.6153846153846154,nan,nan
denovo_pdb__6sa6_A,3,1243,True,406,406,217,0.5344827586206896,0.6932907348242812,0.6036161335187761,49,21,0.42857142857142855,0.6363636363636364,0.5121951219512195,66,38,0.5757575757575758,0.76,0.6551724137931034,291,158,0.5429553264604811,0.6869565217391305,0.6065259117082534,1,0.6036161335187761,0.6036161335187761,0.6036161335187761,nan,nan
denovo_pdb__6veh_A,0,450,True,148,148,73,0.49324324324324326,0.5703125,0.5289855072463768,20,10,0.5,0.5882352941176471,0.5405405405405405,37,21,0.5675675675675675,0.6176470588235294,0.5915492957746479,91,42,0.46153846153846156,0.5454545454545454,0.4999999999999999,1,0.5289855072463768,0.5289855072463768,0.5289855072463768,nan,nan
denovo_pdb__6veh_A,1,490,True,161,161,78,0.484472049689441,0.609375,0.5397923875432525,19,10,0.5263157894736842,0.5882352941176471,0.5555555555555555,31,17,0.5483870967741935,0.5,0.5230769230769231,111,51,0.4594594594594595,0.6623376623376623,0.5425531914893618,1,0.5397923875432525,0.5397923875432525,0.5397923875432525,nan,nan
denovo_pdb__6veh_A,2,343,True,112,112,75,0.6696428571428571,0.5859375,0.625,15,11,0.7333333333333333,0.6470588235294118,0.6875,27,18,0.6666666666666666,0.5294117647058824,0.5901639344262295,70,46,0.6571428571428571,0.5974025974025974,0.6258503401360545,1,0.625,0.625,0.625,nan,nan
denovo_pdb__6veh_A,3,382,True,127,127,72,0.5669291338582677,0.5625,0.5647058823529412,16,6,0.375,0.35294117647058826,0.3636363636363636,29,17,0.5862068965517241,0.5,0.5396825396825397,82,49,0.5975609756097561,0.6363636363636364,0.6163522012578616,1,0.5647058823529412,0.5647058823529412,0.5647058823529412,nan,nan
denovo_pdb__6w90_A,0,559,True,185,185,26,0.14054054054054055,0.203125,0.16613418530351437,31,9,0.2903225806451613,0.42857142857142855,0.34615384615384615,37,10,0.2702702702702703,0.30303030303030304,0.2857142857142857,117,7,0.05982905982905983,0.0945945945945946,0.07329842931937172,1,0.16613418530351437,0.16613418530351437,0.16613418530351437,nan,nan
denovo_pdb__6w90_A,1,418,True,139,139,43,0.30935251798561153,0.3359375,0.32209737827715357,30,12,0.4,0.5714285714285714,0.47058823529411764,42,21,0.5,0.6363636363636364,0.56,67,10,0.14925373134328357,0.13513513513513514,0.14184397163120568,1,0.32209737827715357,0.32209737827715357,0.32209737827715357,nan,nan
denovo_pdb__6w90_A,2,493,True,164,164,30,0.18292682926829268,0.234375,0.2054794520547945,21,8,0.38095238095238093,0.38095238095238093,0.38095238095238093,25,9,0.36,0.2727272727272727,0.3103448275862069,118,13,0.11016949152542373,0.17567567567567569,0.13541666666666666,1,0.2054794520547945,0.2054794520547945,0.2054794520547945,nan,nan
denovo_pdb__6w90_A,3,442,True,147,147,27,0.1836734693877551,0.2109375,0.19636363636363638,28,11,0.39285714285714285,0.5238095238095238,0.4489795918367347,47,12,0.2553191489361702,0.36363636363636365,0.29999999999999993,72,4,0.05555555555555555,0.05405405405405406,0.0547945205479452,1,0.19636363636363638,0.19636363636363638,0.19636363636363638,nan,nan
denovo_pdb__6x9z_A,0,313,True,104,104,45,0.4326923076923077,0.42857142857142855,0.43062200956937796,26,17,0.6538461538461539,0.68,0.6666666666666666,19,8,0.42105263157894735,0.36363636363636365,0.3902439024390244,59,20,0.3389830508474576,0.3448275862068966,0.3418803418803419,1,0.43062200956937796,0.43062200956937796,0.43062200956937796,nan,nan
denovo_pdb__6x9z_A,1,232,True,77,77,40,0.5194805194805194,0.38095238095238093,0.43956043956043955,25,14,0.56,0.56,0.56,24,14,0.5833333333333334,0.6363636363636364,0.6086956521739131,28,12,0.42857142857142855,0.20689655172413793,0.2790697674418604,1,0.43956043956043955,0.43956043956043955,0.43956043956043955,nan,nan
denovo_pdb__6x9z_A,2,208,True,69,69,44,0.6376811594202898,0.41904761904761906,0.5057471264367815,24,17,0.7083333333333334,0.68,0.6938775510204083,24,14,0.5833333333333334,0.6363636363636364,0.6086956521739131,21,13,0.6190476190476191,0.22413793103448276,0.3291139240506329,1,0.5057471264367815,0.5057471264367815,0.5057471264367815,nan,nan
denovo_pdb__6x9z_A,3,316,True,105,105,49,0.4666666666666667,0.4666666666666667,0.4666666666666667,25,19,0.76,0.76,0.76,23,13,0.5652173913043478,0.5909090909090909,0.5777777777777778,57,17,0.2982456140350877,0.29310344827586204,0.29565217391304344,1,0.4666666666666667,0.4666666666666667,0.4666666666666667,nan,nan
denovo_pdb__6xt4_A,0,406,True,135,135,48,0.35555555555555557,0.28402366863905326,0.31578947368421056,13,3,0.23076923076923078,0.15789473684210525,0.18749999999999997,25,6,0.24,0.2222222222222222,0.23076923076923075,97,39,0.4020618556701031,0.3170731707317073,0.3545454545454546,1,0.31578947368421056,0.31578947368421056,0.31578947368421056,nan,nan
denovo_pdb__6xt4_A,1,613,True,204,204,31,0.15196078431372548,0.1834319526627219,0.16621983914209115,23,5,0.21739130434782608,0.2631578947368421,0.23809523809523808,24,11,0.4583333333333333,0.4074074074074074,0.4313725490196078,157,15,0.09554140127388536,0.12195121951219512,0.10714285714285714,1,0.16621983914209115,0.16621983914209115,0.16621983914209115,nan,nan
denovo_pdb__6xt4_A,2,445,True,148,148,38,0.25675675675675674,0.22485207100591717,0.23974763406940064,19,5,0.2631578947368421,0.2631578947368421,0.2631578947368421,20,6,0.3,0.2222222222222222,0.25531914893617025,109,27,0.24770642201834864,0.21951219512195122,0.23275862068965517,1,0.23974763406940064,0.23974763406940064,0.23974763406940064,nan,nan
denovo_pdb__6xt4_A,3,778,True,256,256,23,0.08984375,0.13609467455621302,0.10823529411764707,24,4,0.16666666666666666,0.21052631578947367,0.186046511627907,35,7,0.2,0.25925925925925924,0.22580645161290322,197,12,0.06091370558375635,0.0975609756097561,0.07500000000000001,1,0.10823529411764707,0.10823529411764707,0.10823529411764707,nan,nan
denovo_pdb__6ypi_A,0,121,True,40,40,0,0.0,0.0,0.0,5,0,0.0,0.0,0.0,6,0,0.0,0.0,0.0,29,0,0.0,0.0,0.0,1,0.0,0.0,0.0,nan,nan
denovo_pdb__6ypi_A,1,139,True,46,46,17,0.3695652173913043,0.2982456140350877,0.3300970873786408,8,1,0.125,0.1,0.11111111111111112,12,6,0.5,0.4,0.4444444444444445,26,10,0.38461538461538464,0.3125,0.3448275862068966,1,0.3300970873786408,0.3300970873786408,0.3300970873786408,nan,nan
denovo_pdb__6ypi_A,2,220,True,73,73,24,0.3287671232876712,0.42105263157894735,0.36923076923076925,8,4,0.5,0.4,0.4444444444444445,20,7,0.35,0.4666666666666667,0.4,45,13,0.28888888888888886,0.40625,0.3376623376623376,1,0.36923076923076925,0.36923076923076925,0.36923076923076925,nan,nan
denovo_pdb__6ypi_A,3,181,True,60,60,11,0.18333333333333332,0.19298245614035087,0.18803418803418803,7,2,0.2857142857142857,0.2,0.23529411764705882,14,3,0.21428571428571427,0.2,0.20689655172413796,39,6,0.15384615384615385,0.1875,0.16901408450704225,1,0.18803418803418803,0.18803418803418803,0.18803418803418803,nan,nan
denovo_pdb__6yqy_A,0,673,True,223,223,60,0.26905829596412556,0.25316455696202533,0.2608695652173913,43,17,0.3953488372093023,0.4722222222222222,0.43037974683544306,59,12,0.2033898305084746,0.1935483870967742,0.19834710743801656,121,31,0.256198347107438,0.22302158273381295,0.23846153846153845,1,0.2608695652173913,0.2608695652173913,0.2608695652173913,nan,nan
denovo_pdb__6yqy_A,1,751,True,249,249,104,0.41767068273092367,0.4388185654008439,0.42798353909465014,39,19,0.48717948717948717,0.5277777777777778,0.5066666666666667,92,26,0.2826086956521739,0.41935483870967744,0.33766233766233766,118,59,0.5,0.4244604316546763,0.45914396887159536,1,0.42798353909465014,0.42798353909465014,0.42798353909465014,nan,nan
denovo_pdb__6yqy_A,2,361,True,120,120,42,0.35,0.17721518987341772,0.23529411764705885,27,9,0.3333333333333333,0.25,0.28571428571428575,33,9,0.2727272727272727,0.14516129032258066,0.18947368421052632,60,24,0.4,0.17266187050359713,0.2412060301507538,1,0.23529411764705885,0.23529411764705885,0.23529411764705885,nan,nan
denovo_pdb__6yqy_A,3,613,True,204,204,59,0.28921568627450983,0.2489451476793249,0.2675736961451247,36,12,0.3333333333333333,0.3333333333333333,0.3333333333333333,54,11,0.2037037037037037,0.1774193548387097,0.1896551724137931,114,36,0.3157894736842105,0.2589928057553957,0.2845849802371541,1,0.2675736961451247,0.2675736961451247,0.2675736961451247,nan,nan
denovo_pdb__7a8s_A,0,640,True,213,213,96,0.4507042253521127,0.4050632911392405,0.4266666666666667,38,21,0.5526315789473685,0.5,0.525,66,25,0.3787878787878788,0.36764705882352944,0.373134328358209,109,50,0.45871559633027525,0.3937007874015748,0.423728813559322,1,0.4266666666666667,0.4266666666666667,0.4266666666666667,nan,nan
denovo_pdb__7a8s_A,1,607,True,200,200,69,0.345,0.2911392405063291,0.3157894736842105,40,17,0.425,0.40476190476190477,0.41463414634146345,50,12,0.24,0.17647058823529413,0.20338983050847456,110,40,0.36363636363636365,0.31496062992125984,0.33755274261603374,1,0.3157894736842105,0.3157894736842105,0.3157894736842105,nan,nan
denovo_pdb__7a8s_A,2,655,True,217,217,68,0.31336405529953915,0.2869198312236287,0.2995594713656387,37,18,0.4864864864864865,0.42857142857142855,0.4556962025316456,65,15,0.23076923076923078,0.22058823529411764,0.22556390977443608,115,35,0.30434782608695654,0.2755905511811024,0.2892561983471075,1,0.2995594713656387,0.2995594713656387,0.2995594713656387,nan,nan
denovo_pdb__7a8s_A,3,634,True,211,211,101,0.4786729857819905,0.42616033755274263,0.45089285714285715,42,24,0.5714285714285714,0.5714285714285714,0.5714285714285714,76,32,0.42105263157894735,0.47058823529411764,0.4444444444444444,93,45,0.4838709677419355,0.3543307086614173,0.40909090909090906,1,0.45089285714285715,0.45089285714285715,0.45089285714285715,nan,nan
denovo_pdb__7awy_A,0,279,True,92,92,67,0.7282608695652174,0.18256130790190736,0.29193899782135074,29,27,0.9310344827586207,0.25,0.39416058394160586,44,27,0.6136363636363636,0.23684210526315788,0.34177215189873417,19,13,0.6842105263157895,0.0896551724137931,0.15853658536585366,1,0.29193899782135074,0.29193899782135074,0.29193899782135074,nan,nan
denovo_pdb__7awy_A,1,1104,True,366,366,244,0.6666666666666666,0.6648501362397821,0.6657571623465212,102,87,0.8529411764705882,0.8055555555555556,0.8285714285714286,141,85,0.6028368794326241,0.7456140350877193,0.6666666666666666,123,72,0.5853658536585366,0.496551724137931,0.5373134328358209,1,0.6657571623465212,0.6657571623465212,0.6657571623465212,nan,nan
denovo_pdb__7awy_A,2,1173,True,384,384,249,0.6484375,0.6784741144414169,0.663115845539281,102,89,0.8725490196078431,0.8240740740740741,0.8476190476190476,142,80,0.5633802816901409,0.7017543859649122,0.625,140,80,0.5714285714285714,0.5517241379310345,0.5614035087719299,1,0.663115845539281,0.663115845539281,0.663115845539281,nan,nan
denovo_pdb__7awy_A,3,319,True,105,105,71,0.6761904761904762,0.19346049046321526,0.3008474576271187,29,27,0.9310344827586207,0.25,0.39416058394160586,44,26,0.5909090909090909,0.22807017543859648,0.32911392405063294,32,18,0.5625,0.12413793103448276,0.20338983050847456,1,0.3008474576271187,0.3008474576271187,0.3008474576271187,nan,nan
denovo_pdb__7ax0_A,0,169,True,56,56,33,0.5892857142857143,0.09116022099447514,0.15789473684210525,15,13,0.8666666666666667,0.1262135922330097,0.22033898305084748,19,10,0.5263157894736842,0.09090909090909091,0.15503875968992248,22,10,0.45454545454545453,0.06711409395973154,0.11695906432748539,1,0.15789473684210525,0.15789473684210525,0.15789473684210525,nan,nan
denovo_pdb__7ax0_A,1,380,True,126,126,85,0.6746031746031746,0.23480662983425415,0.3483606557377049,35,29,0.8285714285714286,0.2815533980582524,0.42028985507246375,47,30,0.6382978723404256,0.2727272727272727,0.38216560509554137,44,26,0.5909090909090909,0.174496644295302,0.2694300518134715,1,0.3483606557377049,0.3483606557377049,0.3483606557377049,nan,nan
denovo_pdb__7ax0_A,2,1045,True,347,347,240,0.69164265129683,0.6629834254143646,0.6770098730606487,97,84,0.865979381443299,0.8155339805825242,0.8399999999999999,132,80,0.6060606060606061,0.7272727272727273,0.6611570247933883,118,76,0.6440677966101694,0.5100671140939598,0.5692883895131087,1,0.6770098730606487,0.6770098730606487,0.6770098730606487,nan,nan
denovo_pdb__7ax0_A,3,504,True,167,167,102,0.6107784431137725,0.281767955801105,0.3856332703213611,48,41,0.8541666666666666,0.39805825242718446,0.543046357615894,53,27,0.5094339622641509,0.24545454545454545,0.3312883435582822,66,34,0.5151515151515151,0.22818791946308725,0.31627906976744186,1,0.3856332703213611,0.3856332703213611,0.3856332703213611,nan,nan
denovo_pdb__7bid_A,0,443,True,147,147,121,0.8231292517006803,0.4143835616438356,0.55125284738041,53,49,0.9245283018867925,0.6533333333333333,0.765625,59,45,0.7627118644067796,0.41284403669724773,0.5357142857142858,35,27,0.7714285714285715,0.25,0.37762237762237766,1,0.55125284738041,0.55125284738041,0.55125284738041,nan,nan
denovo_pdb__7bid_A,1,234,True,77,77,55,0.7142857142857143,0.18835616438356165,0.2981029810298103,28,26,0.9285714285714286,0.3466666666666667,0.5048543689320388,24,17,0.7083333333333334,0.1559633027522936,0.2556390977443609,25,12,0.48,0.1111111111111111,0.18045112781954886,1,0.2981029810298103,0.2981029810298103,0.2981029810298103,nan,nan
denovo_pdb__7bid_A,2,139,True,46,46,36,0.782608695652174,0.1232876712328767,0.21301775147928995,12,11,0.9166666666666666,0.14666666666666667,0.25287356321839083,16,13,0.8125,0.11926605504587157,0.20800000000000002,18,12,0.6666666666666666,0.1111111111111111,0.1904761904761905,1,0.21301775147928995,0.21301775147928995,0.21301775147928995,nan,nan
denovo_pdb__7bid_A,3,647,True,213,213,175,0.8215962441314554,0.5993150684931506,0.693069306930693,69,68,0.9855072463768116,0.9066666666666666,0.9444444444444444,81,63,0.7777777777777778,0.5779816513761468,0.6631578947368421,63,44,0.6984126984126984,0.4074074074074074,0.5146198830409356,1,0.693069306930693,0.693069306930693,0.693069306930693,nan,nan
denovo_pdb__7dgw_A,0,160,True,53,53,19,0.3584905660377358,0.31666666666666665,0.336283185840708,10,6,0.6,0.5454545454545454,0.5714285714285713,16,8,0.5,0.7272727272727273,0.5925925925925926,27,5,0.18518518518518517,0.13157894736842105,0.15384615384615383,1,0.336283185840708,0.336283185840708,0.336283185840708,nan,nan
denovo_pdb__7dgw_A,1,172,True,57,57,16,0.2807017543859649,0.26666666666666666,0.27350427350427353,12,7,0.5833333333333334,0.6363636363636364,0.6086956521739131,13,6,0.46153846153846156,0.5454545454545454,0.4999999999999999,32,3,0.09375,0.07894736842105263,0.08571428571428572,1,0.27350427350427353,0.27350427350427353,0.27350427350427353,nan,nan
denovo_pdb__7dgw_A,2,181,True,60,60,10,0.16666666666666666,0.16666666666666666,0.16666666666666666,11,3,0.2727272727272727,0.2727272727272727,0.2727272727272727,13,1,0.07692307692307693,0.09090909090909091,0.08333333333333334,36,6,0.16666666666666666,0.15789473684210525,0.16216216216216214,1,0.16666666666666666,0.16666666666666666,0.16666666666666666,nan,nan
denovo_pdb__7dgw_A,3,187,True,62,62,13,0.20967741935483872,0.21666666666666667,0.21311475409836064,13,4,0.3076923076923077,0.36363636363636365,0.33333333333333337,6,2,0.3333333333333333,0.18181818181818182,0.23529411764705885,43,7,0.16279069767441862,0.18421052631578946,0.17283950617283952,1,0.21311475409836064,0.21311475409836064,0.21311475409836064,nan,nan
denovo_pdb__7dmf_A,0,577,True,192,192,29,0.15104166666666666,0.18238993710691823,0.16524216524216523,23,4,0.17391304347826086,0.4444444444444444,0.25,25,10,0.4,0.3333333333333333,0.3636363636363636,144,15,0.10416666666666667,0.125,0.11363636363636363,1,0.16524216524216523,0.16524216524216523,0.16524216524216523,nan,nan
denovo_pdb__7dmf_A,1,490,True,163,163,35,0.2147239263803681,0.22012578616352202,0.21739130434782608,20,3,0.15,0.3333333333333333,0.20689655172413793,25,10,0.4,0.3333333333333333,0.3636363636363636,118,22,0.1864406779661017,0.18333333333333332,0.18487394957983194,1,0.21739130434782608,0.21739130434782608,0.21739130434782608,nan,nan
denovo_pdb__7dmf_A,2,553,True,184,184,23,0.125,0.14465408805031446,0.13411078717201166,16,3,0.1875,0.3333333333333333,0.24000000000000005,25,7,0.28,0.23333333333333334,0.2545454545454545,143,13,0.09090909090909091,0.10833333333333334,0.09885931558935362,1,0.13411078717201166,0.13411078717201166,0.13411078717201166,nan,nan
denovo_pdb__7dmf_A,3,403,True,134,134,21,0.15671641791044777,0.1320754716981132,0.14334470989761094,10,3,0.3,0.3333333333333333,0.3157894736842105,13,8,0.6153846153846154,0.26666666666666666,0.37209302325581395,111,10,0.09009009009009009,0.08333333333333333,0.08658008658008656,1,0.14334470989761094,0.14334470989761094,0.14334470989761094,nan,nan
denovo_pdb__7f1i_A,0,691,True,229,229,12,0.05240174672489083,0.05263157894736842,0.0525164113785558,31,3,0.0967741935483871,0.125,0.10909090909090909,51,6,0.11764705882352941,0.1111111111111111,0.11428571428571428,147,3,0.02040816326530612,0.02,0.0202020202020202,1,0.0525164113785558,0.0525164113785558,0.0525164113785558,nan,nan
denovo_pdb__7f1i_A,1,652,True,216,216,21,0.09722222222222222,0.09210526315789473,0.09459459459459459,6,0,0.0,0.0,0.0,29,6,0.20689655172413793,0.1111111111111111,0.14457831325301204,181,15,0.08287292817679558,0.1,0.0906344410876133,1,0.09459459459459459,0.09459459459459459,0.09459459459459459,nan,nan
denovo_pdb__7f1i_A,2,667,True,222,222,16,0.07207207207207207,0.07017543859649122,0.07111111111111112,25,4,0.16,0.16666666666666666,0.16326530612244897,32,7,0.21875,0.12962962962962962,0.1627906976744186,165,5,0.030303030303030304,0.03333333333333333,0.03174603174603175,1,0.07111111111111112,0.07111111111111112,0.07111111111111112,nan,nan
denovo_pdb__7f1i_A,3,409,True,136,136,9,0.0661764705882353,0.039473684210526314,0.04945054945054945,30,4,0.13333333333333333,0.16666666666666666,0.14814814814814814,41,3,0.07317073170731707,0.05555555555555555,0.06315789473684211,65,2,0.03076923076923077,0.013333333333333334,0.018604651162790697,1,0.04945054945054945,0.04945054945054945,0.04945054945054945,nan,nan
denovo_pdb__7f1k_A,0,7799,False,517,517,46,0.08897485493230174,0.19166666666666668,0.1215323645970938,99,14,0.1414141414141414,0.5384615384615384,0.224,146,19,0.13013698630136986,0.35185185185185186,0.19,272,13,0.04779411764705882,0.08125,0.060185185185185196,1,0.1215323645970938,0.1215323645970938,0.1215323645970938,nan,nan
denovo_pdb__7f1k_A,1,7799,False,616,616,47,0.0762987012987013,0.19583333333333333,0.10981308411214954,58,9,0.15517241379310345,0.34615384615384615,0.2142857142857143,128,14,0.109375,0.25925925925925924,0.15384615384615383,430,24,0.05581395348837209,0.15,0.08135593220338982,1,0.10981308411214954,0.10981308411214954,0.10981308411214954,nan,nan
denovo_pdb__7f1k_A,2,619,True,206,206,9,0.043689320388349516,0.0375,0.04035874439461883,24,2,0.08333333333333333,0.07692307692307693,0.08,40,1,0.025,0.018518518518518517,0.02127659574468085,142,6,0.04225352112676056,0.0375,0.03973509933774834,1,0.04035874439461883,0.04035874439461883,0.04035874439461883,nan,nan
denovo_pdb__7f1k_A,3,457,True,152,152,10,0.06578947368421052,0.041666666666666664,0.0510204081632653,23,6,0.2608695652173913,0.23076923076923078,0.24489795918367346,57,2,0.03508771929824561,0.037037037037037035,0.036036036036036036,72,2,0.027777777777777776,0.0125,0.01724137931034483,1,0.0510204081632653,0.0510204081632653,0.0510204081632653,nan,nan
denovo_pdb__7hiy_A,0,178,True,59,59,19,0.3220338983050847,0.20430107526881722,0.25,11,3,0.2727272727272727,0.42857142857142855,0.33333333333333326,21,13,0.6190476190476191,0.5,0.5531914893617021,27,3,0.1111111111111111,0.05,0.06896551724137932,1,0.25,0.25,0.25,nan,nan
denovo_pdb__7hiy_A,1,262,True,87,87,51,0.5862068965517241,0.5483870967741935,0.5666666666666665,7,3,0.42857142857142855,0.42857142857142855,0.42857142857142855,16,15,0.9375,0.5769230769230769,0.7142857142857143,64,33,0.515625,0.55,0.5322580645161291,1,0.5666666666666665,0.5666666666666665,0.5666666666666665,nan,nan
denovo_pdb__7hiy_A,2,268,True,88,88,32,0.36363636363636365,0.34408602150537637,0.35359116022099446,11,4,0.36363636363636365,0.5714285714285714,0.4444444444444444,20,12,0.6,0.46153846153846156,0.5217391304347826,57,16,0.2807017543859649,0.26666666666666666,0.27350427350427353,1,0.35359116022099446,0.35359116022099446,0.35359116022099446,nan,nan
denovo_pdb__7hiy_A,3,202,True,67,67,36,0.5373134328358209,0.3870967741935484,0.45,6,3,0.5,0.42857142857142855,0.4615384615384615,15,12,0.8,0.46153846153846156,0.5853658536585367,46,21,0.45652173913043476,0.35,0.39622641509433965,1,0.45,0.45,0.45,nan,nan
denovo_pdb__7hj0_A,0,376,True,125,125,22,0.176,0.24444444444444444,0.20465116279069767,14,4,0.2857142857142857,0.5714285714285714,0.38095238095238093,21,11,0.5238095238095238,0.4583333333333333,0.4888888888888889,90,7,0.07777777777777778,0.11864406779661017,0.09395973154362415,1,0.20465116279069767,0.20465116279069767,0.20465116279069767,nan,nan
denovo_pdb__7hj0_A,1,286,True,95,95,47,0.49473684210526314,0.5222222222222223,0.5081081081081081,9,6,0.6666666666666666,0.8571428571428571,0.75,18,14,0.7777777777777778,0.5833333333333334,0.6666666666666666,68,27,0.39705882352941174,0.4576271186440678,0.42519685039370075,1,0.5081081081081081,0.5081081081081081,0.5081081081081081,nan,nan
denovo_pdb__7hj0_A,2,310,True,103,103,39,0.3786407766990291,0.43333333333333335,0.4041450777202072,9,4,0.4444444444444444,0.5714285714285714,0.5,24,14,0.5833333333333334,0.5833333333333334,0.5833333333333334,70,21,0.3,0.3559322033898305,0.3255813953488372,1,0.4041450777202072,0.4041450777202072,0.4041450777202072,nan,nan
denovo_pdb__7hj0_A,3,322,True,106,106,19,0.1792452830188679,0.2111111111111111,0.19387755102040816,9,4,0.4444444444444444,0.5714285714285714,0.5,21,8,0.38095238095238093,0.3333333333333333,0.35555555555555557,76,7,0.09210526315789473,0.11864406779661017,0.1037037037037037,1,0.19387755102040816,0.19387755102040816,0.19387755102040816,nan,nan
denovo_pdb__7hj2_A,0,274,True,91,91,14,0.15384615384615385,0.16091954022988506,0.15730337078651685,20,3,0.15,0.6,0.24,23,6,0.2608695652173913,0.25,0.2553191489361702,48,5,0.10416666666666667,0.08620689655172414,0.09433962264150944,1,0.15730337078651685,0.15730337078651685,0.15730337078651685,nan,nan
denovo_pdb__7hj2_A,1,181,True,60,60,29,0.48333333333333334,0.3333333333333333,0.39455782312925164,6,2,0.3333333333333333,0.4,0.3636363636363636,22,17,0.7727272727272727,0.7083333333333334,0.7391304347826088,32,10,0.3125,0.1724137931034483,0.22222222222222224,1,0.39455782312925164,0.39455782312925164,0.39455782312925164,nan,nan
denovo_pdb__7hj2_A,2,244,True,81,81,11,0.13580246913580246,0.12643678160919541,0.13095238095238096,8,3,0.375,0.6,0.4615384615384615,22,7,0.3181818181818182,0.2916666666666667,0.30434782608695654,51,1,0.0196078431372549,0.017241379310344827,0.01834862385321101,1,0.13095238095238096,0.13095238095238096,0.13095238095238096,nan,nan
denovo_pdb__7hj2_A,3,211,True,70,70,25,0.35714285714285715,0.28735632183908044,0.3184713375796178,10,4,0.4,0.8,0.5333333333333333,15,6,0.4,0.25,0.3076923076923077,45,15,0.3333333333333333,0.25862068965517243,0.29126213592233013,1,0.3184713375796178,0.3184713375796178,0.3184713375796178,nan,nan
denovo_pdb__7hj4_A,0,268,True,89,89,28,0.3146067415730337,0.3010752688172043,0.3076923076923077,6,4,0.6666666666666666,0.5714285714285714,0.6153846153846153,22,7,0.3181818181818182,0.2692307692307692,0.2916666666666667,61,17,0.2786885245901639,0.2833333333333333,0.28099173553719003,1,0.3076923076923077,0.3076923076923077,0.3076923076923077,nan,nan
denovo_pdb__7hj4_A,1,256,True,85,85,43,0.5058823529411764,0.46236559139784944,0.4831460674157303,6,3,0.5,0.42857142857142855,0.4615384615384615,18,11,0.6111111111111112,0.4230769230769231,0.5,61,29,0.47540983606557374,0.48333333333333334,0.4793388429752066,1,0.4831460674157303,0.4831460674157303,0.4831460674157303,nan,nan
denovo_pdb__7hj4_A,2,196,True,65,65,27,0.4153846153846154,0.2903225806451613,0.34177215189873417,5,4,0.8,0.5714285714285714,0.6666666666666666,16,12,0.75,0.46153846153846156,0.5714285714285714,44,11,0.25,0.18333333333333332,0.2115384615384615,1,0.34177215189873417,0.34177215189873417,0.34177215189873417,nan,nan
denovo_pdb__7hj4_A,3,256,True,85,85,31,0.36470588235294116,0.3333333333333333,0.348314606741573,10,3,0.3,0.42857142857142855,0.3529411764705882,15,8,0.5333333333333333,0.3076923076923077,0.3902439024390244,60,20,0.3333333333333333,0.3333333333333333,0.3333333333333333,1,0.348314606741573,0.348314606741573,0.348314606741573,nan,nan
denovo_pdb__7hj6_A,0,286,True,95,95,21,0.22105263157894736,0.21875,0.21989528795811517,17,3,0.17647058823529413,0.5,0.2608695652173913,30,16,0.5333333333333333,0.5925925925925926,0.5614035087719299,48,2,0.041666666666666664,0.031746031746031744,0.03603603603603604,1,0.21989528795811517,0.21989528795811517,0.21989528795811517,nan,nan
denovo_pdb__7hj6_A,1,286,True,95,95,57,0.6,0.59375,0.5968586387434555,7,3,0.42857142857142855,0.5,0.4615384615384615,22,20,0.9090909090909091,0.7407407407407407,0.8163265306122449,66,34,0.5151515151515151,0.5396825396825397,0.5271317829457365,1,0.5968586387434555,0.5968586387434555,0.5968586387434555,nan,nan
denovo_pdb__7hj6_A,2,298,True,99,99,57,0.5757575757575758,0.59375,0.5846153846153846,8,5,0.625,0.8333333333333334,0.7142857142857143,20,13,0.65,0.48148148148148145,0.553191489361702,71,39,0.5492957746478874,0.6190476190476191,0.582089552238806,1,0.5846153846153846,0.5846153846153846,0.5846153846153846,nan,nan
denovo_pdb__7hj6_A,3,166,True,55,55,21,0.38181818181818183,0.21875,0.2781456953642384,8,1,0.125,0.16666666666666666,0.14285714285714288,20,13,0.65,0.48148148148148145,0.553191489361702,27,7,0.25925925925925924,0.1111111111111111,0.15555555555555556,1,0.2781456953642384,0.2781456953642384,0.2781456953642384,nan,nan
denovo_pdb__7hj8_A,0,301,True,100,100,61,0.61,0.648936170212766,0.6288659793814433,8,3,0.375,0.6,0.4615384615384615,24,20,0.8333333333333334,0.7692307692307693,0.8,68,38,0.5588235294117647,0.6031746031746031,0.5801526717557252,1,0.6288659793814433,0.6288659793814433,0.6288659793814433,nan,nan
denovo_pdb__7hj8_A,1,310,True,103,103,38,0.36893203883495146,0.40425531914893614,0.3857868020304569,11,3,0.2727272727272727,0.6,0.37499999999999994,19,13,0.6842105263157895,0.5,0.5777777777777778,73,22,0.3013698630136986,0.3492063492063492,0.3235294117647059,1,0.3857868020304569,0.3857868020304569,0.3857868020304569,nan,nan
denovo_pdb__7hj8_A,2,226,True,75,75,43,0.5733333333333334,0.4574468085106383,0.5088757396449703,6,3,0.5,0.6,0.5454545454545454,20,13,0.65,0.5,0.5652173913043479,49,27,0.5510204081632653,0.42857142857142855,0.4821428571428571,1,0.5088757396449703,0.5088757396449703,0.5088757396449703,nan,nan
denovo_pdb__7hj8_A,3,268,True,89,89,24,0.2696629213483146,0.2553191489361702,0.26229508196721313,11,5,0.45454545454545453,1.0,0.625,23,9,0.391304347826087,0.34615384615384615,0.36734693877551017,55,10,0.18181818181818182,0.15873015873015872,0.1694915254237288,1,0.26229508196721313,0.26229508196721313,0.26229508196721313,nan,nan
denovo_pdb__7hja_A,0,271,True,90,90,18,0.2,0.2,0.20000000000000004,15,3,0.2,0.5,0.28571428571428575,21,9,0.42857142857142855,0.36,0.391304347826087,54,6,0.1111111111111111,0.1016949152542373,0.10619469026548672,1,0.20000000000000004,0.20000000000000004,0.20000000000000004,nan,nan
denovo_pdb__7hja_A,1,343,True,114,114,12,0.10526315789473684,0.13333333333333333,0.11764705882352941,25,4,0.16,0.6666666666666666,0.25806451612903225,15,8,0.5333333333333333,0.32,0.4,74,0,0.0,0.0,0.0,1,0.11764705882352941,0.11764705882352941,0.11764705882352941,nan,nan
denovo_pdb__7hja_A,2,274,True,91,91,52,0.5714285714285714,0.5777777777777777,0.574585635359116,5,4,0.8,0.6666666666666666,0.7272727272727272,22,19,0.8636363636363636,0.76,0.8085106382978724,64,29,0.453125,0.4915254237288136,0.4715447154471545,1,0.574585635359116,0.574585635359116,0.574585635359116,nan,nan
denovo_pdb__7hja_A,3,139,True,46,46,6,0.13043478260869565,0.06666666666666667,0.08823529411764705,10,3,0.3,0.5,0.37499999999999994,14,3,0.21428571428571427,0.12,0.15384615384615383,22,0,0.0,0.0,0.0,1,0.08823529411764705,0.08823529411764705,0.08823529411764705,nan,nan
denovo_pdb__7hjc_A,0,217,True,72,72,21,0.2916666666666667,0.22580645161290322,0.2545454545454545,15,6,0.4,0.8571428571428571,0.5454545454545455,14,8,0.5714285714285714,0.32,0.41025641025641024,43,7,0.16279069767441862,0.11475409836065574,0.1346153846153846,1,0.2545454545454545,0.2545454545454545,0.2545454545454545,nan,nan
denovo_pdb__7hjc_A,1,217,True,72,72,30,0.4166666666666667,0.3225806451612903,0.3636363636363636,6,3,0.5,0.42857142857142855,0.4615384615384615,17,13,0.7647058823529411,0.52,0.6190476190476191,49,14,0.2857142857142857,0.22950819672131148,0.2545454545454546,1,0.3636363636363636,0.3636363636363636,0.3636363636363636,nan,nan
denovo_pdb__7hjc_A,2,286,True,95,95,37,0.3894736842105263,0.3978494623655914,0.3936170212765957,8,5,0.625,0.7142857142857143,0.6666666666666666,19,12,0.631578947368421,0.48,0.5454545454545454,68,20,0.29411764705882354,0.32786885245901637,0.31007751937984496,1,0.3936170212765957,0.3936170212765957,0.3936170212765957,nan,nan
denovo_pdb__7hjc_A,3,250,True,83,83,41,0.4939759036144578,0.44086021505376344,0.4659090909090909,8,4,0.5,0.5714285714285714,0.5333333333333333,25,17,0.68,0.68,0.68,50,20,0.4,0.32786885245901637,0.36036036036036034,1,0.4659090909090909,0.4659090909090909,0.4659090909090909,nan,nan
denovo_pdb__7hje_A,0,283,True,94,94,35,0.3723404255319149,0.3763440860215054,0.37433155080213903,8,2,0.25,0.3333333333333333,0.28571428571428575,19,10,0.5263157894736842,0.4,0.45454545454545453,67,23,0.34328358208955223,0.3709677419354839,0.3565891472868217,1,0.37433155080213903,0.37433155080213903,0.37433155080213903,nan,nan
denovo_pdb__7hje_A,1,277,True,92,92,24,0.2608695652173913,0.25806451612903225,0.2594594594594594,16,5,0.3125,0.8333333333333334,0.45454545454545453,26,16,0.6153846153846154,0.64,0.6274509803921569,50,3,0.06,0.04838709677419355,0.05357142857142857,1,0.2594594594594594,0.2594594594594594,0.2594594594594594,nan,nan
denovo_pdb__7hje_A,2,265,True,88,88,59,0.6704545454545454,0.6344086021505376,0.6519337016574586,7,5,0.7142857142857143,0.8333333333333334,0.7692307692307692,22,19,0.8636363636363636,0.76,0.8085106382978724,59,35,0.5932203389830508,0.5645161290322581,0.5785123966942148,1,0.6519337016574586,0.6519337016574586,0.6519337016574586,nan,nan
denovo_pdb__7hje_A,3,277,True,92,92,38,0.41304347826086957,0.40860215053763443,0.41081081081081083,6,2,0.3333333333333333,0.3333333333333333,0.3333333333333333,21,15,0.7142857142857143,0.6,0.6521739130434783,65,21,0.3230769230769231,0.3387096774193548,0.33070866141732286,1,0.41081081081081083,0.41081081081081083,0.41081081081081083,nan,nan
denovo_pdb__7hjg_A,0,241,True,80,80,43,0.5375,0.4387755102040816,0.4831460674157303,9,5,0.5555555555555556,0.7142857142857143,0.6250000000000001,20,15,0.75,0.5769230769230769,0.6521739130434783,51,23,0.45098039215686275,0.35384615384615387,0.39655172413793105,1,0.4831460674157303,0.4831460674157303,0.4831460674157303,nan,nan
denovo_pdb__7hjg_A,1,190,True,63,63,26,0.4126984126984127,0.2653061224489796,0.3229813664596274,8,6,0.75,0.8571428571428571,0.7999999999999999,21,11,0.5238095238095238,0.4230769230769231,0.4680851063829788,34,9,0.2647058823529412,0.13846153846153847,0.18181818181818182,1,0.3229813664596274,0.3229813664596274,0.3229813664596274,nan,nan
denovo_pdb__7hjg_A,2,214,True,71,71,36,0.5070422535211268,0.3673469387755102,0.4260355029585799,7,6,0.8571428571428571,0.8571428571428571,0.8571428571428571,15,11,0.7333333333333333,0.4230769230769231,0.5365853658536585,49,19,0.3877551020408163,0.2923076923076923,0.3333333333333333,1,0.4260355029585799,0.4260355029585799,0.4260355029585799,nan,nan
denovo_pdb__7hjg_A,3,232,True,77,77,40,0.5194805194805194,0.40816326530612246,0.45714285714285713,5,1,0.2,0.14285714285714285,0.16666666666666666,19,14,0.7368421052631579,0.5384615384615384,0.6222222222222222,53,25,0.4716981132075472,0.38461538461538464,0.423728813559322,1,0.45714285714285713,0.45714285714285713,0.45714285714285713,nan,nan
denovo_pdb__7hji_A,0,289,True,95,95,53,0.5578947368421052,0.5578947368421052,0.5578947368421052,7,4,0.5714285714285714,0.8,0.6666666666666666,20,14,0.7,0.56,0.6222222222222222,68,35,0.5147058823529411,0.5384615384615384,0.5263157894736842,1,0.5578947368421052,0.5578947368421052,0.5578947368421052,nan,nan
denovo_pdb__7hji_A,1,223,True,74,74,26,0.35135135135135137,0.2736842105263158,0.3076923076923077,6,3,0.5,0.6,0.5454545454545454,15,10,0.6666666666666666,0.4,0.5,53,13,0.24528301886792453,0.2,0.22033898305084745,1,0.3076923076923077,0.3076923076923077,0.3076923076923077,nan,nan
denovo_pdb__7hji_A,2,355,True,116,116,37,0.31896551724137934,0.3894736842105263,0.35071090047393366,11,4,0.36363636363636365,0.8,0.5000000000000001,19,15,0.7894736842105263,0.6,0.6818181818181819,86,18,0.20930232558139536,0.27692307692307694,0.23841059602649006,1,0.35071090047393366,0.35071090047393366,0.35071090047393366,nan,nan
denovo_pdb__7hji_A,3,214,True,71,71,26,0.36619718309859156,0.2736842105263158,0.3132530120481928,10,2,0.2,0.4,0.26666666666666666,17,7,0.4117647058823529,0.28,0.3333333333333333,44,17,0.38636363636363635,0.26153846153846155,0.3119266055045871,1,0.3132530120481928,0.3132530120481928,0.3132530120481928,nan,nan
denovo_pdb__7hjk_A,0,154,True,51,51,19,0.37254901960784315,0.20652173913043478,0.26573426573426573,16,4,0.25,0.6666666666666666,0.36363636363636365,19,8,0.42105263157894735,0.3076923076923077,0.35555555555555557,16,7,0.4375,0.11666666666666667,0.18421052631578946,1,0.26573426573426573,0.26573426573426573,0.26573426573426573,nan,nan
denovo_pdb__7hjk_A,1,253,True,84,84,15,0.17857142857142858,0.16304347826086957,0.17045454545454547,14,2,0.14285714285714285,0.3333333333333333,0.2,23,6,0.2608695652173913,0.23076923076923078,0.24489795918367346,47,7,0.14893617021276595,0.11666666666666667,0.1308411214953271,1,0.17045454545454547,0.17045454545454547,0.17045454545454547,nan,nan
denovo_pdb__7hjk_A,2,310,True,103,103,27,0.2621359223300971,0.29347826086956524,0.2769230769230769,10,4,0.4,0.6666666666666666,0.5,27,11,0.4074074074074074,0.4230769230769231,0.4150943396226415,66,12,0.18181818181818182,0.2,0.1904761904761905,1,0.2769230769230769,0.2769230769230769,0.2769230769230769,nan,nan
denovo_pdb__7hjk_A,3,247,True,82,82,23,0.2804878048780488,0.25,0.26436781609195403,9,2,0.2222222222222222,0.3333333333333333,0.26666666666666666,24,13,0.5416666666666666,0.5,0.52,49,8,0.16326530612244897,0.13333333333333333,0.14678899082568808,1,0.26436781609195403,0.26436781609195403,0.26436781609195403,nan,nan
denovo_pdb__7hjm_A,0,154,True,51,51,13,0.2549019607843137,0.13829787234042554,0.17931034482758618,7,4,0.5714285714285714,0.5714285714285714,0.5714285714285714,14,9,0.6428571428571429,0.34615384615384615,0.45,30,0,0.0,0.0,0.0,1,0.17931034482758618,0.17931034482758618,0.17931034482758618,nan,nan
denovo_pdb__7hjm_A,1,280,True,93,93,41,0.44086021505376344,0.43617021276595747,0.4385026737967915,10,6,0.6,0.8571428571428571,0.7058823529411764,19,13,0.6842105263157895,0.5,0.5777777777777778,64,22,0.34375,0.36065573770491804,0.35200000000000004,1,0.4385026737967915,0.4385026737967915,0.4385026737967915,nan,nan
denovo_pdb__7hjm_A,2,280,True,93,93,28,0.3010752688172043,0.2978723404255319,0.29946524064171126,7,2,0.2857142857142857,0.2857142857142857,0.2857142857142857,19,8,0.42105263157894735,0.3076923076923077,0.35555555555555557,67,18,0.26865671641791045,0.29508196721311475,0.28125,1,0.29946524064171126,0.29946524064171126,0.29946524064171126,nan,nan
denovo_pdb__7hjm_A,3,307,True,101,101,33,0.32673267326732675,0.35106382978723405,0.3384615384615385,8,5,0.625,0.7142857142857143,0.6666666666666666,21,14,0.6666666666666666,0.5384615384615384,0.5957446808510638,72,14,0.19444444444444445,0.22950819672131148,0.21052631578947367,1,0.3384615384615385,0.3384615384615385,0.3384615384615385,nan,nan
denovo_pdb__7hjo_A,0,310,True,103,103,43,0.4174757281553398,0.4777777777777778,0.44559585492227977,12,6,0.5,1.0,0.6666666666666666,25,21,0.84,0.8076923076923077,0.8235294117647058,66,16,0.24242424242424243,0.27586206896551724,0.2580645161290323,1,0.44559585492227977,0.44559585492227977,0.44559585492227977,nan,nan
denovo_pdb__7hjo_A,1,274,True,91,91,60,0.6593406593406593,0.6666666666666666,0.6629834254143646,4,3,0.75,0.5,0.6,24,19,0.7916666666666666,0.7307692307692307,0.76,63,38,0.6031746031746031,0.6551724137931034,0.628099173553719,1,0.6629834254143646,0.6629834254143646,0.6629834254143646,nan,nan
denovo_pdb__7hjo_A,2,280,True,93,93,29,0.3118279569892473,0.32222222222222224,0.31693989071038253,6,2,0.3333333333333333,0.3333333333333333,0.3333333333333333,18,13,0.7222222222222222,0.5,0.5909090909090908,69,14,0.2028985507246377,0.2413793103448276,0.22047244094488191,1,0.31693989071038253,0.31693989071038253,0.31693989071038253,nan,nan
denovo_pdb__7hjo_A,3,244,True,81,81,15,0.18518518518518517,0.16666666666666666,0.17543859649122806,7,2,0.2857142857142857,0.3333333333333333,0.30769230769230765,14,7,0.5,0.2692307692307692,0.35000000000000003,60,6,0.1,0.10344827586206896,0.10169491525423728,1,0.17543859649122806,0.17543859649122806,0.17543859649122806,nan,nan
denovo_pdb__7hjq_A,0,307,True,102,102,42,0.4117647058823529,0.45161290322580644,0.4307692307692308,8,5,0.625,0.8333333333333334,0.7142857142857143,27,16,0.5925925925925926,0.64,0.6153846153846153,67,21,0.31343283582089554,0.3387096774193548,0.32558139534883723,1,0.4307692307692308,0.4307692307692308,0.4307692307692308,nan,nan
denovo_pdb__7hjq_A,1,205,True,68,68,26,0.38235294117647056,0.27956989247311825,0.3229813664596273,7,4,0.5714285714285714,0.6666666666666666,0.6153846153846153,11,9,0.8181818181818182,0.36,0.5,50,13,0.26,0.20967741935483872,0.23214285714285712,1,0.3229813664596273,0.3229813664596273,0.3229813664596273,nan,nan
denovo_pdb__7hjq_A,2,265,True,88,88,29,0.32954545454545453,0.3118279569892473,0.3204419889502762,6,2,0.3333333333333333,0.3333333333333333,0.3333333333333333,20,8,0.4,0.32,0.35555555555555557,62,19,0.3064516129032258,0.3064516129032258,0.3064516129032258,1,0.3204419889502762,0.3204419889502762,0.3204419889502762,nan,nan
denovo_pdb__7hjq_A,3,325,True,108,108,67,0.6203703703703703,0.7204301075268817,0.6666666666666666,9,6,0.6666666666666666,1.0,0.8,20,16,0.8,0.64,0.7111111111111111,79,45,0.569620253164557,0.7258064516129032,0.6382978723404256,1,0.6666666666666666,0.6666666666666666,0.6666666666666666,nan,nan
denovo_pdb__7hjs_A,0,313,True,103,103,25,0.24271844660194175,0.2777777777777778,0.25906735751295334,15,4,0.26666666666666666,0.6666666666666666,0.3809523809523809,24,11,0.4583333333333333,0.44,0.4489795918367347,64,10,0.15625,0.1694915254237288,0.16260162601626016,1,0.25906735751295334,0.25906735751295334,0.25906735751295334,nan,nan
denovo_pdb__7hjs_A,1,205,True,68,68,31,0.45588235294117646,0.34444444444444444,0.3924050632911392,11,4,0.36363636363636365,0.6666666666666666,0.4705882352941177,18,14,0.7777777777777778,0.56,0.6511627906976745,39,13,0.3333333333333333,0.22033898305084745,0.26530612244897955,1,0.3924050632911392,0.3924050632911392,0.3924050632911392,nan,nan
denovo_pdb__7hjs_A,2,244,True,81,81,37,0.4567901234567901,0.4111111111111111,0.43274853801169594,8,3,0.375,0.5,0.42857142857142855,20,14,0.7,0.56,0.6222222222222222,53,20,0.37735849056603776,0.3389830508474576,0.35714285714285715,1,0.43274853801169594,0.43274853801169594,0.43274853801169594,nan,nan
denovo_pdb__7hjs_A,3,331,True,110,110,52,0.4727272727272727,0.5777777777777777,0.52,12,6,0.5,1.0,0.6666666666666666,24,17,0.7083333333333334,0.68,0.6938775510204083,74,29,0.3918918918918919,0.4915254237288136,0.43609022556390975,1,0.52,0.52,0.52,nan,nan
denovo_pdb__7hju_A,0,247,True,82,82,18,0.21951219512195122,0.1935483870967742,0.2057142857142857,9,2,0.2222222222222222,0.3333333333333333,0.26666666666666666,18,8,0.4444444444444444,0.32,0.37209302325581395,55,8,0.14545454545454545,0.12903225806451613,0.13675213675213677,1,0.2057142857142857,0.2057142857142857,0.2057142857142857,nan,nan
denovo_pdb__7hju_A,1,259,True,85,85,38,0.4470588235294118,0.40860215053763443,0.42696629213483145,10,4,0.4,0.6666666666666666,0.5,20,8,0.4,0.32,0.35555555555555557,55,26,0.4727272727272727,0.41935483870967744,0.4444444444444444,1,0.42696629213483145,0.42696629213483145,0.42696629213483145,nan,nan
denovo_pdb__7hju_A,2,313,True,104,104,18,0.17307692307692307,0.1935483870967742,0.18274111675126903,10,4,0.4,0.6666666666666666,0.5,28,9,0.32142857142857145,0.36,0.33962264150943394,66,5,0.07575757575757576,0.08064516129032258,0.078125,1,0.18274111675126903,0.18274111675126903,0.18274111675126903,nan,nan
denovo_pdb__7hju_A,3,238,True,79,79,40,0.5063291139240507,0.43010752688172044,0.46511627906976744,7,3,0.42857142857142855,0.5,0.4615384615384615,23,17,0.7391304347826086,0.68,0.7083333333333334,49,20,0.40816326530612246,0.3225806451612903,0.3603603603603604,1,0.46511627906976744,0.46511627906976744,0.46511627906976744,nan,nan
denovo_pdb__7hjw_A,0,277,True,92,92,67,0.7282608695652174,0.6907216494845361,0.7089947089947088,6,3,0.5,0.5,0.5,18,16,0.8888888888888888,0.64,0.7441860465116279,68,48,0.7058823529411765,0.7272727272727273,0.7164179104477613,1,0.7089947089947088,0.7089947089947088,0.7089947089947088,nan,nan
denovo_pdb__7hjw_A,1,274,True,90,90,53,0.5888888888888889,0.5463917525773195,0.5668449197860962,7,4,0.5714285714285714,0.6666666666666666,0.6153846153846153,17,12,0.7058823529411765,0.48,0.5714285714285713,66,37,0.5606060606060606,0.5606060606060606,0.5606060606060606,1,0.5668449197860962,0.5668449197860962,0.5668449197860962,nan,nan
denovo_pdb__7hjw_A,2,262,True,87,87,24,0.27586206896551724,0.24742268041237114,0.2608695652173913,10,5,0.5,0.8333333333333334,0.625,22,9,0.4090909090909091,0.36,0.3829787234042554,55,10,0.18181818181818182,0.15151515151515152,0.16528925619834708,1,0.2608695652173913,0.2608695652173913,0.2608695652173913,nan,nan
denovo_pdb__7hjw_A,3,121,True,40,40,11,0.275,0.1134020618556701,0.16058394160583944,5,4,0.8,0.6666666666666666,0.7272727272727272,9,4,0.4444444444444444,0.16,0.23529411764705882,26,3,0.11538461538461539,0.045454545454545456,0.06521739130434784,1,0.16058394160583944,0.16058394160583944,0.16058394160583944,nan,nan
denovo_pdb__7hjy_A,0,193,True,63,63,36,0.5714285714285714,0.3956043956043956,0.4675324675324675,7,4,0.5714285714285714,0.6666666666666666,0.6153846153846153,13,12,0.9230769230769231,0.46153846153846156,0.6153846153846155,43,20,0.46511627906976744,0.3389830508474576,0.3921568627450981,1,0.4675324675324675,0.4675324675324675,0.4675324675324675,nan,nan
denovo_pdb__7hjy_A,1,136,True,45,45,17,0.37777777777777777,0.18681318681318682,0.25,10,4,0.4,0.6666666666666666,0.5,19,10,0.5263157894736842,0.38461538461538464,0.4444444444444444,16,3,0.1875,0.05084745762711865,0.08,1,0.25,0.25,0.25,nan,nan
denovo_pdb__7hjy_A,2,337,True,111,111,30,0.2702702702702703,0.32967032967032966,0.29702970297029696,7,4,0.5714285714285714,0.6666666666666666,0.6153846153846153,20,12,0.6,0.46153846153846156,0.5217391304347826,84,14,0.16666666666666666,0.23728813559322035,0.19580419580419578,1,0.29702970297029696,0.29702970297029696,0.29702970297029696,nan,nan
denovo_pdb__7hjy_A,3,271,True,90,90,53,0.5888888888888889,0.5824175824175825,0.5856353591160222,7,5,0.7142857142857143,0.8333333333333334,0.7692307692307692,21,19,0.9047619047619048,0.7307692307692307,0.8085106382978723,62,29,0.46774193548387094,0.4915254237288136,0.4793388429752066,1,0.5856353591160222,0.5856353591160222,0.5856353591160222,nan,nan
denovo_pdb__7hk0_A,0,292,True,97,97,42,0.4329896907216495,0.4375,0.43523316062176165,12,4,0.3333333333333333,0.5714285714285714,0.4210526315789474,24,14,0.5833333333333334,0.5185185185185185,0.5490196078431373,61,24,0.39344262295081966,0.3870967741935484,0.3902439024390244,1,0.43523316062176165,0.43523316062176165,0.43523316062176165,nan,nan
denovo_pdb__7hk0_A,1,271,True,90,90,51,0.5666666666666667,0.53125,0.5483870967741935,8,5,0.625,0.7142857142857143,0.6666666666666666,15,11,0.7333333333333333,0.4074074074074074,0.5238095238095238,67,35,0.5223880597014925,0.5645161290322581,0.5426356589147286,1,0.5483870967741935,0.5483870967741935,0.5483870967741935,nan,nan
denovo_pdb__7hk0_A,2,265,True,88,88,21,0.23863636363636365,0.21875,0.22826086956521738,9,3,0.3333333333333333,0.42857142857142855,0.375,16,6,0.375,0.2222222222222222,0.27906976744186046,63,12,0.19047619047619047,0.1935483870967742,0.192,1,0.22826086956521738,0.22826086956521738,0.22826086956521738,nan,nan
denovo_pdb__7hk0_A,3,181,True,60,60,29,0.48333333333333334,0.3020833333333333,0.37179487179487175,3,2,0.6666666666666666,0.2857142857142857,0.4,8,7,0.875,0.25925925925925924,0.39999999999999997,49,20,0.40816326530612246,0.3225806451612903,0.3603603603603604,1,0.37179487179487175,0.37179487179487175,0.37179487179487175,nan,nan
denovo_pdb__7hk2_A,0,181,True,60,60,19,0.31666666666666665,0.2,0.2451612903225807,5,2,0.4,0.2857142857142857,0.3333333333333333,12,8,0.6666666666666666,0.32,0.43243243243243246,43,9,0.20930232558139536,0.14285714285714285,0.169811320754717,1,0.2451612903225807,0.2451612903225807,0.2451612903225807,nan,nan
denovo_pdb__7hk2_A,1,280,True,90,90,16,0.17777777777777778,0.16842105263157894,0.17297297297297298,10,3,0.3,0.42857142857142855,0.3529411764705882,23,7,0.30434782608695654,0.28,0.2916666666666667,57,6,0.10526315789473684,0.09523809523809523,0.1,1,0.17297297297297298,0.17297297297297298,0.17297297297297298,nan,nan
denovo_pdb__7hk2_A,2,241,True,80,80,16,0.2,0.16842105263157894,0.18285714285714283,13,3,0.23076923076923078,0.42857142857142855,0.3,24,11,0.4583333333333333,0.44,0.4489795918367347,43,2,0.046511627906976744,0.031746031746031744,0.03773584905660377,1,0.18285714285714283,0.18285714285714283,0.18285714285714283,nan,nan
denovo_pdb__7hk2_A,3,298,True,99,99,25,0.25252525252525254,0.2631578947368421,0.2577319587628866,9,5,0.5555555555555556,0.7142857142857143,0.6250000000000001,15,6,0.4,0.24,0.3,75,14,0.18666666666666668,0.2222222222222222,0.2028985507246377,1,0.2577319587628866,0.2577319587628866,0.2577319587628866,nan,nan
denovo_pdb__7hk4_A,0,244,True,81,81,17,0.20987654320987653,0.17708333333333334,0.192090395480226,10,4,0.4,0.5714285714285714,0.47058823529411764,21,9,0.42857142857142855,0.34615384615384615,0.3829787234042554,50,4,0.08,0.06349206349206349,0.07079646017699115,1,0.192090395480226,0.192090395480226,0.192090395480226,nan,nan
denovo_pdb__7hk4_A,1,124,True,41,41,15,0.36585365853658536,0.15625,0.218978102189781,6,3,0.5,0.42857142857142855,0.4615384615384615,10,4,0.4,0.15384615384615385,0.2222222222222222,25,8,0.32,0.12698412698412698,0.18181818181818182,1,0.218978102189781,0.218978102189781,0.218978102189781,nan,nan
denovo_pdb__7hk4_A,2,133,True,44,44,31,0.7045454545454546,0.3229166666666667,0.44285714285714284,7,4,0.5714285714285714,0.5714285714285714,0.5714285714285714,20,17,0.85,0.6538461538461539,0.7391304347826088,17,10,0.5882352941176471,0.15873015873015872,0.25,1,0.44285714285714284,0.44285714285714284,0.44285714285714284,nan,nan
denovo_pdb__7hk4_A,3,241,True,80,80,24,0.3,0.25,0.2727272727272727,10,3,0.3,0.42857142857142855,0.3529411764705882,20,11,0.55,0.4230769230769231,0.47826086956521735,50,10,0.2,0.15873015873015872,0.17699115044247787,1,0.2727272727272727,0.2727272727272727,0.2727272727272727,nan,nan
denovo_pdb__7kuw_A,0,82,True,27,27,2,0.07407407407407407,0.15384615384615385,0.1,5,2,0.4,0.4,0.4000000000000001,5,0,0.0,0.0,0.0,17,0,0.0,0.0,0.0,1,0.1,0.1,0.1,nan,nan
denovo_pdb__7kuw_A,1,127,True,42,42,3,0.07142857142857142,0.23076923076923078,0.10909090909090909,10,3,0.3,0.6,0.4,11,0,0.0,0.0,0.0,21,0,0.0,0.0,0.0,1,0.10909090909090909,0.10909090909090909,0.10909090909090909,nan,nan
denovo_pdb__7kuw_A,2,22,True,7,7,2,0.2857142857142857,0.15384615384615385,0.2,3,2,0.6666666666666666,0.4,0.5,4,0,0.0,0.0,0.0,0,0,0.0,0.0,0.0,1,0.2,0.2,0.2,nan,nan
denovo_pdb__7kuw_A,3,136,True,45,45,3,0.06666666666666667,0.23076923076923078,0.10344827586206898,10,3,0.3,0.6,0.4,4,0,0.0,0.0,0.0,31,0,0.0,0.0,0.0,1,0.10344827586206898,0.10344827586206898,0.10344827586206898,nan,nan
denovo_pdb__7ocm_A,0,406,True,134,134,7,0.05223880597014925,0.0440251572327044,0.0477815699658703,12,2,0.16666666666666666,0.046511627906976744,0.07272727272727272,18,0,0.0,0.0,0.0,104,5,0.04807692307692308,0.050505050505050504,0.04926108374384236,1,0.0477815699658703,0.0477815699658703,0.0477815699658703,nan,nan
denovo_pdb__7ocm_A,1,499,True,166,166,4,0.024096385542168676,0.025157232704402517,0.02461538461538462,46,2,0.043478260869565216,0.046511627906976744,0.04494382022471911,45,0,0.0,0.0,0.0,75,2,0.02666666666666667,0.020202020202020204,0.022988505747126436,1,0.02461538461538462,0.02461538461538462,0.02461538461538462,nan,nan
denovo_pdb__7ocm_A,2,364,True,121,121,12,0.09917355371900827,0.07547169811320754,0.08571428571428572,32,10,0.3125,0.23255813953488372,0.2666666666666667,52,1,0.019230769230769232,0.058823529411764705,0.028985507246376815,37,1,0.02702702702702703,0.010101010101010102,0.014705882352941176,1,0.08571428571428572,0.08571428571428572,0.08571428571428572,nan,nan
denovo_pdb__7ocm_A,3,334,True,111,111,14,0.12612612612612611,0.0880503144654088,0.1037037037037037,41,11,0.2682926829268293,0.2558139534883721,0.2619047619047619,45,2,0.044444444444444446,0.11764705882352941,0.06451612903225806,25,1,0.04,0.010101010101010102,0.016129032258064516,1,0.1037037037037037,0.1037037037037037,0.1037037037037037,nan,nan
denovo_pdb__7osv_A,0,526,True,174,174,97,0.5574712643678161,0.4532710280373832,0.5000000000000001,40,25,0.625,0.6097560975609756,0.6172839506172839,75,35,0.4666666666666667,0.4794520547945205,0.4729729729729729,59,37,0.6271186440677966,0.37,0.46540880503144655,1,0.5000000000000001,0.5000000000000001,0.5000000000000001,nan,nan
denovo_pdb__7osv_A,1,556,True,184,184,112,0.6086956521739131,0.5233644859813084,0.5628140703517587,38,28,0.7368421052631579,0.6829268292682927,0.7088607594936709,73,41,0.5616438356164384,0.5616438356164384,0.5616438356164384,73,43,0.589041095890411,0.43,0.49710982658959535,1,0.5628140703517587,0.5628140703517587,0.5628140703517587,nan,nan
denovo_pdb__7osv_A,2,625,True,208,208,93,0.44711538461538464,0.43457943925233644,0.4407582938388625,37,18,0.4864864864864865,0.43902439024390244,0.4615384615384615,74,29,0.3918918918918919,0.3972602739726027,0.39455782312925164,97,46,0.4742268041237113,0.46,0.46700507614213194,1,0.4407582938388625,0.4407582938388625,0.4407582938388625,nan,nan
denovo_pdb__7osv_A,3,544,True,181,181,82,0.4530386740331492,0.38317757009345793,0.4151898734177215,33,17,0.5151515151515151,0.4146341463414634,0.4594594594594595,81,34,0.41975308641975306,0.4657534246575342,0.44155844155844154,67,31,0.4626865671641791,0.31,0.3712574850299401,1,0.4151898734177215,0.4151898734177215,0.4151898734177215,nan,nan
denovo_pdb__7p12_A,0,511,True,170,170,91,0.5352941176470588,0.4155251141552511,0.46786632390745503,35,20,0.5714285714285714,0.6666666666666666,0.6153846153846153,55,19,0.34545454545454546,0.3958333333333333,0.3689320388349515,80,52,0.65,0.36879432624113473,0.47058823529411764,1,0.46786632390745503,0.46786632390745503,0.46786632390745503,nan,nan
denovo_pdb__7p12_A,1,520,True,172,172,64,0.37209302325581395,0.2922374429223744,0.3273657289002557,36,18,0.5,0.6,0.5454545454545454,60,13,0.21666666666666667,0.2708333333333333,0.24074074074074076,76,33,0.4342105263157895,0.23404255319148937,0.30414746543778803,1,0.3273657289002557,0.3273657289002557,0.3273657289002557,nan,nan
denovo_pdb__7p12_A,2,535,True,178,178,71,0.398876404494382,0.3242009132420091,0.3576826196473551,34,19,0.5588235294117647,0.6333333333333333,0.59375,55,19,0.34545454545454546,0.3958333333333333,0.3689320388349515,89,33,0.3707865168539326,0.23404255319148937,0.28695652173913044,1,0.3576826196473551,0.3576826196473551,0.3576826196473551,nan,nan
denovo_pdb__7p12_A,3,616,True,205,205,95,0.4634146341463415,0.4337899543378995,0.4481132075471698,33,22,0.6666666666666666,0.7333333333333333,0.6984126984126984,71,26,0.36619718309859156,0.5416666666666666,0.4369747899159664,101,47,0.46534653465346537,0.3333333333333333,0.3884297520661157,1,0.4481132075471698,0.4481132075471698,0.4481132075471698,nan,nan
denovo_pdb__7rmx_A,0,586,True,195,195,23,0.11794871794871795,0.09956709956709957,0.107981220657277,30,11,0.36666666666666664,0.5238095238095238,0.4313725490196078,34,8,0.23529411764705882,0.1702127659574468,0.19753086419753088,131,4,0.030534351145038167,0.024539877300613498,0.027210884353741496,1,0.107981220657277,0.107981220657277,0.107981220657277,nan,nan
denovo_pdb__7rmx_A,1,553,True,183,183,29,0.15846994535519127,0.12554112554112554,0.1400966183574879,26,11,0.4230769230769231,0.5238095238095238,0.4680851063829788,31,10,0.3225806451612903,0.2127659574468085,0.2564102564102564,126,8,0.06349206349206349,0.049079754601226995,0.05536332179930796,1,0.1400966183574879,0.1400966183574879,0.1400966183574879,nan,nan
denovo_pdb__7rmx_A,2,826,True,275,275,22,0.08,0.09523809523809523,0.08695652173913043,30,8,0.26666666666666666,0.38095238095238093,0.3137254901960784,49,5,0.10204081632653061,0.10638297872340426,0.10416666666666667,196,9,0.04591836734693878,0.05521472392638037,0.05013927576601671,1,0.08695652173913043,0.08695652173913043,0.08695652173913043,nan,nan
denovo_pdb__7rmx_A,3,493,True,162,162,23,0.1419753086419753,0.09956709956709957,0.11704834605597965,22,7,0.3181818181818182,0.3333333333333333,0.3255813953488372,34,12,0.35294117647058826,0.2553191489361702,0.2962962962962963,106,4,0.03773584905660377,0.024539877300613498,0.02973977695167286,1,0.11704834605597965,0.11704834605597965,0.11704834605597965,nan,nan
denovo_pdb__7sq3_A,0,4963,True,282,282,20,0.07092198581560284,0.18181818181818182,0.10204081632653061,64,14,0.21875,1.0,0.358974358974359,64,2,0.03125,1.0,0.06060606060606061,154,4,0.025974025974025976,0.0425531914893617,0.03225806451612903,1,0.10204081632653061,0.10204081632653061,0.10204081632653061,nan,nan
denovo_pdb__7sq3_A,1,337,True,111,111,10,0.09009009009009009,0.09090909090909091,0.09049773755656108,22,9,0.4090909090909091,0.6428571428571429,0.5000000000000001,24,0,0.0,0.0,0.0,65,1,0.015384615384615385,0.010638297872340425,0.012578616352201259,1,0.09049773755656108,0.09049773755656108,0.09049773755656108,nan,nan
denovo_pdb__7sq3_A,2,211,True,70,70,9,0.12857142857142856,0.08181818181818182,0.1,17,9,0.5294117647058824,0.6428571428571429,0.5806451612903226,16,0,0.0,0.0,0.0,37,0,0.0,0.0,0.0,1,0.1,0.1,0.1,nan,nan
denovo_pdb__7sq3_A,3,268,True,87,87,3,0.034482758620689655,0.02727272727272727,0.03045685279187817,12,3,0.25,0.21428571428571427,0.23076923076923075,16,0,0.0,0.0,0.0,59,0,0.0,0.0,0.0,1,0.03045685279187817,0.03045685279187817,0.03045685279187817,nan,nan
denovo_pdb__7sq5_A,0,169,True,56,56,5,0.08928571428571429,0.043859649122807015,0.05882352941176471,11,5,0.45454545454545453,0.3333333333333333,0.3846153846153846,16,0,0.0,0.0,0.0,29,0,0.0,0.0,0.0,1,0.05882352941176471,0.05882352941176471,0.05882352941176471,nan,nan
denovo_pdb__7sq5_A,1,367,True,122,122,10,0.08196721311475409,0.08771929824561403,0.0847457627118644,11,5,0.45454545454545453,0.3333333333333333,0.3846153846153846,11,0,0.0,0.0,0.0,100,5,0.05,0.05154639175257732,0.050761421319796954,1,0.0847457627118644,0.0847457627118644,0.0847457627118644,nan,nan
denovo_pdb__7sq5_A,2,274,True,88,88,7,0.07954545454545454,0.06140350877192982,0.0693069306930693,8,6,0.75,0.4,0.5217391304347827,17,1,0.058823529411764705,0.5,0.10526315789473684,63,0,0.0,0.0,0.0,1,0.0693069306930693,0.0693069306930693,0.0693069306930693,nan,nan
denovo_pdb__7sq5_A,3,178,True,59,59,7,0.11864406779661017,0.06140350877192982,0.08092485549132948,12,5,0.4166666666666667,0.3333333333333333,0.3703703703703704,8,1,0.125,0.5,0.2,39,1,0.02564102564102564,0.010309278350515464,0.014705882352941176,1,0.08092485549132948,0.08092485549132948,0.08092485549132948,nan,nan
denovo_pdb__7tjl_A,0,133,True,44,44,7,0.1590909090909091,0.1206896551724138,0.13725490196078433,8,0,0.0,0.0,0.0,11,4,0.36363636363636365,0.21052631578947367,0.26666666666666666,25,3,0.12,0.10344827586206896,0.11111111111111112,1,0.13725490196078433,0.13725490196078433,0.13725490196078433,nan,nan
denovo_pdb__7tjl_A,1,154,True,51,51,14,0.27450980392156865,0.2413793103448276,0.25688073394495414,9,1,0.1111111111111111,0.1,0.10526315789473685,15,7,0.4666666666666667,0.3684210526315789,0.4117647058823529,27,6,0.2222222222222222,0.20689655172413793,0.2142857142857143,1,0.25688073394495414,0.25688073394495414,0.25688073394495414,nan,nan
denovo_pdb__7tjl_A,2,91,True,30,30,2,0.06666666666666667,0.034482758620689655,0.045454545454545456,7,2,0.2857142857142857,0.2,0.23529411764705882,7,0,0.0,0.0,0.0,16,0,0.0,0.0,0.0,1,0.045454545454545456,0.045454545454545456,0.045454545454545456,nan,nan
denovo_pdb__7tjl_A,3,88,True,29,29,2,0.06896551724137931,0.034482758620689655,0.04597701149425287,4,2,0.5,0.2,0.28571428571428575,13,0,0.0,0.0,0.0,12,0,0.0,0.0,0.0,1,0.04597701149425287,0.04597701149425287,0.04597701149425287,nan,nan
denovo_pdb__7uek_A,0,961,True,315,315,97,0.30793650793650795,0.32441471571906355,0.3159609120521173,38,19,0.5,0.48717948717948717,0.49350649350649345,33,7,0.21212121212121213,0.20588235294117646,0.20895522388059704,244,71,0.29098360655737704,0.3141592920353982,0.3021276595744681,1,0.3159609120521173,0.3159609120521173,0.3159609120521173,nan,nan
denovo_pdb__7uek_A,1,892,True,290,290,108,0.3724137931034483,0.3612040133779264,0.36672325976230896,38,21,0.5526315789473685,0.5384615384615384,0.5454545454545455,32,11,0.34375,0.3235294117647059,0.33333333333333337,220,76,0.34545454545454546,0.336283185840708,0.34080717488789236,1,0.36672325976230896,0.36672325976230896,0.36672325976230896,nan,nan
denovo_pdb__7uek_A,2,826,True,274,274,94,0.34306569343065696,0.31438127090301005,0.3280977312390925,36,19,0.5277777777777778,0.48717948717948717,0.5066666666666667,28,11,0.39285714285714285,0.3235294117647059,0.3548387096774193,210,64,0.3047619047619048,0.2831858407079646,0.29357798165137616,1,0.3280977312390925,0.3280977312390925,0.3280977312390925,nan,nan
denovo_pdb__7uek_A,3,829,True,276,276,90,0.32608695652173914,0.3010033444816054,0.3130434782608696,38,19,0.5,0.48717948717948717,0.49350649350649345,30,7,0.23333333333333334,0.20588235294117646,0.21874999999999997,208,64,0.3076923076923077,0.2831858407079646,0.29493087557603687,1,0.3130434782608696,0.3130434782608696,0.3130434782608696,nan,nan
denovo_pdb__7ur8_A,0,163,True,54,54,29,0.5370370370370371,0.6590909090909091,0.5918367346938775,16,11,0.6875,0.9166666666666666,0.7857142857142857,24,11,0.4583333333333333,0.55,0.5,14,7,0.5,0.5833333333333334,0.5384615384615384,1,0.5918367346938775,0.5918367346938775,0.5918367346938775,nan,nan
denovo_pdb__7ur8_A,1,169,True,56,56,28,0.5,0.6363636363636364,0.56,14,11,0.7857142857142857,0.9166666666666666,0.8461538461538461,24,12,0.5,0.6,0.5454545454545454,18,5,0.2777777777777778,0.4166666666666667,0.33333333333333337,1,0.56,0.56,0.56,nan,nan
denovo_pdb__7ur8_A,2,181,True,60,60,9,0.15,0.20454545454545456,0.17307692307692307,15,4,0.26666666666666666,0.3333333333333333,0.2962962962962963,23,1,0.043478260869565216,0.05,0.046511627906976744,22,4,0.18181818181818182,0.3333333333333333,0.23529411764705885,1,0.17307692307692307,0.17307692307692307,0.17307692307692307,nan,nan
denovo_pdb__7ur8_A,3,154,True,51,51,22,0.43137254901960786,0.5,0.4631578947368421,13,9,0.6923076923076923,0.75,0.7199999999999999,16,7,0.4375,0.35,0.38888888888888884,22,6,0.2727272727272727,0.5,0.3529411764705882,1,0.4631578947368421,0.4631578947368421,0.4631578947368421,nan,nan
denovo_pdb__7vqv_A,0,265,True,87,87,25,0.28735632183908044,0.23148148148148148,0.2564102564102564,21,7,0.3333333333333333,0.3684210526315789,0.35,15,6,0.4,0.375,0.38709677419354843,51,12,0.23529411764705882,0.1643835616438356,0.1935483870967742,1,0.2564102564102564,0.2564102564102564,0.2564102564102564,nan,nan
denovo_pdb__7vqv_A,1,286,True,95,95,20,0.21052631578947367,0.18518518518518517,0.19704433497536947,14,2,0.14285714285714285,0.10526315789473684,0.12121212121212122,12,3,0.25,0.1875,0.21428571428571427,69,15,0.21739130434782608,0.2054794520547945,0.2112676056338028,1,0.19704433497536947,0.19704433497536947,0.19704433497536947,nan,nan
denovo_pdb__7vqv_A,2,292,True,97,97,43,0.44329896907216493,0.39814814814814814,0.41951219512195115,16,7,0.4375,0.3684210526315789,0.39999999999999997,15,6,0.4,0.375,0.38709677419354843,66,30,0.45454545454545453,0.410958904109589,0.43165467625899284,1,0.41951219512195115,0.41951219512195115,0.41951219512195115,nan,nan
denovo_pdb__7vqv_A,3,349,True,115,115,58,0.5043478260869565,0.5370370370370371,0.5201793721973095,14,13,0.9285714285714286,0.6842105263157895,0.7878787878787878,17,7,0.4117647058823529,0.4375,0.42424242424242425,84,38,0.4523809523809524,0.5205479452054794,0.48407643312101906,1,0.5201793721973095,0.5201793721973095,0.5201793721973095,nan,nan
denovo_pdb__7vu4_A,0,310,True,102,102,38,0.37254901960784315,0.37254901960784315,0.37254901960784315,14,8,0.5714285714285714,0.5,0.5333333333333333,30,10,0.3333333333333333,0.625,0.43478260869565216,58,20,0.3448275862068966,0.2857142857142857,0.3125,1,0.37254901960784315,0.37254901960784315,0.37254901960784315,nan,nan
denovo_pdb__7vu4_A,1,298,True,99,99,28,0.2828282828282828,0.27450980392156865,0.27860696517412936,16,3,0.1875,0.1875,0.1875,16,5,0.3125,0.3125,0.3125,67,20,0.29850746268656714,0.2857142857142857,0.291970802919708,1,0.27860696517412936,0.27860696517412936,0.27860696517412936,nan,nan
denovo_pdb__7vu4_A,2,355,True,118,118,39,0.3305084745762712,0.38235294117647056,0.35454545454545455,26,9,0.34615384615384615,0.5625,0.4285714285714286,16,5,0.3125,0.3125,0.3125,76,25,0.32894736842105265,0.35714285714285715,0.3424657534246575,1,0.35454545454545455,0.35454545454545455,0.35454545454545455,nan,nan
denovo_pdb__7vu4_A,3,373,True,124,124,39,0.31451612903225806,0.38235294117647056,0.34513274336283184,24,10,0.4166666666666667,0.625,0.5,14,8,0.5714285714285714,0.5,0.5333333333333333,86,21,0.2441860465116279,0.3,0.26923076923076916,1,0.34513274336283184,0.34513274336283184,0.34513274336283184,nan,nan
denovo_pdb__8ah9_A,0,337,True,111,111,29,0.26126126126126126,0.2196969696969697,0.23868312757201643,16,4,0.25,0.12903225806451613,0.1702127659574468,30,16,0.5333333333333333,0.27586206896551724,0.36363636363636365,65,9,0.13846153846153847,0.20930232558139536,0.16666666666666669,1,0.23868312757201643,0.23868312757201643,0.23868312757201643,nan,nan
denovo_pdb__8ah9_A,1,361,True,120,120,23,0.19166666666666668,0.17424242424242425,0.18253968253968256,8,4,0.5,0.12903225806451613,0.20512820512820512,27,13,0.48148148148148145,0.22413793103448276,0.30588235294117644,85,6,0.07058823529411765,0.13953488372093023,0.09375,1,0.18253968253968256,0.18253968253968256,0.18253968253968256,nan,nan
denovo_pdb__8ah9_A,2,391,True,130,130,46,0.35384615384615387,0.3484848484848485,0.351145038167939,30,15,0.5,0.4838709677419355,0.4918032786885246,53,28,0.5283018867924528,0.4827586206896552,0.5045045045045045,47,3,0.06382978723404255,0.06976744186046512,0.06666666666666667,1,0.351145038167939,0.351145038167939,0.351145038167939,nan,nan
denovo_pdb__8ah9_A,3,367,True,122,122,32,0.26229508196721313,0.24242424242424243,0.2519685039370078,20,9,0.45,0.2903225806451613,0.3529411764705882,29,19,0.6551724137931034,0.3275862068965517,0.43678160919540227,73,4,0.0547945205479452,0.09302325581395349,0.06896551724137931,1,0.2519685039370078,0.2519685039370078,0.2519685039370078,nan,nan
denovo_pdb__8bl3_A,0,448,True,149,149,72,0.48322147651006714,0.44171779141104295,0.4615384615384615,30,23,0.7666666666666667,0.6388888888888888,0.696969696969697,37,24,0.6486486486486487,0.5106382978723404,0.5714285714285715,82,25,0.3048780487804878,0.3125,0.30864197530864196,1,0.4615384615384615,0.4615384615384615,0.4615384615384615,nan,nan
denovo_pdb__8bl3_A,1,400,True,133,133,34,0.2556390977443609,0.2085889570552147,0.22972972972972971,21,10,0.47619047619047616,0.2777777777777778,0.3508771929824561,31,15,0.4838709677419355,0.3191489361702128,0.38461538461538464,81,9,0.1111111111111111,0.1125,0.11180124223602485,1,0.22972972972972971,0.22972972972972971,0.22972972972972971,nan,nan
denovo_pdb__8bl3_A,2,400,True,133,133,18,0.13533834586466165,0.11042944785276074,0.12162162162162161,24,13,0.5416666666666666,0.3611111111111111,0.43333333333333335,32,4,0.125,0.0851063829787234,0.10126582278481013,77,1,0.012987012987012988,0.0125,0.012738853503184714,1,0.12162162162162161,0.12162162162162161,0.12162162162162161,nan,nan
denovo_pdb__8bl3_A,3,562,True,187,187,48,0.25668449197860965,0.294478527607362,0.27428571428571435,31,17,0.5483870967741935,0.4722222222222222,0.5074626865671641,45,15,0.3333333333333333,0.3191489361702128,0.3260869565217391,111,16,0.14414414414414414,0.2,0.1675392670157068,1,0.27428571428571435,0.27428571428571435,0.27428571428571435,nan,nan
denovo_pdb__8bl6_A,0,460,True,153,153,49,0.3202614379084967,0.3161290322580645,0.3181818181818181,35,18,0.5142857142857142,0.5294117647058824,0.5217391304347826,36,19,0.5277777777777778,0.4222222222222222,0.46913580246913583,82,12,0.14634146341463414,0.15789473684210525,0.1518987341772152,1,0.3181818181818181,0.3181818181818181,0.3181818181818181,nan,nan
denovo_pdb__8bl6_A,1,421,True,140,140,76,0.5428571428571428,0.49032258064516127,0.5152542372881356,33,22,0.6666666666666666,0.6470588235294118,0.6567164179104478,50,29,0.58,0.6444444444444445,0.6105263157894737,57,25,0.43859649122807015,0.32894736842105265,0.37593984962406013,1,0.5152542372881356,0.5152542372881356,0.5152542372881356,nan,nan
denovo_pdb__8bl6_A,2,397,True,132,132,43,0.32575757575757575,0.27741935483870966,0.29965156794425085,25,15,0.6,0.4411764705882353,0.5084745762711865,29,11,0.3793103448275862,0.24444444444444444,0.29729729729729726,78,17,0.21794871794871795,0.2236842105263158,0.22077922077922077,1,0.29965156794425085,0.29965156794425085,0.29965156794425085,nan,nan
denovo_pdb__8bl6_A,3,508,True,168,168,15,0.08928571428571429,0.0967741935483871,0.09287925696594429,22,5,0.22727272727272727,0.14705882352941177,0.17857142857142858,63,9,0.14285714285714285,0.2,0.16666666666666666,83,1,0.012048192771084338,0.013157894736842105,0.012578616352201259,1,0.09287925696594429,0.09287925696594429,0.09287925696594429,nan,nan
denovo_pdb__8bu0_A,0,121,True,35,35,30,0.8571428571428571,0.24193548387096775,0.37735849056603776,4,2,0.5,0.14285714285714285,0.22222222222222224,14,11,0.7857142857142857,0.2391304347826087,0.36666666666666664,17,17,1.0,0.265625,0.41975308641975306,1,0.37735849056603776,0.37735849056603776,0.37735849056603776,nan,nan
denovo_pdb__8bu0_A,1,194,True,62,62,55,0.8870967741935484,0.4435483870967742,0.5913978494623656,10,8,0.8,0.5714285714285714,0.6666666666666666,25,22,0.88,0.4782608695652174,0.619718309859155,27,25,0.9259259259259259,0.390625,0.5494505494505494,1,0.5913978494623656,0.5913978494623656,0.5913978494623656,nan,nan
denovo_pdb__8bu0_A,2,54,True,15,15,12,0.8,0.0967741935483871,0.1726618705035971,4,3,0.75,0.21428571428571427,0.3333333333333333,4,3,0.75,0.06521739130434782,0.12,7,6,0.8571428571428571,0.09375,0.16901408450704225,1,0.1726618705035971,0.1726618705035971,0.1726618705035971,nan,nan
denovo_pdb__8bu0_A,3,260,True,85,85,77,0.9058823529411765,0.6209677419354839,0.7368421052631579,5,3,0.6,0.21428571428571427,0.3157894736842105,39,34,0.8717948717948718,0.7391304347826086,0.7999999999999999,41,40,0.975609756097561,0.625,0.7619047619047619,1,0.7368421052631579,0.7368421052631579,0.7368421052631579,nan,nan
denovo_pdb__8chy_A,0,39,True,12,12,9,0.75,0.033707865168539325,0.06451612903225806,2,1,0.5,0.037037037037037035,0.06896551724137931,1,1,1.0,0.009900990099009901,0.0196078431372549,9,7,0.7777777777777778,0.050359712230215826,0.09459459459459459,1,0.06451612903225806,0.06451612903225806,0.06451612903225806,nan,nan
denovo_pdb__8chy_A,1,164,True,49,49,40,0.8163265306122449,0.149812734082397,0.25316455696202533,6,4,0.6666666666666666,0.14814814814814814,0.24242424242424243,14,13,0.9285714285714286,0.12871287128712872,0.22608695652173916,29,23,0.7931034482758621,0.16546762589928057,0.27380952380952384,1,0.25316455696202533,0.25316455696202533,0.25316455696202533,nan,nan
denovo_pdb__8chy_A,2,119,True,37,37,29,0.7837837837837838,0.10861423220973783,0.1907894736842105,7,4,0.5714285714285714,0.14814814814814814,0.23529411764705882,9,8,0.8888888888888888,0.07920792079207921,0.14545454545454545,21,17,0.8095238095238095,0.1223021582733813,0.2125,1,0.1907894736842105,0.1907894736842105,0.1907894736842105,nan,nan
denovo_pdb__8chy_A,3,311,True,94,94,79,0.8404255319148937,0.2958801498127341,0.4376731301939058,18,14,0.7777777777777778,0.5185185185185185,0.6222222222222222,33,27,0.8181818181818182,0.26732673267326734,0.4029850746268657,43,38,0.8837209302325582,0.2733812949640288,0.4175824175824176,1,0.4376731301939058,0.4376731301939058,0.4376731301939058,nan,nan
denovo_pdb__8ckr_A,0,331,True,107,107,91,0.8504672897196262,0.7165354330708661,0.7777777777777777,17,14,0.8235294117647058,1.0,0.9032258064516129,51,42,0.8235294117647058,0.8235294117647058,0.8235294117647058,39,35,0.8974358974358975,0.5645161290322581,0.6930693069306931,1,0.7777777777777777,0.7777777777777777,0.7777777777777777,nan,nan
denovo_pdb__8ckr_A,1,256,True,85,85,74,0.8705882352941177,0.5826771653543307,0.6981132075471698,12,9,0.75,0.6428571428571429,0.6923076923076924,36,32,0.8888888888888888,0.6274509803921569,0.735632183908046,37,33,0.8918918918918919,0.532258064516129,0.6666666666666666,1,0.6981132075471698,0.6981132075471698,0.6981132075471698,nan,nan
denovo_pdb__8ckr_A,2,523,True,155,155,120,0.7741935483870968,0.9448818897637795,0.8510638297872342,18,13,0.7222222222222222,0.9285714285714286,0.8125000000000001,60,46,0.7666666666666667,0.9019607843137255,0.8288288288288289,77,61,0.7922077922077922,0.9838709677419355,0.8776978417266188,1,0.8510638297872342,0.8510638297872342,0.8510638297872342,nan,nan
denovo_pdb__8ckr_A,3,109,True,36,36,28,0.7777777777777778,0.2204724409448819,0.34355828220858897,4,2,0.5,0.14285714285714285,0.22222222222222224,13,8,0.6153846153846154,0.1568627450980392,0.25,19,18,0.9473684210526315,0.2903225806451613,0.4444444444444444,1,0.34355828220858897,0.34355828220858897,0.34355828220858897,nan,nan
denovo_pdb__8cqq_A,0,55,True,17,17,14,0.8235294117647058,0.054474708171206226,0.10218978102189781,2,1,0.5,0.037037037037037035,0.06896551724137931,8,6,0.75,0.061855670103092786,0.1142857142857143,7,7,1.0,0.05263157894736842,0.1,1,0.10218978102189781,0.10218978102189781,0.10218978102189781,nan,nan
denovo_pdb__8cqq_A,1,154,True,48,48,41,0.8541666666666666,0.15953307392996108,0.26885245901639343,5,4,0.8,0.14814814814814814,0.25,18,16,0.8888888888888888,0.16494845360824742,0.27826086956521734,25,21,0.84,0.15789473684210525,0.26582278481012656,1,0.26885245901639343,0.26885245901639343,0.26885245901639343,nan,nan
denovo_pdb__8cqq_A,2,124,True,39,39,30,0.7692307692307693,0.11673151750972763,0.2027027027027027,2,2,1.0,0.07407407407407407,0.13793103448275862,15,12,0.8,0.12371134020618557,0.2142857142857143,22,16,0.7272727272727273,0.12030075187969924,0.20645161290322578,1,0.2027027027027027,0.2027027027027027,0.2027027027027027,nan,nan
denovo_pdb__8cqq_A,3,150,True,44,44,38,0.8636363636363636,0.14785992217898833,0.25249169435215946,6,3,0.5,0.1111111111111111,0.1818181818181818,17,15,0.8823529411764706,0.15463917525773196,0.26315789473684215,21,20,0.9523809523809523,0.15037593984962405,0.2597402597402597,1,0.25249169435215946,0.25249169435215946,0.25249169435215946,nan,nan
denovo_pdb__8d03_A,0,139,True,46,46,1,0.021739130434782608,0.022727272727272728,0.02222222222222222,10,0,0.0,0.0,0.0,15,0,0.0,0.0,0.0,21,1,0.047619047619047616,0.043478260869565216,0.04545454545454545,1,0.02222222222222222,0.02222222222222222,0.02222222222222222,nan,nan
denovo_pdb__8d03_A,1,151,True,50,50,4,0.08,0.09090909090909091,0.0851063829787234,8,2,0.25,0.2,0.22222222222222224,16,0,0.0,0.0,0.0,26,2,0.07692307692307693,0.08695652173913043,0.08163265306122448,1,0.0851063829787234,0.0851063829787234,0.0851063829787234,nan,nan
denovo_pdb__8d03_A,2,91,True,30,30,7,0.23333333333333334,0.1590909090909091,0.1891891891891892,11,6,0.5454545454545454,0.6,0.5714285714285713,0,0,0.0,0.0,0.0,19,1,0.05263157894736842,0.043478260869565216,0.04761904761904762,1,0.1891891891891892,0.1891891891891892,0.1891891891891892,nan,nan
denovo_pdb__8d03_A,3,169,True,56,56,0,0.0,0.0,0.0,13,0,0.0,0.0,0.0,14,0,0.0,0.0,0.0,29,0,0.0,0.0,0.0,1,0.0,0.0,0.0,nan,nan
denovo_pdb__8d9o_A,0,148,True,49,49,15,0.30612244897959184,0.08875739644970414,0.13761467889908255,11,2,0.18181818181818182,0.3333333333333333,0.23529411764705885,4,0,0.0,0.0,0.0,34,13,0.38235294117647056,0.0948905109489051,0.15204678362573099,1,0.13761467889908255,0.13761467889908255,0.13761467889908255,nan,nan
denovo_pdb__8d9o_A,1,772,True,246,246,41,0.16666666666666666,0.24260355029585798,0.19759036144578312,21,3,0.14285714285714285,0.5,0.22222222222222224,34,7,0.20588235294117646,0.2692307692307692,0.23333333333333334,191,31,0.16230366492146597,0.22627737226277372,0.18902439024390247,1,0.19759036144578312,0.19759036144578312,0.19759036144578312,nan,nan
denovo_pdb__8d9o_A,2,589,True,192,192,22,0.11458333333333333,0.1301775147928994,0.12188365650969529,12,3,0.25,0.5,0.3333333333333333,20,5,0.25,0.19230769230769232,0.2173913043478261,160,14,0.0875,0.10218978102189781,0.09427609427609426,1,0.12188365650969529,0.12188365650969529,0.12188365650969529,nan,nan
denovo_pdb__8d9o_A,3,547,True,178,178,45,0.25280898876404495,0.26627218934911245,0.25936599423631124,8,3,0.375,0.5,0.42857142857142855,28,8,0.2857142857142857,0.3076923076923077,0.29629629629629634,142,34,0.23943661971830985,0.24817518248175183,0.24372759856630824,1,0.25936599423631124,0.25936599423631124,0.25936599423631124,nan,nan
denovo_pdb__8eov_A,0,472,True,157,157,22,0.14012738853503184,0.15172413793103448,0.1456953642384106,16,9,0.5625,0.5625,0.5625,33,10,0.30303030303030304,0.43478260869565216,0.35714285714285715,108,3,0.027777777777777776,0.02830188679245283,0.028037383177570093,1,0.1456953642384106,0.1456953642384106,0.1456953642384106,nan,nan
denovo_pdb__8eov_A,1,445,True,147,147,20,0.1360544217687075,0.13793103448275862,0.13698630136986303,28,9,0.32142857142857145,0.5625,0.40909090909090917,28,10,0.35714285714285715,0.43478260869565216,0.39215686274509803,91,1,0.01098901098901099,0.009433962264150943,0.010152284263959392,1,0.13698630136986303,0.13698630136986303,0.13698630136986303,nan,nan
denovo_pdb__8eov_A,2,517,True,172,172,41,0.23837209302325582,0.2827586206896552,0.25867507886435337,17,9,0.5294117647058824,0.5625,0.5454545454545455,26,11,0.4230769230769231,0.4782608695652174,0.44897959183673475,129,21,0.16279069767441862,0.19811320754716982,0.17872340425531916,1,0.25867507886435337,0.25867507886435337,0.25867507886435337,nan,nan
denovo_pdb__8eov_A,3,406,True,135,135,70,0.5185185185185185,0.4827586206896552,0.5,17,10,0.5882352941176471,0.625,0.6060606060606061,19,9,0.47368421052631576,0.391304347826087,0.42857142857142855,99,51,0.5151515151515151,0.4811320754716981,0.4975609756097561,1,0.5,0.5,0.5,nan,nan
denovo_pdb__8etq_A,0,982,True,323,323,37,0.11455108359133127,0.12333333333333334,0.1187800963081862,52,21,0.40384615384615385,0.3620689655172414,0.3818181818181818,74,10,0.13513513513513514,0.24390243902439024,0.17391304347826086,197,6,0.030456852791878174,0.029850746268656716,0.030150753768844223,1,0.1187800963081862,0.1187800963081862,0.1187800963081862,nan,nan
denovo_pdb__8etq_A,1,1232,True,384,384,23,0.059895833333333336,0.07666666666666666,0.06725146198830409,50,14,0.28,0.2413793103448276,0.25925925925925924,53,6,0.11320754716981132,0.14634146341463414,0.1276595744680851,281,3,0.010676156583629894,0.014925373134328358,0.012448132780082987,1,0.06725146198830409,0.06725146198830409,0.06725146198830409,nan,nan
denovo_pdb__8etq_A,2,1045,True,337,337,19,0.05637982195845697,0.06333333333333334,0.059654631083202514,41,14,0.34146341463414637,0.2413793103448276,0.2828282828282829,50,5,0.1,0.12195121951219512,0.10989010989010989,246,0,0.0,0.0,0.0,1,0.059654631083202514,0.059654631083202514,0.059654631083202514,nan,nan
denovo_pdb__8etq_A,3,1360,True,411,411,35,0.0851581508515815,0.11666666666666667,0.09845288326300984,49,24,0.4897959183673469,0.41379310344827586,0.4485981308411215,75,10,0.13333333333333333,0.24390243902439024,0.17241379310344826,287,1,0.003484320557491289,0.004975124378109453,0.004098360655737705,1,0.09845288326300984,0.09845288326300984,0.09845288326300984,nan,nan
denovo_pdb__8fjg_A,0,136,True,45,45,15,0.3333333333333333,0.16304347826086957,0.21897810218978103,8,3,0.375,0.25,0.3,15,6,0.4,0.23076923076923078,0.29268292682926833,22,6,0.2727272727272727,0.1111111111111111,0.15789473684210525,1,0.21897810218978103,0.21897810218978103,0.21897810218978103,nan,nan
denovo_pdb__8fjg_A,1,262,True,86,86,20,0.23255813953488372,0.21739130434782608,0.2247191011235955,12,5,0.4166666666666667,0.4166666666666667,0.4166666666666667,14,7,0.5,0.2692307692307692,0.35000000000000003,60,8,0.13333333333333333,0.14814814814814814,0.14035087719298248,1,0.2247191011235955,0.2247191011235955,0.2247191011235955,nan,nan
denovo_pdb__8fjg_A,2,463,True,150,150,42,0.28,0.45652173913043476,0.34710743801652894,19,7,0.3684210526315789,0.5833333333333334,0.4516129032258065,30,19,0.6333333333333333,0.7307692307692307,0.6785714285714285,101,16,0.15841584158415842,0.2962962962962963,0.2064516129032258,1,0.34710743801652894,0.34710743801652894,0.34710743801652894,nan,nan
denovo_pdb__8fjg_A,3,349,True,114,114,11,0.09649122807017543,0.11956521739130435,0.10679611650485436,11,0,0.0,0.0,0.0,31,4,0.12903225806451613,0.15384615384615385,0.14035087719298245,72,7,0.09722222222222222,0.12962962962962962,0.1111111111111111,1,0.10679611650485436,0.10679611650485436,0.10679611650485436,nan,nan
denovo_pdb__8gl3_A,0,394,True,129,129,26,0.20155038759689922,0.16774193548387098,0.18309859154929575,28,11,0.39285714285714285,0.6470588235294118,0.4888888888888888,23,4,0.17391304347826086,0.3333333333333333,0.22857142857142854,78,11,0.14102564102564102,0.0873015873015873,0.10784313725490195,1,0.18309859154929575,0.18309859154929575,0.18309859154929575,nan,nan
denovo_pdb__8gl3_A,1,286,True,94,94,11,0.11702127659574468,0.07096774193548387,0.08835341365461848,19,8,0.42105263157894735,0.47058823529411764,0.4444444444444444,12,2,0.16666666666666666,0.16666666666666666,0.16666666666666666,63,1,0.015873015873015872,0.007936507936507936,0.010582010582010581,1,0.08835341365461848,0.08835341365461848,0.08835341365461848,nan,nan
denovo_pdb__8gl3_A,2,313,True,100,100,8,0.08,0.05161290322580645,0.06274509803921569,20,8,0.4,0.47058823529411764,0.4324324324324324,5,0,0.0,0.0,0.0,75,0,0.0,0.0,0.0,1,0.06274509803921569,0.06274509803921569,0.06274509803921569,nan,nan
denovo_pdb__8gl3_A,3,295,True,97,97,7,0.07216494845360824,0.04516129032258064,0.05555555555555555,22,7,0.3181818181818182,0.4117647058823529,0.358974358974359,5,0,0.0,0.0,0.0,70,0,0.0,0.0,0.0,1,0.05555555555555555,0.05555555555555555,0.05555555555555555,nan,nan
denovo_pdb__8j1x_A,0,448,True,149,149,9,0.06040268456375839,0.05660377358490566,0.05844155844155844,18,3,0.16666666666666666,0.1875,0.17647058823529413,41,3,0.07317073170731707,0.2,0.10714285714285712,90,3,0.03333333333333333,0.0234375,0.027522935779816515,1,0.05844155844155844,0.05844155844155844,0.05844155844155844,nan,nan
denovo_pdb__8j1x_A,1,541,True,180,180,17,0.09444444444444444,0.1069182389937107,0.10029498525073746,22,5,0.22727272727272727,0.3125,0.2631578947368421,29,3,0.10344827586206896,0.2,0.13636363636363635,129,9,0.06976744186046512,0.0703125,0.07003891050583658,1,0.10029498525073746,0.10029498525073746,0.10029498525073746,nan,nan
denovo_pdb__8j1x_A,2,489,True,161,161,26,0.16149068322981366,0.16352201257861634,0.1625,21,5,0.23809523809523808,0.3125,0.27027027027027023,30,6,0.2,0.4,0.26666666666666666,110,15,0.13636363636363635,0.1171875,0.12605042016806722,1,0.1625,0.1625,0.1625,nan,nan
denovo_pdb__8j1x_A,3,535,True,178,178,23,0.12921348314606743,0.14465408805031446,0.13649851632047477,23,3,0.13043478260869565,0.1875,0.15384615384615383,27,4,0.14814814814814814,0.26666666666666666,0.19047619047619047,128,16,0.125,0.125,0.125,1,0.13649851632047477,0.13649851632047477,0.13649851632047477,nan,nan
denovo_pdb__8ju8_A,0,382,True,127,127,52,0.4094488188976378,0.5591397849462365,0.4727272727272728,16,5,0.3125,0.5555555555555556,0.39999999999999997,21,11,0.5238095238095238,0.55,0.5365853658536585,90,36,0.4,0.5625,0.4675324675324675,1,0.4727272727272728,0.4727272727272728,0.4727272727272728,nan,nan
denovo_pdb__8ju8_A,1,324,True,107,107,35,0.32710280373831774,0.3763440860215054,0.35,13,1,0.07692307692307693,0.1111111111111111,0.09090909090909093,14,2,0.14285714285714285,0.1,0.11764705882352941,80,32,0.4,0.5,0.4444444444444445,1,0.35,0.35,0.35,nan,nan
denovo_pdb__8ju8_A,2,298,True,99,99,46,0.46464646464646464,0.4946236559139785,0.47916666666666663,11,5,0.45454545454545453,0.5555555555555556,0.5,20,9,0.45,0.45,0.45,68,32,0.47058823529411764,0.5,0.48484848484848486,1,0.47916666666666663,0.47916666666666663,0.47916666666666663,nan,nan
denovo_pdb__8ju8_A,3,316,True,105,105,49,0.4666666666666667,0.5268817204301075,0.4949494949494949,10,5,0.5,0.5555555555555556,0.5263157894736842,20,11,0.55,0.55,0.55,75,33,0.44,0.515625,0.4748201438848921,1,0.4949494949494949,0.4949494949494949,0.4949494949494949,nan,nan
denovo_pdb__8k7z_A,0,352,True,117,117,7,0.05982905982905983,0.07692307692307693,0.0673076923076923,14,2,0.14285714285714285,0.25,0.18181818181818182,22,0,0.0,0.0,0.0,81,5,0.06172839506172839,0.06666666666666667,0.0641025641025641,1,0.0673076923076923,0.0673076923076923,0.0673076923076923,nan,nan
denovo_pdb__8k7z_A,1,265,True,88,88,5,0.056818181818181816,0.054945054945054944,0.05586592178770949,12,3,0.25,0.375,0.3,10,2,0.2,0.25,0.22222222222222224,66,0,0.0,0.0,0.0,1,0.05586592178770949,0.05586592178770949,0.05586592178770949,nan,nan
denovo_pdb__8k7z_A,2,313,True,104,104,8,0.07692307692307693,0.08791208791208792,0.08205128205128205,11,4,0.36363636363636365,0.5,0.4210526315789474,28,1,0.03571428571428571,0.125,0.05555555555555556,65,3,0.046153846153846156,0.04,0.04285714285714286,1,0.08205128205128205,0.08205128205128205,0.08205128205128205,nan,nan
denovo_pdb__8k7z_A,3,277,True,92,92,13,0.14130434782608695,0.14285714285714285,0.1420765027322404,9,3,0.3333333333333333,0.375,0.35294117647058826,18,4,0.2222222222222222,0.5,0.30769230769230765,65,6,0.09230769230769231,0.08,0.08571428571428572,1,0.1420765027322404,0.1420765027322404,0.1420765027322404,nan,nan
denovo_pdb__8k8g_A,0,463,True,154,154,14,0.09090909090909091,0.1,0.09523809523809525,19,8,0.42105263157894735,0.4444444444444444,0.43243243243243246,31,4,0.12903225806451613,0.3333333333333333,0.18604651162790697,104,2,0.019230769230769232,0.01818181818181818,0.018691588785046728,1,0.09523809523809525,0.09523809523809525,0.09523809523809525,nan,nan
denovo_pdb__8k8g_A,1,433,True,144,144,22,0.1527777777777778,0.15714285714285714,0.15492957746478875,20,9,0.45,0.5,0.4736842105263158,18,4,0.2222222222222222,0.3333333333333333,0.26666666666666666,106,9,0.08490566037735849,0.08181818181818182,0.08333333333333333,1,0.15492957746478875,0.15492957746478875,0.15492957746478875,nan,nan
denovo_pdb__8k8g_A,2,361,True,120,120,14,0.11666666666666667,0.1,0.1076923076923077,18,6,0.3333333333333333,0.3333333333333333,0.3333333333333333,17,4,0.23529411764705882,0.3333333333333333,0.27586206896551724,85,4,0.047058823529411764,0.03636363636363636,0.041025641025641026,1,0.1076923076923077,0.1076923076923077,0.1076923076923077,nan,nan
denovo_pdb__8k8g_A,3,235,True,78,78,5,0.0641025641025641,0.03571428571428571,0.04587155963302752,20,4,0.2,0.2222222222222222,0.2105263157894737,14,0,0.0,0.0,0.0,44,1,0.022727272727272728,0.00909090909090909,0.012987012987012988,1,0.04587155963302752,0.04587155963302752,0.04587155963302752,nan,nan
denovo_pdb__8ka7_A,0,280,True,93,93,20,0.21505376344086022,0.22988505747126436,0.22222222222222224,27,8,0.2962962962962963,0.5333333333333333,0.38095238095238093,23,7,0.30434782608695654,0.3333333333333333,0.31818181818181823,43,5,0.11627906976744186,0.09803921568627451,0.10638297872340426,1,0.22222222222222224,0.22222222222222224,0.22222222222222224,nan,nan
denovo_pdb__8ka7_A,1,262,True,87,87,8,0.09195402298850575,0.09195402298850575,0.09195402298850575,13,4,0.3076923076923077,0.26666666666666666,0.28571428571428575,20,0,0.0,0.0,0.0,54,4,0.07407407407407407,0.0784313725490196,0.0761904761904762,1,0.09195402298850575,0.09195402298850575,0.09195402298850575,nan,nan
denovo_pdb__8ka7_A,2,238,True,79,79,16,0.20253164556962025,0.1839080459770115,0.1927710843373494,14,6,0.42857142857142855,0.4,0.4137931034482759,13,3,0.23076923076923078,0.14285714285714285,0.17647058823529413,52,7,0.1346153846153846,0.13725490196078433,0.13592233009708737,1,0.1927710843373494,0.1927710843373494,0.1927710843373494,nan,nan
denovo_pdb__8ka7_A,3,322,True,107,107,30,0.2803738317757009,0.3448275862068966,0.3092783505154639,22,9,0.4090909090909091,0.6,0.4864864864864865,31,8,0.25806451612903225,0.38095238095238093,0.30769230769230765,54,13,0.24074074074074073,0.2549019607843137,0.24761904761904763,1,0.3092783505154639,0.3092783505154639,0.3092783505154639,nan,nan
denovo_pdb__8kc0_A,0,274,True,91,91,17,0.18681318681318682,0.15315315315315314,0.1683168316831683,21,8,0.38095238095238093,0.6666666666666666,0.4848484848484849,24,9,0.375,0.47368421052631576,0.4186046511627907,46,0,0.0,0.0,0.0,1,0.1683168316831683,0.1683168316831683,0.1683168316831683,nan,nan
denovo_pdb__8kc0_A,1,421,True,140,140,38,0.2714285714285714,0.34234234234234234,0.30278884462151395,28,11,0.39285714285714285,0.9166666666666666,0.55,33,11,0.3333333333333333,0.5789473684210527,0.4230769230769231,79,16,0.20253164556962025,0.2,0.2012578616352201,1,0.30278884462151395,0.30278884462151395,0.30278884462151395,nan,nan
denovo_pdb__8kc0_A,2,283,True,94,94,19,0.20212765957446807,0.17117117117117117,0.18536585365853658,24,7,0.2916666666666667,0.5833333333333334,0.38888888888888895,25,9,0.36,0.47368421052631576,0.40909090909090906,45,3,0.06666666666666667,0.0375,0.04800000000000001,1,0.18536585365853658,0.18536585365853658,0.18536585365853658,nan,nan
denovo_pdb__8kc0_A,3,241,True,80,80,31,0.3875,0.27927927927927926,0.3246073298429319,21,8,0.38095238095238093,0.6666666666666666,0.4848484848484849,24,12,0.5,0.631578947368421,0.5581395348837209,35,11,0.3142857142857143,0.1375,0.19130434782608696,1,0.3246073298429319,0.3246073298429319,0.3246073298429319,nan,nan
denovo_pdb__8kc4_A,0,283,True,94,94,19,0.20212765957446807,0.152,0.1735159817351598,13,3,0.23076923076923078,0.21428571428571427,0.22222222222222224,12,4,0.3333333333333333,0.14285714285714285,0.2,69,12,0.17391304347826086,0.14457831325301204,0.15789473684210525,1,0.1735159817351598,0.1735159817351598,0.1735159817351598,nan,nan
denovo_pdb__8kc4_A,1,400,True,133,133,40,0.3007518796992481,0.32,0.3100775193798449,18,7,0.3888888888888889,0.5,0.43750000000000006,20,12,0.6,0.42857142857142855,0.5,95,21,0.22105263157894736,0.25301204819277107,0.23595505617977527,1,0.3100775193798449,0.3100775193798449,0.3100775193798449,nan,nan
denovo_pdb__8kc4_A,2,400,True,133,133,21,0.15789473684210525,0.168,0.16279069767441862,26,4,0.15384615384615385,0.2857142857142857,0.2,28,11,0.39285714285714285,0.39285714285714285,0.39285714285714285,79,6,0.0759493670886076,0.07228915662650602,0.07407407407407407,1,0.16279069767441862,0.16279069767441862,0.16279069767441862,nan,nan
denovo_pdb__8kc4_A,3,256,True,85,85,7,0.08235294117647059,0.056,0.06666666666666667,13,1,0.07692307692307693,0.07142857142857142,0.07407407407407408,12,2,0.16666666666666666,0.07142857142857142,0.1,60,4,0.06666666666666667,0.04819277108433735,0.055944055944055944,1,0.06666666666666667,0.06666666666666667,0.06666666666666667,nan,nan
denovo_pdb__8kcj_A,0,367,True,122,122,33,0.27049180327868855,0.27049180327868855,0.27049180327868855,17,7,0.4117647058823529,0.3888888888888889,0.39999999999999997,17,5,0.29411764705882354,0.25,0.27027027027027023,88,21,0.23863636363636365,0.25,0.24418604651162792,1,0.27049180327868855,0.27049180327868855,0.27049180327868855,nan,nan
denovo_pdb__8kcj_A,1,376,True,125,125,31,0.248,0.2540983606557377,0.2510121457489879,21,4,0.19047619047619047,0.2222222222222222,0.20512820512820512,25,5,0.2,0.25,0.22222222222222224,79,22,0.27848101265822783,0.2619047619047619,0.26993865030674846,1,0.2510121457489879,0.2510121457489879,0.2510121457489879,nan,nan
denovo_pdb__8kcj_A,2,472,True,157,157,35,0.2229299363057325,0.28688524590163933,0.25089605734767023,16,6,0.375,0.3333333333333333,0.35294117647058826,22,5,0.22727272727272727,0.25,0.23809523809523808,119,24,0.20168067226890757,0.2857142857142857,0.23645320197044337,1,0.25089605734767023,0.25089605734767023,0.25089605734767023,nan,nan
denovo_pdb__8kcj_A,3,460,True,152,152,21,0.13815789473684212,0.1721311475409836,0.15328467153284672,15,2,0.13333333333333333,0.1111111111111111,0.1212121212121212,15,2,0.13333333333333333,0.1,0.1142857142857143,122,17,0.13934426229508196,0.20238095238095238,0.16504854368932037,1,0.15328467153284672,0.15328467153284672,0.15328467153284672,nan,nan
denovo_pdb__8kdq_A,0,568,True,189,189,75,0.3968253968253968,0.36764705882352944,0.3816793893129771,21,8,0.38095238095238093,0.3076923076923077,0.3404255319148936,38,17,0.4473684210526316,0.4722222222222222,0.4594594594594595,130,50,0.38461538461538464,0.352112676056338,0.36764705882352944,1,0.3816793893129771,0.3816793893129771,0.3816793893129771,nan,nan
denovo_pdb__8kdq_A,1,646,True,215,215,80,0.37209302325581395,0.39215686274509803,0.38186157517899766,20,8,0.4,0.3076923076923077,0.34782608695652173,33,17,0.5151515151515151,0.4722222222222222,0.49275362318840576,162,55,0.3395061728395062,0.3873239436619718,0.36184210526315785,1,0.38186157517899766,0.38186157517899766,0.38186157517899766,nan,nan
denovo_pdb__8kdq_A,2,694,True,227,227,75,0.3303964757709251,0.36764705882352944,0.3480278422273782,34,10,0.29411764705882354,0.38461538461538464,0.33333333333333337,27,15,0.5555555555555556,0.4166666666666667,0.4761904761904762,166,50,0.30120481927710846,0.352112676056338,0.3246753246753247,1,0.3480278422273782,0.3480278422273782,0.3480278422273782,nan,nan
denovo_pdb__8kdq_A,3,574,True,191,191,94,0.49214659685863876,0.46078431372549017,0.4759493670886076,21,8,0.38095238095238093,0.3076923076923077,0.3404255319148936,37,23,0.6216216216216216,0.6388888888888888,0.6301369863013699,133,63,0.47368421052631576,0.44366197183098594,0.45818181818181813,1,0.4759493670886076,0.4759493670886076,0.4759493670886076,nan,nan
denovo_pdb__8oyw_A,0,481,True,160,160,10,0.0625,0.059880239520958084,0.06116207951070336,19,3,0.15789473684210525,0.1875,0.17142857142857143,11,0,0.0,0.0,0.0,130,7,0.05384615384615385,0.05343511450381679,0.053639846743295014,1,0.06116207951070336,0.06116207951070336,0.06116207951070336,nan,nan
denovo_pdb__8oyw_A,1,478,True,159,159,10,0.06289308176100629,0.059880239520958084,0.06134969325153374,27,4,0.14814814814814814,0.25,0.18604651162790697,34,3,0.08823529411764706,0.15,0.11111111111111112,98,3,0.030612244897959183,0.022900763358778626,0.026200873362445413,1,0.06134969325153374,0.06134969325153374,0.06134969325153374,nan,nan
denovo_pdb__8oyw_A,2,457,True,152,152,18,0.11842105263157894,0.10778443113772455,0.1128526645768025,25,4,0.16,0.25,0.19512195121951217,30,7,0.23333333333333334,0.35,0.28,97,7,0.07216494845360824,0.05343511450381679,0.06140350877192982,1,0.1128526645768025,0.1128526645768025,0.1128526645768025,nan,nan
denovo_pdb__8oyw_A,3,532,True,176,176,21,0.11931818181818182,0.12574850299401197,0.12244897959183673,22,5,0.22727272727272727,0.3125,0.2631578947368421,30,8,0.26666666666666666,0.4,0.32,124,8,0.06451612903225806,0.061068702290076333,0.06274509803921569,1,0.12244897959183673,0.12244897959183673,0.12244897959183673,nan,nan
denovo_pdb__8pf0_A,0,598,True,197,197,55,0.27918781725888325,0.40441176470588236,0.3303303303303304,46,22,0.4782608695652174,0.6666666666666666,0.5569620253164557,60,22,0.36666666666666664,0.5116279069767442,0.4271844660194174,91,11,0.12087912087912088,0.18333333333333332,0.1456953642384106,1,0.3303303303303304,0.3303303303303304,0.3303303303303304,nan,nan
denovo_pdb__8pf0_A,1,460,True,153,153,87,0.5686274509803921,0.6397058823529411,0.602076124567474,38,25,0.6578947368421053,0.7575757575757576,0.704225352112676,48,32,0.6666666666666666,0.7441860465116279,0.7032967032967034,67,30,0.44776119402985076,0.5,0.4724409448818898,1,0.602076124567474,0.602076124567474,0.602076124567474,nan,nan
denovo_pdb__8pf0_A,2,496,True,165,165,55,0.3333333333333333,0.40441176470588236,0.36544850498338866,36,20,0.5555555555555556,0.6060606060606061,0.5797101449275361,45,18,0.4,0.4186046511627907,0.40909090909090917,84,17,0.20238095238095238,0.2833333333333333,0.2361111111111111,1,0.36544850498338866,0.36544850498338866,0.36544850498338866,nan,nan
denovo_pdb__8pf0_A,3,577,True,188,188,44,0.23404255319148937,0.3235294117647059,0.271604938271605,47,14,0.2978723404255319,0.42424242424242425,0.35,64,22,0.34375,0.5116279069767442,0.411214953271028,77,8,0.1038961038961039,0.13333333333333333,0.11678832116788321,1,0.271604938271605,0.271604938271605,0.271604938271605,nan,nan
denovo_pdb__8qad_A,0,295,True,98,98,0,0.0,0.0,0.0,12,0,0.0,0.0,0.0,27,0,0.0,0.0,0.0,59,0,0.0,0.0,0.0,1,0.0,0.0,0.0,nan,nan
denovo_pdb__8qad_A,1,307,True,102,102,0,0.0,0.0,0.0,7,0,0.0,0.0,0.0,14,0,0.0,0.0,0.0,81,0,0.0,0.0,0.0,1,0.0,0.0,0.0,nan,nan
denovo_pdb__8qad_A,2,463,True,152,152,6,0.039473684210526314,0.04477611940298507,0.04195804195804195,12,0,0.0,0.0,0.0,15,1,0.06666666666666667,0.02857142857142857,0.04,125,5,0.04,0.05813953488372093,0.04739336492890995,1,0.04195804195804195,0.04195804195804195,0.04195804195804195,nan,nan
denovo_pdb__8qad_A,3,454,True,149,149,0,0.0,0.0,0.0,12,0,0.0,0.0,0.0,21,0,0.0,0.0,0.0,116,0,0.0,0.0,0.0,1,0.0,0.0,0.0,nan,nan
denovo_pdb__8qkd_A,0,844,True,278,278,22,0.07913669064748201,0.09205020920502092,0.0851063829787234,27,1,0.037037037037037035,0.0625,0.046511627906976744,39,3,0.07692307692307693,0.1,0.08695652173913043,212,18,0.08490566037735849,0.09326424870466321,0.08888888888888889,1,0.0851063829787234,0.0851063829787234,0.0851063829787234,nan,nan
denovo_pdb__8qkd_A,1,854,True,283,283,11,0.038869257950530034,0.04602510460251046,0.042145593869731796,15,0,0.0,0.0,0.0,27,1,0.037037037037037035,0.03333333333333333,0.03508771929824562,241,10,0.04149377593360996,0.05181347150259067,0.04608294930875576,1,0.042145593869731796,0.042145593869731796,0.042145593869731796,nan,nan
denovo_pdb__8qkd_A,2,658,True,219,219,27,0.1232876712328767,0.11297071129707113,0.11790393013100436,13,2,0.15384615384615385,0.125,0.13793103448275862,22,5,0.22727272727272727,0.16666666666666666,0.1923076923076923,184,20,0.10869565217391304,0.10362694300518134,0.10610079575596817,1,0.11790393013100436,0.11790393013100436,0.11790393013100436,nan,nan
denovo_pdb__8qkd_A,3,832,True,275,275,49,0.1781818181818182,0.20502092050209206,0.1906614785992218,20,5,0.25,0.3125,0.2777777777777778,30,6,0.2,0.2,0.20000000000000004,225,38,0.1688888888888889,0.19689119170984457,0.18181818181818182,1,0.1906614785992218,0.1906614785992218,0.1906614785992218,nan,nan
denovo_pdb__8qzn_A,0,909,True,299,299,164,0.5484949832775919,0.5795053003533569,0.563573883161512,30,14,0.4666666666666667,0.4375,0.45161290322580644,48,31,0.6458333333333334,0.7209302325581395,0.6813186813186812,221,119,0.5384615384615384,0.5721153846153846,0.5547785547785549,1,0.563573883161512,0.563573883161512,0.563573883161512,nan,nan
denovo_pdb__8qzn_A,1,945,True,312,312,189,0.6057692307692307,0.6678445229681979,0.6352941176470588,40,20,0.5,0.625,0.5555555555555556,58,34,0.5862068965517241,0.7906976744186046,0.6732673267326732,214,135,0.6308411214953271,0.6490384615384616,0.6398104265402844,1,0.6352941176470588,0.6352941176470588,0.6352941176470588,nan,nan
denovo_pdb__8qzn_A,2,559,True,184,184,127,0.6902173913043478,0.44876325088339225,0.5438972162740899,25,16,0.64,0.5,0.5614035087719298,31,25,0.8064516129032258,0.5813953488372093,0.6756756756756758,128,86,0.671875,0.41346153846153844,0.511904761904762,1,0.5438972162740899,0.5438972162740899,0.5438972162740899,nan,nan
denovo_pdb__8qzn_A,3,948,True,313,313,186,0.5942492012779552,0.657243816254417,0.6241610738255033,44,22,0.5,0.6875,0.5789473684210527,46,31,0.6739130434782609,0.7209302325581395,0.6966292134831461,223,133,0.5964125560538116,0.6394230769230769,0.6171693735498839,1,0.6241610738255033,0.6241610738255033,0.6241610738255033,nan,nan
denovo_pdb__8sjf_A,0,178,True,59,59,11,0.1864406779661017,0.14473684210526316,0.16296296296296298,4,1,0.25,0.1111111111111111,0.15384615384615383,13,3,0.23076923076923078,0.1875,0.20689655172413793,42,7,0.16666666666666666,0.13725490196078433,0.15053763440860216,1,0.16296296296296298,0.16296296296296298,0.16296296296296298,nan,nan
denovo_pdb__8sjf_A,1,175,True,58,58,13,0.22413793103448276,0.17105263157894737,0.19402985074626866,8,1,0.125,0.1111111111111111,0.11764705882352941,21,3,0.14285714285714285,0.1875,0.16216216216216214,29,9,0.3103448275862069,0.17647058823529413,0.22500000000000003,1,0.19402985074626866,0.19402985074626866,0.19402985074626866,nan,nan
denovo_pdb__8sjf_A,2,130,True,43,43,4,0.09302325581395349,0.05263157894736842,0.06722689075630252,4,0,0.0,0.0,0.0,14,2,0.14285714285714285,0.125,0.13333333333333333,25,2,0.08,0.0392156862745098,0.05263157894736842,1,0.06722689075630252,0.06722689075630252,0.06722689075630252,nan,nan
denovo_pdb__8sjf_A,3,100,True,33,33,9,0.2727272727272727,0.11842105263157894,0.16513761467889906,5,1,0.2,0.1111111111111111,0.14285714285714285,10,5,0.5,0.3125,0.38461538461538464,18,3,0.16666666666666666,0.058823529411764705,0.08695652173913045,1,0.16513761467889906,0.16513761467889906,0.16513761467889906,nan,nan
denovo_pdb__8vc8_A,0,577,True,191,191,19,0.09947643979057591,0.1292517006802721,0.11242603550295859,17,8,0.47058823529411764,0.38095238095238093,0.42105263157894735,11,2,0.18181818181818182,0.06451612903225806,0.09523809523809523,163,9,0.05521472392638037,0.09473684210526316,0.06976744186046512,1,0.11242603550295859,0.11242603550295859,0.11242603550295859,nan,nan
denovo_pdb__8vc8_A,1,484,True,161,161,7,0.043478260869565216,0.047619047619047616,0.04545454545454545,22,4,0.18181818181818182,0.19047619047619047,0.18604651162790697,22,1,0.045454545454545456,0.03225806451612903,0.03773584905660377,117,2,0.017094017094017096,0.021052631578947368,0.018867924528301886,1,0.04545454545454545,0.04545454545454545,0.04545454545454545,nan,nan
denovo_pdb__8vc8_A,2,511,True,169,169,15,0.08875739644970414,0.10204081632653061,0.09493670886075949,27,6,0.2222222222222222,0.2857142857142857,0.25,25,3,0.12,0.0967741935483871,0.10714285714285714,117,6,0.05128205128205128,0.06315789473684211,0.056603773584905655,1,0.09493670886075949,0.09493670886075949,0.09493670886075949,nan,nan
denovo_pdb__8vc8_A,3,328,True,109,109,8,0.07339449541284404,0.05442176870748299,0.0625,18,5,0.2777777777777778,0.23809523809523808,0.25641025641025644,24,2,0.08333333333333333,0.06451612903225806,0.07272727272727274,67,1,0.014925373134328358,0.010526315789473684,0.012345679012345678,1,0.0625,0.0625,0.0625,nan,nan
denovo_pdb__8vez_A,0,397,True,132,132,26,0.19696969696969696,0.24299065420560748,0.2175732217573222,24,12,0.5,0.6,0.5454545454545454,33,9,0.2727272727272727,0.28125,0.2769230769230769,75,5,0.06666666666666667,0.09090909090909091,0.07692307692307691,1,0.2175732217573222,0.2175732217573222,0.2175732217573222,nan,nan
denovo_pdb__8vez_A,1,406,True,135,135,26,0.1925925925925926,0.24299065420560748,0.21487603305785125,28,10,0.35714285714285715,0.5,0.41666666666666663,38,10,0.2631578947368421,0.3125,0.2857142857142857,69,6,0.08695652173913043,0.10909090909090909,0.0967741935483871,1,0.21487603305785125,0.21487603305785125,0.21487603305785125,nan,nan
denovo_pdb__8vez_A,2,313,True,104,104,35,0.33653846153846156,0.32710280373831774,0.33175355450236965,15,6,0.4,0.3,0.34285714285714286,28,14,0.5,0.4375,0.4666666666666667,61,15,0.2459016393442623,0.2727272727272727,0.2586206896551724,1,0.33175355450236965,0.33175355450236965,0.33175355450236965,nan,nan
denovo_pdb__8vez_A,3,430,True,142,142,21,0.14788732394366197,0.19626168224299065,0.16867469879518074,26,8,0.3076923076923077,0.4,0.34782608695652173,51,13,0.2549019607843137,0.40625,0.3132530120481928,65,0,0.0,0.0,0.0,1,0.16867469879518074,0.16867469879518074,0.16867469879518074,nan,nan
denovo_pdb__8xyr_A,0,346,True,115,115,10,0.08695652173913043,0.053475935828877004,0.06622516556291391,32,6,0.1875,0.2727272727272727,0.2222222222222222,18,1,0.05555555555555555,0.03125,0.04,65,3,0.046153846153846156,0.022556390977443608,0.030303030303030304,1,0.06622516556291391,0.06622516556291391,0.06622516556291391,nan,nan
denovo_pdb__8xyr_A,1,445,True,148,148,20,0.13513513513513514,0.10695187165775401,0.11940298507462688,36,11,0.3055555555555556,0.5,0.37931034482758624,24,5,0.20833333333333334,0.15625,0.17857142857142858,88,4,0.045454545454545456,0.03007518796992481,0.03619909502262443,1,0.11940298507462688,0.11940298507462688,0.11940298507462688,nan,nan
denovo_pdb__8xyr_A,2,499,True,166,166,22,0.13253012048192772,0.11764705882352941,0.1246458923512748,29,7,0.2413793103448276,0.3181818181818182,0.27450980392156865,39,8,0.20512820512820512,0.25,0.22535211267605634,98,7,0.07142857142857142,0.05263157894736842,0.06060606060606061,1,0.1246458923512748,0.1246458923512748,0.1246458923512748,nan,nan
denovo_pdb__8xyr_A,3,373,True,124,124,16,0.12903225806451613,0.0855614973262032,0.10289389067524116,32,6,0.1875,0.2727272727272727,0.2222222222222222,32,0,0.0,0.0,0.0,60,10,0.16666666666666666,0.07518796992481203,0.10362694300518134,1,0.10289389067524116,0.10289389067524116,0.10289389067524116,nan,nan
denovo_pdb__8xyw_A,0,349,True,116,116,63,0.5431034482758621,0.5943396226415094,0.5675675675675675,16,8,0.5,0.5,0.5,23,11,0.4782608695652174,0.5238095238095238,0.5,77,44,0.5714285714285714,0.6376811594202898,0.6027397260273972,1,0.5675675675675675,0.5675675675675675,0.5675675675675675,nan,nan
denovo_pdb__8xyw_A,1,334,True,111,111,58,0.5225225225225225,0.5471698113207547,0.5345622119815667,15,9,0.6,0.5625,0.5806451612903225,22,10,0.45454545454545453,0.47619047619047616,0.46511627906976744,74,39,0.527027027027027,0.5652173913043478,0.5454545454545453,1,0.5345622119815667,0.5345622119815667,0.5345622119815667,nan,nan
denovo_pdb__8xyw_A,2,343,True,113,113,51,0.45132743362831856,0.4811320754716981,0.46575342465753417,18,7,0.3888888888888889,0.4375,0.411764705882353,21,11,0.5238095238095238,0.5238095238095238,0.5238095238095238,74,33,0.44594594594594594,0.4782608695652174,0.46153846153846156,1,0.46575342465753417,0.46575342465753417,0.46575342465753417,nan,nan
denovo_pdb__8xyw_A,3,355,True,118,118,53,0.4491525423728814,0.5,0.47321428571428575,22,9,0.4090909090909091,0.5625,0.47368421052631576,25,10,0.4,0.47619047619047616,0.43478260869565216,71,34,0.4788732394366197,0.4927536231884058,0.4857142857142857,1,0.47321428571428575,0.47321428571428575,0.47321428571428575,nan,nan
denovo_pdb__9bk7_A,0,250,True,80,80,26,0.325,0.4406779661016949,0.3741007194244604,10,5,0.5,0.45454545454545453,0.47619047619047616,12,5,0.4166666666666667,0.625,0.5,58,16,0.27586206896551724,0.4,0.32653061224489793,1,0.3741007194244604,0.3741007194244604,0.3741007194244604,nan,nan
denovo_pdb__9bk7_A,1,325,True,104,104,22,0.21153846153846154,0.3728813559322034,0.26993865030674846,15,7,0.4666666666666667,0.6363636363636364,0.5384615384615385,19,3,0.15789473684210525,0.375,0.22222222222222218,70,12,0.17142857142857143,0.3,0.21818181818181817,1,0.26993865030674846,0.26993865030674846,0.26993865030674846,nan,nan
denovo_pdb__9bk7_A,2,220,True,73,73,25,0.3424657534246575,0.423728813559322,0.3787878787878788,12,4,0.3333333333333333,0.36363636363636365,0.34782608695652173,16,5,0.3125,0.625,0.4166666666666667,45,16,0.35555555555555557,0.4,0.3764705882352941,1,0.3787878787878788,0.3787878787878788,0.3787878787878788,nan,nan
denovo_pdb__9bk7_A,3,220,True,73,73,10,0.136986301369863,0.1694915254237288,0.15151515151515152,9,2,0.2222222222222222,0.18181818181818182,0.19999999999999998,4,1,0.25,0.125,0.16666666666666666,60,7,0.11666666666666667,0.175,0.14,1,0.15151515151515152,0.15151515151515152,0.15151515151515152,nan,nan
denovo_pdb__9d01_A,0,778,True,256,256,23,0.08984375,0.05778894472361809,0.07033639143730887,35,7,0.2,0.23333333333333334,0.2153846153846154,23,2,0.08695652173913043,0.0625,0.07272727272727272,198,14,0.0707070707070707,0.041666666666666664,0.05243445692883894,1,0.07033639143730887,0.07033639143730887,0.07033639143730887,nan,nan
denovo_pdb__9d01_A,1,766,True,254,254,35,0.1377952755905512,0.08793969849246232,0.10736196319018404,43,16,0.37209302325581395,0.5333333333333333,0.4383561643835616,29,5,0.1724137931034483,0.15625,0.1639344262295082,182,14,0.07692307692307693,0.041666666666666664,0.05405405405405406,1,0.10736196319018404,0.10736196319018404,0.10736196319018404,nan,nan
denovo_pdb__9d01_A,2,886,True,295,295,35,0.11864406779661017,0.08793969849246232,0.10101010101010101,29,7,0.2413793103448276,0.23333333333333334,0.23728813559322037,25,7,0.28,0.21875,0.2456140350877193,241,21,0.08713692946058091,0.0625,0.07279029462738301,1,0.10101010101010101,0.10101010101010101,0.10101010101010101,nan,nan
denovo_pdb__9d01_A,3,970,True,319,319,16,0.050156739811912224,0.04020100502512563,0.044630404463040445,30,10,0.3333333333333333,0.3333333333333333,0.3333333333333333,23,4,0.17391304347826086,0.125,0.14545454545454545,266,2,0.007518796992481203,0.005952380952380952,0.006644518272425249,1,0.044630404463040445,0.044630404463040445,0.044630404463040445,nan,nan
denovo_pdb__9db9_A,0,172,True,57,57,13,0.22807017543859648,0.17333333333333334,0.19696969696969696,6,2,0.3333333333333333,0.2,0.25,19,9,0.47368421052631576,0.5625,0.5142857142857142,32,2,0.0625,0.04081632653061224,0.04938271604938272,1,0.19696969696969696,0.19696969696969696,0.19696969696969696,nan,nan
denovo_pdb__9db9_A,1,151,True,50,50,3,0.06,0.04,0.047999999999999994,8,3,0.375,0.3,0.33333333333333326,6,0,0.0,0.0,0.0,36,0,0.0,0.0,0.0,1,0.047999999999999994,0.047999999999999994,0.047999999999999994,nan,nan
denovo_pdb__9db9_A,2,214,True,71,71,5,0.07042253521126761,0.06666666666666667,0.0684931506849315,5,0,0.0,0.0,0.0,15,2,0.13333333333333333,0.125,0.12903225806451615,51,3,0.058823529411764705,0.061224489795918366,0.06,1,0.0684931506849315,0.0684931506849315,0.0684931506849315,nan,nan
denovo_pdb__9db9_A,3,208,True,69,69,20,0.2898550724637681,0.26666666666666666,0.27777777777777773,7,3,0.42857142857142855,0.3,0.3529411764705882,10,3,0.3,0.1875,0.23076923076923075,52,14,0.2692307692307692,0.2857142857142857,0.2772277227722772,1,0.27777777777777773,0.27777777777777773,0.27777777777777773,nan,nan
denovo_pdb__9dbb_A,0,151,True,50,50,15,0.3,0.19736842105263158,0.23809523809523808,8,2,0.25,0.18181818181818182,0.2105263157894737,10,0,0.0,0.0,0.0,32,13,0.40625,0.26,0.3170731707317073,1,0.23809523809523808,0.23809523809523808,0.23809523809523808,nan,nan
denovo_pdb__9dbb_A,1,199,True,66,66,12,0.18181818181818182,0.15789473684210525,0.16901408450704225,3,1,0.3333333333333333,0.09090909090909091,0.14285714285714288,12,2,0.16666666666666666,0.13333333333333333,0.14814814814814814,51,9,0.17647058823529413,0.18,0.17821782178217824,1,0.16901408450704225,0.16901408450704225,0.16901408450704225,nan,nan
denovo_pdb__9dbb_A,2,214,True,71,71,9,0.1267605633802817,0.11842105263157894,0.12244897959183675,10,2,0.2,0.18181818181818182,0.1904761904761905,18,5,0.2777777777777778,0.3333333333333333,0.303030303030303,43,2,0.046511627906976744,0.04,0.04301075268817204,1,0.12244897959183675,0.12244897959183675,0.12244897959183675,nan,nan
denovo_pdb__9dbb_A,3,205,True,68,68,14,0.20588235294117646,0.18421052631578946,0.19444444444444445,9,1,0.1111111111111111,0.09090909090909091,0.09999999999999999,12,2,0.16666666666666666,0.13333333333333333,0.14814814814814814,47,11,0.23404255319148937,0.22,0.2268041237113402,1,0.19444444444444445,0.19444444444444445,0.19444444444444445,nan,nan
denovo_pdb__9dbd_A,0,952,True,316,316,41,0.12974683544303797,0.14335664335664336,0.1362126245847176,28,8,0.2857142857142857,0.27586206896551724,0.28070175438596495,53,16,0.3018867924528302,0.37209302325581395,0.3333333333333333,235,17,0.07234042553191489,0.0794392523364486,0.07572383073496658,1,0.1362126245847176,0.1362126245847176,0.1362126245847176,nan,nan
denovo_pdb__9dbd_A,1,850,True,283,283,22,0.07773851590106007,0.07692307692307693,0.0773286467486819,21,3,0.14285714285714285,0.10344827586206896,0.12000000000000001,49,9,0.1836734693877551,0.20930232558139536,0.1956521739130435,213,10,0.046948356807511735,0.04672897196261682,0.0468384074941452,1,0.0773286467486819,0.0773286467486819,0.0773286467486819,nan,nan
denovo_pdb__9dbd_A,2,991,True,329,329,32,0.0972644376899696,0.11188811188811189,0.1040650406504065,23,4,0.17391304347826086,0.13793103448275862,0.15384615384615385,57,10,0.17543859649122806,0.23255813953488372,0.2,249,18,0.07228915662650602,0.08411214953271028,0.07775377969762418,1,0.1040650406504065,0.1040650406504065,0.1040650406504065,nan,nan
denovo_pdb__9dbd_A,3,865,True,282,282,35,0.12411347517730496,0.12237762237762238,0.12323943661971831,30,8,0.26666666666666666,0.27586206896551724,0.2711864406779661,54,12,0.2222222222222222,0.27906976744186046,0.24742268041237117,198,15,0.07575757575757576,0.07009345794392523,0.07281553398058252,1,0.12323943661971831,0.12323943661971831,0.12323943661971831,nan,nan
denovo_pdb__9dbv_A,0,52,True,17,17,7,0.4117647058823529,0.1044776119402985,0.16666666666666669,6,2,0.3333333333333333,0.25,0.28571428571428575,10,4,0.4,0.25,0.3076923076923077,1,1,1.0,0.023255813953488372,0.04545454545454545,1,0.16666666666666669,0.16666666666666669,0.16666666666666669,nan,nan
denovo_pdb__9dbv_A,1,37,True,12,12,1,0.08333333333333333,0.014925373134328358,0.02531645569620253,6,1,0.16666666666666666,0.125,0.14285714285714288,4,0,0.0,0.0,0.0,2,0,0.0,0.0,0.0,1,0.02531645569620253,0.02531645569620253,0.02531645569620253,nan,nan
denovo_pdb__9dbv_A,2,172,True,57,57,17,0.2982456140350877,0.2537313432835821,0.27419354838709675,8,4,0.5,0.5,0.5,19,8,0.42105263157894735,0.5,0.45714285714285713,30,5,0.16666666666666666,0.11627906976744186,0.136986301369863,1,0.27419354838709675,0.27419354838709675,0.27419354838709675,nan,nan
denovo_pdb__9dbv_A,3,265,True,88,88,25,0.2840909090909091,0.373134328358209,0.32258064516129037,8,4,0.5,0.5,0.5,16,7,0.4375,0.4375,0.4375,64,14,0.21875,0.32558139534883723,0.2616822429906542,1,0.32258064516129037,0.32258064516129037,0.32258064516129037,nan,nan
denovo_pdb__9dcx_A,0,1012,True,333,333,46,0.13813813813813813,0.19913419913419914,0.1631205673758865,36,15,0.4166666666666667,0.5172413793103449,0.46153846153846156,37,14,0.3783783783783784,0.4375,0.40579710144927533,260,17,0.06538461538461539,0.1,0.07906976744186046,1,0.1631205673758865,0.1631205673758865,0.1631205673758865,nan,nan
denovo_pdb__9dcx_A,1,793,True,263,263,50,0.19011406844106463,0.21645021645021645,0.20242914979757085,32,11,0.34375,0.3793103448275862,0.36065573770491804,45,11,0.24444444444444444,0.34375,0.2857142857142857,186,28,0.15053763440860216,0.16470588235294117,0.15730337078651685,1,0.20242914979757085,0.20242914979757085,0.20242914979757085,nan,nan
denovo_pdb__9dcx_A,2,838,True,277,277,45,0.1624548736462094,0.19480519480519481,0.17716535433070865,43,17,0.3953488372093023,0.5862068965517241,0.4722222222222222,48,10,0.20833333333333334,0.3125,0.25,186,18,0.0967741935483871,0.10588235294117647,0.10112359550561799,1,0.17716535433070865,0.17716535433070865,0.17716535433070865,nan,nan
denovo_pdb__9dcx_A,3,768,True,254,254,45,0.17716535433070865,0.19480519480519481,0.18556701030927836,27,13,0.48148148148148145,0.4482758620689655,0.4642857142857143,36,11,0.3055555555555556,0.34375,0.3235294117647059,191,21,0.1099476439790576,0.12352941176470589,0.11634349030470915,1,0.18556701030927836,0.18556701030927836,0.18556701030927836,nan,nan
denovo_pdb__9de4_A,0,190,True,63,63,9,0.14285714285714285,0.13846153846153847,0.140625,7,1,0.14285714285714285,0.125,0.13333333333333333,15,3,0.2,0.2,0.20000000000000004,41,5,0.12195121951219512,0.11904761904761904,0.12048192771084337,1,0.140625,0.140625,0.140625,nan,nan
denovo_pdb__9de4_A,1,88,True,29,29,7,0.2413793103448276,0.1076923076923077,0.14893617021276598,2,1,0.5,0.125,0.2,8,2,0.25,0.13333333333333333,0.1739130434782609,19,4,0.21052631578947367,0.09523809523809523,0.13114754098360656,1,0.14893617021276598,0.14893617021276598,0.14893617021276598,nan,nan
denovo_pdb__9de4_A,2,163,True,54,54,15,0.2777777777777778,0.23076923076923078,0.2521008403361345,3,2,0.6666666666666666,0.25,0.36363636363636365,8,6,0.75,0.4,0.5217391304347827,43,7,0.16279069767441862,0.16666666666666666,0.16470588235294115,1,0.2521008403361345,0.2521008403361345,0.2521008403361345,nan,nan
denovo_pdb__9de4_A,3,109,True,36,36,2,0.05555555555555555,0.03076923076923077,0.039603960396039604,5,2,0.4,0.25,0.3076923076923077,5,0,0.0,0.0,0.0,26,0,0.0,0.0,0.0,1,0.039603960396039604,0.039603960396039604,0.039603960396039604,nan,nan
denovo_pdb__9ded_A,0,313,True,104,104,8,0.07692307692307693,0.064,0.06986899563318777,21,5,0.23809523809523808,0.19230769230769232,0.21276595744680848,17,1,0.058823529411764705,0.02702702702702703,0.03703703703703704,66,2,0.030303030303030304,0.03225806451612903,0.03125,1,0.06986899563318777,0.06986899563318777,0.06986899563318777,nan,nan
denovo_pdb__9ded_A,1,373,True,124,124,19,0.1532258064516129,0.152,0.15261044176706828,18,11,0.6111111111111112,0.4230769230769231,0.5,43,8,0.18604651162790697,0.21621621621621623,0.2,63,0,0.0,0.0,0.0,1,0.15261044176706828,0.15261044176706828,0.15261044176706828,nan,nan
denovo_pdb__9ded_A,2,163,True,54,54,5,0.09259259259259259,0.04,0.055865921787709494,18,4,0.2222222222222222,0.15384615384615385,0.18181818181818185,6,1,0.16666666666666666,0.02702702702702703,0.046511627906976744,30,0,0.0,0.0,0.0,1,0.055865921787709494,0.055865921787709494,0.055865921787709494,nan,nan
denovo_pdb__9ded_A,3,409,True,136,136,42,0.3088235294117647,0.336,0.3218390804597701,33,17,0.5151515151515151,0.6538461538461539,0.576271186440678,35,9,0.2571428571428571,0.24324324324324326,0.25,68,16,0.23529411764705882,0.25806451612903225,0.24615384615384614,1,0.3218390804597701,0.3218390804597701,0.3218390804597701,nan,nan
denovo_pdb__9fw5_A,0,532,True,176,176,15,0.08522727272727272,0.08928571428571429,0.0872093023255814,23,9,0.391304347826087,0.5294117647058824,0.45,11,1,0.09090909090909091,0.04,0.05555555555555555,142,5,0.035211267605633804,0.03968253968253968,0.03731343283582089,1,0.0872093023255814,0.0872093023255814,0.0872093023255814,nan,nan
denovo_pdb__9fw5_A,1,796,True,263,263,29,0.11026615969581749,0.17261904761904762,0.1345707656612529,26,9,0.34615384615384615,0.5294117647058824,0.41860465116279066,39,11,0.28205128205128205,0.44,0.34375,198,9,0.045454545454545456,0.07142857142857142,0.05555555555555555,1,0.1345707656612529,0.1345707656612529,0.1345707656612529,nan,nan
denovo_pdb__9fw5_A,2,625,True,208,208,7,0.03365384615384615,0.041666666666666664,0.03723404255319149,21,3,0.14285714285714285,0.17647058823529413,0.15789473684210528,20,0,0.0,0.0,0.0,167,4,0.023952095808383235,0.031746031746031744,0.027303754266211604,1,0.03723404255319149,0.03723404255319149,0.03723404255319149,nan,nan
denovo_pdb__9fw5_A,3,712,True,235,235,45,0.19148936170212766,0.26785714285714285,0.22332506203473945,19,8,0.42105263157894735,0.47058823529411764,0.4444444444444444,29,10,0.3448275862068966,0.4,0.3703703703703704,187,27,0.1443850267379679,0.21428571428571427,0.17252396166134185,1,0.22332506203473945,0.22332506203473945,0.22332506203473945,nan,nan
denovo_pdb__9fwa_A,0,442,True,146,146,16,0.1095890410958904,0.0963855421686747,0.10256410256410256,17,6,0.35294117647058826,0.42857142857142855,0.3870967741935484,36,7,0.19444444444444445,0.3181818181818182,0.2413793103448276,93,3,0.03225806451612903,0.023076923076923078,0.026905829596412557,1,0.10256410256410256,0.10256410256410256,0.10256410256410256,nan,nan
denovo_pdb__9fwa_A,1,592,True,197,197,8,0.04060913705583756,0.04819277108433735,0.0440771349862259,17,5,0.29411764705882354,0.35714285714285715,0.3225806451612903,37,3,0.08108108108108109,0.13636363636363635,0.10169491525423728,143,0,0.0,0.0,0.0,1,0.0440771349862259,0.0440771349862259,0.0440771349862259,nan,nan
denovo_pdb__9fwa_A,2,502,True,167,167,8,0.04790419161676647,0.04819277108433735,0.04804804804804805,24,4,0.16666666666666666,0.2857142857142857,0.2105263157894737,30,3,0.1,0.13636363636363635,0.11538461538461538,113,1,0.008849557522123894,0.007692307692307693,0.00823045267489712,1,0.04804804804804805,0.04804804804804805,0.04804804804804805,nan,nan
denovo_pdb__9fwa_A,3,427,True,142,142,4,0.028169014084507043,0.024096385542168676,0.025974025974025976,23,2,0.08695652173913043,0.14285714285714285,0.1081081081081081,30,2,0.06666666666666667,0.09090909090909091,0.07692307692307691,89,0,0.0,0.0,0.0,1,0.025974025974025976,0.025974025974025976,0.025974025974025976,nan,nan
denovo_pdb__9h10_A,0,439,True,145,145,9,0.06206896551724138,0.06338028169014084,0.06271777003484322,26,5,0.19230769230769232,0.17857142857142858,0.1851851851851852,37,4,0.10810810810810811,0.125,0.11594202898550725,82,0,0.0,0.0,0.0,1,0.06271777003484322,0.06271777003484322,0.06271777003484322,nan,nan
denovo_pdb__9h10_A,1,427,True,141,141,12,0.0851063829787234,0.08450704225352113,0.08480565371024734,26,9,0.34615384615384615,0.32142857142857145,0.3333333333333333,14,2,0.14285714285714285,0.0625,0.08695652173913043,101,1,0.009900990099009901,0.012195121951219513,0.010928961748633882,1,0.08480565371024734,0.08480565371024734,0.08480565371024734,nan,nan
denovo_pdb__9h10_A,2,745,True,240,240,34,0.14166666666666666,0.23943661971830985,0.17801047120418848,29,13,0.4482758620689655,0.4642857142857143,0.456140350877193,42,6,0.14285714285714285,0.1875,0.16216216216216214,169,15,0.08875739644970414,0.18292682926829268,0.1195219123505976,1,0.17801047120418848,0.17801047120418848,0.17801047120418848,nan,nan
denovo_pdb__9h10_A,3,520,True,172,172,21,0.12209302325581395,0.14788732394366197,0.1337579617834395,29,12,0.41379310344827586,0.42857142857142855,0.42105263157894735,45,5,0.1111111111111111,0.15625,0.12987012987012989,98,4,0.04081632653061224,0.04878048780487805,0.04444444444444444,1,0.1337579617834395,0.1337579617834395,0.1337579617834395,nan,nan
denovo_pdb__9h4c_A,0,277,True,92,92,6,0.06521739130434782,0.08955223880597014,0.07547169811320754,16,3,0.1875,0.25,0.21428571428571427,14,2,0.14285714285714285,0.16666666666666666,0.15384615384615383,62,1,0.016129032258064516,0.023255813953488372,0.019047619047619046,1,0.07547169811320754,0.07547169811320754,0.07547169811320754,nan,nan
denovo_pdb__9h4c_A,1,232,True,77,77,12,0.15584415584415584,0.1791044776119403,0.16666666666666666,11,2,0.18181818181818182,0.16666666666666666,0.17391304347826086,13,4,0.3076923076923077,0.3333333333333333,0.32,53,6,0.11320754716981132,0.13953488372093023,0.125,1,0.16666666666666666,0.16666666666666666,0.16666666666666666,nan,nan
denovo_pdb__9h4c_A,2,58,True,19,19,0,0.0,0.0,0.0,1,0,0.0,0.0,0.0,11,0,0.0,0.0,0.0,7,0,0.0,0.0,0.0,1,0.0,0.0,0.0,nan,nan
denovo_pdb__9h4c_A,3,145,True,48,48,4,0.08333333333333333,0.05970149253731343,0.06956521739130435,10,2,0.2,0.16666666666666666,0.1818181818181818,8,1,0.125,0.08333333333333333,0.1,30,1,0.03333333333333333,0.023255813953488372,0.0273972602739726,1,0.06956521739130435,0.06956521739130435,0.06956521739130435,nan,nan
denovo_pdb__9hnh_A,0,520,True,172,172,14,0.08139534883720931,0.08860759493670886,0.08484848484848485,23,4,0.17391304347826086,0.36363636363636365,0.2352941176470588,39,6,0.15384615384615385,0.20689655172413793,0.17647058823529413,110,4,0.03636363636363636,0.03389830508474576,0.03508771929824561,1,0.08484848484848485,0.08484848484848485,0.08484848484848485,nan,nan
denovo_pdb__9hnh_A,1,502,True,167,167,44,0.2634730538922156,0.27848101265822783,0.27076923076923076,12,3,0.25,0.2727272727272727,0.2608695652173913,33,10,0.30303030303030304,0.3448275862068966,0.32258064516129037,122,31,0.2540983606557377,0.2627118644067797,0.25833333333333336,1,0.27076923076923076,0.27076923076923076,0.27076923076923076,nan,nan
denovo_pdb__9hnh_A,2,439,True,146,146,19,0.13013698630136986,0.12025316455696203,0.125,13,4,0.3076923076923077,0.36363636363636365,0.33333333333333337,34,6,0.17647058823529413,0.20689655172413793,0.19047619047619047,99,9,0.09090909090909091,0.07627118644067797,0.08294930875576038,1,0.125,0.125,0.125,nan,nan
denovo_pdb__9hnh_A,3,517,True,172,172,30,0.1744186046511628,0.189873417721519,0.18181818181818182,25,3,0.12,0.2727272727272727,0.16666666666666666,34,8,0.23529411764705882,0.27586206896551724,0.253968253968254,113,19,0.168141592920354,0.16101694915254236,0.1645021645021645,1,0.18181818181818182,0.18181818181818182,0.18181818181818182,nan,nan
denovo_pdb__9jl9_A,0,361,True,120,120,22,0.18333333333333332,0.11956521739130435,0.14473684210526316,23,9,0.391304347826087,0.375,0.3829787234042554,20,4,0.2,0.10810810810810811,0.14035087719298245,77,9,0.11688311688311688,0.07317073170731707,0.09,1,0.14473684210526316,0.14473684210526316,0.14473684210526316,nan,nan
denovo_pdb__9jl9_A,1,352,True,117,117,15,0.1282051282051282,0.08152173913043478,0.09966777408637874,17,1,0.058823529411764705,0.041666666666666664,0.048780487804878044,14,2,0.14285714285714285,0.05405405405405406,0.0784313725490196,86,12,0.13953488372093023,0.0975609756097561,0.11483253588516747,1,0.09966777408637874,0.09966777408637874,0.09966777408637874,nan,nan
denovo_pdb__9jl9_A,2,451,True,150,150,29,0.19333333333333333,0.15760869565217392,0.17365269461077845,26,9,0.34615384615384615,0.375,0.35999999999999993,25,10,0.4,0.2702702702702703,0.3225806451612903,99,10,0.10101010101010101,0.08130081300813008,0.09009009009009009,1,0.17365269461077845,0.17365269461077845,0.17365269461077845,nan,nan
denovo_pdb__9jl9_A,3,352,True,117,117,15,0.1282051282051282,0.08152173913043478,0.09966777408637874,26,7,0.2692307692307692,0.2916666666666667,0.27999999999999997,23,1,0.043478260869565216,0.02702702702702703,0.03333333333333333,68,7,0.10294117647058823,0.056910569105691054,0.07329842931937172,1,0.09966777408637874,0.09966777408637874,0.09966777408637874,nan,nan
denovo_pdb__9jwo_A,0,793,True,264,264,54,0.20454545454545456,0.21011673151750973,0.2072936660268714,32,8,0.25,0.3333333333333333,0.28571428571428575,45,8,0.17777777777777778,0.1568627450980392,0.16666666666666666,187,38,0.20320855614973263,0.2087912087912088,0.20596205962059622,1,0.2072936660268714,0.2072936660268714,0.2072936660268714,nan,nan
denovo_pdb__9jwo_A,1,874,True,291,291,38,0.13058419243986255,0.14785992217898833,0.1386861313868613,31,7,0.22580645161290322,0.2916666666666667,0.2545454545454545,46,13,0.2826086956521739,0.2549019607843137,0.26804123711340205,214,18,0.08411214953271028,0.0989010989010989,0.0909090909090909,1,0.1386861313868613,0.1386861313868613,0.1386861313868613,nan,nan
denovo_pdb__9jwo_A,2,799,True,265,265,42,0.15849056603773584,0.16342412451361868,0.16091954022988506,29,10,0.3448275862068966,0.4166666666666667,0.37735849056603776,61,7,0.11475409836065574,0.13725490196078433,0.125,175,25,0.14285714285714285,0.13736263736263737,0.1400560224089636,1,0.16091954022988506,0.16091954022988506,0.16091954022988506,nan,nan
denovo_pdb__9jwo_A,3,793,True,264,264,44,0.16666666666666666,0.17120622568093385,0.1689059500959693,37,8,0.21621621621621623,0.3333333333333333,0.26229508196721313,42,9,0.21428571428571427,0.17647058823529413,0.1935483870967742,185,27,0.14594594594594595,0.14835164835164835,0.1471389645776567,1,0.1689059500959693,0.1689059500959693,0.1689059500959693,nan,nan
denovo_pdb__9jwt_A,0,739,True,246,246,42,0.17073170731707318,0.15441176470588236,0.16216216216216217,37,10,0.2702702702702703,0.4,0.3225806451612903,30,8,0.26666666666666666,0.19047619047619047,0.2222222222222222,179,24,0.1340782122905028,0.11707317073170732,0.125,1,0.16216216216216217,0.16216216216216217,0.16216216216216217,nan,nan
denovo_pdb__9jwt_A,1,904,True,300,300,81,0.27,0.2977941176470588,0.28321678321678323,39,11,0.28205128205128205,0.44,0.34375,58,15,0.25862068965517243,0.35714285714285715,0.30000000000000004,203,55,0.270935960591133,0.2682926829268293,0.2696078431372549,1,0.28321678321678323,0.28321678321678323,0.28321678321678323,nan,nan
denovo_pdb__9jwt_A,2,811,True,269,269,57,0.21189591078066913,0.20955882352941177,0.21072088724584104,34,10,0.29411764705882354,0.4,0.33898305084745767,38,12,0.3157894736842105,0.2857142857142857,0.3,197,35,0.17766497461928935,0.17073170731707318,0.17412935323383086,1,0.21072088724584104,0.21072088724584104,0.21072088724584104,nan,nan
denovo_pdb__9jwt_A,3,898,True,298,298,62,0.2080536912751678,0.22794117647058823,0.2175438596491228,35,11,0.3142857142857143,0.44,0.3666666666666667,45,5,0.1111111111111111,0.11904761904761904,0.11494252873563218,218,46,0.21100917431192662,0.22439024390243903,0.21749408983451535,1,0.2175438596491228,0.2175438596491228,0.2175438596491228,nan,nan
denovo_pdb__9lm8_A,0,1135,True,375,375,41,0.10933333333333334,0.13015873015873017,0.11884057971014493,47,17,0.3617021276595745,0.425,0.39080459770114945,52,17,0.3269230769230769,0.2698412698412698,0.29565217391304344,276,7,0.025362318840579712,0.0330188679245283,0.028688524590163935,1,0.11884057971014493,0.11884057971014493,0.11884057971014493,nan,nan
denovo_pdb__9lm8_A,1,1039,True,346,346,49,0.1416184971098266,0.15555555555555556,0.14826021180030258,33,14,0.42424242424242425,0.35,0.3835616438356164,46,15,0.32608695652173914,0.23809523809523808,0.27522935779816515,267,20,0.0749063670411985,0.09433962264150944,0.08350730688935283,1,0.14826021180030258,0.14826021180030258,0.14826021180030258,nan,nan
denovo_pdb__9lm8_A,2,1363,True,450,450,43,0.09555555555555556,0.1365079365079365,0.11241830065359476,49,16,0.32653061224489793,0.4,0.35955056179775274,62,17,0.27419354838709675,0.2698412698412698,0.272,339,10,0.029498525073746312,0.04716981132075472,0.036297640653357534,1,0.11241830065359476,0.11241830065359476,0.11241830065359476,nan,nan
denovo_pdb__9lm8_A,3,1037,True,345,345,54,0.1565217391304348,0.17142857142857143,0.16363636363636364,46,18,0.391304347826087,0.45,0.4186046511627907,55,17,0.3090909090909091,0.2698412698412698,0.288135593220339,244,19,0.0778688524590164,0.08962264150943396,0.08333333333333333,1,0.16363636363636364,0.16363636363636364,0.16363636363636364,nan,nan
denovo_pdb__9lns_A,0,157,True,51,51,4,0.0784313725490196,0.0975609756097561,0.08695652173913043,10,1,0.1,0.5,0.16666666666666669,11,1,0.09090909090909091,0.08333333333333333,0.08695652173913043,30,2,0.06666666666666667,0.07407407407407407,0.07017543859649124,1,0.08695652173913043,0.08695652173913043,0.08695652173913043,nan,nan
denovo_pdb__9lns_A,1,154,True,51,51,33,0.6470588235294118,0.8048780487804879,0.717391304347826,3,2,0.6666666666666666,1.0,0.8,13,10,0.7692307692307693,0.8333333333333334,0.8,35,21,0.6,0.7777777777777778,0.6774193548387097,1,0.717391304347826,0.717391304347826,0.717391304347826,nan,nan
denovo_pdb__9lns_A,2,115,True,38,38,5,0.13157894736842105,0.12195121951219512,0.12658227848101267,6,1,0.16666666666666666,0.5,0.25,13,4,0.3076923076923077,0.3333333333333333,0.32,19,0,0.0,0.0,0.0,1,0.12658227848101267,0.12658227848101267,0.12658227848101267,nan,nan
denovo_pdb__9lns_A,3,151,True,50,50,7,0.14,0.17073170731707318,0.15384615384615385,9,1,0.1111111111111111,0.5,0.1818181818181818,11,2,0.18181818181818182,0.16666666666666666,0.17391304347826086,30,4,0.13333333333333333,0.14814814814814814,0.14035087719298248,1,0.15384615384615385,0.15384615384615385,0.15384615384615385,nan,nan
denovo_pdb__9mxx_A,0,415,True,138,138,20,0.14492753623188406,0.12048192771084337,0.13157894736842105,27,10,0.37037037037037035,0.38461538461538464,0.3773584905660377,50,9,0.18,0.225,0.19999999999999998,61,1,0.01639344262295082,0.01,0.012422360248447206,1,0.13157894736842105,0.13157894736842105,0.13157894736842105,nan,nan
denovo_pdb__9mxx_A,1,523,True,174,174,15,0.08620689655172414,0.09036144578313253,0.08823529411764705,24,3,0.125,0.11538461538461539,0.12000000000000001,54,8,0.14814814814814814,0.2,0.1702127659574468,96,4,0.041666666666666664,0.04,0.04081632653061224,1,0.08823529411764705,0.08823529411764705,0.08823529411764705,nan,nan
denovo_pdb__9mxx_A,2,541,True,175,175,31,0.17714285714285713,0.18674698795180722,0.18181818181818182,32,16,0.5,0.6153846153846154,0.5517241379310345,58,11,0.1896551724137931,0.275,0.22448979591836735,85,4,0.047058823529411764,0.04,0.04324324324324324,1,0.18181818181818182,0.18181818181818182,0.18181818181818182,nan,nan
denovo_pdb__9mxx_A,3,340,True,113,113,18,0.1592920353982301,0.10843373493975904,0.12903225806451613,28,6,0.21428571428571427,0.23076923076923078,0.22222222222222224,44,9,0.20454545454545456,0.225,0.2142857142857143,41,3,0.07317073170731707,0.03,0.0425531914893617,1,0.12903225806451613,0.12903225806451613,0.12903225806451613,nan,nan
denovo_pdb__9qdp_A,0,358,True,119,119,10,0.08403361344537816,0.07142857142857142,0.07722007722007722,12,1,0.08333333333333333,0.06666666666666667,0.07407407407407407,24,3,0.125,0.2,0.15384615384615385,83,6,0.07228915662650602,0.05454545454545454,0.0621761658031088,1,0.07722007722007722,0.07722007722007722,0.07722007722007722,nan,nan
denovo_pdb__9qdp_A,1,427,True,141,141,16,0.11347517730496454,0.11428571428571428,0.11387900355871887,14,4,0.2857142857142857,0.26666666666666666,0.2758620689655172,20,5,0.25,0.3333333333333333,0.28571428571428575,107,7,0.06542056074766354,0.06363636363636363,0.06451612903225806,1,0.11387900355871887,0.11387900355871887,0.11387900355871887,nan,nan
denovo_pdb__9qdp_A,2,403,True,134,134,14,0.1044776119402985,0.1,0.10218978102189781,20,6,0.3,0.4,0.34285714285714286,20,4,0.2,0.26666666666666666,0.2285714285714286,94,4,0.0425531914893617,0.03636363636363636,0.03921568627450981,1,0.10218978102189781,0.10218978102189781,0.10218978102189781,nan,nan
denovo_pdb__9qdp_A,3,457,True,152,152,15,0.09868421052631579,0.10714285714285714,0.10273972602739727,19,3,0.15789473684210525,0.2,0.17647058823529413,34,4,0.11764705882352941,0.26666666666666666,0.163265306122449,99,8,0.08080808080808081,0.07272727272727272,0.07655502392344499,1,0.10273972602739727,0.10273972602739727,0.10273972602739727,nan,nan
denovo_pdb__9quc_A,0,595,True,198,198,41,0.20707070707070707,0.25,0.2265193370165746,33,17,0.5151515151515151,0.6538461538461539,0.576271186440678,34,12,0.35294117647058826,0.46153846153846156,0.4000000000000001,131,12,0.0916030534351145,0.10714285714285714,0.09876543209876544,1,0.2265193370165746,0.2265193370165746,0.2265193370165746,nan,nan
denovo_pdb__9quc_A,1,550,True,182,182,16,0.08791208791208792,0.0975609756097561,0.092485549132948,22,9,0.4090909090909091,0.34615384615384615,0.37500000000000006,16,3,0.1875,0.11538461538461539,0.14285714285714285,144,4,0.027777777777777776,0.03571428571428571,0.03125,1,0.092485549132948,0.092485549132948,0.092485549132948,nan,nan
denovo_pdb__9quc_A,2,388,True,129,129,26,0.20155038759689922,0.15853658536585366,0.17747440273037543,22,14,0.6363636363636364,0.5384615384615384,0.5833333333333334,33,5,0.15151515151515152,0.19230769230769232,0.1694915254237288,74,7,0.0945945945945946,0.0625,0.07526881720430108,1,0.17747440273037543,0.17747440273037543,0.17747440273037543,nan,nan
denovo_pdb__9quc_A,3,619,True,202,202,33,0.16336633663366337,0.20121951219512196,0.18032786885245902,32,15,0.46875,0.5769230769230769,0.5172413793103449,33,7,0.21212121212121213,0.2692307692307692,0.23728813559322037,137,11,0.08029197080291971,0.09821428571428571,0.08835341365461846,1,0.18032786885245902,0.18032786885245902,0.18032786885245902,nan,nan
denovo_pdb__9qui_A,0,319,True,106,106,38,0.3584905660377358,0.24836601307189543,0.29343629343629346,32,16,0.5,0.6666666666666666,0.5714285714285715,31,13,0.41935483870967744,0.52,0.46428571428571425,43,9,0.20930232558139536,0.08653846153846154,0.12244897959183673,1,0.29343629343629346,0.29343629343629346,0.29343629343629346,nan,nan
denovo_pdb__9qui_A,1,454,True,151,151,16,0.10596026490066225,0.10457516339869281,0.10526315789473684,21,10,0.47619047619047616,0.4166666666666667,0.4444444444444445,20,3,0.15,0.12,0.1333333333333333,110,3,0.02727272727272727,0.028846153846153848,0.028037383177570093,1,0.10526315789473684,0.10526315789473684,0.10526315789473684,nan,nan
denovo_pdb__9qui_A,2,376,True,125,125,29,0.232,0.1895424836601307,0.20863309352517986,26,12,0.46153846153846156,0.5,0.48000000000000004,18,7,0.3888888888888889,0.28,0.32558139534883723,81,10,0.12345679012345678,0.09615384615384616,0.10810810810810813,1,0.20863309352517986,0.20863309352517986,0.20863309352517986,nan,nan
denovo_pdb__9qui_A,3,496,True,165,165,32,0.19393939393939394,0.20915032679738563,0.2012578616352201,25,16,0.64,0.6666666666666666,0.6530612244897959,38,8,0.21052631578947367,0.32,0.25396825396825395,102,8,0.0784313725490196,0.07692307692307693,0.07766990291262137,1,0.2012578616352201,0.2012578616352201,0.2012578616352201,nan,nan
denovo_pdb__9quo_A,0,526,True,175,175,61,0.3485714285714286,0.3765432098765432,0.3620178041543027,24,15,0.625,0.625,0.625,29,8,0.27586206896551724,0.32,0.29629629629629634,122,38,0.3114754098360656,0.336283185840708,0.32340425531914896,1,0.3620178041543027,0.3620178041543027,0.3620178041543027,nan,nan
denovo_pdb__9quo_A,1,517,True,170,170,23,0.13529411764705881,0.1419753086419753,0.13855421686746988,36,10,0.2777777777777778,0.4166666666666667,0.33333333333333337,25,6,0.24,0.24,0.24,109,7,0.06422018348623854,0.061946902654867256,0.06306306306306307,1,0.13855421686746988,0.13855421686746988,0.13855421686746988,nan,nan
denovo_pdb__9quo_A,2,340,True,113,113,17,0.1504424778761062,0.10493827160493827,0.12363636363636363,27,11,0.4074074074074074,0.4583333333333333,0.4313725490196078,19,4,0.21052631578947367,0.16,0.1818181818181818,67,2,0.029850746268656716,0.017699115044247787,0.02222222222222222,1,0.12363636363636363,0.12363636363636363,0.12363636363636363,nan,nan
denovo_pdb__9quo_A,3,535,True,176,176,47,0.26704545454545453,0.29012345679012347,0.2781065088757397,30,17,0.5666666666666667,0.7083333333333334,0.6296296296296297,38,9,0.23684210526315788,0.36,0.2857142857142857,108,21,0.19444444444444445,0.18584070796460178,0.19004524886877827,1,0.2781065088757397,0.2781065088757397,0.2781065088757397,nan,nan
denovo_pdb__9r0z_A,0,268,True,89,89,33,0.3707865168539326,0.336734693877551,0.3529411764705882,32,15,0.46875,0.6521739130434783,0.5454545454545454,38,15,0.39473684210526316,0.40540540540540543,0.4,19,3,0.15789473684210525,0.07894736842105263,0.10526315789473684,1,0.3529411764705882,0.3529411764705882,0.3529411764705882,nan,nan
denovo_pdb__9r0z_A,1,301,True,100,100,36,0.36,0.3673469387755102,0.3636363636363636,24,13,0.5416666666666666,0.5652173913043478,0.5531914893617021,34,15,0.4411764705882353,0.40540540540540543,0.4225352112676056,42,8,0.19047619047619047,0.21052631578947367,0.2,1,0.3636363636363636,0.3636363636363636,0.3636363636363636,nan,nan
denovo_pdb__9r0z_A,2,301,True,100,100,52,0.52,0.5306122448979592,0.5252525252525252,27,18,0.6666666666666666,0.782608695652174,0.72,38,20,0.5263157894736842,0.5405405405405406,0.5333333333333333,35,14,0.4,0.3684210526315789,0.3835616438356164,1,0.5252525252525252,0.5252525252525252,0.5252525252525252,nan,nan
denovo_pdb__9r0z_A,3,292,True,97,97,21,0.21649484536082475,0.21428571428571427,0.21538461538461537,25,7,0.28,0.30434782608695654,0.2916666666666667,39,6,0.15384615384615385,0.16216216216216217,0.15789473684210525,33,8,0.24242424242424243,0.21052631578947367,0.22535211267605634,1,0.21538461538461537,0.21538461538461537,0.21538461538461537,nan,nan
denovo_pdb__9r1j_A,0,280,True,93,93,27,0.2903225806451613,0.23478260869565218,0.2596153846153846,5,1,0.2,0.1111111111111111,0.14285714285714285,19,10,0.5263157894736842,0.45454545454545453,0.4878048780487805,69,16,0.2318840579710145,0.19047619047619047,0.20915032679738563,1,0.2596153846153846,0.2596153846153846,0.2596153846153846,nan,nan
denovo_pdb__9r1j_A,1,370,True,123,123,16,0.13008130081300814,0.1391304347826087,0.13445378151260506,10,2,0.2,0.2222222222222222,0.2105263157894737,21,3,0.14285714285714285,0.13636363636363635,0.1395348837209302,92,11,0.11956521739130435,0.13095238095238096,0.125,1,0.13445378151260506,0.13445378151260506,0.13445378151260506,nan,nan
denovo_pdb__9r1j_A,2,328,True,109,109,11,0.10091743119266056,0.09565217391304348,0.09821428571428573,6,0,0.0,0.0,0.0,17,4,0.23529411764705882,0.18181818181818182,0.20512820512820512,86,7,0.08139534883720931,0.08333333333333333,0.08235294117647057,1,0.09821428571428573,0.09821428571428573,0.09821428571428573,nan,nan
denovo_pdb__9r1j_A,3,154,True,51,51,25,0.49019607843137253,0.21739130434782608,0.3012048192771084,6,1,0.16666666666666666,0.1111111111111111,0.13333333333333333,11,7,0.6363636363636364,0.3181818181818182,0.4242424242424242,34,17,0.5,0.20238095238095238,0.288135593220339,1,0.3012048192771084,0.3012048192771084,0.3012048192771084,nan,nan
denovo_pdb__9r1l_A,0,82,True,27,27,17,0.6296296296296297,0.1574074074074074,0.2518518518518519,2,2,1.0,0.2,0.33333333333333337,5,5,1.0,0.25,0.4,20,10,0.5,0.1282051282051282,0.2040816326530612,1,0.2518518518518519,0.2518518518518519,0.2518518518518519,nan,nan
denovo_pdb__9r1l_A,1,390,True,128,128,18,0.140625,0.16666666666666666,0.15254237288135594,11,4,0.36363636363636365,0.4,0.380952380952381,24,5,0.20833333333333334,0.25,0.22727272727272727,93,9,0.0967741935483871,0.11538461538461539,0.10526315789473684,1,0.15254237288135594,0.15254237288135594,0.15254237288135594,nan,nan
denovo_pdb__9r1l_A,2,346,True,115,115,58,0.5043478260869565,0.5370370370370371,0.5201793721973095,13,7,0.5384615384615384,0.7,0.608695652173913,25,14,0.56,0.7,0.6222222222222222,77,37,0.4805194805194805,0.47435897435897434,0.47741935483870973,1,0.5201793721973095,0.5201793721973095,0.5201793721973095,nan,nan
denovo_pdb__9r1l_A,3,370,True,123,123,13,0.10569105691056911,0.12037037037037036,0.11255411255411256,6,1,0.16666666666666666,0.1,0.125,19,2,0.10526315789473684,0.1,0.10256410256410256,98,10,0.10204081632653061,0.1282051282051282,0.11363636363636363,1,0.11255411255411256,0.11255411255411256,0.11255411255411256,nan,nan
denovo_pdb__9r1n_A,0,357,True,117,117,23,0.19658119658119658,0.42592592592592593,0.2690058479532164,9,3,0.3333333333333333,0.5,0.4,18,9,0.5,0.6923076923076923,0.5806451612903226,90,11,0.12222222222222222,0.3142857142857143,0.176,1,0.2690058479532164,0.2690058479532164,0.2690058479532164,nan,nan
denovo_pdb__9r1n_A,1,352,True,117,117,9,0.07692307692307693,0.16666666666666666,0.10526315789473684,6,1,0.16666666666666666,0.16666666666666666,0.16666666666666666,14,2,0.14285714285714285,0.15384615384615385,0.14814814814814817,97,6,0.061855670103092786,0.17142857142857143,0.09090909090909091,1,0.10526315789473684,0.10526315789473684,0.10526315789473684,nan,nan
denovo_pdb__9r1n_A,2,367,True,121,121,7,0.05785123966942149,0.12962962962962962,0.08,17,1,0.058823529411764705,0.16666666666666666,0.08695652173913045,30,1,0.03333333333333333,0.07692307692307693,0.046511627906976744,74,5,0.06756756756756757,0.14285714285714285,0.09174311926605505,1,0.08,0.08,0.08,nan,nan
denovo_pdb__9r1n_A,3,382,True,126,126,8,0.06349206349206349,0.14814814814814814,0.08888888888888888,7,2,0.2857142857142857,0.3333333333333333,0.30769230769230765,16,0,0.0,0.0,0.0,103,6,0.05825242718446602,0.17142857142857143,0.08695652173913043,1,0.08888888888888888,0.08888888888888888,0.08888888888888888,nan,nan
denovo_pdb__9r7f_A,0,442,True,147,147,11,0.07482993197278912,0.08029197080291971,0.07746478873239437,18,4,0.2222222222222222,0.17391304347826086,0.1951219512195122,18,3,0.16666666666666666,0.14285714285714285,0.15384615384615383,111,4,0.036036036036036036,0.043010752688172046,0.0392156862745098,1,0.07746478873239437,0.07746478873239437,0.07746478873239437,nan,nan
denovo_pdb__9r7f_A,1,517,True,171,171,7,0.04093567251461988,0.051094890510948905,0.045454545454545456,23,5,0.21739130434782608,0.21739130434782608,0.21739130434782608,25,2,0.08,0.09523809523809523,0.08695652173913043,123,0,0.0,0.0,0.0,1,0.045454545454545456,0.045454545454545456,0.045454545454545456,nan,nan
denovo_pdb__9r7f_A,2,364,True,121,121,7,0.05785123966942149,0.051094890510948905,0.054263565891472874,10,3,0.3,0.13043478260869565,0.18181818181818182,16,2,0.125,0.09523809523809523,0.1081081081081081,95,2,0.021052631578947368,0.021505376344086023,0.02127659574468085,1,0.054263565891472874,0.054263565891472874,0.054263565891472874,nan,nan
denovo_pdb__9r7f_A,3,457,True,152,152,16,0.10526315789473684,0.11678832116788321,0.1107266435986159,11,6,0.5454545454545454,0.2608695652173913,0.3529411764705882,27,4,0.14814814814814814,0.19047619047619047,0.16666666666666666,114,6,0.05263157894736842,0.06451612903225806,0.05797101449275362,1,0.1107266435986159,0.1107266435986159,0.1107266435986159,nan,nan
denovo_pdb__9raq_A,0,322,True,107,107,10,0.09345794392523364,0.06944444444444445,0.07968127490039842,20,8,0.4,0.25806451612903225,0.3137254901960784,14,1,0.07142857142857142,0.03125,0.043478260869565216,73,1,0.0136986301369863,0.012345679012345678,0.012987012987012988,1,0.07968127490039842,0.07968127490039842,0.07968127490039842,nan,nan
denovo_pdb__9raq_A,1,553,True,183,183,20,0.1092896174863388,0.1388888888888889,0.12232415902140671,28,10,0.35714285714285715,0.3225806451612903,0.3389830508474576,35,6,0.17142857142857143,0.1875,0.1791044776119403,120,4,0.03333333333333333,0.04938271604938271,0.03980099502487563,1,0.12232415902140671,0.12232415902140671,0.12232415902140671,nan,nan
denovo_pdb__9raq_A,2,400,True,133,133,15,0.11278195488721804,0.10416666666666667,0.10830324909747291,29,12,0.41379310344827586,0.3870967741935484,0.39999999999999997,22,3,0.13636363636363635,0.09375,0.1111111111111111,82,0,0.0,0.0,0.0,1,0.10830324909747291,0.10830324909747291,0.10830324909747291,nan,nan
denovo_pdb__9raq_A,3,340,True,113,113,17,0.1504424778761062,0.11805555555555555,0.13229571984435798,26,12,0.46153846153846156,0.3870967741935484,0.42105263157894735,30,4,0.13333333333333333,0.125,0.12903225806451615,57,1,0.017543859649122806,0.012345679012345678,0.014492753623188404,1,0.13229571984435798,0.13229571984435798,0.13229571984435798,nan,nan
denovo_pdb__9rb0_A,0,523,True,171,171,21,0.12280701754385964,0.14893617021276595,0.1346153846153846,31,11,0.3548387096774194,0.4074074074074074,0.3793103448275862,47,5,0.10638297872340426,0.17857142857142858,0.13333333333333333,93,5,0.053763440860215055,0.05813953488372093,0.0558659217877095,1,0.1346153846153846,0.1346153846153846,0.1346153846153846,nan,nan
denovo_pdb__9rb0_A,1,454,True,150,150,17,0.11333333333333333,0.12056737588652482,0.11683848797250858,29,11,0.3793103448275862,0.4074074074074074,0.39285714285714285,37,6,0.16216216216216217,0.21428571428571427,0.1846153846153846,84,0,0.0,0.0,0.0,1,0.11683848797250858,0.11683848797250858,0.11683848797250858,nan,nan
denovo_pdb__9rb0_A,2,367,True,122,122,48,0.39344262295081966,0.3404255319148936,0.36501901140684406,25,11,0.44,0.4074074074074074,0.4230769230769231,21,10,0.47619047619047616,0.35714285714285715,0.40816326530612246,76,27,0.35526315789473684,0.313953488372093,0.3333333333333333,1,0.36501901140684406,0.36501901140684406,0.36501901140684406,nan,nan
denovo_pdb__9rb0_A,3,493,True,164,164,12,0.07317073170731707,0.0851063829787234,0.07868852459016393,30,8,0.26666666666666666,0.2962962962962963,0.28070175438596495,33,2,0.06060606060606061,0.07142857142857142,0.06557377049180328,101,2,0.019801980198019802,0.023255813953488372,0.0213903743315508,1,0.07868852459016393,0.07868852459016393,0.07868852459016393,nan,nan
denovo_pdb__9szu_A,0,1090,True,360,360,68,0.18888888888888888,0.20238095238095238,0.19540229885057472,70,24,0.34285714285714286,0.46153846153846156,0.3934426229508197,83,16,0.1927710843373494,0.3018867924528302,0.23529411764705882,207,28,0.13526570048309178,0.12121212121212122,0.1278538812785388,1,0.19540229885057472,0.19540229885057472,0.19540229885057472,nan,nan
denovo_pdb__9szu_A,1,886,True,295,295,53,0.17966101694915254,0.15773809523809523,0.16798732171156894,67,21,0.31343283582089554,0.40384615384615385,0.35294117647058826,70,11,0.15714285714285714,0.20754716981132076,0.1788617886178862,158,21,0.13291139240506328,0.09090909090909091,0.10796915167095116,1,0.16798732171156894,0.16798732171156894,0.16798732171156894,nan,nan
denovo_pdb__9szu_A,2,1081,True,357,357,69,0.19327731092436976,0.20535714285714285,0.1991341991341991,66,27,0.4090909090909091,0.5192307692307693,0.45762711864406785,95,17,0.17894736842105263,0.32075471698113206,0.22972972972972974,196,25,0.12755102040816327,0.10822510822510822,0.11709601873536299,1,0.1991341991341991,0.1991341991341991,0.1991341991341991,nan,nan
denovo_pdb__9szu_A,3,1156,True,378,378,43,0.11375661375661375,0.12797619047619047,0.12044817927170867,62,13,0.20967741935483872,0.25,0.22807017543859648,78,9,0.11538461538461539,0.16981132075471697,0.13740458015267176,238,21,0.08823529411764706,0.09090909090909091,0.08955223880597016,1,0.12044817927170867,0.12044817927170867,0.12044817927170867,nan,nan
denovo_pdb__9tau_A,0,295,True,98,98,17,0.17346938775510204,0.21518987341772153,0.192090395480226,6,2,0.3333333333333333,0.2857142857142857,0.30769230769230765,18,8,0.4444444444444444,0.36363636363636365,0.39999999999999997,74,7,0.0945945945945946,0.14,0.11290322580645162,1,0.192090395480226,0.192090395480226,0.192090395480226,nan,nan
denovo_pdb__9tau_A,1,115,True,38,38,18,0.47368421052631576,0.22784810126582278,0.30769230769230765,9,5,0.5555555555555556,0.7142857142857143,0.6250000000000001,14,9,0.6428571428571429,0.4090909090909091,0.5000000000000001,15,4,0.26666666666666666,0.08,0.12307692307692307,1,0.30769230769230765,0.30769230769230765,0.30769230769230765,nan,nan
denovo_pdb__9tau_A,2,241,True,80,80,43,0.5375,0.5443037974683544,0.5408805031446542,9,6,0.6666666666666666,0.8571428571428571,0.75,17,11,0.6470588235294118,0.5,0.5641025641025642,54,26,0.48148148148148145,0.52,0.5,1,0.5408805031446542,0.5408805031446542,0.5408805031446542,nan,nan
denovo_pdb__9tau_A,3,262,True,87,87,27,0.3103448275862069,0.34177215189873417,0.3253012048192771,14,4,0.2857142857142857,0.5714285714285714,0.38095238095238093,19,10,0.5263157894736842,0.45454545454545453,0.4878048780487805,54,13,0.24074074074074073,0.26,0.25,1,0.3253012048192771,0.3253012048192771,0.3253012048192771,nan,nan
denovo_pdb__9v3a_A,0,97,True,32,32,11,0.34375,0.12941176470588237,0.18803418803418806,13,4,0.3076923076923077,0.3076923076923077,0.3076923076923077,14,6,0.42857142857142855,0.375,0.39999999999999997,5,1,0.2,0.017857142857142856,0.03278688524590164,1,0.18803418803418806,0.18803418803418806,0.18803418803418806,nan,nan
denovo_pdb__9v3a_A,1,304,True,101,101,21,0.2079207920792079,0.24705882352941178,0.22580645161290325,14,6,0.42857142857142855,0.46153846153846156,0.4444444444444445,27,6,0.2222222222222222,0.375,0.27906976744186046,60,9,0.15,0.16071428571428573,0.15517241379310345,1,0.22580645161290325,0.22580645161290325,0.22580645161290325,nan,nan
denovo_pdb__9v3a_A,2,232,True,77,77,13,0.16883116883116883,0.15294117647058825,0.16049382716049385,13,7,0.5384615384615384,0.5384615384615384,0.5384615384615384,10,4,0.4,0.25,0.3076923076923077,54,2,0.037037037037037035,0.03571428571428571,0.03636363636363636,1,0.16049382716049385,0.16049382716049385,0.16049382716049385,nan,nan
denovo_pdb__9v3a_A,3,268,True,89,89,19,0.21348314606741572,0.2235294117647059,0.21839080459770116,17,7,0.4117647058823529,0.5384615384615384,0.4666666666666667,21,7,0.3333333333333333,0.4375,0.37837837837837834,51,5,0.09803921568627451,0.08928571428571429,0.09345794392523364,1,0.21839080459770116,0.21839080459770116,0.21839080459770116,nan,nan
denovo_pdb__9vp8_A,0,295,True,98,98,14,0.14285714285714285,0.11764705882352941,0.12903225806451615,17,4,0.23529411764705882,0.21052631578947367,0.2222222222222222,32,4,0.125,0.2,0.15384615384615385,49,6,0.12244897959183673,0.075,0.09302325581395349,1,0.12903225806451615,0.12903225806451615,0.12903225806451615,nan,nan
denovo_pdb__9vp8_A,1,208,True,69,69,5,0.07246376811594203,0.04201680672268908,0.05319148936170213,12,4,0.3333333333333333,0.21052631578947367,0.2580645161290323,6,0,0.0,0.0,0.0,51,1,0.0196078431372549,0.0125,0.015267175572519085,1,0.05319148936170213,0.05319148936170213,0.05319148936170213,nan,nan
denovo_pdb__9vp8_A,2,352,True,117,117,6,0.05128205128205128,0.05042016806722689,0.05084745762711864,26,4,0.15384615384615385,0.21052631578947367,0.17777777777777778,23,2,0.08695652173913043,0.1,0.09302325581395349,68,0,0.0,0.0,0.0,1,0.05084745762711864,0.05084745762711864,0.05084745762711864,nan,nan
denovo_pdb__9vp8_A,3,265,True,88,88,16,0.18181818181818182,0.13445378151260504,0.15458937198067632,14,8,0.5714285714285714,0.42105263157894735,0.48484848484848486,12,3,0.25,0.15,0.18749999999999997,62,5,0.08064516129032258,0.0625,0.07042253521126761,1,0.15458937198067632,0.15458937198067632,0.15458937198067632,nan,nan
denovo_pdb__9x1w_A,0,133,True,44,44,10,0.22727272727272727,0.23255813953488372,0.22988505747126436,5,2,0.4,0.3333333333333333,0.3636363636363636,9,2,0.2222222222222222,0.5,0.30769230769230765,30,6,0.2,0.18181818181818182,0.1904761904761905,1,0.22988505747126436,0.22988505747126436,0.22988505747126436,nan,nan
denovo_pdb__9x1w_A,1,91,True,30,30,22,0.7333333333333333,0.5116279069767442,0.6027397260273971,3,2,0.6666666666666666,0.3333333333333333,0.4444444444444444,5,0,0.0,0.0,0.0,22,20,0.9090909090909091,0.6060606060606061,0.7272727272727273,1,0.6027397260273971,0.6027397260273971,0.6027397260273971,nan,nan
denovo_pdb__9x1w_A,2,103,True,34,34,15,0.4411764705882353,0.3488372093023256,0.38961038961038963,4,2,0.5,0.3333333333333333,0.4,9,3,0.3333333333333333,0.75,0.46153846153846156,21,10,0.47619047619047616,0.30303030303030304,0.37037037037037035,1,0.38961038961038963,0.38961038961038963,0.38961038961038963,nan,nan
denovo_pdb__9x1w_A,3,232,True,76,76,4,0.05263157894736842,0.09302325581395349,0.06722689075630252,13,0,0.0,0.0,0.0,13,1,0.07692307692307693,0.25,0.11764705882352941,50,3,0.06,0.09090909090909091,0.07228915662650602,1,0.06722689075630252,0.06722689075630252,0.06722689075630252,nan,nan
denovo_pdb__9xzo_A,0,346,True,115,115,79,0.6869565217391305,0.7053571428571429,0.696035242290749,17,14,0.8235294117647058,0.7,0.7567567567567567,28,21,0.75,0.8076923076923077,0.7777777777777779,70,44,0.6285714285714286,0.6666666666666666,0.6470588235294118,1,0.696035242290749,0.696035242290749,0.696035242290749,nan,nan
denovo_pdb__9xzo_A,1,379,True,123,123,72,0.5853658536585366,0.6428571428571429,0.6127659574468085,19,14,0.7368421052631579,0.7,0.717948717948718,28,18,0.6428571428571429,0.6923076923076923,0.6666666666666666,76,40,0.5263157894736842,0.6060606060606061,0.5633802816901409,1,0.6127659574468085,0.6127659574468085,0.6127659574468085,nan,nan
denovo_pdb__9xzo_A,2,406,True,131,131,83,0.6335877862595419,0.7410714285714286,0.6831275720164608,21,14,0.6666666666666666,0.7,0.6829268292682926,33,20,0.6060606060606061,0.7692307692307693,0.6779661016949152,77,49,0.6363636363636364,0.7424242424242424,0.6853146853146853,1,0.6831275720164608,0.6831275720164608,0.6831275720164608,nan,nan
denovo_pdb__9xzo_A,3,367,True,122,122,78,0.639344262295082,0.6964285714285714,0.6666666666666667,19,13,0.6842105263157895,0.65,0.6666666666666667,31,21,0.6774193548387096,0.8076923076923077,0.7368421052631579,72,44,0.6111111111111112,0.6666666666666666,0.6376811594202899,1,0.6666666666666667,0.6666666666666667,0.6666666666666667,nan,nan
foldbench100__7pv5_A,0,211,True,70,70,28,0.4,0.4375,0.41791044776119407,12,6,0.5,0.5,0.5,12,4,0.3333333333333333,0.36363636363636365,0.34782608695652173,46,18,0.391304347826087,0.43902439024390244,0.4137931034482759,1,0.41791044776119407,0.41791044776119407,0.41791044776119407,nan,nan
foldbench100__7pv5_A,1,238,True,79,79,23,0.2911392405063291,0.359375,0.32167832167832167,13,4,0.3076923076923077,0.3333333333333333,0.32,15,4,0.26666666666666666,0.36363636363636365,0.30769230769230765,51,15,0.29411764705882354,0.36585365853658536,0.32608695652173914,1,0.32167832167832167,0.32167832167832167,0.32167832167832167,nan,nan
foldbench100__7pv5_A,2,229,True,76,76,17,0.2236842105263158,0.265625,0.24285714285714285,12,4,0.3333333333333333,0.3333333333333333,0.3333333333333333,14,2,0.14285714285714285,0.18181818181818182,0.16,50,11,0.22,0.2682926829268293,0.2417582417582418,1,0.24285714285714285,0.24285714285714285,0.24285714285714285,nan,nan
foldbench100__7pv5_A,3,268,True,89,89,31,0.34831460674157305,0.484375,0.4052287581699347,11,7,0.6363636363636364,0.5833333333333334,0.6086956521739131,18,3,0.16666666666666666,0.2727272727272727,0.20689655172413793,60,21,0.35,0.5121951219512195,0.4158415841584158,1,0.4052287581699347,0.4052287581699347,0.4052287581699347,nan,nan
foldbench100__7qsj_A,0,1174,True,388,388,49,0.12628865979381443,0.14121037463976946,0.13333333333333333,52,10,0.19230769230769232,0.17543859649122806,0.1834862385321101,76,10,0.13157894736842105,0.15625,0.14285714285714285,260,29,0.11153846153846154,0.12831858407079647,0.11934156378600823,1,0.13333333333333333,0.13333333333333333,0.13333333333333333,nan,nan
foldbench100__7qsj_A,1,1273,True,424,424,62,0.14622641509433962,0.1786743515850144,0.1608300907911803,67,12,0.1791044776119403,0.21052631578947367,0.1935483870967742,68,9,0.1323529411764706,0.140625,0.13636363636363638,289,41,0.14186851211072665,0.18141592920353983,0.1592233009708738,1,0.1608300907911803,0.1608300907911803,0.1608300907911803,nan,nan
foldbench100__7qsj_A,2,1678,True,543,543,89,0.16390423572744015,0.2564841498559078,0.2,80,21,0.2625,0.3684210526315789,0.30656934306569344,84,15,0.17857142857142858,0.234375,0.20270270270270271,379,53,0.13984168865435356,0.2345132743362832,0.17520661157024792,1,0.2,0.2,0.2,nan,nan
foldbench100__7qsj_A,3,1285,True,425,425,120,0.2823529411764706,0.345821325648415,0.3108808290155441,71,28,0.39436619718309857,0.49122807017543857,0.4375,64,17,0.265625,0.265625,0.265625,290,75,0.25862068965517243,0.33185840707964603,0.29069767441860467,1,0.3108808290155441,0.3108808290155441,0.3108808290155441,nan,nan
foldbench100__7tjb_A,0,631,True,209,209,26,0.12440191387559808,0.12935323383084577,0.1268292682926829,20,4,0.2,0.11764705882352941,0.14814814814814817,25,3,0.12,0.09090909090909091,0.10344827586206896,164,19,0.11585365853658537,0.1417910447761194,0.12751677852348994,1,0.1268292682926829,0.1268292682926829,0.1268292682926829,nan,nan
foldbench100__7tjb_A,1,600,True,199,199,40,0.20100502512562815,0.19900497512437812,0.2,21,4,0.19047619047619047,0.11764705882352941,0.14545454545454542,21,3,0.14285714285714285,0.09090909090909091,0.1111111111111111,157,33,0.21019108280254778,0.2462686567164179,0.2268041237113402,1,0.2,0.2,0.2,nan,nan
foldbench100__7tjb_A,2,703,True,233,233,33,0.14163090128755365,0.16417910447761194,0.15207373271889402,41,12,0.2926829268292683,0.35294117647058826,0.32,26,5,0.19230769230769232,0.15151515151515152,0.1694915254237288,166,16,0.0963855421686747,0.11940298507462686,0.10666666666666667,1,0.15207373271889402,0.15207373271889402,0.15207373271889402,nan,nan
foldbench100__7tjb_A,3,700,True,232,232,53,0.22844827586206898,0.263681592039801,0.24480369515011552,36,11,0.3055555555555556,0.3235294117647059,0.31428571428571433,32,7,0.21875,0.21212121212121213,0.21538461538461537,164,35,0.21341463414634146,0.26119402985074625,0.2348993288590604,1,0.24480369515011552,0.24480369515011552,0.24480369515011552,nan,nan
foldbench100__7uba_A,0,517,True,172,172,18,0.10465116279069768,0.08653846153846154,0.09473684210526316,30,7,0.23333333333333334,0.30434782608695654,0.26415094339622636,56,8,0.14285714285714285,0.16666666666666666,0.15384615384615383,86,3,0.03488372093023256,0.021897810218978103,0.026905829596412557,1,0.09473684210526316,0.09473684210526316,0.09473684210526316,nan,nan
foldbench100__7uba_A,1,661,True,219,219,22,0.1004566210045662,0.10576923076923077,0.10304449648711943,33,7,0.21212121212121213,0.30434782608695654,0.25,68,7,0.10294117647058823,0.14583333333333334,0.1206896551724138,118,8,0.06779661016949153,0.058394160583941604,0.06274509803921569,1,0.10304449648711943,0.10304449648711943,0.10304449648711943,nan,nan
foldbench100__7uba_A,2,592,True,197,197,22,0.1116751269035533,0.10576923076923077,0.10864197530864197,42,7,0.16666666666666666,0.30434782608695654,0.2153846153846154,55,13,0.23636363636363636,0.2708333333333333,0.2524271844660194,100,2,0.02,0.014598540145985401,0.016877637130801686,1,0.10864197530864197,0.10864197530864197,0.10864197530864197,nan,nan
foldbench100__7uba_A,3,688,True,228,228,25,0.10964912280701754,0.1201923076923077,0.1146788990825688,56,9,0.16071428571428573,0.391304347826087,0.22784810126582278,52,10,0.19230769230769232,0.20833333333333334,0.2,120,6,0.05,0.043795620437956206,0.04669260700389105,1,0.1146788990825688,0.1146788990825688,0.1146788990825688,nan,nan
foldbench100__7ur2_A,0,652,True,217,217,10,0.04608294930875576,0.072992700729927,0.056497175141242945,25,3,0.12,0.2727272727272727,0.16666666666666666,36,1,0.027777777777777776,0.07142857142857142,0.04,156,6,0.038461538461538464,0.05357142857142857,0.04477611940298507,1,0.056497175141242945,0.056497175141242945,0.056497175141242945,nan,nan
foldbench100__7ur2_A,1,535,True,178,178,7,0.03932584269662921,0.051094890510948905,0.04444444444444444,28,3,0.10714285714285714,0.2727272727272727,0.15384615384615383,31,2,0.06451612903225806,0.14285714285714285,0.08888888888888889,119,2,0.01680672268907563,0.017857142857142856,0.017316017316017313,1,0.04444444444444444,0.04444444444444444,0.04444444444444444,nan,nan
foldbench100__7ur2_A,2,646,True,213,213,16,0.07511737089201878,0.11678832116788321,0.09142857142857143,27,2,0.07407407407407407,0.18181818181818182,0.10526315789473684,15,0,0.0,0.0,0.0,171,14,0.08187134502923976,0.125,0.0989399293286219,1,0.09142857142857143,0.09142857142857143,0.09142857142857143,nan,nan
foldbench100__7ur2_A,3,454,True,151,151,14,0.09271523178807947,0.10218978102189781,0.09722222222222221,15,2,0.13333333333333333,0.18181818181818182,0.15384615384615383,17,0,0.0,0.0,0.0,119,12,0.10084033613445378,0.10714285714285714,0.10389610389610389,1,0.09722222222222221,0.09722222222222221,0.09722222222222221,nan,nan
foldbench100__7urp_A,0,415,True,138,138,6,0.043478260869565216,0.04477611940298507,0.04411764705882353,23,1,0.043478260869565216,0.08333333333333333,0.057142857142857134,44,3,0.06818181818181818,0.125,0.08823529411764705,71,2,0.028169014084507043,0.02040816326530612,0.023668639053254437,1,0.04411764705882353,0.04411764705882353,0.04411764705882353,nan,nan
foldbench100__7urp_A,1,403,True,134,134,6,0.04477611940298507,0.04477611940298507,0.04477611940298508,36,2,0.05555555555555555,0.16666666666666666,0.08333333333333333,28,2,0.07142857142857142,0.08333333333333333,0.07692307692307691,70,2,0.02857142857142857,0.02040816326530612,0.023809523809523805,1,0.04477611940298508,0.04477611940298508,0.04477611940298508,nan,nan
foldbench100__7urp_A,2,400,True,133,133,8,0.06015037593984962,0.05970149253731343,0.059925093632958795,32,5,0.15625,0.4166666666666667,0.22727272727272727,36,2,0.05555555555555555,0.08333333333333333,0.06666666666666667,65,1,0.015384615384615385,0.01020408163265306,0.012269938650306749,1,0.059925093632958795,0.059925093632958795,0.059925093632958795,nan,nan
foldbench100__7urp_A,3,343,True,114,114,10,0.08771929824561403,0.07462686567164178,0.08064516129032258,17,3,0.17647058823529413,0.25,0.20689655172413793,31,6,0.1935483870967742,0.25,0.21818181818181817,66,1,0.015151515151515152,0.01020408163265306,0.012195121951219513,1,0.08064516129032258,0.08064516129032258,0.08064516129032258,nan,nan
foldbench100__7uww_A,0,2504,True,812,812,60,0.07389162561576355,0.08658008658008658,0.079734219269103,102,19,0.18627450980392157,0.19791666666666666,0.19191919191919193,139,25,0.17985611510791366,0.2032520325203252,0.19083969465648853,571,16,0.028021015761821366,0.03375527426160337,0.030622009569377988,1,0.079734219269103,0.079734219269103,0.079734219269103,nan,nan
foldbench100__7uww_A,1,884,True,291,291,28,0.09621993127147767,0.04040404040404041,0.05691056910569107,35,7,0.2,0.07291666666666667,0.10687022900763359,76,13,0.17105263157894737,0.10569105691056911,0.1306532663316583,180,8,0.044444444444444446,0.016877637130801686,0.024464831804281346,1,0.05691056910569107,0.05691056910569107,0.05691056910569107,nan,nan
foldbench100__7uww_A,2,2170,True,711,711,71,0.09985935302390998,0.10245310245310245,0.10113960113960113,117,19,0.1623931623931624,0.19791666666666666,0.1784037558685446,136,24,0.17647058823529413,0.1951219512195122,0.18532818532818537,458,28,0.0611353711790393,0.05907172995780591,0.06008583690987124,1,0.10113960113960113,0.10113960113960113,0.10113960113960113,nan,nan
foldbench100__7uww_A,3,2264,True,738,738,80,0.10840108401084012,0.11544011544011544,0.11180992313067785,82,22,0.2682926829268293,0.22916666666666666,0.24719101123595508,117,28,0.23931623931623933,0.22764227642276422,0.23333333333333334,539,30,0.055658627087198514,0.06329113924050633,0.059230009871668314,1,0.11180992313067785,0.11180992313067785,0.11180992313067785,nan,nan
foldbench100__7w15_A,0,1087,True,362,362,64,0.17679558011049723,0.21122112211221122,0.1924812030075188,49,18,0.3673469387755102,0.3829787234042553,0.37499999999999994,65,21,0.3230769230769231,0.3559322033898305,0.33870967741935487,248,25,0.10080645161290322,0.12690355329949238,0.11235955056179775,1,0.1924812030075188,0.1924812030075188,0.1924812030075188,nan,nan
foldbench100__7w15_A,1,808,True,266,266,23,0.08646616541353383,0.07590759075907591,0.08084358523725835,50,5,0.1,0.10638297872340426,0.10309278350515465,58,11,0.1896551724137931,0.1864406779661017,0.188034188034188,158,7,0.04430379746835443,0.03553299492385787,0.03943661971830986,1,0.08084358523725835,0.08084358523725835,0.08084358523725835,nan,nan
foldbench100__7w15_A,2,982,True,323,323,28,0.08668730650154799,0.0924092409240924,0.08945686900958466,54,14,0.25925925925925924,0.2978723404255319,0.27722772277227714,60,7,0.11666666666666667,0.11864406779661017,0.11764705882352941,209,7,0.03349282296650718,0.03553299492385787,0.03448275862068966,1,0.08945686900958466,0.08945686900958466,0.08945686900958466,nan,nan
foldbench100__7w15_A,3,1042,True,347,347,23,0.06628242074927954,0.07590759075907591,0.07076923076923076,45,8,0.17777777777777778,0.1702127659574468,0.1739130434782609,62,5,0.08064516129032258,0.0847457627118644,0.08264462809917356,240,10,0.041666666666666664,0.050761421319796954,0.04576659038901602,1,0.07076923076923076,0.07076923076923076,0.07076923076923076,nan,nan
foldbench100__7wzm_A,0,1396,True,461,461,34,0.0737527114967462,0.07456140350877193,0.07415485278080698,62,12,0.1935483870967742,0.21818181818181817,0.20512820512820512,72,7,0.09722222222222222,0.10606060606060606,0.10144927536231883,327,15,0.045871559633027525,0.04477611940298507,0.04531722054380665,1,0.07415485278080698,0.07415485278080698,0.07415485278080698,nan,nan
foldbench100__7wzm_A,1,1525,True,502,502,22,0.043824701195219126,0.04824561403508772,0.04592901878914405,76,11,0.14473684210526316,0.2,0.16793893129770993,84,5,0.05952380952380952,0.07575757575757576,0.06666666666666667,342,6,0.017543859649122806,0.01791044776119403,0.017725258493353026,1,0.04592901878914405,0.04592901878914405,0.04592901878914405,nan,nan
foldbench100__7wzm_A,2,1771,True,583,583,21,0.036020583190394515,0.046052631578947366,0.04042348411934553,60,9,0.15,0.16363636363636364,0.1565217391304348,80,6,0.075,0.09090909090909091,0.08219178082191782,443,6,0.013544018058690745,0.01791044776119403,0.015424164524421597,1,0.04042348411934553,0.04042348411934553,0.04042348411934553,nan,nan
foldbench100__7wzm_A,3,1399,True,459,459,33,0.0718954248366013,0.07236842105263158,0.0721311475409836,83,12,0.14457831325301204,0.21818181818181817,0.17391304347826086,95,15,0.15789473684210525,0.22727272727272727,0.1863354037267081,281,6,0.021352313167259787,0.01791044776119403,0.01948051948051948,1,0.0721311475409836,0.0721311475409836,0.0721311475409836,nan,nan
foldbench100__7x4p_A,0,1054,True,351,351,14,0.039886039886039885,0.042042042042042045,0.04093567251461989,49,7,0.14285714285714285,0.175,0.15730337078651685,43,5,0.11627906976744186,0.09615384615384616,0.10526315789473685,259,2,0.007722007722007722,0.008298755186721992,0.008,1,0.04093567251461989,0.04093567251461989,0.04093567251461989,nan,nan
foldbench100__7x4p_A,1,937,True,311,311,23,0.07395498392282958,0.06906906906906907,0.07142857142857144,38,6,0.15789473684210525,0.15,0.15384615384615385,58,6,0.10344827586206896,0.11538461538461539,0.10909090909090909,215,11,0.05116279069767442,0.04564315352697095,0.048245614035087724,1,0.07142857142857144,0.07142857142857144,0.07142857142857144,nan,nan
foldbench100__7x4p_A,2,922,True,307,307,17,0.05537459283387622,0.05105105105105105,0.053125,43,1,0.023255813953488372,0.025,0.024096385542168672,68,3,0.04411764705882353,0.057692307692307696,0.05000000000000001,196,13,0.0663265306122449,0.05394190871369295,0.059496567505720827,1,0.053125,0.053125,0.053125,nan,nan
foldbench100__7x4p_A,3,1156,True,383,383,16,0.04177545691906005,0.04804804804804805,0.0446927374301676,53,4,0.07547169811320754,0.1,0.08602150537634408,47,5,0.10638297872340426,0.09615384615384616,0.10101010101010101,283,7,0.024734982332155476,0.029045643153526972,0.026717557251908396,1,0.0446927374301676,0.0446927374301676,0.0446927374301676,nan,nan
foldbench100__7xcd_A,0,394,True,131,131,3,0.022900763358778626,0.02027027027027027,0.021505376344086023,20,2,0.1,0.14285714285714285,0.11764705882352941,13,1,0.07692307692307693,0.03225806451612903,0.045454545454545456,98,0,0.0,0.0,0.0,1,0.021505376344086023,0.021505376344086023,0.021505376344086023,nan,nan
foldbench100__7xcd_A,1,355,True,118,118,1,0.00847457627118644,0.006756756756756757,0.007518796992481203,16,0,0.0,0.0,0.0,30,0,0.0,0.0,0.0,72,1,0.013888888888888888,0.009708737864077669,0.011428571428571429,1,0.007518796992481203,0.007518796992481203,0.007518796992481203,nan,nan
foldbench100__7xcd_A,2,511,True,169,169,8,0.047337278106508875,0.05405405405405406,0.05047318611987382,22,3,0.13636363636363635,0.21428571428571427,0.16666666666666663,32,4,0.125,0.12903225806451613,0.12698412698412698,115,1,0.008695652173913044,0.009708737864077669,0.009174311926605503,1,0.05047318611987382,0.05047318611987382,0.05047318611987382,nan,nan
foldbench100__7xcd_A,3,442,True,147,147,5,0.034013605442176874,0.033783783783783786,0.03389830508474577,17,1,0.058823529411764705,0.07142857142857142,0.06451612903225808,24,3,0.125,0.0967741935483871,0.10909090909090909,106,1,0.009433962264150943,0.009708737864077669,0.00956937799043062,1,0.03389830508474577,0.03389830508474577,0.03389830508474577,nan,nan
foldbench100__7xi5_A,0,151,True,49,49,24,0.4897959183673469,0.5714285714285714,0.5274725274725275,17,10,0.5882352941176471,0.9090909090909091,0.7142857142857143,12,6,0.5,0.75,0.6,20,8,0.4,0.34782608695652173,0.37209302325581395,1,0.5274725274725275,0.5274725274725275,0.5274725274725275,nan,nan
foldbench100__7xi5_A,1,151,True,50,50,27,0.54,0.6428571428571429,0.5869565217391305,14,7,0.5,0.6363636363636364,0.56,10,7,0.7,0.875,0.7777777777777777,26,13,0.5,0.5652173913043478,0.5306122448979592,1,0.5869565217391305,0.5869565217391305,0.5869565217391305,nan,nan
foldbench100__7xi5_A,2,184,True,60,60,30,0.5,0.7142857142857143,0.588235294117647,16,8,0.5,0.7272727272727273,0.5925925925925926,11,8,0.7272727272727273,1.0,0.8421052631578948,33,14,0.42424242424242425,0.6086956521739131,0.5,1,0.588235294117647,0.588235294117647,0.588235294117647,nan,nan
foldbench100__7xi5_A,3,151,True,50,50,15,0.3,0.35714285714285715,0.32608695652173914,13,4,0.3076923076923077,0.36363636363636365,0.33333333333333337,13,5,0.38461538461538464,0.625,0.4761904761904762,24,6,0.25,0.2608695652173913,0.2553191489361702,1,0.32608695652173914,0.32608695652173914,0.32608695652173914,nan,nan
foldbench100__7xlz_A,0,952,True,315,315,9,0.02857142857142857,0.033962264150943396,0.03103448275862069,49,4,0.08163265306122448,0.11764705882352941,0.09638554216867469,79,1,0.012658227848101266,0.017543859649122806,0.014705882352941176,187,4,0.0213903743315508,0.022988505747126436,0.022160664819944595,1,0.03103448275862069,0.03103448275862069,0.03103448275862069,nan,nan
foldbench100__7xlz_A,1,781,True,259,259,14,0.05405405405405406,0.052830188679245285,0.05343511450381679,40,6,0.15,0.17647058823529413,0.16216216216216214,58,6,0.10344827586206896,0.10526315789473684,0.10434782608695653,161,2,0.012422360248447204,0.011494252873563218,0.011940298507462687,1,0.05343511450381679,0.05343511450381679,0.05343511450381679,nan,nan
foldbench100__7xlz_A,2,847,True,282,282,13,0.04609929078014184,0.04905660377358491,0.04753199268738574,46,3,0.06521739130434782,0.08823529411764706,0.075,64,5,0.078125,0.08771929824561403,0.08264462809917356,172,5,0.029069767441860465,0.028735632183908046,0.028901734104046242,1,0.04753199268738574,0.04753199268738574,0.04753199268738574,nan,nan
foldbench100__7xlz_A,3,829,True,273,273,11,0.040293040293040296,0.04150943396226415,0.040892193308550186,41,5,0.12195121951219512,0.14705882352941177,0.1333333333333333,61,5,0.08196721311475409,0.08771929824561403,0.0847457627118644,171,1,0.005847953216374269,0.005747126436781609,0.005797101449275362,1,0.040892193308550186,0.040892193308550186,0.040892193308550186,nan,nan
foldbench100__7xq4_A,0,1530,True,504,504,84,0.16666666666666666,0.17796610169491525,0.1721311475409836,67,23,0.34328358208955223,0.2987012987012987,0.3194444444444445,67,9,0.13432835820895522,0.15,0.14173228346456695,370,52,0.14054054054054055,0.15522388059701492,0.14751773049645392,1,0.1721311475409836,0.1721311475409836,0.1721311475409836,nan,nan
foldbench100__7xq4_A,1,1507,True,498,498,101,0.20281124497991967,0.21398305084745764,0.20824742268041238,81,26,0.32098765432098764,0.33766233766233766,0.32911392405063294,56,10,0.17857142857142858,0.16666666666666666,0.17241379310344826,361,65,0.18005540166204986,0.19402985074626866,0.1867816091954023,1,0.20824742268041238,0.20824742268041238,0.20824742268041238,nan,nan
foldbench100__7xq4_A,2,1412,True,467,467,78,0.1670235546038544,0.1652542372881356,0.16613418530351437,77,28,0.36363636363636365,0.36363636363636365,0.36363636363636365,63,7,0.1111111111111111,0.11666666666666667,0.11382113821138211,327,43,0.13149847094801223,0.12835820895522387,0.12990936555891236,1,0.16613418530351437,0.16613418530351437,0.16613418530351437,nan,nan
foldbench100__7xq4_A,3,1764,True,583,583,103,0.17667238421955403,0.21822033898305085,0.19526066350710902,104,33,0.3173076923076923,0.42857142857142855,0.3646408839779005,61,8,0.13114754098360656,0.13333333333333333,0.1322314049586777,418,62,0.14832535885167464,0.18507462686567164,0.1646746347941567,1,0.19526066350710902,0.19526066350710902,0.19526066350710902,nan,nan
foldbench100__7xyr_A,0,2635,True,853,853,32,0.03751465416178194,0.04526166902404526,0.041025641025641026,80,11,0.1375,0.14864864864864866,0.14285714285714288,73,5,0.0684931506849315,0.04716981132075472,0.0558659217877095,700,16,0.022857142857142857,0.030360531309297913,0.026079869600651995,1,0.041025641025641026,0.041025641025641026,0.041025641025641026,nan,nan
foldbench100__7xyr_A,1,2773,True,886,886,88,0.09932279909706546,0.12446958981612447,0.11048336472065286,106,23,0.2169811320754717,0.3108108108108108,0.2555555555555556,131,24,0.183206106870229,0.22641509433962265,0.20253164556962025,649,41,0.06317411402157165,0.0777988614800759,0.06972789115646259,1,0.11048336472065286,0.11048336472065286,0.11048336472065286,nan,nan
foldbench100__7xyr_A,2,2677,True,867,867,63,0.0726643598615917,0.0891089108910891,0.08005082592121981,90,14,0.15555555555555556,0.1891891891891892,0.17073170731707318,108,16,0.14814814814814814,0.1509433962264151,0.14953271028037385,669,33,0.04932735426008968,0.06261859582542695,0.05518394648829431,1,0.08005082592121981,0.08005082592121981,0.08005082592121981,nan,nan
foldbench100__7xyr_A,3,7003,False,1293,1293,108,0.08352668213457076,0.15275813295615276,0.108,185,26,0.14054054054054055,0.35135135135135137,0.2007722007722008,195,19,0.09743589743589744,0.1792452830188679,0.12624584717607973,913,63,0.06900328587075576,0.11954459203036052,0.08750000000000002,1,0.108,0.108,0.108,nan,nan
foldbench100__7y3h_A,0,1201,True,399,399,44,0.11027568922305764,0.14102564102564102,0.12376933895921238,64,14,0.21875,0.2413793103448276,0.22950819672131145,55,12,0.21818181818181817,0.21818181818181817,0.21818181818181817,280,18,0.06428571428571428,0.09045226130653267,0.07515657620041753,1,0.12376933895921238,0.12376933895921238,0.12376933895921238,nan,nan
foldbench100__7y3h_A,1,1468,True,485,485,20,0.041237113402061855,0.0641025641025641,0.050188205771643665,50,7,0.14,0.1206896551724138,0.12962962962962962,74,6,0.08108108108108109,0.10909090909090909,0.0930232558139535,361,7,0.019390581717451522,0.035175879396984924,0.024999999999999998,1,0.050188205771643665,0.050188205771643665,0.050188205771643665,nan,nan
foldbench100__7y3h_A,2,1207,True,399,399,32,0.08020050125313283,0.10256410256410256,0.090014064697609,49,13,0.2653061224489796,0.22413793103448276,0.2429906542056075,44,11,0.25,0.2,0.22222222222222224,306,8,0.026143790849673203,0.04020100502512563,0.03168316831683169,1,0.090014064697609,0.090014064697609,0.090014064697609,nan,nan
foldbench100__7y3h_A,3,1222,True,407,407,20,0.04914004914004914,0.0641025641025641,0.05563282336578581,53,9,0.16981132075471697,0.15517241379310345,0.16216216216216214,82,6,0.07317073170731707,0.10909090909090909,0.08759124087591241,272,5,0.01838235294117647,0.02512562814070352,0.021231422505307858,1,0.05563282336578581,0.05563282336578581,0.05563282336578581,nan,nan
foldbench100__7y54_A,0,274,True,91,91,46,0.5054945054945055,0.4380952380952381,0.46938775510204084,13,8,0.6153846153846154,0.42105263157894735,0.5,26,11,0.4230769230769231,0.39285714285714285,0.4074074074074074,52,27,0.5192307692307693,0.46551724137931033,0.49090909090909085,1,0.46938775510204084,0.46938775510204084,0.46938775510204084,nan,nan
foldbench100__7y54_A,1,331,True,109,109,30,0.27522935779816515,0.2857142857142857,0.28037383177570097,18,4,0.2222222222222222,0.21052631578947367,0.21621621621621623,24,5,0.20833333333333334,0.17857142857142858,0.1923076923076923,67,21,0.31343283582089554,0.3620689655172414,0.336,1,0.28037383177570097,0.28037383177570097,0.28037383177570097,nan,nan
foldbench100__7y54_A,2,286,True,95,95,43,0.45263157894736844,0.4095238095238095,0.43000000000000005,11,4,0.36363636363636365,0.21052631578947367,0.26666666666666666,26,9,0.34615384615384615,0.32142857142857145,0.3333333333333333,58,30,0.5172413793103449,0.5172413793103449,0.5172413793103449,1,0.43000000000000005,0.43000000000000005,0.43000000000000005,nan,nan
foldbench100__7y54_A,3,265,True,88,88,57,0.6477272727272727,0.5428571428571428,0.5906735751295336,16,11,0.6875,0.5789473684210527,0.6285714285714286,25,10,0.4,0.35714285714285715,0.3773584905660378,47,36,0.7659574468085106,0.6206896551724138,0.6857142857142856,1,0.5906735751295336,0.5906735751295336,0.5906735751295336,nan,nan
foldbench100__7y5m_A,0,427,True,142,142,10,0.07042253521126761,0.06756756756756757,0.06896551724137931,32,8,0.25,0.34782608695652173,0.2909090909090909,32,0,0.0,0.0,0.0,78,2,0.02564102564102564,0.018691588785046728,0.021621621621621623,1,0.06896551724137931,0.06896551724137931,0.06896551724137931,nan,nan
foldbench100__7y5m_A,1,367,True,122,122,5,0.040983606557377046,0.033783783783783786,0.037037037037037035,19,3,0.15789473684210525,0.13043478260869565,0.14285714285714288,17,0,0.0,0.0,0.0,86,2,0.023255813953488372,0.018691588785046728,0.020725388601036267,1,0.037037037037037035,0.037037037037037035,0.037037037037037035,nan,nan
foldbench100__7y5m_A,2,454,True,151,151,16,0.10596026490066225,0.10810810810810811,0.10702341137123747,35,9,0.2571428571428571,0.391304347826087,0.3103448275862069,27,3,0.1111111111111111,0.16666666666666666,0.13333333333333333,89,4,0.0449438202247191,0.037383177570093455,0.04081632653061224,1,0.10702341137123747,0.10702341137123747,0.10702341137123747,nan,nan
foldbench100__7y5m_A,3,472,True,157,157,4,0.025477707006369428,0.02702702702702703,0.02622950819672131,25,2,0.08,0.08695652173913043,0.08333333333333333,51,1,0.0196078431372549,0.05555555555555555,0.02898550724637681,81,1,0.012345679012345678,0.009345794392523364,0.010638297872340424,1,0.02622950819672131,0.02622950819672131,0.02622950819672131,nan,nan
foldbench100__7y8h_A,0,262,True,87,87,37,0.42528735632183906,0.4457831325301205,0.4352941176470588,16,5,0.3125,0.5555555555555556,0.39999999999999997,27,11,0.4074074074074074,0.44,0.4230769230769231,44,21,0.4772727272727273,0.42857142857142855,0.4516129032258064,1,0.4352941176470588,0.4352941176470588,0.4352941176470588,nan,nan
foldbench100__7y8h_A,1,361,True,120,120,36,0.3,0.43373493975903615,0.354679802955665,15,5,0.3333333333333333,0.5555555555555556,0.4166666666666667,34,9,0.2647058823529412,0.36,0.30508474576271183,71,22,0.30985915492957744,0.4489795918367347,0.36666666666666664,1,0.354679802955665,0.354679802955665,0.354679802955665,nan,nan
foldbench100__7y8h_A,2,286,True,95,95,44,0.4631578947368421,0.5301204819277109,0.49438202247191015,12,3,0.25,0.3333333333333333,0.28571428571428575,34,18,0.5294117647058824,0.72,0.6101694915254237,49,23,0.46938775510204084,0.46938775510204084,0.46938775510204084,1,0.49438202247191015,0.49438202247191015,0.49438202247191015,nan,nan
foldbench100__7y8h_A,3,301,True,100,100,43,0.43,0.5180722891566265,0.46994535519125685,13,4,0.3076923076923077,0.4444444444444444,0.3636363636363637,32,11,0.34375,0.44,0.3859649122807018,55,28,0.509090909090909,0.5714285714285714,0.5384615384615383,1,0.46994535519125685,0.46994535519125685,0.46994535519125685,nan,nan
foldbench100__7yd4_A,0,394,True,131,131,12,0.0916030534351145,0.08450704225352113,0.08791208791208792,19,3,0.15789473684210525,0.16666666666666666,0.16216216216216214,31,2,0.06451612903225806,0.08695652173913043,0.07407407407407407,81,7,0.08641975308641975,0.06930693069306931,0.07692307692307693,1,0.08791208791208792,0.08791208791208792,0.08791208791208792,nan,nan
foldbench100__7yd4_A,1,496,True,164,164,9,0.054878048780487805,0.06338028169014084,0.058823529411764705,17,2,0.11764705882352941,0.1111111111111111,0.11428571428571428,25,2,0.08,0.08695652173913043,0.08333333333333333,122,5,0.040983606557377046,0.04950495049504951,0.04484304932735426,1,0.058823529411764705,0.058823529411764705,0.058823529411764705,nan,nan
foldbench100__7yd4_A,2,550,True,182,182,5,0.027472527472527472,0.035211267605633804,0.030864197530864203,26,2,0.07692307692307693,0.1111111111111111,0.09090909090909093,37,0,0.0,0.0,0.0,119,3,0.025210084033613446,0.0297029702970297,0.027272727272727275,1,0.030864197530864203,0.030864197530864203,0.030864197530864203,nan,nan
foldbench100__7yd4_A,3,307,True,102,102,3,0.029411764705882353,0.02112676056338028,0.02459016393442623,15,1,0.06666666666666667,0.05555555555555555,0.0606060606060606,17,0,0.0,0.0,0.0,70,2,0.02857142857142857,0.019801980198019802,0.023391812865497075,1,0.02459016393442623,0.02459016393442623,0.02459016393442623,nan,nan
foldbench100__7ykm_A,0,211,True,70,70,10,0.14285714285714285,0.18181818181818182,0.16,11,0,0.0,0.0,0.0,22,1,0.045454545454545456,0.07142857142857142,0.05555555555555555,37,9,0.24324324324324326,0.2647058823529412,0.25352112676056343,1,0.16,0.16,0.16,nan,nan
foldbench100__7ykm_A,1,187,True,62,62,18,0.2903225806451613,0.32727272727272727,0.30769230769230765,9,3,0.3333333333333333,0.42857142857142855,0.375,14,4,0.2857142857142857,0.2857142857142857,0.2857142857142857,39,11,0.28205128205128205,0.3235294117647059,0.3013698630136986,1,0.30769230769230765,0.30769230769230765,0.30769230769230765,nan,nan
foldbench100__7ykm_A,2,265,True,88,88,4,0.045454545454545456,0.07272727272727272,0.055944055944055944,18,2,0.1111111111111111,0.2857142857142857,0.16,21,1,0.047619047619047616,0.07142857142857142,0.057142857142857134,49,1,0.02040816326530612,0.029411764705882353,0.024096385542168672,1,0.055944055944055944,0.055944055944055944,0.055944055944055944,nan,nan
foldbench100__7ykm_A,3,241,True,80,80,3,0.0375,0.05454545454545454,0.04444444444444444,5,0,0.0,0.0,0.0,11,2,0.18181818181818182,0.14285714285714285,0.16,64,1,0.015625,0.029411764705882353,0.02040816326530612,1,0.04444444444444444,0.04444444444444444,0.04444444444444444,nan,nan
foldbench100__7yug_A,0,145,True,48,48,9,0.1875,0.09574468085106383,0.12676056338028172,11,5,0.45454545454545453,0.2631578947368421,0.3333333333333333,12,3,0.25,0.12,0.16216216216216217,25,1,0.04,0.02,0.02666666666666667,1,0.12676056338028172,0.12676056338028172,0.12676056338028172,nan,nan
foldbench100__7yug_A,1,226,True,75,75,9,0.12,0.09574468085106383,0.10650887573964497,23,3,0.13043478260869565,0.15789473684210525,0.14285714285714288,28,4,0.14285714285714285,0.16,0.15094339622641512,24,2,0.08333333333333333,0.04,0.05405405405405406,1,0.10650887573964497,0.10650887573964497,0.10650887573964497,nan,nan
foldbench100__7yug_A,2,160,True,53,53,11,0.20754716981132076,0.11702127659574468,0.14965986394557823,11,4,0.36363636363636365,0.21052631578947367,0.26666666666666666,17,4,0.23529411764705882,0.16,0.19047619047619052,25,3,0.12,0.06,0.08,1,0.14965986394557823,0.14965986394557823,0.14965986394557823,nan,nan
foldbench100__7yug_A,3,178,True,59,59,9,0.15254237288135594,0.09574468085106383,0.11764705882352941,17,3,0.17647058823529413,0.15789473684210525,0.16666666666666669,20,3,0.15,0.12,0.1333333333333333,22,3,0.13636363636363635,0.06,0.08333333333333333,1,0.11764705882352941,0.11764705882352941,0.11764705882352941,nan,nan
foldbench100__7z65_A,0,952,True,315,315,54,0.17142857142857143,0.16875,0.17007874015748034,42,10,0.23809523809523808,0.22727272727272727,0.23255813953488372,44,4,0.09090909090909091,0.23529411764705882,0.13114754098360656,229,40,0.17467248908296942,0.15444015444015444,0.16393442622950818,1,0.17007874015748034,0.17007874015748034,0.17007874015748034,nan,nan
foldbench100__7z65_A,1,745,True,248,248,44,0.1774193548387097,0.1375,0.15492957746478875,38,9,0.23684210526315788,0.20454545454545456,0.21951219512195122,32,4,0.125,0.23529411764705882,0.16326530612244897,178,31,0.17415730337078653,0.11969111969111969,0.14187643020594964,1,0.15492957746478875,0.15492957746478875,0.15492957746478875,nan,nan
foldbench100__7z65_A,2,775,True,258,258,54,0.20930232558139536,0.16875,0.18685121107266436,38,7,0.18421052631578946,0.1590909090909091,0.17073170731707316,39,1,0.02564102564102564,0.058823529411764705,0.035714285714285705,181,46,0.2541436464088398,0.1776061776061776,0.2090909090909091,1,0.18685121107266436,0.18685121107266436,0.18685121107266436,nan,nan
foldbench100__7z65_A,3,958,True,318,318,41,0.1289308176100629,0.128125,0.12852664576802506,36,7,0.19444444444444445,0.1590909090909091,0.17500000000000002,32,1,0.03125,0.058823529411764705,0.04081632653061224,250,33,0.132,0.1274131274131274,0.12966601178781928,1,0.12852664576802506,0.12852664576802506,0.12852664576802506,nan,nan
foldbench100__7zoi_A,0,385,True,127,127,16,0.12598425196850394,0.14545454545454545,0.1350210970464135,33,7,0.21212121212121213,0.21212121212121213,0.21212121212121215,38,5,0.13157894736842105,0.13157894736842105,0.13157894736842105,56,4,0.07142857142857142,0.10256410256410256,0.08421052631578947,1,0.1350210970464135,0.1350210970464135,0.1350210970464135,nan,nan
foldbench100__7zoi_A,1,421,True,140,140,22,0.15714285714285714,0.2,0.17600000000000002,40,13,0.325,0.3939393939393939,0.35616438356164376,34,3,0.08823529411764706,0.07894736842105263,0.08333333333333334,66,6,0.09090909090909091,0.15384615384615385,0.1142857142857143,1,0.17600000000000002,0.17600000000000002,0.17600000000000002,nan,nan
foldbench100__7zoi_A,2,496,True,163,163,28,0.17177914110429449,0.2545454545454545,0.20512820512820512,37,14,0.3783783783783784,0.42424242424242425,0.4000000000000001,38,6,0.15789473684210525,0.15789473684210525,0.15789473684210525,88,8,0.09090909090909091,0.20512820512820512,0.12598425196850396,1,0.20512820512820512,0.20512820512820512,0.20512820512820512,nan,nan
foldbench100__7zoi_A,3,448,True,149,149,33,0.2214765100671141,0.3,0.2548262548262548,39,16,0.41025641025641024,0.48484848484848486,0.4444444444444444,32,7,0.21875,0.18421052631578946,0.19999999999999998,78,10,0.1282051282051282,0.2564102564102564,0.17094017094017092,1,0.2548262548262548,0.2548262548262548,0.2548262548262548,nan,nan
foldbench100__7zu3_A,0,373,True,124,124,4,0.03225806451612903,0.043478260869565216,0.037037037037037035,28,2,0.07142857142857142,0.2222222222222222,0.10810810810810811,41,1,0.024390243902439025,0.045454545454545456,0.031746031746031744,55,1,0.01818181818181818,0.01639344262295082,0.01724137931034483,1,0.037037037037037035,0.037037037037037035,0.037037037037037035,nan,nan
foldbench100__7zu3_A,1,340,True,113,113,6,0.05309734513274336,0.06521739130434782,0.05853658536585366,26,3,0.11538461538461539,0.3333333333333333,0.17142857142857146,29,2,0.06896551724137931,0.09090909090909091,0.0784313725490196,58,1,0.017241379310344827,0.01639344262295082,0.016806722689075633,1,0.05853658536585366,0.05853658536585366,0.05853658536585366,nan,nan
foldbench100__7zu3_A,2,250,True,83,83,0,0.0,0.0,0.0,19,0,0.0,0.0,0.0,27,0,0.0,0.0,0.0,37,0,0.0,0.0,0.0,1,0.0,0.0,0.0,nan,nan
foldbench100__7zu3_A,3,157,True,52,52,2,0.038461538461538464,0.021739130434782608,0.027777777777777776,16,2,0.125,0.2222222222222222,0.16,22,0,0.0,0.0,0.0,14,0,0.0,0.0,0.0,1,0.027777777777777776,0.027777777777777776,0.027777777777777776,nan,nan
foldbench100__8adc_A,0,640,True,213,213,16,0.07511737089201878,0.09411764705882353,0.0835509138381201,39,9,0.23076923076923078,0.34615384615384615,0.276923076923077,39,4,0.10256410256410256,0.10256410256410256,0.10256410256410256,135,3,0.022222222222222223,0.02857142857142857,0.025,1,0.0835509138381201,0.0835509138381201,0.0835509138381201,nan,nan
foldbench100__8adc_A,1,418,True,139,139,15,0.1079136690647482,0.08823529411764706,0.0970873786407767,29,6,0.20689655172413793,0.23076923076923078,0.21818181818181817,35,8,0.22857142857142856,0.20512820512820512,0.2162162162162162,75,1,0.013333333333333334,0.009523809523809525,0.011111111111111112,1,0.0970873786407767,0.0970873786407767,0.0970873786407767,nan,nan
foldbench100__8adc_A,2,700,True,231,231,14,0.06060606060606061,0.08235294117647059,0.06982543640897756,28,5,0.17857142857142858,0.19230769230769232,0.1851851851851852,46,9,0.1956521739130435,0.23076923076923078,0.21176470588235294,157,0,0.0,0.0,0.0,1,0.06982543640897756,0.06982543640897756,0.06982543640897756,nan,nan
foldbench100__8adc_A,3,463,True,154,154,11,0.07142857142857142,0.06470588235294118,0.06790123456790123,47,8,0.1702127659574468,0.3076923076923077,0.2191780821917808,43,3,0.06976744186046512,0.07692307692307693,0.07317073170731707,64,0,0.0,0.0,0.0,1,0.06790123456790123,0.06790123456790123,0.06790123456790123,nan,nan
foldbench100__8ah9_A,0,394,True,131,131,39,0.29770992366412213,0.29545454545454547,0.2965779467680609,16,9,0.5625,0.2903225806451613,0.3829787234042554,38,20,0.5263157894736842,0.3448275862068966,0.4166666666666667,77,10,0.12987012987012986,0.23255813953488372,0.16666666666666666,1,0.2965779467680609,0.2965779467680609,0.2965779467680609,nan,nan
foldbench100__8ah9_A,1,367,True,122,122,27,0.22131147540983606,0.20454545454545456,0.2125984251968504,20,9,0.45,0.2903225806451613,0.3529411764705882,34,15,0.4411764705882353,0.25862068965517243,0.32608695652173914,68,3,0.04411764705882353,0.06976744186046512,0.05405405405405406,1,0.2125984251968504,0.2125984251968504,0.2125984251968504,nan,nan
foldbench100__8ah9_A,2,397,True,132,132,37,0.2803030303030303,0.2803030303030303,0.2803030303030303,19,14,0.7368421052631579,0.45161290322580644,0.56,29,20,0.6896551724137931,0.3448275862068966,0.4597701149425288,84,3,0.03571428571428571,0.06976744186046512,0.047244094488188976,1,0.2803030303030303,0.2803030303030303,0.2803030303030303,nan,nan
foldbench100__8ah9_A,3,256,True,85,85,17,0.2,0.12878787878787878,0.15668202764976957,14,5,0.35714285714285715,0.16129032258064516,0.2222222222222222,24,11,0.4583333333333333,0.1896551724137931,0.2682926829268293,47,1,0.02127659574468085,0.023255813953488372,0.02222222222222222,1,0.15668202764976957,0.15668202764976957,0.15668202764976957,nan,nan
foldbench100__8akh_A,0,760,True,253,253,8,0.03162055335968379,0.024922118380062305,0.02787456445993031,53,3,0.05660377358490566,0.07142857142857142,0.06315789473684211,63,4,0.06349206349206349,0.08,0.07079646017699115,137,1,0.0072992700729927005,0.004366812227074236,0.00546448087431694,1,0.02787456445993031,0.02787456445993031,0.02787456445993031,nan,nan
foldbench100__8akh_A,1,1276,True,423,423,13,0.030732860520094562,0.040498442367601244,0.03494623655913978,56,5,0.08928571428571429,0.11904761904761904,0.10204081632653061,40,2,0.05,0.04,0.044444444444444446,327,6,0.01834862385321101,0.026200873362445413,0.02158273381294964,1,0.03494623655913978,0.03494623655913978,0.03494623655913978,nan,nan
foldbench100__8akh_A,2,1270,True,419,419,28,0.06682577565632458,0.08722741433021806,0.07567567567567567,53,8,0.1509433962264151,0.19047619047619047,0.16842105263157897,86,6,0.06976744186046512,0.12,0.08823529411764704,280,14,0.05,0.0611353711790393,0.0550098231827112,1,0.07567567567567567,0.07567567567567567,0.07567567567567567,nan,nan
foldbench100__8akh_A,3,1072,True,357,357,11,0.03081232492997199,0.03426791277258567,0.03244837758112094,51,4,0.0784313725490196,0.09523809523809523,0.08602150537634408,58,5,0.08620689655172414,0.1,0.0925925925925926,248,2,0.008064516129032258,0.008733624454148471,0.008385744234800837,1,0.03244837758112094,0.03244837758112094,0.03244837758112094,nan,nan
foldbench100__8arl_A,0,733,True,243,243,4,0.01646090534979424,0.015384615384615385,0.015904572564612328,48,3,0.0625,0.11538461538461539,0.08108108108108109,77,1,0.012987012987012988,0.0625,0.021505376344086023,118,0,0.0,0.0,0.0,1,0.015904572564612328,0.015904572564612328,0.015904572564612328,nan,nan
foldbench100__8arl_A,1,289,True,96,96,5,0.052083333333333336,0.019230769230769232,0.028089887640449444,43,5,0.11627906976744186,0.19230769230769232,0.14492753623188406,23,0,0.0,0.0,0.0,30,0,0.0,0.0,0.0,1,0.028089887640449444,0.028089887640449444,0.028089887640449444,nan,nan
foldbench100__8arl_A,2,655,True,218,218,4,0.01834862385321101,0.015384615384615385,0.016736401673640166,62,4,0.06451612903225806,0.15384615384615385,0.09090909090909091,46,0,0.0,0.0,0.0,110,0,0.0,0.0,0.0,1,0.016736401673640166,0.016736401673640166,0.016736401673640166,nan,nan
foldbench100__8arl_A,3,553,True,182,182,3,0.016483516483516484,0.011538461538461539,0.013574660633484163,18,1,0.05555555555555555,0.038461538461538464,0.04545454545454546,137,2,0.014598540145985401,0.125,0.0261437908496732,27,0,0.0,0.0,0.0,1,0.013574660633484163,0.013574660633484163,0.013574660633484163,nan,nan
foldbench100__8axj_A,0,388,True,129,129,64,0.49612403100775193,0.44755244755244755,0.47058823529411764,12,5,0.4166666666666667,0.38461538461538464,0.4,58,37,0.6379310344827587,0.5522388059701493,0.5920000000000001,59,22,0.3728813559322034,0.3492063492063492,0.36065573770491804,1,0.47058823529411764,0.47058823529411764,0.47058823529411764,nan,nan
foldbench100__8axj_A,1,475,True,158,158,74,0.46835443037974683,0.5174825174825175,0.4916943521594684,17,6,0.35294117647058826,0.46153846153846156,0.4000000000000001,81,44,0.5432098765432098,0.6567164179104478,0.5945945945945946,60,24,0.4,0.38095238095238093,0.3902439024390244,1,0.4916943521594684,0.4916943521594684,0.4916943521594684,nan,nan
foldbench100__8axj_A,2,439,True,146,146,68,0.4657534246575342,0.4755244755244755,0.47058823529411764,14,5,0.35714285714285715,0.38461538461538464,0.3703703703703704,72,40,0.5555555555555556,0.5970149253731343,0.5755395683453237,60,23,0.38333333333333336,0.36507936507936506,0.3739837398373984,1,0.47058823529411764,0.47058823529411764,0.47058823529411764,nan,nan
foldbench100__8axj_A,3,472,True,156,156,73,0.46794871794871795,0.5104895104895105,0.4882943143812709,17,7,0.4117647058823529,0.5384615384615384,0.4666666666666667,89,43,0.48314606741573035,0.6417910447761194,0.5512820512820513,50,23,0.46,0.36507936507936506,0.40707964601769914,1,0.4882943143812709,0.4882943143812709,0.4882943143812709,nan,nan
foldbench100__8b2e_A,0,334,True,111,111,2,0.018018018018018018,0.015384615384615385,0.016597510373443987,21,0,0.0,0.0,0.0,21,2,0.09523809523809523,0.06060606060606061,0.07407407407407407,69,0,0.0,0.0,0.0,1,0.016597510373443987,0.016597510373443987,0.016597510373443987,nan,nan
foldbench100__8b2e_A,1,82,True,27,27,1,0.037037037037037035,0.007692307692307693,0.012738853503184712,9,0,0.0,0.0,0.0,11,0,0.0,0.0,0.0,7,1,0.14285714285714285,0.013333333333333334,0.024390243902439025,1,0.012738853503184712,0.012738853503184712,0.012738853503184712,nan,nan
foldbench100__8b2e_A,2,340,True,113,113,2,0.017699115044247787,0.015384615384615385,0.01646090534979424,20,2,0.1,0.09090909090909091,0.09523809523809525,16,0,0.0,0.0,0.0,77,0,0.0,0.0,0.0,1,0.01646090534979424,0.01646090534979424,0.01646090534979424,nan,nan
foldbench100__8b2e_A,3,244,True,81,81,4,0.04938271604938271,0.03076923076923077,0.03791469194312796,14,2,0.14285714285714285,0.09090909090909091,0.1111111111111111,11,2,0.18181818181818182,0.06060606060606061,0.09090909090909091,56,0,0.0,0.0,0.0,1,0.03791469194312796,0.03791469194312796,0.03791469194312796,nan,nan
foldbench100__8b2s_A,0,496,True,165,165,6,0.03636363636363636,0.03225806451612903,0.03418803418803419,25,1,0.04,0.03571428571428571,0.03773584905660378,52,3,0.057692307692307696,0.06,0.058823529411764705,88,2,0.022727272727272728,0.018518518518518517,0.02040816326530612,1,0.03418803418803419,0.03418803418803419,0.03418803418803419,nan,nan
foldbench100__8b2s_A,1,586,True,194,194,15,0.07731958762886598,0.08064516129032258,0.07894736842105264,31,4,0.12903225806451613,0.14285714285714285,0.13559322033898305,43,4,0.09302325581395349,0.08,0.08602150537634408,120,7,0.058333333333333334,0.06481481481481481,0.06140350877192983,1,0.07894736842105264,0.07894736842105264,0.07894736842105264,nan,nan
foldbench100__8b2s_A,2,490,True,163,163,13,0.07975460122699386,0.06989247311827956,0.07449856733524356,34,4,0.11764705882352941,0.14285714285714285,0.12903225806451615,46,4,0.08695652173913043,0.08,0.08333333333333333,83,5,0.060240963855421686,0.046296296296296294,0.05235602094240838,1,0.07449856733524356,0.07449856733524356,0.07449856733524356,nan,nan
foldbench100__8b2s_A,3,475,True,158,158,10,0.06329113924050633,0.053763440860215055,0.05813953488372093,25,4,0.16,0.14285714285714285,0.15094339622641512,23,1,0.043478260869565216,0.02,0.0273972602739726,110,5,0.045454545454545456,0.046296296296296294,0.045871559633027525,1,0.05813953488372093,0.05813953488372093,0.05813953488372093,nan,nan
foldbench100__8b5w_A,0,1060,True,353,353,13,0.036827195467422094,0.03513513513513514,0.0359612724757953,41,7,0.17073170731707318,0.1590909090909091,0.16470588235294117,40,0,0.0,0.0,0.0,272,6,0.022058823529411766,0.021660649819494584,0.02185792349726776,1,0.0359612724757953,0.0359612724757953,0.0359612724757953,nan,nan
foldbench100__8b5w_A,1,1639,True,538,538,10,0.01858736059479554,0.02702702702702703,0.022026431718061675,62,6,0.0967741935483871,0.13636363636363635,0.11320754716981131,52,1,0.019230769230769232,0.02040816326530612,0.019801980198019802,424,3,0.007075471698113208,0.010830324909747292,0.008559201141226819,1,0.022026431718061675,0.022026431718061675,0.022026431718061675,nan,nan
foldbench100__8b5w_A,2,1390,True,462,462,18,0.03896103896103896,0.04864864864864865,0.04326923076923077,72,6,0.08333333333333333,0.13636363636363635,0.10344827586206896,79,2,0.02531645569620253,0.04081632653061224,0.03125,311,10,0.03215434083601286,0.036101083032490974,0.03401360544217687,1,0.04326923076923077,0.04326923076923077,0.04326923076923077,nan,nan
foldbench100__8b5w_A,3,1198,True,399,399,14,0.03508771929824561,0.03783783783783784,0.036410923276983094,48,4,0.08333333333333333,0.09090909090909091,0.08695652173913043,56,3,0.05357142857142857,0.061224489795918366,0.05714285714285714,295,7,0.023728813559322035,0.02527075812274368,0.024475524475524476,1,0.036410923276983094,0.036410923276983094,0.036410923276983094,nan,nan
foldbench100__8b6a_A,0,472,True,157,157,12,0.07643312101910828,0.06153846153846154,0.06818181818181819,21,3,0.14285714285714285,0.1,0.11764705882352941,47,5,0.10638297872340426,0.10638297872340426,0.10638297872340424,89,4,0.0449438202247191,0.03389830508474576,0.03864734299516909,1,0.06818181818181819,0.06818181818181819,0.06818181818181819,nan,nan
foldbench100__8b6a_A,1,532,True,176,176,19,0.10795454545454546,0.09743589743589744,0.10242587601078168,34,4,0.11764705882352941,0.13333333333333333,0.125,56,11,0.19642857142857142,0.23404255319148937,0.21359223300970875,86,4,0.046511627906976744,0.03389830508474576,0.0392156862745098,1,0.10242587601078168,0.10242587601078168,0.10242587601078168,nan,nan
foldbench100__8b6a_A,2,499,True,163,163,15,0.09202453987730061,0.07692307692307693,0.08379888268156425,34,3,0.08823529411764706,0.1,0.09375000000000001,52,6,0.11538461538461539,0.1276595744680851,0.12121212121212122,77,6,0.07792207792207792,0.05084745762711865,0.061538461538461535,1,0.08379888268156425,0.08379888268156425,0.08379888268156425,nan,nan
foldbench100__8b6a_A,3,595,True,198,198,16,0.08080808080808081,0.08205128205128205,0.08142493638676845,37,6,0.16216216216216217,0.2,0.1791044776119403,63,7,0.1111111111111111,0.14893617021276595,0.1272727272727273,98,3,0.030612244897959183,0.025423728813559324,0.02777777777777778,1,0.08142493638676845,0.08142493638676845,0.08142493638676845,nan,nan
foldbench100__8baq_A,0,715,True,238,238,6,0.025210084033613446,0.031578947368421054,0.028037383177570093,31,5,0.16129032258064516,0.20833333333333334,0.1818181818181818,25,0,0.0,0.0,0.0,182,1,0.005494505494505495,0.0072992700729927005,0.006269592476489028,1,0.028037383177570093,0.028037383177570093,0.028037383177570093,nan,nan
foldbench100__8baq_A,1,736,True,243,243,8,0.03292181069958848,0.042105263157894736,0.03695150115473441,26,2,0.07692307692307693,0.08333333333333333,0.08,49,0,0.0,0.0,0.0,168,6,0.03571428571428571,0.043795620437956206,0.03934426229508197,1,0.03695150115473441,0.03695150115473441,0.03695150115473441,nan,nan
foldbench100__8baq_A,2,655,True,216,216,2,0.009259259259259259,0.010526315789473684,0.009852216748768473,24,1,0.041666666666666664,0.041666666666666664,0.041666666666666664,24,0,0.0,0.0,0.0,168,1,0.005952380952380952,0.0072992700729927005,0.006557377049180327,1,0.009852216748768473,0.009852216748768473,0.009852216748768473,nan,nan
foldbench100__8baq_A,3,748,True,248,248,3,0.012096774193548387,0.015789473684210527,0.0136986301369863,24,1,0.041666666666666664,0.041666666666666664,0.041666666666666664,30,1,0.03333333333333333,0.034482758620689655,0.03389830508474576,194,1,0.005154639175257732,0.0072992700729927005,0.006042296072507552,1,0.0136986301369863,0.0136986301369863,0.0136986301369863,nan,nan
foldbench100__8bfy_A,0,1300,True,433,433,42,0.09699769053117784,0.116991643454039,0.10606060606060606,67,12,0.1791044776119403,0.26666666666666666,0.21428571428571425,92,9,0.09782608695652174,0.1875,0.1285714285714286,274,21,0.07664233576642336,0.07894736842105263,0.07777777777777778,1,0.10606060606060606,0.10606060606060606,0.10606060606060606,nan,nan
foldbench100__8bfy_A,1,1339,True,445,445,14,0.03146067415730337,0.03899721448467967,0.03482587064676616,67,9,0.13432835820895522,0.2,0.1607142857142857,68,1,0.014705882352941176,0.020833333333333332,0.017241379310344827,310,4,0.012903225806451613,0.015037593984962405,0.01388888888888889,1,0.03482587064676616,0.03482587064676616,0.03482587064676616,nan,nan
foldbench100__8bfy_A,2,1267,True,412,412,15,0.03640776699029126,0.04178272980501393,0.038910505836575876,69,7,0.10144927536231885,0.15555555555555556,0.12280701754385964,71,3,0.04225352112676056,0.0625,0.05042016806722689,272,5,0.01838235294117647,0.018796992481203006,0.018587360594795536,1,0.038910505836575876,0.038910505836575876,0.038910505836575876,nan,nan
foldbench100__8bfy_A,3,994,True,331,331,24,0.07250755287009064,0.06685236768802229,0.06956521739130436,47,8,0.1702127659574468,0.17777777777777778,0.1739130434782609,48,6,0.125,0.125,0.125,236,10,0.0423728813559322,0.03759398496240601,0.0398406374501992,1,0.06956521739130436,0.06956521739130436,0.06956521739130436,nan,nan
foldbench100__8bke_A,0,2155,True,712,712,122,0.17134831460674158,0.24696356275303644,0.2023217247097844,61,7,0.11475409836065574,0.23333333333333334,0.15384615384615385,178,13,0.07303370786516854,0.0962962962962963,0.0830670926517572,473,102,0.2156448202959831,0.3100303951367781,0.25436408977556113,1,0.2023217247097844,0.2023217247097844,0.2023217247097844,nan,nan
foldbench100__8bke_A,1,2235,True,725,725,98,0.13517241379310344,0.19838056680161945,0.16078753076292043,81,8,0.09876543209876543,0.26666666666666666,0.14414414414414414,137,20,0.145985401459854,0.14814814814814814,0.14705882352941174,507,70,0.13806706114398423,0.2127659574468085,0.1674641148325359,1,0.16078753076292043,0.16078753076292043,0.16078753076292043,nan,nan
foldbench100__8bke_A,2,2284,True,754,754,103,0.13660477453580902,0.20850202429149797,0.16506410256410256,68,5,0.07352941176470588,0.16666666666666666,0.10204081632653061,105,12,0.11428571428571428,0.08888888888888889,0.1,581,86,0.14802065404475043,0.2613981762917933,0.18901098901098903,1,0.16506410256410256,0.16506410256410256,0.16506410256410256,nan,nan
foldbench100__8bke_A,3,2782,True,881,881,67,0.07604994324631101,0.13562753036437247,0.09745454545454546,85,7,0.08235294117647059,0.23333333333333334,0.12173913043478261,127,9,0.07086614173228346,0.06666666666666667,0.06870229007633588,669,51,0.07623318385650224,0.15501519756838905,0.10220440881763526,1,0.09745454545454546,0.09745454545454546,0.09745454545454546,nan,nan
foldbench100__8bux_A,0,748,True,248,248,7,0.028225806451612902,0.029166666666666667,0.028688524590163935,43,4,0.09302325581395349,0.14814814814814814,0.11428571428571428,58,1,0.017241379310344827,0.027777777777777776,0.02127659574468085,147,2,0.013605442176870748,0.011299435028248588,0.012345679012345678,1,0.028688524590163935,0.028688524590163935,0.028688524590163935,nan,nan
foldbench100__8bux_A,1,718,True,238,238,8,0.03361344537815126,0.03333333333333333,0.03347280334728033,35,4,0.11428571428571428,0.14814814814814814,0.12903225806451613,40,2,0.05,0.05555555555555555,0.052631578947368425,163,2,0.012269938650306749,0.011299435028248588,0.011764705882352943,1,0.03347280334728033,0.03347280334728033,0.03347280334728033,nan,nan
foldbench100__8bux_A,2,763,True,254,254,3,0.011811023622047244,0.0125,0.012145748987854251,35,1,0.02857142857142857,0.037037037037037035,0.03225806451612903,40,0,0.0,0.0,0.0,179,2,0.0111731843575419,0.011299435028248588,0.011235955056179775,1,0.012145748987854251,0.012145748987854251,0.012145748987854251,nan,nan
foldbench100__8bux_A,3,556,True,184,184,10,0.05434782608695652,0.041666666666666664,0.04716981132075471,33,1,0.030303030303030304,0.037037037037037035,0.03333333333333333,43,7,0.16279069767441862,0.19444444444444445,0.17721518987341772,108,2,0.018518518518518517,0.011299435028248588,0.014035087719298244,1,0.04716981132075471,0.04716981132075471,0.04716981132075471,nan,nan
foldbench100__8c4y_A,0,763,True,254,254,14,0.05511811023622047,0.03753351206434316,0.044657097288676235,43,5,0.11627906976744186,0.14285714285714285,0.1282051282051282,49,0,0.0,0.0,0.0,162,9,0.05555555555555555,0.030821917808219176,0.039647577092511016,1,0.044657097288676235,0.044657097288676235,0.044657097288676235,nan,nan
foldbench100__8c4y_A,1,775,True,255,255,27,0.10588235294117647,0.07238605898123325,0.08598726114649682,40,7,0.175,0.2,0.18666666666666665,56,6,0.10714285714285714,0.13043478260869565,0.11764705882352941,159,14,0.0880503144654088,0.04794520547945205,0.062084257206208415,1,0.08598726114649682,0.08598726114649682,0.08598726114649682,nan,nan
foldbench100__8c4y_A,2,841,True,280,280,13,0.04642857142857143,0.03485254691689008,0.03981623277182236,54,4,0.07407407407407407,0.11428571428571428,0.0898876404494382,62,3,0.04838709677419355,0.06521739130434782,0.05555555555555555,164,6,0.036585365853658534,0.02054794520547945,0.02631578947368421,1,0.03981623277182236,0.03981623277182236,0.03981623277182236,nan,nan
foldbench100__8c4y_A,3,1015,True,336,336,24,0.07142857142857142,0.064343163538874,0.06770098730606487,61,8,0.13114754098360656,0.22857142857142856,0.16666666666666666,65,4,0.06153846153846154,0.08695652173913043,0.07207207207207207,210,12,0.05714285714285714,0.0410958904109589,0.04780876494023905,1,0.06770098730606487,0.06770098730606487,0.06770098730606487,nan,nan
foldbench100__8ci9_A,0,1096,True,363,363,19,0.05234159779614325,0.05637982195845697,0.05428571428571428,40,8,0.2,0.20512820512820512,0.20253164556962025,55,2,0.03636363636363636,0.04878048780487805,0.041666666666666664,268,9,0.033582089552238806,0.03501945525291829,0.03428571428571429,1,0.05428571428571428,0.05428571428571428,0.05428571428571428,nan,nan
foldbench100__8ci9_A,1,931,True,310,310,16,0.05161290322580645,0.04747774480712166,0.04945904173106646,60,12,0.2,0.3076923076923077,0.24242424242424246,48,3,0.0625,0.07317073170731707,0.06741573033707865,202,1,0.0049504950495049506,0.0038910505836575876,0.004357298474945533,1,0.04945904173106646,0.04945904173106646,0.04945904173106646,nan,nan
foldbench100__8ci9_A,2,853,True,284,284,20,0.07042253521126761,0.05934718100890208,0.0644122383252818,54,10,0.18518518518518517,0.2564102564102564,0.21505376344086022,58,3,0.05172413793103448,0.07317073170731707,0.060606060606060594,172,7,0.040697674418604654,0.027237354085603113,0.03263403263403264,1,0.0644122383252818,0.0644122383252818,0.0644122383252818,nan,nan
foldbench100__8ci9_A,3,889,True,296,296,12,0.04054054054054054,0.03560830860534125,0.037914691943127965,43,3,0.06976744186046512,0.07692307692307693,0.07317073170731707,64,3,0.046875,0.07317073170731707,0.05714285714285714,189,6,0.031746031746031744,0.023346303501945526,0.026905829596412554,1,0.037914691943127965,0.037914691943127965,0.037914691943127965,nan,nan
foldbench100__8cpk_A,0,970,True,323,323,52,0.1609907120743034,0.14730878186968838,0.15384615384615383,20,3,0.15,0.125,0.13636363636363635,41,8,0.1951219512195122,0.1095890410958904,0.14035087719298245,262,41,0.15648854961832062,0.16015625,0.15830115830115832,1,0.15384615384615383,0.15384615384615383,0.15384615384615383,nan,nan
foldbench100__8cpk_A,1,1180,True,392,392,78,0.1989795918367347,0.22096317280453256,0.20939597315436242,42,6,0.14285714285714285,0.25,0.18181818181818182,65,18,0.27692307692307694,0.2465753424657534,0.2608695652173913,285,54,0.18947368421052632,0.2109375,0.199630314232902,1,0.20939597315436242,0.20939597315436242,0.20939597315436242,nan,nan
foldbench100__8cpk_A,2,1096,True,365,365,39,0.10684931506849316,0.11048158640226628,0.10863509749303621,32,4,0.125,0.16666666666666666,0.14285714285714288,261,21,0.08045977011494253,0.2876712328767123,0.12574850299401197,72,14,0.19444444444444445,0.0546875,0.08536585365853659,1,0.10863509749303621,0.10863509749303621,0.10863509749303621,nan,nan
foldbench100__8cpk_A,3,1048,True,349,349,96,0.27507163323782235,0.2719546742209632,0.27350427350427353,20,7,0.35,0.2916666666666667,0.31818181818181823,118,21,0.17796610169491525,0.2876712328767123,0.21989528795811517,211,68,0.3222748815165877,0.265625,0.29122055674518205,1,0.27350427350427353,0.27350427350427353,0.27350427350427353,nan,nan
foldbench100__8d2z_A,0,1003,True,330,330,20,0.06060606060606061,0.0641025641025641,0.062305295950155756,58,8,0.13793103448275862,0.16326530612244897,0.1495327102803738,41,3,0.07317073170731707,0.057692307692307696,0.06451612903225806,231,9,0.03896103896103896,0.04265402843601896,0.04072398190045248,1,0.062305295950155756,0.062305295950155756,0.062305295950155756,nan,nan
foldbench100__8d2z_A,1,1216,True,404,404,21,0.05198019801980198,0.0673076923076923,0.058659217877094966,45,5,0.1111111111111111,0.10204081632653061,0.10638297872340426,61,4,0.06557377049180328,0.07692307692307693,0.07079646017699115,298,12,0.040268456375838924,0.05687203791469194,0.047151277013752456,1,0.058659217877094966,0.058659217877094966,0.058659217877094966,nan,nan
foldbench100__8d2z_A,2,997,True,331,331,48,0.14501510574018128,0.15384615384615385,0.14930015552099535,53,6,0.11320754716981132,0.12244897959183673,0.11764705882352941,65,13,0.2,0.25,0.22222222222222224,213,29,0.13615023474178403,0.13744075829383887,0.13679245283018868,1,0.14930015552099535,0.14930015552099535,0.14930015552099535,nan,nan
foldbench100__8d2z_A,3,931,True,310,310,20,0.06451612903225806,0.0641025641025641,0.06430868167202572,49,16,0.32653061224489793,0.32653061224489793,0.32653061224489793,64,2,0.03125,0.038461538461538464,0.034482758620689655,197,2,0.01015228426395939,0.009478672985781991,0.00980392156862745,1,0.06430868167202572,0.06430868167202572,0.06430868167202572,nan,nan
foldbench100__8dez_A,0,493,True,163,163,14,0.08588957055214724,0.07692307692307693,0.08115942028985508,13,0,0.0,0.0,0.0,29,1,0.034482758620689655,0.047619047619047616,0.04,121,13,0.10743801652892562,0.09219858156028368,0.09923664122137404,1,0.08115942028985508,0.08115942028985508,0.08115942028985508,nan,nan
foldbench100__8dez_A,1,370,True,123,123,17,0.13821138211382114,0.09340659340659341,0.11147540983606558,24,4,0.16666666666666666,0.2,0.1818181818181818,25,6,0.24,0.2857142857142857,0.2608695652173913,74,7,0.0945945945945946,0.04964539007092199,0.06511627906976744,1,0.11147540983606558,0.11147540983606558,0.11147540983606558,nan,nan
foldbench100__8dez_A,2,397,True,132,132,13,0.09848484848484848,0.07142857142857142,0.08280254777070063,34,6,0.17647058823529413,0.3,0.22222222222222224,40,2,0.05,0.09523809523809523,0.0655737704918033,58,5,0.08620689655172414,0.03546099290780142,0.050251256281407045,1,0.08280254777070063,0.08280254777070063,0.08280254777070063,nan,nan
foldbench100__8dez_A,3,361,True,120,120,14,0.11666666666666667,0.07692307692307693,0.09271523178807947,22,6,0.2727272727272727,0.3,0.28571428571428564,42,5,0.11904761904761904,0.23809523809523808,0.15873015873015875,56,3,0.05357142857142857,0.02127659574468085,0.030456852791878174,1,0.09271523178807947,0.09271523178807947,0.09271523178807947,nan,nan
foldbench100__8dhj_A,0,679,True,225,225,6,0.02666666666666667,0.02247191011235955,0.024390243902439022,48,5,0.10416666666666667,0.16129032258064516,0.12658227848101267,41,0,0.0,0.0,0.0,136,1,0.007352941176470588,0.005,0.005952380952380954,1,0.024390243902439022,0.024390243902439022,0.024390243902439022,nan,nan
foldbench100__8dhj_A,1,1084,True,355,355,24,0.0676056338028169,0.0898876404494382,0.07717041800643086,43,5,0.11627906976744186,0.16129032258064516,0.13513513513513514,56,2,0.03571428571428571,0.05555555555555555,0.043478260869565216,256,17,0.06640625,0.085,0.07456140350877193,1,0.07717041800643086,0.07717041800643086,0.07717041800643086,nan,nan
foldbench100__8dhj_A,2,775,True,255,255,7,0.027450980392156862,0.026217228464419477,0.02681992337164751,41,4,0.0975609756097561,0.12903225806451613,0.1111111111111111,33,0,0.0,0.0,0.0,181,3,0.016574585635359115,0.015,0.015748031496062992,1,0.02681992337164751,0.02681992337164751,0.02681992337164751,nan,nan
foldbench100__8dhj_A,3,976,True,320,320,24,0.075,0.0898876404494382,0.08177172061328788,49,9,0.1836734693877551,0.2903225806451613,0.225,69,5,0.07246376811594203,0.1388888888888889,0.09523809523809525,202,10,0.04950495049504951,0.05,0.04975124378109454,1,0.08177172061328788,0.08177172061328788,0.08177172061328788,nan,nan
foldbench100__8dp9_A,0,574,True,190,190,12,0.06315789473684211,0.0821917808219178,0.07142857142857142,25,4,0.16,0.21052631578947367,0.1818181818181818,32,2,0.0625,0.125,0.08333333333333333,133,6,0.045112781954887216,0.05405405405405406,0.04918032786885246,1,0.07142857142857142,0.07142857142857142,0.07142857142857142,nan,nan
foldbench100__8dp9_A,1,364,True,121,121,4,0.03305785123966942,0.0273972602739726,0.029962546816479398,23,2,0.08695652173913043,0.10526315789473684,0.09523809523809525,32,0,0.0,0.0,0.0,66,2,0.030303030303030304,0.018018018018018018,0.02259887005649718,1,0.029962546816479398,0.029962546816479398,0.029962546816479398,nan,nan
foldbench100__8dp9_A,2,334,True,111,111,3,0.02702702702702703,0.02054794520547945,0.023346303501945526,23,1,0.043478260869565216,0.05263157894736842,0.04761904761904762,23,2,0.08695652173913043,0.125,0.10256410256410256,65,0,0.0,0.0,0.0,1,0.023346303501945526,0.023346303501945526,0.023346303501945526,nan,nan
foldbench100__8dp9_A,3,409,True,136,136,15,0.11029411764705882,0.10273972602739725,0.10638297872340424,18,5,0.2777777777777778,0.2631578947368421,0.27027027027027023,30,0,0.0,0.0,0.0,88,10,0.11363636363636363,0.09009009009009009,0.10050251256281408,1,0.10638297872340424,0.10638297872340424,0.10638297872340424,nan,nan
foldbench100__8dx0_A,0,451,True,150,150,52,0.3466666666666667,0.3851851851851852,0.3649122807017544,24,11,0.4583333333333333,0.5789473684210527,0.5116279069767442,32,11,0.34375,0.4782608695652174,0.4,94,30,0.3191489361702128,0.3225806451612903,0.320855614973262,1,0.3649122807017544,0.3649122807017544,0.3649122807017544,nan,nan
foldbench100__8dx0_A,1,403,True,134,134,57,0.4253731343283582,0.4222222222222222,0.42379182156133827,18,11,0.6111111111111112,0.5789473684210527,0.5945945945945946,26,10,0.38461538461538464,0.43478260869565216,0.40816326530612246,90,36,0.4,0.3870967741935484,0.39344262295081966,1,0.42379182156133827,0.42379182156133827,0.42379182156133827,nan,nan
foldbench100__8dx0_A,2,424,True,140,140,75,0.5357142857142857,0.5555555555555556,0.5454545454545454,22,13,0.5909090909090909,0.6842105263157895,0.6341463414634148,29,15,0.5172413793103449,0.6521739130434783,0.576923076923077,89,47,0.5280898876404494,0.5053763440860215,0.5164835164835165,1,0.5454545454545454,0.5454545454545454,0.5454545454545454,nan,nan
foldbench100__8dx0_A,3,472,True,156,156,86,0.5512820512820513,0.6370370370370371,0.59106529209622,27,15,0.5555555555555556,0.7894736842105263,0.6521739130434783,29,15,0.5172413793103449,0.6521739130434783,0.576923076923077,100,56,0.56,0.6021505376344086,0.5803108808290157,1,0.59106529209622,0.59106529209622,0.59106529209622,nan,nan
foldbench100__8e5h_A,0,1318,True,437,437,48,0.10983981693363844,0.13953488372093023,0.12291933418693982,47,8,0.1702127659574468,0.17391304347826086,0.17204301075268816,39,5,0.1282051282051282,0.09259259259259259,0.10752688172043011,351,35,0.09971509971509972,0.14344262295081966,0.11764705882352941,1,0.12291933418693982,0.12291933418693982,0.12291933418693982,nan,nan
foldbench100__8e5h_A,1,970,True,322,322,68,0.2111801242236025,0.19767441860465115,0.2042042042042042,49,11,0.22448979591836735,0.2391304347826087,0.23157894736842108,54,10,0.18518518518518517,0.18518518518518517,0.18518518518518517,219,47,0.2146118721461187,0.19262295081967212,0.20302375809935205,1,0.2042042042042042,0.2042042042042042,0.2042042042042042,nan,nan
foldbench100__8e5h_A,2,1195,True,395,395,53,0.1341772151898734,0.15406976744186046,0.14343707713125844,44,9,0.20454545454545456,0.1956521739130435,0.2,50,6,0.12,0.1111111111111111,0.11538461538461538,301,38,0.12624584717607973,0.1557377049180328,0.13944954128440368,1,0.14343707713125844,0.14343707713125844,0.14343707713125844,nan,nan
foldbench100__8e5h_A,3,1171,True,389,389,50,0.12853470437017994,0.14534883720930233,0.1364256480218281,58,13,0.22413793103448276,0.2826086956521739,0.24999999999999994,35,4,0.11428571428571428,0.07407407407407407,0.0898876404494382,296,33,0.11148648648648649,0.13524590163934427,0.12222222222222223,1,0.1364256480218281,0.1364256480218281,0.1364256480218281,nan,nan
foldbench100__8ec3_A,0,484,True,160,160,0,0.0,0.0,0.0,10,0,0.0,0.0,0.0,36,0,0.0,0.0,0.0,114,0,0.0,0.0,0.0,1,0.0,0.0,0.0,nan,nan
foldbench100__8ec3_A,1,421,True,140,140,0,0.0,0.0,0.0,8,0,0.0,0.0,0.0,13,0,0.0,0.0,0.0,119,0,0.0,0.0,0.0,1,0.0,0.0,0.0,nan,nan
foldbench100__8ec3_A,2,499,True,165,165,2,0.012121212121212121,0.015873015873015872,0.013745704467353952,11,0,0.0,0.0,0.0,7,0,0.0,0.0,0.0,147,2,0.013605442176870748,0.017391304347826087,0.015267175572519085,1,0.013745704467353952,0.013745704467353952,0.013745704467353952,nan,nan
foldbench100__8ec3_A,3,334,True,111,111,2,0.018018018018018018,0.015873015873015872,0.016877637130801686,10,0,0.0,0.0,0.0,17,0,0.0,0.0,0.0,84,2,0.023809523809523808,0.017391304347826087,0.020100502512562818,1,0.016877637130801686,0.016877637130801686,0.016877637130801686,nan,nan
foldbench100__8gmy_A,0,562,True,187,187,22,0.11764705882352941,0.08661417322834646,0.09977324263038549,29,6,0.20689655172413793,0.18181818181818182,0.1935483870967742,46,5,0.10869565217391304,0.09433962264150944,0.10101010101010101,112,11,0.09821428571428571,0.06547619047619048,0.07857142857142857,1,0.09977324263038549,0.09977324263038549,0.09977324263038549,nan,nan
foldbench100__8gmy_A,1,919,True,306,306,37,0.12091503267973856,0.14566929133858267,0.13214285714285715,31,4,0.12903225806451613,0.12121212121212122,0.125,49,11,0.22448979591836735,0.20754716981132076,0.21568627450980393,226,22,0.09734513274336283,0.13095238095238096,0.1116751269035533,1,0.13214285714285715,0.13214285714285715,0.13214285714285715,nan,nan
foldbench100__8gmy_A,2,886,True,294,294,32,0.10884353741496598,0.12598425196850394,0.11678832116788321,35,5,0.14285714285714285,0.15151515151515152,0.14705882352941174,54,3,0.05555555555555555,0.05660377358490566,0.056074766355140186,205,24,0.11707317073170732,0.14285714285714285,0.128686327077748,1,0.11678832116788321,0.11678832116788321,0.11678832116788321,nan,nan
foldbench100__8gmy_A,3,754,True,250,250,33,0.132,0.12992125984251968,0.13095238095238093,24,7,0.2916666666666667,0.21212121212121213,0.2456140350877193,32,8,0.25,0.1509433962264151,0.18823529411764706,194,18,0.09278350515463918,0.10714285714285714,0.09944751381215468,1,0.13095238095238093,0.13095238095238093,0.13095238095238093,nan,nan
foldbench100__8ycm_A,0,475,True,158,158,8,0.05063291139240506,0.04081632653061224,0.04519774011299435,43,5,0.11627906976744186,0.15151515151515152,0.13157894736842105,46,2,0.043478260869565216,0.05714285714285714,0.04938271604938271,69,1,0.014492753623188406,0.0078125,0.01015228426395939,1,0.04519774011299435,0.04519774011299435,0.04519774011299435,nan,nan
foldbench100__8ycm_A,1,520,True,171,171,12,0.07017543859649122,0.061224489795918366,0.0653950953678474,34,7,0.20588235294117646,0.21212121212121213,0.20895522388059704,50,3,0.06,0.08571428571428572,0.07058823529411765,87,2,0.022988505747126436,0.015625,0.018604651162790697,1,0.0653950953678474,0.0653950953678474,0.0653950953678474,nan,nan
foldbench100__8ycm_A,2,406,True,135,135,5,0.037037037037037035,0.025510204081632654,0.030211480362537763,26,3,0.11538461538461539,0.09090909090909091,0.1016949152542373,26,1,0.038461538461538464,0.02857142857142857,0.03278688524590164,83,1,0.012048192771084338,0.0078125,0.009478672985781991,1,0.030211480362537763,0.030211480362537763,0.030211480362537763,nan,nan
foldbench100__8ycm_A,3,619,True,204,204,6,0.029411764705882353,0.030612244897959183,0.03,26,3,0.11538461538461539,0.09090909090909091,0.1016949152542373,29,2,0.06896551724137931,0.05714285714285714,0.0625,149,1,0.006711409395973154,0.0078125,0.007220216606498194,1,0.03,0.03,0.03,nan,nan
