entry_id,r,n_gen_tokens,finished,n_pred,all_npred,all_tp,all_prec,all_rec,all_f1,short_npred,short_tp,short_prec,short_rec,short_f1,med_npred,med_tp,med_prec,med_rec,med_f1,long_npred,long_tp,long_prec,long_rec,long_f1,n_sections,best_f1,last_f1,first_f1,frac_improving,mean_jaccard
cameo_hard__8j4i_A,0,475,True,158,158,0,0.0,0.0,0.0,25,0,0.0,0.0,0.0,43,0,0.0,0.0,0.0,90,0,0.0,0.0,0.0,1,0.0,0.0,0.0,nan,nan
cameo_hard__8j4i_A,1,535,True,178,178,3,0.016853932584269662,0.023622047244094488,0.019672131147540982,34,1,0.029411764705882353,0.125,0.047619047619047616,41,1,0.024390243902439025,0.03225806451612903,0.027777777777777776,103,1,0.009708737864077669,0.011363636363636364,0.010471204188481674,1,0.019672131147540982,0.019672131147540982,0.019672131147540982,nan,nan
cameo_hard__8j4i_A,2,520,True,173,173,9,0.05202312138728324,0.07086614173228346,0.06,21,1,0.047619047619047616,0.125,0.06896551724137931,31,2,0.06451612903225806,0.06451612903225806,0.06451612903225806,121,6,0.049586776859504134,0.06818181818181818,0.05741626794258373,1,0.06,0.06,0.06,nan,nan
cameo_hard__8j4i_A,3,517,True,172,172,3,0.01744186046511628,0.023622047244094488,0.02006688963210702,16,0,0.0,0.0,0.0,21,0,0.0,0.0,0.0,135,3,0.022222222222222223,0.03409090909090909,0.026905829596412554,1,0.02006688963210702,0.02006688963210702,0.02006688963210702,nan,nan
cameo_hard__8raj_A,0,34,True,11,11,9,0.8181818181818182,0.6923076923076923,0.7500000000000001,5,3,0.6,0.5,0.5454545454545454,5,5,1.0,1.0,1.0,1,1,1.0,0.5,0.6666666666666666,1,0.7500000000000001,0.7500000000000001,0.7500000000000001,nan,nan
cameo_hard__8raj_A,1,73,True,24,24,5,0.20833333333333334,0.38461538461538464,0.2702702702702703,9,3,0.3333333333333333,0.5,0.4,6,1,0.16666666666666666,0.2,0.1818181818181818,9,1,0.1111111111111111,0.5,0.1818181818181818,1,0.2702702702702703,0.2702702702702703,0.2702702702702703,nan,nan
cameo_hard__8raj_A,2,109,True,36,36,5,0.1388888888888889,0.38461538461538464,0.20408163265306123,13,3,0.23076923076923078,0.5,0.3157894736842105,10,2,0.2,0.4,0.26666666666666666,13,0,0.0,0.0,0.0,1,0.20408163265306123,0.20408163265306123,0.20408163265306123,nan,nan
cameo_hard__8raj_A,3,61,True,20,20,7,0.35,0.5384615384615384,0.4242424242424242,8,3,0.375,0.5,0.42857142857142855,6,2,0.3333333333333333,0.4,0.3636363636363636,6,2,0.3333333333333333,1.0,0.5,1,0.4242424242424242,0.4242424242424242,0.4242424242424242,nan,nan
cameo_hard__8s89_A,0,952,True,317,317,23,0.07255520504731862,0.06744868035190615,0.06990881458966566,26,4,0.15384615384615385,0.16666666666666666,0.16,46,14,0.30434782608695654,0.25,0.27450980392156865,245,5,0.02040816326530612,0.019157088122605363,0.01976284584980237,1,0.06990881458966566,0.06990881458966566,0.06990881458966566,nan,nan
cameo_hard__8s89_A,1,1030,True,341,341,30,0.08797653958944282,0.08797653958944282,0.08797653958944282,49,6,0.12244897959183673,0.25,0.1643835616438356,66,14,0.21212121212121213,0.25,0.22950819672131145,226,10,0.04424778761061947,0.038314176245210725,0.04106776180698151,1,0.08797653958944282,0.08797653958944282,0.08797653958944282,nan,nan
cameo_hard__8s89_A,2,658,True,219,219,23,0.1050228310502283,0.06744868035190615,0.08214285714285714,35,8,0.22857142857142856,0.3333333333333333,0.2711864406779661,49,6,0.12244897959183673,0.10714285714285714,0.11428571428571428,135,9,0.06666666666666667,0.034482758620689655,0.045454545454545456,1,0.08214285714285714,0.08214285714285714,0.08214285714285714,nan,nan
cameo_hard__8s89_A,3,853,True,283,283,23,0.0812720848056537,0.06744868035190615,0.07371794871794872,33,7,0.21212121212121213,0.2916666666666667,0.2456140350877193,45,8,0.17777777777777778,0.14285714285714285,0.15841584158415842,205,8,0.03902439024390244,0.03065134099616858,0.03433476394849785,1,0.07371794871794872,0.07371794871794872,0.07371794871794872,nan,nan
cameo_hard__8v4w_A,0,730,True,243,243,15,0.06172839506172839,0.06944444444444445,0.06535947712418301,39,4,0.10256410256410256,0.16,0.125,51,6,0.11764705882352941,0.13636363636363635,0.1263157894736842,153,5,0.032679738562091505,0.034013605442176874,0.03333333333333333,1,0.06535947712418301,0.06535947712418301,0.06535947712418301,nan,nan
cameo_hard__8v4w_A,1,673,True,224,224,20,0.08928571428571429,0.09259259259259259,0.09090909090909091,33,5,0.15151515151515152,0.2,0.17241379310344826,43,11,0.2558139534883721,0.25,0.25287356321839083,148,4,0.02702702702702703,0.027210884353741496,0.02711864406779661,1,0.09090909090909091,0.09090909090909091,0.09090909090909091,nan,nan
cameo_hard__8v4w_A,2,805,True,267,267,7,0.026217228464419477,0.032407407407407406,0.028985507246376812,35,3,0.08571428571428572,0.12,0.09999999999999999,59,1,0.01694915254237288,0.022727272727272728,0.019417475728155338,173,3,0.017341040462427744,0.02040816326530612,0.018749999999999996,1,0.028985507246376812,0.028985507246376812,0.028985507246376812,nan,nan
cameo_hard__8v4w_A,3,475,True,158,158,20,0.12658227848101267,0.09259259259259259,0.10695187165775401,30,5,0.16666666666666666,0.2,0.1818181818181818,36,9,0.25,0.20454545454545456,0.225,92,6,0.06521739130434782,0.04081632653061224,0.0502092050209205,1,0.10695187165775401,0.10695187165775401,0.10695187165775401,nan,nan
cameo_hard__8vej_B,0,640,True,211,211,14,0.06635071090047394,0.07954545454545454,0.0723514211886305,45,4,0.08888888888888889,0.21052631578947367,0.125,51,4,0.0784313725490196,0.12903225806451613,0.0975609756097561,115,6,0.05217391304347826,0.047619047619047616,0.04979253112033194,1,0.0723514211886305,0.0723514211886305,0.0723514211886305,nan,nan
cameo_hard__8vej_B,1,463,True,154,154,15,0.09740259740259741,0.08522727272727272,0.0909090909090909,26,6,0.23076923076923078,0.3157894736842105,0.26666666666666666,24,5,0.20833333333333334,0.16129032258064516,0.1818181818181818,104,4,0.038461538461538464,0.031746031746031744,0.034782608695652174,1,0.0909090909090909,0.0909090909090909,0.0909090909090909,nan,nan
cameo_hard__8vej_B,2,511,True,170,170,20,0.11764705882352941,0.11363636363636363,0.11560693641618498,26,6,0.23076923076923078,0.3157894736842105,0.26666666666666666,34,5,0.14705882352941177,0.16129032258064516,0.15384615384615385,110,9,0.08181818181818182,0.07142857142857142,0.07627118644067796,1,0.11560693641618498,0.11560693641618498,0.11560693641618498,nan,nan
cameo_hard__8vej_B,3,721,True,240,240,24,0.1,0.13636363636363635,0.11538461538461538,29,6,0.20689655172413793,0.3157894736842105,0.25,43,7,0.16279069767441862,0.22580645161290322,0.1891891891891892,168,11,0.06547619047619048,0.0873015873015873,0.07482993197278912,1,0.11538461538461538,0.11538461538461538,0.11538461538461538,nan,nan
cameo_hard__8xtn_A,0,4,True,1,1,0,0.0,0.0,0.0,1,0,0.0,0.0,0.0,0,0,0.0,0.0,0.0,0,0,0.0,0.0,0.0,1,0.0,0.0,0.0,nan,nan
cameo_hard__8xtn_A,1,22,True,7,7,1,0.14285714285714285,0.14285714285714285,0.14285714285714285,3,1,0.3333333333333333,0.5,0.4,4,0,0.0,0.0,0.0,0,0,0.0,0.0,0.0,1,0.14285714285714285,0.14285714285714285,0.14285714285714285,nan,nan
cameo_hard__8xtn_A,2,16,True,5,5,0,0.0,0.0,0.0,4,0,0.0,0.0,0.0,1,0,0.0,0.0,0.0,0,0,0.0,0.0,0.0,1,0.0,0.0,0.0,nan,nan
cameo_hard__8xtn_A,3,1,True,0,0,0,0.0,0.0,0.0,0,0,0.0,0.0,0.0,0,0,0.0,0.0,0.0,0,0,0.0,0.0,0.0,1,0.0,0.0,0.0,nan,nan
cameo_hard__8yoz_A,0,187,True,62,62,14,0.22580645161290322,0.23728813559322035,0.23140495867768596,13,6,0.46153846153846156,0.375,0.41379310344827586,25,4,0.16,0.15384615384615385,0.1568627450980392,24,4,0.16666666666666666,0.23529411764705882,0.19512195121951217,1,0.23140495867768596,0.23140495867768596,0.23140495867768596,nan,nan
cameo_hard__8yoz_A,1,79,True,26,26,6,0.23076923076923078,0.1016949152542373,0.14117647058823532,16,4,0.25,0.25,0.25,10,2,0.2,0.07692307692307693,0.1111111111111111,0,0,0.0,0.0,0.0,1,0.14117647058823532,0.14117647058823532,0.14117647058823532,nan,nan
cameo_hard__8yoz_A,2,175,True,58,58,9,0.15517241379310345,0.15254237288135594,0.15384615384615385,7,1,0.14285714285714285,0.0625,0.08695652173913043,14,2,0.14285714285714285,0.07692307692307693,0.1,37,6,0.16216216216216217,0.35294117647058826,0.22222222222222227,1,0.15384615384615385,0.15384615384615385,0.15384615384615385,nan,nan
cameo_hard__8yoz_A,3,106,True,35,35,26,0.7428571428571429,0.4406779661016949,0.5531914893617021,16,13,0.8125,0.8125,0.8125,15,12,0.8,0.46153846153846156,0.5853658536585367,4,1,0.25,0.058823529411764705,0.09523809523809523,1,0.5531914893617021,0.5531914893617021,0.5531914893617021,nan,nan
cameo_hard__9b7d_D,0,586,True,195,195,7,0.035897435897435895,0.04964539007092199,0.041666666666666664,35,3,0.08571428571428572,0.10344827586206896,0.09375,53,3,0.05660377358490566,0.07894736842105263,0.06593406593406592,107,1,0.009345794392523364,0.013513513513513514,0.011049723756906075,1,0.041666666666666664,0.041666666666666664,0.041666666666666664,nan,nan
cameo_hard__9b7d_D,1,616,True,205,205,9,0.04390243902439024,0.06382978723404255,0.05202312138728323,34,6,0.17647058823529413,0.20689655172413793,0.19047619047619047,30,0,0.0,0.0,0.0,141,3,0.02127659574468085,0.04054054054054054,0.027906976744186046,1,0.05202312138728323,0.05202312138728323,0.05202312138728323,nan,nan
cameo_hard__9b7d_D,2,709,True,236,236,15,0.0635593220338983,0.10638297872340426,0.07957559681697614,37,4,0.10810810810810811,0.13793103448275862,0.12121212121212122,63,9,0.14285714285714285,0.23684210526315788,0.1782178217821782,136,2,0.014705882352941176,0.02702702702702703,0.019047619047619046,1,0.07957559681697614,0.07957559681697614,0.07957559681697614,nan,nan
cameo_hard__9b7d_D,3,619,True,206,206,9,0.043689320388349516,0.06382978723404255,0.051873198847262256,24,3,0.125,0.10344827586206896,0.11320754716981132,54,3,0.05555555555555555,0.07894736842105263,0.06521739130434782,128,3,0.0234375,0.04054054054054054,0.029702970297029705,1,0.051873198847262256,0.051873198847262256,0.051873198847262256,nan,nan
cameo_hard__9de9_B,0,172,True,57,57,9,0.15789473684210525,0.14516129032258066,0.15126050420168066,10,3,0.3,0.42857142857142855,0.3529411764705882,20,4,0.2,0.5714285714285714,0.29629629629629634,27,2,0.07407407407407407,0.041666666666666664,0.05333333333333334,1,0.15126050420168066,0.15126050420168066,0.15126050420168066,nan,nan
cameo_hard__9de9_B,1,121,True,40,40,5,0.125,0.08064516129032258,0.09803921568627451,4,1,0.25,0.14285714285714285,0.18181818181818182,8,0,0.0,0.0,0.0,28,4,0.14285714285714285,0.08333333333333333,0.10526315789473685,1,0.09803921568627451,0.09803921568627451,0.09803921568627451,nan,nan
cameo_hard__9de9_B,2,139,True,46,46,0,0.0,0.0,0.0,8,0,0.0,0.0,0.0,17,0,0.0,0.0,0.0,21,0,0.0,0.0,0.0,1,0.0,0.0,0.0,nan,nan
cameo_hard__9de9_B,3,178,True,59,59,22,0.3728813559322034,0.3548387096774194,0.36363636363636365,11,4,0.36363636363636365,0.5714285714285714,0.4444444444444444,12,3,0.25,0.42857142857142855,0.3157894736842105,36,15,0.4166666666666667,0.3125,0.35714285714285715,1,0.36363636363636365,0.36363636363636365,0.36363636363636365,nan,nan
cameo_hard__9def_A,0,376,True,125,125,10,0.08,0.08695652173913043,0.08333333333333333,25,5,0.2,0.22727272727272727,0.21276595744680854,28,0,0.0,0.0,0.0,72,5,0.06944444444444445,0.06666666666666667,0.06802721088435373,1,0.08333333333333333,0.08333333333333333,0.08333333333333333,nan,nan
cameo_hard__9def_A,1,109,True,36,36,14,0.3888888888888889,0.12173913043478261,0.18543046357615894,12,4,0.3333333333333333,0.18181818181818182,0.23529411764705885,12,3,0.25,0.16666666666666666,0.2,12,7,0.5833333333333334,0.09333333333333334,0.16091954022988506,1,0.18543046357615894,0.18543046357615894,0.18543046357615894,nan,nan
cameo_hard__9def_A,2,217,True,72,72,6,0.08333333333333333,0.05217391304347826,0.0641711229946524,17,4,0.23529411764705882,0.18181818181818182,0.20512820512820512,19,1,0.05263157894736842,0.05555555555555555,0.05405405405405406,36,1,0.027777777777777776,0.013333333333333334,0.018018018018018018,1,0.0641711229946524,0.0641711229946524,0.0641711229946524,nan,nan
cameo_hard__9def_A,3,304,True,100,100,3,0.03,0.02608695652173913,0.027906976744186043,16,1,0.0625,0.045454545454545456,0.052631578947368425,20,0,0.0,0.0,0.0,64,2,0.03125,0.02666666666666667,0.028776978417266185,1,0.027906976744186043,0.027906976744186043,0.027906976744186043,nan,nan
cameo_hard__9dl1_D,0,160,True,53,53,3,0.05660377358490566,0.08823529411764706,0.06896551724137931,8,2,0.25,0.2,0.22222222222222224,17,1,0.058823529411764705,0.1111111111111111,0.07692307692307691,28,0,0.0,0.0,0.0,1,0.06896551724137931,0.06896551724137931,0.06896551724137931,nan,nan
cameo_hard__9dl1_D,1,346,True,115,115,2,0.017391304347826087,0.058823529411764705,0.026845637583892617,5,0,0.0,0.0,0.0,12,1,0.08333333333333333,0.1111111111111111,0.09523809523809525,98,1,0.01020408163265306,0.06666666666666667,0.017699115044247787,1,0.026845637583892617,0.026845637583892617,0.026845637583892617,nan,nan
cameo_hard__9dl1_D,2,328,True,109,109,1,0.009174311926605505,0.029411764705882353,0.013986013986013986,21,0,0.0,0.0,0.0,26,1,0.038461538461538464,0.1111111111111111,0.05714285714285715,62,0,0.0,0.0,0.0,1,0.013986013986013986,0.013986013986013986,0.013986013986013986,nan,nan
cameo_hard__9dl1_D,3,496,True,165,165,3,0.01818181818181818,0.08823529411764706,0.030150753768844223,30,0,0.0,0.0,0.0,33,1,0.030303030303030304,0.1111111111111111,0.047619047619047616,102,2,0.0196078431372549,0.13333333333333333,0.034188034188034185,1,0.030150753768844223,0.030150753768844223,0.030150753768844223,nan,nan
cameo_hard__9eqn_A,0,55,True,18,18,2,0.1111111111111111,0.06060606060606061,0.0784313725490196,5,0,0.0,0.0,0.0,10,2,0.2,0.2222222222222222,0.2105263157894737,3,0,0.0,0.0,0.0,1,0.0784313725490196,0.0784313725490196,0.0784313725490196,nan,nan
cameo_hard__9eqn_A,1,97,True,32,32,9,0.28125,0.2727272727272727,0.2769230769230769,10,8,0.8,0.5714285714285714,0.6666666666666666,9,1,0.1111111111111111,0.1111111111111111,0.1111111111111111,13,0,0.0,0.0,0.0,1,0.2769230769230769,0.2769230769230769,0.2769230769230769,nan,nan
cameo_hard__9eqn_A,2,82,True,27,27,1,0.037037037037037035,0.030303030303030304,0.03333333333333333,3,1,0.3333333333333333,0.07142857142857142,0.11764705882352941,7,0,0.0,0.0,0.0,17,0,0.0,0.0,0.0,1,0.03333333333333333,0.03333333333333333,0.03333333333333333,nan,nan
cameo_hard__9eqn_A,3,100,True,33,33,4,0.12121212121212122,0.12121212121212122,0.12121212121212122,8,4,0.5,0.2857142857142857,0.36363636363636365,6,0,0.0,0.0,0.0,19,0,0.0,0.0,0.0,1,0.12121212121212122,0.12121212121212122,0.12121212121212122,nan,nan
cameo_hard__9f4c_A,0,91,True,30,30,3,0.1,0.046153846153846156,0.06315789473684211,16,3,0.1875,0.16666666666666666,0.17647058823529413,11,0,0.0,0.0,0.0,3,0,0.0,0.0,0.0,1,0.06315789473684211,0.06315789473684211,0.06315789473684211,nan,nan
cameo_hard__9f4c_A,1,217,True,72,72,6,0.08333333333333333,0.09230769230769231,0.08759124087591243,20,0,0.0,0.0,0.0,22,4,0.18181818181818182,0.6666666666666666,0.28571428571428575,30,2,0.06666666666666667,0.04878048780487805,0.056338028169014086,1,0.08759124087591243,0.08759124087591243,0.08759124087591243,nan,nan
cameo_hard__9f4c_A,2,55,True,18,18,1,0.05555555555555555,0.015384615384615385,0.024096385542168676,8,1,0.125,0.05555555555555555,0.07692307692307691,10,0,0.0,0.0,0.0,0,0,0.0,0.0,0.0,1,0.024096385542168676,0.024096385542168676,0.024096385542168676,nan,nan
cameo_hard__9f4c_A,3,115,True,38,38,5,0.13157894736842105,0.07692307692307693,0.0970873786407767,7,1,0.14285714285714285,0.05555555555555555,0.08,15,2,0.13333333333333333,0.3333333333333333,0.19047619047619044,16,2,0.125,0.04878048780487805,0.07017543859649124,1,0.0970873786407767,0.0970873786407767,0.0970873786407767,nan,nan
cameo_hard__9hac_B,0,223,True,74,74,6,0.08108108108108109,0.05405405405405406,0.06486486486486487,11,5,0.45454545454545453,0.3333333333333333,0.3846153846153846,22,1,0.045454545454545456,0.04,0.0425531914893617,41,0,0.0,0.0,0.0,1,0.06486486486486487,0.06486486486486487,0.06486486486486487,nan,nan
cameo_hard__9hac_B,1,292,True,96,96,18,0.1875,0.16216216216216217,0.17391304347826086,21,5,0.23809523809523808,0.3333333333333333,0.2777777777777778,26,9,0.34615384615384615,0.36,0.35294117647058826,49,4,0.08163265306122448,0.056338028169014086,0.06666666666666667,1,0.17391304347826086,0.17391304347826086,0.17391304347826086,nan,nan
cameo_hard__9hac_B,2,214,True,71,71,17,0.23943661971830985,0.15315315315315314,0.1868131868131868,12,2,0.16666666666666666,0.13333333333333333,0.14814814814814814,36,13,0.3611111111111111,0.52,0.42622950819672134,23,2,0.08695652173913043,0.028169014084507043,0.0425531914893617,1,0.1868131868131868,0.1868131868131868,0.1868131868131868,nan,nan
cameo_hard__9hac_B,3,127,True,42,42,14,0.3333333333333333,0.12612612612612611,0.1830065359477124,12,5,0.4166666666666667,0.3333333333333333,0.3703703703703704,17,7,0.4117647058823529,0.28,0.3333333333333333,13,2,0.15384615384615385,0.028169014084507043,0.04761904761904762,1,0.1830065359477124,0.1830065359477124,0.1830065359477124,nan,nan
cameo_hard__9isp_A,0,412,True,137,137,7,0.051094890510948905,0.04216867469879518,0.04620462046204621,21,3,0.14285714285714285,0.15,0.14634146341463414,20,0,0.0,0.0,0.0,96,4,0.041666666666666664,0.03076923076923077,0.03539823008849558,1,0.04620462046204621,0.04620462046204621,0.04620462046204621,nan,nan
cameo_hard__9isp_A,1,340,True,112,112,10,0.08928571428571429,0.060240963855421686,0.07194244604316546,21,4,0.19047619047619047,0.2,0.1951219512195122,25,1,0.04,0.0625,0.048780487804878044,66,5,0.07575757575757576,0.038461538461538464,0.05102040816326531,1,0.07194244604316546,0.07194244604316546,0.07194244604316546,nan,nan
cameo_hard__9isp_A,2,376,True,125,125,14,0.112,0.08433734939759036,0.09621993127147767,23,1,0.043478260869565216,0.05,0.046511627906976744,9,1,0.1111111111111111,0.0625,0.08,93,12,0.12903225806451613,0.09230769230769231,0.10762331838565023,1,0.09621993127147767,0.09621993127147767,0.09621993127147767,nan,nan
cameo_hard__9isp_A,3,358,True,119,119,6,0.05042016806722689,0.03614457831325301,0.04210526315789474,17,2,0.11764705882352941,0.1,0.1081081081081081,49,3,0.061224489795918366,0.1875,0.0923076923076923,53,1,0.018867924528301886,0.007692307692307693,0.010928961748633882,1,0.04210526315789474,0.04210526315789474,0.04210526315789474,nan,nan
cameo_hard__9j5h_A,0,34,True,11,11,1,0.09090909090909091,0.06666666666666667,0.07692307692307691,5,1,0.2,0.2,0.20000000000000004,5,0,0.0,0.0,0.0,1,0,0.0,0.0,0.0,1,0.07692307692307691,0.07692307692307691,0.07692307692307691,nan,nan
cameo_hard__9j5h_A,1,37,True,12,12,3,0.25,0.2,0.22222222222222224,5,1,0.2,0.2,0.20000000000000004,5,1,0.2,0.14285714285714285,0.16666666666666666,2,1,0.5,0.3333333333333333,0.4,1,0.22222222222222224,0.22222222222222224,0.22222222222222224,nan,nan
cameo_hard__9j5h_A,2,28,True,9,9,2,0.2222222222222222,0.13333333333333333,0.16666666666666669,5,1,0.2,0.2,0.20000000000000004,4,1,0.25,0.14285714285714285,0.18181818181818182,0,0,0.0,0.0,0.0,1,0.16666666666666669,0.16666666666666669,0.16666666666666669,nan,nan
cameo_hard__9j5h_A,3,67,True,22,22,0,0.0,0.0,0.0,8,0,0.0,0.0,0.0,11,0,0.0,0.0,0.0,3,0,0.0,0.0,0.0,1,0.0,0.0,0.0,nan,nan
casp_fm__T1027-D1,0,286,True,95,95,4,0.042105263157894736,0.031007751937984496,0.03571428571428572,24,1,0.041666666666666664,0.045454545454545456,0.043478260869565216,14,1,0.07142857142857142,0.09090909090909091,0.08,57,2,0.03508771929824561,0.020833333333333332,0.026143790849673203,1,0.03571428571428572,0.03571428571428572,0.03571428571428572,nan,nan
casp_fm__T1027-D1,1,277,True,92,92,4,0.043478260869565216,0.031007751937984496,0.03619909502262443,8,1,0.125,0.045454545454545456,0.06666666666666667,16,0,0.0,0.0,0.0,68,3,0.04411764705882353,0.03125,0.036585365853658534,1,0.03619909502262443,0.03619909502262443,0.03619909502262443,nan,nan
casp_fm__T1027-D1,2,370,True,123,123,3,0.024390243902439025,0.023255813953488372,0.02380952380952381,9,1,0.1111111111111111,0.045454545454545456,0.06451612903225805,24,0,0.0,0.0,0.0,90,2,0.022222222222222223,0.020833333333333332,0.021505376344086023,1,0.02380952380952381,0.02380952380952381,0.02380952380952381,nan,nan
casp_fm__T1027-D1,3,331,True,110,110,14,0.12727272727272726,0.10852713178294573,0.11715481171548117,14,6,0.42857142857142855,0.2727272727272727,0.33333333333333326,23,2,0.08695652173913043,0.18181818181818182,0.1176470588235294,73,6,0.0821917808219178,0.0625,0.07100591715976332,1,0.11715481171548117,0.11715481171548117,0.11715481171548117,nan,nan
casp_fm__T1031-D1,0,154,True,51,51,5,0.09803921568627451,0.05747126436781609,0.07246376811594203,22,2,0.09090909090909091,0.07407407407407407,0.08163265306122448,19,1,0.05263157894736842,0.07142857142857142,0.06060606060606061,10,2,0.2,0.043478260869565216,0.07142857142857142,1,0.07246376811594203,0.07246376811594203,0.07246376811594203,nan,nan
casp_fm__T1031-D1,1,205,True,68,68,14,0.20588235294117646,0.16091954022988506,0.1806451612903226,24,7,0.2916666666666667,0.25925925925925924,0.27450980392156865,13,6,0.46153846153846156,0.42857142857142855,0.4444444444444445,31,1,0.03225806451612903,0.021739130434782608,0.025974025974025976,1,0.1806451612903226,0.1806451612903226,0.1806451612903226,nan,nan
casp_fm__T1031-D1,2,271,True,90,90,5,0.05555555555555555,0.05747126436781609,0.05649717514124294,22,2,0.09090909090909091,0.07407407407407407,0.08163265306122448,25,2,0.08,0.14285714285714285,0.10256410256410256,43,1,0.023255813953488372,0.021739130434782608,0.022471910112359553,1,0.05649717514124294,0.05649717514124294,0.05649717514124294,nan,nan
casp_fm__T1031-D1,3,124,True,41,41,2,0.04878048780487805,0.022988505747126436,0.03125,19,1,0.05263157894736842,0.037037037037037035,0.043478260869565216,13,0,0.0,0.0,0.0,9,1,0.1111111111111111,0.021739130434782608,0.03636363636363637,1,0.03125,0.03125,0.03125,nan,nan
casp_fm__T1035-D1,0,172,True,57,57,4,0.07017543859649122,0.05714285714285714,0.06299212598425197,10,1,0.1,0.1111111111111111,0.10526315789473685,12,2,0.16666666666666666,0.125,0.14285714285714288,35,1,0.02857142857142857,0.022222222222222223,0.025,1,0.06299212598425197,0.06299212598425197,0.06299212598425197,nan,nan
casp_fm__T1035-D1,1,154,True,51,51,7,0.13725490196078433,0.1,0.11570247933884298,9,1,0.1111111111111111,0.1111111111111111,0.1111111111111111,15,3,0.2,0.1875,0.19354838709677422,27,3,0.1111111111111111,0.06666666666666667,0.08333333333333334,1,0.11570247933884298,0.11570247933884298,0.11570247933884298,nan,nan
casp_fm__T1035-D1,2,262,True,87,87,1,0.011494252873563218,0.014285714285714285,0.012738853503184716,17,1,0.058823529411764705,0.1111111111111111,0.07692307692307691,23,0,0.0,0.0,0.0,47,0,0.0,0.0,0.0,1,0.012738853503184716,0.012738853503184716,0.012738853503184716,nan,nan
casp_fm__T1035-D1,3,79,True,26,26,0,0.0,0.0,0.0,8,0,0.0,0.0,0.0,10,0,0.0,0.0,0.0,8,0,0.0,0.0,0.0,1,0.0,0.0,0.0,nan,nan
casp_fm__T1038-D1,0,223,True,74,74,13,0.17567567567567569,0.15853658536585366,0.16666666666666669,24,7,0.2916666666666667,0.4666666666666667,0.35897435897435903,25,4,0.16,0.2222222222222222,0.18604651162790697,25,2,0.08,0.04081632653061224,0.05405405405405404,1,0.16666666666666669,0.16666666666666669,0.16666666666666669,nan,nan
casp_fm__T1038-D1,1,223,True,74,74,8,0.10810810810810811,0.0975609756097561,0.10256410256410257,17,1,0.058823529411764705,0.06666666666666667,0.0625,23,1,0.043478260869565216,0.05555555555555555,0.04878048780487805,34,6,0.17647058823529413,0.12244897959183673,0.14457831325301204,1,0.10256410256410257,0.10256410256410257,0.10256410256410257,nan,nan
casp_fm__T1038-D1,2,244,True,81,81,3,0.037037037037037035,0.036585365853658534,0.03680981595092024,11,1,0.09090909090909091,0.06666666666666667,0.07692307692307691,15,0,0.0,0.0,0.0,55,2,0.03636363636363636,0.04081632653061224,0.03846153846153846,1,0.03680981595092024,0.03680981595092024,0.03680981595092024,nan,nan
casp_fm__T1038-D1,3,355,True,118,118,5,0.0423728813559322,0.06097560975609756,0.049999999999999996,18,1,0.05555555555555555,0.06666666666666667,0.0606060606060606,33,2,0.06060606060606061,0.1111111111111111,0.0784313725490196,67,2,0.029850746268656716,0.04081632653061224,0.034482758620689655,1,0.049999999999999996,0.049999999999999996,0.049999999999999996,nan,nan
casp_fm__T1039-D1,0,496,True,165,165,4,0.024242424242424242,0.02702702702702703,0.025559105431309903,21,1,0.047619047619047616,0.058823529411764705,0.05263157894736842,35,2,0.05714285714285714,0.09090909090909091,0.07017543859649122,109,1,0.009174311926605505,0.009174311926605505,0.009174311926605505,1,0.025559105431309903,0.025559105431309903,0.025559105431309903,nan,nan
casp_fm__T1039-D1,1,463,True,154,154,7,0.045454545454545456,0.0472972972972973,0.046357615894039736,23,2,0.08695652173913043,0.11764705882352941,0.09999999999999999,33,1,0.030303030303030304,0.045454545454545456,0.03636363636363636,98,4,0.04081632653061224,0.03669724770642202,0.03864734299516908,1,0.046357615894039736,0.046357615894039736,0.046357615894039736,nan,nan
casp_fm__T1039-D1,2,316,True,105,105,5,0.047619047619047616,0.033783783783783786,0.039525691699604744,14,1,0.07142857142857142,0.058823529411764705,0.06451612903225808,31,3,0.0967741935483871,0.13636363636363635,0.11320754716981131,60,1,0.016666666666666666,0.009174311926605505,0.01183431952662722,1,0.039525691699604744,0.039525691699604744,0.039525691699604744,nan,nan
casp_fm__T1039-D1,3,448,True,149,149,6,0.040268456375838924,0.04054054054054054,0.0404040404040404,20,3,0.15,0.17647058823529413,0.16216216216216214,28,1,0.03571428571428571,0.045454545454545456,0.04,101,2,0.019801980198019802,0.01834862385321101,0.019047619047619046,1,0.0404040404040404,0.0404040404040404,0.0404040404040404,nan,nan
casp_fm__T1041-D1,0,508,True,169,169,6,0.03550295857988166,0.0273972602739726,0.03092783505154639,21,1,0.047619047619047616,0.03225806451612903,0.03846153846153846,30,2,0.06666666666666667,0.06451612903225806,0.06557377049180328,118,3,0.025423728813559324,0.01910828025477707,0.02181818181818182,1,0.03092783505154639,0.03092783505154639,0.03092783505154639,nan,nan
casp_fm__T1041-D1,1,658,True,219,219,13,0.0593607305936073,0.0593607305936073,0.0593607305936073,39,3,0.07692307692307693,0.0967741935483871,0.08571428571428572,44,1,0.022727272727272728,0.03225806451612903,0.02666666666666667,136,9,0.0661764705882353,0.05732484076433121,0.061433447098976114,1,0.0593607305936073,0.0593607305936073,0.0593607305936073,nan,nan
casp_fm__T1041-D1,2,772,True,256,256,7,0.02734375,0.0319634703196347,0.029473684210526315,33,3,0.09090909090909091,0.0967741935483871,0.09375000000000001,34,0,0.0,0.0,0.0,189,4,0.021164021164021163,0.025477707006369428,0.023121387283236993,1,0.029473684210526315,0.029473684210526315,0.029473684210526315,nan,nan
casp_fm__T1041-D1,3,616,True,204,204,10,0.049019607843137254,0.045662100456621,0.04728132387706856,31,2,0.06451612903225806,0.06451612903225806,0.06451612903225806,17,0,0.0,0.0,0.0,156,8,0.05128205128205128,0.050955414012738856,0.051118210862619806,1,0.04728132387706856,0.04728132387706856,0.04728132387706856,nan,nan
casp_fm__T1043-D1,0,337,True,112,112,5,0.044642857142857144,0.0390625,0.041666666666666664,17,1,0.058823529411764705,0.041666666666666664,0.048780487804878044,13,2,0.15384615384615385,0.08695652173913043,0.1111111111111111,82,2,0.024390243902439025,0.024691358024691357,0.024539877300613498,1,0.041666666666666664,0.041666666666666664,0.041666666666666664,nan,nan
casp_fm__T1043-D1,1,283,True,94,94,5,0.05319148936170213,0.0390625,0.04504504504504505,34,1,0.029411764705882353,0.041666666666666664,0.034482758620689655,31,4,0.12903225806451613,0.17391304347826086,0.14814814814814814,29,0,0.0,0.0,0.0,1,0.04504504504504505,0.04504504504504505,0.04504504504504505,nan,nan
casp_fm__T1043-D1,2,364,True,121,121,2,0.01652892561983471,0.015625,0.01606425702811245,28,0,0.0,0.0,0.0,49,1,0.02040816326530612,0.043478260869565216,0.02777777777777778,44,1,0.022727272727272728,0.012345679012345678,0.015999999999999997,1,0.01606425702811245,0.01606425702811245,0.01606425702811245,nan,nan
casp_fm__T1043-D1,3,385,True,128,128,2,0.015625,0.015625,0.015625,26,0,0.0,0.0,0.0,36,2,0.05555555555555555,0.08695652173913043,0.06779661016949153,66,0,0.0,0.0,0.0,1,0.015625,0.015625,0.015625,nan,nan
casp_fm__T1104-D1,0,241,True,80,80,4,0.05,0.041666666666666664,0.04545454545454545,10,1,0.1,0.07142857142857142,0.08333333333333333,10,1,0.1,0.07142857142857142,0.08333333333333333,60,2,0.03333333333333333,0.029411764705882353,0.03125,1,0.04545454545454545,0.04545454545454545,0.04545454545454545,nan,nan
casp_fm__T1104-D1,1,145,True,48,48,2,0.041666666666666664,0.020833333333333332,0.027777777777777776,4,1,0.25,0.07142857142857142,0.11111111111111112,2,0,0.0,0.0,0.0,42,1,0.023809523809523808,0.014705882352941176,0.018181818181818177,1,0.027777777777777776,0.027777777777777776,0.027777777777777776,nan,nan
casp_fm__T1104-D1,2,277,True,92,92,10,0.10869565217391304,0.10416666666666667,0.10638297872340426,8,1,0.125,0.07142857142857142,0.09090909090909091,15,2,0.13333333333333333,0.14285714285714285,0.1379310344827586,69,7,0.10144927536231885,0.10294117647058823,0.10218978102189781,1,0.10638297872340426,0.10638297872340426,0.10638297872340426,nan,nan
casp_fm__T1104-D1,3,346,True,115,115,7,0.06086956521739131,0.07291666666666667,0.06635071090047394,15,4,0.26666666666666666,0.2857142857142857,0.2758620689655172,17,0,0.0,0.0,0.0,83,3,0.03614457831325301,0.04411764705882353,0.039735099337748346,1,0.06635071090047394,0.06635071090047394,0.06635071090047394,nan,nan
casp_fm__T1113-D1,0,388,True,129,129,15,0.11627906976744186,0.14018691588785046,0.12711864406779658,23,8,0.34782608695652173,0.2962962962962963,0.31999999999999995,37,3,0.08108108108108109,0.09375,0.08695652173913043,69,4,0.057971014492753624,0.08333333333333333,0.06837606837606838,1,0.12711864406779658,0.12711864406779658,0.12711864406779658,nan,nan
casp_fm__T1113-D1,1,511,True,170,170,6,0.03529411764705882,0.056074766355140186,0.043321299638989175,34,0,0.0,0.0,0.0,48,5,0.10416666666666667,0.15625,0.125,88,1,0.011363636363636364,0.020833333333333332,0.014705882352941178,1,0.043321299638989175,0.043321299638989175,0.043321299638989175,nan,nan
casp_fm__T1113-D1,2,286,True,95,95,10,0.10526315789473684,0.09345794392523364,0.099009900990099,14,6,0.42857142857142855,0.2222222222222222,0.29268292682926833,16,4,0.25,0.125,0.16666666666666666,65,0,0.0,0.0,0.0,1,0.099009900990099,0.099009900990099,0.099009900990099,nan,nan
casp_fm__T1113-D1,3,373,True,124,124,9,0.07258064516129033,0.08411214953271028,0.07792207792207792,20,4,0.2,0.14814814814814814,0.1702127659574468,28,5,0.17857142857142858,0.15625,0.16666666666666666,76,0,0.0,0.0,0.0,1,0.07792207792207792,0.07792207792207792,0.07792207792207792,nan,nan
casp_fm__T1120-D2,0,139,True,46,46,1,0.021739130434782608,0.015625,0.01818181818181818,14,1,0.07142857142857142,0.0625,0.06666666666666667,15,0,0.0,0.0,0.0,17,0,0.0,0.0,0.0,1,0.01818181818181818,0.01818181818181818,0.01818181818181818,nan,nan
casp_fm__T1120-D2,1,166,True,55,55,4,0.07272727272727272,0.0625,0.06722689075630252,11,3,0.2727272727272727,0.1875,0.2222222222222222,14,0,0.0,0.0,0.0,30,1,0.03333333333333333,0.02702702702702703,0.029850746268656716,1,0.06722689075630252,0.06722689075630252,0.06722689075630252,nan,nan
casp_fm__T1120-D2,2,82,True,27,27,1,0.037037037037037035,0.015625,0.021978021978021976,4,1,0.25,0.0625,0.1,2,0,0.0,0.0,0.0,21,0,0.0,0.0,0.0,1,0.021978021978021976,0.021978021978021976,0.021978021978021976,nan,nan
casp_fm__T1120-D2,3,19,True,6,6,2,0.3333333333333333,0.03125,0.05714285714285714,5,1,0.2,0.0625,0.09523809523809523,1,1,1.0,0.09090909090909091,0.16666666666666669,0,0,0.0,0.0,0.0,1,0.05714285714285714,0.05714285714285714,0.05714285714285714,nan,nan
casp_fm__T1122-D1,0,643,True,214,214,8,0.037383177570093455,0.05263157894736842,0.04371584699453552,45,1,0.022222222222222223,0.04,0.028571428571428574,39,0,0.0,0.0,0.0,130,7,0.05384615384615385,0.07,0.060869565217391314,1,0.04371584699453552,0.04371584699453552,0.04371584699453552,nan,nan
casp_fm__T1122-D1,1,391,True,130,130,7,0.05384615384615385,0.046052631578947366,0.04964539007092198,21,1,0.047619047619047616,0.04,0.043478260869565216,55,6,0.10909090909090909,0.2222222222222222,0.14634146341463414,54,0,0.0,0.0,0.0,1,0.04964539007092198,0.04964539007092198,0.04964539007092198,nan,nan
casp_fm__T1122-D1,2,541,True,180,180,5,0.027777777777777776,0.03289473684210526,0.030120481927710843,37,1,0.02702702702702703,0.04,0.03225806451612903,50,1,0.02,0.037037037037037035,0.025974025974025972,93,3,0.03225806451612903,0.03,0.0310880829015544,1,0.030120481927710843,0.030120481927710843,0.030120481927710843,nan,nan
casp_fm__T1122-D1,3,544,True,181,181,3,0.016574585635359115,0.019736842105263157,0.018018018018018018,31,2,0.06451612903225806,0.08,0.07142857142857142,43,1,0.023255813953488372,0.037037037037037035,0.02857142857142857,107,0,0.0,0.0,0.0,1,0.018018018018018018,0.018018018018018018,0.018018018018018018,nan,nan
casp_fm__T1125-D1,0,181,True,60,60,7,0.11666666666666667,0.07526881720430108,0.0915032679738562,15,1,0.06666666666666667,0.04,0.05,19,3,0.15789473684210525,0.2,0.17647058823529413,26,3,0.11538461538461539,0.05660377358490566,0.07594936708860758,1,0.0915032679738562,0.0915032679738562,0.0915032679738562,nan,nan
casp_fm__T1125-D1,1,151,True,50,50,2,0.04,0.021505376344086023,0.027972027972027975,14,2,0.14285714285714285,0.08,0.10256410256410256,20,0,0.0,0.0,0.0,16,0,0.0,0.0,0.0,1,0.027972027972027975,0.027972027972027975,0.027972027972027975,nan,nan
casp_fm__T1125-D1,2,241,True,80,80,4,0.05,0.043010752688172046,0.04624277456647399,12,2,0.16666666666666666,0.08,0.10810810810810811,35,1,0.02857142857142857,0.06666666666666667,0.04,33,1,0.030303030303030304,0.018867924528301886,0.023255813953488372,1,0.04624277456647399,0.04624277456647399,0.04624277456647399,nan,nan
casp_fm__T1125-D1,3,133,True,44,44,5,0.11363636363636363,0.053763440860215055,0.07299270072992702,27,5,0.18518518518518517,0.2,0.1923076923076923,12,0,0.0,0.0,0.0,5,0,0.0,0.0,0.0,1,0.07299270072992702,0.07299270072992702,0.07299270072992702,nan,nan
casp_fm__T1125-D4,0,277,True,92,92,9,0.09782608695652174,0.09574468085106383,0.0967741935483871,17,2,0.11764705882352941,0.1111111111111111,0.11428571428571428,20,2,0.1,0.13333333333333333,0.1142857142857143,55,5,0.09090909090909091,0.08196721311475409,0.08620689655172413,1,0.0967741935483871,0.0967741935483871,0.0967741935483871,nan,nan
casp_fm__T1125-D4,1,217,True,72,72,7,0.09722222222222222,0.07446808510638298,0.08433734939759037,18,4,0.2222222222222222,0.2222222222222222,0.2222222222222222,7,0,0.0,0.0,0.0,47,3,0.06382978723404255,0.04918032786885246,0.05555555555555555,1,0.08433734939759037,0.08433734939759037,0.08433734939759037,nan,nan
casp_fm__T1125-D4,2,250,True,83,83,8,0.0963855421686747,0.0851063829787234,0.0903954802259887,13,6,0.46153846153846156,0.3333333333333333,0.3870967741935484,17,1,0.058823529411764705,0.06666666666666667,0.0625,53,1,0.018867924528301886,0.01639344262295082,0.01754385964912281,1,0.0903954802259887,0.0903954802259887,0.0903954802259887,nan,nan
casp_fm__T1125-D4,3,226,True,75,75,12,0.16,0.1276595744680851,0.14201183431952663,16,5,0.3125,0.2777777777777778,0.29411764705882354,28,4,0.14285714285714285,0.26666666666666666,0.18604651162790697,31,3,0.0967741935483871,0.04918032786885246,0.06521739130434782,1,0.14201183431952663,0.14201183431952663,0.14201183431952663,nan,nan
denovo_pdb__1mj0_A,0,304,True,101,101,74,0.7326732673267327,0.6915887850467289,0.7115384615384615,18,10,0.5555555555555556,0.7142857142857143,0.6250000000000001,12,9,0.75,0.5294117647058824,0.6206896551724139,71,55,0.7746478873239436,0.7236842105263158,0.7482993197278911,1,0.7115384615384615,0.7115384615384615,0.7115384615384615,nan,nan
denovo_pdb__1mj0_A,1,316,True,105,105,77,0.7333333333333333,0.719626168224299,0.7264150943396226,14,8,0.5714285714285714,0.5714285714285714,0.5714285714285714,20,13,0.65,0.7647058823529411,0.7027027027027027,71,56,0.7887323943661971,0.7368421052631579,0.7619047619047618,1,0.7264150943396226,0.7264150943396226,0.7264150943396226,nan,nan
denovo_pdb__1mj0_A,2,334,True,111,111,88,0.7927927927927928,0.822429906542056,0.8073394495412843,14,13,0.9285714285714286,0.9285714285714286,0.9285714285714286,20,16,0.8,0.9411764705882353,0.8648648648648648,77,59,0.7662337662337663,0.7763157894736842,0.7712418300653594,1,0.8073394495412843,0.8073394495412843,0.8073394495412843,nan,nan
denovo_pdb__1mj0_A,3,313,True,104,104,84,0.8076923076923077,0.7850467289719626,0.7962085308056873,13,10,0.7692307692307693,0.7142857142857143,0.7407407407407408,13,10,0.7692307692307693,0.5882352941176471,0.6666666666666667,78,64,0.8205128205128205,0.8421052631578947,0.8311688311688312,1,0.7962085308056873,0.7962085308056873,0.7962085308056873,nan,nan
denovo_pdb__1uw1_A,0,142,True,47,47,11,0.23404255319148937,0.19642857142857142,0.21359223300970875,9,1,0.1111111111111111,0.1,0.10526315789473685,21,6,0.2857142857142857,0.3333333333333333,0.30769230769230765,17,4,0.23529411764705882,0.14285714285714285,0.17777777777777778,1,0.21359223300970875,0.21359223300970875,0.21359223300970875,nan,nan
denovo_pdb__1uw1_A,1,97,True,32,32,5,0.15625,0.08928571428571429,0.11363636363636363,6,0,0.0,0.0,0.0,21,4,0.19047619047619047,0.2222222222222222,0.20512820512820512,5,1,0.2,0.03571428571428571,0.06060606060606061,1,0.11363636363636363,0.11363636363636363,0.11363636363636363,nan,nan
denovo_pdb__1uw1_A,2,121,True,40,40,6,0.15,0.10714285714285714,0.125,8,0,0.0,0.0,0.0,15,2,0.13333333333333333,0.1111111111111111,0.1212121212121212,17,4,0.23529411764705882,0.14285714285714285,0.17777777777777778,1,0.125,0.125,0.125,nan,nan
denovo_pdb__1uw1_A,3,190,True,63,63,5,0.07936507936507936,0.08928571428571429,0.08403361344537814,20,0,0.0,0.0,0.0,17,3,0.17647058823529413,0.16666666666666666,0.17142857142857143,26,2,0.07692307692307693,0.07142857142857142,0.07407407407407408,1,0.08403361344537814,0.08403361344537814,0.08403361344537814,nan,nan
denovo_pdb__2avp_A,0,157,True,52,52,46,0.8846153846153846,0.8846153846153846,0.8846153846153846,8,6,0.75,1.0,0.8571428571428571,21,18,0.8571428571428571,0.8181818181818182,0.8372093023255814,23,22,0.9565217391304348,0.9166666666666666,0.9361702127659574,1,0.8846153846153846,0.8846153846153846,0.8846153846153846,nan,nan
denovo_pdb__2avp_A,1,157,True,52,52,48,0.9230769230769231,0.9230769230769231,0.9230769230769231,7,6,0.8571428571428571,1.0,0.923076923076923,22,20,0.9090909090909091,0.9090909090909091,0.9090909090909091,23,22,0.9565217391304348,0.9166666666666666,0.9361702127659574,1,0.9230769230769231,0.9230769230769231,0.9230769230769231,nan,nan
denovo_pdb__2avp_A,2,169,True,55,55,47,0.8545454545454545,0.9038461538461539,0.8785046728971962,6,6,1.0,1.0,1.0,24,20,0.8333333333333334,0.9090909090909091,0.8695652173913043,25,21,0.84,0.875,0.8571428571428572,1,0.8785046728971962,0.8785046728971962,0.8785046728971962,nan,nan
denovo_pdb__2avp_A,3,142,True,47,47,40,0.851063829787234,0.7692307692307693,0.8080808080808081,7,6,0.8571428571428571,1.0,0.923076923076923,19,16,0.8421052631578947,0.7272727272727273,0.7804878048780488,21,18,0.8571428571428571,0.75,0.7999999999999999,1,0.8080808080808081,0.8080808080808081,0.8080808080808081,nan,nan
denovo_pdb__2fo7_A,0,391,True,130,130,94,0.7230769230769231,0.831858407079646,0.7736625514403291,16,13,0.8125,1.0,0.896551724137931,49,38,0.7755102040816326,0.8636363636363636,0.8172043010752688,65,43,0.6615384615384615,0.7678571428571429,0.7107438016528925,1,0.7736625514403291,0.7736625514403291,0.7736625514403291,nan,nan
denovo_pdb__2fo7_A,1,391,True,130,130,98,0.7538461538461538,0.8672566371681416,0.8065843621399177,20,12,0.6,0.9230769230769231,0.7272727272727274,48,40,0.8333333333333334,0.9090909090909091,0.8695652173913043,62,46,0.7419354838709677,0.8214285714285714,0.7796610169491526,1,0.8065843621399177,0.8065843621399177,0.8065843621399177,nan,nan
denovo_pdb__2fo7_A,2,364,True,121,121,95,0.7851239669421488,0.8407079646017699,0.811965811965812,17,13,0.7647058823529411,1.0,0.8666666666666666,49,39,0.7959183673469388,0.8863636363636364,0.8387096774193548,55,43,0.7818181818181819,0.7678571428571429,0.7747747747747747,1,0.811965811965812,0.811965811965812,0.811965811965812,nan,nan
denovo_pdb__2fo7_A,3,382,True,127,127,101,0.7952755905511811,0.8938053097345132,0.8416666666666667,17,13,0.7647058823529411,1.0,0.8666666666666666,45,38,0.8444444444444444,0.8636363636363636,0.853932584269663,65,50,0.7692307692307693,0.8928571428571429,0.8264462809917357,1,0.8416666666666667,0.8416666666666667,0.8416666666666667,nan,nan
denovo_pdb__2hyz_A,0,382,True,127,127,106,0.8346456692913385,0.8760330578512396,0.8548387096774192,15,13,0.8666666666666667,0.9285714285714286,0.896551724137931,48,44,0.9166666666666666,0.9166666666666666,0.9166666666666666,64,49,0.765625,0.8305084745762712,0.7967479674796748,1,0.8548387096774192,0.8548387096774192,0.8548387096774192,nan,nan
denovo_pdb__2hyz_A,1,391,True,130,130,106,0.8153846153846154,0.8760330578512396,0.844621513944223,12,12,1.0,0.8571428571428571,0.923076923076923,49,43,0.8775510204081632,0.8958333333333334,0.8865979381443299,69,51,0.7391304347826086,0.864406779661017,0.796875,1,0.844621513944223,0.844621513944223,0.844621513944223,nan,nan
denovo_pdb__2hyz_A,2,382,True,127,127,102,0.8031496062992126,0.8429752066115702,0.8225806451612903,20,13,0.65,0.9285714285714286,0.7647058823529412,43,39,0.9069767441860465,0.8125,0.8571428571428572,64,50,0.78125,0.847457627118644,0.8130081300813008,1,0.8225806451612903,0.8225806451612903,0.8225806451612903,nan,nan
denovo_pdb__2hyz_A,3,358,True,119,119,99,0.8319327731092437,0.8181818181818182,0.825,15,13,0.8666666666666667,0.9285714285714286,0.896551724137931,44,39,0.8863636363636364,0.8125,0.8478260869565218,60,47,0.7833333333333333,0.7966101694915254,0.7899159663865546,1,0.825,0.825,0.825,nan,nan
denovo_pdb__2i5z_O,0,718,True,239,239,35,0.14644351464435146,0.175,0.1594533029612756,58,22,0.3793103448275862,0.3333333333333333,0.3548387096774193,76,9,0.11842105263157894,0.09473684210526316,0.10526315789473685,105,4,0.0380952380952381,0.10256410256410256,0.05555555555555555,1,0.1594533029612756,0.1594533029612756,0.1594533029612756,nan,nan
denovo_pdb__2i5z_O,1,754,True,251,251,38,0.15139442231075698,0.19,0.16851441241685142,62,12,0.1935483870967742,0.18181818181818182,0.18750000000000003,69,24,0.34782608695652173,0.25263157894736843,0.2926829268292683,120,2,0.016666666666666666,0.05128205128205128,0.025157232704402517,1,0.16851441241685142,0.16851441241685142,0.16851441241685142,nan,nan
denovo_pdb__2i5z_O,2,625,True,208,208,15,0.07211538461538461,0.075,0.07352941176470588,39,8,0.20512820512820512,0.12121212121212122,0.1523809523809524,62,5,0.08064516129032258,0.05263157894736842,0.06369426751592357,107,2,0.018691588785046728,0.05128205128205128,0.0273972602739726,1,0.07352941176470588,0.07352941176470588,0.07352941176470588,nan,nan
denovo_pdb__2i5z_O,3,661,True,220,220,30,0.13636363636363635,0.15,0.14285714285714282,46,13,0.2826086956521739,0.19696969696969696,0.23214285714285715,63,13,0.20634920634920634,0.1368421052631579,0.16455696202531644,111,4,0.036036036036036036,0.10256410256410256,0.05333333333333334,1,0.14285714285714282,0.14285714285714282,0.14285714285714282,nan,nan
denovo_pdb__2p09_A,0,172,True,57,57,9,0.15789473684210525,0.17647058823529413,0.16666666666666669,6,1,0.16666666666666666,0.125,0.14285714285714288,17,6,0.35294117647058826,0.35294117647058826,0.35294117647058826,34,2,0.058823529411764705,0.07692307692307693,0.06666666666666667,1,0.16666666666666669,0.16666666666666669,0.16666666666666669,nan,nan
denovo_pdb__2p09_A,1,166,True,55,55,8,0.14545454545454545,0.1568627450980392,0.1509433962264151,17,1,0.058823529411764705,0.125,0.07999999999999999,21,4,0.19047619047619047,0.23529411764705882,0.21052631578947367,17,3,0.17647058823529413,0.11538461538461539,0.13953488372093026,1,0.1509433962264151,0.1509433962264151,0.1509433962264151,nan,nan
denovo_pdb__2p09_A,2,154,True,51,51,10,0.19607843137254902,0.19607843137254902,0.19607843137254902,10,1,0.1,0.125,0.11111111111111112,25,7,0.28,0.4117647058823529,0.3333333333333333,16,2,0.125,0.07692307692307693,0.09523809523809525,1,0.19607843137254902,0.19607843137254902,0.19607843137254902,nan,nan
denovo_pdb__2p09_A,3,133,True,44,44,3,0.06818181818181818,0.058823529411764705,0.0631578947368421,10,1,0.1,0.125,0.11111111111111112,19,2,0.10526315789473684,0.11764705882352941,0.1111111111111111,15,0,0.0,0.0,0.0,1,0.0631578947368421,0.0631578947368421,0.0631578947368421,nan,nan
denovo_pdb__2wqh_A,0,292,True,97,97,78,0.8041237113402062,0.896551724137931,0.8478260869565218,15,10,0.6666666666666666,0.9090909090909091,0.7692307692307692,36,29,0.8055555555555556,0.8787878787878788,0.8405797101449276,46,39,0.8478260869565217,0.9069767441860465,0.8764044943820224,1,0.8478260869565218,0.8478260869565218,0.8478260869565218,nan,nan
denovo_pdb__2wqh_A,1,265,True,88,88,72,0.8181818181818182,0.8275862068965517,0.8228571428571428,12,10,0.8333333333333334,0.9090909090909091,0.8695652173913043,36,31,0.8611111111111112,0.9393939393939394,0.8985507246376813,40,31,0.775,0.7209302325581395,0.7469879518072289,1,0.8228571428571428,0.8228571428571428,0.8228571428571428,nan,nan
denovo_pdb__2wqh_A,2,292,True,97,97,73,0.7525773195876289,0.8390804597701149,0.7934782608695652,12,9,0.75,0.8181818181818182,0.7826086956521738,34,30,0.8823529411764706,0.9090909090909091,0.8955223880597014,51,34,0.6666666666666666,0.7906976744186046,0.7234042553191489,1,0.7934782608695652,0.7934782608695652,0.7934782608695652,nan,nan
denovo_pdb__2wqh_A,3,289,True,96,96,76,0.7916666666666666,0.8735632183908046,0.8306010928961748,14,10,0.7142857142857143,0.9090909090909091,0.8,34,29,0.8529411764705882,0.8787878787878788,0.8656716417910447,48,37,0.7708333333333334,0.8604651162790697,0.8131868131868132,1,0.8306010928961748,0.8306010928961748,0.8306010928961748,nan,nan
denovo_pdb__2zgd_A,0,175,True,58,58,46,0.7931034482758621,0.6216216216216216,0.696969696969697,8,7,0.875,0.7,0.7777777777777777,11,10,0.9090909090909091,0.625,0.7407407407407406,39,29,0.7435897435897436,0.6041666666666666,0.6666666666666667,1,0.696969696969697,0.696969696969697,0.696969696969697,nan,nan
denovo_pdb__2zgd_A,1,175,True,58,58,45,0.7758620689655172,0.6081081081081081,0.6818181818181819,11,8,0.7272727272727273,0.8,0.761904761904762,10,9,0.9,0.5625,0.6923076923076923,37,28,0.7567567567567568,0.5833333333333334,0.6588235294117648,1,0.6818181818181819,0.6818181818181819,0.6818181818181819,nan,nan
denovo_pdb__2zgd_A,2,187,True,62,62,43,0.6935483870967742,0.581081081081081,0.6323529411764707,8,7,0.875,0.7,0.7777777777777777,13,11,0.8461538461538461,0.6875,0.7586206896551724,41,25,0.6097560975609756,0.5208333333333334,0.5617977528089888,1,0.6323529411764707,0.6323529411764707,0.6323529411764707,nan,nan
denovo_pdb__2zgd_A,3,160,True,53,53,40,0.7547169811320755,0.5405405405405406,0.6299212598425198,10,9,0.9,0.9,0.9,12,9,0.75,0.5625,0.6428571428571429,31,22,0.7096774193548387,0.4583333333333333,0.5569620253164557,1,0.6299212598425198,0.6299212598425198,0.6299212598425198,nan,nan
denovo_pdb__3dgl_A,0,136,True,45,45,4,0.08888888888888889,0.07547169811320754,0.08163265306122448,11,1,0.09090909090909091,0.125,0.10526315789473685,19,1,0.05263157894736842,0.0625,0.05714285714285714,15,2,0.13333333333333333,0.06896551724137931,0.09090909090909091,1,0.08163265306122448,0.08163265306122448,0.08163265306122448,nan,nan
denovo_pdb__3dgl_A,1,148,True,49,49,5,0.10204081632653061,0.09433962264150944,0.09803921568627452,13,0,0.0,0.0,0.0,23,4,0.17391304347826086,0.25,0.20512820512820512,13,1,0.07692307692307693,0.034482758620689655,0.04761904761904762,1,0.09803921568627452,0.09803921568627452,0.09803921568627452,nan,nan
denovo_pdb__3dgl_A,2,151,True,50,50,9,0.18,0.16981132075471697,0.17475728155339804,12,1,0.08333333333333333,0.125,0.1,24,5,0.20833333333333334,0.3125,0.25,14,3,0.21428571428571427,0.10344827586206896,0.1395348837209302,1,0.17475728155339804,0.17475728155339804,0.17475728155339804,nan,nan
denovo_pdb__3dgl_A,3,142,True,47,47,5,0.10638297872340426,0.09433962264150944,0.1,16,0,0.0,0.0,0.0,23,4,0.17391304347826086,0.25,0.20512820512820512,8,1,0.125,0.034482758620689655,0.05405405405405405,1,0.1,0.1,0.1,nan,nan
denovo_pdb__3dgn_A,0,172,True,57,57,11,0.19298245614035087,0.22448979591836735,0.20754716981132076,11,1,0.09090909090909091,0.125,0.10526315789473685,15,4,0.26666666666666666,0.25,0.2580645161290323,31,6,0.1935483870967742,0.24,0.21428571428571427,1,0.20754716981132076,0.20754716981132076,0.20754716981132076,nan,nan
denovo_pdb__3dgn_A,1,220,True,73,73,11,0.1506849315068493,0.22448979591836735,0.18032786885245902,12,1,0.08333333333333333,0.125,0.1,37,7,0.1891891891891892,0.4375,0.2641509433962264,24,3,0.125,0.12,0.12244897959183673,1,0.18032786885245902,0.18032786885245902,0.18032786885245902,nan,nan
denovo_pdb__3dgn_A,2,121,True,40,40,7,0.175,0.14285714285714285,0.15730337078651685,10,0,0.0,0.0,0.0,22,5,0.22727272727272727,0.3125,0.2631578947368421,8,2,0.25,0.08,0.12121212121212122,1,0.15730337078651685,0.15730337078651685,0.15730337078651685,nan,nan
denovo_pdb__3dgn_A,3,115,True,38,38,6,0.15789473684210525,0.12244897959183673,0.13793103448275865,10,1,0.1,0.125,0.11111111111111112,9,2,0.2222222222222222,0.125,0.16,19,3,0.15789473684210525,0.12,0.13636363636363635,1,0.13793103448275865,0.13793103448275865,0.13793103448275865,nan,nan
denovo_pdb__3lt8_A,0,166,True,55,55,8,0.14545454545454545,0.14285714285714285,0.14414414414414412,7,0,0.0,0.0,0.0,17,4,0.23529411764705882,0.23529411764705882,0.23529411764705882,31,4,0.12903225806451613,0.13333333333333333,0.13114754098360656,1,0.14414414414414412,0.14414414414414412,0.14414414414414412,nan,nan
denovo_pdb__3lt8_A,1,139,True,46,46,4,0.08695652173913043,0.07142857142857142,0.0784313725490196,14,0,0.0,0.0,0.0,20,2,0.1,0.11764705882352941,0.1081081081081081,12,2,0.16666666666666666,0.06666666666666667,0.09523809523809522,1,0.0784313725490196,0.0784313725490196,0.0784313725490196,nan,nan
denovo_pdb__3lt8_A,2,127,True,42,42,2,0.047619047619047616,0.03571428571428571,0.04081632653061224,5,0,0.0,0.0,0.0,16,2,0.125,0.11764705882352941,0.12121212121212122,21,0,0.0,0.0,0.0,1,0.04081632653061224,0.04081632653061224,0.04081632653061224,nan,nan
denovo_pdb__3lt8_A,3,208,True,69,69,12,0.17391304347826086,0.21428571428571427,0.19199999999999998,15,3,0.2,0.3333333333333333,0.25,24,3,0.125,0.17647058823529413,0.14634146341463414,30,6,0.2,0.2,0.20000000000000004,1,0.19199999999999998,0.19199999999999998,0.19199999999999998,nan,nan
denovo_pdb__3lta_A,0,199,True,66,66,23,0.3484848484848485,0.4339622641509434,0.38655462184873957,11,7,0.6363636363636364,0.875,0.7368421052631579,21,8,0.38095238095238093,0.5,0.4324324324324324,34,8,0.23529411764705882,0.27586206896551724,0.253968253968254,1,0.38655462184873957,0.38655462184873957,0.38655462184873957,nan,nan
denovo_pdb__3lta_A,1,121,True,40,40,3,0.075,0.05660377358490566,0.06451612903225806,10,0,0.0,0.0,0.0,9,0,0.0,0.0,0.0,21,3,0.14285714285714285,0.10344827586206896,0.12000000000000001,1,0.06451612903225806,0.06451612903225806,0.06451612903225806,nan,nan
denovo_pdb__3lta_A,2,106,True,35,35,1,0.02857142857142857,0.018867924528301886,0.022727272727272724,7,1,0.14285714285714285,0.125,0.13333333333333333,11,0,0.0,0.0,0.0,17,0,0.0,0.0,0.0,1,0.022727272727272724,0.022727272727272724,0.022727272727272724,nan,nan
denovo_pdb__3lta_A,3,142,True,47,47,7,0.14893617021276595,0.1320754716981132,0.14,11,3,0.2727272727272727,0.375,0.3157894736842105,17,0,0.0,0.0,0.0,19,4,0.21052631578947367,0.13793103448275862,0.16666666666666666,1,0.14,0.14,0.14,nan,nan
denovo_pdb__3ltc_A,0,157,True,51,51,12,0.23529411764705882,0.22641509433962265,0.23076923076923075,7,0,0.0,0.0,0.0,32,8,0.25,0.5333333333333333,0.3404255319148936,12,4,0.3333333333333333,0.13333333333333333,0.19047619047619044,1,0.23076923076923075,0.23076923076923075,0.23076923076923075,nan,nan
denovo_pdb__3ltc_A,1,133,True,44,44,6,0.13636363636363635,0.11320754716981132,0.12371134020618556,9,2,0.2222222222222222,0.25,0.23529411764705882,20,2,0.1,0.13333333333333333,0.1142857142857143,15,2,0.13333333333333333,0.06666666666666667,0.08888888888888888,1,0.12371134020618556,0.12371134020618556,0.12371134020618556,nan,nan
denovo_pdb__3ltc_A,2,166,True,55,55,11,0.2,0.20754716981132076,0.20370370370370372,10,2,0.2,0.25,0.22222222222222224,24,5,0.20833333333333334,0.3333333333333333,0.25641025641025644,21,4,0.19047619047619047,0.13333333333333333,0.1568627450980392,1,0.20370370370370372,0.20370370370370372,0.20370370370370372,nan,nan
denovo_pdb__3ltc_A,3,151,True,50,50,8,0.16,0.1509433962264151,0.1553398058252427,17,5,0.29411764705882354,0.625,0.4,18,3,0.16666666666666666,0.2,0.1818181818181818,15,0,0.0,0.0,0.0,1,0.1553398058252427,0.1553398058252427,0.1553398058252427,nan,nan
denovo_pdb__3o49_A,0,301,True,100,100,25,0.25,0.1865671641791045,0.2136752136752137,39,10,0.2564102564102564,0.35714285714285715,0.29850746268656714,56,15,0.26785714285714285,0.3125,0.2884615384615385,5,0,0.0,0.0,0.0,1,0.2136752136752137,0.2136752136752137,0.2136752136752137,nan,nan
denovo_pdb__3o49_A,1,238,True,79,79,17,0.21518987341772153,0.12686567164179105,0.1596244131455399,36,11,0.3055555555555556,0.39285714285714285,0.34375000000000006,42,6,0.14285714285714285,0.125,0.13333333333333333,1,0,0.0,0.0,0.0,1,0.1596244131455399,0.1596244131455399,0.1596244131455399,nan,nan
denovo_pdb__3o49_A,2,427,True,142,142,32,0.22535211267605634,0.23880597014925373,0.2318840579710145,35,13,0.37142857142857144,0.4642857142857143,0.41269841269841273,45,9,0.2,0.1875,0.19354838709677422,62,10,0.16129032258064516,0.1724137931034483,0.16666666666666669,1,0.2318840579710145,0.2318840579710145,0.2318840579710145,nan,nan
denovo_pdb__3o49_A,3,433,True,144,144,27,0.1875,0.20149253731343283,0.19424460431654675,31,9,0.2903225806451613,0.32142857142857145,0.3050847457627119,56,15,0.26785714285714285,0.3125,0.2884615384615385,57,3,0.05263157894736842,0.05172413793103448,0.052173913043478265,1,0.19424460431654675,0.19424460431654675,0.19424460431654675,nan,nan
denovo_pdb__3o4c_A,0,397,True,132,132,37,0.2803030303030303,0.2605633802816901,0.2700729927007299,43,16,0.37209302325581395,0.5161290322580645,0.4324324324324324,61,17,0.2786885245901639,0.3617021276595745,0.3148148148148148,28,4,0.14285714285714285,0.0625,0.08695652173913043,1,0.2700729927007299,0.2700729927007299,0.2700729927007299,nan,nan
denovo_pdb__3o4c_A,1,403,True,134,134,16,0.11940298507462686,0.11267605633802817,0.11594202898550725,40,9,0.225,0.2903225806451613,0.2535211267605634,51,6,0.11764705882352941,0.1276595744680851,0.12244897959183672,43,1,0.023255813953488372,0.015625,0.018691588785046728,1,0.11594202898550725,0.11594202898550725,0.11594202898550725,nan,nan
denovo_pdb__3o4c_A,2,397,True,132,132,19,0.14393939393939395,0.13380281690140844,0.1386861313868613,32,11,0.34375,0.3548387096774194,0.3492063492063492,38,4,0.10526315789473684,0.0851063829787234,0.09411764705882353,62,4,0.06451612903225806,0.0625,0.06349206349206349,1,0.1386861313868613,0.1386861313868613,0.1386861313868613,nan,nan
denovo_pdb__3o4c_A,3,244,True,81,81,17,0.20987654320987653,0.11971830985915492,0.15246636771300448,40,10,0.25,0.3225806451612903,0.28169014084507044,41,7,0.17073170731707318,0.14893617021276595,0.1590909090909091,0,0,0.0,0.0,0.0,1,0.15246636771300448,0.15246636771300448,0.15246636771300448,nan,nan
denovo_pdb__3og3_A,0,646,True,215,215,18,0.08372093023255814,0.07792207792207792,0.08071748878923767,29,5,0.1724137931034483,0.13513513513513514,0.15151515151515152,45,1,0.022222222222222223,0.03125,0.025974025974025972,141,12,0.0851063829787234,0.07407407407407407,0.0792079207920792,1,0.08071748878923767,0.08071748878923767,0.08071748878923767,nan,nan
denovo_pdb__3og3_A,1,658,True,219,219,15,0.0684931506849315,0.06493506493506493,0.06666666666666667,15,4,0.26666666666666666,0.10810810810810811,0.15384615384615385,39,3,0.07692307692307693,0.09375,0.08450704225352113,165,8,0.048484848484848485,0.04938271604938271,0.04892966360856269,1,0.06666666666666667,0.06666666666666667,0.06666666666666667,nan,nan
denovo_pdb__3og3_A,2,745,True,248,248,24,0.0967741935483871,0.1038961038961039,0.10020876826722339,32,8,0.25,0.21621621621621623,0.2318840579710145,71,6,0.08450704225352113,0.1875,0.11650485436893204,145,10,0.06896551724137931,0.06172839506172839,0.06514657980456026,1,0.10020876826722339,0.10020876826722339,0.10020876826722339,nan,nan
denovo_pdb__3og3_A,3,604,True,201,201,22,0.10945273631840796,0.09523809523809523,0.10185185185185186,35,5,0.14285714285714285,0.13513513513513514,0.1388888888888889,51,2,0.0392156862745098,0.0625,0.04819277108433735,115,15,0.13043478260869565,0.09259259259259259,0.10830324909747292,1,0.10185185185185186,0.10185185185185186,0.10185185185185186,nan,nan
denovo_pdb__3p6j_A,0,328,True,109,109,32,0.29357798165137616,0.22695035460992907,0.256,45,13,0.28888888888888886,0.3611111111111111,0.32098765432098764,63,18,0.2857142857142857,0.4186046511627907,0.339622641509434,1,1,1.0,0.016129032258064516,0.031746031746031744,1,0.256,0.256,0.256,nan,nan
denovo_pdb__3p6j_A,1,343,True,114,114,28,0.24561403508771928,0.19858156028368795,0.2196078431372549,32,19,0.59375,0.5277777777777778,0.5588235294117648,42,7,0.16666666666666666,0.16279069767441862,0.16470588235294115,40,2,0.05,0.03225806451612903,0.0392156862745098,1,0.2196078431372549,0.2196078431372549,0.2196078431372549,nan,nan
denovo_pdb__3p6j_A,2,382,True,127,127,31,0.2440944881889764,0.2198581560283688,0.23134328358208958,40,18,0.45,0.5,0.4736842105263158,59,13,0.22033898305084745,0.3023255813953488,0.25490196078431376,28,0,0.0,0.0,0.0,1,0.23134328358208958,0.23134328358208958,0.23134328358208958,nan,nan
denovo_pdb__3p6j_A,3,292,True,97,97,26,0.26804123711340205,0.18439716312056736,0.2184873949579832,39,14,0.358974358974359,0.3888888888888889,0.3733333333333333,55,12,0.21818181818181817,0.27906976744186046,0.24489795918367344,3,0,0.0,0.0,0.0,1,0.2184873949579832,0.2184873949579832,0.2184873949579832,nan,nan
denovo_pdb__3q7w_A,0,250,True,82,82,28,0.34146341463414637,0.2014388489208633,0.25339366515837103,41,20,0.4878048780487805,0.6666666666666666,0.5633802816901409,41,8,0.1951219512195122,0.18604651162790697,0.1904761904761905,0,0,0.0,0.0,0.0,1,0.25339366515837103,0.25339366515837103,0.25339366515837103,nan,nan
denovo_pdb__3q7w_A,1,214,True,71,71,22,0.30985915492957744,0.15827338129496402,0.2095238095238095,32,15,0.46875,0.5,0.4838709677419355,39,7,0.1794871794871795,0.16279069767441862,0.17073170731707318,0,0,0.0,0.0,0.0,1,0.2095238095238095,0.2095238095238095,0.2095238095238095,nan,nan
denovo_pdb__3q7w_A,2,409,True,136,136,29,0.21323529411764705,0.20863309352517986,0.2109090909090909,45,15,0.3333333333333333,0.5,0.4,60,11,0.18333333333333332,0.2558139534883721,0.2135922330097087,31,3,0.0967741935483871,0.045454545454545456,0.0618556701030928,1,0.2109090909090909,0.2109090909090909,0.2109090909090909,nan,nan
denovo_pdb__3q7w_A,3,403,True,133,133,25,0.18796992481203006,0.17985611510791366,0.1838235294117647,37,8,0.21621621621621623,0.26666666666666666,0.23880597014925373,57,6,0.10526315789473684,0.13953488372093023,0.12,39,11,0.28205128205128205,0.16666666666666666,0.20952380952380953,1,0.1838235294117647,0.1838235294117647,0.1838235294117647,nan,nan
denovo_pdb__3q7y_A,0,346,True,115,115,25,0.21739130434782608,0.18248175182481752,0.19841269841269843,50,12,0.24,0.36363636363636365,0.2891566265060241,50,12,0.24,0.25,0.24489795918367346,15,1,0.06666666666666667,0.017857142857142856,0.02816901408450704,1,0.19841269841269843,0.19841269841269843,0.19841269841269843,nan,nan
denovo_pdb__3q7y_A,1,346,True,115,115,28,0.24347826086956523,0.20437956204379562,0.2222222222222222,45,14,0.3111111111111111,0.42424242424242425,0.3589743589743589,44,12,0.2727272727272727,0.25,0.2608695652173913,26,2,0.07692307692307693,0.03571428571428571,0.04878048780487805,1,0.2222222222222222,0.2222222222222222,0.2222222222222222,nan,nan
denovo_pdb__3q7y_A,2,343,True,114,114,21,0.18421052631578946,0.15328467153284672,0.16733067729083664,35,14,0.4,0.42424242424242425,0.411764705882353,54,6,0.1111111111111111,0.125,0.11764705882352941,25,1,0.04,0.017857142857142856,0.024691358024691357,1,0.16733067729083664,0.16733067729083664,0.16733067729083664,nan,nan
denovo_pdb__3q7y_A,3,283,True,94,94,33,0.35106382978723405,0.24087591240875914,0.2857142857142857,33,17,0.5151515151515151,0.5151515151515151,0.5151515151515151,44,15,0.3409090909090909,0.3125,0.32608695652173914,17,1,0.058823529411764705,0.017857142857142856,0.0273972602739726,1,0.2857142857142857,0.2857142857142857,0.2857142857142857,nan,nan
denovo_pdb__3rfn_A,0,430,True,142,142,10,0.07042253521126761,0.06896551724137931,0.06968641114982578,16,1,0.0625,0.07142857142857142,0.06666666666666667,14,7,0.5,0.25925925925925924,0.3414634146341463,112,2,0.017857142857142856,0.019230769230769232,0.01851851851851852,1,0.06968641114982578,0.06968641114982578,0.06968641114982578,nan,nan
denovo_pdb__3rfn_A,1,367,True,122,122,5,0.040983606557377046,0.034482758620689655,0.037453183520599245,20,1,0.05,0.07142857142857142,0.058823529411764705,15,1,0.06666666666666667,0.037037037037037035,0.047619047619047616,87,3,0.034482758620689655,0.028846153846153848,0.03141361256544503,1,0.037453183520599245,0.037453183520599245,0.037453183520599245,nan,nan
denovo_pdb__3rfn_A,2,397,True,132,132,24,0.18181818181818182,0.16551724137931034,0.17328519855595667,21,6,0.2857142857142857,0.42857142857142855,0.34285714285714286,33,11,0.3333333333333333,0.4074074074074074,0.36666666666666664,78,7,0.08974358974358974,0.0673076923076923,0.07692307692307691,1,0.17328519855595667,0.17328519855595667,0.17328519855595667,nan,nan
denovo_pdb__3rfn_A,3,466,True,155,155,11,0.07096774193548387,0.07586206896551724,0.07333333333333333,20,3,0.15,0.21428571428571427,0.1764705882352941,35,5,0.14285714285714285,0.18518518518518517,0.16129032258064516,100,3,0.03,0.028846153846153848,0.029411764705882353,1,0.07333333333333333,0.07333333333333333,0.07333333333333333,nan,nan
denovo_pdb__3v1a_A,0,55,True,18,18,7,0.3888888888888889,0.2916666666666667,0.3333333333333333,2,0,0.0,0.0,0.0,5,2,0.4,0.2222222222222222,0.2857142857142857,11,5,0.45454545454545453,0.45454545454545453,0.45454545454545453,1,0.3333333333333333,0.3333333333333333,0.3333333333333333,nan,nan
denovo_pdb__3v1a_A,1,58,True,19,19,15,0.7894736842105263,0.625,0.6976744186046512,4,3,0.75,0.75,0.75,7,6,0.8571428571428571,0.6666666666666666,0.75,8,6,0.75,0.5454545454545454,0.631578947368421,1,0.6976744186046512,0.6976744186046512,0.6976744186046512,nan,nan
denovo_pdb__3v1a_A,2,49,True,16,16,11,0.6875,0.4583333333333333,0.5499999999999999,5,3,0.6,0.75,0.6666666666666665,7,6,0.8571428571428571,0.6666666666666666,0.75,4,2,0.5,0.18181818181818182,0.26666666666666666,1,0.5499999999999999,0.5499999999999999,0.5499999999999999,nan,nan
denovo_pdb__3v1a_A,3,52,True,17,17,15,0.8823529411764706,0.625,0.7317073170731708,2,2,1.0,0.5,0.6666666666666666,8,7,0.875,0.7777777777777778,0.823529411764706,7,6,0.8571428571428571,0.5454545454545454,0.6666666666666665,1,0.7317073170731708,0.7317073170731708,0.7317073170731708,nan,nan
denovo_pdb__3ww9_A,0,640,True,212,212,131,0.6179245283018868,0.5622317596566524,0.5887640449438203,52,33,0.6346153846153846,0.6111111111111112,0.6226415094339622,84,48,0.5714285714285714,0.64,0.6037735849056605,76,50,0.6578947368421053,0.4807692307692308,0.5555555555555556,1,0.5887640449438203,0.5887640449438203,0.5887640449438203,nan,nan
denovo_pdb__3ww9_A,1,766,True,255,255,167,0.6549019607843137,0.7167381974248928,0.6844262295081968,61,48,0.7868852459016393,0.8888888888888888,0.8347826086956522,86,46,0.5348837209302325,0.6133333333333333,0.5714285714285714,108,73,0.6759259259259259,0.7019230769230769,0.6886792452830189,1,0.6844262295081968,0.6844262295081968,0.6844262295081968,nan,nan
denovo_pdb__3ww9_A,2,595,True,198,198,135,0.6818181818181818,0.5793991416309013,0.6264501160092808,58,47,0.8103448275862069,0.8703703703703703,0.8392857142857144,77,44,0.5714285714285714,0.5866666666666667,0.5789473684210527,63,44,0.6984126984126984,0.4230769230769231,0.5269461077844312,1,0.6264501160092808,0.6264501160092808,0.6264501160092808,nan,nan
denovo_pdb__3ww9_A,3,667,True,222,222,136,0.6126126126126126,0.5836909871244635,0.5978021978021978,51,40,0.7843137254901961,0.7407407407407407,0.7619047619047618,85,42,0.49411764705882355,0.56,0.525,86,54,0.627906976744186,0.5192307692307693,0.5684210526315789,1,0.5978021978021978,0.5978021978021978,0.5978021978021978,nan,nan
denovo_pdb__4a29_A,0,958,True,319,319,65,0.20376175548589343,0.22887323943661972,0.21558872305140964,52,14,0.2692307692307692,0.45161290322580644,0.3373493975903614,51,16,0.3137254901960784,0.32,0.3168316831683168,216,35,0.16203703703703703,0.1724137931034483,0.16706443914081145,1,0.21558872305140964,0.21558872305140964,0.21558872305140964,nan,nan
denovo_pdb__4a29_A,1,916,True,304,304,35,0.11513157894736842,0.12323943661971831,0.11904761904761905,39,3,0.07692307692307693,0.0967741935483871,0.08571428571428572,91,11,0.12087912087912088,0.22,0.15602836879432624,174,21,0.1206896551724138,0.10344827586206896,0.11140583554376658,1,0.11904761904761905,0.11904761904761905,0.11904761904761905,nan,nan
denovo_pdb__4a29_A,2,988,True,329,329,58,0.1762917933130699,0.20422535211267606,0.18923327895595432,43,11,0.2558139534883721,0.3548387096774194,0.2972972972972973,57,14,0.24561403508771928,0.28,0.2616822429906542,229,33,0.14410480349344978,0.1625615763546798,0.15277777777777776,1,0.18923327895595432,0.18923327895595432,0.18923327895595432,nan,nan
denovo_pdb__4a29_A,3,919,True,305,305,63,0.20655737704918034,0.22183098591549297,0.2139219015280136,50,8,0.16,0.25806451612903225,0.19753086419753085,52,14,0.2692307692307692,0.28,0.27450980392156865,203,41,0.2019704433497537,0.2019704433497537,0.2019704433497537,1,0.2139219015280136,0.2139219015280136,0.2139219015280136,nan,nan
denovo_pdb__4db6_A,0,571,True,189,189,103,0.544973544973545,0.6602564102564102,0.5971014492753624,17,10,0.5882352941176471,0.5555555555555556,0.5714285714285715,31,20,0.6451612903225806,0.7692307692307693,0.7017543859649122,141,73,0.5177304964539007,0.6517857142857143,0.5770750988142294,1,0.5971014492753624,0.5971014492753624,0.5971014492753624,nan,nan
denovo_pdb__4db6_A,1,565,True,188,188,123,0.6542553191489362,0.7884615384615384,0.7151162790697675,21,13,0.6190476190476191,0.7222222222222222,0.6666666666666666,38,23,0.6052631578947368,0.8846153846153846,0.71875,129,87,0.6744186046511628,0.7767857142857143,0.7219917012448133,1,0.7151162790697675,0.7151162790697675,0.7151162790697675,nan,nan
denovo_pdb__4db6_A,2,532,True,177,177,108,0.6101694915254238,0.6923076923076923,0.6486486486486487,16,10,0.625,0.5555555555555556,0.5882352941176471,35,22,0.6285714285714286,0.8461538461538461,0.721311475409836,126,76,0.6031746031746031,0.6785714285714286,0.638655462184874,1,0.6486486486486487,0.6486486486486487,0.6486486486486487,nan,nan
denovo_pdb__4db6_A,3,583,True,194,194,102,0.5257731958762887,0.6538461538461539,0.5828571428571429,20,11,0.55,0.6111111111111112,0.5789473684210527,34,18,0.5294117647058824,0.6923076923076923,0.5999999999999999,140,73,0.5214285714285715,0.6517857142857143,0.5793650793650794,1,0.5828571428571429,0.5828571428571429,0.5828571428571429,nan,nan
denovo_pdb__4dui_A,0,340,True,113,113,87,0.7699115044247787,0.7981651376146789,0.7837837837837838,15,11,0.7333333333333333,0.6111111111111112,0.6666666666666666,21,14,0.6666666666666666,0.8235294117647058,0.7368421052631577,77,62,0.8051948051948052,0.8378378378378378,0.8211920529801325,1,0.7837837837837838,0.7837837837837838,0.7837837837837838,nan,nan
denovo_pdb__4dui_A,1,310,True,102,102,83,0.8137254901960784,0.7614678899082569,0.7867298578199052,10,9,0.9,0.5,0.6428571428571429,19,15,0.7894736842105263,0.8823529411764706,0.8333333333333333,73,59,0.8082191780821918,0.7972972972972973,0.802721088435374,1,0.7867298578199052,0.7867298578199052,0.7867298578199052,nan,nan
denovo_pdb__4dui_A,2,346,True,115,115,81,0.7043478260869566,0.7431192660550459,0.7232142857142856,16,10,0.625,0.5555555555555556,0.5882352941176471,22,13,0.5909090909090909,0.7647058823529411,0.6666666666666667,77,58,0.7532467532467533,0.7837837837837838,0.7682119205298014,1,0.7232142857142856,0.7232142857142856,0.7232142857142856,nan,nan
denovo_pdb__4dui_A,3,373,True,124,124,87,0.7016129032258065,0.7981651376146789,0.7467811158798283,20,12,0.6,0.6666666666666666,0.631578947368421,18,12,0.6666666666666666,0.7058823529411765,0.6857142857142857,86,63,0.7325581395348837,0.8513513513513513,0.7875,1,0.7467811158798283,0.7467811158798283,0.7467811158798283,nan,nan
denovo_pdb__4etj_A,0,346,True,115,115,9,0.0782608695652174,0.07964601769911504,0.07894736842105263,7,1,0.14285714285714285,0.07692307692307693,0.1,22,1,0.045454545454545456,0.09090909090909091,0.060606060606060615,86,7,0.08139534883720931,0.07865168539325842,0.08,1,0.07894736842105263,0.07894736842105263,0.07894736842105263,nan,nan
denovo_pdb__4etj_A,1,280,True,93,93,4,0.043010752688172046,0.035398230088495575,0.03883495145631068,10,1,0.1,0.07692307692307693,0.08695652173913043,17,0,0.0,0.0,0.0,66,3,0.045454545454545456,0.033707865168539325,0.03870967741935484,1,0.03883495145631068,0.03883495145631068,0.03883495145631068,nan,nan
denovo_pdb__4etj_A,2,277,True,91,91,13,0.14285714285714285,0.11504424778761062,0.12745098039215685,10,1,0.1,0.07692307692307693,0.08695652173913043,17,1,0.058823529411764705,0.09090909090909091,0.07142857142857142,64,11,0.171875,0.12359550561797752,0.14379084967320263,1,0.12745098039215685,0.12745098039215685,0.12745098039215685,nan,nan
denovo_pdb__4etj_A,3,274,True,90,90,14,0.15555555555555556,0.12389380530973451,0.13793103448275865,16,0,0.0,0.0,0.0,5,0,0.0,0.0,0.0,69,14,0.2028985507246377,0.15730337078651685,0.17721518987341775,1,0.13793103448275865,0.13793103448275865,0.13793103448275865,nan,nan
denovo_pdb__4hxt_A,0,589,True,196,196,126,0.6428571428571429,0.6331658291457286,0.6379746835443038,21,9,0.42857142857142855,0.5294117647058824,0.4736842105263158,31,24,0.7741935483870968,0.6857142857142857,0.7272727272727272,144,93,0.6458333333333334,0.6326530612244898,0.6391752577319587,1,0.6379746835443038,0.6379746835443038,0.6379746835443038,nan,nan
denovo_pdb__4hxt_A,1,550,True,183,183,112,0.6120218579234973,0.5628140703517588,0.5863874345549739,21,9,0.42857142857142855,0.5294117647058824,0.4736842105263158,30,23,0.7666666666666667,0.6571428571428571,0.7076923076923077,132,80,0.6060606060606061,0.54421768707483,0.5734767025089605,1,0.5863874345549739,0.5863874345549739,0.5863874345549739,nan,nan
denovo_pdb__4hxt_A,2,547,True,181,181,115,0.6353591160220995,0.5778894472361809,0.6052631578947368,21,10,0.47619047619047616,0.5882352941176471,0.5263157894736842,31,25,0.8064516129032258,0.7142857142857143,0.7575757575757576,129,80,0.6201550387596899,0.54421768707483,0.5797101449275364,1,0.6052631578947368,0.6052631578947368,0.6052631578947368,nan,nan
denovo_pdb__4hxt_A,3,580,True,193,193,133,0.689119170984456,0.6683417085427136,0.6785714285714286,23,8,0.34782608695652173,0.47058823529411764,0.39999999999999997,32,30,0.9375,0.8571428571428571,0.8955223880597014,138,95,0.6884057971014492,0.6462585034013606,0.6666666666666666,1,0.6785714285714286,0.6785714285714286,0.6785714285714286,nan,nan
denovo_pdb__4j8y_A,0,343,True,113,113,68,0.6017699115044248,0.6415094339622641,0.6210045662100457,16,9,0.5625,0.6428571428571429,0.6000000000000001,22,12,0.5454545454545454,0.7058823529411765,0.6153846153846153,75,47,0.6266666666666667,0.6266666666666667,0.6266666666666667,1,0.6210045662100457,0.6210045662100457,0.6210045662100457,nan,nan
denovo_pdb__4j8y_A,1,355,True,118,118,86,0.7288135593220338,0.8113207547169812,0.7678571428571428,17,10,0.5882352941176471,0.7142857142857143,0.6451612903225806,16,15,0.9375,0.8823529411764706,0.9090909090909091,85,61,0.7176470588235294,0.8133333333333334,0.7625,1,0.7678571428571428,0.7678571428571428,0.7678571428571428,nan,nan
denovo_pdb__4j8y_A,2,331,True,110,110,83,0.7545454545454545,0.7830188679245284,0.7685185185185186,16,12,0.75,0.8571428571428571,0.7999999999999999,16,13,0.8125,0.7647058823529411,0.787878787878788,78,58,0.7435897435897436,0.7733333333333333,0.7581699346405228,1,0.7685185185185186,0.7685185185185186,0.7685185185185186,nan,nan
denovo_pdb__4j8y_A,3,352,True,117,117,77,0.6581196581196581,0.7264150943396226,0.6905829596412556,18,11,0.6111111111111112,0.7857142857142857,0.6875000000000001,19,13,0.6842105263157895,0.7647058823529411,0.7222222222222222,80,53,0.6625,0.7066666666666667,0.6838709677419355,1,0.6905829596412556,0.6905829596412556,0.6905829596412556,nan,nan
denovo_pdb__4lpx_A,0,187,True,62,62,12,0.1935483870967742,0.17142857142857143,0.1818181818181818,17,6,0.35294117647058826,0.5454545454545454,0.42857142857142855,15,5,0.3333333333333333,0.2631578947368421,0.29411764705882354,30,1,0.03333333333333333,0.025,0.028571428571428574,1,0.1818181818181818,0.1818181818181818,0.1818181818181818,nan,nan
denovo_pdb__4lpx_A,1,214,True,71,71,16,0.22535211267605634,0.22857142857142856,0.22695035460992907,19,6,0.3157894736842105,0.5454545454545454,0.39999999999999997,24,4,0.16666666666666666,0.21052631578947367,0.186046511627907,28,6,0.21428571428571427,0.15,0.1764705882352941,1,0.22695035460992907,0.22695035460992907,0.22695035460992907,nan,nan
denovo_pdb__4lpx_A,2,220,True,73,73,28,0.3835616438356164,0.4,0.3916083916083916,16,5,0.3125,0.45454545454545453,0.3703703703703703,20,6,0.3,0.3157894736842105,0.3076923076923077,37,17,0.4594594594594595,0.425,0.44155844155844154,1,0.3916083916083916,0.3916083916083916,0.3916083916083916,nan,nan
denovo_pdb__4lpx_A,3,235,True,78,78,27,0.34615384615384615,0.38571428571428573,0.3648648648648648,12,3,0.25,0.2727272727272727,0.2608695652173913,20,4,0.2,0.21052631578947367,0.20512820512820512,46,20,0.43478260869565216,0.5,0.46511627906976744,1,0.3648648648648648,0.3648648648648648,0.3648648648648648,nan,nan
denovo_pdb__4n6t_A,0,202,True,67,67,8,0.11940298507462686,0.0963855421686747,0.10666666666666667,11,1,0.09090909090909091,0.05555555555555555,0.06896551724137931,19,5,0.2631578947368421,0.15625,0.19607843137254902,37,2,0.05405405405405406,0.06060606060606061,0.05714285714285714,1,0.10666666666666667,0.10666666666666667,0.10666666666666667,nan,nan
denovo_pdb__4n6t_A,1,148,True,49,49,22,0.4489795918367347,0.26506024096385544,0.33333333333333337,9,4,0.4444444444444444,0.2222222222222222,0.2962962962962963,23,14,0.6086956521739131,0.4375,0.5090909090909091,17,4,0.23529411764705882,0.12121212121212122,0.16,1,0.33333333333333337,0.33333333333333337,0.33333333333333337,nan,nan
denovo_pdb__4n6t_A,2,142,True,47,47,18,0.3829787234042553,0.21686746987951808,0.2769230769230769,8,5,0.625,0.2777777777777778,0.3846153846153846,21,10,0.47619047619047616,0.3125,0.37735849056603776,18,3,0.16666666666666666,0.09090909090909091,0.11764705882352942,1,0.2769230769230769,0.2769230769230769,0.2769230769230769,nan,nan
denovo_pdb__4n6t_A,3,250,True,83,83,7,0.08433734939759036,0.08433734939759036,0.08433734939759036,9,2,0.2222222222222222,0.1111111111111111,0.14814814814814814,11,1,0.09090909090909091,0.03125,0.046511627906976744,63,4,0.06349206349206349,0.12121212121212122,0.08333333333333333,1,0.08433734939759036,0.08433734939759036,0.08433734939759036,nan,nan
denovo_pdb__4ndj_A,0,997,True,332,332,27,0.08132530120481928,0.09473684210526316,0.08752025931928688,61,12,0.19672131147540983,0.26666666666666666,0.22641509433962265,61,7,0.11475409836065574,0.12962962962962962,0.12173913043478261,210,8,0.0380952380952381,0.043010752688172046,0.04040404040404041,1,0.08752025931928688,0.08752025931928688,0.08752025931928688,nan,nan
denovo_pdb__4ndj_A,1,889,True,295,295,19,0.06440677966101695,0.06666666666666667,0.06551724137931034,48,8,0.16666666666666666,0.17777777777777778,0.17204301075268819,66,4,0.06060606060606061,0.07407407407407407,0.06666666666666667,181,7,0.03867403314917127,0.03763440860215054,0.03814713896457766,1,0.06551724137931034,0.06551724137931034,0.06551724137931034,nan,nan
denovo_pdb__4ndj_A,2,874,True,291,291,21,0.07216494845360824,0.07368421052631578,0.07291666666666667,68,12,0.17647058823529413,0.26666666666666666,0.21238938053097345,74,6,0.08108108108108109,0.1111111111111111,0.09375,149,3,0.020134228187919462,0.016129032258064516,0.01791044776119403,1,0.07291666666666667,0.07291666666666667,0.07291666666666667,nan,nan
denovo_pdb__4ndj_A,3,910,True,303,303,20,0.066006600660066,0.07017543859649122,0.06802721088435373,51,13,0.2549019607843137,0.28888888888888886,0.2708333333333333,79,6,0.0759493670886076,0.1111111111111111,0.09022556390977442,173,1,0.005780346820809248,0.005376344086021506,0.005571030640668524,1,0.06802721088435373,0.06802721088435373,0.06802721088435373,nan,nan
denovo_pdb__4oxw_A,0,307,True,102,102,9,0.08823529411764706,0.08737864077669903,0.0878048780487805,12,2,0.16666666666666666,0.125,0.14285714285714288,26,1,0.038461538461538464,0.043478260869565216,0.04081632653061224,64,6,0.09375,0.09375,0.09375,1,0.0878048780487805,0.0878048780487805,0.0878048780487805,nan,nan
denovo_pdb__4oxw_A,1,352,True,117,117,25,0.21367521367521367,0.24271844660194175,0.22727272727272724,29,9,0.3103448275862069,0.5625,0.4,42,11,0.2619047619047619,0.4782608695652174,0.3384615384615384,46,5,0.10869565217391304,0.078125,0.09090909090909091,1,0.22727272727272724,0.22727272727272724,0.22727272727272724,nan,nan
denovo_pdb__4oxw_A,2,253,True,84,84,10,0.11904761904761904,0.0970873786407767,0.10695187165775402,20,7,0.35,0.4375,0.38888888888888884,33,3,0.09090909090909091,0.13043478260869565,0.10714285714285714,31,0,0.0,0.0,0.0,1,0.10695187165775402,0.10695187165775402,0.10695187165775402,nan,nan
denovo_pdb__4oxw_A,3,283,True,94,94,6,0.06382978723404255,0.05825242718446602,0.06091370558375634,29,5,0.1724137931034483,0.3125,0.22222222222222224,27,0,0.0,0.0,0.0,38,1,0.02631578947368421,0.015625,0.0196078431372549,1,0.06091370558375634,0.06091370558375634,0.06091370558375634,nan,nan
denovo_pdb__4ozc_A,0,136,True,45,45,10,0.2222222222222222,0.2777777777777778,0.24691358024691357,11,3,0.2727272727272727,0.5,0.3529411764705882,16,4,0.25,0.36363636363636365,0.2962962962962963,18,3,0.16666666666666666,0.15789473684210525,0.16216216216216214,1,0.24691358024691357,0.24691358024691357,0.24691358024691357,nan,nan
denovo_pdb__4ozc_A,1,148,True,49,49,11,0.22448979591836735,0.3055555555555556,0.2588235294117647,10,3,0.3,0.5,0.37499999999999994,16,2,0.125,0.18181818181818182,0.14814814814814814,23,6,0.2608695652173913,0.3157894736842105,0.28571428571428575,1,0.2588235294117647,0.2588235294117647,0.2588235294117647,nan,nan
denovo_pdb__4ozc_A,2,94,True,31,31,10,0.3225806451612903,0.2777777777777778,0.29850746268656714,10,3,0.3,0.5,0.37499999999999994,11,0,0.0,0.0,0.0,10,7,0.7,0.3684210526315789,0.48275862068965514,1,0.29850746268656714,0.29850746268656714,0.29850746268656714,nan,nan
denovo_pdb__4ozc_A,3,133,True,44,44,10,0.22727272727272727,0.2777777777777778,0.25,15,3,0.2,0.5,0.28571428571428575,18,3,0.16666666666666666,0.2727272727272727,0.20689655172413793,11,4,0.36363636363636365,0.21052631578947367,0.26666666666666666,1,0.25,0.25,0.25,nan,nan
denovo_pdb__4pjs_A,0,391,True,130,130,67,0.5153846153846153,0.6261682242990654,0.5654008438818565,17,10,0.5882352941176471,0.7142857142857143,0.6451612903225806,44,30,0.6818181818181818,0.7692307692307693,0.7228915662650602,69,27,0.391304347826087,0.5,0.4390243902439025,1,0.5654008438818565,0.5654008438818565,0.5654008438818565,nan,nan
denovo_pdb__4pjs_A,1,349,True,116,116,64,0.5517241379310345,0.5981308411214953,0.5739910313901345,15,8,0.5333333333333333,0.5714285714285714,0.5517241379310344,37,24,0.6486486486486487,0.6153846153846154,0.631578947368421,64,32,0.5,0.5925925925925926,0.5423728813559322,1,0.5739910313901345,0.5739910313901345,0.5739910313901345,nan,nan
denovo_pdb__4pjs_A,2,403,True,134,134,80,0.5970149253731343,0.7476635514018691,0.6639004149377592,17,9,0.5294117647058824,0.6428571428571429,0.5806451612903226,49,34,0.6938775510204082,0.8717948717948718,0.7727272727272728,68,37,0.5441176470588235,0.6851851851851852,0.6065573770491803,1,0.6639004149377592,0.6639004149377592,0.6639004149377592,nan,nan
denovo_pdb__4pjs_A,3,385,True,128,128,74,0.578125,0.6915887850467289,0.6297872340425533,17,10,0.5882352941176471,0.7142857142857143,0.6451612903225806,43,30,0.6976744186046512,0.7692307692307693,0.7317073170731708,68,34,0.5,0.6296296296296297,0.5573770491803278,1,0.6297872340425533,0.6297872340425533,0.6297872340425533,nan,nan
denovo_pdb__4psj_A,0,808,True,269,269,161,0.5985130111524164,0.6680497925311203,0.6313725490196079,21,10,0.47619047619047616,0.4166666666666667,0.4444444444444445,121,79,0.6528925619834711,0.7247706422018348,0.6869565217391305,127,72,0.5669291338582677,0.6666666666666666,0.6127659574468085,1,0.6313725490196079,0.6313725490196079,0.6313725490196079,nan,nan
denovo_pdb__4psj_A,1,814,True,271,271,155,0.5719557195571956,0.6431535269709544,0.60546875,13,8,0.6153846153846154,0.3333333333333333,0.43243243243243246,136,78,0.5735294117647058,0.7155963302752294,0.636734693877551,122,69,0.5655737704918032,0.6388888888888888,0.5999999999999999,1,0.60546875,0.60546875,0.60546875,nan,nan
denovo_pdb__4psj_A,2,772,True,257,257,155,0.603112840466926,0.6431535269709544,0.6224899598393574,12,8,0.6666666666666666,0.3333333333333333,0.4444444444444444,102,73,0.7156862745098039,0.6697247706422018,0.6919431279620853,143,74,0.5174825174825175,0.6851851851851852,0.5896414342629482,1,0.6224899598393574,0.6224899598393574,0.6224899598393574,nan,nan
denovo_pdb__4psj_A,3,733,True,244,244,148,0.6065573770491803,0.6141078838174274,0.6103092783505155,16,9,0.5625,0.375,0.45,107,72,0.6728971962616822,0.6605504587155964,0.6666666666666666,121,67,0.5537190082644629,0.6203703703703703,0.5851528384279476,1,0.6103092783505155,0.6103092783505155,0.6103092783505155,nan,nan
denovo_pdb__4qkr_A,0,406,True,135,135,25,0.18518518518518517,0.1773049645390071,0.1811594202898551,45,13,0.28888888888888886,0.41935483870967744,0.34210526315789475,50,7,0.14,0.16666666666666666,0.15217391304347827,40,5,0.125,0.07352941176470588,0.09259259259259259,1,0.1811594202898551,0.1811594202898551,0.1811594202898551,nan,nan
denovo_pdb__4qkr_A,1,295,True,98,98,31,0.3163265306122449,0.2198581560283688,0.2594142259414226,41,17,0.4146341463414634,0.5483870967741935,0.4722222222222222,51,13,0.2549019607843137,0.30952380952380953,0.27956989247311825,6,1,0.16666666666666666,0.014705882352941176,0.02702702702702703,1,0.2594142259414226,0.2594142259414226,0.2594142259414226,nan,nan
denovo_pdb__4qkr_A,2,286,True,95,95,30,0.3157894736842105,0.2127659574468085,0.25423728813559326,38,15,0.39473684210526316,0.4838709677419355,0.43478260869565216,53,14,0.2641509433962264,0.3333333333333333,0.29473684210526313,4,1,0.25,0.014705882352941176,0.027777777777777776,1,0.25423728813559326,0.25423728813559326,0.25423728813559326,nan,nan
denovo_pdb__4qkr_A,3,268,True,89,89,25,0.2808988764044944,0.1773049645390071,0.2173913043478261,41,13,0.3170731707317073,0.41935483870967744,0.3611111111111111,34,8,0.23529411764705882,0.19047619047619047,0.21052631578947367,14,4,0.2857142857142857,0.058823529411764705,0.0975609756097561,1,0.2173913043478261,0.2173913043478261,0.2173913043478261,nan,nan
denovo_pdb__4r5c_A,0,934,True,311,311,208,0.6688102893890675,0.6624203821656051,0.6656000000000001,22,14,0.6363636363636364,0.56,0.5957446808510639,156,120,0.7692307692307693,0.6779661016949152,0.7207207207207208,133,74,0.556390977443609,0.6607142857142857,0.6040816326530613,1,0.6656000000000001,0.6656000000000001,0.6656000000000001,nan,nan
denovo_pdb__4r5c_A,1,982,True,327,327,231,0.7064220183486238,0.7356687898089171,0.7207488299531981,25,16,0.64,0.64,0.64,188,140,0.7446808510638298,0.7909604519774012,0.767123287671233,114,75,0.6578947368421053,0.6696428571428571,0.663716814159292,1,0.7207488299531981,0.7207488299531981,0.7207488299531981,nan,nan
denovo_pdb__4r5c_A,2,991,True,329,329,215,0.6534954407294833,0.6847133757961783,0.6687402799377916,22,11,0.5,0.44,0.46808510638297873,175,130,0.7428571428571429,0.7344632768361582,0.7386363636363636,132,74,0.5606060606060606,0.6607142857142857,0.6065573770491803,1,0.6687402799377916,0.6687402799377916,0.6687402799377916,nan,nan
denovo_pdb__4r5c_A,3,925,True,308,308,216,0.7012987012987013,0.6878980891719745,0.6945337620578779,14,8,0.5714285714285714,0.32,0.41025641025641024,165,128,0.7757575757575758,0.7231638418079096,0.7485380116959064,129,80,0.6201550387596899,0.7142857142857143,0.6639004149377593,1,0.6945337620578779,0.6945337620578779,0.6945337620578779,nan,nan
denovo_pdb__4u3h_A,0,205,True,68,68,41,0.6029411764705882,0.5694444444444444,0.5857142857142857,12,10,0.8333333333333334,0.8333333333333334,0.8333333333333334,24,12,0.5,0.5217391304347826,0.5106382978723404,32,19,0.59375,0.5135135135135135,0.5507246376811593,1,0.5857142857142857,0.5857142857142857,0.5857142857142857,nan,nan
denovo_pdb__4u3h_A,1,187,True,62,62,45,0.7258064516129032,0.625,0.6716417910447761,13,10,0.7692307692307693,0.8333333333333334,0.8,21,16,0.7619047619047619,0.6956521739130435,0.7272727272727272,28,19,0.6785714285714286,0.5135135135135135,0.5846153846153848,1,0.6716417910447761,0.6716417910447761,0.6716417910447761,nan,nan
denovo_pdb__4u3h_A,2,196,True,65,65,48,0.7384615384615385,0.6666666666666666,0.7007299270072994,14,10,0.7142857142857143,0.8333333333333334,0.7692307692307692,21,16,0.7619047619047619,0.6956521739130435,0.7272727272727272,30,22,0.7333333333333333,0.5945945945945946,0.6567164179104478,1,0.7007299270072994,0.7007299270072994,0.7007299270072994,nan,nan
denovo_pdb__4u3h_A,3,229,True,75,75,53,0.7066666666666667,0.7361111111111112,0.7210884353741497,17,12,0.7058823529411765,1.0,0.8275862068965517,24,18,0.75,0.782608695652174,0.7659574468085107,34,23,0.6764705882352942,0.6216216216216216,0.6478873239436619,1,0.7210884353741497,0.7210884353741497,0.7210884353741497,nan,nan
denovo_pdb__4wpy_A,0,217,True,72,72,6,0.08333333333333333,0.14285714285714285,0.10526315789473685,6,1,0.16666666666666666,0.1111111111111111,0.13333333333333333,13,3,0.23076923076923078,0.1875,0.20689655172413793,53,2,0.03773584905660377,0.11764705882352941,0.05714285714285715,1,0.10526315789473685,0.10526315789473685,0.10526315789473685,nan,nan
denovo_pdb__4wpy_A,1,100,True,33,33,1,0.030303030303030304,0.023809523809523808,0.02666666666666667,11,0,0.0,0.0,0.0,6,1,0.16666666666666666,0.0625,0.09090909090909091,16,0,0.0,0.0,0.0,1,0.02666666666666667,0.02666666666666667,0.02666666666666667,nan,nan
denovo_pdb__4wpy_A,2,133,True,44,44,4,0.09090909090909091,0.09523809523809523,0.09302325581395349,14,2,0.14285714285714285,0.2222222222222222,0.17391304347826086,11,2,0.18181818181818182,0.125,0.14814814814814814,19,0,0.0,0.0,0.0,1,0.09302325581395349,0.09302325581395349,0.09302325581395349,nan,nan
denovo_pdb__4wpy_A,3,130,True,43,43,0,0.0,0.0,0.0,11,0,0.0,0.0,0.0,13,0,0.0,0.0,0.0,19,0,0.0,0.0,0.0,1,0.0,0.0,0.0,nan,nan
denovo_pdb__4yxx_A,0,592,True,197,197,42,0.2131979695431472,0.23333333333333334,0.22281167108753314,23,9,0.391304347826087,0.3103448275862069,0.34615384615384615,32,5,0.15625,0.15625,0.15625,142,28,0.19718309859154928,0.23529411764705882,0.21455938697318006,1,0.22281167108753314,0.22281167108753314,0.22281167108753314,nan,nan
denovo_pdb__4yxx_A,1,550,True,183,183,20,0.1092896174863388,0.1111111111111111,0.11019283746556473,34,9,0.2647058823529412,0.3103448275862069,0.28571428571428575,54,6,0.1111111111111111,0.1875,0.13953488372093023,95,5,0.05263157894736842,0.04201680672268908,0.04672897196261683,1,0.11019283746556473,0.11019283746556473,0.11019283746556473,nan,nan
denovo_pdb__4yxx_A,2,436,True,145,145,23,0.15862068965517243,0.12777777777777777,0.14153846153846153,33,11,0.3333333333333333,0.3793103448275862,0.3548387096774193,68,6,0.08823529411764706,0.1875,0.12,44,6,0.13636363636363635,0.05042016806722689,0.0736196319018405,1,0.14153846153846153,0.14153846153846153,0.14153846153846153,nan,nan
denovo_pdb__4yxx_A,3,232,True,77,77,5,0.06493506493506493,0.027777777777777776,0.038910505836575876,24,3,0.125,0.10344827586206896,0.11320754716981132,34,2,0.058823529411764705,0.0625,0.06060606060606061,19,0,0.0,0.0,0.0,1,0.038910505836575876,0.038910505836575876,0.038910505836575876,nan,nan
denovo_pdb__4z08_A,0,805,True,268,268,70,0.26119402985074625,0.28688524590163933,0.27343749999999994,39,10,0.2564102564102564,0.2564102564102564,0.2564102564102564,48,11,0.22916666666666666,0.3142857142857143,0.26506024096385544,181,49,0.27071823204419887,0.28823529411764703,0.2792022792022792,1,0.27343749999999994,0.27343749999999994,0.27343749999999994,nan,nan
denovo_pdb__4z08_A,1,910,True,302,302,66,0.2185430463576159,0.27049180327868855,0.2417582417582418,44,9,0.20454545454545456,0.23076923076923078,0.2168674698795181,58,9,0.15517241379310345,0.2571428571428571,0.19354838709677422,200,48,0.24,0.2823529411764706,0.2594594594594594,1,0.2417582417582418,0.2417582417582418,0.2417582417582418,nan,nan
denovo_pdb__4z08_A,2,784,True,261,261,51,0.19540229885057472,0.20901639344262296,0.20198019801980197,31,12,0.3870967741935484,0.3076923076923077,0.34285714285714286,38,9,0.23684210526315788,0.2571428571428571,0.2465753424657534,192,30,0.15625,0.17647058823529413,0.16574585635359115,1,0.20198019801980197,0.20198019801980197,0.20198019801980197,nan,nan
denovo_pdb__4z08_A,3,913,True,304,304,67,0.22039473684210525,0.27459016393442626,0.24452554744525548,43,11,0.2558139534883721,0.28205128205128205,0.2682926829268293,51,10,0.19607843137254902,0.2857142857142857,0.23255813953488372,210,46,0.21904761904761905,0.27058823529411763,0.24210526315789474,1,0.24452554744525548,0.24452554744525548,0.24452554744525548,nan,nan
denovo_pdb__5cwb_A,0,481,True,160,160,21,0.13125,0.11170212765957446,0.12068965517241378,27,12,0.4444444444444444,0.4,0.4210526315789474,22,5,0.22727272727272727,0.3125,0.2631578947368421,111,4,0.036036036036036036,0.028169014084507043,0.03162055335968379,1,0.12068965517241378,0.12068965517241378,0.12068965517241378,nan,nan
denovo_pdb__5cwb_A,1,454,True,151,151,12,0.07947019867549669,0.06382978723404255,0.07079646017699115,21,8,0.38095238095238093,0.26666666666666666,0.3137254901960784,40,1,0.025,0.0625,0.03571428571428572,90,3,0.03333333333333333,0.02112676056338028,0.025862068965517238,1,0.07079646017699115,0.07079646017699115,0.07079646017699115,nan,nan
denovo_pdb__5cwb_A,2,337,True,112,112,11,0.09821428571428571,0.05851063829787234,0.07333333333333335,20,7,0.35,0.23333333333333334,0.28,23,1,0.043478260869565216,0.0625,0.05128205128205128,69,3,0.043478260869565216,0.02112676056338028,0.028436018957345974,1,0.07333333333333335,0.07333333333333335,0.07333333333333335,nan,nan
denovo_pdb__5cwb_A,3,580,True,193,193,38,0.19689119170984457,0.20212765957446807,0.1994750656167979,24,12,0.5,0.4,0.4444444444444445,25,7,0.28,0.4375,0.34146341463414637,144,19,0.13194444444444445,0.13380281690140844,0.13286713286713284,1,0.1994750656167979,0.1994750656167979,0.1994750656167979,nan,nan
denovo_pdb__5cwd_A,0,400,True,133,133,33,0.24812030075187969,0.2661290322580645,0.2568093385214007,10,3,0.3,0.3333333333333333,0.3157894736842105,15,7,0.4666666666666667,0.4375,0.45161290322580644,108,23,0.21296296296296297,0.23232323232323232,0.2222222222222222,1,0.2568093385214007,0.2568093385214007,0.2568093385214007,nan,nan
denovo_pdb__5cwd_A,1,373,True,124,124,16,0.12903225806451613,0.12903225806451613,0.12903225806451613,15,1,0.06666666666666667,0.1111111111111111,0.08333333333333334,26,5,0.19230769230769232,0.3125,0.2380952380952381,83,10,0.12048192771084337,0.10101010101010101,0.10989010989010989,1,0.12903225806451613,0.12903225806451613,0.12903225806451613,nan,nan
denovo_pdb__5cwd_A,2,313,True,104,104,24,0.23076923076923078,0.1935483870967742,0.21052631578947367,13,1,0.07692307692307693,0.1111111111111111,0.09090909090909093,21,7,0.3333333333333333,0.4375,0.37837837837837834,70,16,0.22857142857142856,0.16161616161616163,0.1893491124260355,1,0.21052631578947367,0.21052631578947367,0.21052631578947367,nan,nan
denovo_pdb__5cwd_A,3,364,True,121,121,41,0.33884297520661155,0.33064516129032256,0.3346938775510204,8,1,0.125,0.1111111111111111,0.11764705882352941,18,6,0.3333333333333333,0.375,0.35294117647058826,95,34,0.35789473684210527,0.3434343434343434,0.35051546391752575,1,0.3346938775510204,0.3346938775510204,0.3346938775510204,nan,nan
denovo_pdb__5cwh_A,0,379,True,126,126,61,0.48412698412698413,0.5304347826086957,0.5062240663900415,4,3,0.75,0.6,0.6666666666666665,24,23,0.9583333333333334,0.6216216216216216,0.7540983606557377,98,35,0.35714285714285715,0.4794520547945205,0.4093567251461988,1,0.5062240663900415,0.5062240663900415,0.5062240663900415,nan,nan
denovo_pdb__5cwh_A,1,379,True,126,126,56,0.4444444444444444,0.48695652173913045,0.4647302904564315,7,3,0.42857142857142855,0.6,0.5,29,23,0.7931034482758621,0.6216216216216216,0.696969696969697,90,30,0.3333333333333333,0.410958904109589,0.36809815950920244,1,0.4647302904564315,0.4647302904564315,0.4647302904564315,nan,nan
denovo_pdb__5cwh_A,2,400,True,133,133,48,0.3609022556390977,0.41739130434782606,0.3870967741935483,5,2,0.4,0.4,0.4000000000000001,33,23,0.696969696969697,0.6216216216216216,0.6571428571428571,95,23,0.24210526315789474,0.3150684931506849,0.2738095238095238,1,0.3870967741935483,0.3870967741935483,0.3870967741935483,nan,nan
denovo_pdb__5cwh_A,3,250,True,83,83,18,0.21686746987951808,0.1565217391304348,0.18181818181818185,7,2,0.2857142857142857,0.4,0.3333333333333333,30,15,0.5,0.40540540540540543,0.4477611940298507,46,1,0.021739130434782608,0.0136986301369863,0.01680672268907563,1,0.18181818181818185,0.18181818181818185,0.18181818181818185,nan,nan
denovo_pdb__5cwj_A,0,370,True,123,123,66,0.5365853658536586,0.42038216560509556,0.4714285714285714,13,3,0.23076923076923078,0.375,0.2857142857142857,22,10,0.45454545454545453,0.4166666666666667,0.43478260869565216,88,53,0.6022727272727273,0.424,0.4976525821596244,1,0.4714285714285714,0.4714285714285714,0.4714285714285714,nan,nan
denovo_pdb__5cwj_A,1,439,True,146,146,77,0.5273972602739726,0.49044585987261147,0.5082508250825082,16,3,0.1875,0.375,0.25,23,11,0.4782608695652174,0.4583333333333333,0.4680851063829787,107,63,0.5887850467289719,0.504,0.5431034482758621,1,0.5082508250825082,0.5082508250825082,0.5082508250825082,nan,nan
denovo_pdb__5cwj_A,2,574,True,191,191,97,0.5078534031413613,0.6178343949044586,0.5574712643678161,11,5,0.45454545454545453,0.625,0.5263157894736842,37,15,0.40540540540540543,0.625,0.4918032786885246,143,77,0.5384615384615384,0.616,0.5746268656716418,1,0.5574712643678161,0.5574712643678161,0.5574712643678161,nan,nan
denovo_pdb__5cwj_A,3,406,True,135,135,48,0.35555555555555557,0.3057324840764331,0.32876712328767127,12,3,0.25,0.375,0.3,22,13,0.5909090909090909,0.5416666666666666,0.5652173913043478,101,32,0.31683168316831684,0.256,0.2831858407079646,1,0.32876712328767127,0.32876712328767127,0.32876712328767127,nan,nan
denovo_pdb__5cwm_A,0,637,True,212,212,109,0.5141509433962265,0.529126213592233,0.521531100478469,22,7,0.3181818181818182,0.3888888888888889,0.35000000000000003,37,17,0.4594594594594595,0.6071428571428571,0.5230769230769231,153,85,0.5555555555555556,0.53125,0.5431309904153354,1,0.521531100478469,0.521531100478469,0.521531100478469,nan,nan
denovo_pdb__5cwm_A,1,664,True,221,221,86,0.3891402714932127,0.4174757281553398,0.4028103044496487,20,7,0.35,0.3888888888888889,0.36842105263157887,28,9,0.32142857142857145,0.32142857142857145,0.32142857142857145,173,70,0.4046242774566474,0.4375,0.42042042042042044,1,0.4028103044496487,0.4028103044496487,0.4028103044496487,nan,nan
denovo_pdb__5cwm_A,2,523,True,174,174,12,0.06896551724137931,0.05825242718446602,0.06315789473684211,21,5,0.23809523809523808,0.2777777777777778,0.25641025641025644,33,2,0.06060606060606061,0.07142857142857142,0.06557377049180328,120,5,0.041666666666666664,0.03125,0.03571428571428572,1,0.06315789473684211,0.06315789473684211,0.06315789473684211,nan,nan
denovo_pdb__5cwm_A,3,658,True,219,219,79,0.3607305936073059,0.38349514563106796,0.37176470588235294,25,7,0.28,0.3888888888888889,0.32558139534883723,38,6,0.15789473684210525,0.21428571428571427,0.18181818181818182,156,66,0.4230769230769231,0.4125,0.4177215189873418,1,0.37176470588235294,0.37176470588235294,0.37176470588235294,nan,nan
denovo_pdb__5cwp_A,0,265,True,88,88,20,0.22727272727272727,0.09803921568627451,0.136986301369863,22,10,0.45454545454545453,0.45454545454545453,0.45454545454545453,26,7,0.2692307692307692,0.3181818181818182,0.2916666666666667,40,3,0.075,0.01875,0.03,1,0.136986301369863,0.136986301369863,0.136986301369863,nan,nan
denovo_pdb__5cwp_A,1,613,True,204,204,36,0.17647058823529413,0.17647058823529413,0.17647058823529413,27,11,0.4074074074074074,0.5,0.44897959183673464,40,9,0.225,0.4090909090909091,0.2903225806451613,137,16,0.11678832116788321,0.1,0.10774410774410775,1,0.17647058823529413,0.17647058823529413,0.17647058823529413,nan,nan
denovo_pdb__5cwp_A,2,502,True,167,167,16,0.09580838323353294,0.0784313725490196,0.0862533692722372,27,6,0.2222222222222222,0.2727272727272727,0.24489795918367346,42,7,0.16666666666666666,0.3181818181818182,0.21874999999999997,98,3,0.030612244897959183,0.01875,0.023255813953488372,1,0.0862533692722372,0.0862533692722372,0.0862533692722372,nan,nan
denovo_pdb__5cwp_A,3,469,True,156,156,45,0.28846153846153844,0.22058823529411764,0.25,19,10,0.5263157894736842,0.45454545454545453,0.4878048780487805,24,6,0.25,0.2727272727272727,0.2608695652173913,113,29,0.25663716814159293,0.18125,0.21245421245421248,1,0.25,0.25,0.25,nan,nan
denovo_pdb__5d2t_A,0,628,True,209,209,26,0.12440191387559808,0.10655737704918032,0.11479028697571744,27,2,0.07407407407407407,0.05128205128205128,0.060606060606060615,48,6,0.125,0.16216216216216217,0.1411764705882353,134,18,0.13432835820895522,0.10714285714285714,0.11920529801324502,1,0.11479028697571744,0.11479028697571744,0.11479028697571744,nan,nan
denovo_pdb__5d2t_A,1,778,True,259,259,47,0.18146718146718147,0.19262295081967212,0.1868787276341948,31,5,0.16129032258064516,0.1282051282051282,0.14285714285714285,44,7,0.1590909090909091,0.1891891891891892,0.1728395061728395,184,35,0.19021739130434784,0.20833333333333334,0.19886363636363638,1,0.1868787276341948,0.1868787276341948,0.1868787276341948,nan,nan
denovo_pdb__5d2t_A,2,679,True,226,226,37,0.16371681415929204,0.15163934426229508,0.15744680851063828,27,10,0.37037037037037035,0.2564102564102564,0.30303030303030304,44,5,0.11363636363636363,0.13513513513513514,0.12345679012345678,155,22,0.14193548387096774,0.13095238095238096,0.13622291021671826,1,0.15744680851063828,0.15744680851063828,0.15744680851063828,nan,nan
denovo_pdb__5d2t_A,3,733,True,243,243,105,0.43209876543209874,0.430327868852459,0.4312114989733059,46,16,0.34782608695652173,0.41025641025641024,0.3764705882352941,46,15,0.32608695652173914,0.40540540540540543,0.3614457831325302,151,74,0.4900662251655629,0.44047619047619047,0.46394984326018807,1,0.4312114989733059,0.4312114989733059,0.4312114989733059,nan,nan
denovo_pdb__5d2w_A,0,772,True,257,257,37,0.14396887159533073,0.15040650406504066,0.14711729622266398,36,10,0.2777777777777778,0.2564102564102564,0.26666666666666666,66,8,0.12121212121212122,0.20512820512820512,0.1523809523809524,155,19,0.12258064516129032,0.1130952380952381,0.11764705882352941,1,0.14711729622266398,0.14711729622266398,0.14711729622266398,nan,nan
denovo_pdb__5d2w_A,1,814,True,271,271,45,0.16605166051660517,0.18292682926829268,0.17408123791102514,35,8,0.22857142857142856,0.20512820512820512,0.2162162162162162,54,8,0.14814814814814814,0.20512820512820512,0.17204301075268816,182,29,0.15934065934065933,0.17261904761904762,0.1657142857142857,1,0.17408123791102514,0.17408123791102514,0.17408123791102514,nan,nan
denovo_pdb__5d2w_A,2,817,True,272,272,46,0.16911764705882354,0.18699186991869918,0.1776061776061776,37,12,0.32432432432432434,0.3076923076923077,0.3157894736842105,53,8,0.1509433962264151,0.20512820512820512,0.17391304347826086,182,26,0.14285714285714285,0.15476190476190477,0.14857142857142858,1,0.1776061776061776,0.1776061776061776,0.1776061776061776,nan,nan
denovo_pdb__5d2w_A,3,766,True,255,255,41,0.1607843137254902,0.16666666666666666,0.16367265469061879,41,7,0.17073170731707318,0.1794871794871795,0.17500000000000002,44,6,0.13636363636363635,0.15384615384615385,0.14457831325301204,170,28,0.16470588235294117,0.16666666666666666,0.16568047337278108,1,0.16367265469061879,0.16367265469061879,0.16367265469061879,nan,nan
denovo_pdb__5d2y_A,0,640,True,213,213,42,0.19718309859154928,0.16535433070866143,0.17987152034261245,45,16,0.35555555555555557,0.42105263157894735,0.38554216867469876,55,6,0.10909090909090909,0.15789473684210525,0.12903225806451613,113,20,0.17699115044247787,0.11235955056179775,0.13745704467353953,1,0.17987152034261245,0.17987152034261245,0.17987152034261245,nan,nan
denovo_pdb__5d2y_A,1,805,True,268,268,47,0.17537313432835822,0.18503937007874016,0.18007662835249041,46,8,0.17391304347826086,0.21052631578947367,0.1904761904761905,48,6,0.125,0.15789473684210525,0.13953488372093023,174,33,0.1896551724137931,0.1853932584269663,0.1875,1,0.18007662835249041,0.18007662835249041,0.18007662835249041,nan,nan
denovo_pdb__5d2y_A,2,775,True,258,258,39,0.1511627906976744,0.15354330708661418,0.15234375,46,10,0.21739130434782608,0.2631578947368421,0.23809523809523808,39,4,0.10256410256410256,0.10526315789473684,0.1038961038961039,173,25,0.14450867052023122,0.1404494382022472,0.14245014245014248,1,0.15234375,0.15234375,0.15234375,nan,nan
denovo_pdb__5d2y_A,3,874,True,289,289,62,0.21453287197231835,0.2440944881889764,0.2283609576427256,27,11,0.4074074074074074,0.2894736842105263,0.3384615384615384,49,6,0.12244897959183673,0.15789473684210525,0.13793103448275865,213,45,0.2112676056338028,0.25280898876404495,0.23017902813299232,1,0.2283609576427256,0.2283609576427256,0.2283609576427256,nan,nan
denovo_pdb__5di5_A,0,505,True,168,168,102,0.6071428571428571,0.6754966887417219,0.6394984326018808,1,0,0.0,0.0,0.0,154,98,0.6363636363636364,0.7967479674796748,0.7075812274368231,13,4,0.3076923076923077,0.16,0.2105263157894737,1,0.6394984326018808,0.6394984326018808,0.6394984326018808,nan,nan
denovo_pdb__5di5_A,1,457,True,152,152,102,0.6710526315789473,0.6754966887417219,0.6732673267326733,2,0,0.0,0.0,0.0,140,100,0.7142857142857143,0.8130081300813008,0.7604562737642585,10,2,0.2,0.08,0.11428571428571428,1,0.6732673267326733,0.6732673267326733,0.6732673267326733,nan,nan
denovo_pdb__5di5_A,2,451,True,150,150,100,0.6666666666666666,0.6622516556291391,0.6644518272425249,2,0,0.0,0.0,0.0,140,99,0.7071428571428572,0.8048780487804879,0.7528517110266161,8,1,0.125,0.04,0.06060606060606061,1,0.6644518272425249,0.6644518272425249,0.6644518272425249,nan,nan
denovo_pdb__5di5_A,3,469,True,156,156,92,0.5897435897435898,0.609271523178808,0.5993485342019543,0,0,0.0,0.0,0.0,149,92,0.6174496644295302,0.7479674796747967,0.676470588235294,7,0,0.0,0.0,0.0,1,0.5993485342019543,0.5993485342019543,0.5993485342019543,nan,nan
denovo_pdb__5f53_A,0,169,True,56,56,35,0.625,0.6140350877192983,0.6194690265486725,18,16,0.8888888888888888,0.8888888888888888,0.8888888888888888,25,13,0.52,0.65,0.5777777777777778,13,6,0.46153846153846156,0.3157894736842105,0.37499999999999994,1,0.6194690265486725,0.6194690265486725,0.6194690265486725,nan,nan
denovo_pdb__5f53_A,1,181,True,60,60,33,0.55,0.5789473684210527,0.5641025641025641,19,14,0.7368421052631579,0.7777777777777778,0.7567567567567567,21,8,0.38095238095238093,0.4,0.3902439024390244,20,11,0.55,0.5789473684210527,0.5641025641025641,1,0.5641025641025641,0.5641025641025641,0.5641025641025641,nan,nan
denovo_pdb__5f53_A,2,139,True,46,46,28,0.6086956521739131,0.49122807017543857,0.5436893203883495,19,12,0.631578947368421,0.6666666666666666,0.6486486486486486,20,11,0.55,0.55,0.55,7,5,0.7142857142857143,0.2631578947368421,0.3846153846153846,1,0.5436893203883495,0.5436893203883495,0.5436893203883495,nan,nan
denovo_pdb__5f53_A,3,169,True,56,56,32,0.5714285714285714,0.5614035087719298,0.5663716814159292,20,13,0.65,0.7222222222222222,0.6842105263157895,20,10,0.5,0.5,0.5,16,9,0.5625,0.47368421052631576,0.5142857142857142,1,0.5663716814159292,0.5663716814159292,0.5663716814159292,nan,nan
denovo_pdb__5ieo_A,0,292,True,97,97,5,0.05154639175257732,0.049019607843137254,0.05025125628140703,23,3,0.13043478260869565,0.16666666666666666,0.14634146341463414,19,1,0.05263157894736842,0.03225806451612903,0.039999999999999994,55,1,0.01818181818181818,0.018867924528301886,0.018518518518518517,1,0.05025125628140703,0.05025125628140703,0.05025125628140703,nan,nan
denovo_pdb__5ieo_A,1,325,True,108,108,13,0.12037037037037036,0.12745098039215685,0.12380952380952381,14,3,0.21428571428571427,0.16666666666666666,0.1875,22,0,0.0,0.0,0.0,72,10,0.1388888888888889,0.18867924528301888,0.16,1,0.12380952380952381,0.12380952380952381,0.12380952380952381,nan,nan
denovo_pdb__5ieo_A,2,307,True,102,102,5,0.049019607843137254,0.049019607843137254,0.049019607843137254,21,1,0.047619047619047616,0.05555555555555555,0.05128205128205128,34,3,0.08823529411764706,0.0967741935483871,0.09230769230769231,47,1,0.02127659574468085,0.018867924528301886,0.02,1,0.049019607843137254,0.049019607843137254,0.049019607843137254,nan,nan
denovo_pdb__5ieo_A,3,283,True,94,94,3,0.031914893617021274,0.029411764705882353,0.03061224489795918,17,3,0.17647058823529413,0.16666666666666666,0.17142857142857143,27,0,0.0,0.0,0.0,50,0,0.0,0.0,0.0,1,0.03061224489795918,0.03061224489795918,0.03061224489795918,nan,nan
denovo_pdb__5j0i_A,0,115,True,38,38,1,0.02631578947368421,0.037037037037037035,0.03076923076923077,5,0,0.0,0.0,0.0,5,0,0.0,0.0,0.0,28,1,0.03571428571428571,0.058823529411764705,0.044444444444444446,1,0.03076923076923077,0.03076923076923077,0.03076923076923077,nan,nan
denovo_pdb__5j0i_A,1,76,True,25,25,0,0.0,0.0,0.0,3,0,0.0,0.0,0.0,6,0,0.0,0.0,0.0,16,0,0.0,0.0,0.0,1,0.0,0.0,0.0,nan,nan
denovo_pdb__5j0i_A,2,94,True,31,31,0,0.0,0.0,0.0,3,0,0.0,0.0,0.0,6,0,0.0,0.0,0.0,22,0,0.0,0.0,0.0,1,0.0,0.0,0.0,nan,nan
denovo_pdb__5j0i_A,3,82,True,27,27,16,0.5925925925925926,0.5925925925925926,0.5925925925925926,0,0,0.0,0.0,0.0,6,3,0.5,0.3333333333333333,0.4,21,13,0.6190476190476191,0.7647058823529411,0.6842105263157895,1,0.5925925925925926,0.5925925925925926,0.5925925925925926,nan,nan
denovo_pdb__5l33_A,0,373,True,124,124,44,0.3548387096774194,0.3697478991596639,0.36213991769547327,32,17,0.53125,0.6538461538461539,0.5862068965517242,33,14,0.42424242424242425,0.34146341463414637,0.37837837837837834,59,13,0.22033898305084745,0.25,0.23423423423423426,1,0.36213991769547327,0.36213991769547327,0.36213991769547327,nan,nan
denovo_pdb__5l33_A,1,376,True,125,125,41,0.328,0.3445378151260504,0.33606557377049184,34,16,0.47058823529411764,0.6153846153846154,0.5333333333333333,44,20,0.45454545454545453,0.4878048780487805,0.4705882352941176,47,5,0.10638297872340426,0.09615384615384616,0.10101010101010101,1,0.33606557377049184,0.33606557377049184,0.33606557377049184,nan,nan
denovo_pdb__5l33_A,2,244,True,81,81,31,0.38271604938271603,0.2605042016806723,0.31,24,7,0.2916666666666667,0.2692307692307692,0.27999999999999997,35,22,0.6285714285714286,0.5365853658536586,0.5789473684210527,22,2,0.09090909090909091,0.038461538461538464,0.05405405405405406,1,0.31,0.31,0.31,nan,nan
denovo_pdb__5l33_A,3,358,True,119,119,28,0.23529411764705882,0.23529411764705882,0.23529411764705882,25,12,0.48,0.46153846153846156,0.47058823529411764,28,15,0.5357142857142857,0.36585365853658536,0.43478260869565216,66,1,0.015151515151515152,0.019230769230769232,0.01694915254237288,1,0.23529411764705882,0.23529411764705882,0.23529411764705882,nan,nan
denovo_pdb__5le9_A,0,808,True,269,269,170,0.6319702602230484,0.7296137339055794,0.6772908366533864,40,22,0.55,0.6285714285714286,0.5866666666666667,43,25,0.5813953488372093,0.8064516129032258,0.6756756756756758,186,123,0.6612903225806451,0.7365269461077845,0.6968838526912182,1,0.6772908366533864,0.6772908366533864,0.6772908366533864,nan,nan
denovo_pdb__5le9_A,1,787,True,261,261,188,0.7203065134099617,0.8068669527896996,0.7611336032388664,43,28,0.6511627906976745,0.8,0.7179487179487181,40,29,0.725,0.9354838709677419,0.8169014084507041,178,131,0.7359550561797753,0.7844311377245509,0.7594202898550725,1,0.7611336032388664,0.7611336032388664,0.7611336032388664,nan,nan
denovo_pdb__5le9_A,2,745,True,247,247,164,0.6639676113360324,0.703862660944206,0.6833333333333333,40,25,0.625,0.7142857142857143,0.6666666666666666,41,23,0.5609756097560976,0.7419354838709677,0.638888888888889,166,116,0.6987951807228916,0.6946107784431138,0.6966966966966968,1,0.6833333333333333,0.6833333333333333,0.6833333333333333,nan,nan
denovo_pdb__5le9_A,3,892,True,297,297,181,0.6094276094276094,0.776824034334764,0.6830188679245284,46,28,0.6086956521739131,0.8,0.6913580246913581,50,26,0.52,0.8387096774193549,0.6419753086419753,201,127,0.6318407960199005,0.7604790419161677,0.6902173913043478,1,0.6830188679245284,0.6830188679245284,0.6830188679245284,nan,nan
denovo_pdb__5lw2_A,0,361,True,120,120,81,0.675,0.7232142857142857,0.6982758620689654,16,9,0.5625,0.6,0.5806451612903225,21,15,0.7142857142857143,0.8333333333333334,0.7692307692307692,83,57,0.6867469879518072,0.7215189873417721,0.7037037037037036,1,0.6982758620689654,0.6982758620689654,0.6982758620689654,nan,nan
denovo_pdb__5lw2_A,1,334,True,111,111,82,0.7387387387387387,0.7321428571428571,0.7354260089686099,21,11,0.5238095238095238,0.7333333333333333,0.611111111111111,22,16,0.7272727272727273,0.8888888888888888,0.7999999999999999,68,55,0.8088235294117647,0.6962025316455697,0.7482993197278912,1,0.7354260089686099,0.7354260089686099,0.7354260089686099,nan,nan
denovo_pdb__5lw2_A,2,352,True,117,117,87,0.7435897435897436,0.7767857142857143,0.759825327510917,19,11,0.5789473684210527,0.7333333333333333,0.6470588235294117,19,15,0.7894736842105263,0.8333333333333334,0.8108108108108109,79,61,0.7721518987341772,0.7721518987341772,0.7721518987341772,1,0.759825327510917,0.759825327510917,0.759825327510917,nan,nan
denovo_pdb__5lw2_A,3,361,True,120,120,74,0.6166666666666667,0.6607142857142857,0.6379310344827587,14,7,0.5,0.4666666666666667,0.4827586206896552,22,13,0.5909090909090909,0.7222222222222222,0.65,84,54,0.6428571428571429,0.6835443037974683,0.6625766871165644,1,0.6379310344827587,0.6379310344827587,0.6379310344827587,nan,nan
denovo_pdb__5oos_A,0,382,True,126,126,89,0.7063492063492064,0.7295081967213115,0.7177419354838711,24,12,0.5,0.7058823529411765,0.5853658536585366,21,16,0.7619047619047619,0.8888888888888888,0.8205128205128205,81,61,0.7530864197530864,0.7011494252873564,0.7261904761904762,1,0.7177419354838711,0.7177419354838711,0.7177419354838711,nan,nan
denovo_pdb__5oos_A,1,418,True,139,139,88,0.6330935251798561,0.7213114754098361,0.6743295019157087,23,11,0.4782608695652174,0.6470588235294118,0.55,18,13,0.7222222222222222,0.7222222222222222,0.7222222222222222,98,64,0.6530612244897959,0.735632183908046,0.6918918918918919,1,0.6743295019157087,0.6743295019157087,0.6743295019157087,nan,nan
denovo_pdb__5oos_A,2,394,True,131,131,94,0.7175572519083969,0.7704918032786885,0.7430830039525692,23,15,0.6521739130434783,0.8823529411764706,0.75,20,14,0.7,0.7777777777777778,0.7368421052631577,88,65,0.7386363636363636,0.7471264367816092,0.7428571428571429,1,0.7430830039525692,0.7430830039525692,0.7430830039525692,nan,nan
denovo_pdb__5oos_A,3,361,True,120,120,91,0.7583333333333333,0.7459016393442623,0.7520661157024793,17,11,0.6470588235294118,0.6470588235294118,0.6470588235294118,19,15,0.7894736842105263,0.8333333333333334,0.8108108108108109,84,65,0.7738095238095238,0.7471264367816092,0.760233918128655,1,0.7520661157024793,0.7520661157024793,0.7520661157024793,nan,nan
denovo_pdb__5op3_A,0,361,True,119,119,85,0.7142857142857143,0.7657657657657657,0.7391304347826088,19,14,0.7368421052631579,0.7777777777777778,0.7567567567567567,19,13,0.6842105263157895,0.6842105263157895,0.6842105263157895,81,58,0.7160493827160493,0.7837837837837838,0.7483870967741936,1,0.7391304347826088,0.7391304347826088,0.7391304347826088,nan,nan
denovo_pdb__5op3_A,1,364,True,121,121,82,0.6776859504132231,0.7387387387387387,0.706896551724138,20,13,0.65,0.7222222222222222,0.6842105263157895,21,14,0.6666666666666666,0.7368421052631579,0.7,80,55,0.6875,0.7432432432432432,0.7142857142857143,1,0.706896551724138,0.706896551724138,0.706896551724138,nan,nan
denovo_pdb__5op3_A,2,340,True,113,113,80,0.7079646017699115,0.7207207207207207,0.7142857142857142,20,12,0.6,0.6666666666666666,0.631578947368421,18,16,0.8888888888888888,0.8421052631578947,0.8648648648648649,75,52,0.6933333333333334,0.7027027027027027,0.6979865771812082,1,0.7142857142857142,0.7142857142857142,0.7142857142857142,nan,nan
denovo_pdb__5op3_A,3,361,True,119,119,85,0.7142857142857143,0.7657657657657657,0.7391304347826088,20,12,0.6,0.6666666666666666,0.631578947368421,18,16,0.8888888888888888,0.8421052631578947,0.8648648648648649,81,57,0.7037037037037037,0.7702702702702703,0.735483870967742,1,0.7391304347826088,0.7391304347826088,0.7391304347826088,nan,nan
denovo_pdb__5trv_A,0,313,True,104,104,47,0.4519230769230769,0.415929203539823,0.43317972350230416,20,13,0.65,0.5909090909090909,0.6190476190476191,34,23,0.6764705882352942,0.6388888888888888,0.6571428571428571,50,11,0.22,0.2,0.20952380952380953,1,0.43317972350230416,0.43317972350230416,0.43317972350230416,nan,nan
denovo_pdb__5trv_A,1,382,True,127,127,25,0.1968503937007874,0.22123893805309736,0.20833333333333337,18,7,0.3888888888888889,0.3181818181818182,0.35000000000000003,37,9,0.24324324324324326,0.25,0.24657534246575344,72,9,0.125,0.16363636363636364,0.14173228346456693,1,0.20833333333333337,0.20833333333333337,0.20833333333333337,nan,nan
denovo_pdb__5trv_A,2,379,True,126,126,31,0.24603174603174602,0.2743362831858407,0.25941422594142255,32,13,0.40625,0.5909090909090909,0.4814814814814815,44,15,0.3409090909090909,0.4166666666666667,0.37499999999999994,50,3,0.06,0.05454545454545454,0.05714285714285715,1,0.25941422594142255,0.25941422594142255,0.25941422594142255,nan,nan
denovo_pdb__5trv_A,3,313,True,104,104,44,0.4230769230769231,0.3893805309734513,0.40552995391705066,32,18,0.5625,0.8181818181818182,0.6666666666666666,46,21,0.45652173913043476,0.5833333333333334,0.5121951219512195,26,5,0.19230769230769232,0.09090909090909091,0.1234567901234568,1,0.40552995391705066,0.40552995391705066,0.40552995391705066,nan,nan
denovo_pdb__5vjt_A,0,499,True,166,166,18,0.10843373493975904,0.11042944785276074,0.10942249240121582,12,3,0.25,0.75,0.375,19,9,0.47368421052631576,0.36,0.40909090909090906,135,6,0.044444444444444446,0.04477611940298507,0.04460966542750929,1,0.10942249240121582,0.10942249240121582,0.10942249240121582,nan,nan
denovo_pdb__5vjt_A,1,517,True,172,172,17,0.09883720930232558,0.10429447852760736,0.10149253731343284,16,2,0.125,0.5,0.2,29,5,0.1724137931034483,0.2,0.1851851851851852,127,10,0.07874015748031496,0.07462686567164178,0.07662835249042145,1,0.10149253731343284,0.10149253731343284,0.10149253731343284,nan,nan
denovo_pdb__5vjt_A,2,406,True,135,135,13,0.0962962962962963,0.07975460122699386,0.08724832214765099,13,2,0.15384615384615385,0.5,0.23529411764705882,18,4,0.2222222222222222,0.16,0.18604651162790697,104,7,0.0673076923076923,0.05223880597014925,0.058823529411764705,1,0.08724832214765099,0.08724832214765099,0.08724832214765099,nan,nan
denovo_pdb__5vjt_A,3,514,True,171,171,8,0.04678362573099415,0.049079754601226995,0.04790419161676647,17,1,0.058823529411764705,0.25,0.09523809523809523,32,3,0.09375,0.12,0.10526315789473684,122,4,0.03278688524590164,0.029850746268656716,0.03125,1,0.04790419161676647,0.04790419161676647,0.04790419161676647,nan,nan
denovo_pdb__5vnv_A,0,379,True,126,126,43,0.3412698412698413,0.3706896551724138,0.3553719008264463,18,3,0.16666666666666666,0.14285714285714285,0.15384615384615383,32,9,0.28125,0.2903225806451613,0.28571428571428575,76,31,0.40789473684210525,0.484375,0.44285714285714284,1,0.3553719008264463,0.3553719008264463,0.3553719008264463,nan,nan
denovo_pdb__5vnv_A,1,409,True,136,136,7,0.051470588235294115,0.0603448275862069,0.05555555555555556,21,2,0.09523809523809523,0.09523809523809523,0.09523809523809523,32,3,0.09375,0.0967741935483871,0.09523809523809523,83,2,0.024096385542168676,0.03125,0.0272108843537415,1,0.05555555555555556,0.05555555555555556,0.05555555555555556,nan,nan
denovo_pdb__5vnv_A,2,388,True,129,129,14,0.10852713178294573,0.1206896551724138,0.1142857142857143,16,2,0.125,0.09523809523809523,0.1081081081081081,24,1,0.041666666666666664,0.03225806451612903,0.03636363636363637,89,11,0.12359550561797752,0.171875,0.14379084967320263,1,0.1142857142857143,0.1142857142857143,0.1142857142857143,nan,nan
denovo_pdb__5vnv_A,3,349,True,116,116,12,0.10344827586206896,0.10344827586206896,0.10344827586206896,25,5,0.2,0.23809523809523808,0.21739130434782608,35,5,0.14285714285714285,0.16129032258064516,0.1515151515151515,56,2,0.03571428571428571,0.03125,0.03333333333333333,1,0.10344827586206896,0.10344827586206896,0.10344827586206896,nan,nan
denovo_pdb__5ys7_A,0,961,True,320,320,37,0.115625,0.13503649635036497,0.1245791245791246,68,21,0.3088235294117647,0.21875,0.25609756097560976,106,16,0.1509433962264151,0.12030075187969924,0.13389121338912136,146,0,0.0,0.0,0.0,1,0.1245791245791246,0.1245791245791246,0.1245791245791246,nan,nan
denovo_pdb__5ys7_A,1,871,True,290,290,49,0.16896551724137931,0.17883211678832117,0.17375886524822695,63,27,0.42857142857142855,0.28125,0.3396226415094339,81,18,0.2222222222222222,0.13533834586466165,0.16822429906542055,146,4,0.0273972602739726,0.08888888888888889,0.0418848167539267,1,0.17375886524822695,0.17375886524822695,0.17375886524822695,nan,nan
denovo_pdb__5ys7_A,2,793,True,264,264,47,0.17803030303030304,0.17153284671532848,0.17472118959107807,75,17,0.22666666666666666,0.17708333333333334,0.19883040935672516,120,29,0.24166666666666667,0.21804511278195488,0.2292490118577075,69,1,0.014492753623188406,0.022222222222222223,0.01754385964912281,1,0.17472118959107807,0.17472118959107807,0.17472118959107807,nan,nan
denovo_pdb__5ys7_A,3,751,True,250,250,79,0.316,0.28832116788321166,0.30152671755725186,94,45,0.4787234042553192,0.46875,0.47368421052631576,104,30,0.28846153846153844,0.22556390977443608,0.25316455696202533,52,4,0.07692307692307693,0.08888888888888889,0.08247422680412371,1,0.30152671755725186,0.30152671755725186,0.30152671755725186,nan,nan
denovo_pdb__6ds9_A,0,121,True,40,40,7,0.175,0.08045977011494253,0.11023622047244093,7,5,0.7142857142857143,0.38461538461538464,0.5,8,0,0.0,0.0,0.0,25,2,0.08,0.03333333333333333,0.04705882352941176,1,0.11023622047244093,0.11023622047244093,0.11023622047244093,nan,nan
denovo_pdb__6ds9_A,1,226,True,75,75,49,0.6533333333333333,0.5632183908045977,0.6049382716049383,15,11,0.7333333333333333,0.8461538461538461,0.7857142857142856,13,9,0.6923076923076923,0.6428571428571429,0.6666666666666666,47,29,0.6170212765957447,0.48333333333333334,0.5420560747663552,1,0.6049382716049383,0.6049382716049383,0.6049382716049383,nan,nan
denovo_pdb__6ds9_A,2,145,True,48,48,30,0.625,0.3448275862068966,0.4444444444444445,13,10,0.7692307692307693,0.7692307692307693,0.7692307692307693,10,5,0.5,0.35714285714285715,0.41666666666666663,25,15,0.6,0.25,0.35294117647058826,1,0.4444444444444445,0.4444444444444445,0.4444444444444445,nan,nan
denovo_pdb__6ds9_A,3,211,True,70,70,10,0.14285714285714285,0.11494252873563218,0.1273885350318471,9,5,0.5555555555555556,0.38461538461538464,0.4545454545454546,8,1,0.125,0.07142857142857142,0.09090909090909091,53,4,0.07547169811320754,0.06666666666666667,0.07079646017699115,1,0.1273885350318471,0.1273885350318471,0.1273885350318471,nan,nan
denovo_pdb__6egc_A,0,253,True,84,84,58,0.6904761904761905,0.36477987421383645,0.47736625514403297,9,6,0.6666666666666666,0.5,0.5714285714285715,16,9,0.5625,0.47368421052631576,0.5142857142857142,59,43,0.7288135593220338,0.3359375,0.4598930481283423,1,0.47736625514403297,0.47736625514403297,0.47736625514403297,nan,nan
denovo_pdb__6egc_A,1,205,True,68,68,48,0.7058823529411765,0.3018867924528302,0.42290748898678415,8,6,0.75,0.5,0.6,16,10,0.625,0.5263157894736842,0.5714285714285714,44,32,0.7272727272727273,0.25,0.37209302325581395,1,0.42290748898678415,0.42290748898678415,0.42290748898678415,nan,nan
denovo_pdb__6egc_A,2,259,True,86,86,39,0.45348837209302323,0.24528301886792453,0.3183673469387755,5,1,0.2,0.08333333333333333,0.11764705882352941,13,6,0.46153846153846156,0.3157894736842105,0.37499999999999994,68,32,0.47058823529411764,0.25,0.32653061224489793,1,0.3183673469387755,0.3183673469387755,0.3183673469387755,nan,nan
denovo_pdb__6egc_A,3,109,True,36,36,16,0.4444444444444444,0.10062893081761007,0.1641025641025641,11,2,0.18181818181818182,0.16666666666666666,0.17391304347826086,8,5,0.625,0.2631578947368421,0.37037037037037035,17,9,0.5294117647058824,0.0703125,0.12413793103448276,1,0.1641025641025641,0.1641025641025641,0.1641025641025641,nan,nan
denovo_pdb__6ff6_A,0,427,True,142,142,12,0.08450704225352113,0.061855670103092786,0.07142857142857142,13,0,0.0,0.0,0.0,26,3,0.11538461538461539,0.09090909090909091,0.1016949152542373,103,9,0.08737864077669903,0.06382978723404255,0.07377049180327869,1,0.07142857142857142,0.07142857142857142,0.07142857142857142,nan,nan
denovo_pdb__6ff6_A,1,478,True,159,159,12,0.07547169811320754,0.061855670103092786,0.0679886685552408,12,2,0.16666666666666666,0.1,0.125,26,5,0.19230769230769232,0.15151515151515152,0.1694915254237288,121,5,0.04132231404958678,0.03546099290780142,0.03816793893129771,1,0.0679886685552408,0.0679886685552408,0.0679886685552408,nan,nan
denovo_pdb__6ff6_A,2,622,True,207,207,17,0.0821256038647343,0.08762886597938144,0.08478802992518704,18,5,0.2777777777777778,0.25,0.2631578947368421,32,6,0.1875,0.18181818181818182,0.1846153846153846,157,6,0.03821656050955414,0.0425531914893617,0.040268456375838924,1,0.08478802992518704,0.08478802992518704,0.08478802992518704,nan,nan
denovo_pdb__6ff6_A,3,550,True,183,183,13,0.07103825136612021,0.06701030927835051,0.0689655172413793,24,1,0.041666666666666664,0.05,0.04545454545454545,30,5,0.16666666666666666,0.15151515151515152,0.15873015873015872,129,7,0.05426356589147287,0.04964539007092199,0.05185185185185185,1,0.0689655172413793,0.0689655172413793,0.0689655172413793,nan,nan
denovo_pdb__6g6m_A,0,1204,True,401,401,238,0.5935162094763092,0.7368421052631579,0.6574585635359116,70,57,0.8142857142857143,0.75,0.7808219178082193,165,85,0.5151515151515151,0.6390977443609023,0.5704697986577181,166,96,0.5783132530120482,0.8421052631578947,0.6857142857142856,1,0.6574585635359116,0.6574585635359116,0.6574585635359116,nan,nan
denovo_pdb__6g6m_A,1,1144,True,381,381,253,0.6640419947506562,0.7832817337461301,0.7187499999999999,70,64,0.9142857142857143,0.8421052631578947,0.8767123287671234,145,86,0.593103448275862,0.6466165413533834,0.6187050359712231,166,103,0.6204819277108434,0.9035087719298246,0.7357142857142858,1,0.7187499999999999,0.7187499999999999,0.7187499999999999,nan,nan
denovo_pdb__6g6m_A,2,1228,True,408,408,239,0.5857843137254902,0.739938080495356,0.6538987688098495,82,66,0.8048780487804879,0.868421052631579,0.8354430379746836,147,73,0.4965986394557823,0.5488721804511278,0.5214285714285715,179,100,0.5586592178770949,0.8771929824561403,0.68259385665529,1,0.6538987688098495,0.6538987688098495,0.6538987688098495,nan,nan
denovo_pdb__6g6m_A,3,1111,True,370,370,246,0.6648648648648648,0.7616099071207431,0.70995670995671,81,69,0.8518518518518519,0.9078947368421053,0.8789808917197451,164,93,0.5670731707317073,0.6992481203007519,0.6262626262626263,125,84,0.672,0.7368421052631579,0.7029288702928871,1,0.70995670995671,0.70995670995671,0.70995670995671,nan,nan
denovo_pdb__6i37_A,0,658,True,219,219,121,0.5525114155251142,0.5902439024390244,0.570754716981132,66,49,0.7424242424242424,0.7903225806451613,0.7656250000000001,78,36,0.46153846153846156,0.5714285714285714,0.5106382978723405,75,36,0.48,0.45,0.4645161290322581,1,0.570754716981132,0.570754716981132,0.570754716981132,nan,nan
denovo_pdb__6i37_A,1,700,True,233,233,133,0.5708154506437768,0.6487804878048781,0.6073059360730595,59,50,0.847457627118644,0.8064516129032258,0.8264462809917354,98,40,0.40816326530612246,0.6349206349206349,0.49689440993788825,76,43,0.5657894736842105,0.5375,0.5512820512820513,1,0.6073059360730595,0.6073059360730595,0.6073059360730595,nan,nan
denovo_pdb__6i37_A,2,709,True,236,236,137,0.5805084745762712,0.6682926829268293,0.6213151927437641,65,53,0.8153846153846154,0.8548387096774194,0.8346456692913387,82,37,0.45121951219512196,0.5873015873015873,0.5103448275862069,89,47,0.5280898876404494,0.5875,0.5562130177514791,1,0.6213151927437641,0.6213151927437641,0.6213151927437641,nan,nan
denovo_pdb__6i37_A,3,694,True,231,231,140,0.6060606060606061,0.6829268292682927,0.6422018348623854,63,53,0.8412698412698413,0.8548387096774194,0.848,86,43,0.5,0.6825396825396826,0.5771812080536913,82,44,0.5365853658536586,0.55,0.54320987654321,1,0.6422018348623854,0.6422018348623854,0.6422018348623854,nan,nan
denovo_pdb__6i39_A,0,661,True,220,220,113,0.5136363636363637,0.5594059405940595,0.5355450236966826,57,41,0.7192982456140351,0.6721311475409836,0.6949152542372881,91,35,0.38461538461538464,0.625,0.4761904761904762,72,37,0.5138888888888888,0.43529411764705883,0.4713375796178344,1,0.5355450236966826,0.5355450236966826,0.5355450236966826,nan,nan
denovo_pdb__6i39_A,1,721,True,240,240,143,0.5958333333333333,0.7079207920792079,0.6470588235294117,61,48,0.7868852459016393,0.7868852459016393,0.7868852459016392,82,41,0.5,0.7321428571428571,0.5942028985507246,97,54,0.5567010309278351,0.6352941176470588,0.5934065934065934,1,0.6470588235294117,0.6470588235294117,0.6470588235294117,nan,nan
denovo_pdb__6i39_A,2,727,True,242,242,133,0.5495867768595041,0.6584158415841584,0.5990990990990991,62,48,0.7741935483870968,0.7868852459016393,0.7804878048780488,77,33,0.42857142857142855,0.5892857142857143,0.49624060150375937,103,52,0.5048543689320388,0.611764705882353,0.5531914893617021,1,0.5990990990990991,0.5990990990990991,0.5990990990990991,nan,nan
denovo_pdb__6i39_A,3,679,True,225,225,136,0.6044444444444445,0.6732673267326733,0.6370023419203747,60,53,0.8833333333333333,0.8688524590163934,0.8760330578512396,92,42,0.45652173913043476,0.75,0.5675675675675675,73,41,0.5616438356164384,0.4823529411764706,0.5189873417721519,1,0.6370023419203747,0.6370023419203747,0.6370023419203747,nan,nan
denovo_pdb__6ics_O,0,640,True,212,212,34,0.16037735849056603,0.16748768472906403,0.16385542168674697,45,13,0.28888888888888886,0.20634920634920634,0.24074074074074073,68,17,0.25,0.17346938775510204,0.20481927710843376,99,4,0.04040404040404041,0.09523809523809523,0.05673758865248227,1,0.16385542168674697,0.16385542168674697,0.16385542168674697,nan,nan
denovo_pdb__6ics_O,1,541,True,180,180,28,0.15555555555555556,0.13793103448275862,0.14621409921671016,48,14,0.2916666666666667,0.2222222222222222,0.2522522522522523,74,13,0.17567567567567569,0.1326530612244898,0.15116279069767444,58,1,0.017241379310344827,0.023809523809523808,0.02,1,0.14621409921671016,0.14621409921671016,0.14621409921671016,nan,nan
denovo_pdb__6ics_O,2,724,True,240,240,18,0.075,0.08866995073891626,0.08126410835214447,43,8,0.18604651162790697,0.12698412698412698,0.1509433962264151,59,7,0.11864406779661017,0.07142857142857142,0.089171974522293,138,3,0.021739130434782608,0.07142857142857142,0.03333333333333333,1,0.08126410835214447,0.08126410835214447,0.08126410835214447,nan,nan
denovo_pdb__6ics_O,3,658,True,219,219,13,0.0593607305936073,0.06403940886699508,0.06161137440758294,40,5,0.125,0.07936507936507936,0.0970873786407767,64,8,0.125,0.08163265306122448,0.09876543209876544,115,0,0.0,0.0,0.0,1,0.06161137440758294,0.06161137440758294,0.06161137440758294,nan,nan
denovo_pdb__6iei_A,0,655,True,218,218,20,0.09174311926605505,0.11834319526627218,0.10335917312661498,35,6,0.17142857142857143,0.1016949152542373,0.12765957446808512,70,13,0.18571428571428572,0.14772727272727273,0.16455696202531647,113,1,0.008849557522123894,0.045454545454545456,0.014814814814814815,1,0.10335917312661498,0.10335917312661498,0.10335917312661498,nan,nan
denovo_pdb__6iei_A,1,439,True,146,146,48,0.3287671232876712,0.28402366863905326,0.3047619047619048,53,21,0.39622641509433965,0.3559322033898305,0.375,88,25,0.2840909090909091,0.2840909090909091,0.2840909090909091,5,2,0.4,0.09090909090909091,0.14814814814814814,1,0.3047619047619048,0.3047619047619048,0.3047619047619048,nan,nan
denovo_pdb__6iei_A,2,613,True,204,204,19,0.09313725490196079,0.11242603550295859,0.10187667560321716,39,6,0.15384615384615385,0.1016949152542373,0.12244897959183673,48,11,0.22916666666666666,0.125,0.16176470588235295,117,2,0.017094017094017096,0.09090909090909091,0.028776978417266192,1,0.10187667560321716,0.10187667560321716,0.10187667560321716,nan,nan
denovo_pdb__6iei_A,3,526,True,175,175,27,0.15428571428571428,0.15976331360946747,0.1569767441860465,40,14,0.35,0.23728813559322035,0.2828282828282828,67,12,0.1791044776119403,0.13636363636363635,0.15483870967741936,68,1,0.014705882352941176,0.045454545454545456,0.02222222222222222,1,0.1569767441860465,0.1569767441860465,0.1569767441860465,nan,nan
denovo_pdb__6mrr_A,0,163,True,54,54,30,0.5555555555555556,0.5555555555555556,0.5555555555555556,10,6,0.6,0.6666666666666666,0.631578947368421,21,11,0.5238095238095238,0.6470588235294118,0.5789473684210527,23,13,0.5652173913043478,0.4642857142857143,0.5098039215686274,1,0.5555555555555556,0.5555555555555556,0.5555555555555556,nan,nan
denovo_pdb__6mrr_A,1,121,True,40,40,22,0.55,0.4074074074074074,0.46808510638297873,12,8,0.6666666666666666,0.8888888888888888,0.761904761904762,9,8,0.8888888888888888,0.47058823529411764,0.6153846153846153,19,6,0.3157894736842105,0.21428571428571427,0.2553191489361702,1,0.46808510638297873,0.46808510638297873,0.46808510638297873,nan,nan
denovo_pdb__6mrr_A,2,181,True,60,60,37,0.6166666666666667,0.6851851851851852,0.6491228070175439,8,7,0.875,0.7777777777777778,0.823529411764706,18,12,0.6666666666666666,0.7058823529411765,0.6857142857142857,34,18,0.5294117647058824,0.6428571428571429,0.5806451612903226,1,0.6491228070175439,0.6491228070175439,0.6491228070175439,nan,nan
denovo_pdb__6mrr_A,3,193,True,64,64,35,0.546875,0.6481481481481481,0.5932203389830508,13,8,0.6153846153846154,0.8888888888888888,0.7272727272727274,19,11,0.5789473684210527,0.6470588235294118,0.6111111111111113,32,16,0.5,0.5714285714285714,0.5333333333333333,1,0.5932203389830508,0.5932203389830508,0.5932203389830508,nan,nan
denovo_pdb__6n9h_A,0,100,True,33,33,0,0.0,0.0,0.0,6,0,0.0,0.0,0.0,6,0,0.0,0.0,0.0,21,0,0.0,0.0,0.0,1,0.0,0.0,0.0,nan,nan
denovo_pdb__6n9h_A,1,109,True,36,36,16,0.4444444444444444,0.41025641025641024,0.42666666666666664,0,0,0.0,0.0,0.0,8,1,0.125,0.1111111111111111,0.11764705882352941,28,15,0.5357142857142857,0.5357142857142857,0.5357142857142857,1,0.42666666666666664,0.42666666666666664,0.42666666666666664,nan,nan
denovo_pdb__6n9h_A,2,19,True,6,6,1,0.16666666666666666,0.02564102564102564,0.044444444444444446,4,0,0.0,0.0,0.0,1,0,0.0,0.0,0.0,1,1,1.0,0.03571428571428571,0.0689655172413793,1,0.044444444444444446,0.044444444444444446,0.044444444444444446,nan,nan
denovo_pdb__6n9h_A,3,61,True,20,20,6,0.3,0.15384615384615385,0.2033898305084746,3,1,0.3333333333333333,0.5,0.4,6,2,0.3333333333333333,0.2222222222222222,0.26666666666666666,11,3,0.2727272727272727,0.10714285714285714,0.15384615384615383,1,0.2033898305084746,0.2033898305084746,0.2033898305084746,nan,nan
denovo_pdb__6nek_A,0,70,True,23,23,10,0.43478260869565216,0.3125,0.36363636363636365,5,2,0.4,0.5,0.4444444444444445,6,0,0.0,0.0,0.0,12,8,0.6666666666666666,0.36363636363636365,0.4705882352941177,1,0.36363636363636365,0.36363636363636365,0.36363636363636365,nan,nan
denovo_pdb__6nek_A,1,118,True,39,39,2,0.05128205128205128,0.0625,0.056338028169014086,12,2,0.16666666666666666,0.5,0.25,11,0,0.0,0.0,0.0,16,0,0.0,0.0,0.0,1,0.056338028169014086,0.056338028169014086,0.056338028169014086,nan,nan
denovo_pdb__6nek_A,2,163,True,54,54,2,0.037037037037037035,0.0625,0.046511627906976744,19,2,0.10526315789473684,0.5,0.17391304347826086,11,0,0.0,0.0,0.0,24,0,0.0,0.0,0.0,1,0.046511627906976744,0.046511627906976744,0.046511627906976744,nan,nan
denovo_pdb__6nek_A,3,217,True,72,72,10,0.1388888888888889,0.3125,0.1923076923076923,9,1,0.1111111111111111,0.25,0.15384615384615383,15,1,0.06666666666666667,0.16666666666666666,0.09523809523809522,48,8,0.16666666666666666,0.36363636363636365,0.2285714285714286,1,0.1923076923076923,0.1923076923076923,0.1923076923076923,nan,nan
denovo_pdb__6qb2_A,0,295,True,98,98,16,0.16326530612244897,0.15384615384615385,0.15841584158415842,21,6,0.2857142857142857,0.3333333333333333,0.30769230769230765,29,6,0.20689655172413793,0.1875,0.19672131147540986,48,4,0.08333333333333333,0.07407407407407407,0.07843137254901962,1,0.15841584158415842,0.15841584158415842,0.15841584158415842,nan,nan
denovo_pdb__6qb2_A,1,64,True,21,21,7,0.3333333333333333,0.0673076923076923,0.11199999999999999,12,4,0.3333333333333333,0.2222222222222222,0.26666666666666666,9,3,0.3333333333333333,0.09375,0.14634146341463417,0,0,0.0,0.0,0.0,1,0.11199999999999999,0.11199999999999999,0.11199999999999999,nan,nan
denovo_pdb__6qb2_A,2,205,True,68,68,5,0.07352941176470588,0.04807692307692308,0.05813953488372093,20,0,0.0,0.0,0.0,38,4,0.10526315789473684,0.125,0.11428571428571428,10,1,0.1,0.018518518518518517,0.03125,1,0.05813953488372093,0.05813953488372093,0.05813953488372093,nan,nan
denovo_pdb__6qb2_A,3,196,True,65,65,8,0.12307692307692308,0.07692307692307693,0.09467455621301776,13,3,0.23076923076923078,0.16666666666666666,0.1935483870967742,21,4,0.19047619047619047,0.125,0.1509433962264151,31,1,0.03225806451612903,0.018518518518518517,0.023529411764705882,1,0.09467455621301776,0.09467455621301776,0.09467455621301776,nan,nan
denovo_pdb__6qse_A,0,631,True,210,210,123,0.5857142857142857,0.6119402985074627,0.5985401459854015,47,37,0.7872340425531915,0.7115384615384616,0.7474747474747475,79,36,0.45569620253164556,0.6206896551724138,0.5255474452554744,84,50,0.5952380952380952,0.5494505494505495,0.5714285714285715,1,0.5985401459854015,0.5985401459854015,0.5985401459854015,nan,nan
denovo_pdb__6qse_A,1,619,True,206,206,134,0.6504854368932039,0.6666666666666666,0.6584766584766585,54,46,0.8518518518518519,0.8846153846153846,0.8679245283018868,75,37,0.49333333333333335,0.6379310344827587,0.556390977443609,77,51,0.6623376623376623,0.5604395604395604,0.6071428571428572,1,0.6584766584766585,0.6584766584766585,0.6584766584766585,nan,nan
denovo_pdb__6qse_A,2,634,True,211,211,116,0.5497630331753555,0.5771144278606966,0.5631067961165049,54,38,0.7037037037037037,0.7307692307692307,0.7169811320754716,77,33,0.42857142857142855,0.5689655172413793,0.48888888888888893,80,45,0.5625,0.4945054945054945,0.5263157894736842,1,0.5631067961165049,0.5631067961165049,0.5631067961165049,nan,nan
denovo_pdb__6qse_A,3,637,True,212,212,132,0.6226415094339622,0.6567164179104478,0.639225181598063,50,38,0.76,0.7307692307692307,0.7450980392156863,73,34,0.4657534246575342,0.5862068965517241,0.5190839694656488,89,60,0.6741573033707865,0.6593406593406593,0.6666666666666666,1,0.639225181598063,0.639225181598063,0.639225181598063,nan,nan
denovo_pdb__6qsh_A,0,601,True,200,200,123,0.615,0.5801886792452831,0.5970873786407768,53,42,0.7924528301886793,0.7924528301886793,0.7924528301886793,87,42,0.4827586206896552,0.65625,0.5562913907284769,60,39,0.65,0.4105263157894737,0.5032258064516129,1,0.5970873786407768,0.5970873786407768,0.5970873786407768,nan,nan
denovo_pdb__6qsh_A,1,670,True,223,223,140,0.6278026905829597,0.660377358490566,0.6436781609195402,56,46,0.8214285714285714,0.8679245283018868,0.8440366972477065,74,42,0.5675675675675675,0.65625,0.6086956521739131,93,52,0.5591397849462365,0.5473684210526316,0.5531914893617021,1,0.6436781609195402,0.6436781609195402,0.6436781609195402,nan,nan
denovo_pdb__6qsh_A,2,700,True,232,232,127,0.5474137931034483,0.5990566037735849,0.572072072072072,54,42,0.7777777777777778,0.7924528301886793,0.7850467289719626,95,43,0.45263157894736844,0.671875,0.5408805031446541,83,42,0.5060240963855421,0.4421052631578947,0.47191011235955055,1,0.572072072072072,0.572072072072072,0.572072072072072,nan,nan
denovo_pdb__6qsh_A,3,637,True,212,212,121,0.5707547169811321,0.5707547169811321,0.5707547169811321,57,42,0.7368421052631579,0.7924528301886793,0.7636363636363637,75,39,0.52,0.609375,0.5611510791366907,80,40,0.5,0.42105263157894735,0.45714285714285713,1,0.5707547169811321,0.5707547169811321,0.5707547169811321,nan,nan
denovo_pdb__6rek_A,0,643,True,214,214,147,0.6869158878504673,0.65625,0.6712328767123288,55,44,0.8,0.8627450980392157,0.8301886792452831,74,44,0.5945945945945946,0.6285714285714286,0.611111111111111,85,59,0.6941176470588235,0.5728155339805825,0.6276595744680851,1,0.6712328767123288,0.6712328767123288,0.6712328767123288,nan,nan
denovo_pdb__6rek_A,1,652,True,217,217,121,0.5576036866359447,0.5401785714285714,0.5487528344671202,53,33,0.6226415094339622,0.6470588235294118,0.6346153846153846,87,38,0.4367816091954023,0.5428571428571428,0.4840764331210191,77,50,0.6493506493506493,0.4854368932038835,0.5555555555555556,1,0.5487528344671202,0.5487528344671202,0.5487528344671202,nan,nan
denovo_pdb__6rek_A,2,721,True,240,240,150,0.625,0.6696428571428571,0.6465517241379309,59,45,0.7627118644067796,0.8823529411764706,0.8181818181818181,78,41,0.5256410256410257,0.5857142857142857,0.5540540540540541,103,64,0.6213592233009708,0.6213592233009708,0.6213592233009708,1,0.6465517241379309,0.6465517241379309,0.6465517241379309,nan,nan
denovo_pdb__6rek_A,3,616,True,205,205,118,0.5756097560975609,0.5267857142857143,0.55011655011655,46,32,0.6956521739130435,0.6274509803921569,0.6597938144329897,78,38,0.48717948717948717,0.5428571428571428,0.5135135135135135,81,48,0.5925925925925926,0.46601941747572817,0.5217391304347826,1,0.55011655011655,0.55011655011655,0.55011655011655,nan,nan
denovo_pdb__6reo_A,0,712,True,237,237,140,0.5907172995780591,0.6829268292682927,0.6334841628959276,56,41,0.7321428571428571,0.82,0.7735849056603773,80,40,0.5,0.6666666666666666,0.5714285714285715,101,59,0.5841584158415841,0.6210526315789474,0.6020408163265306,1,0.6334841628959276,0.6334841628959276,0.6334841628959276,nan,nan
denovo_pdb__6reo_A,1,712,True,237,237,137,0.5780590717299579,0.6682926829268293,0.6199095022624436,60,42,0.7,0.84,0.7636363636363636,72,35,0.4861111111111111,0.5833333333333334,0.5303030303030304,105,60,0.5714285714285714,0.631578947368421,0.6,1,0.6199095022624436,0.6199095022624436,0.6199095022624436,nan,nan
denovo_pdb__6reo_A,2,622,True,207,207,117,0.5652173913043478,0.5707317073170731,0.5679611650485437,52,36,0.6923076923076923,0.72,0.7058823529411765,70,31,0.44285714285714284,0.5166666666666667,0.47692307692307695,85,50,0.5882352941176471,0.5263157894736842,0.5555555555555555,1,0.5679611650485437,0.5679611650485437,0.5679611650485437,nan,nan
denovo_pdb__6reo_A,3,694,True,230,230,121,0.5260869565217391,0.5902439024390244,0.5563218390804597,53,34,0.6415094339622641,0.68,0.6601941747572816,79,35,0.4430379746835443,0.5833333333333334,0.5035971223021583,98,52,0.5306122448979592,0.5473684210526316,0.538860103626943,1,0.5563218390804597,0.5563218390804597,0.5563218390804597,nan,nan
denovo_pdb__6rli_A,0,658,True,219,219,140,0.639269406392694,0.6542056074766355,0.6466512702078522,59,47,0.7966101694915254,0.94,0.8623853211009174,71,40,0.5633802816901409,0.6060606060606061,0.5839416058394161,89,53,0.5955056179775281,0.5408163265306123,0.5668449197860963,1,0.6466512702078522,0.6466512702078522,0.6466512702078522,nan,nan
denovo_pdb__6rli_A,1,658,True,219,219,118,0.5388127853881278,0.5514018691588785,0.5450346420323324,54,38,0.7037037037037037,0.76,0.7307692307692308,79,36,0.45569620253164556,0.5454545454545454,0.496551724137931,86,44,0.5116279069767442,0.4489795918367347,0.47826086956521735,1,0.5450346420323324,0.5450346420323324,0.5450346420323324,nan,nan
denovo_pdb__6rli_A,2,652,True,217,217,125,0.576036866359447,0.5841121495327103,0.5800464037122969,57,41,0.7192982456140351,0.82,0.7663551401869159,73,36,0.4931506849315068,0.5454545454545454,0.5179856115107914,87,48,0.5517241379310345,0.4897959183673469,0.5189189189189191,1,0.5800464037122969,0.5800464037122969,0.5800464037122969,nan,nan
denovo_pdb__6rli_A,3,607,True,202,202,128,0.6336633663366337,0.5981308411214953,0.6153846153846154,57,45,0.7894736842105263,0.9,0.8411214953271027,72,38,0.5277777777777778,0.5757575757575758,0.5507246376811594,73,45,0.6164383561643836,0.45918367346938777,0.5263157894736843,1,0.6153846153846154,0.6153846153846154,0.6153846153846154,nan,nan
denovo_pdb__6tjg_A,0,1297,True,431,431,283,0.6566125290023201,0.7927170868347339,0.7182741116751269,85,69,0.8117647058823529,0.8961038961038961,0.8518518518518517,151,104,0.6887417218543046,0.7761194029850746,0.7298245614035088,195,110,0.5641025641025641,0.7534246575342466,0.6451612903225806,1,0.7182741116751269,0.7182741116751269,0.7182741116751269,nan,nan
denovo_pdb__6tjg_A,1,1060,True,352,352,251,0.7130681818181818,0.7030812324929971,0.7080394922425951,86,73,0.8488372093023255,0.948051948051948,0.8957055214723927,134,97,0.7238805970149254,0.7238805970149254,0.7238805970149254,132,81,0.6136363636363636,0.5547945205479452,0.5827338129496404,1,0.7080394922425951,0.7080394922425951,0.7080394922425951,nan,nan
denovo_pdb__6tjg_A,2,1237,True,412,412,263,0.6383495145631068,0.7366946778711485,0.6840052015604682,80,68,0.85,0.8831168831168831,0.8662420382165604,144,91,0.6319444444444444,0.6791044776119403,0.6546762589928058,188,104,0.5531914893617021,0.7123287671232876,0.6227544910179641,1,0.6840052015604682,0.6840052015604682,0.6840052015604682,nan,nan
denovo_pdb__6tjg_A,3,1219,True,406,406,271,0.6674876847290641,0.7591036414565826,0.710353866317169,80,65,0.8125,0.8441558441558441,0.8280254777070064,139,100,0.7194244604316546,0.746268656716418,0.7326007326007327,187,106,0.5668449197860963,0.726027397260274,0.6366366366366366,1,0.710353866317169,0.710353866317169,0.710353866317169,nan,nan
denovo_pdb__6w3w_A,0,250,True,83,83,23,0.27710843373493976,0.21296296296296297,0.24083769633507854,21,8,0.38095238095238093,0.42105263157894735,0.4,24,12,0.5,0.32432432432432434,0.39344262295081966,38,3,0.07894736842105263,0.057692307692307696,0.06666666666666667,1,0.24083769633507854,0.24083769633507854,0.24083769633507854,nan,nan
denovo_pdb__6w3w_A,1,322,True,106,106,16,0.1509433962264151,0.14814814814814814,0.14953271028037385,20,8,0.4,0.42105263157894735,0.41025641025641024,43,6,0.13953488372093023,0.16216216216216217,0.15,43,2,0.046511627906976744,0.038461538461538464,0.042105263157894736,1,0.14953271028037385,0.14953271028037385,0.14953271028037385,nan,nan
denovo_pdb__6w3w_A,2,364,True,121,121,7,0.05785123966942149,0.06481481481481481,0.0611353711790393,16,3,0.1875,0.15789473684210525,0.17142857142857143,25,2,0.08,0.05405405405405406,0.06451612903225806,80,2,0.025,0.038461538461538464,0.030303030303030307,1,0.0611353711790393,0.0611353711790393,0.0611353711790393,nan,nan
denovo_pdb__6w3w_A,3,319,True,106,106,8,0.07547169811320754,0.07407407407407407,0.07476635514018692,15,3,0.2,0.15789473684210525,0.17647058823529413,20,1,0.05,0.02702702702702703,0.03508771929824561,71,4,0.056338028169014086,0.07692307692307693,0.06504065040650407,1,0.07476635514018692,0.07476635514018692,0.07476635514018692,nan,nan
denovo_pdb__6wvs_A,0,529,True,176,176,85,0.48295454545454547,0.4336734693877551,0.45698924731182794,32,18,0.5625,0.5625,0.5625,64,18,0.28125,0.45,0.34615384615384615,80,49,0.6125,0.3951612903225806,0.48039215686274506,1,0.45698924731182794,0.45698924731182794,0.45698924731182794,nan,nan
denovo_pdb__6wvs_A,1,493,True,164,164,40,0.24390243902439024,0.20408163265306123,0.22222222222222224,29,10,0.3448275862068966,0.3125,0.3278688524590164,62,9,0.14516129032258066,0.225,0.1764705882352941,73,21,0.2876712328767123,0.1693548387096774,0.21319796954314718,1,0.22222222222222224,0.22222222222222224,0.22222222222222224,nan,nan
denovo_pdb__6wvs_A,2,634,True,211,211,48,0.22748815165876776,0.24489795918367346,0.23587223587223585,29,9,0.3103448275862069,0.28125,0.2950819672131148,51,8,0.1568627450980392,0.2,0.1758241758241758,131,31,0.2366412213740458,0.25,0.24313725490196078,1,0.23587223587223585,0.23587223587223585,0.23587223587223585,nan,nan
denovo_pdb__6wvs_A,3,586,True,195,195,40,0.20512820512820512,0.20408163265306123,0.20460358056265984,28,14,0.5,0.4375,0.4666666666666667,40,8,0.2,0.2,0.20000000000000004,127,18,0.14173228346456693,0.14516129032258066,0.14342629482071714,1,0.20460358056265984,0.20460358056265984,0.20460358056265984,nan,nan
denovo_pdb__6xi6_A,0,430,True,143,143,33,0.23076923076923078,0.1658291457286432,0.19298245614035087,25,8,0.32,0.36363636363636365,0.3404255319148936,22,6,0.2727272727272727,0.15384615384615385,0.19672131147540986,96,19,0.19791666666666666,0.13768115942028986,0.16239316239316237,1,0.19298245614035087,0.19298245614035087,0.19298245614035087,nan,nan
denovo_pdb__6xi6_A,1,538,True,179,179,17,0.09497206703910614,0.08542713567839195,0.08994708994708994,24,6,0.25,0.2727272727272727,0.2608695652173913,32,4,0.125,0.10256410256410256,0.11267605633802817,123,7,0.056910569105691054,0.050724637681159424,0.053639846743295014,1,0.08994708994708994,0.08994708994708994,0.08994708994708994,nan,nan
denovo_pdb__6xi6_A,2,400,True,133,133,18,0.13533834586466165,0.09045226130653267,0.10843373493975902,24,8,0.3333333333333333,0.36363636363636365,0.34782608695652173,22,10,0.45454545454545453,0.2564102564102564,0.3278688524590163,87,0,0.0,0.0,0.0,1,0.10843373493975902,0.10843373493975902,0.10843373493975902,nan,nan
denovo_pdb__6xi6_A,3,625,True,208,208,25,0.1201923076923077,0.12562814070351758,0.12285012285012284,27,7,0.25925925925925924,0.3181818181818182,0.2857142857142857,31,14,0.45161290322580644,0.358974358974359,0.4,150,4,0.02666666666666667,0.028985507246376812,0.02777777777777778,1,0.12285012285012284,0.12285012285012284,0.12285012285012284,nan,nan
denovo_pdb__6y7p_A,0,1192,True,397,397,254,0.6397984886649875,0.7888198757763976,0.7065368567454798,78,67,0.8589743589743589,0.881578947368421,0.8701298701298701,152,94,0.618421052631579,0.734375,0.6714285714285715,167,93,0.5568862275449101,0.788135593220339,0.6526315789473685,1,0.7065368567454798,0.7065368567454798,0.7065368567454798,nan,nan
denovo_pdb__6y7p_A,1,1171,True,390,390,226,0.5794871794871795,0.7018633540372671,0.6348314606741573,77,55,0.7142857142857143,0.7236842105263158,0.7189542483660132,144,77,0.5347222222222222,0.6015625,0.5661764705882352,169,94,0.5562130177514792,0.7966101694915254,0.6550522648083624,1,0.6348314606741573,0.6348314606741573,0.6348314606741573,nan,nan
denovo_pdb__6y7p_A,2,1114,True,371,371,250,0.6738544474393531,0.7763975155279503,0.7215007215007214,72,68,0.9444444444444444,0.8947368421052632,0.918918918918919,162,93,0.5740740740740741,0.7265625,0.6413793103448276,137,89,0.6496350364963503,0.7542372881355932,0.6980392156862745,1,0.7215007215007214,0.7215007215007214,0.7215007215007214,nan,nan
denovo_pdb__6y7p_A,3,1123,True,374,374,245,0.6550802139037433,0.7608695652173914,0.7040229885057472,73,67,0.9178082191780822,0.881578947368421,0.8993288590604027,152,91,0.5986842105263158,0.7109375,0.6499999999999999,149,87,0.5838926174496645,0.7372881355932204,0.651685393258427,1,0.7040229885057472,0.7040229885057472,0.7040229885057472,nan,nan
denovo_pdb__6yqx_A,0,478,True,159,159,65,0.4088050314465409,0.29411764705882354,0.34210526315789475,28,14,0.5,0.45161290322580644,0.47457627118644063,61,13,0.21311475409836064,0.24528301886792453,0.2280701754385965,70,38,0.5428571428571428,0.2773722627737226,0.3671497584541063,1,0.34210526315789475,0.34210526315789475,0.34210526315789475,nan,nan
denovo_pdb__6yqx_A,1,352,True,117,117,42,0.358974358974359,0.19004524886877827,0.24852071005917156,29,12,0.41379310344827586,0.3870967741935484,0.39999999999999997,46,12,0.2608695652173913,0.22641509433962265,0.2424242424242424,42,18,0.42857142857142855,0.13138686131386862,0.2011173184357542,1,0.24852071005917156,0.24852071005917156,0.24852071005917156,nan,nan
denovo_pdb__6yqx_A,2,712,True,237,237,46,0.1940928270042194,0.2081447963800905,0.20087336244541484,42,9,0.21428571428571427,0.2903225806451613,0.24657534246575344,71,17,0.23943661971830985,0.32075471698113206,0.27419354838709675,124,20,0.16129032258064516,0.145985401459854,0.15325670498084287,1,0.20087336244541484,0.20087336244541484,0.20087336244541484,nan,nan
denovo_pdb__6yqx_A,3,478,True,159,159,51,0.32075471698113206,0.23076923076923078,0.26842105263157895,25,12,0.48,0.3870967741935484,0.42857142857142855,41,8,0.1951219512195122,0.1509433962264151,0.1702127659574468,93,31,0.3333333333333333,0.22627737226277372,0.26956521739130435,1,0.26842105263157895,0.26842105263157895,0.26842105263157895,nan,nan
denovo_pdb__6z2i_A,0,583,True,194,194,25,0.12886597938144329,0.11904761904761904,0.12376237623762375,30,8,0.26666666666666666,0.1951219512195122,0.22535211267605634,52,8,0.15384615384615385,0.1,0.12121212121212123,112,9,0.08035714285714286,0.10112359550561797,0.08955223880597014,1,0.12376237623762375,0.12376237623762375,0.12376237623762375,nan,nan
denovo_pdb__6z2i_A,1,601,True,200,200,37,0.185,0.1761904761904762,0.18048780487804877,42,10,0.23809523809523808,0.24390243902439024,0.24096385542168675,53,14,0.2641509433962264,0.175,0.21052631578947367,105,13,0.12380952380952381,0.14606741573033707,0.134020618556701,1,0.18048780487804877,0.18048780487804877,0.18048780487804877,nan,nan
denovo_pdb__6z2i_A,2,472,True,157,157,45,0.28662420382165604,0.21428571428571427,0.2452316076294278,27,6,0.2222222222222222,0.14634146341463414,0.1764705882352941,57,19,0.3333333333333333,0.2375,0.2773722627737226,73,20,0.273972602739726,0.2247191011235955,0.24691358024691357,1,0.2452316076294278,0.2452316076294278,0.2452316076294278,nan,nan
denovo_pdb__6z2i_A,3,733,True,244,244,33,0.13524590163934427,0.15714285714285714,0.14537444933920707,38,12,0.3157894736842105,0.2926829268292683,0.3037974683544304,68,11,0.16176470588235295,0.1375,0.14864864864864866,138,10,0.07246376811594203,0.11235955056179775,0.0881057268722467,1,0.14537444933920707,0.14537444933920707,0.14537444933920707,nan,nan
denovo_pdb__7ah0_A,0,154,True,51,51,11,0.21568627450980393,0.16666666666666666,0.18803418803418803,11,5,0.45454545454545453,0.45454545454545453,0.45454545454545453,12,3,0.25,0.25,0.25,28,3,0.10714285714285714,0.06976744186046512,0.08450704225352113,1,0.18803418803418803,0.18803418803418803,0.18803418803418803,nan,nan
denovo_pdb__7ah0_A,1,205,True,67,67,1,0.014925373134328358,0.015151515151515152,0.015037593984962405,9,1,0.1111111111111111,0.09090909090909091,0.09999999999999999,13,0,0.0,0.0,0.0,45,0,0.0,0.0,0.0,1,0.015037593984962405,0.015037593984962405,0.015037593984962405,nan,nan
denovo_pdb__7ah0_A,2,175,True,58,58,23,0.39655172413793105,0.3484848484848485,0.3709677419354839,11,4,0.36363636363636365,0.36363636363636365,0.36363636363636365,11,3,0.2727272727272727,0.25,0.2608695652173913,36,16,0.4444444444444444,0.37209302325581395,0.40506329113924044,1,0.3709677419354839,0.3709677419354839,0.3709677419354839,nan,nan
denovo_pdb__7ah0_A,3,205,True,68,68,6,0.08823529411764706,0.09090909090909091,0.08955223880597016,6,1,0.16666666666666666,0.09090909090909091,0.11764705882352942,15,2,0.13333333333333333,0.16666666666666666,0.14814814814814814,47,3,0.06382978723404255,0.06976744186046512,0.06666666666666667,1,0.08955223880597016,0.08955223880597016,0.08955223880597016,nan,nan
denovo_pdb__7awz_A,0,1150,True,383,383,225,0.587467362924282,0.6410256410256411,0.6130790190735695,100,83,0.83,0.7904761904761904,0.8097560975609757,133,64,0.48120300751879697,0.6213592233009708,0.5423728813559322,150,78,0.52,0.5454545454545454,0.5324232081911263,1,0.6130790190735695,0.6130790190735695,0.6130790190735695,nan,nan
denovo_pdb__7awz_A,1,1156,True,385,385,233,0.6051948051948052,0.6638176638176638,0.6331521739130436,102,88,0.8627450980392157,0.8380952380952381,0.8502415458937198,154,72,0.4675324675324675,0.6990291262135923,0.5603112840466926,129,73,0.5658914728682171,0.5104895104895105,0.536764705882353,1,0.6331521739130436,0.6331521739130436,0.6331521739130436,nan,nan
denovo_pdb__7awz_A,2,1087,True,361,361,229,0.6343490304709142,0.6524216524216524,0.6432584269662921,96,83,0.8645833333333334,0.7904761904761904,0.8258706467661692,132,72,0.5454545454545454,0.6990291262135923,0.6127659574468084,133,74,0.556390977443609,0.5174825174825175,0.536231884057971,1,0.6432584269662921,0.6432584269662921,0.6432584269662921,nan,nan
denovo_pdb__7awz_A,3,1075,True,357,357,213,0.5966386554621849,0.6068376068376068,0.6016949152542374,101,82,0.8118811881188119,0.780952380952381,0.7961165048543689,147,71,0.48299319727891155,0.6893203883495146,0.5680000000000001,109,60,0.5504587155963303,0.4195804195804196,0.47619047619047616,1,0.6016949152542374,0.6016949152542374,0.6016949152542374,nan,nan
denovo_pdb__7ax2_A,0,1240,True,412,412,226,0.5485436893203883,0.6348314606741573,0.5885416666666667,97,78,0.8041237113402062,0.78,0.7918781725888325,162,76,0.4691358024691358,0.6846846846846847,0.5567765567765567,153,72,0.47058823529411764,0.496551724137931,0.48322147651006714,1,0.5885416666666667,0.5885416666666667,0.5885416666666667,nan,nan
denovo_pdb__7ax2_A,1,1183,True,394,394,221,0.5609137055837563,0.6207865168539326,0.5893333333333334,100,79,0.79,0.79,0.79,140,70,0.5,0.6306306306306306,0.5577689243027888,154,72,0.4675324675324675,0.496551724137931,0.4816053511705686,1,0.5893333333333334,0.5893333333333334,0.5893333333333334,nan,nan
denovo_pdb__7ax2_A,2,1144,True,381,381,216,0.5669291338582677,0.6067415730337079,0.5861601085481682,101,80,0.7920792079207921,0.8,0.7960199004975126,141,67,0.475177304964539,0.6036036036036037,0.5317460317460319,139,69,0.49640287769784175,0.47586206896551725,0.48591549295774644,1,0.5861601085481682,0.5861601085481682,0.5861601085481682,nan,nan
denovo_pdb__7ax2_A,3,1168,True,389,389,223,0.5732647814910026,0.6264044943820225,0.5986577181208054,102,87,0.8529411764705882,0.87,0.8613861386138614,147,67,0.4557823129251701,0.6036036036036037,0.5193798449612402,140,69,0.4928571428571429,0.47586206896551725,0.4842105263157895,1,0.5986577181208054,0.5986577181208054,0.5986577181208054,nan,nan
denovo_pdb__7dgu_A,0,232,True,77,77,46,0.5974025974025974,0.5822784810126582,0.5897435897435898,7,4,0.5714285714285714,0.4444444444444444,0.5,18,12,0.6666666666666666,0.8,0.7272727272727272,52,30,0.5769230769230769,0.5454545454545454,0.5607476635514018,1,0.5897435897435898,0.5897435897435898,0.5897435897435898,nan,nan
denovo_pdb__7dgu_A,1,226,True,75,75,22,0.29333333333333333,0.27848101265822783,0.28571428571428564,11,5,0.45454545454545453,0.5555555555555556,0.5,15,9,0.6,0.6,0.6,49,8,0.16326530612244897,0.14545454545454545,0.15384615384615383,1,0.28571428571428564,0.28571428571428564,0.28571428571428564,nan,nan
denovo_pdb__7dgu_A,2,166,True,55,55,3,0.05454545454545454,0.0379746835443038,0.04477611940298507,9,2,0.2222222222222222,0.2222222222222222,0.2222222222222222,12,1,0.08333333333333333,0.06666666666666667,0.07407407407407407,34,0,0.0,0.0,0.0,1,0.04477611940298507,0.04477611940298507,0.04477611940298507,nan,nan
denovo_pdb__7dgu_A,3,199,True,66,66,14,0.21212121212121213,0.17721518987341772,0.1931034482758621,9,3,0.3333333333333333,0.3333333333333333,0.3333333333333333,15,4,0.26666666666666666,0.26666666666666666,0.26666666666666666,42,7,0.16666666666666666,0.12727272727272726,0.14432989690721648,1,0.1931034482758621,0.1931034482758621,0.1931034482758621,nan,nan
denovo_pdb__7dgy_A,0,238,True,79,79,8,0.10126582278481013,0.125,0.11188811188811189,9,3,0.3333333333333333,0.5,0.4,11,1,0.09090909090909091,0.1111111111111111,0.09999999999999999,59,4,0.06779661016949153,0.08163265306122448,0.07407407407407407,1,0.11188811188811189,0.11188811188811189,0.11188811188811189,nan,nan
denovo_pdb__7dgy_A,1,115,True,38,38,17,0.4473684210526316,0.265625,0.3333333333333333,5,3,0.6,0.5,0.5454545454545454,11,6,0.5454545454545454,0.6666666666666666,0.6,22,8,0.36363636363636365,0.16326530612244897,0.22535211267605632,1,0.3333333333333333,0.3333333333333333,0.3333333333333333,nan,nan
denovo_pdb__7dgy_A,2,127,True,42,42,10,0.23809523809523808,0.15625,0.18867924528301888,8,3,0.375,0.5,0.42857142857142855,9,2,0.2222222222222222,0.2222222222222222,0.2222222222222222,25,5,0.2,0.10204081632653061,0.13513513513513514,1,0.18867924528301888,0.18867924528301888,0.18867924528301888,nan,nan
denovo_pdb__7dgy_A,3,124,True,41,41,9,0.21951219512195122,0.140625,0.17142857142857143,8,5,0.625,0.8333333333333334,0.7142857142857143,8,3,0.375,0.3333333333333333,0.35294117647058826,25,1,0.04,0.02040816326530612,0.02702702702702702,1,0.17142857142857143,0.17142857142857143,0.17142857142857143,nan,nan
denovo_pdb__7f1h_A,0,613,True,203,203,14,0.06896551724137931,0.059574468085106386,0.0639269406392694,29,5,0.1724137931034483,0.18518518518518517,0.17857142857142858,57,7,0.12280701754385964,0.12962962962962962,0.12612612612612614,117,2,0.017094017094017096,0.012987012987012988,0.014760147601476016,1,0.0639269406392694,0.0639269406392694,0.0639269406392694,nan,nan
denovo_pdb__7f1h_A,1,676,True,224,224,24,0.10714285714285714,0.10212765957446808,0.10457516339869281,31,4,0.12903225806451613,0.14814814814814814,0.13793103448275862,37,10,0.2702702702702703,0.18518518518518517,0.2197802197802198,156,10,0.0641025641025641,0.06493506493506493,0.06451612903225806,1,0.10457516339869281,0.10457516339869281,0.10457516339869281,nan,nan
denovo_pdb__7f1h_A,2,727,True,242,242,12,0.049586776859504134,0.05106382978723404,0.050314465408805034,35,2,0.05714285714285714,0.07407407407407407,0.06451612903225806,54,4,0.07407407407407407,0.07407407407407407,0.07407407407407407,153,6,0.0392156862745098,0.03896103896103896,0.03908794788273616,1,0.050314465408805034,0.050314465408805034,0.050314465408805034,nan,nan
denovo_pdb__7f1h_A,3,754,True,250,250,18,0.072,0.07659574468085106,0.07422680412371133,36,6,0.16666666666666666,0.2222222222222222,0.1904761904761905,60,7,0.11666666666666667,0.12962962962962962,0.12280701754385966,154,5,0.032467532467532464,0.032467532467532464,0.032467532467532464,1,0.07422680412371133,0.07422680412371133,0.07422680412371133,nan,nan
denovo_pdb__7f1j_A,0,682,True,227,227,14,0.06167400881057269,0.06086956521739131,0.0612691466083151,30,3,0.1,0.13636363636363635,0.11538461538461538,62,8,0.12903225806451613,0.14285714285714285,0.13559322033898305,135,3,0.022222222222222223,0.019736842105263157,0.020905923344947737,1,0.0612691466083151,0.0612691466083151,0.0612691466083151,nan,nan
denovo_pdb__7f1j_A,1,442,True,147,147,17,0.11564625850340136,0.07391304347826087,0.09018567639257295,26,3,0.11538461538461539,0.13636363636363635,0.12499999999999997,73,7,0.0958904109589041,0.125,0.10852713178294573,48,7,0.14583333333333334,0.046052631578947366,0.06999999999999999,1,0.09018567639257295,0.09018567639257295,0.09018567639257295,nan,nan
denovo_pdb__7f1j_A,2,706,True,235,235,16,0.06808510638297872,0.06956521739130435,0.06881720430107527,53,5,0.09433962264150944,0.22727272727272727,0.13333333333333336,59,8,0.13559322033898305,0.14285714285714285,0.13913043478260867,123,3,0.024390243902439025,0.019736842105263157,0.021818181818181816,1,0.06881720430107527,0.06881720430107527,0.06881720430107527,nan,nan
denovo_pdb__7f1j_A,3,472,True,157,157,9,0.05732484076433121,0.0391304347826087,0.046511627906976744,20,2,0.1,0.09090909090909091,0.09523809523809525,40,3,0.075,0.05357142857142857,0.0625,97,4,0.041237113402061855,0.02631578947368421,0.032128514056224904,1,0.046511627906976744,0.046511627906976744,0.046511627906976744,nan,nan
denovo_pdb__7f1l_A,0,742,True,247,247,8,0.032388663967611336,0.03187250996015936,0.032128514056224904,32,3,0.09375,0.13043478260869565,0.10909090909090909,51,2,0.0392156862745098,0.03333333333333333,0.036036036036036036,164,3,0.018292682926829267,0.017857142857142856,0.01807228915662651,1,0.032128514056224904,0.032128514056224904,0.032128514056224904,nan,nan
denovo_pdb__7f1l_A,1,673,True,224,224,24,0.10714285714285714,0.09561752988047809,0.10105263157894737,27,3,0.1111111111111111,0.13043478260869565,0.12,43,10,0.23255813953488372,0.16666666666666666,0.1941747572815534,154,11,0.07142857142857142,0.06547619047619048,0.06832298136645962,1,0.10105263157894737,0.10105263157894737,0.10105263157894737,nan,nan
denovo_pdb__7f1l_A,2,682,True,227,227,12,0.05286343612334802,0.04780876494023904,0.050209205020920494,24,1,0.041666666666666664,0.043478260869565216,0.0425531914893617,38,4,0.10526315789473684,0.06666666666666667,0.0816326530612245,165,7,0.04242424242424243,0.041666666666666664,0.042042042042042045,1,0.050209205020920494,0.050209205020920494,0.050209205020920494,nan,nan
denovo_pdb__7f1l_A,3,622,True,207,207,17,0.0821256038647343,0.06772908366533864,0.074235807860262,18,2,0.1111111111111111,0.08695652173913043,0.0975609756097561,30,6,0.2,0.1,0.13333333333333333,159,9,0.05660377358490566,0.05357142857142857,0.05504587155963303,1,0.074235807860262,0.074235807860262,0.074235807860262,nan,nan
denovo_pdb__7hiz_A,0,235,True,78,78,15,0.19230769230769232,0.16483516483516483,0.1775147928994083,10,3,0.3,0.5,0.37499999999999994,28,6,0.21428571428571427,0.25,0.23076923076923075,40,6,0.15,0.09836065573770492,0.1188118811881188,1,0.1775147928994083,0.1775147928994083,0.1775147928994083,nan,nan
denovo_pdb__7hiz_A,1,235,True,78,78,35,0.44871794871794873,0.38461538461538464,0.41420118343195267,10,4,0.4,0.6666666666666666,0.5,18,14,0.7777777777777778,0.5833333333333334,0.6666666666666666,50,17,0.34,0.2786885245901639,0.30630630630630634,1,0.41420118343195267,0.41420118343195267,0.41420118343195267,nan,nan
denovo_pdb__7hiz_A,2,199,True,66,66,27,0.4090909090909091,0.2967032967032967,0.3439490445859873,12,3,0.25,0.5,0.3333333333333333,15,8,0.5333333333333333,0.3333333333333333,0.4102564102564102,39,16,0.41025641025641024,0.26229508196721313,0.32,1,0.3439490445859873,0.3439490445859873,0.3439490445859873,nan,nan
denovo_pdb__7hiz_A,3,328,True,109,109,49,0.44954128440366975,0.5384615384615384,0.49,10,4,0.4,0.6666666666666666,0.5,20,13,0.65,0.5416666666666666,0.5909090909090908,79,32,0.4050632911392405,0.5245901639344263,0.45714285714285713,1,0.49,0.49,0.49,nan,nan
denovo_pdb__7hj1_A,0,268,True,89,89,17,0.19101123595505617,0.1827956989247312,0.18681318681318684,13,5,0.38461538461538464,0.7142857142857143,0.5,23,8,0.34782608695652173,0.2962962962962963,0.31999999999999995,53,4,0.07547169811320754,0.06779661016949153,0.07142857142857142,1,0.18681318681318684,0.18681318681318684,0.18681318681318684,nan,nan
denovo_pdb__7hj1_A,1,280,True,93,93,42,0.45161290322580644,0.45161290322580644,0.45161290322580644,10,4,0.4,0.5714285714285714,0.47058823529411764,24,18,0.75,0.6666666666666666,0.7058823529411765,59,20,0.3389830508474576,0.3389830508474576,0.3389830508474576,1,0.45161290322580644,0.45161290322580644,0.45161290322580644,nan,nan
denovo_pdb__7hj1_A,2,193,True,64,64,12,0.1875,0.12903225806451613,0.15286624203821655,9,2,0.2222222222222222,0.2857142857142857,0.25,15,5,0.3333333333333333,0.18518518518518517,0.23809523809523808,40,5,0.125,0.0847457627118644,0.10101010101010101,1,0.15286624203821655,0.15286624203821655,0.15286624203821655,nan,nan
denovo_pdb__7hj1_A,3,331,True,110,110,29,0.2636363636363636,0.3118279569892473,0.2857142857142857,12,5,0.4166666666666667,0.7142857142857143,0.5263157894736842,23,11,0.4782608695652174,0.4074074074074074,0.44000000000000006,75,13,0.17333333333333334,0.22033898305084745,0.1940298507462687,1,0.2857142857142857,0.2857142857142857,0.2857142857142857,nan,nan
denovo_pdb__7hj3_A,0,310,True,103,103,49,0.47572815533980584,0.5444444444444444,0.5077720207253885,6,4,0.6666666666666666,0.6666666666666666,0.6666666666666666,20,18,0.9,0.72,0.7999999999999999,77,27,0.35064935064935066,0.4576271186440678,0.39705882352941174,1,0.5077720207253885,0.5077720207253885,0.5077720207253885,nan,nan
denovo_pdb__7hj3_A,1,322,True,107,107,35,0.32710280373831774,0.3888888888888889,0.3553299492385787,8,4,0.5,0.6666666666666666,0.5714285714285715,22,11,0.5,0.44,0.46808510638297873,77,20,0.2597402597402597,0.3389830508474576,0.2941176470588235,1,0.3553299492385787,0.3553299492385787,0.3553299492385787,nan,nan
denovo_pdb__7hj3_A,2,172,True,57,57,19,0.3333333333333333,0.2111111111111111,0.2585034013605442,13,5,0.38461538461538464,0.8333333333333334,0.5263157894736842,17,12,0.7058823529411765,0.48,0.5714285714285713,27,2,0.07407407407407407,0.03389830508474576,0.046511627906976744,1,0.2585034013605442,0.2585034013605442,0.2585034013605442,nan,nan
denovo_pdb__7hj3_A,3,280,True,92,92,14,0.15217391304347827,0.15555555555555556,0.15384615384615385,14,4,0.2857142857142857,0.6666666666666666,0.4,30,9,0.3,0.36,0.3272727272727273,48,1,0.020833333333333332,0.01694915254237288,0.01869158878504673,1,0.15384615384615385,0.15384615384615385,0.15384615384615385,nan,nan
denovo_pdb__7hj5_A,0,238,True,79,79,16,0.20253164556962025,0.17582417582417584,0.18823529411764708,13,1,0.07692307692307693,0.16666666666666666,0.10526315789473684,24,9,0.375,0.36,0.3673469387755102,42,6,0.14285714285714285,0.1,0.11764705882352941,1,0.18823529411764708,0.18823529411764708,0.18823529411764708,nan,nan
denovo_pdb__7hj5_A,1,220,True,73,73,38,0.5205479452054794,0.4175824175824176,0.4634146341463415,5,2,0.4,0.3333333333333333,0.3636363636363636,19,13,0.6842105263157895,0.52,0.5909090909090909,49,23,0.46938775510204084,0.38333333333333336,0.42201834862385323,1,0.4634146341463415,0.4634146341463415,0.4634146341463415,nan,nan
denovo_pdb__7hj5_A,2,250,True,83,83,39,0.46987951807228917,0.42857142857142855,0.4482758620689655,8,5,0.625,0.8333333333333334,0.7142857142857143,24,19,0.7916666666666666,0.76,0.7755102040816326,51,15,0.29411764705882354,0.25,0.27027027027027023,1,0.4482758620689655,0.4482758620689655,0.4482758620689655,nan,nan
denovo_pdb__7hj5_A,3,220,True,73,73,32,0.4383561643835616,0.3516483516483517,0.3902439024390244,6,4,0.6666666666666666,0.6666666666666666,0.6666666666666666,10,9,0.9,0.36,0.5142857142857143,57,19,0.3333333333333333,0.31666666666666665,0.3247863247863248,1,0.3902439024390244,0.3902439024390244,0.3902439024390244,nan,nan
denovo_pdb__7hj7_A,0,277,True,91,91,50,0.5494505494505495,0.5376344086021505,0.5434782608695652,10,3,0.3,0.5,0.37499999999999994,13,12,0.9230769230769231,0.48,0.631578947368421,68,35,0.5147058823529411,0.5645161290322581,0.5384615384615384,1,0.5434782608695652,0.5434782608695652,0.5434782608695652,nan,nan
denovo_pdb__7hj7_A,1,268,True,89,89,23,0.25842696629213485,0.24731182795698925,0.2527472527472528,6,3,0.5,0.5,0.5,20,10,0.5,0.4,0.4444444444444445,63,10,0.15873015873015872,0.16129032258064516,0.16,1,0.2527472527472528,0.2527472527472528,0.2527472527472528,nan,nan
denovo_pdb__7hj7_A,2,247,True,82,82,36,0.43902439024390244,0.3870967741935484,0.4114285714285714,8,3,0.375,0.5,0.42857142857142855,18,9,0.5,0.36,0.41860465116279066,56,24,0.42857142857142855,0.3870967741935484,0.4067796610169491,1,0.4114285714285714,0.4114285714285714,0.4114285714285714,nan,nan
denovo_pdb__7hj7_A,3,292,True,97,97,25,0.25773195876288657,0.26881720430107525,0.2631578947368421,7,2,0.2857142857142857,0.3333333333333333,0.30769230769230765,21,13,0.6190476190476191,0.52,0.5652173913043478,69,10,0.14492753623188406,0.16129032258064516,0.15267175572519084,1,0.2631578947368421,0.2631578947368421,0.2631578947368421,nan,nan
denovo_pdb__7hj9_A,0,100,True,33,33,14,0.42424242424242425,0.15217391304347827,0.224,6,2,0.3333333333333333,0.4,0.3636363636363636,14,9,0.6428571428571429,0.36,0.4615384615384615,13,3,0.23076923076923078,0.04838709677419355,0.07999999999999999,1,0.224,0.224,0.224,nan,nan
denovo_pdb__7hj9_A,1,304,True,101,101,33,0.32673267326732675,0.358695652173913,0.34196891191709844,11,4,0.36363636363636365,0.8,0.5000000000000001,26,15,0.5769230769230769,0.6,0.5882352941176471,64,14,0.21875,0.22580645161290322,0.2222222222222222,1,0.34196891191709844,0.34196891191709844,0.34196891191709844,nan,nan
denovo_pdb__7hj9_A,2,280,True,93,93,23,0.24731182795698925,0.25,0.24864864864864866,7,4,0.5714285714285714,0.8,0.6666666666666666,20,9,0.45,0.36,0.39999999999999997,66,10,0.15151515151515152,0.16129032258064516,0.15625,1,0.24864864864864866,0.24864864864864866,0.24864864864864866,nan,nan
denovo_pdb__7hj9_A,3,301,True,100,100,41,0.41,0.44565217391304346,0.4270833333333333,10,4,0.4,0.8,0.5333333333333333,17,10,0.5882352941176471,0.4,0.4761904761904762,73,27,0.3698630136986301,0.43548387096774194,0.4,1,0.4270833333333333,0.4270833333333333,0.4270833333333333,nan,nan
denovo_pdb__7hjb_A,0,319,True,106,106,27,0.25471698113207547,0.28421052631578947,0.2686567164179104,8,4,0.5,0.5714285714285714,0.5333333333333333,22,13,0.5909090909090909,0.52,0.5531914893617023,76,10,0.13157894736842105,0.15873015873015872,0.14388489208633096,1,0.2686567164179104,0.2686567164179104,0.2686567164179104,nan,nan
denovo_pdb__7hjb_A,1,244,True,81,81,30,0.37037037037037035,0.3157894736842105,0.3409090909090909,18,3,0.16666666666666666,0.42857142857142855,0.24,22,10,0.45454545454545453,0.4,0.4255319148936171,41,17,0.4146341463414634,0.2698412698412698,0.3269230769230769,1,0.3409090909090909,0.3409090909090909,0.3409090909090909,nan,nan
denovo_pdb__7hjb_A,2,130,True,43,43,35,0.813953488372093,0.3684210526315789,0.5072463768115942,3,3,1.0,0.42857142857142855,0.6,14,13,0.9285714285714286,0.52,0.6666666666666666,26,19,0.7307692307692307,0.30158730158730157,0.42696629213483145,1,0.5072463768115942,0.5072463768115942,0.5072463768115942,nan,nan
denovo_pdb__7hjb_A,3,238,True,79,79,47,0.5949367088607594,0.49473684210526314,0.5402298850574713,6,4,0.6666666666666666,0.5714285714285714,0.6153846153846153,18,15,0.8333333333333334,0.6,0.6976744186046512,55,28,0.509090909090909,0.4444444444444444,0.47457627118644063,1,0.5402298850574713,0.5402298850574713,0.5402298850574713,nan,nan
denovo_pdb__7hjd_A,0,124,True,41,41,18,0.43902439024390244,0.1935483870967742,0.26865671641791045,4,2,0.5,0.3333333333333333,0.4,10,6,0.6,0.24,0.34285714285714286,27,10,0.37037037037037035,0.16129032258064516,0.2247191011235955,1,0.26865671641791045,0.26865671641791045,0.26865671641791045,nan,nan
denovo_pdb__7hjd_A,1,316,True,105,105,38,0.3619047619047619,0.40860215053763443,0.38383838383838387,6,1,0.16666666666666666,0.16666666666666666,0.16666666666666666,21,14,0.6666666666666666,0.56,0.6086956521739131,78,23,0.2948717948717949,0.3709677419354839,0.3285714285714286,1,0.38383838383838387,0.38383838383838387,0.38383838383838387,nan,nan
denovo_pdb__7hjd_A,2,163,True,54,54,29,0.5370370370370371,0.3118279569892473,0.3945578231292517,7,5,0.7142857142857143,0.8333333333333334,0.7692307692307692,23,17,0.7391304347826086,0.68,0.7083333333333334,24,7,0.2916666666666667,0.11290322580645161,0.1627906976744186,1,0.3945578231292517,0.3945578231292517,0.3945578231292517,nan,nan
denovo_pdb__7hjd_A,3,220,True,73,73,40,0.547945205479452,0.43010752688172044,0.48192771084337344,15,4,0.26666666666666666,0.6666666666666666,0.3809523809523809,15,14,0.9333333333333333,0.56,0.7000000000000001,43,22,0.5116279069767442,0.3548387096774194,0.41904761904761906,1,0.48192771084337344,0.48192771084337344,0.48192771084337344,nan,nan
denovo_pdb__7hjf_A,0,340,True,113,113,41,0.36283185840707965,0.44086021505376344,0.3980582524271845,9,4,0.4444444444444444,0.6666666666666666,0.5333333333333333,21,12,0.5714285714285714,0.48,0.5217391304347826,83,25,0.30120481927710846,0.4032258064516129,0.3448275862068965,1,0.3980582524271845,0.3980582524271845,0.3980582524271845,nan,nan
denovo_pdb__7hjf_A,1,313,True,104,104,27,0.25961538461538464,0.2903225806451613,0.2741116751269036,7,4,0.5714285714285714,0.6666666666666666,0.6153846153846153,16,8,0.5,0.32,0.39024390243902435,81,15,0.18518518518518517,0.24193548387096775,0.2097902097902098,1,0.2741116751269036,0.2741116751269036,0.2741116751269036,nan,nan
denovo_pdb__7hjf_A,2,190,True,63,63,21,0.3333333333333333,0.22580645161290322,0.2692307692307692,9,3,0.3333333333333333,0.5,0.4,21,8,0.38095238095238093,0.32,0.34782608695652173,33,10,0.30303030303030304,0.16129032258064516,0.21052631578947367,1,0.2692307692307692,0.2692307692307692,0.2692307692307692,nan,nan
denovo_pdb__7hjf_A,3,289,True,96,96,42,0.4375,0.45161290322580644,0.4444444444444444,5,2,0.4,0.3333333333333333,0.3636363636363636,20,14,0.7,0.56,0.6222222222222222,71,26,0.36619718309859156,0.41935483870967744,0.3909774436090226,1,0.4444444444444444,0.4444444444444444,0.4444444444444444,nan,nan
denovo_pdb__7hjh_A,0,226,True,75,75,31,0.41333333333333333,0.33695652173913043,0.37125748502994016,9,4,0.4444444444444444,0.8,0.5714285714285714,14,11,0.7857142857142857,0.44,0.5641025641025641,52,16,0.3076923076923077,0.25806451612903225,0.2807017543859649,1,0.37125748502994016,0.37125748502994016,0.37125748502994016,nan,nan
denovo_pdb__7hjh_A,1,235,True,78,78,15,0.19230769230769232,0.16304347826086957,0.1764705882352941,6,3,0.5,0.6,0.5454545454545454,17,4,0.23529411764705882,0.16,0.19047619047619052,55,8,0.14545454545454545,0.12903225806451613,0.13675213675213677,1,0.1764705882352941,0.1764705882352941,0.1764705882352941,nan,nan
denovo_pdb__7hjh_A,2,145,True,48,48,15,0.3125,0.16304347826086957,0.2142857142857143,8,2,0.25,0.4,0.3076923076923077,11,3,0.2727272727272727,0.12,0.16666666666666666,29,10,0.3448275862068966,0.16129032258064516,0.2197802197802198,1,0.2142857142857143,0.2142857142857143,0.2142857142857143,nan,nan
denovo_pdb__7hjh_A,3,112,True,37,37,16,0.43243243243243246,0.17391304347826086,0.24806201550387597,5,2,0.4,0.4,0.4000000000000001,12,10,0.8333333333333334,0.4,0.5405405405405406,20,4,0.2,0.06451612903225806,0.0975609756097561,1,0.24806201550387597,0.24806201550387597,0.24806201550387597,nan,nan
denovo_pdb__7hjj_A,0,163,True,54,54,6,0.1111111111111111,0.06451612903225806,0.08163265306122448,11,1,0.09090909090909091,0.16666666666666666,0.11764705882352942,16,5,0.3125,0.19230769230769232,0.2380952380952381,27,0,0.0,0.0,0.0,1,0.08163265306122448,0.08163265306122448,0.08163265306122448,nan,nan
denovo_pdb__7hjj_A,1,265,True,88,88,14,0.1590909090909091,0.15053763440860216,0.15469613259668508,9,2,0.2222222222222222,0.3333333333333333,0.26666666666666666,25,8,0.32,0.3076923076923077,0.3137254901960784,54,4,0.07407407407407407,0.06557377049180328,0.06956521739130435,1,0.15469613259668508,0.15469613259668508,0.15469613259668508,nan,nan
denovo_pdb__7hjj_A,2,139,True,46,46,13,0.2826086956521739,0.13978494623655913,0.18705035971223022,4,2,0.5,0.3333333333333333,0.4,9,5,0.5555555555555556,0.19230769230769232,0.28571428571428575,33,6,0.18181818181818182,0.09836065573770492,0.1276595744680851,1,0.18705035971223022,0.18705035971223022,0.18705035971223022,nan,nan
denovo_pdb__7hjj_A,3,289,True,96,96,55,0.5729166666666666,0.5913978494623656,0.5820105820105821,10,6,0.6,1.0,0.7499999999999999,16,12,0.75,0.46153846153846156,0.5714285714285714,70,37,0.5285714285714286,0.6065573770491803,0.5648854961832062,1,0.5820105820105821,0.5820105820105821,0.5820105820105821,nan,nan
denovo_pdb__7hjl_A,0,238,True,79,79,39,0.4936708860759494,0.42857142857142855,0.45882352941176474,7,2,0.2857142857142857,0.4,0.3333333333333333,17,14,0.8235294117647058,0.56,0.6666666666666666,55,23,0.41818181818181815,0.3770491803278688,0.396551724137931,1,0.45882352941176474,0.45882352941176474,0.45882352941176474,nan,nan
denovo_pdb__7hjl_A,1,184,True,61,61,19,0.3114754098360656,0.2087912087912088,0.25,15,4,0.26666666666666666,0.8,0.4,19,13,0.6842105263157895,0.52,0.5909090909090909,27,2,0.07407407407407407,0.03278688524590164,0.045454545454545456,1,0.25,0.25,0.25,nan,nan
denovo_pdb__7hjl_A,2,280,True,93,93,2,0.021505376344086023,0.02197802197802198,0.02173913043478261,13,1,0.07692307692307693,0.2,0.1111111111111111,13,0,0.0,0.0,0.0,67,1,0.014925373134328358,0.01639344262295082,0.015625,1,0.02173913043478261,0.02173913043478261,0.02173913043478261,nan,nan
denovo_pdb__7hjl_A,3,196,True,65,65,27,0.4153846153846154,0.2967032967032967,0.34615384615384615,10,4,0.4,0.8,0.5333333333333333,13,8,0.6153846153846154,0.32,0.4210526315789474,42,15,0.35714285714285715,0.2459016393442623,0.2912621359223301,1,0.34615384615384615,0.34615384615384615,0.34615384615384615,nan,nan
denovo_pdb__7hjn_A,0,205,True,67,67,11,0.16417910447761194,0.12222222222222222,0.14012738853503187,14,4,0.2857142857142857,0.8,0.4210526315789473,24,7,0.2916666666666667,0.2916666666666667,0.2916666666666667,29,0,0.0,0.0,0.0,1,0.14012738853503187,0.14012738853503187,0.14012738853503187,nan,nan
denovo_pdb__7hjn_A,1,256,True,85,85,53,0.6235294117647059,0.5888888888888889,0.6057142857142856,5,2,0.4,0.4,0.4000000000000001,17,15,0.8823529411764706,0.625,0.7317073170731708,63,36,0.5714285714285714,0.5901639344262295,0.5806451612903226,1,0.6057142857142856,0.6057142857142856,0.6057142857142856,nan,nan
denovo_pdb__7hjn_A,2,298,True,99,99,52,0.5252525252525253,0.5777777777777777,0.5502645502645503,6,2,0.3333333333333333,0.4,0.3636363636363636,24,18,0.75,0.75,0.75,69,32,0.463768115942029,0.5245901639344263,0.49230769230769234,1,0.5502645502645503,0.5502645502645503,0.5502645502645503,nan,nan
denovo_pdb__7hjn_A,3,310,True,103,103,24,0.23300970873786409,0.26666666666666666,0.24870466321243526,17,5,0.29411764705882354,1.0,0.45454545454545453,30,10,0.3333333333333333,0.4166666666666667,0.3703703703703704,56,9,0.16071428571428573,0.14754098360655737,0.15384615384615385,1,0.24870466321243526,0.24870466321243526,0.24870466321243526,nan,nan
denovo_pdb__7hjp_A,0,235,True,78,78,41,0.5256410256410257,0.44086021505376344,0.4795321637426901,8,4,0.5,0.6666666666666666,0.5714285714285715,13,11,0.8461538461538461,0.4230769230769231,0.5641025641025641,57,26,0.45614035087719296,0.4262295081967213,0.4406779661016949,1,0.4795321637426901,0.4795321637426901,0.4795321637426901,nan,nan
denovo_pdb__7hjp_A,1,151,True,50,50,23,0.46,0.24731182795698925,0.3216783216783217,5,3,0.6,0.5,0.5454545454545454,9,6,0.6666666666666666,0.23076923076923078,0.3428571428571429,36,14,0.3888888888888889,0.22950819672131148,0.28865979381443296,1,0.3216783216783217,0.3216783216783217,0.3216783216783217,nan,nan
denovo_pdb__7hjp_A,2,262,True,87,87,40,0.45977011494252873,0.43010752688172044,0.4444444444444445,5,2,0.4,0.3333333333333333,0.3636363636363636,17,13,0.7647058823529411,0.5,0.6046511627906976,65,25,0.38461538461538464,0.4098360655737705,0.39682539682539686,1,0.4444444444444445,0.4444444444444445,0.4444444444444445,nan,nan
denovo_pdb__7hjp_A,3,250,True,83,83,34,0.40963855421686746,0.3655913978494624,0.38636363636363635,8,4,0.5,0.6666666666666666,0.5714285714285715,23,13,0.5652173913043478,0.5,0.5306122448979592,52,17,0.3269230769230769,0.2786885245901639,0.30088495575221236,1,0.38636363636363635,0.38636363636363635,0.38636363636363635,nan,nan
denovo_pdb__7hjr_A,0,298,True,99,99,29,0.29292929292929293,0.30851063829787234,0.3005181347150259,8,4,0.5,0.6666666666666666,0.5714285714285715,17,8,0.47058823529411764,0.32,0.38095238095238104,74,17,0.22972972972972974,0.2698412698412698,0.24817518248175183,1,0.3005181347150259,0.3005181347150259,0.3005181347150259,nan,nan
denovo_pdb__7hjr_A,1,343,True,114,114,49,0.4298245614035088,0.5212765957446809,0.4711538461538462,8,5,0.625,0.8333333333333334,0.7142857142857143,23,17,0.7391304347826086,0.68,0.7083333333333334,83,27,0.3253012048192771,0.42857142857142855,0.3698630136986301,1,0.4711538461538462,0.4711538461538462,0.4711538461538462,nan,nan
denovo_pdb__7hjr_A,2,247,True,82,82,24,0.2926829268292683,0.2553191489361702,0.2727272727272727,7,4,0.5714285714285714,0.6666666666666666,0.6153846153846153,18,9,0.5,0.36,0.41860465116279066,57,11,0.19298245614035087,0.1746031746031746,0.18333333333333332,1,0.2727272727272727,0.2727272727272727,0.2727272727272727,nan,nan
denovo_pdb__7hjr_A,3,175,True,58,58,29,0.5,0.30851063829787234,0.381578947368421,3,2,0.6666666666666666,0.3333333333333333,0.4444444444444444,18,10,0.5555555555555556,0.4,0.46511627906976744,37,17,0.4594594594594595,0.2698412698412698,0.34,1,0.381578947368421,0.381578947368421,0.381578947368421,nan,nan
denovo_pdb__7hjt_A,0,328,True,109,109,34,0.3119266055045872,0.37777777777777777,0.3417085427135678,7,1,0.14285714285714285,0.2,0.16666666666666666,22,10,0.45454545454545453,0.4,0.4255319148936171,80,23,0.2875,0.38333333333333336,0.32857142857142857,1,0.3417085427135678,0.3417085427135678,0.3417085427135678,nan,nan
denovo_pdb__7hjt_A,1,187,True,62,62,25,0.4032258064516129,0.2777777777777778,0.32894736842105265,8,3,0.375,0.6,0.4615384615384615,22,13,0.5909090909090909,0.52,0.5531914893617023,32,9,0.28125,0.15,0.19565217391304346,1,0.32894736842105265,0.32894736842105265,0.32894736842105265,nan,nan
denovo_pdb__7hjt_A,2,163,True,54,54,27,0.5,0.3,0.37499999999999994,4,3,0.75,0.6,0.6666666666666665,22,19,0.8636363636363636,0.76,0.8085106382978724,28,5,0.17857142857142858,0.08333333333333333,0.11363636363636362,1,0.37499999999999994,0.37499999999999994,0.37499999999999994,nan,nan
denovo_pdb__7hjt_A,3,271,True,90,90,26,0.28888888888888886,0.28888888888888886,0.28888888888888886,4,1,0.25,0.2,0.22222222222222224,20,12,0.6,0.48,0.5333333333333332,66,13,0.19696969696969696,0.21666666666666667,0.20634920634920634,1,0.28888888888888886,0.28888888888888886,0.28888888888888886,nan,nan
denovo_pdb__7hjv_A,0,292,True,97,97,26,0.26804123711340205,0.2826086956521739,0.2751322751322751,10,4,0.4,0.6666666666666666,0.5,20,7,0.35,0.2692307692307692,0.3043478260869565,67,15,0.22388059701492538,0.25,0.2362204724409449,1,0.2751322751322751,0.2751322751322751,0.2751322751322751,nan,nan
denovo_pdb__7hjv_A,1,235,True,78,78,42,0.5384615384615384,0.45652173913043476,0.49411764705882355,7,5,0.7142857142857143,0.8333333333333334,0.7692307692307692,18,13,0.7222222222222222,0.5,0.5909090909090908,53,24,0.4528301886792453,0.4,0.4247787610619469,1,0.49411764705882355,0.49411764705882355,0.49411764705882355,nan,nan
denovo_pdb__7hjv_A,2,79,True,26,26,11,0.4230769230769231,0.11956521739130435,0.1864406779661017,2,2,1.0,0.3333333333333333,0.5,5,3,0.6,0.11538461538461539,0.1935483870967742,19,6,0.3157894736842105,0.1,0.15189873417721522,1,0.1864406779661017,0.1864406779661017,0.1864406779661017,nan,nan
denovo_pdb__7hjv_A,3,208,True,68,68,7,0.10294117647058823,0.07608695652173914,0.0875,5,2,0.4,0.3333333333333333,0.3636363636363636,14,3,0.21428571428571427,0.11538461538461539,0.15,49,2,0.04081632653061224,0.03333333333333333,0.03669724770642202,1,0.0875,0.0875,0.0875,nan,nan
denovo_pdb__7hjx_A,0,139,True,46,46,13,0.2826086956521739,0.13978494623655913,0.18705035971223022,15,6,0.4,1.0,0.5714285714285715,14,6,0.42857142857142855,0.24,0.30769230769230765,17,1,0.058823529411764705,0.016129032258064516,0.02531645569620253,1,0.18705035971223022,0.18705035971223022,0.18705035971223022,nan,nan
denovo_pdb__7hjx_A,1,229,True,76,76,11,0.14473684210526316,0.11827956989247312,0.1301775147928994,9,2,0.2222222222222222,0.3333333333333333,0.26666666666666666,16,4,0.25,0.16,0.19512195121951217,51,5,0.09803921568627451,0.08064516129032258,0.08849557522123894,1,0.1301775147928994,0.1301775147928994,0.1301775147928994,nan,nan
denovo_pdb__7hjx_A,2,226,True,75,75,52,0.6933333333333334,0.5591397849462365,0.6190476190476191,6,3,0.5,0.5,0.5,19,14,0.7368421052631579,0.56,0.6363636363636364,50,35,0.7,0.5645161290322581,0.625,1,0.6190476190476191,0.6190476190476191,0.6190476190476191,nan,nan
denovo_pdb__7hjx_A,3,280,True,93,93,51,0.5483870967741935,0.5483870967741935,0.5483870967741935,7,4,0.5714285714285714,0.6666666666666666,0.6153846153846153,15,12,0.8,0.48,0.6,71,35,0.49295774647887325,0.5645161290322581,0.5263157894736842,1,0.5483870967741935,0.5483870967741935,0.5483870967741935,nan,nan
denovo_pdb__7hjz_A,0,163,True,54,54,26,0.48148148148148145,0.2736842105263158,0.3489932885906041,9,4,0.4444444444444444,0.5714285714285714,0.5,11,8,0.7272727272727273,0.32,0.4444444444444444,34,14,0.4117647058823529,0.2222222222222222,0.28865979381443296,1,0.3489932885906041,0.3489932885906041,0.3489932885906041,nan,nan
denovo_pdb__7hjz_A,1,181,True,60,60,28,0.4666666666666667,0.29473684210526313,0.3612903225806452,12,5,0.4166666666666667,0.7142857142857143,0.5263157894736842,19,11,0.5789473684210527,0.44,0.5,29,12,0.41379310344827586,0.19047619047619047,0.26086956521739135,1,0.3612903225806452,0.3612903225806452,0.3612903225806452,nan,nan
denovo_pdb__7hjz_A,2,253,True,84,84,31,0.36904761904761907,0.3263157894736842,0.3463687150837989,8,4,0.5,0.5714285714285714,0.5333333333333333,19,11,0.5789473684210527,0.44,0.5,57,16,0.2807017543859649,0.25396825396825395,0.26666666666666666,1,0.3463687150837989,0.3463687150837989,0.3463687150837989,nan,nan
denovo_pdb__7hjz_A,3,154,True,51,51,21,0.4117647058823529,0.22105263157894736,0.2876712328767123,8,4,0.5,0.5714285714285714,0.5333333333333333,14,8,0.5714285714285714,0.32,0.41025641025641024,29,9,0.3103448275862069,0.14285714285714285,0.1956521739130435,1,0.2876712328767123,0.2876712328767123,0.2876712328767123,nan,nan
denovo_pdb__7hk1_A,0,241,True,80,80,13,0.1625,0.14444444444444443,0.15294117647058822,6,3,0.5,0.6,0.5454545454545454,21,4,0.19047619047619047,0.16,0.17391304347826086,53,6,0.11320754716981132,0.1,0.10619469026548672,1,0.15294117647058822,0.15294117647058822,0.15294117647058822,nan,nan
denovo_pdb__7hk1_A,1,283,True,94,94,22,0.23404255319148937,0.24444444444444444,0.23913043478260868,14,4,0.2857142857142857,0.8,0.4210526315789473,17,5,0.29411764705882354,0.2,0.2380952380952381,63,13,0.20634920634920634,0.21666666666666667,0.2113821138211382,1,0.23913043478260868,0.23913043478260868,0.23913043478260868,nan,nan
denovo_pdb__7hk1_A,2,169,True,56,56,13,0.23214285714285715,0.14444444444444443,0.1780821917808219,10,4,0.4,0.8,0.5333333333333333,8,4,0.5,0.16,0.24242424242424243,38,5,0.13157894736842105,0.08333333333333333,0.1020408163265306,1,0.1780821917808219,0.1780821917808219,0.1780821917808219,nan,nan
denovo_pdb__7hk1_A,3,244,True,81,81,17,0.20987654320987653,0.18888888888888888,0.19883040935672514,6,4,0.6666666666666666,0.8,0.7272727272727272,22,8,0.36363636363636365,0.32,0.3404255319148936,53,5,0.09433962264150944,0.08333333333333333,0.08849557522123894,1,0.19883040935672514,0.19883040935672514,0.19883040935672514,nan,nan
denovo_pdb__7hk3_A,0,211,True,70,70,10,0.14285714285714285,0.10869565217391304,0.12345679012345678,19,4,0.21052631578947367,0.6666666666666666,0.32,19,4,0.21052631578947367,0.15384615384615385,0.17777777777777778,32,2,0.0625,0.03333333333333333,0.04347826086956522,1,0.12345679012345678,0.12345679012345678,0.12345679012345678,nan,nan
denovo_pdb__7hk3_A,1,181,True,60,60,27,0.45,0.29347826086956524,0.35526315789473684,8,2,0.25,0.3333333333333333,0.28571428571428575,18,8,0.4444444444444444,0.3076923076923077,0.3636363636363637,34,17,0.5,0.2833333333333333,0.36170212765957444,1,0.35526315789473684,0.35526315789473684,0.35526315789473684,nan,nan
denovo_pdb__7hk3_A,2,283,True,94,94,42,0.44680851063829785,0.45652173913043476,0.45161290322580644,8,2,0.25,0.3333333333333333,0.28571428571428575,19,14,0.7368421052631579,0.5384615384615384,0.6222222222222222,67,26,0.3880597014925373,0.43333333333333335,0.4094488188976378,1,0.45161290322580644,0.45161290322580644,0.45161290322580644,nan,nan
denovo_pdb__7hk3_A,3,304,True,101,101,14,0.13861386138613863,0.15217391304347827,0.1450777202072539,12,1,0.08333333333333333,0.16666666666666666,0.1111111111111111,20,7,0.35,0.2692307692307692,0.3043478260869565,69,6,0.08695652173913043,0.1,0.09302325581395349,1,0.1450777202072539,0.1450777202072539,0.1450777202072539,nan,nan
denovo_pdb__7jrq_A,0,250,True,83,83,29,0.3493975903614458,0.30526315789473685,0.3258426966292135,9,4,0.4444444444444444,0.2857142857142857,0.34782608695652173,18,12,0.6666666666666666,0.5454545454545454,0.6,56,13,0.23214285714285715,0.22033898305084745,0.2260869565217391,1,0.3258426966292135,0.3258426966292135,0.3258426966292135,nan,nan
denovo_pdb__7jrq_A,1,283,True,94,94,45,0.4787234042553192,0.47368421052631576,0.47619047619047616,7,6,0.8571428571428571,0.42857142857142855,0.5714285714285714,17,14,0.8235294117647058,0.6363636363636364,0.717948717948718,70,25,0.35714285714285715,0.423728813559322,0.38759689922480617,1,0.47619047619047616,0.47619047619047616,0.47619047619047616,nan,nan
denovo_pdb__7jrq_A,2,277,True,92,92,42,0.45652173913043476,0.4421052631578947,0.4491978609625668,10,3,0.3,0.21428571428571427,0.25,19,13,0.6842105263157895,0.5909090909090909,0.6341463414634148,63,26,0.4126984126984127,0.4406779661016949,0.4262295081967213,1,0.4491978609625668,0.4491978609625668,0.4491978609625668,nan,nan
denovo_pdb__7jrq_A,3,346,True,115,115,62,0.5391304347826087,0.6526315789473685,0.5904761904761905,9,6,0.6666666666666666,0.42857142857142855,0.5217391304347826,21,18,0.8571428571428571,0.8181818181818182,0.8372093023255814,85,38,0.4470588235294118,0.6440677966101694,0.5277777777777777,1,0.5904761904761905,0.5904761904761905,0.5904761904761905,nan,nan
denovo_pdb__7mcc_A,0,559,True,186,186,65,0.34946236559139787,0.37572254335260113,0.36211699164345407,30,13,0.43333333333333335,0.38235294117647056,0.40625,53,21,0.39622641509433965,0.5121951219512195,0.44680851063829785,103,31,0.30097087378640774,0.3163265306122449,0.30845771144278605,1,0.36211699164345407,0.36211699164345407,0.36211699164345407,nan,nan
denovo_pdb__7mcc_A,1,556,True,185,185,63,0.34054054054054056,0.36416184971098264,0.3519553072625698,27,13,0.48148148148148145,0.38235294117647056,0.4262295081967213,42,14,0.3333333333333333,0.34146341463414637,0.3373493975903615,116,36,0.3103448275862069,0.3673469387755102,0.3364485981308411,1,0.3519553072625698,0.3519553072625698,0.3519553072625698,nan,nan
denovo_pdb__7mcc_A,2,517,True,172,172,58,0.3372093023255814,0.3352601156069364,0.336231884057971,24,13,0.5416666666666666,0.38235294117647056,0.44827586206896547,45,10,0.2222222222222222,0.24390243902439024,0.23255813953488372,103,35,0.33980582524271846,0.35714285714285715,0.34825870646766166,1,0.336231884057971,0.336231884057971,0.336231884057971,nan,nan
denovo_pdb__7mcc_A,3,589,True,195,195,78,0.4,0.4508670520231214,0.4239130434782609,27,17,0.6296296296296297,0.5,0.5573770491803278,44,17,0.38636363636363635,0.4146341463414634,0.39999999999999997,124,44,0.3548387096774194,0.4489795918367347,0.3963963963963964,1,0.4239130434782609,0.4239130434782609,0.4239130434782609,nan,nan
denovo_pdb__7osu_A,0,736,True,245,245,97,0.39591836734693875,0.40082644628099173,0.3983572895277207,39,16,0.41025641025641024,0.4,0.4050632911392405,84,28,0.3333333333333333,0.4444444444444444,0.380952380952381,122,53,0.4344262295081967,0.381294964028777,0.4061302681992337,1,0.3983572895277207,0.3983572895277207,0.3983572895277207,nan,nan
denovo_pdb__7osu_A,1,697,True,231,231,109,0.47186147186147187,0.45041322314049587,0.4608879492600423,38,20,0.5263157894736842,0.5,0.5128205128205129,81,28,0.345679012345679,0.4444444444444444,0.3888888888888889,112,61,0.5446428571428571,0.43884892086330934,0.48605577689243024,1,0.4608879492600423,0.4608879492600423,0.4608879492600423,nan,nan
denovo_pdb__7osu_A,2,556,True,185,185,71,0.3837837837837838,0.29338842975206614,0.3325526932084309,34,16,0.47058823529411764,0.4,0.4324324324324324,46,16,0.34782608695652173,0.25396825396825395,0.2935779816513761,105,39,0.37142857142857144,0.2805755395683453,0.31967213114754095,1,0.3325526932084309,0.3325526932084309,0.3325526932084309,nan,nan
denovo_pdb__7osu_A,3,733,True,243,243,105,0.43209876543209874,0.43388429752066116,0.4329896907216495,38,18,0.47368421052631576,0.45,0.46153846153846156,77,28,0.36363636363636365,0.4444444444444444,0.39999999999999997,128,59,0.4609375,0.4244604316546763,0.4419475655430712,1,0.4329896907216495,0.4329896907216495,0.4329896907216495,nan,nan
denovo_pdb__7ot7_A,0,766,True,254,254,52,0.2047244094488189,0.21487603305785125,0.20967741935483872,38,14,0.3684210526315789,0.358974358974359,0.36363636363636365,64,9,0.140625,0.140625,0.140625,152,29,0.19078947368421054,0.20863309352517986,0.19931271477663232,1,0.20967741935483872,0.20967741935483872,0.20967741935483872,nan,nan
denovo_pdb__7ot7_A,1,694,True,230,230,65,0.2826086956521739,0.26859504132231404,0.2754237288135593,38,11,0.2894736842105263,0.28205128205128205,0.28571428571428575,88,20,0.22727272727272727,0.3125,0.2631578947368421,104,34,0.3269230769230769,0.2446043165467626,0.2798353909465021,1,0.2754237288135593,0.2754237288135593,0.2754237288135593,nan,nan
denovo_pdb__7ot7_A,2,742,True,247,247,69,0.2793522267206478,0.28512396694214875,0.2822085889570552,35,17,0.4857142857142857,0.4358974358974359,0.45945945945945943,44,10,0.22727272727272727,0.15625,0.18518518518518515,168,42,0.25,0.302158273381295,0.2736156351791531,1,0.2822085889570552,0.2822085889570552,0.2822085889570552,nan,nan
denovo_pdb__7ot7_A,3,679,True,226,226,96,0.4247787610619469,0.39669421487603307,0.4102564102564103,29,19,0.6551724137931034,0.48717948717948717,0.5588235294117647,78,36,0.46153846153846156,0.5625,0.5070422535211268,119,41,0.3445378151260504,0.2949640287769784,0.31782945736434104,1,0.4102564102564103,0.4102564102564103,0.4102564102564103,nan,nan
denovo_pdb__7qnl_AAA,0,526,True,175,175,118,0.6742857142857143,0.7108433734939759,0.6920821114369501,20,13,0.65,0.6190476190476191,0.6341463414634146,31,23,0.7419354838709677,0.7419354838709677,0.7419354838709677,124,82,0.6612903225806451,0.7192982456140351,0.689075630252101,1,0.6920821114369501,0.6920821114369501,0.6920821114369501,nan,nan
denovo_pdb__7qnl_AAA,1,454,True,151,151,112,0.7417218543046358,0.6746987951807228,0.7066246056782335,14,11,0.7857142857142857,0.5238095238095238,0.6285714285714286,38,27,0.7105263157894737,0.8709677419354839,0.782608695652174,99,74,0.7474747474747475,0.6491228070175439,0.6948356807511736,1,0.7066246056782335,0.7066246056782335,0.7066246056782335,nan,nan
denovo_pdb__7qnl_AAA,2,424,True,141,141,111,0.7872340425531915,0.6686746987951807,0.7231270358306189,21,14,0.6666666666666666,0.6666666666666666,0.6666666666666666,25,19,0.76,0.6129032258064516,0.6785714285714285,95,78,0.8210526315789474,0.6842105263157895,0.7464114832535885,1,0.7231270358306189,0.7231270358306189,0.7231270358306189,nan,nan
denovo_pdb__7qnl_AAA,3,535,True,178,178,109,0.6123595505617978,0.6566265060240963,0.6337209302325582,26,16,0.6153846153846154,0.7619047619047619,0.6808510638297872,29,18,0.6206896551724138,0.5806451612903226,0.6000000000000001,123,75,0.6097560975609756,0.6578947368421053,0.6329113924050632,1,0.6337209302325582,0.6337209302325582,0.6337209302325582,nan,nan
denovo_pdb__7smj_A,0,592,True,197,197,57,0.2893401015228426,0.3433734939759036,0.3140495867768595,29,11,0.3793103448275862,0.3333333333333333,0.3548387096774193,56,9,0.16071428571428573,0.21428571428571427,0.1836734693877551,112,37,0.33035714285714285,0.4065934065934066,0.3645320197044335,1,0.3140495867768595,0.3140495867768595,0.3140495867768595,nan,nan
denovo_pdb__7smj_A,1,475,True,158,158,72,0.45569620253164556,0.43373493975903615,0.4444444444444444,25,16,0.64,0.48484848484848486,0.5517241379310344,41,17,0.4146341463414634,0.40476190476190477,0.4096385542168674,92,39,0.42391304347826086,0.42857142857142855,0.4262295081967213,1,0.4444444444444444,0.4444444444444444,0.4444444444444444,nan,nan
denovo_pdb__7smj_A,2,436,True,145,145,23,0.15862068965517243,0.13855421686746988,0.14790996784565916,26,6,0.23076923076923078,0.18181818181818182,0.2033898305084746,34,2,0.058823529411764705,0.047619047619047616,0.05263157894736842,85,15,0.17647058823529413,0.16483516483516483,0.17045454545454544,1,0.14790996784565916,0.14790996784565916,0.14790996784565916,nan,nan
denovo_pdb__7smj_A,3,490,True,163,163,56,0.34355828220858897,0.3373493975903614,0.3404255319148936,20,11,0.55,0.3333333333333333,0.4150943396226416,46,13,0.2826086956521739,0.30952380952380953,0.29545454545454547,97,32,0.32989690721649484,0.3516483516483517,0.3404255319148936,1,0.3404255319148936,0.3404255319148936,0.3404255319148936,nan,nan
denovo_pdb__7sq4_A,0,73,True,24,24,2,0.08333333333333333,0.6666666666666666,0.14814814814814814,3,2,0.6666666666666666,0.6666666666666666,0.6666666666666666,7,0,0.0,nan,nan,14,0,0.0,nan,nan,1,0.14814814814814814,0.14814814814814814,0.14814814814814814,nan,nan
denovo_pdb__7sq4_A,1,19,True,6,6,2,0.3333333333333333,0.6666666666666666,0.4444444444444444,3,2,0.6666666666666666,0.6666666666666666,0.6666666666666666,3,0,0.0,nan,nan,0,0,0.0,nan,nan,1,0.4444444444444444,0.4444444444444444,0.4444444444444444,nan,nan
denovo_pdb__7sq4_A,2,91,True,30,30,0,0.0,0.0,0.0,4,0,0.0,0.0,0.0,10,0,0.0,nan,nan,16,0,0.0,nan,nan,1,0.0,0.0,0.0,nan,nan
denovo_pdb__7sq4_A,3,25,True,8,8,3,0.375,1.0,0.5454545454545454,3,3,1.0,1.0,1.0,0,0,0.0,nan,nan,5,0,0.0,nan,nan,1,0.5454545454545454,0.5454545454545454,0.5454545454545454,nan,nan
denovo_pdb__7tal_A,0,418,True,139,139,55,0.39568345323741005,0.28350515463917525,0.3303303303303303,36,17,0.4722222222222222,0.4722222222222222,0.4722222222222222,50,22,0.44,0.3793103448275862,0.4074074074074074,53,16,0.3018867924528302,0.16,0.20915032679738563,1,0.3303303303303303,0.3303303303303303,0.3303303303303303,nan,nan
denovo_pdb__7tal_A,1,466,True,155,155,42,0.2709677419354839,0.21649484536082475,0.24068767908309457,34,11,0.3235294117647059,0.3055555555555556,0.31428571428571433,53,13,0.24528301886792453,0.22413793103448276,0.23423423423423423,68,18,0.2647058823529412,0.18,0.21428571428571427,1,0.24068767908309457,0.24068767908309457,0.24068767908309457,nan,nan
denovo_pdb__7tal_A,2,409,True,136,136,11,0.08088235294117647,0.05670103092783505,0.06666666666666667,26,7,0.2692307692307692,0.19444444444444445,0.22580645161290322,32,3,0.09375,0.05172413793103448,0.06666666666666667,78,1,0.01282051282051282,0.01,0.011235955056179777,1,0.06666666666666667,0.06666666666666667,0.06666666666666667,nan,nan
denovo_pdb__7tal_A,3,445,True,148,148,39,0.2635135135135135,0.20103092783505155,0.22807017543859648,26,9,0.34615384615384615,0.25,0.2903225806451613,43,15,0.3488372093023256,0.25862068965517243,0.297029702970297,79,15,0.189873417721519,0.15,0.16759776536312848,1,0.22807017543859648,0.22807017543859648,0.22807017543859648,nan,nan
denovo_pdb__7udo_A,0,415,True,138,138,22,0.15942028985507245,0.14864864864864866,0.15384615384615385,19,4,0.21052631578947367,0.23529411764705882,0.2222222222222222,18,2,0.1111111111111111,0.06666666666666667,0.08333333333333334,101,16,0.15841584158415842,0.15841584158415842,0.15841584158415842,1,0.15384615384615385,0.15384615384615385,0.15384615384615385,nan,nan
denovo_pdb__7udo_A,1,358,True,119,119,35,0.29411764705882354,0.23648648648648649,0.2621722846441948,20,6,0.3,0.35294117647058826,0.3243243243243243,24,11,0.4583333333333333,0.36666666666666664,0.4074074074074074,75,18,0.24,0.1782178217821782,0.20454545454545453,1,0.2621722846441948,0.2621722846441948,0.2621722846441948,nan,nan
denovo_pdb__7udo_A,2,418,True,139,139,33,0.23741007194244604,0.22297297297297297,0.22996515679442506,29,8,0.27586206896551724,0.47058823529411764,0.34782608695652173,27,8,0.2962962962962963,0.26666666666666666,0.28070175438596495,83,17,0.20481927710843373,0.16831683168316833,0.18478260869565216,1,0.22996515679442506,0.22996515679442506,0.22996515679442506,nan,nan
denovo_pdb__7udo_A,3,472,True,157,157,35,0.2229299363057325,0.23648648648648649,0.22950819672131148,28,9,0.32142857142857145,0.5294117647058824,0.39999999999999997,29,14,0.4827586206896552,0.4666666666666667,0.47457627118644075,100,12,0.12,0.1188118811881188,0.11940298507462686,1,0.22950819672131148,0.22950819672131148,0.22950819672131148,nan,nan
denovo_pdb__7ur7_A,0,193,True,64,64,28,0.4375,0.4666666666666667,0.45161290322580644,16,15,0.9375,1.0,0.967741935483871,16,7,0.4375,0.5,0.4666666666666667,32,6,0.1875,0.1935483870967742,0.19047619047619047,1,0.45161290322580644,0.45161290322580644,0.45161290322580644,nan,nan
denovo_pdb__7ur7_A,1,109,True,36,36,23,0.6388888888888888,0.38333333333333336,0.4791666666666667,16,14,0.875,0.9333333333333333,0.9032258064516129,16,8,0.5,0.5714285714285714,0.5333333333333333,4,1,0.25,0.03225806451612903,0.05714285714285715,1,0.4791666666666667,0.4791666666666667,0.4791666666666667,nan,nan
denovo_pdb__7ur7_A,2,154,True,51,51,26,0.5098039215686274,0.43333333333333335,0.46846846846846846,14,12,0.8571428571428571,0.8,0.8275862068965518,15,6,0.4,0.42857142857142855,0.4137931034482759,22,8,0.36363636363636365,0.25806451612903225,0.3018867924528302,1,0.46846846846846846,0.46846846846846846,0.46846846846846846,nan,nan
denovo_pdb__7ur7_A,3,169,True,56,56,35,0.625,0.5833333333333334,0.603448275862069,15,14,0.9333333333333333,0.9333333333333333,0.9333333333333333,18,10,0.5555555555555556,0.7142857142857143,0.6250000000000001,23,11,0.4782608695652174,0.3548387096774194,0.40740740740740744,1,0.603448275862069,0.603448275862069,0.603448275862069,nan,nan
denovo_pdb__7vql_A,0,322,True,107,107,34,0.3177570093457944,0.35789473684210527,0.3366336633663366,8,2,0.25,0.15384615384615385,0.1904761904761905,19,5,0.2631578947368421,0.38461538461538464,0.3125,80,27,0.3375,0.391304347826087,0.3624161073825503,1,0.3366336633663366,0.3366336633663366,0.3366336633663366,nan,nan
denovo_pdb__7vql_A,1,193,True,64,64,27,0.421875,0.28421052631578947,0.339622641509434,17,5,0.29411764705882354,0.38461538461538464,0.33333333333333337,11,1,0.09090909090909091,0.07692307692307693,0.08333333333333334,36,21,0.5833333333333334,0.30434782608695654,0.4,1,0.339622641509434,0.339622641509434,0.339622641509434,nan,nan
denovo_pdb__7vql_A,2,238,True,79,79,27,0.34177215189873417,0.28421052631578947,0.31034482758620685,10,4,0.4,0.3076923076923077,0.34782608695652173,16,5,0.3125,0.38461538461538464,0.3448275862068966,53,18,0.33962264150943394,0.2608695652173913,0.2950819672131147,1,0.31034482758620685,0.31034482758620685,0.31034482758620685,nan,nan
denovo_pdb__7vql_A,3,208,True,69,69,29,0.42028985507246375,0.30526315789473685,0.3536585365853659,17,6,0.35294117647058826,0.46153846153846156,0.4000000000000001,16,5,0.3125,0.38461538461538464,0.3448275862068966,36,18,0.5,0.2608695652173913,0.3428571428571428,1,0.3536585365853659,0.3536585365853659,0.3536585365853659,nan,nan
denovo_pdb__7vty_A,0,97,True,32,32,3,0.09375,0.036585365853658534,0.05263157894736841,9,2,0.2222222222222222,0.16666666666666666,0.1904761904761905,6,1,0.16666666666666666,0.06666666666666667,0.09523809523809522,17,0,0.0,0.0,0.0,1,0.05263157894736841,0.05263157894736841,0.05263157894736841,nan,nan
denovo_pdb__7vty_A,1,31,True,10,10,2,0.2,0.024390243902439025,0.04347826086956522,6,1,0.16666666666666666,0.08333333333333333,0.1111111111111111,4,1,0.25,0.06666666666666667,0.10526315789473685,0,0,0.0,0.0,0.0,1,0.04347826086956522,0.04347826086956522,0.04347826086956522,nan,nan
denovo_pdb__7vty_A,2,127,True,42,42,6,0.14285714285714285,0.07317073170731707,0.0967741935483871,16,4,0.25,0.3333333333333333,0.28571428571428575,11,2,0.18181818181818182,0.13333333333333333,0.15384615384615383,15,0,0.0,0.0,0.0,1,0.0967741935483871,0.0967741935483871,0.0967741935483871,nan,nan
denovo_pdb__7vty_A,3,133,True,44,44,2,0.045454545454545456,0.024390243902439025,0.031746031746031744,12,1,0.08333333333333333,0.08333333333333333,0.08333333333333333,8,0,0.0,0.0,0.0,24,1,0.041666666666666664,0.01818181818181818,0.025316455696202528,1,0.031746031746031744,0.031746031746031744,0.031746031746031744,nan,nan
denovo_pdb__8a3k_UNK,0,355,True,118,118,40,0.3389830508474576,0.38461538461538464,0.3603603603603604,12,7,0.5833333333333334,0.7,0.6363636363636365,18,8,0.4444444444444444,0.5,0.47058823529411764,88,25,0.2840909090909091,0.32051282051282054,0.30120481927710846,1,0.3603603603603604,0.3603603603603604,0.3603603603603604,nan,nan
denovo_pdb__8a3k_UNK,1,292,True,97,97,4,0.041237113402061855,0.038461538461538464,0.03980099502487563,7,1,0.14285714285714285,0.1,0.11764705882352941,8,0,0.0,0.0,0.0,82,3,0.036585365853658534,0.038461538461538464,0.0375,1,0.03980099502487563,0.03980099502487563,0.03980099502487563,nan,nan
denovo_pdb__8a3k_UNK,2,136,True,45,45,28,0.6222222222222222,0.2692307692307692,0.37583892617449666,6,2,0.3333333333333333,0.2,0.25,9,7,0.7777777777777778,0.4375,0.56,30,19,0.6333333333333333,0.24358974358974358,0.3518518518518518,1,0.37583892617449666,0.37583892617449666,0.37583892617449666,nan,nan
denovo_pdb__8a3k_UNK,3,325,True,107,107,15,0.14018691588785046,0.14423076923076922,0.14218009478672985,8,1,0.125,0.1,0.11111111111111112,13,1,0.07692307692307693,0.0625,0.06896551724137931,86,13,0.1511627906976744,0.16666666666666666,0.15853658536585363,1,0.14218009478672985,0.14218009478672985,0.14218009478672985,nan,nan
denovo_pdb__8bcs_A,0,58,True,19,19,13,0.6842105263157895,0.6190476190476191,0.6500000000000001,1,1,1.0,0.5,0.6666666666666666,8,7,0.875,0.875,0.875,10,5,0.5,0.45454545454545453,0.47619047619047616,1,0.6500000000000001,0.6500000000000001,0.6500000000000001,nan,nan
denovo_pdb__8bcs_A,1,55,True,18,18,12,0.6666666666666666,0.5714285714285714,0.6153846153846153,2,0,0.0,0.0,0.0,5,5,1.0,0.625,0.7692307692307693,11,7,0.6363636363636364,0.6363636363636364,0.6363636363636364,1,0.6153846153846153,0.6153846153846153,0.6153846153846153,nan,nan
denovo_pdb__8bcs_A,2,67,True,22,22,19,0.8636363636363636,0.9047619047619048,0.8837209302325582,2,2,1.0,1.0,1.0,8,7,0.875,0.875,0.875,12,10,0.8333333333333334,0.9090909090909091,0.8695652173913043,1,0.8837209302325582,0.8837209302325582,0.8837209302325582,nan,nan
denovo_pdb__8bcs_A,3,67,True,22,22,3,0.13636363636363635,0.14285714285714285,0.1395348837209302,1,0,0.0,0.0,0.0,12,1,0.08333333333333333,0.125,0.1,9,2,0.2222222222222222,0.18181818181818182,0.19999999999999998,1,0.1395348837209302,0.1395348837209302,0.1395348837209302,nan,nan
denovo_pdb__8bl5_A,0,319,True,106,106,18,0.16981132075471697,0.16363636363636364,0.16666666666666666,19,6,0.3157894736842105,0.2727272727272727,0.2926829268292683,26,9,0.34615384615384615,0.25,0.2903225806451613,61,3,0.04918032786885246,0.057692307692307696,0.05309734513274337,1,0.16666666666666666,0.16666666666666666,0.16666666666666666,nan,nan
denovo_pdb__8bl5_A,1,316,True,105,105,25,0.23809523809523808,0.22727272727272727,0.23255813953488372,20,10,0.5,0.45454545454545453,0.47619047619047616,27,12,0.4444444444444444,0.3333333333333333,0.380952380952381,58,3,0.05172413793103448,0.057692307692307696,0.05454545454545454,1,0.23255813953488372,0.23255813953488372,0.23255813953488372,nan,nan
denovo_pdb__8bl5_A,2,379,True,126,126,10,0.07936507936507936,0.09090909090909091,0.0847457627118644,21,5,0.23809523809523808,0.22727272727272727,0.23255813953488372,31,5,0.16129032258064516,0.1388888888888889,0.14925373134328357,74,0,0.0,0.0,0.0,1,0.0847457627118644,0.0847457627118644,0.0847457627118644,nan,nan
denovo_pdb__8bl5_A,3,319,True,106,106,28,0.2641509433962264,0.2545454545454545,0.25925925925925924,21,11,0.5238095238095238,0.5,0.5116279069767442,36,15,0.4166666666666667,0.4166666666666667,0.4166666666666667,49,2,0.04081632653061224,0.038461538461538464,0.039603960396039604,1,0.25925925925925924,0.25925925925925924,0.25925925925925924,nan,nan
denovo_pdb__8bl9_A,0,370,True,123,123,22,0.17886178861788618,0.2037037037037037,0.19047619047619047,28,9,0.32142857142857145,0.45,0.375,36,10,0.2777777777777778,0.2857142857142857,0.28169014084507044,59,3,0.05084745762711865,0.05660377358490566,0.053571428571428575,1,0.19047619047619047,0.19047619047619047,0.19047619047619047,nan,nan
denovo_pdb__8bl9_A,1,286,True,95,95,13,0.1368421052631579,0.12037037037037036,0.12807881773399016,17,2,0.11764705882352941,0.1,0.1081081081081081,23,6,0.2608695652173913,0.17142857142857143,0.20689655172413796,55,5,0.09090909090909091,0.09433962264150944,0.09259259259259259,1,0.12807881773399016,0.12807881773399016,0.12807881773399016,nan,nan
denovo_pdb__8bl9_A,2,313,True,104,104,16,0.15384615384615385,0.14814814814814814,0.1509433962264151,17,6,0.35294117647058826,0.3,0.3243243243243243,34,9,0.2647058823529412,0.2571428571428571,0.2608695652173913,53,1,0.018867924528301886,0.018867924528301886,0.018867924528301886,1,0.1509433962264151,0.1509433962264151,0.1509433962264151,nan,nan
denovo_pdb__8bl9_A,3,418,True,139,139,29,0.20863309352517986,0.26851851851851855,0.2348178137651822,22,11,0.5,0.55,0.5238095238095238,40,13,0.325,0.37142857142857144,0.3466666666666667,77,5,0.06493506493506493,0.09433962264150944,0.07692307692307693,1,0.2348178137651822,0.2348178137651822,0.2348178137651822,nan,nan
denovo_pdb__8ch0_A,0,385,True,128,128,105,0.8203125,0.84,0.8300395256916997,17,12,0.7058823529411765,1.0,0.8275862068965517,49,44,0.8979591836734694,0.8627450980392157,0.8799999999999999,62,49,0.7903225806451613,0.7903225806451613,0.7903225806451614,1,0.8300395256916997,0.8300395256916997,0.8300395256916997,nan,nan
denovo_pdb__8ch0_A,1,358,True,119,119,96,0.8067226890756303,0.768,0.7868852459016394,15,11,0.7333333333333333,0.9166666666666666,0.8148148148148148,45,41,0.9111111111111111,0.803921568627451,0.8541666666666666,59,44,0.7457627118644068,0.7096774193548387,0.7272727272727273,1,0.7868852459016394,0.7868852459016394,0.7868852459016394,nan,nan
denovo_pdb__8ch0_A,2,376,True,124,124,104,0.8387096774193549,0.832,0.8353413654618473,16,11,0.6875,0.9166666666666666,0.7857142857142857,49,44,0.8979591836734694,0.8627450980392157,0.8799999999999999,59,49,0.8305084745762712,0.7903225806451613,0.8099173553719008,1,0.8353413654618473,0.8353413654618473,0.8353413654618473,nan,nan
denovo_pdb__8ch0_A,3,370,True,123,123,104,0.8455284552845529,0.832,0.8387096774193549,17,12,0.7058823529411765,1.0,0.8275862068965517,49,44,0.8979591836734694,0.8627450980392157,0.8799999999999999,57,48,0.8421052631578947,0.7741935483870968,0.8067226890756302,1,0.8387096774193549,0.8387096774193549,0.8387096774193549,nan,nan
denovo_pdb__8cig_A,0,397,True,132,132,108,0.8181818181818182,0.8925619834710744,0.8537549407114625,19,14,0.7368421052631579,1.0,0.8484848484848484,52,42,0.8076923076923077,0.9130434782608695,0.8571428571428572,61,52,0.8524590163934426,0.8524590163934426,0.8524590163934426,1,0.8537549407114625,0.8537549407114625,0.8537549407114625,nan,nan
denovo_pdb__8cig_A,1,424,True,141,141,105,0.7446808510638298,0.8677685950413223,0.8015267175572518,15,13,0.8666666666666667,0.9285714285714286,0.896551724137931,47,41,0.8723404255319149,0.8913043478260869,0.8817204301075269,79,51,0.6455696202531646,0.8360655737704918,0.7285714285714285,1,0.8015267175572518,0.8015267175572518,0.8015267175572518,nan,nan
denovo_pdb__8cig_A,2,358,True,119,119,101,0.8487394957983193,0.8347107438016529,0.8416666666666667,14,13,0.9285714285714286,0.9285714285714286,0.9285714285714286,45,39,0.8666666666666667,0.8478260869565217,0.8571428571428571,60,49,0.8166666666666667,0.8032786885245902,0.8099173553719008,1,0.8416666666666667,0.8416666666666667,0.8416666666666667,nan,nan
denovo_pdb__8cig_A,3,373,True,124,124,104,0.8387096774193549,0.859504132231405,0.8489795918367348,17,13,0.7647058823529411,0.9285714285714286,0.8387096774193549,44,39,0.8863636363636364,0.8478260869565217,0.8666666666666666,63,52,0.8253968253968254,0.8524590163934426,0.8387096774193549,1,0.8489795918367348,0.8489795918367348,0.8489795918367348,nan,nan
denovo_pdb__8cmq_A,0,367,True,122,122,104,0.8524590163934426,0.8524590163934426,0.8524590163934426,17,10,0.5882352941176471,0.8333333333333334,0.6896551724137931,48,44,0.9166666666666666,0.8979591836734694,0.9072164948453607,57,50,0.8771929824561403,0.819672131147541,0.8474576271186439,1,0.8524590163934426,0.8524590163934426,0.8524590163934426,nan,nan
denovo_pdb__8cmq_A,1,409,True,136,136,109,0.8014705882352942,0.8934426229508197,0.8449612403100776,18,12,0.6666666666666666,1.0,0.8,58,46,0.7931034482758621,0.9387755102040817,0.8598130841121495,60,51,0.85,0.8360655737704918,0.8429752066115703,1,0.8449612403100776,0.8449612403100776,0.8449612403100776,nan,nan
denovo_pdb__8cmq_A,2,340,True,113,113,90,0.7964601769911505,0.7377049180327869,0.7659574468085107,16,10,0.625,0.8333333333333334,0.7142857142857143,42,39,0.9285714285714286,0.7959183673469388,0.8571428571428572,55,41,0.7454545454545455,0.6721311475409836,0.7068965517241379,1,0.7659574468085107,0.7659574468085107,0.7659574468085107,nan,nan
denovo_pdb__8cmq_A,3,376,True,125,125,97,0.776,0.7950819672131147,0.7854251012145749,15,11,0.7333333333333333,0.9166666666666666,0.8148148148148148,47,40,0.851063829787234,0.8163265306122449,0.8333333333333334,63,46,0.7301587301587301,0.7540983606557377,0.7419354838709677,1,0.7854251012145749,0.7854251012145749,0.7854251012145749,nan,nan
denovo_pdb__8cux_B,0,301,True,100,100,2,0.02,0.020202020202020204,0.020100502512562814,13,1,0.07692307692307693,0.14285714285714285,0.1,36,0,0.0,0.0,0.0,51,1,0.0196078431372549,0.011764705882352941,0.014705882352941176,1,0.020100502512562814,0.020100502512562814,0.020100502512562814,nan,nan
denovo_pdb__8cux_B,1,184,True,61,61,0,0.0,0.0,0.0,14,0,0.0,0.0,0.0,4,0,0.0,0.0,0.0,43,0,0.0,0.0,0.0,1,0.0,0.0,0.0,nan,nan
denovo_pdb__8cux_B,2,241,True,80,80,7,0.0875,0.0707070707070707,0.0782122905027933,10,0,0.0,0.0,0.0,18,1,0.05555555555555555,0.14285714285714285,0.08,52,6,0.11538461538461539,0.07058823529411765,0.08759124087591241,1,0.0782122905027933,0.0782122905027933,0.0782122905027933,nan,nan
denovo_pdb__8cux_B,3,244,True,81,81,5,0.06172839506172839,0.050505050505050504,0.05555555555555556,8,0,0.0,0.0,0.0,12,0,0.0,0.0,0.0,61,5,0.08196721311475409,0.058823529411764705,0.0684931506849315,1,0.05555555555555556,0.05555555555555556,0.05555555555555556,nan,nan
denovo_pdb__8d05_A,0,85,True,28,28,13,0.4642857142857143,0.2708333333333333,0.3421052631578947,9,8,0.8888888888888888,0.8,0.8421052631578948,17,5,0.29411764705882354,0.29411764705882354,0.29411764705882354,2,0,0.0,0.0,0.0,1,0.3421052631578947,0.3421052631578947,0.3421052631578947,nan,nan
denovo_pdb__8d05_A,1,67,True,22,22,11,0.5,0.22916666666666666,0.3142857142857143,7,5,0.7142857142857143,0.5,0.588235294117647,13,6,0.46153846153846156,0.35294117647058826,0.4000000000000001,2,0,0.0,0.0,0.0,1,0.3142857142857143,0.3142857142857143,0.3142857142857143,nan,nan
denovo_pdb__8d05_A,2,61,True,20,20,10,0.5,0.20833333333333334,0.29411764705882354,8,3,0.375,0.3,0.33333333333333326,12,7,0.5833333333333334,0.4117647058823529,0.4827586206896552,0,0,0.0,0.0,0.0,1,0.29411764705882354,0.29411764705882354,0.29411764705882354,nan,nan
denovo_pdb__8d05_A,3,124,True,41,41,19,0.4634146341463415,0.3958333333333333,0.42696629213483145,10,8,0.8,0.8,0.8000000000000002,18,9,0.5,0.5294117647058824,0.5142857142857143,13,2,0.15384615384615385,0.09523809523809523,0.11764705882352941,1,0.42696629213483145,0.42696629213483145,0.42696629213483145,nan,nan
denovo_pdb__8d9p_A,0,520,True,173,173,5,0.028901734104046242,0.03125,0.03003003003003003,16,3,0.1875,0.5,0.2727272727272727,16,1,0.0625,0.04,0.048780487804878044,141,1,0.0070921985815602835,0.007751937984496124,0.007407407407407408,1,0.03003003003003003,0.03003003003003003,0.03003003003003003,nan,nan
denovo_pdb__8d9p_A,1,10,True,3,3,0,0.0,0.0,0.0,3,0,0.0,0.0,0.0,0,0,0.0,0.0,0.0,0,0,0.0,0.0,0.0,1,0.0,0.0,0.0,nan,nan
denovo_pdb__8d9p_A,2,616,True,205,205,33,0.16097560975609757,0.20625,0.1808219178082192,22,3,0.13636363636363635,0.5,0.21428571428571427,26,11,0.4230769230769231,0.44,0.4313725490196078,157,19,0.12101910828025478,0.14728682170542637,0.13286713286713286,1,0.1808219178082192,0.1808219178082192,0.1808219178082192,nan,nan
denovo_pdb__8d9p_A,3,421,True,140,140,16,0.11428571428571428,0.1,0.10666666666666666,22,2,0.09090909090909091,0.3333333333333333,0.14285714285714288,36,7,0.19444444444444445,0.28,0.22950819672131148,82,7,0.08536585365853659,0.05426356589147287,0.06635071090047394,1,0.10666666666666666,0.10666666666666666,0.10666666666666666,nan,nan
denovo_pdb__8eoz_B,0,655,True,218,218,11,0.05045871559633028,0.05116279069767442,0.050808314087759814,27,7,0.25925925925925924,0.3684210526315789,0.30434782608695654,43,4,0.09302325581395349,0.25,0.13559322033898305,148,0,0.0,0.0,0.0,1,0.050808314087759814,0.050808314087759814,0.050808314087759814,nan,nan
denovo_pdb__8eoz_B,1,655,True,218,218,11,0.05045871559633028,0.05116279069767442,0.050808314087759814,29,9,0.3103448275862069,0.47368421052631576,0.375,38,2,0.05263157894736842,0.125,0.07407407407407407,151,0,0.0,0.0,0.0,1,0.050808314087759814,0.050808314087759814,0.050808314087759814,nan,nan
denovo_pdb__8eoz_B,2,610,True,203,203,16,0.07881773399014778,0.07441860465116279,0.07655502392344496,22,12,0.5454545454545454,0.631578947368421,0.5853658536585366,38,3,0.07894736842105263,0.1875,0.11111111111111109,143,1,0.006993006993006993,0.005555555555555556,0.006191950464396284,1,0.07655502392344496,0.07655502392344496,0.07655502392344496,nan,nan
denovo_pdb__8eoz_B,3,727,True,241,241,13,0.05394190871369295,0.06046511627906977,0.05701754385964912,35,11,0.3142857142857143,0.5789473684210527,0.40740740740740744,38,2,0.05263157894736842,0.125,0.07407407407407407,168,0,0.0,0.0,0.0,1,0.05701754385964912,0.05701754385964912,0.05701754385964912,nan,nan
denovo_pdb__8fjf_A,0,241,True,80,80,23,0.2875,0.24468085106382978,0.26436781609195403,29,14,0.4827586206896552,0.5185185185185185,0.5,30,7,0.23333333333333334,0.21212121212121213,0.22222222222222224,21,2,0.09523809523809523,0.058823529411764705,0.07272727272727271,1,0.26436781609195403,0.26436781609195403,0.26436781609195403,nan,nan
denovo_pdb__8fjf_A,1,385,True,127,127,16,0.12598425196850394,0.1702127659574468,0.14479638009049772,27,9,0.3333333333333333,0.3333333333333333,0.3333333333333333,28,7,0.25,0.21212121212121213,0.22950819672131145,72,0,0.0,0.0,0.0,1,0.14479638009049772,0.14479638009049772,0.14479638009049772,nan,nan
denovo_pdb__8fjf_A,2,331,True,110,110,25,0.22727272727272727,0.26595744680851063,0.24509803921568624,25,14,0.56,0.5185185185185185,0.5384615384615384,27,9,0.3333333333333333,0.2727272727272727,0.3,58,2,0.034482758620689655,0.058823529411764705,0.043478260869565216,1,0.24509803921568624,0.24509803921568624,0.24509803921568624,nan,nan
denovo_pdb__8fjf_A,3,322,True,107,107,14,0.1308411214953271,0.14893617021276595,0.13930348258706465,25,9,0.36,0.3333333333333333,0.34615384615384615,28,5,0.17857142857142858,0.15151515151515152,0.16393442622950818,54,0,0.0,0.0,0.0,1,0.13930348258706465,0.13930348258706465,0.13930348258706465,nan,nan
denovo_pdb__8g9j_A,0,412,True,137,137,14,0.10218978102189781,0.0915032679738562,0.09655172413793103,15,3,0.2,0.3,0.24,17,10,0.5882352941176471,0.2702702702702703,0.37037037037037035,105,1,0.009523809523809525,0.009433962264150943,0.009478672985781991,1,0.09655172413793103,0.09655172413793103,0.09655172413793103,nan,nan
denovo_pdb__8g9j_A,1,457,True,152,152,18,0.11842105263157894,0.11764705882352941,0.11803278688524589,14,4,0.2857142857142857,0.4,0.3333333333333333,19,12,0.631578947368421,0.32432432432432434,0.42857142857142855,119,2,0.01680672268907563,0.018867924528301886,0.017777777777777778,1,0.11803278688524589,0.11803278688524589,0.11803278688524589,nan,nan
denovo_pdb__8g9j_A,2,502,True,166,166,40,0.24096385542168675,0.26143790849673204,0.2507836990595611,15,2,0.13333333333333333,0.2,0.16,30,14,0.4666666666666667,0.3783783783783784,0.417910447761194,121,24,0.19834710743801653,0.22641509433962265,0.21145374449339208,1,0.2507836990595611,0.2507836990595611,0.2507836990595611,nan,nan
denovo_pdb__8g9j_A,3,433,True,144,144,15,0.10416666666666667,0.09803921568627451,0.10101010101010101,16,2,0.125,0.2,0.15384615384615385,34,12,0.35294117647058826,0.32432432432432434,0.3380281690140845,94,1,0.010638297872340425,0.009433962264150943,0.01,1,0.10101010101010101,0.10101010101010101,0.10101010101010101,nan,nan
denovo_pdb__8j1w_A,0,484,True,161,161,18,0.11180124223602485,0.11842105263157894,0.11501597444089458,25,6,0.24,0.42857142857142855,0.30769230769230765,28,5,0.17857142857142858,0.35714285714285715,0.2380952380952381,108,7,0.06481481481481481,0.056451612903225805,0.06034482758620689,1,0.11501597444089458,0.11501597444089458,0.11501597444089458,nan,nan
denovo_pdb__8j1w_A,1,520,True,173,173,5,0.028901734104046242,0.03289473684210526,0.030769230769230767,21,1,0.047619047619047616,0.07142857142857142,0.057142857142857134,34,0,0.0,0.0,0.0,118,4,0.03389830508474576,0.03225806451612903,0.03305785123966942,1,0.030769230769230767,0.030769230769230767,0.030769230769230767,nan,nan
denovo_pdb__8j1w_A,2,517,True,171,171,12,0.07017543859649122,0.07894736842105263,0.07430340557275542,18,1,0.05555555555555555,0.07142857142857142,0.0625,39,4,0.10256410256410256,0.2857142857142857,0.1509433962264151,114,7,0.06140350877192982,0.056451612903225805,0.0588235294117647,1,0.07430340557275542,0.07430340557275542,0.07430340557275542,nan,nan
denovo_pdb__8j1w_A,3,514,True,171,171,6,0.03508771929824561,0.039473684210526314,0.03715170278637771,23,1,0.043478260869565216,0.07142857142857142,0.05405405405405405,32,1,0.03125,0.07142857142857142,0.043478260869565216,116,4,0.034482758620689655,0.03225806451612903,0.03333333333333333,1,0.03715170278637771,0.03715170278637771,0.03715170278637771,nan,nan
denovo_pdb__8j98_A,0,595,True,198,198,6,0.030303030303030304,0.03488372093023256,0.03243243243243243,29,3,0.10344827586206896,0.14285714285714285,0.12000000000000001,36,0,0.0,0.0,0.0,133,3,0.022556390977443608,0.022727272727272728,0.022641509433962266,1,0.03243243243243243,0.03243243243243243,0.03243243243243243,nan,nan
denovo_pdb__8j98_A,1,544,True,180,180,5,0.027777777777777776,0.029069767441860465,0.02840909090909091,31,3,0.0967741935483871,0.14285714285714285,0.11538461538461538,41,1,0.024390243902439025,0.05263157894736842,0.03333333333333333,108,1,0.009259259259259259,0.007575757575757576,0.008333333333333333,1,0.02840909090909091,0.02840909090909091,0.02840909090909091,nan,nan
denovo_pdb__8j98_A,2,406,True,135,135,10,0.07407407407407407,0.05813953488372093,0.06514657980456026,25,6,0.24,0.2857142857142857,0.2608695652173913,38,2,0.05263157894736842,0.10526315789473684,0.07017543859649122,72,2,0.027777777777777776,0.015151515151515152,0.0196078431372549,1,0.06514657980456026,0.06514657980456026,0.06514657980456026,nan,nan
denovo_pdb__8j98_A,3,559,True,185,185,12,0.06486486486486487,0.06976744186046512,0.06722689075630252,25,6,0.24,0.2857142857142857,0.2608695652173913,33,2,0.06060606060606061,0.10526315789473684,0.07692307692307693,127,4,0.031496062992125984,0.030303030303030304,0.03088803088803089,1,0.06722689075630252,0.06722689075630252,0.06722689075630252,nan,nan
denovo_pdb__8k7o_A,0,745,True,248,248,91,0.36693548387096775,0.44607843137254904,0.40265486725663724,23,9,0.391304347826087,0.34615384615384615,0.36734693877551017,46,22,0.4782608695652174,0.6111111111111112,0.5365853658536586,179,60,0.33519553072625696,0.4225352112676056,0.37383177570093457,1,0.40265486725663724,0.40265486725663724,0.40265486725663724,nan,nan
denovo_pdb__8k7o_A,1,580,True,193,193,74,0.38341968911917096,0.3627450980392157,0.37279596977329976,25,11,0.44,0.4230769230769231,0.4313725490196078,35,18,0.5142857142857142,0.5,0.5070422535211268,133,45,0.3383458646616541,0.31690140845070425,0.32727272727272727,1,0.37279596977329976,0.37279596977329976,0.37279596977329976,nan,nan
denovo_pdb__8k7o_A,2,592,True,197,197,55,0.27918781725888325,0.2696078431372549,0.2743142144638404,19,5,0.2631578947368421,0.19230769230769232,0.2222222222222222,38,15,0.39473684210526316,0.4166666666666667,0.40540540540540543,140,35,0.25,0.24647887323943662,0.24822695035460993,1,0.2743142144638404,0.2743142144638404,0.2743142144638404,nan,nan
denovo_pdb__8k7o_A,3,667,True,222,222,70,0.3153153153153153,0.3431372549019608,0.3286384976525822,24,12,0.5,0.46153846153846156,0.48000000000000004,45,18,0.4,0.5,0.4444444444444445,153,40,0.26143790849673204,0.28169014084507044,0.2711864406779661,1,0.3286384976525822,0.3286384976525822,0.3286384976525822,nan,nan
denovo_pdb__8k8f_A,0,310,True,103,103,14,0.13592233009708737,0.11475409836065574,0.12444444444444443,17,4,0.23529411764705882,0.2222222222222222,0.22857142857142856,10,2,0.2,0.1,0.13333333333333333,76,8,0.10526315789473684,0.09523809523809523,0.1,1,0.12444444444444443,0.12444444444444443,0.12444444444444443,nan,nan
denovo_pdb__8k8f_A,1,436,True,145,145,22,0.15172413793103448,0.18032786885245902,0.1647940074906367,19,9,0.47368421052631576,0.5,0.4864864864864865,9,2,0.2222222222222222,0.1,0.13793103448275865,117,11,0.09401709401709402,0.13095238095238096,0.10945273631840796,1,0.1647940074906367,0.1647940074906367,0.1647940074906367,nan,nan
denovo_pdb__8k8f_A,2,406,True,135,135,25,0.18518518518518517,0.20491803278688525,0.19455252918287935,12,4,0.3333333333333333,0.2222222222222222,0.26666666666666666,11,6,0.5454545454545454,0.3,0.3870967741935483,112,15,0.13392857142857142,0.17857142857142858,0.15306122448979592,1,0.19455252918287935,0.19455252918287935,0.19455252918287935,nan,nan
denovo_pdb__8k8f_A,3,304,True,101,101,27,0.26732673267326734,0.22131147540983606,0.242152466367713,14,5,0.35714285714285715,0.2777777777777778,0.31250000000000006,8,4,0.5,0.2,0.28571428571428575,79,18,0.22784810126582278,0.21428571428571427,0.22085889570552145,1,0.242152466367713,0.242152466367713,0.242152466367713,nan,nan
denovo_pdb__8k8i_A,0,340,True,113,113,18,0.1592920353982301,0.1978021978021978,0.17647058823529413,15,3,0.2,0.3333333333333333,0.25,13,3,0.23076923076923078,0.375,0.2857142857142857,85,12,0.1411764705882353,0.16216216216216217,0.15094339622641512,1,0.17647058823529413,0.17647058823529413,0.17647058823529413,nan,nan
denovo_pdb__8k8i_A,1,325,True,108,108,12,0.1111111111111111,0.13186813186813187,0.12060301507537688,10,3,0.3,0.3333333333333333,0.3157894736842105,18,1,0.05555555555555555,0.125,0.07692307692307691,80,8,0.1,0.10810810810810811,0.1038961038961039,1,0.12060301507537688,0.12060301507537688,0.12060301507537688,nan,nan
denovo_pdb__8k8i_A,2,214,True,71,71,18,0.2535211267605634,0.1978021978021978,0.2222222222222222,9,3,0.3333333333333333,0.3333333333333333,0.3333333333333333,5,2,0.4,0.25,0.3076923076923077,57,13,0.22807017543859648,0.17567567567567569,0.19847328244274806,1,0.2222222222222222,0.2222222222222222,0.2222222222222222,nan,nan
denovo_pdb__8k8i_A,3,325,True,108,108,11,0.10185185185185185,0.12087912087912088,0.11055276381909547,6,0,0.0,0.0,0.0,15,1,0.06666666666666667,0.125,0.08695652173913045,87,10,0.11494252873563218,0.13513513513513514,0.12422360248447203,1,0.11055276381909547,0.11055276381909547,0.11055276381909547,nan,nan
denovo_pdb__8kac_A,0,331,True,110,110,33,0.3,0.32038834951456313,0.3098591549295775,11,2,0.18181818181818182,0.2,0.1904761904761905,28,13,0.4642857142857143,0.4642857142857143,0.4642857142857143,71,18,0.2535211267605634,0.27692307692307694,0.2647058823529412,1,0.3098591549295775,0.3098591549295775,0.3098591549295775,nan,nan
denovo_pdb__8kac_A,1,277,True,92,92,26,0.2826086956521739,0.2524271844660194,0.26666666666666666,12,3,0.25,0.3,0.2727272727272727,36,9,0.25,0.32142857142857145,0.28125000000000006,44,14,0.3181818181818182,0.2153846153846154,0.2568807339449541,1,0.26666666666666666,0.26666666666666666,0.26666666666666666,nan,nan
denovo_pdb__8kac_A,2,304,True,101,101,22,0.21782178217821782,0.21359223300970873,0.21568627450980393,18,5,0.2777777777777778,0.5,0.35714285714285715,19,6,0.3157894736842105,0.21428571428571427,0.2553191489361702,64,11,0.171875,0.16923076923076924,0.17054263565891473,1,0.21568627450980393,0.21568627450980393,0.21568627450980393,nan,nan
denovo_pdb__8kac_A,3,355,True,118,118,30,0.2542372881355932,0.2912621359223301,0.27149321266968324,13,5,0.38461538461538464,0.5,0.4347826086956522,29,9,0.3103448275862069,0.32142857142857145,0.31578947368421056,76,16,0.21052631578947367,0.24615384615384617,0.22695035460992907,1,0.27149321266968324,0.27149321266968324,0.27149321266968324,nan,nan
denovo_pdb__8kc1_A,0,136,True,45,45,8,0.17777777777777778,0.17777777777777778,0.17777777777777778,11,4,0.36363636363636365,0.6666666666666666,0.4705882352941177,9,0,0.0,0.0,0.0,25,4,0.16,0.13333333333333333,0.14545454545454545,1,0.17777777777777778,0.17777777777777778,0.17777777777777778,nan,nan
denovo_pdb__8kc1_A,1,178,True,59,59,8,0.13559322033898305,0.17777777777777778,0.15384615384615385,13,4,0.3076923076923077,0.6666666666666666,0.42105263157894735,12,2,0.16666666666666666,0.2222222222222222,0.1904761904761905,34,2,0.058823529411764705,0.06666666666666667,0.0625,1,0.15384615384615385,0.15384615384615385,0.15384615384615385,nan,nan
denovo_pdb__8kc1_A,2,127,True,42,42,6,0.14285714285714285,0.13333333333333333,0.1379310344827586,8,2,0.25,0.3333333333333333,0.28571428571428575,9,1,0.1111111111111111,0.1111111111111111,0.1111111111111111,25,3,0.12,0.1,0.1090909090909091,1,0.1379310344827586,0.1379310344827586,0.1379310344827586,nan,nan
denovo_pdb__8kc1_A,3,157,True,52,52,11,0.21153846153846154,0.24444444444444444,0.2268041237113402,9,5,0.5555555555555556,0.8333333333333334,0.6666666666666667,15,3,0.2,0.3333333333333333,0.25,28,3,0.10714285714285714,0.1,0.10344827586206898,1,0.2268041237113402,0.2268041237113402,0.2268041237113402,nan,nan
denovo_pdb__8kc8_A,0,586,True,195,195,90,0.46153846153846156,0.5625,0.5070422535211268,25,13,0.52,0.7222222222222222,0.6046511627906976,42,16,0.38095238095238093,0.64,0.4776119402985074,128,61,0.4765625,0.5213675213675214,0.49795918367346936,1,0.5070422535211268,0.5070422535211268,0.5070422535211268,nan,nan
denovo_pdb__8kc8_A,1,442,True,147,147,50,0.3401360544217687,0.3125,0.32573289902280134,26,8,0.3076923076923077,0.4444444444444444,0.3636363636363637,38,11,0.2894736842105263,0.44,0.34920634920634924,83,31,0.37349397590361444,0.26495726495726496,0.31,1,0.32573289902280134,0.32573289902280134,0.32573289902280134,nan,nan
denovo_pdb__8kc8_A,2,580,True,193,193,75,0.38860103626943004,0.46875,0.42492917847025496,23,11,0.4782608695652174,0.6111111111111112,0.5365853658536586,38,11,0.2894736842105263,0.44,0.34920634920634924,132,53,0.4015151515151515,0.452991452991453,0.4257028112449799,1,0.42492917847025496,0.42492917847025496,0.42492917847025496,nan,nan
denovo_pdb__8kc8_A,3,520,True,173,173,84,0.48554913294797686,0.525,0.5045045045045046,28,10,0.35714285714285715,0.5555555555555556,0.43478260869565216,37,15,0.40540540540540543,0.6,0.48387096774193555,108,59,0.5462962962962963,0.5042735042735043,0.5244444444444444,1,0.5045045045045046,0.5045045045045046,0.5045045045045046,nan,nan
denovo_pdb__8kck_A,0,460,True,153,153,5,0.032679738562091505,0.0364963503649635,0.034482758620689655,19,3,0.15789473684210525,0.15789473684210525,0.15789473684210525,35,0,0.0,0.0,0.0,99,2,0.020202020202020204,0.018518518518518517,0.01932367149758454,1,0.034482758620689655,0.034482758620689655,0.034482758620689655,nan,nan
denovo_pdb__8kck_A,1,256,True,85,85,13,0.15294117647058825,0.0948905109489051,0.11711711711711711,20,7,0.35,0.3684210526315789,0.358974358974359,15,4,0.26666666666666666,0.4,0.32,50,2,0.04,0.018518518518518517,0.02531645569620253,1,0.11711711711711711,0.11711711711711711,0.11711711711711711,nan,nan
denovo_pdb__8kck_A,2,421,True,140,140,7,0.05,0.051094890510948905,0.05054151624548736,17,1,0.058823529411764705,0.05263157894736842,0.05555555555555555,15,2,0.13333333333333333,0.2,0.16,108,4,0.037037037037037035,0.037037037037037035,0.037037037037037035,1,0.05054151624548736,0.05054151624548736,0.05054151624548736,nan,nan
denovo_pdb__8kck_A,3,406,True,135,135,11,0.08148148148148149,0.08029197080291971,0.08088235294117646,16,7,0.4375,0.3684210526315789,0.39999999999999997,17,3,0.17647058823529413,0.3,0.22222222222222224,102,1,0.00980392156862745,0.009259259259259259,0.009523809523809525,1,0.08088235294117646,0.08088235294117646,0.08088235294117646,nan,nan
denovo_pdb__8oys_A,0,445,True,148,148,62,0.4189189189189189,0.4189189189189189,0.4189189189189189,22,14,0.6363636363636364,0.5833333333333334,0.6086956521739131,60,20,0.3333333333333333,0.5714285714285714,0.4210526315789474,66,28,0.42424242424242425,0.3146067415730337,0.3612903225806452,1,0.4189189189189189,0.4189189189189189,0.4189189189189189,nan,nan
denovo_pdb__8oys_A,1,442,True,147,147,68,0.46258503401360546,0.4594594594594595,0.4610169491525424,23,14,0.6086956521739131,0.5833333333333334,0.5957446808510638,43,18,0.4186046511627907,0.5142857142857142,0.4615384615384615,81,36,0.4444444444444444,0.4044943820224719,0.4235294117647059,1,0.4610169491525424,0.4610169491525424,0.4610169491525424,nan,nan
denovo_pdb__8oys_A,2,490,True,163,163,60,0.36809815950920244,0.40540540540540543,0.3858520900321544,19,11,0.5789473684210527,0.4583333333333333,0.5116279069767442,54,14,0.25925925925925924,0.4,0.3146067415730337,90,35,0.3888888888888889,0.39325842696629215,0.3910614525139665,1,0.3858520900321544,0.3858520900321544,0.3858520900321544,nan,nan
denovo_pdb__8oys_A,3,472,True,157,157,56,0.35668789808917195,0.3783783783783784,0.36721311475409835,15,9,0.6,0.375,0.4615384615384615,49,13,0.2653061224489796,0.37142857142857144,0.30952380952380953,93,34,0.3655913978494624,0.38202247191011235,0.3736263736263737,1,0.36721311475409835,0.36721311475409835,0.36721311475409835,nan,nan
denovo_pdb__8p4y_A,0,406,True,135,135,1,0.007407407407407408,0.005813953488372093,0.0065146579804560255,15,0,0.0,0.0,0.0,21,0,0.0,0.0,0.0,99,1,0.010101010101010102,0.0064516129032258064,0.007874015748031496,1,0.0065146579804560255,0.0065146579804560255,0.0065146579804560255,nan,nan
denovo_pdb__8p4y_A,1,175,True,58,58,2,0.034482758620689655,0.011627906976744186,0.017391304347826087,16,2,0.125,0.18181818181818182,0.14814814814814814,14,0,0.0,0.0,0.0,28,0,0.0,0.0,0.0,1,0.017391304347826087,0.017391304347826087,0.017391304347826087,nan,nan
denovo_pdb__8p4y_A,2,31,True,10,10,2,0.2,0.011627906976744186,0.021978021978021976,10,2,0.2,0.18181818181818182,0.1904761904761905,0,0,0.0,0.0,0.0,0,0,0.0,0.0,0.0,1,0.021978021978021976,0.021978021978021976,0.021978021978021976,nan,nan
denovo_pdb__8p4y_A,3,184,True,61,61,2,0.03278688524590164,0.011627906976744186,0.017167381974248927,23,2,0.08695652173913043,0.18181818181818182,0.1176470588235294,12,0,0.0,0.0,0.0,26,0,0.0,0.0,0.0,1,0.017167381974248927,0.017167381974248927,0.017167381974248927,nan,nan
denovo_pdb__8q52_A,0,886,True,295,295,70,0.23728813559322035,0.23648648648648649,0.23688663282571912,43,8,0.18604651162790697,0.23529411764705882,0.2077922077922078,68,19,0.27941176470588236,0.30158730158730157,0.2900763358778626,184,43,0.23369565217391305,0.21608040201005024,0.2245430809399478,1,0.23688663282571912,0.23688663282571912,0.23688663282571912,nan,nan
denovo_pdb__8q52_A,1,802,True,267,267,77,0.2883895131086142,0.26013513513513514,0.2735346358792185,49,12,0.24489795918367346,0.35294117647058826,0.2891566265060241,57,22,0.38596491228070173,0.3492063492063492,0.36666666666666664,161,43,0.2670807453416149,0.21608040201005024,0.23888888888888887,1,0.2735346358792185,0.2735346358792185,0.2735346358792185,nan,nan
denovo_pdb__8q52_A,2,967,True,321,321,57,0.17757009345794392,0.19256756756756757,0.1847649918962723,55,14,0.2545454545454545,0.4117647058823529,0.3146067415730337,45,9,0.2,0.14285714285714285,0.16666666666666666,221,34,0.15384615384615385,0.1708542713567839,0.1619047619047619,1,0.1847649918962723,0.1847649918962723,0.1847649918962723,nan,nan
denovo_pdb__8q52_A,3,889,True,296,296,71,0.23986486486486486,0.23986486486486486,0.23986486486486486,47,12,0.2553191489361702,0.35294117647058826,0.2962962962962963,46,15,0.32608695652173914,0.23809523809523808,0.27522935779816515,203,44,0.21674876847290642,0.22110552763819097,0.21890547263681595,1,0.23986486486486486,0.23986486486486486,0.23986486486486486,nan,nan
denovo_pdb__8qaf_A,0,1,True,0,0,0,0.0,0.0,0.0,0,0,0.0,0.0,0.0,0,0,0.0,0.0,0.0,0,0,0.0,0.0,0.0,1,0.0,0.0,0.0,nan,nan
denovo_pdb__8qaf_A,1,67,True,22,22,14,0.6363636363636364,0.358974358974359,0.459016393442623,3,2,0.6666666666666666,0.5,0.5714285714285715,4,3,0.75,0.3,0.4285714285714285,15,9,0.6,0.36,0.45,1,0.459016393442623,0.459016393442623,0.459016393442623,nan,nan
denovo_pdb__8qaf_A,2,64,True,21,21,0,0.0,0.0,0.0,5,0,0.0,0.0,0.0,4,0,0.0,0.0,0.0,12,0,0.0,0.0,0.0,1,0.0,0.0,0.0,nan,nan
denovo_pdb__8qaf_A,3,82,True,27,27,20,0.7407407407407407,0.5128205128205128,0.6060606060606061,2,1,0.5,0.25,0.3333333333333333,7,3,0.42857142857142855,0.3,0.3529411764705882,18,16,0.8888888888888888,0.64,0.7441860465116279,1,0.6060606060606061,0.6060606060606061,0.6060606060606061,nan,nan
denovo_pdb__8qup_A,0,316,True,105,105,20,0.19047619047619047,0.21505376344086022,0.20202020202020202,11,3,0.2727272727272727,0.42857142857142855,0.33333333333333326,15,3,0.2,0.1875,0.19354838709677422,79,14,0.17721518987341772,0.2,0.18791946308724833,1,0.20202020202020202,0.20202020202020202,0.20202020202020202,nan,nan
denovo_pdb__8qup_A,1,256,True,85,85,9,0.10588235294117647,0.0967741935483871,0.10112359550561799,7,1,0.14285714285714285,0.14285714285714285,0.14285714285714285,24,2,0.08333333333333333,0.125,0.1,54,6,0.1111111111111111,0.08571428571428572,0.0967741935483871,1,0.10112359550561799,0.10112359550561799,0.10112359550561799,nan,nan
denovo_pdb__8qup_A,2,223,True,73,73,5,0.0684931506849315,0.053763440860215055,0.06024096385542168,6,1,0.16666666666666666,0.14285714285714285,0.15384615384615383,11,1,0.09090909090909091,0.0625,0.07407407407407407,56,3,0.05357142857142857,0.04285714285714286,0.047619047619047616,1,0.06024096385542168,0.06024096385542168,0.06024096385542168,nan,nan
denovo_pdb__8qup_A,3,112,True,37,37,23,0.6216216216216216,0.24731182795698925,0.35384615384615387,4,3,0.75,0.42857142857142855,0.5454545454545454,13,9,0.6923076923076923,0.5625,0.6206896551724138,20,11,0.55,0.15714285714285714,0.24444444444444446,1,0.35384615384615387,0.35384615384615387,0.35384615384615387,nan,nan
denovo_pdb__8r8o_A,0,736,True,245,245,43,0.17551020408163265,0.13149847094801223,0.15034965034965034,40,12,0.3,0.24489795918367346,0.2696629213483146,54,13,0.24074074074074073,0.14942528735632185,0.1843971631205674,151,18,0.11920529801324503,0.09424083769633508,0.10526315789473686,1,0.15034965034965034,0.15034965034965034,0.15034965034965034,nan,nan
denovo_pdb__8r8o_A,1,1114,True,371,371,73,0.1967654986522911,0.22324159021406728,0.20916905444126074,42,19,0.4523809523809524,0.3877551020408163,0.41758241758241765,63,19,0.30158730158730157,0.21839080459770116,0.25333333333333335,266,35,0.13157894736842105,0.18324607329842932,0.15317286652078774,1,0.20916905444126074,0.20916905444126074,0.20916905444126074,nan,nan
denovo_pdb__8r8o_A,2,877,True,292,292,44,0.1506849315068493,0.1345565749235474,0.14216478190630047,39,14,0.358974358974359,0.2857142857142857,0.31818181818181823,53,19,0.3584905660377358,0.21839080459770116,0.27142857142857146,200,11,0.055,0.05759162303664921,0.05626598465473146,1,0.14216478190630047,0.14216478190630047,0.14216478190630047,nan,nan
denovo_pdb__8r8o_A,3,748,True,249,249,28,0.11244979919678715,0.0856269113149847,0.09722222222222224,32,10,0.3125,0.20408163265306123,0.2469135802469136,36,8,0.2222222222222222,0.09195402298850575,0.13008130081300812,181,10,0.055248618784530384,0.05235602094240838,0.05376344086021505,1,0.09722222222222224,0.09722222222222224,0.09722222222222224,nan,nan
denovo_pdb__8tnm_A,0,184,True,61,61,10,0.16393442622950818,0.08695652173913043,0.11363636363636362,8,4,0.5,0.3333333333333333,0.4,16,3,0.1875,0.1875,0.1875,37,3,0.08108108108108109,0.034482758620689655,0.04838709677419355,1,0.11363636363636362,0.11363636363636362,0.11363636363636362,nan,nan
denovo_pdb__8tnm_A,1,64,True,21,21,3,0.14285714285714285,0.02608695652173913,0.044117647058823525,10,1,0.1,0.08333333333333333,0.0909090909090909,9,2,0.2222222222222222,0.125,0.16,2,0,0.0,0.0,0.0,1,0.044117647058823525,0.044117647058823525,0.044117647058823525,nan,nan
denovo_pdb__8tnm_A,2,244,True,81,81,3,0.037037037037037035,0.02608695652173913,0.03061224489795918,5,1,0.2,0.08333333333333333,0.11764705882352941,7,1,0.14285714285714285,0.0625,0.08695652173913043,69,1,0.014492753623188406,0.011494252873563218,0.01282051282051282,1,0.03061224489795918,0.03061224489795918,0.03061224489795918,nan,nan
denovo_pdb__8tnm_A,3,265,True,88,88,10,0.11363636363636363,0.08695652173913043,0.09852216748768473,10,2,0.2,0.16666666666666666,0.1818181818181818,25,3,0.12,0.1875,0.14634146341463414,53,5,0.09433962264150944,0.05747126436781609,0.07142857142857142,1,0.09852216748768473,0.09852216748768473,0.09852216748768473,nan,nan
denovo_pdb__8vei_A,0,259,True,86,86,7,0.08139534883720931,0.07368421052631578,0.07734806629834254,11,3,0.2727272727272727,0.16666666666666666,0.20689655172413793,11,2,0.18181818181818182,0.1111111111111111,0.13793103448275862,64,2,0.03125,0.03389830508474576,0.032520325203252036,1,0.07734806629834254,0.07734806629834254,0.07734806629834254,nan,nan
denovo_pdb__8vei_A,1,361,True,120,120,18,0.15,0.18947368421052632,0.16744186046511628,16,7,0.4375,0.3888888888888889,0.411764705882353,20,4,0.2,0.2222222222222222,0.2105263157894737,84,7,0.08333333333333333,0.11864406779661017,0.09790209790209789,1,0.16744186046511628,0.16744186046511628,0.16744186046511628,nan,nan
denovo_pdb__8vei_A,2,361,True,120,120,19,0.15833333333333333,0.2,0.17674418604651165,18,6,0.3333333333333333,0.3333333333333333,0.3333333333333333,29,7,0.2413793103448276,0.3888888888888889,0.2978723404255319,73,6,0.0821917808219178,0.1016949152542373,0.09090909090909091,1,0.17674418604651165,0.17674418604651165,0.17674418604651165,nan,nan
denovo_pdb__8vei_A,3,271,True,90,90,11,0.12222222222222222,0.11578947368421053,0.11891891891891893,16,4,0.25,0.2222222222222222,0.23529411764705882,27,6,0.2222222222222222,0.3333333333333333,0.26666666666666666,47,1,0.02127659574468085,0.01694915254237288,0.01886792452830189,1,0.11891891891891893,0.11891891891891893,0.11891891891891893,nan,nan
denovo_pdb__8w97_A,0,217,True,72,72,15,0.20833333333333334,0.12931034482758622,0.1595744680851064,25,7,0.28,0.4666666666666667,0.35000000000000003,26,7,0.2692307692307692,0.5,0.35000000000000003,21,1,0.047619047619047616,0.011494252873563218,0.018518518518518517,1,0.1595744680851064,0.1595744680851064,0.1595744680851064,nan,nan
denovo_pdb__8w97_A,1,307,True,102,102,17,0.16666666666666666,0.14655172413793102,0.1559633027522936,22,8,0.36363636363636365,0.5333333333333333,0.43243243243243246,26,4,0.15384615384615385,0.2857142857142857,0.2,54,5,0.09259259259259259,0.05747126436781609,0.07092198581560283,1,0.1559633027522936,0.1559633027522936,0.1559633027522936,nan,nan
denovo_pdb__8w97_A,2,184,True,61,61,12,0.19672131147540983,0.10344827586206896,0.13559322033898305,24,8,0.3333333333333333,0.5333333333333333,0.4102564102564102,28,4,0.14285714285714285,0.2857142857142857,0.19047619047619047,9,0,0.0,0.0,0.0,1,0.13559322033898305,0.13559322033898305,0.13559322033898305,nan,nan
denovo_pdb__8w97_A,3,373,True,124,124,25,0.20161290322580644,0.21551724137931033,0.20833333333333334,22,6,0.2727272727272727,0.4,0.3243243243243243,27,4,0.14814814814814814,0.2857142857142857,0.1951219512195122,75,15,0.2,0.1724137931034483,0.1851851851851852,1,0.20833333333333334,0.20833333333333334,0.20833333333333334,nan,nan
denovo_pdb__8xyu_A,0,388,True,129,129,17,0.13178294573643412,0.08947368421052632,0.10658307210031348,29,7,0.2413793103448276,0.2692307692307692,0.2545454545454545,24,2,0.08333333333333333,0.05555555555555555,0.06666666666666667,76,8,0.10526315789473684,0.0625,0.0784313725490196,1,0.10658307210031348,0.10658307210031348,0.10658307210031348,nan,nan
denovo_pdb__8xyu_A,1,376,True,125,125,6,0.048,0.031578947368421054,0.0380952380952381,31,2,0.06451612903225806,0.07692307692307693,0.07017543859649122,39,2,0.05128205128205128,0.05555555555555555,0.05333333333333333,55,2,0.03636363636363636,0.015625,0.02185792349726776,1,0.0380952380952381,0.0380952380952381,0.0380952380952381,nan,nan
denovo_pdb__8xyu_A,2,550,True,183,183,26,0.14207650273224043,0.1368421052631579,0.1394101876675603,33,10,0.30303030303030304,0.38461538461538464,0.3389830508474576,27,4,0.14814814814814814,0.1111111111111111,0.12698412698412698,123,12,0.0975609756097561,0.09375,0.0956175298804781,1,0.1394101876675603,0.1394101876675603,0.1394101876675603,nan,nan
denovo_pdb__8xyu_A,3,445,True,148,148,13,0.08783783783783784,0.06842105263157895,0.07692307692307693,21,2,0.09523809523809523,0.07692307692307693,0.0851063829787234,24,3,0.125,0.08333333333333333,0.1,103,8,0.07766990291262135,0.0625,0.06926406926406926,1,0.07692307692307693,0.07692307692307693,0.07692307692307693,nan,nan
denovo_pdb__8y33_A,0,535,True,178,178,16,0.0898876404494382,0.09815950920245399,0.093841642228739,15,4,0.26666666666666666,0.26666666666666666,0.26666666666666666,30,6,0.2,0.35294117647058826,0.25531914893617025,133,6,0.045112781954887216,0.04580152671755725,0.045454545454545456,1,0.093841642228739,0.093841642228739,0.093841642228739,nan,nan
denovo_pdb__8y33_A,1,487,True,162,162,16,0.09876543209876543,0.09815950920245399,0.09846153846153848,22,5,0.22727272727272727,0.3333333333333333,0.27027027027027023,32,2,0.0625,0.11764705882352941,0.08163265306122448,108,9,0.08333333333333333,0.06870229007633588,0.07531380753138076,1,0.09846153846153848,0.09846153846153848,0.09846153846153848,nan,nan
denovo_pdb__8y33_A,2,424,True,141,141,6,0.0425531914893617,0.03680981595092025,0.03947368421052632,10,4,0.4,0.26666666666666666,0.32,18,0,0.0,0.0,0.0,113,2,0.017699115044247787,0.015267175572519083,0.01639344262295082,1,0.03947368421052632,0.03947368421052632,0.03947368421052632,nan,nan
denovo_pdb__8y33_A,3,454,True,151,151,17,0.11258278145695365,0.10429447852760736,0.10828025477707005,17,6,0.35294117647058826,0.4,0.37500000000000006,32,5,0.15625,0.29411764705882354,0.20408163265306123,102,6,0.058823529411764705,0.04580152671755725,0.051502145922746774,1,0.10828025477707005,0.10828025477707005,0.10828025477707005,nan,nan
denovo_pdb__9cte_A,0,133,True,44,44,29,0.6590909090909091,0.34523809523809523,0.45312499999999994,4,3,0.75,0.375,0.5,14,11,0.7857142857142857,0.5,0.6111111111111112,26,15,0.5769230769230769,0.2777777777777778,0.375,1,0.45312499999999994,0.45312499999999994,0.45312499999999994,nan,nan
denovo_pdb__9cte_A,1,271,True,90,90,28,0.3111111111111111,0.3333333333333333,0.32183908045977017,9,4,0.4444444444444444,0.5,0.47058823529411764,17,11,0.6470588235294118,0.5,0.5641025641025642,64,13,0.203125,0.24074074074074073,0.22033898305084745,1,0.32183908045977017,0.32183908045977017,0.32183908045977017,nan,nan
denovo_pdb__9cte_A,2,226,True,75,75,26,0.3466666666666667,0.30952380952380953,0.32704402515723274,8,5,0.625,0.625,0.625,20,14,0.7,0.6363636363636364,0.6666666666666666,47,7,0.14893617021276595,0.12962962962962962,0.13861386138613857,1,0.32704402515723274,0.32704402515723274,0.32704402515723274,nan,nan
denovo_pdb__9cte_A,3,265,True,88,88,56,0.6363636363636364,0.6666666666666666,0.6511627906976744,7,4,0.5714285714285714,0.5,0.5333333333333333,23,18,0.782608695652174,0.8181818181818182,0.8,58,34,0.5862068965517241,0.6296296296296297,0.6071428571428571,1,0.6511627906976744,0.6511627906976744,0.6511627906976744,nan,nan
denovo_pdb__9db8_A,0,199,True,66,66,7,0.10606060606060606,0.0945945945945946,0.10000000000000002,6,1,0.16666666666666666,0.1111111111111111,0.13333333333333333,18,2,0.1111111111111111,0.125,0.11764705882352941,42,4,0.09523809523809523,0.08163265306122448,0.0879120879120879,1,0.10000000000000002,0.10000000000000002,0.10000000000000002,nan,nan
denovo_pdb__9db8_A,1,142,True,47,47,3,0.06382978723404255,0.04054054054054054,0.049586776859504134,5,1,0.2,0.1111111111111111,0.14285714285714285,4,0,0.0,0.0,0.0,38,2,0.05263157894736842,0.04081632653061224,0.04597701149425287,1,0.049586776859504134,0.049586776859504134,0.049586776859504134,nan,nan
denovo_pdb__9db8_A,2,133,True,44,44,7,0.1590909090909091,0.0945945945945946,0.11864406779661017,5,2,0.4,0.2222222222222222,0.2857142857142857,14,4,0.2857142857142857,0.25,0.26666666666666666,25,1,0.04,0.02040816326530612,0.02702702702702702,1,0.11864406779661017,0.11864406779661017,0.11864406779661017,nan,nan
denovo_pdb__9db8_A,3,202,True,67,67,15,0.22388059701492538,0.20270270270270271,0.2127659574468085,5,2,0.4,0.2222222222222222,0.2857142857142857,16,4,0.25,0.25,0.25,46,9,0.1956521739130435,0.1836734693877551,0.18947368421052632,1,0.2127659574468085,0.2127659574468085,0.2127659574468085,nan,nan
denovo_pdb__9dba_A,0,220,True,73,73,14,0.1917808219178082,0.18181818181818182,0.18666666666666668,8,3,0.375,0.2727272727272727,0.3157894736842105,23,6,0.2608695652173913,0.375,0.30769230769230765,42,5,0.11904761904761904,0.1,0.10869565217391304,1,0.18666666666666668,0.18666666666666668,0.18666666666666668,nan,nan
denovo_pdb__9dba_A,1,118,True,39,39,6,0.15384615384615385,0.07792207792207792,0.10344827586206896,4,2,0.5,0.18181818181818182,0.26666666666666666,8,2,0.25,0.125,0.16666666666666666,27,2,0.07407407407407407,0.04,0.051948051948051945,1,0.10344827586206896,0.10344827586206896,0.10344827586206896,nan,nan
denovo_pdb__9dba_A,2,91,True,30,30,7,0.23333333333333334,0.09090909090909091,0.13084112149532712,3,2,0.6666666666666666,0.18181818181818182,0.28571428571428575,6,3,0.5,0.1875,0.2727272727272727,21,2,0.09523809523809523,0.04,0.056338028169014086,1,0.13084112149532712,0.13084112149532712,0.13084112149532712,nan,nan
denovo_pdb__9dba_A,3,115,True,38,38,5,0.13157894736842105,0.06493506493506493,0.08695652173913043,3,1,0.3333333333333333,0.09090909090909091,0.14285714285714288,13,3,0.23076923076923078,0.1875,0.20689655172413793,22,1,0.045454545454545456,0.02,0.027777777777777776,1,0.08695652173913043,0.08695652173913043,0.08695652173913043,nan,nan
denovo_pdb__9dbc_A,0,43,True,14,14,7,0.5,0.0945945945945946,0.1590909090909091,1,1,1.0,0.09090909090909091,0.16666666666666669,5,3,0.6,0.2,0.3,8,3,0.375,0.0625,0.10714285714285714,1,0.1590909090909091,0.1590909090909091,0.1590909090909091,nan,nan
denovo_pdb__9dbc_A,1,181,True,60,60,16,0.26666666666666666,0.21621621621621623,0.23880597014925373,4,1,0.25,0.09090909090909091,0.13333333333333333,18,5,0.2777777777777778,0.3333333333333333,0.303030303030303,38,10,0.2631578947368421,0.20833333333333334,0.23255813953488372,1,0.23880597014925373,0.23880597014925373,0.23880597014925373,nan,nan
denovo_pdb__9dbc_A,2,208,True,69,69,5,0.07246376811594203,0.06756756756756757,0.06993006993006994,8,1,0.125,0.09090909090909091,0.10526315789473685,11,3,0.2727272727272727,0.2,0.23076923076923075,50,1,0.02,0.020833333333333332,0.02040816326530612,1,0.06993006993006994,0.06993006993006994,0.06993006993006994,nan,nan
denovo_pdb__9dbc_A,3,82,True,27,27,6,0.2222222222222222,0.08108108108108109,0.11881188118811882,6,1,0.16666666666666666,0.09090909090909091,0.11764705882352942,8,5,0.625,0.3333333333333333,0.43478260869565216,13,0,0.0,0.0,0.0,1,0.11881188118811882,0.11881188118811882,0.11881188118811882,nan,nan
denovo_pdb__9dbu_A,0,205,True,68,68,21,0.3088235294117647,0.31343283582089554,0.3111111111111111,13,4,0.3076923076923077,0.5714285714285714,0.4,23,10,0.43478260869565216,0.6666666666666666,0.5263157894736841,32,7,0.21875,0.15555555555555556,0.18181818181818185,1,0.3111111111111111,0.3111111111111111,0.3111111111111111,nan,nan
denovo_pdb__9dbu_A,1,205,True,68,68,13,0.19117647058823528,0.19402985074626866,0.1925925925925926,5,1,0.2,0.14285714285714285,0.16666666666666666,10,3,0.3,0.2,0.24,53,9,0.16981132075471697,0.2,0.18367346938775508,1,0.1925925925925926,0.1925925925925926,0.1925925925925926,nan,nan
denovo_pdb__9dbu_A,2,208,True,67,67,9,0.13432835820895522,0.13432835820895522,0.13432835820895522,7,2,0.2857142857142857,0.2857142857142857,0.2857142857142857,12,1,0.08333333333333333,0.06666666666666667,0.07407407407407407,48,6,0.125,0.13333333333333333,0.12903225806451615,1,0.13432835820895522,0.13432835820895522,0.13432835820895522,nan,nan
denovo_pdb__9dbu_A,3,88,True,29,29,5,0.1724137931034483,0.07462686567164178,0.10416666666666666,6,0,0.0,0.0,0.0,6,1,0.16666666666666666,0.06666666666666667,0.09523809523809522,17,4,0.23529411764705882,0.08888888888888889,0.12903225806451613,1,0.10416666666666666,0.10416666666666666,0.10416666666666666,nan,nan
denovo_pdb__9dbw_A,0,28,True,9,9,7,0.7777777777777778,0.1,0.17721518987341772,4,3,0.75,0.3,0.4285714285714285,4,3,0.75,0.21428571428571427,0.3333333333333333,1,1,1.0,0.021739130434782608,0.042553191489361694,1,0.17721518987341772,0.17721518987341772,0.17721518987341772,nan,nan
denovo_pdb__9dbw_A,1,181,True,60,60,9,0.15,0.12857142857142856,0.13846153846153844,10,3,0.3,0.3,0.3,18,4,0.2222222222222222,0.2857142857142857,0.25,32,2,0.0625,0.043478260869565216,0.05128205128205128,1,0.13846153846153844,0.13846153846153844,0.13846153846153844,nan,nan
denovo_pdb__9dbw_A,2,205,True,68,68,3,0.04411764705882353,0.04285714285714286,0.04347826086956522,6,1,0.16666666666666666,0.1,0.125,20,1,0.05,0.07142857142857142,0.058823529411764705,42,1,0.023809523809523808,0.021739130434782608,0.022727272727272724,1,0.04347826086956522,0.04347826086956522,0.04347826086956522,nan,nan
denovo_pdb__9dbw_A,3,256,True,85,85,21,0.24705882352941178,0.3,0.27096774193548384,8,7,0.875,0.7,0.7777777777777777,15,5,0.3333333333333333,0.35714285714285715,0.3448275862068965,62,9,0.14516129032258066,0.1956521739130435,0.16666666666666669,1,0.27096774193548384,0.27096774193548384,0.27096774193548384,nan,nan
denovo_pdb__9dd2_A,0,712,True,237,237,49,0.20675105485232068,0.2076271186440678,0.20718816067653278,30,15,0.5,0.4838709677419355,0.4918032786885246,53,14,0.2641509433962264,0.4666666666666667,0.3373493975903614,154,20,0.12987012987012986,0.11428571428571428,0.12158054711246201,1,0.20718816067653278,0.20718816067653278,0.20718816067653278,nan,nan
denovo_pdb__9dd2_A,1,790,True,263,263,44,0.16730038022813687,0.1864406779661017,0.17635270541082163,40,14,0.35,0.45161290322580644,0.3943661971830986,54,10,0.18518518518518517,0.3333333333333333,0.23809523809523808,169,20,0.11834319526627218,0.11428571428571428,0.11627906976744186,1,0.17635270541082163,0.17635270541082163,0.17635270541082163,nan,nan
denovo_pdb__9dd2_A,2,835,True,278,278,44,0.15827338129496402,0.1864406779661017,0.17120622568093385,28,11,0.39285714285714285,0.3548387096774194,0.3728813559322034,47,11,0.23404255319148937,0.36666666666666664,0.2857142857142857,203,22,0.10837438423645321,0.12571428571428572,0.11640211640211641,1,0.17120622568093385,0.17120622568093385,0.17120622568093385,nan,nan
denovo_pdb__9dd2_A,3,625,True,208,208,45,0.21634615384615385,0.1906779661016949,0.20270270270270271,24,12,0.5,0.3870967741935484,0.43636363636363634,38,12,0.3157894736842105,0.4,0.35294117647058826,146,21,0.14383561643835616,0.12,0.1308411214953271,1,0.20270270270270271,0.20270270270270271,0.20270270270270271,nan,nan
denovo_pdb__9dea_A,0,121,True,40,40,1,0.025,0.0196078431372549,0.021978021978021976,6,0,0.0,0.0,0.0,11,1,0.09090909090909091,0.08333333333333333,0.08695652173913043,23,0,0.0,0.0,0.0,1,0.021978021978021976,0.021978021978021976,0.021978021978021976,nan,nan
denovo_pdb__9dea_A,1,118,True,39,39,4,0.10256410256410256,0.0784313725490196,0.08888888888888888,10,1,0.1,0.125,0.11111111111111112,24,1,0.041666666666666664,0.08333333333333333,0.05555555555555555,5,2,0.4,0.06451612903225806,0.1111111111111111,1,0.08888888888888888,0.08888888888888888,0.08888888888888888,nan,nan
denovo_pdb__9dea_A,2,202,True,67,67,3,0.04477611940298507,0.058823529411764705,0.05084745762711864,16,1,0.0625,0.125,0.08333333333333333,19,2,0.10526315789473684,0.16666666666666666,0.12903225806451615,32,0,0.0,0.0,0.0,1,0.05084745762711864,0.05084745762711864,0.05084745762711864,nan,nan
denovo_pdb__9dea_A,3,64,True,21,21,0,0.0,0.0,0.0,2,0,0.0,0.0,0.0,10,0,0.0,0.0,0.0,9,0,0.0,0.0,0.0,1,0.0,0.0,0.0,nan,nan
denovo_pdb__9dw2_A,0,316,True,105,105,38,0.3619047619047619,0.4,0.38,7,5,0.7142857142857143,0.7142857142857143,0.7142857142857143,18,11,0.6111111111111112,0.4230769230769231,0.5,80,22,0.275,0.3548387096774194,0.3098591549295775,1,0.38,0.38,0.38,nan,nan
denovo_pdb__9dw2_A,1,322,True,107,107,33,0.308411214953271,0.3473684210526316,0.32673267326732675,10,4,0.4,0.5714285714285714,0.47058823529411764,19,8,0.42105263157894735,0.3076923076923077,0.35555555555555557,78,21,0.2692307692307692,0.3387096774193548,0.3,1,0.32673267326732675,0.32673267326732675,0.32673267326732675,nan,nan
denovo_pdb__9dw2_A,2,151,True,50,50,17,0.34,0.17894736842105263,0.23448275862068968,5,1,0.2,0.14285714285714285,0.16666666666666666,16,9,0.5625,0.34615384615384615,0.4285714285714286,29,7,0.2413793103448276,0.11290322580645161,0.15384615384615385,1,0.23448275862068968,0.23448275862068968,0.23448275862068968,nan,nan
denovo_pdb__9dw2_A,3,343,True,114,114,42,0.3684210526315789,0.4421052631578947,0.4019138755980861,10,3,0.3,0.42857142857142855,0.3529411764705882,23,17,0.7391304347826086,0.6538461538461539,0.693877551020408,81,22,0.2716049382716049,0.3548387096774194,0.30769230769230765,1,0.4019138755980861,0.4019138755980861,0.4019138755980861,nan,nan
denovo_pdb__9fw7_A,0,181,True,60,60,12,0.2,0.0594059405940594,0.0916030534351145,15,4,0.26666666666666666,0.25,0.2580645161290323,17,6,0.35294117647058826,0.23076923076923078,0.2790697674418605,28,2,0.07142857142857142,0.0125,0.02127659574468085,1,0.0916030534351145,0.0916030534351145,0.0916030534351145,nan,nan
denovo_pdb__9fw7_A,1,532,True,177,177,9,0.05084745762711865,0.04455445544554455,0.047493403693931395,24,5,0.20833333333333334,0.3125,0.25,33,4,0.12121212121212122,0.15384615384615385,0.13559322033898305,120,0,0.0,0.0,0.0,1,0.047493403693931395,0.047493403693931395,0.047493403693931395,nan,nan
denovo_pdb__9fw7_A,2,211,True,70,70,7,0.1,0.034653465346534656,0.05147058823529412,15,5,0.3333333333333333,0.3125,0.3225806451612903,12,0,0.0,0.0,0.0,43,2,0.046511627906976744,0.0125,0.019704433497536946,1,0.05147058823529412,0.05147058823529412,0.05147058823529412,nan,nan
denovo_pdb__9fw7_A,3,517,True,172,172,14,0.08139534883720931,0.06930693069306931,0.07486631016042782,29,8,0.27586206896551724,0.5,0.35555555555555557,26,1,0.038461538461538464,0.038461538461538464,0.038461538461538464,117,5,0.042735042735042736,0.03125,0.036101083032490974,1,0.07486631016042782,0.07486631016042782,0.07486631016042782,nan,nan
denovo_pdb__9gvf_A,0,241,True,80,80,11,0.1375,0.0763888888888889,0.09821428571428571,15,8,0.5333333333333333,0.26666666666666666,0.3555555555555555,39,3,0.07692307692307693,0.1,0.08695652173913043,26,0,0.0,0.0,0.0,1,0.09821428571428571,0.09821428571428571,0.09821428571428571,nan,nan
denovo_pdb__9gvf_A,1,505,True,168,168,21,0.125,0.14583333333333334,0.1346153846153846,35,14,0.4,0.4666666666666667,0.4307692307692308,73,5,0.0684931506849315,0.16666666666666666,0.0970873786407767,60,2,0.03333333333333333,0.023809523809523808,0.027777777777777776,1,0.1346153846153846,0.1346153846153846,0.1346153846153846,nan,nan
denovo_pdb__9gvf_A,2,493,True,164,164,14,0.08536585365853659,0.09722222222222222,0.09090909090909091,25,10,0.4,0.3333333333333333,0.3636363636363636,51,4,0.0784313725490196,0.13333333333333333,0.09876543209876543,88,0,0.0,0.0,0.0,1,0.09090909090909091,0.09090909090909091,0.09090909090909091,nan,nan
denovo_pdb__9gvf_A,3,583,True,194,194,11,0.05670103092783505,0.0763888888888889,0.0650887573964497,21,5,0.23809523809523808,0.16666666666666666,0.19607843137254902,63,4,0.06349206349206349,0.13333333333333333,0.08602150537634408,110,2,0.01818181818181818,0.023809523809523808,0.020618556701030927,1,0.0650887573964497,0.0650887573964497,0.0650887573964497,nan,nan
denovo_pdb__9h3c_A,0,376,True,125,125,9,0.072,0.06338028169014084,0.06741573033707866,17,5,0.29411764705882354,0.14285714285714285,0.1923076923076923,18,2,0.1111111111111111,0.06666666666666667,0.08333333333333334,90,2,0.022222222222222223,0.025974025974025976,0.02395209580838324,1,0.06741573033707866,0.06741573033707866,0.06741573033707866,nan,nan
denovo_pdb__9h3c_A,1,544,True,181,181,22,0.12154696132596685,0.15492957746478872,0.13622291021671826,27,11,0.4074074074074074,0.3142857142857143,0.3548387096774193,43,5,0.11627906976744186,0.16666666666666666,0.136986301369863,111,6,0.05405405405405406,0.07792207792207792,0.06382978723404255,1,0.13622291021671826,0.13622291021671826,0.13622291021671826,nan,nan
denovo_pdb__9h3c_A,2,469,True,156,156,19,0.12179487179487179,0.13380281690140844,0.12751677852348992,32,10,0.3125,0.2857142857142857,0.29850746268656714,56,4,0.07142857142857142,0.13333333333333333,0.09302325581395349,68,5,0.07352941176470588,0.06493506493506493,0.06896551724137931,1,0.12751677852348992,0.12751677852348992,0.12751677852348992,nan,nan
denovo_pdb__9h3c_A,3,460,True,153,153,15,0.09803921568627451,0.1056338028169014,0.10169491525423728,25,6,0.24,0.17142857142857143,0.19999999999999998,47,5,0.10638297872340426,0.16666666666666666,0.12987012987012986,81,4,0.04938271604938271,0.05194805194805195,0.05063291139240506,1,0.10169491525423728,0.10169491525423728,0.10169491525423728,nan,nan
denovo_pdb__9hag_A,0,250,True,83,83,25,0.30120481927710846,0.30864197530864196,0.3048780487804878,21,9,0.42857142857142855,0.4090909090909091,0.4186046511627907,44,15,0.3409090909090909,0.4411764705882353,0.38461538461538464,18,1,0.05555555555555555,0.04,0.046511627906976744,1,0.3048780487804878,0.3048780487804878,0.3048780487804878,nan,nan
denovo_pdb__9hag_A,1,295,True,98,98,51,0.5204081632653061,0.6296296296296297,0.5698324022346369,27,19,0.7037037037037037,0.8636363636363636,0.7755102040816326,35,24,0.6857142857142857,0.7058823529411765,0.6956521739130436,36,8,0.2222222222222222,0.32,0.26229508196721313,1,0.5698324022346369,0.5698324022346369,0.5698324022346369,nan,nan
denovo_pdb__9hag_A,2,157,True,52,52,22,0.4230769230769231,0.2716049382716049,0.33082706766917297,18,11,0.6111111111111112,0.5,0.55,29,11,0.3793103448275862,0.3235294117647059,0.3492063492063492,5,0,0.0,0.0,0.0,1,0.33082706766917297,0.33082706766917297,0.33082706766917297,nan,nan
denovo_pdb__9hag_A,3,367,True,122,122,41,0.3360655737704918,0.5061728395061729,0.4039408866995074,26,14,0.5384615384615384,0.6363636363636364,0.5833333333333334,50,21,0.42,0.6176470588235294,0.5,46,6,0.13043478260869565,0.24,0.16901408450704222,1,0.4039408866995074,0.4039408866995074,0.4039408866995074,nan,nan
denovo_pdb__9jl8_A,0,532,True,177,177,22,0.12429378531073447,0.12087912087912088,0.12256267409470753,24,8,0.3333333333333333,0.38095238095238093,0.35555555555555557,35,4,0.11428571428571428,0.1111111111111111,0.11267605633802817,118,10,0.0847457627118644,0.08,0.08230452674897118,1,0.12256267409470753,0.12256267409470753,0.12256267409470753,nan,nan
denovo_pdb__9jl8_A,1,592,True,197,197,18,0.09137055837563451,0.0989010989010989,0.09498680738786279,42,7,0.16666666666666666,0.3333333333333333,0.2222222222222222,19,5,0.2631578947368421,0.1388888888888889,0.18181818181818182,136,6,0.04411764705882353,0.048,0.04597701149425288,1,0.09498680738786279,0.09498680738786279,0.09498680738786279,nan,nan
denovo_pdb__9jl8_A,2,454,True,151,151,14,0.09271523178807947,0.07692307692307693,0.08408408408408409,22,3,0.13636363636363635,0.14285714285714285,0.1395348837209302,20,1,0.05,0.027777777777777776,0.03571428571428571,109,10,0.09174311926605505,0.08,0.08547008547008546,1,0.08408408408408409,0.08408408408408409,0.08408408408408409,nan,nan
denovo_pdb__9jl8_A,3,529,True,176,176,16,0.09090909090909091,0.08791208791208792,0.0893854748603352,32,6,0.1875,0.2857142857142857,0.22641509433962265,18,3,0.16666666666666666,0.08333333333333333,0.1111111111111111,126,7,0.05555555555555555,0.056,0.055776892430278883,1,0.0893854748603352,0.0893854748603352,0.0893854748603352,nan,nan
denovo_pdb__9jla_A,0,493,True,164,164,20,0.12195121951219512,0.11363636363636363,0.1176470588235294,29,7,0.2413793103448276,0.30434782608695654,0.2692307692307692,26,6,0.23076923076923078,0.1935483870967742,0.21052631578947367,109,7,0.06422018348623854,0.05737704918032787,0.0606060606060606,1,0.1176470588235294,0.1176470588235294,0.1176470588235294,nan,nan
denovo_pdb__9jla_A,1,433,True,144,144,17,0.11805555555555555,0.09659090909090909,0.10625,24,4,0.16666666666666666,0.17391304347826086,0.1702127659574468,19,2,0.10526315789473684,0.06451612903225806,0.07999999999999999,101,11,0.10891089108910891,0.09016393442622951,0.09865470852017938,1,0.10625,0.10625,0.10625,nan,nan
denovo_pdb__9jla_A,2,544,True,181,181,24,0.13259668508287292,0.13636363636363635,0.13445378151260504,38,4,0.10526315789473684,0.17391304347826086,0.13114754098360656,25,4,0.16,0.12903225806451613,0.14285714285714285,118,16,0.13559322033898305,0.13114754098360656,0.13333333333333336,1,0.13445378151260504,0.13445378151260504,0.13445378151260504,nan,nan
denovo_pdb__9jla_A,3,388,True,129,129,16,0.12403100775193798,0.09090909090909091,0.10491803278688525,20,5,0.25,0.21739130434782608,0.23255813953488372,18,3,0.16666666666666666,0.0967741935483871,0.12244897959183673,91,8,0.08791208791208792,0.06557377049180328,0.07511737089201878,1,0.10491803278688525,0.10491803278688525,0.10491803278688525,nan,nan
denovo_pdb__9jwq_A,0,823,True,272,272,35,0.12867647058823528,0.1377952755905512,0.13307984790874525,30,9,0.3,0.375,0.33333333333333326,41,5,0.12195121951219512,0.1111111111111111,0.11627906976744186,201,21,0.1044776119402985,0.11351351351351352,0.10880829015544043,1,0.13307984790874525,0.13307984790874525,0.13307984790874525,nan,nan
denovo_pdb__9jwq_A,1,841,True,280,280,25,0.08928571428571429,0.0984251968503937,0.09363295880149812,31,8,0.25806451612903225,0.3333333333333333,0.29090909090909095,33,2,0.06060606060606061,0.044444444444444446,0.05128205128205128,216,15,0.06944444444444445,0.08108108108108109,0.07481296758104738,1,0.09363295880149812,0.09363295880149812,0.09363295880149812,nan,nan
denovo_pdb__9jwq_A,2,871,True,290,290,52,0.1793103448275862,0.2047244094488189,0.19117647058823528,30,11,0.36666666666666664,0.4583333333333333,0.4074074074074074,52,11,0.21153846153846154,0.24444444444444444,0.2268041237113402,208,30,0.14423076923076922,0.16216216216216217,0.15267175572519082,1,0.19117647058823528,0.19117647058823528,0.19117647058823528,nan,nan
denovo_pdb__9jwq_A,3,862,True,287,287,39,0.13588850174216027,0.15354330708661418,0.14417744916820702,35,6,0.17142857142857143,0.25,0.2033898305084746,53,7,0.1320754716981132,0.15555555555555556,0.14285714285714288,199,26,0.1306532663316583,0.14054054054054055,0.13541666666666666,1,0.14417744916820702,0.14417744916820702,0.14417744916820702,nan,nan
denovo_pdb__9kgz_A,0,223,True,74,74,21,0.28378378378378377,0.14285714285714285,0.19004524886877827,10,7,0.7,0.3181818181818182,0.4375,13,6,0.46153846153846156,0.15,0.22641509433962265,51,8,0.1568627450980392,0.09411764705882353,0.11764705882352941,1,0.19004524886877827,0.19004524886877827,0.19004524886877827,nan,nan
denovo_pdb__9kgz_A,1,256,True,85,85,18,0.21176470588235294,0.12244897959183673,0.15517241379310345,12,4,0.3333333333333333,0.18181818181818182,0.23529411764705885,29,12,0.41379310344827586,0.3,0.34782608695652173,44,2,0.045454545454545456,0.023529411764705882,0.031007751937984496,1,0.15517241379310345,0.15517241379310345,0.15517241379310345,nan,nan
denovo_pdb__9kgz_A,2,217,True,72,72,24,0.3333333333333333,0.16326530612244897,0.21917808219178078,18,7,0.3888888888888889,0.3181818181818182,0.35000000000000003,33,15,0.45454545454545453,0.375,0.410958904109589,21,2,0.09523809523809523,0.023529411764705882,0.03773584905660377,1,0.21917808219178078,0.21917808219178078,0.21917808219178078,nan,nan
denovo_pdb__9kgz_A,3,283,True,94,94,24,0.2553191489361702,0.16326530612244897,0.19917012448132776,18,9,0.5,0.4090909090909091,0.45,23,11,0.4782608695652174,0.275,0.34920634920634924,53,4,0.07547169811320754,0.047058823529411764,0.05797101449275362,1,0.19917012448132776,0.19917012448132776,0.19917012448132776,nan,nan
denovo_pdb__9lni_A,0,394,True,131,131,14,0.10687022900763359,0.06363636363636363,0.07977207977207977,25,4,0.16,0.18181818181818182,0.1702127659574468,31,6,0.1935483870967742,0.15,0.16901408450704225,75,4,0.05333333333333334,0.02531645569620253,0.034334763948497854,1,0.07977207977207977,0.07977207977207977,0.07977207977207977,nan,nan
denovo_pdb__9lni_A,1,706,True,235,235,29,0.12340425531914893,0.1318181818181818,0.12747252747252746,18,4,0.2222222222222222,0.18181818181818182,0.19999999999999998,35,7,0.2,0.175,0.18666666666666665,182,18,0.0989010989010989,0.11392405063291139,0.10588235294117647,1,0.12747252747252746,0.12747252747252746,0.12747252747252746,nan,nan
denovo_pdb__9lni_A,2,553,True,184,184,19,0.10326086956521739,0.08636363636363636,0.09405940594059406,24,7,0.2916666666666667,0.3181818181818182,0.30434782608695654,34,7,0.20588235294117646,0.175,0.18918918918918917,126,5,0.03968253968253968,0.03164556962025317,0.035211267605633804,1,0.09405940594059406,0.09405940594059406,0.09405940594059406,nan,nan
denovo_pdb__9lni_A,3,592,True,196,196,15,0.07653061224489796,0.06818181818181818,0.07211538461538461,18,4,0.2222222222222222,0.18181818181818182,0.19999999999999998,20,4,0.2,0.1,0.13333333333333333,158,7,0.04430379746835443,0.04430379746835443,0.04430379746835443,1,0.07211538461538461,0.07211538461538461,0.07211538461538461,nan,nan
denovo_pdb__9mrb_A,0,307,True,102,102,5,0.049019607843137254,0.047619047619047616,0.04830917874396136,20,1,0.05,0.06666666666666667,0.05714285714285715,20,3,0.15,0.13636363636363635,0.14285714285714282,62,1,0.016129032258064516,0.014705882352941176,0.015384615384615384,1,0.04830917874396136,0.04830917874396136,0.04830917874396136,nan,nan
denovo_pdb__9mrb_A,1,313,True,104,104,13,0.125,0.12380952380952381,0.12440191387559808,19,4,0.21052631578947367,0.26666666666666666,0.23529411764705882,18,4,0.2222222222222222,0.18181818181818182,0.19999999999999998,67,5,0.07462686567164178,0.07352941176470588,0.07407407407407407,1,0.12440191387559808,0.12440191387559808,0.12440191387559808,nan,nan
denovo_pdb__9mrb_A,2,274,True,91,91,5,0.054945054945054944,0.047619047619047616,0.05102040816326531,17,2,0.11764705882352941,0.13333333333333333,0.125,13,1,0.07692307692307693,0.045454545454545456,0.05714285714285715,61,2,0.03278688524590164,0.029411764705882353,0.031007751937984496,1,0.05102040816326531,0.05102040816326531,0.05102040816326531,nan,nan
denovo_pdb__9mrb_A,3,301,True,100,100,5,0.05,0.047619047619047616,0.04878048780487805,20,4,0.2,0.26666666666666666,0.2285714285714286,26,0,0.0,0.0,0.0,54,1,0.018518518518518517,0.014705882352941176,0.016393442622950817,1,0.04878048780487805,0.04878048780487805,0.04878048780487805,nan,nan
denovo_pdb__9n0j_A,0,316,True,105,105,50,0.47619047619047616,0.4807692307692308,0.4784688995215311,6,3,0.5,1.0,0.6666666666666666,27,11,0.4074074074074074,0.7333333333333333,0.5238095238095238,72,36,0.5,0.4186046511627907,0.45569620253164556,1,0.4784688995215311,0.4784688995215311,0.4784688995215311,nan,nan
denovo_pdb__9n0j_A,1,262,True,87,87,38,0.4367816091954023,0.36538461538461536,0.3979057591623037,6,3,0.5,1.0,0.6666666666666666,20,7,0.35,0.4666666666666667,0.4,61,28,0.45901639344262296,0.32558139534883723,0.380952380952381,1,0.3979057591623037,0.3979057591623037,0.3979057591623037,nan,nan
denovo_pdb__9n0j_A,2,337,True,112,112,18,0.16071428571428573,0.17307692307692307,0.16666666666666666,9,1,0.1111111111111111,0.3333333333333333,0.16666666666666666,18,3,0.16666666666666666,0.2,0.1818181818181818,85,14,0.16470588235294117,0.16279069767441862,0.16374269005847952,1,0.16666666666666666,0.16666666666666666,0.16666666666666666,nan,nan
denovo_pdb__9n0j_A,3,274,True,91,91,5,0.054945054945054944,0.04807692307692308,0.05128205128205128,11,1,0.09090909090909091,0.3333333333333333,0.14285714285714288,8,1,0.125,0.06666666666666667,0.08695652173913045,72,3,0.041666666666666664,0.03488372093023256,0.0379746835443038,1,0.05128205128205128,0.05128205128205128,0.05128205128205128,nan,nan
denovo_pdb__9qrf_A,0,559,True,186,186,16,0.08602150537634409,0.07441860465116279,0.0798004987531172,39,9,0.23076923076923078,0.25,0.24000000000000002,45,6,0.13333333333333333,0.125,0.12903225806451615,102,1,0.00980392156862745,0.007633587786259542,0.008583690987124463,1,0.0798004987531172,0.0798004987531172,0.0798004987531172,nan,nan
denovo_pdb__9qrf_A,1,529,True,176,176,18,0.10227272727272728,0.08372093023255814,0.09207161125319695,36,6,0.16666666666666666,0.16666666666666666,0.16666666666666666,48,7,0.14583333333333334,0.14583333333333334,0.14583333333333334,92,5,0.05434782608695652,0.03816793893129771,0.04484304932735426,1,0.09207161125319695,0.09207161125319695,0.09207161125319695,nan,nan
denovo_pdb__9qrf_A,2,445,True,148,148,16,0.10810810810810811,0.07441860465116279,0.0881542699724518,29,9,0.3103448275862069,0.25,0.27692307692307694,37,4,0.10810810810810811,0.08333333333333333,0.09411764705882353,82,3,0.036585365853658534,0.022900763358778626,0.02816901408450704,1,0.0881542699724518,0.0881542699724518,0.0881542699724518,nan,nan
denovo_pdb__9qrf_A,3,547,True,182,182,8,0.04395604395604396,0.037209302325581395,0.04030226700251889,35,4,0.11428571428571428,0.1111111111111111,0.11267605633802817,39,2,0.05128205128205128,0.041666666666666664,0.045977011494252866,108,2,0.018518518518518517,0.015267175572519083,0.01673640167364017,1,0.04030226700251889,0.04030226700251889,0.04030226700251889,nan,nan
denovo_pdb__9qud_A,0,433,True,144,144,30,0.20833333333333334,0.19480519480519481,0.20134228187919467,23,11,0.4782608695652174,0.4230769230769231,0.44897959183673475,33,7,0.21212121212121213,0.28,0.2413793103448276,88,12,0.13636363636363635,0.11650485436893204,0.1256544502617801,1,0.20134228187919467,0.20134228187919467,0.20134228187919467,nan,nan
denovo_pdb__9qud_A,1,451,True,149,149,22,0.1476510067114094,0.14285714285714285,0.1452145214521452,20,11,0.55,0.4230769230769231,0.47826086956521735,30,4,0.13333333333333333,0.16,0.14545454545454545,99,7,0.0707070707070707,0.06796116504854369,0.06930693069306931,1,0.1452145214521452,0.1452145214521452,0.1452145214521452,nan,nan
denovo_pdb__9qud_A,2,517,True,172,172,20,0.11627906976744186,0.12987012987012986,0.12269938650306748,26,10,0.38461538461538464,0.38461538461538464,0.38461538461538464,28,3,0.10714285714285714,0.12,0.1132075471698113,118,7,0.059322033898305086,0.06796116504854369,0.06334841628959276,1,0.12269938650306748,0.12269938650306748,0.12269938650306748,nan,nan
denovo_pdb__9qud_A,3,382,True,127,127,8,0.06299212598425197,0.05194805194805195,0.056939501779359435,24,7,0.2916666666666667,0.2692307692307692,0.27999999999999997,22,0,0.0,0.0,0.0,81,1,0.012345679012345678,0.009708737864077669,0.010869565217391302,1,0.056939501779359435,0.056939501779359435,0.056939501779359435,nan,nan
denovo_pdb__9qul_A,0,484,True,161,161,38,0.2360248447204969,0.2389937106918239,0.2375,26,14,0.5384615384615384,0.56,0.5490196078431373,27,6,0.2222222222222222,0.23076923076923078,0.22641509433962265,108,18,0.16666666666666666,0.16666666666666666,0.16666666666666666,1,0.2375,0.2375,0.2375,nan,nan
denovo_pdb__9qul_A,1,475,True,158,158,20,0.12658227848101267,0.12578616352201258,0.12618296529968456,17,5,0.29411764705882354,0.2,0.2380952380952381,26,6,0.23076923076923078,0.23076923076923078,0.23076923076923078,115,9,0.0782608695652174,0.08333333333333333,0.08071748878923768,1,0.12618296529968456,0.12618296529968456,0.12618296529968456,nan,nan
denovo_pdb__9qul_A,2,463,True,154,154,11,0.07142857142857142,0.06918238993710692,0.07028753993610222,25,7,0.28,0.28,0.28,16,0,0.0,0.0,0.0,113,4,0.035398230088495575,0.037037037037037035,0.03619909502262444,1,0.07028753993610222,0.07028753993610222,0.07028753993610222,nan,nan
denovo_pdb__9qul_A,3,508,True,169,169,23,0.13609467455621302,0.14465408805031446,0.14024390243902438,34,11,0.3235294117647059,0.44,0.3728813559322034,30,3,0.1,0.11538461538461539,0.10714285714285714,105,9,0.08571428571428572,0.08333333333333333,0.08450704225352113,1,0.14024390243902438,0.14024390243902438,0.14024390243902438,nan,nan
denovo_pdb__9r00_A,0,535,True,178,178,17,0.09550561797752809,0.10429447852760736,0.09970674486803519,38,9,0.23684210526315788,0.32142857142857145,0.2727272727272727,42,7,0.16666666666666666,0.11864406779661017,0.1386138613861386,98,1,0.01020408163265306,0.013157894736842105,0.011494252873563218,1,0.09970674486803519,0.09970674486803519,0.09970674486803519,nan,nan
denovo_pdb__9r00_A,1,304,True,101,101,29,0.2871287128712871,0.17791411042944785,0.2196969696969697,25,9,0.36,0.32142857142857145,0.33962264150943394,33,16,0.48484848484848486,0.2711864406779661,0.3478260869565218,43,4,0.09302325581395349,0.05263157894736842,0.06722689075630252,1,0.2196969696969697,0.2196969696969697,0.2196969696969697,nan,nan
denovo_pdb__9r00_A,2,472,True,157,157,33,0.21019108280254778,0.20245398773006135,0.20625000000000002,28,12,0.42857142857142855,0.42857142857142855,0.42857142857142855,43,19,0.4418604651162791,0.3220338983050847,0.37254901960784315,86,2,0.023255813953488372,0.02631578947368421,0.024691358024691357,1,0.20625000000000002,0.20625000000000002,0.20625000000000002,nan,nan
denovo_pdb__9r00_A,3,346,True,115,115,33,0.28695652173913044,0.20245398773006135,0.23741007194244604,25,9,0.36,0.32142857142857145,0.33962264150943394,48,23,0.4791666666666667,0.3898305084745763,0.4299065420560748,42,1,0.023809523809523808,0.013157894736842105,0.01694915254237288,1,0.23741007194244604,0.23741007194244604,0.23741007194244604,nan,nan
denovo_pdb__9r17_A,0,313,True,104,104,11,0.10576923076923077,0.12790697674418605,0.11578947368421053,20,5,0.25,0.22727272727272727,0.23809523809523808,14,6,0.42857142857142855,0.2,0.27272727272727276,70,0,0.0,0.0,0.0,1,0.11578947368421053,0.11578947368421053,0.11578947368421053,nan,nan
denovo_pdb__9r17_A,1,274,True,91,91,25,0.27472527472527475,0.29069767441860467,0.28248587570621475,24,15,0.625,0.6818181818181818,0.6521739130434783,22,9,0.4090909090909091,0.3,0.34615384615384615,45,1,0.022222222222222223,0.029411764705882353,0.025316455696202535,1,0.28248587570621475,0.28248587570621475,0.28248587570621475,nan,nan
denovo_pdb__9r17_A,2,340,True,113,113,27,0.23893805309734514,0.313953488372093,0.271356783919598,31,12,0.3870967741935484,0.5454545454545454,0.45283018867924524,22,9,0.4090909090909091,0.3,0.34615384615384615,60,6,0.1,0.17647058823529413,0.12765957446808512,1,0.271356783919598,0.271356783919598,0.271356783919598,nan,nan
denovo_pdb__9r17_A,3,370,True,122,122,19,0.1557377049180328,0.22093023255813954,0.1826923076923077,21,8,0.38095238095238093,0.36363636363636365,0.37209302325581395,39,6,0.15384615384615385,0.2,0.17391304347826086,62,5,0.08064516129032258,0.14705882352941177,0.10416666666666666,1,0.1826923076923077,0.1826923076923077,0.1826923076923077,nan,nan
denovo_pdb__9r1k_A,0,334,True,111,111,10,0.09009009009009009,0.09615384615384616,0.09302325581395347,11,1,0.09090909090909091,0.09090909090909091,0.09090909090909091,18,3,0.16666666666666666,0.15789473684210525,0.16216216216216214,82,6,0.07317073170731707,0.08108108108108109,0.07692307692307691,1,0.09302325581395347,0.09302325581395347,0.09302325581395347,nan,nan
denovo_pdb__9r1k_A,1,316,True,105,105,28,0.26666666666666666,0.2692307692307692,0.2679425837320574,11,3,0.2727272727272727,0.2727272727272727,0.2727272727272727,20,8,0.4,0.42105263157894735,0.41025641025641024,74,17,0.22972972972972974,0.22972972972972974,0.22972972972972974,1,0.2679425837320574,0.2679425837320574,0.2679425837320574,nan,nan
denovo_pdb__9r1k_A,2,376,True,125,125,39,0.312,0.375,0.34061135371179035,9,5,0.5555555555555556,0.45454545454545453,0.5,14,8,0.5714285714285714,0.42105263157894735,0.48484848484848486,102,26,0.2549019607843137,0.35135135135135137,0.29545454545454547,1,0.34061135371179035,0.34061135371179035,0.34061135371179035,nan,nan
denovo_pdb__9r1k_A,3,250,True,83,83,41,0.4939759036144578,0.3942307692307692,0.4385026737967914,12,6,0.5,0.5454545454545454,0.5217391304347826,9,8,0.8888888888888888,0.42105263157894735,0.5714285714285714,62,27,0.43548387096774194,0.36486486486486486,0.39705882352941174,1,0.4385026737967914,0.4385026737967914,0.4385026737967914,nan,nan
denovo_pdb__9r1m_A,0,127,True,42,42,4,0.09523809523809523,0.037037037037037035,0.05333333333333334,7,1,0.14285714285714285,0.1,0.11764705882352941,12,1,0.08333333333333333,0.047619047619047616,0.060606060606060615,23,2,0.08695652173913043,0.025974025974025976,0.04,1,0.05333333333333334,0.05333333333333334,0.05333333333333334,nan,nan
denovo_pdb__9r1m_A,1,166,True,55,55,0,0.0,0.0,0.0,10,0,0.0,0.0,0.0,9,0,0.0,0.0,0.0,36,0,0.0,0.0,0.0,1,0.0,0.0,0.0,nan,nan
denovo_pdb__9r1m_A,2,298,True,99,99,14,0.1414141414141414,0.12962962962962962,0.1352657004830918,8,2,0.25,0.2,0.22222222222222224,22,4,0.18181818181818182,0.19047619047619047,0.18604651162790697,69,8,0.11594202898550725,0.1038961038961039,0.10958904109589043,1,0.1352657004830918,0.1352657004830918,0.1352657004830918,nan,nan
denovo_pdb__9r1m_A,3,244,True,81,81,25,0.30864197530864196,0.23148148148148148,0.26455026455026454,11,3,0.2727272727272727,0.3,0.28571428571428564,23,9,0.391304347826087,0.42857142857142855,0.4090909090909091,47,13,0.2765957446808511,0.16883116883116883,0.20967741935483872,1,0.26455026455026454,0.26455026455026454,0.26455026455026454,nan,nan
denovo_pdb__9r2k_A,0,343,True,114,114,24,0.21052631578947367,0.10810810810810811,0.14285714285714288,23,9,0.391304347826087,0.24324324324324326,0.30000000000000004,26,7,0.2692307692307692,0.16279069767441862,0.2028985507246377,65,8,0.12307692307692308,0.056338028169014086,0.07729468599033816,1,0.14285714285714288,0.14285714285714288,0.14285714285714288,nan,nan
denovo_pdb__9r2k_A,1,400,True,133,133,23,0.17293233082706766,0.1036036036036036,0.1295774647887324,27,12,0.4444444444444444,0.32432432432432434,0.375,35,7,0.2,0.16279069767441862,0.17948717948717952,71,4,0.056338028169014086,0.028169014084507043,0.03755868544600939,1,0.1295774647887324,0.1295774647887324,0.1295774647887324,nan,nan
denovo_pdb__9r2k_A,2,550,True,183,183,40,0.2185792349726776,0.18018018018018017,0.19753086419753085,39,15,0.38461538461538464,0.40540540540540543,0.39473684210526316,41,17,0.4146341463414634,0.3953488372093023,0.40476190476190477,103,8,0.07766990291262135,0.056338028169014086,0.06530612244897958,1,0.19753086419753085,0.19753086419753085,0.19753086419753085,nan,nan
denovo_pdb__9r2k_A,3,208,True,69,69,14,0.2028985507246377,0.06306306306306306,0.09621993127147764,23,8,0.34782608695652173,0.21621621621621623,0.26666666666666666,25,5,0.2,0.11627906976744186,0.14705882352941177,21,1,0.047619047619047616,0.007042253521126761,0.012269938650306749,1,0.09621993127147764,0.09621993127147764,0.09621993127147764,nan,nan
denovo_pdb__9raa_A,0,484,True,160,160,28,0.175,0.20588235294117646,0.18918918918918917,26,11,0.4230769230769231,0.44,0.4313725490196078,29,6,0.20689655172413793,0.1935483870967742,0.19999999999999998,105,11,0.10476190476190476,0.1375,0.11891891891891891,1,0.18918918918918917,0.18918918918918917,0.18918918918918917,nan,nan
denovo_pdb__9raa_A,1,295,True,98,98,12,0.12244897959183673,0.08823529411764706,0.10256410256410257,29,5,0.1724137931034483,0.2,0.1851851851851852,38,6,0.15789473684210525,0.1935483870967742,0.17391304347826086,31,1,0.03225806451612903,0.0125,0.018018018018018018,1,0.10256410256410257,0.10256410256410257,0.10256410256410257,nan,nan
denovo_pdb__9raa_A,2,487,True,162,162,16,0.09876543209876543,0.11764705882352941,0.10738255033557047,16,6,0.375,0.24,0.2926829268292683,44,8,0.18181818181818182,0.25806451612903225,0.21333333333333335,102,2,0.0196078431372549,0.025,0.021978021978021976,1,0.10738255033557047,0.10738255033557047,0.10738255033557047,nan,nan
denovo_pdb__9raa_A,3,421,True,140,140,17,0.12142857142857143,0.125,0.12318840579710144,26,8,0.3076923076923077,0.32,0.3137254901960784,30,7,0.23333333333333334,0.22580645161290322,0.22950819672131148,84,2,0.023809523809523808,0.025,0.024390243902439025,1,0.12318840579710144,0.12318840579710144,0.12318840579710144,nan,nan
denovo_pdb__9rar_A,0,346,True,115,115,14,0.12173913043478261,0.09722222222222222,0.10810810810810811,20,10,0.5,0.38461538461538464,0.4347826086956522,25,2,0.08,0.06451612903225806,0.07142857142857142,70,2,0.02857142857142857,0.022988505747126436,0.02547770700636943,1,0.10810810810810811,0.10810810810810811,0.10810810810810811,nan,nan
denovo_pdb__9rar_A,1,295,True,98,98,21,0.21428571428571427,0.14583333333333334,0.17355371900826447,19,8,0.42105263157894735,0.3076923076923077,0.35555555555555557,24,6,0.25,0.1935483870967742,0.21818181818181817,55,7,0.12727272727272726,0.08045977011494253,0.09859154929577464,1,0.17355371900826447,0.17355371900826447,0.17355371900826447,nan,nan
denovo_pdb__9rar_A,2,334,True,111,111,11,0.0990990990990991,0.0763888888888889,0.08627450980392158,26,7,0.2692307692307692,0.2692307692307692,0.2692307692307692,14,2,0.14285714285714285,0.06451612903225806,0.08888888888888889,71,2,0.028169014084507043,0.022988505747126436,0.02531645569620253,1,0.08627450980392158,0.08627450980392158,0.08627450980392158,nan,nan
denovo_pdb__9rar_A,3,415,True,138,138,28,0.2028985507246377,0.19444444444444445,0.19858156028368795,25,8,0.32,0.3076923076923077,0.3137254901960784,26,10,0.38461538461538464,0.3225806451612903,0.3508771929824561,87,10,0.11494252873563218,0.11494252873563218,0.11494252873563218,1,0.19858156028368795,0.19858156028368795,0.19858156028368795,nan,nan
denovo_pdb__9rbe_A,0,319,True,106,106,18,0.16981132075471697,0.13043478260869565,0.14754098360655735,26,8,0.3076923076923077,0.2857142857142857,0.29629629629629634,42,3,0.07142857142857142,0.1,0.08333333333333333,38,7,0.18421052631578946,0.0875,0.11864406779661016,1,0.14754098360655735,0.14754098360655735,0.14754098360655735,nan,nan
denovo_pdb__9rbe_A,1,475,True,158,158,11,0.06962025316455696,0.07971014492753623,0.07432432432432431,26,7,0.2692307692307692,0.25,0.2592592592592593,27,2,0.07407407407407407,0.06666666666666667,0.07017543859649124,105,2,0.01904761904761905,0.025,0.021621621621621623,1,0.07432432432432431,0.07432432432432431,0.07432432432432431,nan,nan
denovo_pdb__9rbe_A,2,421,True,140,140,15,0.10714285714285714,0.10869565217391304,0.1079136690647482,27,8,0.2962962962962963,0.2857142857142857,0.2909090909090909,38,6,0.15789473684210525,0.2,0.17647058823529413,75,1,0.013333333333333334,0.0125,0.012903225806451615,1,0.1079136690647482,0.1079136690647482,0.1079136690647482,nan,nan
denovo_pdb__9rbe_A,3,514,True,171,171,24,0.14035087719298245,0.17391304347826086,0.1553398058252427,27,7,0.25925925925925924,0.25,0.2545454545454545,46,10,0.21739130434782608,0.3333333333333333,0.26315789473684204,98,7,0.07142857142857142,0.0875,0.07865168539325842,1,0.1553398058252427,0.1553398058252427,0.1553398058252427,nan,nan
denovo_pdb__9tas_A,0,166,True,55,55,11,0.2,0.11578947368421053,0.1466666666666667,13,4,0.3076923076923077,0.5714285714285714,0.4,17,6,0.35294117647058826,0.2727272727272727,0.30769230769230765,25,1,0.04,0.015151515151515152,0.021978021978021976,1,0.1466666666666667,0.1466666666666667,0.1466666666666667,nan,nan
denovo_pdb__9tas_A,1,232,True,77,77,17,0.22077922077922077,0.17894736842105263,0.19767441860465118,13,4,0.3076923076923077,0.5714285714285714,0.4,20,10,0.5,0.45454545454545453,0.47619047619047616,44,3,0.06818181818181818,0.045454545454545456,0.05454545454545454,1,0.19767441860465118,0.19767441860465118,0.19767441860465118,nan,nan
denovo_pdb__9tas_A,2,319,True,106,106,34,0.32075471698113206,0.35789473684210527,0.3383084577114428,7,4,0.5714285714285714,0.5714285714285714,0.5714285714285714,23,15,0.6521739130434783,0.6818181818181818,0.6666666666666666,76,15,0.19736842105263158,0.22727272727272727,0.2112676056338028,1,0.3383084577114428,0.3383084577114428,0.3383084577114428,nan,nan
denovo_pdb__9tas_A,3,274,True,90,90,22,0.24444444444444444,0.23157894736842105,0.23783783783783785,9,4,0.4444444444444444,0.5714285714285714,0.5,16,5,0.3125,0.22727272727272727,0.2631578947368421,65,13,0.2,0.19696969696969696,0.19847328244274812,1,0.23783783783783785,0.23783783783783785,0.23783783783783785,nan,nan
denovo_pdb__9ugr_A,0,439,True,146,146,5,0.03424657534246575,0.03333333333333333,0.033783783783783786,22,0,0.0,0.0,0.0,12,0,0.0,0.0,0.0,112,5,0.044642857142857144,0.04032258064516129,0.0423728813559322,1,0.033783783783783786,0.033783783783783786,0.033783783783783786,nan,nan
denovo_pdb__9ugr_A,1,265,True,88,88,2,0.022727272727272728,0.013333333333333334,0.016806722689075633,13,0,0.0,0.0,0.0,11,0,0.0,0.0,0.0,64,2,0.03125,0.016129032258064516,0.02127659574468085,1,0.016806722689075633,0.016806722689075633,0.016806722689075633,nan,nan
denovo_pdb__9ugr_A,2,4,True,1,1,0,0.0,0.0,0.0,1,0,0.0,0.0,0.0,0,0,0.0,0.0,0.0,0,0,0.0,0.0,0.0,1,0.0,0.0,0.0,nan,nan
denovo_pdb__9ugr_A,3,460,True,153,153,0,0.0,0.0,0.0,12,0,0.0,0.0,0.0,17,0,0.0,0.0,0.0,124,0,0.0,0.0,0.0,1,0.0,0.0,0.0,nan,nan
denovo_pdb__9v4l_A,0,79,True,26,26,16,0.6153846153846154,0.27586206896551724,0.380952380952381,5,3,0.6,0.375,0.4615384615384615,11,8,0.7272727272727273,0.32,0.4444444444444444,10,5,0.5,0.2,0.28571428571428575,1,0.380952380952381,0.380952380952381,0.380952380952381,nan,nan
denovo_pdb__9v4l_A,1,64,True,21,21,8,0.38095238095238093,0.13793103448275862,0.20253164556962022,7,1,0.14285714285714285,0.125,0.13333333333333333,12,6,0.5,0.24,0.32432432432432434,2,1,0.5,0.04,0.07407407407407407,1,0.20253164556962022,0.20253164556962022,0.20253164556962022,nan,nan
denovo_pdb__9v4l_A,2,169,True,56,56,18,0.32142857142857145,0.3103448275862069,0.31578947368421056,9,4,0.4444444444444444,0.5,0.47058823529411764,16,8,0.5,0.32,0.39024390243902435,31,6,0.1935483870967742,0.24,0.21428571428571427,1,0.31578947368421056,0.31578947368421056,0.31578947368421056,nan,nan
denovo_pdb__9v4l_A,3,109,True,36,36,19,0.5277777777777778,0.3275862068965517,0.40425531914893614,12,4,0.3333333333333333,0.5,0.4,14,10,0.7142857142857143,0.4,0.5128205128205129,10,5,0.5,0.2,0.28571428571428575,1,0.40425531914893614,0.40425531914893614,0.40425531914893614,nan,nan
denovo_pdb__9vvn_A,0,247,True,82,82,11,0.13414634146341464,0.09016393442622951,0.10784313725490197,13,5,0.38461538461538464,0.20833333333333334,0.2702702702702703,12,2,0.16666666666666666,0.05714285714285714,0.0851063829787234,57,4,0.07017543859649122,0.06349206349206349,0.06666666666666667,1,0.10784313725490197,0.10784313725490197,0.10784313725490197,nan,nan
denovo_pdb__9vvn_A,1,355,True,118,118,18,0.15254237288135594,0.14754098360655737,0.15000000000000002,22,9,0.4090909090909091,0.375,0.3913043478260869,43,9,0.20930232558139536,0.2571428571428571,0.23076923076923075,53,0,0.0,0.0,0.0,1,0.15000000000000002,0.15000000000000002,0.15000000000000002,nan,nan
denovo_pdb__9vvn_A,2,289,True,96,96,16,0.16666666666666666,0.13114754098360656,0.14678899082568808,19,5,0.2631578947368421,0.20833333333333334,0.23255813953488372,26,9,0.34615384615384615,0.2571428571428571,0.29508196721311475,51,2,0.0392156862745098,0.031746031746031744,0.03508771929824561,1,0.14678899082568808,0.14678899082568808,0.14678899082568808,nan,nan
denovo_pdb__9vvn_A,3,322,True,107,107,13,0.12149532710280374,0.10655737704918032,0.11353711790393013,17,3,0.17647058823529413,0.125,0.14634146341463414,36,6,0.16666666666666666,0.17142857142857143,0.16901408450704225,54,4,0.07407407407407407,0.06349206349206349,0.06837606837606837,1,0.11353711790393013,0.11353711790393013,0.11353711790393013,nan,nan
denovo_pdb__9x1x_A,0,118,True,39,39,7,0.1794871794871795,0.1590909090909091,0.16867469879518074,5,2,0.4,0.4,0.4000000000000001,9,2,0.2222222222222222,0.5,0.30769230769230765,25,3,0.12,0.08571428571428572,0.09999999999999999,1,0.16867469879518074,0.16867469879518074,0.16867469879518074,nan,nan
denovo_pdb__9x1x_A,1,88,True,29,29,16,0.5517241379310345,0.36363636363636365,0.4383561643835616,2,1,0.5,0.2,0.28571428571428575,6,3,0.5,0.75,0.6,21,12,0.5714285714285714,0.34285714285714286,0.42857142857142855,1,0.4383561643835616,0.4383561643835616,0.4383561643835616,nan,nan
denovo_pdb__9x1x_A,2,127,True,42,42,19,0.4523809523809524,0.4318181818181818,0.4418604651162791,7,3,0.42857142857142855,0.6,0.5,7,4,0.5714285714285714,1.0,0.7272727272727273,28,12,0.42857142857142855,0.34285714285714286,0.38095238095238093,1,0.4418604651162791,0.4418604651162791,0.4418604651162791,nan,nan
denovo_pdb__9x1x_A,3,145,True,48,48,27,0.5625,0.6136363636363636,0.5869565217391304,8,3,0.375,0.6,0.4615384615384615,10,3,0.3,0.75,0.4285714285714285,30,21,0.7,0.6,0.6461538461538462,1,0.5869565217391304,0.5869565217391304,0.5869565217391304,nan,nan
foldbench100__5sbj_A,0,34,True,11,11,6,0.5454545454545454,0.35294117647058826,0.42857142857142855,5,1,0.2,0.25,0.22222222222222224,5,5,1.0,0.5555555555555556,0.7142857142857143,1,0,0.0,0.0,0.0,1,0.42857142857142855,0.42857142857142855,0.42857142857142855,nan,nan
foldbench100__5sbj_A,1,58,True,19,19,5,0.2631578947368421,0.29411764705882354,0.27777777777777773,5,1,0.2,0.25,0.22222222222222224,11,3,0.2727272727272727,0.3333333333333333,0.3,3,1,0.3333333333333333,0.25,0.28571428571428575,1,0.27777777777777773,0.27777777777777773,0.27777777777777773,nan,nan
foldbench100__5sbj_A,2,31,True,10,10,6,0.6,0.35294117647058826,0.4444444444444445,1,1,1.0,0.25,0.4,8,5,0.625,0.5555555555555556,0.5882352941176471,1,0,0.0,0.0,0.0,1,0.4444444444444445,0.4444444444444445,0.4444444444444445,nan,nan
foldbench100__5sbj_A,3,43,True,14,14,6,0.42857142857142855,0.35294117647058826,0.3870967741935484,5,0,0.0,0.0,0.0,7,5,0.7142857142857143,0.5555555555555556,0.6250000000000001,2,1,0.5,0.25,0.3333333333333333,1,0.3870967741935484,0.3870967741935484,0.3870967741935484,nan,nan
foldbench100__7qp5_A,0,697,True,231,231,12,0.05194805194805195,0.04979253112033195,0.05084745762711864,37,3,0.08108108108108109,0.08823529411764706,0.08450704225352113,46,3,0.06521739130434782,0.07142857142857142,0.06818181818181818,148,6,0.04054054054054054,0.03636363636363636,0.038338658146964855,1,0.05084745762711864,0.05084745762711864,0.05084745762711864,nan,nan
foldbench100__7qp5_A,1,871,True,290,290,19,0.06551724137931035,0.07883817427385892,0.07156308851224105,60,12,0.2,0.35294117647058826,0.25531914893617025,42,2,0.047619047619047616,0.047619047619047616,0.047619047619047616,188,5,0.026595744680851064,0.030303030303030304,0.028328611898017,1,0.07156308851224105,0.07156308851224105,0.07156308851224105,nan,nan
foldbench100__7qp5_A,2,784,True,261,261,4,0.01532567049808429,0.016597510373443983,0.01593625498007968,45,2,0.044444444444444446,0.058823529411764705,0.05063291139240507,37,1,0.02702702702702703,0.023809523809523808,0.02531645569620253,179,1,0.00558659217877095,0.006060606060606061,0.005813953488372093,1,0.01593625498007968,0.01593625498007968,0.01593625498007968,nan,nan
foldbench100__7qp5_A,3,514,True,171,171,8,0.04678362573099415,0.03319502074688797,0.03883495145631068,32,2,0.0625,0.058823529411764705,0.06060606060606061,48,6,0.125,0.14285714285714285,0.13333333333333333,91,0,0.0,0.0,0.0,1,0.03883495145631068,0.03883495145631068,0.03883495145631068,nan,nan
foldbench100__7t9r_A,0,82,True,27,27,0,0.0,0.0,0.0,11,0,0.0,0.0,0.0,11,0,0.0,0.0,0.0,5,0,0.0,0.0,0.0,1,0.0,0.0,0.0,nan,nan
foldbench100__7t9r_A,1,67,True,22,22,2,0.09090909090909091,0.08333333333333333,0.08695652173913043,9,1,0.1111111111111111,0.14285714285714285,0.125,12,1,0.08333333333333333,0.1,0.0909090909090909,1,0,0.0,0.0,0.0,1,0.08695652173913043,0.08695652173913043,0.08695652173913043,nan,nan
foldbench100__7t9r_A,2,103,True,34,34,1,0.029411764705882353,0.041666666666666664,0.034482758620689655,10,0,0.0,0.0,0.0,13,1,0.07692307692307693,0.1,0.08695652173913043,11,0,0.0,0.0,0.0,1,0.034482758620689655,0.034482758620689655,0.034482758620689655,nan,nan
foldbench100__7t9r_A,3,61,True,20,20,2,0.1,0.08333333333333333,0.0909090909090909,10,1,0.1,0.14285714285714285,0.11764705882352941,10,1,0.1,0.1,0.10000000000000002,0,0,0.0,0.0,0.0,1,0.0909090909090909,0.0909090909090909,0.0909090909090909,nan,nan
foldbench100__7tlh_A,0,241,True,80,80,6,0.075,0.05263157894736842,0.061855670103092765,15,2,0.13333333333333333,0.15384615384615385,0.14285714285714288,23,1,0.043478260869565216,0.041666666666666664,0.0425531914893617,42,3,0.07142857142857142,0.03896103896103896,0.05042016806722689,1,0.061855670103092765,0.061855670103092765,0.061855670103092765,nan,nan
foldbench100__7tlh_A,1,178,True,59,59,1,0.01694915254237288,0.008771929824561403,0.011560693641618497,16,1,0.0625,0.07692307692307693,0.06896551724137931,15,0,0.0,0.0,0.0,28,0,0.0,0.0,0.0,1,0.011560693641618497,0.011560693641618497,0.011560693641618497,nan,nan
foldbench100__7tlh_A,2,184,True,61,61,0,0.0,0.0,0.0,11,0,0.0,0.0,0.0,11,0,0.0,0.0,0.0,39,0,0.0,0.0,0.0,1,0.0,0.0,0.0,nan,nan
foldbench100__7tlh_A,3,223,True,74,74,7,0.0945945945945946,0.06140350877192982,0.07446808510638298,11,0,0.0,0.0,0.0,15,3,0.2,0.125,0.15384615384615385,48,4,0.08333333333333333,0.05194805194805195,0.064,1,0.07446808510638298,0.07446808510638298,0.07446808510638298,nan,nan
foldbench100__7uk8_A,0,1360,True,453,453,7,0.01545253863134658,0.013307984790874524,0.014300306435137897,64,2,0.03125,0.038461538461538464,0.034482758620689655,40,0,0.0,0.0,0.0,349,5,0.014326647564469915,0.01256281407035176,0.013386880856760375,1,0.014300306435137897,0.014300306435137897,0.014300306435137897,nan,nan
foldbench100__7uk8_A,1,1282,True,427,427,39,0.09133489461358314,0.0741444866920152,0.08184679958027281,69,11,0.15942028985507245,0.21153846153846154,0.18181818181818182,90,13,0.14444444444444443,0.17105263157894737,0.15662650602409636,268,15,0.055970149253731345,0.03768844221105527,0.04504504504504504,1,0.08184679958027281,0.08184679958027281,0.08184679958027281,nan,nan
foldbench100__7uk8_A,2,1438,True,479,479,16,0.033402922755741124,0.030418250950570342,0.031840796019900496,65,9,0.13846153846153847,0.17307692307692307,0.15384615384615385,74,2,0.02702702702702703,0.02631578947368421,0.02666666666666667,340,5,0.014705882352941176,0.01256281407035176,0.013550135501355013,1,0.031840796019900496,0.031840796019900496,0.031840796019900496,nan,nan
foldbench100__7uk8_A,3,1594,True,531,531,23,0.04331450094161959,0.043726235741444866,0.043519394512771994,75,11,0.14666666666666667,0.21153846153846154,0.17322834645669294,78,6,0.07692307692307693,0.07894736842105263,0.07792207792207792,378,6,0.015873015873015872,0.01507537688442211,0.015463917525773195,1,0.043519394512771994,0.043519394512771994,0.043519394512771994,nan,nan
foldbench100__7ur7_A,0,163,True,54,54,32,0.5925925925925926,0.5333333333333333,0.5614035087719299,16,15,0.9375,1.0,0.967741935483871,15,8,0.5333333333333333,0.5714285714285714,0.5517241379310344,23,9,0.391304347826087,0.2903225806451613,0.33333333333333337,1,0.5614035087719299,0.5614035087719299,0.5614035087719299,nan,nan
foldbench100__7ur7_A,1,115,True,38,38,20,0.5263157894736842,0.3333333333333333,0.4081632653061224,17,12,0.7058823529411765,0.8,0.7500000000000001,21,8,0.38095238095238093,0.5714285714285714,0.4571428571428571,0,0,0.0,0.0,0.0,1,0.4081632653061224,0.4081632653061224,0.4081632653061224,nan,nan
foldbench100__7ur7_A,2,169,True,56,56,11,0.19642857142857142,0.18333333333333332,0.1896551724137931,20,6,0.3,0.4,0.34285714285714286,18,2,0.1111111111111111,0.14285714285714285,0.125,18,3,0.16666666666666666,0.0967741935483871,0.12244897959183673,1,0.1896551724137931,0.1896551724137931,0.1896551724137931,nan,nan
foldbench100__7ur7_A,3,184,True,61,61,29,0.47540983606557374,0.48333333333333334,0.4793388429752066,18,15,0.8333333333333334,1.0,0.9090909090909091,14,8,0.5714285714285714,0.5714285714285714,0.5714285714285714,29,6,0.20689655172413793,0.1935483870967742,0.19999999999999998,1,0.4793388429752066,0.4793388429752066,0.4793388429752066,nan,nan
foldbench100__7uvg_A,0,328,True,109,109,3,0.027522935779816515,0.016853932584269662,0.020905923344947733,25,1,0.04,0.043478260869565216,0.041666666666666664,21,2,0.09523809523809523,0.07407407407407407,0.08333333333333333,63,0,0.0,0.0,0.0,1,0.020905923344947733,0.020905923344947733,0.020905923344947733,nan,nan
foldbench100__7uvg_A,1,277,True,92,92,6,0.06521739130434782,0.033707865168539325,0.044444444444444446,8,0,0.0,0.0,0.0,21,1,0.047619047619047616,0.037037037037037035,0.041666666666666664,63,5,0.07936507936507936,0.0390625,0.05235602094240838,1,0.044444444444444446,0.044444444444444446,0.044444444444444446,nan,nan
foldbench100__7uvg_A,2,499,True,166,166,6,0.03614457831325301,0.033707865168539325,0.03488372093023255,20,2,0.1,0.08695652173913043,0.09302325581395349,31,2,0.06451612903225806,0.07407407407407407,0.06896551724137931,115,2,0.017391304347826087,0.015625,0.01646090534979424,1,0.03488372093023255,0.03488372093023255,0.03488372093023255,nan,nan
foldbench100__7uvg_A,3,355,True,118,118,11,0.09322033898305085,0.06179775280898876,0.07432432432432431,21,4,0.19047619047619047,0.17391304347826086,0.1818181818181818,41,4,0.0975609756097561,0.14814814814814814,0.11764705882352941,56,3,0.05357142857142857,0.0234375,0.032608695652173905,1,0.07432432432432431,0.07432432432432431,0.07432432432432431,nan,nan
foldbench100__7v3o_A,0,1057,True,352,352,10,0.028409090909090908,0.03676470588235294,0.032051282051282055,52,6,0.11538461538461539,0.1276595744680851,0.12121212121212122,73,3,0.0410958904109589,0.07894736842105263,0.05405405405405406,227,1,0.004405286343612335,0.0053475935828877,0.004830917874396136,1,0.032051282051282055,0.032051282051282055,0.032051282051282055,nan,nan
foldbench100__7v3o_A,1,1105,True,368,368,8,0.021739130434782608,0.029411764705882353,0.024999999999999998,60,2,0.03333333333333333,0.0425531914893617,0.037383177570093455,70,3,0.04285714285714286,0.07894736842105263,0.05555555555555556,238,3,0.012605042016806723,0.016042780748663103,0.01411764705882353,1,0.024999999999999998,0.024999999999999998,0.024999999999999998,nan,nan
foldbench100__7v3o_A,2,805,True,268,268,6,0.022388059701492536,0.022058823529411766,0.022222222222222223,47,5,0.10638297872340426,0.10638297872340426,0.10638297872340424,31,1,0.03225806451612903,0.02631578947368421,0.02898550724637681,190,0,0.0,0.0,0.0,1,0.022222222222222223,0.022222222222222223,0.022222222222222223,nan,nan
foldbench100__7v3o_A,3,748,True,249,249,9,0.03614457831325301,0.03308823529411765,0.0345489443378119,38,5,0.13157894736842105,0.10638297872340426,0.1176470588235294,42,3,0.07142857142857142,0.07894736842105263,0.075,169,1,0.005917159763313609,0.0053475935828877,0.0056179775280898875,1,0.0345489443378119,0.0345489443378119,0.0345489443378119,nan,nan
foldbench100__7wz5_A,0,256,True,85,85,5,0.058823529411764705,0.04424778761061947,0.050505050505050504,10,1,0.1,0.2,0.13333333333333333,12,0,0.0,0.0,0.0,63,4,0.06349206349206349,0.038834951456310676,0.048192771084337345,1,0.050505050505050504,0.050505050505050504,0.050505050505050504,nan,nan
foldbench100__7wz5_A,1,289,True,96,96,1,0.010416666666666666,0.008849557522123894,0.009569377990430623,13,1,0.07692307692307693,0.2,0.1111111111111111,13,0,0.0,0.0,0.0,70,0,0.0,0.0,0.0,1,0.009569377990430623,0.009569377990430623,0.009569377990430623,nan,nan
foldbench100__7wz5_A,2,328,True,109,109,2,0.01834862385321101,0.017699115044247787,0.01801801801801802,25,2,0.08,0.4,0.13333333333333333,20,0,0.0,0.0,0.0,64,0,0.0,0.0,0.0,1,0.01801801801801802,0.01801801801801802,0.01801801801801802,nan,nan
foldbench100__7wz5_A,3,184,True,61,61,1,0.01639344262295082,0.008849557522123894,0.011494252873563218,17,1,0.058823529411764705,0.2,0.0909090909090909,16,0,0.0,0.0,0.0,28,0,0.0,0.0,0.0,1,0.011494252873563218,0.011494252873563218,0.011494252873563218,nan,nan
foldbench100__7x3h_A,0,919,True,306,306,23,0.07516339869281045,0.0777027027027027,0.07641196013289037,44,7,0.1590909090909091,0.14893617021276595,0.15384615384615385,78,4,0.05128205128205128,0.07547169811320754,0.061068702290076333,184,12,0.06521739130434782,0.061224489795918366,0.06315789473684211,1,0.07641196013289037,0.07641196013289037,0.07641196013289037,nan,nan
foldbench100__7x3h_A,1,850,True,283,283,9,0.03180212014134275,0.030405405405405407,0.031088082901554404,45,3,0.06666666666666667,0.06382978723404255,0.06521739130434781,84,3,0.03571428571428571,0.05660377358490566,0.043795620437956206,154,3,0.01948051948051948,0.015306122448979591,0.017142857142857144,1,0.031088082901554404,0.031088082901554404,0.031088082901554404,nan,nan
foldbench100__7x3h_A,2,751,True,249,249,29,0.11646586345381527,0.09797297297297297,0.10642201834862385,46,15,0.32608695652173914,0.3191489361702128,0.3225806451612903,59,9,0.15254237288135594,0.16981132075471697,0.16071428571428573,144,5,0.034722222222222224,0.025510204081632654,0.029411764705882353,1,0.10642201834862385,0.10642201834862385,0.10642201834862385,nan,nan
foldbench100__7x3h_A,3,904,True,301,301,20,0.0664451827242525,0.06756756756756757,0.06700167504187605,57,12,0.21052631578947367,0.2553191489361702,0.23076923076923075,71,4,0.056338028169014086,0.07547169811320754,0.06451612903225806,173,4,0.023121387283236993,0.02040816326530612,0.021680216802168018,1,0.06700167504187605,0.06700167504187605,0.06700167504187605,nan,nan
foldbench100__7x8l_A,0,1252,True,415,415,36,0.08674698795180723,0.06206896551724138,0.07236180904522613,53,7,0.1320754716981132,0.11475409836065574,0.12280701754385966,55,6,0.10909090909090909,0.0759493670886076,0.08955223880597014,307,23,0.0749185667752443,0.05227272727272727,0.06157965194109771,1,0.07236180904522613,0.07236180904522613,0.07236180904522613,nan,nan
foldbench100__7x8l_A,1,1798,True,597,597,46,0.07705192629815745,0.07931034482758621,0.07816482582837722,66,6,0.09090909090909091,0.09836065573770492,0.09448818897637795,86,2,0.023255813953488372,0.02531645569620253,0.024242424242424242,445,38,0.0853932584269663,0.08636363636363636,0.08587570621468926,1,0.07816482582837722,0.07816482582837722,0.07816482582837722,nan,nan
foldbench100__7x8l_A,2,1480,True,493,493,28,0.056795131845841784,0.04827586206896552,0.0521901211556384,71,6,0.08450704225352113,0.09836065573770492,0.09090909090909091,68,4,0.058823529411764705,0.05063291139240506,0.05442176870748299,354,18,0.05084745762711865,0.04090909090909091,0.04534005037783376,1,0.0521901211556384,0.0521901211556384,0.0521901211556384,nan,nan
foldbench100__7x8l_A,3,1909,True,635,635,28,0.04409448818897638,0.04827586206896552,0.04609053497942387,80,6,0.075,0.09836065573770492,0.08510638297872339,86,1,0.011627906976744186,0.012658227848101266,0.012121212121212121,469,21,0.04477611940298507,0.04772727272727273,0.04620462046204621,1,0.04609053497942387,0.04609053497942387,0.04609053497942387,nan,nan
foldbench100__7xg9_A,0,808,True,269,269,43,0.15985130111524162,0.17842323651452283,0.16862745098039214,25,7,0.28,0.3684210526315789,0.3181818181818182,25,4,0.16,0.19047619047619047,0.17391304347826086,219,32,0.1461187214611872,0.15920398009950248,0.1523809523809524,1,0.16862745098039214,0.16862745098039214,0.16862745098039214,nan,nan
foldbench100__7xg9_A,1,898,True,299,299,62,0.20735785953177258,0.2572614107883817,0.22962962962962963,35,9,0.2571428571428571,0.47368421052631576,0.3333333333333333,37,8,0.21621621621621623,0.38095238095238093,0.27586206896551724,227,45,0.19823788546255505,0.22388059701492538,0.2102803738317757,1,0.22962962962962963,0.22962962962962963,0.22962962962962963,nan,nan
foldbench100__7xg9_A,2,700,True,233,233,31,0.13304721030042918,0.12863070539419086,0.13080168776371304,35,2,0.05714285714285714,0.10526315789473684,0.07407407407407407,25,3,0.12,0.14285714285714285,0.13043478260869565,173,26,0.15028901734104047,0.12935323383084577,0.13903743315508021,1,0.13080168776371304,0.13080168776371304,0.13080168776371304,nan,nan
foldbench100__7xg9_A,3,763,True,254,254,15,0.05905511811023622,0.06224066390041494,0.06060606060606061,41,1,0.024390243902439025,0.05263157894736842,0.03333333333333333,59,3,0.05084745762711865,0.14285714285714285,0.07500000000000001,154,11,0.07142857142857142,0.05472636815920398,0.061971830985915494,1,0.06060606060606061,0.06060606060606061,0.06060606060606061,nan,nan
foldbench100__7xjr_A,0,1072,True,357,357,60,0.16806722689075632,0.1694915254237288,0.1687763713080169,43,8,0.18604651162790697,0.21621621621621623,0.2,37,8,0.21621621621621623,0.19047619047619047,0.20253164556962025,277,44,0.1588447653429603,0.16,0.15942028985507248,1,0.1687763713080169,0.1687763713080169,0.1687763713080169,nan,nan
foldbench100__7xjr_A,1,1120,True,372,372,44,0.11827956989247312,0.12429378531073447,0.12121212121212122,41,4,0.0975609756097561,0.10810810810810811,0.10256410256410257,33,0,0.0,0.0,0.0,298,40,0.1342281879194631,0.14545454545454545,0.13961605584642234,1,0.12121212121212122,0.12121212121212122,0.12121212121212122,nan,nan
foldbench100__7xjr_A,2,1147,True,382,382,54,0.14136125654450263,0.15254237288135594,0.14673913043478262,49,6,0.12244897959183673,0.16216216216216217,0.1395348837209302,44,6,0.13636363636363635,0.14285714285714285,0.1395348837209302,289,42,0.1453287197231834,0.15272727272727274,0.14893617021276598,1,0.14673913043478262,0.14673913043478262,0.14673913043478262,nan,nan
foldbench100__7xjr_A,3,1174,True,391,391,46,0.11764705882352941,0.12994350282485875,0.12348993288590604,49,7,0.14285714285714285,0.1891891891891892,0.16279069767441862,39,2,0.05128205128205128,0.047619047619047616,0.049382716049382706,303,37,0.12211221122112212,0.13454545454545455,0.12802768166089967,1,0.12348993288590604,0.12348993288590604,0.12348993288590604,nan,nan
foldbench100__7xp9_A,0,100,True,33,33,9,0.2727272727272727,0.2,0.23076923076923075,8,2,0.25,0.25,0.25,14,4,0.2857142857142857,0.4,0.3333333333333333,11,3,0.2727272727272727,0.1111111111111111,0.15789473684210525,1,0.23076923076923075,0.23076923076923075,0.23076923076923075,nan,nan
foldbench100__7xp9_A,1,163,True,54,54,11,0.2037037037037037,0.24444444444444444,0.2222222222222222,9,2,0.2222222222222222,0.25,0.23529411764705882,13,4,0.3076923076923077,0.4,0.34782608695652173,32,5,0.15625,0.18518518518518517,0.1694915254237288,1,0.2222222222222222,0.2222222222222222,0.2222222222222222,nan,nan
foldbench100__7xp9_A,2,52,True,17,17,9,0.5294117647058824,0.2,0.2903225806451613,5,3,0.6,0.375,0.4615384615384615,6,4,0.6666666666666666,0.4,0.5,6,2,0.3333333333333333,0.07407407407407407,0.12121212121212122,1,0.2903225806451613,0.2903225806451613,0.2903225806451613,nan,nan
foldbench100__7xp9_A,3,139,True,46,46,2,0.043478260869565216,0.044444444444444446,0.04395604395604395,7,0,0.0,0.0,0.0,10,0,0.0,0.0,0.0,29,2,0.06896551724137931,0.07407407407407407,0.07142857142857142,1,0.04395604395604395,0.04395604395604395,0.04395604395604395,nan,nan
foldbench100__7xrx_A,0,949,True,316,316,17,0.05379746835443038,0.04292929292929293,0.047752808988764044,55,8,0.14545454545454545,0.14035087719298245,0.14285714285714285,78,3,0.038461538461538464,0.08108108108108109,0.05217391304347826,183,6,0.03278688524590164,0.019867549668874173,0.02474226804123712,1,0.047752808988764044,0.047752808988764044,0.047752808988764044,nan,nan
foldbench100__7xrx_A,1,694,True,231,231,11,0.047619047619047616,0.027777777777777776,0.03508771929824561,40,8,0.2,0.14035087719298245,0.16494845360824742,33,3,0.09090909090909091,0.08108108108108109,0.08571428571428572,158,0,0.0,0.0,0.0,1,0.03508771929824561,0.03508771929824561,0.03508771929824561,nan,nan
foldbench100__7xrx_A,2,772,True,256,256,16,0.0625,0.04040404040404041,0.049079754601226995,40,7,0.175,0.12280701754385964,0.14432989690721648,56,2,0.03571428571428571,0.05405405405405406,0.043010752688172046,160,7,0.04375,0.023178807947019868,0.030303030303030304,1,0.049079754601226995,0.049079754601226995,0.049079754601226995,nan,nan
foldbench100__7xrx_A,3,964,True,321,321,10,0.03115264797507788,0.025252525252525252,0.02789400278940028,31,8,0.25806451612903225,0.14035087719298245,0.1818181818181818,42,0,0.0,0.0,0.0,248,2,0.008064516129032258,0.006622516556291391,0.007272727272727274,1,0.02789400278940028,0.02789400278940028,0.02789400278940028,nan,nan
foldbench100__7xz3_A,0,766,True,253,253,20,0.07905138339920949,0.06329113924050633,0.070298769771529,49,3,0.061224489795918366,0.13636363636363635,0.08450704225352113,63,6,0.09523809523809523,0.15,0.11650485436893203,141,11,0.07801418439716312,0.04330708661417323,0.05569620253164557,1,0.070298769771529,0.070298769771529,0.070298769771529,nan,nan
foldbench100__7xz3_A,1,994,True,330,330,13,0.03939393939393939,0.04113924050632911,0.040247678018575844,60,2,0.03333333333333333,0.09090909090909091,0.04878048780487805,71,2,0.028169014084507043,0.05,0.036036036036036036,199,9,0.04522613065326633,0.03543307086614173,0.039735099337748346,1,0.040247678018575844,0.040247678018575844,0.040247678018575844,nan,nan
foldbench100__7xz3_A,2,1024,True,341,341,14,0.04105571847507331,0.04430379746835443,0.0426179604261796,52,5,0.09615384615384616,0.22727272727272727,0.13513513513513511,45,2,0.044444444444444446,0.05,0.047058823529411764,244,7,0.028688524590163935,0.027559055118110236,0.02811244979919679,1,0.0426179604261796,0.0426179604261796,0.0426179604261796,nan,nan
foldbench100__7xz3_A,3,637,True,212,212,4,0.018867924528301886,0.012658227848101266,0.01515151515151515,47,3,0.06382978723404255,0.13636363636363635,0.08695652173913043,43,0,0.0,0.0,0.0,122,1,0.00819672131147541,0.003937007874015748,0.0053191489361702135,1,0.01515151515151515,0.01515151515151515,0.01515151515151515,nan,nan
foldbench100__7y4h_A,0,1195,True,397,397,52,0.1309823677581864,0.1625,0.14504881450488147,41,5,0.12195121951219512,0.11627906976744186,0.11904761904761905,71,5,0.07042253521126761,0.09803921568627451,0.0819672131147541,285,42,0.14736842105263157,0.18584070796460178,0.16438356164383564,1,0.14504881450488147,0.14504881450488147,0.14504881450488147,nan,nan
foldbench100__7y4h_A,1,1219,True,406,406,60,0.1477832512315271,0.1875,0.16528925619834708,54,9,0.16666666666666666,0.20930232558139536,0.18556701030927836,71,10,0.14084507042253522,0.19607843137254902,0.1639344262295082,281,41,0.14590747330960854,0.18141592920353983,0.16173570019723865,1,0.16528925619834708,0.16528925619834708,0.16528925619834708,nan,nan
foldbench100__7y4h_A,2,1186,True,395,395,65,0.16455696202531644,0.203125,0.18181818181818182,59,7,0.11864406779661017,0.16279069767441862,0.1372549019607843,38,6,0.15789473684210525,0.11764705882352941,0.13483146067415733,298,52,0.174496644295302,0.23008849557522124,0.19847328244274806,1,0.18181818181818182,0.18181818181818182,0.18181818181818182,nan,nan
foldbench100__7y4h_A,3,1243,True,414,414,50,0.12077294685990338,0.15625,0.1362397820163488,56,10,0.17857142857142858,0.23255813953488372,0.20202020202020202,46,5,0.10869565217391304,0.09803921568627451,0.10309278350515465,312,35,0.11217948717948718,0.15486725663716813,0.13011152416356878,1,0.1362397820163488,0.1362397820163488,0.1362397820163488,nan,nan
foldbench100__7y5j_A,0,271,True,90,90,32,0.35555555555555557,0.3516483516483517,0.3535911602209945,19,5,0.2631578947368421,0.3125,0.2857142857142857,18,7,0.3888888888888889,0.28,0.32558139534883723,53,20,0.37735849056603776,0.4,0.38834951456310685,1,0.3535911602209945,0.3535911602209945,0.3535911602209945,nan,nan
foldbench100__7y5j_A,1,304,True,101,101,34,0.33663366336633666,0.37362637362637363,0.3541666666666667,17,6,0.35294117647058826,0.375,0.3636363636363636,25,7,0.28,0.28,0.28,59,21,0.3559322033898305,0.42,0.3853211009174312,1,0.3541666666666667,0.3541666666666667,0.3541666666666667,nan,nan
foldbench100__7y5j_A,2,289,True,96,96,28,0.2916666666666667,0.3076923076923077,0.2994652406417112,13,3,0.23076923076923078,0.1875,0.20689655172413793,19,5,0.2631578947368421,0.2,0.22727272727272727,64,20,0.3125,0.4,0.3508771929824561,1,0.2994652406417112,0.2994652406417112,0.2994652406417112,nan,nan
foldbench100__7y5j_A,3,295,True,98,98,33,0.336734693877551,0.3626373626373626,0.3492063492063492,13,2,0.15384615384615385,0.125,0.13793103448275862,31,10,0.3225806451612903,0.4,0.3571428571428571,54,21,0.3888888888888889,0.42,0.40384615384615385,1,0.3492063492063492,0.3492063492063492,0.3492063492063492,nan,nan
foldbench100__7y5r_A,0,292,True,97,97,40,0.41237113402061853,0.41237113402061853,0.41237113402061853,16,10,0.625,0.7692307692307693,0.6896551724137931,24,12,0.5,0.5,0.5,57,18,0.3157894736842105,0.3,0.3076923076923077,1,0.41237113402061853,0.41237113402061853,0.41237113402061853,nan,nan
foldbench100__7y5r_A,1,262,True,87,87,34,0.39080459770114945,0.35051546391752575,0.3695652173913043,10,6,0.6,0.46153846153846156,0.5217391304347826,25,10,0.4,0.4166666666666667,0.4081632653061225,52,18,0.34615384615384615,0.3,0.32142857142857145,1,0.3695652173913043,0.3695652173913043,0.3695652173913043,nan,nan
foldbench100__7y5r_A,2,310,True,103,103,33,0.32038834951456313,0.3402061855670103,0.33000000000000007,22,9,0.4090909090909091,0.6923076923076923,0.5142857142857142,27,11,0.4074074074074074,0.4583333333333333,0.4313725490196078,54,13,0.24074074074074073,0.21666666666666667,0.2280701754385965,1,0.33000000000000007,0.33000000000000007,0.33000000000000007,nan,nan
foldbench100__7y5r_A,3,286,True,95,95,25,0.2631578947368421,0.25773195876288657,0.2604166666666667,15,4,0.26666666666666666,0.3076923076923077,0.28571428571428575,29,6,0.20689655172413793,0.25,0.22641509433962265,51,15,0.29411764705882354,0.25,0.27027027027027023,1,0.2604166666666667,0.2604166666666667,0.2604166666666667,nan,nan
foldbench100__7y8i_A,0,271,True,90,90,46,0.5111111111111111,0.5542168674698795,0.5317919075144509,17,14,0.8235294117647058,0.875,0.8484848484848485,27,9,0.3333333333333333,0.45,0.3829787234042553,46,23,0.5,0.48936170212765956,0.4946236559139785,1,0.5317919075144509,0.5317919075144509,0.5317919075144509,nan,nan
foldbench100__7y8i_A,1,316,True,105,105,52,0.49523809523809526,0.6265060240963856,0.5531914893617021,15,9,0.6,0.5625,0.5806451612903225,33,15,0.45454545454545453,0.75,0.5660377358490566,57,28,0.49122807017543857,0.5957446808510638,0.5384615384615384,1,0.5531914893617021,0.5531914893617021,0.5531914893617021,nan,nan
foldbench100__7y8i_A,2,304,True,101,101,29,0.2871287128712871,0.3493975903614458,0.31521739130434784,17,8,0.47058823529411764,0.5,0.48484848484848486,34,7,0.20588235294117646,0.35,0.25925925925925924,50,14,0.28,0.2978723404255319,0.288659793814433,1,0.31521739130434784,0.31521739130434784,0.31521739130434784,nan,nan
foldbench100__7y8i_A,3,298,True,99,99,38,0.3838383838383838,0.4578313253012048,0.4175824175824176,13,7,0.5384615384615384,0.4375,0.4827586206896552,30,11,0.36666666666666664,0.55,0.43999999999999995,56,20,0.35714285714285715,0.425531914893617,0.3883495145631068,1,0.4175824175824176,0.4175824175824176,0.4175824175824176,nan,nan
foldbench100__7yhr_A,0,91,True,30,30,11,0.36666666666666664,0.2682926829268293,0.30985915492957744,14,5,0.35714285714285715,0.5555555555555556,0.43478260869565216,8,1,0.125,0.1111111111111111,0.11764705882352941,8,5,0.625,0.21739130434782608,0.3225806451612903,1,0.30985915492957744,0.30985915492957744,0.30985915492957744,nan,nan
foldbench100__7yhr_A,1,196,True,65,65,10,0.15384615384615385,0.24390243902439024,0.18867924528301888,20,5,0.25,0.5555555555555556,0.3448275862068966,14,3,0.21428571428571427,0.3333333333333333,0.2608695652173913,31,2,0.06451612903225806,0.08695652173913043,0.07407407407407407,1,0.18867924528301888,0.18867924528301888,0.18867924528301888,nan,nan
foldbench100__7yhr_A,2,22,True,7,7,2,0.2857142857142857,0.04878048780487805,0.08333333333333334,7,2,0.2857142857142857,0.2222222222222222,0.25,0,0,0.0,0.0,0.0,0,0,0.0,0.0,0.0,1,0.08333333333333334,0.08333333333333334,0.08333333333333334,nan,nan
foldbench100__7yhr_A,3,121,True,40,40,8,0.2,0.1951219512195122,0.19753086419753088,19,5,0.2631578947368421,0.5555555555555556,0.35714285714285715,15,3,0.2,0.3333333333333333,0.25,6,0,0.0,0.0,0.0,1,0.19753086419753088,0.19753086419753088,0.19753086419753088,nan,nan
foldbench100__7ylr_A,0,1105,True,368,368,51,0.13858695652173914,0.1401098901098901,0.13934426229508196,54,13,0.24074074074074073,0.2653061224489796,0.2524271844660194,69,20,0.2898550724637681,0.273972602739726,0.2816901408450705,245,18,0.07346938775510205,0.0743801652892562,0.07392197125256673,1,0.13934426229508196,0.13934426229508196,0.13934426229508196,nan,nan
foldbench100__7ylr_A,1,1156,True,385,385,57,0.14805194805194805,0.1565934065934066,0.15220293724966621,53,16,0.3018867924528302,0.32653061224489793,0.31372549019607837,63,13,0.20634920634920634,0.1780821917808219,0.19117647058823528,269,28,0.10408921933085502,0.11570247933884298,0.10958904109589042,1,0.15220293724966621,0.15220293724966621,0.15220293724966621,nan,nan
foldbench100__7ylr_A,2,1198,True,399,399,40,0.10025062656641603,0.10989010989010989,0.10484927916120576,59,13,0.22033898305084745,0.2653061224489796,0.24074074074074076,72,14,0.19444444444444445,0.1917808219178082,0.19310344827586207,268,13,0.048507462686567165,0.05371900826446281,0.050980392156862744,1,0.10484927916120576,0.10484927916120576,0.10484927916120576,nan,nan
foldbench100__7ylr_A,3,1060,True,353,353,46,0.13031161473087818,0.12637362637362637,0.12831241283124128,54,13,0.24074074074074073,0.2653061224489796,0.2524271844660194,67,17,0.2537313432835821,0.2328767123287671,0.24285714285714285,232,16,0.06896551724137931,0.06611570247933884,0.06751054852320676,1,0.12831241283124128,0.12831241283124128,0.12831241283124128,nan,nan
foldbench100__7yyg_A,0,784,True,261,261,15,0.05747126436781609,0.06787330316742081,0.06224066390041493,29,4,0.13793103448275862,0.13793103448275862,0.13793103448275862,46,5,0.10869565217391304,0.09615384615384616,0.10204081632653061,186,6,0.03225806451612903,0.04285714285714286,0.03680981595092025,1,0.06224066390041493,0.06224066390041493,0.06224066390041493,nan,nan
foldbench100__7yyg_A,1,655,True,218,218,13,0.05963302752293578,0.058823529411764705,0.05922551252847381,22,4,0.18181818181818182,0.13793103448275862,0.1568627450980392,36,7,0.19444444444444445,0.1346153846153846,0.1590909090909091,160,2,0.0125,0.014285714285714285,0.013333333333333332,1,0.05922551252847381,0.05922551252847381,0.05922551252847381,nan,nan
foldbench100__7yyg_A,2,802,True,267,267,17,0.06367041198501873,0.07692307692307693,0.06967213114754099,36,4,0.1111111111111111,0.13793103448275862,0.12307692307692307,56,8,0.14285714285714285,0.15384615384615385,0.14814814814814817,175,5,0.02857142857142857,0.03571428571428571,0.031746031746031744,1,0.06967213114754099,0.06967213114754099,0.06967213114754099,nan,nan
foldbench100__7yyg_A,3,1054,True,351,351,14,0.039886039886039885,0.06334841628959276,0.048951048951048945,48,2,0.041666666666666664,0.06896551724137931,0.05194805194805195,55,5,0.09090909090909091,0.09615384615384616,0.09345794392523364,248,7,0.028225806451612902,0.05,0.03608247422680413,1,0.048951048951048945,0.048951048951048945,0.048951048951048945,nan,nan
foldbench100__7znz_A,0,3160,True,1050,1050,79,0.07523809523809524,0.08476394849785408,0.07971745711402624,120,15,0.125,0.13392857142857142,0.12931034482758622,199,22,0.11055276381909548,0.15172413793103448,0.12790697674418605,731,42,0.057455540355677154,0.06222222222222222,0.059743954480796585,1,0.07971745711402624,0.07971745711402624,0.07971745711402624,nan,nan
foldbench100__7znz_A,1,3034,True,1010,1010,46,0.04554455445544554,0.04935622317596566,0.04737384140061792,126,12,0.09523809523809523,0.10714285714285714,0.10084033613445377,174,15,0.08620689655172414,0.10344827586206896,0.09404388714733543,710,19,0.02676056338028169,0.028148148148148148,0.02743682310469314,1,0.04737384140061792,0.04737384140061792,0.04737384140061792,nan,nan
foldbench100__7znz_A,2,2680,True,892,892,46,0.0515695067264574,0.04935622317596566,0.05043859649122807,109,10,0.09174311926605505,0.08928571428571429,0.09049773755656107,134,10,0.07462686567164178,0.06896551724137931,0.07168458781362007,649,26,0.040061633281972264,0.03851851851851852,0.03927492447129909,1,0.05043859649122807,0.05043859649122807,0.05043859649122807,nan,nan
foldbench100__7znz_A,3,2605,True,867,867,52,0.05997693194925029,0.055793991416309016,0.057809894385769875,115,16,0.1391304347826087,0.14285714285714285,0.1409691629955947,135,16,0.11851851851851852,0.1103448275862069,0.1142857142857143,617,20,0.03241491085899514,0.02962962962962963,0.030959752321981424,1,0.057809894385769875,0.057809894385769875,0.057809894385769875,nan,nan
foldbench100__7zs2_A,0,703,True,234,234,19,0.0811965811965812,0.08520179372197309,0.08315098468271334,44,5,0.11363636363636363,0.11627906976744186,0.11494252873563218,52,5,0.09615384615384616,0.12195121951219512,0.10752688172043012,138,9,0.06521739130434782,0.06474820143884892,0.06498194945848376,1,0.08315098468271334,0.08315098468271334,0.08315098468271334,nan,nan
foldbench100__7zs2_A,1,778,True,259,259,15,0.05791505791505792,0.06726457399103139,0.062240663900414946,37,4,0.10810810810810811,0.09302325581395349,0.1,46,3,0.06521739130434782,0.07317073170731707,0.06896551724137931,176,8,0.045454545454545456,0.05755395683453238,0.050793650793650794,1,0.062240663900414946,0.062240663900414946,0.062240663900414946,nan,nan
foldbench100__7zs2_A,2,820,True,273,273,23,0.08424908424908426,0.1031390134529148,0.09274193548387098,43,5,0.11627906976744186,0.11627906976744186,0.11627906976744186,63,8,0.12698412698412698,0.1951219512195122,0.15384615384615385,167,10,0.059880239520958084,0.07194244604316546,0.065359477124183,1,0.09274193548387098,0.09274193548387098,0.09274193548387098,nan,nan
foldbench100__7zs2_A,3,658,True,219,219,15,0.0684931506849315,0.06726457399103139,0.06787330316742082,36,7,0.19444444444444445,0.16279069767441862,0.17721518987341772,33,2,0.06060606060606061,0.04878048780487805,0.05405405405405405,150,6,0.04,0.04316546762589928,0.04152249134948097,1,0.06787330316742082,0.06787330316742082,0.06787330316742082,nan,nan
foldbench100__7zv1_A,0,109,True,36,36,2,0.05555555555555555,0.018018018018018018,0.0272108843537415,14,0,0.0,0.0,0.0,16,0,0.0,0.0,0.0,6,2,0.3333333333333333,0.02702702702702703,0.05,1,0.0272108843537415,0.0272108843537415,0.0272108843537415,nan,nan
foldbench100__7zv1_A,1,307,True,102,102,13,0.12745098039215685,0.11711711711711711,0.12206572769953052,9,3,0.3333333333333333,0.21428571428571427,0.2608695652173913,21,6,0.2857142857142857,0.2608695652173913,0.2727272727272727,72,4,0.05555555555555555,0.05405405405405406,0.0547945205479452,1,0.12206572769953052,0.12206572769953052,0.12206572769953052,nan,nan
foldbench100__7zv1_A,2,232,True,77,77,7,0.09090909090909091,0.06306306306306306,0.07446808510638298,18,2,0.1111111111111111,0.14285714285714285,0.125,19,2,0.10526315789473684,0.08695652173913043,0.09523809523809525,40,3,0.075,0.04054054054054054,0.052631578947368425,1,0.07446808510638298,0.07446808510638298,0.07446808510638298,nan,nan
foldbench100__7zv1_A,3,277,True,92,92,1,0.010869565217391304,0.009009009009009009,0.009852216748768473,9,0,0.0,0.0,0.0,11,0,0.0,0.0,0.0,72,1,0.013888888888888888,0.013513513513513514,0.0136986301369863,1,0.009852216748768473,0.009852216748768473,0.009852216748768473,nan,nan
foldbench100__8add_A,0,427,True,142,142,11,0.07746478873239436,0.05238095238095238,0.0625,23,5,0.21739130434782608,0.15625,0.18181818181818182,27,4,0.14814814814814814,0.11764705882352941,0.13114754098360654,92,2,0.021739130434782608,0.013888888888888888,0.01694915254237288,1,0.0625,0.0625,0.0625,nan,nan
foldbench100__8add_A,1,478,True,159,159,15,0.09433962264150944,0.07142857142857142,0.08130081300813008,35,6,0.17142857142857143,0.1875,0.1791044776119403,59,6,0.1016949152542373,0.17647058823529413,0.12903225806451615,65,3,0.046153846153846156,0.020833333333333332,0.02870813397129187,1,0.08130081300813008,0.08130081300813008,0.08130081300813008,nan,nan
foldbench100__8add_A,2,451,True,150,150,4,0.02666666666666667,0.01904761904761905,0.022222222222222223,31,2,0.06451612903225806,0.0625,0.06349206349206349,32,2,0.0625,0.058823529411764705,0.06060606060606061,87,0,0.0,0.0,0.0,1,0.022222222222222223,0.022222222222222223,0.022222222222222223,nan,nan
foldbench100__8add_A,3,280,True,93,93,6,0.06451612903225806,0.02857142857142857,0.039603960396039604,30,4,0.13333333333333333,0.125,0.12903225806451615,26,1,0.038461538461538464,0.029411764705882353,0.03333333333333333,37,1,0.02702702702702703,0.006944444444444444,0.011049723756906075,1,0.039603960396039604,0.039603960396039604,0.039603960396039604,nan,nan
foldbench100__8ak2_A,0,910,True,303,303,117,0.38613861386138615,0.37261146496815284,0.37925445705024313,44,15,0.3409090909090909,0.375,0.35714285714285715,68,19,0.27941176470588236,0.4222222222222222,0.336283185840708,191,83,0.43455497382198954,0.3624454148471616,0.3952380952380952,1,0.37925445705024313,0.37925445705024313,0.37925445705024313,nan,nan
foldbench100__8ak2_A,1,1141,True,380,380,84,0.22105263157894736,0.267515923566879,0.2420749279538905,82,13,0.15853658536585366,0.325,0.21311475409836067,66,14,0.21212121212121213,0.3111111111111111,0.25225225225225223,232,57,0.24568965517241378,0.24890829694323144,0.2472885032537961,1,0.2420749279538905,0.2420749279538905,0.2420749279538905,nan,nan
foldbench100__8ak2_A,2,1024,True,340,340,107,0.31470588235294117,0.34076433121019106,0.32721712538226294,63,21,0.3333333333333333,0.525,0.40776699029126207,53,18,0.33962264150943394,0.4,0.36734693877551017,224,68,0.30357142857142855,0.29694323144104806,0.30022075055187636,1,0.32721712538226294,0.32721712538226294,0.32721712538226294,nan,nan
foldbench100__8ak2_A,3,1165,True,388,388,77,0.19845360824742267,0.24522292993630573,0.21937321937321935,68,18,0.2647058823529412,0.45,0.33333333333333337,80,19,0.2375,0.4222222222222222,0.304,240,40,0.16666666666666666,0.17467248908296942,0.17057569296375266,1,0.21937321937321935,0.21937321937321935,0.21937321937321935,nan,nan
foldbench100__8amo_A,0,982,True,327,327,14,0.04281345565749235,0.03867403314917127,0.040638606676342524,56,10,0.17857142857142858,0.22727272727272727,0.2,38,3,0.07894736842105263,0.05084745762711865,0.061855670103092786,233,1,0.004291845493562232,0.003861003861003861,0.004065040650406505,1,0.040638606676342524,0.040638606676342524,0.040638606676342524,nan,nan
foldbench100__8amo_A,1,1162,True,386,386,17,0.04404145077720207,0.04696132596685083,0.045454545454545456,47,8,0.1702127659574468,0.18181818181818182,0.17582417582417584,38,2,0.05263157894736842,0.03389830508474576,0.041237113402061855,301,7,0.023255813953488372,0.02702702702702703,0.025,1,0.045454545454545456,0.045454545454545456,0.045454545454545456,nan,nan
foldbench100__8amo_A,2,838,True,279,279,8,0.02867383512544803,0.022099447513812154,0.024960998439937595,40,6,0.15,0.13636363636363635,0.14285714285714282,51,2,0.0392156862745098,0.03389830508474576,0.03636363636363636,188,0,0.0,0.0,0.0,1,0.024960998439937595,0.024960998439937595,0.024960998439937595,nan,nan
foldbench100__8amo_A,3,1267,True,422,422,17,0.04028436018957346,0.04696132596685083,0.04336734693877551,58,7,0.1206896551724138,0.1590909090909091,0.13725490196078433,75,5,0.06666666666666667,0.0847457627118644,0.0746268656716418,289,5,0.01730103806228374,0.019305019305019305,0.01824817518248175,1,0.04336734693877551,0.04336734693877551,0.04336734693877551,nan,nan
foldbench100__8au6_A,0,628,True,208,208,7,0.03365384615384615,0.041666666666666664,0.03723404255319149,35,6,0.17142857142857143,0.24,0.19999999999999998,36,0,0.0,0.0,0.0,137,1,0.0072992700729927005,0.00847457627118644,0.00784313725490196,1,0.03723404255319149,0.03723404255319149,0.03723404255319149,nan,nan
foldbench100__8au6_A,1,607,True,202,202,6,0.0297029702970297,0.03571428571428571,0.032432432432432434,26,5,0.19230769230769232,0.2,0.19607843137254902,41,1,0.024390243902439025,0.04,0.030303030303030304,135,0,0.0,0.0,0.0,1,0.032432432432432434,0.032432432432432434,0.032432432432432434,nan,nan
foldbench100__8au6_A,2,697,True,232,232,13,0.05603448275862069,0.07738095238095238,0.065,31,3,0.0967741935483871,0.12,0.10714285714285714,41,4,0.0975609756097561,0.16,0.12121212121212122,160,6,0.0375,0.05084745762711865,0.043165467625899276,1,0.065,0.065,0.065,nan,nan
foldbench100__8au6_A,3,724,True,241,241,12,0.04979253112033195,0.07142857142857142,0.05867970660146699,26,4,0.15384615384615385,0.16,0.1568627450980392,32,5,0.15625,0.2,0.17543859649122806,183,3,0.01639344262295082,0.025423728813559324,0.01993355481727575,1,0.05867970660146699,0.05867970660146699,0.05867970660146699,nan,nan
foldbench100__8azb_A,0,1591,True,530,530,42,0.07924528301886792,0.07155025553662692,0.07520143240823636,82,13,0.15853658536585366,0.16455696202531644,0.16149068322981364,107,15,0.14018691588785046,0.14285714285714285,0.14150943396226415,341,14,0.04105571847507331,0.034739454094292806,0.03763440860215054,1,0.07520143240823636,0.07520143240823636,0.07520143240823636,nan,nan
foldbench100__8azb_A,1,1879,True,626,626,42,0.0670926517571885,0.07155025553662692,0.06924979389942292,91,17,0.18681318681318682,0.21518987341772153,0.19999999999999998,93,15,0.16129032258064516,0.14285714285714285,0.1515151515151515,442,10,0.02262443438914027,0.02481389578163772,0.023668639053254437,1,0.06924979389942292,0.06924979389942292,0.06924979389942292,nan,nan
foldbench100__8azb_A,2,1978,True,658,658,45,0.06838905775075987,0.07666098807495741,0.07228915662650603,95,19,0.2,0.24050632911392406,0.21839080459770116,96,23,0.23958333333333334,0.21904761904761905,0.2288557213930348,467,3,0.006423982869379015,0.007444168734491315,0.00689655172413793,1,0.07228915662650603,0.07228915662650603,0.07228915662650603,nan,nan
foldbench100__8azb_A,3,1750,True,583,583,46,0.07890222984562607,0.07836456558773425,0.07863247863247864,77,19,0.24675324675324675,0.24050632911392406,0.24358974358974356,93,10,0.10752688172043011,0.09523809523809523,0.10101010101010101,413,17,0.04116222760290557,0.04218362282878412,0.04166666666666667,1,0.07863247863247864,0.07863247863247864,0.07863247863247864,nan,nan
foldbench100__8b2g_A,0,97,True,32,32,8,0.25,0.13559322033898305,0.17582417582417584,16,5,0.3125,0.3125,0.3125,14,3,0.21428571428571427,0.14285714285714285,0.17142857142857143,2,0,0.0,0.0,0.0,1,0.17582417582417584,0.17582417582417584,0.17582417582417584,nan,nan
foldbench100__8b2g_A,1,184,True,61,61,5,0.08196721311475409,0.0847457627118644,0.08333333333333333,12,3,0.25,0.1875,0.21428571428571427,25,1,0.04,0.047619047619047616,0.043478260869565216,24,1,0.041666666666666664,0.045454545454545456,0.043478260869565216,1,0.08333333333333333,0.08333333333333333,0.08333333333333333,nan,nan
foldbench100__8b2g_A,2,160,True,53,53,2,0.03773584905660377,0.03389830508474576,0.03571428571428571,9,0,0.0,0.0,0.0,11,0,0.0,0.0,0.0,33,2,0.06060606060606061,0.09090909090909091,0.07272727272727272,1,0.03571428571428571,0.03571428571428571,0.03571428571428571,nan,nan
foldbench100__8b2g_A,3,166,True,55,55,2,0.03636363636363636,0.03389830508474576,0.03508771929824561,9,0,0.0,0.0,0.0,14,0,0.0,0.0,0.0,32,2,0.0625,0.09090909090909091,0.07407407407407407,1,0.03508771929824561,0.03508771929824561,0.03508771929824561,nan,nan
foldbench100__8b4u_A,0,928,True,308,308,62,0.2012987012987013,0.2271062271062271,0.21342512908777972,36,10,0.2777777777777778,0.29411764705882354,0.28571428571428575,52,12,0.23076923076923078,0.2926829268292683,0.25806451612903225,220,40,0.18181818181818182,0.20202020202020202,0.1913875598086124,1,0.21342512908777972,0.21342512908777972,0.21342512908777972,nan,nan
foldbench100__8b4u_A,1,892,True,297,297,69,0.23232323232323232,0.25274725274725274,0.2421052631578947,38,5,0.13157894736842105,0.14705882352941177,0.13888888888888887,52,11,0.21153846153846154,0.2682926829268293,0.23655913978494625,207,53,0.2560386473429952,0.2676767676767677,0.2617283950617284,1,0.2421052631578947,0.2421052631578947,0.2421052631578947,nan,nan
foldbench100__8b4u_A,2,982,True,327,327,85,0.2599388379204893,0.31135531135531136,0.2833333333333333,51,13,0.2549019607843137,0.38235294117647056,0.30588235294117644,56,12,0.21428571428571427,0.2926829268292683,0.24742268041237114,220,60,0.2727272727272727,0.30303030303030304,0.2870813397129187,1,0.2833333333333333,0.2833333333333333,0.2833333333333333,nan,nan
foldbench100__8b4u_A,3,949,True,316,316,68,0.21518987341772153,0.2490842490842491,0.23089983022071306,33,9,0.2727272727272727,0.2647058823529412,0.26865671641791045,68,11,0.16176470588235295,0.2682926829268293,0.2018348623853211,215,48,0.22325581395348837,0.24242424242424243,0.2324455205811138,1,0.23089983022071306,0.23089983022071306,0.23089983022071306,nan,nan
foldbench100__8b61_A,0,748,True,249,249,16,0.0642570281124498,0.07547169811320754,0.06941431670281994,48,8,0.16666666666666666,0.25,0.2,48,7,0.14583333333333334,0.13725490196078433,0.14141414141414144,153,1,0.006535947712418301,0.007751937984496124,0.0070921985815602835,1,0.06941431670281994,0.06941431670281994,0.06941431670281994,nan,nan
foldbench100__8b61_A,1,709,True,236,236,19,0.08050847457627118,0.08962264150943396,0.08482142857142856,44,7,0.1590909090909091,0.21875,0.18421052631578946,59,9,0.15254237288135594,0.17647058823529413,0.16363636363636366,133,3,0.022556390977443608,0.023255813953488372,0.022900763358778622,1,0.08482142857142856,0.08482142857142856,0.08482142857142856,nan,nan
foldbench100__8b61_A,2,748,True,248,248,13,0.05241935483870968,0.06132075471698113,0.05652173913043478,40,5,0.125,0.15625,0.1388888888888889,63,5,0.07936507936507936,0.09803921568627451,0.08771929824561404,145,3,0.020689655172413793,0.023255813953488372,0.021897810218978103,1,0.05652173913043478,0.05652173913043478,0.05652173913043478,nan,nan
foldbench100__8b61_A,3,730,True,242,242,9,0.0371900826446281,0.04245283018867924,0.03964757709251101,47,3,0.06382978723404255,0.09375,0.0759493670886076,45,4,0.08888888888888889,0.0784313725490196,0.08333333333333333,150,2,0.013333333333333334,0.015503875968992248,0.014336917562724014,1,0.03964757709251101,0.03964757709251101,0.03964757709251101,nan,nan
foldbench100__8b6e_A,0,19,True,6,6,2,0.3333333333333333,0.045454545454545456,0.08,5,2,0.4,0.16666666666666666,0.23529411764705882,1,0,0.0,0.0,0.0,0,0,0.0,0.0,0.0,1,0.08,0.08,0.08,nan,nan
foldbench100__8b6e_A,1,118,True,39,39,13,0.3333333333333333,0.29545454545454547,0.3132530120481928,7,2,0.2857142857142857,0.16666666666666666,0.2105263157894737,7,1,0.14285714285714285,0.07692307692307693,0.1,25,10,0.4,0.5263157894736842,0.45454545454545453,1,0.3132530120481928,0.3132530120481928,0.3132530120481928,nan,nan
foldbench100__8b6e_A,2,100,True,33,33,4,0.12121212121212122,0.09090909090909091,0.1038961038961039,11,1,0.09090909090909091,0.08333333333333333,0.08695652173913043,13,2,0.15384615384615385,0.15384615384615385,0.15384615384615385,9,1,0.1111111111111111,0.05263157894736842,0.07142857142857142,1,0.1038961038961039,0.1038961038961039,0.1038961038961039,nan,nan
foldbench100__8b6e_A,3,97,True,32,32,5,0.15625,0.11363636363636363,0.13157894736842105,9,3,0.3333333333333333,0.25,0.28571428571428575,19,2,0.10526315789473684,0.15384615384615385,0.125,4,0,0.0,0.0,0.0,1,0.13157894736842105,0.13157894736842105,0.13157894736842105,nan,nan
foldbench100__8bau_A,0,322,True,107,107,7,0.06542056074766354,0.03349282296650718,0.04430379746835443,24,5,0.20833333333333334,0.11904761904761904,0.15151515151515152,22,2,0.09090909090909091,0.07692307692307693,0.08333333333333334,61,0,0.0,0.0,0.0,1,0.04430379746835443,0.04430379746835443,0.04430379746835443,nan,nan
foldbench100__8bau_A,1,511,True,170,170,12,0.07058823529411765,0.05741626794258373,0.0633245382585752,29,4,0.13793103448275862,0.09523809523809523,0.11267605633802817,34,1,0.029411764705882353,0.038461538461538464,0.03333333333333333,107,7,0.06542056074766354,0.04964539007092199,0.056451612903225805,1,0.0633245382585752,0.0633245382585752,0.0633245382585752,nan,nan
foldbench100__8bau_A,2,376,True,125,125,10,0.08,0.04784688995215311,0.05988023952095809,30,8,0.26666666666666666,0.19047619047619047,0.2222222222222222,31,2,0.06451612903225806,0.07692307692307693,0.07017543859649122,64,0,0.0,0.0,0.0,1,0.05988023952095809,0.05988023952095809,0.05988023952095809,nan,nan
foldbench100__8bau_A,3,454,True,151,151,8,0.052980132450331126,0.03827751196172249,0.044444444444444446,29,4,0.13793103448275862,0.09523809523809523,0.11267605633802817,29,0,0.0,0.0,0.0,93,4,0.043010752688172046,0.028368794326241134,0.03418803418803419,1,0.044444444444444446,0.044444444444444446,0.044444444444444446,nan,nan
foldbench100__8bgb_A,0,358,True,119,119,11,0.09243697478991597,0.10891089108910891,0.1,29,5,0.1724137931034483,0.21739130434782608,0.19230769230769232,14,2,0.14285714285714285,0.1,0.11764705882352941,76,4,0.05263157894736842,0.06896551724137931,0.05970149253731343,1,0.1,0.1,0.1,nan,nan
foldbench100__8bgb_A,1,277,True,92,92,10,0.10869565217391304,0.09900990099009901,0.10362694300518134,19,3,0.15789473684210525,0.13043478260869565,0.14285714285714288,32,6,0.1875,0.3,0.23076923076923075,41,1,0.024390243902439025,0.017241379310344827,0.020202020202020204,1,0.10362694300518134,0.10362694300518134,0.10362694300518134,nan,nan
foldbench100__8bgb_A,2,187,True,62,62,8,0.12903225806451613,0.07920792079207921,0.09815950920245399,15,5,0.3333333333333333,0.21739130434782608,0.26315789473684204,25,3,0.12,0.15,0.1333333333333333,22,0,0.0,0.0,0.0,1,0.09815950920245399,0.09815950920245399,0.09815950920245399,nan,nan
foldbench100__8bgb_A,3,301,True,100,100,6,0.06,0.0594059405940594,0.05970149253731343,12,3,0.25,0.13043478260869565,0.1714285714285714,14,0,0.0,0.0,0.0,74,3,0.04054054054054054,0.05172413793103448,0.045454545454545456,1,0.05970149253731343,0.05970149253731343,0.05970149253731343,nan,nan
foldbench100__8bsb_A,0,457,True,152,152,6,0.039473684210526314,0.05217391304347826,0.0449438202247191,14,1,0.07142857142857142,0.14285714285714285,0.09523809523809523,5,1,0.2,0.07142857142857142,0.10526315789473682,133,4,0.03007518796992481,0.0425531914893617,0.035242290748898675,1,0.0449438202247191,0.0449438202247191,0.0449438202247191,nan,nan
foldbench100__8bsb_A,1,472,True,157,157,6,0.03821656050955414,0.05217391304347826,0.04411764705882353,13,1,0.07692307692307693,0.14285714285714285,0.1,19,1,0.05263157894736842,0.07142857142857142,0.06060606060606061,125,4,0.032,0.0425531914893617,0.0365296803652968,1,0.04411764705882353,0.04411764705882353,0.04411764705882353,nan,nan
foldbench100__8bsb_A,2,256,True,85,85,2,0.023529411764705882,0.017391304347826087,0.020000000000000004,20,2,0.1,0.2857142857142857,0.14814814814814817,17,0,0.0,0.0,0.0,48,0,0.0,0.0,0.0,1,0.020000000000000004,0.020000000000000004,0.020000000000000004,nan,nan
foldbench100__8bsb_A,3,487,True,162,162,5,0.030864197530864196,0.043478260869565216,0.036101083032490974,15,1,0.06666666666666667,0.14285714285714285,0.09090909090909091,14,0,0.0,0.0,0.0,133,4,0.03007518796992481,0.0425531914893617,0.035242290748898675,1,0.036101083032490974,0.036101083032490974,0.036101083032490974,nan,nan
foldbench100__8c4d_A,0,877,True,292,292,2,0.00684931506849315,0.008733624454148471,0.007677543186180422,41,0,0.0,0.0,0.0,74,1,0.013513513513513514,0.03571428571428571,0.0196078431372549,177,1,0.005649717514124294,0.005714285714285714,0.005681818181818182,1,0.007677543186180422,0.007677543186180422,0.007677543186180422,nan,nan
foldbench100__8c4d_A,1,943,True,314,314,4,0.012738853503184714,0.017467248908296942,0.014732965009208104,43,2,0.046511627906976744,0.07692307692307693,0.057971014492753624,48,0,0.0,0.0,0.0,223,2,0.008968609865470852,0.011428571428571429,0.010050251256281407,1,0.014732965009208104,0.014732965009208104,0.014732965009208104,nan,nan
foldbench100__8c4d_A,2,859,True,286,286,7,0.024475524475524476,0.03056768558951965,0.027184466019417475,43,2,0.046511627906976744,0.07692307692307693,0.057971014492753624,70,0,0.0,0.0,0.0,173,5,0.028901734104046242,0.02857142857142857,0.028735632183908046,1,0.027184466019417475,0.027184466019417475,0.027184466019417475,nan,nan
foldbench100__8c4d_A,3,949,True,315,315,3,0.009523809523809525,0.013100436681222707,0.011029411764705883,49,1,0.02040816326530612,0.038461538461538464,0.026666666666666665,88,0,0.0,0.0,0.0,178,2,0.011235955056179775,0.011428571428571429,0.0113314447592068,1,0.011029411764705883,0.011029411764705883,0.011029411764705883,nan,nan
foldbench100__8cba_A,0,619,True,206,206,12,0.05825242718446602,0.04897959183673469,0.05321507760532151,36,7,0.19444444444444445,0.1794871794871795,0.18666666666666665,51,4,0.0784313725490196,0.07547169811320754,0.07692307692307693,119,1,0.008403361344537815,0.006535947712418301,0.007352941176470588,1,0.05321507760532151,0.05321507760532151,0.05321507760532151,nan,nan
foldbench100__8cba_A,1,574,True,191,191,9,0.04712041884816754,0.036734693877551024,0.04128440366972477,33,5,0.15151515151515152,0.1282051282051282,0.1388888888888889,53,4,0.07547169811320754,0.07547169811320754,0.07547169811320754,105,0,0.0,0.0,0.0,1,0.04128440366972477,0.04128440366972477,0.04128440366972477,nan,nan
foldbench100__8cba_A,2,799,True,266,266,10,0.03759398496240601,0.04081632653061224,0.03913894324853229,44,4,0.09090909090909091,0.10256410256410256,0.0963855421686747,51,2,0.0392156862745098,0.03773584905660377,0.038461538461538464,171,4,0.023391812865497075,0.026143790849673203,0.024691358024691353,1,0.03913894324853229,0.03913894324853229,0.03913894324853229,nan,nan
foldbench100__8cba_A,3,550,True,183,183,10,0.0546448087431694,0.04081632653061224,0.04672897196261682,40,3,0.075,0.07692307692307693,0.0759493670886076,51,4,0.0784313725490196,0.07547169811320754,0.07692307692307693,92,3,0.03260869565217391,0.0196078431372549,0.024489795918367346,1,0.04672897196261682,0.04672897196261682,0.04672897196261682,nan,nan
foldbench100__8cih_A,0,217,True,72,72,3,0.041666666666666664,0.0189873417721519,0.026086956521739132,6,0,0.0,0.0,0.0,0,0,0.0,0.0,0.0,66,3,0.045454545454545456,0.022900763358778626,0.030456852791878174,1,0.026086956521739132,0.026086956521739132,0.026086956521739132,nan,nan
foldbench100__8cih_A,1,220,True,73,73,5,0.0684931506849315,0.03164556962025317,0.04329004329004329,18,0,0.0,0.0,0.0,25,4,0.16,0.23529411764705882,0.19047619047619052,30,1,0.03333333333333333,0.007633587786259542,0.012422360248447206,1,0.04329004329004329,0.04329004329004329,0.04329004329004329,nan,nan
foldbench100__8cih_A,2,142,True,47,47,4,0.0851063829787234,0.02531645569620253,0.03902439024390244,5,1,0.2,0.1,0.13333333333333333,9,1,0.1111111111111111,0.058823529411764705,0.07692307692307691,33,2,0.06060606060606061,0.015267175572519083,0.024390243902439025,1,0.03902439024390244,0.03902439024390244,0.03902439024390244,nan,nan
foldbench100__8cih_A,3,397,True,132,132,33,0.25,0.2088607594936709,0.22758620689655173,11,0,0.0,0.0,0.0,6,0,0.0,0.0,0.0,115,33,0.28695652173913044,0.25190839694656486,0.2682926829268293,1,0.22758620689655173,0.22758620689655173,0.22758620689655173,nan,nan
foldbench100__8cpn_A,0,478,True,159,159,8,0.050314465408805034,0.047619047619047616,0.04892966360856269,27,2,0.07407407407407407,0.08695652173913043,0.07999999999999999,45,3,0.06666666666666667,0.08571428571428572,0.075,87,3,0.034482758620689655,0.02727272727272727,0.03045685279187817,1,0.04892966360856269,0.04892966360856269,0.04892966360856269,nan,nan
foldbench100__8cpn_A,1,691,True,230,230,27,0.11739130434782609,0.16071428571428573,0.135678391959799,55,13,0.23636363636363636,0.5652173913043478,0.3333333333333333,73,13,0.1780821917808219,0.37142857142857144,0.24074074074074073,102,1,0.00980392156862745,0.00909090909090909,0.009433962264150943,1,0.135678391959799,0.135678391959799,0.135678391959799,nan,nan
foldbench100__8cpn_A,2,205,True,68,68,10,0.14705882352941177,0.05952380952380952,0.08474576271186442,18,3,0.16666666666666666,0.13043478260869565,0.14634146341463414,24,7,0.2916666666666667,0.2,0.23728813559322035,26,0,0.0,0.0,0.0,1,0.08474576271186442,0.08474576271186442,0.08474576271186442,nan,nan
foldbench100__8cpn_A,3,310,True,103,103,12,0.11650485436893204,0.07142857142857142,0.08856088560885608,30,4,0.13333333333333333,0.17391304347826086,0.15094339622641512,30,6,0.2,0.17142857142857143,0.18461538461538463,43,2,0.046511627906976744,0.01818181818181818,0.0261437908496732,1,0.08856088560885608,0.08856088560885608,0.08856088560885608,nan,nan
foldbench100__8daj_A,0,1132,True,376,376,48,0.1276595744680851,0.1605351170568562,0.14222222222222222,59,8,0.13559322033898305,0.25,0.17582417582417584,66,9,0.13636363636363635,0.17307692307692307,0.15254237288135594,251,31,0.12350597609561753,0.14418604651162792,0.1330472103004292,1,0.14222222222222222,0.14222222222222222,0.14222222222222222,nan,nan
foldbench100__8daj_A,1,856,True,285,285,28,0.09824561403508772,0.09364548494983277,0.09589041095890412,32,8,0.25,0.25,0.25,53,9,0.16981132075471697,0.17307692307692307,0.17142857142857143,200,11,0.055,0.05116279069767442,0.053012048192771076,1,0.09589041095890412,0.09589041095890412,0.09589041095890412,nan,nan
foldbench100__8daj_A,2,883,True,293,293,30,0.10238907849829351,0.10033444816053512,0.10135135135135134,29,6,0.20689655172413793,0.1875,0.19672131147540986,58,1,0.017241379310344827,0.019230769230769232,0.018181818181818184,206,23,0.11165048543689321,0.10697674418604651,0.10926365795724464,1,0.10135135135135134,0.10135135135135134,0.10135135135135134,nan,nan
foldbench100__8daj_A,3,1027,True,342,342,24,0.07017543859649122,0.0802675585284281,0.0748829953198128,44,2,0.045454545454545456,0.0625,0.052631578947368425,58,7,0.1206896551724138,0.1346153846153846,0.12727272727272726,240,15,0.0625,0.06976744186046512,0.06593406593406592,1,0.0748829953198128,0.0748829953198128,0.0748829953198128,nan,nan
foldbench100__8dge_A,0,2881,True,959,959,116,0.12095933263816476,0.12691466083150985,0.12386545648691939,159,18,0.11320754716981132,0.1487603305785124,0.12857142857142856,162,19,0.11728395061728394,0.1292517006802721,0.12297734627831715,638,79,0.1238244514106583,0.12229102167182662,0.12305295950155762,1,0.12386545648691939,0.12386545648691939,0.12386545648691939,nan,nan
foldbench100__8dge_A,1,3151,True,1044,1044,89,0.08524904214559387,0.09737417943107221,0.09090909090909091,142,27,0.19014084507042253,0.2231404958677686,0.20532319391634982,152,12,0.07894736842105263,0.08163265306122448,0.08026755852842808,750,50,0.06666666666666667,0.07739938080495357,0.07163323782234958,1,0.09090909090909091,0.09090909090909091,0.09090909090909091,nan,nan
foldbench100__8dge_A,2,2860,True,949,949,98,0.10326659641728135,0.10722100656455143,0.10520665593129362,137,22,0.16058394160583941,0.18181818181818182,0.17054263565891473,147,13,0.08843537414965986,0.08843537414965986,0.08843537414965986,665,63,0.09473684210526316,0.09752321981424149,0.09610983981693363,1,0.10520665593129362,0.10520665593129362,0.10520665593129362,nan,nan
foldbench100__8dge_A,3,2833,True,944,944,117,0.1239406779661017,0.12800875273522977,0.12594187298170076,150,23,0.15333333333333332,0.19008264462809918,0.16974169741697415,183,20,0.1092896174863388,0.1360544217687075,0.12121212121212123,611,74,0.12111292962356793,0.11455108359133127,0.1177406523468576,1,0.12594187298170076,0.12594187298170076,0.12594187298170076,nan,nan
foldbench100__8dmu_A,0,1714,True,569,569,38,0.06678383128295255,0.06654991243432574,0.06666666666666668,68,7,0.10294117647058823,0.0875,0.09459459459459459,65,4,0.06153846153846154,0.0547945205479452,0.057971014492753624,436,27,0.06192660550458716,0.0645933014354067,0.06323185011709602,1,0.06666666666666668,0.06666666666666668,0.06666666666666668,nan,nan
foldbench100__8dmu_A,1,1873,True,623,623,28,0.0449438202247191,0.04903677758318739,0.04690117252931324,74,8,0.10810810810810811,0.1,0.1038961038961039,94,5,0.05319148936170213,0.0684931506849315,0.059880239520958084,455,15,0.03296703296703297,0.03588516746411483,0.034364261168384876,1,0.04690117252931324,0.04690117252931324,0.04690117252931324,nan,nan
foldbench100__8dmu_A,2,1591,True,530,530,12,0.022641509433962263,0.021015761821366025,0.021798365122615806,79,8,0.10126582278481013,0.1,0.10062893081761005,84,1,0.011904761904761904,0.0136986301369863,0.012738853503184714,367,3,0.008174386920980926,0.007177033492822967,0.007643312101910828,1,0.021798365122615806,0.021798365122615806,0.021798365122615806,nan,nan
foldbench100__8dmu_A,3,1666,True,555,555,10,0.018018018018018018,0.017513134851138354,0.017761989342806397,71,4,0.056338028169014086,0.05,0.05298013245033113,78,1,0.01282051282051282,0.0136986301369863,0.013245033112582781,406,5,0.012315270935960592,0.011961722488038277,0.012135922330097089,1,0.017761989342806397,0.017761989342806397,0.017761989342806397,nan,nan
foldbench100__8dqd_A,0,1273,True,424,424,24,0.05660377358490566,0.060759493670886074,0.0586080586080586,60,5,0.08333333333333333,0.10869565217391304,0.09433962264150943,87,8,0.09195402298850575,0.1095890410958904,0.1,277,11,0.039711191335740074,0.03985507246376811,0.039783001808318265,1,0.0586080586080586,0.0586080586080586,0.0586080586080586,nan,nan
foldbench100__8dqd_A,1,1201,True,400,400,27,0.0675,0.06835443037974684,0.0679245283018868,67,6,0.08955223880597014,0.13043478260869565,0.10619469026548672,109,5,0.045871559633027525,0.0684931506849315,0.054945054945054944,224,16,0.07142857142857142,0.057971014492753624,0.06399999999999999,1,0.0679245283018868,0.0679245283018868,0.0679245283018868,nan,nan
foldbench100__8dqd_A,2,1336,True,444,444,54,0.12162162162162163,0.13670886075949368,0.12872467222884384,55,13,0.23636363636363636,0.2826086956521739,0.2574257425742574,112,21,0.1875,0.2876712328767123,0.227027027027027,277,20,0.07220216606498195,0.07246376811594203,0.07233273056057865,1,0.12872467222884384,0.12872467222884384,0.12872467222884384,nan,nan
foldbench100__8dqd_A,3,1324,True,441,441,34,0.07709750566893424,0.08607594936708861,0.08133971291866028,58,9,0.15517241379310345,0.1956521739130435,0.17307692307692307,45,6,0.13333333333333333,0.0821917808219178,0.1016949152542373,338,19,0.05621301775147929,0.06884057971014493,0.06188925081433224,1,0.08133971291866028,0.08133971291866028,0.08133971291866028,nan,nan
foldbench100__8e0r_A,0,1333,True,444,444,19,0.04279279279279279,0.038306451612903226,0.04042553191489362,60,7,0.11666666666666667,0.1,0.1076923076923077,89,9,0.10112359550561797,0.08737864077669903,0.09375,295,3,0.010169491525423728,0.009287925696594427,0.009708737864077669,1,0.04042553191489362,0.04042553191489362,0.04042553191489362,nan,nan
foldbench100__8e0r_A,1,1084,True,361,361,23,0.06371191135734072,0.046370967741935484,0.05367561260210035,38,10,0.2631578947368421,0.14285714285714285,0.18518518518518517,72,8,0.1111111111111111,0.07766990291262135,0.09142857142857143,251,5,0.0199203187250996,0.015479876160990712,0.017421602787456445,1,0.05367561260210035,0.05367561260210035,0.05367561260210035,nan,nan
foldbench100__8e0r_A,2,1417,True,471,471,43,0.09129511677282377,0.08669354838709678,0.08893485005170632,65,10,0.15384615384615385,0.14285714285714285,0.14814814814814817,114,18,0.15789473684210525,0.17475728155339806,0.16589861751152077,292,15,0.05136986301369863,0.04643962848297214,0.04878048780487805,1,0.08893485005170632,0.08893485005170632,0.08893485005170632,nan,nan
foldbench100__8e0r_A,3,1108,True,369,369,32,0.08672086720867209,0.06451612903225806,0.07398843930635839,84,13,0.15476190476190477,0.18571428571428572,0.16883116883116883,122,12,0.09836065573770492,0.11650485436893204,0.10666666666666667,163,7,0.04294478527607362,0.021671826625386997,0.02880658436213992,1,0.07398843930635839,0.07398843930635839,0.07398843930635839,nan,nan
foldbench100__8eb9_A,0,121,True,40,40,2,0.05,0.028169014084507043,0.036036036036036036,6,0,0.0,0.0,0.0,10,1,0.1,0.043478260869565216,0.06060606060606061,24,1,0.041666666666666664,0.027777777777777776,0.03333333333333333,1,0.036036036036036036,0.036036036036036036,0.036036036036036036,nan,nan
foldbench100__8eb9_A,1,97,True,32,32,1,0.03125,0.014084507042253521,0.019417475728155338,6,0,0.0,0.0,0.0,4,0,0.0,0.0,0.0,22,1,0.045454545454545456,0.027777777777777776,0.034482758620689655,1,0.019417475728155338,0.019417475728155338,0.019417475728155338,nan,nan
foldbench100__8eb9_A,2,103,True,34,34,2,0.058823529411764705,0.028169014084507043,0.03809523809523809,10,1,0.1,0.08333333333333333,0.0909090909090909,12,1,0.08333333333333333,0.043478260869565216,0.057142857142857134,12,0,0.0,0.0,0.0,1,0.03809523809523809,0.03809523809523809,0.03809523809523809,nan,nan
foldbench100__8eb9_A,3,97,True,32,32,1,0.03125,0.014084507042253521,0.019417475728155338,9,0,0.0,0.0,0.0,10,1,0.1,0.043478260869565216,0.06060606060606061,13,0,0.0,0.0,0.0,1,0.019417475728155338,0.019417475728155338,0.019417475728155338,nan,nan
foldbench100__8eo5_A,0,340,True,113,113,7,0.061946902654867256,0.02766798418972332,0.03825136612021858,27,6,0.2222222222222222,0.16666666666666666,0.1904761904761905,15,1,0.06666666666666667,0.02,0.030769230769230767,71,0,0.0,0.0,0.0,1,0.03825136612021858,0.03825136612021858,0.03825136612021858,nan,nan
foldbench100__8eo5_A,1,754,True,251,251,7,0.027888446215139442,0.02766798418972332,0.02777777777777778,30,5,0.16666666666666666,0.1388888888888889,0.1515151515151515,52,0,0.0,0.0,0.0,169,2,0.011834319526627219,0.011976047904191617,0.011904761904761904,1,0.02777777777777778,0.02777777777777778,0.02777777777777778,nan,nan
foldbench100__8eo5_A,2,511,True,170,170,12,0.07058823529411765,0.04743083003952569,0.05673758865248226,21,8,0.38095238095238093,0.2222222222222222,0.2807017543859649,45,2,0.044444444444444446,0.04,0.042105263157894736,104,2,0.019230769230769232,0.011976047904191617,0.014760147601476016,1,0.05673758865248226,0.05673758865248226,0.05673758865248226,nan,nan
foldbench100__8eo5_A,3,853,True,284,284,23,0.08098591549295775,0.09090909090909091,0.0856610800744879,37,10,0.2702702702702703,0.2777777777777778,0.273972602739726,78,7,0.08974358974358974,0.14,0.109375,169,6,0.03550295857988166,0.03592814371257485,0.03571428571428572,1,0.0856610800744879,0.0856610800744879,0.0856610800744879,nan,nan
foldbench100__8q8i_A,0,1126,True,375,375,12,0.032,0.031914893617021274,0.03195739014647137,35,3,0.08571428571428572,0.08823529411764706,0.08695652173913045,48,4,0.08333333333333333,0.045454545454545456,0.05882352941176471,292,5,0.017123287671232876,0.01968503937007874,0.018315018315018316,1,0.03195739014647137,0.03195739014647137,0.03195739014647137,nan,nan
foldbench100__8q8i_A,1,1009,True,335,335,10,0.029850746268656716,0.026595744680851064,0.02812939521800281,41,2,0.04878048780487805,0.058823529411764705,0.05333333333333334,109,5,0.045871559633027525,0.056818181818181816,0.050761421319796954,185,3,0.016216216216216217,0.011811023622047244,0.013667425968109341,1,0.02812939521800281,0.02812939521800281,0.02812939521800281,nan,nan
foldbench100__8q8i_A,2,1123,True,373,373,15,0.040214477211796246,0.0398936170212766,0.04005340453938585,69,2,0.028985507246376812,0.058823529411764705,0.038834951456310676,54,5,0.09259259259259259,0.056818181818181816,0.0704225352112676,250,8,0.032,0.031496062992125984,0.031746031746031744,1,0.04005340453938585,0.04005340453938585,0.04005340453938585,nan,nan
foldbench100__8q8i_A,3,919,True,306,306,16,0.05228758169934641,0.0425531914893617,0.046920821114369494,50,4,0.08,0.11764705882352941,0.09523809523809526,83,6,0.07228915662650602,0.06818181818181818,0.07017543859649122,173,6,0.03468208092485549,0.023622047244094488,0.028103044496487116,1,0.046920821114369494,0.046920821114369494,0.046920821114369494,nan,nan
cameo_hard__8jvx_B,0,31,True,10,10,1,0.1,0.07142857142857142,0.08333333333333333,5,0,0.0,0.0,0.0,2,0,0.0,0.0,0.0,3,1,0.3333333333333333,0.125,0.18181818181818182,1,0.08333333333333333,0.08333333333333333,0.08333333333333333,nan,nan
cameo_hard__8jvx_B,1,58,True,19,19,7,0.3684210526315789,0.5,0.4242424242424242,6,1,0.16666666666666666,0.5,0.25,6,1,0.16666666666666666,0.25,0.2,7,5,0.7142857142857143,0.625,0.6666666666666666,1,0.4242424242424242,0.4242424242424242,0.4242424242424242,nan,nan
cameo_hard__8jvx_B,2,58,True,19,19,3,0.15789473684210525,0.21428571428571427,0.18181818181818182,5,1,0.2,0.5,0.28571428571428575,9,1,0.1111111111111111,0.25,0.15384615384615383,5,1,0.2,0.125,0.15384615384615385,1,0.18181818181818182,0.18181818181818182,0.18181818181818182,nan,nan
cameo_hard__8jvx_B,3,31,True,10,10,5,0.5,0.35714285714285715,0.41666666666666663,3,0,0.0,0.0,0.0,2,1,0.5,0.25,0.3333333333333333,5,4,0.8,0.5,0.6153846153846154,1,0.41666666666666663,0.41666666666666663,0.41666666666666663,nan,nan
cameo_hard__8s3m_A,0,964,True,321,321,6,0.018691588785046728,0.016260162601626018,0.017391304347826087,35,2,0.05714285714285714,0.044444444444444446,0.05,57,0,0.0,0.0,0.0,229,4,0.017467248908296942,0.014925373134328358,0.016096579476861165,1,0.017391304347826087,0.017391304347826087,0.017391304347826087,nan,nan
cameo_hard__8s3m_A,1,1324,True,440,440,10,0.022727272727272728,0.02710027100271003,0.024721878862793575,50,7,0.14,0.15555555555555556,0.1473684210526316,54,2,0.037037037037037035,0.03571428571428571,0.03636363636363636,336,1,0.002976190476190476,0.0037313432835820895,0.0033112582781456954,1,0.024721878862793575,0.024721878862793575,0.024721878862793575,nan,nan
cameo_hard__8s3m_A,2,1018,True,339,339,12,0.035398230088495575,0.032520325203252036,0.033898305084745756,60,6,0.1,0.13333333333333333,0.1142857142857143,64,6,0.09375,0.10714285714285714,0.09999999999999999,215,0,0.0,0.0,0.0,1,0.033898305084745756,0.033898305084745756,0.033898305084745756,nan,nan
cameo_hard__8s3m_A,3,1036,True,344,344,6,0.01744186046511628,0.016260162601626018,0.016830294530154277,51,3,0.058823529411764705,0.06666666666666667,0.0625,55,1,0.01818181818181818,0.017857142857142856,0.018018018018018014,238,2,0.008403361344537815,0.007462686567164179,0.007905138339920948,1,0.016830294530154277,0.016830294530154277,0.016830294530154277,nan,nan
cameo_hard__8u1a_A,0,439,True,145,145,3,0.020689655172413793,0.006622516556291391,0.010033444816053512,13,1,0.07692307692307693,0.03125,0.044444444444444446,19,0,0.0,0.0,0.0,113,2,0.017699115044247787,0.00546448087431694,0.008350730688935283,1,0.010033444816053512,0.010033444816053512,0.010033444816053512,nan,nan
cameo_hard__8u1a_A,1,535,True,178,178,7,0.03932584269662921,0.01545253863134658,0.022187004754358162,22,3,0.13636363636363635,0.09375,0.1111111111111111,6,0,0.0,0.0,0.0,150,4,0.02666666666666667,0.01092896174863388,0.015503875968992246,1,0.022187004754358162,0.022187004754358162,0.022187004754358162,nan,nan
cameo_hard__8u1a_A,2,973,True,323,323,16,0.04953560371517028,0.03532008830022075,0.041237113402061855,31,3,0.0967741935483871,0.09375,0.09523809523809523,38,4,0.10526315789473684,0.07272727272727272,0.08602150537634408,254,9,0.03543307086614173,0.02459016393442623,0.029032258064516127,1,0.041237113402061855,0.041237113402061855,0.041237113402061855,nan,nan
cameo_hard__8u1a_A,3,340,True,113,113,2,0.017699115044247787,0.004415011037527594,0.007067137809187279,9,2,0.2222222222222222,0.0625,0.0975609756097561,5,0,0.0,0.0,0.0,99,0,0.0,0.0,0.0,1,0.007067137809187279,0.007067137809187279,0.007067137809187279,nan,nan
cameo_hard__8vd6_A,0,400,True,133,133,39,0.2932330827067669,0.34210526315789475,0.3157894736842105,41,19,0.4634146341463415,0.76,0.5757575757575758,50,8,0.16,0.47058823529411764,0.23880597014925375,42,12,0.2857142857142857,0.16666666666666666,0.2105263157894737,1,0.3157894736842105,0.3157894736842105,0.3157894736842105,nan,nan
cameo_hard__8vd6_A,1,382,True,127,127,48,0.3779527559055118,0.42105263157894735,0.39834024896265563,31,18,0.5806451612903226,0.72,0.6428571428571428,38,10,0.2631578947368421,0.5882352941176471,0.3636363636363636,58,20,0.3448275862068966,0.2777777777777778,0.3076923076923077,1,0.39834024896265563,0.39834024896265563,0.39834024896265563,nan,nan
cameo_hard__8vd6_A,2,487,True,162,162,53,0.3271604938271605,0.4649122807017544,0.3840579710144928,40,19,0.475,0.76,0.5846153846153846,41,9,0.21951219512195122,0.5294117647058824,0.3103448275862069,81,25,0.30864197530864196,0.3472222222222222,0.32679738562091504,1,0.3840579710144928,0.3840579710144928,0.3840579710144928,nan,nan
cameo_hard__8vd6_A,3,478,True,159,159,20,0.12578616352201258,0.17543859649122806,0.14652014652014653,37,13,0.35135135135135137,0.52,0.4193548387096775,29,5,0.1724137931034483,0.29411764705882354,0.2173913043478261,93,2,0.021505376344086023,0.027777777777777776,0.024242424242424242,1,0.14652014652014653,0.14652014652014653,0.14652014652014653,nan,nan
cameo_hard__8wwc_C,0,262,True,87,87,10,0.11494252873563218,0.10309278350515463,0.10869565217391304,18,2,0.1111111111111111,0.16666666666666666,0.13333333333333333,16,4,0.25,0.19047619047619047,0.2162162162162162,53,4,0.07547169811320754,0.0625,0.06837606837606838,1,0.10869565217391304,0.10869565217391304,0.10869565217391304,nan,nan
cameo_hard__8wwc_C,1,214,True,71,71,9,0.1267605633802817,0.09278350515463918,0.10714285714285715,17,3,0.17647058823529413,0.25,0.20689655172413793,26,6,0.23076923076923078,0.2857142857142857,0.25531914893617025,28,0,0.0,0.0,0.0,1,0.10714285714285715,0.10714285714285715,0.10714285714285715,nan,nan
cameo_hard__8wwc_C,2,358,True,119,119,15,0.12605042016806722,0.15463917525773196,0.1388888888888889,21,6,0.2857142857142857,0.5,0.36363636363636365,23,7,0.30434782608695654,0.3333333333333333,0.31818181818181823,75,2,0.02666666666666667,0.03125,0.028776978417266185,1,0.1388888888888889,0.1388888888888889,0.1388888888888889,nan,nan
cameo_hard__8wwc_C,3,304,True,101,101,12,0.1188118811881188,0.12371134020618557,0.1212121212121212,13,4,0.3076923076923077,0.3333333333333333,0.32,22,5,0.22727272727272727,0.23809523809523808,0.23255813953488372,66,3,0.045454545454545456,0.046875,0.04615384615384615,1,0.1212121212121212,0.1212121212121212,0.1212121212121212,nan,nan
cameo_hard__8yl4_B,0,475,True,158,158,24,0.1518987341772152,0.13714285714285715,0.14414414414414414,18,3,0.16666666666666666,0.14285714285714285,0.15384615384615383,14,7,0.5,0.25925925925925924,0.3414634146341463,126,14,0.1111111111111111,0.11023622047244094,0.11067193675889328,1,0.14414414414414414,0.14414414414414414,0.14414414414414414,nan,nan
cameo_hard__8yl4_B,1,391,True,130,130,19,0.14615384615384616,0.10857142857142857,0.12459016393442623,23,5,0.21739130434782608,0.23809523809523808,0.22727272727272724,32,6,0.1875,0.2222222222222222,0.20338983050847456,75,8,0.10666666666666667,0.06299212598425197,0.0792079207920792,1,0.12459016393442623,0.12459016393442623,0.12459016393442623,nan,nan
cameo_hard__8yl4_B,2,529,True,176,176,24,0.13636363636363635,0.13714285714285715,0.13675213675213677,15,5,0.3333333333333333,0.23809523809523808,0.2777777777777778,19,6,0.3157894736842105,0.2222222222222222,0.2608695652173913,142,13,0.09154929577464789,0.10236220472440945,0.09665427509293681,1,0.13675213675213677,0.13675213675213677,0.13675213675213677,nan,nan
cameo_hard__8yl4_B,3,520,True,173,173,7,0.04046242774566474,0.04,0.040229885057471264,21,3,0.14285714285714285,0.14285714285714285,0.14285714285714285,20,2,0.1,0.07407407407407407,0.0851063829787234,132,2,0.015151515151515152,0.015748031496062992,0.015444015444015444,1,0.040229885057471264,0.040229885057471264,0.040229885057471264,nan,nan
cameo_hard__8zaf_A,0,1270,True,423,423,18,0.0425531914893617,0.04627249357326478,0.044334975369458136,47,7,0.14893617021276595,0.14,0.1443298969072165,66,6,0.09090909090909091,0.09090909090909091,0.09090909090909091,310,5,0.016129032258064516,0.018315018315018316,0.01715265866209262,1,0.044334975369458136,0.044334975369458136,0.044334975369458136,nan,nan
cameo_hard__8zaf_A,1,1042,True,346,346,19,0.05491329479768786,0.04884318766066838,0.05170068027210884,58,10,0.1724137931034483,0.2,0.1851851851851852,66,4,0.06060606060606061,0.06060606060606061,0.06060606060606061,222,5,0.02252252252252252,0.018315018315018316,0.020202020202020204,1,0.05170068027210884,0.05170068027210884,0.05170068027210884,nan,nan
cameo_hard__8zaf_A,2,1111,True,370,370,15,0.04054054054054054,0.038560411311053984,0.039525691699604744,48,7,0.14583333333333334,0.14,0.14285714285714285,64,4,0.0625,0.06060606060606061,0.06153846153846154,258,4,0.015503875968992248,0.014652014652014652,0.015065913370998118,1,0.039525691699604744,0.039525691699604744,0.039525691699604744,nan,nan
cameo_hard__8zaf_A,3,1054,True,351,351,11,0.03133903133903134,0.028277634961439587,0.02972972972972973,64,5,0.078125,0.1,0.08771929824561403,55,4,0.07272727272727272,0.06060606060606061,0.06611570247933884,232,2,0.008620689655172414,0.007326007326007326,0.007920792079207921,1,0.02972972972972973,0.02972972972972973,0.02972972972972973,nan,nan
cameo_hard__9bch_A,0,553,True,184,184,11,0.059782608695652176,0.06358381502890173,0.061624649859943974,39,3,0.07692307692307693,0.1111111111111111,0.09090909090909093,45,1,0.022222222222222223,0.027777777777777776,0.024691358024691357,100,7,0.07,0.06363636363636363,0.06666666666666667,1,0.061624649859943974,0.061624649859943974,0.061624649859943974,nan,nan
cameo_hard__9bch_A,1,514,True,171,171,7,0.04093567251461988,0.04046242774566474,0.04069767441860465,30,1,0.03333333333333333,0.037037037037037035,0.03508771929824562,41,3,0.07317073170731707,0.08333333333333333,0.07792207792207792,100,3,0.03,0.02727272727272727,0.028571428571428574,1,0.04069767441860465,0.04069767441860465,0.04069767441860465,nan,nan
cameo_hard__9bch_A,2,619,True,205,205,9,0.04390243902439024,0.05202312138728324,0.047619047619047616,44,4,0.09090909090909091,0.14814814814814814,0.11267605633802817,47,4,0.0851063829787234,0.1111111111111111,0.09638554216867469,114,1,0.008771929824561403,0.00909090909090909,0.008928571428571428,1,0.047619047619047616,0.047619047619047616,0.047619047619047616,nan,nan
cameo_hard__9bch_A,3,589,True,196,196,7,0.03571428571428571,0.04046242774566474,0.03794037940379404,36,3,0.08333333333333333,0.1111111111111111,0.09523809523809525,52,2,0.038461538461538464,0.05555555555555555,0.04545454545454546,108,2,0.018518518518518517,0.01818181818181818,0.018348623853211007,1,0.03794037940379404,0.03794037940379404,0.03794037940379404,nan,nan
cameo_hard__9deb_E,0,160,True,53,53,11,0.20754716981132076,0.19298245614035087,0.2,3,1,0.3333333333333333,0.14285714285714285,0.2,13,3,0.23076923076923078,0.25,0.24000000000000002,37,7,0.1891891891891892,0.18421052631578946,0.18666666666666668,1,0.2,0.2,0.2,nan,nan
cameo_hard__9deb_E,1,136,True,45,45,21,0.4666666666666667,0.3684210526315789,0.4117647058823529,6,2,0.3333333333333333,0.2857142857142857,0.30769230769230765,14,6,0.42857142857142855,0.5,0.4615384615384615,25,13,0.52,0.34210526315789475,0.41269841269841273,1,0.4117647058823529,0.4117647058823529,0.4117647058823529,nan,nan
cameo_hard__9deb_E,2,151,True,50,50,1,0.02,0.017543859649122806,0.018691588785046728,10,1,0.1,0.14285714285714285,0.11764705882352941,16,0,0.0,0.0,0.0,24,0,0.0,0.0,0.0,1,0.018691588785046728,0.018691588785046728,0.018691588785046728,nan,nan
cameo_hard__9deb_E,3,181,True,60,60,29,0.48333333333333334,0.5087719298245614,0.4957264957264957,8,3,0.375,0.42857142857142855,0.39999999999999997,8,4,0.5,0.3333333333333333,0.4,44,22,0.5,0.5789473684210527,0.5365853658536586,1,0.4957264957264957,0.4957264957264957,0.4957264957264957,nan,nan
cameo_hard__9deg_A,0,469,True,156,156,7,0.04487179487179487,0.04929577464788732,0.04697986577181208,20,6,0.3,0.23076923076923078,0.2608695652173913,21,1,0.047619047619047616,0.043478260869565216,0.04545454545454545,115,0,0.0,0.0,0.0,1,0.04697986577181208,0.04697986577181208,0.04697986577181208,nan,nan
cameo_hard__9deg_A,1,427,True,142,142,10,0.07042253521126761,0.07042253521126761,0.07042253521126761,18,5,0.2777777777777778,0.19230769230769232,0.2272727272727273,19,2,0.10526315789473684,0.08695652173913043,0.09523809523809525,105,3,0.02857142857142857,0.03225806451612903,0.030303030303030307,1,0.07042253521126761,0.07042253521126761,0.07042253521126761,nan,nan
cameo_hard__9deg_A,2,415,True,138,138,6,0.043478260869565216,0.04225352112676056,0.04285714285714286,16,4,0.25,0.15384615384615385,0.1904761904761905,27,1,0.037037037037037035,0.043478260869565216,0.039999999999999994,95,1,0.010526315789473684,0.010752688172043012,0.010638297872340425,1,0.04285714285714286,0.04285714285714286,0.04285714285714286,nan,nan
cameo_hard__9deg_A,3,406,True,135,135,14,0.1037037037037037,0.09859154929577464,0.10108303249097472,25,8,0.32,0.3076923076923077,0.3137254901960784,31,3,0.0967741935483871,0.13043478260869565,0.1111111111111111,79,3,0.0379746835443038,0.03225806451612903,0.03488372093023256,1,0.10108303249097472,0.10108303249097472,0.10108303249097472,nan,nan
cameo_hard__9emy_B,0,1381,True,460,460,35,0.07608695652173914,0.07625272331154684,0.07616974972796518,56,16,0.2857142857142857,0.23529411764705882,0.2580645161290323,55,8,0.14545454545454545,0.1038961038961039,0.12121212121212122,349,11,0.03151862464183381,0.03503184713375796,0.033182503770739065,1,0.07616974972796518,0.07616974972796518,0.07616974972796518,nan,nan
cameo_hard__9emy_B,1,1756,True,583,583,32,0.0548885077186964,0.06971677559912855,0.06142034548944338,74,10,0.13513513513513514,0.14705882352941177,0.14084507042253522,100,6,0.06,0.07792207792207792,0.06779661016949153,409,16,0.039119804400977995,0.050955414012738856,0.04426002766251729,1,0.06142034548944338,0.06142034548944338,0.06142034548944338,nan,nan
cameo_hard__9emy_B,2,1360,True,453,453,17,0.037527593818984545,0.037037037037037035,0.03728070175438596,79,6,0.0759493670886076,0.08823529411764706,0.0816326530612245,102,5,0.049019607843137254,0.06493506493506493,0.0558659217877095,272,6,0.022058823529411766,0.01910828025477707,0.020477815699658702,1,0.03728070175438596,0.03728070175438596,0.03728070175438596,nan,nan
cameo_hard__9emy_B,3,1744,True,580,580,28,0.04827586206896552,0.06100217864923747,0.05389797882579403,77,8,0.1038961038961039,0.11764705882352941,0.1103448275862069,91,10,0.10989010989010989,0.12987012987012986,0.11904761904761904,412,10,0.024271844660194174,0.03184713375796178,0.027548209366391185,1,0.05389797882579403,0.05389797882579403,0.05389797882579403,nan,nan
cameo_hard__9eum_A,0,352,True,117,117,16,0.13675213675213677,0.11594202898550725,0.12549019607843137,26,2,0.07692307692307693,0.1,0.08695652173913043,36,11,0.3055555555555556,0.3055555555555556,0.3055555555555556,55,3,0.05454545454545454,0.036585365853658534,0.043795620437956206,1,0.12549019607843137,0.12549019607843137,0.12549019607843137,nan,nan
cameo_hard__9eum_A,1,403,True,133,133,6,0.045112781954887216,0.043478260869565216,0.04428044280442805,26,3,0.11538461538461539,0.15,0.13043478260869565,26,1,0.038461538461538464,0.027777777777777776,0.03225806451612904,81,2,0.024691358024691357,0.024390243902439025,0.024539877300613498,1,0.04428044280442805,0.04428044280442805,0.04428044280442805,nan,nan
cameo_hard__9eum_A,2,538,True,179,179,3,0.01675977653631285,0.021739130434782608,0.01892744479495268,28,1,0.03571428571428571,0.05,0.041666666666666664,33,0,0.0,0.0,0.0,118,2,0.01694915254237288,0.024390243902439025,0.02,1,0.01892744479495268,0.01892744479495268,0.01892744479495268,nan,nan
cameo_hard__9eum_A,3,481,True,160,160,12,0.075,0.08695652173913043,0.08053691275167785,20,1,0.05,0.05,0.05000000000000001,42,7,0.16666666666666666,0.19444444444444445,0.1794871794871795,98,4,0.04081632653061224,0.04878048780487805,0.04444444444444444,1,0.08053691275167785,0.08053691275167785,0.08053691275167785,nan,nan
cameo_hard__9fdg_A,0,550,True,183,183,60,0.32786885245901637,0.40540540540540543,0.36253776435045315,44,21,0.4772727272727273,0.5,0.48837209302325585,75,27,0.36,0.47368421052631576,0.40909090909090906,64,12,0.1875,0.24489795918367346,0.21238938053097342,1,0.36253776435045315,0.36253776435045315,0.36253776435045315,nan,nan
cameo_hard__9fdg_A,1,400,True,133,133,49,0.3684210526315789,0.3310810810810811,0.3487544483985765,38,16,0.42105263157894735,0.38095238095238093,0.4,65,25,0.38461538461538464,0.43859649122807015,0.4098360655737705,30,8,0.26666666666666666,0.16326530612244897,0.20253164556962022,1,0.3487544483985765,0.3487544483985765,0.3487544483985765,nan,nan
cameo_hard__9fdg_A,2,439,True,146,146,48,0.3287671232876712,0.32432432432432434,0.326530612244898,35,14,0.4,0.3333333333333333,0.3636363636363636,62,24,0.3870967741935484,0.42105263157894735,0.4033613445378151,49,10,0.20408163265306123,0.20408163265306123,0.20408163265306123,1,0.326530612244898,0.326530612244898,0.326530612244898,nan,nan
cameo_hard__9fdg_A,3,481,True,160,160,70,0.4375,0.47297297297297297,0.45454545454545453,46,25,0.5434782608695652,0.5952380952380952,0.5681818181818181,72,35,0.4861111111111111,0.6140350877192983,0.5426356589147286,42,10,0.23809523809523808,0.20408163265306123,0.21978021978021978,1,0.45454545454545453,0.45454545454545453,0.45454545454545453,nan,nan
cameo_hard__9had_C,0,268,True,89,89,7,0.07865168539325842,0.07291666666666667,0.07567567567567568,14,0,0.0,0.0,0.0,23,2,0.08695652173913043,0.09523809523809523,0.0909090909090909,52,5,0.09615384615384616,0.07692307692307693,0.08547008547008547,1,0.07567567567567568,0.07567567567567568,0.07567567567567568,nan,nan
cameo_hard__9had_C,1,154,True,51,51,9,0.17647058823529413,0.09375,0.12244897959183672,6,2,0.3333333333333333,0.2,0.25,14,1,0.07142857142857142,0.047619047619047616,0.057142857142857134,31,6,0.1935483870967742,0.09230769230769231,0.125,1,0.12244897959183672,0.12244897959183672,0.12244897959183672,nan,nan
cameo_hard__9had_C,2,121,True,40,40,8,0.2,0.08333333333333333,0.11764705882352941,7,2,0.2857142857142857,0.2,0.23529411764705882,0,0,0.0,0.0,0.0,33,6,0.18181818181818182,0.09230769230769231,0.12244897959183673,1,0.11764705882352941,0.11764705882352941,0.11764705882352941,nan,nan
cameo_hard__9had_C,3,271,True,90,90,5,0.05555555555555555,0.052083333333333336,0.05376344086021505,6,0,0.0,0.0,0.0,9,1,0.1111111111111111,0.047619047619047616,0.06666666666666667,75,4,0.05333333333333334,0.06153846153846154,0.05714285714285714,1,0.05376344086021505,0.05376344086021505,0.05376344086021505,nan,nan
cameo_hard__9j46_F,0,160,True,53,53,4,0.07547169811320754,0.042105263157894736,0.05405405405405405,17,2,0.11764705882352941,0.16666666666666666,0.13793103448275862,20,1,0.05,0.08333333333333333,0.0625,16,1,0.0625,0.014084507042253521,0.02298850574712644,1,0.05405405405405405,0.05405405405405405,0.05405405405405405,nan,nan
cameo_hard__9j46_F,1,169,True,56,56,2,0.03571428571428571,0.021052631578947368,0.026490066225165563,12,2,0.16666666666666666,0.16666666666666666,0.16666666666666666,22,0,0.0,0.0,0.0,22,0,0.0,0.0,0.0,1,0.026490066225165563,0.026490066225165563,0.026490066225165563,nan,nan
cameo_hard__9j46_F,2,193,True,64,64,4,0.0625,0.042105263157894736,0.050314465408805034,17,2,0.11764705882352941,0.16666666666666666,0.13793103448275862,17,2,0.11764705882352941,0.16666666666666666,0.13793103448275862,30,0,0.0,0.0,0.0,1,0.050314465408805034,0.050314465408805034,0.050314465408805034,nan,nan
cameo_hard__9j46_F,3,283,True,94,94,6,0.06382978723404255,0.06315789473684211,0.06349206349206349,23,1,0.043478260869565216,0.08333333333333333,0.057142857142857134,39,3,0.07692307692307693,0.25,0.11764705882352941,32,2,0.0625,0.028169014084507043,0.038834951456310676,1,0.06349206349206349,0.06349206349206349,0.06349206349206349,nan,nan
cameo_hard__9k3e_C,0,352,True,117,117,16,0.13675213675213677,0.13793103448275862,0.13733905579399142,20,7,0.35,0.3684210526315789,0.358974358974359,35,8,0.22857142857142856,0.23529411764705882,0.23188405797101447,62,1,0.016129032258064516,0.015873015873015872,0.016,1,0.13733905579399142,0.13733905579399142,0.13733905579399142,nan,nan
cameo_hard__9k3e_C,1,340,True,113,113,4,0.035398230088495575,0.034482758620689655,0.034934497816593885,29,1,0.034482758620689655,0.05263157894736842,0.041666666666666664,29,1,0.034482758620689655,0.029411764705882353,0.03174603174603175,55,2,0.03636363636363636,0.031746031746031744,0.033898305084745756,1,0.034934497816593885,0.034934497816593885,0.034934497816593885,nan,nan
cameo_hard__9k3e_C,2,226,True,75,75,5,0.06666666666666667,0.04310344827586207,0.05235602094240838,14,1,0.07142857142857142,0.05263157894736842,0.06060606060606061,19,1,0.05263157894736842,0.029411764705882353,0.03773584905660377,42,3,0.07142857142857142,0.047619047619047616,0.057142857142857134,1,0.05235602094240838,0.05235602094240838,0.05235602094240838,nan,nan
cameo_hard__9k3e_C,3,355,True,118,118,6,0.05084745762711865,0.05172413793103448,0.05128205128205129,11,0,0.0,0.0,0.0,22,2,0.09090909090909091,0.058823529411764705,0.07142857142857142,85,4,0.047058823529411764,0.06349206349206349,0.05405405405405405,1,0.05128205128205129,0.05128205128205129,0.05128205128205129,nan,nan
casp_fm__T1029-D1,0,217,True,72,72,5,0.06944444444444445,0.05434782608695652,0.06097560975609756,16,3,0.1875,0.15789473684210525,0.17142857142857143,18,1,0.05555555555555555,0.03125,0.04,38,1,0.02631578947368421,0.024390243902439025,0.02531645569620253,1,0.06097560975609756,0.06097560975609756,0.06097560975609756,nan,nan
casp_fm__T1029-D1,1,388,True,129,129,11,0.08527131782945736,0.11956521739130435,0.09954751131221719,24,7,0.2916666666666667,0.3684210526315789,0.32558139534883723,32,3,0.09375,0.09375,0.09375,73,1,0.0136986301369863,0.024390243902439025,0.017543859649122806,1,0.09954751131221719,0.09954751131221719,0.09954751131221719,nan,nan
casp_fm__T1029-D1,2,274,True,91,91,4,0.04395604395604396,0.043478260869565216,0.04371584699453552,17,1,0.058823529411764705,0.05263157894736842,0.05555555555555555,21,2,0.09523809523809523,0.0625,0.07547169811320754,53,1,0.018867924528301886,0.024390243902439025,0.02127659574468085,1,0.04371584699453552,0.04371584699453552,0.04371584699453552,nan,nan
casp_fm__T1029-D1,3,274,True,91,91,9,0.0989010989010989,0.09782608695652174,0.09836065573770492,20,5,0.25,0.2631578947368421,0.25641025641025644,17,3,0.17647058823529413,0.09375,0.12244897959183672,54,1,0.018518518518518517,0.024390243902439025,0.021052631578947368,1,0.09836065573770492,0.09836065573770492,0.09836065573770492,nan,nan
casp_fm__T1033-D1,0,157,True,52,52,2,0.038461538461538464,0.024096385542168676,0.029629629629629634,12,0,0.0,0.0,0.0,11,1,0.09090909090909091,0.05,0.06451612903225806,29,1,0.034482758620689655,0.017857142857142856,0.023529411764705882,1,0.029629629629629634,0.029629629629629634,0.029629629629629634,nan,nan
casp_fm__T1033-D1,1,223,True,74,74,4,0.05405405405405406,0.04819277108433735,0.050955414012738856,6,0,0.0,0.0,0.0,23,2,0.08695652173913043,0.1,0.09302325581395349,45,2,0.044444444444444446,0.03571428571428571,0.039603960396039604,1,0.050955414012738856,0.050955414012738856,0.050955414012738856,nan,nan
casp_fm__T1033-D1,2,235,True,78,78,6,0.07692307692307693,0.07228915662650602,0.07453416149068322,15,3,0.2,0.42857142857142855,0.27272727272727276,12,0,0.0,0.0,0.0,51,3,0.058823529411764705,0.05357142857142857,0.056074766355140186,1,0.07453416149068322,0.07453416149068322,0.07453416149068322,nan,nan
casp_fm__T1033-D1,3,238,True,79,79,5,0.06329113924050633,0.060240963855421686,0.06172839506172839,12,2,0.16666666666666666,0.2857142857142857,0.2105263157894737,15,0,0.0,0.0,0.0,52,3,0.057692307692307696,0.05357142857142857,0.05555555555555556,1,0.06172839506172839,0.06172839506172839,0.06172839506172839,nan,nan
casp_fm__T1037-D1,0,985,True,328,328,12,0.036585365853658534,0.029556650246305417,0.0326975476839237,55,8,0.14545454545454545,0.14285714285714285,0.14414414414414412,52,3,0.057692307692307696,0.037037037037037035,0.04511278195488722,221,1,0.004524886877828055,0.0037174721189591076,0.004081632653061225,1,0.0326975476839237,0.0326975476839237,0.0326975476839237,nan,nan
casp_fm__T1037-D1,1,1417,True,472,472,14,0.029661016949152543,0.034482758620689655,0.03189066059225512,59,9,0.15254237288135594,0.16071428571428573,0.1565217391304348,82,2,0.024390243902439025,0.024691358024691357,0.024539877300613498,331,3,0.00906344410876133,0.011152416356877323,0.01,1,0.03189066059225512,0.03189066059225512,0.03189066059225512,nan,nan
casp_fm__T1037-D1,2,1324,True,441,441,22,0.049886621315192746,0.054187192118226604,0.05194805194805196,51,4,0.0784313725490196,0.07142857142857142,0.07476635514018691,77,9,0.11688311688311688,0.1111111111111111,0.1139240506329114,313,9,0.02875399361022364,0.03345724907063197,0.03092783505154639,1,0.05194805194805196,0.05194805194805196,0.05194805194805196,nan,nan
casp_fm__T1037-D1,3,883,True,294,294,17,0.05782312925170068,0.04187192118226601,0.04857142857142857,52,11,0.21153846153846154,0.19642857142857142,0.2037037037037037,66,3,0.045454545454545456,0.037037037037037035,0.04081632653061224,176,3,0.017045454545454544,0.011152416356877323,0.013483146067415729,1,0.04857142857142857,0.04857142857142857,0.04857142857142857,nan,nan
casp_fm__T1038-D2,0,202,True,67,67,12,0.1791044776119403,0.2,0.1889763779527559,15,4,0.26666666666666666,0.3076923076923077,0.28571428571428575,24,2,0.08333333333333333,0.09090909090909091,0.08695652173913043,28,6,0.21428571428571427,0.24,0.2264150943396226,1,0.1889763779527559,0.1889763779527559,0.1889763779527559,nan,nan
casp_fm__T1038-D2,1,106,True,35,35,1,0.02857142857142857,0.016666666666666666,0.021052631578947368,11,0,0.0,0.0,0.0,7,0,0.0,0.0,0.0,17,1,0.058823529411764705,0.04,0.04761904761904763,1,0.021052631578947368,0.021052631578947368,0.021052631578947368,nan,nan
casp_fm__T1038-D2,2,190,True,63,63,4,0.06349206349206349,0.06666666666666667,0.06504065040650407,14,1,0.07142857142857142,0.07692307692307693,0.07407407407407408,22,1,0.045454545454545456,0.045454545454545456,0.045454545454545456,27,2,0.07407407407407407,0.08,0.07692307692307691,1,0.06504065040650407,0.06504065040650407,0.06504065040650407,nan,nan
casp_fm__T1038-D2,3,205,True,68,68,3,0.04411764705882353,0.05,0.04687500000000001,8,3,0.375,0.23076923076923078,0.2857142857142857,21,0,0.0,0.0,0.0,39,0,0.0,0.0,0.0,1,0.04687500000000001,0.04687500000000001,0.04687500000000001,nan,nan
casp_fm__T1040-D1,0,130,True,43,43,1,0.023255813953488372,0.012658227848101266,0.01639344262295082,11,1,0.09090909090909091,0.07692307692307693,0.08333333333333334,12,0,0.0,0.0,0.0,20,0,0.0,0.0,0.0,1,0.01639344262295082,0.01639344262295082,0.01639344262295082,nan,nan
casp_fm__T1040-D1,1,142,True,47,47,1,0.02127659574468085,0.012658227848101266,0.015873015873015872,9,1,0.1111111111111111,0.07692307692307693,0.09090909090909093,13,0,0.0,0.0,0.0,25,0,0.0,0.0,0.0,1,0.015873015873015872,0.015873015873015872,0.015873015873015872,nan,nan
casp_fm__T1040-D1,2,202,True,67,67,4,0.05970149253731343,0.05063291139240506,0.0547945205479452,18,0,0.0,0.0,0.0,10,0,0.0,0.0,0.0,39,4,0.10256410256410256,0.07272727272727272,0.0851063829787234,1,0.0547945205479452,0.0547945205479452,0.0547945205479452,nan,nan
casp_fm__T1040-D1,3,283,True,94,94,3,0.031914893617021274,0.0379746835443038,0.034682080924855495,15,1,0.06666666666666667,0.07692307692307693,0.07142857142857144,10,0,0.0,0.0,0.0,69,2,0.028985507246376812,0.03636363636363636,0.03225806451612903,1,0.034682080924855495,0.034682080924855495,0.034682080924855495,nan,nan
casp_fm__T1042-D1,0,706,True,235,235,5,0.02127659574468085,0.023809523809523808,0.022471910112359546,45,5,0.1111111111111111,0.14705882352941177,0.12658227848101267,37,0,0.0,0.0,0.0,153,0,0.0,0.0,0.0,1,0.022471910112359546,0.022471910112359546,0.022471910112359546,nan,nan
casp_fm__T1042-D1,1,460,True,153,153,6,0.0392156862745098,0.02857142857142857,0.03305785123966942,38,4,0.10526315789473684,0.11764705882352941,0.1111111111111111,43,0,0.0,0.0,0.0,72,2,0.027777777777777776,0.013605442176870748,0.0182648401826484,1,0.03305785123966942,0.03305785123966942,0.03305785123966942,nan,nan
casp_fm__T1042-D1,2,835,True,278,278,13,0.046762589928057555,0.06190476190476191,0.05327868852459017,52,7,0.1346153846153846,0.20588235294117646,0.1627906976744186,48,2,0.041666666666666664,0.06896551724137931,0.05194805194805195,178,4,0.02247191011235955,0.027210884353741496,0.024615384615384615,1,0.05327868852459017,0.05327868852459017,0.05327868852459017,nan,nan
casp_fm__T1042-D1,3,691,True,229,229,3,0.013100436681222707,0.014285714285714285,0.013667425968109338,25,1,0.04,0.029411764705882353,0.03389830508474576,50,1,0.02,0.034482758620689655,0.02531645569620253,154,1,0.006493506493506494,0.006802721088435374,0.006644518272425249,1,0.013667425968109338,0.013667425968109338,0.013667425968109338,nan,nan
casp_fm__T1049-D1,0,313,True,104,104,3,0.028846153846153848,0.023622047244094488,0.025974025974025976,16,0,0.0,0.0,0.0,26,0,0.0,0.0,0.0,62,3,0.04838709677419355,0.03260869565217391,0.03896103896103897,1,0.025974025974025976,0.025974025974025976,0.025974025974025976,nan,nan
casp_fm__T1049-D1,1,388,True,129,129,7,0.05426356589147287,0.05511811023622047,0.0546875,23,2,0.08695652173913043,0.2,0.12121212121212122,35,0,0.0,0.0,0.0,71,5,0.07042253521126761,0.05434782608695652,0.061349693251533735,1,0.0546875,0.0546875,0.0546875,nan,nan
casp_fm__T1049-D1,2,271,True,90,90,3,0.03333333333333333,0.023622047244094488,0.027649769585253458,11,0,0.0,0.0,0.0,20,1,0.05,0.04,0.044444444444444446,59,2,0.03389830508474576,0.021739130434782608,0.026490066225165563,1,0.027649769585253458,0.027649769585253458,0.027649769585253458,nan,nan
casp_fm__T1049-D1,3,214,True,71,71,4,0.056338028169014086,0.031496062992125984,0.0404040404040404,16,0,0.0,0.0,0.0,22,1,0.045454545454545456,0.04,0.0425531914893617,33,3,0.09090909090909091,0.03260869565217391,0.047999999999999994,1,0.0404040404040404,0.0404040404040404,0.0404040404040404,nan,nan
casp_fm__T1112-D1,0,1372,True,457,457,39,0.08533916849015317,0.0960591133004926,0.09038238702201622,60,7,0.11666666666666667,0.21875,0.15217391304347824,100,7,0.07,0.14583333333333334,0.0945945945945946,297,25,0.08417508417508418,0.07668711656441718,0.08025682182985554,1,0.09038238702201622,0.09038238702201622,0.09038238702201622,nan,nan
casp_fm__T1112-D1,1,1468,True,488,488,21,0.0430327868852459,0.05172413793103448,0.046979865771812075,58,5,0.08620689655172414,0.15625,0.11111111111111112,96,3,0.03125,0.0625,0.041666666666666664,334,13,0.038922155688622756,0.03987730061349693,0.0393939393939394,1,0.046979865771812075,0.046979865771812075,0.046979865771812075,nan,nan
casp_fm__T1112-D1,2,1240,True,413,413,28,0.06779661016949153,0.06896551724137931,0.06837606837606837,59,6,0.1016949152542373,0.1875,0.13186813186813187,68,5,0.07352941176470588,0.10416666666666667,0.08620689655172414,286,17,0.05944055944055944,0.05214723926380368,0.05555555555555555,1,0.06837606837606837,0.06837606837606837,0.06837606837606837,nan,nan
casp_fm__T1112-D1,3,1678,True,559,559,24,0.04293381037567084,0.059113300492610835,0.04974093264248705,70,3,0.04285714285714286,0.09375,0.05882352941176469,95,3,0.031578947368421054,0.0625,0.04195804195804196,394,18,0.04568527918781726,0.05521472392638037,0.049999999999999996,1,0.04974093264248705,0.04974093264248705,0.04974093264248705,nan,nan
casp_fm__T1120-D1,0,208,True,69,69,4,0.057971014492753624,0.06153846153846154,0.05970149253731343,9,4,0.4444444444444444,0.16666666666666666,0.24242424242424243,5,0,0.0,0.0,0.0,55,0,0.0,0.0,0.0,1,0.05970149253731343,0.05970149253731343,0.05970149253731343,nan,nan
casp_fm__T1120-D1,1,202,True,67,67,3,0.04477611940298507,0.046153846153846156,0.045454545454545456,13,2,0.15384615384615385,0.08333333333333333,0.10810810810810811,20,1,0.05,0.1,0.06666666666666667,34,0,0.0,0.0,0.0,1,0.045454545454545456,0.045454545454545456,0.045454545454545456,nan,nan
casp_fm__T1120-D1,2,244,True,81,81,8,0.09876543209876543,0.12307692307692308,0.1095890410958904,20,7,0.35,0.2916666666666667,0.31818181818181823,20,1,0.05,0.1,0.06666666666666667,41,0,0.0,0.0,0.0,1,0.1095890410958904,0.1095890410958904,0.1095890410958904,nan,nan
casp_fm__T1120-D1,3,259,True,86,86,7,0.08139534883720931,0.1076923076923077,0.09271523178807947,21,7,0.3333333333333333,0.2916666666666667,0.3111111111111111,19,0,0.0,0.0,0.0,46,0,0.0,0.0,0.0,1,0.09271523178807947,0.09271523178807947,0.09271523178807947,nan,nan
casp_fm__T1121-D1,0,430,True,143,143,8,0.055944055944055944,0.05128205128205128,0.05351170568561873,33,4,0.12121212121212122,0.10810810810810811,0.11428571428571428,21,2,0.09523809523809523,0.06896551724137931,0.08,89,2,0.02247191011235955,0.022222222222222223,0.022346368715083796,1,0.05351170568561873,0.05351170568561873,0.05351170568561873,nan,nan
casp_fm__T1121-D1,1,622,True,207,207,3,0.014492753623188406,0.019230769230769232,0.016528925619834708,21,2,0.09523809523809523,0.05405405405405406,0.06896551724137931,11,1,0.09090909090909091,0.034482758620689655,0.05,175,0,0.0,0.0,0.0,1,0.016528925619834708,0.016528925619834708,0.016528925619834708,nan,nan
casp_fm__T1121-D1,2,382,True,127,127,4,0.031496062992125984,0.02564102564102564,0.028268551236749116,14,3,0.21428571428571427,0.08108108108108109,0.11764705882352942,16,0,0.0,0.0,0.0,97,1,0.010309278350515464,0.011111111111111112,0.0106951871657754,1,0.028268551236749116,0.028268551236749116,0.028268551236749116,nan,nan
casp_fm__T1121-D1,3,307,True,102,102,9,0.08823529411764706,0.057692307692307696,0.06976744186046513,28,8,0.2857142857142857,0.21621621621621623,0.24615384615384617,20,1,0.05,0.034482758620689655,0.04081632653061224,54,0,0.0,0.0,0.0,1,0.06976744186046513,0.06976744186046513,0.06976744186046513,nan,nan
casp_fm__T1123-D1,0,535,True,178,178,6,0.033707865168539325,0.024193548387096774,0.028169014084507043,24,1,0.041666666666666664,0.037037037037037035,0.03921568627450981,33,1,0.030303030303030304,0.02702702702702703,0.02857142857142857,121,4,0.03305785123966942,0.021739130434782608,0.02622950819672131,1,0.028169014084507043,0.028169014084507043,0.028169014084507043,nan,nan
casp_fm__T1123-D1,1,529,True,176,176,9,0.05113636363636364,0.036290322580645164,0.04245283018867925,29,6,0.20689655172413793,0.2222222222222222,0.2142857142857143,68,2,0.029411764705882353,0.05405405405405406,0.03809523809523809,79,1,0.012658227848101266,0.005434782608695652,0.007604562737642585,1,0.04245283018867925,0.04245283018867925,0.04245283018867925,nan,nan
casp_fm__T1123-D1,2,622,True,207,207,5,0.024154589371980676,0.020161290322580645,0.02197802197802198,35,2,0.05714285714285714,0.07407407407407407,0.06451612903225806,61,2,0.03278688524590164,0.05405405405405406,0.04081632653061224,111,1,0.009009009009009009,0.005434782608695652,0.006779661016949152,1,0.02197802197802198,0.02197802197802198,0.02197802197802198,nan,nan
casp_fm__T1123-D1,3,523,True,174,174,5,0.028735632183908046,0.020161290322580645,0.023696682464454975,20,0,0.0,0.0,0.0,26,0,0.0,0.0,0.0,128,5,0.0390625,0.02717391304347826,0.03205128205128205,1,0.023696682464454975,0.023696682464454975,0.023696682464454975,nan,nan
casp_fm__T1125-D2,0,358,True,119,119,9,0.07563025210084033,0.06569343065693431,0.07031250000000001,23,2,0.08695652173913043,0.1111111111111111,0.0975609756097561,16,2,0.125,0.14285714285714285,0.13333333333333333,80,5,0.0625,0.047619047619047616,0.05405405405405405,1,0.07031250000000001,0.07031250000000001,0.07031250000000001,nan,nan
casp_fm__T1125-D2,1,175,True,58,58,3,0.05172413793103448,0.021897810218978103,0.030769230769230774,19,3,0.15789473684210525,0.16666666666666666,0.16216216216216214,24,0,0.0,0.0,0.0,15,0,0.0,0.0,0.0,1,0.030769230769230774,0.030769230769230774,0.030769230769230774,nan,nan
casp_fm__T1125-D2,2,367,True,122,122,8,0.06557377049180328,0.058394160583941604,0.06177606177606178,20,2,0.1,0.1111111111111111,0.10526315789473685,22,2,0.09090909090909091,0.14285714285714285,0.1111111111111111,80,4,0.05,0.0380952380952381,0.043243243243243246,1,0.06177606177606178,0.06177606177606178,0.06177606177606178,nan,nan
casp_fm__T1125-D2,3,349,True,116,116,8,0.06896551724137931,0.058394160583941604,0.06324110671936757,31,5,0.16129032258064516,0.2777777777777778,0.20408163265306123,19,2,0.10526315789473684,0.14285714285714285,0.12121212121212122,66,1,0.015151515151515152,0.009523809523809525,0.011695906432748539,1,0.06324110671936757,0.06324110671936757,0.06324110671936757,nan,nan
casp_fm__T1125-D5,0,283,True,94,94,4,0.0425531914893617,0.043010752688172046,0.04278074866310161,19,2,0.10526315789473684,0.1111111111111111,0.10810810810810811,14,0,0.0,0.0,0.0,61,2,0.03278688524590164,0.03773584905660377,0.03508771929824562,1,0.04278074866310161,0.04278074866310161,0.04278074866310161,nan,nan
casp_fm__T1125-D5,1,334,True,111,111,16,0.14414414414414414,0.17204301075268819,0.1568627450980392,19,9,0.47368421052631576,0.5,0.4864864864864865,34,5,0.14705882352941177,0.22727272727272727,0.17857142857142858,58,2,0.034482758620689655,0.03773584905660377,0.03603603603603603,1,0.1568627450980392,0.1568627450980392,0.1568627450980392,nan,nan
casp_fm__T1125-D5,2,370,True,123,123,16,0.13008130081300814,0.17204301075268819,0.14814814814814817,27,8,0.2962962962962963,0.4444444444444444,0.3555555555555555,26,7,0.2692307692307692,0.3181818181818182,0.2916666666666667,70,1,0.014285714285714285,0.018867924528301886,0.016260162601626015,1,0.14814814814814817,0.14814814814814817,0.14814814814814817,nan,nan
casp_fm__T1125-D5,3,358,True,119,119,22,0.18487394957983194,0.23655913978494625,0.20754716981132076,21,8,0.38095238095238093,0.4444444444444444,0.41025641025641024,29,7,0.2413793103448276,0.3181818181818182,0.27450980392156865,69,7,0.10144927536231885,0.1320754716981132,0.11475409836065574,1,0.20754716981132076,0.20754716981132076,0.20754716981132076,nan,nan
denovo_pdb__1qys_A,0,232,True,77,77,42,0.5454545454545454,0.5526315789473685,0.5490196078431372,12,8,0.6666666666666666,0.6666666666666666,0.6666666666666666,20,14,0.7,0.7777777777777778,0.7368421052631577,45,20,0.4444444444444444,0.43478260869565216,0.4395604395604396,1,0.5490196078431372,0.5490196078431372,0.5490196078431372,nan,nan
denovo_pdb__1qys_A,1,232,True,77,77,24,0.3116883116883117,0.3157894736842105,0.3137254901960784,14,9,0.6428571428571429,0.75,0.6923076923076924,18,6,0.3333333333333333,0.3333333333333333,0.3333333333333333,45,9,0.2,0.1956521739130435,0.1978021978021978,1,0.3137254901960784,0.3137254901960784,0.3137254901960784,nan,nan
denovo_pdb__1qys_A,2,229,True,76,76,22,0.2894736842105263,0.2894736842105263,0.2894736842105263,15,8,0.5333333333333333,0.6666666666666666,0.5925925925925926,14,6,0.42857142857142855,0.3333333333333333,0.375,47,8,0.1702127659574468,0.17391304347826086,0.17204301075268816,1,0.2894736842105263,0.2894736842105263,0.2894736842105263,nan,nan
denovo_pdb__1qys_A,3,202,True,67,67,29,0.43283582089552236,0.3815789473684211,0.4055944055944056,12,7,0.5833333333333334,0.5833333333333334,0.5833333333333334,19,9,0.47368421052631576,0.5,0.4864864864864865,36,13,0.3611111111111111,0.2826086956521739,0.3170731707317073,1,0.4055944055944056,0.4055944055944056,0.4055944055944056,nan,nan
denovo_pdb__2af5_A,0,763,True,254,254,24,0.09448818897637795,0.09561752988047809,0.09504950495049504,58,12,0.20689655172413793,0.13793103448275862,0.16551724137931034,59,11,0.1864406779661017,0.09090909090909091,0.12222222222222223,137,1,0.0072992700729927005,0.023255813953488372,0.011111111111111112,1,0.09504950495049504,0.09504950495049504,0.09504950495049504,nan,nan
denovo_pdb__2af5_A,1,1171,True,390,390,37,0.09487179487179487,0.14741035856573706,0.11544461778471138,57,15,0.2631578947368421,0.1724137931034483,0.20833333333333334,101,15,0.1485148514851485,0.12396694214876033,0.13513513513513514,232,7,0.03017241379310345,0.16279069767441862,0.05090909090909091,1,0.11544461778471138,0.11544461778471138,0.11544461778471138,nan,nan
denovo_pdb__2af5_A,2,1012,True,337,337,29,0.08605341246290801,0.11553784860557768,0.09863945578231292,55,16,0.2909090909090909,0.1839080459770115,0.22535211267605632,79,11,0.13924050632911392,0.09090909090909091,0.11,203,2,0.009852216748768473,0.046511627906976744,0.016260162601626015,1,0.09863945578231292,0.09863945578231292,0.09863945578231292,nan,nan
denovo_pdb__2af5_A,3,658,True,219,219,13,0.0593607305936073,0.05179282868525897,0.05531914893617021,42,5,0.11904761904761904,0.05747126436781609,0.07751937984496124,60,7,0.11666666666666667,0.05785123966942149,0.07734806629834254,117,1,0.008547008547008548,0.023255813953488372,0.012500000000000002,1,0.05531914893617021,0.05531914893617021,0.05531914893617021,nan,nan
denovo_pdb__2fkg_A,0,1081,True,360,360,47,0.13055555555555556,0.17216117216117216,0.1484992101105845,81,26,0.32098765432098764,0.2708333333333333,0.29378531073446323,113,19,0.168141592920354,0.1484375,0.15767634854771784,166,2,0.012048192771084338,0.04081632653061224,0.018604651162790697,1,0.1484992101105845,0.1484992101105845,0.1484992101105845,nan,nan
denovo_pdb__2fkg_A,1,895,True,297,297,54,0.18181818181818182,0.1978021978021978,0.1894736842105263,99,32,0.32323232323232326,0.3333333333333333,0.3282051282051282,129,18,0.13953488372093023,0.140625,0.14007782101167315,69,4,0.057971014492753624,0.08163265306122448,0.06779661016949153,1,0.1894736842105263,0.1894736842105263,0.1894736842105263,nan,nan
denovo_pdb__2fkg_A,2,808,True,269,269,39,0.1449814126394052,0.14285714285714285,0.14391143911439114,87,14,0.16091954022988506,0.14583333333333334,0.15300546448087432,164,23,0.1402439024390244,0.1796875,0.15753424657534248,18,2,0.1111111111111111,0.04081632653061224,0.05970149253731343,1,0.14391143911439114,0.14391143911439114,0.14391143911439114,nan,nan
denovo_pdb__2fkg_A,3,844,True,281,281,44,0.15658362989323843,0.16117216117216118,0.15884476534296027,54,22,0.4074074074074074,0.22916666666666666,0.2933333333333333,98,20,0.20408163265306123,0.15625,0.17699115044247787,129,2,0.015503875968992248,0.04081632653061224,0.02247191011235955,1,0.15884476534296027,0.15884476534296027,0.15884476534296027,nan,nan
denovo_pdb__2hkd_A,0,823,True,274,274,27,0.09854014598540146,0.0989010989010989,0.09872029250457039,68,17,0.25,0.1827956989247312,0.2111801242236025,79,6,0.0759493670886076,0.045454545454545456,0.05687203791469195,127,4,0.031496062992125984,0.08333333333333333,0.045714285714285714,1,0.09872029250457039,0.09872029250457039,0.09872029250457039,nan,nan
denovo_pdb__2hkd_A,1,877,True,292,292,42,0.14383561643835616,0.15384615384615385,0.1486725663716814,55,19,0.34545454545454546,0.20430107526881722,0.25675675675675674,84,19,0.2261904761904762,0.14393939393939395,0.17592592592592596,153,4,0.026143790849673203,0.08333333333333333,0.03980099502487562,1,0.1486725663716814,0.1486725663716814,0.1486725663716814,nan,nan
denovo_pdb__2hkd_A,2,1039,True,346,346,28,0.08092485549132948,0.10256410256410256,0.09046849757673667,72,14,0.19444444444444445,0.15053763440860216,0.16969696969696968,115,14,0.12173913043478261,0.10606060606060606,0.11336032388663968,159,0,0.0,0.0,0.0,1,0.09046849757673667,0.09046849757673667,0.09046849757673667,nan,nan
denovo_pdb__2hkd_A,3,748,True,249,249,41,0.1646586345381526,0.15018315018315018,0.157088122605364,73,25,0.3424657534246575,0.26881720430107525,0.30120481927710835,123,15,0.12195121951219512,0.11363636363636363,0.1176470588235294,53,1,0.018867924528301886,0.020833333333333332,0.019801980198019802,1,0.157088122605364,0.157088122605364,0.157088122605364,nan,nan
denovo_pdb__2i5v_O,0,592,True,197,197,22,0.1116751269035533,0.1073170731707317,0.10945273631840796,35,12,0.34285714285714286,0.17647058823529413,0.23300970873786409,57,9,0.15789473684210525,0.0967741935483871,0.12000000000000001,105,1,0.009523809523809525,0.022727272727272728,0.01342281879194631,1,0.10945273631840796,0.10945273631840796,0.10945273631840796,nan,nan
denovo_pdb__2i5v_O,1,829,True,276,276,30,0.10869565217391304,0.14634146341463414,0.12474012474012472,42,11,0.2619047619047619,0.16176470588235295,0.19999999999999998,59,11,0.1864406779661017,0.11827956989247312,0.14473684210526316,175,8,0.045714285714285714,0.18181818181818182,0.0730593607305936,1,0.12474012474012472,0.12474012474012472,0.12474012474012472,nan,nan
denovo_pdb__2i5v_O,2,685,True,228,228,17,0.07456140350877193,0.08292682926829269,0.07852193995381063,42,9,0.21428571428571427,0.1323529411764706,0.16363636363636364,50,6,0.12,0.06451612903225806,0.0839160839160839,136,2,0.014705882352941176,0.045454545454545456,0.02222222222222222,1,0.07852193995381063,0.07852193995381063,0.07852193995381063,nan,nan
denovo_pdb__2i5v_O,3,625,True,208,208,18,0.08653846153846154,0.08780487804878048,0.08716707021791767,45,10,0.2222222222222222,0.14705882352941177,0.17699115044247787,60,7,0.11666666666666667,0.07526881720430108,0.0915032679738562,103,1,0.009708737864077669,0.022727272727272728,0.013605442176870746,1,0.08716707021791767,0.08716707021791767,0.08716707021791767,nan,nan
denovo_pdb__2p05_A,0,124,True,41,41,0,0.0,0.0,0.0,16,0,0.0,0.0,0.0,18,0,0.0,0.0,0.0,7,0,0.0,0.0,0.0,1,0.0,0.0,0.0,nan,nan
denovo_pdb__2p05_A,1,112,True,37,37,10,0.2702702702702703,0.18181818181818182,0.2173913043478261,7,3,0.42857142857142855,0.3,0.3529411764705882,11,3,0.2727272727272727,0.16666666666666666,0.20689655172413793,19,4,0.21052631578947367,0.14814814814814814,0.17391304347826086,1,0.2173913043478261,0.2173913043478261,0.2173913043478261,nan,nan
denovo_pdb__2p05_A,2,169,True,56,56,15,0.26785714285714285,0.2727272727272727,0.2702702702702703,16,3,0.1875,0.3,0.23076923076923075,14,5,0.35714285714285715,0.2777777777777778,0.31250000000000006,26,7,0.2692307692307692,0.25925925925925924,0.2641509433962264,1,0.2702702702702703,0.2702702702702703,0.2702702702702703,nan,nan
denovo_pdb__2p05_A,3,67,True,22,22,5,0.22727272727272727,0.09090909090909091,0.12987012987012989,5,0,0.0,0.0,0.0,15,3,0.2,0.16666666666666666,0.1818181818181818,2,2,1.0,0.07407407407407407,0.13793103448275862,1,0.12987012987012989,0.12987012987012989,0.12987012987012989,nan,nan
denovo_pdb__2qyj_A,0,382,True,127,127,90,0.7086614173228346,0.7563025210084033,0.7317073170731706,22,13,0.5909090909090909,0.8125,0.6842105263157896,25,16,0.64,0.8,0.7111111111111111,80,61,0.7625,0.7349397590361446,0.7484662576687117,1,0.7317073170731706,0.7317073170731706,0.7317073170731706,nan,nan
denovo_pdb__2qyj_A,1,382,True,127,127,98,0.7716535433070866,0.8235294117647058,0.7967479674796748,21,15,0.7142857142857143,0.9375,0.8108108108108109,19,15,0.7894736842105263,0.75,0.7692307692307692,87,68,0.7816091954022989,0.8192771084337349,0.8,1,0.7967479674796748,0.7967479674796748,0.7967479674796748,nan,nan
denovo_pdb__2qyj_A,2,406,True,134,134,102,0.7611940298507462,0.8571428571428571,0.8063241106719368,20,15,0.75,0.9375,0.8333333333333334,18,14,0.7777777777777778,0.7,0.7368421052631577,96,73,0.7604166666666666,0.8795180722891566,0.8156424581005586,1,0.8063241106719368,0.8063241106719368,0.8063241106719368,nan,nan
denovo_pdb__2qyj_A,3,373,True,123,123,88,0.7154471544715447,0.7394957983193278,0.7272727272727273,19,11,0.5789473684210527,0.6875,0.6285714285714286,17,14,0.8235294117647058,0.7,0.7567567567567567,87,63,0.7241379310344828,0.7590361445783133,0.7411764705882353,1,0.7272727272727273,0.7272727272727273,0.7272727272727273,nan,nan
denovo_pdb__2xen_A,0,208,True,69,69,49,0.7101449275362319,0.8166666666666667,0.7596899224806202,12,8,0.6666666666666666,1.0,0.8,15,11,0.7333333333333333,0.8461538461538461,0.7857142857142856,42,30,0.7142857142857143,0.7692307692307693,0.7407407407407408,1,0.7596899224806202,0.7596899224806202,0.7596899224806202,nan,nan
denovo_pdb__2xen_A,1,244,True,81,81,43,0.5308641975308642,0.7166666666666667,0.6099290780141844,17,6,0.35294117647058826,0.75,0.48,18,11,0.6111111111111112,0.8461538461538461,0.7096774193548387,46,26,0.5652173913043478,0.6666666666666666,0.6117647058823529,1,0.6099290780141844,0.6099290780141844,0.6099290780141844,nan,nan
denovo_pdb__2xen_A,2,229,True,76,76,53,0.6973684210526315,0.8833333333333333,0.7794117647058824,14,8,0.5714285714285714,1.0,0.7272727272727273,14,12,0.8571428571428571,0.9230769230769231,0.888888888888889,48,33,0.6875,0.8461538461538461,0.7586206896551724,1,0.7794117647058824,0.7794117647058824,0.7794117647058824,nan,nan
denovo_pdb__2xen_A,3,190,True,63,63,45,0.7142857142857143,0.75,0.7317073170731706,10,6,0.6,0.75,0.6666666666666665,10,9,0.9,0.6923076923076923,0.7826086956521738,43,30,0.6976744186046512,0.7692307692307693,0.7317073170731708,1,0.7317073170731706,0.7317073170731706,0.7317073170731706,nan,nan
denovo_pdb__2zgg_A,0,190,True,63,63,46,0.7301587301587301,0.7301587301587301,0.7301587301587301,8,6,0.75,0.5,0.6,19,12,0.631578947368421,0.75,0.6857142857142857,36,28,0.7777777777777778,0.8,0.7887323943661971,1,0.7301587301587301,0.7301587301587301,0.7301587301587301,nan,nan
denovo_pdb__2zgg_A,1,208,True,69,69,50,0.7246376811594203,0.7936507936507936,0.7575757575757576,15,10,0.6666666666666666,0.8333333333333334,0.7407407407407408,15,13,0.8666666666666667,0.8125,0.8387096774193549,39,27,0.6923076923076923,0.7714285714285715,0.7297297297297296,1,0.7575757575757576,0.7575757575757576,0.7575757575757576,nan,nan
denovo_pdb__2zgg_A,2,163,True,54,54,41,0.7592592592592593,0.6507936507936508,0.7008547008547008,11,6,0.5454545454545454,0.5,0.5217391304347826,11,11,1.0,0.6875,0.8148148148148148,32,24,0.75,0.6857142857142857,0.7164179104477612,1,0.7008547008547008,0.7008547008547008,0.7008547008547008,nan,nan
denovo_pdb__2zgg_A,3,190,True,63,63,40,0.6349206349206349,0.6349206349206349,0.6349206349206349,13,9,0.6923076923076923,0.75,0.7199999999999999,10,9,0.9,0.5625,0.6923076923076923,40,22,0.55,0.6285714285714286,0.5866666666666667,1,0.6349206349206349,0.6349206349206349,0.6349206349206349,nan,nan
denovo_pdb__3dgm_A,0,148,True,49,49,5,0.10204081632653061,0.09433962264150944,0.09803921568627452,3,0,0.0,0.0,0.0,10,1,0.1,0.05555555555555555,0.07142857142857142,36,4,0.1111111111111111,0.15384615384615385,0.12903225806451615,1,0.09803921568627452,0.09803921568627452,0.09803921568627452,nan,nan
denovo_pdb__3dgm_A,1,148,True,49,49,11,0.22448979591836735,0.20754716981132076,0.21568627450980393,15,6,0.4,0.6666666666666666,0.5,20,2,0.1,0.1111111111111111,0.10526315789473685,14,3,0.21428571428571427,0.11538461538461539,0.15,1,0.21568627450980393,0.21568627450980393,0.21568627450980393,nan,nan
denovo_pdb__3dgm_A,2,178,True,59,59,4,0.06779661016949153,0.07547169811320754,0.07142857142857142,7,0,0.0,0.0,0.0,12,3,0.25,0.16666666666666666,0.2,40,1,0.025,0.038461538461538464,0.030303030303030307,1,0.07142857142857142,0.07142857142857142,0.07142857142857142,nan,nan
denovo_pdb__3dgm_A,3,136,True,45,45,10,0.2222222222222222,0.18867924528301888,0.20408163265306123,11,1,0.09090909090909091,0.1111111111111111,0.09999999999999999,28,8,0.2857142857142857,0.4444444444444444,0.34782608695652173,6,1,0.16666666666666666,0.038461538461538464,0.0625,1,0.20408163265306123,0.20408163265306123,0.20408163265306123,nan,nan
denovo_pdb__3dgo_A,0,202,True,67,67,11,0.16417910447761194,0.21153846153846154,0.18487394957983191,16,2,0.125,0.25,0.16666666666666666,36,4,0.1111111111111111,0.23529411764705882,0.1509433962264151,15,5,0.3333333333333333,0.18518518518518517,0.23809523809523808,1,0.18487394957983191,0.18487394957983191,0.18487394957983191,nan,nan
denovo_pdb__3dgo_A,1,163,True,54,54,15,0.2777777777777778,0.28846153846153844,0.2830188679245283,16,7,0.4375,0.875,0.5833333333333334,23,7,0.30434782608695654,0.4117647058823529,0.35,15,1,0.06666666666666667,0.037037037037037035,0.047619047619047616,1,0.2830188679245283,0.2830188679245283,0.2830188679245283,nan,nan
denovo_pdb__3dgo_A,2,136,True,45,45,11,0.24444444444444444,0.21153846153846154,0.2268041237113402,9,1,0.1111111111111111,0.125,0.11764705882352941,19,6,0.3157894736842105,0.35294117647058826,0.33333333333333337,17,4,0.23529411764705882,0.14814814814814814,0.1818181818181818,1,0.2268041237113402,0.2268041237113402,0.2268041237113402,nan,nan
denovo_pdb__3dgo_A,3,112,True,37,37,5,0.13513513513513514,0.09615384615384616,0.11235955056179776,9,3,0.3333333333333333,0.375,0.35294117647058826,22,2,0.09090909090909091,0.11764705882352941,0.10256410256410256,6,0,0.0,0.0,0.0,1,0.11235955056179776,0.11235955056179776,0.11235955056179776,nan,nan
denovo_pdb__3lt9_A,0,193,True,64,64,10,0.15625,0.17857142857142858,0.16666666666666666,11,3,0.2727272727272727,0.3333333333333333,0.3,24,5,0.20833333333333334,0.29411764705882354,0.24390243902439027,29,2,0.06896551724137931,0.06666666666666667,0.06779661016949153,1,0.16666666666666666,0.16666666666666666,0.16666666666666666,nan,nan
denovo_pdb__3lt9_A,1,52,True,17,17,4,0.23529411764705882,0.07142857142857142,0.1095890410958904,4,0,0.0,0.0,0.0,4,2,0.5,0.11764705882352941,0.19047619047619047,9,2,0.2222222222222222,0.06666666666666667,0.10256410256410256,1,0.1095890410958904,0.1095890410958904,0.1095890410958904,nan,nan
denovo_pdb__3lt9_A,2,148,True,49,49,9,0.1836734693877551,0.16071428571428573,0.17142857142857143,14,2,0.14285714285714285,0.2222222222222222,0.17391304347826086,17,4,0.23529411764705882,0.23529411764705882,0.23529411764705882,18,3,0.16666666666666666,0.1,0.125,1,0.17142857142857143,0.17142857142857143,0.17142857142857143,nan,nan
denovo_pdb__3lt9_A,3,106,True,35,35,8,0.22857142857142856,0.14285714285714285,0.1758241758241758,7,0,0.0,0.0,0.0,25,5,0.2,0.29411764705882354,0.2380952380952381,3,3,1.0,0.1,0.18181818181818182,1,0.1758241758241758,0.1758241758241758,0.1758241758241758,nan,nan
denovo_pdb__3ltb_A,0,133,True,44,44,5,0.11363636363636363,0.1,0.10638297872340427,7,1,0.14285714285714285,0.125,0.13333333333333333,25,3,0.12,0.1875,0.14634146341463414,12,1,0.08333333333333333,0.038461538461538464,0.05263157894736842,1,0.10638297872340427,0.10638297872340427,0.10638297872340427,nan,nan
denovo_pdb__3ltb_A,1,178,True,59,59,6,0.1016949152542373,0.12,0.11009174311926606,14,2,0.14285714285714285,0.25,0.18181818181818182,17,1,0.058823529411764705,0.0625,0.06060606060606061,28,3,0.10714285714285714,0.11538461538461539,0.11111111111111112,1,0.11009174311926606,0.11009174311926606,0.11009174311926606,nan,nan
denovo_pdb__3ltb_A,2,166,True,55,55,12,0.21818181818181817,0.24,0.2285714285714286,13,4,0.3076923076923077,0.5,0.380952380952381,22,5,0.22727272727272727,0.3125,0.2631578947368421,20,3,0.15,0.11538461538461539,0.13043478260869565,1,0.2285714285714286,0.2285714285714286,0.2285714285714286,nan,nan
denovo_pdb__3ltb_A,3,166,True,55,55,6,0.10909090909090909,0.12,0.1142857142857143,16,3,0.1875,0.375,0.25,22,2,0.09090909090909091,0.125,0.10526315789473685,17,1,0.058823529411764705,0.038461538461538464,0.04651162790697675,1,0.1142857142857143,0.1142857142857143,0.1142857142857143,nan,nan
denovo_pdb__3ltd_A,0,148,True,49,49,4,0.08163265306122448,0.08163265306122448,0.08163265306122448,9,1,0.1111111111111111,0.125,0.11764705882352941,16,0,0.0,0.0,0.0,24,3,0.125,0.11538461538461539,0.12000000000000001,1,0.08163265306122448,0.08163265306122448,0.08163265306122448,nan,nan
denovo_pdb__3ltd_A,1,115,True,38,38,4,0.10526315789473684,0.08163265306122448,0.09195402298850575,11,1,0.09090909090909091,0.125,0.10526315789473685,17,2,0.11764705882352941,0.13333333333333333,0.125,10,1,0.1,0.038461538461538464,0.05555555555555555,1,0.09195402298850575,0.09195402298850575,0.09195402298850575,nan,nan
denovo_pdb__3ltd_A,2,142,True,47,47,8,0.1702127659574468,0.16326530612244897,0.16666666666666666,8,5,0.625,0.625,0.625,24,3,0.125,0.2,0.15384615384615385,15,0,0.0,0.0,0.0,1,0.16666666666666666,0.16666666666666666,0.16666666666666666,nan,nan
denovo_pdb__3ltd_A,3,172,True,57,57,10,0.17543859649122806,0.20408163265306123,0.18867924528301885,12,2,0.16666666666666666,0.25,0.2,21,4,0.19047619047619047,0.26666666666666666,0.2222222222222222,24,4,0.16666666666666666,0.15384615384615385,0.16,1,0.18867924528301885,0.18867924528301885,0.18867924528301885,nan,nan
denovo_pdb__3o4b_A,0,292,True,97,97,29,0.29896907216494845,0.2,0.2396694214876033,35,15,0.42857142857142855,0.4838709677419355,0.4545454545454545,57,12,0.21052631578947367,0.2553191489361702,0.23076923076923075,5,2,0.4,0.029850746268656716,0.05555555555555556,1,0.2396694214876033,0.2396694214876033,0.2396694214876033,nan,nan
denovo_pdb__3o4b_A,1,409,True,136,136,55,0.40441176470588236,0.3793103448275862,0.3914590747330961,46,20,0.43478260869565216,0.6451612903225806,0.5194805194805194,45,20,0.4444444444444444,0.425531914893617,0.4347826086956522,45,15,0.3333333333333333,0.22388059701492538,0.26785714285714285,1,0.3914590747330961,0.3914590747330961,0.3914590747330961,nan,nan
denovo_pdb__3o4b_A,2,238,True,79,79,14,0.17721518987341772,0.09655172413793103,0.12499999999999997,22,7,0.3181818181818182,0.22580645161290322,0.2641509433962264,49,6,0.12244897959183673,0.1276595744680851,0.125,8,1,0.125,0.014925373134328358,0.02666666666666667,1,0.12499999999999997,0.12499999999999997,0.12499999999999997,nan,nan
denovo_pdb__3o4b_A,3,340,True,113,113,22,0.19469026548672566,0.15172413793103448,0.17054263565891473,40,7,0.175,0.22580645161290322,0.1971830985915493,54,14,0.25925925925925924,0.2978723404255319,0.27722772277227714,19,1,0.05263157894736842,0.014925373134328358,0.023255813953488372,1,0.17054263565891473,0.17054263565891473,0.17054263565891473,nan,nan
denovo_pdb__3o4d_A,0,367,True,122,122,28,0.22950819672131148,0.1891891891891892,0.20740740740740743,46,16,0.34782608695652173,0.5161290322580645,0.4155844155844156,57,11,0.19298245614035087,0.22916666666666666,0.2095238095238095,19,1,0.05263157894736842,0.014492753623188406,0.022727272727272728,1,0.20740740740740743,0.20740740740740743,0.20740740740740743,nan,nan
denovo_pdb__3o4d_A,1,382,True,127,127,12,0.09448818897637795,0.08108108108108109,0.08727272727272728,13,4,0.3076923076923077,0.12903225806451613,0.18181818181818182,17,5,0.29411764705882354,0.10416666666666667,0.15384615384615385,97,3,0.030927835051546393,0.043478260869565216,0.03614457831325301,1,0.08727272727272728,0.08727272727272728,0.08727272727272728,nan,nan
denovo_pdb__3o4d_A,2,481,True,160,160,29,0.18125,0.19594594594594594,0.18831168831168832,30,16,0.5333333333333333,0.5161290322580645,0.5245901639344263,39,7,0.1794871794871795,0.14583333333333334,0.16091954022988506,91,6,0.06593406593406594,0.08695652173913043,0.07500000000000001,1,0.18831168831168832,0.18831168831168832,0.18831168831168832,nan,nan
denovo_pdb__3o4d_A,3,262,True,87,87,30,0.3448275862068966,0.20270270270270271,0.25531914893617025,39,14,0.358974358974359,0.45161290322580644,0.4,44,14,0.3181818181818182,0.2916666666666667,0.30434782608695654,4,2,0.5,0.028985507246376812,0.0547945205479452,1,0.25531914893617025,0.25531914893617025,0.25531914893617025,nan,nan
denovo_pdb__3p6i_A,0,349,True,116,116,34,0.29310344827586204,0.2222222222222222,0.25278810408921937,24,11,0.4583333333333333,0.34375,0.39285714285714285,55,11,0.2,0.25,0.22222222222222224,37,12,0.32432432432432434,0.15584415584415584,0.2105263157894737,1,0.25278810408921937,0.25278810408921937,0.25278810408921937,nan,nan
denovo_pdb__3p6i_A,1,262,True,87,87,26,0.2988505747126437,0.16993464052287582,0.21666666666666667,38,16,0.42105263157894735,0.5,0.45714285714285713,49,10,0.20408163265306123,0.22727272727272727,0.2150537634408602,0,0,0.0,0.0,0.0,1,0.21666666666666667,0.21666666666666667,0.21666666666666667,nan,nan
denovo_pdb__3p6i_A,2,334,True,111,111,17,0.15315315315315314,0.1111111111111111,0.12878787878787878,31,8,0.25806451612903225,0.25,0.25396825396825395,43,9,0.20930232558139536,0.20454545454545456,0.20689655172413796,37,0,0.0,0.0,0.0,1,0.12878787878787878,0.12878787878787878,0.12878787878787878,nan,nan
denovo_pdb__3p6i_A,3,325,True,108,108,27,0.25,0.17647058823529413,0.20689655172413793,43,15,0.3488372093023256,0.46875,0.4000000000000001,62,12,0.1935483870967742,0.2727272727272727,0.22641509433962262,3,0,0.0,0.0,0.0,1,0.20689655172413793,0.20689655172413793,0.20689655172413793,nan,nan
denovo_pdb__3pg0_A,0,625,True,208,208,69,0.3317307692307692,0.375,0.35204081632653067,38,19,0.5,0.5757575757575758,0.5352112676056339,70,21,0.3,0.375,0.33333333333333326,100,29,0.29,0.30526315789473685,0.29743589743589743,1,0.35204081632653067,0.35204081632653067,0.35204081632653067,nan,nan
denovo_pdb__3pg0_A,1,598,True,199,199,80,0.4020100502512563,0.43478260869565216,0.4177545691906005,28,17,0.6071428571428571,0.5151515151515151,0.5573770491803278,66,22,0.3333333333333333,0.39285714285714285,0.360655737704918,105,41,0.3904761904761905,0.43157894736842106,0.41000000000000003,1,0.4177545691906005,0.4177545691906005,0.4177545691906005,nan,nan
denovo_pdb__3pg0_A,2,460,True,153,153,58,0.3790849673202614,0.31521739130434784,0.344213649851632,33,15,0.45454545454545453,0.45454545454545453,0.45454545454545453,57,23,0.40350877192982454,0.4107142857142857,0.4070796460176991,63,20,0.31746031746031744,0.21052631578947367,0.25316455696202533,1,0.344213649851632,0.344213649851632,0.344213649851632,nan,nan
denovo_pdb__3pg0_A,3,574,True,191,191,107,0.5602094240837696,0.5815217391304348,0.5706666666666667,26,21,0.8076923076923077,0.6363636363636364,0.7118644067796609,55,36,0.6545454545454545,0.6428571428571429,0.6486486486486486,110,50,0.45454545454545453,0.5263157894736842,0.4878048780487805,1,0.5706666666666667,0.5706666666666667,0.5706666666666667,nan,nan
denovo_pdb__3q7x_A,0,235,True,78,78,25,0.32051282051282054,0.19230769230769232,0.2403846153846154,39,18,0.46153846153846156,0.5625,0.5070422535211268,34,4,0.11764705882352941,0.11428571428571428,0.11594202898550723,5,3,0.6,0.047619047619047616,0.08823529411764705,1,0.2403846153846154,0.2403846153846154,0.2403846153846154,nan,nan
denovo_pdb__3q7x_A,1,355,True,118,118,21,0.17796610169491525,0.16153846153846155,0.16935483870967744,34,10,0.29411764705882354,0.3125,0.30303030303030304,58,8,0.13793103448275862,0.22857142857142856,0.17204301075268816,26,3,0.11538461538461539,0.047619047619047616,0.06741573033707865,1,0.16935483870967744,0.16935483870967744,0.16935483870967744,nan,nan
denovo_pdb__3q7x_A,2,367,True,122,122,36,0.29508196721311475,0.27692307692307694,0.2857142857142857,39,20,0.5128205128205128,0.625,0.5633802816901409,50,10,0.2,0.2857142857142857,0.23529411764705882,33,6,0.18181818181818182,0.09523809523809523,0.125,1,0.2857142857142857,0.2857142857142857,0.2857142857142857,nan,nan
denovo_pdb__3q7x_A,3,280,True,93,93,30,0.3225806451612903,0.23076923076923078,0.2690582959641256,43,19,0.4418604651162791,0.59375,0.5066666666666667,50,11,0.22,0.3142857142857143,0.25882352941176473,0,0,0.0,0.0,0.0,1,0.2690582959641256,0.2690582959641256,0.2690582959641256,nan,nan
denovo_pdb__3qa9_A,0,394,True,131,131,37,0.2824427480916031,0.2569444444444444,0.2690909090909091,18,4,0.2222222222222222,0.2857142857142857,0.25,41,11,0.2682926829268293,0.3333333333333333,0.2972972972972973,72,22,0.3055555555555556,0.2268041237113402,0.2603550295857988,1,0.2690909090909091,0.2690909090909091,0.2690909090909091,nan,nan
denovo_pdb__3qa9_A,1,424,True,141,141,34,0.24113475177304963,0.2361111111111111,0.2385964912280702,14,4,0.2857142857142857,0.2857142857142857,0.2857142857142857,28,6,0.21428571428571427,0.18181818181818182,0.19672131147540986,99,24,0.24242424242424243,0.24742268041237114,0.24489795918367346,1,0.2385964912280702,0.2385964912280702,0.2385964912280702,nan,nan
denovo_pdb__3qa9_A,2,448,True,149,149,37,0.2483221476510067,0.2569444444444444,0.2525597269624574,21,4,0.19047619047619047,0.2857142857142857,0.22857142857142854,39,7,0.1794871794871795,0.21212121212121213,0.19444444444444445,89,26,0.29213483146067415,0.26804123711340205,0.2795698924731183,1,0.2525597269624574,0.2525597269624574,0.2525597269624574,nan,nan
denovo_pdb__3qa9_A,3,436,True,145,145,26,0.1793103448275862,0.18055555555555555,0.17993079584775085,26,1,0.038461538461538464,0.07142857142857142,0.05,48,9,0.1875,0.2727272727272727,0.2222222222222222,71,16,0.22535211267605634,0.16494845360824742,0.19047619047619047,1,0.17993079584775085,0.17993079584775085,0.17993079584775085,nan,nan
denovo_pdb__3teu_A,0,217,True,72,72,35,0.4861111111111111,0.47297297297297297,0.4794520547945206,9,4,0.4444444444444444,0.4,0.4210526315789474,26,14,0.5384615384615384,0.56,0.5490196078431373,37,17,0.4594594594594595,0.4358974358974359,0.4473684210526316,1,0.4794520547945206,0.4794520547945206,0.4794520547945206,nan,nan
denovo_pdb__3teu_A,1,223,True,74,74,39,0.527027027027027,0.527027027027027,0.527027027027027,9,7,0.7777777777777778,0.7,0.7368421052631577,24,14,0.5833333333333334,0.56,0.5714285714285714,41,18,0.43902439024390244,0.46153846153846156,0.45,1,0.527027027027027,0.527027027027027,0.527027027027027,nan,nan
denovo_pdb__3teu_A,2,196,True,65,65,41,0.6307692307692307,0.5540540540540541,0.5899280575539568,9,7,0.7777777777777778,0.7,0.7368421052631577,19,13,0.6842105263157895,0.52,0.5909090909090909,37,21,0.5675675675675675,0.5384615384615384,0.5526315789473685,1,0.5899280575539568,0.5899280575539568,0.5899280575539568,nan,nan
denovo_pdb__3teu_A,3,244,True,81,81,48,0.5925925925925926,0.6486486486486487,0.6193548387096774,10,7,0.7,0.7,0.7,30,19,0.6333333333333333,0.76,0.6909090909090909,41,22,0.5365853658536586,0.5641025641025641,0.55,1,0.6193548387096774,0.6193548387096774,0.6193548387096774,nan,nan
denovo_pdb__3v45_A,0,373,True,124,124,9,0.07258064516129033,0.07142857142857142,0.072,19,0,0.0,0.0,0.0,24,0,0.0,0.0,0.0,81,9,0.1111111111111111,0.08823529411764706,0.09836065573770492,1,0.072,0.072,0.072,nan,nan
denovo_pdb__3v45_A,1,361,True,120,120,32,0.26666666666666666,0.25396825396825395,0.2601626016260163,16,2,0.125,0.2222222222222222,0.16,16,1,0.0625,0.06666666666666667,0.06451612903225808,88,29,0.32954545454545453,0.28431372549019607,0.30526315789473685,1,0.2601626016260163,0.2601626016260163,0.2601626016260163,nan,nan
denovo_pdb__3v45_A,2,340,True,113,113,12,0.10619469026548672,0.09523809523809523,0.100418410041841,21,1,0.047619047619047616,0.1111111111111111,0.06666666666666667,17,1,0.058823529411764705,0.06666666666666667,0.0625,75,10,0.13333333333333333,0.09803921568627451,0.11299435028248588,1,0.100418410041841,0.100418410041841,0.100418410041841,nan,nan
denovo_pdb__3v45_A,3,385,True,128,128,4,0.03125,0.031746031746031744,0.031496062992125984,8,0,0.0,0.0,0.0,17,1,0.058823529411764705,0.06666666666666667,0.0625,103,3,0.02912621359223301,0.029411764705882353,0.02926829268292683,1,0.031496062992125984,0.031496062992125984,0.031496062992125984,nan,nan
denovo_pdb__3wwa_A,0,682,True,227,227,136,0.5991189427312775,0.5991189427312775,0.5991189427312775,54,38,0.7037037037037037,0.7307692307692307,0.7169811320754716,65,29,0.4461538461538462,0.4393939393939394,0.44274809160305345,108,69,0.6388888888888888,0.6330275229357798,0.6359447004608294,1,0.5991189427312775,0.5991189427312775,0.5991189427312775,nan,nan
denovo_pdb__3wwa_A,1,697,True,232,232,149,0.6422413793103449,0.6563876651982379,0.6492374727668846,59,49,0.8305084745762712,0.9423076923076923,0.8828828828828829,74,38,0.5135135135135135,0.5757575757575758,0.5428571428571428,99,62,0.6262626262626263,0.5688073394495413,0.5961538461538461,1,0.6492374727668846,0.6492374727668846,0.6492374727668846,nan,nan
denovo_pdb__3wwa_A,2,616,True,205,205,130,0.6341463414634146,0.5726872246696035,0.6018518518518519,53,45,0.8490566037735849,0.8653846153846154,0.8571428571428571,71,36,0.5070422535211268,0.5454545454545454,0.5255474452554744,81,49,0.6049382716049383,0.44954128440366975,0.5157894736842106,1,0.6018518518518519,0.6018518518518519,0.6018518518518519,nan,nan
denovo_pdb__3wwa_A,3,616,True,204,204,129,0.6323529411764706,0.5682819383259912,0.5986078886310905,53,45,0.8490566037735849,0.8653846153846154,0.8571428571428571,86,41,0.47674418604651164,0.6212121212121212,0.5394736842105262,65,43,0.6615384615384615,0.3944954128440367,0.49425287356321845,1,0.5986078886310905,0.5986078886310905,0.5986078886310905,nan,nan
denovo_pdb__4d8h_A,0,283,True,94,94,33,0.35106382978723405,0.2619047619047619,0.3,47,17,0.3617021276595745,0.6071428571428571,0.4533333333333333,45,16,0.35555555555555557,0.38095238095238093,0.367816091954023,2,0,0.0,0.0,0.0,1,0.3,0.3,0.3,nan,nan
denovo_pdb__4d8h_A,1,307,True,102,102,27,0.2647058823529412,0.21428571428571427,0.2368421052631579,27,14,0.5185185185185185,0.5,0.509090909090909,42,11,0.2619047619047619,0.2619047619047619,0.2619047619047619,33,2,0.06060606060606061,0.03571428571428571,0.0449438202247191,1,0.2368421052631579,0.2368421052631579,0.2368421052631579,nan,nan
denovo_pdb__4d8h_A,2,292,True,97,97,34,0.35051546391752575,0.2698412698412698,0.3049327354260089,40,17,0.425,0.6071428571428571,0.5,51,15,0.29411764705882354,0.35714285714285715,0.3225806451612903,6,2,0.3333333333333333,0.03571428571428571,0.06451612903225806,1,0.3049327354260089,0.3049327354260089,0.3049327354260089,nan,nan
denovo_pdb__4d8h_A,3,313,True,104,104,21,0.20192307692307693,0.16666666666666666,0.18260869565217389,40,13,0.325,0.4642857142857143,0.3823529411764706,47,6,0.1276595744680851,0.14285714285714285,0.1348314606741573,17,2,0.11764705882352941,0.03571428571428571,0.0547945205479452,1,0.18260869565217389,0.18260869565217389,0.18260869565217389,nan,nan
denovo_pdb__4drt_A,0,1216,True,405,405,14,0.0345679012345679,0.04416403785488959,0.038781163434903045,60,8,0.13333333333333333,0.18181818181818182,0.15384615384615383,47,4,0.0851063829787234,0.07142857142857142,0.07766990291262135,298,2,0.006711409395973154,0.009216589861751152,0.007766990291262136,1,0.038781163434903045,0.038781163434903045,0.038781163434903045,nan,nan
denovo_pdb__4drt_A,1,931,True,310,310,15,0.04838709677419355,0.0473186119873817,0.04784688995215311,42,3,0.07142857142857142,0.06818181818181818,0.0697674418604651,53,7,0.1320754716981132,0.125,0.12844036697247707,215,5,0.023255813953488372,0.02304147465437788,0.02314814814814815,1,0.04784688995215311,0.04784688995215311,0.04784688995215311,nan,nan
denovo_pdb__4drt_A,2,871,True,289,289,15,0.05190311418685121,0.0473186119873817,0.0495049504950495,48,7,0.14583333333333334,0.1590909090909091,0.15217391304347827,51,5,0.09803921568627451,0.08928571428571429,0.09345794392523364,190,3,0.015789473684210527,0.013824884792626729,0.014742014742014743,1,0.0495049504950495,0.0495049504950495,0.0495049504950495,nan,nan
denovo_pdb__4drt_A,3,928,True,309,309,8,0.025889967637540454,0.025236593059936908,0.025559105431309907,66,3,0.045454545454545456,0.06818181818181818,0.05454545454545454,70,0,0.0,0.0,0.0,173,5,0.028901734104046242,0.02304147465437788,0.025641025641025644,1,0.025559105431309907,0.025559105431309907,0.025559105431309907,nan,nan
denovo_pdb__4ess_A,0,253,True,84,84,13,0.15476190476190477,0.10483870967741936,0.125,11,0,0.0,0.0,0.0,14,0,0.0,0.0,0.0,59,13,0.22033898305084745,0.13541666666666666,0.16774193548387095,1,0.125,0.125,0.125,nan,nan
denovo_pdb__4ess_A,1,364,True,121,121,23,0.19008264462809918,0.18548387096774194,0.18775510204081633,16,1,0.0625,0.09090909090909091,0.07407407407407407,21,1,0.047619047619047616,0.058823529411764705,0.05263157894736842,84,21,0.25,0.21875,0.23333333333333334,1,0.18775510204081633,0.18775510204081633,0.18775510204081633,nan,nan
denovo_pdb__4ess_A,2,358,True,119,119,12,0.10084033613445378,0.0967741935483871,0.09876543209876544,12,0,0.0,0.0,0.0,8,1,0.125,0.058823529411764705,0.07999999999999999,99,11,0.1111111111111111,0.11458333333333333,0.11282051282051282,1,0.09876543209876544,0.09876543209876544,0.09876543209876544,nan,nan
denovo_pdb__4ess_A,3,184,True,61,61,3,0.04918032786885246,0.024193548387096774,0.03243243243243243,11,0,0.0,0.0,0.0,12,0,0.0,0.0,0.0,38,3,0.07894736842105263,0.03125,0.04477611940298507,1,0.03243243243243243,0.03243243243243243,0.03243243243243243,nan,nan
denovo_pdb__4gvw_A,0,472,True,157,157,4,0.025477707006369428,0.024539877300613498,0.024999999999999998,21,1,0.047619047619047616,0.045454545454545456,0.046511627906976744,33,1,0.030303030303030304,0.041666666666666664,0.03508771929824561,103,2,0.019417475728155338,0.017094017094017096,0.018181818181818184,1,0.024999999999999998,0.024999999999999998,0.024999999999999998,nan,nan
denovo_pdb__4gvw_A,1,475,True,158,158,12,0.0759493670886076,0.0736196319018405,0.07476635514018692,18,2,0.1111111111111111,0.09090909090909091,0.09999999999999999,36,2,0.05555555555555555,0.08333333333333333,0.06666666666666667,104,8,0.07692307692307693,0.06837606837606838,0.07239819004524888,1,0.07476635514018692,0.07476635514018692,0.07476635514018692,nan,nan
denovo_pdb__4gvw_A,2,328,True,109,109,3,0.027522935779816515,0.018404907975460124,0.022058823529411763,25,2,0.08,0.09090909090909091,0.0851063829787234,29,1,0.034482758620689655,0.041666666666666664,0.03773584905660377,55,0,0.0,0.0,0.0,1,0.022058823529411763,0.022058823529411763,0.022058823529411763,nan,nan
denovo_pdb__4gvw_A,3,370,True,123,123,7,0.056910569105691054,0.04294478527607362,0.048951048951048945,30,3,0.1,0.13636363636363635,0.11538461538461538,32,1,0.03125,0.041666666666666664,0.03571428571428572,61,3,0.04918032786885246,0.02564102564102564,0.03370786516853933,1,0.048951048951048945,0.048951048951048945,0.048951048951048945,nan,nan
denovo_pdb__4ijb_A,0,838,True,279,279,18,0.06451612903225806,0.0759493670886076,0.06976744186046512,40,4,0.1,0.13333333333333333,0.1142857142857143,44,4,0.09090909090909091,0.10256410256410256,0.0963855421686747,195,10,0.05128205128205128,0.05952380952380952,0.055096418732782364,1,0.06976744186046512,0.06976744186046512,0.06976744186046512,nan,nan
denovo_pdb__4ijb_A,1,793,True,264,264,57,0.2159090909090909,0.24050632911392406,0.22754491017964074,34,10,0.29411764705882354,0.3333333333333333,0.3125,42,17,0.40476190476190477,0.4358974358974359,0.4197530864197531,188,30,0.1595744680851064,0.17857142857142858,0.16853932584269665,1,0.22754491017964074,0.22754491017964074,0.22754491017964074,nan,nan
denovo_pdb__4ijb_A,2,733,True,244,244,49,0.20081967213114754,0.20675105485232068,0.20374220374220375,36,8,0.2222222222222222,0.26666666666666666,0.2424242424242424,49,14,0.2857142857142857,0.358974358974359,0.31818181818181823,159,27,0.16981132075471697,0.16071428571428573,0.1651376146788991,1,0.20374220374220375,0.20374220374220375,0.20374220374220375,nan,nan
denovo_pdb__4ijb_A,3,844,True,280,280,62,0.22142857142857142,0.2616033755274262,0.23984526112185686,36,10,0.2777777777777778,0.3333333333333333,0.303030303030303,65,17,0.26153846153846155,0.4358974358974359,0.3269230769230769,179,35,0.19553072625698323,0.20833333333333334,0.20172910662824206,1,0.23984526112185686,0.23984526112185686,0.23984526112185686,nan,nan
denovo_pdb__4lny_A,0,673,True,224,224,49,0.21875,0.1828358208955224,0.1991869918699187,35,8,0.22857142857142856,0.2857142857142857,0.25396825396825395,48,15,0.3125,0.375,0.3409090909090909,141,26,0.18439716312056736,0.13,0.15249266862170088,1,0.1991869918699187,0.1991869918699187,0.1991869918699187,nan,nan
denovo_pdb__4lny_A,1,742,True,247,247,41,0.1659919028340081,0.15298507462686567,0.15922330097087378,42,6,0.14285714285714285,0.21428571428571427,0.17142857142857143,51,7,0.13725490196078433,0.175,0.15384615384615385,154,28,0.18181818181818182,0.14,0.15819209039548024,1,0.15922330097087378,0.15922330097087378,0.15922330097087378,nan,nan
denovo_pdb__4lny_A,2,637,True,212,212,39,0.18396226415094338,0.1455223880597015,0.1625,32,8,0.25,0.2857142857142857,0.26666666666666666,61,13,0.21311475409836064,0.325,0.25742574257425743,119,18,0.15126050420168066,0.09,0.1128526645768025,1,0.1625,0.1625,0.1625,nan,nan
denovo_pdb__4lny_A,3,745,True,248,248,49,0.1975806451612903,0.1828358208955224,0.18992248062015507,41,5,0.12195121951219512,0.17857142857142858,0.14492753623188406,49,9,0.1836734693877551,0.225,0.20224719101123595,158,35,0.22151898734177214,0.175,0.19553072625698323,1,0.18992248062015507,0.18992248062015507,0.18992248062015507,nan,nan
denovo_pdb__4lt9_A,0,940,True,313,313,58,0.1853035143769968,0.2457627118644068,0.21129326047358837,31,8,0.25806451612903225,0.2962962962962963,0.27586206896551724,52,12,0.23076923076923078,0.2926829268292683,0.25806451612903225,230,38,0.16521739130434782,0.2261904761904762,0.1909547738693467,1,0.21129326047358837,0.21129326047358837,0.21129326047358837,nan,nan
denovo_pdb__4lt9_A,1,817,True,272,272,40,0.14705882352941177,0.1694915254237288,0.1574803149606299,43,6,0.13953488372093023,0.2222222222222222,0.17142857142857143,78,9,0.11538461538461539,0.21951219512195122,0.1512605042016807,151,25,0.16556291390728478,0.1488095238095238,0.15673981191222572,1,0.1574803149606299,0.1574803149606299,0.1574803149606299,nan,nan
denovo_pdb__4lt9_A,2,727,True,242,242,37,0.15289256198347106,0.15677966101694915,0.15481171548117156,44,11,0.25,0.4074074074074074,0.30985915492957744,56,9,0.16071428571428573,0.21951219512195122,0.18556701030927836,142,17,0.11971830985915492,0.10119047619047619,0.10967741935483873,1,0.15481171548117156,0.15481171548117156,0.15481171548117156,nan,nan
denovo_pdb__4lt9_A,3,835,True,278,278,42,0.1510791366906475,0.17796610169491525,0.16342412451361865,46,6,0.13043478260869565,0.2222222222222222,0.16438356164383558,67,12,0.1791044776119403,0.2926829268292683,0.2222222222222222,165,24,0.14545454545454545,0.14285714285714285,0.14414414414414412,1,0.16342412451361865,0.16342412451361865,0.16342412451361865,nan,nan
denovo_pdb__4n6u_A,0,157,True,52,52,9,0.17307692307692307,0.10843373493975904,0.1333333333333333,8,2,0.25,0.1111111111111111,0.15384615384615383,21,6,0.2857142857142857,0.1935483870967742,0.23076923076923075,23,1,0.043478260869565216,0.029411764705882353,0.035087719298245605,1,0.1333333333333333,0.1333333333333333,0.1333333333333333,nan,nan
denovo_pdb__4n6u_A,1,166,True,55,55,6,0.10909090909090909,0.07228915662650602,0.08695652173913043,14,3,0.21428571428571427,0.16666666666666666,0.1875,22,1,0.045454545454545456,0.03225806451612903,0.03773584905660377,19,2,0.10526315789473684,0.058823529411764705,0.07547169811320754,1,0.08695652173913043,0.08695652173913043,0.08695652173913043,nan,nan
denovo_pdb__4n6u_A,2,169,True,56,56,16,0.2857142857142857,0.1927710843373494,0.2302158273381295,15,7,0.4666666666666667,0.3888888888888889,0.42424242424242425,26,8,0.3076923076923077,0.25806451612903225,0.2807017543859649,15,1,0.06666666666666667,0.029411764705882353,0.04081632653061225,1,0.2302158273381295,0.2302158273381295,0.2302158273381295,nan,nan
denovo_pdb__4n6u_A,3,214,True,71,71,6,0.08450704225352113,0.07228915662650602,0.07792207792207792,14,3,0.21428571428571427,0.16666666666666666,0.1875,14,1,0.07142857142857142,0.03225806451612903,0.044444444444444446,43,2,0.046511627906976744,0.058823529411764705,0.05194805194805195,1,0.07792207792207792,0.07792207792207792,0.07792207792207792,nan,nan
denovo_pdb__4nez_A,0,418,True,139,139,60,0.4316546762589928,0.5,0.4633204633204633,27,19,0.7037037037037037,0.8260869565217391,0.76,26,13,0.5,0.6842105263157895,0.5777777777777778,86,28,0.32558139534883723,0.358974358974359,0.34146341463414637,1,0.4633204633204633,0.4633204633204633,0.4633204633204633,nan,nan
denovo_pdb__4nez_A,1,514,True,171,171,44,0.2573099415204678,0.36666666666666664,0.30240549828178687,29,6,0.20689655172413793,0.2608695652173913,0.23076923076923075,31,3,0.0967741935483871,0.15789473684210525,0.12000000000000001,111,35,0.3153153153153153,0.44871794871794873,0.3703703703703703,1,0.30240549828178687,0.30240549828178687,0.30240549828178687,nan,nan
denovo_pdb__4nez_A,2,433,True,144,144,48,0.3333333333333333,0.4,0.3636363636363636,26,15,0.5769230769230769,0.6521739130434783,0.6122448979591837,37,10,0.2702702702702703,0.5263157894736842,0.35714285714285715,81,23,0.2839506172839506,0.2948717948717949,0.2893081761006289,1,0.3636363636363636,0.3636363636363636,0.3636363636363636,nan,nan
denovo_pdb__4nez_A,3,538,True,179,179,27,0.15083798882681565,0.225,0.18060200668896326,34,11,0.3235294117647059,0.4782608695652174,0.3859649122807018,30,7,0.23333333333333334,0.3684210526315789,0.2857142857142857,115,9,0.0782608695652174,0.11538461538461539,0.09326424870466321,1,0.18060200668896326,0.18060200668896326,0.18060200668896326,nan,nan
denovo_pdb__4oza_A,0,79,True,26,26,11,0.4230769230769231,0.2558139534883721,0.3188405797101449,10,5,0.5,0.7142857142857143,0.588235294117647,16,6,0.375,0.35294117647058826,0.3636363636363636,0,0,0.0,0.0,0.0,1,0.3188405797101449,0.3188405797101449,0.3188405797101449,nan,nan
denovo_pdb__4oza_A,1,172,True,57,57,14,0.24561403508771928,0.32558139534883723,0.27999999999999997,13,6,0.46153846153846156,0.8571428571428571,0.6,24,4,0.16666666666666666,0.23529411764705882,0.19512195121951217,20,4,0.2,0.21052631578947367,0.20512820512820512,1,0.27999999999999997,0.27999999999999997,0.27999999999999997,nan,nan
denovo_pdb__4oza_A,2,79,True,26,26,15,0.5769230769230769,0.3488372093023256,0.43478260869565216,7,5,0.7142857142857143,0.7142857142857143,0.7142857142857143,11,8,0.7272727272727273,0.47058823529411764,0.5714285714285714,8,2,0.25,0.10526315789473684,0.14814814814814814,1,0.43478260869565216,0.43478260869565216,0.43478260869565216,nan,nan
denovo_pdb__4oza_A,3,118,True,39,39,5,0.1282051282051282,0.11627906976744186,0.12195121951219512,11,2,0.18181818181818182,0.2857142857142857,0.2222222222222222,15,2,0.13333333333333333,0.11764705882352941,0.125,13,1,0.07692307692307693,0.05263157894736842,0.0625,1,0.12195121951219512,0.12195121951219512,0.12195121951219512,nan,nan
denovo_pdb__4pjr_A,0,370,True,123,123,89,0.7235772357723578,0.7063492063492064,0.7148594377510041,16,9,0.5625,0.6,0.5806451612903225,42,38,0.9047619047619048,0.8085106382978723,0.853932584269663,65,42,0.6461538461538462,0.65625,0.6511627906976746,1,0.7148594377510041,0.7148594377510041,0.7148594377510041,nan,nan
denovo_pdb__4pjr_A,1,400,True,133,133,78,0.5864661654135338,0.6190476190476191,0.6023166023166024,24,11,0.4583333333333333,0.7333333333333333,0.5641025641025641,42,36,0.8571428571428571,0.7659574468085106,0.8089887640449439,67,31,0.4626865671641791,0.484375,0.4732824427480916,1,0.6023166023166024,0.6023166023166024,0.6023166023166024,nan,nan
denovo_pdb__4pjr_A,2,364,True,121,121,79,0.6528925619834711,0.626984126984127,0.6396761133603239,21,12,0.5714285714285714,0.8,0.6666666666666666,42,32,0.7619047619047619,0.6808510638297872,0.7191011235955055,58,35,0.603448275862069,0.546875,0.5737704918032787,1,0.6396761133603239,0.6396761133603239,0.6396761133603239,nan,nan
denovo_pdb__4pjr_A,3,412,True,137,137,92,0.6715328467153284,0.7301587301587301,0.6996197718631177,22,11,0.5,0.7333333333333333,0.5945945945945945,52,41,0.7884615384615384,0.8723404255319149,0.8282828282828283,63,40,0.6349206349206349,0.625,0.6299212598425197,1,0.6996197718631177,0.6996197718631177,0.6996197718631177,nan,nan
denovo_pdb__4pq8_A,0,685,True,228,228,146,0.6403508771929824,0.6033057851239669,0.6212765957446809,22,11,0.5,0.55,0.5238095238095238,84,57,0.6785714285714286,0.5643564356435643,0.6162162162162163,122,78,0.639344262295082,0.6446280991735537,0.6419753086419753,1,0.6212765957446809,0.6212765957446809,0.6212765957446809,nan,nan
denovo_pdb__4pq8_A,1,643,True,214,214,148,0.6915887850467289,0.6115702479338843,0.6491228070175438,11,7,0.6363636363636364,0.35,0.45161290322580644,92,65,0.7065217391304348,0.6435643564356436,0.6735751295336788,111,76,0.6846846846846847,0.628099173553719,0.6551724137931034,1,0.6491228070175438,0.6491228070175438,0.6491228070175438,nan,nan
denovo_pdb__4pq8_A,2,775,True,258,258,166,0.6434108527131783,0.6859504132231405,0.664,22,11,0.5,0.55,0.5238095238095238,112,73,0.6517857142857143,0.7227722772277227,0.6854460093896715,124,82,0.6612903225806451,0.6776859504132231,0.6693877551020408,1,0.664,0.664,0.664,nan,nan
denovo_pdb__4pq8_A,3,742,True,247,247,165,0.6680161943319838,0.6818181818181818,0.6748466257668712,14,9,0.6428571428571429,0.45,0.5294117647058824,125,76,0.608,0.7524752475247525,0.672566371681416,108,80,0.7407407407407407,0.6611570247933884,0.6986899563318777,1,0.6748466257668712,0.6748466257668712,0.6748466257668712,nan,nan
denovo_pdb__4pww_A,0,229,True,76,76,47,0.618421052631579,0.5402298850574713,0.5766871165644173,9,8,0.8888888888888888,0.6153846153846154,0.7272727272727274,10,5,0.5,0.4166666666666667,0.45454545454545453,57,34,0.5964912280701754,0.5483870967741935,0.5714285714285714,1,0.5766871165644173,0.5766871165644173,0.5766871165644173,nan,nan
denovo_pdb__4pww_A,1,208,True,69,69,19,0.2753623188405797,0.21839080459770116,0.24358974358974358,8,6,0.75,0.46153846153846156,0.5714285714285714,15,6,0.4,0.5,0.4444444444444445,46,7,0.15217391304347827,0.11290322580645161,0.12962962962962962,1,0.24358974358974358,0.24358974358974358,0.24358974358974358,nan,nan
denovo_pdb__4pww_A,2,274,True,91,91,39,0.42857142857142855,0.4482758620689655,0.4382022471910112,9,6,0.6666666666666666,0.46153846153846156,0.5454545454545455,15,4,0.26666666666666666,0.3333333333333333,0.2962962962962963,67,29,0.43283582089552236,0.46774193548387094,0.44961240310077516,1,0.4382022471910112,0.4382022471910112,0.4382022471910112,nan,nan
denovo_pdb__4pww_A,3,196,True,65,65,26,0.4,0.2988505747126437,0.3421052631578948,13,7,0.5384615384615384,0.5384615384615384,0.5384615384615384,12,6,0.5,0.5,0.5,40,13,0.325,0.20967741935483872,0.2549019607843137,1,0.3421052631578948,0.3421052631578948,0.3421052631578948,nan,nan
denovo_pdb__4qks_A,0,334,True,111,111,43,0.38738738738738737,0.30935251798561153,0.34400000000000003,45,20,0.4444444444444444,0.6451612903225806,0.5263157894736842,53,20,0.37735849056603776,0.40816326530612246,0.3921568627450981,13,3,0.23076923076923078,0.05084745762711865,0.08333333333333333,1,0.34400000000000003,0.34400000000000003,0.34400000000000003,nan,nan
denovo_pdb__4qks_A,1,403,True,134,134,42,0.31343283582089554,0.302158273381295,0.3076923076923077,53,22,0.41509433962264153,0.7096774193548387,0.5238095238095237,53,16,0.3018867924528302,0.32653061224489793,0.31372549019607837,28,4,0.14285714285714285,0.06779661016949153,0.09195402298850575,1,0.3076923076923077,0.3076923076923077,0.3076923076923077,nan,nan
denovo_pdb__4qks_A,2,280,True,93,93,41,0.44086021505376344,0.2949640287769784,0.35344827586206895,46,24,0.5217391304347826,0.7741935483870968,0.6233766233766235,44,15,0.3409090909090909,0.30612244897959184,0.3225806451612903,3,2,0.6666666666666666,0.03389830508474576,0.06451612903225806,1,0.35344827586206895,0.35344827586206895,0.35344827586206895,nan,nan
denovo_pdb__4qks_A,3,274,True,91,91,35,0.38461538461538464,0.2517985611510791,0.30434782608695654,41,18,0.43902439024390244,0.5806451612903226,0.5,45,17,0.37777777777777777,0.3469387755102041,0.3617021276595745,5,0,0.0,0.0,0.0,1,0.30434782608695654,0.30434782608695654,0.30434782608695654,nan,nan
denovo_pdb__4r6f_A,0,1015,True,338,338,196,0.5798816568047337,0.5681159420289855,0.5739385065885798,21,3,0.14285714285714285,0.10344827586206896,0.12000000000000001,138,78,0.5652173913043478,0.6964285714285714,0.6239999999999999,179,115,0.6424581005586593,0.5637254901960784,0.6005221932114883,1,0.5739385065885798,0.5739385065885798,0.5739385065885798,nan,nan
denovo_pdb__4r6f_A,1,1078,True,359,359,213,0.5933147632311978,0.6173913043478261,0.6051136363636365,27,9,0.3333333333333333,0.3103448275862069,0.32142857142857145,117,76,0.6495726495726496,0.6785714285714286,0.6637554585152838,215,128,0.5953488372093023,0.6274509803921569,0.6109785202863962,1,0.6051136363636365,0.6051136363636365,0.6051136363636365,nan,nan
denovo_pdb__4r6f_A,2,1030,True,343,343,203,0.5918367346938775,0.5884057971014492,0.5901162790697675,20,8,0.4,0.27586206896551724,0.32653061224489793,121,76,0.628099173553719,0.6785714285714286,0.6523605150214593,202,119,0.5891089108910891,0.5833333333333334,0.5862068965517242,1,0.5901162790697675,0.5901162790697675,0.5901162790697675,nan,nan
denovo_pdb__4r6f_A,3,1105,True,368,368,212,0.5760869565217391,0.6144927536231884,0.5946704067321178,20,9,0.45,0.3103448275862069,0.3673469387755102,125,76,0.608,0.6785714285714286,0.6413502109704642,223,127,0.5695067264573991,0.6225490196078431,0.5948477751756439,1,0.5946704067321178,0.5946704067321178,0.5946704067321178,nan,nan
denovo_pdb__4uos_A,0,571,True,190,190,17,0.08947368421052632,0.11409395973154363,0.10029498525073746,8,2,0.25,0.25,0.25,19,6,0.3157894736842105,0.5,0.3870967741935484,163,9,0.05521472392638037,0.06976744186046512,0.06164383561643836,1,0.10029498525073746,0.10029498525073746,0.10029498525073746,nan,nan
denovo_pdb__4uos_A,1,46,True,15,15,4,0.26666666666666666,0.026845637583892617,0.048780487804878044,6,2,0.3333333333333333,0.25,0.28571428571428575,8,2,0.25,0.16666666666666666,0.2,1,0,0.0,0.0,0.0,1,0.048780487804878044,0.048780487804878044,0.048780487804878044,nan,nan
denovo_pdb__4uos_A,2,424,True,141,141,37,0.2624113475177305,0.2483221476510067,0.2551724137931034,6,1,0.16666666666666666,0.125,0.14285714285714288,20,7,0.35,0.5833333333333334,0.4375,115,29,0.25217391304347825,0.2248062015503876,0.23770491803278687,1,0.2551724137931034,0.2551724137931034,0.2551724137931034,nan,nan
denovo_pdb__4uos_A,3,496,True,165,165,25,0.15151515151515152,0.16778523489932887,0.1592356687898089,11,5,0.45454545454545453,0.625,0.5263157894736842,22,8,0.36363636363636365,0.6666666666666666,0.4705882352941177,132,12,0.09090909090909091,0.09302325581395349,0.09195402298850575,1,0.1592356687898089,0.1592356687898089,0.1592356687898089,nan,nan
denovo_pdb__4wsp_A,0,55,True,18,18,0,0.0,0.0,0.0,5,0,0.0,0.0,0.0,7,0,0.0,0.0,0.0,6,0,0.0,0.0,0.0,1,0.0,0.0,0.0,nan,nan
denovo_pdb__4wsp_A,1,172,True,57,57,5,0.08771929824561403,0.12195121951219512,0.1020408163265306,10,2,0.2,0.2857142857142857,0.23529411764705882,19,3,0.15789473684210525,0.17647058823529413,0.16666666666666669,28,0,0.0,0.0,0.0,1,0.1020408163265306,0.1020408163265306,0.1020408163265306,nan,nan
denovo_pdb__4wsp_A,2,178,True,59,59,1,0.01694915254237288,0.024390243902439025,0.02,13,1,0.07692307692307693,0.14285714285714285,0.1,20,0,0.0,0.0,0.0,26,0,0.0,0.0,0.0,1,0.02,0.02,0.02,nan,nan
denovo_pdb__4wsp_A,3,160,True,53,53,8,0.1509433962264151,0.1951219512195122,0.1702127659574468,13,2,0.15384615384615385,0.2857142857142857,0.2,27,6,0.2222222222222222,0.35294117647058826,0.27272727272727276,13,0,0.0,0.0,0.0,1,0.1702127659574468,0.1702127659574468,0.1702127659574468,nan,nan
denovo_pdb__4yxz_A,0,892,True,297,297,12,0.04040404040404041,0.06282722513089005,0.049180327868852465,63,4,0.06349206349206349,0.1111111111111111,0.08080808080808081,228,7,0.03070175438596491,0.18421052631578946,0.05263157894736842,6,1,0.16666666666666666,0.008547008547008548,0.016260162601626018,1,0.049180327868852465,0.049180327868852465,0.049180327868852465,nan,nan
denovo_pdb__4yxz_A,1,925,True,307,307,8,0.026058631921824105,0.041884816753926704,0.032128514056224904,55,4,0.07272727272727272,0.1111111111111111,0.08791208791208792,245,3,0.012244897959183673,0.07894736842105263,0.02120141342756184,7,1,0.14285714285714285,0.008547008547008548,0.016129032258064516,1,0.032128514056224904,0.032128514056224904,0.032128514056224904,nan,nan
denovo_pdb__4yxz_A,2,910,True,303,303,13,0.0429042904290429,0.06806282722513089,0.05263157894736842,34,4,0.11764705882352941,0.1111111111111111,0.11428571428571428,223,8,0.03587443946188341,0.21052631578947367,0.06130268199233717,46,1,0.021739130434782608,0.008547008547008548,0.012269938650306749,1,0.05263157894736842,0.05263157894736842,0.05263157894736842,nan,nan
denovo_pdb__4yxz_A,3,790,True,263,263,7,0.026615969581749048,0.03664921465968586,0.030837004405286344,30,4,0.13333333333333333,0.1111111111111111,0.1212121212121212,212,3,0.014150943396226415,0.07894736842105263,0.024,21,0,0.0,0.0,0.0,1,0.030837004405286344,0.030837004405286344,0.030837004405286344,nan,nan
denovo_pdb__5bvl_A,0,676,True,225,225,62,0.27555555555555555,0.26382978723404255,0.26956521739130435,43,16,0.37209302325581395,0.42105263157894735,0.3950617283950617,56,11,0.19642857142857142,0.1774193548387097,0.1864406779661017,126,35,0.2777777777777778,0.25925925925925924,0.26819923371647514,1,0.26956521739130435,0.26956521739130435,0.26956521739130435,nan,nan
denovo_pdb__5bvl_A,1,592,True,197,197,48,0.2436548223350254,0.20425531914893616,0.2222222222222222,38,14,0.3684210526315789,0.3684210526315789,0.3684210526315789,46,10,0.21739130434782608,0.16129032258064516,0.18518518518518517,113,24,0.21238938053097345,0.17777777777777778,0.1935483870967742,1,0.2222222222222222,0.2222222222222222,0.2222222222222222,nan,nan
denovo_pdb__5bvl_A,2,568,True,189,189,68,0.35978835978835977,0.28936170212765955,0.32075471698113206,44,15,0.3409090909090909,0.39473684210526316,0.36585365853658536,59,15,0.2542372881355932,0.24193548387096775,0.24793388429752067,86,38,0.4418604651162791,0.2814814814814815,0.3438914027149321,1,0.32075471698113206,0.32075471698113206,0.32075471698113206,nan,nan
denovo_pdb__5bvl_A,3,604,True,201,201,73,0.36318407960199006,0.31063829787234043,0.3348623853211009,35,12,0.34285714285714286,0.3157894736842105,0.3287671232876712,83,21,0.25301204819277107,0.3387096774193548,0.2896551724137931,83,40,0.4819277108433735,0.2962962962962963,0.36697247706422015,1,0.3348623853211009,0.3348623853211009,0.3348623853211009,nan,nan
denovo_pdb__5cwc_A,0,535,True,178,178,16,0.0898876404494382,0.08791208791208792,0.08888888888888889,22,8,0.36363636363636365,0.5,0.4210526315789474,31,5,0.16129032258064516,0.2631578947368421,0.19999999999999998,125,3,0.024,0.02040816326530612,0.022058823529411763,1,0.08888888888888889,0.08888888888888889,0.08888888888888889,nan,nan
denovo_pdb__5cwc_A,1,442,True,147,147,9,0.061224489795918366,0.04945054945054945,0.054711246200607896,18,4,0.2222222222222222,0.25,0.23529411764705882,17,3,0.17647058823529413,0.15789473684210525,0.16666666666666669,112,2,0.017857142857142856,0.013605442176870748,0.015444015444015443,1,0.054711246200607896,0.054711246200607896,0.054711246200607896,nan,nan
denovo_pdb__5cwc_A,2,460,True,153,153,13,0.08496732026143791,0.07142857142857142,0.07761194029850746,18,5,0.2777777777777778,0.3125,0.29411764705882354,26,4,0.15384615384615385,0.21052631578947367,0.17777777777777778,109,4,0.03669724770642202,0.027210884353741496,0.03125,1,0.07761194029850746,0.07761194029850746,0.07761194029850746,nan,nan
denovo_pdb__5cwc_A,3,331,True,110,110,8,0.07272727272727272,0.04395604395604396,0.0547945205479452,12,5,0.4166666666666667,0.3125,0.35714285714285715,7,0,0.0,0.0,0.0,91,3,0.03296703296703297,0.02040816326530612,0.025210084033613443,1,0.0547945205479452,0.0547945205479452,0.0547945205479452,nan,nan
denovo_pdb__5cwg_A,0,217,True,72,72,7,0.09722222222222222,0.040229885057471264,0.056910569105691054,11,4,0.36363636363636365,0.23529411764705882,0.2857142857142857,9,0,0.0,0.0,0.0,52,3,0.057692307692307696,0.021739130434782608,0.031578947368421054,1,0.056910569105691054,0.056910569105691054,0.056910569105691054,nan,nan
denovo_pdb__5cwg_A,1,247,True,82,82,11,0.13414634146341464,0.06321839080459771,0.0859375,17,4,0.23529411764705882,0.23529411764705882,0.23529411764705882,16,0,0.0,0.0,0.0,49,7,0.14285714285714285,0.050724637681159424,0.07486631016042782,1,0.0859375,0.0859375,0.0859375,nan,nan
denovo_pdb__5cwg_A,2,409,True,136,136,13,0.09558823529411764,0.07471264367816093,0.08387096774193548,23,7,0.30434782608695654,0.4117647058823529,0.35,21,4,0.19047619047619047,0.21052631578947367,0.2,92,2,0.021739130434782608,0.014492753623188406,0.017391304347826087,1,0.08387096774193548,0.08387096774193548,0.08387096774193548,nan,nan
denovo_pdb__5cwg_A,3,436,True,145,145,12,0.08275862068965517,0.06896551724137931,0.07523510971786834,16,4,0.25,0.23529411764705882,0.24242424242424243,11,2,0.18181818181818182,0.10526315789473684,0.13333333333333333,118,6,0.05084745762711865,0.043478260869565216,0.046875,1,0.07523510971786834,0.07523510971786834,0.07523510971786834,nan,nan
denovo_pdb__5cwi_A,0,415,True,138,138,10,0.07246376811594203,0.058823529411764705,0.06493506493506494,10,3,0.3,0.25,0.2727272727272727,21,3,0.14285714285714285,0.23076923076923078,0.17647058823529413,107,4,0.037383177570093455,0.027586206896551724,0.031746031746031744,1,0.06493506493506494,0.06493506493506494,0.06493506493506494,nan,nan
denovo_pdb__5cwi_A,1,514,True,171,171,18,0.10526315789473684,0.10588235294117647,0.10557184750733137,19,4,0.21052631578947367,0.3333333333333333,0.2580645161290323,25,3,0.12,0.23076923076923078,0.15789473684210525,127,11,0.08661417322834646,0.07586206896551724,0.08088235294117647,1,0.10557184750733137,0.10557184750733137,0.10557184750733137,nan,nan
denovo_pdb__5cwi_A,2,547,True,182,182,20,0.10989010989010989,0.11764705882352941,0.11363636363636363,18,2,0.1111111111111111,0.16666666666666666,0.13333333333333333,25,4,0.16,0.3076923076923077,0.2105263157894737,139,14,0.10071942446043165,0.09655172413793103,0.09859154929577463,1,0.11363636363636363,0.11363636363636363,0.11363636363636363,nan,nan
denovo_pdb__5cwi_A,3,457,True,152,152,17,0.1118421052631579,0.1,0.10559006211180125,17,5,0.29411764705882354,0.4166666666666667,0.3448275862068966,32,6,0.1875,0.46153846153846156,0.26666666666666666,103,6,0.05825242718446602,0.041379310344827586,0.048387096774193554,1,0.10559006211180125,0.10559006211180125,0.10559006211180125,nan,nan
denovo_pdb__5cwk_A,0,382,True,127,127,48,0.3779527559055118,0.3221476510067114,0.34782608695652173,10,3,0.3,0.21428571428571427,0.25,24,11,0.4583333333333333,0.3793103448275862,0.4150943396226415,93,34,0.3655913978494624,0.32075471698113206,0.34170854271356776,1,0.34782608695652173,0.34782608695652173,0.34782608695652173,nan,nan
denovo_pdb__5cwk_A,1,349,True,116,116,36,0.3103448275862069,0.24161073825503357,0.27169811320754716,11,4,0.36363636363636365,0.2857142857142857,0.32,24,9,0.375,0.3103448275862069,0.339622641509434,81,23,0.2839506172839506,0.2169811320754717,0.2459893048128342,1,0.27169811320754716,0.27169811320754716,0.27169811320754716,nan,nan
denovo_pdb__5cwk_A,2,487,True,162,162,60,0.37037037037037035,0.40268456375838924,0.3858520900321543,12,5,0.4166666666666667,0.35714285714285715,0.3846153846153846,30,15,0.5,0.5172413793103449,0.5084745762711865,120,40,0.3333333333333333,0.37735849056603776,0.35398230088495575,1,0.3858520900321543,0.3858520900321543,0.3858520900321543,nan,nan
denovo_pdb__5cwk_A,3,343,True,114,114,30,0.2631578947368421,0.20134228187919462,0.22813688212927755,9,3,0.3333333333333333,0.21428571428571427,0.2608695652173913,20,8,0.4,0.27586206896551724,0.32653061224489793,85,19,0.2235294117647059,0.1792452830188679,0.19895287958115185,1,0.22813688212927755,0.22813688212927755,0.22813688212927755,nan,nan
denovo_pdb__5cwn_A,0,541,True,180,180,73,0.40555555555555556,0.44242424242424244,0.42318840579710143,19,8,0.42105263157894735,0.5333333333333333,0.47058823529411764,22,10,0.45454545454545453,0.45454545454545453,0.45454545454545453,139,55,0.39568345323741005,0.4296875,0.41198501872659177,1,0.42318840579710143,0.42318840579710143,0.42318840579710143,nan,nan
denovo_pdb__5cwn_A,1,547,True,182,182,77,0.4230769230769231,0.4666666666666667,0.4438040345821326,19,9,0.47368421052631576,0.6,0.5294117647058824,17,11,0.6470588235294118,0.5,0.5641025641025642,146,57,0.3904109589041096,0.4453125,0.41605839416058393,1,0.4438040345821326,0.4438040345821326,0.4438040345821326,nan,nan
denovo_pdb__5cwn_A,2,406,True,135,135,63,0.4666666666666667,0.38181818181818183,0.42,10,6,0.6,0.4,0.48,19,9,0.47368421052631576,0.4090909090909091,0.43902439024390244,106,48,0.4528301886792453,0.375,0.4102564102564103,1,0.42,0.42,0.42,nan,nan
denovo_pdb__5cwn_A,3,514,True,171,171,87,0.5087719298245614,0.5272727272727272,0.5178571428571429,13,10,0.7692307692307693,0.6666666666666666,0.7142857142857142,22,10,0.45454545454545453,0.45454545454545453,0.45454545454545453,136,67,0.49264705882352944,0.5234375,0.5075757575757576,1,0.5178571428571429,0.5178571428571429,0.5178571428571429,nan,nan
denovo_pdb__5cwq_A,0,475,True,158,158,56,0.35443037974683544,0.23430962343096234,0.2821158690176322,25,10,0.4,0.4,0.4000000000000001,20,11,0.55,0.2894736842105263,0.37931034482758624,113,35,0.30973451327433627,0.19886363636363635,0.24221453287197234,1,0.2821158690176322,0.2821158690176322,0.2821158690176322,nan,nan
denovo_pdb__5cwq_A,1,220,True,73,73,14,0.1917808219178082,0.058577405857740586,0.08974358974358974,16,5,0.3125,0.2,0.24390243902439027,16,3,0.1875,0.07894736842105263,0.11111111111111109,41,6,0.14634146341463414,0.03409090909090909,0.0552995391705069,1,0.08974358974358974,0.08974358974358974,0.08974358974358974,nan,nan
denovo_pdb__5cwq_A,2,409,True,136,136,52,0.38235294117647056,0.2175732217573222,0.2773333333333333,21,9,0.42857142857142855,0.36,0.391304347826087,30,10,0.3333333333333333,0.2631578947368421,0.29411764705882354,85,33,0.38823529411764707,0.1875,0.25287356321839083,1,0.2773333333333333,0.2773333333333333,0.2773333333333333,nan,nan
denovo_pdb__5cwq_A,3,649,True,216,216,84,0.3888888888888889,0.3514644351464435,0.36923076923076925,23,14,0.6086956521739131,0.56,0.5833333333333334,29,13,0.4482758620689655,0.34210526315789475,0.3880597014925373,164,57,0.3475609756097561,0.32386363636363635,0.3352941176470588,1,0.36923076923076925,0.36923076923076925,0.36923076923076925,nan,nan
denovo_pdb__5d2v_A,0,646,True,215,215,28,0.13023255813953488,0.11864406779661017,0.12416851441241684,30,9,0.3,0.24324324324324326,0.26865671641791045,55,3,0.05454545454545454,0.07692307692307693,0.06382978723404256,130,16,0.12307692307692308,0.1,0.11034482758620691,1,0.12416851441241684,0.12416851441241684,0.12416851441241684,nan,nan
denovo_pdb__5d2v_A,1,880,True,293,293,78,0.26621160409556316,0.3305084745762712,0.29489603024574673,39,11,0.28205128205128205,0.2972972972972973,0.2894736842105264,42,12,0.2857142857142857,0.3076923076923077,0.29629629629629634,212,55,0.25943396226415094,0.34375,0.29569892473118276,1,0.29489603024574673,0.29489603024574673,0.29489603024574673,nan,nan
denovo_pdb__5d2v_A,2,664,True,221,221,37,0.167420814479638,0.15677966101694915,0.16192560175054704,25,4,0.16,0.10810810810810811,0.12903225806451613,41,9,0.21951219512195122,0.23076923076923078,0.225,155,24,0.15483870967741936,0.15,0.1523809523809524,1,0.16192560175054704,0.16192560175054704,0.16192560175054704,nan,nan
denovo_pdb__5d2v_A,3,805,True,267,267,49,0.18352059925093633,0.2076271186440678,0.19483101391650098,34,6,0.17647058823529413,0.16216216216216217,0.16901408450704225,68,8,0.11764705882352941,0.20512820512820512,0.14953271028037382,165,35,0.21212121212121213,0.21875,0.21538461538461537,1,0.19483101391650098,0.19483101391650098,0.19483101391650098,nan,nan
denovo_pdb__5d2x_A,0,841,True,280,280,45,0.16071428571428573,0.17509727626459143,0.16759776536312848,40,6,0.15,0.14634146341463414,0.14814814814814814,56,4,0.07142857142857142,0.1,0.08333333333333333,184,35,0.19021739130434784,0.19886363636363635,0.19444444444444445,1,0.16759776536312848,0.16759776536312848,0.16759776536312848,nan,nan
denovo_pdb__5d2x_A,1,748,True,248,248,20,0.08064516129032258,0.07782101167315175,0.07920792079207922,35,4,0.11428571428571428,0.0975609756097561,0.10526315789473684,44,3,0.06818181818181818,0.075,0.07142857142857141,169,13,0.07692307692307693,0.07386363636363637,0.07536231884057973,1,0.07920792079207922,0.07920792079207922,0.07920792079207922,nan,nan
denovo_pdb__5d2x_A,2,856,True,284,284,39,0.13732394366197184,0.1517509727626459,0.14417744916820704,40,10,0.25,0.24390243902439024,0.24691358024691357,42,7,0.16666666666666666,0.175,0.17073170731707316,202,22,0.10891089108910891,0.125,0.11640211640211641,1,0.14417744916820704,0.14417744916820704,0.14417744916820704,nan,nan
denovo_pdb__5d2x_A,3,868,True,289,289,56,0.19377162629757785,0.2178988326848249,0.20512820512820515,30,6,0.2,0.14634146341463414,0.16901408450704225,50,8,0.16,0.2,0.17777777777777778,209,42,0.20095693779904306,0.23863636363636365,0.2181818181818182,1,0.20512820512820515,0.20512820512820515,0.20512820512820515,nan,nan
denovo_pdb__5d30_A,0,757,True,252,252,26,0.10317460317460317,0.09665427509293681,0.09980806142034548,46,10,0.21739130434782608,0.22727272727272727,0.22222222222222224,54,5,0.09259259259259259,0.11363636363636363,0.10204081632653061,152,11,0.07236842105263158,0.06077348066298342,0.06606606606606606,1,0.09980806142034548,0.09980806142034548,0.09980806142034548,nan,nan
denovo_pdb__5d30_A,1,910,True,303,303,33,0.10891089108910891,0.12267657992565056,0.11538461538461539,47,8,0.1702127659574468,0.18181818181818182,0.17582417582417584,59,6,0.1016949152542373,0.13636363636363635,0.11650485436893204,197,19,0.09644670050761421,0.10497237569060773,0.10052910052910052,1,0.11538461538461539,0.11538461538461539,0.11538461538461539,nan,nan
denovo_pdb__5d30_A,2,790,True,263,263,64,0.24334600760456274,0.2379182156133829,0.2406015037593985,26,8,0.3076923076923077,0.18181818181818182,0.2285714285714286,54,10,0.18518518518518517,0.22727272727272727,0.20408163265306123,183,46,0.25136612021857924,0.2541436464088398,0.2527472527472527,1,0.2406015037593985,0.2406015037593985,0.2406015037593985,nan,nan
denovo_pdb__5d30_A,3,712,True,237,237,36,0.1518987341772152,0.13382899628252787,0.14229249011857706,36,10,0.2777777777777778,0.22727272727272727,0.25,29,4,0.13793103448275862,0.09090909090909091,0.1095890410958904,172,22,0.12790697674418605,0.12154696132596685,0.1246458923512748,1,0.14229249011857706,0.14229249011857706,0.14229249011857706,nan,nan
denovo_pdb__5dra_A,0,529,True,176,176,133,0.7556818181818182,0.7964071856287425,0.7755102040816326,4,1,0.25,0.2,0.22222222222222224,163,128,0.7852760736196319,0.8421052631578947,0.8126984126984127,9,4,0.4444444444444444,0.4,0.4210526315789474,1,0.7755102040816326,0.7755102040816326,0.7755102040816326,nan,nan
denovo_pdb__5dra_A,1,490,True,163,163,125,0.7668711656441718,0.7485029940119761,0.7575757575757576,6,2,0.3333333333333333,0.4,0.3636363636363636,149,121,0.8120805369127517,0.7960526315789473,0.8039867109634551,8,2,0.25,0.2,0.22222222222222224,1,0.7575757575757576,0.7575757575757576,0.7575757575757576,nan,nan
denovo_pdb__5dra_A,2,511,True,170,170,124,0.7294117647058823,0.7425149700598802,0.7359050445103856,2,0,0.0,0.0,0.0,158,121,0.7658227848101266,0.7960526315789473,0.7806451612903226,10,3,0.3,0.3,0.3,1,0.7359050445103856,0.7359050445103856,0.7359050445103856,nan,nan
denovo_pdb__5dra_A,3,499,True,166,166,123,0.7409638554216867,0.7365269461077845,0.7387387387387387,1,1,1.0,0.2,0.33333333333333337,159,121,0.7610062893081762,0.7960526315789473,0.7781350482315114,6,1,0.16666666666666666,0.1,0.125,1,0.7387387387387387,0.7387387387387387,0.7387387387387387,nan,nan
denovo_pdb__5hrz_A,0,322,True,107,107,90,0.8411214953271028,0.8571428571428571,0.8490566037735849,15,13,0.8666666666666667,0.9285714285714286,0.896551724137931,37,30,0.8108108108108109,0.8571428571428571,0.8333333333333334,55,47,0.8545454545454545,0.8392857142857143,0.8468468468468467,1,0.8490566037735849,0.8490566037735849,0.8490566037735849,nan,nan
denovo_pdb__5hrz_A,1,319,True,106,106,88,0.8301886792452831,0.8380952380952381,0.8341232227488152,13,13,1.0,0.9285714285714286,0.962962962962963,32,26,0.8125,0.7428571428571429,0.7761194029850748,61,49,0.8032786885245902,0.875,0.8376068376068376,1,0.8341232227488152,0.8341232227488152,0.8341232227488152,nan,nan
denovo_pdb__5hrz_A,2,319,True,106,106,90,0.8490566037735849,0.8571428571428571,0.8530805687203792,16,13,0.8125,0.9285714285714286,0.8666666666666666,35,31,0.8857142857142857,0.8857142857142857,0.8857142857142857,55,46,0.8363636363636363,0.8214285714285714,0.8288288288288289,1,0.8530805687203792,0.8530805687203792,0.8530805687203792,nan,nan
denovo_pdb__5hrz_A,3,343,True,114,114,88,0.7719298245614035,0.8380952380952381,0.8036529680365297,15,12,0.8,0.8571428571428571,0.8275862068965518,36,26,0.7222222222222222,0.7428571428571429,0.732394366197183,63,50,0.7936507936507936,0.8928571428571429,0.8403361344537815,1,0.8036529680365297,0.8036529680365297,0.8036529680365297,nan,nan
denovo_pdb__5iep_A,0,232,True,77,77,0,0.0,0.0,0.0,19,0,0.0,0.0,0.0,32,0,0.0,0.0,0.0,26,0,0.0,0.0,0.0,1,0.0,0.0,0.0,nan,nan
denovo_pdb__5iep_A,1,334,True,111,111,6,0.05405405405405406,0.06,0.05687203791469195,22,0,0.0,0.0,0.0,18,1,0.05555555555555555,0.034482758620689655,0.0425531914893617,71,5,0.07042253521126761,0.08928571428571429,0.07874015748031496,1,0.05687203791469195,0.05687203791469195,0.05687203791469195,nan,nan
denovo_pdb__5iep_A,2,226,True,75,75,11,0.14666666666666667,0.11,0.12571428571428572,18,5,0.2777777777777778,0.3333333333333333,0.303030303030303,18,2,0.1111111111111111,0.06896551724137931,0.0851063829787234,39,4,0.10256410256410256,0.07142857142857142,0.08421052631578947,1,0.12571428571428572,0.12571428571428572,0.12571428571428572,nan,nan
denovo_pdb__5iep_A,3,163,True,54,54,9,0.16666666666666666,0.09,0.11688311688311688,12,6,0.5,0.4,0.4444444444444445,16,3,0.1875,0.10344827586206896,0.13333333333333333,26,0,0.0,0.0,0.0,1,0.11688311688311688,0.11688311688311688,0.11688311688311688,nan,nan
denovo_pdb__5l0p_A,0,991,True,330,330,38,0.11515151515151516,0.12709030100334448,0.1208267090620032,54,11,0.2037037037037037,0.2,0.20183486238532114,67,12,0.1791044776119403,0.13043478260869565,0.1509433962264151,209,15,0.07177033492822966,0.09868421052631579,0.08310249307479224,1,0.1208267090620032,0.1208267090620032,0.1208267090620032,nan,nan
denovo_pdb__5l0p_A,1,904,True,301,301,23,0.07641196013289037,0.07692307692307693,0.07666666666666667,65,14,0.2153846153846154,0.2545454545454545,0.23333333333333334,53,5,0.09433962264150944,0.05434782608695652,0.06896551724137931,183,4,0.02185792349726776,0.02631578947368421,0.023880597014925373,1,0.07666666666666667,0.07666666666666667,0.07666666666666667,nan,nan
denovo_pdb__5l0p_A,2,1030,True,343,343,40,0.11661807580174927,0.13377926421404682,0.12461059190031153,57,16,0.2807017543859649,0.2909090909090909,0.2857142857142857,80,9,0.1125,0.09782608695652174,0.10465116279069768,206,15,0.07281553398058252,0.09868421052631579,0.08379888268156424,1,0.12461059190031153,0.12461059190031153,0.12461059190031153,nan,nan
denovo_pdb__5l0p_A,3,991,True,330,330,41,0.12424242424242424,0.13712374581939799,0.13036565977742448,40,9,0.225,0.16363636363636364,0.1894736842105263,60,10,0.16666666666666666,0.10869565217391304,0.13157894736842102,230,22,0.09565217391304348,0.14473684210526316,0.11518324607329843,1,0.13036565977742448,0.13036565977742448,0.13036565977742448,nan,nan
denovo_pdb__5le4_A,0,715,True,238,238,152,0.6386554621848739,0.6637554585152838,0.6509635974304069,31,21,0.6774193548387096,0.5833333333333334,0.626865671641791,45,20,0.4444444444444444,0.5405405405405406,0.4878048780487805,162,111,0.6851851851851852,0.7115384615384616,0.6981132075471698,1,0.6509635974304069,0.6509635974304069,0.6509635974304069,nan,nan
denovo_pdb__5le4_A,1,814,True,270,270,180,0.6666666666666666,0.7860262008733624,0.721442885771543,37,25,0.6756756756756757,0.6944444444444444,0.684931506849315,48,31,0.6458333333333334,0.8378378378378378,0.7294117647058824,185,124,0.6702702702702703,0.7948717948717948,0.7272727272727272,1,0.721442885771543,0.721442885771543,0.721442885771543,nan,nan
denovo_pdb__5le4_A,2,775,True,258,258,168,0.6511627906976745,0.7336244541484717,0.6899383983572895,35,20,0.5714285714285714,0.5555555555555556,0.5633802816901409,44,28,0.6363636363636364,0.7567567567567568,0.691358024691358,179,120,0.6703910614525139,0.7692307692307693,0.7164179104477612,1,0.6899383983572895,0.6899383983572895,0.6899383983572895,nan,nan
denovo_pdb__5le4_A,3,769,True,255,255,171,0.6705882352941176,0.7467248908296943,0.7066115702479338,41,25,0.6097560975609756,0.6944444444444444,0.6493506493506495,46,28,0.6086956521739131,0.7567567567567568,0.674698795180723,168,118,0.7023809523809523,0.7564102564102564,0.728395061728395,1,0.7066115702479338,0.7066115702479338,0.7066115702479338,nan,nan
denovo_pdb__5lea_A,0,907,True,301,301,177,0.5880398671096345,0.7866666666666666,0.6730038022813688,38,22,0.5789473684210527,0.7586206896551724,0.6567164179104478,49,28,0.5714285714285714,0.7777777777777778,0.6588235294117646,214,127,0.5934579439252337,0.79375,0.679144385026738,1,0.6730038022813688,0.6730038022813688,0.6730038022813688,nan,nan
denovo_pdb__5lea_A,1,796,True,265,265,178,0.6716981132075471,0.7911111111111111,0.7265306122448979,35,23,0.6571428571428571,0.7931034482758621,0.71875,49,31,0.6326530612244898,0.8611111111111112,0.7294117647058823,181,124,0.6850828729281768,0.775,0.7272727272727273,1,0.7265306122448979,0.7265306122448979,0.7265306122448979,nan,nan
denovo_pdb__5lea_A,2,790,True,263,263,178,0.6768060836501901,0.7911111111111111,0.7295081967213114,39,24,0.6153846153846154,0.8275862068965517,0.7058823529411765,40,26,0.65,0.7222222222222222,0.6842105263157895,184,128,0.6956521739130435,0.8,0.7441860465116279,1,0.7295081967213114,0.7295081967213114,0.7295081967213114,nan,nan
denovo_pdb__5lea_A,3,835,True,278,278,173,0.6223021582733813,0.7688888888888888,0.6878727634194831,38,21,0.5526315789473685,0.7241379310344828,0.6268656716417911,48,28,0.5833333333333334,0.7777777777777778,0.6666666666666666,192,124,0.6458333333333334,0.775,0.7045454545454546,1,0.6878727634194831,0.6878727634194831,0.6878727634194831,nan,nan
denovo_pdb__5od1_A,0,94,True,31,31,4,0.12903225806451613,0.07017543859649122,0.0909090909090909,11,2,0.18181818181818182,0.25,0.2105263157894737,12,1,0.08333333333333333,0.05263157894736842,0.06451612903225808,8,1,0.125,0.03333333333333333,0.052631578947368425,1,0.0909090909090909,0.0909090909090909,0.0909090909090909,nan,nan
denovo_pdb__5od1_A,1,292,True,97,97,6,0.061855670103092786,0.10526315789473684,0.07792207792207792,16,3,0.1875,0.375,0.25,14,2,0.14285714285714285,0.10526315789473684,0.12121212121212122,67,1,0.014925373134328358,0.03333333333333333,0.020618556701030927,1,0.07792207792207792,0.07792207792207792,0.07792207792207792,nan,nan
denovo_pdb__5od1_A,2,94,True,31,31,4,0.12903225806451613,0.07017543859649122,0.0909090909090909,10,0,0.0,0.0,0.0,7,3,0.42857142857142855,0.15789473684210525,0.23076923076923078,14,1,0.07142857142857142,0.03333333333333333,0.045454545454545456,1,0.0909090909090909,0.0909090909090909,0.0909090909090909,nan,nan
denovo_pdb__5od1_A,3,226,True,75,75,24,0.32,0.42105263157894735,0.3636363636363636,10,5,0.5,0.625,0.5555555555555556,17,9,0.5294117647058824,0.47368421052631576,0.5,48,10,0.20833333333333334,0.3333333333333333,0.25641025641025644,1,0.3636363636363636,0.3636363636363636,0.3636363636363636,nan,nan
denovo_pdb__5oou_A,0,367,True,122,122,74,0.6065573770491803,0.6166666666666667,0.6115702479338844,17,9,0.5294117647058824,0.6428571428571429,0.5806451612903226,17,8,0.47058823529411764,0.4444444444444444,0.45714285714285713,88,57,0.6477272727272727,0.6477272727272727,0.6477272727272727,1,0.6115702479338844,0.6115702479338844,0.6115702479338844,nan,nan
denovo_pdb__5oou_A,1,358,True,119,119,82,0.6890756302521008,0.6833333333333333,0.6861924686192469,16,11,0.6875,0.7857142857142857,0.7333333333333334,21,14,0.6666666666666666,0.7777777777777778,0.717948717948718,82,57,0.6951219512195121,0.6477272727272727,0.6705882352941176,1,0.6861924686192469,0.6861924686192469,0.6861924686192469,nan,nan
denovo_pdb__5oou_A,2,373,True,124,124,89,0.717741935483871,0.7416666666666667,0.7295081967213115,20,11,0.55,0.7857142857142857,0.6470588235294117,13,11,0.8461538461538461,0.6111111111111112,0.7096774193548387,91,67,0.7362637362637363,0.7613636363636364,0.7486033519553074,1,0.7295081967213115,0.7295081967213115,0.7295081967213115,nan,nan
denovo_pdb__5oou_A,3,379,True,126,126,89,0.7063492063492064,0.7416666666666667,0.7235772357723577,17,11,0.6470588235294118,0.7857142857142857,0.7096774193548386,18,14,0.7777777777777778,0.7777777777777778,0.7777777777777778,91,64,0.7032967032967034,0.7272727272727273,0.7150837988826816,1,0.7235772357723577,0.7235772357723577,0.7235772357723577,nan,nan
denovo_pdb__5orm_A,0,868,True,286,286,140,0.48951048951048953,0.6060606060606061,0.5415860735009671,39,16,0.41025641025641024,0.64,0.5,95,51,0.5368421052631579,0.6296296296296297,0.5795454545454546,152,73,0.48026315789473684,0.584,0.5270758122743683,1,0.5415860735009671,0.5415860735009671,0.5415860735009671,nan,nan
denovo_pdb__5orm_A,1,907,True,298,298,177,0.5939597315436241,0.7662337662337663,0.6691871455576559,38,19,0.5,0.76,0.6031746031746031,101,68,0.6732673267326733,0.8395061728395061,0.7472527472527474,159,90,0.5660377358490566,0.72,0.6338028169014084,1,0.6691871455576559,0.6691871455576559,0.6691871455576559,nan,nan
denovo_pdb__5orm_A,2,943,True,309,309,163,0.5275080906148867,0.7056277056277056,0.6037037037037037,40,16,0.4,0.64,0.4923076923076923,104,62,0.5961538461538461,0.7654320987654321,0.6702702702702702,165,85,0.5151515151515151,0.68,0.5862068965517241,1,0.6037037037037037,0.6037037037037037,0.6037037037037037,nan,nan
denovo_pdb__5orm_A,3,823,True,267,267,151,0.5655430711610487,0.6536796536796536,0.606425702811245,40,21,0.525,0.84,0.6461538461538462,88,59,0.6704545454545454,0.7283950617283951,0.6982248520710058,139,71,0.5107913669064749,0.568,0.537878787878788,1,0.606425702811245,0.606425702811245,0.606425702811245,nan,nan
denovo_pdb__5vjs_A,0,541,True,180,180,6,0.03333333333333333,0.03870967741935484,0.035820895522388055,14,3,0.21428571428571427,0.75,0.3333333333333333,14,1,0.07142857142857142,0.04,0.05128205128205128,152,2,0.013157894736842105,0.015873015873015872,0.014388489208633094,1,0.035820895522388055,0.035820895522388055,0.035820895522388055,nan,nan
denovo_pdb__5vjs_A,1,388,True,129,129,22,0.17054263565891473,0.14193548387096774,0.15492957746478872,10,2,0.2,0.5,0.28571428571428575,32,9,0.28125,0.36,0.3157894736842105,87,11,0.12643678160919541,0.0873015873015873,0.10328638497652581,1,0.15492957746478872,0.15492957746478872,0.15492957746478872,nan,nan
denovo_pdb__5vjs_A,2,223,True,74,74,7,0.0945945945945946,0.04516129032258064,0.0611353711790393,1,0,0.0,0.0,0.0,11,5,0.45454545454545453,0.2,0.2777777777777778,62,2,0.03225806451612903,0.015873015873015872,0.02127659574468085,1,0.0611353711790393,0.0611353711790393,0.0611353711790393,nan,nan
denovo_pdb__5vjs_A,3,592,True,197,197,5,0.025380710659898477,0.03225806451612903,0.028409090909090908,18,1,0.05555555555555555,0.25,0.0909090909090909,22,4,0.18181818181818182,0.16,0.1702127659574468,157,0,0.0,0.0,0.0,1,0.028409090909090908,0.028409090909090908,0.028409090909090908,nan,nan
denovo_pdb__5vju_A,0,364,True,121,121,5,0.04132231404958678,0.03289473684210526,0.03663003663003663,9,0,0.0,0.0,0.0,16,2,0.125,0.08333333333333333,0.1,96,3,0.03125,0.024,0.027149321266968326,1,0.03663003663003663,0.03663003663003663,0.03663003663003663,nan,nan
denovo_pdb__5vju_A,1,478,True,159,159,6,0.03773584905660377,0.039473684210526314,0.03858520900321543,13,1,0.07692307692307693,0.3333333333333333,0.125,11,2,0.18181818181818182,0.08333333333333333,0.1142857142857143,135,3,0.022222222222222223,0.024,0.023076923076923078,1,0.03858520900321543,0.03858520900321543,0.03858520900321543,nan,nan
denovo_pdb__5vju_A,2,547,True,182,182,39,0.21428571428571427,0.2565789473684211,0.23353293413173654,7,1,0.14285714285714285,0.3333333333333333,0.2,27,12,0.4444444444444444,0.5,0.47058823529411764,148,26,0.17567567567567569,0.208,0.19047619047619047,1,0.23353293413173654,0.23353293413173654,0.23353293413173654,nan,nan
denovo_pdb__5vju_A,3,460,True,153,153,40,0.26143790849673204,0.2631578947368421,0.26229508196721313,6,1,0.16666666666666666,0.3333333333333333,0.2222222222222222,24,16,0.6666666666666666,0.6666666666666666,0.6666666666666666,123,23,0.18699186991869918,0.184,0.18548387096774197,1,0.26229508196721313,0.26229508196721313,0.26229508196721313,nan,nan
denovo_pdb__5xg5_A,0,484,True,161,161,14,0.08695652173913043,0.07777777777777778,0.08211143695014662,32,8,0.25,0.26666666666666666,0.2580645161290323,34,4,0.11764705882352941,0.09302325581395349,0.1038961038961039,95,2,0.021052631578947368,0.018691588785046728,0.0198019801980198,1,0.08211143695014662,0.08211143695014662,0.08211143695014662,nan,nan
denovo_pdb__5xg5_A,1,505,True,168,168,23,0.13690476190476192,0.12777777777777777,0.13218390804597702,44,12,0.2727272727272727,0.4,0.3243243243243243,39,5,0.1282051282051282,0.11627906976744186,0.12195121951219512,85,6,0.07058823529411765,0.056074766355140186,0.0625,1,0.13218390804597702,0.13218390804597702,0.13218390804597702,nan,nan
denovo_pdb__5xg5_A,2,529,True,176,176,34,0.19318181818181818,0.18888888888888888,0.19101123595505617,35,10,0.2857142857142857,0.3333333333333333,0.30769230769230765,45,6,0.13333333333333333,0.13953488372093023,0.13636363636363635,96,18,0.1875,0.16822429906542055,0.1773399014778325,1,0.19101123595505617,0.19101123595505617,0.19101123595505617,nan,nan
denovo_pdb__5xg5_A,3,505,True,168,168,24,0.14285714285714285,0.13333333333333333,0.1379310344827586,34,14,0.4117647058823529,0.4666666666666667,0.43749999999999994,43,6,0.13953488372093023,0.13953488372093023,0.13953488372093023,91,4,0.04395604395604396,0.037383177570093455,0.04040404040404041,1,0.1379310344827586,0.1379310344827586,0.1379310344827586,nan,nan
denovo_pdb__6ais_O,0,547,True,182,182,14,0.07692307692307693,0.06862745098039216,0.07253886010362694,37,6,0.16216216216216217,0.09375,0.11881188118811882,47,7,0.14893617021276595,0.07142857142857142,0.09655172413793103,98,1,0.01020408163265306,0.023809523809523808,0.014285714285714285,1,0.07253886010362694,0.07253886010362694,0.07253886010362694,nan,nan
denovo_pdb__6ais_O,1,670,True,223,223,22,0.09865470852017937,0.10784313725490197,0.10304449648711943,36,7,0.19444444444444445,0.109375,0.14,73,12,0.1643835616438356,0.12244897959183673,0.14035087719298242,114,3,0.02631578947368421,0.07142857142857142,0.038461538461538464,1,0.10304449648711943,0.10304449648711943,0.10304449648711943,nan,nan
denovo_pdb__6ais_O,2,571,True,190,190,20,0.10526315789473684,0.09803921568627451,0.10152284263959392,29,6,0.20689655172413793,0.09375,0.12903225806451615,42,12,0.2857142857142857,0.12244897959183673,0.1714285714285714,119,2,0.01680672268907563,0.047619047619047616,0.02484472049689441,1,0.10152284263959392,0.10152284263959392,0.10152284263959392,nan,nan
denovo_pdb__6ais_O,3,664,True,221,221,36,0.16289592760180996,0.17647058823529413,0.16941176470588235,47,15,0.3191489361702128,0.234375,0.2702702702702703,89,21,0.23595505617977527,0.21428571428571427,0.22459893048128343,85,0,0.0,0.0,0.0,1,0.16941176470588235,0.16941176470588235,0.16941176470588235,nan,nan
denovo_pdb__6ee5_A,0,1087,True,362,362,25,0.06906077348066299,0.06775067750677506,0.06839945280437756,68,10,0.14705882352941177,0.3333333333333333,0.20408163265306123,83,10,0.12048192771084337,0.20408163265306123,0.15151515151515152,211,5,0.023696682464454975,0.017241379310344827,0.019960079840319358,1,0.06839945280437756,0.06839945280437756,0.06839945280437756,nan,nan
denovo_pdb__6ee5_A,1,943,True,314,314,19,0.06050955414012739,0.051490514905149054,0.055636896046852125,51,8,0.1568627450980392,0.26666666666666666,0.19753086419753085,62,7,0.11290322580645161,0.14285714285714285,0.12612612612612611,201,4,0.01990049751243781,0.013793103448275862,0.016293279022403257,1,0.055636896046852125,0.055636896046852125,0.055636896046852125,nan,nan
denovo_pdb__6ee5_A,2,1183,True,394,394,23,0.0583756345177665,0.06233062330623306,0.06028833551769331,50,7,0.14,0.23333333333333334,0.17500000000000002,50,5,0.1,0.10204081632653061,0.10101010101010102,294,11,0.03741496598639456,0.03793103448275862,0.03767123287671232,1,0.06028833551769331,0.06028833551769331,0.06028833551769331,nan,nan
denovo_pdb__6ee5_A,3,1111,True,370,370,14,0.03783783783783784,0.037940379403794036,0.037889039242219216,62,7,0.11290322580645161,0.23333333333333334,0.15217391304347824,43,3,0.06976744186046512,0.061224489795918366,0.06521739130434782,265,4,0.01509433962264151,0.013793103448275862,0.014414414414414415,1,0.037889039242219216,0.037889039242219216,0.037889039242219216,nan,nan
denovo_pdb__6f0s_A,0,652,True,217,217,114,0.5253456221198156,0.5728643216080402,0.548076923076923,47,38,0.8085106382978723,0.7169811320754716,0.76,83,32,0.3855421686746988,0.5245901639344263,0.4444444444444444,87,44,0.5057471264367817,0.5176470588235295,0.5116279069767442,1,0.548076923076923,0.548076923076923,0.548076923076923,nan,nan
denovo_pdb__6f0s_A,1,658,True,219,219,105,0.4794520547945205,0.5276381909547738,0.5023923444976076,58,38,0.6551724137931034,0.7169811320754716,0.6846846846846846,73,27,0.3698630136986301,0.4426229508196721,0.40298507462686567,88,40,0.45454545454545453,0.47058823529411764,0.46242774566473993,1,0.5023923444976076,0.5023923444976076,0.5023923444976076,nan,nan
denovo_pdb__6f0s_A,2,637,True,212,212,128,0.6037735849056604,0.6432160804020101,0.6228710462287104,57,47,0.8245614035087719,0.8867924528301887,0.8545454545454546,71,35,0.49295774647887325,0.5737704918032787,0.5303030303030303,84,46,0.5476190476190477,0.5411764705882353,0.544378698224852,1,0.6228710462287104,0.6228710462287104,0.6228710462287104,nan,nan
denovo_pdb__6f0s_A,3,646,True,215,215,130,0.6046511627906976,0.6532663316582915,0.6280193236714976,51,41,0.803921568627451,0.7735849056603774,0.7884615384615384,83,39,0.46987951807228917,0.639344262295082,0.5416666666666666,81,50,0.6172839506172839,0.5882352941176471,0.6024096385542168,1,0.6280193236714976,0.6280193236714976,0.6280193236714976,nan,nan
denovo_pdb__6fpb_A,0,367,True,122,122,90,0.7377049180327869,0.7894736842105263,0.7627118644067797,19,13,0.6842105263157895,0.8125,0.742857142857143,17,12,0.7058823529411765,0.631578947368421,0.6666666666666667,86,65,0.7558139534883721,0.8227848101265823,0.787878787878788,1,0.7627118644067797,0.7627118644067797,0.7627118644067797,nan,nan
denovo_pdb__6fpb_A,1,412,True,137,137,94,0.6861313868613139,0.8245614035087719,0.7490039840637449,18,10,0.5555555555555556,0.625,0.5882352941176471,26,16,0.6153846153846154,0.8421052631578947,0.7111111111111111,93,68,0.7311827956989247,0.8607594936708861,0.7906976744186047,1,0.7490039840637449,0.7490039840637449,0.7490039840637449,nan,nan
denovo_pdb__6fpb_A,2,370,True,123,123,85,0.6910569105691057,0.7456140350877193,0.7172995780590716,18,9,0.5,0.5625,0.5294117647058824,21,16,0.7619047619047619,0.8421052631578947,0.8,84,60,0.7142857142857143,0.759493670886076,0.736196319018405,1,0.7172995780590716,0.7172995780590716,0.7172995780590716,nan,nan
denovo_pdb__6fpb_A,3,382,True,127,127,93,0.7322834645669292,0.8157894736842105,0.7717842323651452,20,13,0.65,0.8125,0.7222222222222223,17,16,0.9411764705882353,0.8421052631578947,0.8888888888888888,90,64,0.7111111111111111,0.810126582278481,0.757396449704142,1,0.7717842323651452,0.7717842323651452,0.7717842323651452,nan,nan
denovo_pdb__6g6p_A,0,1129,True,376,376,211,0.5611702127659575,0.6512345679012346,0.6028571428571429,67,49,0.7313432835820896,0.8448275862068966,0.784,144,79,0.5486111111111112,0.626984126984127,0.5851851851851853,165,83,0.503030303030303,0.5928571428571429,0.5442622950819672,1,0.6028571428571429,0.6028571428571429,0.6028571428571429,nan,nan
denovo_pdb__6g6p_A,1,1087,True,362,362,220,0.6077348066298343,0.6790123456790124,0.6413994169096211,72,54,0.75,0.9310344827586207,0.8307692307692308,141,81,0.574468085106383,0.6428571428571429,0.6067415730337079,149,85,0.5704697986577181,0.6071428571428571,0.5882352941176471,1,0.6413994169096211,0.6413994169096211,0.6413994169096211,nan,nan
denovo_pdb__6g6p_A,2,1081,True,360,360,225,0.625,0.6944444444444444,0.6578947368421053,72,50,0.6944444444444444,0.8620689655172413,0.7692307692307692,136,82,0.6029411764705882,0.6507936507936508,0.6259541984732825,152,93,0.6118421052631579,0.6642857142857143,0.6369863013698629,1,0.6578947368421053,0.6578947368421053,0.6578947368421053,nan,nan
denovo_pdb__6g6p_A,3,1132,True,377,377,228,0.6047745358090185,0.7037037037037037,0.6504992867332383,75,51,0.68,0.8793103448275862,0.7669172932330827,141,82,0.5815602836879432,0.6507936507936508,0.6142322097378277,161,95,0.5900621118012422,0.6785714285714286,0.6312292358803986,1,0.6504992867332383,0.6504992867332383,0.6504992867332383,nan,nan
denovo_pdb__6i38_A,0,712,True,237,237,154,0.6497890295358649,0.7298578199052133,0.6875,65,57,0.8769230769230769,0.890625,0.883720930232558,92,48,0.5217391304347826,0.7619047619047619,0.6193548387096773,80,49,0.6125,0.5833333333333334,0.5975609756097562,1,0.6875,0.6875,0.6875,nan,nan
denovo_pdb__6i38_A,1,685,True,228,228,148,0.6491228070175439,0.7014218009478673,0.6742596810933942,62,59,0.9516129032258065,0.921875,0.9365079365079365,80,39,0.4875,0.6190476190476191,0.5454545454545454,86,50,0.5813953488372093,0.5952380952380952,0.5882352941176471,1,0.6742596810933942,0.6742596810933942,0.6742596810933942,nan,nan
denovo_pdb__6i38_A,2,703,True,234,234,141,0.6025641025641025,0.6682464454976303,0.6337078651685393,66,52,0.7878787878787878,0.8125,0.8,81,43,0.5308641975308642,0.6825396825396826,0.5972222222222223,87,46,0.5287356321839081,0.5476190476190477,0.5380116959064327,1,0.6337078651685393,0.6337078651685393,0.6337078651685393,nan,nan
denovo_pdb__6i38_A,3,688,True,229,229,130,0.5676855895196506,0.6161137440758294,0.5909090909090908,64,50,0.78125,0.78125,0.78125,95,41,0.43157894736842106,0.6507936507936508,0.5189873417721519,70,39,0.5571428571428572,0.4642857142857143,0.5064935064935066,1,0.5909090909090908,0.5909090909090908,0.5909090909090908,nan,nan
denovo_pdb__6i3a_A,0,769,True,256,256,144,0.5625,0.6824644549763034,0.6167023554603855,64,54,0.84375,0.9152542372881356,0.8780487804878049,76,35,0.4605263157894737,0.5555555555555556,0.5035971223021583,116,55,0.47413793103448276,0.6179775280898876,0.5365853658536586,1,0.6167023554603855,0.6167023554603855,0.6167023554603855,nan,nan
denovo_pdb__6i3a_A,1,715,True,237,237,136,0.5738396624472574,0.6445497630331753,0.6071428571428571,56,48,0.8571428571428571,0.8135593220338984,0.8347826086956522,89,41,0.4606741573033708,0.6507936507936508,0.5394736842105263,92,47,0.5108695652173914,0.5280898876404494,0.5193370165745856,1,0.6071428571428571,0.6071428571428571,0.6071428571428571,nan,nan
denovo_pdb__6i3a_A,2,667,True,222,222,132,0.5945945945945946,0.6255924170616114,0.6096997690531178,57,46,0.8070175438596491,0.7796610169491526,0.7931034482758621,88,46,0.5227272727272727,0.7301587301587301,0.6092715231788081,77,40,0.5194805194805194,0.449438202247191,0.48192771084337344,1,0.6096997690531178,0.6096997690531178,0.6096997690531178,nan,nan
denovo_pdb__6i3a_A,3,706,True,235,235,138,0.5872340425531914,0.6540284360189573,0.6188340807174887,56,48,0.8571428571428571,0.8135593220338984,0.8347826086956522,80,36,0.45,0.5714285714285714,0.5034965034965034,99,54,0.5454545454545454,0.6067415730337079,0.5744680851063829,1,0.6188340807174887,0.6188340807174887,0.6188340807174887,nan,nan
denovo_pdb__6idc_A,0,457,True,152,152,22,0.14473684210526316,0.12790697674418605,0.13580246913580246,35,12,0.34285714285714286,0.19672131147540983,0.25,66,9,0.13636363636363635,0.10344827586206896,0.11764705882352941,51,1,0.0196078431372549,0.041666666666666664,0.026666666666666665,1,0.13580246913580246,0.13580246913580246,0.13580246913580246,nan,nan
denovo_pdb__6idc_A,1,472,True,156,156,35,0.22435897435897437,0.20348837209302326,0.21341463414634146,52,17,0.3269230769230769,0.2786885245901639,0.30088495575221236,82,15,0.18292682926829268,0.1724137931034483,0.1775147928994083,22,3,0.13636363636363635,0.125,0.13043478260869565,1,0.21341463414634146,0.21341463414634146,0.21341463414634146,nan,nan
denovo_pdb__6idc_A,2,472,True,157,157,33,0.21019108280254778,0.19186046511627908,0.2006079027355623,46,19,0.41304347826086957,0.3114754098360656,0.3551401869158879,69,14,0.2028985507246377,0.16091954022988506,0.17948717948717946,42,0,0.0,0.0,0.0,1,0.2006079027355623,0.2006079027355623,0.2006079027355623,nan,nan
denovo_pdb__6idc_A,3,646,True,215,215,16,0.07441860465116279,0.09302325581395349,0.082687338501292,37,11,0.2972972972972973,0.18032786885245902,0.22448979591836732,38,5,0.13157894736842105,0.05747126436781609,0.08,140,0,0.0,0.0,0.0,1,0.082687338501292,0.082687338501292,0.082687338501292,nan,nan
denovo_pdb__6jcc_A,0,64,True,21,21,4,0.19047619047619047,0.05063291139240506,0.08,10,3,0.3,0.3,0.3,7,0,0.0,0.0,0.0,4,1,0.25,0.017543859649122806,0.03278688524590164,1,0.08,0.08,0.08,nan,nan
denovo_pdb__6jcc_A,1,244,True,81,81,6,0.07407407407407407,0.0759493670886076,0.075,20,4,0.2,0.4,0.26666666666666666,9,0,0.0,0.0,0.0,52,2,0.038461538461538464,0.03508771929824561,0.03669724770642201,1,0.075,0.075,0.075,nan,nan
denovo_pdb__6jcc_A,2,175,True,58,58,3,0.05172413793103448,0.0379746835443038,0.043795620437956206,14,3,0.21428571428571427,0.3,0.25,13,0,0.0,0.0,0.0,31,0,0.0,0.0,0.0,1,0.043795620437956206,0.043795620437956206,0.043795620437956206,nan,nan
denovo_pdb__6jcc_A,3,160,True,53,53,11,0.20754716981132076,0.13924050632911392,0.16666666666666666,15,6,0.4,0.6,0.48,16,5,0.3125,0.4166666666666667,0.35714285714285715,22,0,0.0,0.0,0.0,1,0.16666666666666666,0.16666666666666666,0.16666666666666666,nan,nan
denovo_pdb__6mrs_A,0,187,True,62,62,30,0.4838709677419355,0.45454545454545453,0.46874999999999994,13,10,0.7692307692307693,0.7692307692307693,0.7692307692307693,14,9,0.6428571428571429,0.6428571428571429,0.6428571428571429,35,11,0.3142857142857143,0.28205128205128205,0.29729729729729726,1,0.46874999999999994,0.46874999999999994,0.46874999999999994,nan,nan
denovo_pdb__6mrs_A,1,160,True,53,53,37,0.6981132075471698,0.5606060606060606,0.6218487394957982,12,10,0.8333333333333334,0.7692307692307693,0.8,14,8,0.5714285714285714,0.5714285714285714,0.5714285714285714,27,19,0.7037037037037037,0.48717948717948717,0.5757575757575758,1,0.6218487394957982,0.6218487394957982,0.6218487394957982,nan,nan
denovo_pdb__6mrs_A,2,208,True,69,69,16,0.2318840579710145,0.24242424242424243,0.23703703703703702,15,5,0.3333333333333333,0.38461538461538464,0.3571428571428571,11,3,0.2727272727272727,0.21428571428571427,0.23999999999999996,43,8,0.18604651162790697,0.20512820512820512,0.1951219512195122,1,0.23703703703703702,0.23703703703703702,0.23703703703703702,nan,nan
denovo_pdb__6mrs_A,3,184,True,61,61,35,0.5737704918032787,0.5303030303030303,0.5511811023622047,14,7,0.5,0.5384615384615384,0.5185185185185186,16,7,0.4375,0.5,0.4666666666666667,31,21,0.6774193548387096,0.5384615384615384,0.6,1,0.5511811023622047,0.5511811023622047,0.5511811023622047,nan,nan
denovo_pdb__6naf_A,0,136,True,45,45,21,0.4666666666666667,0.6,0.5249999999999999,3,1,0.3333333333333333,0.5,0.4,11,5,0.45454545454545453,0.625,0.5263157894736842,31,15,0.4838709677419355,0.6,0.5357142857142857,1,0.5249999999999999,0.5249999999999999,0.5249999999999999,nan,nan
denovo_pdb__6naf_A,1,112,True,37,37,15,0.40540540540540543,0.42857142857142855,0.4166666666666667,7,1,0.14285714285714285,0.5,0.22222222222222224,6,3,0.5,0.375,0.42857142857142855,24,11,0.4583333333333333,0.44,0.4489795918367347,1,0.4166666666666667,0.4166666666666667,0.4166666666666667,nan,nan
denovo_pdb__6naf_A,2,94,True,31,31,3,0.0967741935483871,0.08571428571428572,0.0909090909090909,3,1,0.3333333333333333,0.5,0.4,7,2,0.2857142857142857,0.25,0.26666666666666666,21,0,0.0,0.0,0.0,1,0.0909090909090909,0.0909090909090909,0.0909090909090909,nan,nan
denovo_pdb__6naf_A,3,115,True,38,38,15,0.39473684210526316,0.42857142857142855,0.4109589041095891,2,1,0.5,0.5,0.5,9,5,0.5555555555555556,0.625,0.5882352941176471,27,9,0.3333333333333333,0.36,0.34615384615384615,1,0.4109589041095891,0.4109589041095891,0.4109589041095891,nan,nan
denovo_pdb__6nla_A,0,148,True,49,49,18,0.3673469387755102,0.5294117647058824,0.4337349397590361,8,3,0.375,0.5,0.42857142857142855,16,8,0.5,0.6666666666666666,0.5714285714285715,25,7,0.28,0.4375,0.34146341463414637,1,0.4337349397590361,0.4337349397590361,0.4337349397590361,nan,nan
denovo_pdb__6nla_A,1,124,True,41,41,13,0.3170731707317073,0.38235294117647056,0.3466666666666666,8,3,0.375,0.5,0.42857142857142855,9,5,0.5555555555555556,0.4166666666666667,0.4761904761904762,24,5,0.20833333333333334,0.3125,0.25,1,0.3466666666666666,0.3466666666666666,0.3466666666666666,nan,nan
denovo_pdb__6nla_A,2,127,True,41,41,11,0.2682926829268293,0.3235294117647059,0.2933333333333334,6,1,0.16666666666666666,0.16666666666666666,0.16666666666666666,16,4,0.25,0.3333333333333333,0.28571428571428575,19,6,0.3157894736842105,0.375,0.34285714285714286,1,0.2933333333333334,0.2933333333333334,0.2933333333333334,nan,nan
denovo_pdb__6nla_A,3,106,True,35,35,11,0.3142857142857143,0.3235294117647059,0.31884057971014496,9,2,0.2222222222222222,0.3333333333333333,0.26666666666666666,9,6,0.6666666666666666,0.5,0.5714285714285715,17,3,0.17647058823529413,0.1875,0.1818181818181818,1,0.31884057971014496,0.31884057971014496,0.31884057971014496,nan,nan
denovo_pdb__6qsd_A,0,652,True,217,217,134,0.6175115207373272,0.6036036036036037,0.6104783599088838,51,41,0.803921568627451,0.803921568627451,0.8039215686274509,80,42,0.525,0.6176470588235294,0.5675675675675677,86,51,0.5930232558139535,0.49514563106796117,0.5396825396825398,1,0.6104783599088838,0.6104783599088838,0.6104783599088838,nan,nan
denovo_pdb__6qsd_A,1,646,True,215,215,127,0.5906976744186047,0.5720720720720721,0.5812356979405034,53,35,0.660377358490566,0.6862745098039216,0.6730769230769231,83,38,0.4578313253012048,0.5588235294117647,0.5033112582781457,79,54,0.6835443037974683,0.5242718446601942,0.5934065934065935,1,0.5812356979405034,0.5812356979405034,0.5812356979405034,nan,nan
denovo_pdb__6qsd_A,2,676,True,225,225,136,0.6044444444444445,0.6126126126126126,0.6085011185682326,57,46,0.8070175438596491,0.9019607843137255,0.8518518518518519,83,42,0.5060240963855421,0.6176470588235294,0.5562913907284768,85,48,0.5647058823529412,0.46601941747572817,0.5106382978723405,1,0.6085011185682326,0.6085011185682326,0.6085011185682326,nan,nan
denovo_pdb__6qsd_A,3,598,True,199,199,128,0.6432160804020101,0.5765765765765766,0.6080760095011877,52,43,0.8269230769230769,0.8431372549019608,0.8349514563106797,73,36,0.4931506849315068,0.5294117647058824,0.5106382978723404,74,49,0.6621621621621622,0.47572815533980584,0.5536723163841809,1,0.6080760095011877,0.6080760095011877,0.6080760095011877,nan,nan
denovo_pdb__6qsg_A,0,712,True,237,237,145,0.6118143459915611,0.7142857142857143,0.6590909090909091,54,46,0.8518518518518519,0.9019607843137255,0.8761904761904761,84,39,0.4642857142857143,0.6724137931034483,0.5492957746478873,99,60,0.6060606060606061,0.6382978723404256,0.6217616580310881,1,0.6590909090909091,0.6590909090909091,0.6590909090909091,nan,nan
denovo_pdb__6qsg_A,1,649,True,216,216,130,0.6018518518518519,0.6403940886699507,0.620525059665871,55,46,0.8363636363636363,0.9019607843137255,0.8679245283018867,81,36,0.4444444444444444,0.6206896551724138,0.5179856115107913,80,48,0.6,0.5106382978723404,0.5517241379310344,1,0.620525059665871,0.620525059665871,0.620525059665871,nan,nan
denovo_pdb__6qsg_A,2,589,True,195,195,112,0.5743589743589743,0.5517241379310345,0.5628140703517588,55,40,0.7272727272727273,0.7843137254901961,0.7547169811320754,68,30,0.4411764705882353,0.5172413793103449,0.47619047619047616,72,42,0.5833333333333334,0.44680851063829785,0.5060240963855422,1,0.5628140703517588,0.5628140703517588,0.5628140703517588,nan,nan
denovo_pdb__6qsg_A,3,640,True,213,213,121,0.568075117370892,0.5960591133004927,0.5817307692307693,54,41,0.7592592592592593,0.803921568627451,0.780952380952381,78,37,0.47435897435897434,0.6379310344827587,0.5441176470588236,81,43,0.5308641975308642,0.4574468085106383,0.4914285714285714,1,0.5817307692307693,0.5817307692307693,0.5817307692307693,nan,nan
denovo_pdb__6rej_A,0,616,True,205,205,134,0.6536585365853659,0.600896860986547,0.6261682242990654,51,40,0.7843137254901961,0.7692307692307693,0.7766990291262137,80,44,0.55,0.6376811594202898,0.5906040268456376,74,50,0.6756756756756757,0.49019607843137253,0.5681818181818181,1,0.6261682242990654,0.6261682242990654,0.6261682242990654,nan,nan
denovo_pdb__6rej_A,1,772,True,256,256,144,0.5625,0.6457399103139013,0.6012526096033403,56,41,0.7321428571428571,0.7884615384615384,0.7592592592592592,82,42,0.5121951219512195,0.6086956521739131,0.5562913907284769,118,61,0.5169491525423728,0.5980392156862745,0.5545454545454545,1,0.6012526096033403,0.6012526096033403,0.6012526096033403,nan,nan
denovo_pdb__6rej_A,2,661,True,220,220,149,0.6772727272727272,0.6681614349775785,0.6726862302483071,55,46,0.8363636363636363,0.8846153846153846,0.8598130841121494,78,43,0.5512820512820513,0.6231884057971014,0.5850340136054423,87,60,0.6896551724137931,0.5882352941176471,0.6349206349206349,1,0.6726862302483071,0.6726862302483071,0.6726862302483071,nan,nan
denovo_pdb__6rej_A,3,643,True,214,214,131,0.6121495327102804,0.5874439461883408,0.5995423340961098,57,39,0.6842105263157895,0.75,0.7155963302752295,77,43,0.5584415584415584,0.6231884057971014,0.589041095890411,80,49,0.6125,0.4803921568627451,0.5384615384615384,1,0.5995423340961098,0.5995423340961098,0.5995423340961098,nan,nan
denovo_pdb__6rem_A,0,673,True,224,224,145,0.6473214285714286,0.6502242152466368,0.6487695749440715,55,44,0.8,0.8461538461538461,0.8224299065420562,77,40,0.5194805194805194,0.5797101449275363,0.5479452054794519,92,61,0.6630434782608695,0.5980392156862745,0.6288659793814433,1,0.6487695749440715,0.6487695749440715,0.6487695749440715,nan,nan
denovo_pdb__6rem_A,1,628,True,209,209,128,0.6124401913875598,0.5739910313901345,0.5925925925925926,53,38,0.7169811320754716,0.7307692307692307,0.7238095238095238,77,40,0.5194805194805194,0.5797101449275363,0.5479452054794519,79,50,0.6329113924050633,0.49019607843137253,0.5524861878453039,1,0.5925925925925926,0.5925925925925926,0.5925925925925926,nan,nan
denovo_pdb__6rem_A,2,625,True,208,208,118,0.5673076923076923,0.5291479820627802,0.5475638051044083,53,41,0.7735849056603774,0.7884615384615384,0.780952380952381,74,35,0.47297297297297297,0.5072463768115942,0.4895104895104895,81,42,0.5185185185185185,0.4117647058823529,0.45901639344262296,1,0.5475638051044083,0.5475638051044083,0.5475638051044083,nan,nan
denovo_pdb__6rem_A,3,724,True,241,241,139,0.5767634854771784,0.6233183856502242,0.5991379310344828,52,44,0.8461538461538461,0.8461538461538461,0.8461538461538461,92,41,0.44565217391304346,0.5942028985507246,0.5093167701863354,97,54,0.5567010309278351,0.5294117647058824,0.5427135678391959,1,0.5991379310344828,0.5991379310344828,0.5991379310344828,nan,nan
denovo_pdb__6rlh_A,0,721,True,240,240,128,0.5333333333333333,0.5981308411214953,0.5638766519823788,61,37,0.6065573770491803,0.6981132075471698,0.6491228070175438,85,40,0.47058823529411764,0.5970149253731343,0.5263157894736841,94,51,0.5425531914893617,0.5425531914893617,0.5425531914893617,1,0.5638766519823788,0.5638766519823788,0.5638766519823788,nan,nan
denovo_pdb__6rlh_A,1,622,True,206,206,120,0.5825242718446602,0.5607476635514018,0.5714285714285715,50,42,0.84,0.7924528301886793,0.8155339805825242,73,37,0.5068493150684932,0.5522388059701493,0.5285714285714286,83,41,0.4939759036144578,0.43617021276595747,0.46327683615819215,1,0.5714285714285715,0.5714285714285715,0.5714285714285715,nan,nan
denovo_pdb__6rlh_A,2,700,True,233,233,127,0.5450643776824035,0.5934579439252337,0.5682326621923938,61,41,0.6721311475409836,0.7735849056603774,0.719298245614035,71,39,0.5492957746478874,0.582089552238806,0.5652173913043479,101,47,0.46534653465346537,0.5,0.4820512820512821,1,0.5682326621923938,0.5682326621923938,0.5682326621923938,nan,nan
denovo_pdb__6rlh_A,3,607,True,202,202,118,0.5841584158415841,0.5514018691588785,0.5673076923076923,52,39,0.75,0.7358490566037735,0.7428571428571428,73,35,0.4794520547945205,0.5223880597014925,0.5,77,44,0.5714285714285714,0.46808510638297873,0.5146198830409356,1,0.5673076923076923,0.5673076923076923,0.5673076923076923,nan,nan
denovo_pdb__6sa6_A,0,979,True,326,326,177,0.5429447852760736,0.5654952076677316,0.5539906103286385,39,15,0.38461538461538464,0.45454545454545453,0.41666666666666663,37,24,0.6486486486486487,0.48,0.5517241379310345,250,138,0.552,0.6,0.575,1,0.5539906103286385,0.5539906103286385,0.5539906103286385,nan,nan
denovo_pdb__6sa6_A,1,1018,True,339,339,177,0.5221238938053098,0.5654952076677316,0.5429447852760736,42,19,0.4523809523809524,0.5757575757575758,0.5066666666666667,61,36,0.5901639344262295,0.72,0.6486486486486487,236,122,0.5169491525423728,0.5304347826086957,0.5236051502145922,1,0.5429447852760736,0.5429447852760736,0.5429447852760736,nan,nan
denovo_pdb__6sa6_A,2,1150,True,383,383,192,0.5013054830287206,0.6134185303514377,0.5517241379310345,54,20,0.37037037037037035,0.6060606060606061,0.45977011494252873,57,33,0.5789473684210527,0.66,0.616822429906542,272,139,0.5110294117647058,0.6043478260869565,0.5537848605577689,1,0.5517241379310345,0.5517241379310345,0.5517241379310345,nan,nan
denovo_pdb__6sa6_A,3,1051,True,350,350,199,0.5685714285714286,0.6357827476038339,0.6003016591251886,47,19,0.40425531914893614,0.5757575757575758,0.47500000000000003,62,35,0.5645161290322581,0.7,0.625,241,145,0.6016597510373444,0.6304347826086957,0.6157112526539278,1,0.6003016591251886,0.6003016591251886,0.6003016591251886,nan,nan
denovo_pdb__6veh_A,0,382,True,127,127,79,0.6220472440944882,0.6171875,0.6196078431372549,18,8,0.4444444444444444,0.47058823529411764,0.45714285714285713,27,18,0.6666666666666666,0.5294117647058824,0.5901639344262295,82,53,0.6463414634146342,0.6883116883116883,0.6666666666666666,1,0.6196078431372549,0.6196078431372549,0.6196078431372549,nan,nan
denovo_pdb__6veh_A,1,358,True,119,119,74,0.6218487394957983,0.578125,0.5991902834008097,16,9,0.5625,0.5294117647058824,0.5454545454545455,28,17,0.6071428571428571,0.5,0.5483870967741935,75,48,0.64,0.6233766233766234,0.6315789473684211,1,0.5991902834008097,0.5991902834008097,0.5991902834008097,nan,nan
denovo_pdb__6veh_A,2,415,True,138,138,74,0.5362318840579711,0.578125,0.556390977443609,23,12,0.5217391304347826,0.7058823529411765,0.6,43,18,0.4186046511627907,0.5294117647058824,0.4675324675324676,72,44,0.6111111111111112,0.5714285714285714,0.5906040268456376,1,0.556390977443609,0.556390977443609,0.556390977443609,nan,nan
denovo_pdb__6veh_A,3,439,True,146,146,79,0.541095890410959,0.6171875,0.5766423357664233,19,12,0.631578947368421,0.7058823529411765,0.6666666666666667,37,19,0.5135135135135135,0.5588235294117647,0.5352112676056339,90,48,0.5333333333333333,0.6233766233766234,0.5748502994011976,1,0.5766423357664233,0.5766423357664233,0.5766423357664233,nan,nan
denovo_pdb__6w90_A,0,433,True,144,144,25,0.1736111111111111,0.1953125,0.1838235294117647,27,11,0.4074074074074074,0.5238095238095238,0.4583333333333333,49,11,0.22448979591836735,0.3333333333333333,0.2682926829268293,68,3,0.04411764705882353,0.04054054054054054,0.04225352112676056,1,0.1838235294117647,0.1838235294117647,0.1838235294117647,nan,nan
denovo_pdb__6w90_A,1,259,True,86,86,29,0.3372093023255814,0.2265625,0.2710280373831776,22,8,0.36363636363636365,0.38095238095238093,0.37209302325581395,47,16,0.3404255319148936,0.48484848484848486,0.39999999999999997,17,5,0.29411764705882354,0.06756756756756757,0.10989010989010987,1,0.2710280373831776,0.2710280373831776,0.2710280373831776,nan,nan
denovo_pdb__6w90_A,2,397,True,132,132,27,0.20454545454545456,0.2109375,0.2076923076923077,23,5,0.21739130434782608,0.23809523809523808,0.22727272727272724,30,16,0.5333333333333333,0.48484848484848486,0.507936507936508,79,6,0.0759493670886076,0.08108108108108109,0.0784313725490196,1,0.2076923076923077,0.2076923076923077,0.2076923076923077,nan,nan
denovo_pdb__6w90_A,3,418,True,139,139,46,0.33093525179856115,0.359375,0.3445692883895131,25,12,0.48,0.5714285714285714,0.5217391304347826,44,26,0.5909090909090909,0.7878787878787878,0.6753246753246752,70,8,0.11428571428571428,0.10810810810810811,0.11111111111111112,1,0.3445692883895131,0.3445692883895131,0.3445692883895131,nan,nan
denovo_pdb__6x9z_A,0,286,True,95,95,36,0.37894736842105264,0.34285714285714286,0.36000000000000004,25,13,0.52,0.52,0.52,18,7,0.3888888888888889,0.3181818181818182,0.35000000000000003,52,16,0.3076923076923077,0.27586206896551724,0.29090909090909095,1,0.36000000000000004,0.36000000000000004,0.36000000000000004,nan,nan
denovo_pdb__6x9z_A,1,265,True,88,88,31,0.3522727272727273,0.29523809523809524,0.32124352331606215,22,10,0.45454545454545453,0.4,0.4255319148936171,23,9,0.391304347826087,0.4090909090909091,0.4,43,12,0.27906976744186046,0.20689655172413793,0.2376237623762376,1,0.32124352331606215,0.32124352331606215,0.32124352331606215,nan,nan
denovo_pdb__6x9z_A,2,325,True,108,108,54,0.5,0.5142857142857142,0.5070422535211268,22,18,0.8181818181818182,0.72,0.7659574468085107,22,13,0.5909090909090909,0.5909090909090909,0.5909090909090909,64,23,0.359375,0.39655172413793105,0.3770491803278689,1,0.5070422535211268,0.5070422535211268,0.5070422535211268,nan,nan
denovo_pdb__6x9z_A,3,385,True,127,127,47,0.3700787401574803,0.44761904761904764,0.4051724137931035,28,17,0.6071428571428571,0.68,0.6415094339622641,20,8,0.4,0.36363636363636365,0.380952380952381,79,22,0.27848101265822783,0.3793103448275862,0.3211678832116788,1,0.4051724137931035,0.4051724137931035,0.4051724137931035,nan,nan
denovo_pdb__6xt4_A,0,445,True,148,148,32,0.21621621621621623,0.1893491124260355,0.2018927444794953,17,8,0.47058823529411764,0.42105263157894735,0.4444444444444444,32,7,0.21875,0.25925925925925924,0.23728813559322032,99,17,0.1717171717171717,0.13821138211382114,0.15315315315315317,1,0.2018927444794953,0.2018927444794953,0.2018927444794953,nan,nan
denovo_pdb__6xt4_A,1,466,True,155,155,40,0.25806451612903225,0.23668639053254437,0.2469135802469136,17,6,0.35294117647058826,0.3157894736842105,0.33333333333333337,33,10,0.30303030303030304,0.37037037037037035,0.3333333333333333,105,24,0.22857142857142856,0.1951219512195122,0.21052631578947367,1,0.2469135802469136,0.2469135802469136,0.2469135802469136,nan,nan
denovo_pdb__6xt4_A,2,373,True,124,124,38,0.3064516129032258,0.22485207100591717,0.25938566552901027,7,1,0.14285714285714285,0.05263157894736842,0.07692307692307693,16,7,0.4375,0.25925925925925924,0.3255813953488372,101,30,0.297029702970297,0.24390243902439024,0.2678571428571428,1,0.25938566552901027,0.25938566552901027,0.25938566552901027,nan,nan
denovo_pdb__6xt4_A,3,409,True,136,136,21,0.15441176470588236,0.1242603550295858,0.1377049180327869,20,3,0.15,0.15789473684210525,0.15384615384615385,26,4,0.15384615384615385,0.14814814814814814,0.1509433962264151,90,14,0.15555555555555556,0.11382113821138211,0.13145539906103285,1,0.1377049180327869,0.1377049180327869,0.1377049180327869,nan,nan
denovo_pdb__6ypi_A,0,205,True,68,68,8,0.11764705882352941,0.14035087719298245,0.12799999999999997,9,2,0.2222222222222222,0.2,0.2105263157894737,8,2,0.25,0.13333333333333333,0.1739130434782609,51,4,0.0784313725490196,0.125,0.0963855421686747,1,0.12799999999999997,0.12799999999999997,0.12799999999999997,nan,nan
denovo_pdb__6ypi_A,1,154,True,51,51,15,0.29411764705882354,0.2631578947368421,0.27777777777777773,8,3,0.375,0.3,0.33333333333333326,15,5,0.3333333333333333,0.3333333333333333,0.3333333333333333,28,7,0.25,0.21875,0.23333333333333334,1,0.27777777777777773,0.27777777777777773,0.27777777777777773,nan,nan
denovo_pdb__6ypi_A,2,229,True,76,76,18,0.23684210526315788,0.3157894736842105,0.2706766917293233,10,3,0.3,0.3,0.3,19,8,0.42105263157894735,0.5333333333333333,0.47058823529411764,47,7,0.14893617021276595,0.21875,0.1772151898734177,1,0.2706766917293233,0.2706766917293233,0.2706766917293233,nan,nan
denovo_pdb__6ypi_A,3,148,True,49,49,18,0.3673469387755102,0.3157894736842105,0.33962264150943394,4,2,0.5,0.2,0.28571428571428575,21,7,0.3333333333333333,0.4666666666666667,0.3888888888888889,24,9,0.375,0.28125,0.32142857142857145,1,0.33962264150943394,0.33962264150943394,0.33962264150943394,nan,nan
denovo_pdb__6yqy_A,0,532,True,177,177,44,0.24858757062146894,0.18565400843881857,0.21256038647342995,30,6,0.2,0.16666666666666666,0.1818181818181818,57,11,0.19298245614035087,0.1774193548387097,0.18487394957983191,90,27,0.3,0.19424460431654678,0.23580786026200876,1,0.21256038647342995,0.21256038647342995,0.21256038647342995,nan,nan
denovo_pdb__6yqy_A,1,574,True,191,191,47,0.24607329842931938,0.19831223628691982,0.21962616822429906,36,10,0.2777777777777778,0.2777777777777778,0.2777777777777778,73,14,0.1917808219178082,0.22580645161290322,0.2074074074074074,82,23,0.2804878048780488,0.16546762589928057,0.2081447963800905,1,0.21962616822429906,0.21962616822429906,0.21962616822429906,nan,nan
denovo_pdb__6yqy_A,2,694,True,231,231,46,0.19913419913419914,0.1940928270042194,0.19658119658119658,41,14,0.34146341463414637,0.3888888888888889,0.36363636363636365,53,6,0.11320754716981132,0.0967741935483871,0.10434782608695653,137,26,0.1897810218978102,0.18705035971223022,0.18840579710144925,1,0.19658119658119658,0.19658119658119658,0.19658119658119658,nan,nan
denovo_pdb__6yqy_A,3,514,True,171,171,66,0.38596491228070173,0.27848101265822783,0.32352941176470584,32,8,0.25,0.2222222222222222,0.23529411764705882,70,24,0.34285714285714286,0.3870967741935484,0.3636363636363636,69,34,0.4927536231884058,0.2446043165467626,0.3269230769230769,1,0.32352941176470584,0.32352941176470584,0.32352941176470584,nan,nan
denovo_pdb__7a8s_A,0,649,True,215,215,103,0.4790697674418605,0.4345991561181435,0.4557522123893805,36,25,0.6944444444444444,0.5952380952380952,0.6410256410256411,82,32,0.3902439024390244,0.47058823529411764,0.4266666666666667,97,46,0.4742268041237113,0.36220472440944884,0.4107142857142857,1,0.4557522123893805,0.4557522123893805,0.4557522123893805,nan,nan
denovo_pdb__7a8s_A,1,727,True,242,242,108,0.4462809917355372,0.45569620253164556,0.45093945720250517,43,26,0.6046511627906976,0.6190476190476191,0.611764705882353,76,32,0.42105263157894735,0.47058823529411764,0.4444444444444444,123,50,0.4065040650406504,0.3937007874015748,0.4,1,0.45093945720250517,0.45093945720250517,0.45093945720250517,nan,nan
denovo_pdb__7a8s_A,2,793,True,263,263,99,0.376425855513308,0.4177215189873418,0.39599999999999996,46,22,0.4782608695652174,0.5238095238095238,0.5,85,28,0.32941176470588235,0.4117647058823529,0.3660130718954248,132,49,0.3712121212121212,0.3858267716535433,0.37837837837837834,1,0.39599999999999996,0.39599999999999996,0.39599999999999996,nan,nan
denovo_pdb__7a8s_A,3,727,True,242,242,52,0.21487603305785125,0.21940928270042195,0.2171189979123173,36,11,0.3055555555555556,0.2619047619047619,0.2820512820512821,58,12,0.20689655172413793,0.17647058823529413,0.19047619047619047,148,29,0.19594594594594594,0.2283464566929134,0.2109090909090909,1,0.2171189979123173,0.2171189979123173,0.2171189979123173,nan,nan
denovo_pdb__7awy_A,0,1225,True,408,408,233,0.571078431372549,0.6348773841961853,0.6012903225806453,98,83,0.8469387755102041,0.7685185185185185,0.8058252427184466,128,69,0.5390625,0.6052631578947368,0.5702479338842976,182,81,0.44505494505494503,0.5586206896551724,0.4954128440366972,1,0.6012903225806453,0.6012903225806453,0.6012903225806453,nan,nan
denovo_pdb__7awy_A,1,1186,True,395,395,254,0.6430379746835443,0.6920980926430518,0.6666666666666666,100,90,0.9,0.8333333333333334,0.8653846153846153,138,83,0.6014492753623188,0.7280701754385965,0.6587301587301587,157,81,0.5159235668789809,0.5586206896551724,0.5364238410596026,1,0.6666666666666666,0.6666666666666666,0.6666666666666666,nan,nan
denovo_pdb__7awy_A,2,1123,True,374,374,223,0.5962566844919787,0.6076294277929155,0.6018893387314441,94,85,0.9042553191489362,0.7870370370370371,0.8415841584158417,150,73,0.4866666666666667,0.6403508771929824,0.553030303030303,130,65,0.5,0.4482758620689655,0.4727272727272727,1,0.6018893387314441,0.6018893387314441,0.6018893387314441,nan,nan
denovo_pdb__7awy_A,3,1285,True,428,428,252,0.5887850467289719,0.6866485013623979,0.6339622641509435,108,94,0.8703703703703703,0.8703703703703703,0.8703703703703703,134,72,0.5373134328358209,0.631578947368421,0.5806451612903225,186,86,0.46236559139784944,0.593103448275862,0.5196374622356495,1,0.6339622641509435,0.6339622641509435,0.6339622641509435,nan,nan
denovo_pdb__7ax0_A,0,1165,True,388,388,225,0.5798969072164949,0.6215469613259669,0.6000000000000001,102,85,0.8333333333333334,0.8252427184466019,0.8292682926829268,138,65,0.47101449275362317,0.5909090909090909,0.5241935483870968,148,75,0.5067567567567568,0.5033557046979866,0.5050505050505052,1,0.6000000000000001,0.6000000000000001,0.6000000000000001,nan,nan
denovo_pdb__7ax0_A,1,1225,True,408,408,225,0.5514705882352942,0.6215469613259669,0.5844155844155844,93,78,0.8387096774193549,0.7572815533980582,0.7959183673469389,149,71,0.47651006711409394,0.6454545454545455,0.5482625482625483,166,76,0.4578313253012048,0.5100671140939598,0.4825396825396825,1,0.5844155844155844,0.5844155844155844,0.5844155844155844,nan,nan
denovo_pdb__7ax0_A,2,1204,True,401,401,222,0.5536159600997507,0.6132596685082873,0.581913499344692,107,86,0.8037383177570093,0.8349514563106796,0.819047619047619,163,67,0.4110429447852761,0.6090909090909091,0.49084249084249076,131,69,0.5267175572519084,0.46308724832214765,0.4928571428571428,1,0.581913499344692,0.581913499344692,0.581913499344692,nan,nan
denovo_pdb__7ax0_A,3,1249,True,416,416,244,0.5865384615384616,0.6740331491712708,0.6272493573264782,103,84,0.8155339805825242,0.8155339805825242,0.8155339805825242,154,73,0.474025974025974,0.6636363636363637,0.553030303030303,159,87,0.5471698113207547,0.5838926174496645,0.564935064935065,1,0.6272493573264782,0.6272493573264782,0.6272493573264782,nan,nan
denovo_pdb__7bid_A,0,850,True,282,282,212,0.75177304964539,0.726027397260274,0.7386759581881532,74,67,0.9054054054054054,0.8933333333333333,0.8993288590604026,103,78,0.7572815533980582,0.7155963302752294,0.7358490566037735,105,67,0.638095238095238,0.6203703703703703,0.6291079812206574,1,0.7386759581881532,0.7386759581881532,0.7386759581881532,nan,nan
denovo_pdb__7bid_A,1,844,True,281,281,215,0.7651245551601423,0.7363013698630136,0.75043630017452,72,66,0.9166666666666666,0.88,0.8979591836734694,106,80,0.7547169811320755,0.7339449541284404,0.7441860465116279,103,69,0.6699029126213593,0.6388888888888888,0.6540284360189573,1,0.75043630017452,0.75043630017452,0.75043630017452,nan,nan
denovo_pdb__7bid_A,2,757,True,252,252,192,0.7619047619047619,0.6575342465753424,0.7058823529411765,74,68,0.918918918918919,0.9066666666666666,0.912751677852349,104,80,0.7692307692307693,0.7339449541284404,0.7511737089201879,74,44,0.5945945945945946,0.4074074074074074,0.4835164835164836,1,0.7058823529411765,0.7058823529411765,0.7058823529411765,nan,nan
denovo_pdb__7bid_A,3,955,True,318,318,221,0.6949685534591195,0.7568493150684932,0.7245901639344261,71,66,0.9295774647887324,0.88,0.9041095890410958,106,80,0.7547169811320755,0.7339449541284404,0.7441860465116279,141,75,0.5319148936170213,0.6944444444444444,0.6024096385542169,1,0.7245901639344261,0.7245901639344261,0.7245901639344261,nan,nan
denovo_pdb__7dgw_A,0,118,True,39,39,11,0.28205128205128205,0.18333333333333332,0.2222222222222222,12,5,0.4166666666666667,0.45454545454545453,0.43478260869565216,13,4,0.3076923076923077,0.36363636363636365,0.33333333333333337,14,2,0.14285714285714285,0.05263157894736842,0.07692307692307693,1,0.2222222222222222,0.2222222222222222,0.2222222222222222,nan,nan
denovo_pdb__7dgw_A,1,166,True,55,55,12,0.21818181818181817,0.2,0.20869565217391303,7,2,0.2857142857142857,0.18181818181818182,0.2222222222222222,8,3,0.375,0.2727272727272727,0.3157894736842105,40,7,0.175,0.18421052631578946,0.1794871794871795,1,0.20869565217391303,0.20869565217391303,0.20869565217391303,nan,nan
denovo_pdb__7dgw_A,2,190,True,63,63,5,0.07936507936507936,0.08333333333333333,0.0813008130081301,11,5,0.45454545454545453,0.45454545454545453,0.45454545454545453,13,0,0.0,0.0,0.0,39,0,0.0,0.0,0.0,1,0.0813008130081301,0.0813008130081301,0.0813008130081301,nan,nan
denovo_pdb__7dgw_A,3,172,True,57,57,7,0.12280701754385964,0.11666666666666667,0.11965811965811965,9,4,0.4444444444444444,0.36363636363636365,0.39999999999999997,5,2,0.4,0.18181818181818182,0.25000000000000006,43,1,0.023255813953488372,0.02631578947368421,0.024691358024691357,1,0.11965811965811965,0.11965811965811965,0.11965811965811965,nan,nan
denovo_pdb__7dmf_A,0,418,True,139,139,4,0.02877697841726619,0.025157232704402517,0.026845637583892617,16,0,0.0,0.0,0.0,29,0,0.0,0.0,0.0,94,4,0.0425531914893617,0.03333333333333333,0.037383177570093455,1,0.026845637583892617,0.026845637583892617,0.026845637583892617,nan,nan
denovo_pdb__7dmf_A,1,355,True,118,118,11,0.09322033898305085,0.06918238993710692,0.07942238267148014,16,1,0.0625,0.1111111111111111,0.08,21,5,0.23809523809523808,0.16666666666666666,0.19607843137254902,81,5,0.06172839506172839,0.041666666666666664,0.04975124378109452,1,0.07942238267148014,0.07942238267148014,0.07942238267148014,nan,nan
denovo_pdb__7dmf_A,2,418,True,139,139,21,0.1510791366906475,0.1320754716981132,0.14093959731543623,13,3,0.23076923076923078,0.3333333333333333,0.27272727272727276,37,8,0.21621621621621623,0.26666666666666666,0.23880597014925373,89,10,0.11235955056179775,0.08333333333333333,0.09569377990430622,1,0.14093959731543623,0.14093959731543623,0.14093959731543623,nan,nan
denovo_pdb__7dmf_A,3,538,True,179,179,24,0.1340782122905028,0.1509433962264151,0.1420118343195266,18,2,0.1111111111111111,0.2222222222222222,0.14814814814814814,38,7,0.18421052631578946,0.23333333333333334,0.20588235294117646,123,15,0.12195121951219512,0.125,0.12345679012345678,1,0.1420118343195266,0.1420118343195266,0.1420118343195266,nan,nan
denovo_pdb__7f1i_A,0,604,True,201,201,9,0.04477611940298507,0.039473684210526314,0.04195804195804195,31,3,0.0967741935483871,0.125,0.10909090909090909,54,3,0.05555555555555555,0.05555555555555555,0.05555555555555555,116,3,0.02586206896551724,0.02,0.02255639097744361,1,0.04195804195804195,0.04195804195804195,0.04195804195804195,nan,nan
denovo_pdb__7f1i_A,1,613,True,204,204,6,0.029411764705882353,0.02631578947368421,0.027777777777777776,27,3,0.1111111111111111,0.125,0.11764705882352941,44,1,0.022727272727272728,0.018518518518518517,0.02040816326530612,133,2,0.015037593984962405,0.013333333333333334,0.014134275618374558,1,0.027777777777777776,0.027777777777777776,0.027777777777777776,nan,nan
denovo_pdb__7f1i_A,2,730,True,243,243,14,0.05761316872427984,0.06140350877192982,0.05944798301486199,22,2,0.09090909090909091,0.08333333333333333,0.08695652173913043,33,2,0.06060606060606061,0.037037037037037035,0.045977011494252866,188,10,0.05319148936170213,0.06666666666666667,0.05917159763313609,1,0.05944798301486199,0.05944798301486199,0.05944798301486199,nan,nan
denovo_pdb__7f1i_A,3,745,True,247,247,13,0.05263157894736842,0.05701754385964912,0.05473684210526315,33,3,0.09090909090909091,0.125,0.10526315789473685,40,5,0.125,0.09259259259259259,0.10638297872340426,174,5,0.028735632183908046,0.03333333333333333,0.030864197530864196,1,0.05473684210526315,0.05473684210526315,0.05473684210526315,nan,nan
denovo_pdb__7f1k_A,0,592,True,197,197,21,0.1065989847715736,0.0875,0.09610983981693363,26,3,0.11538461538461539,0.11538461538461539,0.11538461538461539,41,10,0.24390243902439024,0.18518518518518517,0.21052631578947367,130,8,0.06153846153846154,0.05,0.055172413793103454,1,0.09610983981693363,0.09610983981693363,0.09610983981693363,nan,nan
denovo_pdb__7f1k_A,1,592,True,196,196,7,0.03571428571428571,0.029166666666666667,0.03211009174311927,32,1,0.03125,0.038461538461538464,0.034482758620689655,54,1,0.018518518518518517,0.018518518518518517,0.018518518518518517,110,5,0.045454545454545456,0.03125,0.037037037037037035,1,0.03211009174311927,0.03211009174311927,0.03211009174311927,nan,nan
denovo_pdb__7f1k_A,2,526,True,175,175,7,0.04,0.029166666666666667,0.033734939759036145,21,2,0.09523809523809523,0.07692307692307693,0.0851063829787234,29,3,0.10344827586206896,0.05555555555555555,0.07228915662650602,125,2,0.016,0.0125,0.014035087719298246,1,0.033734939759036145,0.033734939759036145,0.033734939759036145,nan,nan
denovo_pdb__7f1k_A,3,598,True,199,199,12,0.06030150753768844,0.05,0.05466970387243736,32,7,0.21875,0.2692307692307692,0.2413793103448276,52,3,0.057692307692307696,0.05555555555555555,0.05660377358490566,115,2,0.017391304347826087,0.0125,0.014545454545454545,1,0.05466970387243736,0.05466970387243736,0.05466970387243736,nan,nan
denovo_pdb__7hiy_A,0,319,True,106,106,32,0.3018867924528302,0.34408602150537637,0.321608040201005,7,4,0.5714285714285714,0.5714285714285714,0.5714285714285714,25,13,0.52,0.5,0.5098039215686274,74,15,0.20270270270270271,0.25,0.22388059701492535,1,0.321608040201005,0.321608040201005,0.321608040201005,nan,nan
denovo_pdb__7hiy_A,1,286,True,95,95,44,0.4631578947368421,0.4731182795698925,0.46808510638297873,9,5,0.5555555555555556,0.7142857142857143,0.6250000000000001,24,16,0.6666666666666666,0.6153846153846154,0.64,62,23,0.3709677419354839,0.38333333333333336,0.3770491803278688,1,0.46808510638297873,0.46808510638297873,0.46808510638297873,nan,nan
denovo_pdb__7hiy_A,2,310,True,103,103,37,0.3592233009708738,0.3978494623655914,0.3775510204081633,12,4,0.3333333333333333,0.5714285714285714,0.4210526315789474,23,17,0.7391304347826086,0.6538461538461539,0.693877551020408,68,16,0.23529411764705882,0.26666666666666666,0.25,1,0.3775510204081633,0.3775510204081633,0.3775510204081633,nan,nan
denovo_pdb__7hiy_A,3,241,True,80,80,57,0.7125,0.6129032258064516,0.6589595375722543,6,5,0.8333333333333334,0.7142857142857143,0.7692307692307692,21,19,0.9047619047619048,0.7307692307692307,0.8085106382978723,53,33,0.6226415094339622,0.55,0.5840707964601771,1,0.6589595375722543,0.6589595375722543,0.6589595375722543,nan,nan
denovo_pdb__7hj0_A,0,232,True,77,77,26,0.33766233766233766,0.28888888888888886,0.311377245508982,5,4,0.8,0.5714285714285714,0.6666666666666666,11,8,0.7272727272727273,0.3333333333333333,0.4571428571428572,61,14,0.22950819672131148,0.23728813559322035,0.23333333333333334,1,0.311377245508982,0.311377245508982,0.311377245508982,nan,nan
denovo_pdb__7hj0_A,1,280,True,93,93,25,0.26881720430107525,0.2777777777777778,0.27322404371584696,9,3,0.3333333333333333,0.42857142857142855,0.375,18,7,0.3888888888888889,0.2916666666666667,0.3333333333333333,66,15,0.22727272727272727,0.2542372881355932,0.23999999999999996,1,0.27322404371584696,0.27322404371584696,0.27322404371584696,nan,nan
denovo_pdb__7hj0_A,2,211,True,70,70,12,0.17142857142857143,0.13333333333333333,0.15,11,4,0.36363636363636365,0.5714285714285714,0.4444444444444444,15,6,0.4,0.25,0.3076923076923077,44,2,0.045454545454545456,0.03389830508474576,0.038834951456310676,1,0.15,0.15,0.15,nan,nan
denovo_pdb__7hj0_A,3,268,True,89,89,41,0.4606741573033708,0.45555555555555555,0.4581005586592179,11,3,0.2727272727272727,0.42857142857142855,0.33333333333333326,23,15,0.6521739130434783,0.625,0.6382978723404256,55,23,0.41818181818181815,0.3898305084745763,0.4035087719298246,1,0.4581005586592179,0.4581005586592179,0.4581005586592179,nan,nan
denovo_pdb__7hj2_A,0,295,True,98,98,51,0.5204081632653061,0.5862068965517241,0.5513513513513514,7,4,0.5714285714285714,0.8,0.6666666666666666,19,14,0.7368421052631579,0.5833333333333334,0.6511627906976745,72,33,0.4583333333333333,0.5689655172413793,0.5076923076923077,1,0.5513513513513514,0.5513513513513514,0.5513513513513514,nan,nan
denovo_pdb__7hj2_A,1,103,True,34,34,5,0.14705882352941177,0.05747126436781609,0.08264462809917354,9,2,0.2222222222222222,0.4,0.2857142857142857,12,3,0.25,0.125,0.16666666666666666,13,0,0.0,0.0,0.0,1,0.08264462809917354,0.08264462809917354,0.08264462809917354,nan,nan
denovo_pdb__7hj2_A,2,265,True,88,88,36,0.4090909090909091,0.41379310344827586,0.4114285714285714,6,3,0.5,0.6,0.5454545454545454,18,11,0.6111111111111112,0.4583333333333333,0.5238095238095238,64,22,0.34375,0.3793103448275862,0.36065573770491804,1,0.4114285714285714,0.4114285714285714,0.4114285714285714,nan,nan
denovo_pdb__7hj2_A,3,217,True,72,72,30,0.4166666666666667,0.3448275862068966,0.37735849056603776,8,3,0.375,0.6,0.4615384615384615,20,10,0.5,0.4166666666666667,0.45454545454545453,44,17,0.38636363636363635,0.29310344827586204,0.33333333333333337,1,0.37735849056603776,0.37735849056603776,0.37735849056603776,nan,nan
denovo_pdb__7hj4_A,0,223,True,74,74,11,0.14864864864864866,0.11827956989247312,0.1317365269461078,10,3,0.3,0.42857142857142855,0.3529411764705882,11,0,0.0,0.0,0.0,53,8,0.1509433962264151,0.13333333333333333,0.1415929203539823,1,0.1317365269461078,0.1317365269461078,0.1317365269461078,nan,nan
denovo_pdb__7hj4_A,1,271,True,90,90,50,0.5555555555555556,0.5376344086021505,0.5464480874316939,7,4,0.5714285714285714,0.5714285714285714,0.5714285714285714,18,14,0.7777777777777778,0.5384615384615384,0.6363636363636364,65,32,0.49230769230769234,0.5333333333333333,0.512,1,0.5464480874316939,0.5464480874316939,0.5464480874316939,nan,nan
denovo_pdb__7hj4_A,2,190,True,63,63,34,0.5396825396825397,0.3655913978494624,0.4358974358974359,9,5,0.5555555555555556,0.7142857142857143,0.6250000000000001,16,14,0.875,0.5384615384615384,0.6666666666666667,38,15,0.39473684210526316,0.25,0.30612244897959184,1,0.4358974358974359,0.4358974358974359,0.4358974358974359,nan,nan
denovo_pdb__7hj4_A,3,280,True,93,93,33,0.3548387096774194,0.3548387096774194,0.35483870967741943,8,3,0.375,0.42857142857142855,0.39999999999999997,20,8,0.4,0.3076923076923077,0.34782608695652173,65,22,0.3384615384615385,0.36666666666666664,0.35200000000000004,1,0.35483870967741943,0.35483870967741943,0.35483870967741943,nan,nan
denovo_pdb__7hj6_A,0,142,True,47,47,18,0.3829787234042553,0.1875,0.2517482517482518,6,2,0.3333333333333333,0.3333333333333333,0.3333333333333333,13,9,0.6923076923076923,0.3333333333333333,0.45,28,7,0.25,0.1111111111111111,0.15384615384615383,1,0.2517482517482518,0.2517482517482518,0.2517482517482518,nan,nan
denovo_pdb__7hj6_A,1,250,True,83,83,28,0.3373493975903614,0.2916666666666667,0.3128491620111732,7,4,0.5714285714285714,0.6666666666666666,0.6153846153846153,18,10,0.5555555555555556,0.37037037037037035,0.4444444444444445,58,14,0.2413793103448276,0.2222222222222222,0.23140495867768596,1,0.3128491620111732,0.3128491620111732,0.3128491620111732,nan,nan
denovo_pdb__7hj6_A,2,301,True,100,100,47,0.47,0.4895833333333333,0.47959183673469385,9,4,0.4444444444444444,0.6666666666666666,0.5333333333333333,19,13,0.6842105263157895,0.48148148148148145,0.5652173913043478,72,30,0.4166666666666667,0.47619047619047616,0.4444444444444445,1,0.47959183673469385,0.47959183673469385,0.47959183673469385,nan,nan
denovo_pdb__7hj6_A,3,175,True,58,58,15,0.25862068965517243,0.15625,0.19480519480519481,4,2,0.5,0.3333333333333333,0.4,19,8,0.42105263157894735,0.2962962962962963,0.34782608695652173,35,5,0.14285714285714285,0.07936507936507936,0.1020408163265306,1,0.19480519480519481,0.19480519480519481,0.19480519480519481,nan,nan
denovo_pdb__7hj8_A,0,148,True,49,49,27,0.5510204081632653,0.2872340425531915,0.3776223776223776,7,2,0.2857142857142857,0.4,0.3333333333333333,13,10,0.7692307692307693,0.38461538461538464,0.5128205128205128,29,15,0.5172413793103449,0.23809523809523808,0.32608695652173914,1,0.3776223776223776,0.3776223776223776,0.3776223776223776,nan,nan
denovo_pdb__7hj8_A,1,292,True,97,97,29,0.29896907216494845,0.30851063829787234,0.3036649214659686,8,3,0.375,0.6,0.4615384615384615,16,12,0.75,0.46153846153846156,0.5714285714285714,73,14,0.1917808219178082,0.2222222222222222,0.20588235294117646,1,0.3036649214659686,0.3036649214659686,0.3036649214659686,nan,nan
denovo_pdb__7hj8_A,2,274,True,91,91,29,0.31868131868131866,0.30851063829787234,0.3135135135135135,8,4,0.5,0.8,0.6153846153846154,21,10,0.47619047619047616,0.38461538461538464,0.42553191489361697,62,15,0.24193548387096775,0.23809523809523808,0.24,1,0.3135135135135135,0.3135135135135135,0.3135135135135135,nan,nan
denovo_pdb__7hj8_A,3,121,True,40,40,24,0.6,0.2553191489361702,0.3582089552238805,4,1,0.25,0.2,0.22222222222222224,10,9,0.9,0.34615384615384615,0.5,26,14,0.5384615384615384,0.2222222222222222,0.3146067415730337,1,0.3582089552238805,0.3582089552238805,0.3582089552238805,nan,nan
denovo_pdb__7hja_A,0,220,True,73,73,48,0.6575342465753424,0.5333333333333333,0.588957055214724,7,5,0.7142857142857143,0.8333333333333334,0.7692307692307692,20,20,1.0,0.8,0.888888888888889,46,23,0.5,0.3898305084745763,0.4380952380952381,1,0.588957055214724,0.588957055214724,0.588957055214724,nan,nan
denovo_pdb__7hja_A,1,205,True,68,68,26,0.38235294117647056,0.28888888888888886,0.3291139240506329,14,4,0.2857142857142857,0.6666666666666666,0.4,15,9,0.6,0.36,0.45,39,13,0.3333333333333333,0.22033898305084745,0.26530612244897955,1,0.3291139240506329,0.3291139240506329,0.3291139240506329,nan,nan
denovo_pdb__7hja_A,2,211,True,70,70,26,0.37142857142857144,0.28888888888888886,0.325,7,2,0.2857142857142857,0.3333333333333333,0.30769230769230765,16,9,0.5625,0.36,0.43902439024390244,47,15,0.3191489361702128,0.2542372881355932,0.28301886792452835,1,0.325,0.325,0.325,nan,nan
denovo_pdb__7hja_A,3,229,True,76,76,12,0.15789473684210525,0.13333333333333333,0.14457831325301204,10,3,0.3,0.5,0.37499999999999994,24,9,0.375,0.36,0.3673469387755102,42,0,0.0,0.0,0.0,1,0.14457831325301204,0.14457831325301204,0.14457831325301204,nan,nan
denovo_pdb__7hjc_A,0,208,True,69,69,22,0.3188405797101449,0.23655913978494625,0.2716049382716049,6,4,0.6666666666666666,0.5714285714285714,0.6153846153846153,15,10,0.6666666666666666,0.4,0.5,48,8,0.16666666666666666,0.13114754098360656,0.14678899082568808,1,0.2716049382716049,0.2716049382716049,0.2716049382716049,nan,nan
denovo_pdb__7hjc_A,1,328,True,109,109,21,0.1926605504587156,0.22580645161290322,0.20792079207920794,8,4,0.5,0.5714285714285714,0.5333333333333333,20,6,0.3,0.24,0.2666666666666666,81,11,0.13580246913580246,0.18032786885245902,0.15492957746478872,1,0.20792079207920794,0.20792079207920794,0.20792079207920794,nan,nan
denovo_pdb__7hjc_A,2,217,True,72,72,33,0.4583333333333333,0.3548387096774194,0.39999999999999997,8,5,0.625,0.7142857142857143,0.6666666666666666,14,6,0.42857142857142855,0.24,0.30769230769230765,50,22,0.44,0.36065573770491804,0.3963963963963964,1,0.39999999999999997,0.39999999999999997,0.39999999999999997,nan,nan
denovo_pdb__7hjc_A,3,286,True,95,95,30,0.3157894736842105,0.3225806451612903,0.3191489361702127,10,4,0.4,0.5714285714285714,0.47058823529411764,22,13,0.5909090909090909,0.52,0.5531914893617023,63,13,0.20634920634920634,0.21311475409836064,0.20967741935483872,1,0.3191489361702127,0.3191489361702127,0.3191489361702127,nan,nan
denovo_pdb__7hje_A,0,295,True,98,98,23,0.23469387755102042,0.24731182795698925,0.24083769633507854,5,2,0.4,0.3333333333333333,0.3636363636363636,9,8,0.8888888888888888,0.32,0.47058823529411764,84,13,0.15476190476190477,0.20967741935483872,0.1780821917808219,1,0.24083769633507854,0.24083769633507854,0.24083769633507854,nan,nan
denovo_pdb__7hje_A,1,145,True,48,48,9,0.1875,0.0967741935483871,0.12765957446808507,5,0,0.0,0.0,0.0,16,3,0.1875,0.12,0.14634146341463414,27,6,0.2222222222222222,0.0967741935483871,0.1348314606741573,1,0.12765957446808507,0.12765957446808507,0.12765957446808507,nan,nan
denovo_pdb__7hje_A,2,172,True,57,57,14,0.24561403508771928,0.15053763440860216,0.1866666666666667,11,4,0.36363636363636365,0.6666666666666666,0.4705882352941177,18,8,0.4444444444444444,0.32,0.37209302325581395,28,2,0.07142857142857142,0.03225806451612903,0.044444444444444446,1,0.1866666666666667,0.1866666666666667,0.1866666666666667,nan,nan
denovo_pdb__7hje_A,3,145,True,48,48,29,0.6041666666666666,0.3118279569892473,0.4113475177304964,4,4,1.0,0.6666666666666666,0.8,14,10,0.7142857142857143,0.4,0.5128205128205129,30,15,0.5,0.24193548387096775,0.32608695652173914,1,0.4113475177304964,0.4113475177304964,0.4113475177304964,nan,nan
denovo_pdb__7hjg_A,0,277,True,92,92,42,0.45652173913043476,0.42857142857142855,0.4421052631578947,8,3,0.375,0.42857142857142855,0.39999999999999997,15,13,0.8666666666666667,0.5,0.6341463414634146,69,26,0.37681159420289856,0.4,0.3880597014925373,1,0.4421052631578947,0.4421052631578947,0.4421052631578947,nan,nan
denovo_pdb__7hjg_A,1,262,True,86,86,60,0.6976744186046512,0.6122448979591837,0.6521739130434783,5,5,1.0,0.7142857142857143,0.8333333333333333,21,16,0.7619047619047619,0.6153846153846154,0.6808510638297872,60,39,0.65,0.6,0.624,1,0.6521739130434783,0.6521739130434783,0.6521739130434783,nan,nan
denovo_pdb__7hjg_A,2,292,True,97,97,53,0.5463917525773195,0.5408163265306123,0.5435897435897437,7,5,0.7142857142857143,0.7142857142857143,0.7142857142857143,21,17,0.8095238095238095,0.6538461538461539,0.7234042553191489,69,31,0.4492753623188406,0.47692307692307695,0.4626865671641791,1,0.5435897435897437,0.5435897435897437,0.5435897435897437,nan,nan
denovo_pdb__7hjg_A,3,235,True,78,78,23,0.2948717948717949,0.23469387755102042,0.26136363636363635,8,3,0.375,0.42857142857142855,0.39999999999999997,19,7,0.3684210526315789,0.2692307692307692,0.3111111111111111,51,13,0.2549019607843137,0.2,0.22413793103448276,1,0.26136363636363635,0.26136363636363635,0.26136363636363635,nan,nan
denovo_pdb__7hji_A,0,205,True,68,68,15,0.22058823529411764,0.15789473684210525,0.18404907975460122,5,3,0.6,0.6,0.6,20,8,0.4,0.32,0.35555555555555557,43,4,0.09302325581395349,0.06153846153846154,0.07407407407407407,1,0.18404907975460122,0.18404907975460122,0.18404907975460122,nan,nan
denovo_pdb__7hji_A,1,223,True,74,74,43,0.581081081081081,0.45263157894736844,0.5088757396449705,8,4,0.5,0.8,0.6153846153846154,19,12,0.631578947368421,0.48,0.5454545454545454,47,27,0.574468085106383,0.4153846153846154,0.48214285714285715,1,0.5088757396449705,0.5088757396449705,0.5088757396449705,nan,nan
denovo_pdb__7hji_A,2,313,True,104,104,26,0.25,0.2736842105263158,0.2613065326633166,9,4,0.4444444444444444,0.8,0.5714285714285714,25,11,0.44,0.44,0.44,70,11,0.15714285714285714,0.16923076923076924,0.16296296296296298,1,0.2613065326633166,0.2613065326633166,0.2613065326633166,nan,nan
denovo_pdb__7hji_A,3,340,True,113,113,28,0.24778761061946902,0.29473684210526313,0.2692307692307692,10,3,0.3,0.6,0.4,20,11,0.55,0.44,0.48888888888888893,83,14,0.1686746987951807,0.2153846153846154,0.1891891891891892,1,0.2692307692307692,0.2692307692307692,0.2692307692307692,nan,nan
denovo_pdb__7hjk_A,0,238,True,79,79,19,0.24050632911392406,0.20652173913043478,0.22222222222222224,9,2,0.2222222222222222,0.3333333333333333,0.26666666666666666,15,9,0.6,0.34615384615384615,0.43902439024390244,55,8,0.14545454545454545,0.13333333333333333,0.1391304347826087,1,0.22222222222222224,0.22222222222222224,0.22222222222222224,nan,nan
denovo_pdb__7hjk_A,1,292,True,97,97,19,0.1958762886597938,0.20652173913043478,0.20105820105820107,13,4,0.3076923076923077,0.6666666666666666,0.42105263157894735,23,10,0.43478260869565216,0.38461538461538464,0.40816326530612246,61,5,0.08196721311475409,0.08333333333333333,0.08264462809917354,1,0.20105820105820107,0.20105820105820107,0.20105820105820107,nan,nan
denovo_pdb__7hjk_A,2,175,True,58,58,13,0.22413793103448276,0.14130434782608695,0.1733333333333333,6,2,0.3333333333333333,0.3333333333333333,0.3333333333333333,11,7,0.6363636363636364,0.2692307692307692,0.37837837837837834,41,4,0.0975609756097561,0.06666666666666667,0.0792079207920792,1,0.1733333333333333,0.1733333333333333,0.1733333333333333,nan,nan
denovo_pdb__7hjk_A,3,268,True,89,89,40,0.449438202247191,0.43478260869565216,0.44198895027624313,7,4,0.5714285714285714,0.6666666666666666,0.6153846153846153,21,17,0.8095238095238095,0.6538461538461539,0.7234042553191489,61,19,0.3114754098360656,0.31666666666666665,0.3140495867768595,1,0.44198895027624313,0.44198895027624313,0.44198895027624313,nan,nan
denovo_pdb__7hjm_A,0,217,True,72,72,38,0.5277777777777778,0.40425531914893614,0.45783132530120485,7,3,0.42857142857142855,0.42857142857142855,0.42857142857142855,24,18,0.75,0.6923076923076923,0.7199999999999999,41,17,0.4146341463414634,0.2786885245901639,0.33333333333333326,1,0.45783132530120485,0.45783132530120485,0.45783132530120485,nan,nan
denovo_pdb__7hjm_A,1,259,True,86,86,36,0.4186046511627907,0.3829787234042553,0.4,9,5,0.5555555555555556,0.7142857142857143,0.6250000000000001,15,10,0.6666666666666666,0.38461538461538464,0.4878048780487804,62,21,0.3387096774193548,0.3442622950819672,0.34146341463414637,1,0.4,0.4,0.4,nan,nan
denovo_pdb__7hjm_A,2,217,True,72,72,27,0.375,0.2872340425531915,0.3253012048192771,7,2,0.2857142857142857,0.2857142857142857,0.2857142857142857,19,10,0.5263157894736842,0.38461538461538464,0.4444444444444444,46,15,0.32608695652173914,0.2459016393442623,0.28037383177570097,1,0.3253012048192771,0.3253012048192771,0.3253012048192771,nan,nan
denovo_pdb__7hjm_A,3,79,True,26,26,8,0.3076923076923077,0.0851063829787234,0.13333333333333333,8,4,0.5,0.5714285714285714,0.5333333333333333,4,4,1.0,0.15384615384615385,0.2666666666666667,14,0,0.0,0.0,0.0,1,0.13333333333333333,0.13333333333333333,0.13333333333333333,nan,nan
denovo_pdb__7hjo_A,0,157,True,52,52,28,0.5384615384615384,0.3111111111111111,0.39436619718309857,9,5,0.5555555555555556,0.8333333333333334,0.6666666666666667,16,14,0.875,0.5384615384615384,0.6666666666666667,27,9,0.3333333333333333,0.15517241379310345,0.21176470588235294,1,0.39436619718309857,0.39436619718309857,0.39436619718309857,nan,nan
denovo_pdb__7hjo_A,1,136,True,45,45,14,0.3111111111111111,0.15555555555555556,0.2074074074074074,3,2,0.6666666666666666,0.3333333333333333,0.4444444444444444,13,5,0.38461538461538464,0.19230769230769232,0.2564102564102564,29,7,0.2413793103448276,0.1206896551724138,0.16091954022988508,1,0.2074074074074074,0.2074074074074074,0.2074074074074074,nan,nan
denovo_pdb__7hjo_A,2,325,True,108,108,49,0.4537037037037037,0.5444444444444444,0.494949494949495,7,5,0.7142857142857143,0.8333333333333334,0.7692307692307692,27,16,0.5925925925925926,0.6153846153846154,0.6037735849056604,74,28,0.3783783783783784,0.4827586206896552,0.42424242424242425,1,0.494949494949495,0.494949494949495,0.494949494949495,nan,nan
denovo_pdb__7hjo_A,3,274,True,91,91,24,0.26373626373626374,0.26666666666666666,0.26519337016574585,5,2,0.4,0.3333333333333333,0.3636363636363636,18,12,0.6666666666666666,0.46153846153846156,0.5454545454545455,68,10,0.14705882352941177,0.1724137931034483,0.15873015873015872,1,0.26519337016574585,0.26519337016574585,0.26519337016574585,nan,nan
denovo_pdb__7hjq_A,0,319,True,106,106,22,0.20754716981132076,0.23655913978494625,0.22110552763819097,7,3,0.42857142857142855,0.5,0.4615384615384615,13,9,0.6923076923076923,0.36,0.47368421052631576,86,10,0.11627906976744186,0.16129032258064516,0.13513513513513514,1,0.22110552763819097,0.22110552763819097,0.22110552763819097,nan,nan
denovo_pdb__7hjq_A,1,106,True,35,35,21,0.6,0.22580645161290322,0.32812499999999994,5,3,0.6,0.5,0.5454545454545454,11,9,0.8181818181818182,0.36,0.5,19,9,0.47368421052631576,0.14516129032258066,0.2222222222222222,1,0.32812499999999994,0.32812499999999994,0.32812499999999994,nan,nan
denovo_pdb__7hjq_A,2,271,True,90,90,31,0.34444444444444444,0.3333333333333333,0.33879781420765026,10,5,0.5,0.8333333333333334,0.625,22,17,0.7727272727272727,0.68,0.7234042553191491,58,9,0.15517241379310345,0.14516129032258066,0.15000000000000002,1,0.33879781420765026,0.33879781420765026,0.33879781420765026,nan,nan
denovo_pdb__7hjq_A,3,307,True,102,102,26,0.2549019607843137,0.27956989247311825,0.26666666666666666,11,4,0.36363636363636365,0.6666666666666666,0.4705882352941177,26,13,0.5,0.52,0.5098039215686274,65,9,0.13846153846153847,0.14516129032258066,0.14173228346456693,1,0.26666666666666666,0.26666666666666666,0.26666666666666666,nan,nan
denovo_pdb__7hjs_A,0,223,True,74,74,33,0.44594594594594594,0.36666666666666664,0.4024390243902439,11,5,0.45454545454545453,0.8333333333333334,0.5882352941176471,18,9,0.5,0.36,0.41860465116279066,45,19,0.4222222222222222,0.3220338983050847,0.36538461538461536,1,0.4024390243902439,0.4024390243902439,0.4024390243902439,nan,nan
denovo_pdb__7hjs_A,1,226,True,75,75,21,0.28,0.23333333333333334,0.2545454545454545,11,4,0.36363636363636365,0.6666666666666666,0.4705882352941177,25,12,0.48,0.48,0.48,39,5,0.1282051282051282,0.0847457627118644,0.1020408163265306,1,0.2545454545454545,0.2545454545454545,0.2545454545454545,nan,nan
denovo_pdb__7hjs_A,2,250,True,83,83,16,0.1927710843373494,0.17777777777777778,0.18497109826589597,10,2,0.2,0.3333333333333333,0.25,21,6,0.2857142857142857,0.24,0.2608695652173913,52,8,0.15384615384615385,0.13559322033898305,0.14414414414414414,1,0.18497109826589597,0.18497109826589597,0.18497109826589597,nan,nan
denovo_pdb__7hjs_A,3,271,True,90,90,37,0.4111111111111111,0.4111111111111111,0.4111111111111111,7,3,0.42857142857142855,0.5,0.4615384615384615,17,12,0.7058823529411765,0.48,0.5714285714285713,66,22,0.3333333333333333,0.3728813559322034,0.352,1,0.4111111111111111,0.4111111111111111,0.4111111111111111,nan,nan
denovo_pdb__7hju_A,0,244,True,81,81,23,0.2839506172839506,0.24731182795698925,0.2643678160919541,9,2,0.2222222222222222,0.3333333333333333,0.26666666666666666,7,7,1.0,0.28,0.43750000000000006,65,14,0.2153846153846154,0.22580645161290322,0.22047244094488186,1,0.2643678160919541,0.2643678160919541,0.2643678160919541,nan,nan
denovo_pdb__7hju_A,1,187,True,62,62,18,0.2903225806451613,0.1935483870967742,0.23225806451612904,10,2,0.2,0.3333333333333333,0.25,20,11,0.55,0.44,0.48888888888888893,32,5,0.15625,0.08064516129032258,0.10638297872340426,1,0.23225806451612904,0.23225806451612904,0.23225806451612904,nan,nan
denovo_pdb__7hju_A,2,301,True,100,100,44,0.44,0.4731182795698925,0.455958549222798,8,4,0.5,0.6666666666666666,0.5714285714285715,17,11,0.6470588235294118,0.44,0.5238095238095238,75,29,0.38666666666666666,0.46774193548387094,0.4233576642335766,1,0.455958549222798,0.455958549222798,0.455958549222798,nan,nan
denovo_pdb__7hju_A,3,292,True,97,97,43,0.44329896907216493,0.46236559139784944,0.45263157894736833,8,4,0.5,0.6666666666666666,0.5714285714285715,20,13,0.65,0.52,0.5777777777777778,69,26,0.37681159420289856,0.41935483870967744,0.39694656488549623,1,0.45263157894736833,0.45263157894736833,0.45263157894736833,nan,nan
denovo_pdb__7hjw_A,0,130,True,43,43,10,0.23255813953488372,0.10309278350515463,0.14285714285714285,7,4,0.5714285714285714,0.6666666666666666,0.6153846153846153,7,3,0.42857142857142855,0.12,0.1875,29,3,0.10344827586206896,0.045454545454545456,0.06315789473684211,1,0.14285714285714285,0.14285714285714285,0.14285714285714285,nan,nan
denovo_pdb__7hjw_A,1,214,True,71,71,21,0.29577464788732394,0.21649484536082475,0.25000000000000006,6,2,0.3333333333333333,0.3333333333333333,0.3333333333333333,13,7,0.5384615384615384,0.28,0.3684210526315789,52,12,0.23076923076923078,0.18181818181818182,0.2033898305084746,1,0.25000000000000006,0.25000000000000006,0.25000000000000006,nan,nan
denovo_pdb__7hjw_A,2,214,True,71,71,9,0.1267605633802817,0.09278350515463918,0.10714285714285715,11,3,0.2727272727272727,0.5,0.3529411764705882,15,6,0.4,0.24,0.3,45,0,0.0,0.0,0.0,1,0.10714285714285715,0.10714285714285715,0.10714285714285715,nan,nan
denovo_pdb__7hjw_A,3,262,True,87,87,57,0.6551724137931034,0.5876288659793815,0.6195652173913044,6,5,0.8333333333333334,0.8333333333333334,0.8333333333333334,19,15,0.7894736842105263,0.6,0.6818181818181819,62,37,0.5967741935483871,0.5606060606060606,0.578125,1,0.6195652173913044,0.6195652173913044,0.6195652173913044,nan,nan
denovo_pdb__7hjy_A,0,265,True,88,88,21,0.23863636363636365,0.23076923076923078,0.23463687150837992,12,3,0.25,0.5,0.3333333333333333,27,8,0.2962962962962963,0.3076923076923077,0.3018867924528302,49,10,0.20408163265306123,0.1694915254237288,0.18518518518518517,1,0.23463687150837992,0.23463687150837992,0.23463687150837992,nan,nan
denovo_pdb__7hjy_A,1,325,True,108,108,51,0.4722222222222222,0.5604395604395604,0.5125628140703519,8,5,0.625,0.8333333333333334,0.7142857142857143,17,12,0.7058823529411765,0.46153846153846156,0.558139534883721,83,34,0.40963855421686746,0.576271186440678,0.4788732394366197,1,0.5125628140703519,0.5125628140703519,0.5125628140703519,nan,nan
denovo_pdb__7hjy_A,2,226,True,75,75,26,0.3466666666666667,0.2857142857142857,0.3132530120481928,9,3,0.3333333333333333,0.5,0.4,15,9,0.6,0.34615384615384615,0.43902439024390244,51,14,0.27450980392156865,0.23728813559322035,0.2545454545454546,1,0.3132530120481928,0.3132530120481928,0.3132530120481928,nan,nan
denovo_pdb__7hjy_A,3,181,True,60,60,13,0.21666666666666667,0.14285714285714285,0.17218543046357618,7,2,0.2857142857142857,0.3333333333333333,0.30769230769230765,10,5,0.5,0.19230769230769232,0.2777777777777778,43,6,0.13953488372093023,0.1016949152542373,0.11764705882352941,1,0.17218543046357618,0.17218543046357618,0.17218543046357618,nan,nan
denovo_pdb__7hk0_A,0,100,True,33,33,23,0.696969696969697,0.23958333333333334,0.35658914728682173,7,6,0.8571428571428571,0.8571428571428571,0.8571428571428571,10,7,0.7,0.25925925925925924,0.37837837837837834,16,10,0.625,0.16129032258064516,0.2564102564102564,1,0.35658914728682173,0.35658914728682173,0.35658914728682173,nan,nan
denovo_pdb__7hk0_A,1,274,True,91,91,43,0.4725274725274725,0.4479166666666667,0.45989304812834225,7,4,0.5714285714285714,0.5714285714285714,0.5714285714285714,18,13,0.7222222222222222,0.48148148148148145,0.5777777777777777,66,26,0.3939393939393939,0.41935483870967744,0.40625,1,0.45989304812834225,0.45989304812834225,0.45989304812834225,nan,nan
denovo_pdb__7hk0_A,2,262,True,87,87,22,0.25287356321839083,0.22916666666666666,0.24043715846994537,8,4,0.5,0.5714285714285714,0.5333333333333333,15,9,0.6,0.3333333333333333,0.42857142857142855,64,9,0.140625,0.14516129032258066,0.14285714285714288,1,0.24043715846994537,0.24043715846994537,0.24043715846994537,nan,nan
denovo_pdb__7hk0_A,3,175,True,58,58,7,0.1206896551724138,0.07291666666666667,0.09090909090909093,12,3,0.25,0.42857142857142855,0.3157894736842105,15,4,0.26666666666666666,0.14814814814814814,0.19047619047619047,31,0,0.0,0.0,0.0,1,0.09090909090909093,0.09090909090909093,0.09090909090909093,nan,nan
denovo_pdb__7hk2_A,0,244,True,81,81,47,0.5802469135802469,0.49473684210526314,0.5340909090909091,5,5,1.0,0.7142857142857143,0.8333333333333333,24,20,0.8333333333333334,0.8,0.816326530612245,52,22,0.4230769230769231,0.3492063492063492,0.382608695652174,1,0.5340909090909091,0.5340909090909091,0.5340909090909091,nan,nan
denovo_pdb__7hk2_A,1,238,True,79,79,28,0.35443037974683544,0.29473684210526313,0.32183908045977017,5,3,0.6,0.42857142857142855,0.5,15,11,0.7333333333333333,0.44,0.5499999999999999,59,14,0.23728813559322035,0.2222222222222222,0.22950819672131145,1,0.32183908045977017,0.32183908045977017,0.32183908045977017,nan,nan
denovo_pdb__7hk2_A,2,277,True,92,92,33,0.358695652173913,0.3473684210526316,0.35294117647058826,12,6,0.5,0.8571428571428571,0.631578947368421,20,16,0.8,0.64,0.7111111111111111,60,11,0.18333333333333332,0.1746031746031746,0.17886178861788615,1,0.35294117647058826,0.35294117647058826,0.35294117647058826,nan,nan
denovo_pdb__7hk2_A,3,268,True,89,89,50,0.5617977528089888,0.5263157894736842,0.5434782608695653,7,4,0.5714285714285714,0.5714285714285714,0.5714285714285714,22,15,0.6818181818181818,0.6,0.6382978723404256,60,31,0.5166666666666667,0.49206349206349204,0.5040650406504066,1,0.5434782608695653,0.5434782608695653,0.5434782608695653,nan,nan
denovo_pdb__7hk4_A,0,247,True,82,82,46,0.5609756097560976,0.4791666666666667,0.5168539325842697,5,3,0.6,0.42857142857142855,0.5,11,9,0.8181818181818182,0.34615384615384615,0.4864864864864865,66,34,0.5151515151515151,0.5396825396825397,0.5271317829457365,1,0.5168539325842697,0.5168539325842697,0.5168539325842697,nan,nan
denovo_pdb__7hk4_A,1,244,True,81,81,40,0.49382716049382713,0.4166666666666667,0.4519774011299435,10,4,0.4,0.5714285714285714,0.47058823529411764,25,17,0.68,0.6538461538461539,0.6666666666666666,46,19,0.41304347826086957,0.30158730158730157,0.3486238532110092,1,0.4519774011299435,0.4519774011299435,0.4519774011299435,nan,nan
denovo_pdb__7hk4_A,2,88,True,29,29,10,0.3448275862068966,0.10416666666666667,0.16,12,4,0.3333333333333333,0.5714285714285714,0.4210526315789474,13,5,0.38461538461538464,0.19230769230769232,0.2564102564102564,4,1,0.25,0.015873015873015872,0.029850746268656716,1,0.16,0.16,0.16,nan,nan
denovo_pdb__7hk4_A,3,247,True,82,82,23,0.2804878048780488,0.23958333333333334,0.25842696629213485,10,4,0.4,0.5714285714285714,0.47058823529411764,25,10,0.4,0.38461538461538464,0.39215686274509803,47,9,0.19148936170212766,0.14285714285714285,0.16363636363636364,1,0.25842696629213485,0.25842696629213485,0.25842696629213485,nan,nan
denovo_pdb__7kuw_A,0,106,True,35,35,2,0.05714285714285714,0.15384615384615385,0.08333333333333333,7,2,0.2857142857142857,0.4,0.3333333333333333,11,0,0.0,0.0,0.0,17,0,0.0,0.0,0.0,1,0.08333333333333333,0.08333333333333333,0.08333333333333333,nan,nan
denovo_pdb__7kuw_A,1,31,True,9,9,2,0.2222222222222222,0.15384615384615385,0.18181818181818185,9,2,0.2222222222222222,0.4,0.2857142857142857,0,0,0.0,0.0,0.0,0,0,0.0,0.0,0.0,1,0.18181818181818185,0.18181818181818185,0.18181818181818185,nan,nan
denovo_pdb__7kuw_A,2,4,True,1,1,0,0.0,0.0,0.0,1,0,0.0,0.0,0.0,0,0,0.0,0.0,0.0,0,0,0.0,0.0,0.0,1,0.0,0.0,0.0,nan,nan
denovo_pdb__7kuw_A,3,34,True,11,11,0,0.0,0.0,0.0,3,0,0.0,0.0,0.0,6,0,0.0,0.0,0.0,2,0,0.0,0.0,0.0,1,0.0,0.0,0.0,nan,nan
denovo_pdb__7ocm_A,0,442,True,147,147,8,0.05442176870748299,0.050314465408805034,0.05228758169934641,36,3,0.08333333333333333,0.06976744186046512,0.0759493670886076,50,0,0.0,0.0,0.0,61,5,0.08196721311475409,0.050505050505050504,0.0625,1,0.05228758169934641,0.05228758169934641,0.05228758169934641,nan,nan
denovo_pdb__7ocm_A,1,559,True,186,186,12,0.06451612903225806,0.07547169811320754,0.06956521739130436,31,2,0.06451612903225806,0.046511627906976744,0.05405405405405405,59,1,0.01694915254237288,0.058823529411764705,0.02631578947368421,96,9,0.09375,0.09090909090909091,0.0923076923076923,1,0.06956521739130436,0.06956521739130436,0.06956521739130436,nan,nan
denovo_pdb__7ocm_A,2,310,True,103,103,6,0.05825242718446602,0.03773584905660377,0.04580152671755726,20,4,0.2,0.09302325581395349,0.12698412698412698,40,0,0.0,0.0,0.0,43,2,0.046511627906976744,0.020202020202020204,0.028169014084507043,1,0.04580152671755726,0.04580152671755726,0.04580152671755726,nan,nan
denovo_pdb__7ocm_A,3,334,True,111,111,7,0.06306306306306306,0.0440251572327044,0.05185185185185185,37,6,0.16216216216216217,0.13953488372093023,0.15,44,0,0.0,0.0,0.0,30,1,0.03333333333333333,0.010101010101010102,0.015503875968992248,1,0.05185185185185185,0.05185185185185185,0.05185185185185185,nan,nan
denovo_pdb__7osv_A,0,613,True,203,203,73,0.35960591133004927,0.3411214953271028,0.3501199040767386,29,14,0.4827586206896552,0.34146341463414637,0.4000000000000001,81,32,0.3950617283950617,0.4383561643835616,0.4155844155844156,93,27,0.2903225806451613,0.27,0.2797927461139897,1,0.3501199040767386,0.3501199040767386,0.3501199040767386,nan,nan
denovo_pdb__7osv_A,1,640,True,212,212,46,0.2169811320754717,0.21495327102803738,0.215962441314554,41,15,0.36585365853658536,0.36585365853658536,0.36585365853658536,55,15,0.2727272727272727,0.2054794520547945,0.234375,116,16,0.13793103448275862,0.16,0.14814814814814817,1,0.215962441314554,0.215962441314554,0.215962441314554,nan,nan
denovo_pdb__7osv_A,2,493,True,164,164,35,0.21341463414634146,0.16355140186915887,0.18518518518518517,32,11,0.34375,0.2682926829268293,0.3013698630136986,55,10,0.18181818181818182,0.136986301369863,0.15625,77,14,0.18181818181818182,0.14,0.15819209039548024,1,0.18518518518518517,0.18518518518518517,0.18518518518518517,nan,nan
denovo_pdb__7osv_A,3,583,True,194,194,82,0.422680412371134,0.38317757009345793,0.40196078431372545,42,23,0.5476190476190477,0.5609756097560976,0.5542168674698796,86,31,0.36046511627906974,0.4246575342465753,0.389937106918239,66,28,0.42424242424242425,0.28,0.3373493975903614,1,0.40196078431372545,0.40196078431372545,0.40196078431372545,nan,nan
denovo_pdb__7p12_A,0,661,True,220,220,26,0.11818181818181818,0.1187214611872146,0.11845102505694761,36,6,0.16666666666666666,0.2,0.1818181818181818,39,4,0.10256410256410256,0.08333333333333333,0.09195402298850573,145,16,0.1103448275862069,0.11347517730496454,0.11188811188811189,1,0.11845102505694761,0.11845102505694761,0.11845102505694761,nan,nan
denovo_pdb__7p12_A,1,556,True,184,184,49,0.266304347826087,0.2237442922374429,0.24317617866004962,29,14,0.4827586206896552,0.4666666666666667,0.47457627118644075,31,5,0.16129032258064516,0.10416666666666667,0.12658227848101267,124,30,0.24193548387096775,0.2127659574468085,0.22641509433962265,1,0.24317617866004962,0.24317617866004962,0.24317617866004962,nan,nan
denovo_pdb__7p12_A,2,664,True,221,221,72,0.3257918552036199,0.3287671232876712,0.3272727272727273,32,12,0.375,0.4,0.38709677419354843,53,16,0.3018867924528302,0.3333333333333333,0.31683168316831684,136,44,0.3235294117647059,0.3120567375886525,0.3176895306859206,1,0.3272727272727273,0.3272727272727273,0.3272727272727273,nan,nan
denovo_pdb__7p12_A,3,472,True,157,157,26,0.16560509554140126,0.1187214611872146,0.13829787234042554,39,5,0.1282051282051282,0.16666666666666666,0.14492753623188406,74,12,0.16216216216216217,0.25,0.19672131147540983,44,9,0.20454545454545456,0.06382978723404255,0.09729729729729729,1,0.13829787234042554,0.13829787234042554,0.13829787234042554,nan,nan
denovo_pdb__7rmx_A,0,844,True,279,279,19,0.06810035842293907,0.08225108225108226,0.07450980392156863,19,6,0.3157894736842105,0.2857142857142857,0.3,33,8,0.24242424242424243,0.1702127659574468,0.19999999999999998,227,5,0.022026431718061675,0.03067484662576687,0.02564102564102564,1,0.07450980392156863,0.07450980392156863,0.07450980392156863,nan,nan
denovo_pdb__7rmx_A,1,694,True,231,231,21,0.09090909090909091,0.09090909090909091,0.09090909090909091,24,5,0.20833333333333334,0.23809523809523808,0.22222222222222224,25,6,0.24,0.1276595744680851,0.16666666666666666,182,10,0.054945054945054944,0.06134969325153374,0.05797101449275362,1,0.09090909090909091,0.09090909090909091,0.09090909090909091,nan,nan
denovo_pdb__7rmx_A,2,616,True,205,205,17,0.08292682926829269,0.0735930735930736,0.0779816513761468,33,2,0.06060606060606061,0.09523809523809523,0.07407407407407407,45,10,0.2222222222222222,0.2127659574468085,0.2173913043478261,127,5,0.03937007874015748,0.03067484662576687,0.034482758620689655,1,0.0779816513761468,0.0779816513761468,0.0779816513761468,nan,nan
denovo_pdb__7rmx_A,3,607,True,202,202,41,0.20297029702970298,0.1774891774891775,0.18937644341801385,24,9,0.375,0.42857142857142855,0.39999999999999997,58,15,0.25862068965517243,0.3191489361702128,0.2857142857142857,120,17,0.14166666666666666,0.10429447852760736,0.12014134275618374,1,0.18937644341801385,0.18937644341801385,0.18937644341801385,nan,nan
denovo_pdb__7sq3_A,0,298,True,99,99,6,0.06060606060606061,0.05454545454545454,0.05741626794258373,12,6,0.5,0.42857142857142855,0.4615384615384615,24,0,0.0,0.0,0.0,63,0,0.0,0.0,0.0,1,0.05741626794258373,0.05741626794258373,0.05741626794258373,nan,nan
denovo_pdb__7sq3_A,1,283,True,94,94,7,0.07446808510638298,0.06363636363636363,0.06862745098039215,11,4,0.36363636363636365,0.2857142857142857,0.32,14,0,0.0,0.0,0.0,69,3,0.043478260869565216,0.031914893617021274,0.03680981595092025,1,0.06862745098039215,0.06862745098039215,0.06862745098039215,nan,nan
denovo_pdb__7sq3_A,2,307,True,102,102,6,0.058823529411764705,0.05454545454545454,0.056603773584905655,15,6,0.4,0.42857142857142855,0.4137931034482759,18,0,0.0,0.0,0.0,69,0,0.0,0.0,0.0,1,0.056603773584905655,0.056603773584905655,0.056603773584905655,nan,nan
denovo_pdb__7sq3_A,3,358,True,119,119,10,0.08403361344537816,0.09090909090909091,0.08733624454148473,10,7,0.7,0.5,0.5833333333333334,18,1,0.05555555555555555,0.5,0.09999999999999999,91,2,0.02197802197802198,0.02127659574468085,0.021621621621621623,1,0.08733624454148473,0.08733624454148473,0.08733624454148473,nan,nan
denovo_pdb__7sq5_A,0,367,True,122,122,8,0.06557377049180328,0.07017543859649122,0.06779661016949151,19,6,0.3157894736842105,0.4,0.35294117647058826,33,1,0.030303030303030304,0.5,0.05714285714285715,70,1,0.014285714285714285,0.010309278350515464,0.011976047904191616,1,0.06779661016949151,0.06779661016949151,0.06779661016949151,nan,nan
denovo_pdb__7sq5_A,1,163,True,54,54,5,0.09259259259259259,0.043859649122807015,0.05952380952380952,8,2,0.25,0.13333333333333333,0.1739130434782609,16,0,0.0,0.0,0.0,30,3,0.1,0.030927835051546393,0.047244094488188976,1,0.05952380952380952,0.05952380952380952,0.05952380952380952,nan,nan
denovo_pdb__7sq5_A,2,184,True,61,61,9,0.14754098360655737,0.07894736842105263,0.10285714285714284,6,5,0.8333333333333334,0.3333333333333333,0.47619047619047616,13,0,0.0,0.0,0.0,42,4,0.09523809523809523,0.041237113402061855,0.05755395683453238,1,0.10285714285714284,0.10285714285714284,0.10285714285714284,nan,nan
denovo_pdb__7sq5_A,3,406,True,133,133,14,0.10526315789473684,0.12280701754385964,0.11336032388663966,19,9,0.47368421052631576,0.6,0.5294117647058824,34,1,0.029411764705882353,0.5,0.05555555555555555,80,4,0.05,0.041237113402061855,0.04519774011299435,1,0.11336032388663966,0.11336032388663966,0.11336032388663966,nan,nan
denovo_pdb__7tjl_A,0,130,True,43,43,11,0.2558139534883721,0.1896551724137931,0.21782178217821782,11,3,0.2727272727272727,0.3,0.28571428571428564,15,5,0.3333333333333333,0.2631578947368421,0.29411764705882354,17,3,0.17647058823529413,0.10344827586206896,0.13043478260869565,1,0.21782178217821782,0.21782178217821782,0.21782178217821782,nan,nan
denovo_pdb__7tjl_A,1,145,True,48,48,9,0.1875,0.15517241379310345,0.169811320754717,8,4,0.5,0.4,0.4444444444444445,15,4,0.26666666666666666,0.21052631578947367,0.23529411764705882,25,1,0.04,0.034482758620689655,0.03703703703703704,1,0.169811320754717,0.169811320754717,0.169811320754717,nan,nan
denovo_pdb__7tjl_A,2,70,True,23,23,2,0.08695652173913043,0.034482758620689655,0.04938271604938271,5,1,0.2,0.1,0.13333333333333333,7,1,0.14285714285714285,0.05263157894736842,0.07692307692307693,11,0,0.0,0.0,0.0,1,0.04938271604938271,0.04938271604938271,0.04938271604938271,nan,nan
denovo_pdb__7tjl_A,3,64,True,21,21,2,0.09523809523809523,0.034482758620689655,0.050632911392405056,7,1,0.14285714285714285,0.1,0.11764705882352941,8,1,0.125,0.05263157894736842,0.07407407407407407,6,0,0.0,0.0,0.0,1,0.050632911392405056,0.050632911392405056,0.050632911392405056,nan,nan
denovo_pdb__7uek_A,0,832,True,276,276,115,0.4166666666666667,0.38461538461538464,0.4,27,15,0.5555555555555556,0.38461538461538464,0.4545454545454546,28,11,0.39285714285714285,0.3235294117647059,0.3548387096774193,221,89,0.40271493212669685,0.3938053097345133,0.3982102908277405,1,0.4,0.4,0.4,nan,nan
denovo_pdb__7uek_A,1,829,True,275,275,71,0.2581818181818182,0.23745819397993312,0.24738675958188153,36,20,0.5555555555555556,0.5128205128205128,0.5333333333333333,29,4,0.13793103448275862,0.11764705882352941,0.126984126984127,210,47,0.22380952380952382,0.2079646017699115,0.21559633027522937,1,0.24738675958188153,0.24738675958188153,0.24738675958188153,nan,nan
denovo_pdb__7uek_A,2,778,True,259,259,98,0.3783783783783784,0.3277591973244147,0.35125448028673834,27,15,0.5555555555555556,0.38461538461538464,0.4545454545454546,23,8,0.34782608695652173,0.23529411764705882,0.28070175438596484,209,75,0.3588516746411483,0.33185840707964603,0.3448275862068966,1,0.35125448028673834,0.35125448028673834,0.35125448028673834,nan,nan
denovo_pdb__7uek_A,3,754,True,251,251,99,0.3944223107569721,0.3311036789297659,0.36,33,15,0.45454545454545453,0.38461538461538464,0.41666666666666663,29,11,0.3793103448275862,0.3235294117647059,0.3492063492063492,189,73,0.3862433862433862,0.3230088495575221,0.35180722891566263,1,0.36,0.36,0.36,nan,nan
denovo_pdb__7ur8_A,0,163,True,54,54,17,0.3148148148148148,0.38636363636363635,0.34693877551020413,17,11,0.6470588235294118,0.9166666666666666,0.7586206896551724,20,5,0.25,0.25,0.25,17,1,0.058823529411764705,0.08333333333333333,0.06896551724137931,1,0.34693877551020413,0.34693877551020413,0.34693877551020413,nan,nan
denovo_pdb__7ur8_A,1,160,True,53,53,18,0.33962264150943394,0.4090909090909091,0.3711340206185567,13,8,0.6153846153846154,0.6666666666666666,0.64,15,5,0.3333333333333333,0.25,0.28571428571428575,25,5,0.2,0.4166666666666667,0.2702702702702703,1,0.3711340206185567,0.3711340206185567,0.3711340206185567,nan,nan
denovo_pdb__7ur8_A,2,160,True,53,53,21,0.39622641509433965,0.4772727272727273,0.4329896907216495,14,9,0.6428571428571429,0.75,0.6923076923076924,24,9,0.375,0.45,0.4090909090909091,15,3,0.2,0.25,0.22222222222222224,1,0.4329896907216495,0.4329896907216495,0.4329896907216495,nan,nan
denovo_pdb__7ur8_A,3,109,True,36,36,22,0.6111111111111112,0.5,0.55,12,9,0.75,0.75,0.75,16,11,0.6875,0.55,0.6111111111111112,8,2,0.25,0.16666666666666666,0.2,1,0.55,0.55,0.55,nan,nan
denovo_pdb__7vqv_A,0,316,True,105,105,36,0.34285714285714286,0.3333333333333333,0.3380281690140845,15,8,0.5333333333333333,0.42105263157894735,0.47058823529411764,15,7,0.4666666666666667,0.4375,0.45161290322580644,75,21,0.28,0.2876712328767123,0.2837837837837837,1,0.3380281690140845,0.3380281690140845,0.3380281690140845,nan,nan
denovo_pdb__7vqv_A,1,226,True,75,75,17,0.22666666666666666,0.1574074074074074,0.18579234972677594,14,6,0.42857142857142855,0.3157894736842105,0.36363636363636365,7,2,0.2857142857142857,0.125,0.17391304347826086,54,9,0.16666666666666666,0.1232876712328767,0.14173228346456693,1,0.18579234972677594,0.18579234972677594,0.18579234972677594,nan,nan
denovo_pdb__7vqv_A,2,316,True,105,105,36,0.34285714285714286,0.3333333333333333,0.3380281690140845,17,7,0.4117647058823529,0.3684210526315789,0.3888888888888889,20,7,0.35,0.4375,0.38888888888888884,68,22,0.3235294117647059,0.3013698630136986,0.31205673758865243,1,0.3380281690140845,0.3380281690140845,0.3380281690140845,nan,nan
denovo_pdb__7vqv_A,3,328,True,109,109,43,0.3944954128440367,0.39814814814814814,0.39631336405529954,17,7,0.4117647058823529,0.3684210526315789,0.3888888888888889,22,8,0.36363636363636365,0.5,0.4210526315789474,70,28,0.4,0.3835616438356164,0.3916083916083916,1,0.39631336405529954,0.39631336405529954,0.39631336405529954,nan,nan
denovo_pdb__7vu4_A,0,343,True,114,114,43,0.37719298245614036,0.4215686274509804,0.3981481481481482,18,6,0.3333333333333333,0.375,0.35294117647058826,20,8,0.4,0.5,0.4444444444444445,76,29,0.3815789473684211,0.4142857142857143,0.3972602739726028,1,0.3981481481481482,0.3981481481481482,0.3981481481481482,nan,nan
denovo_pdb__7vu4_A,1,331,True,110,110,34,0.3090909090909091,0.3333333333333333,0.3207547169811321,13,5,0.38461538461538464,0.3125,0.3448275862068966,29,6,0.20689655172413793,0.375,0.26666666666666666,68,23,0.3382352941176471,0.32857142857142857,0.3333333333333333,1,0.3207547169811321,0.3207547169811321,0.3207547169811321,nan,nan
denovo_pdb__7vu4_A,2,277,True,92,92,37,0.40217391304347827,0.3627450980392157,0.38144329896907214,13,6,0.46153846153846156,0.375,0.41379310344827586,10,6,0.6,0.375,0.4615384615384615,69,25,0.36231884057971014,0.35714285714285715,0.3597122302158273,1,0.38144329896907214,0.38144329896907214,0.38144329896907214,nan,nan
denovo_pdb__7vu4_A,3,283,True,94,94,18,0.19148936170212766,0.17647058823529413,0.1836734693877551,15,1,0.06666666666666667,0.0625,0.06451612903225808,13,5,0.38461538461538464,0.3125,0.3448275862068966,66,12,0.18181818181818182,0.17142857142857143,0.1764705882352941,1,0.1836734693877551,0.1836734693877551,0.1836734693877551,nan,nan
denovo_pdb__8ah9_A,0,307,True,102,102,13,0.12745098039215685,0.09848484848484848,0.1111111111111111,9,4,0.4444444444444444,0.12903225806451613,0.19999999999999998,17,5,0.29411764705882354,0.08620689655172414,0.13333333333333333,76,4,0.05263157894736842,0.09302325581395349,0.06722689075630252,1,0.1111111111111111,0.1111111111111111,0.1111111111111111,nan,nan
denovo_pdb__8ah9_A,1,400,True,133,133,42,0.3157894736842105,0.3181818181818182,0.3169811320754717,20,11,0.55,0.3548387096774194,0.43137254901960786,45,17,0.37777777777777777,0.29310344827586204,0.33009708737864074,68,14,0.20588235294117646,0.32558139534883723,0.25225225225225223,1,0.3169811320754717,0.3169811320754717,0.3169811320754717,nan,nan
denovo_pdb__8ah9_A,2,436,True,145,145,28,0.19310344827586207,0.21212121212121213,0.20216606498194947,19,6,0.3157894736842105,0.1935483870967742,0.24000000000000002,41,14,0.34146341463414637,0.2413793103448276,0.2828282828282829,85,8,0.09411764705882353,0.18604651162790697,0.125,1,0.20216606498194947,0.20216606498194947,0.20216606498194947,nan,nan
denovo_pdb__8ah9_A,3,379,True,126,126,54,0.42857142857142855,0.4090909090909091,0.4186046511627907,22,14,0.6363636363636364,0.45161290322580644,0.5283018867924528,43,27,0.627906976744186,0.46551724137931033,0.5346534653465347,61,13,0.21311475409836064,0.3023255813953488,0.24999999999999994,1,0.4186046511627907,0.4186046511627907,0.4186046511627907,nan,nan
denovo_pdb__8bl3_A,0,583,True,194,194,54,0.27835051546391754,0.3312883435582822,0.3025210084033613,31,22,0.7096774193548387,0.6111111111111112,0.6567164179104478,41,22,0.5365853658536586,0.46808510638297873,0.5,122,10,0.08196721311475409,0.125,0.09900990099009901,1,0.3025210084033613,0.3025210084033613,0.3025210084033613,nan,nan
denovo_pdb__8bl3_A,1,364,True,121,121,15,0.12396694214876033,0.09202453987730061,0.1056338028169014,20,7,0.35,0.19444444444444445,0.25,27,5,0.18518518518518517,0.10638297872340426,0.13513513513513514,74,3,0.04054054054054054,0.0375,0.03896103896103896,1,0.1056338028169014,0.1056338028169014,0.1056338028169014,nan,nan
denovo_pdb__8bl3_A,2,568,True,189,189,64,0.3386243386243386,0.39263803680981596,0.36363636363636365,31,16,0.5161290322580645,0.4444444444444444,0.4776119402985074,57,29,0.5087719298245614,0.6170212765957447,0.5576923076923077,101,19,0.18811881188118812,0.2375,0.20994475138121546,1,0.36363636363636365,0.36363636363636365,0.36363636363636365,nan,nan
denovo_pdb__8bl3_A,3,550,True,183,183,36,0.19672131147540983,0.22085889570552147,0.20809248554913296,29,17,0.5862068965517241,0.4722222222222222,0.523076923076923,40,10,0.25,0.2127659574468085,0.2298850574712644,114,9,0.07894736842105263,0.1125,0.09278350515463916,1,0.20809248554913296,0.20809248554913296,0.20809248554913296,nan,nan
denovo_pdb__8bl6_A,0,550,True,183,183,40,0.2185792349726776,0.25806451612903225,0.23668639053254437,32,11,0.34375,0.3235294117647059,0.33333333333333337,81,13,0.16049382716049382,0.28888888888888886,0.20634920634920634,70,16,0.22857142857142856,0.21052631578947367,0.21917808219178084,1,0.23668639053254437,0.23668639053254437,0.23668639053254437,nan,nan
denovo_pdb__8bl6_A,1,562,True,187,187,63,0.33689839572192515,0.4064516129032258,0.3684210526315789,39,18,0.46153846153846156,0.5294117647058824,0.4931506849315069,64,23,0.359375,0.5111111111111111,0.4220183486238532,84,22,0.2619047619047619,0.2894736842105263,0.2750000000000001,1,0.3684210526315789,0.3684210526315789,0.3684210526315789,nan,nan
denovo_pdb__8bl6_A,2,445,True,148,148,39,0.2635135135135135,0.25161290322580643,0.25742574257425743,20,13,0.65,0.38235294117647056,0.48148148148148157,23,7,0.30434782608695654,0.15555555555555556,0.2058823529411765,105,19,0.18095238095238095,0.25,0.20994475138121546,1,0.25742574257425743,0.25742574257425743,0.25742574257425743,nan,nan
denovo_pdb__8bl6_A,3,442,True,147,147,18,0.12244897959183673,0.11612903225806452,0.11920529801324503,22,9,0.4090909090909091,0.2647058823529412,0.3214285714285714,46,7,0.15217391304347827,0.15555555555555556,0.15384615384615385,79,2,0.02531645569620253,0.02631578947368421,0.025806451612903226,1,0.11920529801324503,0.11920529801324503,0.11920529801324503,nan,nan
denovo_pdb__8bu0_A,0,361,True,120,120,106,0.8833333333333333,0.8548387096774194,0.8688524590163934,17,14,0.8235294117647058,1.0,0.9032258064516129,41,38,0.926829268292683,0.8260869565217391,0.8735632183908046,62,54,0.8709677419354839,0.84375,0.8571428571428571,1,0.8688524590163934,0.8688524590163934,0.8688524590163934,nan,nan
denovo_pdb__8bu0_A,1,391,True,130,130,108,0.8307692307692308,0.8709677419354839,0.8503937007874016,18,14,0.7777777777777778,1.0,0.8750000000000001,46,41,0.8913043478260869,0.8913043478260869,0.8913043478260869,66,53,0.803030303030303,0.828125,0.8153846153846153,1,0.8503937007874016,0.8503937007874016,0.8503937007874016,nan,nan
denovo_pdb__8bu0_A,2,376,True,125,125,107,0.856,0.8629032258064516,0.859437751004016,16,13,0.8125,0.9285714285714286,0.8666666666666666,45,41,0.9111111111111111,0.8913043478260869,0.9010989010989011,64,53,0.828125,0.828125,0.828125,1,0.859437751004016,0.859437751004016,0.859437751004016,nan,nan
denovo_pdb__8bu0_A,3,349,True,116,116,108,0.9310344827586207,0.8709677419354839,0.9,15,13,0.8666666666666667,0.9285714285714286,0.896551724137931,48,44,0.9166666666666666,0.9565217391304348,0.9361702127659574,53,51,0.9622641509433962,0.796875,0.8717948717948717,1,0.9,0.9,0.9,nan,nan
denovo_pdb__8chy_A,0,832,True,277,277,234,0.8447653429602888,0.8764044943820225,0.860294117647059,32,26,0.8125,0.9629629629629629,0.8813559322033898,98,90,0.9183673469387755,0.8910891089108911,0.9045226130653267,147,118,0.8027210884353742,0.8489208633093526,0.8251748251748252,1,0.860294117647059,0.860294117647059,0.860294117647059,nan,nan
denovo_pdb__8chy_A,1,853,True,284,284,226,0.795774647887324,0.846441947565543,0.8203266787658804,31,26,0.8387096774193549,0.9629629629629629,0.896551724137931,102,87,0.8529411764705882,0.8613861386138614,0.8571428571428572,151,113,0.7483443708609272,0.8129496402877698,0.7793103448275862,1,0.8203266787658804,0.8203266787658804,0.8203266787658804,nan,nan
denovo_pdb__8chy_A,2,844,True,281,281,229,0.8149466192170819,0.8576779026217228,0.8357664233576643,36,27,0.75,1.0,0.8571428571428571,104,88,0.8461538461538461,0.8712871287128713,0.8585365853658536,141,114,0.8085106382978723,0.8201438848920863,0.8142857142857144,1,0.8357664233576643,0.8357664233576643,0.8357664233576643,nan,nan
denovo_pdb__8chy_A,3,823,True,274,274,224,0.8175182481751825,0.8389513108614233,0.8280961182994454,33,26,0.7878787878787878,0.9629629629629629,0.8666666666666665,110,90,0.8181818181818182,0.8910891089108911,0.8530805687203792,131,108,0.8244274809160306,0.7769784172661871,0.8,1,0.8280961182994454,0.8280961182994454,0.8280961182994454,nan,nan
denovo_pdb__8ckr_A,0,388,True,129,129,105,0.813953488372093,0.8267716535433071,0.8203125,15,14,0.9333333333333333,1.0,0.9655172413793104,52,44,0.8461538461538461,0.8627450980392157,0.854368932038835,62,47,0.7580645161290323,0.7580645161290323,0.7580645161290323,1,0.8203125,0.8203125,0.8203125,nan,nan
denovo_pdb__8ckr_A,1,385,True,128,128,108,0.84375,0.8503937007874016,0.8470588235294119,16,13,0.8125,0.9285714285714286,0.8666666666666666,44,41,0.9318181818181818,0.803921568627451,0.8631578947368421,68,54,0.7941176470588235,0.8709677419354839,0.8307692307692308,1,0.8470588235294119,0.8470588235294119,0.8470588235294119,nan,nan
denovo_pdb__8ckr_A,2,415,True,138,138,111,0.8043478260869565,0.8740157480314961,0.8377358490566038,16,13,0.8125,0.9285714285714286,0.8666666666666666,52,45,0.8653846153846154,0.8823529411764706,0.8737864077669903,70,53,0.7571428571428571,0.8548387096774194,0.803030303030303,1,0.8377358490566038,0.8377358490566038,0.8377358490566038,nan,nan
denovo_pdb__8ckr_A,3,412,True,137,137,109,0.7956204379562044,0.8582677165354331,0.8257575757575758,19,14,0.7368421052631579,1.0,0.8484848484848484,44,38,0.8636363636363636,0.7450980392156863,0.8,74,57,0.7702702702702703,0.9193548387096774,0.8382352941176471,1,0.8257575757575758,0.8257575757575758,0.8257575757575758,nan,nan
denovo_pdb__8cqq_A,0,829,True,276,276,216,0.782608695652174,0.8404669260700389,0.8105065666041277,31,27,0.8709677419354839,1.0,0.9310344827586207,98,84,0.8571428571428571,0.865979381443299,0.8615384615384615,147,105,0.7142857142857143,0.7894736842105263,0.7500000000000001,1,0.8105065666041277,0.8105065666041277,0.8105065666041277,nan,nan
denovo_pdb__8cqq_A,1,871,True,290,290,235,0.8103448275862069,0.914396887159533,0.8592321755027422,34,26,0.7647058823529411,0.9629629629629629,0.8524590163934426,102,88,0.8627450980392157,0.9072164948453608,0.8844221105527639,154,121,0.7857142857142857,0.9097744360902256,0.8432055749128918,1,0.8592321755027422,0.8592321755027422,0.8592321755027422,nan,nan
denovo_pdb__8cqq_A,2,862,True,287,287,231,0.8048780487804879,0.8988326848249028,0.8492647058823529,33,25,0.7575757575757576,0.9259259259259259,0.8333333333333334,101,85,0.8415841584158416,0.8762886597938144,0.8585858585858587,153,121,0.7908496732026143,0.9097744360902256,0.8461538461538461,1,0.8492647058823529,0.8492647058823529,0.8492647058823529,nan,nan
denovo_pdb__8cqq_A,3,862,True,283,283,222,0.784452296819788,0.8638132295719845,0.8222222222222222,35,27,0.7714285714285715,1.0,0.870967741935484,101,86,0.8514851485148515,0.8865979381443299,0.8686868686868687,147,109,0.7414965986394558,0.8195488721804511,0.7785714285714286,1,0.8222222222222222,0.8222222222222222,0.8222222222222222,nan,nan
denovo_pdb__8d03_A,0,70,True,23,23,1,0.043478260869565216,0.022727272727272728,0.029850746268656712,8,1,0.125,0.1,0.11111111111111112,3,0,0.0,0.0,0.0,12,0,0.0,0.0,0.0,1,0.029850746268656712,0.029850746268656712,0.029850746268656712,nan,nan
denovo_pdb__8d03_A,1,106,True,35,35,1,0.02857142857142857,0.022727272727272728,0.02531645569620253,5,0,0.0,0.0,0.0,16,1,0.0625,0.09090909090909091,0.07407407407407407,14,0,0.0,0.0,0.0,1,0.02531645569620253,0.02531645569620253,0.02531645569620253,nan,nan
denovo_pdb__8d03_A,2,145,True,48,48,1,0.020833333333333332,0.022727272727272728,0.021739130434782608,9,0,0.0,0.0,0.0,6,0,0.0,0.0,0.0,33,1,0.030303030303030304,0.043478260869565216,0.03571428571428572,1,0.021739130434782608,0.021739130434782608,0.021739130434782608,nan,nan
denovo_pdb__8d03_A,3,115,True,38,38,10,0.2631578947368421,0.22727272727272727,0.24390243902439024,11,2,0.18181818181818182,0.2,0.1904761904761905,11,2,0.18181818181818182,0.18181818181818182,0.18181818181818182,16,6,0.375,0.2608695652173913,0.30769230769230765,1,0.24390243902439024,0.24390243902439024,0.24390243902439024,nan,nan
denovo_pdb__8d9o_A,0,490,True,163,163,26,0.15950920245398773,0.15384615384615385,0.1566265060240964,11,1,0.09090909090909091,0.16666666666666666,0.11764705882352942,23,3,0.13043478260869565,0.11538461538461539,0.12244897959183673,129,22,0.17054263565891473,0.16058394160583941,0.16541353383458646,1,0.1566265060240964,0.1566265060240964,0.1566265060240964,nan,nan
denovo_pdb__8d9o_A,1,394,True,130,130,15,0.11538461538461539,0.08875739644970414,0.10033444816053512,9,2,0.2222222222222222,0.3333333333333333,0.26666666666666666,18,3,0.16666666666666666,0.11538461538461539,0.13636363636363638,103,10,0.0970873786407767,0.072992700729927,0.08333333333333334,1,0.10033444816053512,0.10033444816053512,0.10033444816053512,nan,nan
denovo_pdb__8d9o_A,2,424,True,141,141,2,0.014184397163120567,0.011834319526627219,0.012903225806451613,12,1,0.08333333333333333,0.16666666666666666,0.1111111111111111,20,0,0.0,0.0,0.0,109,1,0.009174311926605505,0.0072992700729927005,0.008130081300813009,1,0.012903225806451613,0.012903225806451613,0.012903225806451613,nan,nan
denovo_pdb__8d9o_A,3,685,True,228,228,16,0.07017543859649122,0.09467455621301775,0.0806045340050378,19,1,0.05263157894736842,0.16666666666666666,0.08,24,3,0.125,0.11538461538461539,0.12000000000000001,185,12,0.06486486486486487,0.08759124087591241,0.07453416149068325,1,0.0806045340050378,0.0806045340050378,0.0806045340050378,nan,nan
denovo_pdb__8eov_A,0,205,True,68,68,17,0.25,0.11724137931034483,0.1596244131455399,18,7,0.3888888888888889,0.4375,0.411764705882353,25,8,0.32,0.34782608695652173,0.3333333333333333,25,2,0.08,0.018867924528301886,0.030534351145038167,1,0.1596244131455399,0.1596244131455399,0.1596244131455399,nan,nan
denovo_pdb__8eov_A,1,394,True,131,131,7,0.05343511450381679,0.04827586206896552,0.05072463768115942,22,5,0.22727272727272727,0.3125,0.2631578947368421,28,0,0.0,0.0,0.0,81,2,0.024691358024691357,0.018867924528301886,0.021390374331550804,1,0.05072463768115942,0.05072463768115942,0.05072463768115942,nan,nan
denovo_pdb__8eov_A,2,142,True,47,47,5,0.10638297872340426,0.034482758620689655,0.05208333333333333,10,2,0.2,0.125,0.15384615384615385,7,0,0.0,0.0,0.0,30,3,0.1,0.02830188679245283,0.04411764705882353,1,0.05208333333333333,0.05208333333333333,0.05208333333333333,nan,nan
denovo_pdb__8eov_A,3,487,True,162,162,18,0.1111111111111111,0.12413793103448276,0.11726384364820847,19,6,0.3157894736842105,0.375,0.34285714285714286,22,2,0.09090909090909091,0.08695652173913043,0.08888888888888888,121,10,0.08264462809917356,0.09433962264150944,0.0881057268722467,1,0.11726384364820847,0.11726384364820847,0.11726384364820847,nan,nan
denovo_pdb__8etq_A,0,850,True,283,283,28,0.0989399293286219,0.09333333333333334,0.0960548885077187,41,15,0.36585365853658536,0.25862068965517243,0.303030303030303,79,11,0.13924050632911392,0.2682926829268293,0.18333333333333332,163,2,0.012269938650306749,0.009950248756218905,0.010989010989010986,1,0.0960548885077187,0.0960548885077187,0.0960548885077187,nan,nan
denovo_pdb__8etq_A,1,691,True,229,229,31,0.13537117903930132,0.10333333333333333,0.11720226843100189,27,10,0.37037037037037035,0.1724137931034483,0.23529411764705885,39,11,0.28205128205128205,0.2682926829268293,0.275,163,10,0.06134969325153374,0.04975124378109453,0.054945054945054944,1,0.11720226843100189,0.11720226843100189,0.11720226843100189,nan,nan
denovo_pdb__8etq_A,2,541,True,180,180,19,0.10555555555555556,0.06333333333333334,0.07916666666666666,30,12,0.4,0.20689655172413793,0.2727272727272727,29,7,0.2413793103448276,0.17073170731707318,0.20000000000000004,121,0,0.0,0.0,0.0,1,0.07916666666666666,0.07916666666666666,0.07916666666666666,nan,nan
denovo_pdb__8etq_A,3,613,True,204,204,29,0.14215686274509803,0.09666666666666666,0.11507936507936507,30,16,0.5333333333333333,0.27586206896551724,0.36363636363636365,60,12,0.2,0.2926829268292683,0.2376237623762376,114,1,0.008771929824561403,0.004975124378109453,0.006349206349206348,1,0.11507936507936507,0.11507936507936507,0.11507936507936507,nan,nan
denovo_pdb__8fjg_A,0,160,True,53,53,18,0.33962264150943394,0.1956521739130435,0.2482758620689655,10,4,0.4,0.3333333333333333,0.3636363636363636,17,11,0.6470588235294118,0.4230769230769231,0.5116279069767442,26,3,0.11538461538461539,0.05555555555555555,0.075,1,0.2482758620689655,0.2482758620689655,0.2482758620689655,nan,nan
denovo_pdb__8fjg_A,1,124,True,41,41,16,0.3902439024390244,0.17391304347826086,0.2406015037593985,7,3,0.42857142857142855,0.25,0.3157894736842105,11,6,0.5454545454545454,0.23076923076923078,0.3243243243243243,23,7,0.30434782608695654,0.12962962962962962,0.18181818181818182,1,0.2406015037593985,0.2406015037593985,0.2406015037593985,nan,nan
denovo_pdb__8fjg_A,2,193,True,64,64,32,0.5,0.34782608695652173,0.41025641025641024,10,5,0.5,0.4166666666666667,0.45454545454545453,16,11,0.6875,0.4230769230769231,0.5238095238095238,38,16,0.42105263157894735,0.2962962962962963,0.34782608695652173,1,0.41025641025641024,0.41025641025641024,0.41025641025641024,nan,nan
denovo_pdb__8fjg_A,3,262,True,87,87,34,0.39080459770114945,0.3695652173913043,0.37988826815642457,10,7,0.7,0.5833333333333334,0.6363636363636365,18,10,0.5555555555555556,0.38461538461538464,0.4545454545454546,59,17,0.288135593220339,0.3148148148148148,0.3008849557522124,1,0.37988826815642457,0.37988826815642457,0.37988826815642457,nan,nan
denovo_pdb__8gl3_A,0,205,True,68,68,15,0.22058823529411764,0.0967741935483871,0.13452914798206278,14,8,0.5714285714285714,0.47058823529411764,0.5161290322580646,5,3,0.6,0.25,0.35294117647058826,49,4,0.08163265306122448,0.031746031746031744,0.04571428571428571,1,0.13452914798206278,0.13452914798206278,0.13452914798206278,nan,nan
denovo_pdb__8gl3_A,1,91,True,30,30,13,0.43333333333333335,0.08387096774193549,0.14054054054054055,17,12,0.7058823529411765,0.7058823529411765,0.7058823529411765,1,0,0.0,0.0,0.0,12,1,0.08333333333333333,0.007936507936507936,0.014492753623188406,1,0.14054054054054055,0.14054054054054055,0.14054054054054055,nan,nan
denovo_pdb__8gl3_A,2,64,True,21,21,9,0.42857142857142855,0.05806451612903226,0.10227272727272728,19,8,0.42105263157894735,0.47058823529411764,0.4444444444444444,1,0,0.0,0.0,0.0,1,1,1.0,0.007936507936507936,0.015748031496062992,1,0.10227272727272728,0.10227272727272728,0.10227272727272728,nan,nan
denovo_pdb__8gl3_A,3,688,True,229,229,20,0.08733624454148471,0.12903225806451613,0.10416666666666667,24,10,0.4166666666666667,0.5882352941176471,0.48780487804878053,13,1,0.07692307692307693,0.08333333333333333,0.08,192,9,0.046875,0.07142857142857142,0.05660377358490566,1,0.10416666666666667,0.10416666666666667,0.10416666666666667,nan,nan
denovo_pdb__8j1x_A,0,562,True,187,187,19,0.10160427807486631,0.11949685534591195,0.10982658959537572,20,6,0.3,0.375,0.33333333333333326,27,1,0.037037037037037035,0.06666666666666667,0.047619047619047616,140,12,0.08571428571428572,0.09375,0.08955223880597014,1,0.10982658959537572,0.10982658959537572,0.10982658959537572,nan,nan
denovo_pdb__8j1x_A,1,511,True,170,170,16,0.09411764705882353,0.10062893081761007,0.0972644376899696,33,4,0.12121212121212122,0.25,0.163265306122449,30,4,0.13333333333333333,0.26666666666666666,0.17777777777777776,107,8,0.07476635514018691,0.0625,0.06808510638297871,1,0.0972644376899696,0.0972644376899696,0.0972644376899696,nan,nan
denovo_pdb__8j1x_A,2,472,True,157,157,12,0.07643312101910828,0.07547169811320754,0.0759493670886076,18,1,0.05555555555555555,0.0625,0.058823529411764705,35,4,0.11428571428571428,0.26666666666666666,0.16,104,7,0.0673076923076923,0.0546875,0.0603448275862069,1,0.0759493670886076,0.0759493670886076,0.0759493670886076,nan,nan
denovo_pdb__8j1x_A,3,418,True,139,139,15,0.1079136690647482,0.09433962264150944,0.10067114093959731,18,3,0.16666666666666666,0.1875,0.17647058823529413,25,5,0.2,0.3333333333333333,0.25,96,7,0.07291666666666667,0.0546875,0.0625,1,0.10067114093959731,0.10067114093959731,0.10067114093959731,nan,nan
denovo_pdb__8ju8_A,0,289,True,96,96,44,0.4583333333333333,0.4731182795698925,0.46560846560846564,11,3,0.2727272727272727,0.3333333333333333,0.3,15,8,0.5333333333333333,0.4,0.4571428571428572,70,33,0.4714285714285714,0.515625,0.4925373134328358,1,0.46560846560846564,0.46560846560846564,0.46560846560846564,nan,nan
denovo_pdb__8ju8_A,1,304,True,101,101,38,0.37623762376237624,0.40860215053763443,0.3917525773195877,16,5,0.3125,0.5555555555555556,0.39999999999999997,10,2,0.2,0.1,0.13333333333333333,75,31,0.41333333333333333,0.484375,0.4460431654676259,1,0.3917525773195877,0.3917525773195877,0.3917525773195877,nan,nan
denovo_pdb__8ju8_A,2,220,True,73,73,27,0.3698630136986301,0.2903225806451613,0.3253012048192771,13,5,0.38461538461538464,0.5555555555555556,0.4545454545454546,14,6,0.42857142857142855,0.3,0.3529411764705882,46,16,0.34782608695652173,0.25,0.2909090909090909,1,0.3253012048192771,0.3253012048192771,0.3253012048192771,nan,nan
denovo_pdb__8ju8_A,3,301,True,100,100,46,0.46,0.4946236559139785,0.4766839378238342,9,5,0.5555555555555556,0.5555555555555556,0.5555555555555556,15,10,0.6666666666666666,0.5,0.5714285714285715,76,31,0.40789473684210525,0.484375,0.44285714285714284,1,0.4766839378238342,0.4766839378238342,0.4766839378238342,nan,nan
denovo_pdb__8k7z_A,0,217,True,72,72,4,0.05555555555555555,0.04395604395604396,0.04907975460122699,12,2,0.16666666666666666,0.25,0.2,15,2,0.13333333333333333,0.25,0.1739130434782609,45,0,0.0,0.0,0.0,1,0.04907975460122699,0.04907975460122699,0.04907975460122699,nan,nan
denovo_pdb__8k7z_A,1,265,True,88,88,8,0.09090909090909091,0.08791208791208792,0.0893854748603352,14,3,0.21428571428571427,0.375,0.2727272727272727,16,4,0.25,0.5,0.3333333333333333,58,1,0.017241379310344827,0.013333333333333334,0.015037593984962407,1,0.0893854748603352,0.0893854748603352,0.0893854748603352,nan,nan
denovo_pdb__8k7z_A,2,280,True,93,93,11,0.11827956989247312,0.12087912087912088,0.11956521739130435,8,1,0.125,0.125,0.125,18,1,0.05555555555555555,0.125,0.07692307692307691,67,9,0.13432835820895522,0.12,0.1267605633802817,1,0.11956521739130435,0.11956521739130435,0.11956521739130435,nan,nan
denovo_pdb__8k7z_A,3,235,True,78,78,8,0.10256410256410256,0.08791208791208792,0.09467455621301776,6,2,0.3333333333333333,0.25,0.28571428571428575,17,4,0.23529411764705882,0.5,0.31999999999999995,55,2,0.03636363636363636,0.02666666666666667,0.030769230769230767,1,0.09467455621301776,0.09467455621301776,0.09467455621301776,nan,nan
denovo_pdb__8k8g_A,0,394,True,131,131,10,0.07633587786259542,0.07142857142857142,0.07380073800738009,19,3,0.15789473684210525,0.16666666666666666,0.16216216216216214,27,1,0.037037037037037035,0.08333333333333333,0.05128205128205128,85,6,0.07058823529411765,0.05454545454545454,0.06153846153846154,1,0.07380073800738009,0.07380073800738009,0.07380073800738009,nan,nan
denovo_pdb__8k8g_A,1,469,True,156,156,15,0.09615384615384616,0.10714285714285714,0.10135135135135134,20,9,0.45,0.5,0.4736842105263158,25,2,0.08,0.16666666666666666,0.10810810810810811,111,4,0.036036036036036036,0.03636363636363636,0.036199095022624424,1,0.10135135135135134,0.10135135135135134,0.10135135135135134,nan,nan
denovo_pdb__8k8g_A,2,361,True,120,120,7,0.058333333333333334,0.05,0.05384615384615385,21,6,0.2857142857142857,0.3333333333333333,0.30769230769230765,25,1,0.04,0.08333333333333333,0.05405405405405406,74,0,0.0,0.0,0.0,1,0.05384615384615385,0.05384615384615385,0.05384615384615385,nan,nan
denovo_pdb__8k8g_A,3,301,True,100,100,7,0.07,0.05,0.058333333333333334,19,4,0.21052631578947367,0.2222222222222222,0.21621621621621623,21,1,0.047619047619047616,0.08333333333333333,0.060606060606060615,60,2,0.03333333333333333,0.01818181818181818,0.023529411764705882,1,0.058333333333333334,0.058333333333333334,0.058333333333333334,nan,nan
denovo_pdb__8ka7_A,0,280,True,92,92,13,0.14130434782608695,0.14942528735632185,0.14525139664804468,19,6,0.3157894736842105,0.4,0.35294117647058826,24,5,0.20833333333333334,0.23809523809523808,0.22222222222222224,49,2,0.04081632653061224,0.0392156862745098,0.04,1,0.14525139664804468,0.14525139664804468,0.14525139664804468,nan,nan
denovo_pdb__8ka7_A,1,229,True,76,76,20,0.2631578947368421,0.22988505747126436,0.24539877300613497,20,8,0.4,0.5333333333333333,0.4571428571428572,25,7,0.28,0.3333333333333333,0.30434782608695654,31,5,0.16129032258064516,0.09803921568627451,0.1219512195121951,1,0.24539877300613497,0.24539877300613497,0.24539877300613497,nan,nan
denovo_pdb__8ka7_A,2,307,True,102,102,13,0.12745098039215685,0.14942528735632185,0.13756613756613756,18,4,0.2222222222222222,0.26666666666666666,0.2424242424242424,30,3,0.1,0.14285714285714285,0.11764705882352941,54,6,0.1111111111111111,0.11764705882352941,0.11428571428571428,1,0.13756613756613756,0.13756613756613756,0.13756613756613756,nan,nan
denovo_pdb__8ka7_A,3,265,True,88,88,17,0.19318181818181818,0.19540229885057472,0.19428571428571426,10,4,0.4,0.26666666666666666,0.32,16,4,0.25,0.19047619047619047,0.2162162162162162,62,9,0.14516129032258066,0.17647058823529413,0.1592920353982301,1,0.19428571428571426,0.19428571428571426,0.19428571428571426,nan,nan
denovo_pdb__8kc0_A,0,265,True,88,88,15,0.17045454545454544,0.13513513513513514,0.1507537688442211,27,7,0.25925925925925924,0.5833333333333334,0.358974358974359,28,6,0.21428571428571427,0.3157894736842105,0.2553191489361702,33,2,0.06060606060606061,0.025,0.03539823008849558,1,0.1507537688442211,0.1507537688442211,0.1507537688442211,nan,nan
denovo_pdb__8kc0_A,1,355,True,118,118,15,0.1271186440677966,0.13513513513513514,0.13100436681222707,21,4,0.19047619047619047,0.3333333333333333,0.24242424242424246,22,3,0.13636363636363635,0.15789473684210525,0.14634146341463414,75,8,0.10666666666666667,0.1,0.10322580645161292,1,0.13100436681222707,0.13100436681222707,0.13100436681222707,nan,nan
denovo_pdb__8kc0_A,2,241,True,80,80,17,0.2125,0.15315315315315314,0.17801047120418845,18,7,0.3888888888888889,0.5833333333333334,0.4666666666666666,29,9,0.3103448275862069,0.47368421052631576,0.375,33,1,0.030303030303030304,0.0125,0.01769911504424779,1,0.17801047120418845,0.17801047120418845,0.17801047120418845,nan,nan
denovo_pdb__8kc0_A,3,397,True,132,132,10,0.07575757575757576,0.09009009009009009,0.08230452674897118,17,2,0.11764705882352941,0.16666666666666666,0.13793103448275862,28,6,0.21428571428571427,0.3157894736842105,0.2553191489361702,87,2,0.022988505747126436,0.025,0.02395209580838323,1,0.08230452674897118,0.08230452674897118,0.08230452674897118,nan,nan
denovo_pdb__8kc4_A,0,271,True,90,90,9,0.1,0.072,0.08372093023255814,19,3,0.15789473684210525,0.21428571428571427,0.18181818181818182,23,3,0.13043478260869565,0.10714285714285714,0.11764705882352941,48,3,0.0625,0.03614457831325301,0.045801526717557245,1,0.08372093023255814,0.08372093023255814,0.08372093023255814,nan,nan
denovo_pdb__8kc4_A,1,289,True,96,96,5,0.052083333333333336,0.04,0.04524886877828054,11,1,0.09090909090909091,0.07142857142857142,0.08,13,1,0.07692307692307693,0.03571428571428571,0.04878048780487805,72,3,0.041666666666666664,0.03614457831325301,0.03870967741935484,1,0.04524886877828054,0.04524886877828054,0.04524886877828054,nan,nan
denovo_pdb__8kc4_A,2,358,True,119,119,28,0.23529411764705882,0.224,0.22950819672131148,20,3,0.15,0.21428571428571427,0.1764705882352941,24,9,0.375,0.32142857142857145,0.3461538461538462,75,16,0.21333333333333335,0.1927710843373494,0.20253164556962028,1,0.22950819672131148,0.22950819672131148,0.22950819672131148,nan,nan
denovo_pdb__8kc4_A,3,289,True,96,96,20,0.20833333333333334,0.16,0.18099547511312217,13,2,0.15384615384615385,0.14285714285714285,0.14814814814814817,26,10,0.38461538461538464,0.35714285714285715,0.3703703703703704,57,8,0.14035087719298245,0.0963855421686747,0.11428571428571428,1,0.18099547511312217,0.18099547511312217,0.18099547511312217,nan,nan
denovo_pdb__8kcj_A,0,325,True,108,108,38,0.35185185185185186,0.3114754098360656,0.3304347826086957,6,3,0.5,0.16666666666666666,0.25,16,8,0.5,0.4,0.4444444444444445,86,27,0.313953488372093,0.32142857142857145,0.3176470588235294,1,0.3304347826086957,0.3304347826086957,0.3304347826086957,nan,nan
denovo_pdb__8kcj_A,1,394,True,131,131,10,0.07633587786259542,0.08196721311475409,0.07905138339920949,10,2,0.2,0.1111111111111111,0.14285714285714285,8,0,0.0,0.0,0.0,113,8,0.07079646017699115,0.09523809523809523,0.08121827411167512,1,0.07905138339920949,0.07905138339920949,0.07905138339920949,nan,nan
denovo_pdb__8kcj_A,2,322,True,106,106,18,0.16981132075471697,0.14754098360655737,0.15789473684210525,14,4,0.2857142857142857,0.2222222222222222,0.25,14,5,0.35714285714285715,0.25,0.2941176470588235,78,9,0.11538461538461539,0.10714285714285714,0.11111111111111112,1,0.15789473684210525,0.15789473684210525,0.15789473684210525,nan,nan
denovo_pdb__8kcj_A,3,301,True,100,100,10,0.1,0.08196721311475409,0.09009009009009009,14,3,0.21428571428571427,0.16666666666666666,0.1875,22,1,0.045454545454545456,0.05,0.04761904761904762,64,6,0.09375,0.07142857142857142,0.08108108108108107,1,0.09009009009009009,0.09009009009009009,0.09009009009009009,nan,nan
denovo_pdb__8kdq_A,0,649,True,216,216,80,0.37037037037037035,0.39215686274509803,0.3809523809523809,20,6,0.3,0.23076923076923078,0.2608695652173913,44,18,0.4090909090909091,0.5,0.45,152,56,0.3684210526315789,0.39436619718309857,0.3809523809523809,1,0.3809523809523809,0.3809523809523809,0.3809523809523809,nan,nan
denovo_pdb__8kdq_A,1,631,True,210,210,87,0.4142857142857143,0.4264705882352941,0.4202898550724638,17,10,0.5882352941176471,0.38461538461538464,0.46511627906976744,34,21,0.6176470588235294,0.5833333333333334,0.6,159,56,0.3522012578616352,0.39436619718309857,0.37209302325581395,1,0.4202898550724638,0.4202898550724638,0.4202898550724638,nan,nan
denovo_pdb__8kdq_A,2,628,True,209,209,85,0.40669856459330145,0.4166666666666667,0.41162227602905566,25,6,0.24,0.23076923076923078,0.23529411764705882,44,22,0.5,0.6111111111111112,0.55,140,57,0.40714285714285714,0.4014084507042254,0.40425531914893614,1,0.41162227602905566,0.41162227602905566,0.41162227602905566,nan,nan
denovo_pdb__8kdq_A,3,625,True,208,208,44,0.21153846153846154,0.21568627450980393,0.21359223300970875,18,5,0.2777777777777778,0.19230769230769232,0.2272727272727273,31,6,0.1935483870967742,0.16666666666666666,0.1791044776119403,159,33,0.20754716981132076,0.2323943661971831,0.21926910299003324,1,0.21359223300970875,0.21359223300970875,0.21359223300970875,nan,nan
denovo_pdb__8oyw_A,0,286,True,94,94,8,0.0851063829787234,0.04790419161676647,0.06130268199233716,17,3,0.17647058823529413,0.1875,0.1818181818181818,16,5,0.3125,0.25,0.2777777777777778,61,0,0.0,0.0,0.0,1,0.06130268199233716,0.06130268199233716,0.06130268199233716,nan,nan
denovo_pdb__8oyw_A,1,343,True,113,113,7,0.061946902654867256,0.041916167664670656,0.05,13,1,0.07692307692307693,0.0625,0.06896551724137931,26,1,0.038461538461538464,0.05,0.043478260869565216,74,5,0.06756756756756757,0.03816793893129771,0.048780487804878044,1,0.05,0.05,0.05,nan,nan
denovo_pdb__8oyw_A,2,514,True,171,171,19,0.1111111111111111,0.11377245508982035,0.11242603550295857,17,1,0.058823529411764705,0.0625,0.06060606060606061,25,5,0.2,0.25,0.22222222222222224,129,13,0.10077519379844961,0.09923664122137404,0.09999999999999999,1,0.11242603550295857,0.11242603550295857,0.11242603550295857,nan,nan
denovo_pdb__8oyw_A,3,550,True,183,183,17,0.09289617486338798,0.10179640718562874,0.09714285714285714,17,2,0.11764705882352941,0.125,0.12121212121212122,34,7,0.20588235294117646,0.35,0.25925925925925924,132,8,0.06060606060606061,0.061068702290076333,0.06083650190114069,1,0.09714285714285714,0.09714285714285714,0.09714285714285714,nan,nan
denovo_pdb__8pf0_A,0,448,True,149,149,39,0.26174496644295303,0.2867647058823529,0.27368421052631575,35,12,0.34285714285714286,0.36363636363636365,0.3529411764705882,54,21,0.3888888888888889,0.4883720930232558,0.43298969072164956,60,6,0.1,0.1,0.10000000000000002,1,0.27368421052631575,0.27368421052631575,0.27368421052631575,nan,nan
denovo_pdb__8pf0_A,1,478,True,159,159,43,0.27044025157232704,0.3161764705882353,0.29152542372881357,36,13,0.3611111111111111,0.3939393939393939,0.37681159420289856,46,20,0.43478260869565216,0.46511627906976744,0.449438202247191,77,10,0.12987012987012986,0.16666666666666666,0.14598540145985398,1,0.29152542372881357,0.29152542372881357,0.29152542372881357,nan,nan
denovo_pdb__8pf0_A,2,448,True,149,149,36,0.24161073825503357,0.2647058823529412,0.25263157894736843,31,14,0.45161290322580644,0.42424242424242425,0.4375,26,15,0.5769230769230769,0.3488372093023256,0.43478260869565216,92,7,0.07608695652173914,0.11666666666666667,0.09210526315789473,1,0.25263157894736843,0.25263157894736843,0.25263157894736843,nan,nan
denovo_pdb__8pf0_A,3,481,True,160,160,31,0.19375,0.22794117647058823,0.20945945945945948,45,14,0.3111111111111111,0.42424242424242425,0.3589743589743589,60,16,0.26666666666666666,0.37209302325581395,0.31067961165048547,55,1,0.01818181818181818,0.016666666666666666,0.017391304347826087,1,0.20945945945945948,0.20945945945945948,0.20945945945945948,nan,nan
denovo_pdb__8qad_A,0,1,True,0,0,0,0.0,0.0,0.0,0,0,0.0,0.0,0.0,0,0,0.0,0.0,0.0,0,0,0.0,0.0,0.0,1,0.0,0.0,0.0,nan,nan
denovo_pdb__8qad_A,1,1,True,0,0,0,0.0,0.0,0.0,0,0,0.0,0.0,0.0,0,0,0.0,0.0,0.0,0,0,0.0,0.0,0.0,1,0.0,0.0,0.0,nan,nan
denovo_pdb__8qad_A,2,286,True,95,95,2,0.021052631578947368,0.014925373134328358,0.017467248908296942,4,0,0.0,0.0,0.0,6,0,0.0,0.0,0.0,85,2,0.023529411764705882,0.023255813953488372,0.023391812865497075,1,0.017467248908296942,0.017467248908296942,0.017467248908296942,nan,nan
denovo_pdb__8qad_A,3,172,True,57,57,13,0.22807017543859648,0.09701492537313433,0.13612565445026178,9,1,0.1111111111111111,0.07692307692307693,0.09090909090909093,9,3,0.3333333333333333,0.08571428571428572,0.13636363636363638,39,9,0.23076923076923078,0.10465116279069768,0.144,1,0.13612565445026178,0.13612565445026178,0.13612565445026178,nan,nan
denovo_pdb__8qkd_A,0,595,True,198,198,25,0.12626262626262627,0.10460251046025104,0.11441647597254005,20,0,0.0,0.0,0.0,29,1,0.034482758620689655,0.03333333333333333,0.03389830508474576,149,24,0.1610738255033557,0.12435233160621761,0.14035087719298245,1,0.11441647597254005,0.11441647597254005,0.11441647597254005,nan,nan
denovo_pdb__8qkd_A,1,787,True,262,262,33,0.12595419847328243,0.13807531380753138,0.13173652694610777,19,1,0.05263157894736842,0.0625,0.05714285714285714,32,3,0.09375,0.1,0.09677419354838711,211,29,0.13744075829383887,0.15025906735751296,0.14356435643564358,1,0.13173652694610777,0.13173652694610777,0.13173652694610777,nan,nan
denovo_pdb__8qkd_A,2,658,True,219,219,11,0.0502283105022831,0.04602510460251046,0.04803493449781659,14,0,0.0,0.0,0.0,19,2,0.10526315789473684,0.06666666666666667,0.0816326530612245,186,9,0.04838709677419355,0.046632124352331605,0.047493403693931395,1,0.04803493449781659,0.04803493449781659,0.04803493449781659,nan,nan
denovo_pdb__8qkd_A,3,607,True,202,202,22,0.10891089108910891,0.09205020920502092,0.09977324263038549,19,2,0.10526315789473684,0.125,0.11428571428571428,22,2,0.09090909090909091,0.06666666666666667,0.07692307692307691,161,18,0.11180124223602485,0.09326424870466321,0.1016949152542373,1,0.09977324263038549,0.09977324263038549,0.09977324263038549,nan,nan
denovo_pdb__8qzn_A,0,922,True,306,306,153,0.5,0.5406360424028268,0.5195246179966044,43,17,0.3953488372093023,0.53125,0.45333333333333325,57,30,0.5263157894736842,0.6976744186046512,0.6,206,106,0.5145631067961165,0.5096153846153846,0.5120772946859903,1,0.5195246179966044,0.5195246179966044,0.5195246179966044,nan,nan
denovo_pdb__8qzn_A,1,889,True,296,296,155,0.5236486486486487,0.5477031802120141,0.535405872193437,34,18,0.5294117647058824,0.5625,0.5454545454545455,53,31,0.5849056603773585,0.7209302325581395,0.6458333333333333,209,106,0.507177033492823,0.5096153846153846,0.5083932853717026,1,0.535405872193437,0.535405872193437,0.535405872193437,nan,nan
denovo_pdb__8qzn_A,2,802,True,267,267,128,0.4794007490636704,0.45229681978798586,0.4654545454545455,40,17,0.425,0.53125,0.47222222222222215,41,24,0.5853658536585366,0.5581395348837209,0.5714285714285714,186,87,0.46774193548387094,0.4182692307692308,0.4416243654822335,1,0.4654545454545455,0.4654545454545455,0.4654545454545455,nan,nan
denovo_pdb__8qzn_A,3,853,True,284,284,138,0.4859154929577465,0.4876325088339223,0.4867724867724868,36,17,0.4722222222222222,0.53125,0.4999999999999999,47,24,0.5106382978723404,0.5581395348837209,0.5333333333333333,201,97,0.48258706467661694,0.46634615384615385,0.4743276283618582,1,0.4867724867724868,0.4867724867724868,0.4867724867724868,nan,nan
denovo_pdb__8sjf_A,0,184,True,61,61,13,0.21311475409836064,0.17105263157894737,0.1897810218978102,6,3,0.5,0.3333333333333333,0.4,12,4,0.3333333333333333,0.25,0.28571428571428575,43,6,0.13953488372093023,0.11764705882352941,0.1276595744680851,1,0.1897810218978102,0.1897810218978102,0.1897810218978102,nan,nan
denovo_pdb__8sjf_A,1,214,True,71,71,10,0.14084507042253522,0.13157894736842105,0.1360544217687075,8,1,0.125,0.1111111111111111,0.11764705882352941,18,2,0.1111111111111111,0.125,0.11764705882352941,45,7,0.15555555555555556,0.13725490196078433,0.14583333333333334,1,0.1360544217687075,0.1360544217687075,0.1360544217687075,nan,nan
denovo_pdb__8sjf_A,2,169,True,56,56,12,0.21428571428571427,0.15789473684210525,0.18181818181818182,5,3,0.6,0.3333333333333333,0.42857142857142855,10,3,0.3,0.1875,0.23076923076923075,41,6,0.14634146341463414,0.11764705882352941,0.13043478260869565,1,0.18181818181818182,0.18181818181818182,0.18181818181818182,nan,nan
denovo_pdb__8sjf_A,3,64,True,21,21,8,0.38095238095238093,0.10526315789473684,0.16494845360824742,4,1,0.25,0.1111111111111111,0.15384615384615383,4,2,0.5,0.125,0.2,13,5,0.38461538461538464,0.09803921568627451,0.15625000000000003,1,0.16494845360824742,0.16494845360824742,0.16494845360824742,nan,nan
denovo_pdb__8vc8_A,0,382,True,127,127,7,0.05511811023622047,0.047619047619047616,0.051094890510948905,17,4,0.23529411764705882,0.19047619047619047,0.21052631578947367,17,0,0.0,0.0,0.0,93,3,0.03225806451612903,0.031578947368421054,0.031914893617021274,1,0.051094890510948905,0.051094890510948905,0.051094890510948905,nan,nan
denovo_pdb__8vc8_A,1,496,True,164,164,7,0.042682926829268296,0.047619047619047616,0.04501607717041801,22,4,0.18181818181818182,0.19047619047619047,0.18604651162790697,14,1,0.07142857142857142,0.03225806451612903,0.044444444444444446,128,2,0.015625,0.021052631578947368,0.017937219730941707,1,0.04501607717041801,0.04501607717041801,0.04501607717041801,nan,nan
denovo_pdb__8vc8_A,2,466,True,155,155,19,0.12258064516129032,0.1292517006802721,0.12582781456953643,39,9,0.23076923076923078,0.42857142857142855,0.3,41,7,0.17073170731707318,0.22580645161290322,0.19444444444444445,75,3,0.04,0.031578947368421054,0.03529411764705882,1,0.12582781456953643,0.12582781456953643,0.12582781456953643,nan,nan
denovo_pdb__8vc8_A,3,493,True,164,164,10,0.06097560975609756,0.06802721088435375,0.06430868167202572,14,6,0.42857142857142855,0.2857142857142857,0.34285714285714286,20,0,0.0,0.0,0.0,130,4,0.03076923076923077,0.042105263157894736,0.035555555555555556,1,0.06430868167202572,0.06430868167202572,0.06430868167202572,nan,nan
denovo_pdb__8vez_A,0,301,True,100,100,31,0.31,0.2897196261682243,0.2995169082125604,27,12,0.4444444444444444,0.6,0.5106382978723405,36,10,0.2777777777777778,0.3125,0.29411764705882354,37,9,0.24324324324324326,0.16363636363636364,0.1956521739130435,1,0.2995169082125604,0.2995169082125604,0.2995169082125604,nan,nan
denovo_pdb__8vez_A,1,325,True,108,108,19,0.17592592592592593,0.17757009345794392,0.1767441860465116,17,7,0.4117647058823529,0.35,0.37837837837837834,31,5,0.16129032258064516,0.15625,0.15873015873015875,60,7,0.11666666666666667,0.12727272727272726,0.1217391304347826,1,0.1767441860465116,0.1767441860465116,0.1767441860465116,nan,nan
denovo_pdb__8vez_A,2,313,True,104,104,17,0.16346153846153846,0.1588785046728972,0.16113744075829384,22,4,0.18181818181818182,0.2,0.1904761904761905,33,7,0.21212121212121213,0.21875,0.21538461538461537,49,6,0.12244897959183673,0.10909090909090909,0.11538461538461538,1,0.16113744075829384,0.16113744075829384,0.16113744075829384,nan,nan
denovo_pdb__8vez_A,3,319,True,106,106,9,0.08490566037735849,0.08411214953271028,0.08450704225352113,21,4,0.19047619047619047,0.2,0.1951219512195122,34,2,0.058823529411764705,0.0625,0.06060606060606061,51,3,0.058823529411764705,0.05454545454545454,0.056603773584905655,1,0.08450704225352113,0.08450704225352113,0.08450704225352113,nan,nan
denovo_pdb__8xyr_A,0,496,True,165,165,4,0.024242424242424242,0.0213903743315508,0.022727272727272728,19,3,0.15789473684210525,0.13636363636363635,0.14634146341463414,30,1,0.03333333333333333,0.03125,0.03225806451612904,116,0,0.0,0.0,0.0,1,0.022727272727272728,0.022727272727272728,0.022727272727272728,nan,nan
denovo_pdb__8xyr_A,1,424,True,141,141,15,0.10638297872340426,0.08021390374331551,0.09146341463414635,24,7,0.2916666666666667,0.3181818181818182,0.30434782608695654,31,2,0.06451612903225806,0.0625,0.06349206349206349,86,6,0.06976744186046512,0.045112781954887216,0.0547945205479452,1,0.09146341463414635,0.09146341463414635,0.09146341463414635,nan,nan
denovo_pdb__8xyr_A,2,457,True,152,152,22,0.14473684210526316,0.11764705882352941,0.12979351032448375,24,4,0.16666666666666666,0.18181818181818182,0.17391304347826086,17,2,0.11764705882352941,0.0625,0.08163265306122448,111,16,0.14414414414414414,0.12030075187969924,0.13114754098360656,1,0.12979351032448375,0.12979351032448375,0.12979351032448375,nan,nan
denovo_pdb__8xyr_A,3,439,True,146,146,6,0.0410958904109589,0.03208556149732621,0.036036036036036036,39,4,0.10256410256410256,0.18181818181818182,0.13114754098360654,50,0,0.0,0.0,0.0,57,2,0.03508771929824561,0.015037593984962405,0.021052631578947368,1,0.036036036036036036,0.036036036036036036,0.036036036036036036,nan,nan
denovo_pdb__8xyw_A,0,385,True,128,128,57,0.4453125,0.5377358490566038,0.48717948717948717,22,10,0.45454545454545453,0.625,0.5263157894736842,30,11,0.36666666666666664,0.5238095238095238,0.4313725490196078,76,36,0.47368421052631576,0.5217391304347826,0.49655172413793097,1,0.48717948717948717,0.48717948717948717,0.48717948717948717,nan,nan
denovo_pdb__8xyw_A,1,370,True,123,123,43,0.34959349593495936,0.4056603773584906,0.3755458515283843,16,5,0.3125,0.3125,0.3125,22,6,0.2727272727272727,0.2857142857142857,0.2790697674418604,85,32,0.3764705882352941,0.463768115942029,0.41558441558441556,1,0.3755458515283843,0.3755458515283843,0.3755458515283843,nan,nan
denovo_pdb__8xyw_A,2,325,True,108,108,53,0.49074074074074076,0.5,0.4953271028037384,15,8,0.5333333333333333,0.5,0.5161290322580646,19,11,0.5789473684210527,0.5238095238095238,0.5500000000000002,74,34,0.4594594594594595,0.4927536231884058,0.4755244755244755,1,0.4953271028037384,0.4953271028037384,0.4953271028037384,nan,nan
denovo_pdb__8xyw_A,3,343,True,113,113,53,0.4690265486725664,0.5,0.4840182648401826,20,8,0.4,0.5,0.4444444444444445,20,11,0.55,0.5238095238095238,0.5365853658536585,73,34,0.4657534246575342,0.4927536231884058,0.4788732394366197,1,0.4840182648401826,0.4840182648401826,0.4840182648401826,nan,nan
denovo_pdb__9bk7_A,0,241,True,80,80,17,0.2125,0.288135593220339,0.24460431654676257,10,5,0.5,0.45454545454545453,0.47619047619047616,15,3,0.2,0.375,0.26086956521739135,55,9,0.16363636363636364,0.225,0.1894736842105263,1,0.24460431654676257,0.24460431654676257,0.24460431654676257,nan,nan
denovo_pdb__9bk7_A,1,244,True,81,81,11,0.13580246913580246,0.1864406779661017,0.15714285714285714,7,0,0.0,0.0,0.0,12,2,0.16666666666666666,0.25,0.2,62,9,0.14516129032258066,0.225,0.1764705882352941,1,0.15714285714285714,0.15714285714285714,0.15714285714285714,nan,nan
denovo_pdb__9bk7_A,2,166,True,55,55,9,0.16363636363636364,0.15254237288135594,0.15789473684210528,11,5,0.45454545454545453,0.45454545454545453,0.45454545454545453,6,1,0.16666666666666666,0.125,0.14285714285714288,38,3,0.07894736842105263,0.075,0.07692307692307693,1,0.15789473684210528,0.15789473684210528,0.15789473684210528,nan,nan
denovo_pdb__9bk7_A,3,136,True,45,45,23,0.5111111111111111,0.3898305084745763,0.4423076923076923,7,4,0.5714285714285714,0.36363636363636365,0.4444444444444444,10,5,0.5,0.625,0.5555555555555556,28,14,0.5,0.35,0.4117647058823529,1,0.4423076923076923,0.4423076923076923,0.4423076923076923,nan,nan
denovo_pdb__9d01_A,0,1105,True,367,367,24,0.0653950953678474,0.06030150753768844,0.06274509803921567,41,10,0.24390243902439024,0.3333333333333333,0.28169014084507044,35,4,0.11428571428571428,0.125,0.11940298507462688,291,10,0.03436426116838488,0.02976190476190476,0.031897926634768745,1,0.06274509803921567,0.06274509803921567,0.06274509803921567,nan,nan
denovo_pdb__9d01_A,1,901,True,300,300,22,0.07333333333333333,0.05527638190954774,0.06303724928366763,47,7,0.14893617021276595,0.23333333333333334,0.18181818181818182,33,2,0.06060606060606061,0.0625,0.06153846153846154,220,13,0.05909090909090909,0.03869047619047619,0.046762589928057555,1,0.06303724928366763,0.06303724928366763,0.06303724928366763,nan,nan
denovo_pdb__9d01_A,2,589,True,196,196,21,0.10714285714285714,0.052763819095477386,0.0707070707070707,37,8,0.21621621621621623,0.26666666666666666,0.23880597014925373,31,6,0.1935483870967742,0.1875,0.19047619047619047,128,7,0.0546875,0.020833333333333332,0.030172413793103446,1,0.0707070707070707,0.0707070707070707,0.0707070707070707,nan,nan
denovo_pdb__9d01_A,3,526,True,174,174,19,0.10919540229885058,0.04773869346733668,0.06643356643356643,23,7,0.30434782608695654,0.23333333333333334,0.26415094339622636,15,3,0.2,0.09375,0.12765957446808512,136,9,0.0661764705882353,0.026785714285714284,0.03813559322033898,1,0.06643356643356643,0.06643356643356643,0.06643356643356643,nan,nan
denovo_pdb__9db9_A,0,58,True,19,19,6,0.3157894736842105,0.08,0.1276595744680851,3,1,0.3333333333333333,0.1,0.15384615384615383,5,3,0.6,0.1875,0.2857142857142857,11,2,0.18181818181818182,0.04081632653061224,0.06666666666666667,1,0.1276595744680851,0.1276595744680851,0.1276595744680851,nan,nan
denovo_pdb__9db9_A,1,196,True,65,65,12,0.18461538461538463,0.16,0.17142857142857143,6,0,0.0,0.0,0.0,10,5,0.5,0.3125,0.38461538461538464,49,7,0.14285714285714285,0.14285714285714285,0.14285714285714285,1,0.17142857142857143,0.17142857142857143,0.17142857142857143,nan,nan
denovo_pdb__9db9_A,2,208,True,69,69,13,0.18840579710144928,0.17333333333333334,0.18055555555555558,5,2,0.4,0.2,0.26666666666666666,16,5,0.3125,0.3125,0.3125,48,6,0.125,0.12244897959183673,0.12371134020618557,1,0.18055555555555558,0.18055555555555558,0.18055555555555558,nan,nan
denovo_pdb__9db9_A,3,100,True,33,33,10,0.30303030303030304,0.13333333333333333,0.18518518518518517,6,3,0.5,0.3,0.37499999999999994,8,1,0.125,0.0625,0.08333333333333333,19,6,0.3157894736842105,0.12244897959183673,0.1764705882352941,1,0.18518518518518517,0.18518518518518517,0.18518518518518517,nan,nan
denovo_pdb__9dbb_A,0,46,True,15,15,0,0.0,0.0,0.0,2,0,0.0,0.0,0.0,6,0,0.0,0.0,0.0,7,0,0.0,0.0,0.0,1,0.0,0.0,0.0,nan,nan
denovo_pdb__9dbb_A,1,97,True,32,32,1,0.03125,0.013157894736842105,0.018518518518518517,1,0,0.0,0.0,0.0,2,0,0.0,0.0,0.0,29,1,0.034482758620689655,0.02,0.02531645569620253,1,0.018518518518518517,0.018518518518518517,0.018518518518518517,nan,nan
denovo_pdb__9dbb_A,2,136,True,45,45,4,0.08888888888888889,0.05263157894736842,0.06611570247933883,3,1,0.3333333333333333,0.09090909090909091,0.14285714285714288,16,2,0.125,0.13333333333333333,0.12903225806451615,26,1,0.038461538461538464,0.02,0.026315789473684213,1,0.06611570247933883,0.06611570247933883,0.06611570247933883,nan,nan
denovo_pdb__9dbb_A,3,163,True,54,54,12,0.2222222222222222,0.15789473684210525,0.18461538461538463,5,3,0.6,0.2727272727272727,0.37499999999999994,15,4,0.26666666666666666,0.26666666666666666,0.26666666666666666,34,5,0.14705882352941177,0.1,0.11904761904761905,1,0.18461538461538463,0.18461538461538463,0.18461538461538463,nan,nan
denovo_pdb__9dbd_A,0,928,True,309,309,15,0.04854368932038835,0.05244755244755245,0.050420168067226885,26,2,0.07692307692307693,0.06896551724137931,0.07272727272727274,45,8,0.17777777777777778,0.18604651162790697,0.18181818181818182,238,5,0.02100840336134454,0.02336448598130841,0.022123893805309738,1,0.050420168067226885,0.050420168067226885,0.050420168067226885,nan,nan
denovo_pdb__9dbd_A,1,778,True,259,259,30,0.11583011583011583,0.1048951048951049,0.11009174311926606,18,4,0.2222222222222222,0.13793103448275862,0.1702127659574468,47,14,0.2978723404255319,0.32558139534883723,0.3111111111111111,194,12,0.061855670103092786,0.056074766355140186,0.0588235294117647,1,0.11009174311926606,0.11009174311926606,0.11009174311926606,nan,nan
denovo_pdb__9dbd_A,2,952,True,317,317,34,0.10725552050473186,0.11888111888111888,0.11276948590381426,30,3,0.1,0.10344827586206896,0.10169491525423728,54,7,0.12962962962962962,0.16279069767441862,0.1443298969072165,233,24,0.10300429184549356,0.11214953271028037,0.10738255033557048,1,0.11276948590381426,0.11276948590381426,0.11276948590381426,nan,nan
denovo_pdb__9dbd_A,3,778,True,259,259,30,0.11583011583011583,0.1048951048951049,0.11009174311926606,21,3,0.14285714285714285,0.10344827586206896,0.12000000000000001,50,11,0.22,0.2558139534883721,0.23655913978494625,188,16,0.0851063829787234,0.07476635514018691,0.07960199004975124,1,0.11009174311926606,0.11009174311926606,0.11009174311926606,nan,nan
denovo_pdb__9dbv_A,0,187,True,62,62,16,0.25806451612903225,0.23880597014925373,0.24806201550387597,11,5,0.45454545454545453,0.625,0.5263157894736842,14,5,0.35714285714285715,0.3125,0.3333333333333333,37,6,0.16216216216216217,0.13953488372093023,0.15,1,0.24806201550387597,0.24806201550387597,0.24806201550387597,nan,nan
denovo_pdb__9dbv_A,1,124,True,41,41,6,0.14634146341463414,0.08955223880597014,0.1111111111111111,10,4,0.4,0.5,0.4444444444444445,10,1,0.1,0.0625,0.07692307692307693,21,1,0.047619047619047616,0.023255813953488372,0.03125,1,0.1111111111111111,0.1111111111111111,0.1111111111111111,nan,nan
denovo_pdb__9dbv_A,2,121,True,40,40,3,0.075,0.04477611940298507,0.05607476635514018,4,1,0.25,0.125,0.16666666666666666,8,1,0.125,0.0625,0.08333333333333333,28,1,0.03571428571428571,0.023255813953488372,0.02816901408450704,1,0.05607476635514018,0.05607476635514018,0.05607476635514018,nan,nan
denovo_pdb__9dbv_A,3,76,True,25,25,3,0.12,0.04477611940298507,0.06521739130434782,6,1,0.16666666666666666,0.125,0.14285714285714288,12,1,0.08333333333333333,0.0625,0.07142857142857144,7,1,0.14285714285714285,0.023255813953488372,0.04,1,0.06521739130434782,0.06521739130434782,0.06521739130434782,nan,nan
denovo_pdb__9dcx_A,0,649,True,216,216,28,0.12962962962962962,0.12121212121212122,0.12527964205816552,27,8,0.2962962962962963,0.27586206896551724,0.2857142857142857,53,5,0.09433962264150944,0.15625,0.11764705882352942,136,15,0.11029411764705882,0.08823529411764706,0.0980392156862745,1,0.12527964205816552,0.12527964205816552,0.12527964205816552,nan,nan
denovo_pdb__9dcx_A,1,598,True,199,199,29,0.1457286432160804,0.12554112554112554,0.13488372093023254,28,7,0.25,0.2413793103448276,0.24561403508771928,37,9,0.24324324324324326,0.28125,0.26086956521739135,134,13,0.09701492537313433,0.07647058823529412,0.08552631578947369,1,0.13488372093023254,0.13488372093023254,0.13488372093023254,nan,nan
denovo_pdb__9dcx_A,2,688,True,229,229,48,0.2096069868995633,0.2077922077922078,0.20869565217391303,32,10,0.3125,0.3448275862068966,0.3278688524590164,35,9,0.2571428571428571,0.28125,0.26865671641791045,162,29,0.17901234567901234,0.17058823529411765,0.1746987951807229,1,0.20869565217391303,0.20869565217391303,0.20869565217391303,nan,nan
denovo_pdb__9dcx_A,3,625,True,208,208,24,0.11538461538461539,0.1038961038961039,0.10933940774487473,23,7,0.30434782608695654,0.2413793103448276,0.2692307692307692,34,7,0.20588235294117646,0.21875,0.21212121212121213,151,10,0.06622516556291391,0.058823529411764705,0.06230529595015576,1,0.10933940774487473,0.10933940774487473,0.10933940774487473,nan,nan
denovo_pdb__9de4_A,0,199,True,66,66,8,0.12121212121212122,0.12307692307692308,0.12213740458015268,8,2,0.25,0.25,0.25,17,3,0.17647058823529413,0.2,0.18750000000000003,41,3,0.07317073170731707,0.07142857142857142,0.07228915662650603,1,0.12213740458015268,0.12213740458015268,0.12213740458015268,nan,nan
denovo_pdb__9de4_A,1,166,True,54,54,5,0.09259259259259259,0.07692307692307693,0.08403361344537816,5,1,0.2,0.125,0.15384615384615385,9,1,0.1111111111111111,0.06666666666666667,0.08333333333333334,40,3,0.075,0.07142857142857142,0.07317073170731707,1,0.08403361344537816,0.08403361344537816,0.08403361344537816,nan,nan
denovo_pdb__9de4_A,2,229,True,74,74,13,0.17567567567567569,0.2,0.1870503597122302,7,1,0.14285714285714285,0.125,0.13333333333333333,24,3,0.125,0.2,0.15384615384615385,43,9,0.20930232558139536,0.21428571428571427,0.21176470588235297,1,0.1870503597122302,0.1870503597122302,0.1870503597122302,nan,nan
denovo_pdb__9de4_A,3,166,True,55,55,10,0.18181818181818182,0.15384615384615385,0.16666666666666669,2,1,0.5,0.125,0.2,11,2,0.18181818181818182,0.13333333333333333,0.15384615384615383,42,7,0.16666666666666666,0.16666666666666666,0.16666666666666666,1,0.16666666666666669,0.16666666666666669,0.16666666666666669,nan,nan
denovo_pdb__9ded_A,0,337,True,111,111,23,0.2072072072072072,0.184,0.19491525423728814,26,15,0.5769230769230769,0.5769230769230769,0.5769230769230769,31,5,0.16129032258064516,0.13513513513513514,0.14705882352941174,54,3,0.05555555555555555,0.04838709677419355,0.05172413793103448,1,0.19491525423728814,0.19491525423728814,0.19491525423728814,nan,nan
denovo_pdb__9ded_A,1,346,True,115,115,14,0.12173913043478261,0.112,0.11666666666666667,22,7,0.3181818181818182,0.2692307692307692,0.2916666666666667,22,4,0.18181818181818182,0.10810810810810811,0.13559322033898308,71,3,0.04225352112676056,0.04838709677419355,0.04511278195488722,1,0.11666666666666667,0.11666666666666667,0.11666666666666667,nan,nan
denovo_pdb__9ded_A,2,298,True,99,99,9,0.09090909090909091,0.072,0.08035714285714286,40,6,0.15,0.23076923076923078,0.18181818181818185,31,0,0.0,0.0,0.0,28,3,0.10714285714285714,0.04838709677419355,0.06666666666666667,1,0.08035714285714286,0.08035714285714286,0.08035714285714286,nan,nan
denovo_pdb__9ded_A,3,355,True,118,118,19,0.16101694915254236,0.152,0.15637860082304528,25,7,0.28,0.2692307692307692,0.27450980392156865,26,10,0.38461538461538464,0.2702702702702703,0.31746031746031744,67,2,0.029850746268656716,0.03225806451612903,0.031007751937984496,1,0.15637860082304528,0.15637860082304528,0.15637860082304528,nan,nan
denovo_pdb__9fw5_A,0,409,True,136,136,3,0.022058823529411766,0.017857142857142856,0.01973684210526316,21,1,0.047619047619047616,0.058823529411764705,0.05263157894736842,14,0,0.0,0.0,0.0,101,2,0.019801980198019802,0.015873015873015872,0.017621145374449337,1,0.01973684210526316,0.01973684210526316,0.01973684210526316,nan,nan
denovo_pdb__9fw5_A,1,520,True,173,173,9,0.05202312138728324,0.05357142857142857,0.052785923753665684,27,4,0.14814814814814814,0.23529411764705882,0.1818181818181818,29,0,0.0,0.0,0.0,117,5,0.042735042735042736,0.03968253968253968,0.0411522633744856,1,0.052785923753665684,0.052785923753665684,0.052785923753665684,nan,nan
denovo_pdb__9fw5_A,2,550,True,183,183,20,0.1092896174863388,0.11904761904761904,0.11396011396011396,21,7,0.3333333333333333,0.4117647058823529,0.36842105263157887,27,2,0.07407407407407407,0.08,0.07692307692307691,135,11,0.08148148148148149,0.0873015873015873,0.0842911877394636,1,0.11396011396011396,0.11396011396011396,0.11396011396011396,nan,nan
denovo_pdb__9fw5_A,3,604,True,201,201,10,0.04975124378109453,0.05952380952380952,0.05420054200542005,29,5,0.1724137931034483,0.29411764705882354,0.2173913043478261,51,0,0.0,0.0,0.0,121,5,0.04132231404958678,0.03968253968253968,0.04048582995951417,1,0.05420054200542005,0.05420054200542005,0.05420054200542005,nan,nan
denovo_pdb__9fwa_A,0,466,True,155,155,19,0.12258064516129032,0.1144578313253012,0.11838006230529594,18,3,0.16666666666666666,0.21428571428571427,0.1875,28,6,0.21428571428571427,0.2727272727272727,0.23999999999999996,109,10,0.09174311926605505,0.07692307692307693,0.08368200836820083,1,0.11838006230529594,0.11838006230529594,0.11838006230529594,nan,nan
denovo_pdb__9fwa_A,1,517,True,171,171,12,0.07017543859649122,0.07228915662650602,0.07121661721068248,17,4,0.23529411764705882,0.2857142857142857,0.2580645161290323,27,3,0.1111111111111111,0.13636363636363635,0.12244897959183673,127,5,0.03937007874015748,0.038461538461538464,0.038910505836575876,1,0.07121661721068248,0.07121661721068248,0.07121661721068248,nan,nan
denovo_pdb__9fwa_A,2,445,True,148,148,8,0.05405405405405406,0.04819277108433735,0.050955414012738856,17,3,0.17647058823529413,0.21428571428571427,0.1935483870967742,28,3,0.10714285714285714,0.13636363636363635,0.11999999999999998,103,2,0.019417475728155338,0.015384615384615385,0.017167381974248927,1,0.050955414012738856,0.050955414012738856,0.050955414012738856,nan,nan
denovo_pdb__9fwa_A,3,631,True,210,210,8,0.0380952380952381,0.04819277108433735,0.04255319148936171,25,4,0.16,0.2857142857142857,0.20512820512820512,35,2,0.05714285714285714,0.09090909090909091,0.07017543859649122,150,2,0.013333333333333334,0.015384615384615385,0.014285714285714285,1,0.04255319148936171,0.04255319148936171,0.04255319148936171,nan,nan
denovo_pdb__9h10_A,0,451,True,150,150,11,0.07333333333333333,0.07746478873239436,0.07534246575342467,19,8,0.42105263157894735,0.2857142857142857,0.3404255319148936,25,2,0.08,0.0625,0.07017543859649122,106,1,0.009433962264150943,0.012195121951219513,0.010638297872340425,1,0.07534246575342467,0.07534246575342467,0.07534246575342467,nan,nan
denovo_pdb__9h10_A,1,439,True,146,146,20,0.136986301369863,0.14084507042253522,0.13888888888888887,25,6,0.24,0.21428571428571427,0.2264150943396226,31,8,0.25806451612903225,0.25,0.25396825396825395,90,6,0.06666666666666667,0.07317073170731707,0.06976744186046512,1,0.13888888888888887,0.13888888888888887,0.13888888888888887,nan,nan
denovo_pdb__9h10_A,2,589,True,196,196,22,0.11224489795918367,0.15492957746478872,0.1301775147928994,28,6,0.21428571428571427,0.21428571428571427,0.21428571428571427,46,7,0.15217391304347827,0.21875,0.1794871794871795,122,9,0.07377049180327869,0.10975609756097561,0.08823529411764705,1,0.1301775147928994,0.1301775147928994,0.1301775147928994,nan,nan
denovo_pdb__9h10_A,3,574,True,191,191,19,0.09947643979057591,0.13380281690140844,0.11411411411411411,35,8,0.22857142857142856,0.2857142857142857,0.25396825396825395,48,7,0.14583333333333334,0.21875,0.17500000000000002,108,4,0.037037037037037035,0.04878048780487805,0.042105263157894736,1,0.11411411411411411,0.11411411411411411,0.11411411411411411,nan,nan
denovo_pdb__9h4c_A,0,190,True,62,62,8,0.12903225806451613,0.11940298507462686,0.12403100775193798,11,5,0.45454545454545453,0.4166666666666667,0.43478260869565216,10,2,0.2,0.16666666666666666,0.1818181818181818,41,1,0.024390243902439025,0.023255813953488372,0.02380952380952381,1,0.12403100775193798,0.12403100775193798,0.12403100775193798,nan,nan
denovo_pdb__9h4c_A,1,85,True,28,28,3,0.10714285714285714,0.04477611940298507,0.0631578947368421,9,2,0.2222222222222222,0.16666666666666666,0.1904761904761905,4,1,0.25,0.08333333333333333,0.125,15,0,0.0,0.0,0.0,1,0.0631578947368421,0.0631578947368421,0.0631578947368421,nan,nan
denovo_pdb__9h4c_A,2,178,True,59,59,9,0.15254237288135594,0.13432835820895522,0.14285714285714288,15,1,0.06666666666666667,0.08333333333333333,0.07407407407407407,9,3,0.3333333333333333,0.25,0.28571428571428575,35,5,0.14285714285714285,0.11627906976744186,0.1282051282051282,1,0.14285714285714288,0.14285714285714288,0.14285714285714288,nan,nan
denovo_pdb__9h4c_A,3,217,True,72,72,4,0.05555555555555555,0.05970149253731343,0.05755395683453236,13,2,0.15384615384615385,0.16666666666666666,0.16,12,2,0.16666666666666666,0.16666666666666666,0.16666666666666666,47,0,0.0,0.0,0.0,1,0.05755395683453236,0.05755395683453236,0.05755395683453236,nan,nan
denovo_pdb__9hnh_A,0,412,True,137,137,15,0.10948905109489052,0.0949367088607595,0.1016949152542373,15,2,0.13333333333333333,0.18181818181818182,0.15384615384615383,21,5,0.23809523809523808,0.1724137931034483,0.19999999999999998,101,8,0.07920792079207921,0.06779661016949153,0.07305936073059362,1,0.1016949152542373,0.1016949152542373,0.1016949152542373,nan,nan
denovo_pdb__9hnh_A,1,466,True,155,155,15,0.0967741935483871,0.0949367088607595,0.09584664536741214,21,4,0.19047619047619047,0.36363636363636365,0.25,44,9,0.20454545454545456,0.3103448275862069,0.24657534246575347,90,2,0.022222222222222223,0.01694915254237288,0.019230769230769232,1,0.09584664536741214,0.09584664536741214,0.09584664536741214,nan,nan
denovo_pdb__9hnh_A,2,514,True,171,171,62,0.36257309941520466,0.3924050632911392,0.3768996960486322,17,3,0.17647058823529413,0.2727272727272727,0.21428571428571427,38,8,0.21052631578947367,0.27586206896551724,0.23880597014925373,116,51,0.4396551724137931,0.4322033898305085,0.4358974358974359,1,0.3768996960486322,0.3768996960486322,0.3768996960486322,nan,nan
denovo_pdb__9hnh_A,3,346,True,115,115,13,0.11304347826086956,0.08227848101265822,0.09523809523809522,19,1,0.05263157894736842,0.09090909090909091,0.06666666666666667,29,5,0.1724137931034483,0.1724137931034483,0.1724137931034483,67,7,0.1044776119402985,0.059322033898305086,0.07567567567567568,1,0.09523809523809522,0.09523809523809522,0.09523809523809522,nan,nan
denovo_pdb__9jl9_A,0,481,True,160,160,10,0.0625,0.05434782608695652,0.05813953488372093,30,7,0.23333333333333334,0.2916666666666667,0.2592592592592593,29,3,0.10344827586206896,0.08108108108108109,0.09090909090909091,101,0,0.0,0.0,0.0,1,0.05813953488372093,0.05813953488372093,0.05813953488372093,nan,nan
denovo_pdb__9jl9_A,1,553,True,184,184,21,0.11413043478260869,0.11413043478260869,0.11413043478260869,32,7,0.21875,0.2916666666666667,0.25,31,2,0.06451612903225806,0.05405405405405406,0.058823529411764705,121,12,0.09917355371900827,0.0975609756097561,0.09836065573770493,1,0.11413043478260869,0.11413043478260869,0.11413043478260869,nan,nan
denovo_pdb__9jl9_A,2,469,True,156,156,17,0.10897435897435898,0.09239130434782608,0.09999999999999999,30,4,0.13333333333333333,0.16666666666666666,0.14814814814814814,35,3,0.08571428571428572,0.08108108108108109,0.08333333333333334,91,10,0.10989010989010989,0.08130081300813008,0.09345794392523364,1,0.09999999999999999,0.09999999999999999,0.09999999999999999,nan,nan
denovo_pdb__9jl9_A,3,547,True,182,182,17,0.09340659340659341,0.09239130434782608,0.09289617486338797,23,6,0.2608695652173913,0.25,0.2553191489361702,31,2,0.06451612903225806,0.05405405405405406,0.058823529411764705,128,9,0.0703125,0.07317073170731707,0.07171314741035856,1,0.09289617486338797,0.09289617486338797,0.09289617486338797,nan,nan
denovo_pdb__9jwo_A,0,757,True,252,252,17,0.06746031746031746,0.06614785992217899,0.06679764243614932,23,3,0.13043478260869565,0.125,0.1276595744680851,37,4,0.10810810810810811,0.0784313725490196,0.09090909090909091,192,10,0.052083333333333336,0.054945054945054944,0.053475935828877004,1,0.06679764243614932,0.06679764243614932,0.06679764243614932,nan,nan
denovo_pdb__9jwo_A,1,796,True,265,265,23,0.08679245283018867,0.08949416342412451,0.08812260536398468,33,2,0.06060606060606061,0.08333333333333333,0.07017543859649122,56,14,0.25,0.27450980392156865,0.26168224299065423,176,7,0.03977272727272727,0.038461538461538464,0.03910614525139665,1,0.08812260536398468,0.08812260536398468,0.08812260536398468,nan,nan
denovo_pdb__9jwo_A,2,781,True,260,260,28,0.1076923076923077,0.10894941634241245,0.10831721470019343,21,5,0.23809523809523808,0.20833333333333334,0.22222222222222224,45,8,0.17777777777777778,0.1568627450980392,0.16666666666666666,194,15,0.07731958762886598,0.08241758241758242,0.0797872340425532,1,0.10831721470019343,0.10831721470019343,0.10831721470019343,nan,nan
denovo_pdb__9jwo_A,3,757,True,252,252,27,0.10714285714285714,0.10505836575875487,0.10609037328094302,30,7,0.23333333333333334,0.2916666666666667,0.2592592592592593,32,9,0.28125,0.17647058823529413,0.21686746987951808,190,11,0.05789473684210526,0.06043956043956044,0.05913978494623656,1,0.10609037328094302,0.10609037328094302,0.10609037328094302,nan,nan
denovo_pdb__9jwt_A,0,898,True,299,299,46,0.15384615384615385,0.16911764705882354,0.16112084063047286,42,9,0.21428571428571427,0.36,0.26865671641791045,51,6,0.11764705882352941,0.14285714285714285,0.12903225806451615,206,31,0.15048543689320387,0.15121951219512195,0.15085158150851583,1,0.16112084063047286,0.16112084063047286,0.16112084063047286,nan,nan
denovo_pdb__9jwt_A,1,595,True,198,198,16,0.08080808080808081,0.058823529411764705,0.06808510638297872,32,7,0.21875,0.28,0.2456140350877193,39,1,0.02564102564102564,0.023809523809523808,0.024691358024691353,127,8,0.06299212598425197,0.03902439024390244,0.04819277108433735,1,0.06808510638297872,0.06808510638297872,0.06808510638297872,nan,nan
denovo_pdb__9jwt_A,2,841,True,280,280,26,0.09285714285714286,0.09558823529411764,0.09420289855072464,39,5,0.1282051282051282,0.2,0.15625,46,4,0.08695652173913043,0.09523809523809523,0.0909090909090909,195,17,0.08717948717948718,0.08292682926829269,0.085,1,0.09420289855072464,0.09420289855072464,0.09420289855072464,nan,nan
denovo_pdb__9jwt_A,3,826,True,273,273,50,0.18315018315018314,0.18382352941176472,0.18348623853211007,31,8,0.25806451612903225,0.32,0.2857142857142857,63,11,0.1746031746031746,0.2619047619047619,0.20952380952380953,179,31,0.17318435754189945,0.15121951219512195,0.16145833333333331,1,0.18348623853211007,0.18348623853211007,0.18348623853211007,nan,nan
denovo_pdb__9lm8_A,0,853,True,284,284,42,0.14788732394366197,0.13333333333333333,0.14023372287145242,46,17,0.3695652173913043,0.425,0.3953488372093023,39,11,0.28205128205128205,0.1746031746031746,0.2156862745098039,199,14,0.07035175879396985,0.0660377358490566,0.06812652068126519,1,0.14023372287145242,0.14023372287145242,0.14023372287145242,nan,nan
denovo_pdb__9lm8_A,1,1195,True,398,398,43,0.10804020100502512,0.1365079365079365,0.12061711079943897,56,13,0.23214285714285715,0.325,0.27083333333333337,70,10,0.14285714285714285,0.15873015873015872,0.15037593984962405,272,20,0.07352941176470588,0.09433962264150944,0.08264462809917357,1,0.12061711079943897,0.12061711079943897,0.12061711079943897,nan,nan
denovo_pdb__9lm8_A,2,1135,True,378,378,40,0.10582010582010581,0.12698412698412698,0.11544011544011543,37,14,0.3783783783783784,0.35,0.36363636363636365,46,9,0.1956521739130435,0.14285714285714285,0.16513761467889906,295,17,0.0576271186440678,0.08018867924528301,0.0670611439842209,1,0.11544011544011543,0.11544011544011543,0.11544011544011543,nan,nan
denovo_pdb__9lm8_A,3,1147,True,382,382,40,0.10471204188481675,0.12698412698412698,0.11477761836441894,48,12,0.25,0.3,0.2727272727272727,87,12,0.13793103448275862,0.19047619047619047,0.16,247,16,0.06477732793522267,0.07547169811320754,0.06971677559912855,1,0.11477761836441894,0.11477761836441894,0.11477761836441894,nan,nan
denovo_pdb__9lns_A,0,112,True,37,37,0,0.0,0.0,0.0,3,0,0.0,0.0,0.0,11,0,0.0,0.0,0.0,23,0,0.0,0.0,0.0,1,0.0,0.0,0.0,nan,nan
denovo_pdb__9lns_A,1,118,True,39,39,25,0.6410256410256411,0.6097560975609756,0.625,2,1,0.5,0.5,0.5,10,7,0.7,0.5833333333333334,0.6363636363636365,27,17,0.6296296296296297,0.6296296296296297,0.6296296296296297,1,0.625,0.625,0.625,nan,nan
denovo_pdb__9lns_A,2,109,True,36,36,5,0.1388888888888889,0.12195121951219512,0.12987012987012989,4,0,0.0,0.0,0.0,12,1,0.08333333333333333,0.08333333333333333,0.08333333333333333,20,4,0.2,0.14814814814814814,0.1702127659574468,1,0.12987012987012989,0.12987012987012989,0.12987012987012989,nan,nan
denovo_pdb__9lns_A,3,16,True,5,5,0,0.0,0.0,0.0,5,0,0.0,0.0,0.0,0,0,0.0,0.0,0.0,0,0,0.0,0.0,0.0,1,0.0,0.0,0.0,nan,nan
denovo_pdb__9mxx_A,0,457,True,151,151,12,0.07947019867549669,0.07228915662650602,0.07570977917981073,27,5,0.18518518518518517,0.19230769230769232,0.18867924528301885,35,6,0.17142857142857143,0.15,0.16,89,1,0.011235955056179775,0.01,0.010582010582010581,1,0.07570977917981073,0.07570977917981073,0.07570977917981073,nan,nan
denovo_pdb__9mxx_A,1,439,True,145,145,13,0.0896551724137931,0.0783132530120482,0.08360128617363345,20,6,0.3,0.23076923076923078,0.2608695652173913,29,2,0.06896551724137931,0.05,0.057971014492753624,96,5,0.052083333333333336,0.05,0.051020408163265314,1,0.08360128617363345,0.08360128617363345,0.08360128617363345,nan,nan
denovo_pdb__9mxx_A,2,346,True,115,115,17,0.14782608695652175,0.10240963855421686,0.1209964412811388,25,7,0.28,0.2692307692307692,0.27450980392156865,35,5,0.14285714285714285,0.125,0.13333333333333333,55,5,0.09090909090909091,0.05,0.06451612903225806,1,0.1209964412811388,0.1209964412811388,0.1209964412811388,nan,nan
denovo_pdb__9mxx_A,3,412,True,137,137,17,0.12408759124087591,0.10240963855421686,0.1122112211221122,29,4,0.13793103448275862,0.15384615384615385,0.14545454545454548,34,11,0.3235294117647059,0.275,0.2972972972972973,74,2,0.02702702702702703,0.02,0.022988505747126433,1,0.1122112211221122,0.1122112211221122,0.1122112211221122,nan,nan
denovo_pdb__9qdp_A,0,304,True,101,101,4,0.039603960396039604,0.02857142857142857,0.03319502074688797,13,2,0.15384615384615385,0.13333333333333333,0.14285714285714288,21,1,0.047619047619047616,0.06666666666666667,0.05555555555555555,67,1,0.014925373134328358,0.00909090909090909,0.011299435028248588,1,0.03319502074688797,0.03319502074688797,0.03319502074688797,nan,nan
denovo_pdb__9qdp_A,1,424,True,141,141,13,0.09219858156028368,0.09285714285714286,0.09252669039145907,14,4,0.2857142857142857,0.26666666666666666,0.2758620689655172,17,2,0.11764705882352941,0.13333333333333333,0.125,110,7,0.06363636363636363,0.06363636363636363,0.06363636363636363,1,0.09252669039145907,0.09252669039145907,0.09252669039145907,nan,nan
denovo_pdb__9qdp_A,2,349,True,116,116,11,0.09482758620689655,0.07857142857142857,0.0859375,15,2,0.13333333333333333,0.13333333333333333,0.13333333333333333,30,2,0.06666666666666667,0.13333333333333333,0.08888888888888888,71,7,0.09859154929577464,0.06363636363636363,0.07734806629834252,1,0.0859375,0.0859375,0.0859375,nan,nan
denovo_pdb__9qdp_A,3,409,True,135,135,4,0.02962962962962963,0.02857142857142857,0.029090909090909094,10,1,0.1,0.06666666666666667,0.08,24,2,0.08333333333333333,0.13333333333333333,0.10256410256410255,101,1,0.009900990099009901,0.00909090909090909,0.009478672985781991,1,0.029090909090909094,0.029090909090909094,0.029090909090909094,nan,nan
denovo_pdb__9quc_A,0,466,True,155,155,29,0.1870967741935484,0.17682926829268292,0.18181818181818182,25,12,0.48,0.46153846153846156,0.47058823529411764,36,9,0.25,0.34615384615384615,0.2903225806451613,94,8,0.0851063829787234,0.07142857142857142,0.07766990291262135,1,0.18181818181818182,0.18181818181818182,0.18181818181818182,nan,nan
denovo_pdb__9quc_A,1,394,True,131,131,18,0.13740458015267176,0.10975609756097561,0.12203389830508476,29,11,0.3793103448275862,0.4230769230769231,0.4,27,6,0.2222222222222222,0.23076923076923078,0.22641509433962265,75,1,0.013333333333333334,0.008928571428571428,0.010695187165775402,1,0.12203389830508476,0.12203389830508476,0.12203389830508476,nan,nan
denovo_pdb__9quc_A,2,499,True,166,166,35,0.21084337349397592,0.21341463414634146,0.2121212121212121,29,10,0.3448275862068966,0.38461538461538464,0.3636363636363637,31,8,0.25806451612903225,0.3076923076923077,0.2807017543859649,106,17,0.16037735849056603,0.15178571428571427,0.15596330275229356,1,0.2121212121212121,0.2121212121212121,0.2121212121212121,nan,nan
denovo_pdb__9quc_A,3,514,True,171,171,18,0.10526315789473684,0.10975609756097561,0.10746268656716419,27,6,0.2222222222222222,0.23076923076923078,0.22641509433962265,26,5,0.19230769230769232,0.19230769230769232,0.19230769230769232,118,7,0.059322033898305086,0.0625,0.0608695652173913,1,0.10746268656716419,0.10746268656716419,0.10746268656716419,nan,nan
denovo_pdb__9qui_A,0,448,True,149,149,26,0.174496644295302,0.16993464052287582,0.17218543046357615,21,9,0.42857142857142855,0.375,0.39999999999999997,29,7,0.2413793103448276,0.28,0.25925925925925924,99,10,0.10101010101010101,0.09615384615384616,0.09852216748768472,1,0.17218543046357615,0.17218543046357615,0.17218543046357615,nan,nan
denovo_pdb__9qui_A,1,424,True,141,141,13,0.09219858156028368,0.08496732026143791,0.08843537414965986,15,6,0.4,0.25,0.3076923076923077,26,2,0.07692307692307693,0.08,0.0784313725490196,100,5,0.05,0.04807692307692308,0.049019607843137254,1,0.08843537414965986,0.08843537414965986,0.08843537414965986,nan,nan
denovo_pdb__9qui_A,2,472,True,157,157,21,0.1337579617834395,0.13725490196078433,0.13548387096774192,19,10,0.5263157894736842,0.4166666666666667,0.46511627906976744,33,5,0.15151515151515152,0.2,0.17241379310344826,105,6,0.05714285714285714,0.057692307692307696,0.057416267942583726,1,0.13548387096774192,0.13548387096774192,0.13548387096774192,nan,nan
denovo_pdb__9qui_A,3,541,True,180,180,37,0.20555555555555555,0.24183006535947713,0.2222222222222222,26,12,0.46153846153846156,0.5,0.48000000000000004,42,10,0.23809523809523808,0.4,0.2985074626865672,112,15,0.13392857142857142,0.14423076923076922,0.13888888888888887,1,0.2222222222222222,0.2222222222222222,0.2222222222222222,nan,nan
denovo_pdb__9quo_A,0,613,True,204,204,20,0.09803921568627451,0.12345679012345678,0.1092896174863388,31,12,0.3870967741935484,0.5,0.43636363636363634,28,3,0.10714285714285714,0.12,0.1132075471698113,145,5,0.034482758620689655,0.04424778761061947,0.03875968992248062,1,0.1092896174863388,0.1092896174863388,0.1092896174863388,nan,nan
denovo_pdb__9quo_A,1,502,True,167,167,30,0.17964071856287425,0.18518518518518517,0.18237082066869298,21,10,0.47619047619047616,0.4166666666666667,0.4444444444444445,39,8,0.20512820512820512,0.32,0.25,107,12,0.11214953271028037,0.10619469026548672,0.10909090909090909,1,0.18237082066869298,0.18237082066869298,0.18237082066869298,nan,nan
denovo_pdb__9quo_A,2,472,True,157,157,22,0.14012738853503184,0.13580246913580246,0.1379310344827586,27,11,0.4074074074074074,0.4583333333333333,0.4313725490196078,24,5,0.20833333333333334,0.2,0.20408163265306126,106,6,0.05660377358490566,0.05309734513274336,0.05479452054794521,1,0.1379310344827586,0.1379310344827586,0.1379310344827586,nan,nan
denovo_pdb__9quo_A,3,520,True,173,173,25,0.14450867052023122,0.15432098765432098,0.1492537313432836,32,16,0.5,0.6666666666666666,0.5714285714285715,31,5,0.16129032258064516,0.2,0.17857142857142855,110,4,0.03636363636363636,0.035398230088495575,0.03587443946188341,1,0.1492537313432836,0.1492537313432836,0.1492537313432836,nan,nan
denovo_pdb__9r0z_A,0,280,True,93,93,23,0.24731182795698925,0.23469387755102042,0.24083769633507854,26,11,0.4230769230769231,0.4782608695652174,0.44897959183673475,25,10,0.4,0.2702702702702703,0.3225806451612903,42,2,0.047619047619047616,0.05263157894736842,0.05,1,0.24083769633507854,0.24083769633507854,0.24083769633507854,nan,nan
denovo_pdb__9r0z_A,1,247,True,82,82,16,0.1951219512195122,0.16326530612244897,0.17777777777777776,27,7,0.25925925925925924,0.30434782608695654,0.27999999999999997,35,7,0.2,0.1891891891891892,0.19444444444444445,20,2,0.1,0.05263157894736842,0.06896551724137931,1,0.17777777777777776,0.17777777777777776,0.17777777777777776,nan,nan
denovo_pdb__9r0z_A,2,313,True,104,104,9,0.08653846153846154,0.09183673469387756,0.0891089108910891,22,6,0.2727272727272727,0.2608695652173913,0.2666666666666666,26,3,0.11538461538461539,0.08108108108108109,0.09523809523809523,56,0,0.0,0.0,0.0,1,0.0891089108910891,0.0891089108910891,0.0891089108910891,nan,nan
denovo_pdb__9r0z_A,3,271,True,90,90,16,0.17777777777777778,0.16326530612244897,0.1702127659574468,25,7,0.28,0.30434782608695654,0.2916666666666667,25,6,0.24,0.16216216216216217,0.1935483870967742,40,3,0.075,0.07894736842105263,0.07692307692307693,1,0.1702127659574468,0.1702127659574468,0.1702127659574468,nan,nan
denovo_pdb__9r1j_A,0,325,True,108,108,16,0.14814814814814814,0.1391304347826087,0.14349775784753366,7,2,0.2857142857142857,0.2222222222222222,0.25,23,6,0.2608695652173913,0.2727272727272727,0.2666666666666666,78,8,0.10256410256410256,0.09523809523809523,0.09876543209876541,1,0.14349775784753366,0.14349775784753366,0.14349775784753366,nan,nan
denovo_pdb__9r1j_A,1,325,True,108,108,42,0.3888888888888889,0.3652173913043478,0.37668161434977576,7,3,0.42857142857142855,0.3333333333333333,0.375,15,10,0.6666666666666666,0.45454545454545453,0.5405405405405405,86,29,0.3372093023255814,0.34523809523809523,0.34117647058823525,1,0.37668161434977576,0.37668161434977576,0.37668161434977576,nan,nan
denovo_pdb__9r1j_A,2,301,True,100,100,10,0.1,0.08695652173913043,0.09302325581395349,6,1,0.16666666666666666,0.1111111111111111,0.13333333333333333,17,5,0.29411764705882354,0.22727272727272727,0.25641025641025644,77,4,0.05194805194805195,0.047619047619047616,0.04968944099378882,1,0.09302325581395349,0.09302325581395349,0.09302325581395349,nan,nan
denovo_pdb__9r1j_A,3,181,True,60,60,26,0.43333333333333335,0.22608695652173913,0.29714285714285715,4,3,0.75,0.3333333333333333,0.46153846153846156,17,8,0.47058823529411764,0.36363636363636365,0.41025641025641024,39,15,0.38461538461538464,0.17857142857142858,0.24390243902439027,1,0.29714285714285715,0.29714285714285715,0.29714285714285715,nan,nan
denovo_pdb__9r1l_A,0,340,True,113,113,23,0.20353982300884957,0.21296296296296297,0.2081447963800905,9,0,0.0,0.0,0.0,20,2,0.1,0.1,0.10000000000000002,84,21,0.25,0.2692307692307692,0.2592592592592593,1,0.2081447963800905,0.2081447963800905,0.2081447963800905,nan,nan
denovo_pdb__9r1l_A,1,331,True,110,110,13,0.11818181818181818,0.12037037037037036,0.11926605504587155,10,2,0.2,0.2,0.20000000000000004,15,1,0.06666666666666667,0.05,0.05714285714285715,85,10,0.11764705882352941,0.1282051282051282,0.12269938650306748,1,0.11926605504587155,0.11926605504587155,0.11926605504587155,nan,nan
denovo_pdb__9r1l_A,2,259,True,86,86,6,0.06976744186046512,0.05555555555555555,0.06185567010309279,10,0,0.0,0.0,0.0,22,4,0.18181818181818182,0.2,0.1904761904761905,54,2,0.037037037037037035,0.02564102564102564,0.030303030303030307,1,0.06185567010309279,0.06185567010309279,0.06185567010309279,nan,nan
denovo_pdb__9r1l_A,3,367,True,122,122,27,0.22131147540983606,0.25,0.23478260869565215,6,3,0.5,0.3,0.37499999999999994,19,8,0.42105263157894735,0.4,0.41025641025641024,97,16,0.16494845360824742,0.20512820512820512,0.18285714285714283,1,0.23478260869565215,0.23478260869565215,0.23478260869565215,nan,nan
denovo_pdb__9r1n_A,0,388,True,129,129,7,0.05426356589147287,0.12962962962962962,0.07650273224043715,13,1,0.07692307692307693,0.16666666666666666,0.10526315789473684,22,1,0.045454545454545456,0.07692307692307693,0.05714285714285715,94,5,0.05319148936170213,0.14285714285714285,0.07751937984496124,1,0.07650273224043715,0.07650273224043715,0.07650273224043715,nan,nan
denovo_pdb__9r1n_A,1,319,True,106,106,39,0.36792452830188677,0.7222222222222222,0.48750000000000004,8,2,0.25,0.3333333333333333,0.28571428571428575,16,9,0.5625,0.6923076923076923,0.6206896551724138,82,28,0.34146341463414637,0.8,0.4786324786324786,1,0.48750000000000004,0.48750000000000004,0.48750000000000004,nan,nan
denovo_pdb__9r1n_A,2,379,True,126,126,26,0.20634920634920634,0.48148148148148145,0.28888888888888886,5,2,0.4,0.3333333333333333,0.3636363636363636,19,8,0.42105263157894735,0.6153846153846154,0.5,102,16,0.1568627450980392,0.45714285714285713,0.2335766423357664,1,0.28888888888888886,0.28888888888888886,0.28888888888888886,nan,nan
denovo_pdb__9r1n_A,3,292,True,96,96,14,0.14583333333333334,0.25925925925925924,0.18666666666666668,3,2,0.6666666666666666,0.3333333333333333,0.4444444444444444,19,5,0.2631578947368421,0.38461538461538464,0.3125,74,7,0.0945945945945946,0.2,0.12844036697247707,1,0.18666666666666668,0.18666666666666668,0.18666666666666668,nan,nan
denovo_pdb__9r7f_A,0,478,True,159,159,14,0.0880503144654088,0.10218978102189781,0.0945945945945946,23,6,0.2608695652173913,0.2608695652173913,0.2608695652173913,39,4,0.10256410256410256,0.19047619047619047,0.13333333333333333,97,4,0.041237113402061855,0.043010752688172046,0.042105263157894736,1,0.0945945945945946,0.0945945945945946,0.0945945945945946,nan,nan
denovo_pdb__9r7f_A,1,475,True,158,158,9,0.056962025316455694,0.06569343065693431,0.061016949152542375,30,8,0.26666666666666666,0.34782608695652173,0.30188679245283023,32,0,0.0,0.0,0.0,96,1,0.010416666666666666,0.010752688172043012,0.010582010582010581,1,0.061016949152542375,0.061016949152542375,0.061016949152542375,nan,nan
denovo_pdb__9r7f_A,2,520,True,173,173,4,0.023121387283236993,0.029197080291970802,0.025806451612903226,16,2,0.125,0.08695652173913043,0.10256410256410256,17,0,0.0,0.0,0.0,140,2,0.014285714285714285,0.021505376344086023,0.017167381974248927,1,0.025806451612903226,0.025806451612903226,0.025806451612903226,nan,nan
denovo_pdb__9r7f_A,3,307,True,102,102,5,0.049019607843137254,0.0364963503649635,0.04184100418410042,19,4,0.21052631578947367,0.17391304347826086,0.1904761904761905,24,1,0.041666666666666664,0.047619047619047616,0.044444444444444446,59,0,0.0,0.0,0.0,1,0.04184100418410042,0.04184100418410042,0.04184100418410042,nan,nan
denovo_pdb__9raq_A,0,460,True,153,153,14,0.0915032679738562,0.09722222222222222,0.09427609427609428,25,9,0.36,0.2903225806451613,0.3214285714285714,33,4,0.12121212121212122,0.125,0.12307692307692308,95,1,0.010526315789473684,0.012345679012345678,0.011363636363636364,1,0.09427609427609428,0.09427609427609428,0.09427609427609428,nan,nan
denovo_pdb__9raq_A,1,511,True,170,170,10,0.058823529411764705,0.06944444444444445,0.06369426751592358,27,7,0.25925925925925924,0.22580645161290322,0.24137931034482757,46,0,0.0,0.0,0.0,97,3,0.030927835051546393,0.037037037037037035,0.033707865168539325,1,0.06369426751592358,0.06369426751592358,0.06369426751592358,nan,nan
denovo_pdb__9raq_A,2,430,True,143,143,19,0.13286713286713286,0.13194444444444445,0.13240418118466898,32,8,0.25,0.25806451612903225,0.25396825396825395,39,7,0.1794871794871795,0.21875,0.19718309859154928,72,4,0.05555555555555555,0.04938271604938271,0.05228758169934641,1,0.13240418118466898,0.13240418118466898,0.13240418118466898,nan,nan
denovo_pdb__9raq_A,3,448,True,149,149,23,0.15436241610738255,0.1597222222222222,0.15699658703071673,28,9,0.32142857142857145,0.2903225806451613,0.3050847457627119,49,6,0.12244897959183673,0.1875,0.1481481481481481,72,8,0.1111111111111111,0.09876543209876543,0.10457516339869281,1,0.15699658703071673,0.15699658703071673,0.15699658703071673,nan,nan
denovo_pdb__9rb0_A,0,361,True,120,120,15,0.125,0.10638297872340426,0.1149425287356322,23,11,0.4782608695652174,0.4074074074074074,0.44000000000000006,40,2,0.05,0.07142857142857142,0.058823529411764705,57,2,0.03508771929824561,0.023255813953488372,0.02797202797202797,1,0.1149425287356322,0.1149425287356322,0.1149425287356322,nan,nan
denovo_pdb__9rb0_A,1,421,True,140,140,15,0.10714285714285714,0.10638297872340426,0.10676156583629894,21,7,0.3333333333333333,0.25925925925925924,0.2916666666666667,21,3,0.14285714285714285,0.10714285714285714,0.12244897959183672,98,5,0.05102040816326531,0.05813953488372093,0.05434782608695652,1,0.10676156583629894,0.10676156583629894,0.10676156583629894,nan,nan
denovo_pdb__9rb0_A,2,538,True,179,179,24,0.1340782122905028,0.1702127659574468,0.15,17,9,0.5294117647058824,0.3333333333333333,0.409090909090909,39,8,0.20512820512820512,0.2857142857142857,0.23880597014925373,123,7,0.056910569105691054,0.08139534883720931,0.06698564593301436,1,0.15,0.15,0.15,nan,nan
denovo_pdb__9rb0_A,3,478,True,159,159,9,0.05660377358490566,0.06382978723404255,0.06,28,7,0.25,0.25925925925925924,0.2545454545454545,33,2,0.06060606060606061,0.07142857142857142,0.06557377049180328,98,0,0.0,0.0,0.0,1,0.06,0.06,0.06,nan,nan
denovo_pdb__9szu_A,0,1141,True,380,380,22,0.05789473684210526,0.06547619047619048,0.061452513966480445,65,10,0.15384615384615385,0.19230769230769232,0.17094017094017094,81,7,0.08641975308641975,0.1320754716981132,0.1044776119402985,234,5,0.021367521367521368,0.021645021645021644,0.021505376344086023,1,0.061452513966480445,0.061452513966480445,0.061452513966480445,nan,nan
denovo_pdb__9szu_A,1,1060,True,352,352,50,0.14204545454545456,0.1488095238095238,0.14534883720930233,43,15,0.3488372093023256,0.28846153846153844,0.3157894736842105,123,18,0.14634146341463414,0.33962264150943394,0.20454545454545456,186,17,0.0913978494623656,0.0735930735930736,0.0815347721822542,1,0.14534883720930233,0.14534883720930233,0.14534883720930233,nan,nan
denovo_pdb__9szu_A,2,1054,True,351,351,62,0.17663817663817663,0.18452380952380953,0.1804949053857351,62,25,0.4032258064516129,0.4807692307692308,0.43859649122807015,73,17,0.2328767123287671,0.32075471698113206,0.2698412698412698,216,20,0.09259259259259259,0.08658008658008658,0.08948545861297538,1,0.1804949053857351,0.1804949053857351,0.1804949053857351,nan,nan
denovo_pdb__9szu_A,3,1039,True,345,345,33,0.09565217391304348,0.09821428571428571,0.09691629955947137,63,9,0.14285714285714285,0.17307692307692307,0.1565217391304348,90,8,0.08888888888888889,0.1509433962264151,0.11188811188811189,192,16,0.08333333333333333,0.06926406926406926,0.07565011820330969,1,0.09691629955947137,0.09691629955947137,0.09691629955947137,nan,nan
denovo_pdb__9tau_A,0,142,True,47,47,13,0.2765957446808511,0.16455696202531644,0.20634920634920634,7,3,0.42857142857142855,0.42857142857142855,0.42857142857142855,13,4,0.3076923076923077,0.18181818181818182,0.2285714285714286,27,6,0.2222222222222222,0.12,0.15584415584415584,1,0.20634920634920634,0.20634920634920634,0.20634920634920634,nan,nan
denovo_pdb__9tau_A,1,217,True,72,72,43,0.5972222222222222,0.5443037974683544,0.5695364238410596,6,5,0.8333333333333334,0.7142857142857143,0.7692307692307692,18,14,0.7777777777777778,0.6363636363636364,0.7000000000000001,48,24,0.5,0.48,0.4897959183673469,1,0.5695364238410596,0.5695364238410596,0.5695364238410596,nan,nan
denovo_pdb__9tau_A,2,235,True,78,78,40,0.5128205128205128,0.5063291139240507,0.5095541401273885,8,4,0.5,0.5714285714285714,0.5333333333333333,15,11,0.7333333333333333,0.5,0.5945945945945945,55,25,0.45454545454545453,0.5,0.47619047619047616,1,0.5095541401273885,0.5095541401273885,0.5095541401273885,nan,nan
denovo_pdb__9tau_A,3,217,True,72,72,36,0.5,0.45569620253164556,0.4768211920529801,7,5,0.7142857142857143,0.7142857142857143,0.7142857142857143,20,14,0.7,0.6363636363636364,0.6666666666666666,45,17,0.37777777777777777,0.34,0.3578947368421052,1,0.4768211920529801,0.4768211920529801,0.4768211920529801,nan,nan
denovo_pdb__9v3a_A,0,208,True,69,69,21,0.30434782608695654,0.24705882352941178,0.27272727272727276,20,11,0.55,0.8461538461538461,0.6666666666666667,17,7,0.4117647058823529,0.4375,0.42424242424242425,32,3,0.09375,0.05357142857142857,0.06818181818181818,1,0.27272727272727276,0.27272727272727276,0.27272727272727276,nan,nan
denovo_pdb__9v3a_A,1,205,True,68,68,15,0.22058823529411764,0.17647058823529413,0.196078431372549,16,7,0.4375,0.5384615384615384,0.4827586206896552,16,6,0.375,0.375,0.375,36,2,0.05555555555555555,0.03571428571428571,0.043478260869565216,1,0.196078431372549,0.196078431372549,0.196078431372549,nan,nan
denovo_pdb__9v3a_A,2,247,True,82,82,20,0.24390243902439024,0.23529411764705882,0.23952095808383234,19,6,0.3157894736842105,0.46153846153846156,0.37499999999999994,35,9,0.2571428571428571,0.5625,0.3529411764705882,28,5,0.17857142857142858,0.08928571428571429,0.11904761904761905,1,0.23952095808383234,0.23952095808383234,0.23952095808383234,nan,nan
denovo_pdb__9v3a_A,3,151,True,50,50,6,0.12,0.07058823529411765,0.08888888888888888,9,4,0.4444444444444444,0.3076923076923077,0.3636363636363637,8,2,0.25,0.125,0.16666666666666666,33,0,0.0,0.0,0.0,1,0.08888888888888888,0.08888888888888888,0.08888888888888888,nan,nan
denovo_pdb__9vp8_A,0,268,True,89,89,10,0.11235955056179775,0.08403361344537816,0.09615384615384616,15,4,0.26666666666666666,0.21052631578947367,0.23529411764705882,26,1,0.038461538461538464,0.05,0.043478260869565216,48,5,0.10416666666666667,0.0625,0.078125,1,0.09615384615384616,0.09615384615384616,0.09615384615384616,nan,nan
denovo_pdb__9vp8_A,1,271,True,90,90,5,0.05555555555555555,0.04201680672268908,0.04784688995215311,23,1,0.043478260869565216,0.05263157894736842,0.04761904761904762,22,3,0.13636363636363635,0.15,0.14285714285714282,45,1,0.022222222222222223,0.0125,0.016,1,0.04784688995215311,0.04784688995215311,0.04784688995215311,nan,nan
denovo_pdb__9vp8_A,2,268,True,89,89,6,0.06741573033707865,0.05042016806722689,0.057692307692307696,14,5,0.35714285714285715,0.2631578947368421,0.30303030303030304,12,0,0.0,0.0,0.0,63,1,0.015873015873015872,0.0125,0.013986013986013986,1,0.057692307692307696,0.057692307692307696,0.057692307692307696,nan,nan
denovo_pdb__9vp8_A,3,271,True,89,89,1,0.011235955056179775,0.008403361344537815,0.009615384615384616,14,0,0.0,0.0,0.0,21,0,0.0,0.0,0.0,54,1,0.018518518518518517,0.0125,0.01492537313432836,1,0.009615384615384616,0.009615384615384616,0.009615384615384616,nan,nan
denovo_pdb__9x1w_A,0,118,True,39,39,23,0.5897435897435898,0.5348837209302325,0.5609756097560975,4,2,0.5,0.3333333333333333,0.4,7,4,0.5714285714285714,1.0,0.7272727272727273,28,17,0.6071428571428571,0.5151515151515151,0.5573770491803278,1,0.5609756097560975,0.5609756097560975,0.5609756097560975,nan,nan
denovo_pdb__9x1w_A,1,109,True,36,36,4,0.1111111111111111,0.09302325581395349,0.10126582278481011,3,0,0.0,0.0,0.0,5,1,0.2,0.25,0.22222222222222224,28,3,0.10714285714285714,0.09090909090909091,0.09836065573770493,1,0.10126582278481011,0.10126582278481011,0.10126582278481011,nan,nan
denovo_pdb__9x1w_A,2,73,True,24,24,8,0.3333333333333333,0.18604651162790697,0.2388059701492537,4,3,0.75,0.5,0.6,2,0,0.0,0.0,0.0,18,5,0.2777777777777778,0.15151515151515152,0.19607843137254904,1,0.2388059701492537,0.2388059701492537,0.2388059701492537,nan,nan
denovo_pdb__9x1w_A,3,25,True,8,8,1,0.125,0.023255813953488372,0.03921568627450981,4,1,0.25,0.16666666666666666,0.2,3,0,0.0,0.0,0.0,1,0,0.0,0.0,0.0,1,0.03921568627450981,0.03921568627450981,0.03921568627450981,nan,nan
denovo_pdb__9xzo_A,0,382,True,127,127,72,0.5669291338582677,0.6428571428571429,0.602510460251046,18,11,0.6111111111111112,0.55,0.5789473684210527,32,17,0.53125,0.6538461538461539,0.5862068965517242,77,44,0.5714285714285714,0.6666666666666666,0.6153846153846153,1,0.602510460251046,0.602510460251046,0.602510460251046,nan,nan
denovo_pdb__9xzo_A,1,394,True,129,129,75,0.5813953488372093,0.6696428571428571,0.6224066390041494,17,10,0.5882352941176471,0.5,0.5405405405405405,31,19,0.6129032258064516,0.7307692307692307,0.6666666666666667,81,46,0.5679012345679012,0.696969696969697,0.6258503401360545,1,0.6224066390041494,0.6224066390041494,0.6224066390041494,nan,nan
denovo_pdb__9xzo_A,2,379,True,126,126,74,0.5873015873015873,0.6607142857142857,0.6218487394957983,17,11,0.6470588235294118,0.55,0.5945945945945946,29,20,0.6896551724137931,0.7692307692307693,0.7272727272727274,80,43,0.5375,0.6515151515151515,0.589041095890411,1,0.6218487394957983,0.6218487394957983,0.6218487394957983,nan,nan
denovo_pdb__9xzo_A,3,370,True,123,123,79,0.6422764227642277,0.7053571428571429,0.6723404255319149,18,14,0.7777777777777778,0.7,0.7368421052631577,28,18,0.6428571428571429,0.6923076923076923,0.6666666666666666,77,47,0.6103896103896104,0.7121212121212122,0.6573426573426574,1,0.6723404255319149,0.6723404255319149,0.6723404255319149,nan,nan
foldbench100__7pv5_A,0,253,True,84,84,23,0.27380952380952384,0.359375,0.31081081081081086,15,5,0.3333333333333333,0.4166666666666667,0.3703703703703704,13,1,0.07692307692307693,0.09090909090909091,0.08333333333333334,56,17,0.30357142857142855,0.4146341463414634,0.35051546391752575,1,0.31081081081081086,0.31081081081081086,0.31081081081081086,nan,nan
foldbench100__7pv5_A,1,223,True,74,74,28,0.3783783783783784,0.4375,0.40579710144927533,12,6,0.5,0.5,0.5,14,6,0.42857142857142855,0.5454545454545454,0.4799999999999999,48,16,0.3333333333333333,0.3902439024390244,0.35955056179775274,1,0.40579710144927533,0.40579710144927533,0.40579710144927533,nan,nan
foldbench100__7pv5_A,2,232,True,77,77,9,0.11688311688311688,0.140625,0.12765957446808512,14,5,0.35714285714285715,0.4166666666666667,0.3846153846153846,7,1,0.14285714285714285,0.09090909090909091,0.1111111111111111,56,3,0.05357142857142857,0.07317073170731707,0.061855670103092786,1,0.12765957446808512,0.12765957446808512,0.12765957446808512,nan,nan
foldbench100__7pv5_A,3,217,True,72,72,7,0.09722222222222222,0.109375,0.10294117647058824,12,3,0.25,0.25,0.25,6,0,0.0,0.0,0.0,54,4,0.07407407407407407,0.0975609756097561,0.08421052631578947,1,0.10294117647058824,0.10294117647058824,0.10294117647058824,nan,nan
foldbench100__7qsj_A,0,1324,True,441,441,62,0.14058956916099774,0.1786743515850144,0.15736040609137056,68,16,0.23529411764705882,0.2807017543859649,0.25599999999999995,65,9,0.13846153846153847,0.140625,0.13953488372093023,308,37,0.12012987012987013,0.16371681415929204,0.13857677902621723,1,0.15736040609137056,0.15736040609137056,0.15736040609137056,nan,nan
foldbench100__7qsj_A,1,1015,True,338,338,54,0.15976331360946747,0.15561959654178675,0.15766423357664236,63,14,0.2222222222222222,0.24561403508771928,0.23333333333333334,49,5,0.10204081632653061,0.078125,0.08849557522123894,226,35,0.15486725663716813,0.15486725663716813,0.15486725663716813,1,0.15766423357664236,0.15766423357664236,0.15766423357664236,nan,nan
foldbench100__7qsj_A,2,1279,True,426,426,60,0.14084507042253522,0.1729106628242075,0.1552393272962484,55,12,0.21818181818181817,0.21052631578947367,0.21428571428571427,52,8,0.15384615384615385,0.125,0.13793103448275862,319,40,0.12539184952978055,0.17699115044247787,0.14678899082568805,1,0.1552393272962484,0.1552393272962484,0.1552393272962484,nan,nan
foldbench100__7qsj_A,3,1162,True,387,387,70,0.18087855297157623,0.2017291066282421,0.1907356948228883,67,21,0.31343283582089554,0.3684210526315789,0.3387096774193548,54,17,0.3148148148148148,0.265625,0.28813559322033894,266,32,0.12030075187969924,0.1415929203539823,0.13008130081300814,1,0.1907356948228883,0.1907356948228883,0.1907356948228883,nan,nan
foldbench100__7tjb_A,0,523,True,174,174,23,0.13218390804597702,0.11442786069651742,0.12266666666666667,33,4,0.12121212121212122,0.11764705882352941,0.11940298507462688,28,4,0.14285714285714285,0.12121212121212122,0.13114754098360656,113,15,0.13274336283185842,0.11194029850746269,0.12145748987854252,1,0.12266666666666667,0.12266666666666667,0.12266666666666667,nan,nan
foldbench100__7tjb_A,1,766,True,255,255,47,0.1843137254901961,0.23383084577114427,0.20614035087719298,37,10,0.2702702702702703,0.29411764705882354,0.28169014084507044,32,6,0.1875,0.18181818181818182,0.1846153846153846,186,31,0.16666666666666666,0.23134328358208955,0.19375,1,0.20614035087719298,0.20614035087719298,0.20614035087719298,nan,nan
foldbench100__7tjb_A,2,517,True,172,172,28,0.16279069767441862,0.13930348258706468,0.15013404825737267,44,12,0.2727272727272727,0.35294117647058826,0.30769230769230765,25,4,0.16,0.12121212121212122,0.1379310344827586,103,12,0.11650485436893204,0.08955223880597014,0.10126582278481013,1,0.15013404825737267,0.15013404825737267,0.15013404825737267,nan,nan
foldbench100__7tjb_A,3,709,True,235,235,57,0.2425531914893617,0.2835820895522388,0.26146788990825687,36,11,0.3055555555555556,0.3235294117647059,0.31428571428571433,35,12,0.34285714285714286,0.36363636363636365,0.3529411764705882,164,34,0.2073170731707317,0.2537313432835821,0.22818791946308725,1,0.26146788990825687,0.26146788990825687,0.26146788990825687,nan,nan
foldbench100__7uba_A,0,355,True,118,118,5,0.0423728813559322,0.02403846153846154,0.030674846625766874,38,1,0.02631578947368421,0.043478260869565216,0.03278688524590164,32,1,0.03125,0.020833333333333332,0.025,48,3,0.0625,0.021897810218978103,0.032432432432432434,1,0.030674846625766874,0.030674846625766874,0.030674846625766874,nan,nan
foldbench100__7uba_A,1,661,True,220,220,8,0.03636363636363636,0.038461538461538464,0.037383177570093455,36,3,0.08333333333333333,0.13043478260869565,0.10169491525423728,61,5,0.08196721311475409,0.10416666666666667,0.09174311926605504,123,0,0.0,0.0,0.0,1,0.037383177570093455,0.037383177570093455,0.037383177570093455,nan,nan
foldbench100__7uba_A,2,613,True,204,204,14,0.06862745098039216,0.0673076923076923,0.06796116504854369,26,4,0.15384615384615385,0.17391304347826086,0.16326530612244897,59,5,0.0847457627118644,0.10416666666666667,0.09345794392523364,119,5,0.04201680672268908,0.0364963503649635,0.0390625,1,0.06796116504854369,0.06796116504854369,0.06796116504854369,nan,nan
foldbench100__7uba_A,3,418,True,139,139,16,0.11510791366906475,0.07692307692307693,0.09221902017291067,24,5,0.20833333333333334,0.21739130434782608,0.2127659574468085,50,7,0.14,0.14583333333333334,0.14285714285714285,65,4,0.06153846153846154,0.029197080291970802,0.039603960396039604,1,0.09221902017291067,0.09221902017291067,0.09221902017291067,nan,nan
foldbench100__7ur2_A,0,487,True,162,162,5,0.030864197530864196,0.0364963503649635,0.033444816053511704,26,4,0.15384615384615385,0.36363636363636365,0.21621621621621623,18,0,0.0,0.0,0.0,118,1,0.00847457627118644,0.008928571428571428,0.008695652173913042,1,0.033444816053511704,0.033444816053511704,0.033444816053511704,nan,nan
foldbench100__7ur2_A,1,589,True,196,196,16,0.08163265306122448,0.11678832116788321,0.09609609609609608,28,5,0.17857142857142858,0.45454545454545453,0.25641025641025644,23,0,0.0,0.0,0.0,145,11,0.07586206896551724,0.09821428571428571,0.08560311284046693,1,0.09609609609609608,0.09609609609609608,0.09609609609609608,nan,nan
foldbench100__7ur2_A,2,520,True,173,173,10,0.057803468208092484,0.072992700729927,0.06451612903225806,26,1,0.038461538461538464,0.09090909090909091,0.05405405405405406,26,1,0.038461538461538464,0.07142857142857142,0.05,121,8,0.06611570247933884,0.07142857142857142,0.06866952789699571,1,0.06451612903225806,0.06451612903225806,0.06451612903225806,nan,nan
foldbench100__7ur2_A,3,220,True,73,73,8,0.1095890410958904,0.058394160583941604,0.0761904761904762,18,4,0.2222222222222222,0.36363636363636365,0.27586206896551724,7,1,0.14285714285714285,0.07142857142857142,0.09523809523809523,48,3,0.0625,0.026785714285714284,0.0375,1,0.0761904761904762,0.0761904761904762,0.0761904761904762,nan,nan
foldbench100__7urp_A,0,442,True,147,147,12,0.08163265306122448,0.08955223880597014,0.08540925266903915,21,1,0.047619047619047616,0.08333333333333333,0.060606060606060615,30,4,0.13333333333333333,0.16666666666666666,0.14814814814814814,96,7,0.07291666666666667,0.07142857142857142,0.07216494845360825,1,0.08540925266903915,0.08540925266903915,0.08540925266903915,nan,nan
foldbench100__7urp_A,1,400,True,133,133,4,0.03007518796992481,0.029850746268656716,0.029962546816479398,16,0,0.0,0.0,0.0,41,0,0.0,0.0,0.0,76,4,0.05263157894736842,0.04081632653061224,0.04597701149425287,1,0.029962546816479398,0.029962546816479398,0.029962546816479398,nan,nan
foldbench100__7urp_A,2,325,True,108,108,15,0.1388888888888889,0.11194029850746269,0.12396694214876035,15,3,0.2,0.25,0.22222222222222224,19,1,0.05263157894736842,0.041666666666666664,0.04651162790697675,74,11,0.14864864864864866,0.11224489795918367,0.12790697674418605,1,0.12396694214876035,0.12396694214876035,0.12396694214876035,nan,nan
foldbench100__7urp_A,3,457,True,152,152,8,0.05263157894736842,0.05970149253731343,0.05594405594405594,31,3,0.0967741935483871,0.25,0.13953488372093023,35,3,0.08571428571428572,0.125,0.1016949152542373,86,2,0.023255813953488372,0.02040816326530612,0.021739130434782608,1,0.05594405594405594,0.05594405594405594,0.05594405594405594,nan,nan
foldbench100__7uww_A,0,2098,True,698,698,68,0.09742120343839542,0.09812409812409813,0.09777138749101366,115,22,0.19130434782608696,0.22916666666666666,0.2085308056872038,115,12,0.10434782608695652,0.0975609756097561,0.1008403361344538,468,34,0.07264957264957266,0.07172995780590717,0.07218683651804671,1,0.09777138749101366,0.09777138749101366,0.09777138749101366,nan,nan
foldbench100__7uww_A,1,1834,True,611,611,39,0.06382978723404255,0.05627705627705628,0.0598159509202454,91,15,0.16483516483516483,0.15625,0.16042780748663102,145,11,0.07586206896551724,0.08943089430894309,0.08208955223880597,375,13,0.034666666666666665,0.027426160337552744,0.030624263839811545,1,0.0598159509202454,0.0598159509202454,0.0598159509202454,nan,nan
foldbench100__7uww_A,2,2089,True,695,695,60,0.08633093525179857,0.08658008658008658,0.08645533141210375,103,23,0.22330097087378642,0.23958333333333334,0.23115577889447236,133,20,0.15037593984962405,0.16260162601626016,0.15625,459,17,0.037037037037037035,0.035864978902953586,0.03644158628081457,1,0.08645533141210375,0.08645533141210375,0.08645533141210375,nan,nan
foldbench100__7uww_A,3,2044,True,679,679,71,0.10456553755522828,0.10245310245310245,0.10349854227405247,90,16,0.17777777777777778,0.16666666666666666,0.17204301075268819,144,15,0.10416666666666667,0.12195121951219512,0.11235955056179774,445,40,0.0898876404494382,0.08438818565400844,0.08705114254624592,1,0.10349854227405247,0.10349854227405247,0.10349854227405247,nan,nan
foldbench100__7w15_A,0,994,True,331,331,11,0.03323262839879154,0.036303630363036306,0.034700315457413256,49,9,0.1836734693877551,0.19148936170212766,0.18749999999999997,39,1,0.02564102564102564,0.01694915254237288,0.02040816326530612,243,1,0.00411522633744856,0.005076142131979695,0.004545454545454546,1,0.034700315457413256,0.034700315457413256,0.034700315457413256,nan,nan
foldbench100__7w15_A,1,1243,True,413,413,12,0.029055690072639227,0.039603960396039604,0.0335195530726257,62,5,0.08064516129032258,0.10638297872340426,0.09174311926605505,80,3,0.0375,0.05084745762711865,0.043165467625899276,271,4,0.014760147601476014,0.02030456852791878,0.017094017094017092,1,0.0335195530726257,0.0335195530726257,0.0335195530726257,nan,nan
foldbench100__7w15_A,2,1054,True,350,350,19,0.054285714285714284,0.0627062706270627,0.058192955589586516,56,4,0.07142857142857142,0.0851063829787234,0.07766990291262135,58,8,0.13793103448275862,0.13559322033898305,0.13675213675213674,236,7,0.029661016949152543,0.03553299492385787,0.03233256351039262,1,0.058192955589586516,0.058192955589586516,0.058192955589586516,nan,nan
foldbench100__7w15_A,3,1063,True,354,354,22,0.062146892655367235,0.07260726072607261,0.0669710806697108,58,7,0.1206896551724138,0.14893617021276595,0.13333333333333333,72,11,0.1527777777777778,0.1864406779661017,0.16793893129770993,224,4,0.017857142857142856,0.02030456852791878,0.01900237529691211,1,0.0669710806697108,0.0669710806697108,0.0669710806697108,nan,nan
foldbench100__7wzm_A,0,1195,True,397,397,16,0.04030226700251889,0.03508771929824561,0.03751465416178194,52,8,0.15384615384615385,0.14545454545454545,0.14953271028037382,64,4,0.0625,0.06060606060606061,0.06153846153846154,281,4,0.014234875444839857,0.011940298507462687,0.012987012987012986,1,0.03751465416178194,0.03751465416178194,0.03751465416178194,nan,nan
foldbench100__7wzm_A,1,1129,True,376,376,19,0.05053191489361702,0.041666666666666664,0.04567307692307691,80,12,0.15,0.21818181818181817,0.17777777777777776,74,3,0.04054054054054054,0.045454545454545456,0.04285714285714286,222,4,0.018018018018018018,0.011940298507462687,0.01436265709156194,1,0.04567307692307691,0.04567307692307691,0.04567307692307691,nan,nan
foldbench100__7wzm_A,2,1423,True,474,474,13,0.027426160337552744,0.02850877192982456,0.02795698924731183,59,5,0.0847457627118644,0.09090909090909091,0.08771929824561403,56,2,0.03571428571428571,0.030303030303030304,0.03278688524590164,359,6,0.016713091922005572,0.01791044776119403,0.01729106628242075,1,0.02795698924731183,0.02795698924731183,0.02795698924731183,nan,nan
foldbench100__7wzm_A,3,1255,True,418,418,38,0.09090909090909091,0.08333333333333333,0.08695652173913043,79,12,0.1518987341772152,0.21818181818181817,0.1791044776119403,83,12,0.14457831325301204,0.18181818181818182,0.16107382550335572,256,14,0.0546875,0.041791044776119404,0.047377326565143825,1,0.08695652173913043,0.08695652173913043,0.08695652173913043,nan,nan
foldbench100__7x4p_A,0,928,True,309,309,11,0.03559870550161812,0.03303303303303303,0.034267912772585674,37,2,0.05405405405405406,0.05,0.05194805194805195,66,2,0.030303030303030304,0.038461538461538464,0.03389830508474576,206,7,0.03398058252427184,0.029045643153526972,0.03131991051454139,1,0.034267912772585674,0.034267912772585674,0.034267912772585674,nan,nan
foldbench100__7x4p_A,1,1045,True,348,348,12,0.034482758620689655,0.036036036036036036,0.035242290748898675,61,5,0.08196721311475409,0.125,0.09900990099009901,64,2,0.03125,0.038461538461538464,0.034482758620689655,223,5,0.02242152466367713,0.02074688796680498,0.021551724137931032,1,0.035242290748898675,0.035242290748898675,0.035242290748898675,nan,nan
foldbench100__7x4p_A,2,1135,True,377,377,24,0.0636604774535809,0.07207207207207207,0.0676056338028169,50,3,0.06,0.075,0.06666666666666665,50,6,0.12,0.11538461538461539,0.11764705882352941,277,15,0.05415162454873646,0.06224066390041494,0.05791505791505792,1,0.0676056338028169,0.0676056338028169,0.0676056338028169,nan,nan
foldbench100__7x4p_A,3,1150,True,383,383,14,0.03655352480417755,0.042042042042042045,0.03910614525139665,48,5,0.10416666666666667,0.125,0.11363636363636363,54,5,0.09259259259259259,0.09615384615384616,0.09433962264150943,281,4,0.014234875444839857,0.016597510373443983,0.01532567049808429,1,0.03910614525139665,0.03910614525139665,0.03910614525139665,nan,nan
foldbench100__7xcd_A,0,331,True,110,110,2,0.01818181818181818,0.013513513513513514,0.015503875968992248,19,0,0.0,0.0,0.0,34,2,0.058823529411764705,0.06451612903225806,0.061538461538461535,57,0,0.0,0.0,0.0,1,0.015503875968992248,0.015503875968992248,0.015503875968992248,nan,nan
foldbench100__7xcd_A,1,433,True,144,144,6,0.041666666666666664,0.04054054054054054,0.04109589041095891,22,2,0.09090909090909091,0.14285714285714285,0.1111111111111111,32,2,0.0625,0.06451612903225806,0.06349206349206349,90,2,0.022222222222222223,0.019417475728155338,0.02072538860103627,1,0.04109589041095891,0.04109589041095891,0.04109589041095891,nan,nan
foldbench100__7xcd_A,2,538,True,179,179,5,0.027932960893854747,0.033783783783783786,0.03058103975535168,26,1,0.038461538461538464,0.07142857142857142,0.05,41,4,0.0975609756097561,0.12903225806451613,0.1111111111111111,112,0,0.0,0.0,0.0,1,0.03058103975535168,0.03058103975535168,0.03058103975535168,nan,nan
foldbench100__7xcd_A,3,484,True,161,161,4,0.024844720496894408,0.02702702702702703,0.02588996763754045,27,1,0.037037037037037035,0.07142857142857142,0.04878048780487805,38,1,0.02631578947368421,0.03225806451612903,0.02898550724637681,96,2,0.020833333333333332,0.019417475728155338,0.02010050251256281,1,0.02588996763754045,0.02588996763754045,0.02588996763754045,nan,nan
foldbench100__7xi5_A,0,112,True,37,37,16,0.43243243243243246,0.38095238095238093,0.4050632911392405,13,5,0.38461538461538464,0.45454545454545453,0.41666666666666663,9,5,0.5555555555555556,0.625,0.5882352941176471,15,6,0.4,0.2608695652173913,0.31578947368421056,1,0.4050632911392405,0.4050632911392405,0.4050632911392405,nan,nan
foldbench100__7xi5_A,1,160,True,53,53,14,0.2641509433962264,0.3333333333333333,0.29473684210526313,13,5,0.38461538461538464,0.45454545454545453,0.41666666666666663,16,4,0.25,0.5,0.3333333333333333,24,5,0.20833333333333334,0.21739130434782608,0.2127659574468085,1,0.29473684210526313,0.29473684210526313,0.29473684210526313,nan,nan
foldbench100__7xi5_A,2,130,True,43,43,24,0.5581395348837209,0.5714285714285714,0.5647058823529412,17,8,0.47058823529411764,0.7272727272727273,0.5714285714285714,7,6,0.8571428571428571,0.75,0.7999999999999999,19,10,0.5263157894736842,0.43478260869565216,0.47619047619047616,1,0.5647058823529412,0.5647058823529412,0.5647058823529412,nan,nan
foldbench100__7xi5_A,3,109,True,36,36,12,0.3333333333333333,0.2857142857142857,0.30769230769230765,14,4,0.2857142857142857,0.36363636363636365,0.32,7,2,0.2857142857142857,0.25,0.26666666666666666,15,6,0.4,0.2608695652173913,0.31578947368421056,1,0.30769230769230765,0.30769230769230765,0.30769230769230765,nan,nan
foldbench100__7xlz_A,0,730,True,243,243,10,0.0411522633744856,0.03773584905660377,0.03937007874015748,49,4,0.08163265306122448,0.11764705882352941,0.09638554216867469,73,6,0.0821917808219178,0.10526315789473684,0.09230769230769231,121,0,0.0,0.0,0.0,1,0.03937007874015748,0.03937007874015748,0.03937007874015748,nan,nan
foldbench100__7xlz_A,1,838,True,279,279,24,0.08602150537634409,0.09056603773584905,0.08823529411764705,40,7,0.175,0.20588235294117646,0.18918918918918917,52,7,0.1346153846153846,0.12280701754385964,0.12844036697247704,187,10,0.053475935828877004,0.05747126436781609,0.055401662049861494,1,0.08823529411764705,0.08823529411764705,0.08823529411764705,nan,nan
foldbench100__7xlz_A,2,856,True,285,285,14,0.04912280701754386,0.052830188679245285,0.05090909090909091,39,6,0.15384615384615385,0.17647058823529413,0.1643835616438356,69,5,0.07246376811594203,0.08771929824561403,0.07936507936507937,177,3,0.01694915254237288,0.017241379310344827,0.017094017094017092,1,0.05090909090909091,0.05090909090909091,0.05090909090909091,nan,nan
foldbench100__7xlz_A,3,799,True,266,266,19,0.07142857142857142,0.07169811320754717,0.07156308851224104,44,8,0.18181818181818182,0.23529411764705882,0.20512820512820512,55,4,0.07272727272727272,0.07017543859649122,0.07142857142857142,167,7,0.041916167664670656,0.040229885057471264,0.041055718475073305,1,0.07156308851224104,0.07156308851224104,0.07156308851224104,nan,nan
foldbench100__7xq4_A,0,1465,True,486,486,82,0.16872427983539096,0.17372881355932204,0.1711899791231733,77,21,0.2727272727272727,0.2727272727272727,0.2727272727272727,71,8,0.11267605633802817,0.13333333333333333,0.12213740458015268,338,53,0.15680473372781065,0.1582089552238806,0.1575037147102526,1,0.1711899791231733,0.1711899791231733,0.1711899791231733,nan,nan
foldbench100__7xq4_A,1,1717,True,572,572,72,0.1258741258741259,0.15254237288135594,0.13793103448275865,92,22,0.2391304347826087,0.2857142857142857,0.2603550295857988,88,11,0.125,0.18333333333333332,0.14864864864864863,392,39,0.09948979591836735,0.11641791044776119,0.10729023383768913,1,0.13793103448275865,0.13793103448275865,0.13793103448275865,nan,nan
foldbench100__7xq4_A,2,1447,True,482,482,71,0.14730290456431536,0.1504237288135593,0.1488469601677149,86,24,0.27906976744186046,0.3116883116883117,0.294478527607362,64,7,0.109375,0.11666666666666667,0.11290322580645161,332,40,0.12048192771084337,0.11940298507462686,0.11994002998500748,1,0.1488469601677149,0.1488469601677149,0.1488469601677149,nan,nan
foldbench100__7xq4_A,3,1747,True,580,580,69,0.11896551724137931,0.1461864406779661,0.1311787072243346,89,23,0.25842696629213485,0.2987012987012987,0.27710843373493976,56,5,0.08928571428571429,0.08333333333333333,0.08620689655172413,435,41,0.09425287356321839,0.12238805970149254,0.10649350649350649,1,0.1311787072243346,0.1311787072243346,0.1311787072243346,nan,nan
foldbench100__7xyr_A,0,1981,True,660,660,25,0.03787878787878788,0.03536067892503536,0.0365764447695684,98,6,0.061224489795918366,0.08108108108108109,0.0697674418604651,96,5,0.052083333333333336,0.04716981132075472,0.049504950495049514,466,14,0.030042918454935622,0.026565464895635674,0.028197381671701913,1,0.0365764447695684,0.0365764447695684,0.0365764447695684,nan,nan
foldbench100__7xyr_A,1,2029,True,675,675,50,0.07407407407407407,0.07072135785007072,0.0723589001447178,97,14,0.14432989690721648,0.1891891891891892,0.16374269005847952,108,15,0.1388888888888889,0.14150943396226415,0.14018691588785046,470,21,0.04468085106382979,0.03984819734345351,0.04212637913741224,1,0.0723589001447178,0.0723589001447178,0.0723589001447178,nan,nan
foldbench100__7xyr_A,2,2194,True,729,729,59,0.08093278463648834,0.08345120226308345,0.08217270194986072,75,7,0.09333333333333334,0.0945945945945946,0.09395973154362415,130,13,0.1,0.12264150943396226,0.11016949152542373,524,39,0.07442748091603053,0.07400379506641366,0.0742150333016175,1,0.08217270194986072,0.08217270194986072,0.08217270194986072,nan,nan
foldbench100__7xyr_A,3,2230,True,742,742,59,0.07951482479784366,0.08345120226308345,0.08143547273982056,81,17,0.20987654320987653,0.22972972972972974,0.21935483870967742,97,13,0.13402061855670103,0.12264150943396226,0.12807881773399013,564,29,0.051418439716312055,0.05502846299810247,0.05316223648029331,1,0.08143547273982056,0.08143547273982056,0.08143547273982056,nan,nan
foldbench100__7y3h_A,0,1099,True,366,366,22,0.060109289617486336,0.07051282051282051,0.06489675516224189,61,10,0.16393442622950818,0.1724137931034483,0.16806722689075632,81,8,0.09876543209876543,0.14545454545454545,0.11764705882352941,224,4,0.017857142857142856,0.020100502512562814,0.018912529550827423,1,0.06489675516224189,0.06489675516224189,0.06489675516224189,nan,nan
foldbench100__7y3h_A,1,1033,True,344,344,27,0.07848837209302326,0.08653846153846154,0.08231707317073171,55,13,0.23636363636363636,0.22413793103448276,0.23008849557522126,64,5,0.078125,0.09090909090909091,0.08403361344537816,225,9,0.04,0.04522613065326633,0.04245283018867924,1,0.08231707317073171,0.08231707317073171,0.08231707317073171,nan,nan
foldbench100__7y3h_A,2,952,True,317,317,23,0.07255520504731862,0.07371794871794872,0.07313195548489666,50,10,0.2,0.1724137931034483,0.1851851851851852,45,5,0.1111111111111111,0.09090909090909091,0.09999999999999999,222,8,0.036036036036036036,0.04020100502512563,0.03800475059382423,1,0.07313195548489666,0.07313195548489666,0.07313195548489666,nan,nan
foldbench100__7y3h_A,3,1195,True,397,397,21,0.05289672544080604,0.0673076923076923,0.05923836389280677,63,10,0.15873015873015872,0.1724137931034483,0.1652892561983471,77,3,0.03896103896103896,0.05454545454545454,0.04545454545454545,257,8,0.0311284046692607,0.04020100502512563,0.03508771929824561,1,0.05923836389280677,0.05923836389280677,0.05923836389280677,nan,nan
foldbench100__7y54_A,0,268,True,89,89,36,0.4044943820224719,0.34285714285714286,0.3711340206185567,15,7,0.4666666666666667,0.3684210526315789,0.4117647058823529,17,8,0.47058823529411764,0.2857142857142857,0.35555555555555557,57,21,0.3684210526315789,0.3620689655172414,0.3652173913043478,1,0.3711340206185567,0.3711340206185567,0.3711340206185567,nan,nan
foldbench100__7y54_A,1,310,True,103,103,48,0.46601941747572817,0.45714285714285713,0.46153846153846156,21,8,0.38095238095238093,0.42105263157894735,0.4,25,9,0.36,0.32142857142857145,0.33962264150943394,57,31,0.543859649122807,0.5344827586206896,0.5391304347826087,1,0.46153846153846156,0.46153846153846156,0.46153846153846156,nan,nan
foldbench100__7y54_A,2,268,True,89,89,40,0.449438202247191,0.38095238095238093,0.41237113402061853,10,3,0.3,0.15789473684210525,0.20689655172413793,21,6,0.2857142857142857,0.21428571428571427,0.24489795918367344,58,31,0.5344827586206896,0.5344827586206896,0.5344827586206896,1,0.41237113402061853,0.41237113402061853,0.41237113402061853,nan,nan
foldbench100__7y54_A,3,298,True,99,99,20,0.20202020202020202,0.19047619047619047,0.19607843137254902,18,4,0.2222222222222222,0.21052631578947367,0.21621621621621623,22,3,0.13636363636363635,0.10714285714285714,0.11999999999999998,59,13,0.22033898305084745,0.22413793103448276,0.22222222222222224,1,0.19607843137254902,0.19607843137254902,0.19607843137254902,nan,nan
foldbench100__7y5m_A,0,364,True,121,121,5,0.04132231404958678,0.033783783783783786,0.03717472118959108,20,2,0.1,0.08695652173913043,0.09302325581395349,26,1,0.038461538461538464,0.05555555555555555,0.04545454545454546,75,2,0.02666666666666667,0.018691588785046728,0.021978021978021976,1,0.03717472118959108,0.03717472118959108,0.03717472118959108,nan,nan
foldbench100__7y5m_A,1,421,True,140,140,8,0.05714285714285714,0.05405405405405406,0.05555555555555556,20,3,0.15,0.13043478260869565,0.13953488372093023,20,1,0.05,0.05555555555555555,0.052631578947368425,100,4,0.04,0.037383177570093455,0.03864734299516908,1,0.05555555555555556,0.05555555555555556,0.05555555555555556,nan,nan
foldbench100__7y5m_A,2,331,True,110,110,4,0.03636363636363636,0.02702702702702703,0.031007751937984496,21,2,0.09523809523809523,0.08695652173913043,0.0909090909090909,44,1,0.022727272727272728,0.05555555555555555,0.032258064516129024,45,1,0.022222222222222223,0.009345794392523364,0.013157894736842106,1,0.031007751937984496,0.031007751937984496,0.031007751937984496,nan,nan
foldbench100__7y5m_A,3,250,True,83,83,6,0.07228915662650602,0.04054054054054054,0.05194805194805195,24,4,0.16666666666666666,0.17391304347826086,0.1702127659574468,16,1,0.0625,0.05555555555555555,0.058823529411764705,43,1,0.023255813953488372,0.009345794392523364,0.013333333333333332,1,0.05194805194805195,0.05194805194805195,0.05194805194805195,nan,nan
foldbench100__7y8h_A,0,304,True,101,101,53,0.5247524752475248,0.6385542168674698,0.5760869565217391,16,4,0.25,0.4444444444444444,0.32,30,19,0.6333333333333333,0.76,0.6909090909090909,55,30,0.5454545454545454,0.6122448979591837,0.5769230769230769,1,0.5760869565217391,0.5760869565217391,0.5760869565217391,nan,nan
foldbench100__7y8h_A,1,298,True,99,99,33,0.3333333333333333,0.39759036144578314,0.36263736263736257,16,5,0.3125,0.5555555555555556,0.39999999999999997,29,10,0.3448275862068966,0.4,0.3703703703703704,54,18,0.3333333333333333,0.3673469387755102,0.34951456310679613,1,0.36263736263736257,0.36263736263736257,0.36263736263736257,nan,nan
foldbench100__7y8h_A,2,286,True,95,95,25,0.2631578947368421,0.30120481927710846,0.2808988764044944,12,2,0.16666666666666666,0.2222222222222222,0.1904761904761905,27,7,0.25925925925925924,0.28,0.2692307692307692,56,16,0.2857142857142857,0.32653061224489793,0.3047619047619047,1,0.2808988764044944,0.2808988764044944,0.2808988764044944,nan,nan
foldbench100__7y8h_A,3,280,True,93,93,27,0.2903225806451613,0.3253012048192771,0.3068181818181818,18,5,0.2777777777777778,0.5555555555555556,0.3703703703703704,27,8,0.2962962962962963,0.32,0.30769230769230765,48,14,0.2916666666666667,0.2857142857142857,0.288659793814433,1,0.3068181818181818,0.3068181818181818,0.3068181818181818,nan,nan
foldbench100__7yd4_A,0,400,True,133,133,7,0.05263157894736842,0.04929577464788732,0.05090909090909091,23,2,0.08695652173913043,0.1111111111111111,0.0975609756097561,28,1,0.03571428571428571,0.043478260869565216,0.0392156862745098,82,4,0.04878048780487805,0.039603960396039604,0.043715846994535526,1,0.05090909090909091,0.05090909090909091,0.05090909090909091,nan,nan
foldbench100__7yd4_A,1,496,True,165,165,12,0.07272727272727272,0.08450704225352113,0.07817589576547232,15,1,0.06666666666666667,0.05555555555555555,0.0606060606060606,28,4,0.14285714285714285,0.17391304347826086,0.1568627450980392,122,7,0.05737704918032787,0.06930693069306931,0.06278026905829596,1,0.07817589576547232,0.07817589576547232,0.07817589576547232,nan,nan
foldbench100__7yd4_A,2,499,True,166,166,5,0.030120481927710843,0.035211267605633804,0.03246753246753247,24,1,0.041666666666666664,0.05555555555555555,0.04761904761904762,28,1,0.03571428571428571,0.043478260869565216,0.0392156862745098,114,3,0.02631578947368421,0.0297029702970297,0.027906976744186043,1,0.03246753246753247,0.03246753246753247,0.03246753246753247,nan,nan
foldbench100__7yd4_A,3,439,True,146,146,8,0.0547945205479452,0.056338028169014086,0.05555555555555555,20,2,0.1,0.1111111111111111,0.10526315789473685,26,3,0.11538461538461539,0.13043478260869565,0.12244897959183673,100,3,0.03,0.0297029702970297,0.029850746268656716,1,0.05555555555555555,0.05555555555555555,0.05555555555555555,nan,nan
foldbench100__7ykm_A,0,220,True,73,73,9,0.1232876712328767,0.16363636363636364,0.140625,14,2,0.14285714285714285,0.2857142857142857,0.19047619047619047,23,3,0.13043478260869565,0.21428571428571427,0.16216216216216214,36,4,0.1111111111111111,0.11764705882352941,0.11428571428571428,1,0.140625,0.140625,0.140625,nan,nan
foldbench100__7ykm_A,1,88,True,29,29,4,0.13793103448275862,0.07272727272727272,0.09523809523809523,9,1,0.1111111111111111,0.14285714285714285,0.125,13,1,0.07692307692307693,0.07142857142857142,0.07407407407407408,7,2,0.2857142857142857,0.058823529411764705,0.0975609756097561,1,0.09523809523809523,0.09523809523809523,0.09523809523809523,nan,nan
foldbench100__7ykm_A,2,247,True,82,82,4,0.04878048780487805,0.07272727272727272,0.058394160583941604,12,0,0.0,0.0,0.0,17,3,0.17647058823529413,0.21428571428571427,0.1935483870967742,53,1,0.018867924528301886,0.029411764705882353,0.022988505747126436,1,0.058394160583941604,0.058394160583941604,0.058394160583941604,nan,nan
foldbench100__7ykm_A,3,337,True,112,112,9,0.08035714285714286,0.16363636363636364,0.10778443113772457,13,1,0.07692307692307693,0.14285714285714285,0.1,29,0,0.0,0.0,0.0,70,8,0.11428571428571428,0.23529411764705882,0.15384615384615385,1,0.10778443113772457,0.10778443113772457,0.10778443113772457,nan,nan
foldbench100__7yug_A,0,241,True,80,80,4,0.05,0.0425531914893617,0.04597701149425288,19,3,0.15789473684210525,0.15789473684210525,0.15789473684210525,22,1,0.045454545454545456,0.04,0.0425531914893617,39,0,0.0,0.0,0.0,1,0.04597701149425288,0.04597701149425288,0.04597701149425288,nan,nan
foldbench100__7yug_A,1,277,True,92,92,12,0.13043478260869565,0.1276595744680851,0.12903225806451613,35,6,0.17142857142857143,0.3157894736842105,0.22222222222222224,21,5,0.23809523809523808,0.2,0.21739130434782608,36,1,0.027777777777777776,0.02,0.023255813953488372,1,0.12903225806451613,0.12903225806451613,0.12903225806451613,nan,nan
foldbench100__7yug_A,2,166,True,55,55,7,0.12727272727272726,0.07446808510638298,0.09395973154362416,13,4,0.3076923076923077,0.21052631578947367,0.25,15,2,0.13333333333333333,0.08,0.1,27,1,0.037037037037037035,0.02,0.025974025974025972,1,0.09395973154362416,0.09395973154362416,0.09395973154362416,nan,nan
foldbench100__7yug_A,3,196,True,65,65,5,0.07692307692307693,0.05319148936170213,0.06289308176100629,13,2,0.15384615384615385,0.10526315789473684,0.125,13,3,0.23076923076923078,0.12,0.15789473684210525,39,0,0.0,0.0,0.0,1,0.06289308176100629,0.06289308176100629,0.06289308176100629,nan,nan
foldbench100__7z65_A,0,898,True,298,298,44,0.1476510067114094,0.1375,0.1423948220064725,34,5,0.14705882352941177,0.11363636363636363,0.12820512820512822,31,3,0.0967741935483871,0.17647058823529413,0.125,233,36,0.15450643776824036,0.138996138996139,0.14634146341463414,1,0.1423948220064725,0.1423948220064725,0.1423948220064725,nan,nan
foldbench100__7z65_A,1,1000,True,333,333,65,0.19519519519519518,0.203125,0.1990811638591118,51,15,0.29411764705882354,0.3409090909090909,0.3157894736842105,39,2,0.05128205128205128,0.11764705882352941,0.07142857142857141,243,48,0.19753086419753085,0.18532818532818532,0.19123505976095617,1,0.1990811638591118,0.1990811638591118,0.1990811638591118,nan,nan
foldbench100__7z65_A,2,913,True,304,304,53,0.17434210526315788,0.165625,0.16987179487179485,32,5,0.15625,0.11363636363636363,0.13157894736842105,31,0,0.0,0.0,0.0,241,48,0.1991701244813278,0.18532818532818532,0.19199999999999998,1,0.16987179487179485,0.16987179487179485,0.16987179487179485,nan,nan
foldbench100__7z65_A,3,982,True,327,327,42,0.12844036697247707,0.13125,0.12982998454404948,48,9,0.1875,0.20454545454545456,0.19565217391304346,38,1,0.02631578947368421,0.058823529411764705,0.03636363636363636,241,32,0.13278008298755187,0.12355212355212356,0.128,1,0.12982998454404948,0.12982998454404948,0.12982998454404948,nan,nan
foldbench100__7zoi_A,0,463,True,154,154,21,0.13636363636363635,0.19090909090909092,0.1590909090909091,26,11,0.4230769230769231,0.3333333333333333,0.3728813559322034,30,4,0.13333333333333333,0.10526315789473684,0.11764705882352941,98,6,0.061224489795918366,0.15384615384615385,0.08759124087591241,1,0.1590909090909091,0.1590909090909091,0.1590909090909091,nan,nan
foldbench100__7zoi_A,1,421,True,140,140,15,0.10714285714285714,0.13636363636363635,0.11999999999999998,34,8,0.23529411764705882,0.24242424242424243,0.23880597014925375,33,5,0.15151515151515152,0.13157894736842105,0.14084507042253522,73,2,0.0273972602739726,0.05128205128205128,0.03571428571428571,1,0.11999999999999998,0.11999999999999998,0.11999999999999998,nan,nan
foldbench100__7zoi_A,2,436,True,145,145,21,0.14482758620689656,0.19090909090909092,0.1647058823529412,35,8,0.22857142857142856,0.24242424242424243,0.23529411764705885,46,8,0.17391304347826086,0.21052631578947367,0.1904761904761905,64,5,0.078125,0.1282051282051282,0.0970873786407767,1,0.1647058823529412,0.1647058823529412,0.1647058823529412,nan,nan
foldbench100__7zoi_A,3,412,True,137,137,9,0.06569343065693431,0.08181818181818182,0.07287449392712551,50,5,0.1,0.15151515151515152,0.12048192771084337,31,2,0.06451612903225806,0.05263157894736842,0.05797101449275362,56,2,0.03571428571428571,0.05128205128205128,0.042105263157894736,1,0.07287449392712551,0.07287449392712551,0.07287449392712551,nan,nan
foldbench100__7zu3_A,0,322,True,107,107,0,0.0,0.0,0.0,24,0,0.0,0.0,0.0,24,0,0.0,0.0,0.0,59,0,0.0,0.0,0.0,1,0.0,0.0,0.0,nan,nan
foldbench100__7zu3_A,1,295,True,98,98,4,0.04081632653061224,0.043478260869565216,0.042105263157894736,27,0,0.0,0.0,0.0,37,1,0.02702702702702703,0.045454545454545456,0.03389830508474577,34,3,0.08823529411764706,0.04918032786885246,0.0631578947368421,1,0.042105263157894736,0.042105263157894736,0.042105263157894736,nan,nan
foldbench100__7zu3_A,2,178,True,59,59,1,0.01694915254237288,0.010869565217391304,0.013245033112582781,15,1,0.06666666666666667,0.1111111111111111,0.08333333333333334,17,0,0.0,0.0,0.0,27,0,0.0,0.0,0.0,1,0.013245033112582781,0.013245033112582781,0.013245033112582781,nan,nan
foldbench100__7zu3_A,3,262,True,87,87,1,0.011494252873563218,0.010869565217391304,0.0111731843575419,23,0,0.0,0.0,0.0,26,0,0.0,0.0,0.0,38,1,0.02631578947368421,0.01639344262295082,0.0202020202020202,1,0.0111731843575419,0.0111731843575419,0.0111731843575419,nan,nan
foldbench100__8adc_A,0,436,True,145,145,24,0.16551724137931034,0.1411764705882353,0.1523809523809524,43,9,0.20930232558139536,0.34615384615384615,0.2608695652173913,28,13,0.4642857142857143,0.3333333333333333,0.3880597014925373,74,2,0.02702702702702703,0.01904761904761905,0.0223463687150838,1,0.1523809523809524,0.1523809523809524,0.1523809523809524,nan,nan
foldbench100__8adc_A,1,706,True,235,235,22,0.09361702127659574,0.12941176470588237,0.10864197530864199,41,7,0.17073170731707318,0.2692307692307692,0.20895522388059704,45,8,0.17777777777777778,0.20512820512820512,0.19047619047619047,149,7,0.04697986577181208,0.06666666666666667,0.05511811023622048,1,0.10864197530864199,0.10864197530864199,0.10864197530864199,nan,nan
foldbench100__8adc_A,2,598,True,199,199,9,0.04522613065326633,0.052941176470588235,0.04878048780487805,40,5,0.125,0.19230769230769232,0.15151515151515152,51,1,0.0196078431372549,0.02564102564102564,0.02222222222222222,108,3,0.027777777777777776,0.02857142857142857,0.028169014084507043,1,0.04878048780487805,0.04878048780487805,0.04878048780487805,nan,nan
foldbench100__8adc_A,3,736,True,245,245,10,0.04081632653061224,0.058823529411764705,0.048192771084337345,42,5,0.11904761904761904,0.19230769230769232,0.14705882352941174,45,3,0.06666666666666667,0.07692307692307693,0.07142857142857144,158,2,0.012658227848101266,0.01904761904761905,0.015209125475285171,1,0.048192771084337345,0.048192771084337345,0.048192771084337345,nan,nan
foldbench100__8ah9_A,0,325,True,108,108,13,0.12037037037037036,0.09848484848484848,0.10833333333333331,9,4,0.4444444444444444,0.12903225806451613,0.19999999999999998,27,8,0.2962962962962963,0.13793103448275862,0.18823529411764706,72,1,0.013888888888888888,0.023255813953488372,0.017391304347826084,1,0.10833333333333331,0.10833333333333331,0.10833333333333331,nan,nan
foldbench100__8ah9_A,1,340,True,113,113,25,0.22123893805309736,0.1893939393939394,0.20408163265306123,22,8,0.36363636363636365,0.25806451612903225,0.3018867924528302,40,14,0.35,0.2413793103448276,0.2857142857142857,51,3,0.058823529411764705,0.06976744186046512,0.06382978723404255,1,0.20408163265306123,0.20408163265306123,0.20408163265306123,nan,nan
foldbench100__8ah9_A,2,433,True,144,144,32,0.2222222222222222,0.24242424242424243,0.2318840579710145,26,12,0.46153846153846156,0.3870967741935484,0.42105263157894735,38,10,0.2631578947368421,0.1724137931034483,0.20833333333333334,80,10,0.125,0.23255813953488372,0.1626016260162602,1,0.2318840579710145,0.2318840579710145,0.2318840579710145,nan,nan
foldbench100__8ah9_A,3,328,True,109,109,25,0.22935779816513763,0.1893939393939394,0.20746887966804978,16,8,0.5,0.25806451612903225,0.3404255319148936,31,14,0.45161290322580644,0.2413793103448276,0.31460674157303375,62,3,0.04838709677419355,0.06976744186046512,0.05714285714285714,1,0.20746887966804978,0.20746887966804978,0.20746887966804978,nan,nan
foldbench100__8akh_A,0,1126,True,374,374,6,0.016042780748663103,0.018691588785046728,0.017266187050359712,36,3,0.08333333333333333,0.07142857142857142,0.07692307692307691,38,0,0.0,0.0,0.0,300,3,0.01,0.013100436681222707,0.011342155009451797,1,0.017266187050359712,0.017266187050359712,0.017266187050359712,nan,nan
foldbench100__8akh_A,1,1231,True,410,410,22,0.05365853658536585,0.06853582554517133,0.06019151846785225,58,4,0.06896551724137931,0.09523809523809523,0.08,80,5,0.0625,0.1,0.07692307692307693,272,13,0.04779411764705882,0.056768558951965066,0.051896207584830344,1,0.06019151846785225,0.06019151846785225,0.06019151846785225,nan,nan
foldbench100__8akh_A,2,1180,True,393,393,11,0.027989821882951654,0.03426791277258567,0.030812324929971987,62,3,0.04838709677419355,0.07142857142857142,0.05769230769230769,69,6,0.08695652173913043,0.12,0.10084033613445377,262,2,0.007633587786259542,0.008733624454148471,0.008146639511201629,1,0.030812324929971987,0.030812324929971987,0.030812324929971987,nan,nan
foldbench100__8akh_A,3,1048,True,348,348,6,0.017241379310344827,0.018691588785046728,0.017937219730941704,58,3,0.05172413793103448,0.07142857142857142,0.060000000000000005,77,2,0.025974025974025976,0.04,0.031496062992125984,213,1,0.004694835680751174,0.004366812227074236,0.004524886877828055,1,0.017937219730941704,0.017937219730941704,0.017937219730941704,nan,nan
foldbench100__8arl_A,0,787,True,262,262,18,0.06870229007633588,0.06923076923076923,0.06896551724137931,23,6,0.2608695652173913,0.23076923076923078,0.24489795918367346,9,0,0.0,0.0,0.0,230,12,0.05217391304347826,0.05504587155963303,0.05357142857142856,1,0.06896551724137931,0.06896551724137931,0.06896551724137931,nan,nan
foldbench100__8arl_A,1,421,True,140,140,3,0.02142857142857143,0.011538461538461539,0.015,34,3,0.08823529411764706,0.11538461538461539,0.10000000000000002,50,0,0.0,0.0,0.0,56,0,0.0,0.0,0.0,1,0.015,0.015,0.015,nan,nan
foldbench100__8arl_A,2,649,True,216,216,8,0.037037037037037035,0.03076923076923077,0.03361344537815126,42,4,0.09523809523809523,0.15384615384615385,0.11764705882352941,48,4,0.08333333333333333,0.25,0.125,126,0,0.0,0.0,0.0,1,0.03361344537815126,0.03361344537815126,0.03361344537815126,nan,nan
foldbench100__8arl_A,3,439,True,145,145,1,0.006896551724137931,0.0038461538461538464,0.0049382716049382715,33,1,0.030303030303030304,0.038461538461538464,0.03389830508474576,49,0,0.0,0.0,0.0,63,0,0.0,0.0,0.0,1,0.0049382716049382715,0.0049382716049382715,0.0049382716049382715,nan,nan
foldbench100__8axj_A,0,523,True,174,174,54,0.3103448275862069,0.3776223776223776,0.34069400630914826,19,4,0.21052631578947367,0.3076923076923077,0.25,69,33,0.4782608695652174,0.4925373134328358,0.4852941176470588,86,17,0.19767441860465115,0.2698412698412698,0.22818791946308725,1,0.34069400630914826,0.34069400630914826,0.34069400630914826,nan,nan
foldbench100__8axj_A,1,373,True,124,124,55,0.4435483870967742,0.38461538461538464,0.41198501872659177,9,6,0.6666666666666666,0.46153846153846156,0.5454545454545455,51,35,0.6862745098039216,0.5223880597014925,0.5932203389830508,64,14,0.21875,0.2222222222222222,0.22047244094488186,1,0.41198501872659177,0.41198501872659177,0.41198501872659177,nan,nan
foldbench100__8axj_A,2,535,True,177,177,66,0.3728813559322034,0.46153846153846156,0.41250000000000003,10,6,0.6,0.46153846153846156,0.5217391304347826,84,38,0.4523809523809524,0.5671641791044776,0.5033112582781457,83,22,0.26506024096385544,0.3492063492063492,0.3013698630136986,1,0.41250000000000003,0.41250000000000003,0.41250000000000003,nan,nan
foldbench100__8axj_A,3,499,True,166,166,66,0.39759036144578314,0.46153846153846156,0.42718446601941756,18,4,0.2222222222222222,0.3076923076923077,0.2580645161290323,93,41,0.44086021505376344,0.6119402985074627,0.5125,55,21,0.38181818181818183,0.3333333333333333,0.3559322033898305,1,0.42718446601941756,0.42718446601941756,0.42718446601941756,nan,nan
foldbench100__8b2e_A,0,172,True,57,57,3,0.05263157894736842,0.023076923076923078,0.03208556149732621,13,2,0.15384615384615385,0.09090909090909091,0.1142857142857143,15,1,0.06666666666666667,0.030303030303030304,0.041666666666666664,29,0,0.0,0.0,0.0,1,0.03208556149732621,0.03208556149732621,0.03208556149732621,nan,nan
foldbench100__8b2e_A,1,199,True,66,66,3,0.045454545454545456,0.023076923076923078,0.030612244897959183,20,1,0.05,0.045454545454545456,0.04761904761904762,17,2,0.11764705882352941,0.06060606060606061,0.08,29,0,0.0,0.0,0.0,1,0.030612244897959183,0.030612244897959183,0.030612244897959183,nan,nan
foldbench100__8b2e_A,2,256,True,85,85,4,0.047058823529411764,0.03076923076923077,0.037209302325581395,16,3,0.1875,0.13636363636363635,0.15789473684210525,14,0,0.0,0.0,0.0,55,1,0.01818181818181818,0.013333333333333334,0.015384615384615384,1,0.037209302325581395,0.037209302325581395,0.037209302325581395,nan,nan
foldbench100__8b2e_A,3,274,True,91,91,6,0.06593406593406594,0.046153846153846156,0.05429864253393665,24,1,0.041666666666666664,0.045454545454545456,0.043478260869565216,10,1,0.1,0.030303030303030304,0.04651162790697675,57,4,0.07017543859649122,0.05333333333333334,0.06060606060606061,1,0.05429864253393665,0.05429864253393665,0.05429864253393665,nan,nan
foldbench100__8b2s_A,0,595,True,198,198,9,0.045454545454545456,0.04838709677419355,0.04687500000000001,34,2,0.058823529411764705,0.07142857142857142,0.06451612903225808,37,5,0.13513513513513514,0.1,0.11494252873563218,127,2,0.015748031496062992,0.018518518518518517,0.01702127659574468,1,0.04687500000000001,0.04687500000000001,0.04687500000000001,nan,nan
foldbench100__8b2s_A,1,400,True,133,133,9,0.06766917293233082,0.04838709677419355,0.05642633228840126,28,3,0.10714285714285714,0.10714285714285714,0.10714285714285714,30,3,0.1,0.06,0.075,75,3,0.04,0.027777777777777776,0.03278688524590164,1,0.05642633228840126,0.05642633228840126,0.05642633228840126,nan,nan
foldbench100__8b2s_A,2,547,True,182,182,12,0.06593406593406594,0.06451612903225806,0.06521739130434784,29,1,0.034482758620689655,0.03571428571428571,0.03508771929824562,38,3,0.07894736842105263,0.06,0.06818181818181818,115,8,0.06956521739130435,0.07407407407407407,0.07174887892376683,1,0.06521739130434784,0.06521739130434784,0.06521739130434784,nan,nan
foldbench100__8b2s_A,3,550,True,183,183,7,0.03825136612021858,0.03763440860215054,0.037940379403794036,32,4,0.125,0.14285714285714285,0.13333333333333333,28,0,0.0,0.0,0.0,123,3,0.024390243902439025,0.027777777777777776,0.025974025974025976,1,0.037940379403794036,0.037940379403794036,0.037940379403794036,nan,nan
foldbench100__8b5w_A,0,1228,True,409,409,15,0.03667481662591687,0.04054054054054054,0.038510911424903725,47,3,0.06382978723404255,0.06818181818181818,0.06593406593406594,43,2,0.046511627906976744,0.04081632653061224,0.043478260869565216,319,10,0.03134796238244514,0.036101083032490974,0.033557046979865765,1,0.038510911424903725,0.038510911424903725,0.038510911424903725,nan,nan
foldbench100__8b5w_A,1,1183,True,394,394,13,0.03299492385786802,0.03513513513513514,0.034031413612565446,54,5,0.09259259259259259,0.11363636363636363,0.10204081632653061,57,3,0.05263157894736842,0.061224489795918366,0.056603773584905655,283,5,0.0176678445229682,0.018050541516245487,0.017857142857142856,1,0.034031413612565446,0.034031413612565446,0.034031413612565446,nan,nan
foldbench100__8b5w_A,2,1435,True,478,478,21,0.043933054393305436,0.05675675675675676,0.04952830188679245,63,11,0.1746031746031746,0.25,0.205607476635514,82,3,0.036585365853658534,0.061224489795918366,0.04580152671755725,333,7,0.021021021021021023,0.02527075812274368,0.02295081967213115,1,0.04952830188679245,0.04952830188679245,0.04952830188679245,nan,nan
foldbench100__8b5w_A,3,1198,True,399,399,15,0.03759398496240601,0.04054054054054054,0.03901170351105331,68,4,0.058823529411764705,0.09090909090909091,0.07142857142857142,46,2,0.043478260869565216,0.04081632653061224,0.042105263157894736,285,9,0.031578947368421054,0.032490974729241874,0.03202846975088968,1,0.03901170351105331,0.03901170351105331,0.03901170351105331,nan,nan
foldbench100__8b6a_A,0,550,True,183,183,14,0.07650273224043716,0.07179487179487179,0.07407407407407407,28,4,0.14285714285714285,0.13333333333333333,0.1379310344827586,36,4,0.1111111111111111,0.0851063829787234,0.09638554216867469,119,6,0.05042016806722689,0.05084745762711865,0.05063291139240507,1,0.07407407407407407,0.07407407407407407,0.07407407407407407,nan,nan
foldbench100__8b6a_A,1,607,True,202,202,13,0.06435643564356436,0.06666666666666667,0.06549118387909321,16,2,0.125,0.06666666666666667,0.08695652173913045,31,6,0.1935483870967742,0.1276595744680851,0.15384615384615383,155,5,0.03225806451612903,0.0423728813559322,0.03663003663003663,1,0.06549118387909321,0.06549118387909321,0.06549118387909321,nan,nan
foldbench100__8b6a_A,2,469,True,156,156,22,0.14102564102564102,0.11282051282051282,0.12535612535612536,29,7,0.2413793103448276,0.23333333333333334,0.23728813559322037,37,6,0.16216216216216217,0.1276595744680851,0.14285714285714288,90,9,0.1,0.07627118644067797,0.08653846153846155,1,0.12535612535612536,0.12535612535612536,0.12535612535612536,nan,nan
foldbench100__8b6a_A,3,550,True,183,183,24,0.13114754098360656,0.12307692307692308,0.12698412698412698,19,3,0.15789473684210525,0.1,0.12244897959183673,31,8,0.25806451612903225,0.1702127659574468,0.20512820512820512,133,13,0.09774436090225563,0.11016949152542373,0.10358565737051793,1,0.12698412698412698,0.12698412698412698,0.12698412698412698,nan,nan
foldbench100__8baq_A,0,442,True,146,146,1,0.00684931506849315,0.005263157894736842,0.005952380952380952,33,0,0.0,0.0,0.0,43,1,0.023255813953488372,0.034482758620689655,0.027777777777777776,70,0,0.0,0.0,0.0,1,0.005952380952380952,0.005952380952380952,0.005952380952380952,nan,nan
foldbench100__8baq_A,1,736,True,245,245,9,0.036734693877551024,0.04736842105263158,0.04137931034482759,37,0,0.0,0.0,0.0,59,0,0.0,0.0,0.0,149,9,0.06040268456375839,0.06569343065693431,0.06293706293706294,1,0.04137931034482759,0.04137931034482759,0.04137931034482759,nan,nan
foldbench100__8baq_A,2,418,True,139,139,1,0.007194244604316547,0.005263157894736842,0.0060790273556231,18,0,0.0,0.0,0.0,18,0,0.0,0.0,0.0,103,1,0.009708737864077669,0.0072992700729927005,0.008333333333333331,1,0.0060790273556231,0.0060790273556231,0.0060790273556231,nan,nan
foldbench100__8baq_A,3,586,True,195,195,4,0.020512820512820513,0.021052631578947368,0.02077922077922078,20,2,0.1,0.08333333333333333,0.0909090909090909,16,0,0.0,0.0,0.0,159,2,0.012578616352201259,0.014598540145985401,0.013513513513513514,1,0.02077922077922078,0.02077922077922078,0.02077922077922078,nan,nan
foldbench100__8bfy_A,0,1399,True,464,464,16,0.034482758620689655,0.04456824512534819,0.038882138517618466,54,5,0.09259259259259259,0.1111111111111111,0.101010101010101,54,2,0.037037037037037035,0.041666666666666664,0.03921568627450981,356,9,0.025280898876404494,0.03383458646616541,0.028938906752411574,1,0.038882138517618466,0.038882138517618466,0.038882138517618466,nan,nan
foldbench100__8bfy_A,1,1294,True,430,430,26,0.06046511627906977,0.07242339832869081,0.06590621039290241,56,6,0.10714285714285714,0.13333333333333333,0.11881188118811882,70,2,0.02857142857142857,0.041666666666666664,0.03389830508474576,304,18,0.05921052631578947,0.06766917293233082,0.06315789473684211,1,0.06590621039290241,0.06590621039290241,0.06590621039290241,nan,nan
foldbench100__8bfy_A,2,1156,True,385,385,26,0.06753246753246753,0.07242339832869081,0.06989247311827956,66,9,0.13636363636363635,0.2,0.16216216216216214,51,3,0.058823529411764705,0.0625,0.06060606060606061,268,14,0.05223880597014925,0.05263157894736842,0.05243445692883895,1,0.06989247311827956,0.06989247311827956,0.06989247311827956,nan,nan
foldbench100__8bfy_A,3,1060,True,353,353,21,0.059490084985835696,0.0584958217270195,0.05898876404494382,63,8,0.12698412698412698,0.17777777777777778,0.1481481481481481,50,5,0.1,0.10416666666666667,0.10204081632653063,240,8,0.03333333333333333,0.03007518796992481,0.0316205533596838,1,0.05898876404494382,0.05898876404494382,0.05898876404494382,nan,nan
foldbench100__8bke_A,0,2008,True,669,669,91,0.13602391629297458,0.18421052631578946,0.15649183147033535,92,4,0.043478260869565216,0.13333333333333333,0.06557377049180328,135,11,0.08148148148148149,0.08148148148148149,0.08148148148148149,442,76,0.17194570135746606,0.23100303951367782,0.1971465629053178,1,0.15649183147033535,0.15649183147033535,0.15649183147033535,nan,nan
foldbench100__8bke_A,1,2086,True,695,695,93,0.13381294964028778,0.1882591093117409,0.1564339781328848,63,2,0.031746031746031744,0.06666666666666667,0.04301075268817204,107,11,0.102803738317757,0.08148148148148149,0.09090909090909091,525,80,0.1523809523809524,0.24316109422492402,0.18735362997658078,1,0.1564339781328848,0.1564339781328848,0.1564339781328848,nan,nan
foldbench100__8bke_A,2,1942,True,647,647,71,0.10973724884080371,0.1437246963562753,0.12445223488168274,54,4,0.07407407407407407,0.13333333333333333,0.09523809523809523,108,9,0.08333333333333333,0.06666666666666667,0.07407407407407407,485,58,0.11958762886597939,0.1762917933130699,0.14250614250614252,1,0.12445223488168274,0.12445223488168274,0.12445223488168274,nan,nan
foldbench100__8bke_A,3,1915,True,638,638,20,0.03134796238244514,0.04048582995951417,0.0353356890459364,83,6,0.07228915662650602,0.2,0.10619469026548672,114,7,0.06140350877192982,0.05185185185185185,0.05622489959839357,441,7,0.015873015873015872,0.02127659574468085,0.018181818181818177,1,0.0353356890459364,0.0353356890459364,0.0353356890459364,nan,nan
foldbench100__8bux_A,0,490,True,163,163,5,0.03067484662576687,0.020833333333333332,0.024813895781637715,27,0,0.0,0.0,0.0,30,1,0.03333333333333333,0.027777777777777776,0.0303030303030303,106,4,0.03773584905660377,0.022598870056497175,0.028268551236749116,1,0.024813895781637715,0.024813895781637715,0.024813895781637715,nan,nan
foldbench100__8bux_A,1,499,True,166,166,2,0.012048192771084338,0.008333333333333333,0.009852216748768473,27,1,0.037037037037037035,0.037037037037037035,0.037037037037037035,48,1,0.020833333333333332,0.027777777777777776,0.02380952380952381,91,0,0.0,0.0,0.0,1,0.009852216748768473,0.009852216748768473,0.009852216748768473,nan,nan
foldbench100__8bux_A,2,499,True,166,166,3,0.018072289156626505,0.0125,0.01477832512315271,35,2,0.05714285714285714,0.07407407407407407,0.06451612903225806,38,1,0.02631578947368421,0.027777777777777776,0.02702702702702703,93,0,0.0,0.0,0.0,1,0.01477832512315271,0.01477832512315271,0.01477832512315271,nan,nan
foldbench100__8bux_A,3,673,True,224,224,9,0.04017857142857143,0.0375,0.03879310344827586,40,6,0.15,0.2222222222222222,0.1791044776119403,24,3,0.125,0.08333333333333333,0.1,160,0,0.0,0.0,0.0,1,0.03879310344827586,0.03879310344827586,0.03879310344827586,nan,nan
foldbench100__8c4y_A,0,1150,True,383,383,13,0.033942558746736295,0.03485254691689008,0.0343915343915344,47,4,0.0851063829787234,0.11428571428571428,0.09756097560975609,51,4,0.0784313725490196,0.08695652173913043,0.08247422680412371,285,5,0.017543859649122806,0.017123287671232876,0.01733102253032929,1,0.0343915343915344,0.0343915343915344,0.0343915343915344,nan,nan
foldbench100__8c4y_A,1,991,True,329,329,10,0.030395136778115502,0.02680965147453083,0.02849002849002849,51,2,0.0392156862745098,0.05714285714285714,0.046511627906976744,64,5,0.078125,0.10869565217391304,0.09090909090909091,214,3,0.014018691588785047,0.010273972602739725,0.011857707509881422,1,0.02849002849002849,0.02849002849002849,0.02849002849002849,nan,nan
foldbench100__8c4y_A,2,739,True,246,246,29,0.11788617886178862,0.0777479892761394,0.09369951534733441,48,10,0.20833333333333334,0.2857142857142857,0.24096385542168672,56,3,0.05357142857142857,0.06521739130434782,0.058823529411764705,142,16,0.11267605633802817,0.0547945205479452,0.0737327188940092,1,0.09369951534733441,0.09369951534733441,0.09369951534733441,nan,nan
foldbench100__8c4y_A,3,970,True,322,322,17,0.052795031055900624,0.045576407506702415,0.048920863309352525,56,5,0.08928571428571429,0.14285714285714285,0.10989010989010989,60,3,0.05,0.06521739130434782,0.05660377358490566,206,9,0.043689320388349516,0.030821917808219176,0.03614457831325302,1,0.048920863309352525,0.048920863309352525,0.048920863309352525,nan,nan
foldbench100__8ci9_A,0,982,True,327,327,11,0.03363914373088685,0.032640949554896145,0.03313253012048193,53,5,0.09433962264150944,0.1282051282051282,0.10869565217391304,50,5,0.1,0.12195121951219512,0.10989010989010989,224,1,0.004464285714285714,0.0038910505836575876,0.004158004158004158,1,0.03313253012048193,0.03313253012048193,0.03313253012048193,nan,nan
foldbench100__8ci9_A,1,949,True,315,315,8,0.025396825396825397,0.02373887240356083,0.024539877300613498,43,6,0.13953488372093023,0.15384615384615385,0.14634146341463414,74,1,0.013513513513513514,0.024390243902439025,0.017391304347826087,198,1,0.005050505050505051,0.0038910505836575876,0.004395604395604396,1,0.024539877300613498,0.024539877300613498,0.024539877300613498,nan,nan
foldbench100__8ci9_A,2,925,True,308,308,16,0.05194805194805195,0.04747774480712166,0.04961240310077519,49,5,0.10204081632653061,0.1282051282051282,0.11363636363636363,45,3,0.06666666666666667,0.07317073170731707,0.06976744186046512,214,8,0.037383177570093455,0.0311284046692607,0.03397027600849257,1,0.04961240310077519,0.04961240310077519,0.04961240310077519,nan,nan
foldbench100__8ci9_A,3,1102,True,367,367,8,0.021798365122615803,0.02373887240356083,0.022727272727272728,46,1,0.021739130434782608,0.02564102564102564,0.023529411764705882,55,2,0.03636363636363636,0.04878048780487805,0.041666666666666664,266,5,0.018796992481203006,0.019455252918287938,0.019120458891013385,1,0.022727272727272728,0.022727272727272728,0.022727272727272728,nan,nan
foldbench100__8cpk_A,0,1195,True,398,398,38,0.09547738693467336,0.10764872521246459,0.10119840213049268,50,4,0.08,0.16666666666666666,0.10810810810810811,163,16,0.09815950920245399,0.2191780821917808,0.13559322033898305,185,18,0.0972972972972973,0.0703125,0.0816326530612245,1,0.10119840213049268,0.10119840213049268,0.10119840213049268,nan,nan
foldbench100__8cpk_A,1,1138,True,379,379,49,0.12928759894459102,0.1388101983002833,0.133879781420765,26,4,0.15384615384615385,0.16666666666666666,0.16,102,11,0.10784313725490197,0.1506849315068493,0.12571428571428572,251,34,0.13545816733067728,0.1328125,0.1341222879684418,1,0.133879781420765,0.133879781420765,0.133879781420765,nan,nan
foldbench100__8cpk_A,2,1015,True,338,338,40,0.11834319526627218,0.11331444759206799,0.11577424023154848,77,4,0.05194805194805195,0.16666666666666666,0.07920792079207921,169,17,0.10059171597633136,0.2328767123287671,0.14049586776859505,92,19,0.20652173913043478,0.07421875,0.10919540229885057,1,0.11577424023154848,0.11577424023154848,0.11577424023154848,nan,nan
foldbench100__8cpk_A,3,1255,True,418,418,51,0.12200956937799043,0.14447592067988668,0.13229571984435795,37,6,0.16216216216216217,0.25,0.19672131147540983,245,24,0.09795918367346938,0.3287671232876712,0.15094339622641506,136,21,0.15441176470588236,0.08203125,0.10714285714285714,1,0.13229571984435795,0.13229571984435795,0.13229571984435795,nan,nan
foldbench100__8d2z_A,0,739,True,246,246,27,0.10975609756097561,0.08653846153846154,0.09677419354838708,56,6,0.10714285714285714,0.12244897959183673,0.11428571428571428,54,4,0.07407407407407407,0.07692307692307693,0.07547169811320754,136,17,0.125,0.08056872037914692,0.09798270893371758,1,0.09677419354838708,0.09677419354838708,0.09677419354838708,nan,nan
foldbench100__8d2z_A,1,1135,True,377,377,25,0.06631299734748011,0.08012820512820513,0.07256894049346879,63,12,0.19047619047619047,0.24489795918367346,0.2142857142857143,60,5,0.08333333333333333,0.09615384615384616,0.08928571428571427,254,8,0.031496062992125984,0.037914691943127965,0.034408602150537634,1,0.07256894049346879,0.07256894049346879,0.07256894049346879,nan,nan
foldbench100__8d2z_A,2,1045,True,348,348,23,0.06609195402298851,0.07371794871794872,0.06969696969696969,66,6,0.09090909090909091,0.12244897959183673,0.10434782608695652,64,3,0.046875,0.057692307692307696,0.05172413793103448,218,14,0.06422018348623854,0.06635071090047394,0.06526806526806526,1,0.06969696969696969,0.06969696969696969,0.06969696969696969,nan,nan
foldbench100__8d2z_A,3,1009,True,336,336,12,0.03571428571428571,0.038461538461538464,0.03703703703703704,36,5,0.1388888888888889,0.10204081632653061,0.11764705882352941,48,3,0.0625,0.057692307692307696,0.060000000000000005,252,4,0.015873015873015872,0.018957345971563982,0.01727861771058315,1,0.03703703703703704,0.03703703703703704,0.03703703703703704,nan,nan
foldbench100__8dez_A,0,391,True,130,130,15,0.11538461538461539,0.08241758241758242,0.09615384615384615,31,2,0.06451612903225806,0.1,0.0784313725490196,21,2,0.09523809523809523,0.09523809523809523,0.09523809523809523,78,11,0.14102564102564102,0.07801418439716312,0.1004566210045662,1,0.09615384615384615,0.09615384615384615,0.09615384615384615,nan,nan
foldbench100__8dez_A,1,457,True,152,152,12,0.07894736842105263,0.06593406593406594,0.0718562874251497,25,3,0.12,0.15,0.1333333333333333,33,5,0.15151515151515152,0.23809523809523808,0.18518518518518517,94,4,0.0425531914893617,0.028368794326241134,0.03404255319148936,1,0.0718562874251497,0.0718562874251497,0.0718562874251497,nan,nan
foldbench100__8dez_A,2,484,True,161,161,15,0.09316770186335403,0.08241758241758242,0.08746355685131195,35,4,0.11428571428571428,0.2,0.14545454545454545,42,3,0.07142857142857142,0.14285714285714285,0.09523809523809523,84,8,0.09523809523809523,0.05673758865248227,0.07111111111111111,1,0.08746355685131195,0.08746355685131195,0.08746355685131195,nan,nan
foldbench100__8dez_A,3,310,True,103,103,5,0.04854368932038835,0.027472527472527472,0.03508771929824561,19,2,0.10526315789473684,0.1,0.10256410256410256,26,2,0.07692307692307693,0.09523809523809523,0.0851063829787234,58,1,0.017241379310344827,0.0070921985815602835,0.010050251256281407,1,0.03508771929824561,0.03508771929824561,0.03508771929824561,nan,nan
foldbench100__8dhj_A,0,883,True,294,294,12,0.04081632653061224,0.0449438202247191,0.0427807486631016,52,5,0.09615384615384616,0.16129032258064516,0.12048192771084337,63,1,0.015873015873015872,0.027777777777777776,0.020202020202020204,179,6,0.0335195530726257,0.03,0.0316622691292876,1,0.0427807486631016,0.0427807486631016,0.0427807486631016,nan,nan
foldbench100__8dhj_A,1,877,True,291,291,10,0.03436426116838488,0.03745318352059925,0.03584229390681004,49,3,0.061224489795918366,0.0967741935483871,0.075,49,1,0.02040816326530612,0.027777777777777776,0.023529411764705882,193,6,0.031088082901554404,0.03,0.030534351145038167,1,0.03584229390681004,0.03584229390681004,0.03584229390681004,nan,nan
foldbench100__8dhj_A,2,607,True,202,202,7,0.034653465346534656,0.026217228464419477,0.029850746268656716,40,4,0.1,0.12903225806451613,0.11267605633802817,50,1,0.02,0.027777777777777776,0.023255813953488372,112,2,0.017857142857142856,0.01,0.01282051282051282,1,0.029850746268656716,0.029850746268656716,0.029850746268656716,nan,nan
foldbench100__8dhj_A,3,526,True,174,174,13,0.07471264367816093,0.04868913857677903,0.05895691609977325,39,5,0.1282051282051282,0.16129032258064516,0.14285714285714285,23,2,0.08695652173913043,0.05555555555555555,0.06779661016949153,112,6,0.05357142857142857,0.03,0.03846153846153846,1,0.05895691609977325,0.05895691609977325,0.05895691609977325,nan,nan
foldbench100__8dp9_A,0,379,True,126,126,11,0.0873015873015873,0.07534246575342465,0.08088235294117647,22,7,0.3181818181818182,0.3684210526315789,0.3414634146341463,44,1,0.022727272727272728,0.0625,0.03333333333333333,60,3,0.05,0.02702702702702703,0.03508771929824561,1,0.08088235294117647,0.08088235294117647,0.08088235294117647,nan,nan
foldbench100__8dp9_A,1,310,True,103,103,9,0.08737864077669903,0.06164383561643835,0.07228915662650603,17,4,0.23529411764705882,0.21052631578947367,0.2222222222222222,21,0,0.0,0.0,0.0,65,5,0.07692307692307693,0.04504504504504504,0.056818181818181816,1,0.07228915662650603,0.07228915662650603,0.07228915662650603,nan,nan
foldbench100__8dp9_A,2,394,True,131,131,5,0.03816793893129771,0.03424657534246575,0.036101083032490974,22,4,0.18181818181818182,0.21052631578947367,0.1951219512195122,31,0,0.0,0.0,0.0,78,1,0.01282051282051282,0.009009009009009009,0.010582010582010581,1,0.036101083032490974,0.036101083032490974,0.036101083032490974,nan,nan
foldbench100__8dp9_A,3,208,True,69,69,0,0.0,0.0,0.0,14,0,0.0,0.0,0.0,20,0,0.0,0.0,0.0,35,0,0.0,0.0,0.0,1,0.0,0.0,0.0,nan,nan
foldbench100__8dx0_A,0,421,True,140,140,21,0.15,0.15555555555555556,0.1527272727272727,18,5,0.2777777777777778,0.2631578947368421,0.27027027027027023,27,2,0.07407407407407407,0.08695652173913043,0.07999999999999999,95,14,0.14736842105263157,0.15053763440860216,0.14893617021276595,1,0.1527272727272727,0.1527272727272727,0.1527272727272727,nan,nan
foldbench100__8dx0_A,1,388,True,129,129,48,0.37209302325581395,0.35555555555555557,0.36363636363636365,20,10,0.5,0.5263157894736842,0.5128205128205129,26,5,0.19230769230769232,0.21739130434782608,0.20408163265306123,83,33,0.39759036144578314,0.3548387096774194,0.37500000000000006,1,0.36363636363636365,0.36363636363636365,0.36363636363636365,nan,nan
foldbench100__8dx0_A,2,439,True,146,146,69,0.4726027397260274,0.5111111111111111,0.49110320284697506,23,15,0.6521739130434783,0.7894736842105263,0.7142857142857143,21,11,0.5238095238095238,0.4782608695652174,0.5,102,43,0.4215686274509804,0.46236559139784944,0.441025641025641,1,0.49110320284697506,0.49110320284697506,0.49110320284697506,nan,nan
foldbench100__8dx0_A,3,451,True,150,150,49,0.32666666666666666,0.362962962962963,0.3438596491228071,27,7,0.25925925925925924,0.3684210526315789,0.30434782608695654,25,7,0.28,0.30434782608695654,0.2916666666666667,98,35,0.35714285714285715,0.3763440860215054,0.36649214659685864,1,0.3438596491228071,0.3438596491228071,0.3438596491228071,nan,nan
foldbench100__8e5h_A,0,1174,True,390,390,42,0.1076923076923077,0.12209302325581395,0.11444141689373297,51,9,0.17647058823529413,0.1956521739130435,0.18556701030927836,56,4,0.07142857142857142,0.07407407407407407,0.07272727272727272,283,29,0.10247349823321555,0.11885245901639344,0.11005692599620492,1,0.11444141689373297,0.11444141689373297,0.11444141689373297,nan,nan
foldbench100__8e5h_A,1,1186,True,393,393,59,0.15012722646310434,0.17151162790697674,0.16010854816824965,54,10,0.18518518518518517,0.21739130434782608,0.19999999999999998,44,3,0.06818181818181818,0.05555555555555555,0.061224489795918366,295,46,0.15593220338983052,0.1885245901639344,0.17068645640074212,1,0.16010854816824965,0.16010854816824965,0.16010854816824965,nan,nan
foldbench100__8e5h_A,2,1150,True,383,383,55,0.14360313315926893,0.15988372093023256,0.15130674002751032,39,8,0.20512820512820512,0.17391304347826086,0.18823529411764706,48,7,0.14583333333333334,0.12962962962962962,0.13725490196078433,296,40,0.13513513513513514,0.16393442622950818,0.14814814814814814,1,0.15130674002751032,0.15130674002751032,0.15130674002751032,nan,nan
foldbench100__8e5h_A,3,988,True,329,329,35,0.10638297872340426,0.10174418604651163,0.10401188707280833,65,8,0.12307692307692308,0.17391304347826086,0.14414414414414414,50,3,0.06,0.05555555555555555,0.05769230769230769,214,24,0.11214953271028037,0.09836065573770492,0.10480349344978165,1,0.10401188707280833,0.10401188707280833,0.10401188707280833,nan,nan
foldbench100__8ec3_A,0,358,True,119,119,13,0.1092436974789916,0.10317460317460317,0.10612244897959183,11,0,0.0,0.0,0.0,20,0,0.0,0.0,0.0,88,13,0.14772727272727273,0.11304347826086956,0.12807881773399016,1,0.10612244897959183,0.10612244897959183,0.10612244897959183,nan,nan
foldbench100__8ec3_A,1,376,True,125,125,0,0.0,0.0,0.0,16,0,0.0,0.0,0.0,10,0,0.0,0.0,0.0,99,0,0.0,0.0,0.0,1,0.0,0.0,0.0,nan,nan
foldbench100__8ec3_A,2,436,True,145,145,11,0.07586206896551724,0.0873015873015873,0.08118081180811808,18,1,0.05555555555555555,0.25,0.0909090909090909,28,0,0.0,0.0,0.0,99,10,0.10101010101010101,0.08695652173913043,0.09345794392523366,1,0.08118081180811808,0.08118081180811808,0.08118081180811808,nan,nan
foldbench100__8ec3_A,3,376,True,125,125,0,0.0,0.0,0.0,14,0,0.0,0.0,0.0,17,0,0.0,0.0,0.0,94,0,0.0,0.0,0.0,1,0.0,0.0,0.0,nan,nan
foldbench100__8gmy_A,0,703,True,234,234,17,0.07264957264957266,0.06692913385826772,0.06967213114754099,32,3,0.09375,0.09090909090909091,0.0923076923076923,35,8,0.22857142857142856,0.1509433962264151,0.1818181818181818,167,6,0.03592814371257485,0.03571428571428571,0.03582089552238806,1,0.06967213114754099,0.06967213114754099,0.06967213114754099,nan,nan
foldbench100__8gmy_A,1,658,True,219,219,22,0.1004566210045662,0.08661417322834646,0.09302325581395349,30,2,0.06666666666666667,0.06060606060606061,0.0634920634920635,41,15,0.36585365853658536,0.2830188679245283,0.3191489361702127,148,5,0.033783783783783786,0.02976190476190476,0.03164556962025317,1,0.09302325581395349,0.09302325581395349,0.09302325581395349,nan,nan
foldbench100__8gmy_A,2,685,True,228,228,34,0.14912280701754385,0.13385826771653545,0.14107883817427389,24,3,0.125,0.09090909090909091,0.10526315789473685,58,7,0.1206896551724138,0.1320754716981132,0.12612612612612611,146,24,0.1643835616438356,0.14285714285714285,0.15286624203821655,1,0.14107883817427389,0.14107883817427389,0.14107883817427389,nan,nan
foldbench100__8gmy_A,3,616,True,205,205,15,0.07317073170731707,0.05905511811023622,0.06535947712418301,24,4,0.16666666666666666,0.12121212121212122,0.14035087719298245,42,3,0.07142857142857142,0.05660377358490566,0.06315789473684211,139,8,0.05755395683453238,0.047619047619047616,0.05211726384364821,1,0.06535947712418301,0.06535947712418301,0.06535947712418301,nan,nan
foldbench100__8ycm_A,0,721,True,240,240,10,0.041666666666666664,0.05102040816326531,0.04587155963302752,33,4,0.12121212121212122,0.12121212121212122,0.12121212121212122,41,2,0.04878048780487805,0.05714285714285714,0.05263157894736842,166,4,0.024096385542168676,0.03125,0.0272108843537415,1,0.04587155963302752,0.04587155963302752,0.04587155963302752,nan,nan
foldbench100__8ycm_A,1,622,True,207,207,7,0.033816425120772944,0.03571428571428571,0.034739454094292806,38,4,0.10526315789473684,0.12121212121212122,0.11267605633802817,53,1,0.018867924528301886,0.02857142857142857,0.022727272727272724,116,2,0.017241379310344827,0.015625,0.01639344262295082,1,0.034739454094292806,0.034739454094292806,0.034739454094292806,nan,nan
foldbench100__8ycm_A,2,721,True,240,240,6,0.025,0.030612244897959183,0.027522935779816515,35,5,0.14285714285714285,0.15151515151515152,0.14705882352941174,38,1,0.02631578947368421,0.02857142857142857,0.027397260273972605,167,0,0.0,0.0,0.0,1,0.027522935779816515,0.027522935779816515,0.027522935779816515,nan,nan
foldbench100__8ycm_A,3,376,True,125,125,4,0.032,0.02040816326530612,0.024922118380062308,23,2,0.08695652173913043,0.06060606060606061,0.07142857142857144,24,2,0.08333333333333333,0.05714285714285714,0.06779661016949153,78,0,0.0,0.0,0.0,1,0.024922118380062308,0.024922118380062308,0.024922118380062308,nan,nan
