pdb_id,chain_id,mode,seed,sample_idx,ranking_score,n_residues,n_pairs_scored,mae_angstrom,drmsd_angstrom
5sbj,A,single_seq,5,0,0.16155476868152618,30,378,0.4802,0.9285
7pv5,A,single_seq,5,0,0.1689569354057312,81,2415,0.9548,0.8149
7qp5,A,single_seq,2,0,0.07433034479618073,245,28920,7.1696,10.3156
7qsj,A,single_seq,1,0,0.14266300201416016,373,56953,6.6885,6.7464
7t9r,A,single_seq,2,0,0.07432910799980164,38,703,3.5472,5.8346
7tlh,A,single_seq,1,0,0.07587123662233353,136,7503,5.1013,8.4663
7tjb,A,single_seq,3,0,0.15685006976127625,227,23871,5.8431,4.3769
7uba,A,single_seq,4,0,0.114385686814785,213,17391,6.3155,9.8251
7uk8,A,single_seq,3,0,0.07126449793577194,394,72771,9.9298,10.7466
7ur2,A,single_seq,3,0,0.10492666810750961,195,12561,4.9007,5.8804
5sbj,A,msa,3,0,0.16169531643390656,30,378,0.4787,0.9513
7pv5,A,msa,2,0,0.18629325926303864,81,2415,0.7891,0.9274
7qp5,A,msa,5,0,0.1907111555337906,245,28920,5.1179,1.2504
7qsj,A,msa,4,0,0.18979878723621368,373,56953,5.6993,0.2644
7t9r,A,msa,2,0,0.16377247869968414,38,703,0.7666,1.7257
7tlh,A,msa,1,0,0.17874370515346527,136,7503,2.2373,1.2582
7tjb,A,msa,2,0,0.1893940418958664,227,23871,4.8602,2.0817
7uba,A,msa,1,0,0.18466632068157196,213,17391,3.5773,0.4801
7uk8,A,msa,1,0,0.18955157697200775,394,72771,8.2508,1.9124
7ur2,A,msa,3,0,0.16474926471710205,195,12561,3.1942,4.2436
