entry_id,uniprot_accession,n_residues,n_valid_pairs,mae_ca_ca_angstrom
AF-A0A1C5BRX1-F1,A0A1C5BRX1,72,3886,2.8484554290771484
AF-A0A2P2Q6H4-F1,A0A2P2Q6H4,55,2286,3.7384214401245117
AF-E6UJZ8-F1,E6UJZ8,112,9758,4.350830554962158
AF-A0A1G4A0Q3-F1,A0A1G4A0Q3,114,7722,3.4340906143188477
AF-A0A6B0Z5B5-F1,A0A6B0Z5B5,112,10186,2.1999332904815674
AF-A0A7W4UDR7-F1,A0A7W4UDR7,131,15228,4.048852443695068
AF-C6S3E2-F1,C6S3E2,140,14486,4.80716609954834
AF-A0A1N7G8C0-F1,A0A1N7G8C0,60,1900,1.0348665714263916
AF-R7G5V6-F1,R7G5V6,132,8774,3.2053158283233643
AF-A0A1H0PBF4-F1,A0A1H0PBF4,94,6658,3.2340667247772217
