stem,n_residues,n_pairs,mode,elapsed_seconds,model_load_seconds,total_seconds,model_nickname,runner_tag,gpu_name,gpu_total_memory_gb,gpu_compute_capability,hostname,platform,torch_version,timestamp_utc,rank
AF-A0A2G5TXB3-F1,301,354,contacts_v1-teacher-forced-step-0,38.877861362998374,4.118179305020021,38.87939284401364,exp347-qwen35-0p8b-contacts_v1-1bt,iris,NVIDIA H100 80GB HBM3,85.019590656,9.0,g853b26,Linux-6.8.12-680-6063-coreweave-amd64-f81899c8-x86_64-with-glibc2.39,2.10.0+cu128,2026-10-02T18:17:02.798482+00:00,0
AF-A0A014MB47-F1,416,441,contacts_v1-teacher-forced-step-0,0.2334117120190058,4.118179305020021,0.2348109410086181,exp347-qwen35-0p8b-contacts_v1-1bt,iris,NVIDIA H100 80GB HBM3,85.019590656,9.0,g853b26,Linux-6.8.12-680-6063-coreweave-amd64-f81899c8-x86_64-with-glibc2.39,2.10.0+cu128,2026-10-02T18:17:03.033339+00:00,0
AF-A0A4Y1X169-F1,213,34,contacts_v1-teacher-forced-step-0,0.15837260699481703,4.118179305020021,0.15884830002323724,exp347-qwen35-0p8b-contacts_v1-1bt,iris,NVIDIA H100 80GB HBM3,85.019590656,9.0,g853b26,Linux-6.8.12-680-6063-coreweave-amd64-f81899c8-x86_64-with-glibc2.39,2.10.0+cu128,2026-10-02T18:17:03.192222+00:00,0
AF-A0A2B7Y3R9-F1,225,191,contacts_v1-teacher-forced-step-0,0.19751765500404872,4.118179305020021,0.19831251198775135,exp347-qwen35-0p8b-contacts_v1-1bt,iris,NVIDIA H100 80GB HBM3,85.019590656,9.0,g853b26,Linux-6.8.12-680-6063-coreweave-amd64-f81899c8-x86_64-with-glibc2.39,2.10.0+cu128,2026-10-02T18:17:03.390569+00:00,0
AF-A0A139L7P1-F1,54,45,contacts_v1-teacher-forced-step-0,0.16979343100683764,4.118179305020021,0.17007296500378288,exp347-qwen35-0p8b-contacts_v1-1bt,iris,NVIDIA H100 80GB HBM3,85.019590656,9.0,g853b26,Linux-6.8.12-680-6063-coreweave-amd64-f81899c8-x86_64-with-glibc2.39,2.10.0+cu128,2026-10-02T18:17:03.560674+00:00,0
AF-E3R5I9-F1,82,46,contacts_v1-teacher-forced-step-0,0.1633287919976283,4.118179305020021,0.16363929898943752,exp347-qwen35-0p8b-contacts_v1-1bt,iris,NVIDIA H100 80GB HBM3,85.019590656,9.0,g853b26,Linux-6.8.12-680-6063-coreweave-amd64-f81899c8-x86_64-with-glibc2.39,2.10.0+cu128,2026-10-02T18:17:03.724348+00:00,0
AF-A0A1G9FQD9-F1,222,220,contacts_v1-teacher-forced-step-0,0.19122631501522847,4.118179305020021,0.19197295198682696,exp347-qwen35-0p8b-contacts_v1-1bt,iris,NVIDIA H100 80GB HBM3,85.019590656,9.0,g853b26,Linux-6.8.12-680-6063-coreweave-amd64-f81899c8-x86_64-with-glibc2.39,2.10.0+cu128,2026-10-02T18:17:03.916360+00:00,0
AF-E4X797-F1,210,138,contacts_v1-teacher-forced-step-0,0.12824180800816976,4.118179305020021,0.12884829498943873,exp347-qwen35-0p8b-contacts_v1-1bt,iris,NVIDIA H100 80GB HBM3,85.019590656,9.0,g853b26,Linux-6.8.12-680-6063-coreweave-amd64-f81899c8-x86_64-with-glibc2.39,2.10.0+cu128,2026-10-02T18:17:04.045244+00:00,0
AF-F7YR68-F1,138,140,contacts_v1-teacher-forced-step-0,40.281751461996464,4.062987698009238,40.28273312500096,exp347-qwen35-0p8b-contacts_v1-1bt,iris,NVIDIA H100 80GB HBM3,85.019590656,9.0,g853b26,Linux-6.8.12-680-6063-coreweave-amd64-f81899c8-x86_64-with-glibc2.39,2.10.0+cu128,2026-10-02T18:17:02.786308+00:00,1
AF-A0A517MCM5-F1,313,98,contacts_v1-teacher-forced-step-0,0.19830886099953204,4.062987698009238,0.19907041901024058,exp347-qwen35-0p8b-contacts_v1-1bt,iris,NVIDIA H100 80GB HBM3,85.019590656,9.0,g853b26,Linux-6.8.12-680-6063-coreweave-amd64-f81899c8-x86_64-with-glibc2.39,2.10.0+cu128,2026-10-02T18:17:02.985407+00:00,1
AF-A0A022RVM1-F1,69,20,contacts_v1-teacher-forced-step-0,0.2957017559965607,4.062987698009238,0.2959762319806032,exp347-qwen35-0p8b-contacts_v1-1bt,iris,NVIDIA H100 80GB HBM3,85.019590656,9.0,g853b26,Linux-6.8.12-680-6063-coreweave-amd64-f81899c8-x86_64-with-glibc2.39,2.10.0+cu128,2026-10-02T18:17:03.281413+00:00,1
AF-A0A560HBG7-F1,159,117,contacts_v1-teacher-forced-step-0,0.13189741401583888,4.062987698009238,0.1324531139980536,exp347-qwen35-0p8b-contacts_v1-1bt,iris,NVIDIA H100 80GB HBM3,85.019590656,9.0,g853b26,Linux-6.8.12-680-6063-coreweave-amd64-f81899c8-x86_64-with-glibc2.39,2.10.0+cu128,2026-10-02T18:17:03.413890+00:00,1
AF-A0A2V4YI01-F1,285,218,contacts_v1-teacher-forced-step-0,0.194047758996021,4.062987698009238,0.19485842599533498,exp347-qwen35-0p8b-contacts_v1-1bt,iris,NVIDIA H100 80GB HBM3,85.019590656,9.0,g853b26,Linux-6.8.12-680-6063-coreweave-amd64-f81899c8-x86_64-with-glibc2.39,2.10.0+cu128,2026-10-02T18:17:03.608771+00:00,1
AF-A0A644W2M4-F1,62,53,contacts_v1-teacher-forced-step-0,0.20128033799119294,4.062987698009238,0.20156980300089344,exp347-qwen35-0p8b-contacts_v1-1bt,iris,NVIDIA H100 80GB HBM3,85.019590656,9.0,g853b26,Linux-6.8.12-680-6063-coreweave-amd64-f81899c8-x86_64-with-glibc2.39,2.10.0+cu128,2026-10-02T18:17:03.810362+00:00,1
AF-A0A3C0I535-F1,137,100,contacts_v1-teacher-forced-step-0,0.18933336401823908,4.062987698009238,0.18981881000217982,exp347-qwen35-0p8b-contacts_v1-1bt,iris,NVIDIA H100 80GB HBM3,85.019590656,9.0,g853b26,Linux-6.8.12-680-6063-coreweave-amd64-f81899c8-x86_64-with-glibc2.39,2.10.0+cu128,2026-10-02T18:17:04.000206+00:00,1
AF-A0A099T554-F1,93,89,contacts_v1-teacher-forced-step-0,0.1734599790070206,4.062987698009238,0.17386785702547058,exp347-qwen35-0p8b-contacts_v1-1bt,iris,NVIDIA H100 80GB HBM3,85.019590656,9.0,g853b26,Linux-6.8.12-680-6063-coreweave-amd64-f81899c8-x86_64-with-glibc2.39,2.10.0+cu128,2026-10-02T18:17:04.174099+00:00,1
AF-A0A329P9E8-F1,336,279,contacts_v1-teacher-forced-step-0,40.297611891001,4.138275391975185,40.298799775977386,exp347-qwen35-0p8b-contacts_v1-1bt,iris,NVIDIA H100 80GB HBM3,85.019590656,9.0,g853b26,Linux-6.8.12-680-6063-coreweave-amd64-f81899c8-x86_64-with-glibc2.39,2.10.0+cu128,2026-10-02T18:17:02.740014+00:00,2
AF-A0A6L7KYZ3-F1,187,80,contacts_v1-teacher-forced-step-0,0.17905537798651494,4.138275391975185,0.17965762497624382,exp347-qwen35-0p8b-contacts_v1-1bt,iris,NVIDIA H100 80GB HBM3,85.019590656,9.0,g853b26,Linux-6.8.12-680-6063-coreweave-amd64-f81899c8-x86_64-with-glibc2.39,2.10.0+cu128,2026-10-02T18:17:02.919710+00:00,2
AF-A0A7C7ZI64-F1,61,32,contacts_v1-teacher-forced-step-0,0.22519852098776028,4.138275391975185,0.22548314899904653,exp347-qwen35-0p8b-contacts_v1-1bt,iris,NVIDIA H100 80GB HBM3,85.019590656,9.0,g853b26,Linux-6.8.12-680-6063-coreweave-amd64-f81899c8-x86_64-with-glibc2.39,2.10.0+cu128,2026-10-02T18:17:03.145231+00:00,2
AF-A0A2I1KQH6-F1,189,101,contacts_v1-teacher-forced-step-0,0.19778390901046805,4.138275391975185,0.19834587699733675,exp347-qwen35-0p8b-contacts_v1-1bt,iris,NVIDIA H100 80GB HBM3,85.019590656,9.0,g853b26,Linux-6.8.12-680-6063-coreweave-amd64-f81899c8-x86_64-with-glibc2.39,2.10.0+cu128,2026-10-02T18:17:03.343609+00:00,2
AF-A0A1F3B4X3-F1,73,22,contacts_v1-teacher-forced-step-0,0.18224437901517376,4.138275391975185,0.1825043779972475,exp347-qwen35-0p8b-contacts_v1-1bt,iris,NVIDIA H100 80GB HBM3,85.019590656,9.0,g853b26,Linux-6.8.12-680-6063-coreweave-amd64-f81899c8-x86_64-with-glibc2.39,2.10.0+cu128,2026-10-02T18:17:03.526144+00:00,2
AF-A0A250XX09-F1,250,178,contacts_v1-teacher-forced-step-0,0.16500674199778587,4.138275391975185,0.16571546500199474,exp347-qwen35-0p8b-contacts_v1-1bt,iris,NVIDIA H100 80GB HBM3,85.019590656,9.0,g853b26,Linux-6.8.12-680-6063-coreweave-amd64-f81899c8-x86_64-with-glibc2.39,2.10.0+cu128,2026-10-02T18:17:03.691893+00:00,2
AF-T0ZQV0-F1,93,60,contacts_v1-teacher-forced-step-0,0.22125207202043384,4.138275391975185,0.2215998040046543,exp347-qwen35-0p8b-contacts_v1-1bt,iris,NVIDIA H100 80GB HBM3,85.019590656,9.0,g853b26,Linux-6.8.12-680-6063-coreweave-amd64-f81899c8-x86_64-with-glibc2.39,2.10.0+cu128,2026-10-02T18:17:03.913528+00:00,2
AF-T2IKF7-F1,45,2,contacts_v1-teacher-forced-step-0,0.07091768400277942,4.138275391975185,0.07109262997983024,exp347-qwen35-0p8b-contacts_v1-1bt,iris,NVIDIA H100 80GB HBM3,85.019590656,9.0,g853b26,Linux-6.8.12-680-6063-coreweave-amd64-f81899c8-x86_64-with-glibc2.39,2.10.0+cu128,2026-10-02T18:17:03.984650+00:00,2
AF-A0A1Q9JWD9-F1,228,21,contacts_v1-teacher-forced-step-0,40.414852932008216,4.131053668999812,40.41572586700204,exp347-qwen35-0p8b-contacts_v1-1bt,iris,NVIDIA H100 80GB HBM3,85.019590656,9.0,g853b26,Linux-6.8.12-680-6063-coreweave-amd64-f81899c8-x86_64-with-glibc2.39,2.10.0+cu128,2026-10-02T18:17:02.854183+00:00,3
AF-A0A353A268-F1,178,94,contacts_v1-teacher-forced-step-0,0.16120816499460489,4.131053668999812,0.16173909400822595,exp347-qwen35-0p8b-contacts_v1-1bt,iris,NVIDIA H100 80GB HBM3,85.019590656,9.0,g853b26,Linux-6.8.12-680-6063-coreweave-amd64-f81899c8-x86_64-with-glibc2.39,2.10.0+cu128,2026-10-02T18:17:03.015957+00:00,3
AF-A0A3C1A686-F1,144,73,contacts_v1-teacher-forced-step-0,0.13884865900035948,4.131053668999812,0.13928441697498783,exp347-qwen35-0p8b-contacts_v1-1bt,iris,NVIDIA H100 80GB HBM3,85.019590656,9.0,g853b26,Linux-6.8.12-680-6063-coreweave-amd64-f81899c8-x86_64-with-glibc2.39,2.10.0+cu128,2026-10-02T18:17:03.155272+00:00,3
AF-A0A7C6AI96-F1,103,92,contacts_v1-teacher-forced-step-0,0.17892052099341527,4.131053668999812,0.17935985201620497,exp347-qwen35-0p8b-contacts_v1-1bt,iris,NVIDIA H100 80GB HBM3,85.019590656,9.0,g853b26,Linux-6.8.12-680-6063-coreweave-amd64-f81899c8-x86_64-with-glibc2.39,2.10.0+cu128,2026-10-02T18:17:03.334663+00:00,3
AF-R7IWV1-F1,257,188,contacts_v1-teacher-forced-step-0,0.17327309801476076,4.131053668999812,0.17400284198811278,exp347-qwen35-0p8b-contacts_v1-1bt,iris,NVIDIA H100 80GB HBM3,85.019590656,9.0,g853b26,Linux-6.8.12-680-6063-coreweave-amd64-f81899c8-x86_64-with-glibc2.39,2.10.0+cu128,2026-10-02T18:17:03.508693+00:00,3
AF-A0A353CVU6-F1,114,48,contacts_v1-teacher-forced-step-0,0.18565346699324436,4.131053668999812,0.18600450400845148,exp347-qwen35-0p8b-contacts_v1-1bt,iris,NVIDIA H100 80GB HBM3,85.019590656,9.0,g853b26,Linux-6.8.12-680-6063-coreweave-amd64-f81899c8-x86_64-with-glibc2.39,2.10.0+cu128,2026-10-02T18:17:03.694721+00:00,3
AF-D6TBB2-F1,176,84,contacts_v1-teacher-forced-step-0,0.1498444409808144,4.131053668999812,0.15029443899402395,exp347-qwen35-0p8b-contacts_v1-1bt,iris,NVIDIA H100 80GB HBM3,85.019590656,9.0,g853b26,Linux-6.8.12-680-6063-coreweave-amd64-f81899c8-x86_64-with-glibc2.39,2.10.0+cu128,2026-10-02T18:17:03.845040+00:00,3
AF-E1W5V4-F1,74,59,contacts_v1-teacher-forced-step-0,0.12844055402092636,4.131053668999812,0.12876755199977197,exp347-qwen35-0p8b-contacts_v1-1bt,iris,NVIDIA H100 80GB HBM3,85.019590656,9.0,g853b26,Linux-6.8.12-680-6063-coreweave-amd64-f81899c8-x86_64-with-glibc2.39,2.10.0+cu128,2026-10-02T18:17:03.973830+00:00,3
AF-A0A7K0K2J9-F1,430,284,contacts_v1-teacher-forced-step-0,40.30591237702174,4.1354490680096205,40.3073304000136,exp347-qwen35-0p8b-contacts_v1-1bt,iris,NVIDIA H100 80GB HBM3,85.019590656,9.0,g853b26,Linux-6.8.12-680-6063-coreweave-amd64-f81899c8-x86_64-with-glibc2.39,2.10.0+cu128,2026-10-02T18:17:02.772326+00:00,4
AF-A0A7V8YIG4-F1,198,130,contacts_v1-teacher-forced-step-0,0.13162175999605097,4.1354490680096205,0.13225743200746365,exp347-qwen35-0p8b-contacts_v1-1bt,iris,NVIDIA H100 80GB HBM3,85.019590656,9.0,g853b26,Linux-6.8.12-680-6063-coreweave-amd64-f81899c8-x86_64-with-glibc2.39,2.10.0+cu128,2026-10-02T18:17:02.904614+00:00,4
AF-A0A2Y9AAL4-F1,108,38,contacts_v1-teacher-forced-step-0,0.15756368800066411,4.1354490680096205,0.15788263798458502,exp347-qwen35-0p8b-contacts_v1-1bt,iris,NVIDIA H100 80GB HBM3,85.019590656,9.0,g853b26,Linux-6.8.12-680-6063-coreweave-amd64-f81899c8-x86_64-with-glibc2.39,2.10.0+cu128,2026-10-02T18:17:03.062520+00:00,4
AF-A0A258EL83-F1,151,83,contacts_v1-teacher-forced-step-0,0.15199944999767467,4.1354490680096205,0.1524450569995679,exp347-qwen35-0p8b-contacts_v1-1bt,iris,NVIDIA H100 80GB HBM3,85.019590656,9.0,g853b26,Linux-6.8.12-680-6063-coreweave-amd64-f81899c8-x86_64-with-glibc2.39,2.10.0+cu128,2026-10-02T18:17:03.214992+00:00,4
AF-A0A6S6V153-F1,345,391,contacts_v1-teacher-forced-step-0,0.19434433997957967,4.1354490680096205,0.1955098009784706,exp347-qwen35-0p8b-contacts_v1-1bt,iris,NVIDIA H100 80GB HBM3,85.019590656,9.0,g853b26,Linux-6.8.12-680-6063-coreweave-amd64-f81899c8-x86_64-with-glibc2.39,2.10.0+cu128,2026-10-02T18:17:03.410525+00:00,4
AF-A0A507FLD2-F1,245,186,contacts_v1-teacher-forced-step-0,0.18212386398226954,4.1354490680096205,0.18288226900040172,exp347-qwen35-0p8b-contacts_v1-1bt,iris,NVIDIA H100 80GB HBM3,85.019590656,9.0,g853b26,Linux-6.8.12-680-6063-coreweave-amd64-f81899c8-x86_64-with-glibc2.39,2.10.0+cu128,2026-10-02T18:17:03.593430+00:00,4
AF-A0A7Z9H0Q6-F1,254,203,contacts_v1-teacher-forced-step-0,0.17471402898081578,4.1354490680096205,0.1754381830105558,exp347-qwen35-0p8b-contacts_v1-1bt,iris,NVIDIA H100 80GB HBM3,85.019590656,9.0,g853b26,Linux-6.8.12-680-6063-coreweave-amd64-f81899c8-x86_64-with-glibc2.39,2.10.0+cu128,2026-10-02T18:17:03.768890+00:00,4
AF-A0A7J9QUE1-F1,376,358,contacts_v1-teacher-forced-step-0,0.18152286199619994,4.1354490680096205,0.18265184300253168,exp347-qwen35-0p8b-contacts_v1-1bt,iris,NVIDIA H100 80GB HBM3,85.019590656,9.0,g853b26,Linux-6.8.12-680-6063-coreweave-amd64-f81899c8-x86_64-with-glibc2.39,2.10.0+cu128,2026-10-02T18:17:03.951563+00:00,4
AF-A0A0D7KG49-F1,444,362,contacts_v1-teacher-forced-step-0,40.24919415797922,4.168987518001813,40.25076643200009,exp347-qwen35-0p8b-contacts_v1-1bt,iris,NVIDIA H100 80GB HBM3,85.019590656,9.0,g853b26,Linux-6.8.12-680-6063-coreweave-amd64-f81899c8-x86_64-with-glibc2.39,2.10.0+cu128,2026-10-02T18:17:02.784820+00:00,5
AF-A0A453T4R8-F1,491,563,contacts_v1-teacher-forced-step-0,9.410381702007726,4.168987518001813,9.412040777009679,exp347-qwen35-0p8b-contacts_v1-1bt,iris,NVIDIA H100 80GB HBM3,85.019590656,9.0,g853b26,Linux-6.8.12-680-6063-coreweave-amd64-f81899c8-x86_64-with-glibc2.39,2.10.0+cu128,2026-10-02T18:17:12.196904+00:00,5
AF-A0A349VRT4-F1,115,88,contacts_v1-teacher-forced-step-0,0.1826115490111988,4.168987518001813,0.18308591298409738,exp347-qwen35-0p8b-contacts_v1-1bt,iris,NVIDIA H100 80GB HBM3,85.019590656,9.0,g853b26,Linux-6.8.12-680-6063-coreweave-amd64-f81899c8-x86_64-with-glibc2.39,2.10.0+cu128,2026-10-02T18:17:12.380023+00:00,5
AF-A0A327S2E5-F1,497,390,contacts_v1-teacher-forced-step-0,0.19797274301527068,4.168987518001813,0.1993235030095093,exp347-qwen35-0p8b-contacts_v1-1bt,iris,NVIDIA H100 80GB HBM3,85.019590656,9.0,g853b26,Linux-6.8.12-680-6063-coreweave-amd64-f81899c8-x86_64-with-glibc2.39,2.10.0+cu128,2026-10-02T18:17:12.579380+00:00,5
AF-A0A249PTA9-F1,290,273,contacts_v1-teacher-forced-step-0,0.16060977999586612,4.168987518001813,0.16160551799112,exp347-qwen35-0p8b-contacts_v1-1bt,iris,NVIDIA H100 80GB HBM3,85.019590656,9.0,g853b26,Linux-6.8.12-680-6063-coreweave-amd64-f81899c8-x86_64-with-glibc2.39,2.10.0+cu128,2026-10-02T18:17:12.741013+00:00,5
AF-A0A448MIS6-F1,214,157,contacts_v1-teacher-forced-step-0,0.14450180300627835,4.168987518001813,0.14511828601825982,exp347-qwen35-0p8b-contacts_v1-1bt,iris,NVIDIA H100 80GB HBM3,85.019590656,9.0,g853b26,Linux-6.8.12-680-6063-coreweave-amd64-f81899c8-x86_64-with-glibc2.39,2.10.0+cu128,2026-10-02T18:17:12.886153+00:00,5
AF-A0A381FIK0-F1,309,262,contacts_v1-teacher-forced-step-0,0.13646403898019344,4.168987518001813,0.13736340799368918,exp347-qwen35-0p8b-contacts_v1-1bt,iris,NVIDIA H100 80GB HBM3,85.019590656,9.0,g853b26,Linux-6.8.12-680-6063-coreweave-amd64-f81899c8-x86_64-with-glibc2.39,2.10.0+cu128,2026-10-02T18:17:13.023539+00:00,5
AF-A0A381S3C4-F1,237,152,contacts_v1-teacher-forced-step-0,0.1329040839918889,4.168987518001813,0.1335186639917083,exp347-qwen35-0p8b-contacts_v1-1bt,iris,NVIDIA H100 80GB HBM3,85.019590656,9.0,g853b26,Linux-6.8.12-680-6063-coreweave-amd64-f81899c8-x86_64-with-glibc2.39,2.10.0+cu128,2026-10-02T18:17:13.157079+00:00,5
AF-A0A2K2UBD9-F1,214,135,contacts_v1-teacher-forced-step-0,40.257223464985145,4.064297282980988,40.258109368995065,exp347-qwen35-0p8b-contacts_v1-1bt,iris,NVIDIA H100 80GB HBM3,85.019590656,9.0,g853b26,Linux-6.8.12-680-6063-coreweave-amd64-f81899c8-x86_64-with-glibc2.39,2.10.0+cu128,2026-10-02T18:17:02.697378+00:00,6
AF-A0A1Q3J7A2-F1,253,172,contacts_v1-teacher-forced-step-0,0.304647870012559,4.064297282980988,0.3054766269924585,exp347-qwen35-0p8b-contacts_v1-1bt,iris,NVIDIA H100 80GB HBM3,85.019590656,9.0,g853b26,Linux-6.8.12-680-6063-coreweave-amd64-f81899c8-x86_64-with-glibc2.39,2.10.0+cu128,2026-10-02T18:17:03.002896+00:00,6
AF-A0A0D2V2H5-F1,211,207,contacts_v1-teacher-forced-step-0,0.18306927499361336,4.064297282980988,0.18379802198614925,exp347-qwen35-0p8b-contacts_v1-1bt,iris,NVIDIA H100 80GB HBM3,85.019590656,9.0,g853b26,Linux-6.8.12-680-6063-coreweave-amd64-f81899c8-x86_64-with-glibc2.39,2.10.0+cu128,2026-10-02T18:17:03.186727+00:00,6
AF-A0A510Y3K9-F1,99,75,contacts_v1-teacher-forced-step-0,0.14292784500867128,4.064297282980988,0.14328464900609106,exp347-qwen35-0p8b-contacts_v1-1bt,iris,NVIDIA H100 80GB HBM3,85.019590656,9.0,g853b26,Linux-6.8.12-680-6063-coreweave-amd64-f81899c8-x86_64-with-glibc2.39,2.10.0+cu128,2026-10-02T18:17:03.330041+00:00,6
AF-A0A258JYT4-F1,102,61,contacts_v1-teacher-forced-step-0,0.20426145702367648,4.064297282980988,0.2046075539838057,exp347-qwen35-0p8b-contacts_v1-1bt,iris,NVIDIA H100 80GB HBM3,85.019590656,9.0,g853b26,Linux-6.8.12-680-6063-coreweave-amd64-f81899c8-x86_64-with-glibc2.39,2.10.0+cu128,2026-10-02T18:17:03.534682+00:00,6
AF-A0A2G3DY30-F1,498,659,contacts_v1-teacher-forced-step-0,8.681511069997214,4.064297282980988,8.683323934994405,exp347-qwen35-0p8b-contacts_v1-1bt,iris,NVIDIA H100 80GB HBM3,85.019590656,9.0,g853b26,Linux-6.8.12-680-6063-coreweave-amd64-f81899c8-x86_64-with-glibc2.39,2.10.0+cu128,2026-10-02T18:17:12.218042+00:00,6
AF-F6GK51-F1,76,12,contacts_v1-teacher-forced-step-0,0.4045337639981881,4.064297282980988,0.4047618890181184,exp347-qwen35-0p8b-contacts_v1-1bt,iris,NVIDIA H100 80GB HBM3,85.019590656,9.0,g853b26,Linux-6.8.12-680-6063-coreweave-amd64-f81899c8-x86_64-with-glibc2.39,2.10.0+cu128,2026-10-02T18:17:12.622830+00:00,6
AF-A0A7U6HCV9-F1,115,48,contacts_v1-teacher-forced-step-0,0.16972002398688346,4.064297282980988,0.17003792600007728,exp347-qwen35-0p8b-contacts_v1-1bt,iris,NVIDIA H100 80GB HBM3,85.019590656,9.0,g853b26,Linux-6.8.12-680-6063-coreweave-amd64-f81899c8-x86_64-with-glibc2.39,2.10.0+cu128,2026-10-02T18:17:12.792892+00:00,6
AF-W6W933-F1,136,107,contacts_v1-teacher-forced-step-0,40.33975318199373,4.120555201021489,40.340651851001894,exp347-qwen35-0p8b-contacts_v1-1bt,iris,NVIDIA H100 80GB HBM3,85.019590656,9.0,g853b26,Linux-6.8.12-680-6063-coreweave-amd64-f81899c8-x86_64-with-glibc2.39,2.10.0+cu128,2026-10-02T18:17:02.780254+00:00,7
AF-A0A6P6VK21-F1,299,207,contacts_v1-teacher-forced-step-0,0.19342503501684405,4.120555201021489,0.19432345201494172,exp347-qwen35-0p8b-contacts_v1-1bt,iris,NVIDIA H100 80GB HBM3,85.019590656,9.0,g853b26,Linux-6.8.12-680-6063-coreweave-amd64-f81899c8-x86_64-with-glibc2.39,2.10.0+cu128,2026-10-02T18:17:02.974605+00:00,7
AF-A0A4S3M068-F1,256,99,contacts_v1-teacher-forced-step-0,0.18975121501716785,4.120555201021489,0.19037329699494876,exp347-qwen35-0p8b-contacts_v1-1bt,iris,NVIDIA H100 80GB HBM3,85.019590656,9.0,g853b26,Linux-6.8.12-680-6063-coreweave-amd64-f81899c8-x86_64-with-glibc2.39,2.10.0+cu128,2026-10-02T18:17:03.165008+00:00,7
AF-A0A841DCA6-F1,312,181,contacts_v1-teacher-forced-step-0,0.1703535050037317,4.120555201021489,0.171122462983476,exp347-qwen35-0p8b-contacts_v1-1bt,iris,NVIDIA H100 80GB HBM3,85.019590656,9.0,g853b26,Linux-6.8.12-680-6063-coreweave-amd64-f81899c8-x86_64-with-glibc2.39,2.10.0+cu128,2026-10-02T18:17:03.336160+00:00,7
AF-K2EZX8-F1,62,50,contacts_v1-teacher-forced-step-0,0.1979793719947338,4.120555201021489,0.19826515100430697,exp347-qwen35-0p8b-contacts_v1-1bt,iris,NVIDIA H100 80GB HBM3,85.019590656,9.0,g853b26,Linux-6.8.12-680-6063-coreweave-amd64-f81899c8-x86_64-with-glibc2.39,2.10.0+cu128,2026-10-02T18:17:03.534448+00:00,7
AF-A0A7X1U092-F1,131,39,contacts_v1-teacher-forced-step-0,0.1423219389980659,4.120555201021489,0.14265531999990344,exp347-qwen35-0p8b-contacts_v1-1bt,iris,NVIDIA H100 80GB HBM3,85.019590656,9.0,g853b26,Linux-6.8.12-680-6063-coreweave-amd64-f81899c8-x86_64-with-glibc2.39,2.10.0+cu128,2026-10-02T18:17:03.677124+00:00,7
AF-A0A485BEV2-F1,197,105,contacts_v1-teacher-forced-step-0,0.22416833200259134,4.120555201021489,0.22473775999969803,exp347-qwen35-0p8b-contacts_v1-1bt,iris,NVIDIA H100 80GB HBM3,85.019590656,9.0,g853b26,Linux-6.8.12-680-6063-coreweave-amd64-f81899c8-x86_64-with-glibc2.39,2.10.0+cu128,2026-10-02T18:17:03.901891+00:00,7
AF-A0A7X7PAJ5-F1,107,106,contacts_v1-teacher-forced-step-0,0.1835779790126253,4.120555201021489,0.1840084459981881,exp347-qwen35-0p8b-contacts_v1-1bt,iris,NVIDIA H100 80GB HBM3,85.019590656,9.0,g853b26,Linux-6.8.12-680-6063-coreweave-amd64-f81899c8-x86_64-with-glibc2.39,2.10.0+cu128,2026-10-02T18:17:04.085927+00:00,7
AF-A0A2G5TXB3-F1,301,354,contacts_v1-teacher-forced-step-250,0.17266601498704404,4.118179305020021,0.17384263302665204,exp347-qwen35-0p8b-contacts_v1-1bt,iris,NVIDIA H100 80GB HBM3,85.019590656,9.0,g853b26,Linux-6.8.12-680-6063-coreweave-amd64-f81899c8-x86_64-with-glibc2.39,2.10.0+cu128,2026-10-02T18:32:05.347464+00:00,0
AF-A0A014MB47-F1,416,441,contacts_v1-teacher-forced-step-250,0.22259648397448473,4.118179305020021,0.22419233500841074,exp347-qwen35-0p8b-contacts_v1-1bt,iris,NVIDIA H100 80GB HBM3,85.019590656,9.0,g853b26,Linux-6.8.12-680-6063-coreweave-amd64-f81899c8-x86_64-with-glibc2.39,2.10.0+cu128,2026-10-02T18:32:05.571681+00:00,0
AF-A0A4Y1X169-F1,213,34,contacts_v1-teacher-forced-step-250,0.1326967799977865,4.118179305020021,0.13312518000020646,exp347-qwen35-0p8b-contacts_v1-1bt,iris,NVIDIA H100 80GB HBM3,85.019590656,9.0,g853b26,Linux-6.8.12-680-6063-coreweave-amd64-f81899c8-x86_64-with-glibc2.39,2.10.0+cu128,2026-10-02T18:32:05.704827+00:00,0
AF-A0A2B7Y3R9-F1,225,191,contacts_v1-teacher-forced-step-250,0.1821713940007612,4.118179305020021,0.1829005540057551,exp347-qwen35-0p8b-contacts_v1-1bt,iris,NVIDIA H100 80GB HBM3,85.019590656,9.0,g853b26,Linux-6.8.12-680-6063-coreweave-amd64-f81899c8-x86_64-with-glibc2.39,2.10.0+cu128,2026-10-02T18:32:05.887747+00:00,0
AF-A0A139L7P1-F1,54,45,contacts_v1-teacher-forced-step-250,0.14964685699669644,4.118179305020021,0.14994530400144868,exp347-qwen35-0p8b-contacts_v1-1bt,iris,NVIDIA H100 80GB HBM3,85.019590656,9.0,g853b26,Linux-6.8.12-680-6063-coreweave-amd64-f81899c8-x86_64-with-glibc2.39,2.10.0+cu128,2026-10-02T18:32:06.037725+00:00,0
AF-E3R5I9-F1,82,46,contacts_v1-teacher-forced-step-250,0.15346570499241352,4.118179305020021,0.15380972300772555,exp347-qwen35-0p8b-contacts_v1-1bt,iris,NVIDIA H100 80GB HBM3,85.019590656,9.0,g853b26,Linux-6.8.12-680-6063-coreweave-amd64-f81899c8-x86_64-with-glibc2.39,2.10.0+cu128,2026-10-02T18:32:06.191571+00:00,0
AF-A0A1G9FQD9-F1,222,220,contacts_v1-teacher-forced-step-250,0.18279596799402498,4.118179305020021,0.18352618397329934,exp347-qwen35-0p8b-contacts_v1-1bt,iris,NVIDIA H100 80GB HBM3,85.019590656,9.0,g853b26,Linux-6.8.12-680-6063-coreweave-amd64-f81899c8-x86_64-with-glibc2.39,2.10.0+cu128,2026-10-02T18:32:06.375126+00:00,0
AF-E4X797-F1,210,138,contacts_v1-teacher-forced-step-250,0.12162367199198343,4.118179305020021,0.12218015099642798,exp347-qwen35-0p8b-contacts_v1-1bt,iris,NVIDIA H100 80GB HBM3,85.019590656,9.0,g853b26,Linux-6.8.12-680-6063-coreweave-amd64-f81899c8-x86_64-with-glibc2.39,2.10.0+cu128,2026-10-02T18:32:06.497331+00:00,0
AF-F7YR68-F1,138,140,contacts_v1-teacher-forced-step-250,0.1379389240173623,4.062987698009238,0.13861656800145283,exp347-qwen35-0p8b-contacts_v1-1bt,iris,NVIDIA H100 80GB HBM3,85.019590656,9.0,g853b26,Linux-6.8.12-680-6063-coreweave-amd64-f81899c8-x86_64-with-glibc2.39,2.10.0+cu128,2026-10-02T18:32:05.312256+00:00,1
AF-A0A517MCM5-F1,313,98,contacts_v1-teacher-forced-step-250,0.18155707398545928,4.062987698009238,0.18247756999335252,exp347-qwen35-0p8b-contacts_v1-1bt,iris,NVIDIA H100 80GB HBM3,85.019590656,9.0,g853b26,Linux-6.8.12-680-6063-coreweave-amd64-f81899c8-x86_64-with-glibc2.39,2.10.0+cu128,2026-10-02T18:32:05.494762+00:00,1
AF-A0A022RVM1-F1,69,20,contacts_v1-teacher-forced-step-250,0.15125118198920973,4.062987698009238,0.1514769810019061,exp347-qwen35-0p8b-contacts_v1-1bt,iris,NVIDIA H100 80GB HBM3,85.019590656,9.0,g853b26,Linux-6.8.12-680-6063-coreweave-amd64-f81899c8-x86_64-with-glibc2.39,2.10.0+cu128,2026-10-02T18:32:05.646260+00:00,1
AF-A0A560HBG7-F1,159,117,contacts_v1-teacher-forced-step-250,0.11874272502609529,4.062987698009238,0.11925155398785137,exp347-qwen35-0p8b-contacts_v1-1bt,iris,NVIDIA H100 80GB HBM3,85.019590656,9.0,g853b26,Linux-6.8.12-680-6063-coreweave-amd64-f81899c8-x86_64-with-glibc2.39,2.10.0+cu128,2026-10-02T18:32:05.765532+00:00,1
AF-A0A2V4YI01-F1,285,218,contacts_v1-teacher-forced-step-250,0.18634897799347527,4.062987698009238,0.18713596000452526,exp347-qwen35-0p8b-contacts_v1-1bt,iris,NVIDIA H100 80GB HBM3,85.019590656,9.0,g853b26,Linux-6.8.12-680-6063-coreweave-amd64-f81899c8-x86_64-with-glibc2.39,2.10.0+cu128,2026-10-02T18:32:05.952691+00:00,1
AF-A0A644W2M4-F1,62,53,contacts_v1-teacher-forced-step-250,0.19046389902359806,4.062987698009238,0.19076598499668762,exp347-qwen35-0p8b-contacts_v1-1bt,iris,NVIDIA H100 80GB HBM3,85.019590656,9.0,g853b26,Linux-6.8.12-680-6063-coreweave-amd64-f81899c8-x86_64-with-glibc2.39,2.10.0+cu128,2026-10-02T18:32:06.143481+00:00,1
AF-A0A3C0I535-F1,137,100,contacts_v1-teacher-forced-step-250,0.1817906119977124,4.062987698009238,0.1822574659890961,exp347-qwen35-0p8b-contacts_v1-1bt,iris,NVIDIA H100 80GB HBM3,85.019590656,9.0,g853b26,Linux-6.8.12-680-6063-coreweave-amd64-f81899c8-x86_64-with-glibc2.39,2.10.0+cu128,2026-10-02T18:32:06.325761+00:00,1
AF-A0A099T554-F1,93,89,contacts_v1-teacher-forced-step-250,0.16418423000141047,4.062987698009238,0.16457965900190175,exp347-qwen35-0p8b-contacts_v1-1bt,iris,NVIDIA H100 80GB HBM3,85.019590656,9.0,g853b26,Linux-6.8.12-680-6063-coreweave-amd64-f81899c8-x86_64-with-glibc2.39,2.10.0+cu128,2026-10-02T18:32:06.490362+00:00,1
AF-A0A329P9E8-F1,336,279,contacts_v1-teacher-forced-step-250,0.14204610799788497,4.138275391975185,0.14310870002373122,exp347-qwen35-0p8b-contacts_v1-1bt,iris,NVIDIA H100 80GB HBM3,85.019590656,9.0,g853b26,Linux-6.8.12-680-6063-coreweave-amd64-f81899c8-x86_64-with-glibc2.39,2.10.0+cu128,2026-10-02T18:32:05.316702+00:00,2
AF-A0A6L7KYZ3-F1,187,80,contacts_v1-teacher-forced-step-250,0.15132909000385553,4.138275391975185,0.15203541101072915,exp347-qwen35-0p8b-contacts_v1-1bt,iris,NVIDIA H100 80GB HBM3,85.019590656,9.0,g853b26,Linux-6.8.12-680-6063-coreweave-amd64-f81899c8-x86_64-with-glibc2.39,2.10.0+cu128,2026-10-02T18:32:05.468761+00:00,2
AF-A0A7C7ZI64-F1,61,32,contacts_v1-teacher-forced-step-250,0.20110929998918436,4.138275391975185,0.2013466679782141,exp347-qwen35-0p8b-contacts_v1-1bt,iris,NVIDIA H100 80GB HBM3,85.019590656,9.0,g853b26,Linux-6.8.12-680-6063-coreweave-amd64-f81899c8-x86_64-with-glibc2.39,2.10.0+cu128,2026-10-02T18:32:05.670129+00:00,2
AF-A0A2I1KQH6-F1,189,101,contacts_v1-teacher-forced-step-250,0.18337405199417844,4.138275391975185,0.18389240102260374,exp347-qwen35-0p8b-contacts_v1-1bt,iris,NVIDIA H100 80GB HBM3,85.019590656,9.0,g853b26,Linux-6.8.12-680-6063-coreweave-amd64-f81899c8-x86_64-with-glibc2.39,2.10.0+cu128,2026-10-02T18:32:05.854042+00:00,2
AF-A0A1F3B4X3-F1,73,22,contacts_v1-teacher-forced-step-250,0.163965488987742,4.138275391975185,0.16430409700842574,exp347-qwen35-0p8b-contacts_v1-1bt,iris,NVIDIA H100 80GB HBM3,85.019590656,9.0,g853b26,Linux-6.8.12-680-6063-coreweave-amd64-f81899c8-x86_64-with-glibc2.39,2.10.0+cu128,2026-10-02T18:32:06.018379+00:00,2
AF-A0A250XX09-F1,250,178,contacts_v1-teacher-forced-step-250,0.15498721599578857,4.138275391975185,0.15577104399562813,exp347-qwen35-0p8b-contacts_v1-1bt,iris,NVIDIA H100 80GB HBM3,85.019590656,9.0,g853b26,Linux-6.8.12-680-6063-coreweave-amd64-f81899c8-x86_64-with-glibc2.39,2.10.0+cu128,2026-10-02T18:32:06.174187+00:00,2
AF-T0ZQV0-F1,93,60,contacts_v1-teacher-forced-step-250,0.20249904098454863,4.138275391975185,0.2028495779959485,exp347-qwen35-0p8b-contacts_v1-1bt,iris,NVIDIA H100 80GB HBM3,85.019590656,9.0,g853b26,Linux-6.8.12-680-6063-coreweave-amd64-f81899c8-x86_64-with-glibc2.39,2.10.0+cu128,2026-10-02T18:32:06.377068+00:00,2
AF-T2IKF7-F1,45,2,contacts_v1-teacher-forced-step-250,0.05288343701977283,4.138275391975185,0.053037439996842295,exp347-qwen35-0p8b-contacts_v1-1bt,iris,NVIDIA H100 80GB HBM3,85.019590656,9.0,g853b26,Linux-6.8.12-680-6063-coreweave-amd64-f81899c8-x86_64-with-glibc2.39,2.10.0+cu128,2026-10-02T18:32:06.430129+00:00,2
AF-A0A1Q9JWD9-F1,228,21,contacts_v1-teacher-forced-step-250,0.15970250399550423,4.131053668999812,0.1602658219926525,exp347-qwen35-0p8b-contacts_v1-1bt,iris,NVIDIA H100 80GB HBM3,85.019590656,9.0,g853b26,Linux-6.8.12-680-6063-coreweave-amd64-f81899c8-x86_64-with-glibc2.39,2.10.0+cu128,2026-10-02T18:32:05.333837+00:00,3
AF-A0A353A268-F1,178,94,contacts_v1-teacher-forced-step-250,0.14888299300218932,4.131053668999812,0.1493664949957747,exp347-qwen35-0p8b-contacts_v1-1bt,iris,NVIDIA H100 80GB HBM3,85.019590656,9.0,g853b26,Linux-6.8.12-680-6063-coreweave-amd64-f81899c8-x86_64-with-glibc2.39,2.10.0+cu128,2026-10-02T18:32:05.483228+00:00,3
AF-A0A3C1A686-F1,144,73,contacts_v1-teacher-forced-step-250,0.12762505299178883,4.131053668999812,0.128027883998584,exp347-qwen35-0p8b-contacts_v1-1bt,iris,NVIDIA H100 80GB HBM3,85.019590656,9.0,g853b26,Linux-6.8.12-680-6063-coreweave-amd64-f81899c8-x86_64-with-glibc2.39,2.10.0+cu128,2026-10-02T18:32:05.611277+00:00,3
AF-A0A7C6AI96-F1,103,92,contacts_v1-teacher-forced-step-250,0.16931350299273618,4.131053668999812,0.16973195699392818,exp347-qwen35-0p8b-contacts_v1-1bt,iris,NVIDIA H100 80GB HBM3,85.019590656,9.0,g853b26,Linux-6.8.12-680-6063-coreweave-amd64-f81899c8-x86_64-with-glibc2.39,2.10.0+cu128,2026-10-02T18:32:05.781031+00:00,3
AF-R7IWV1-F1,257,188,contacts_v1-teacher-forced-step-250,0.16025440400699154,4.131053668999812,0.1609939259942621,exp347-qwen35-0p8b-contacts_v1-1bt,iris,NVIDIA H100 80GB HBM3,85.019590656,9.0,g853b26,Linux-6.8.12-680-6063-coreweave-amd64-f81899c8-x86_64-with-glibc2.39,2.10.0+cu128,2026-10-02T18:32:05.942047+00:00,3
AF-A0A353CVU6-F1,114,48,contacts_v1-teacher-forced-step-250,0.17537626301054843,4.131053668999812,0.17573511498630978,exp347-qwen35-0p8b-contacts_v1-1bt,iris,NVIDIA H100 80GB HBM3,85.019590656,9.0,g853b26,Linux-6.8.12-680-6063-coreweave-amd64-f81899c8-x86_64-with-glibc2.39,2.10.0+cu128,2026-10-02T18:32:06.117805+00:00,3
AF-D6TBB2-F1,176,84,contacts_v1-teacher-forced-step-250,0.14230440999381244,4.131053668999812,0.14275903298403136,exp347-qwen35-0p8b-contacts_v1-1bt,iris,NVIDIA H100 80GB HBM3,85.019590656,9.0,g853b26,Linux-6.8.12-680-6063-coreweave-amd64-f81899c8-x86_64-with-glibc2.39,2.10.0+cu128,2026-10-02T18:32:06.260587+00:00,3
AF-E1W5V4-F1,74,59,contacts_v1-teacher-forced-step-250,0.11927625801763497,4.131053668999812,0.11959021398797631,exp347-qwen35-0p8b-contacts_v1-1bt,iris,NVIDIA H100 80GB HBM3,85.019590656,9.0,g853b26,Linux-6.8.12-680-6063-coreweave-amd64-f81899c8-x86_64-with-glibc2.39,2.10.0+cu128,2026-10-02T18:32:06.380198+00:00,3
AF-A0A7K0K2J9-F1,430,284,contacts_v1-teacher-forced-step-250,0.14443688199389726,4.1354490680096205,0.14557915198383853,exp347-qwen35-0p8b-contacts_v1-1bt,iris,NVIDIA H100 80GB HBM3,85.019590656,9.0,g853b26,Linux-6.8.12-680-6063-coreweave-amd64-f81899c8-x86_64-with-glibc2.39,2.10.0+cu128,2026-10-02T18:32:05.319116+00:00,4
AF-A0A7V8YIG4-F1,198,130,contacts_v1-teacher-forced-step-250,0.11724898099782877,4.1354490680096205,0.11803181801224127,exp347-qwen35-0p8b-contacts_v1-1bt,iris,NVIDIA H100 80GB HBM3,85.019590656,9.0,g853b26,Linux-6.8.12-680-6063-coreweave-amd64-f81899c8-x86_64-with-glibc2.39,2.10.0+cu128,2026-10-02T18:32:05.437169+00:00,4
AF-A0A2Y9AAL4-F1,108,38,contacts_v1-teacher-forced-step-250,0.1442081160203088,4.1354490680096205,0.14450501799001358,exp347-qwen35-0p8b-contacts_v1-1bt,iris,NVIDIA H100 80GB HBM3,85.019590656,9.0,g853b26,Linux-6.8.12-680-6063-coreweave-amd64-f81899c8-x86_64-with-glibc2.39,2.10.0+cu128,2026-10-02T18:32:05.581694+00:00,4
AF-A0A258EL83-F1,151,83,contacts_v1-teacher-forced-step-250,0.14136967898230068,4.1354490680096205,0.1417667329951655,exp347-qwen35-0p8b-contacts_v1-1bt,iris,NVIDIA H100 80GB HBM3,85.019590656,9.0,g853b26,Linux-6.8.12-680-6063-coreweave-amd64-f81899c8-x86_64-with-glibc2.39,2.10.0+cu128,2026-10-02T18:32:05.723480+00:00,4
AF-A0A6S6V153-F1,345,391,contacts_v1-teacher-forced-step-250,0.18438307600445114,4.1354490680096205,0.18548022900358774,exp347-qwen35-0p8b-contacts_v1-1bt,iris,NVIDIA H100 80GB HBM3,85.019590656,9.0,g853b26,Linux-6.8.12-680-6063-coreweave-amd64-f81899c8-x86_64-with-glibc2.39,2.10.0+cu128,2026-10-02T18:32:05.908979+00:00,4
AF-A0A507FLD2-F1,245,186,contacts_v1-teacher-forced-step-250,0.17245216100127436,4.1354490680096205,0.1731733799970243,exp347-qwen35-0p8b-contacts_v1-1bt,iris,NVIDIA H100 80GB HBM3,85.019590656,9.0,g853b26,Linux-6.8.12-680-6063-coreweave-amd64-f81899c8-x86_64-with-glibc2.39,2.10.0+cu128,2026-10-02T18:32:06.082177+00:00,4
AF-A0A7Z9H0Q6-F1,254,203,contacts_v1-teacher-forced-step-250,0.1680970290035475,4.1354490680096205,0.16883672997937538,exp347-qwen35-0p8b-contacts_v1-1bt,iris,NVIDIA H100 80GB HBM3,85.019590656,9.0,g853b26,Linux-6.8.12-680-6063-coreweave-amd64-f81899c8-x86_64-with-glibc2.39,2.10.0+cu128,2026-10-02T18:32:06.251037+00:00,4
AF-A0A7J9QUE1-F1,376,358,contacts_v1-teacher-forced-step-250,0.17526063599507324,4.1354490680096205,0.17635610298020765,exp347-qwen35-0p8b-contacts_v1-1bt,iris,NVIDIA H100 80GB HBM3,85.019590656,9.0,g853b26,Linux-6.8.12-680-6063-coreweave-amd64-f81899c8-x86_64-with-glibc2.39,2.10.0+cu128,2026-10-02T18:32:06.427415+00:00,4
AF-A0A0D7KG49-F1,444,362,contacts_v1-teacher-forced-step-250,0.20289370499085635,4.168987518001813,0.20431285101221874,exp347-qwen35-0p8b-contacts_v1-1bt,iris,NVIDIA H100 80GB HBM3,85.019590656,9.0,g853b26,Linux-6.8.12-680-6063-coreweave-amd64-f81899c8-x86_64-with-glibc2.39,2.10.0+cu128,2026-10-02T18:32:05.377965+00:00,5
AF-A0A453T4R8-F1,491,563,contacts_v1-teacher-forced-step-250,0.17457308000302874,4.168987518001813,0.17609826801344752,exp347-qwen35-0p8b-contacts_v1-1bt,iris,NVIDIA H100 80GB HBM3,85.019590656,9.0,g853b26,Linux-6.8.12-680-6063-coreweave-amd64-f81899c8-x86_64-with-glibc2.39,2.10.0+cu128,2026-10-02T18:32:05.554086+00:00,5
AF-A0A349VRT4-F1,115,88,contacts_v1-teacher-forced-step-250,0.16379645699635148,4.168987518001813,0.16420128400204703,exp347-qwen35-0p8b-contacts_v1-1bt,iris,NVIDIA H100 80GB HBM3,85.019590656,9.0,g853b26,Linux-6.8.12-680-6063-coreweave-amd64-f81899c8-x86_64-with-glibc2.39,2.10.0+cu128,2026-10-02T18:32:05.718308+00:00,5
AF-A0A327S2E5-F1,497,390,contacts_v1-teacher-forced-step-250,0.19665898600942455,4.168987518001813,0.1979269209841732,exp347-qwen35-0p8b-contacts_v1-1bt,iris,NVIDIA H100 80GB HBM3,85.019590656,9.0,g853b26,Linux-6.8.12-680-6063-coreweave-amd64-f81899c8-x86_64-with-glibc2.39,2.10.0+cu128,2026-10-02T18:32:05.916256+00:00,5
AF-A0A249PTA9-F1,290,273,contacts_v1-teacher-forced-step-250,0.1528430829930585,4.168987518001813,0.15379825097625144,exp347-qwen35-0p8b-contacts_v1-1bt,iris,NVIDIA H100 80GB HBM3,85.019590656,9.0,g853b26,Linux-6.8.12-680-6063-coreweave-amd64-f81899c8-x86_64-with-glibc2.39,2.10.0+cu128,2026-10-02T18:32:06.070083+00:00,5
AF-A0A448MIS6-F1,214,157,contacts_v1-teacher-forced-step-250,0.1368545869772788,4.168987518001813,0.13747068200609647,exp347-qwen35-0p8b-contacts_v1-1bt,iris,NVIDIA H100 80GB HBM3,85.019590656,9.0,g853b26,Linux-6.8.12-680-6063-coreweave-amd64-f81899c8-x86_64-with-glibc2.39,2.10.0+cu128,2026-10-02T18:32:06.207586+00:00,5
AF-A0A381FIK0-F1,309,262,contacts_v1-teacher-forced-step-250,0.131945586996153,4.168987518001813,0.13281425001332536,exp347-qwen35-0p8b-contacts_v1-1bt,iris,NVIDIA H100 80GB HBM3,85.019590656,9.0,g853b26,Linux-6.8.12-680-6063-coreweave-amd64-f81899c8-x86_64-with-glibc2.39,2.10.0+cu128,2026-10-02T18:32:06.340425+00:00,5
AF-A0A381S3C4-F1,237,152,contacts_v1-teacher-forced-step-250,0.1273652029922232,4.168987518001813,0.12796282599447295,exp347-qwen35-0p8b-contacts_v1-1bt,iris,NVIDIA H100 80GB HBM3,85.019590656,9.0,g853b26,Linux-6.8.12-680-6063-coreweave-amd64-f81899c8-x86_64-with-glibc2.39,2.10.0+cu128,2026-10-02T18:32:06.468411+00:00,5
AF-A0A2K2UBD9-F1,214,135,contacts_v1-teacher-forced-step-250,0.12267426098696887,4.064297282980988,0.1233789810212329,exp347-qwen35-0p8b-contacts_v1-1bt,iris,NVIDIA H100 80GB HBM3,85.019590656,9.0,g853b26,Linux-6.8.12-680-6063-coreweave-amd64-f81899c8-x86_64-with-glibc2.39,2.10.0+cu128,2026-10-02T18:32:05.297043+00:00,6
AF-A0A1Q3J7A2-F1,253,172,contacts_v1-teacher-forced-step-250,0.1669427570013795,4.064297282980988,0.1676710759929847,exp347-qwen35-0p8b-contacts_v1-1bt,iris,NVIDIA H100 80GB HBM3,85.019590656,9.0,g853b26,Linux-6.8.12-680-6063-coreweave-amd64-f81899c8-x86_64-with-glibc2.39,2.10.0+cu128,2026-10-02T18:32:05.464737+00:00,6
AF-A0A0D2V2H5-F1,211,207,contacts_v1-teacher-forced-step-250,0.17282729598809965,4.064297282980988,0.1734871859953273,exp347-qwen35-0p8b-contacts_v1-1bt,iris,NVIDIA H100 80GB HBM3,85.019590656,9.0,g853b26,Linux-6.8.12-680-6063-coreweave-amd64-f81899c8-x86_64-with-glibc2.39,2.10.0+cu128,2026-10-02T18:32:05.638244+00:00,6
AF-A0A510Y3K9-F1,99,75,contacts_v1-teacher-forced-step-250,0.13025003799702972,4.064297282980988,0.1305810229969211,exp347-qwen35-0p8b-contacts_v1-1bt,iris,NVIDIA H100 80GB HBM3,85.019590656,9.0,g853b26,Linux-6.8.12-680-6063-coreweave-amd64-f81899c8-x86_64-with-glibc2.39,2.10.0+cu128,2026-10-02T18:32:05.768845+00:00,6
AF-A0A258JYT4-F1,102,61,contacts_v1-teacher-forced-step-250,0.1924054650007747,4.064297282980988,0.1927509080269374,exp347-qwen35-0p8b-contacts_v1-1bt,iris,NVIDIA H100 80GB HBM3,85.019590656,9.0,g853b26,Linux-6.8.12-680-6063-coreweave-amd64-f81899c8-x86_64-with-glibc2.39,2.10.0+cu128,2026-10-02T18:32:05.961623+00:00,6
AF-A0A2G3DY30-F1,498,659,contacts_v1-teacher-forced-step-250,0.20512936799786985,4.064297282980988,0.2069184920110274,exp347-qwen35-0p8b-contacts_v1-1bt,iris,NVIDIA H100 80GB HBM3,85.019590656,9.0,g853b26,Linux-6.8.12-680-6063-coreweave-amd64-f81899c8-x86_64-with-glibc2.39,2.10.0+cu128,2026-10-02T18:32:06.168574+00:00,6
AF-F6GK51-F1,76,12,contacts_v1-teacher-forced-step-250,0.14376125900889747,4.064297282980988,0.1439717479806859,exp347-qwen35-0p8b-contacts_v1-1bt,iris,NVIDIA H100 80GB HBM3,85.019590656,9.0,g853b26,Linux-6.8.12-680-6063-coreweave-amd64-f81899c8-x86_64-with-glibc2.39,2.10.0+cu128,2026-10-02T18:32:06.312576+00:00,6
AF-A0A7U6HCV9-F1,115,48,contacts_v1-teacher-forced-step-250,0.15844236602424644,4.064297282980988,0.1587607649853453,exp347-qwen35-0p8b-contacts_v1-1bt,iris,NVIDIA H100 80GB HBM3,85.019590656,9.0,g853b26,Linux-6.8.12-680-6063-coreweave-amd64-f81899c8-x86_64-with-glibc2.39,2.10.0+cu128,2026-10-02T18:32:06.471360+00:00,6
AF-W6W933-F1,136,107,contacts_v1-teacher-forced-step-250,0.19476445100735873,4.120555201021489,0.1953658650163561,exp347-qwen35-0p8b-contacts_v1-1bt,iris,NVIDIA H100 80GB HBM3,85.019590656,9.0,g853b26,Linux-6.8.12-680-6063-coreweave-amd64-f81899c8-x86_64-with-glibc2.39,2.10.0+cu128,2026-10-02T18:32:05.368999+00:00,7
AF-A0A6P6VK21-F1,299,207,contacts_v1-teacher-forced-step-250,0.17727254799683578,4.120555201021489,0.1780301409889944,exp347-qwen35-0p8b-contacts_v1-1bt,iris,NVIDIA H100 80GB HBM3,85.019590656,9.0,g853b26,Linux-6.8.12-680-6063-coreweave-amd64-f81899c8-x86_64-with-glibc2.39,2.10.0+cu128,2026-10-02T18:32:05.547050+00:00,7
AF-A0A4S3M068-F1,256,99,contacts_v1-teacher-forced-step-250,0.18063244898803532,4.120555201021489,0.18122989300172776,exp347-qwen35-0p8b-contacts_v1-1bt,iris,NVIDIA H100 80GB HBM3,85.019590656,9.0,g853b26,Linux-6.8.12-680-6063-coreweave-amd64-f81899c8-x86_64-with-glibc2.39,2.10.0+cu128,2026-10-02T18:32:05.728301+00:00,7
AF-A0A841DCA6-F1,312,181,contacts_v1-teacher-forced-step-250,0.15785653601051308,4.120555201021489,0.15860359999351203,exp347-qwen35-0p8b-contacts_v1-1bt,iris,NVIDIA H100 80GB HBM3,85.019590656,9.0,g853b26,Linux-6.8.12-680-6063-coreweave-amd64-f81899c8-x86_64-with-glibc2.39,2.10.0+cu128,2026-10-02T18:32:05.886925+00:00,7
AF-K2EZX8-F1,62,50,contacts_v1-teacher-forced-step-250,0.18161352101014927,4.120555201021489,0.18190275601227768,exp347-qwen35-0p8b-contacts_v1-1bt,iris,NVIDIA H100 80GB HBM3,85.019590656,9.0,g853b26,Linux-6.8.12-680-6063-coreweave-amd64-f81899c8-x86_64-with-glibc2.39,2.10.0+cu128,2026-10-02T18:32:06.068851+00:00,7
AF-A0A7X1U092-F1,131,39,contacts_v1-teacher-forced-step-250,0.13490845198975876,4.120555201021489,0.13523431299836375,exp347-qwen35-0p8b-contacts_v1-1bt,iris,NVIDIA H100 80GB HBM3,85.019590656,9.0,g853b26,Linux-6.8.12-680-6063-coreweave-amd64-f81899c8-x86_64-with-glibc2.39,2.10.0+cu128,2026-10-02T18:32:06.204109+00:00,7
AF-A0A485BEV2-F1,197,105,contacts_v1-teacher-forced-step-250,0.1900860099995043,4.120555201021489,0.1906245790014509,exp347-qwen35-0p8b-contacts_v1-1bt,iris,NVIDIA H100 80GB HBM3,85.019590656,9.0,g853b26,Linux-6.8.12-680-6063-coreweave-amd64-f81899c8-x86_64-with-glibc2.39,2.10.0+cu128,2026-10-02T18:32:06.394754+00:00,7
AF-A0A7X7PAJ5-F1,107,106,contacts_v1-teacher-forced-step-250,0.17094047498540021,4.120555201021489,0.17133384599583223,exp347-qwen35-0p8b-contacts_v1-1bt,iris,NVIDIA H100 80GB HBM3,85.019590656,9.0,g853b26,Linux-6.8.12-680-6063-coreweave-amd64-f81899c8-x86_64-with-glibc2.39,2.10.0+cu128,2026-10-02T18:32:06.566107+00:00,7
AF-A0A2G5TXB3-F1,301,354,contacts_v1-teacher-forced-step-253,35.59735990292393,12.373419214040041,35.59874472301453,exp347-qwen35-0p8b-contacts_v1-1bt,iris,NVIDIA H100 80GB HBM3,85.019590656,9.0,g853134,Linux-6.8.12-680-6063-coreweave-amd64-f81899c8-x86_64-with-glibc2.39,2.10.0+cu128,2026-10-02T18:59:58.677313+00:00,0
AF-A0A014MB47-F1,416,441,contacts_v1-teacher-forced-step-253,0.23411951900925487,12.373419214040041,0.23553007608279586,exp347-qwen35-0p8b-contacts_v1-1bt,iris,NVIDIA H100 80GB HBM3,85.019590656,9.0,g853134,Linux-6.8.12-680-6063-coreweave-amd64-f81899c8-x86_64-with-glibc2.39,2.10.0+cu128,2026-10-02T18:59:58.912881+00:00,0
AF-A0A4Y1X169-F1,213,34,contacts_v1-teacher-forced-step-253,0.15652263001538813,12.373419214040041,0.15701329393777996,exp347-qwen35-0p8b-contacts_v1-1bt,iris,NVIDIA H100 80GB HBM3,85.019590656,9.0,g853134,Linux-6.8.12-680-6063-coreweave-amd64-f81899c8-x86_64-with-glibc2.39,2.10.0+cu128,2026-10-02T18:59:59.069929+00:00,0
AF-A0A2B7Y3R9-F1,225,191,contacts_v1-teacher-forced-step-253,0.1984650210943073,12.373419214040041,0.19924993300810456,exp347-qwen35-0p8b-contacts_v1-1bt,iris,NVIDIA H100 80GB HBM3,85.019590656,9.0,g853134,Linux-6.8.12-680-6063-coreweave-amd64-f81899c8-x86_64-with-glibc2.39,2.10.0+cu128,2026-10-02T18:59:59.269209+00:00,0
AF-A0A139L7P1-F1,54,45,contacts_v1-teacher-forced-step-253,0.16944826394319534,12.373419214040041,0.1697136319708079,exp347-qwen35-0p8b-contacts_v1-1bt,iris,NVIDIA H100 80GB HBM3,85.019590656,9.0,g853134,Linux-6.8.12-680-6063-coreweave-amd64-f81899c8-x86_64-with-glibc2.39,2.10.0+cu128,2026-10-02T18:59:59.438951+00:00,0
AF-E3R5I9-F1,82,46,contacts_v1-teacher-forced-step-253,0.16443858004640788,12.373419214040041,0.1647464759880677,exp347-qwen35-0p8b-contacts_v1-1bt,iris,NVIDIA H100 80GB HBM3,85.019590656,9.0,g853134,Linux-6.8.12-680-6063-coreweave-amd64-f81899c8-x86_64-with-glibc2.39,2.10.0+cu128,2026-10-02T18:59:59.603727+00:00,0
AF-A0A1G9FQD9-F1,222,220,contacts_v1-teacher-forced-step-253,0.19085596897639334,12.373419214040041,0.19162312697153538,exp347-qwen35-0p8b-contacts_v1-1bt,iris,NVIDIA H100 80GB HBM3,85.019590656,9.0,g853134,Linux-6.8.12-680-6063-coreweave-amd64-f81899c8-x86_64-with-glibc2.39,2.10.0+cu128,2026-10-02T18:59:59.795381+00:00,0
AF-E4X797-F1,210,138,contacts_v1-teacher-forced-step-253,0.12961898290086538,12.373419214040041,0.1302164599765092,exp347-qwen35-0p8b-contacts_v1-1bt,iris,NVIDIA H100 80GB HBM3,85.019590656,9.0,g853134,Linux-6.8.12-680-6063-coreweave-amd64-f81899c8-x86_64-with-glibc2.39,2.10.0+cu128,2026-10-02T18:59:59.925628+00:00,0
AF-F7YR68-F1,138,140,contacts_v1-teacher-forced-step-253,40.361746996990405,9.438276048982516,40.36264247796498,exp347-qwen35-0p8b-contacts_v1-1bt,iris,NVIDIA H100 80GB HBM3,85.019590656,9.0,g853134,Linux-6.8.12-680-6063-coreweave-amd64-f81899c8-x86_64-with-glibc2.39,2.10.0+cu128,2026-10-02T18:59:58.669419+00:00,1
AF-A0A517MCM5-F1,313,98,contacts_v1-teacher-forced-step-253,0.19786001299507916,9.438276048982516,0.198611028958112,exp347-qwen35-0p8b-contacts_v1-1bt,iris,NVIDIA H100 80GB HBM3,85.019590656,9.0,g853134,Linux-6.8.12-680-6063-coreweave-amd64-f81899c8-x86_64-with-glibc2.39,2.10.0+cu128,2026-10-02T18:59:58.868066+00:00,1
AF-A0A022RVM1-F1,69,20,contacts_v1-teacher-forced-step-253,0.2952136170351878,9.438276048982516,0.29547696199733764,exp347-qwen35-0p8b-contacts_v1-1bt,iris,NVIDIA H100 80GB HBM3,85.019590656,9.0,g853134,Linux-6.8.12-680-6063-coreweave-amd64-f81899c8-x86_64-with-glibc2.39,2.10.0+cu128,2026-10-02T18:59:59.163576+00:00,1
AF-A0A560HBG7-F1,159,117,contacts_v1-teacher-forced-step-253,0.132688746904023,9.438276048982516,0.133235000888817,exp347-qwen35-0p8b-contacts_v1-1bt,iris,NVIDIA H100 80GB HBM3,85.019590656,9.0,g853134,Linux-6.8.12-680-6063-coreweave-amd64-f81899c8-x86_64-with-glibc2.39,2.10.0+cu128,2026-10-02T18:59:59.296842+00:00,1
AF-A0A2V4YI01-F1,285,218,contacts_v1-teacher-forced-step-253,0.19415550294797868,9.438276048982516,0.19495893199928105,exp347-qwen35-0p8b-contacts_v1-1bt,iris,NVIDIA H100 80GB HBM3,85.019590656,9.0,g853134,Linux-6.8.12-680-6063-coreweave-amd64-f81899c8-x86_64-with-glibc2.39,2.10.0+cu128,2026-10-02T18:59:59.491834+00:00,1
AF-A0A644W2M4-F1,62,53,contacts_v1-teacher-forced-step-253,0.20238005905412138,9.438276048982516,0.20269259996712208,exp347-qwen35-0p8b-contacts_v1-1bt,iris,NVIDIA H100 80GB HBM3,85.019590656,9.0,g853134,Linux-6.8.12-680-6063-coreweave-amd64-f81899c8-x86_64-with-glibc2.39,2.10.0+cu128,2026-10-02T18:59:59.694557+00:00,1
AF-A0A3C0I535-F1,137,100,contacts_v1-teacher-forced-step-253,0.18940618599299341,9.438276048982516,0.1898799620103091,exp347-qwen35-0p8b-contacts_v1-1bt,iris,NVIDIA H100 80GB HBM3,85.019590656,9.0,g853134,Linux-6.8.12-680-6063-coreweave-amd64-f81899c8-x86_64-with-glibc2.39,2.10.0+cu128,2026-10-02T18:59:59.884470+00:00,1
AF-A0A099T554-F1,93,89,contacts_v1-teacher-forced-step-253,0.17344921198673546,9.438276048982516,0.17390060797333717,exp347-qwen35-0p8b-contacts_v1-1bt,iris,NVIDIA H100 80GB HBM3,85.019590656,9.0,g853134,Linux-6.8.12-680-6063-coreweave-amd64-f81899c8-x86_64-with-glibc2.39,2.10.0+cu128,2026-10-02T19:00:00.058403+00:00,1
AF-A0A329P9E8-F1,336,279,contacts_v1-teacher-forced-step-253,40.373642251011916,9.394184635020792,40.374950310913846,exp347-qwen35-0p8b-contacts_v1-1bt,iris,NVIDIA H100 80GB HBM3,85.019590656,9.0,g853134,Linux-6.8.12-680-6063-coreweave-amd64-f81899c8-x86_64-with-glibc2.39,2.10.0+cu128,2026-10-02T18:59:58.652059+00:00,2
AF-A0A6L7KYZ3-F1,187,80,contacts_v1-teacher-forced-step-253,0.1774961519986391,9.394184635020792,0.17806917789857835,exp347-qwen35-0p8b-contacts_v1-1bt,iris,NVIDIA H100 80GB HBM3,85.019590656,9.0,g853134,Linux-6.8.12-680-6063-coreweave-amd64-f81899c8-x86_64-with-glibc2.39,2.10.0+cu128,2026-10-02T18:59:58.830160+00:00,2
AF-A0A7C7ZI64-F1,61,32,contacts_v1-teacher-forced-step-253,0.2243116310564801,9.394184635020792,0.2246226869756356,exp347-qwen35-0p8b-contacts_v1-1bt,iris,NVIDIA H100 80GB HBM3,85.019590656,9.0,g853134,Linux-6.8.12-680-6063-coreweave-amd64-f81899c8-x86_64-with-glibc2.39,2.10.0+cu128,2026-10-02T18:59:59.054817+00:00,2
AF-A0A2I1KQH6-F1,189,101,contacts_v1-teacher-forced-step-253,0.19707231607753783,9.394184635020792,0.19766384805552661,exp347-qwen35-0p8b-contacts_v1-1bt,iris,NVIDIA H100 80GB HBM3,85.019590656,9.0,g853134,Linux-6.8.12-680-6063-coreweave-amd64-f81899c8-x86_64-with-glibc2.39,2.10.0+cu128,2026-10-02T18:59:59.252516+00:00,2
AF-A0A1F3B4X3-F1,73,22,contacts_v1-teacher-forced-step-253,0.1813783139223233,9.394184635020792,0.18163926398847252,exp347-qwen35-0p8b-contacts_v1-1bt,iris,NVIDIA H100 80GB HBM3,85.019590656,9.0,g853134,Linux-6.8.12-680-6063-coreweave-amd64-f81899c8-x86_64-with-glibc2.39,2.10.0+cu128,2026-10-02T18:59:59.434185+00:00,2
AF-A0A250XX09-F1,250,178,contacts_v1-teacher-forced-step-253,0.16469107603188604,9.394184635020792,0.16539910598658025,exp347-qwen35-0p8b-contacts_v1-1bt,iris,NVIDIA H100 80GB HBM3,85.019590656,9.0,g853134,Linux-6.8.12-680-6063-coreweave-amd64-f81899c8-x86_64-with-glibc2.39,2.10.0+cu128,2026-10-02T18:59:59.599614+00:00,2
AF-T0ZQV0-F1,93,60,contacts_v1-teacher-forced-step-253,0.21409795805811882,9.394184635020792,0.21444427396636456,exp347-qwen35-0p8b-contacts_v1-1bt,iris,NVIDIA H100 80GB HBM3,85.019590656,9.0,g853134,Linux-6.8.12-680-6063-coreweave-amd64-f81899c8-x86_64-with-glibc2.39,2.10.0+cu128,2026-10-02T18:59:59.814094+00:00,2
AF-T2IKF7-F1,45,2,contacts_v1-teacher-forced-step-253,0.06990555906668305,9.394184635020792,0.0700778670143336,exp347-qwen35-0p8b-contacts_v1-1bt,iris,NVIDIA H100 80GB HBM3,85.019590656,9.0,g853134,Linux-6.8.12-680-6063-coreweave-amd64-f81899c8-x86_64-with-glibc2.39,2.10.0+cu128,2026-10-02T18:59:59.884198+00:00,2
AF-A0A1Q9JWD9-F1,228,21,contacts_v1-teacher-forced-step-253,40.51748425094411,9.423118815990165,40.518242990016006,exp347-qwen35-0p8b-contacts_v1-1bt,iris,NVIDIA H100 80GB HBM3,85.019590656,9.0,g853134,Linux-6.8.12-680-6063-coreweave-amd64-f81899c8-x86_64-with-glibc2.39,2.10.0+cu128,2026-10-02T18:59:58.809333+00:00,3
AF-A0A353A268-F1,178,94,contacts_v1-teacher-forced-step-253,0.1613377700559795,9.423118815990165,0.1618842480238527,exp347-qwen35-0p8b-contacts_v1-1bt,iris,NVIDIA H100 80GB HBM3,85.019590656,9.0,g853134,Linux-6.8.12-680-6063-coreweave-amd64-f81899c8-x86_64-with-glibc2.39,2.10.0+cu128,2026-10-02T18:59:58.971248+00:00,3
AF-A0A3C1A686-F1,144,73,contacts_v1-teacher-forced-step-253,0.1390792418969795,9.423118815990165,0.1394795299274847,exp347-qwen35-0p8b-contacts_v1-1bt,iris,NVIDIA H100 80GB HBM3,85.019590656,9.0,g853134,Linux-6.8.12-680-6063-coreweave-amd64-f81899c8-x86_64-with-glibc2.39,2.10.0+cu128,2026-10-02T18:59:59.110750+00:00,3
AF-A0A7C6AI96-F1,103,92,contacts_v1-teacher-forced-step-253,0.17742615810129791,9.423118815990165,0.17785506695508957,exp347-qwen35-0p8b-contacts_v1-1bt,iris,NVIDIA H100 80GB HBM3,85.019590656,9.0,g853134,Linux-6.8.12-680-6063-coreweave-amd64-f81899c8-x86_64-with-glibc2.39,2.10.0+cu128,2026-10-02T18:59:59.288626+00:00,3
AF-R7IWV1-F1,257,188,contacts_v1-teacher-forced-step-253,0.1765581719810143,9.423118815990165,0.17728262103628367,exp347-qwen35-0p8b-contacts_v1-1bt,iris,NVIDIA H100 80GB HBM3,85.019590656,9.0,g853134,Linux-6.8.12-680-6063-coreweave-amd64-f81899c8-x86_64-with-glibc2.39,2.10.0+cu128,2026-10-02T18:59:59.465930+00:00,3
AF-A0A353CVU6-F1,114,48,contacts_v1-teacher-forced-step-253,0.18534019391518086,9.423118815990165,0.18571257300209254,exp347-qwen35-0p8b-contacts_v1-1bt,iris,NVIDIA H100 80GB HBM3,85.019590656,9.0,g853134,Linux-6.8.12-680-6063-coreweave-amd64-f81899c8-x86_64-with-glibc2.39,2.10.0+cu128,2026-10-02T18:59:59.651668+00:00,3
AF-D6TBB2-F1,176,84,contacts_v1-teacher-forced-step-253,0.15070342796389014,9.423118815990165,0.1511806600028649,exp347-qwen35-0p8b-contacts_v1-1bt,iris,NVIDIA H100 80GB HBM3,85.019590656,9.0,g853134,Linux-6.8.12-680-6063-coreweave-amd64-f81899c8-x86_64-with-glibc2.39,2.10.0+cu128,2026-10-02T18:59:59.802871+00:00,3
AF-E1W5V4-F1,74,59,contacts_v1-teacher-forced-step-253,0.1291714379331097,9.423118815990165,0.1295190219534561,exp347-qwen35-0p8b-contacts_v1-1bt,iris,NVIDIA H100 80GB HBM3,85.019590656,9.0,g853134,Linux-6.8.12-680-6063-coreweave-amd64-f81899c8-x86_64-with-glibc2.39,2.10.0+cu128,2026-10-02T18:59:59.932418+00:00,3
AF-A0A7K0K2J9-F1,430,284,contacts_v1-teacher-forced-step-253,40.2756441780366,9.450952991028316,40.27718545496464,exp347-qwen35-0p8b-contacts_v1-1bt,iris,NVIDIA H100 80GB HBM3,85.019590656,9.0,g853134,Linux-6.8.12-680-6063-coreweave-amd64-f81899c8-x86_64-with-glibc2.39,2.10.0+cu128,2026-10-02T18:59:58.613603+00:00,4
AF-A0A7V8YIG4-F1,198,130,contacts_v1-teacher-forced-step-253,0.13244877196848392,9.450952991028316,0.13308464700821787,exp347-qwen35-0p8b-contacts_v1-1bt,iris,NVIDIA H100 80GB HBM3,85.019590656,9.0,g853134,Linux-6.8.12-680-6063-coreweave-amd64-f81899c8-x86_64-with-glibc2.39,2.10.0+cu128,2026-10-02T18:59:58.746729+00:00,4
AF-A0A2Y9AAL4-F1,108,38,contacts_v1-teacher-forced-step-253,0.15749284101184458,9.450952991028316,0.15783842699602246,exp347-qwen35-0p8b-contacts_v1-1bt,iris,NVIDIA H100 80GB HBM3,85.019590656,9.0,g853134,Linux-6.8.12-680-6063-coreweave-amd64-f81899c8-x86_64-with-glibc2.39,2.10.0+cu128,2026-10-02T18:59:58.904600+00:00,4
AF-A0A258EL83-F1,151,83,contacts_v1-teacher-forced-step-253,0.1528594350675121,9.450952991028316,0.15333086694590747,exp347-qwen35-0p8b-contacts_v1-1bt,iris,NVIDIA H100 80GB HBM3,85.019590656,9.0,g853134,Linux-6.8.12-680-6063-coreweave-amd64-f81899c8-x86_64-with-glibc2.39,2.10.0+cu128,2026-10-02T18:59:59.057972+00:00,4
AF-A0A6S6V153-F1,345,391,contacts_v1-teacher-forced-step-253,0.19510340900160372,9.450952991028316,0.1962543270783499,exp347-qwen35-0p8b-contacts_v1-1bt,iris,NVIDIA H100 80GB HBM3,85.019590656,9.0,g853134,Linux-6.8.12-680-6063-coreweave-amd64-f81899c8-x86_64-with-glibc2.39,2.10.0+cu128,2026-10-02T18:59:59.254253+00:00,4
AF-A0A507FLD2-F1,245,186,contacts_v1-teacher-forced-step-253,0.18275853991508484,9.450952991028316,0.1835264409892261,exp347-qwen35-0p8b-contacts_v1-1bt,iris,NVIDIA H100 80GB HBM3,85.019590656,9.0,g853134,Linux-6.8.12-680-6063-coreweave-amd64-f81899c8-x86_64-with-glibc2.39,2.10.0+cu128,2026-10-02T18:59:59.437809+00:00,4
AF-A0A7Z9H0Q6-F1,254,203,contacts_v1-teacher-forced-step-253,0.17478806793224066,9.450952991028316,0.1755571860121563,exp347-qwen35-0p8b-contacts_v1-1bt,iris,NVIDIA H100 80GB HBM3,85.019590656,9.0,g853134,Linux-6.8.12-680-6063-coreweave-amd64-f81899c8-x86_64-with-glibc2.39,2.10.0+cu128,2026-10-02T18:59:59.613396+00:00,4
AF-A0A7J9QUE1-F1,376,358,contacts_v1-teacher-forced-step-253,0.1790873990394175,9.450952991028316,0.18026448891032487,exp347-qwen35-0p8b-contacts_v1-1bt,iris,NVIDIA H100 80GB HBM3,85.019590656,9.0,g853134,Linux-6.8.12-680-6063-coreweave-amd64-f81899c8-x86_64-with-glibc2.39,2.10.0+cu128,2026-10-02T18:59:59.793692+00:00,4
AF-A0A0D7KG49-F1,444,362,contacts_v1-teacher-forced-step-253,40.42922038806137,9.431371454964392,40.43080179509707,exp347-qwen35-0p8b-contacts_v1-1bt,iris,NVIDIA H100 80GB HBM3,85.019590656,9.0,g853134,Linux-6.8.12-680-6063-coreweave-amd64-f81899c8-x86_64-with-glibc2.39,2.10.0+cu128,2026-10-02T18:59:58.745064+00:00,5
AF-A0A453T4R8-F1,491,563,contacts_v1-teacher-forced-step-253,9.24340749392286,9.431371454964392,9.2450334810419,exp347-qwen35-0p8b-contacts_v1-1bt,iris,NVIDIA H100 80GB HBM3,85.019590656,9.0,g853134,Linux-6.8.12-680-6063-coreweave-amd64-f81899c8-x86_64-with-glibc2.39,2.10.0+cu128,2026-10-02T19:00:07.990136+00:00,5
AF-A0A349VRT4-F1,115,88,contacts_v1-teacher-forced-step-253,0.18041304498910904,9.431371454964392,0.1808346080360934,exp347-qwen35-0p8b-contacts_v1-1bt,iris,NVIDIA H100 80GB HBM3,85.019590656,9.0,g853134,Linux-6.8.12-680-6063-coreweave-amd64-f81899c8-x86_64-with-glibc2.39,2.10.0+cu128,2026-10-02T19:00:08.170996+00:00,5
AF-A0A327S2E5-F1,497,390,contacts_v1-teacher-forced-step-253,0.1970506199868396,9.431371454964392,0.19835681200493127,exp347-qwen35-0p8b-contacts_v1-1bt,iris,NVIDIA H100 80GB HBM3,85.019590656,9.0,g853134,Linux-6.8.12-680-6063-coreweave-amd64-f81899c8-x86_64-with-glibc2.39,2.10.0+cu128,2026-10-02T19:00:08.369376+00:00,5
AF-A0A249PTA9-F1,290,273,contacts_v1-teacher-forced-step-253,0.15915323898661882,9.431371454964392,0.1601294920546934,exp347-qwen35-0p8b-contacts_v1-1bt,iris,NVIDIA H100 80GB HBM3,85.019590656,9.0,g853134,Linux-6.8.12-680-6063-coreweave-amd64-f81899c8-x86_64-with-glibc2.39,2.10.0+cu128,2026-10-02T19:00:08.529529+00:00,5
AF-A0A448MIS6-F1,214,157,contacts_v1-teacher-forced-step-253,0.14307400793768466,9.431371454964392,0.14367688994389027,exp347-qwen35-0p8b-contacts_v1-1bt,iris,NVIDIA H100 80GB HBM3,85.019590656,9.0,g853134,Linux-6.8.12-680-6063-coreweave-amd64-f81899c8-x86_64-with-glibc2.39,2.10.0+cu128,2026-10-02T19:00:08.673228+00:00,5
AF-A0A381FIK0-F1,309,262,contacts_v1-teacher-forced-step-253,0.13583388202823699,9.431371454964392,0.1367125129327178,exp347-qwen35-0p8b-contacts_v1-1bt,iris,NVIDIA H100 80GB HBM3,85.019590656,9.0,g853134,Linux-6.8.12-680-6063-coreweave-amd64-f81899c8-x86_64-with-glibc2.39,2.10.0+cu128,2026-10-02T19:00:08.809960+00:00,5
AF-A0A381S3C4-F1,237,152,contacts_v1-teacher-forced-step-253,0.13162532297428697,9.431371454964392,0.13221454399172217,exp347-qwen35-0p8b-contacts_v1-1bt,iris,NVIDIA H100 80GB HBM3,85.019590656,9.0,g853134,Linux-6.8.12-680-6063-coreweave-amd64-f81899c8-x86_64-with-glibc2.39,2.10.0+cu128,2026-10-02T19:00:08.942198+00:00,5
AF-A0A2K2UBD9-F1,214,135,contacts_v1-teacher-forced-step-253,40.266554578905925,9.470352170988917,40.2675090910634,exp347-qwen35-0p8b-contacts_v1-1bt,iris,NVIDIA H100 80GB HBM3,85.019590656,9.0,g853134,Linux-6.8.12-680-6063-coreweave-amd64-f81899c8-x86_64-with-glibc2.39,2.10.0+cu128,2026-10-02T18:59:58.587063+00:00,6
AF-A0A1Q3J7A2-F1,253,172,contacts_v1-teacher-forced-step-253,0.30001062399242073,9.470352170988917,0.30086248693987727,exp347-qwen35-0p8b-contacts_v1-1bt,iris,NVIDIA H100 80GB HBM3,85.019590656,9.0,g853134,Linux-6.8.12-680-6063-coreweave-amd64-f81899c8-x86_64-with-glibc2.39,2.10.0+cu128,2026-10-02T18:59:58.887967+00:00,6
AF-A0A0D2V2H5-F1,211,207,contacts_v1-teacher-forced-step-253,0.18210245005320758,9.470352170988917,0.1828453770140186,exp347-qwen35-0p8b-contacts_v1-1bt,iris,NVIDIA H100 80GB HBM3,85.019590656,9.0,g853134,Linux-6.8.12-680-6063-coreweave-amd64-f81899c8-x86_64-with-glibc2.39,2.10.0+cu128,2026-10-02T18:59:59.070838+00:00,6
AF-A0A510Y3K9-F1,99,75,contacts_v1-teacher-forced-step-253,0.1410077849868685,9.470352170988917,0.1413582330569625,exp347-qwen35-0p8b-contacts_v1-1bt,iris,NVIDIA H100 80GB HBM3,85.019590656,9.0,g853134,Linux-6.8.12-680-6063-coreweave-amd64-f81899c8-x86_64-with-glibc2.39,2.10.0+cu128,2026-10-02T18:59:59.212222+00:00,6
AF-A0A258JYT4-F1,102,61,contacts_v1-teacher-forced-step-253,0.2024064710130915,9.470352170988917,0.20274230907671154,exp347-qwen35-0p8b-contacts_v1-1bt,iris,NVIDIA H100 80GB HBM3,85.019590656,9.0,g853134,Linux-6.8.12-680-6063-coreweave-amd64-f81899c8-x86_64-with-glibc2.39,2.10.0+cu128,2026-10-02T18:59:59.414985+00:00,6
AF-A0A2G3DY30-F1,498,659,contacts_v1-teacher-forced-step-253,8.595329449977726,9.470352170988917,8.59711407602299,exp347-qwen35-0p8b-contacts_v1-1bt,iris,NVIDIA H100 80GB HBM3,85.019590656,9.0,g853134,Linux-6.8.12-680-6063-coreweave-amd64-f81899c8-x86_64-with-glibc2.39,2.10.0+cu128,2026-10-02T19:00:08.012134+00:00,6
AF-F6GK51-F1,76,12,contacts_v1-teacher-forced-step-253,0.3973018779652193,9.470352170988917,0.39754024310968816,exp347-qwen35-0p8b-contacts_v1-1bt,iris,NVIDIA H100 80GB HBM3,85.019590656,9.0,g853134,Linux-6.8.12-680-6063-coreweave-amd64-f81899c8-x86_64-with-glibc2.39,2.10.0+cu128,2026-10-02T19:00:08.409704+00:00,6
AF-A0A7U6HCV9-F1,115,48,contacts_v1-teacher-forced-step-253,0.16918983904179186,9.470352170988917,0.16952829901129007,exp347-qwen35-0p8b-contacts_v1-1bt,iris,NVIDIA H100 80GB HBM3,85.019590656,9.0,g853134,Linux-6.8.12-680-6063-coreweave-amd64-f81899c8-x86_64-with-glibc2.39,2.10.0+cu128,2026-10-02T19:00:08.579258+00:00,6
AF-W6W933-F1,136,107,contacts_v1-teacher-forced-step-253,40.393845846061595,9.448247744934633,40.39474205404986,exp347-qwen35-0p8b-contacts_v1-1bt,iris,NVIDIA H100 80GB HBM3,85.019590656,9.0,g853134,Linux-6.8.12-680-6063-coreweave-amd64-f81899c8-x86_64-with-glibc2.39,2.10.0+cu128,2026-10-02T18:59:58.702314+00:00,7
AF-A0A6P6VK21-F1,299,207,contacts_v1-teacher-forced-step-253,0.19362298701889813,9.448247744934633,0.19450121803674847,exp347-qwen35-0p8b-contacts_v1-1bt,iris,NVIDIA H100 80GB HBM3,85.019590656,9.0,g853134,Linux-6.8.12-680-6063-coreweave-amd64-f81899c8-x86_64-with-glibc2.39,2.10.0+cu128,2026-10-02T18:59:58.896859+00:00,7
AF-A0A4S3M068-F1,256,99,contacts_v1-teacher-forced-step-253,0.19171000004280359,9.448247744934633,0.19233086798340082,exp347-qwen35-0p8b-contacts_v1-1bt,iris,NVIDIA H100 80GB HBM3,85.019590656,9.0,g853134,Linux-6.8.12-680-6063-coreweave-amd64-f81899c8-x86_64-with-glibc2.39,2.10.0+cu128,2026-10-02T18:59:59.089213+00:00,7
AF-A0A841DCA6-F1,312,181,contacts_v1-teacher-forced-step-253,0.17043433093931526,9.448247744934633,0.17118777707219124,exp347-qwen35-0p8b-contacts_v1-1bt,iris,NVIDIA H100 80GB HBM3,85.019590656,9.0,g853134,Linux-6.8.12-680-6063-coreweave-amd64-f81899c8-x86_64-with-glibc2.39,2.10.0+cu128,2026-10-02T18:59:59.260423+00:00,7
AF-K2EZX8-F1,62,50,contacts_v1-teacher-forced-step-253,0.19795077200978994,9.448247744934633,0.19823371793609113,exp347-qwen35-0p8b-contacts_v1-1bt,iris,NVIDIA H100 80GB HBM3,85.019590656,9.0,g853134,Linux-6.8.12-680-6063-coreweave-amd64-f81899c8-x86_64-with-glibc2.39,2.10.0+cu128,2026-10-02T18:59:59.458677+00:00,7
AF-A0A7X1U092-F1,131,39,contacts_v1-teacher-forced-step-253,0.14244425692595541,9.448247744934633,0.14278009696863592,exp347-qwen35-0p8b-contacts_v1-1bt,iris,NVIDIA H100 80GB HBM3,85.019590656,9.0,g853134,Linux-6.8.12-680-6063-coreweave-amd64-f81899c8-x86_64-with-glibc2.39,2.10.0+cu128,2026-10-02T18:59:59.601480+00:00,7
AF-A0A485BEV2-F1,197,105,contacts_v1-teacher-forced-step-253,0.19936761097051203,9.448247744934633,0.19991817197296768,exp347-qwen35-0p8b-contacts_v1-1bt,iris,NVIDIA H100 80GB HBM3,85.019590656,9.0,g853134,Linux-6.8.12-680-6063-coreweave-amd64-f81899c8-x86_64-with-glibc2.39,2.10.0+cu128,2026-10-02T18:59:59.801420+00:00,7
AF-A0A7X7PAJ5-F1,107,106,contacts_v1-teacher-forced-step-253,0.18385950301308185,9.448247744934633,0.1843007110292092,exp347-qwen35-0p8b-contacts_v1-1bt,iris,NVIDIA H100 80GB HBM3,85.019590656,9.0,g853134,Linux-6.8.12-680-6063-coreweave-amd64-f81899c8-x86_64-with-glibc2.39,2.10.0+cu128,2026-10-02T18:59:59.985749+00:00,7
AF-A0A2G5TXB3-F1,301,354,contacts_v1-teacher-forced-step-0,38.5599009799771,7.67665092999232,38.561326250986895,exp347-qwen35-0p8b-contacts_v1-smoke,iris,NVIDIA H100 80GB HBM3,85.019590656,9.0,g853b26,Linux-6.8.12-680-6063-coreweave-amd64-f81899c8-x86_64-with-glibc2.39,2.10.0+cu128,2026-10-02T18:07:28.670827+00:00,0
AF-F7YR68-F1,138,140,contacts_v1-teacher-forced-step-0,40.25542160597979,7.676229584991233,40.25647187102004,exp347-qwen35-0p8b-contacts_v1-smoke,iris,NVIDIA H100 80GB HBM3,85.019590656,9.0,g853b26,Linux-6.8.12-680-6063-coreweave-amd64-f81899c8-x86_64-with-glibc2.39,2.10.0+cu128,2026-10-02T18:07:28.716705+00:00,1
AF-A0A329P9E8-F1,336,279,contacts_v1-teacher-forced-step-0,40.230667825991986,7.762054242019076,40.231971556000644,exp347-qwen35-0p8b-contacts_v1-smoke,iris,NVIDIA H100 80GB HBM3,85.019590656,9.0,g853b26,Linux-6.8.12-680-6063-coreweave-amd64-f81899c8-x86_64-with-glibc2.39,2.10.0+cu128,2026-10-02T18:07:28.688507+00:00,2
AF-A0A1Q9JWD9-F1,228,21,contacts_v1-teacher-forced-step-0,40.37069992898614,7.754629297007341,40.371477627020795,exp347-qwen35-0p8b-contacts_v1-smoke,iris,NVIDIA H100 80GB HBM3,85.019590656,9.0,g853b26,Linux-6.8.12-680-6063-coreweave-amd64-f81899c8-x86_64-with-glibc2.39,2.10.0+cu128,2026-10-02T18:07:28.823868+00:00,3
AF-A0A7K0K2J9-F1,430,284,contacts_v1-teacher-forced-step-0,40.20827928400831,7.7438460609992035,40.20955548598431,exp347-qwen35-0p8b-contacts_v1-smoke,iris,NVIDIA H100 80GB HBM3,85.019590656,9.0,g853b26,Linux-6.8.12-680-6063-coreweave-amd64-f81899c8-x86_64-with-glibc2.39,2.10.0+cu128,2026-10-02T18:07:28.692006+00:00,4
AF-A0A0D7KG49-F1,444,362,contacts_v1-teacher-forced-step-0,40.27449199798866,7.760790408006869,40.27620840500458,exp347-qwen35-0p8b-contacts_v1-smoke,iris,NVIDIA H100 80GB HBM3,85.019590656,9.0,g853b26,Linux-6.8.12-680-6063-coreweave-amd64-f81899c8-x86_64-with-glibc2.39,2.10.0+cu128,2026-10-02T18:07:28.765228+00:00,5
AF-A0A2K2UBD9-F1,214,135,contacts_v1-teacher-forced-step-0,40.21077236699057,7.769605337991379,40.21167092601536,exp347-qwen35-0p8b-contacts_v1-smoke,iris,NVIDIA H100 80GB HBM3,85.019590656,9.0,g853b26,Linux-6.8.12-680-6063-coreweave-amd64-f81899c8-x86_64-with-glibc2.39,2.10.0+cu128,2026-10-02T18:07:28.670900+00:00,6
AF-W6W933-F1,136,107,contacts_v1-teacher-forced-step-0,40.227674000983825,7.763631868001539,40.228665570990415,exp347-qwen35-0p8b-contacts_v1-smoke,iris,NVIDIA H100 80GB HBM3,85.019590656,9.0,g853b26,Linux-6.8.12-680-6063-coreweave-amd64-f81899c8-x86_64-with-glibc2.39,2.10.0+cu128,2026-10-02T18:07:28.686460+00:00,7
AF-A0A2G5TXB3-F1,301,354,contacts_v1-teacher-forced-step-4,35.78070207798737,12.36131538299378,35.782106828002725,exp347-qwen35-0p8b-contacts_v1-smoke,iris,NVIDIA H100 80GB HBM3,85.019590656,9.0,g853b26,Linux-6.8.12-680-6063-coreweave-amd64-f81899c8-x86_64-with-glibc2.39,2.10.0+cu128,2026-10-02T18:12:54.460652+00:00,0
AF-F7YR68-F1,138,140,contacts_v1-teacher-forced-step-4,40.38210838101804,9.344020153977908,40.38312280701939,exp347-qwen35-0p8b-contacts_v1-smoke,iris,NVIDIA H100 80GB HBM3,85.019590656,9.0,g853b26,Linux-6.8.12-680-6063-coreweave-amd64-f81899c8-x86_64-with-glibc2.39,2.10.0+cu128,2026-10-02T18:12:54.396059+00:00,1
AF-A0A329P9E8-F1,336,279,contacts_v1-teacher-forced-step-4,40.3859732960118,9.380102557974169,40.387241240998264,exp347-qwen35-0p8b-contacts_v1-smoke,iris,NVIDIA H100 80GB HBM3,85.019590656,9.0,g853b26,Linux-6.8.12-680-6063-coreweave-amd64-f81899c8-x86_64-with-glibc2.39,2.10.0+cu128,2026-10-02T18:12:54.425208+00:00,2
AF-A0A1Q9JWD9-F1,228,21,contacts_v1-teacher-forced-step-4,40.61293547201785,9.247621270013042,40.61407661100384,exp347-qwen35-0p8b-contacts_v1-smoke,iris,NVIDIA H100 80GB HBM3,85.019590656,9.0,g853b26,Linux-6.8.12-680-6063-coreweave-amd64-f81899c8-x86_64-with-glibc2.39,2.10.0+cu128,2026-10-02T18:12:54.539805+00:00,3
AF-A0A7K0K2J9-F1,430,284,contacts_v1-teacher-forced-step-4,40.34410294899135,9.379997549986001,40.34556510101538,exp347-qwen35-0p8b-contacts_v1-smoke,iris,NVIDIA H100 80GB HBM3,85.019590656,9.0,g853b26,Linux-6.8.12-680-6063-coreweave-amd64-f81899c8-x86_64-with-glibc2.39,2.10.0+cu128,2026-10-02T18:12:54.434899+00:00,4
AF-A0A0D7KG49-F1,444,362,contacts_v1-teacher-forced-step-4,40.54596064801444,9.263055769988568,40.54766965698218,exp347-qwen35-0p8b-contacts_v1-smoke,iris,NVIDIA H100 80GB HBM3,85.019590656,9.0,g853b26,Linux-6.8.12-680-6063-coreweave-amd64-f81899c8-x86_64-with-glibc2.39,2.10.0+cu128,2026-10-02T18:12:54.537054+00:00,5
AF-A0A2K2UBD9-F1,214,135,contacts_v1-teacher-forced-step-4,40.346710384998005,9.362903660017764,40.34795940099866,exp347-qwen35-0p8b-contacts_v1-smoke,iris,NVIDIA H100 80GB HBM3,85.019590656,9.0,g853b26,Linux-6.8.12-680-6063-coreweave-amd64-f81899c8-x86_64-with-glibc2.39,2.10.0+cu128,2026-10-02T18:12:54.380265+00:00,6
AF-W6W933-F1,136,107,contacts_v1-teacher-forced-step-4,40.476929533004295,9.311875645973487,40.4778437030036,exp347-qwen35-0p8b-contacts_v1-smoke,iris,NVIDIA H100 80GB HBM3,85.019590656,9.0,g853b26,Linux-6.8.12-680-6063-coreweave-amd64-f81899c8-x86_64-with-glibc2.39,2.10.0+cu128,2026-10-02T18:12:54.452988+00:00,7
AF-A0A2G5TXB3-F1,301,354,contacts_v1-teacher-forced-step-5,0.1739489280153066,12.36131538299378,0.17526837799232453,exp347-qwen35-0p8b-contacts_v1-smoke,iris,NVIDIA H100 80GB HBM3,85.019590656,9.0,g853b26,Linux-6.8.12-680-6063-coreweave-amd64-f81899c8-x86_64-with-glibc2.39,2.10.0+cu128,2026-10-02T18:14:21.126749+00:00,0
AF-F7YR68-F1,138,140,contacts_v1-teacher-forced-step-5,0.14194703998509794,9.344020153977908,0.14288466901052743,exp347-qwen35-0p8b-contacts_v1-smoke,iris,NVIDIA H100 80GB HBM3,85.019590656,9.0,g853b26,Linux-6.8.12-680-6063-coreweave-amd64-f81899c8-x86_64-with-glibc2.39,2.10.0+cu128,2026-10-02T18:14:20.993250+00:00,1
AF-A0A329P9E8-F1,336,279,contacts_v1-teacher-forced-step-5,0.14317555501475,9.380102557974169,0.14453634101664647,exp347-qwen35-0p8b-contacts_v1-smoke,iris,NVIDIA H100 80GB HBM3,85.019590656,9.0,g853b26,Linux-6.8.12-680-6063-coreweave-amd64-f81899c8-x86_64-with-glibc2.39,2.10.0+cu128,2026-10-02T18:14:20.995169+00:00,2
AF-A0A1Q9JWD9-F1,228,21,contacts_v1-teacher-forced-step-5,0.16597674999502487,9.247621270013042,0.16665531101170927,exp347-qwen35-0p8b-contacts_v1-smoke,iris,NVIDIA H100 80GB HBM3,85.019590656,9.0,g853b26,Linux-6.8.12-680-6063-coreweave-amd64-f81899c8-x86_64-with-glibc2.39,2.10.0+cu128,2026-10-02T18:14:21.017130+00:00,3
AF-A0A7K0K2J9-F1,430,284,contacts_v1-teacher-forced-step-5,0.14528061001328751,9.379997549986001,0.1464148670202121,exp347-qwen35-0p8b-contacts_v1-smoke,iris,NVIDIA H100 80GB HBM3,85.019590656,9.0,g853b26,Linux-6.8.12-680-6063-coreweave-amd64-f81899c8-x86_64-with-glibc2.39,2.10.0+cu128,2026-10-02T18:14:21.013908+00:00,4
AF-A0A0D7KG49-F1,444,362,contacts_v1-teacher-forced-step-5,0.20297678801580332,9.263055769988568,0.20458489400334656,exp347-qwen35-0p8b-contacts_v1-smoke,iris,NVIDIA H100 80GB HBM3,85.019590656,9.0,g853b26,Linux-6.8.12-680-6063-coreweave-amd64-f81899c8-x86_64-with-glibc2.39,2.10.0+cu128,2026-10-02T18:14:21.059404+00:00,5
AF-A0A2K2UBD9-F1,214,135,contacts_v1-teacher-forced-step-5,0.12731306301429868,9.362903660017764,0.12824732100125402,exp347-qwen35-0p8b-contacts_v1-smoke,iris,NVIDIA H100 80GB HBM3,85.019590656,9.0,g853b26,Linux-6.8.12-680-6063-coreweave-amd64-f81899c8-x86_64-with-glibc2.39,2.10.0+cu128,2026-10-02T18:14:20.979773+00:00,6
AF-W6W933-F1,136,107,contacts_v1-teacher-forced-step-5,0.20089108002139255,9.311875645973487,0.20177373502519913,exp347-qwen35-0p8b-contacts_v1-smoke,iris,NVIDIA H100 80GB HBM3,85.019590656,9.0,g853b26,Linux-6.8.12-680-6063-coreweave-amd64-f81899c8-x86_64-with-glibc2.39,2.10.0+cu128,2026-10-02T18:14:21.053254+00:00,7
AF-A0A2G5TXB3-F1,301,354,prompted-teacher-forced-step-0,38.41704182099784,3.856098166987067,38.417904556990834,exp347-qwen35-0p8b-prompted-1bt,iris,NVIDIA H100 80GB HBM3,85.019590656,9.0,g7387bc,Linux-6.8.12-680-6063-coreweave-amd64-f81899c8-x86_64-with-glibc2.39,2.10.0+cu128,2026-10-02T19:48:59.865769+00:00,0
AF-A0A014MB47-F1,416,441,prompted-teacher-forced-step-0,0.19372991297859699,3.856098166987067,0.19429198899888434,exp347-qwen35-0p8b-prompted-1bt,iris,NVIDIA H100 80GB HBM3,85.019590656,9.0,g7387bc,Linux-6.8.12-680-6063-coreweave-amd64-f81899c8-x86_64-with-glibc2.39,2.10.0+cu128,2026-10-02T19:49:00.060102+00:00,0
AF-A0A4Y1X169-F1,213,34,prompted-teacher-forced-step-0,0.4041307579900604,3.856098166987067,0.4043353860033676,exp347-qwen35-0p8b-prompted-1bt,iris,NVIDIA H100 80GB HBM3,85.019590656,9.0,g7387bc,Linux-6.8.12-680-6063-coreweave-amd64-f81899c8-x86_64-with-glibc2.39,2.10.0+cu128,2026-10-02T19:49:00.464470+00:00,0
AF-A0A2B7Y3R9-F1,225,191,prompted-teacher-forced-step-0,0.159554237005068,3.856098166987067,0.15984541299985722,exp347-qwen35-0p8b-prompted-1bt,iris,NVIDIA H100 80GB HBM3,85.019590656,9.0,g7387bc,Linux-6.8.12-680-6063-coreweave-amd64-f81899c8-x86_64-with-glibc2.39,2.10.0+cu128,2026-10-02T19:49:00.624344+00:00,0
AF-A0A139L7P1-F1,54,45,prompted-teacher-forced-step-0,0.13515072400332429,3.856098166987067,0.13531604697345756,exp347-qwen35-0p8b-prompted-1bt,iris,NVIDIA H100 80GB HBM3,85.019590656,9.0,g7387bc,Linux-6.8.12-680-6063-coreweave-amd64-f81899c8-x86_64-with-glibc2.39,2.10.0+cu128,2026-10-02T19:49:00.759687+00:00,0
AF-E3R5I9-F1,82,46,prompted-teacher-forced-step-0,0.1415157959854696,3.856098166987067,0.14168965598219074,exp347-qwen35-0p8b-prompted-1bt,iris,NVIDIA H100 80GB HBM3,85.019590656,9.0,g7387bc,Linux-6.8.12-680-6063-coreweave-amd64-f81899c8-x86_64-with-glibc2.39,2.10.0+cu128,2026-10-02T19:49:00.901401+00:00,0
AF-A0A1G9FQD9-F1,222,220,prompted-teacher-forced-step-0,0.17720347899012268,3.856098166987067,0.17756696001742966,exp347-qwen35-0p8b-prompted-1bt,iris,NVIDIA H100 80GB HBM3,85.019590656,9.0,g7387bc,Linux-6.8.12-680-6063-coreweave-amd64-f81899c8-x86_64-with-glibc2.39,2.10.0+cu128,2026-10-02T19:49:01.079000+00:00,0
AF-E4X797-F1,210,138,prompted-teacher-forced-step-0,0.1307668880035635,3.856098166987067,0.13108196601388045,exp347-qwen35-0p8b-prompted-1bt,iris,NVIDIA H100 80GB HBM3,85.019590656,9.0,g7387bc,Linux-6.8.12-680-6063-coreweave-amd64-f81899c8-x86_64-with-glibc2.39,2.10.0+cu128,2026-10-02T19:49:01.210120+00:00,0
AF-F7YR68-F1,138,140,prompted-teacher-forced-step-0,40.10661338100908,3.875233329978073,40.10727508098353,exp347-qwen35-0p8b-prompted-1bt,iris,NVIDIA H100 80GB HBM3,85.019590656,9.0,g7387bc,Linux-6.8.12-680-6063-coreweave-amd64-f81899c8-x86_64-with-glibc2.39,2.10.0+cu128,2026-10-02T19:48:59.888044+00:00,1
AF-A0A517MCM5-F1,313,98,prompted-teacher-forced-step-0,0.17881048601702787,3.875233329978073,0.17910653300350532,exp347-qwen35-0p8b-prompted-1bt,iris,NVIDIA H100 80GB HBM3,85.019590656,9.0,g7387bc,Linux-6.8.12-680-6063-coreweave-amd64-f81899c8-x86_64-with-glibc2.39,2.10.0+cu128,2026-10-02T19:49:00.067193+00:00,1
AF-A0A022RVM1-F1,69,20,prompted-teacher-forced-step-0,0.1387918930267915,3.875233329978073,0.13896080499398522,exp347-qwen35-0p8b-prompted-1bt,iris,NVIDIA H100 80GB HBM3,85.019590656,9.0,g7387bc,Linux-6.8.12-680-6063-coreweave-amd64-f81899c8-x86_64-with-glibc2.39,2.10.0+cu128,2026-10-02T19:49:00.206184+00:00,1
AF-A0A560HBG7-F1,159,117,prompted-teacher-forced-step-0,0.18039173501892947,3.875233329978073,0.18070156700559892,exp347-qwen35-0p8b-prompted-1bt,iris,NVIDIA H100 80GB HBM3,85.019590656,9.0,g7387bc,Linux-6.8.12-680-6063-coreweave-amd64-f81899c8-x86_64-with-glibc2.39,2.10.0+cu128,2026-10-02T19:49:00.386928+00:00,1
AF-A0A2V4YI01-F1,285,218,prompted-teacher-forced-step-0,0.18676747899735346,3.875233329978073,0.1871405600104481,exp347-qwen35-0p8b-prompted-1bt,iris,NVIDIA H100 80GB HBM3,85.019590656,9.0,g7387bc,Linux-6.8.12-680-6063-coreweave-amd64-f81899c8-x86_64-with-glibc2.39,2.10.0+cu128,2026-10-02T19:49:00.574103+00:00,1
AF-A0A644W2M4-F1,62,53,prompted-teacher-forced-step-0,0.15630071301711723,3.875233329978073,0.1564827830006834,exp347-qwen35-0p8b-prompted-1bt,iris,NVIDIA H100 80GB HBM3,85.019590656,9.0,g7387bc,Linux-6.8.12-680-6063-coreweave-amd64-f81899c8-x86_64-with-glibc2.39,2.10.0+cu128,2026-10-02T19:49:00.730617+00:00,1
AF-A0A3C0I535-F1,137,100,prompted-teacher-forced-step-0,0.16255856599309482,3.875233329978073,0.16278806299669668,exp347-qwen35-0p8b-prompted-1bt,iris,NVIDIA H100 80GB HBM3,85.019590656,9.0,g7387bc,Linux-6.8.12-680-6063-coreweave-amd64-f81899c8-x86_64-with-glibc2.39,2.10.0+cu128,2026-10-02T19:49:00.893436+00:00,1
AF-A0A099T554-F1,93,89,prompted-teacher-forced-step-0,0.14101353898877278,3.875233329978073,0.14127534101135097,exp347-qwen35-0p8b-prompted-1bt,iris,NVIDIA H100 80GB HBM3,85.019590656,9.0,g7387bc,Linux-6.8.12-680-6063-coreweave-amd64-f81899c8-x86_64-with-glibc2.39,2.10.0+cu128,2026-10-02T19:49:01.034750+00:00,1
AF-A0A329P9E8-F1,336,279,prompted-teacher-forced-step-0,39.95997747799265,3.8746690440166276,39.96112350397743,exp347-qwen35-0p8b-prompted-1bt,iris,NVIDIA H100 80GB HBM3,85.019590656,9.0,g7387bc,Linux-6.8.12-680-6063-coreweave-amd64-f81899c8-x86_64-with-glibc2.39,2.10.0+cu128,2026-10-02T19:48:59.778188+00:00,2
AF-A0A6L7KYZ3-F1,187,80,prompted-teacher-forced-step-0,0.273648572008824,3.8746690440166276,0.2739486990030855,exp347-qwen35-0p8b-prompted-1bt,iris,NVIDIA H100 80GB HBM3,85.019590656,9.0,g7387bc,Linux-6.8.12-680-6063-coreweave-amd64-f81899c8-x86_64-with-glibc2.39,2.10.0+cu128,2026-10-02T19:49:00.052180+00:00,2
AF-A0A7C7ZI64-F1,61,32,prompted-teacher-forced-step-0,0.17575064601260237,3.8746690440166276,0.1759185169939883,exp347-qwen35-0p8b-prompted-1bt,iris,NVIDIA H100 80GB HBM3,85.019590656,9.0,g7387bc,Linux-6.8.12-680-6063-coreweave-amd64-f81899c8-x86_64-with-glibc2.39,2.10.0+cu128,2026-10-02T19:49:00.228125+00:00,2
AF-A0A2I1KQH6-F1,189,101,prompted-teacher-forced-step-0,0.17007943001226522,3.8746690440166276,0.17032070498680696,exp347-qwen35-0p8b-prompted-1bt,iris,NVIDIA H100 80GB HBM3,85.019590656,9.0,g7387bc,Linux-6.8.12-680-6063-coreweave-amd64-f81899c8-x86_64-with-glibc2.39,2.10.0+cu128,2026-10-02T19:49:00.398474+00:00,2
AF-A0A1F3B4X3-F1,73,22,prompted-teacher-forced-step-0,0.14552342297974974,3.8746690440166276,0.1456859179888852,exp347-qwen35-0p8b-prompted-1bt,iris,NVIDIA H100 80GB HBM3,85.019590656,9.0,g7387bc,Linux-6.8.12-680-6063-coreweave-amd64-f81899c8-x86_64-with-glibc2.39,2.10.0+cu128,2026-10-02T19:49:00.544189+00:00,2
AF-A0A250XX09-F1,250,178,prompted-teacher-forced-step-0,0.15196789900073782,3.8746690440166276,0.15227512599085458,exp347-qwen35-0p8b-prompted-1bt,iris,NVIDIA H100 80GB HBM3,85.019590656,9.0,g7387bc,Linux-6.8.12-680-6063-coreweave-amd64-f81899c8-x86_64-with-glibc2.39,2.10.0+cu128,2026-10-02T19:49:00.696490+00:00,2
AF-T0ZQV0-F1,93,60,prompted-teacher-forced-step-0,0.1728070069802925,3.8746690440166276,0.17301422500167973,exp347-qwen35-0p8b-prompted-1bt,iris,NVIDIA H100 80GB HBM3,85.019590656,9.0,g7387bc,Linux-6.8.12-680-6063-coreweave-amd64-f81899c8-x86_64-with-glibc2.39,2.10.0+cu128,2026-10-02T19:49:00.869542+00:00,2
AF-T2IKF7-F1,45,2,prompted-teacher-forced-step-0,0.10192426000139676,3.8746690440166276,0.1020789050089661,exp347-qwen35-0p8b-prompted-1bt,iris,NVIDIA H100 80GB HBM3,85.019590656,9.0,g7387bc,Linux-6.8.12-680-6063-coreweave-amd64-f81899c8-x86_64-with-glibc2.39,2.10.0+cu128,2026-10-02T19:49:00.971658+00:00,2
AF-A0A1Q9JWD9-F1,228,21,prompted-teacher-forced-step-0,40.24952238201513,3.8732382339949254,40.25011618700228,exp347-qwen35-0p8b-prompted-1bt,iris,NVIDIA H100 80GB HBM3,85.019590656,9.0,g7387bc,Linux-6.8.12-680-6063-coreweave-amd64-f81899c8-x86_64-with-glibc2.39,2.10.0+cu128,2026-10-02T19:49:00.025531+00:00,3
AF-A0A353A268-F1,178,94,prompted-teacher-forced-step-0,0.17034979001618922,3.8732382339949254,0.17072359699523076,exp347-qwen35-0p8b-prompted-1bt,iris,NVIDIA H100 80GB HBM3,85.019590656,9.0,g7387bc,Linux-6.8.12-680-6063-coreweave-amd64-f81899c8-x86_64-with-glibc2.39,2.10.0+cu128,2026-10-02T19:49:00.196295+00:00,3
AF-A0A3C1A686-F1,144,73,prompted-teacher-forced-step-0,0.13864897601888515,3.8732382339949254,0.13890971700311638,exp347-qwen35-0p8b-prompted-1bt,iris,NVIDIA H100 80GB HBM3,85.019590656,9.0,g7387bc,Linux-6.8.12-680-6063-coreweave-amd64-f81899c8-x86_64-with-glibc2.39,2.10.0+cu128,2026-10-02T19:49:00.335243+00:00,3
AF-A0A7C6AI96-F1,103,92,prompted-teacher-forced-step-0,0.12889493597322144,3.8732382339949254,0.1290973760187626,exp347-qwen35-0p8b-prompted-1bt,iris,NVIDIA H100 80GB HBM3,85.019590656,9.0,g7387bc,Linux-6.8.12-680-6063-coreweave-amd64-f81899c8-x86_64-with-glibc2.39,2.10.0+cu128,2026-10-02T19:49:00.464377+00:00,3
AF-R7IWV1-F1,257,188,prompted-teacher-forced-step-0,0.16596649299026467,3.8732382339949254,0.16626607099897228,exp347-qwen35-0p8b-prompted-1bt,iris,NVIDIA H100 80GB HBM3,85.019590656,9.0,g7387bc,Linux-6.8.12-680-6063-coreweave-amd64-f81899c8-x86_64-with-glibc2.39,2.10.0+cu128,2026-10-02T19:49:00.630674+00:00,3
AF-A0A353CVU6-F1,114,48,prompted-teacher-forced-step-0,0.1532315920048859,3.8732382339949254,0.15342012600740418,exp347-qwen35-0p8b-prompted-1bt,iris,NVIDIA H100 80GB HBM3,85.019590656,9.0,g7387bc,Linux-6.8.12-680-6063-coreweave-amd64-f81899c8-x86_64-with-glibc2.39,2.10.0+cu128,2026-10-02T19:49:00.784125+00:00,3
AF-D6TBB2-F1,176,84,prompted-teacher-forced-step-0,0.15267445798963308,3.8732382339949254,0.1529184420069214,exp347-qwen35-0p8b-prompted-1bt,iris,NVIDIA H100 80GB HBM3,85.019590656,9.0,g7387bc,Linux-6.8.12-680-6063-coreweave-amd64-f81899c8-x86_64-with-glibc2.39,2.10.0+cu128,2026-10-02T19:49:00.937074+00:00,3
AF-E1W5V4-F1,74,59,prompted-teacher-forced-step-0,0.16121902299346402,3.8732382339949254,0.16141638800036162,exp347-qwen35-0p8b-prompted-1bt,iris,NVIDIA H100 80GB HBM3,85.019590656,9.0,g7387bc,Linux-6.8.12-680-6063-coreweave-amd64-f81899c8-x86_64-with-glibc2.39,2.10.0+cu128,2026-10-02T19:49:01.098523+00:00,3
AF-A0A7K0K2J9-F1,430,284,prompted-teacher-forced-step-0,40.06478140997933,3.8788959899975453,40.06572109198896,exp347-qwen35-0p8b-prompted-1bt,iris,NVIDIA H100 80GB HBM3,85.019590656,9.0,g7387bc,Linux-6.8.12-680-6063-coreweave-amd64-f81899c8-x86_64-with-glibc2.39,2.10.0+cu128,2026-10-02T19:48:59.877975+00:00,4
AF-A0A7V8YIG4-F1,198,130,prompted-teacher-forced-step-0,0.20365588800632395,3.8788959899975453,0.20403333602007478,exp347-qwen35-0p8b-prompted-1bt,iris,NVIDIA H100 80GB HBM3,85.019590656,9.0,g7387bc,Linux-6.8.12-680-6063-coreweave-amd64-f81899c8-x86_64-with-glibc2.39,2.10.0+cu128,2026-10-02T19:49:00.082056+00:00,4
AF-A0A2Y9AAL4-F1,108,38,prompted-teacher-forced-step-0,0.21724303998053074,3.8788959899975453,0.21744593500625342,exp347-qwen35-0p8b-prompted-1bt,iris,NVIDIA H100 80GB HBM3,85.019590656,9.0,g7387bc,Linux-6.8.12-680-6063-coreweave-amd64-f81899c8-x86_64-with-glibc2.39,2.10.0+cu128,2026-10-02T19:49:00.299533+00:00,4
AF-A0A258EL83-F1,151,83,prompted-teacher-forced-step-0,0.14527250098763034,3.8788959899975453,0.14554965600837022,exp347-qwen35-0p8b-prompted-1bt,iris,NVIDIA H100 80GB HBM3,85.019590656,9.0,g7387bc,Linux-6.8.12-680-6063-coreweave-amd64-f81899c8-x86_64-with-glibc2.39,2.10.0+cu128,2026-10-02T19:49:00.445120+00:00,4
AF-A0A6S6V153-F1,345,391,prompted-teacher-forced-step-0,0.17663259999244474,3.8788959899975453,0.17713980801636353,exp347-qwen35-0p8b-prompted-1bt,iris,NVIDIA H100 80GB HBM3,85.019590656,9.0,g7387bc,Linux-6.8.12-680-6063-coreweave-amd64-f81899c8-x86_64-with-glibc2.39,2.10.0+cu128,2026-10-02T19:49:00.622293+00:00,4
AF-A0A507FLD2-F1,245,186,prompted-teacher-forced-step-0,0.16564684599870816,3.8788959899975453,0.16597509500570595,exp347-qwen35-0p8b-prompted-1bt,iris,NVIDIA H100 80GB HBM3,85.019590656,9.0,g7387bc,Linux-6.8.12-680-6063-coreweave-amd64-f81899c8-x86_64-with-glibc2.39,2.10.0+cu128,2026-10-02T19:49:00.788305+00:00,4
AF-A0A7Z9H0Q6-F1,254,203,prompted-teacher-forced-step-0,0.18289136700332165,3.8788959899975453,0.18326718799653463,exp347-qwen35-0p8b-prompted-1bt,iris,NVIDIA H100 80GB HBM3,85.019590656,9.0,g7387bc,Linux-6.8.12-680-6063-coreweave-amd64-f81899c8-x86_64-with-glibc2.39,2.10.0+cu128,2026-10-02T19:49:00.971615+00:00,4
AF-A0A7J9QUE1-F1,376,358,prompted-teacher-forced-step-0,0.1662387469841633,3.8788959899975453,0.16678571898955852,exp347-qwen35-0p8b-prompted-1bt,iris,NVIDIA H100 80GB HBM3,85.019590656,9.0,g7387bc,Linux-6.8.12-680-6063-coreweave-amd64-f81899c8-x86_64-with-glibc2.39,2.10.0+cu128,2026-10-02T19:49:01.138447+00:00,4
AF-A0A0D7KG49-F1,444,362,prompted-teacher-forced-step-0,40.009418622998055,3.8761603320017457,40.01036317399121,exp347-qwen35-0p8b-prompted-1bt,iris,NVIDIA H100 80GB HBM3,85.019590656,9.0,g7387bc,Linux-6.8.12-680-6063-coreweave-amd64-f81899c8-x86_64-with-glibc2.39,2.10.0+cu128,2026-10-02T19:48:59.865973+00:00,5
AF-A0A453T4R8-F1,491,563,prompted-teacher-forced-step-0,9.208134939981392,3.8761603320017457,9.208859087986639,exp347-qwen35-0p8b-prompted-1bt,iris,NVIDIA H100 80GB HBM3,85.019590656,9.0,g7387bc,Linux-6.8.12-680-6063-coreweave-amd64-f81899c8-x86_64-with-glibc2.39,2.10.0+cu128,2026-10-02T19:49:09.074889+00:00,5
AF-A0A349VRT4-F1,115,88,prompted-teacher-forced-step-0,0.14122119499370456,3.8761603320017457,0.14141407501301728,exp347-qwen35-0p8b-prompted-1bt,iris,NVIDIA H100 80GB HBM3,85.019590656,9.0,g7387bc,Linux-6.8.12-680-6063-coreweave-amd64-f81899c8-x86_64-with-glibc2.39,2.10.0+cu128,2026-10-02T19:49:09.216334+00:00,5
AF-A0A327S2E5-F1,497,390,prompted-teacher-forced-step-0,0.17235062702093273,3.8761603320017457,0.172857218014542,exp347-qwen35-0p8b-prompted-1bt,iris,NVIDIA H100 80GB HBM3,85.019590656,9.0,g7387bc,Linux-6.8.12-680-6063-coreweave-amd64-f81899c8-x86_64-with-glibc2.39,2.10.0+cu128,2026-10-02T19:49:09.389214+00:00,5
AF-A0A249PTA9-F1,290,273,prompted-teacher-forced-step-0,0.13282436798908748,3.8761603320017457,0.13319703500019386,exp347-qwen35-0p8b-prompted-1bt,iris,NVIDIA H100 80GB HBM3,85.019590656,9.0,g7387bc,Linux-6.8.12-680-6063-coreweave-amd64-f81899c8-x86_64-with-glibc2.39,2.10.0+cu128,2026-10-02T19:49:09.522434+00:00,5
AF-A0A448MIS6-F1,214,157,prompted-teacher-forced-step-0,0.13905666701612063,3.8761603320017457,0.13930828199954703,exp347-qwen35-0p8b-prompted-1bt,iris,NVIDIA H100 80GB HBM3,85.019590656,9.0,g7387bc,Linux-6.8.12-680-6063-coreweave-amd64-f81899c8-x86_64-with-glibc2.39,2.10.0+cu128,2026-10-02T19:49:09.661762+00:00,5
AF-A0A381FIK0-F1,309,262,prompted-teacher-forced-step-0,0.12522901300690137,3.8761603320017457,0.12560247900546528,exp347-qwen35-0p8b-prompted-1bt,iris,NVIDIA H100 80GB HBM3,85.019590656,9.0,g7387bc,Linux-6.8.12-680-6063-coreweave-amd64-f81899c8-x86_64-with-glibc2.39,2.10.0+cu128,2026-10-02T19:49:09.787385+00:00,5
AF-A0A381S3C4-F1,237,152,prompted-teacher-forced-step-0,0.1382779729901813,3.8761603320017457,0.138562111009378,exp347-qwen35-0p8b-prompted-1bt,iris,NVIDIA H100 80GB HBM3,85.019590656,9.0,g7387bc,Linux-6.8.12-680-6063-coreweave-amd64-f81899c8-x86_64-with-glibc2.39,2.10.0+cu128,2026-10-02T19:49:09.925969+00:00,5
AF-A0A2K2UBD9-F1,214,135,prompted-teacher-forced-step-0,39.95467939399532,3.8901537909987383,39.955566929013,exp347-qwen35-0p8b-prompted-1bt,iris,NVIDIA H100 80GB HBM3,85.019590656,9.0,g7387bc,Linux-6.8.12-680-6063-coreweave-amd64-f81899c8-x86_64-with-glibc2.39,2.10.0+cu128,2026-10-02T19:48:59.748139+00:00,6
AF-A0A1Q3J7A2-F1,253,172,prompted-teacher-forced-step-0,0.15169040398905054,3.8901537909987383,0.15204992800136097,exp347-qwen35-0p8b-prompted-1bt,iris,NVIDIA H100 80GB HBM3,85.019590656,9.0,g7387bc,Linux-6.8.12-680-6063-coreweave-amd64-f81899c8-x86_64-with-glibc2.39,2.10.0+cu128,2026-10-02T19:48:59.900236+00:00,6
AF-A0A0D2V2H5-F1,211,207,prompted-teacher-forced-step-0,0.17473411798710003,3.8901537909987383,0.17504013900179416,exp347-qwen35-0p8b-prompted-1bt,iris,NVIDIA H100 80GB HBM3,85.019590656,9.0,g7387bc,Linux-6.8.12-680-6063-coreweave-amd64-f81899c8-x86_64-with-glibc2.39,2.10.0+cu128,2026-10-02T19:49:00.075307+00:00,6
AF-A0A510Y3K9-F1,99,75,prompted-teacher-forced-step-0,0.203471745015122,3.8901537909987383,0.20365786697948352,exp347-qwen35-0p8b-prompted-1bt,iris,NVIDIA H100 80GB HBM3,85.019590656,9.0,g7387bc,Linux-6.8.12-680-6063-coreweave-amd64-f81899c8-x86_64-with-glibc2.39,2.10.0+cu128,2026-10-02T19:49:00.278992+00:00,6
AF-A0A258JYT4-F1,102,61,prompted-teacher-forced-step-0,0.29384405000018887,3.8901537909987383,0.2940305139927659,exp347-qwen35-0p8b-prompted-1bt,iris,NVIDIA H100 80GB HBM3,85.019590656,9.0,g7387bc,Linux-6.8.12-680-6063-coreweave-amd64-f81899c8-x86_64-with-glibc2.39,2.10.0+cu128,2026-10-02T19:49:00.573050+00:00,6
AF-A0A2G3DY30-F1,498,659,prompted-teacher-forced-step-0,8.481597683014115,3.8901537909987383,8.482328772981418,exp347-qwen35-0p8b-prompted-1bt,iris,NVIDIA H100 80GB HBM3,85.019590656,9.0,g7387bc,Linux-6.8.12-680-6063-coreweave-amd64-f81899c8-x86_64-with-glibc2.39,2.10.0+cu128,2026-10-02T19:49:09.055410+00:00,6
AF-F6GK51-F1,76,12,prompted-teacher-forced-step-0,0.10338641901034862,3.8901537909987383,0.10351447900757194,exp347-qwen35-0p8b-prompted-1bt,iris,NVIDIA H100 80GB HBM3,85.019590656,9.0,g7387bc,Linux-6.8.12-680-6063-coreweave-amd64-f81899c8-x86_64-with-glibc2.39,2.10.0+cu128,2026-10-02T19:49:09.158951+00:00,6
AF-A0A7U6HCV9-F1,115,48,prompted-teacher-forced-step-0,0.14580880000721663,3.8901537909987383,0.14595474800444208,exp347-qwen35-0p8b-prompted-1bt,iris,NVIDIA H100 80GB HBM3,85.019590656,9.0,g7387bc,Linux-6.8.12-680-6063-coreweave-amd64-f81899c8-x86_64-with-glibc2.39,2.10.0+cu128,2026-10-02T19:49:09.304926+00:00,6
AF-W6W933-F1,136,107,prompted-teacher-forced-step-0,40.05805918099941,3.873473435989581,40.05872179099242,exp347-qwen35-0p8b-prompted-1bt,iris,NVIDIA H100 80GB HBM3,85.019590656,9.0,g7387bc,Linux-6.8.12-680-6063-coreweave-amd64-f81899c8-x86_64-with-glibc2.39,2.10.0+cu128,2026-10-02T19:48:59.836115+00:00,7
AF-A0A6P6VK21-F1,299,207,prompted-teacher-forced-step-0,0.17913796202628873,3.873473435989581,0.1795352589979302,exp347-qwen35-0p8b-prompted-1bt,iris,NVIDIA H100 80GB HBM3,85.019590656,9.0,g7387bc,Linux-6.8.12-680-6063-coreweave-amd64-f81899c8-x86_64-with-glibc2.39,2.10.0+cu128,2026-10-02T19:49:00.015694+00:00,7
AF-A0A4S3M068-F1,256,99,prompted-teacher-forced-step-0,0.18733027100097388,3.873473435989581,0.18759809198672883,exp347-qwen35-0p8b-prompted-1bt,iris,NVIDIA H100 80GB HBM3,85.019590656,9.0,g7387bc,Linux-6.8.12-680-6063-coreweave-amd64-f81899c8-x86_64-with-glibc2.39,2.10.0+cu128,2026-10-02T19:49:00.203325+00:00,7
AF-A0A841DCA6-F1,312,181,prompted-teacher-forced-step-0,0.15820251498371363,3.873473435989581,0.1585679450072348,exp347-qwen35-0p8b-prompted-1bt,iris,NVIDIA H100 80GB HBM3,85.019590656,9.0,g7387bc,Linux-6.8.12-680-6063-coreweave-amd64-f81899c8-x86_64-with-glibc2.39,2.10.0+cu128,2026-10-02T19:49:00.361936+00:00,7
AF-K2EZX8-F1,62,50,prompted-teacher-forced-step-0,0.15808492299402133,3.873473435989581,0.15829498899984173,exp347-qwen35-0p8b-prompted-1bt,iris,NVIDIA H100 80GB HBM3,85.019590656,9.0,g7387bc,Linux-6.8.12-680-6063-coreweave-amd64-f81899c8-x86_64-with-glibc2.39,2.10.0+cu128,2026-10-02T19:49:00.520265+00:00,7
AF-A0A7X1U092-F1,131,39,prompted-teacher-forced-step-0,0.20439655298832804,3.873473435989581,0.20457693698699586,exp347-qwen35-0p8b-prompted-1bt,iris,NVIDIA H100 80GB HBM3,85.019590656,9.0,g7387bc,Linux-6.8.12-680-6063-coreweave-amd64-f81899c8-x86_64-with-glibc2.39,2.10.0+cu128,2026-10-02T19:49:00.724873+00:00,7
AF-A0A485BEV2-F1,197,105,prompted-teacher-forced-step-0,0.1793003010097891,3.873473435989581,0.17952597799012437,exp347-qwen35-0p8b-prompted-1bt,iris,NVIDIA H100 80GB HBM3,85.019590656,9.0,g7387bc,Linux-6.8.12-680-6063-coreweave-amd64-f81899c8-x86_64-with-glibc2.39,2.10.0+cu128,2026-10-02T19:49:00.904428+00:00,7
AF-A0A7X7PAJ5-F1,107,106,prompted-teacher-forced-step-0,0.15251127700321376,3.873473435989581,0.15283393798745237,exp347-qwen35-0p8b-prompted-1bt,iris,NVIDIA H100 80GB HBM3,85.019590656,9.0,g7387bc,Linux-6.8.12-680-6063-coreweave-amd64-f81899c8-x86_64-with-glibc2.39,2.10.0+cu128,2026-10-02T19:49:01.057312+00:00,7
AF-A0A2G5TXB3-F1,301,354,contacts_v1-teacher-forced-step-0,38.82837018399732,6.65594499999861,38.829791550000664,exp347-qwen35-2b-contacts_v1-1bt,iris,NVIDIA H100 80GB HBM3,85.019590656,9.0,g83b4e8,Linux-6.8.12-680-6063-coreweave-amd64-f81899c8-x86_64-with-glibc2.39,2.10.0+cu128,2026-10-02T19:00:39.354008+00:00,0
AF-A0A014MB47-F1,416,441,contacts_v1-teacher-forced-step-0,0.2635068039962789,6.65594499999861,0.26546415500342846,exp347-qwen35-2b-contacts_v1-1bt,iris,NVIDIA H100 80GB HBM3,85.019590656,9.0,g83b4e8,Linux-6.8.12-680-6063-coreweave-amd64-f81899c8-x86_64-with-glibc2.39,2.10.0+cu128,2026-10-02T19:00:39.619516+00:00,0
AF-A0A4Y1X169-F1,213,34,contacts_v1-teacher-forced-step-0,0.15445900700433413,6.65594499999861,0.15498516299703624,exp347-qwen35-2b-contacts_v1-1bt,iris,NVIDIA H100 80GB HBM3,85.019590656,9.0,g83b4e8,Linux-6.8.12-680-6063-coreweave-amd64-f81899c8-x86_64-with-glibc2.39,2.10.0+cu128,2026-10-02T19:00:39.774535+00:00,0
AF-A0A2B7Y3R9-F1,225,191,contacts_v1-teacher-forced-step-0,0.21034877499914728,6.65594499999861,0.21119743000599556,exp347-qwen35-2b-contacts_v1-1bt,iris,NVIDIA H100 80GB HBM3,85.019590656,9.0,g83b4e8,Linux-6.8.12-680-6063-coreweave-amd64-f81899c8-x86_64-with-glibc2.39,2.10.0+cu128,2026-10-02T19:00:39.985767+00:00,0
AF-A0A139L7P1-F1,54,45,contacts_v1-teacher-forced-step-0,0.1607856359987636,6.65594499999861,0.16107188400201267,exp347-qwen35-2b-contacts_v1-1bt,iris,NVIDIA H100 80GB HBM3,85.019590656,9.0,g83b4e8,Linux-6.8.12-680-6063-coreweave-amd64-f81899c8-x86_64-with-glibc2.39,2.10.0+cu128,2026-10-02T19:00:40.146874+00:00,0
AF-E3R5I9-F1,82,46,contacts_v1-teacher-forced-step-0,0.15496967799845152,6.65594499999861,0.15527371899952414,exp347-qwen35-2b-contacts_v1-1bt,iris,NVIDIA H100 80GB HBM3,85.019590656,9.0,g83b4e8,Linux-6.8.12-680-6063-coreweave-amd64-f81899c8-x86_64-with-glibc2.39,2.10.0+cu128,2026-10-02T19:00:40.302180+00:00,0
AF-A0A1G9FQD9-F1,222,220,contacts_v1-teacher-forced-step-0,0.20182331500109285,6.65594499999861,0.20256857100321213,exp347-qwen35-2b-contacts_v1-1bt,iris,NVIDIA H100 80GB HBM3,85.019590656,9.0,g83b4e8,Linux-6.8.12-680-6063-coreweave-amd64-f81899c8-x86_64-with-glibc2.39,2.10.0+cu128,2026-10-02T19:00:40.504782+00:00,0
AF-E4X797-F1,210,138,contacts_v1-teacher-forced-step-0,0.13575500599836232,6.65594499999861,0.1363838340039365,exp347-qwen35-2b-contacts_v1-1bt,iris,NVIDIA H100 80GB HBM3,85.019590656,9.0,g83b4e8,Linux-6.8.12-680-6063-coreweave-amd64-f81899c8-x86_64-with-glibc2.39,2.10.0+cu128,2026-10-02T19:00:40.641202+00:00,0
AF-F7YR68-F1,138,140,contacts_v1-teacher-forced-step-0,40.42636468300043,6.655156007996993,40.427391977005755,exp347-qwen35-2b-contacts_v1-1bt,iris,NVIDIA H100 80GB HBM3,85.019590656,9.0,g83b4e8,Linux-6.8.12-680-6063-coreweave-amd64-f81899c8-x86_64-with-glibc2.39,2.10.0+cu128,2026-10-02T19:00:39.277497+00:00,1
AF-A0A517MCM5-F1,313,98,contacts_v1-teacher-forced-step-0,0.20469241899991175,6.655156007996993,0.20550045600248268,exp347-qwen35-2b-contacts_v1-1bt,iris,NVIDIA H100 80GB HBM3,85.019590656,9.0,g83b4e8,Linux-6.8.12-680-6063-coreweave-amd64-f81899c8-x86_64-with-glibc2.39,2.10.0+cu128,2026-10-02T19:00:39.483044+00:00,1
AF-A0A022RVM1-F1,69,20,contacts_v1-teacher-forced-step-0,0.16463532199850306,6.655156007996993,0.164985395000258,exp347-qwen35-2b-contacts_v1-1bt,iris,NVIDIA H100 80GB HBM3,85.019590656,9.0,g83b4e8,Linux-6.8.12-680-6063-coreweave-amd64-f81899c8-x86_64-with-glibc2.39,2.10.0+cu128,2026-10-02T19:00:39.648078+00:00,1
AF-A0A560HBG7-F1,159,117,contacts_v1-teacher-forced-step-0,0.13578202400094597,6.655156007996993,0.1364419339952292,exp347-qwen35-2b-contacts_v1-1bt,iris,NVIDIA H100 80GB HBM3,85.019590656,9.0,g83b4e8,Linux-6.8.12-680-6063-coreweave-amd64-f81899c8-x86_64-with-glibc2.39,2.10.0+cu128,2026-10-02T19:00:39.784547+00:00,1
AF-A0A2V4YI01-F1,285,218,contacts_v1-teacher-forced-step-0,0.2083285840053577,6.655156007996993,0.2091592480064719,exp347-qwen35-2b-contacts_v1-1bt,iris,NVIDIA H100 80GB HBM3,85.019590656,9.0,g83b4e8,Linux-6.8.12-680-6063-coreweave-amd64-f81899c8-x86_64-with-glibc2.39,2.10.0+cu128,2026-10-02T19:00:39.993735+00:00,1
AF-A0A644W2M4-F1,62,53,contacts_v1-teacher-forced-step-0,0.19318050000583753,6.655156007996993,0.19347949499933748,exp347-qwen35-2b-contacts_v1-1bt,iris,NVIDIA H100 80GB HBM3,85.019590656,9.0,g83b4e8,Linux-6.8.12-680-6063-coreweave-amd64-f81899c8-x86_64-with-glibc2.39,2.10.0+cu128,2026-10-02T19:00:40.187242+00:00,1
AF-A0A3C0I535-F1,137,100,contacts_v1-teacher-forced-step-0,0.18777904200396733,6.655156007996993,0.18825264200131642,exp347-qwen35-2b-contacts_v1-1bt,iris,NVIDIA H100 80GB HBM3,85.019590656,9.0,g83b4e8,Linux-6.8.12-680-6063-coreweave-amd64-f81899c8-x86_64-with-glibc2.39,2.10.0+cu128,2026-10-02T19:00:40.375516+00:00,1
AF-A0A099T554-F1,93,89,contacts_v1-teacher-forced-step-0,0.16517125200334704,6.655156007996993,0.16556174899596954,exp347-qwen35-2b-contacts_v1-1bt,iris,NVIDIA H100 80GB HBM3,85.019590656,9.0,g83b4e8,Linux-6.8.12-680-6063-coreweave-amd64-f81899c8-x86_64-with-glibc2.39,2.10.0+cu128,2026-10-02T19:00:40.541099+00:00,1
AF-A0A329P9E8-F1,336,279,contacts_v1-teacher-forced-step-0,40.43654958299885,6.650783959994442,40.437848385001416,exp347-qwen35-2b-contacts_v1-1bt,iris,NVIDIA H100 80GB HBM3,85.019590656,9.0,g83b4e8,Linux-6.8.12-680-6063-coreweave-amd64-f81899c8-x86_64-with-glibc2.39,2.10.0+cu128,2026-10-02T19:00:39.284829+00:00,2
AF-A0A6L7KYZ3-F1,187,80,contacts_v1-teacher-forced-step-0,0.17403210399788804,6.650783959994442,0.17463785799918696,exp347-qwen35-2b-contacts_v1-1bt,iris,NVIDIA H100 80GB HBM3,85.019590656,9.0,g83b4e8,Linux-6.8.12-680-6063-coreweave-amd64-f81899c8-x86_64-with-glibc2.39,2.10.0+cu128,2026-10-02T19:00:39.459507+00:00,2
AF-A0A7C7ZI64-F1,61,32,contacts_v1-teacher-forced-step-0,0.21461662100045942,6.650783959994442,0.21486984700459288,exp347-qwen35-2b-contacts_v1-1bt,iris,NVIDIA H100 80GB HBM3,85.019590656,9.0,g83b4e8,Linux-6.8.12-680-6063-coreweave-amd64-f81899c8-x86_64-with-glibc2.39,2.10.0+cu128,2026-10-02T19:00:39.674413+00:00,2
AF-A0A2I1KQH6-F1,189,101,contacts_v1-teacher-forced-step-0,0.19888453900057357,6.650783959994442,0.19944503299484495,exp347-qwen35-2b-contacts_v1-1bt,iris,NVIDIA H100 80GB HBM3,85.019590656,9.0,g83b4e8,Linux-6.8.12-680-6063-coreweave-amd64-f81899c8-x86_64-with-glibc2.39,2.10.0+cu128,2026-10-02T19:00:39.873891+00:00,2
AF-A0A1F3B4X3-F1,73,22,contacts_v1-teacher-forced-step-0,0.1717964870040305,6.650783959994442,0.17207641300046816,exp347-qwen35-2b-contacts_v1-1bt,iris,NVIDIA H100 80GB HBM3,85.019590656,9.0,g83b4e8,Linux-6.8.12-680-6063-coreweave-amd64-f81899c8-x86_64-with-glibc2.39,2.10.0+cu128,2026-10-02T19:00:40.046002+00:00,2
AF-A0A250XX09-F1,250,178,contacts_v1-teacher-forced-step-0,0.1712632790004136,6.650783959994442,0.17198242800077423,exp347-qwen35-2b-contacts_v1-1bt,iris,NVIDIA H100 80GB HBM3,85.019590656,9.0,g83b4e8,Linux-6.8.12-680-6063-coreweave-amd64-f81899c8-x86_64-with-glibc2.39,2.10.0+cu128,2026-10-02T19:00:40.218017+00:00,2
AF-T0ZQV0-F1,93,60,contacts_v1-teacher-forced-step-0,0.20316255500074476,6.650783959994442,0.2035234940049122,exp347-qwen35-2b-contacts_v1-1bt,iris,NVIDIA H100 80GB HBM3,85.019590656,9.0,g83b4e8,Linux-6.8.12-680-6063-coreweave-amd64-f81899c8-x86_64-with-glibc2.39,2.10.0+cu128,2026-10-02T19:00:40.421576+00:00,2
AF-T2IKF7-F1,45,2,contacts_v1-teacher-forced-step-0,0.3336075959959999,6.650783959994442,0.33382626599632204,exp347-qwen35-2b-contacts_v1-1bt,iris,NVIDIA H100 80GB HBM3,85.019590656,9.0,g83b4e8,Linux-6.8.12-680-6063-coreweave-amd64-f81899c8-x86_64-with-glibc2.39,2.10.0+cu128,2026-10-02T19:00:40.755433+00:00,2
AF-A0A1Q9JWD9-F1,228,21,contacts_v1-teacher-forced-step-0,40.552712323995365,6.654365032001806,40.553518171996984,exp347-qwen35-2b-contacts_v1-1bt,iris,NVIDIA H100 80GB HBM3,85.019590656,9.0,g83b4e8,Linux-6.8.12-680-6063-coreweave-amd64-f81899c8-x86_64-with-glibc2.39,2.10.0+cu128,2026-10-02T19:00:39.395325+00:00,3
AF-A0A353A268-F1,178,94,contacts_v1-teacher-forced-step-0,0.16332449900073698,6.654365032001806,0.16391581999778282,exp347-qwen35-2b-contacts_v1-1bt,iris,NVIDIA H100 80GB HBM3,85.019590656,9.0,g83b4e8,Linux-6.8.12-680-6063-coreweave-amd64-f81899c8-x86_64-with-glibc2.39,2.10.0+cu128,2026-10-02T19:00:39.559284+00:00,3
AF-A0A3C1A686-F1,144,73,contacts_v1-teacher-forced-step-0,0.13329528200119967,6.654365032001806,0.13374241300334688,exp347-qwen35-2b-contacts_v1-1bt,iris,NVIDIA H100 80GB HBM3,85.019590656,9.0,g83b4e8,Linux-6.8.12-680-6063-coreweave-amd64-f81899c8-x86_64-with-glibc2.39,2.10.0+cu128,2026-10-02T19:00:39.693060+00:00,3
AF-A0A7C6AI96-F1,103,92,contacts_v1-teacher-forced-step-0,0.175023030002194,6.654365032001806,0.1754651709998143,exp347-qwen35-2b-contacts_v1-1bt,iris,NVIDIA H100 80GB HBM3,85.019590656,9.0,g83b4e8,Linux-6.8.12-680-6063-coreweave-amd64-f81899c8-x86_64-with-glibc2.39,2.10.0+cu128,2026-10-02T19:00:39.868554+00:00,3
AF-R7IWV1-F1,257,188,contacts_v1-teacher-forced-step-0,0.1842628979939036,6.654365032001806,0.1850783469999442,exp347-qwen35-2b-contacts_v1-1bt,iris,NVIDIA H100 80GB HBM3,85.019590656,9.0,g83b4e8,Linux-6.8.12-680-6063-coreweave-amd64-f81899c8-x86_64-with-glibc2.39,2.10.0+cu128,2026-10-02T19:00:40.053669+00:00,3
AF-A0A353CVU6-F1,114,48,contacts_v1-teacher-forced-step-0,0.17730661400128156,6.654365032001806,0.17769579400192015,exp347-qwen35-2b-contacts_v1-1bt,iris,NVIDIA H100 80GB HBM3,85.019590656,9.0,g83b4e8,Linux-6.8.12-680-6063-coreweave-amd64-f81899c8-x86_64-with-glibc2.39,2.10.0+cu128,2026-10-02T19:00:40.231396+00:00,3
AF-D6TBB2-F1,176,84,contacts_v1-teacher-forced-step-0,0.14512568799545988,6.654365032001806,0.14558785700501176,exp347-qwen35-2b-contacts_v1-1bt,iris,NVIDIA H100 80GB HBM3,85.019590656,9.0,g83b4e8,Linux-6.8.12-680-6063-coreweave-amd64-f81899c8-x86_64-with-glibc2.39,2.10.0+cu128,2026-10-02T19:00:40.377013+00:00,3
AF-E1W5V4-F1,74,59,contacts_v1-teacher-forced-step-0,0.12341908200323815,6.654365032001806,0.12384563199884724,exp347-qwen35-2b-contacts_v1-1bt,iris,NVIDIA H100 80GB HBM3,85.019590656,9.0,g83b4e8,Linux-6.8.12-680-6063-coreweave-amd64-f81899c8-x86_64-with-glibc2.39,2.10.0+cu128,2026-10-02T19:00:40.500903+00:00,3
AF-A0A7K0K2J9-F1,430,284,contacts_v1-teacher-forced-step-0,40.45949256300082,6.65957746499771,40.46093097799894,exp347-qwen35-2b-contacts_v1-1bt,iris,NVIDIA H100 80GB HBM3,85.019590656,9.0,g83b4e8,Linux-6.8.12-680-6063-coreweave-amd64-f81899c8-x86_64-with-glibc2.39,2.10.0+cu128,2026-10-02T19:00:39.331137+00:00,4
AF-A0A7V8YIG4-F1,198,130,contacts_v1-teacher-forced-step-0,0.1376728999966872,6.65957746499771,0.13830934799625538,exp347-qwen35-2b-contacts_v1-1bt,iris,NVIDIA H100 80GB HBM3,85.019590656,9.0,g83b4e8,Linux-6.8.12-680-6063-coreweave-amd64-f81899c8-x86_64-with-glibc2.39,2.10.0+cu128,2026-10-02T19:00:39.469493+00:00,4
AF-A0A2Y9AAL4-F1,108,38,contacts_v1-teacher-forced-step-0,0.1509669919978478,6.65957746499771,0.15128918499976862,exp347-qwen35-2b-contacts_v1-1bt,iris,NVIDIA H100 80GB HBM3,85.019590656,9.0,g83b4e8,Linux-6.8.12-680-6063-coreweave-amd64-f81899c8-x86_64-with-glibc2.39,2.10.0+cu128,2026-10-02T19:00:39.620814+00:00,4
AF-A0A258EL83-F1,151,83,contacts_v1-teacher-forced-step-0,0.1486094649953884,6.65957746499771,0.14907326100365026,exp347-qwen35-2b-contacts_v1-1bt,iris,NVIDIA H100 80GB HBM3,85.019590656,9.0,g83b4e8,Linux-6.8.12-680-6063-coreweave-amd64-f81899c8-x86_64-with-glibc2.39,2.10.0+cu128,2026-10-02T19:00:39.769918+00:00,4
AF-A0A6S6V153-F1,345,391,contacts_v1-teacher-forced-step-0,0.22204666899779113,6.65957746499771,0.22320689499611035,exp347-qwen35-2b-contacts_v1-1bt,iris,NVIDIA H100 80GB HBM3,85.019590656,9.0,g83b4e8,Linux-6.8.12-680-6063-coreweave-amd64-f81899c8-x86_64-with-glibc2.39,2.10.0+cu128,2026-10-02T19:00:39.993159+00:00,4
AF-A0A507FLD2-F1,245,186,contacts_v1-teacher-forced-step-0,0.1943536580001819,6.65957746499771,0.19513052100228379,exp347-qwen35-2b-contacts_v1-1bt,iris,NVIDIA H100 80GB HBM3,85.019590656,9.0,g83b4e8,Linux-6.8.12-680-6063-coreweave-amd64-f81899c8-x86_64-with-glibc2.39,2.10.0+cu128,2026-10-02T19:00:40.188326+00:00,4
AF-A0A7Z9H0Q6-F1,254,203,contacts_v1-teacher-forced-step-0,0.18710302199906437,6.65957746499771,0.18785485799890012,exp347-qwen35-2b-contacts_v1-1bt,iris,NVIDIA H100 80GB HBM3,85.019590656,9.0,g83b4e8,Linux-6.8.12-680-6063-coreweave-amd64-f81899c8-x86_64-with-glibc2.39,2.10.0+cu128,2026-10-02T19:00:40.376214+00:00,4
AF-A0A7J9QUE1-F1,376,358,contacts_v1-teacher-forced-step-0,0.20514496499527013,6.65957746499771,0.20631575000152225,exp347-qwen35-2b-contacts_v1-1bt,iris,NVIDIA H100 80GB HBM3,85.019590656,9.0,g83b4e8,Linux-6.8.12-680-6063-coreweave-amd64-f81899c8-x86_64-with-glibc2.39,2.10.0+cu128,2026-10-02T19:00:40.582567+00:00,4
AF-A0A0D7KG49-F1,444,362,contacts_v1-teacher-forced-step-0,40.52274421200127,6.6526918780000415,40.52436425600172,exp347-qwen35-2b-contacts_v1-1bt,iris,NVIDIA H100 80GB HBM3,85.019590656,9.0,g83b4e8,Linux-6.8.12-680-6063-coreweave-amd64-f81899c8-x86_64-with-glibc2.39,2.10.0+cu128,2026-10-02T19:00:39.402442+00:00,5
AF-A0A453T4R8-F1,491,563,contacts_v1-teacher-forced-step-0,9.38139400700311,6.6526918780000415,9.383073261997197,exp347-qwen35-2b-contacts_v1-1bt,iris,NVIDIA H100 80GB HBM3,85.019590656,9.0,g83b4e8,Linux-6.8.12-680-6063-coreweave-amd64-f81899c8-x86_64-with-glibc2.39,2.10.0+cu128,2026-10-02T19:00:48.785560+00:00,5
AF-A0A349VRT4-F1,115,88,contacts_v1-teacher-forced-step-0,0.17599213700304972,6.6526918780000415,0.17641759999969508,exp347-qwen35-2b-contacts_v1-1bt,iris,NVIDIA H100 80GB HBM3,85.019590656,9.0,g83b4e8,Linux-6.8.12-680-6063-coreweave-amd64-f81899c8-x86_64-with-glibc2.39,2.10.0+cu128,2026-10-02T19:00:48.962008+00:00,5
AF-A0A327S2E5-F1,497,390,contacts_v1-teacher-forced-step-0,0.22958323000057135,6.6526918780000415,0.2309198840011959,exp347-qwen35-2b-contacts_v1-1bt,iris,NVIDIA H100 80GB HBM3,85.019590656,9.0,g83b4e8,Linux-6.8.12-680-6063-coreweave-amd64-f81899c8-x86_64-with-glibc2.39,2.10.0+cu128,2026-10-02T19:00:49.192964+00:00,5
AF-A0A249PTA9-F1,290,273,contacts_v1-teacher-forced-step-0,0.18016382600035286,6.6526918780000415,0.18117270099901361,exp347-qwen35-2b-contacts_v1-1bt,iris,NVIDIA H100 80GB HBM3,85.019590656,9.0,g83b4e8,Linux-6.8.12-680-6063-coreweave-amd64-f81899c8-x86_64-with-glibc2.39,2.10.0+cu128,2026-10-02T19:00:49.374173+00:00,5
AF-A0A448MIS6-F1,214,157,contacts_v1-teacher-forced-step-0,0.15276039599848446,6.6526918780000415,0.1533704379980918,exp347-qwen35-2b-contacts_v1-1bt,iris,NVIDIA H100 80GB HBM3,85.019590656,9.0,g83b4e8,Linux-6.8.12-680-6063-coreweave-amd64-f81899c8-x86_64-with-glibc2.39,2.10.0+cu128,2026-10-02T19:00:49.527564+00:00,5
AF-A0A381FIK0-F1,309,262,contacts_v1-teacher-forced-step-0,0.15486722700006794,6.6526918780000415,0.15577690200007055,exp347-qwen35-2b-contacts_v1-1bt,iris,NVIDIA H100 80GB HBM3,85.019590656,9.0,g83b4e8,Linux-6.8.12-680-6063-coreweave-amd64-f81899c8-x86_64-with-glibc2.39,2.10.0+cu128,2026-10-02T19:00:49.683369+00:00,5
AF-A0A381S3C4-F1,237,152,contacts_v1-teacher-forced-step-0,0.14173668800503947,6.6526918780000415,0.1423707230060245,exp347-qwen35-2b-contacts_v1-1bt,iris,NVIDIA H100 80GB HBM3,85.019590656,9.0,g83b4e8,Linux-6.8.12-680-6063-coreweave-amd64-f81899c8-x86_64-with-glibc2.39,2.10.0+cu128,2026-10-02T19:00:49.825767+00:00,5
AF-A0A2K2UBD9-F1,214,135,contacts_v1-teacher-forced-step-0,40.46052719400177,6.662032571999589,40.461607888006256,exp347-qwen35-2b-contacts_v1-1bt,iris,NVIDIA H100 80GB HBM3,85.019590656,9.0,g83b4e8,Linux-6.8.12-680-6063-coreweave-amd64-f81899c8-x86_64-with-glibc2.39,2.10.0+cu128,2026-10-02T19:00:39.313464+00:00,6
AF-A0A1Q3J7A2-F1,253,172,contacts_v1-teacher-forced-step-0,0.31668286400235957,6.662032571999589,0.3175143280022894,exp347-qwen35-2b-contacts_v1-1bt,iris,NVIDIA H100 80GB HBM3,85.019590656,9.0,g83b4e8,Linux-6.8.12-680-6063-coreweave-amd64-f81899c8-x86_64-with-glibc2.39,2.10.0+cu128,2026-10-02T19:00:39.631017+00:00,6
AF-A0A0D2V2H5-F1,211,207,contacts_v1-teacher-forced-step-0,0.19168147099844646,6.662032571999589,0.1923876009968808,exp347-qwen35-2b-contacts_v1-1bt,iris,NVIDIA H100 80GB HBM3,85.019590656,9.0,g83b4e8,Linux-6.8.12-680-6063-coreweave-amd64-f81899c8-x86_64-with-glibc2.39,2.10.0+cu128,2026-10-02T19:00:39.823429+00:00,6
AF-A0A510Y3K9-F1,99,75,contacts_v1-teacher-forced-step-0,0.1345556710002711,6.662032571999589,0.1349496690017986,exp347-qwen35-2b-contacts_v1-1bt,iris,NVIDIA H100 80GB HBM3,85.019590656,9.0,g83b4e8,Linux-6.8.12-680-6063-coreweave-amd64-f81899c8-x86_64-with-glibc2.39,2.10.0+cu128,2026-10-02T19:00:39.958414+00:00,6
AF-A0A258JYT4-F1,102,61,contacts_v1-teacher-forced-step-0,0.19418823500018334,6.662032571999589,0.1945252570003504,exp347-qwen35-2b-contacts_v1-1bt,iris,NVIDIA H100 80GB HBM3,85.019590656,9.0,g83b4e8,Linux-6.8.12-680-6063-coreweave-amd64-f81899c8-x86_64-with-glibc2.39,2.10.0+cu128,2026-10-02T19:00:40.152968+00:00,6
AF-A0A2G3DY30-F1,498,659,contacts_v1-teacher-forced-step-0,8.668916950002313,6.662032571999589,8.670735682993836,exp347-qwen35-2b-contacts_v1-1bt,iris,NVIDIA H100 80GB HBM3,85.019590656,9.0,g83b4e8,Linux-6.8.12-680-6063-coreweave-amd64-f81899c8-x86_64-with-glibc2.39,2.10.0+cu128,2026-10-02T19:00:48.823746+00:00,6
AF-F6GK51-F1,76,12,contacts_v1-teacher-forced-step-0,0.2701222219984629,6.662032571999589,0.2703596470018965,exp347-qwen35-2b-contacts_v1-1bt,iris,NVIDIA H100 80GB HBM3,85.019590656,9.0,g83b4e8,Linux-6.8.12-680-6063-coreweave-amd64-f81899c8-x86_64-with-glibc2.39,2.10.0+cu128,2026-10-02T19:00:49.094139+00:00,6
AF-A0A7U6HCV9-F1,115,48,contacts_v1-teacher-forced-step-0,0.16118978900340153,6.662032571999589,0.16151405099662952,exp347-qwen35-2b-contacts_v1-1bt,iris,NVIDIA H100 80GB HBM3,85.019590656,9.0,g83b4e8,Linux-6.8.12-680-6063-coreweave-amd64-f81899c8-x86_64-with-glibc2.39,2.10.0+cu128,2026-10-02T19:00:49.255679+00:00,6
AF-W6W933-F1,136,107,contacts_v1-teacher-forced-step-0,40.543132767001225,6.650880281995342,40.544080704996304,exp347-qwen35-2b-contacts_v1-1bt,iris,NVIDIA H100 80GB HBM3,85.019590656,9.0,g83b4e8,Linux-6.8.12-680-6063-coreweave-amd64-f81899c8-x86_64-with-glibc2.39,2.10.0+cu128,2026-10-02T19:00:39.392959+00:00,7
AF-A0A6P6VK21-F1,299,207,contacts_v1-teacher-forced-step-0,0.20511066100152675,6.650880281995342,0.2059808449994307,exp347-qwen35-2b-contacts_v1-1bt,iris,NVIDIA H100 80GB HBM3,85.019590656,9.0,g83b4e8,Linux-6.8.12-680-6063-coreweave-amd64-f81899c8-x86_64-with-glibc2.39,2.10.0+cu128,2026-10-02T19:00:39.598983+00:00,7
AF-A0A4S3M068-F1,256,99,contacts_v1-teacher-forced-step-0,0.19625119299598737,6.650880281995342,0.19686406899563735,exp347-qwen35-2b-contacts_v1-1bt,iris,NVIDIA H100 80GB HBM3,85.019590656,9.0,g83b4e8,Linux-6.8.12-680-6063-coreweave-amd64-f81899c8-x86_64-with-glibc2.39,2.10.0+cu128,2026-10-02T19:00:39.795874+00:00,7
AF-A0A841DCA6-F1,312,181,contacts_v1-teacher-forced-step-0,0.17950729400035925,6.650880281995342,0.18032038700039266,exp347-qwen35-2b-contacts_v1-1bt,iris,NVIDIA H100 80GB HBM3,85.019590656,9.0,g83b4e8,Linux-6.8.12-680-6063-coreweave-amd64-f81899c8-x86_64-with-glibc2.39,2.10.0+cu128,2026-10-02T19:00:39.976223+00:00,7
AF-K2EZX8-F1,62,50,contacts_v1-teacher-forced-step-0,0.1878928510050173,6.650880281995342,0.18818944299709983,exp347-qwen35-2b-contacts_v1-1bt,iris,NVIDIA H100 80GB HBM3,85.019590656,9.0,g83b4e8,Linux-6.8.12-680-6063-coreweave-amd64-f81899c8-x86_64-with-glibc2.39,2.10.0+cu128,2026-10-02T19:00:40.164439+00:00,7
AF-A0A7X1U092-F1,131,39,contacts_v1-teacher-forced-step-0,0.1372559640003601,6.650880281995342,0.1375779820009484,exp347-qwen35-2b-contacts_v1-1bt,iris,NVIDIA H100 80GB HBM3,85.019590656,9.0,g83b4e8,Linux-6.8.12-680-6063-coreweave-amd64-f81899c8-x86_64-with-glibc2.39,2.10.0+cu128,2026-10-02T19:00:40.302038+00:00,7
AF-A0A485BEV2-F1,197,105,contacts_v1-teacher-forced-step-0,0.2014586329969461,6.650880281995342,0.20200567699794192,exp347-qwen35-2b-contacts_v1-1bt,iris,NVIDIA H100 80GB HBM3,85.019590656,9.0,g83b4e8,Linux-6.8.12-680-6063-coreweave-amd64-f81899c8-x86_64-with-glibc2.39,2.10.0+cu128,2026-10-02T19:00:40.504065+00:00,7
AF-A0A7X7PAJ5-F1,107,106,contacts_v1-teacher-forced-step-0,0.1796791199958534,6.650880281995342,0.18011877599928994,exp347-qwen35-2b-contacts_v1-1bt,iris,NVIDIA H100 80GB HBM3,85.019590656,9.0,g83b4e8,Linux-6.8.12-680-6063-coreweave-amd64-f81899c8-x86_64-with-glibc2.39,2.10.0+cu128,2026-10-02T19:00:40.684211+00:00,7
AF-A0A2G5TXB3-F1,301,354,contacts_v1-teacher-forced-step-0,38.86993837100454,7.8560699009976815,38.87141797901131,exp347-qwen35-2b-contacts_v1-smoke,iris,NVIDIA H100 80GB HBM3,85.019590656,9.0,g73b892,Linux-6.8.12-680-6063-coreweave-amd64-f81899c8-x86_64-with-glibc2.39,2.10.0+cu128,2026-10-02T18:33:37.728357+00:00,0
AF-F7YR68-F1,138,140,contacts_v1-teacher-forced-step-0,40.474632495985134,7.971624058991438,40.47558017799747,exp347-qwen35-2b-contacts_v1-smoke,iris,NVIDIA H100 80GB HBM3,85.019590656,9.0,g73b892,Linux-6.8.12-680-6063-coreweave-amd64-f81899c8-x86_64-with-glibc2.39,2.10.0+cu128,2026-10-02T18:33:37.749964+00:00,1
AF-A0A329P9E8-F1,336,279,contacts_v1-teacher-forced-step-0,40.45189942899742,7.945006257999921,40.4532990079897,exp347-qwen35-2b-contacts_v1-smoke,iris,NVIDIA H100 80GB HBM3,85.019590656,9.0,g73b892,Linux-6.8.12-680-6063-coreweave-amd64-f81899c8-x86_64-with-glibc2.39,2.10.0+cu128,2026-10-02T18:33:37.691763+00:00,2
AF-A0A1Q9JWD9-F1,228,21,contacts_v1-teacher-forced-step-0,40.54714390198933,7.937564759980887,40.5480246799998,exp347-qwen35-2b-contacts_v1-smoke,iris,NVIDIA H100 80GB HBM3,85.019590656,9.0,g73b892,Linux-6.8.12-680-6063-coreweave-amd64-f81899c8-x86_64-with-glibc2.39,2.10.0+cu128,2026-10-02T18:33:37.770259+00:00,3
AF-A0A7K0K2J9-F1,430,284,contacts_v1-teacher-forced-step-0,40.41989599302178,7.888721179013373,40.42180552499485,exp347-qwen35-2b-contacts_v1-smoke,iris,NVIDIA H100 80GB HBM3,85.019590656,9.0,g73b892,Linux-6.8.12-680-6063-coreweave-amd64-f81899c8-x86_64-with-glibc2.39,2.10.0+cu128,2026-10-02T18:33:37.690299+00:00,4
AF-A0A0D7KG49-F1,444,362,contacts_v1-teacher-forced-step-0,40.38760802798788,7.993547400983516,40.38946815399686,exp347-qwen35-2b-contacts_v1-smoke,iris,NVIDIA H100 80GB HBM3,85.019590656,9.0,g73b892,Linux-6.8.12-680-6063-coreweave-amd64-f81899c8-x86_64-with-glibc2.39,2.10.0+cu128,2026-10-02T18:33:37.713349+00:00,5
AF-A0A2K2UBD9-F1,214,135,contacts_v1-teacher-forced-step-0,40.448584352008766,7.942452395975124,40.44966163000208,exp347-qwen35-2b-contacts_v1-smoke,iris,NVIDIA H100 80GB HBM3,85.019590656,9.0,g73b892,Linux-6.8.12-680-6063-coreweave-amd64-f81899c8-x86_64-with-glibc2.39,2.10.0+cu128,2026-10-02T18:33:37.678617+00:00,6
AF-W6W933-F1,136,107,contacts_v1-teacher-forced-step-0,40.46936419297708,7.93117329000961,40.47037596901646,exp347-qwen35-2b-contacts_v1-smoke,iris,NVIDIA H100 80GB HBM3,85.019590656,9.0,g73b892,Linux-6.8.12-680-6063-coreweave-amd64-f81899c8-x86_64-with-glibc2.39,2.10.0+cu128,2026-10-02T18:33:37.716558+00:00,7
AF-A0A2G5TXB3-F1,301,354,contacts_v1-teacher-forced-step-4,0.20063470999593846,7.8560699009976815,0.2019599330087658,exp347-qwen35-2b-contacts_v1-smoke,iris,NVIDIA H100 80GB HBM3,85.019590656,9.0,g73b892,Linux-6.8.12-680-6063-coreweave-amd64-f81899c8-x86_64-with-glibc2.39,2.10.0+cu128,2026-10-02T18:36:03.010946+00:00,0
AF-F7YR68-F1,138,140,contacts_v1-teacher-forced-step-4,0.14857026701793075,7.971624058991438,0.14942876898567192,exp347-qwen35-2b-contacts_v1-smoke,iris,NVIDIA H100 80GB HBM3,85.019590656,9.0,g73b892,Linux-6.8.12-680-6063-coreweave-amd64-f81899c8-x86_64-with-glibc2.39,2.10.0+cu128,2026-10-02T18:36:02.787433+00:00,1
AF-A0A329P9E8-F1,336,279,contacts_v1-teacher-forced-step-4,0.1654872209765017,7.945006257999921,0.16656707401853055,exp347-qwen35-2b-contacts_v1-smoke,iris,NVIDIA H100 80GB HBM3,85.019590656,9.0,g73b892,Linux-6.8.12-680-6063-coreweave-amd64-f81899c8-x86_64-with-glibc2.39,2.10.0+cu128,2026-10-02T18:36:02.783238+00:00,2
AF-A0A1Q9JWD9-F1,228,21,contacts_v1-teacher-forced-step-4,0.1637850920087658,7.937564759980887,0.16473834699718282,exp347-qwen35-2b-contacts_v1-smoke,iris,NVIDIA H100 80GB HBM3,85.019590656,9.0,g73b892,Linux-6.8.12-680-6063-coreweave-amd64-f81899c8-x86_64-with-glibc2.39,2.10.0+cu128,2026-10-02T18:36:02.803595+00:00,3
AF-A0A7K0K2J9-F1,430,284,contacts_v1-teacher-forced-step-4,0.17181736600468867,7.888721179013373,0.17315246400539763,exp347-qwen35-2b-contacts_v1-smoke,iris,NVIDIA H100 80GB HBM3,85.019590656,9.0,g73b892,Linux-6.8.12-680-6063-coreweave-amd64-f81899c8-x86_64-with-glibc2.39,2.10.0+cu128,2026-10-02T18:36:02.790668+00:00,4
AF-A0A0D7KG49-F1,444,362,contacts_v1-teacher-forced-step-4,0.235460050025722,7.993547400983516,0.23690568597521633,exp347-qwen35-2b-contacts_v1-smoke,iris,NVIDIA H100 80GB HBM3,85.019590656,9.0,g73b892,Linux-6.8.12-680-6063-coreweave-amd64-f81899c8-x86_64-with-glibc2.39,2.10.0+cu128,2026-10-02T18:36:02.854031+00:00,5
AF-A0A2K2UBD9-F1,214,135,contacts_v1-teacher-forced-step-4,0.13358813000377268,7.942452395975124,0.13428245898103341,exp347-qwen35-2b-contacts_v1-smoke,iris,NVIDIA H100 80GB HBM3,85.019590656,9.0,g73b892,Linux-6.8.12-680-6063-coreweave-amd64-f81899c8-x86_64-with-glibc2.39,2.10.0+cu128,2026-10-02T18:36:02.770925+00:00,6
AF-W6W933-F1,136,107,contacts_v1-teacher-forced-step-4,0.19716346100904047,7.93117329000961,0.1979471659869887,exp347-qwen35-2b-contacts_v1-smoke,iris,NVIDIA H100 80GB HBM3,85.019590656,9.0,g73b892,Linux-6.8.12-680-6063-coreweave-amd64-f81899c8-x86_64-with-glibc2.39,2.10.0+cu128,2026-10-02T18:36:02.837102+00:00,7
AF-A0A2G5TXB3-F1,301,354,prompted-teacher-forced-step-0,38.69813677575439,7.279490879271179,38.69920572079718,exp347-qwen35-2b-prompted-1bt,iris,NVIDIA H100 80GB HBM3,85.019590656,9.0,g845f76,Linux-6.8.12-680-6063-coreweave-amd64-f81899c8-x86_64-with-glibc2.39,2.10.0+cu128,2026-10-02T19:18:11.079216+00:00,0
AF-A0A014MB47-F1,416,441,prompted-teacher-forced-step-0,0.1948238629847765,7.279490879271179,0.19539377000182867,exp347-qwen35-2b-prompted-1bt,iris,NVIDIA H100 80GB HBM3,85.019590656,9.0,g845f76,Linux-6.8.12-680-6063-coreweave-amd64-f81899c8-x86_64-with-glibc2.39,2.10.0+cu128,2026-10-02T19:18:11.274646+00:00,0
AF-A0A4Y1X169-F1,213,34,prompted-teacher-forced-step-0,0.26514539076015353,7.279490879271179,0.26534261275082827,exp347-qwen35-2b-prompted-1bt,iris,NVIDIA H100 80GB HBM3,85.019590656,9.0,g845f76,Linux-6.8.12-680-6063-coreweave-amd64-f81899c8-x86_64-with-glibc2.39,2.10.0+cu128,2026-10-02T19:18:11.540024+00:00,0
AF-A0A2B7Y3R9-F1,225,191,prompted-teacher-forced-step-0,0.15397913893684745,7.279490879271179,0.15427819592878222,exp347-qwen35-2b-prompted-1bt,iris,NVIDIA H100 80GB HBM3,85.019590656,9.0,g845f76,Linux-6.8.12-680-6063-coreweave-amd64-f81899c8-x86_64-with-glibc2.39,2.10.0+cu128,2026-10-02T19:18:11.694333+00:00,0
AF-A0A139L7P1-F1,54,45,prompted-teacher-forced-step-0,0.12881819484755397,7.279490879271179,0.12905511539429426,exp347-qwen35-2b-prompted-1bt,iris,NVIDIA H100 80GB HBM3,85.019590656,9.0,g845f76,Linux-6.8.12-680-6063-coreweave-amd64-f81899c8-x86_64-with-glibc2.39,2.10.0+cu128,2026-10-02T19:18:11.823425+00:00,0
AF-E3R5I9-F1,82,46,prompted-teacher-forced-step-0,0.1343464939855039,7.279490879271179,0.13452208461239934,exp347-qwen35-2b-prompted-1bt,iris,NVIDIA H100 80GB HBM3,85.019590656,9.0,g845f76,Linux-6.8.12-680-6063-coreweave-amd64-f81899c8-x86_64-with-glibc2.39,2.10.0+cu128,2026-10-02T19:18:11.957982+00:00,0
AF-A0A1G9FQD9-F1,222,220,prompted-teacher-forced-step-0,0.1723628230392933,7.279490879271179,0.17267973301932216,exp347-qwen35-2b-prompted-1bt,iris,NVIDIA H100 80GB HBM3,85.019590656,9.0,g845f76,Linux-6.8.12-680-6063-coreweave-amd64-f81899c8-x86_64-with-glibc2.39,2.10.0+cu128,2026-10-02T19:18:12.130691+00:00,0
AF-E4X797-F1,210,138,prompted-teacher-forced-step-0,0.12360791116952896,7.279490879271179,0.12386461021378636,exp347-qwen35-2b-prompted-1bt,iris,NVIDIA H100 80GB HBM3,85.019590656,9.0,g845f76,Linux-6.8.12-680-6063-coreweave-amd64-f81899c8-x86_64-with-glibc2.39,2.10.0+cu128,2026-10-02T19:18:12.254584+00:00,0
AF-F7YR68-F1,138,140,prompted-teacher-forced-step-0,40.44847664004192,7.290788043756038,40.44901624601334,exp347-qwen35-2b-prompted-1bt,iris,NVIDIA H100 80GB HBM3,85.019590656,9.0,g845f76,Linux-6.8.12-680-6063-coreweave-amd64-f81899c8-x86_64-with-glibc2.39,2.10.0+cu128,2026-10-02T19:18:11.028775+00:00,1
AF-A0A517MCM5-F1,313,98,prompted-teacher-forced-step-0,0.16597860073670745,7.290788043756038,0.16629378078505397,exp347-qwen35-2b-prompted-1bt,iris,NVIDIA H100 80GB HBM3,85.019590656,9.0,g845f76,Linux-6.8.12-680-6063-coreweave-amd64-f81899c8-x86_64-with-glibc2.39,2.10.0+cu128,2026-10-02T19:18:11.195117+00:00,1
AF-A0A022RVM1-F1,69,20,prompted-teacher-forced-step-0,0.12836790503934026,7.290788043756038,0.12852460984140635,exp347-qwen35-2b-prompted-1bt,iris,NVIDIA H100 80GB HBM3,85.019590656,9.0,g845f76,Linux-6.8.12-680-6063-coreweave-amd64-f81899c8-x86_64-with-glibc2.39,2.10.0+cu128,2026-10-02T19:18:11.323668+00:00,1
AF-A0A560HBG7-F1,159,117,prompted-teacher-forced-step-0,0.17216391395777464,7.290788043756038,0.17236890271306038,exp347-qwen35-2b-prompted-1bt,iris,NVIDIA H100 80GB HBM3,85.019590656,9.0,g845f76,Linux-6.8.12-680-6063-coreweave-amd64-f81899c8-x86_64-with-glibc2.39,2.10.0+cu128,2026-10-02T19:18:11.496058+00:00,1
AF-A0A2V4YI01-F1,285,218,prompted-teacher-forced-step-0,0.17958461260423064,7.290788043756038,0.17989986995235085,exp347-qwen35-2b-prompted-1bt,iris,NVIDIA H100 80GB HBM3,85.019590656,9.0,g845f76,Linux-6.8.12-680-6063-coreweave-amd64-f81899c8-x86_64-with-glibc2.39,2.10.0+cu128,2026-10-02T19:18:11.675979+00:00,1
AF-A0A644W2M4-F1,62,53,prompted-teacher-forced-step-0,0.14441909594461322,7.290788043756038,0.14457229292020202,exp347-qwen35-2b-prompted-1bt,iris,NVIDIA H100 80GB HBM3,85.019590656,9.0,g845f76,Linux-6.8.12-680-6063-coreweave-amd64-f81899c8-x86_64-with-glibc2.39,2.10.0+cu128,2026-10-02T19:18:11.820573+00:00,1
AF-A0A3C0I535-F1,137,100,prompted-teacher-forced-step-0,0.15358357690274715,7.290788043756038,0.15378743596374989,exp347-qwen35-2b-prompted-1bt,iris,NVIDIA H100 80GB HBM3,85.019590656,9.0,g845f76,Linux-6.8.12-680-6063-coreweave-amd64-f81899c8-x86_64-with-glibc2.39,2.10.0+cu128,2026-10-02T19:18:11.974381+00:00,1
AF-A0A099T554-F1,93,89,prompted-teacher-forced-step-0,0.1270604063756764,7.290788043756038,0.12724295491352677,exp347-qwen35-2b-prompted-1bt,iris,NVIDIA H100 80GB HBM3,85.019590656,9.0,g845f76,Linux-6.8.12-680-6063-coreweave-amd64-f81899c8-x86_64-with-glibc2.39,2.10.0+cu128,2026-10-02T19:18:12.101647+00:00,1
AF-A0A329P9E8-F1,336,279,prompted-teacher-forced-step-0,40.49189158389345,7.289775425102562,40.4927566149272,exp347-qwen35-2b-prompted-1bt,iris,NVIDIA H100 80GB HBM3,85.019590656,9.0,g845f76,Linux-6.8.12-680-6063-coreweave-amd64-f81899c8-x86_64-with-glibc2.39,2.10.0+cu128,2026-10-02T19:18:11.063742+00:00,2
AF-A0A6L7KYZ3-F1,187,80,prompted-teacher-forced-step-0,0.265916776843369,7.289775425102562,0.2662813030183315,exp347-qwen35-2b-prompted-1bt,iris,NVIDIA H100 80GB HBM3,85.019590656,9.0,g845f76,Linux-6.8.12-680-6063-coreweave-amd64-f81899c8-x86_64-with-glibc2.39,2.10.0+cu128,2026-10-02T19:18:11.330073+00:00,2
AF-A0A7C7ZI64-F1,61,32,prompted-teacher-forced-step-0,0.1646314742974937,7.289775425102562,0.16485144989565015,exp347-qwen35-2b-prompted-1bt,iris,NVIDIA H100 80GB HBM3,85.019590656,9.0,g845f76,Linux-6.8.12-680-6063-coreweave-amd64-f81899c8-x86_64-with-glibc2.39,2.10.0+cu128,2026-10-02T19:18:11.494963+00:00,2
AF-A0A2I1KQH6-F1,189,101,prompted-teacher-forced-step-0,0.16155660524964333,7.289775425102562,0.16184088913723826,exp347-qwen35-2b-prompted-1bt,iris,NVIDIA H100 80GB HBM3,85.019590656,9.0,g845f76,Linux-6.8.12-680-6063-coreweave-amd64-f81899c8-x86_64-with-glibc2.39,2.10.0+cu128,2026-10-02T19:18:11.656840+00:00,2
AF-A0A1F3B4X3-F1,73,22,prompted-teacher-forced-step-0,0.25857932586222887,7.289775425102562,0.25876657105982304,exp347-qwen35-2b-prompted-1bt,iris,NVIDIA H100 80GB HBM3,85.019590656,9.0,g845f76,Linux-6.8.12-680-6063-coreweave-amd64-f81899c8-x86_64-with-glibc2.39,2.10.0+cu128,2026-10-02T19:18:11.915640+00:00,2
AF-A0A250XX09-F1,250,178,prompted-teacher-forced-step-0,0.1507427259348333,7.289775425102562,0.15104026766493917,exp347-qwen35-2b-prompted-1bt,iris,NVIDIA H100 80GB HBM3,85.019590656,9.0,g845f76,Linux-6.8.12-680-6063-coreweave-amd64-f81899c8-x86_64-with-glibc2.39,2.10.0+cu128,2026-10-02T19:18:12.066712+00:00,2
AF-T0ZQV0-F1,93,60,prompted-teacher-forced-step-0,0.162645080126822,7.289775425102562,0.16281644208356738,exp347-qwen35-2b-prompted-1bt,iris,NVIDIA H100 80GB HBM3,85.019590656,9.0,g845f76,Linux-6.8.12-680-6063-coreweave-amd64-f81899c8-x86_64-with-glibc2.39,2.10.0+cu128,2026-10-02T19:18:12.229558+00:00,2
AF-T2IKF7-F1,45,2,prompted-teacher-forced-step-0,0.060387163888663054,7.289775425102562,0.06050800113007426,exp347-qwen35-2b-prompted-1bt,iris,NVIDIA H100 80GB HBM3,85.019590656,9.0,g845f76,Linux-6.8.12-680-6063-coreweave-amd64-f81899c8-x86_64-with-glibc2.39,2.10.0+cu128,2026-10-02T19:18:12.290093+00:00,2
AF-A0A1Q9JWD9-F1,228,21,prompted-teacher-forced-step-0,40.634785376954824,7.29149230197072,40.63541426695883,exp347-qwen35-2b-prompted-1bt,iris,NVIDIA H100 80GB HBM3,85.019590656,9.0,g845f76,Linux-6.8.12-680-6063-coreweave-amd64-f81899c8-x86_64-with-glibc2.39,2.10.0+cu128,2026-10-02T19:18:11.202096+00:00,3
AF-A0A353A268-F1,178,94,prompted-teacher-forced-step-0,0.16018236335366964,7.29149230197072,0.16044753091409802,exp347-qwen35-2b-prompted-1bt,iris,NVIDIA H100 80GB HBM3,85.019590656,9.0,g845f76,Linux-6.8.12-680-6063-coreweave-amd64-f81899c8-x86_64-with-glibc2.39,2.10.0+cu128,2026-10-02T19:18:11.362577+00:00,3
AF-A0A3C1A686-F1,144,73,prompted-teacher-forced-step-0,0.12867969367653131,7.29149230197072,0.12887464789673686,exp347-qwen35-2b-prompted-1bt,iris,NVIDIA H100 80GB HBM3,85.019590656,9.0,g845f76,Linux-6.8.12-680-6063-coreweave-amd64-f81899c8-x86_64-with-glibc2.39,2.10.0+cu128,2026-10-02T19:18:11.491473+00:00,3
AF-A0A7C6AI96-F1,103,92,prompted-teacher-forced-step-0,0.1251964820548892,7.29149230197072,0.12538644578307867,exp347-qwen35-2b-prompted-1bt,iris,NVIDIA H100 80GB HBM3,85.019590656,9.0,g845f76,Linux-6.8.12-680-6063-coreweave-amd64-f81899c8-x86_64-with-glibc2.39,2.10.0+cu128,2026-10-02T19:18:11.616880+00:00,3
AF-R7IWV1-F1,257,188,prompted-teacher-forced-step-0,0.15912529872730374,7.29149230197072,0.1594196972437203,exp347-qwen35-2b-prompted-1bt,iris,NVIDIA H100 80GB HBM3,85.019590656,9.0,g845f76,Linux-6.8.12-680-6063-coreweave-amd64-f81899c8-x86_64-with-glibc2.39,2.10.0+cu128,2026-10-02T19:18:11.776321+00:00,3
AF-A0A353CVU6-F1,114,48,prompted-teacher-forced-step-0,0.14294074708595872,7.29149230197072,0.14311627531424165,exp347-qwen35-2b-prompted-1bt,iris,NVIDIA H100 80GB HBM3,85.019590656,9.0,g845f76,Linux-6.8.12-680-6063-coreweave-amd64-f81899c8-x86_64-with-glibc2.39,2.10.0+cu128,2026-10-02T19:18:11.919461+00:00,3
AF-D6TBB2-F1,176,84,prompted-teacher-forced-step-0,0.147375519387424,7.29149230197072,0.14758141478523612,exp347-qwen35-2b-prompted-1bt,iris,NVIDIA H100 80GB HBM3,85.019590656,9.0,g845f76,Linux-6.8.12-680-6063-coreweave-amd64-f81899c8-x86_64-with-glibc2.39,2.10.0+cu128,2026-10-02T19:18:12.067065+00:00,3
AF-E1W5V4-F1,74,59,prompted-teacher-forced-step-0,0.15577177982777357,7.29149230197072,0.15599066810682416,exp347-qwen35-2b-prompted-1bt,iris,NVIDIA H100 80GB HBM3,85.019590656,9.0,g845f76,Linux-6.8.12-680-6063-coreweave-amd64-f81899c8-x86_64-with-glibc2.39,2.10.0+cu128,2026-10-02T19:18:12.223088+00:00,3
AF-A0A7K0K2J9-F1,430,284,prompted-teacher-forced-step-0,40.452976474072784,7.2908491990529,40.453843273222446,exp347-qwen35-2b-prompted-1bt,iris,NVIDIA H100 80GB HBM3,85.019590656,9.0,g845f76,Linux-6.8.12-680-6063-coreweave-amd64-f81899c8-x86_64-with-glibc2.39,2.10.0+cu128,2026-10-02T19:18:11.052081+00:00,4
AF-A0A7V8YIG4-F1,198,130,prompted-teacher-forced-step-0,0.19421170791611075,7.2908491990529,0.19451508997008204,exp347-qwen35-2b-prompted-1bt,iris,NVIDIA H100 80GB HBM3,85.019590656,9.0,g845f76,Linux-6.8.12-680-6063-coreweave-amd64-f81899c8-x86_64-with-glibc2.39,2.10.0+cu128,2026-10-02T19:18:11.246635+00:00,4
AF-A0A2Y9AAL4-F1,108,38,prompted-teacher-forced-step-0,0.20194771606475115,7.2908491990529,0.20215227687731385,exp347-qwen35-2b-prompted-1bt,iris,NVIDIA H100 80GB HBM3,85.019590656,9.0,g845f76,Linux-6.8.12-680-6063-coreweave-amd64-f81899c8-x86_64-with-glibc2.39,2.10.0+cu128,2026-10-02T19:18:11.448815+00:00,4
AF-A0A258EL83-F1,151,83,prompted-teacher-forced-step-0,0.1363890040665865,7.2908491990529,0.13663088390603662,exp347-qwen35-2b-prompted-1bt,iris,NVIDIA H100 80GB HBM3,85.019590656,9.0,g845f76,Linux-6.8.12-680-6063-coreweave-amd64-f81899c8-x86_64-with-glibc2.39,2.10.0+cu128,2026-10-02T19:18:11.585470+00:00,4
AF-A0A6S6V153-F1,345,391,prompted-teacher-forced-step-0,0.1683191666379571,7.2908491990529,0.16878312593325973,exp347-qwen35-2b-prompted-1bt,iris,NVIDIA H100 80GB HBM3,85.019590656,9.0,g845f76,Linux-6.8.12-680-6063-coreweave-amd64-f81899c8-x86_64-with-glibc2.39,2.10.0+cu128,2026-10-02T19:18:11.754277+00:00,4
AF-A0A507FLD2-F1,245,186,prompted-teacher-forced-step-0,0.15568062895908952,7.2908491990529,0.1559685841202736,exp347-qwen35-2b-prompted-1bt,iris,NVIDIA H100 80GB HBM3,85.019590656,9.0,g845f76,Linux-6.8.12-680-6063-coreweave-amd64-f81899c8-x86_64-with-glibc2.39,2.10.0+cu128,2026-10-02T19:18:11.910268+00:00,4
AF-A0A7Z9H0Q6-F1,254,203,prompted-teacher-forced-step-0,0.17117534903809428,7.2908491990529,0.1714807152748108,exp347-qwen35-2b-prompted-1bt,iris,NVIDIA H100 80GB HBM3,85.019590656,9.0,g845f76,Linux-6.8.12-680-6063-coreweave-amd64-f81899c8-x86_64-with-glibc2.39,2.10.0+cu128,2026-10-02T19:18:12.081771+00:00,4
AF-A0A7J9QUE1-F1,376,358,prompted-teacher-forced-step-0,0.15981369698420167,7.2908491990529,0.16030118335038424,exp347-qwen35-2b-prompted-1bt,iris,NVIDIA H100 80GB HBM3,85.019590656,9.0,g845f76,Linux-6.8.12-680-6063-coreweave-amd64-f81899c8-x86_64-with-glibc2.39,2.10.0+cu128,2026-10-02T19:18:12.242106+00:00,4
AF-A0A0D7KG49-F1,444,362,prompted-teacher-forced-step-0,40.4062647651881,7.290768232196569,40.40710832271725,exp347-qwen35-2b-prompted-1bt,iris,NVIDIA H100 80GB HBM3,85.019590656,9.0,g845f76,Linux-6.8.12-680-6063-coreweave-amd64-f81899c8-x86_64-with-glibc2.39,2.10.0+cu128,2026-10-02T19:18:11.000281+00:00,5
AF-A0A453T4R8-F1,491,563,prompted-teacher-forced-step-0,9.278688321821392,7.290768232196569,9.279393326956779,exp347-qwen35-2b-prompted-1bt,iris,NVIDIA H100 80GB HBM3,85.019590656,9.0,g845f76,Linux-6.8.12-680-6063-coreweave-amd64-f81899c8-x86_64-with-glibc2.39,2.10.0+cu128,2026-10-02T19:18:20.279712+00:00,5
AF-A0A349VRT4-F1,115,88,prompted-teacher-forced-step-0,0.1323185982182622,7.290768232196569,0.13250597892329097,exp347-qwen35-2b-prompted-1bt,iris,NVIDIA H100 80GB HBM3,85.019590656,9.0,g845f76,Linux-6.8.12-680-6063-coreweave-amd64-f81899c8-x86_64-with-glibc2.39,2.10.0+cu128,2026-10-02T19:18:20.412244+00:00,5
AF-A0A327S2E5-F1,497,390,prompted-teacher-forced-step-0,0.1692182570695877,7.290768232196569,0.16968347504734993,exp347-qwen35-2b-prompted-1bt,iris,NVIDIA H100 80GB HBM3,85.019590656,9.0,g845f76,Linux-6.8.12-680-6063-coreweave-amd64-f81899c8-x86_64-with-glibc2.39,2.10.0+cu128,2026-10-02T19:18:20.581948+00:00,5
AF-A0A249PTA9-F1,290,273,prompted-teacher-forced-step-0,0.12653416488319635,7.290768232196569,0.12690025893971324,exp347-qwen35-2b-prompted-1bt,iris,NVIDIA H100 80GB HBM3,85.019590656,9.0,g845f76,Linux-6.8.12-680-6063-coreweave-amd64-f81899c8-x86_64-with-glibc2.39,2.10.0+cu128,2026-10-02T19:18:20.708868+00:00,5
AF-A0A448MIS6-F1,214,157,prompted-teacher-forced-step-0,0.13141264393925667,7.290768232196569,0.1316557489335537,exp347-qwen35-2b-prompted-1bt,iris,NVIDIA H100 80GB HBM3,85.019590656,9.0,g845f76,Linux-6.8.12-680-6063-coreweave-amd64-f81899c8-x86_64-with-glibc2.39,2.10.0+cu128,2026-10-02T19:18:20.840544+00:00,5
AF-A0A381FIK0-F1,309,262,prompted-teacher-forced-step-0,0.12073413701727986,7.290768232196569,0.12114564888179302,exp347-qwen35-2b-prompted-1bt,iris,NVIDIA H100 80GB HBM3,85.019590656,9.0,g845f76,Linux-6.8.12-680-6063-coreweave-amd64-f81899c8-x86_64-with-glibc2.39,2.10.0+cu128,2026-10-02T19:18:20.961719+00:00,5
AF-A0A381S3C4-F1,237,152,prompted-teacher-forced-step-0,0.13718501990661025,7.290768232196569,0.13761271815747023,exp347-qwen35-2b-prompted-1bt,iris,NVIDIA H100 80GB HBM3,85.019590656,9.0,g845f76,Linux-6.8.12-680-6063-coreweave-amd64-f81899c8-x86_64-with-glibc2.39,2.10.0+cu128,2026-10-02T19:18:21.099359+00:00,5
AF-A0A2K2UBD9-F1,214,135,prompted-teacher-forced-step-0,40.38081164378673,7.293419947847724,40.38155570626259,exp347-qwen35-2b-prompted-1bt,iris,NVIDIA H100 80GB HBM3,85.019590656,9.0,g845f76,Linux-6.8.12-680-6063-coreweave-amd64-f81899c8-x86_64-with-glibc2.39,2.10.0+cu128,2026-10-02T19:18:10.957207+00:00,6
AF-A0A1Q3J7A2-F1,253,172,prompted-teacher-forced-step-0,0.14556980365887284,7.293419947847724,0.1459304909221828,exp347-qwen35-2b-prompted-1bt,iris,NVIDIA H100 80GB HBM3,85.019590656,9.0,g845f76,Linux-6.8.12-680-6063-coreweave-amd64-f81899c8-x86_64-with-glibc2.39,2.10.0+cu128,2026-10-02T19:18:11.103188+00:00,6
AF-A0A0D2V2H5-F1,211,207,prompted-teacher-forced-step-0,0.1662161387503147,7.293419947847724,0.1665178923867643,exp347-qwen35-2b-prompted-1bt,iris,NVIDIA H100 80GB HBM3,85.019590656,9.0,g845f76,Linux-6.8.12-680-6063-coreweave-amd64-f81899c8-x86_64-with-glibc2.39,2.10.0+cu128,2026-10-02T19:18:11.269734+00:00,6
AF-A0A510Y3K9-F1,99,75,prompted-teacher-forced-step-0,0.1940868142992258,7.293419947847724,0.19426520494744182,exp347-qwen35-2b-prompted-1bt,iris,NVIDIA H100 80GB HBM3,85.019590656,9.0,g845f76,Linux-6.8.12-680-6063-coreweave-amd64-f81899c8-x86_64-with-glibc2.39,2.10.0+cu128,2026-10-02T19:18:11.464028+00:00,6
AF-A0A258JYT4-F1,102,61,prompted-teacher-forced-step-0,0.1870438400655985,7.293419947847724,0.18720412673428655,exp347-qwen35-2b-prompted-1bt,iris,NVIDIA H100 80GB HBM3,85.019590656,9.0,g845f76,Linux-6.8.12-680-6063-coreweave-amd64-f81899c8-x86_64-with-glibc2.39,2.10.0+cu128,2026-10-02T19:18:11.651254+00:00,6
AF-A0A2G3DY30-F1,498,659,prompted-teacher-forced-step-0,8.635647544171661,7.293419947847724,8.636369217187166,exp347-qwen35-2b-prompted-1bt,iris,NVIDIA H100 80GB HBM3,85.019590656,9.0,g845f76,Linux-6.8.12-680-6063-coreweave-amd64-f81899c8-x86_64-with-glibc2.39,2.10.0+cu128,2026-10-02T19:18:20.287667+00:00,6
AF-F6GK51-F1,76,12,prompted-teacher-forced-step-0,0.145061946939677,7.293419947847724,0.14529525907710195,exp347-qwen35-2b-prompted-1bt,iris,NVIDIA H100 80GB HBM3,85.019590656,9.0,g845f76,Linux-6.8.12-680-6063-coreweave-amd64-f81899c8-x86_64-with-glibc2.39,2.10.0+cu128,2026-10-02T19:18:20.433010+00:00,6
AF-A0A7U6HCV9-F1,115,48,prompted-teacher-forced-step-0,0.13805689802393317,7.293419947847724,0.13834276515990496,exp347-qwen35-2b-prompted-1bt,iris,NVIDIA H100 80GB HBM3,85.019590656,9.0,g845f76,Linux-6.8.12-680-6063-coreweave-amd64-f81899c8-x86_64-with-glibc2.39,2.10.0+cu128,2026-10-02T19:18:20.571378+00:00,6
AF-W6W933-F1,136,107,prompted-teacher-forced-step-0,40.439674156252295,7.2928131450898945,40.440361257176846,exp347-qwen35-2b-prompted-1bt,iris,NVIDIA H100 80GB HBM3,85.019590656,9.0,g845f76,Linux-6.8.12-680-6063-coreweave-amd64-f81899c8-x86_64-with-glibc2.39,2.10.0+cu128,2026-10-02T19:18:11.013364+00:00,7
AF-A0A6P6VK21-F1,299,207,prompted-teacher-forced-step-0,0.1745697520673275,7.2928131450898945,0.174951302818954,exp347-qwen35-2b-prompted-1bt,iris,NVIDIA H100 80GB HBM3,85.019590656,9.0,g845f76,Linux-6.8.12-680-6063-coreweave-amd64-f81899c8-x86_64-with-glibc2.39,2.10.0+cu128,2026-10-02T19:18:11.188361+00:00,7
AF-A0A4S3M068-F1,256,99,prompted-teacher-forced-step-0,0.18195743998512626,7.2928131450898945,0.18218459282070398,exp347-qwen35-2b-prompted-1bt,iris,NVIDIA H100 80GB HBM3,85.019590656,9.0,g845f76,Linux-6.8.12-680-6063-coreweave-amd64-f81899c8-x86_64-with-glibc2.39,2.10.0+cu128,2026-10-02T19:18:11.370575+00:00,7
AF-A0A841DCA6-F1,312,181,prompted-teacher-forced-step-0,0.1514545097015798,7.2928131450898945,0.15174063108861446,exp347-qwen35-2b-prompted-1bt,iris,NVIDIA H100 80GB HBM3,85.019590656,9.0,g845f76,Linux-6.8.12-680-6063-coreweave-amd64-f81899c8-x86_64-with-glibc2.39,2.10.0+cu128,2026-10-02T19:18:11.522338+00:00,7
AF-K2EZX8-F1,62,50,prompted-teacher-forced-step-0,0.14153240900486708,7.2928131450898945,0.1416855719871819,exp347-qwen35-2b-prompted-1bt,iris,NVIDIA H100 80GB HBM3,85.019590656,9.0,g845f76,Linux-6.8.12-680-6063-coreweave-amd64-f81899c8-x86_64-with-glibc2.39,2.10.0+cu128,2026-10-02T19:18:11.664045+00:00,7
AF-A0A7X1U092-F1,131,39,prompted-teacher-forced-step-0,0.19791313773021102,7.2928131450898945,0.19806599989533424,exp347-qwen35-2b-prompted-1bt,iris,NVIDIA H100 80GB HBM3,85.019590656,9.0,g845f76,Linux-6.8.12-680-6063-coreweave-amd64-f81899c8-x86_64-with-glibc2.39,2.10.0+cu128,2026-10-02T19:18:11.862131+00:00,7
AF-A0A485BEV2-F1,197,105,prompted-teacher-forced-step-0,0.17047761380672455,7.2928131450898945,0.17069287924095988,exp347-qwen35-2b-prompted-1bt,iris,NVIDIA H100 80GB HBM3,85.019590656,9.0,g845f76,Linux-6.8.12-680-6063-coreweave-amd64-f81899c8-x86_64-with-glibc2.39,2.10.0+cu128,2026-10-02T19:18:12.032845+00:00,7
AF-A0A7X7PAJ5-F1,107,106,prompted-teacher-forced-step-0,0.14837063709273934,7.2928131450898945,0.14859935687854886,exp347-qwen35-2b-prompted-1bt,iris,NVIDIA H100 80GB HBM3,85.019590656,9.0,g845f76,Linux-6.8.12-680-6063-coreweave-amd64-f81899c8-x86_64-with-glibc2.39,2.10.0+cu128,2026-10-02T19:18:12.181475+00:00,7
AF-A0A2G5TXB3-F1,301,354,prompted-teacher-forced-step-250,0.14395942678675056,7.279490879271179,0.14451749296858907,exp347-qwen35-2b-prompted-1bt,iris,NVIDIA H100 80GB HBM3,85.019590656,9.0,g845f76,Linux-6.8.12-680-6063-coreweave-amd64-f81899c8-x86_64-with-glibc2.39,2.10.0+cu128,2026-10-02T19:32:20.478251+00:00,0
AF-A0A014MB47-F1,416,441,prompted-teacher-forced-step-250,0.18125152215361595,7.279490879271179,0.18189553497359157,exp347-qwen35-2b-prompted-1bt,iris,NVIDIA H100 80GB HBM3,85.019590656,9.0,g845f76,Linux-6.8.12-680-6063-coreweave-amd64-f81899c8-x86_64-with-glibc2.39,2.10.0+cu128,2026-10-02T19:32:20.660170+00:00,0
AF-A0A4Y1X169-F1,213,34,prompted-teacher-forced-step-250,0.12213912792503834,7.279490879271179,0.12229365203529596,exp347-qwen35-2b-prompted-1bt,iris,NVIDIA H100 80GB HBM3,85.019590656,9.0,g845f76,Linux-6.8.12-680-6063-coreweave-amd64-f81899c8-x86_64-with-glibc2.39,2.10.0+cu128,2026-10-02T19:32:20.782484+00:00,0
AF-A0A2B7Y3R9-F1,225,191,prompted-teacher-forced-step-250,0.14459858695045114,7.279490879271179,0.14487051824107766,exp347-qwen35-2b-prompted-1bt,iris,NVIDIA H100 80GB HBM3,85.019590656,9.0,g845f76,Linux-6.8.12-680-6063-coreweave-amd64-f81899c8-x86_64-with-glibc2.39,2.10.0+cu128,2026-10-02T19:32:20.927375+00:00,0
AF-A0A139L7P1-F1,54,45,prompted-teacher-forced-step-250,0.11631710221990943,7.279490879271179,0.11646307213231921,exp347-qwen35-2b-prompted-1bt,iris,NVIDIA H100 80GB HBM3,85.019590656,9.0,g845f76,Linux-6.8.12-680-6063-coreweave-amd64-f81899c8-x86_64-with-glibc2.39,2.10.0+cu128,2026-10-02T19:32:21.043860+00:00,0
AF-E3R5I9-F1,82,46,prompted-teacher-forced-step-250,0.12343397969380021,7.279490879271179,0.12364914873614907,exp347-qwen35-2b-prompted-1bt,iris,NVIDIA H100 80GB HBM3,85.019590656,9.0,g845f76,Linux-6.8.12-680-6063-coreweave-amd64-f81899c8-x86_64-with-glibc2.39,2.10.0+cu128,2026-10-02T19:32:21.167549+00:00,0
AF-A0A1G9FQD9-F1,222,220,prompted-teacher-forced-step-250,0.17327533103525639,7.279490879271179,0.17391210980713367,exp347-qwen35-2b-prompted-1bt,iris,NVIDIA H100 80GB HBM3,85.019590656,9.0,g845f76,Linux-6.8.12-680-6063-coreweave-amd64-f81899c8-x86_64-with-glibc2.39,2.10.0+cu128,2026-10-02T19:32:21.341493+00:00,0
AF-E4X797-F1,210,138,prompted-teacher-forced-step-250,0.11580133391544223,7.279490879271179,0.11603461904451251,exp347-qwen35-2b-prompted-1bt,iris,NVIDIA H100 80GB HBM3,85.019590656,9.0,g845f76,Linux-6.8.12-680-6063-coreweave-amd64-f81899c8-x86_64-with-glibc2.39,2.10.0+cu128,2026-10-02T19:32:21.457548+00:00,0
AF-F7YR68-F1,138,140,prompted-teacher-forced-step-250,0.18788206996396184,7.290788043756038,0.1882936768233776,exp347-qwen35-2b-prompted-1bt,iris,NVIDIA H100 80GB HBM3,85.019590656,9.0,g845f76,Linux-6.8.12-680-6063-coreweave-amd64-f81899c8-x86_64-with-glibc2.39,2.10.0+cu128,2026-10-02T19:32:20.522055+00:00,1
AF-A0A517MCM5-F1,313,98,prompted-teacher-forced-step-250,0.15253787161782384,7.290788043756038,0.15297476574778557,exp347-qwen35-2b-prompted-1bt,iris,NVIDIA H100 80GB HBM3,85.019590656,9.0,g845f76,Linux-6.8.12-680-6063-coreweave-amd64-f81899c8-x86_64-with-glibc2.39,2.10.0+cu128,2026-10-02T19:32:20.675073+00:00,1
AF-A0A022RVM1-F1,69,20,prompted-teacher-forced-step-250,0.11682319594547153,7.290788043756038,0.11706368019804358,exp347-qwen35-2b-prompted-1bt,iris,NVIDIA H100 80GB HBM3,85.019590656,9.0,g845f76,Linux-6.8.12-680-6063-coreweave-amd64-f81899c8-x86_64-with-glibc2.39,2.10.0+cu128,2026-10-02T19:32:20.792166+00:00,1
AF-A0A560HBG7-F1,159,117,prompted-teacher-forced-step-250,0.16303957207128406,7.290788043756038,0.16326952120289207,exp347-qwen35-2b-prompted-1bt,iris,NVIDIA H100 80GB HBM3,85.019590656,9.0,g845f76,Linux-6.8.12-680-6063-coreweave-amd64-f81899c8-x86_64-with-glibc2.39,2.10.0+cu128,2026-10-02T19:32:20.955459+00:00,1
AF-A0A2V4YI01-F1,285,218,prompted-teacher-forced-step-250,0.1804421590641141,7.290788043756038,0.18111795606091619,exp347-qwen35-2b-prompted-1bt,iris,NVIDIA H100 80GB HBM3,85.019590656,9.0,g845f76,Linux-6.8.12-680-6063-coreweave-amd64-f81899c8-x86_64-with-glibc2.39,2.10.0+cu128,2026-10-02T19:32:21.136637+00:00,1
AF-A0A644W2M4-F1,62,53,prompted-teacher-forced-step-250,0.1452257470227778,7.290788043756038,0.1460425197146833,exp347-qwen35-2b-prompted-1bt,iris,NVIDIA H100 80GB HBM3,85.019590656,9.0,g845f76,Linux-6.8.12-680-6063-coreweave-amd64-f81899c8-x86_64-with-glibc2.39,2.10.0+cu128,2026-10-02T19:32:21.282714+00:00,1
AF-A0A3C0I535-F1,137,100,prompted-teacher-forced-step-250,0.1533007132820785,7.290788043756038,0.153614548034966,exp347-qwen35-2b-prompted-1bt,iris,NVIDIA H100 80GB HBM3,85.019590656,9.0,g845f76,Linux-6.8.12-680-6063-coreweave-amd64-f81899c8-x86_64-with-glibc2.39,2.10.0+cu128,2026-10-02T19:32:21.436356+00:00,1
AF-A0A099T554-F1,93,89,prompted-teacher-forced-step-250,0.1210119747556746,7.290788043756038,0.12122061708942056,exp347-qwen35-2b-prompted-1bt,iris,NVIDIA H100 80GB HBM3,85.019590656,9.0,g845f76,Linux-6.8.12-680-6063-coreweave-amd64-f81899c8-x86_64-with-glibc2.39,2.10.0+cu128,2026-10-02T19:32:21.557598+00:00,1
AF-A0A329P9E8-F1,336,279,prompted-teacher-forced-step-250,0.12309831706807017,7.289775425102562,0.12361289979889989,exp347-qwen35-2b-prompted-1bt,iris,NVIDIA H100 80GB HBM3,85.019590656,9.0,g845f76,Linux-6.8.12-680-6063-coreweave-amd64-f81899c8-x86_64-with-glibc2.39,2.10.0+cu128,2026-10-02T19:32:20.457336+00:00,2
AF-A0A6L7KYZ3-F1,187,80,prompted-teacher-forced-step-250,0.12263771519064903,7.289775425102562,0.12282641977071762,exp347-qwen35-2b-prompted-1bt,iris,NVIDIA H100 80GB HBM3,85.019590656,9.0,g845f76,Linux-6.8.12-680-6063-coreweave-amd64-f81899c8-x86_64-with-glibc2.39,2.10.0+cu128,2026-10-02T19:32:20.580189+00:00,2
AF-A0A7C7ZI64-F1,61,32,prompted-teacher-forced-step-250,0.15197078697383404,7.289775425102562,0.15211070887744427,exp347-qwen35-2b-prompted-1bt,iris,NVIDIA H100 80GB HBM3,85.019590656,9.0,g845f76,Linux-6.8.12-680-6063-coreweave-amd64-f81899c8-x86_64-with-glibc2.39,2.10.0+cu128,2026-10-02T19:32:20.732320+00:00,2
AF-A0A2I1KQH6-F1,189,101,prompted-teacher-forced-step-250,0.1472560348920524,7.289775425102562,0.14745785482227802,exp347-qwen35-2b-prompted-1bt,iris,NVIDIA H100 80GB HBM3,85.019590656,9.0,g845f76,Linux-6.8.12-680-6063-coreweave-amd64-f81899c8-x86_64-with-glibc2.39,2.10.0+cu128,2026-10-02T19:32:20.879798+00:00,2
AF-A0A1F3B4X3-F1,73,22,prompted-teacher-forced-step-250,0.12160204071551561,7.289775425102562,0.12173275509849191,exp347-qwen35-2b-prompted-1bt,iris,NVIDIA H100 80GB HBM3,85.019590656,9.0,g845f76,Linux-6.8.12-680-6063-coreweave-amd64-f81899c8-x86_64-with-glibc2.39,2.10.0+cu128,2026-10-02T19:32:21.001550+00:00,2
AF-A0A250XX09-F1,250,178,prompted-teacher-forced-step-250,0.14352863607928157,7.289775425102562,0.14380292128771544,exp347-qwen35-2b-prompted-1bt,iris,NVIDIA H100 80GB HBM3,85.019590656,9.0,g845f76,Linux-6.8.12-680-6063-coreweave-amd64-f81899c8-x86_64-with-glibc2.39,2.10.0+cu128,2026-10-02T19:32:21.145372+00:00,2
AF-T0ZQV0-F1,93,60,prompted-teacher-forced-step-250,0.15948120364919305,7.289775425102562,0.1596389589831233,exp347-qwen35-2b-prompted-1bt,iris,NVIDIA H100 80GB HBM3,85.019590656,9.0,g845f76,Linux-6.8.12-680-6063-coreweave-amd64-f81899c8-x86_64-with-glibc2.39,2.10.0+cu128,2026-10-02T19:32:21.305031+00:00,2
AF-T2IKF7-F1,45,2,prompted-teacher-forced-step-250,0.0487801730632782,7.289775425102562,0.04889245703816414,exp347-qwen35-2b-prompted-1bt,iris,NVIDIA H100 80GB HBM3,85.019590656,9.0,g845f76,Linux-6.8.12-680-6063-coreweave-amd64-f81899c8-x86_64-with-glibc2.39,2.10.0+cu128,2026-10-02T19:32:21.353942+00:00,2
AF-A0A1Q9JWD9-F1,228,21,prompted-teacher-forced-step-250,0.1496140700764954,7.29149230197072,0.14991254778578877,exp347-qwen35-2b-prompted-1bt,iris,NVIDIA H100 80GB HBM3,85.019590656,9.0,g845f76,Linux-6.8.12-680-6063-coreweave-amd64-f81899c8-x86_64-with-glibc2.39,2.10.0+cu128,2026-10-02T19:32:20.483637+00:00,3
AF-A0A353A268-F1,178,94,prompted-teacher-forced-step-250,0.14506179792806506,7.29149230197072,0.14525885414332151,exp347-qwen35-2b-prompted-1bt,iris,NVIDIA H100 80GB HBM3,85.019590656,9.0,g845f76,Linux-6.8.12-680-6063-coreweave-amd64-f81899c8-x86_64-with-glibc2.39,2.10.0+cu128,2026-10-02T19:32:20.628918+00:00,3
AF-A0A3C1A686-F1,144,73,prompted-teacher-forced-step-250,0.11859966721385717,7.29149230197072,0.1187757826410234,exp347-qwen35-2b-prompted-1bt,iris,NVIDIA H100 80GB HBM3,85.019590656,9.0,g845f76,Linux-6.8.12-680-6063-coreweave-amd64-f81899c8-x86_64-with-glibc2.39,2.10.0+cu128,2026-10-02T19:32:20.747713+00:00,3
AF-A0A7C6AI96-F1,103,92,prompted-teacher-forced-step-250,0.12143702572211623,7.29149230197072,0.12163758696988225,exp347-qwen35-2b-prompted-1bt,iris,NVIDIA H100 80GB HBM3,85.019590656,9.0,g845f76,Linux-6.8.12-680-6063-coreweave-amd64-f81899c8-x86_64-with-glibc2.39,2.10.0+cu128,2026-10-02T19:32:20.869372+00:00,3
AF-R7IWV1-F1,257,188,prompted-teacher-forced-step-250,0.1491150576621294,7.29149230197072,0.1493989801965654,exp347-qwen35-2b-prompted-1bt,iris,NVIDIA H100 80GB HBM3,85.019590656,9.0,g845f76,Linux-6.8.12-680-6063-coreweave-amd64-f81899c8-x86_64-with-glibc2.39,2.10.0+cu128,2026-10-02T19:32:21.018791+00:00,3
AF-A0A353CVU6-F1,114,48,prompted-teacher-forced-step-250,0.13091265317052603,7.29149230197072,0.13106390181928873,exp347-qwen35-2b-prompted-1bt,iris,NVIDIA H100 80GB HBM3,85.019590656,9.0,g845f76,Linux-6.8.12-680-6063-coreweave-amd64-f81899c8-x86_64-with-glibc2.39,2.10.0+cu128,2026-10-02T19:32:21.149875+00:00,3
AF-D6TBB2-F1,176,84,prompted-teacher-forced-step-250,0.13913372997194529,7.29149230197072,0.13932187482714653,exp347-qwen35-2b-prompted-1bt,iris,NVIDIA H100 80GB HBM3,85.019590656,9.0,g845f76,Linux-6.8.12-680-6063-coreweave-amd64-f81899c8-x86_64-with-glibc2.39,2.10.0+cu128,2026-10-02T19:32:21.289216+00:00,3
AF-E1W5V4-F1,74,59,prompted-teacher-forced-step-250,0.14992669597268105,7.29149230197072,0.15007825614884496,exp347-qwen35-2b-prompted-1bt,iris,NVIDIA H100 80GB HBM3,85.019590656,9.0,g845f76,Linux-6.8.12-680-6063-coreweave-amd64-f81899c8-x86_64-with-glibc2.39,2.10.0+cu128,2026-10-02T19:32:21.439313+00:00,3
AF-A0A7K0K2J9-F1,430,284,prompted-teacher-forced-step-250,0.12313065817579627,7.2908491990529,0.12363475002348423,exp347-qwen35-2b-prompted-1bt,iris,NVIDIA H100 80GB HBM3,85.019590656,9.0,g845f76,Linux-6.8.12-680-6063-coreweave-amd64-f81899c8-x86_64-with-glibc2.39,2.10.0+cu128,2026-10-02T19:32:20.457401+00:00,4
AF-A0A7V8YIG4-F1,198,130,prompted-teacher-forced-step-250,0.1783713549375534,7.2908491990529,0.17882894817739725,exp347-qwen35-2b-prompted-1bt,iris,NVIDIA H100 80GB HBM3,85.019590656,9.0,g845f76,Linux-6.8.12-680-6063-coreweave-amd64-f81899c8-x86_64-with-glibc2.39,2.10.0+cu128,2026-10-02T19:32:20.636253+00:00,4
AF-A0A2Y9AAL4-F1,108,38,prompted-teacher-forced-step-250,0.1882737479172647,7.2908491990529,0.1884111911058426,exp347-qwen35-2b-prompted-1bt,iris,NVIDIA H100 80GB HBM3,85.019590656,9.0,g845f76,Linux-6.8.12-680-6063-coreweave-amd64-f81899c8-x86_64-with-glibc2.39,2.10.0+cu128,2026-10-02T19:32:20.824684+00:00,4
AF-A0A258EL83-F1,151,83,prompted-teacher-forced-step-250,0.12176635814830661,7.2908491990529,0.12194022862240672,exp347-qwen35-2b-prompted-1bt,iris,NVIDIA H100 80GB HBM3,85.019590656,9.0,g845f76,Linux-6.8.12-680-6063-coreweave-amd64-f81899c8-x86_64-with-glibc2.39,2.10.0+cu128,2026-10-02T19:32:20.946644+00:00,4
AF-A0A6S6V153-F1,345,391,prompted-teacher-forced-step-250,0.15747593576088548,7.2908491990529,0.15790900494903326,exp347-qwen35-2b-prompted-1bt,iris,NVIDIA H100 80GB HBM3,85.019590656,9.0,g845f76,Linux-6.8.12-680-6063-coreweave-amd64-f81899c8-x86_64-with-glibc2.39,2.10.0+cu128,2026-10-02T19:32:21.104572+00:00,4
AF-A0A507FLD2-F1,245,186,prompted-teacher-forced-step-250,0.1438973117619753,7.2908491990529,0.14416621485725045,exp347-qwen35-2b-prompted-1bt,iris,NVIDIA H100 80GB HBM3,85.019590656,9.0,g845f76,Linux-6.8.12-680-6063-coreweave-amd64-f81899c8-x86_64-with-glibc2.39,2.10.0+cu128,2026-10-02T19:32:21.248758+00:00,4
AF-A0A7Z9H0Q6-F1,254,203,prompted-teacher-forced-step-250,0.161525989882648,7.2908491990529,0.16181525588035583,exp347-qwen35-2b-prompted-1bt,iris,NVIDIA H100 80GB HBM3,85.019590656,9.0,g845f76,Linux-6.8.12-680-6063-coreweave-amd64-f81899c8-x86_64-with-glibc2.39,2.10.0+cu128,2026-10-02T19:32:21.410593+00:00,4
AF-A0A7J9QUE1-F1,376,358,prompted-teacher-forced-step-250,0.15155503107234836,7.2908491990529,0.15197323309257627,exp347-qwen35-2b-prompted-1bt,iris,NVIDIA H100 80GB HBM3,85.019590656,9.0,g845f76,Linux-6.8.12-680-6063-coreweave-amd64-f81899c8-x86_64-with-glibc2.39,2.10.0+cu128,2026-10-02T19:32:21.562586+00:00,4
AF-A0A0D7KG49-F1,444,362,prompted-teacher-forced-step-250,0.156221526209265,7.290768232196569,0.15680896770209074,exp347-qwen35-2b-prompted-1bt,iris,NVIDIA H100 80GB HBM3,85.019590656,9.0,g845f76,Linux-6.8.12-680-6063-coreweave-amd64-f81899c8-x86_64-with-glibc2.39,2.10.0+cu128,2026-10-02T19:32:20.490442+00:00,5
AF-A0A453T4R8-F1,491,563,prompted-teacher-forced-step-250,0.14157922519370914,7.290768232196569,0.14241658570244908,exp347-qwen35-2b-prompted-1bt,iris,NVIDIA H100 80GB HBM3,85.019590656,9.0,g845f76,Linux-6.8.12-680-6063-coreweave-amd64-f81899c8-x86_64-with-glibc2.39,2.10.0+cu128,2026-10-02T19:32:20.632881+00:00,5
AF-A0A349VRT4-F1,115,88,prompted-teacher-forced-step-250,0.11969058914110065,7.290768232196569,0.11986383888870478,exp347-qwen35-2b-prompted-1bt,iris,NVIDIA H100 80GB HBM3,85.019590656,9.0,g845f76,Linux-6.8.12-680-6063-coreweave-amd64-f81899c8-x86_64-with-glibc2.39,2.10.0+cu128,2026-10-02T19:32:20.752765+00:00,5
AF-A0A327S2E5-F1,497,390,prompted-teacher-forced-step-250,0.15924429101869464,7.290768232196569,0.1596986702643335,exp347-qwen35-2b-prompted-1bt,iris,NVIDIA H100 80GB HBM3,85.019590656,9.0,g845f76,Linux-6.8.12-680-6063-coreweave-amd64-f81899c8-x86_64-with-glibc2.39,2.10.0+cu128,2026-10-02T19:32:20.912485+00:00,5
AF-A0A249PTA9-F1,290,273,prompted-teacher-forced-step-250,0.11972301127389073,7.290768232196569,0.1200771639123559,exp347-qwen35-2b-prompted-1bt,iris,NVIDIA H100 80GB HBM3,85.019590656,9.0,g845f76,Linux-6.8.12-680-6063-coreweave-amd64-f81899c8-x86_64-with-glibc2.39,2.10.0+cu128,2026-10-02T19:32:21.032583+00:00,5
AF-A0A448MIS6-F1,214,157,prompted-teacher-forced-step-250,0.12285007396712899,7.290768232196569,0.1230849209241569,exp347-qwen35-2b-prompted-1bt,iris,NVIDIA H100 80GB HBM3,85.019590656,9.0,g845f76,Linux-6.8.12-680-6063-coreweave-amd64-f81899c8-x86_64-with-glibc2.39,2.10.0+cu128,2026-10-02T19:32:21.155688+00:00,5
AF-A0A381FIK0-F1,309,262,prompted-teacher-forced-step-250,0.1273612710647285,7.290768232196569,0.12770667765289545,exp347-qwen35-2b-prompted-1bt,iris,NVIDIA H100 80GB HBM3,85.019590656,9.0,g845f76,Linux-6.8.12-680-6063-coreweave-amd64-f81899c8-x86_64-with-glibc2.39,2.10.0+cu128,2026-10-02T19:32:21.283415+00:00,5
AF-A0A381S3C4-F1,237,152,prompted-teacher-forced-step-250,0.12565839104354382,7.290768232196569,0.12590194307267666,exp347-qwen35-2b-prompted-1bt,iris,NVIDIA H100 80GB HBM3,85.019590656,9.0,g845f76,Linux-6.8.12-680-6063-coreweave-amd64-f81899c8-x86_64-with-glibc2.39,2.10.0+cu128,2026-10-02T19:32:21.409337+00:00,5
AF-A0A2K2UBD9-F1,214,135,prompted-teacher-forced-step-250,0.11609982000663877,7.293419947847724,0.11652903771027923,exp347-qwen35-2b-prompted-1bt,iris,NVIDIA H100 80GB HBM3,85.019590656,9.0,g845f76,Linux-6.8.12-680-6063-coreweave-amd64-f81899c8-x86_64-with-glibc2.39,2.10.0+cu128,2026-10-02T19:32:20.450166+00:00,6
AF-A0A1Q3J7A2-F1,253,172,prompted-teacher-forced-step-250,0.13511730916798115,7.293419947847724,0.13537526782602072,exp347-qwen35-2b-prompted-1bt,iris,NVIDIA H100 80GB HBM3,85.019590656,9.0,g845f76,Linux-6.8.12-680-6063-coreweave-amd64-f81899c8-x86_64-with-glibc2.39,2.10.0+cu128,2026-10-02T19:32:20.585566+00:00,6
AF-A0A0D2V2H5-F1,211,207,prompted-teacher-forced-step-250,0.1559787280857563,7.293419947847724,0.1562550850212574,exp347-qwen35-2b-prompted-1bt,iris,NVIDIA H100 80GB HBM3,85.019590656,9.0,g845f76,Linux-6.8.12-680-6063-coreweave-amd64-f81899c8-x86_64-with-glibc2.39,2.10.0+cu128,2026-10-02T19:32:20.741840+00:00,6
AF-A0A510Y3K9-F1,99,75,prompted-teacher-forced-step-250,0.1821360350586474,7.293419947847724,0.1822952083311975,exp347-qwen35-2b-prompted-1bt,iris,NVIDIA H100 80GB HBM3,85.019590656,9.0,g845f76,Linux-6.8.12-680-6063-coreweave-amd64-f81899c8-x86_64-with-glibc2.39,2.10.0+cu128,2026-10-02T19:32:20.924154+00:00,6
AF-A0A258JYT4-F1,102,61,prompted-teacher-forced-step-250,0.14849960524588823,7.293419947847724,0.1486483532935381,exp347-qwen35-2b-prompted-1bt,iris,NVIDIA H100 80GB HBM3,85.019590656,9.0,g845f76,Linux-6.8.12-680-6063-coreweave-amd64-f81899c8-x86_64-with-glibc2.39,2.10.0+cu128,2026-10-02T19:32:21.072822+00:00,6
AF-A0A2G3DY30-F1,498,659,prompted-teacher-forced-step-250,0.16128941019997,7.293419947847724,0.16195590002462268,exp347-qwen35-2b-prompted-1bt,iris,NVIDIA H100 80GB HBM3,85.019590656,9.0,g845f76,Linux-6.8.12-680-6063-coreweave-amd64-f81899c8-x86_64-with-glibc2.39,2.10.0+cu128,2026-10-02T19:32:21.234797+00:00,6
AF-F6GK51-F1,76,12,prompted-teacher-forced-step-250,0.12939233984798193,7.293419947847724,0.12951300106942654,exp347-qwen35-2b-prompted-1bt,iris,NVIDIA H100 80GB HBM3,85.019590656,9.0,g845f76,Linux-6.8.12-680-6063-coreweave-amd64-f81899c8-x86_64-with-glibc2.39,2.10.0+cu128,2026-10-02T19:32:21.364329+00:00,6
AF-A0A7U6HCV9-F1,115,48,prompted-teacher-forced-step-250,0.12471663299947977,7.293419947847724,0.12486743601039052,exp347-qwen35-2b-prompted-1bt,iris,NVIDIA H100 80GB HBM3,85.019590656,9.0,g845f76,Linux-6.8.12-680-6063-coreweave-amd64-f81899c8-x86_64-with-glibc2.39,2.10.0+cu128,2026-10-02T19:32:21.489216+00:00,6
AF-W6W933-F1,136,107,prompted-teacher-forced-step-250,0.1503673712722957,7.2928131450898945,0.15071557089686394,exp347-qwen35-2b-prompted-1bt,iris,NVIDIA H100 80GB HBM3,85.019590656,9.0,g845f76,Linux-6.8.12-680-6063-coreweave-amd64-f81899c8-x86_64-with-glibc2.39,2.10.0+cu128,2026-10-02T19:32:20.484393+00:00,7
AF-A0A6P6VK21-F1,299,207,prompted-teacher-forced-step-250,0.15838993107900023,7.2928131450898945,0.15895820083096623,exp347-qwen35-2b-prompted-1bt,iris,NVIDIA H100 80GB HBM3,85.019590656,9.0,g845f76,Linux-6.8.12-680-6063-coreweave-amd64-f81899c8-x86_64-with-glibc2.39,2.10.0+cu128,2026-10-02T19:32:20.643374+00:00,7
AF-A0A4S3M068-F1,256,99,prompted-teacher-forced-step-250,0.1681262501515448,7.2928131450898945,0.16834263084456325,exp347-qwen35-2b-prompted-1bt,iris,NVIDIA H100 80GB HBM3,85.019590656,9.0,g845f76,Linux-6.8.12-680-6063-coreweave-amd64-f81899c8-x86_64-with-glibc2.39,2.10.0+cu128,2026-10-02T19:32:20.811737+00:00,7
AF-A0A841DCA6-F1,312,181,prompted-teacher-forced-step-250,0.14287277916446328,7.2928131450898945,0.14314285991713405,exp347-qwen35-2b-prompted-1bt,iris,NVIDIA H100 80GB HBM3,85.019590656,9.0,g845f76,Linux-6.8.12-680-6063-coreweave-amd64-f81899c8-x86_64-with-glibc2.39,2.10.0+cu128,2026-10-02T19:32:20.954901+00:00,7
AF-K2EZX8-F1,62,50,prompted-teacher-forced-step-250,0.1282791350968182,7.2928131450898945,0.1284290342591703,exp347-qwen35-2b-prompted-1bt,iris,NVIDIA H100 80GB HBM3,85.019590656,9.0,g845f76,Linux-6.8.12-680-6063-coreweave-amd64-f81899c8-x86_64-with-glibc2.39,2.10.0+cu128,2026-10-02T19:32:21.083352+00:00,7
AF-A0A7X1U092-F1,131,39,prompted-teacher-forced-step-250,0.19079263834282756,7.2928131450898945,0.19094162108376622,exp347-qwen35-2b-prompted-1bt,iris,NVIDIA H100 80GB HBM3,85.019590656,9.0,g845f76,Linux-6.8.12-680-6063-coreweave-amd64-f81899c8-x86_64-with-glibc2.39,2.10.0+cu128,2026-10-02T19:32:21.274314+00:00,7
AF-A0A485BEV2-F1,197,105,prompted-teacher-forced-step-250,0.15950807696208358,7.2928131450898945,0.15971844177693129,exp347-qwen35-2b-prompted-1bt,iris,NVIDIA H100 80GB HBM3,85.019590656,9.0,g845f76,Linux-6.8.12-680-6063-coreweave-amd64-f81899c8-x86_64-with-glibc2.39,2.10.0+cu128,2026-10-02T19:32:21.434053+00:00,7
AF-A0A7X7PAJ5-F1,107,106,prompted-teacher-forced-step-250,0.13696225406602025,7.2928131450898945,0.13715810980647802,exp347-qwen35-2b-prompted-1bt,iris,NVIDIA H100 80GB HBM3,85.019590656,9.0,g845f76,Linux-6.8.12-680-6063-coreweave-amd64-f81899c8-x86_64-with-glibc2.39,2.10.0+cu128,2026-10-02T19:32:21.571232+00:00,7
AF-A0A2G5TXB3-F1,301,354,prompted-teacher-forced-step-500,0.14352973736822605,7.279490879271179,0.1441175048239529,exp347-qwen35-2b-prompted-1bt,iris,NVIDIA H100 80GB HBM3,85.019590656,9.0,g845f76,Linux-6.8.12-680-6063-coreweave-amd64-f81899c8-x86_64-with-glibc2.39,2.10.0+cu128,2026-10-02T19:46:14.947206+00:00,0
AF-A0A014MB47-F1,416,441,prompted-teacher-forced-step-500,0.1819607773795724,7.279490879271179,0.18262486206367612,exp347-qwen35-2b-prompted-1bt,iris,NVIDIA H100 80GB HBM3,85.019590656,9.0,g845f76,Linux-6.8.12-680-6063-coreweave-amd64-f81899c8-x86_64-with-glibc2.39,2.10.0+cu128,2026-10-02T19:46:15.129855+00:00,0
AF-A0A4Y1X169-F1,213,34,prompted-teacher-forced-step-500,0.12331237271428108,7.279490879271179,0.12351376889273524,exp347-qwen35-2b-prompted-1bt,iris,NVIDIA H100 80GB HBM3,85.019590656,9.0,g845f76,Linux-6.8.12-680-6063-coreweave-amd64-f81899c8-x86_64-with-glibc2.39,2.10.0+cu128,2026-10-02T19:46:15.253401+00:00,0
AF-A0A2B7Y3R9-F1,225,191,prompted-teacher-forced-step-500,0.1459185373969376,7.279490879271179,0.1461989739909768,exp347-qwen35-2b-prompted-1bt,iris,NVIDIA H100 80GB HBM3,85.019590656,9.0,g845f76,Linux-6.8.12-680-6063-coreweave-amd64-f81899c8-x86_64-with-glibc2.39,2.10.0+cu128,2026-10-02T19:46:15.399628+00:00,0
AF-A0A139L7P1-F1,54,45,prompted-teacher-forced-step-500,0.11675959499552846,7.279490879271179,0.11690500704571605,exp347-qwen35-2b-prompted-1bt,iris,NVIDIA H100 80GB HBM3,85.019590656,9.0,g845f76,Linux-6.8.12-680-6063-coreweave-amd64-f81899c8-x86_64-with-glibc2.39,2.10.0+cu128,2026-10-02T19:46:15.516556+00:00,0
AF-E3R5I9-F1,82,46,prompted-teacher-forced-step-500,0.12318919179961085,7.279490879271179,0.12336283270269632,exp347-qwen35-2b-prompted-1bt,iris,NVIDIA H100 80GB HBM3,85.019590656,9.0,g845f76,Linux-6.8.12-680-6063-coreweave-amd64-f81899c8-x86_64-with-glibc2.39,2.10.0+cu128,2026-10-02T19:46:15.639941+00:00,0
AF-A0A1G9FQD9-F1,222,220,prompted-teacher-forced-step-500,0.1658874899148941,7.279490879271179,0.1662185532040894,exp347-qwen35-2b-prompted-1bt,iris,NVIDIA H100 80GB HBM3,85.019590656,9.0,g845f76,Linux-6.8.12-680-6063-coreweave-amd64-f81899c8-x86_64-with-glibc2.39,2.10.0+cu128,2026-10-02T19:46:15.806183+00:00,0
AF-E4X797-F1,210,138,prompted-teacher-forced-step-500,0.11840356281027198,7.279490879271179,0.11867985129356384,exp347-qwen35-2b-prompted-1bt,iris,NVIDIA H100 80GB HBM3,85.019590656,9.0,g845f76,Linux-6.8.12-680-6063-coreweave-amd64-f81899c8-x86_64-with-glibc2.39,2.10.0+cu128,2026-10-02T19:46:15.924888+00:00,0
AF-F7YR68-F1,138,140,prompted-teacher-forced-step-500,0.18753680400550365,7.290788043756038,0.18793346406891942,exp347-qwen35-2b-prompted-1bt,iris,NVIDIA H100 80GB HBM3,85.019590656,9.0,g845f76,Linux-6.8.12-680-6063-coreweave-amd64-f81899c8-x86_64-with-glibc2.39,2.10.0+cu128,2026-10-02T19:46:14.991032+00:00,1
AF-A0A517MCM5-F1,313,98,prompted-teacher-forced-step-500,0.15138180321082473,7.290788043756038,0.15185103891417384,exp347-qwen35-2b-prompted-1bt,iris,NVIDIA H100 80GB HBM3,85.019590656,9.0,g845f76,Linux-6.8.12-680-6063-coreweave-amd64-f81899c8-x86_64-with-glibc2.39,2.10.0+cu128,2026-10-02T19:46:15.142907+00:00,1
AF-A0A022RVM1-F1,69,20,prompted-teacher-forced-step-500,0.11205416172742844,7.290788043756038,0.11217704461887479,exp347-qwen35-2b-prompted-1bt,iris,NVIDIA H100 80GB HBM3,85.019590656,9.0,g845f76,Linux-6.8.12-680-6063-coreweave-amd64-f81899c8-x86_64-with-glibc2.39,2.10.0+cu128,2026-10-02T19:46:15.255104+00:00,1
AF-A0A560HBG7-F1,159,117,prompted-teacher-forced-step-500,0.15991489170119166,7.290788043756038,0.16011074418202043,exp347-qwen35-2b-prompted-1bt,iris,NVIDIA H100 80GB HBM3,85.019590656,9.0,g845f76,Linux-6.8.12-680-6063-coreweave-amd64-f81899c8-x86_64-with-glibc2.39,2.10.0+cu128,2026-10-02T19:46:15.415234+00:00,1
AF-A0A2V4YI01-F1,285,218,prompted-teacher-forced-step-500,0.1695723868906498,7.290788043756038,0.1698728553019464,exp347-qwen35-2b-prompted-1bt,iris,NVIDIA H100 80GB HBM3,85.019590656,9.0,g845f76,Linux-6.8.12-680-6063-coreweave-amd64-f81899c8-x86_64-with-glibc2.39,2.10.0+cu128,2026-10-02T19:46:15.585126+00:00,1
AF-A0A644W2M4-F1,62,53,prompted-teacher-forced-step-500,0.13154539372771978,7.290788043756038,0.13169102184474468,exp347-qwen35-2b-prompted-1bt,iris,NVIDIA H100 80GB HBM3,85.019590656,9.0,g845f76,Linux-6.8.12-680-6063-coreweave-amd64-f81899c8-x86_64-with-glibc2.39,2.10.0+cu128,2026-10-02T19:46:15.716836+00:00,1
AF-A0A3C0I535-F1,137,100,prompted-teacher-forced-step-500,0.1416884739883244,7.290788043756038,0.1418743166141212,exp347-qwen35-2b-prompted-1bt,iris,NVIDIA H100 80GB HBM3,85.019590656,9.0,g845f76,Linux-6.8.12-680-6063-coreweave-amd64-f81899c8-x86_64-with-glibc2.39,2.10.0+cu128,2026-10-02T19:46:15.858729+00:00,1
AF-A0A099T554-F1,93,89,prompted-teacher-forced-step-500,0.11531775584444404,7.290788043756038,0.11548489332199097,exp347-qwen35-2b-prompted-1bt,iris,NVIDIA H100 80GB HBM3,85.019590656,9.0,g845f76,Linux-6.8.12-680-6063-coreweave-amd64-f81899c8-x86_64-with-glibc2.39,2.10.0+cu128,2026-10-02T19:46:15.974233+00:00,1
AF-A0A329P9E8-F1,336,279,prompted-teacher-forced-step-500,0.12226214865222573,7.289775425102562,0.12277302192524076,exp347-qwen35-2b-prompted-1bt,iris,NVIDIA H100 80GB HBM3,85.019590656,9.0,g845f76,Linux-6.8.12-680-6063-coreweave-amd64-f81899c8-x86_64-with-glibc2.39,2.10.0+cu128,2026-10-02T19:46:14.925832+00:00,2
AF-A0A6L7KYZ3-F1,187,80,prompted-teacher-forced-step-500,0.12103878194466233,7.289775425102562,0.12137800501659513,exp347-qwen35-2b-prompted-1bt,iris,NVIDIA H100 80GB HBM3,85.019590656,9.0,g845f76,Linux-6.8.12-680-6063-coreweave-amd64-f81899c8-x86_64-with-glibc2.39,2.10.0+cu128,2026-10-02T19:46:15.047232+00:00,2
AF-A0A7C7ZI64-F1,61,32,prompted-teacher-forced-step-500,0.1518184393644333,7.289775425102562,0.15203165402635932,exp347-qwen35-2b-prompted-1bt,iris,NVIDIA H100 80GB HBM3,85.019590656,9.0,g845f76,Linux-6.8.12-680-6063-coreweave-amd64-f81899c8-x86_64-with-glibc2.39,2.10.0+cu128,2026-10-02T19:46:15.199298+00:00,2
AF-A0A2I1KQH6-F1,189,101,prompted-teacher-forced-step-500,0.1481968960724771,7.289775425102562,0.14841536665335298,exp347-qwen35-2b-prompted-1bt,iris,NVIDIA H100 80GB HBM3,85.019590656,9.0,g845f76,Linux-6.8.12-680-6063-coreweave-amd64-f81899c8-x86_64-with-glibc2.39,2.10.0+cu128,2026-10-02T19:46:15.347747+00:00,2
AF-A0A1F3B4X3-F1,73,22,prompted-teacher-forced-step-500,0.12182042421773076,7.289775425102562,0.12194689130410552,exp347-qwen35-2b-prompted-1bt,iris,NVIDIA H100 80GB HBM3,85.019590656,9.0,g845f76,Linux-6.8.12-680-6063-coreweave-amd64-f81899c8-x86_64-with-glibc2.39,2.10.0+cu128,2026-10-02T19:46:15.469714+00:00,2
AF-A0A250XX09-F1,250,178,prompted-teacher-forced-step-500,0.14295797096565366,7.289775425102562,0.14322986686602235,exp347-qwen35-2b-prompted-1bt,iris,NVIDIA H100 80GB HBM3,85.019590656,9.0,g845f76,Linux-6.8.12-680-6063-coreweave-amd64-f81899c8-x86_64-with-glibc2.39,2.10.0+cu128,2026-10-02T19:46:15.612964+00:00,2
AF-T0ZQV0-F1,93,60,prompted-teacher-forced-step-500,0.15101481368765235,7.289775425102562,0.15117722423747182,exp347-qwen35-2b-prompted-1bt,iris,NVIDIA H100 80GB HBM3,85.019590656,9.0,g845f76,Linux-6.8.12-680-6063-coreweave-amd64-f81899c8-x86_64-with-glibc2.39,2.10.0+cu128,2026-10-02T19:46:15.764162+00:00,2
AF-T2IKF7-F1,45,2,prompted-teacher-forced-step-500,0.04842156311497092,7.289775425102562,0.04853522498160601,exp347-qwen35-2b-prompted-1bt,iris,NVIDIA H100 80GB HBM3,85.019590656,9.0,g845f76,Linux-6.8.12-680-6063-coreweave-amd64-f81899c8-x86_64-with-glibc2.39,2.10.0+cu128,2026-10-02T19:46:15.812718+00:00,2
AF-A0A1Q9JWD9-F1,228,21,prompted-teacher-forced-step-500,0.15012654522433877,7.29149230197072,0.15042871981859207,exp347-qwen35-2b-prompted-1bt,iris,NVIDIA H100 80GB HBM3,85.019590656,9.0,g845f76,Linux-6.8.12-680-6063-coreweave-amd64-f81899c8-x86_64-with-glibc2.39,2.10.0+cu128,2026-10-02T19:46:14.953623+00:00,3
AF-A0A353A268-F1,178,94,prompted-teacher-forced-step-500,0.1456747497431934,7.29149230197072,0.14619903592392802,exp347-qwen35-2b-prompted-1bt,iris,NVIDIA H100 80GB HBM3,85.019590656,9.0,g845f76,Linux-6.8.12-680-6063-coreweave-amd64-f81899c8-x86_64-with-glibc2.39,2.10.0+cu128,2026-10-02T19:46:15.099846+00:00,3
AF-A0A3C1A686-F1,144,73,prompted-teacher-forced-step-500,0.11912934994325042,7.29149230197072,0.11931720422580838,exp347-qwen35-2b-prompted-1bt,iris,NVIDIA H100 80GB HBM3,85.019590656,9.0,g845f76,Linux-6.8.12-680-6063-coreweave-amd64-f81899c8-x86_64-with-glibc2.39,2.10.0+cu128,2026-10-02T19:46:15.219183+00:00,3
AF-A0A7C6AI96-F1,103,92,prompted-teacher-forced-step-500,0.12232730817049742,7.29149230197072,0.12250903993844986,exp347-qwen35-2b-prompted-1bt,iris,NVIDIA H100 80GB HBM3,85.019590656,9.0,g845f76,Linux-6.8.12-680-6063-coreweave-amd64-f81899c8-x86_64-with-glibc2.39,2.10.0+cu128,2026-10-02T19:46:15.341712+00:00,3
AF-R7IWV1-F1,257,188,prompted-teacher-forced-step-500,0.1496442318893969,7.29149230197072,0.14992215996608138,exp347-qwen35-2b-prompted-1bt,iris,NVIDIA H100 80GB HBM3,85.019590656,9.0,g845f76,Linux-6.8.12-680-6063-coreweave-amd64-f81899c8-x86_64-with-glibc2.39,2.10.0+cu128,2026-10-02T19:46:15.491654+00:00,3
AF-A0A353CVU6-F1,114,48,prompted-teacher-forced-step-500,0.13152041099965572,7.29149230197072,0.13168656406924129,exp347-qwen35-2b-prompted-1bt,iris,NVIDIA H100 80GB HBM3,85.019590656,9.0,g845f76,Linux-6.8.12-680-6063-coreweave-amd64-f81899c8-x86_64-with-glibc2.39,2.10.0+cu128,2026-10-02T19:46:15.623364+00:00,3
AF-D6TBB2-F1,176,84,prompted-teacher-forced-step-500,0.13938044710084796,7.29149230197072,0.13958471035584807,exp347-qwen35-2b-prompted-1bt,iris,NVIDIA H100 80GB HBM3,85.019590656,9.0,g845f76,Linux-6.8.12-680-6063-coreweave-amd64-f81899c8-x86_64-with-glibc2.39,2.10.0+cu128,2026-10-02T19:46:15.762969+00:00,3
AF-E1W5V4-F1,74,59,prompted-teacher-forced-step-500,0.14999872213229537,7.29149230197072,0.15016837697476149,exp347-qwen35-2b-prompted-1bt,iris,NVIDIA H100 80GB HBM3,85.019590656,9.0,g845f76,Linux-6.8.12-680-6063-coreweave-amd64-f81899c8-x86_64-with-glibc2.39,2.10.0+cu128,2026-10-02T19:46:15.913158+00:00,3
AF-A0A7K0K2J9-F1,430,284,prompted-teacher-forced-step-500,0.12317626597359776,7.2908491990529,0.12368554715067148,exp347-qwen35-2b-prompted-1bt,iris,NVIDIA H100 80GB HBM3,85.019590656,9.0,g845f76,Linux-6.8.12-680-6063-coreweave-amd64-f81899c8-x86_64-with-glibc2.39,2.10.0+cu128,2026-10-02T19:46:14.926860+00:00,4
AF-A0A7V8YIG4-F1,198,130,prompted-teacher-forced-step-500,0.17859004670754075,7.2908491990529,0.17880518501624465,exp347-qwen35-2b-prompted-1bt,iris,NVIDIA H100 80GB HBM3,85.019590656,9.0,g845f76,Linux-6.8.12-680-6063-coreweave-amd64-f81899c8-x86_64-with-glibc2.39,2.10.0+cu128,2026-10-02T19:46:15.105692+00:00,4
AF-A0A2Y9AAL4-F1,108,38,prompted-teacher-forced-step-500,0.1887343479320407,7.2908491990529,0.1888727438636124,exp347-qwen35-2b-prompted-1bt,iris,NVIDIA H100 80GB HBM3,85.019590656,9.0,g845f76,Linux-6.8.12-680-6063-coreweave-amd64-f81899c8-x86_64-with-glibc2.39,2.10.0+cu128,2026-10-02T19:46:15.294586+00:00,4
AF-A0A258EL83-F1,151,83,prompted-teacher-forced-step-500,0.12291027838364244,7.2908491990529,0.12308448925614357,exp347-qwen35-2b-prompted-1bt,iris,NVIDIA H100 80GB HBM3,85.019590656,9.0,g845f76,Linux-6.8.12-680-6063-coreweave-amd64-f81899c8-x86_64-with-glibc2.39,2.10.0+cu128,2026-10-02T19:46:15.417690+00:00,4
AF-A0A6S6V153-F1,345,391,prompted-teacher-forced-step-500,0.15769271785393357,7.2908491990529,0.15812788158655167,exp347-qwen35-2b-prompted-1bt,iris,NVIDIA H100 80GB HBM3,85.019590656,9.0,g845f76,Linux-6.8.12-680-6063-coreweave-amd64-f81899c8-x86_64-with-glibc2.39,2.10.0+cu128,2026-10-02T19:46:15.575837+00:00,4
AF-A0A507FLD2-F1,245,186,prompted-teacher-forced-step-500,0.14510907093062997,7.2908491990529,0.1453727032057941,exp347-qwen35-2b-prompted-1bt,iris,NVIDIA H100 80GB HBM3,85.019590656,9.0,g845f76,Linux-6.8.12-680-6063-coreweave-amd64-f81899c8-x86_64-with-glibc2.39,2.10.0+cu128,2026-10-02T19:46:15.721230+00:00,4
AF-A0A7Z9H0Q6-F1,254,203,prompted-teacher-forced-step-500,0.16197990626096725,7.2908491990529,0.16227688314393163,exp347-qwen35-2b-prompted-1bt,iris,NVIDIA H100 80GB HBM3,85.019590656,9.0,g845f76,Linux-6.8.12-680-6063-coreweave-amd64-f81899c8-x86_64-with-glibc2.39,2.10.0+cu128,2026-10-02T19:46:15.883527+00:00,4
AF-A0A7J9QUE1-F1,376,358,prompted-teacher-forced-step-500,0.15158872120082378,7.2908491990529,0.1520116850733757,exp347-qwen35-2b-prompted-1bt,iris,NVIDIA H100 80GB HBM3,85.019590656,9.0,g845f76,Linux-6.8.12-680-6063-coreweave-amd64-f81899c8-x86_64-with-glibc2.39,2.10.0+cu128,2026-10-02T19:46:16.035558+00:00,4
AF-A0A0D7KG49-F1,444,362,prompted-teacher-forced-step-500,0.1560528981499374,7.290768232196569,0.15664014872163534,exp347-qwen35-2b-prompted-1bt,iris,NVIDIA H100 80GB HBM3,85.019590656,9.0,g845f76,Linux-6.8.12-680-6063-coreweave-amd64-f81899c8-x86_64-with-glibc2.39,2.10.0+cu128,2026-10-02T19:46:14.959712+00:00,5
AF-A0A453T4R8-F1,491,563,prompted-teacher-forced-step-500,0.1416388968937099,7.290768232196569,0.14239298459142447,exp347-qwen35-2b-prompted-1bt,iris,NVIDIA H100 80GB HBM3,85.019590656,9.0,g845f76,Linux-6.8.12-680-6063-coreweave-amd64-f81899c8-x86_64-with-glibc2.39,2.10.0+cu128,2026-10-02T19:46:15.102128+00:00,5
AF-A0A349VRT4-F1,115,88,prompted-teacher-forced-step-500,0.11973165161907673,7.290768232196569,0.11995738092809916,exp347-qwen35-2b-prompted-1bt,iris,NVIDIA H100 80GB HBM3,85.019590656,9.0,g845f76,Linux-6.8.12-680-6063-coreweave-amd64-f81899c8-x86_64-with-glibc2.39,2.10.0+cu128,2026-10-02T19:46:15.222118+00:00,5
AF-A0A327S2E5-F1,497,390,prompted-teacher-forced-step-500,0.15979215782135725,7.290768232196569,0.16026919893920422,exp347-qwen35-2b-prompted-1bt,iris,NVIDIA H100 80GB HBM3,85.019590656,9.0,g845f76,Linux-6.8.12-680-6063-coreweave-amd64-f81899c8-x86_64-with-glibc2.39,2.10.0+cu128,2026-10-02T19:46:15.382416+00:00,5
AF-A0A249PTA9-F1,290,273,prompted-teacher-forced-step-500,0.12010688008740544,7.290768232196569,0.12045867694541812,exp347-qwen35-2b-prompted-1bt,iris,NVIDIA H100 80GB HBM3,85.019590656,9.0,g845f76,Linux-6.8.12-680-6063-coreweave-amd64-f81899c8-x86_64-with-glibc2.39,2.10.0+cu128,2026-10-02T19:46:15.502895+00:00,5
AF-A0A448MIS6-F1,214,157,prompted-teacher-forced-step-500,0.12176392879337072,7.290768232196569,0.12200993532314897,exp347-qwen35-2b-prompted-1bt,iris,NVIDIA H100 80GB HBM3,85.019590656,9.0,g845f76,Linux-6.8.12-680-6063-coreweave-amd64-f81899c8-x86_64-with-glibc2.39,2.10.0+cu128,2026-10-02T19:46:15.624925+00:00,5
AF-A0A381FIK0-F1,309,262,prompted-teacher-forced-step-500,0.11694882810115814,7.290768232196569,0.11729596508666873,exp347-qwen35-2b-prompted-1bt,iris,NVIDIA H100 80GB HBM3,85.019590656,9.0,g845f76,Linux-6.8.12-680-6063-coreweave-amd64-f81899c8-x86_64-with-glibc2.39,2.10.0+cu128,2026-10-02T19:46:15.742242+00:00,5
AF-A0A381S3C4-F1,237,152,prompted-teacher-forced-step-500,0.12564411107450724,7.290768232196569,0.1259476114064455,exp347-qwen35-2b-prompted-1bt,iris,NVIDIA H100 80GB HBM3,85.019590656,9.0,g845f76,Linux-6.8.12-680-6063-coreweave-amd64-f81899c8-x86_64-with-glibc2.39,2.10.0+cu128,2026-10-02T19:46:15.868221+00:00,5
AF-A0A2K2UBD9-F1,214,135,prompted-teacher-forced-step-500,0.11557547887787223,7.293419947847724,0.11596008576452732,exp347-qwen35-2b-prompted-1bt,iris,NVIDIA H100 80GB HBM3,85.019590656,9.0,g845f76,Linux-6.8.12-680-6063-coreweave-amd64-f81899c8-x86_64-with-glibc2.39,2.10.0+cu128,2026-10-02T19:46:14.919279+00:00,6
AF-A0A1Q3J7A2-F1,253,172,prompted-teacher-forced-step-500,0.13430129177868366,7.293419947847724,0.13456000667065382,exp347-qwen35-2b-prompted-1bt,iris,NVIDIA H100 80GB HBM3,85.019590656,9.0,g845f76,Linux-6.8.12-680-6063-coreweave-amd64-f81899c8-x86_64-with-glibc2.39,2.10.0+cu128,2026-10-02T19:46:15.053863+00:00,6
AF-A0A0D2V2H5-F1,211,207,prompted-teacher-forced-step-500,0.15574968978762627,7.293419947847724,0.15602727374061942,exp347-qwen35-2b-prompted-1bt,iris,NVIDIA H100 80GB HBM3,85.019590656,9.0,g845f76,Linux-6.8.12-680-6063-coreweave-amd64-f81899c8-x86_64-with-glibc2.39,2.10.0+cu128,2026-10-02T19:46:15.209910+00:00,6
AF-A0A510Y3K9-F1,99,75,prompted-teacher-forced-step-500,0.18317115399986506,7.293419947847724,0.1833306229673326,exp347-qwen35-2b-prompted-1bt,iris,NVIDIA H100 80GB HBM3,85.019590656,9.0,g845f76,Linux-6.8.12-680-6063-coreweave-amd64-f81899c8-x86_64-with-glibc2.39,2.10.0+cu128,2026-10-02T19:46:15.393259+00:00,6
AF-A0A258JYT4-F1,102,61,prompted-teacher-forced-step-500,0.14957120781764388,7.293419947847724,0.14972601179033518,exp347-qwen35-2b-prompted-1bt,iris,NVIDIA H100 80GB HBM3,85.019590656,9.0,g845f76,Linux-6.8.12-680-6063-coreweave-amd64-f81899c8-x86_64-with-glibc2.39,2.10.0+cu128,2026-10-02T19:46:15.543004+00:00,6
AF-A0A2G3DY30-F1,498,659,prompted-teacher-forced-step-500,0.161113902926445,7.293419947847724,0.1617945060133934,exp347-qwen35-2b-prompted-1bt,iris,NVIDIA H100 80GB HBM3,85.019590656,9.0,g845f76,Linux-6.8.12-680-6063-coreweave-amd64-f81899c8-x86_64-with-glibc2.39,2.10.0+cu128,2026-10-02T19:46:15.704818+00:00,6
AF-F6GK51-F1,76,12,prompted-teacher-forced-step-500,0.13007417414337397,7.293419947847724,0.13021619943901896,exp347-qwen35-2b-prompted-1bt,iris,NVIDIA H100 80GB HBM3,85.019590656,9.0,g845f76,Linux-6.8.12-680-6063-coreweave-amd64-f81899c8-x86_64-with-glibc2.39,2.10.0+cu128,2026-10-02T19:46:15.835054+00:00,6
AF-A0A7U6HCV9-F1,115,48,prompted-teacher-forced-step-500,0.12467725994065404,7.293419947847724,0.12483043130487204,exp347-qwen35-2b-prompted-1bt,iris,NVIDIA H100 80GB HBM3,85.019590656,9.0,g845f76,Linux-6.8.12-680-6063-coreweave-amd64-f81899c8-x86_64-with-glibc2.39,2.10.0+cu128,2026-10-02T19:46:15.959904+00:00,6
AF-W6W933-F1,136,107,prompted-teacher-forced-step-500,0.1488183019682765,7.2928131450898945,0.14917160803452134,exp347-qwen35-2b-prompted-1bt,iris,NVIDIA H100 80GB HBM3,85.019590656,9.0,g845f76,Linux-6.8.12-680-6063-coreweave-amd64-f81899c8-x86_64-with-glibc2.39,2.10.0+cu128,2026-10-02T19:46:14.952476+00:00,7
AF-A0A6P6VK21-F1,299,207,prompted-teacher-forced-step-500,0.15857960935682058,7.2928131450898945,0.15913993725553155,exp347-qwen35-2b-prompted-1bt,iris,NVIDIA H100 80GB HBM3,85.019590656,9.0,g845f76,Linux-6.8.12-680-6063-coreweave-amd64-f81899c8-x86_64-with-glibc2.39,2.10.0+cu128,2026-10-02T19:46:15.111639+00:00,7
AF-A0A4S3M068-F1,256,99,prompted-teacher-forced-step-500,0.1681724740192294,7.2928131450898945,0.16840502712875605,exp347-qwen35-2b-prompted-1bt,iris,NVIDIA H100 80GB HBM3,85.019590656,9.0,g845f76,Linux-6.8.12-680-6063-coreweave-amd64-f81899c8-x86_64-with-glibc2.39,2.10.0+cu128,2026-10-02T19:46:15.280065+00:00,7
AF-A0A841DCA6-F1,312,181,prompted-teacher-forced-step-500,0.1417508409358561,7.2928131450898945,0.14204144105315208,exp347-qwen35-2b-prompted-1bt,iris,NVIDIA H100 80GB HBM3,85.019590656,9.0,g845f76,Linux-6.8.12-680-6063-coreweave-amd64-f81899c8-x86_64-with-glibc2.39,2.10.0+cu128,2026-10-02T19:46:15.422131+00:00,7
AF-K2EZX8-F1,62,50,prompted-teacher-forced-step-500,0.12748869508504868,7.2928131450898945,0.12764226784929633,exp347-qwen35-2b-prompted-1bt,iris,NVIDIA H100 80GB HBM3,85.019590656,9.0,g845f76,Linux-6.8.12-680-6063-coreweave-amd64-f81899c8-x86_64-with-glibc2.39,2.10.0+cu128,2026-10-02T19:46:15.549793+00:00,7
AF-A0A7X1U092-F1,131,39,prompted-teacher-forced-step-500,0.19082800298929214,7.2928131450898945,0.19098644005134702,exp347-qwen35-2b-prompted-1bt,iris,NVIDIA H100 80GB HBM3,85.019590656,9.0,g845f76,Linux-6.8.12-680-6063-coreweave-amd64-f81899c8-x86_64-with-glibc2.39,2.10.0+cu128,2026-10-02T19:46:15.740801+00:00,7
AF-A0A485BEV2-F1,197,105,prompted-teacher-forced-step-500,0.15961122792214155,7.2928131450898945,0.1598386294208467,exp347-qwen35-2b-prompted-1bt,iris,NVIDIA H100 80GB HBM3,85.019590656,9.0,g845f76,Linux-6.8.12-680-6063-coreweave-amd64-f81899c8-x86_64-with-glibc2.39,2.10.0+cu128,2026-10-02T19:46:15.900661+00:00,7
AF-A0A7X7PAJ5-F1,107,106,prompted-teacher-forced-step-500,0.13613330572843552,7.2928131450898945,0.1363284937106073,exp347-qwen35-2b-prompted-1bt,iris,NVIDIA H100 80GB HBM3,85.019590656,9.0,g845f76,Linux-6.8.12-680-6063-coreweave-amd64-f81899c8-x86_64-with-glibc2.39,2.10.0+cu128,2026-10-02T19:46:16.037010+00:00,7
AF-A0A2G5TXB3-F1,301,354,prompted-teacher-forced-step-750,0.14397759269922972,7.279490879271179,0.14456237899139524,exp347-qwen35-2b-prompted-1bt,iris,NVIDIA H100 80GB HBM3,85.019590656,9.0,g845f76,Linux-6.8.12-680-6063-coreweave-amd64-f81899c8-x86_64-with-glibc2.39,2.10.0+cu128,2026-10-02T19:59:45.565175+00:00,0
AF-A0A014MB47-F1,416,441,prompted-teacher-forced-step-750,0.18178946617990732,7.279490879271179,0.1825826452113688,exp347-qwen35-2b-prompted-1bt,iris,NVIDIA H100 80GB HBM3,85.019590656,9.0,g845f76,Linux-6.8.12-680-6063-coreweave-amd64-f81899c8-x86_64-with-glibc2.39,2.10.0+cu128,2026-10-02T19:59:45.747790+00:00,0
AF-A0A4Y1X169-F1,213,34,prompted-teacher-forced-step-750,0.12375576980412006,7.279490879271179,0.12393071688711643,exp347-qwen35-2b-prompted-1bt,iris,NVIDIA H100 80GB HBM3,85.019590656,9.0,g845f76,Linux-6.8.12-680-6063-coreweave-amd64-f81899c8-x86_64-with-glibc2.39,2.10.0+cu128,2026-10-02T19:59:45.871749+00:00,0
AF-A0A2B7Y3R9-F1,225,191,prompted-teacher-forced-step-750,0.1446925369091332,7.279490879271179,0.14498076820746064,exp347-qwen35-2b-prompted-1bt,iris,NVIDIA H100 80GB HBM3,85.019590656,9.0,g845f76,Linux-6.8.12-680-6063-coreweave-amd64-f81899c8-x86_64-with-glibc2.39,2.10.0+cu128,2026-10-02T19:59:46.016755+00:00,0
AF-A0A139L7P1-F1,54,45,prompted-teacher-forced-step-750,0.11745610320940614,7.279490879271179,0.11761170718818903,exp347-qwen35-2b-prompted-1bt,iris,NVIDIA H100 80GB HBM3,85.019590656,9.0,g845f76,Linux-6.8.12-680-6063-coreweave-amd64-f81899c8-x86_64-with-glibc2.39,2.10.0+cu128,2026-10-02T19:59:46.134389+00:00,0
AF-E3R5I9-F1,82,46,prompted-teacher-forced-step-750,0.12190951127558947,7.279490879271179,0.12206448707729578,exp347-qwen35-2b-prompted-1bt,iris,NVIDIA H100 80GB HBM3,85.019590656,9.0,g845f76,Linux-6.8.12-680-6063-coreweave-amd64-f81899c8-x86_64-with-glibc2.39,2.10.0+cu128,2026-10-02T19:59:46.256474+00:00,0
AF-A0A1G9FQD9-F1,222,220,prompted-teacher-forced-step-750,0.16566654574126005,7.279490879271179,0.16597211407497525,exp347-qwen35-2b-prompted-1bt,iris,NVIDIA H100 80GB HBM3,85.019590656,9.0,g845f76,Linux-6.8.12-680-6063-coreweave-amd64-f81899c8-x86_64-with-glibc2.39,2.10.0+cu128,2026-10-02T19:59:46.422466+00:00,0
AF-E4X797-F1,210,138,prompted-teacher-forced-step-750,0.11653582379221916,7.279490879271179,0.11680871760472655,exp347-qwen35-2b-prompted-1bt,iris,NVIDIA H100 80GB HBM3,85.019590656,9.0,g845f76,Linux-6.8.12-680-6063-coreweave-amd64-f81899c8-x86_64-with-glibc2.39,2.10.0+cu128,2026-10-02T19:59:46.539303+00:00,0
AF-F7YR68-F1,138,140,prompted-teacher-forced-step-750,0.1887849443592131,7.290788043756038,0.18952613696455956,exp347-qwen35-2b-prompted-1bt,iris,NVIDIA H100 80GB HBM3,85.019590656,9.0,g845f76,Linux-6.8.12-680-6063-coreweave-amd64-f81899c8-x86_64-with-glibc2.39,2.10.0+cu128,2026-10-02T19:59:45.610110+00:00,1
AF-A0A517MCM5-F1,313,98,prompted-teacher-forced-step-750,0.15236802771687508,7.290788043756038,0.15263969963416457,exp347-qwen35-2b-prompted-1bt,iris,NVIDIA H100 80GB HBM3,85.019590656,9.0,g845f76,Linux-6.8.12-680-6063-coreweave-amd64-f81899c8-x86_64-with-glibc2.39,2.10.0+cu128,2026-10-02T19:59:45.762787+00:00,1
AF-A0A022RVM1-F1,69,20,prompted-teacher-forced-step-750,0.1148854112252593,7.290788043756038,0.11505126534029841,exp347-qwen35-2b-prompted-1bt,iris,NVIDIA H100 80GB HBM3,85.019590656,9.0,g845f76,Linux-6.8.12-680-6063-coreweave-amd64-f81899c8-x86_64-with-glibc2.39,2.10.0+cu128,2026-10-02T19:59:45.877865+00:00,1
AF-A0A560HBG7-F1,159,117,prompted-teacher-forced-step-750,0.16179231693968177,7.290788043756038,0.16204040683805943,exp347-qwen35-2b-prompted-1bt,iris,NVIDIA H100 80GB HBM3,85.019590656,9.0,g845f76,Linux-6.8.12-680-6063-coreweave-amd64-f81899c8-x86_64-with-glibc2.39,2.10.0+cu128,2026-10-02T19:59:46.039936+00:00,1
AF-A0A2V4YI01-F1,285,218,prompted-teacher-forced-step-750,0.17106076702475548,7.290788043756038,0.1713858679868281,exp347-qwen35-2b-prompted-1bt,iris,NVIDIA H100 80GB HBM3,85.019590656,9.0,g845f76,Linux-6.8.12-680-6063-coreweave-amd64-f81899c8-x86_64-with-glibc2.39,2.10.0+cu128,2026-10-02T19:59:46.211349+00:00,1
AF-A0A644W2M4-F1,62,53,prompted-teacher-forced-step-750,0.13215948594734073,7.290788043756038,0.13231555605307221,exp347-qwen35-2b-prompted-1bt,iris,NVIDIA H100 80GB HBM3,85.019590656,9.0,g845f76,Linux-6.8.12-680-6063-coreweave-amd64-f81899c8-x86_64-with-glibc2.39,2.10.0+cu128,2026-10-02T19:59:46.343697+00:00,1
AF-A0A3C0I535-F1,137,100,prompted-teacher-forced-step-750,0.14259334281086922,7.290788043756038,0.14284212281927466,exp347-qwen35-2b-prompted-1bt,iris,NVIDIA H100 80GB HBM3,85.019590656,9.0,g845f76,Linux-6.8.12-680-6063-coreweave-amd64-f81899c8-x86_64-with-glibc2.39,2.10.0+cu128,2026-10-02T19:59:46.486567+00:00,1
AF-A0A099T554-F1,93,89,prompted-teacher-forced-step-750,0.11623422615230083,7.290788043756038,0.11645624274387956,exp347-qwen35-2b-prompted-1bt,iris,NVIDIA H100 80GB HBM3,85.019590656,9.0,g845f76,Linux-6.8.12-680-6063-coreweave-amd64-f81899c8-x86_64-with-glibc2.39,2.10.0+cu128,2026-10-02T19:59:46.603051+00:00,1
AF-A0A329P9E8-F1,336,279,prompted-teacher-forced-step-750,0.12309315567836165,7.289775425102562,0.12362291011959314,exp347-qwen35-2b-prompted-1bt,iris,NVIDIA H100 80GB HBM3,85.019590656,9.0,g845f76,Linux-6.8.12-680-6063-coreweave-amd64-f81899c8-x86_64-with-glibc2.39,2.10.0+cu128,2026-10-02T19:59:45.544182+00:00,2
AF-A0A6L7KYZ3-F1,187,80,prompted-teacher-forced-step-750,0.12278256518766284,7.289775425102562,0.12297527864575386,exp347-qwen35-2b-prompted-1bt,iris,NVIDIA H100 80GB HBM3,85.019590656,9.0,g845f76,Linux-6.8.12-680-6063-coreweave-amd64-f81899c8-x86_64-with-glibc2.39,2.10.0+cu128,2026-10-02T19:59:45.667188+00:00,2
AF-A0A7C7ZI64-F1,61,32,prompted-teacher-forced-step-750,0.1521744104102254,7.289775425102562,0.15232398081570864,exp347-qwen35-2b-prompted-1bt,iris,NVIDIA H100 80GB HBM3,85.019590656,9.0,g845f76,Linux-6.8.12-680-6063-coreweave-amd64-f81899c8-x86_64-with-glibc2.39,2.10.0+cu128,2026-10-02T19:59:45.819542+00:00,2
AF-A0A2I1KQH6-F1,189,101,prompted-teacher-forced-step-750,0.146530550904572,7.289775425102562,0.1467347638681531,exp347-qwen35-2b-prompted-1bt,iris,NVIDIA H100 80GB HBM3,85.019590656,9.0,g845f76,Linux-6.8.12-680-6063-coreweave-amd64-f81899c8-x86_64-with-glibc2.39,2.10.0+cu128,2026-10-02T19:59:45.966303+00:00,2
AF-A0A1F3B4X3-F1,73,22,prompted-teacher-forced-step-750,0.12086509400978684,7.289775425102562,0.12099819537252188,exp347-qwen35-2b-prompted-1bt,iris,NVIDIA H100 80GB HBM3,85.019590656,9.0,g845f76,Linux-6.8.12-680-6063-coreweave-amd64-f81899c8-x86_64-with-glibc2.39,2.10.0+cu128,2026-10-02T19:59:46.087323+00:00,2
AF-A0A250XX09-F1,250,178,prompted-teacher-forced-step-750,0.1431664708070457,7.289775425102562,0.14344190573319793,exp347-qwen35-2b-prompted-1bt,iris,NVIDIA H100 80GB HBM3,85.019590656,9.0,g845f76,Linux-6.8.12-680-6063-coreweave-amd64-f81899c8-x86_64-with-glibc2.39,2.10.0+cu128,2026-10-02T19:59:46.230784+00:00,2
AF-T0ZQV0-F1,93,60,prompted-teacher-forced-step-750,0.15101116383448243,7.289775425102562,0.15116864442825317,exp347-qwen35-2b-prompted-1bt,iris,NVIDIA H100 80GB HBM3,85.019590656,9.0,g845f76,Linux-6.8.12-680-6063-coreweave-amd64-f81899c8-x86_64-with-glibc2.39,2.10.0+cu128,2026-10-02T19:59:46.381973+00:00,2
AF-T2IKF7-F1,45,2,prompted-teacher-forced-step-750,0.048189287073910236,7.289775425102562,0.04829897312447429,exp347-qwen35-2b-prompted-1bt,iris,NVIDIA H100 80GB HBM3,85.019590656,9.0,g845f76,Linux-6.8.12-680-6063-coreweave-amd64-f81899c8-x86_64-with-glibc2.39,2.10.0+cu128,2026-10-02T19:59:46.430290+00:00,2
AF-A0A1Q9JWD9-F1,228,21,prompted-teacher-forced-step-750,0.149916039314121,7.29149230197072,0.15058394987136126,exp347-qwen35-2b-prompted-1bt,iris,NVIDIA H100 80GB HBM3,85.019590656,9.0,g845f76,Linux-6.8.12-680-6063-coreweave-amd64-f81899c8-x86_64-with-glibc2.39,2.10.0+cu128,2026-10-02T19:59:45.571217+00:00,3
AF-A0A353A268-F1,178,94,prompted-teacher-forced-step-750,0.1449671289883554,7.29149230197072,0.14519222220405936,exp347-qwen35-2b-prompted-1bt,iris,NVIDIA H100 80GB HBM3,85.019590656,9.0,g845f76,Linux-6.8.12-680-6063-coreweave-amd64-f81899c8-x86_64-with-glibc2.39,2.10.0+cu128,2026-10-02T19:59:45.716440+00:00,3
AF-A0A3C1A686-F1,144,73,prompted-teacher-forced-step-750,0.11943493317812681,7.29149230197072,0.11962610296905041,exp347-qwen35-2b-prompted-1bt,iris,NVIDIA H100 80GB HBM3,85.019590656,9.0,g845f76,Linux-6.8.12-680-6063-coreweave-amd64-f81899c8-x86_64-with-glibc2.39,2.10.0+cu128,2026-10-02T19:59:45.836095+00:00,3
AF-A0A7C6AI96-F1,103,92,prompted-teacher-forced-step-750,0.12357310531660914,7.29149230197072,0.12376057496294379,exp347-qwen35-2b-prompted-1bt,iris,NVIDIA H100 80GB HBM3,85.019590656,9.0,g845f76,Linux-6.8.12-680-6063-coreweave-amd64-f81899c8-x86_64-with-glibc2.39,2.10.0+cu128,2026-10-02T19:59:45.959882+00:00,3
AF-R7IWV1-F1,257,188,prompted-teacher-forced-step-750,0.14985054405406117,7.29149230197072,0.1501239058561623,exp347-qwen35-2b-prompted-1bt,iris,NVIDIA H100 80GB HBM3,85.019590656,9.0,g845f76,Linux-6.8.12-680-6063-coreweave-amd64-f81899c8-x86_64-with-glibc2.39,2.10.0+cu128,2026-10-02T19:59:46.110027+00:00,3
AF-A0A353CVU6-F1,114,48,prompted-teacher-forced-step-750,0.13148322189226747,7.29149230197072,0.1316348440013826,exp347-qwen35-2b-prompted-1bt,iris,NVIDIA H100 80GB HBM3,85.019590656,9.0,g845f76,Linux-6.8.12-680-6063-coreweave-amd64-f81899c8-x86_64-with-glibc2.39,2.10.0+cu128,2026-10-02T19:59:46.241681+00:00,3
AF-D6TBB2-F1,176,84,prompted-teacher-forced-step-750,0.1397389522753656,7.29149230197072,0.13993188086897135,exp347-qwen35-2b-prompted-1bt,iris,NVIDIA H100 80GB HBM3,85.019590656,9.0,g845f76,Linux-6.8.12-680-6063-coreweave-amd64-f81899c8-x86_64-with-glibc2.39,2.10.0+cu128,2026-10-02T19:59:46.381632+00:00,3
AF-E1W5V4-F1,74,59,prompted-teacher-forced-step-750,0.15029506897553802,7.29149230197072,0.15047416789457202,exp347-qwen35-2b-prompted-1bt,iris,NVIDIA H100 80GB HBM3,85.019590656,9.0,g845f76,Linux-6.8.12-680-6063-coreweave-amd64-f81899c8-x86_64-with-glibc2.39,2.10.0+cu128,2026-10-02T19:59:46.532132+00:00,3
AF-A0A7K0K2J9-F1,430,284,prompted-teacher-forced-step-750,0.12314985180273652,7.2908491990529,0.12366597261279821,exp347-qwen35-2b-prompted-1bt,iris,NVIDIA H100 80GB HBM3,85.019590656,9.0,g845f76,Linux-6.8.12-680-6063-coreweave-amd64-f81899c8-x86_64-with-glibc2.39,2.10.0+cu128,2026-10-02T19:59:45.544302+00:00,4
AF-A0A7V8YIG4-F1,198,130,prompted-teacher-forced-step-750,0.17883090768009424,7.2908491990529,0.17936333874240518,exp347-qwen35-2b-prompted-1bt,iris,NVIDIA H100 80GB HBM3,85.019590656,9.0,g845f76,Linux-6.8.12-680-6063-coreweave-amd64-f81899c8-x86_64-with-glibc2.39,2.10.0+cu128,2026-10-02T19:59:45.723694+00:00,4
AF-A0A2Y9AAL4-F1,108,38,prompted-teacher-forced-step-750,0.18896280508488417,7.2908491990529,0.18911600299179554,exp347-qwen35-2b-prompted-1bt,iris,NVIDIA H100 80GB HBM3,85.019590656,9.0,g845f76,Linux-6.8.12-680-6063-coreweave-amd64-f81899c8-x86_64-with-glibc2.39,2.10.0+cu128,2026-10-02T19:59:45.912840+00:00,4
AF-A0A258EL83-F1,151,83,prompted-teacher-forced-step-750,0.12322863191366196,7.2908491990529,0.12342978687956929,exp347-qwen35-2b-prompted-1bt,iris,NVIDIA H100 80GB HBM3,85.019590656,9.0,g845f76,Linux-6.8.12-680-6063-coreweave-amd64-f81899c8-x86_64-with-glibc2.39,2.10.0+cu128,2026-10-02T19:59:46.036301+00:00,4
AF-A0A6S6V153-F1,345,391,prompted-teacher-forced-step-750,0.1577952210791409,7.2908491990529,0.15825283993035555,exp347-qwen35-2b-prompted-1bt,iris,NVIDIA H100 80GB HBM3,85.019590656,9.0,g845f76,Linux-6.8.12-680-6063-coreweave-amd64-f81899c8-x86_64-with-glibc2.39,2.10.0+cu128,2026-10-02T19:59:46.194583+00:00,4
AF-A0A507FLD2-F1,245,186,prompted-teacher-forced-step-750,0.14567688526585698,7.2908491990529,0.1459635179489851,exp347-qwen35-2b-prompted-1bt,iris,NVIDIA H100 80GB HBM3,85.019590656,9.0,g845f76,Linux-6.8.12-680-6063-coreweave-amd64-f81899c8-x86_64-with-glibc2.39,2.10.0+cu128,2026-10-02T19:59:46.340574+00:00,4
AF-A0A7Z9H0Q6-F1,254,203,prompted-teacher-forced-step-750,0.16126810805872083,7.2908491990529,0.16156952222809196,exp347-qwen35-2b-prompted-1bt,iris,NVIDIA H100 80GB HBM3,85.019590656,9.0,g845f76,Linux-6.8.12-680-6063-coreweave-amd64-f81899c8-x86_64-with-glibc2.39,2.10.0+cu128,2026-10-02T19:59:46.502172+00:00,4
AF-A0A7J9QUE1-F1,376,358,prompted-teacher-forced-step-750,0.15195444133132696,7.2908491990529,0.15239775367081165,exp347-qwen35-2b-prompted-1bt,iris,NVIDIA H100 80GB HBM3,85.019590656,9.0,g845f76,Linux-6.8.12-680-6063-coreweave-amd64-f81899c8-x86_64-with-glibc2.39,2.10.0+cu128,2026-10-02T19:59:46.654596+00:00,4
AF-A0A0D7KG49-F1,444,362,prompted-teacher-forced-step-750,0.15608396101742983,7.290768232196569,0.15669570211321115,exp347-qwen35-2b-prompted-1bt,iris,NVIDIA H100 80GB HBM3,85.019590656,9.0,g845f76,Linux-6.8.12-680-6063-coreweave-amd64-f81899c8-x86_64-with-glibc2.39,2.10.0+cu128,2026-10-02T19:59:45.577231+00:00,5
AF-A0A453T4R8-F1,491,563,prompted-teacher-forced-step-750,0.14180997805669904,7.290768232196569,0.1424393691122532,exp347-qwen35-2b-prompted-1bt,iris,NVIDIA H100 80GB HBM3,85.019590656,9.0,g845f76,Linux-6.8.12-680-6063-coreweave-amd64-f81899c8-x86_64-with-glibc2.39,2.10.0+cu128,2026-10-02T19:59:45.719698+00:00,5
AF-A0A349VRT4-F1,115,88,prompted-teacher-forced-step-750,0.120465945918113,7.290768232196569,0.12065614014863968,exp347-qwen35-2b-prompted-1bt,iris,NVIDIA H100 80GB HBM3,85.019590656,9.0,g845f76,Linux-6.8.12-680-6063-coreweave-amd64-f81899c8-x86_64-with-glibc2.39,2.10.0+cu128,2026-10-02T19:59:45.840380+00:00,5
AF-A0A327S2E5-F1,497,390,prompted-teacher-forced-step-750,0.15949994698166847,7.290768232196569,0.15995453810319304,exp347-qwen35-2b-prompted-1bt,iris,NVIDIA H100 80GB HBM3,85.019590656,9.0,g845f76,Linux-6.8.12-680-6063-coreweave-amd64-f81899c8-x86_64-with-glibc2.39,2.10.0+cu128,2026-10-02T19:59:46.000361+00:00,5
AF-A0A249PTA9-F1,290,273,prompted-teacher-forced-step-750,0.12041279720142484,7.290768232196569,0.1207635747268796,exp347-qwen35-2b-prompted-1bt,iris,NVIDIA H100 80GB HBM3,85.019590656,9.0,g845f76,Linux-6.8.12-680-6063-coreweave-amd64-f81899c8-x86_64-with-glibc2.39,2.10.0+cu128,2026-10-02T19:59:46.121145+00:00,5
AF-A0A448MIS6-F1,214,157,prompted-teacher-forced-step-750,0.1232402827590704,7.290768232196569,0.12348688021302223,exp347-qwen35-2b-prompted-1bt,iris,NVIDIA H100 80GB HBM3,85.019590656,9.0,g845f76,Linux-6.8.12-680-6063-coreweave-amd64-f81899c8-x86_64-with-glibc2.39,2.10.0+cu128,2026-10-02T19:59:46.244652+00:00,5
AF-A0A381FIK0-F1,309,262,prompted-teacher-forced-step-750,0.11729458486661315,7.290768232196569,0.11763711273670197,exp347-qwen35-2b-prompted-1bt,iris,NVIDIA H100 80GB HBM3,85.019590656,9.0,g845f76,Linux-6.8.12-680-6063-coreweave-amd64-f81899c8-x86_64-with-glibc2.39,2.10.0+cu128,2026-10-02T19:59:46.362309+00:00,5
AF-A0A381S3C4-F1,237,152,prompted-teacher-forced-step-750,0.12572231516242027,7.290768232196569,0.12600055430084467,exp347-qwen35-2b-prompted-1bt,iris,NVIDIA H100 80GB HBM3,85.019590656,9.0,g845f76,Linux-6.8.12-680-6063-coreweave-amd64-f81899c8-x86_64-with-glibc2.39,2.10.0+cu128,2026-10-02T19:59:46.488330+00:00,5
AF-A0A2K2UBD9-F1,214,135,prompted-teacher-forced-step-750,0.11626093415543437,7.293419947847724,0.1166826980188489,exp347-qwen35-2b-prompted-1bt,iris,NVIDIA H100 80GB HBM3,85.019590656,9.0,g845f76,Linux-6.8.12-680-6063-coreweave-amd64-f81899c8-x86_64-with-glibc2.39,2.10.0+cu128,2026-10-02T19:59:45.537206+00:00,6
AF-A0A1Q3J7A2-F1,253,172,prompted-teacher-forced-step-750,0.13489101128652692,7.293419947847724,0.1351906000636518,exp347-qwen35-2b-prompted-1bt,iris,NVIDIA H100 80GB HBM3,85.019590656,9.0,g845f76,Linux-6.8.12-680-6063-coreweave-amd64-f81899c8-x86_64-with-glibc2.39,2.10.0+cu128,2026-10-02T19:59:45.672427+00:00,6
AF-A0A0D2V2H5-F1,211,207,prompted-teacher-forced-step-750,0.15693143801763654,7.293419947847724,0.15727021219208837,exp347-qwen35-2b-prompted-1bt,iris,NVIDIA H100 80GB HBM3,85.019590656,9.0,g845f76,Linux-6.8.12-680-6063-coreweave-amd64-f81899c8-x86_64-with-glibc2.39,2.10.0+cu128,2026-10-02T19:59:45.829729+00:00,6
AF-A0A510Y3K9-F1,99,75,prompted-teacher-forced-step-750,0.18458380596712232,7.293419947847724,0.18481729179620743,exp347-qwen35-2b-prompted-1bt,iris,NVIDIA H100 80GB HBM3,85.019590656,9.0,g845f76,Linux-6.8.12-680-6063-coreweave-amd64-f81899c8-x86_64-with-glibc2.39,2.10.0+cu128,2026-10-02T19:59:46.014579+00:00,6
AF-A0A258JYT4-F1,102,61,prompted-teacher-forced-step-750,0.15064514288678765,7.293419947847724,0.15082822600379586,exp347-qwen35-2b-prompted-1bt,iris,NVIDIA H100 80GB HBM3,85.019590656,9.0,g845f76,Linux-6.8.12-680-6063-coreweave-amd64-f81899c8-x86_64-with-glibc2.39,2.10.0+cu128,2026-10-02T19:59:46.165435+00:00,6
AF-A0A2G3DY30-F1,498,659,prompted-teacher-forced-step-750,0.16145658073946834,7.293419947847724,0.1621961910277605,exp347-qwen35-2b-prompted-1bt,iris,NVIDIA H100 80GB HBM3,85.019590656,9.0,g845f76,Linux-6.8.12-680-6063-coreweave-amd64-f81899c8-x86_64-with-glibc2.39,2.10.0+cu128,2026-10-02T19:59:46.327662+00:00,6
AF-F6GK51-F1,76,12,prompted-teacher-forced-step-750,0.1312365047633648,7.293419947847724,0.13138808403164148,exp347-qwen35-2b-prompted-1bt,iris,NVIDIA H100 80GB HBM3,85.019590656,9.0,g845f76,Linux-6.8.12-680-6063-coreweave-amd64-f81899c8-x86_64-with-glibc2.39,2.10.0+cu128,2026-10-02T19:59:46.459080+00:00,6
AF-A0A7U6HCV9-F1,115,48,prompted-teacher-forced-step-750,0.12468947796151042,7.293419947847724,0.12484306376427412,exp347-qwen35-2b-prompted-1bt,iris,NVIDIA H100 80GB HBM3,85.019590656,9.0,g845f76,Linux-6.8.12-680-6063-coreweave-amd64-f81899c8-x86_64-with-glibc2.39,2.10.0+cu128,2026-10-02T19:59:46.583950+00:00,6
AF-W6W933-F1,136,107,prompted-teacher-forced-step-750,0.1508185938000679,7.2928131450898945,0.15122163807973266,exp347-qwen35-2b-prompted-1bt,iris,NVIDIA H100 80GB HBM3,85.019590656,9.0,g845f76,Linux-6.8.12-680-6063-coreweave-amd64-f81899c8-x86_64-with-glibc2.39,2.10.0+cu128,2026-10-02T19:59:45.571810+00:00,7
AF-A0A6P6VK21-F1,299,207,prompted-teacher-forced-step-750,0.15893141413107514,7.2928131450898945,0.1593057536520064,exp347-qwen35-2b-prompted-1bt,iris,NVIDIA H100 80GB HBM3,85.019590656,9.0,g845f76,Linux-6.8.12-680-6063-coreweave-amd64-f81899c8-x86_64-with-glibc2.39,2.10.0+cu128,2026-10-02T19:59:45.731149+00:00,7
AF-A0A4S3M068-F1,256,99,prompted-teacher-forced-step-750,0.167860290966928,7.2928131450898945,0.168118208181113,exp347-qwen35-2b-prompted-1bt,iris,NVIDIA H100 80GB HBM3,85.019590656,9.0,g845f76,Linux-6.8.12-680-6063-coreweave-amd64-f81899c8-x86_64-with-glibc2.39,2.10.0+cu128,2026-10-02T19:59:45.899298+00:00,7
AF-A0A841DCA6-F1,312,181,prompted-teacher-forced-step-750,0.1434568827971816,7.2928131450898945,0.14376137498766184,exp347-qwen35-2b-prompted-1bt,iris,NVIDIA H100 80GB HBM3,85.019590656,9.0,g845f76,Linux-6.8.12-680-6063-coreweave-amd64-f81899c8-x86_64-with-glibc2.39,2.10.0+cu128,2026-10-02T19:59:46.043090+00:00,7
AF-K2EZX8-F1,62,50,prompted-teacher-forced-step-750,0.12818290200084448,7.2928131450898945,0.12834837473928928,exp347-qwen35-2b-prompted-1bt,iris,NVIDIA H100 80GB HBM3,85.019590656,9.0,g845f76,Linux-6.8.12-680-6063-coreweave-amd64-f81899c8-x86_64-with-glibc2.39,2.10.0+cu128,2026-10-02T19:59:46.171466+00:00,7
AF-A0A7X1U092-F1,131,39,prompted-teacher-forced-step-750,0.19022118905559182,7.2928131450898945,0.19039775291457772,exp347-qwen35-2b-prompted-1bt,iris,NVIDIA H100 80GB HBM3,85.019590656,9.0,g845f76,Linux-6.8.12-680-6063-coreweave-amd64-f81899c8-x86_64-with-glibc2.39,2.10.0+cu128,2026-10-02T19:59:46.361894+00:00,7
AF-A0A485BEV2-F1,197,105,prompted-teacher-forced-step-750,0.1600503451190889,7.2928131450898945,0.16030457615852356,exp347-qwen35-2b-prompted-1bt,iris,NVIDIA H100 80GB HBM3,85.019590656,9.0,g845f76,Linux-6.8.12-680-6063-coreweave-amd64-f81899c8-x86_64-with-glibc2.39,2.10.0+cu128,2026-10-02T19:59:46.522229+00:00,7
AF-A0A7X7PAJ5-F1,107,106,prompted-teacher-forced-step-750,0.13936502393335104,7.2928131450898945,0.1396185397170484,exp347-qwen35-2b-prompted-1bt,iris,NVIDIA H100 80GB HBM3,85.019590656,9.0,g845f76,Linux-6.8.12-680-6063-coreweave-amd64-f81899c8-x86_64-with-glibc2.39,2.10.0+cu128,2026-10-02T19:59:46.661879+00:00,7
AF-A0A2G5TXB3-F1,301,354,prompted-teacher-forced-step-0,38.617843137006275,11.373518703010632,38.61877323902445,exp347-qwen35-2b-prompted-smoke,iris,NVIDIA H100 80GB HBM3,85.019590656,9.0,g73b892,Linux-6.8.12-680-6063-coreweave-amd64-f81899c8-x86_64-with-glibc2.39,2.10.0+cu128,2026-10-02T18:25:13.598815+00:00,0
AF-F7YR68-F1,138,140,prompted-teacher-forced-step-0,40.21228969001095,11.391465666994918,40.21306107699638,exp347-qwen35-2b-prompted-smoke,iris,NVIDIA H100 80GB HBM3,85.019590656,9.0,g73b892,Linux-6.8.12-680-6063-coreweave-amd64-f81899c8-x86_64-with-glibc2.39,2.10.0+cu128,2026-10-02T18:25:13.648956+00:00,1
AF-A0A329P9E8-F1,336,279,prompted-teacher-forced-step-0,40.14664404999348,11.472239636990707,40.147399307985324,exp347-qwen35-2b-prompted-smoke,iris,NVIDIA H100 80GB HBM3,85.019590656,9.0,g73b892,Linux-6.8.12-680-6063-coreweave-amd64-f81899c8-x86_64-with-glibc2.39,2.10.0+cu128,2026-10-02T18:25:13.562452+00:00,2
AF-A0A1Q9JWD9-F1,228,21,prompted-teacher-forced-step-0,40.32509884398314,11.36273317199084,40.32569982300629,exp347-qwen35-2b-prompted-smoke,iris,NVIDIA H100 80GB HBM3,85.019590656,9.0,g73b892,Linux-6.8.12-680-6063-coreweave-amd64-f81899c8-x86_64-with-glibc2.39,2.10.0+cu128,2026-10-02T18:25:13.706785+00:00,3
AF-A0A7K0K2J9-F1,430,284,prompted-teacher-forced-step-0,40.21692539099604,11.38661453401437,40.217902976990445,exp347-qwen35-2b-prompted-smoke,iris,NVIDIA H100 80GB HBM3,85.019590656,9.0,g73b892,Linux-6.8.12-680-6063-coreweave-amd64-f81899c8-x86_64-with-glibc2.39,2.10.0+cu128,2026-10-02T18:25:13.631502+00:00,4
AF-A0A0D7KG49-F1,444,362,prompted-teacher-forced-step-0,40.18287022699951,11.398023282992654,40.183677572989836,exp347-qwen35-2b-prompted-smoke,iris,NVIDIA H100 80GB HBM3,85.019590656,9.0,g73b892,Linux-6.8.12-680-6063-coreweave-amd64-f81899c8-x86_64-with-glibc2.39,2.10.0+cu128,2026-10-02T18:25:13.590234+00:00,5
AF-A0A2K2UBD9-F1,214,135,prompted-teacher-forced-step-0,40.19112970499555,11.443383229023311,40.191779828979634,exp347-qwen35-2b-prompted-smoke,iris,NVIDIA H100 80GB HBM3,85.019590656,9.0,g73b892,Linux-6.8.12-680-6063-coreweave-amd64-f81899c8-x86_64-with-glibc2.39,2.10.0+cu128,2026-10-02T18:25:13.620000+00:00,6
AF-W6W933-F1,136,107,prompted-teacher-forced-step-0,40.18008977998397,11.446243397018407,40.18087544300943,exp347-qwen35-2b-prompted-smoke,iris,NVIDIA H100 80GB HBM3,85.019590656,9.0,g73b892,Linux-6.8.12-680-6063-coreweave-amd64-f81899c8-x86_64-with-glibc2.39,2.10.0+cu128,2026-10-02T18:25:13.607835+00:00,7
AF-A0A2G5TXB3-F1,301,354,prompted-teacher-forced-step-10,0.14654276298824698,11.373518703010632,0.1472506009740755,exp347-qwen35-2b-prompted-smoke,iris,NVIDIA H100 80GB HBM3,85.019590656,9.0,g73b892,Linux-6.8.12-680-6063-coreweave-amd64-f81899c8-x86_64-with-glibc2.39,2.10.0+cu128,2026-10-02T18:27:43.081891+00:00,0
AF-F7YR68-F1,138,140,prompted-teacher-forced-step-10,0.1925049929996021,11.391465666994918,0.19309500497183762,exp347-qwen35-2b-prompted-smoke,iris,NVIDIA H100 80GB HBM3,85.019590656,9.0,g73b892,Linux-6.8.12-680-6063-coreweave-amd64-f81899c8-x86_64-with-glibc2.39,2.10.0+cu128,2026-10-02T18:27:42.997560+00:00,1
AF-A0A329P9E8-F1,336,279,prompted-teacher-forced-step-10,0.12760989798698574,11.472239636990707,0.1282832589931786,exp347-qwen35-2b-prompted-smoke,iris,NVIDIA H100 80GB HBM3,85.019590656,9.0,g73b892,Linux-6.8.12-680-6063-coreweave-amd64-f81899c8-x86_64-with-glibc2.39,2.10.0+cu128,2026-10-02T18:27:42.933476+00:00,2
AF-A0A1Q9JWD9-F1,228,21,prompted-teacher-forced-step-10,0.14894595101941377,11.36273317199084,0.14924436298315413,exp347-qwen35-2b-prompted-smoke,iris,NVIDIA H100 80GB HBM3,85.019590656,9.0,g73b892,Linux-6.8.12-680-6063-coreweave-amd64-f81899c8-x86_64-with-glibc2.39,2.10.0+cu128,2026-10-02T18:27:42.918211+00:00,3
AF-A0A7K0K2J9-F1,430,284,prompted-teacher-forced-step-10,0.12668886801111512,11.38661453401437,0.12736759698600508,exp347-qwen35-2b-prompted-smoke,iris,NVIDIA H100 80GB HBM3,85.019590656,9.0,g73b892,Linux-6.8.12-680-6063-coreweave-amd64-f81899c8-x86_64-with-glibc2.39,2.10.0+cu128,2026-10-02T18:27:42.932273+00:00,4
AF-A0A0D7KG49-F1,444,362,prompted-teacher-forced-step-10,0.1566534320008941,11.398023282992654,0.157409387989901,exp347-qwen35-2b-prompted-smoke,iris,NVIDIA H100 80GB HBM3,85.019590656,9.0,g73b892,Linux-6.8.12-680-6063-coreweave-amd64-f81899c8-x86_64-with-glibc2.39,2.10.0+cu128,2026-10-02T18:27:42.963625+00:00,5
AF-A0A2K2UBD9-F1,214,135,prompted-teacher-forced-step-10,0.11973417099216022,11.443383229023311,0.12027438898803666,exp347-qwen35-2b-prompted-smoke,iris,NVIDIA H100 80GB HBM3,85.019590656,9.0,g73b892,Linux-6.8.12-680-6063-coreweave-amd64-f81899c8-x86_64-with-glibc2.39,2.10.0+cu128,2026-10-02T18:27:42.890716+00:00,6
AF-W6W933-F1,136,107,prompted-teacher-forced-step-10,0.15238031299668364,11.446243397018407,0.1528872089984361,exp347-qwen35-2b-prompted-smoke,iris,NVIDIA H100 80GB HBM3,85.019590656,9.0,g73b892,Linux-6.8.12-680-6063-coreweave-amd64-f81899c8-x86_64-with-glibc2.39,2.10.0+cu128,2026-10-02T18:27:42.959168+00:00,7
AF-A0A2G5TXB3-F1,301,354,prompted-greedy,46.137891966995085,10.581374038010836,46.14315686901682,s3://marin-us-east-02a/MarinFold/exp347_qwen_base_contacts/checkpoints/exp347-qwen35-2b-prompted-smoke/step-10/hf,iris,NVIDIA H100 80GB HBM3,85.019590656,9.0,g7387bc,Linux-6.8.12-680-6063-coreweave-amd64-f81899c8-x86_64-with-glibc2.39,2.10.0+cu128,2026-10-02T18:56:42.016383+00:00,
AF-F7YR68-F1,138,140,prompted-greedy,46.21161749798921,10.604292739997618,46.21488049501204,s3://marin-us-east-02a/MarinFold/exp347_qwen_base_contacts/checkpoints/exp347-qwen35-2b-prompted-smoke/step-10/hf,iris,NVIDIA H100 80GB HBM3,85.019590656,9.0,g7387bc,Linux-6.8.12-680-6063-coreweave-amd64-f81899c8-x86_64-with-glibc2.39,2.10.0+cu128,2026-10-02T18:56:42.189611+00:00,
AF-A0A329P9E8-F1,336,279,prompted-greedy,45.845156091992976,10.695112637011334,45.85035935000633,s3://marin-us-east-02a/MarinFold/exp347_qwen_base_contacts/checkpoints/exp347-qwen35-2b-prompted-smoke/step-10/hf,iris,NVIDIA H100 80GB HBM3,85.019590656,9.0,g7387bc,Linux-6.8.12-680-6063-coreweave-amd64-f81899c8-x86_64-with-glibc2.39,2.10.0+cu128,2026-10-02T18:56:41.929847+00:00,
AF-A0A1Q9JWD9-F1,228,21,prompted-greedy,45.69992075901246,10.850972118001664,45.703103670006385,s3://marin-us-east-02a/MarinFold/exp347_qwen_base_contacts/checkpoints/exp347-qwen35-2b-prompted-smoke/step-10/hf,iris,NVIDIA H100 80GB HBM3,85.019590656,9.0,g7387bc,Linux-6.8.12-680-6063-coreweave-amd64-f81899c8-x86_64-with-glibc2.39,2.10.0+cu128,2026-10-02T18:56:41.930201+00:00,
AF-A0A7K0K2J9-F1,430,284,prompted-greedy,45.88287395500811,10.858901836996665,45.88822881798842,s3://marin-us-east-02a/MarinFold/exp347_qwen_base_contacts/checkpoints/exp347-qwen35-2b-prompted-smoke/step-10/hf,iris,NVIDIA H100 80GB HBM3,85.019590656,9.0,g7387bc,Linux-6.8.12-680-6063-coreweave-amd64-f81899c8-x86_64-with-glibc2.39,2.10.0+cu128,2026-10-02T18:56:42.148677+00:00,
AF-A0A0D7KG49-F1,444,362,prompted-greedy,46.13706272697891,10.593312715005595,46.14304847898893,s3://marin-us-east-02a/MarinFold/exp347_qwen_base_contacts/checkpoints/exp347-qwen35-2b-prompted-smoke/step-10/hf,iris,NVIDIA H100 80GB HBM3,85.019590656,9.0,g7387bc,Linux-6.8.12-680-6063-coreweave-amd64-f81899c8-x86_64-with-glibc2.39,2.10.0+cu128,2026-10-02T18:56:42.136078+00:00,
AF-A0A2K2UBD9-F1,214,135,prompted-greedy,45.816264063993,10.828516873996705,45.81951739999931,s3://marin-us-east-02a/MarinFold/exp347_qwen_base_contacts/checkpoints/exp347-qwen35-2b-prompted-smoke/step-10/hf,iris,NVIDIA H100 80GB HBM3,85.019590656,9.0,g7387bc,Linux-6.8.12-680-6063-coreweave-amd64-f81899c8-x86_64-with-glibc2.39,2.10.0+cu128,2026-10-02T18:56:42.026660+00:00,
AF-W6W933-F1,136,107,prompted-greedy,45.88224021001952,10.835282498010201,45.88530340199941,s3://marin-us-east-02a/MarinFold/exp347_qwen_base_contacts/checkpoints/exp347-qwen35-2b-prompted-smoke/step-10/hf,iris,NVIDIA H100 80GB HBM3,85.019590656,9.0,g7387bc,Linux-6.8.12-680-6063-coreweave-amd64-f81899c8-x86_64-with-glibc2.39,2.10.0+cu128,2026-10-02T18:56:42.092197+00:00,
AF-A0A2G5TXB3-F1,301,354,contacts_v1-greedy,5.959525531012332,12.084948962990893,5.968373846000759,s3://marin-us-east-02a/MarinFold/exp347_qwen_base_contacts/checkpoints/exp347-qwen35-2b-contacts_v1-smoke/step-4/hf,iris,NVIDIA H100 80GB HBM3,85.019590656,9.0,g7387bc,Linux-6.8.12-680-6063-coreweave-amd64-f81899c8-x86_64-with-glibc2.39,2.10.0+cu128,2026-10-02T18:57:17.081477+00:00,
AF-F7YR68-F1,138,140,contacts_v1-greedy,5.977183059003437,12.364407310000388,5.98222670002724,s3://marin-us-east-02a/MarinFold/exp347_qwen_base_contacts/checkpoints/exp347-qwen35-2b-contacts_v1-smoke/step-4/hf,iris,NVIDIA H100 80GB HBM3,85.019590656,9.0,g7387bc,Linux-6.8.12-680-6063-coreweave-amd64-f81899c8-x86_64-with-glibc2.39,2.10.0+cu128,2026-10-02T18:57:17.472050+00:00,
AF-A0A329P9E8-F1,336,279,contacts_v1-greedy,5.955814412009204,12.528549003007356,5.964864951005438,s3://marin-us-east-02a/MarinFold/exp347_qwen_base_contacts/checkpoints/exp347-qwen35-2b-contacts_v1-smoke/step-4/hf,iris,NVIDIA H100 80GB HBM3,85.019590656,9.0,g7387bc,Linux-6.8.12-680-6063-coreweave-amd64-f81899c8-x86_64-with-glibc2.39,2.10.0+cu128,2026-10-02T18:57:17.614140+00:00,
AF-A0A1Q9JWD9-F1,228,21,contacts_v1-greedy,5.905521658016369,12.272412494028686,5.9114044760062825,s3://marin-us-east-02a/MarinFold/exp347_qwen_base_contacts/checkpoints/exp347-qwen35-2b-contacts_v1-smoke/step-4/hf,iris,NVIDIA H100 80GB HBM3,85.019590656,9.0,g7387bc,Linux-6.8.12-680-6063-coreweave-amd64-f81899c8-x86_64-with-glibc2.39,2.10.0+cu128,2026-10-02T18:57:17.306754+00:00,
AF-A0A7K0K2J9-F1,430,284,contacts_v1-greedy,5.825624852004694,12.447744591976516,5.836153331998503,s3://marin-us-east-02a/MarinFold/exp347_qwen_base_contacts/checkpoints/exp347-qwen35-2b-contacts_v1-smoke/step-4/hf,iris,NVIDIA H100 80GB HBM3,85.019590656,9.0,g7387bc,Linux-6.8.12-680-6063-coreweave-amd64-f81899c8-x86_64-with-glibc2.39,2.10.0+cu128,2026-10-02T18:57:17.431995+00:00,
AF-A0A0D7KG49-F1,444,362,contacts_v1-greedy,15.759695043001557,12.408122515014838,15.77285637400928,s3://marin-us-east-02a/MarinFold/exp347_qwen_base_contacts/checkpoints/exp347-qwen35-2b-contacts_v1-smoke/step-4/hf,iris,NVIDIA H100 80GB HBM3,85.019590656,9.0,g7387bc,Linux-6.8.12-680-6063-coreweave-amd64-f81899c8-x86_64-with-glibc2.39,2.10.0+cu128,2026-10-02T18:57:27.331302+00:00,
AF-A0A2K2UBD9-F1,214,135,contacts_v1-greedy,5.999535505019594,12.52471157599939,6.005525615008082,s3://marin-us-east-02a/MarinFold/exp347_qwen_base_contacts/checkpoints/exp347-qwen35-2b-contacts_v1-smoke/step-4/hf,iris,NVIDIA H100 80GB HBM3,85.019590656,9.0,g7387bc,Linux-6.8.12-680-6063-coreweave-amd64-f81899c8-x86_64-with-glibc2.39,2.10.0+cu128,2026-10-02T18:57:17.657280+00:00,
AF-W6W933-F1,136,107,contacts_v1-greedy,5.959445109008811,12.527564150979742,5.964411296998151,s3://marin-us-east-02a/MarinFold/exp347_qwen_base_contacts/checkpoints/exp347-qwen35-2b-contacts_v1-smoke/step-4/hf,iris,NVIDIA H100 80GB HBM3,85.019590656,9.0,g7387bc,Linux-6.8.12-680-6063-coreweave-amd64-f81899c8-x86_64-with-glibc2.39,2.10.0+cu128,2026-10-02T18:57:17.618239+00:00,
AF-A0A2G5TXB3-F1,301,354,contacts_v1-teacher-forced-step-0,39.31661765498575,21.148946850007633,39.31851871998515,exp347-qwen35-4b-contacts_v1-smoke,iris,NVIDIA H100 80GB HBM3,85.019590656,9.0,g73b892,Linux-6.8.12-680-6063-coreweave-amd64-f81899c8-x86_64-with-glibc2.39,2.10.0+cu128,2026-10-02T20:24:53.800423+00:00,0
AF-F7YR68-F1,138,140,contacts_v1-teacher-forced-step-0,41.07754893501988,21.225935761001892,41.078549033001764,exp347-qwen35-4b-contacts_v1-smoke,iris,NVIDIA H100 80GB HBM3,85.019590656,9.0,g73b892,Linux-6.8.12-680-6063-coreweave-amd64-f81899c8-x86_64-with-glibc2.39,2.10.0+cu128,2026-10-02T20:24:53.692617+00:00,1
AF-A0A329P9E8-F1,336,279,contacts_v1-teacher-forced-step-0,41.0897104619944,21.221488496026723,41.0910814210074,exp347-qwen35-4b-contacts_v1-smoke,iris,NVIDIA H100 80GB HBM3,85.019590656,9.0,g73b892,Linux-6.8.12-680-6063-coreweave-amd64-f81899c8-x86_64-with-glibc2.39,2.10.0+cu128,2026-10-02T20:24:53.705133+00:00,2
AF-A0A1Q9JWD9-F1,228,21,contacts_v1-teacher-forced-step-0,41.06063164101215,21.22227141400799,41.06191832001787,exp347-qwen35-4b-contacts_v1-smoke,iris,NVIDIA H100 80GB HBM3,85.019590656,9.0,g73b892,Linux-6.8.12-680-6063-coreweave-amd64-f81899c8-x86_64-with-glibc2.39,2.10.0+cu128,2026-10-02T20:24:53.681998+00:00,3
AF-A0A7K0K2J9-F1,430,284,contacts_v1-teacher-forced-step-0,40.9983622719883,21.227762310008984,40.9998303889879,exp347-qwen35-4b-contacts_v1-smoke,iris,NVIDIA H100 80GB HBM3,85.019590656,9.0,g73b892,Linux-6.8.12-680-6063-coreweave-amd64-f81899c8-x86_64-with-glibc2.39,2.10.0+cu128,2026-10-02T20:24:53.637070+00:00,4
AF-A0A0D7KG49-F1,444,362,contacts_v1-teacher-forced-step-0,41.123798849992454,21.22069967800053,41.1256026919873,exp347-qwen35-4b-contacts_v1-smoke,iris,NVIDIA H100 80GB HBM3,85.019590656,9.0,g73b892,Linux-6.8.12-680-6063-coreweave-amd64-f81899c8-x86_64-with-glibc2.39,2.10.0+cu128,2026-10-02T20:24:53.760640+00:00,5
AF-A0A2K2UBD9-F1,214,135,contacts_v1-teacher-forced-step-0,41.00957008099067,21.224725059990305,41.01061200798722,exp347-qwen35-4b-contacts_v1-smoke,iris,NVIDIA H100 80GB HBM3,85.019590656,9.0,g73b892,Linux-6.8.12-680-6063-coreweave-amd64-f81899c8-x86_64-with-glibc2.39,2.10.0+cu128,2026-10-02T20:24:53.624646+00:00,6
AF-W6W933-F1,136,107,contacts_v1-teacher-forced-step-0,41.05584367600386,21.204178016021615,41.05675976499333,exp347-qwen35-4b-contacts_v1-smoke,iris,NVIDIA H100 80GB HBM3,85.019590656,9.0,g73b892,Linux-6.8.12-680-6063-coreweave-amd64-f81899c8-x86_64-with-glibc2.39,2.10.0+cu128,2026-10-02T20:24:53.673653+00:00,7
AF-A0A2G5TXB3-F1,301,354,contacts_v1-teacher-forced-step-4,0.3257662699907087,21.148946850007633,0.3271590730000753,exp347-qwen35-4b-contacts_v1-smoke,iris,NVIDIA H100 80GB HBM3,85.019590656,9.0,g73b892,Linux-6.8.12-680-6063-coreweave-amd64-f81899c8-x86_64-with-glibc2.39,2.10.0+cu128,2026-10-02T20:28:26.197287+00:00,0
AF-F7YR68-F1,138,140,contacts_v1-teacher-forced-step-4,0.2204956040077377,21.225935761001892,0.22138598299352452,exp347-qwen35-4b-contacts_v1-smoke,iris,NVIDIA H100 80GB HBM3,85.019590656,9.0,g73b892,Linux-6.8.12-680-6063-coreweave-amd64-f81899c8-x86_64-with-glibc2.39,2.10.0+cu128,2026-10-02T20:28:25.849454+00:00,1
AF-A0A329P9E8-F1,336,279,contacts_v1-teacher-forced-step-4,0.2753059749957174,21.221488496026723,0.27654567299759947,exp347-qwen35-4b-contacts_v1-smoke,iris,NVIDIA H100 80GB HBM3,85.019590656,9.0,g73b892,Linux-6.8.12-680-6063-coreweave-amd64-f81899c8-x86_64-with-glibc2.39,2.10.0+cu128,2026-10-02T20:28:25.900425+00:00,2
AF-A0A1Q9JWD9-F1,228,21,contacts_v1-teacher-forced-step-4,0.2240343150042463,21.22227141400799,0.22477770497789606,exp347-qwen35-4b-contacts_v1-smoke,iris,NVIDIA H100 80GB HBM3,85.019590656,9.0,g73b892,Linux-6.8.12-680-6063-coreweave-amd64-f81899c8-x86_64-with-glibc2.39,2.10.0+cu128,2026-10-02T20:28:25.764802+00:00,3
AF-A0A7K0K2J9-F1,430,284,contacts_v1-teacher-forced-step-4,0.2888420009985566,21.227762310008984,0.29018053400795907,exp347-qwen35-4b-contacts_v1-smoke,iris,NVIDIA H100 80GB HBM3,85.019590656,9.0,g73b892,Linux-6.8.12-680-6063-coreweave-amd64-f81899c8-x86_64-with-glibc2.39,2.10.0+cu128,2026-10-02T20:28:25.917456+00:00,4
AF-A0A0D7KG49-F1,444,362,contacts_v1-teacher-forced-step-4,0.39426395698683336,21.22069967800053,0.39589994799462147,exp347-qwen35-4b-contacts_v1-smoke,iris,NVIDIA H100 80GB HBM3,85.019590656,9.0,g73b892,Linux-6.8.12-680-6063-coreweave-amd64-f81899c8-x86_64-with-glibc2.39,2.10.0+cu128,2026-10-02T20:28:26.024060+00:00,5
AF-A0A2K2UBD9-F1,214,135,contacts_v1-teacher-forced-step-4,0.2062824190070387,21.224725059990305,0.20715333698899485,exp347-qwen35-4b-contacts_v1-smoke,iris,NVIDIA H100 80GB HBM3,85.019590656,9.0,g73b892,Linux-6.8.12-680-6063-coreweave-amd64-f81899c8-x86_64-with-glibc2.39,2.10.0+cu128,2026-10-02T20:28:25.835870+00:00,6
AF-W6W933-F1,136,107,contacts_v1-teacher-forced-step-4,0.1778597800002899,21.204178016021615,0.17876047099707648,exp347-qwen35-4b-contacts_v1-smoke,iris,NVIDIA H100 80GB HBM3,85.019590656,9.0,g73b892,Linux-6.8.12-680-6063-coreweave-amd64-f81899c8-x86_64-with-glibc2.39,2.10.0+cu128,2026-10-02T20:28:25.717425+00:00,7
