26.4375,52.6000,101.9000,128.2500,145.9500,180.0000,199.4500,217.2500,227.4500,230.4000,223.9500,218.1000,212.9000,200.7500,193.9000,199.5000,205.2000,218.1000,222.9500,229.1500,231.4000,230.5625,233.2000,231.8000,232.2500,232.1500,231.6000,223.4000,218.1500,203.6000,187.9500,175.8000,180.2000,185.7000,205.6500,214.9500,224.0500,233.8500,236.7500,233.9000,233.9500,233.1500,231.8125,227.5500,224.9000,230.3500,233.3500,237.0500,241.0000,240.6500,240.6000,241.9500,242.6500,242.8000,241.4500,240.2500,241.2500,243.3000,242.4500,242.1000,241.9000,237.6500,236.4000,238.8000,240.8125,239.0000,235.3500,236.1000,239.6500,242.3500,242.3500,242.6000,241.9000,237.6000,236.4000,239.1000,241.6500,239.7500,241.0500,240.8000,243.6500,242.8500,242.3000,243.1500,242.5500,241.8125,239.7500,241.0500,241.8500,242.9000,242.1500,243.3000,241.8500,242.0500,243.1500,242.9000,243.9000,242.9000,242.9000,240.6000,238.7500,240.0500,240.3000,240.1500,239.1500,241.4000,242.1250,241.7000,242.3500,241.3500,242.3500,242.7000,242.8000,242.2500,241.9500,241.8000,236.9000,239.4500,240.7000,238.9000,241.4000,241.4500,240.9000,238.6000,239.5500,240.3500,241.8500,237.4000
53.9500,18.9600,59.1600,96.1200,136.7600,180.2800,200.0800,211.9600,222.4400,222.0400,217.8000,217.2800,212.3200,201.8800,193.9200,199.1200,201.1200,212.4000,219.6400,223.2400,223.5600,224.1500,225.9200,225.4800,226.4800,226.0000,224.9600,217.2000,211.1200,199.2800,185.2800,167.6800,171.4800,183.0400,205.1600,214.7600,220.3200,229.2000,232.0800,229.0800,228.9200,226.2400,225.5000,224.0800,221.0400,224.6400,227.3600,231.6000,236.6800,236.5200,236.6000,237.7200,238.4400,238.7200,236.4000,233.4800,236.6800,239.5600,238.4000,237.6400,236.3600,227.3200,224.3200,229.9200,235.1500,230.4400,222.5600,224.8400,232.6800,237.4800,238.8000,238.8800,236.5600,229.2000,226.1600,230.0400,236.8800,233.6800,236.9600,236.3600,240.4000,240.2800,239.2000,240.2000,237.6400,235.9000,233.2400,236.4000,237.6800,240.4400,239.3600,239.4400,237.4400,237.9200,239.3200,239.6800,241.9600,239.8800,239.1200,233.1600,230.2800,235.0000,235.0800,234.0800,231.7600,235.6000,237.7000,237.2800,237.0000,234.9600,237.8400,238.2000,238.6800,237.1200,237.5200,236.5200,226.8000,231.5600,234.2400,232.4000,234.9200,236.3600,235.2000,231.4000,231.8000,233.7600,236.8400,233.8000
96.9500,66.3600,28.4800,62.0000,97.6800,139.9600,170.4400,191.2000,197.7200,199.6000,195.2800,194.8000,188.4800,169.0800,155.8400,161.8000,165.6000,184.3600,196.9600,202.5600,203.6800,205.0000,209.1200,209.9200,211.6800,208.2400,205.8400,195.2400,186.2000,168.8000,147.1200,134.2800,139.6000,150.3600,179.8800,189.9600,198.6800,211.4000,217.2800,211.1600,210.4800,208.2000,204.8000,202.5600,198.9200,205.0800,212.1200,219.7600,227.3200,228.2400,229.9600,230.5600,230.1200,230.0800,226.7200,223.8800,229.9600,234.0400,231.5600,229.6400,228.4800,215.8000,209.1200,216.8400,224.9500,218.4400,205.0800,210.1600,220.1200,228.6800,230.0000,231.6000,226.3600,218.4800,213.4400,216.8400,226.6400,224.4000,230.3600,229.7600,234.3600,235.7200,233.6800,235.4800,227.9200,227.0000,224.5200,229.7600,232.2000,236.3200,234.6000,234.0000,231.1200,231.8800,232.9200,233.7600,237.7600,234.6000,230.7600,222.7600,220.0800,227.4400,228.4800,226.7200,223.7200,226.6400,230.0500,230.0800,228.5200,225.1600,229.5600,229.3200,230.6000,228.0000,230.0400,228.8000,215.8400,223.0800,227.3200,224.4400,228.2000,229.7200,228.2000,222.0400,220.4800,221.2000,226.4800,227.4800
132.7000,103.2000,68.1200,13.2000,26.1200,52.9200,85.5600,127.1200,142.6000,143.2400,144.0800,141.2800,122.2800,86.7200,73.4800,90.8800,89.2400,108.7600,134.0400,146.1200,153.8000,155.9500,162.5600,163.0000,164.6800,155.8800,151.3200,136.2400,119.9600,86.9200,65.2800,77.8400,83.7200,76.3600,109.7200,133.5600,149.3200,166.0800,174.5200,163.5600,163.2400,159.0800,154.5000,148.4400,141.8000,151.8000,162.2800,183.8400,197.6400,201.8800,206.9600,206.9600,201.6000,199.6400,193.0800,197.7200,211.7200,217.8400,209.9600,204.2000,204.4800,182.2400,168.0000,173.3200,183.6500,174.8000,157.5600,160.5600,178.2800,193.6000,196.0000,206.3600,195.4400,191.0400,176.2800,177.3600,191.2400,200.0400,211.6800,212.5200,216.0800,220.0400,215.0800,218.6400,195.0800,201.6500,202.3600,210.8000,215.9200,224.2000,221.8800,218.8800,214.9600,214.4400,213.5200,214.2400,222.6800,215.7200,200.7200,190.3200,196.0800,208.7200,211.8800,208.7200,202.0000,197.8800,201.7000,207.3200,205.7200,190.2400,195.8000,195.2800,200.3200,195.0400,204.2000,206.9600,187.6400,200.6400,210.0800,208.8400,213.3200,215.6800,211.4000,198.5200,185.4400,178.9600,187.4000,203.4800
135.4000,103.7200,67.4000,22.6400,8.4000,18.3600,36.8400,55.2000,72.7200,89.6000,82.6800,73.2400,59.2800,39.0800,34.5200,45.8000,40.0800,48.6800,62.8000,72.0400,80.4800,86.8000,89.7600,96.8400,97.4400,85.4800,76.2800,64.4800,51.2800,36.8000,25.3600,44.8400,48.4400,37.5600,55.2000,68.3200,82.9600,100.3600,113.2800,98.4000,97.3200,93.3600,85.6000,77.4400,72.6000,83.6000,96.0400,134.6000,159.4000,165.4000,173.7200,173.1600,164.3600,160.7200,150.8000,167.7200,188.0000,193.6000,180.1600,170.9600,173.9200,148.6400,132.0400,128.2400,129.7500,124.1200,118.0400,111.3600,126.7200,142.1600,150.4400,171.8800,157.1600,157.7600,137.3600,135.2800,150.4400,167.0800,185.7600,185.9200,190.3600,195.0800,188.5200,192.0000,155.3600,168.2000,172.2800,185.0400,191.7600,203.6000,202.6000,198.0800,192.6000,190.8000,187.3600,186.4000,196.5200,186.7200,160.5600,152.6000,168.3600,185.8000,190.2000,187.3600,175.0800,163.1200,165.0500,173.3200,176.1200,147.2000,148.0800,152.4800,157.4800,150.6000,169.1200,178.2000,156.8800,174.1600,189.2400,189.7200,194.6000,196.8400,189.9600,168.8400,146.0000,128.3200,136.4000,168.3200
128.6000,100.0800,66.9200,33.3600,15.7600,4.6800,7.9200,14.0800,21.3200,51.2800,38.5200,23.2800,17.7200,13.3200,15.6000,23.2000,15.8400,15.2000,17.8000,20.6800,26.0000,27.4000,32.1600,51.9200,57.0800,41.9200,28.8000,20.2400,15.6400,11.1200,11.9600,36.0800,34.1600,18.4800,20.2400,22.8400,27.2800,43.4000,57.1200,38.1600,32.9600,33.2800,26.5500,22.6800,21.5600,30.4400,47.6400,89.9200,122.8000,132.7600,143.4800,143.0000,133.0000,130.0400,116.0800,141.3600,168.9200,174.8400,158.2800,145.6400,149.0800,119.3200,108.2400,94.6400,87.0000,84.7200,94.0800,76.9600,86.9200,99.6800,112.7200,143.0800,123.2800,131.2800,109.8000,102.2400,117.2000,144.5600,164.8400,161.5600,169.1200,171.8000,165.8000,166.9600,122.8800,137.8000,148.8000,163.7600,169.7200,185.3200,185.8000,179.5600,173.0800,173.5200,168.1200,164.8400,172.8400,162.2800,129.2800,120.9600,147.0000,167.8800,168.9200,165.7600,152.2000,135.1600,136.5500,144.7600,151.0800,108.0400,106.8000,116.9600,120.8000,110.5600,139.0000,151.1600,130.6400,150.0000,169.8800,169.9200,175.4400,177.8000,167.8800,141.8400,109.8800,86.7600,93.0800,133.4800
135.7000,104.9600,71.7600,37.2800,20.3600,7.5600,3.6000,6.4400,13.4000,42.8000,30.9600,15.6000,11.4000,9.7600,13.4000,21.4000,13.4800,10.8800,11.1200,12.8000,17.7200,18.7000,22.5600,46.2000,53.0000,38.2000,22.8800,13.5600,11.0400,9.3200,12.5600,36.0400,33.5600,16.8800,16.4400,17.4400,20.0800,34.7600,47.8400,29.2000,23.4800,23.9200,17.0000,14.1200,13.7600,20.9200,38.3600,83.5600,117.8800,127.8000,140.6800,142.1200,132.3600,129.1600,111.0400,143.4000,169.8000,177.6000,161.4400,148.0000,149.0000,119.9200,110.0000,94.0800,82.0000,80.3600,91.1600,73.9600,81.1200,92.1200,106.4800,138.3600,121.4000,135.0800,113.6400,99.6000,114.8400,142.9200,165.1200,160.8800,167.8400,172.4000,165.7200,165.4800,116.2400,138.0500,154.2000,165.2800,170.2000,185.0000,186.9200,179.2800,174.1200,174.1600,167.4400,166.0400,174.1200,164.6000,126.6000,121.8800,150.5600,172.6400,172.9200,170.1200,154.8800,134.2000,136.8500,145.5200,149.6800,105.8000,100.6800,112.6000,116.0000,104.6400,137.1600,150.2000,130.2400,150.6800,171.1200,168.6000,175.8800,176.0000,167.8000,140.1200,104.5600,80.8800,85.5200,126.9600
143.4500,110.8000,74.6400,41.8000,22.8800,11.1600,6.4800,3.3600,7.5600,36.6400,25.0000,13.3200,10.5200,11.2400,15.2400,22.2000,14.9600,12.0800,10.2400,9.9600,13.4000,13.6500,19.0400,40.9200,48.4800,35.4800,20.1600,11.2400,11.1200,11.8400,15.2800,36.6800,34.4400,17.7200,16.3200,16.1200,17.8800,30.7200,41.1600,24.2400,19.4800,19.8000,12.9500,10.7200,11.6400,17.8000,34.1200,81.7200,116.8400,125.2800,134.9200,139.0000,131.7200,128.0400,109.8800,149.7200,166.6400,175.2800,159.6000,147.4400,147.3600,120.1600,105.8800,91.5200,75.8500,74.2400,83.7600,69.2000,76.1600,86.0800,103.0400,135.5600,119.2000,139.0000,113.4400,96.9600,109.0800,140.9200,164.3200,163.6800,165.8000,169.0800,161.6000,163.1600,113.5600,143.5500,158.9200,165.3600,173.6800,181.8400,183.1600,176.2000,176.1200,173.7600,164.9200,164.8000,173.2800,165.0800,124.3600,122.9200,154.7200,166.1200,170.6400,166.8400,157.7600,132.5200,137.1500,145.4400,147.2800,102.3200,95.4800,109.2000,112.5600,99.2000,133.5200,146.0400,128.8000,153.0800,171.9200,168.1600,175.2800,173.1200,169.1600,139.5600,102.9600,77.1600,80.9600,124.3600
155.4500,127.1200,94.4800,64.3600,47.2400,31.8800,22.5600,11.9200,6.6000,34.5600,28.0800,24.8000,26.3200,30.6400,39.8400,49.9200,39.1600,32.1600,25.6800,19.0400,20.8800,20.2000,31.8000,51.8400,57.1600,44.8400,28.8400,19.2000,24.0000,29.2800,37.6800,62.4000,61.2400,43.2000,39.2000,36.1200,35.0800,44.2800,50.3600,34.1200,33.2800,30.4000,19.2500,19.1600,25.2000,35.1600,52.0000,96.9600,127.2400,131.8000,140.6000,147.2400,140.1200,136.5600,120.6000,156.3200,170.5200,180.2000,166.0400,153.3600,150.4800,125.4400,108.4400,97.2800,83.9500,81.6800,87.2000,76.5200,87.5600,96.3600,113.8800,142.0800,129.9200,143.5200,117.4800,105.2400,117.7600,147.4800,167.3600,169.1200,173.2400,170.7200,163.2800,165.6400,124.2400,154.1000,160.3200,166.6000,179.1600,184.2800,185.6400,177.4400,179.2800,180.5600,172.2800,170.1600,177.9600,170.5600,133.6400,130.3200,152.6400,160.9200,168.5200,161.5200,153.8800,140.3600,144.6000,151.2800,148.5600,111.9600,104.5200,119.1600,122.3200,108.2400,139.4800,148.2400,130.4800,146.9200,165.9600,160.5200,173.1200,175.8800,166.0800,141.7200,112.5600,86.5600,93.8800,136.2800
208.4000,200.8400,190.0800,177.8800,172.9600,159.4400,133.1600,101.9600,64.0800,27.4400,59.3600,98.8400,125.3200,146.0000,163.9200,174.2000,164.7600,151.6800,133.5200,110.3200,104.4000,94.7500,134.2800,157.0000,156.2800,146.2400,125.8000,120.0800,140.8000,156.8000,167.8800,181.4800,180.1200,168.0800,158.6000,143.4400,123.0800,134.9200,130.8000,95.7600,112.2400,110.4000,75.6500,86.8800,123.7200,140.3200,158.0400,178.7600,191.8400,193.9200,200.6000,205.4000,201.5200,200.9200,188.4400,189.4800,202.9600,211.2800,205.2000,201.3600,195.9200,165.8800,158.4000,165.6400,170.3000,160.7200,148.5600,161.0400,176.7200,184.2400,194.4000,206.7200,194.4400,193.0000,182.0000,182.2800,191.8400,199.9600,212.2400,208.9200,214.6800,216.6800,213.8400,215.1200,192.8800,196.5500,192.1200,205.6000,208.7200,218.5200,216.7600,211.8000,203.0400,207.9200,208.1200,210.0400,218.3200,215.2400,197.5600,179.4800,179.3200,187.0400,194.9600,186.2000,180.8800,189.6000,201.8000,201.9600,194.0000,177.2400,182.7200,192.9200,194.4800,181.6000,195.8400,195.4400,160.2800,172.4400,193.2800,176.2000,199.2800,205.0800,193.2000,180.7600,172.6400,170.9200,181.7200,201.2400
175.0000,157.6800,136.1600,113.0800,103.6400,90.5200,72.8400,57.8800,50.6400,45.4400,13.4000,32.9600,55.4800,75.0000,97.7600,112.2400,101.8000,96.2400,89.9600,84.6000,89.0400,81.4000,93.5200,113.4800,118.6800,110.0400,94.3600,84.9200,88.9200,92.5600,100.6800,118.2000,111.8400,92.2400,77.3200,61.9600,52.4000,72.4800,80.4000,55.7200,59.9600,72.4400,55.2000,46.4800,69.2000,84.4800,104.2000,134.4400,153.8000,159.3200,167.7600,174.4800,168.6400,169.5600,157.8800,169.0400,184.4000,196.2400,185.8000,175.3200,169.6400,144.8000,133.6800,132.5200,130.0500,120.4000,112.8000,118.2800,133.6800,144.8400,157.3600,176.6400,163.0800,170.9600,152.1600,144.4400,157.0000,174.3200,188.5600,189.6400,190.9200,195.0800,192.2400,194.6000,162.2000,173.3000,176.3600,190.1600,191.2400,198.9200,198.7200,195.2400,190.0800,189.5600,188.3600,193.7600,203.3200,194.4400,168.2800,153.9200,166.8800,178.1200,182.9600,174.3200,167.9200,162.9200,173.5500,173.0000,167.9200,141.1600,145.8000,156.0400,157.2400,142.1600,166.4000,167.0400,142.9600,153.8400,172.4800,158.8800,180.2400,181.5200,167.4400,151.4400,137.1200,125.9600,138.3200,165.1600
148.3500,118.8000,84.9600,54.7200,37.2800,25.1200,18.9200,18.0000,21.5200,42.3600,23.1600,5.4800,8.0000,14.5600,22.4000,34.8400,27.5200,25.0400,23.7600,25.9200,32.2800,30.4000,30.0800,51.6000,61.8400,50.1200,38.4800,30.0800,28.4800,28.5200,30.9200,49.5200,42.2000,24.1200,17.0800,12.2000,11.5600,28.8400,42.1200,24.8400,19.0400,27.3200,20.2500,12.8000,15.0000,23.3600,40.4400,89.4400,121.8400,126.8000,136.0800,141.8400,136.8400,134.5600,117.6400,146.5200,168.2800,176.9600,161.3600,150.0400,148.8800,124.4000,109.5600,97.5200,83.2500,79.2000,86.1600,76.1600,83.5600,94.5600,111.4800,140.6000,124.4800,140.9600,117.3200,102.2800,113.6800,142.5600,161.9200,165.2000,165.2000,168.7200,164.2400,164.8800,121.0400,143.1500,158.5600,169.3600,172.6800,180.2400,183.8400,179.7200,173.7200,171.8400,165.4800,166.6800,174.6800,166.8000,131.6000,127.8000,156.9200,168.0400,169.3200,167.5200,159.4400,136.6000,142.4500,147.7200,147.5200,108.2800,103.4800,116.3600,116.8800,103.8000,136.1600,144.9200,130.8400,151.6800,170.0000,162.6800,174.8000,175.6400,165.5200,140.8000,109.5600,81.0800,87.2400,127.4400
143.6000,109.2000,73.8400,40.8800,23.0800,12.3600,9.5600,10.4000,14.0000,40.4400,25.4400,6.4800,3.0400,4.8800,8.5600,19.0000,12.9600,11.8000,12.0400,14.0000,18.4800,17.5500,18.6400,40.8800,51.2400,38.6000,26.3600,18.2000,16.0800,15.4000,16.5600,35.4400,28.9600,10.2000,7.4400,6.6800,8.4000,22.3200,35.3200,18.5600,12.6400,17.2800,12.4000,8.7600,8.3200,14.4800,31.2000,79.7600,114.6000,119.2400,129.9600,136.4000,130.3200,126.6800,108.0800,141.5600,164.0000,171.4000,155.2800,144.4000,142.7600,118.6400,106.4800,91.7200,75.3000,72.8000,83.5200,69.3600,76.2800,85.0800,101.6800,133.3200,117.7600,134.4000,111.2400,96.3600,108.2800,136.8400,156.9600,157.5600,162.8000,166.2400,160.0000,159.8000,113.4000,135.4000,153.0000,159.0800,163.4400,178.6000,179.9200,172.6800,168.7600,168.8400,161.4800,160.0400,169.5200,162.1200,122.9600,120.1600,150.9200,164.3600,164.1200,163.7200,152.6400,129.0800,134.8000,142.5200,142.5200,102.1200,93.9200,107.2800,109.3200,96.9200,130.0800,141.6000,128.0000,147.7600,165.3200,165.8000,169.0400,167.5600,160.4800,133.4800,104.2000,74.1600,77.8400,119.0000
134.9500,103.2400,70.5600,36.9600,21.6800,11.2800,9.9200,11.8400,16.2800,43.6000,29.2800,10.4400,5.7600,3.2800,5.4400,15.9200,10.7600,10.9600,12.4000,15.3600,19.5200,19.1500,20.3600,43.7600,52.9200,40.0800,27.2400,19.1200,16.3600,14.9200,15.0000,34.8800,28.0800,8.3600,7.3600,8.9600,11.9600,26.6400,40.6800,22.6800,16.4800,19.4000,15.0500,11.5200,10.3600,16.9200,34.6800,81.1200,113.4800,122.1600,137.2400,141.0400,130.7200,127.6000,110.1200,138.6800,165.9200,173.4800,157.1600,144.6800,144.7200,116.8800,106.8000,91.3200,79.6000,77.1200,88.5600,71.5600,79.6800,91.4400,105.2800,137.1600,120.0000,131.0000,110.4400,97.7600,112.2400,140.2000,160.2000,158.4000,166.6400,169.1200,162.4800,164.7200,116.6000,135.4000,148.2800,159.6800,166.8400,182.4400,183.2000,176.2800,170.5600,171.0000,165.7600,164.1600,173.0800,163.3200,125.6800,117.7600,145.5200,162.2800,165.9200,161.5600,149.0000,130.3600,134.5500,142.3200,145.8000,103.1600,99.3600,111.1200,114.3600,101.5600,134.4800,145.1600,127.2800,144.5200,165.3600,162.9600,171.4400,170.5200,160.7600,132.4000,102.3600,77.4800,82.0000,120.7600
134.3500,103.3600,71.0400,38.8400,24.0800,13.4000,14.2000,19.2000,24.8800,51.9600,38.8800,20.6400,13.9200,7.8000,4.0400,13.8000,11.3600,13.4800,17.9200,22.2800,28.2800,28.2000,28.2000,48.6800,57.1200,44.8800,33.7600,25.6400,21.6400,18.4800,16.8400,35.6000,29.5200,10.1200,12.6800,17.9600,23.3200,39.5200,54.0800,35.4400,29.7600,29.4000,25.5500,21.9200,18.2800,25.8400,42.4000,85.2400,117.6000,129.9200,142.4000,142.8800,133.4800,130.3600,113.9200,138.8400,165.8800,171.7200,155.1200,144.0000,147.2000,116.6800,105.1200,93.2000,85.5500,82.2800,90.1200,73.8800,84.7600,98.5600,111.8800,141.7600,122.3600,128.8400,107.6800,101.5200,115.0800,138.2400,158.3200,158.5600,166.4000,169.3200,163.4000,166.2400,121.4800,135.7000,144.6000,158.5600,166.4800,180.8400,180.5200,175.8400,169.5200,169.3200,164.2000,162.3200,171.7600,162.3200,128.0000,118.6800,143.6800,159.8800,167.1600,163.6000,149.6800,132.3600,135.6500,143.2800,149.1200,107.7200,105.5600,116.6000,120.3200,109.5200,137.4400,148.9600,128.0800,147.6400,168.3200,162.6000,174.3600,174.0400,164.0000,137.4400,107.1200,83.0000,88.7600,127.1200
160.8000,129.8000,93.9600,59.8000,42.5600,32.9600,43.6400,57.6400,68.9200,89.4000,81.0000,65.4800,50.4800,32.7600,20.8800,8.8400,15.1600,31.3200,48.2400,64.6800,72.8400,72.9000,66.0400,74.9200,81.4000,74.9600,75.1600,67.2400,55.2800,44.9600,29.2000,41.1600,46.7200,36.6400,44.6000,55.3200,67.0400,87.3200,102.8400,85.6400,78.2400,73.2800,70.8500,66.0400,54.6800,61.1200,73.5600,113.6000,149.2000,158.6400,166.2000,166.3600,159.8000,157.3200,146.6800,163.2000,185.3200,191.2000,177.8400,167.7200,170.3200,143.6400,126.1600,123.4400,123.8000,116.0000,109.0400,99.4800,114.2400,135.6400,145.2400,165.2000,151.4000,149.0800,131.1600,126.7200,143.0400,159.1600,177.8400,180.6800,186.2800,189.4000,183.2400,185.4800,151.0800,164.1500,166.5600,181.0400,188.7200,199.3200,198.0400,193.8400,188.7600,187.9600,185.1600,183.4000,191.8800,182.9200,157.2000,148.2800,163.8800,179.6800,188.2800,184.6400,171.9200,159.4800,161.8000,167.6800,172.0400,142.4400,142.9600,148.7600,151.2000,144.2000,163.0800,172.3200,152.4400,171.0400,186.0400,183.1600,190.6400,191.0400,186.3200,164.2800,138.5600,116.0000,123.2000,155.9600
143.7500,110.8000,73.6400,41.5600,26.4400,15.0800,17.0800,21.7200,27.6800,55.8400,46.7200,30.2800,23.4800,15.8400,13.4800,13.8800,4.3200,7.8400,14.0400,19.1200,26.0000,28.0000,27.7600,46.3200,52.6000,40.9200,30.1200,23.5200,18.9600,15.8000,14.8000,36.8400,35.5600,20.0400,23.2400,27.8000,33.3600,48.8000,63.5200,44.7600,36.9200,32.9600,30.3500,28.4800,23.6000,28.5200,44.6800,89.2400,125.5200,136.6400,146.6800,145.4800,136.4000,133.1200,117.3600,141.1600,169.4400,175.1200,159.0400,148.0800,152.3600,121.4000,106.3200,96.2400,88.8500,87.1200,91.6000,74.9200,86.9200,102.0400,115.2800,143.8800,123.6000,127.2000,107.9600,102.8400,117.1600,138.4400,158.8400,159.7600,168.9200,170.6000,164.7600,167.4000,124.0400,137.0000,147.8400,161.5600,169.6400,185.2400,184.8400,177.7200,173.6400,172.1600,167.2400,164.5600,172.8000,163.6800,131.1200,122.7600,147.1200,162.7600,169.3600,166.7200,154.4400,136.9600,138.1000,147.2000,153.9200,113.5600,110.6800,120.3600,124.5600,115.3600,141.3600,153.5200,133.4400,153.4000,172.2800,167.8000,177.0000,176.1200,170.6000,144.6000,113.2400,88.0400,93.7200,133.2800
144.1500,110.9600,72.8400,40.5600,24.0800,12.8000,11.2400,12.8000,17.9200,46.4800,35.4000,20.9600,15.4400,12.2800,12.5200,15.9200,7.3600,3.7600,5.5600,9.8400,15.2400,17.8000,18.2800,39.4000,46.4800,34.8000,21.9600,15.7600,12.5200,11.9200,13.5600,35.8400,34.0800,18.1600,18.1600,20.5200,24.6000,39.4400,53.1600,33.8800,27.0400,24.3600,19.8500,17.6000,14.4000,19.5200,36.8000,82.6800,119.0400,129.5200,142.7200,143.3200,133.5600,130.0400,110.6800,139.7600,166.3600,173.8000,158.2800,147.3600,148.4800,116.6800,104.8400,91.5600,80.0000,78.8000,87.9600,70.2800,80.8400,92.3200,107.0400,138.1600,119.2000,132.0400,110.2400,98.4000,112.5200,138.6800,158.8000,159.0000,164.4800,170.0000,163.5600,165.0400,116.2800,135.8000,150.9200,163.4400,169.2400,182.1600,182.4000,175.8000,172.6400,170.6400,164.1200,163.3600,171.5200,164.0800,127.2400,117.8400,146.2800,167.2400,168.3600,165.2000,151.8800,132.8400,136.7500,146.4000,150.6000,105.6000,102.3600,114.1200,117.5600,105.8000,137.4800,150.5200,128.2000,149.8400,169.6800,162.4400,173.9200,174.4800,166.5600,140.8000,105.6400,79.9200,84.2400,126.3200
152.8000,118.4400,80.6400,45.2000,26.1600,13.4400,10.0000,9.1600,12.5600,40.5200,30.0800,16.5600,13.1200,12.0400,13.7600,18.2800,10.0400,5.7600,3.2000,5.0400,9.0800,11.4000,14.8400,36.8000,44.8800,31.7200,18.0000,11.8400,10.6800,12.0000,15.0000,37.1200,35.7200,18.6400,17.2000,18.2000,19.9200,32.7600,45.1200,26.4000,20.6800,19.0400,13.9000,13.2000,11.2800,15.3600,33.0000,82.4400,119.2400,126.9600,137.2800,142.1600,134.3600,129.8800,113.5600,146.6000,166.1200,173.6800,158.4000,147.4800,146.6000,118.2000,107.6400,91.2800,77.8000,74.8400,84.2400,69.2400,78.4000,89.8000,106.9200,137.6800,124.8400,140.4000,114.5200,100.5200,110.8400,144.0800,163.3200,165.8800,168.9600,169.2400,162.7200,164.7200,118.4400,144.2500,159.8800,167.0000,173.2000,181.6000,180.2000,173.7200,174.6000,172.0800,165.4000,164.6400,173.3600,165.4000,126.7200,121.3600,154.6400,171.4400,171.3200,171.8400,155.9200,132.0800,137.9500,146.6000,147.3200,104.0000,99.4800,112.0800,115.4800,103.0800,135.8000,147.8400,129.8400,151.3600,169.8800,164.0000,172.4800,170.0800,164.5200,140.1200,105.7200,77.7200,81.9600,124.6400
151.9500,119.5600,83.5600,49.2800,29.6400,16.0400,11.6000,9.1600,11.0800,38.8000,30.3600,16.8000,13.7600,14.3200,17.0800,23.8000,14.8800,9.6800,5.6000,2.9200,5.2400,8.2500,12.4800,35.5200,43.9200,30.5600,16.8400,11.4000,12.3600,14.4000,18.2000,40.3600,38.9200,21.7200,19.3600,18.9600,20.0400,31.4800,41.4000,24.7200,19.8000,17.9200,12.4000,12.2400,10.7600,14.2800,29.8400,79.4400,119.5200,124.3600,132.2800,139.2000,133.3200,128.4800,110.6400,154.0400,165.6800,177.0000,162.6400,150.7600,148.8400,123.1200,107.7600,91.4400,70.4500,71.0800,83.6400,67.9200,72.9600,79.5200,101.3600,135.0000,125.7600,142.2400,113.9600,98.6000,108.9600,145.4400,166.1600,166.9200,177.4800,168.1600,160.4000,160.7200,117.6400,149.3000,163.2400,164.9600,178.6800,180.6800,176.8000,168.8800,174.9600,176.4000,172.0400,169.1600,175.0400,166.5600,126.1600,125.3200,156.6000,167.3600,170.0800,168.5600,157.4400,135.0400,139.0500,147.8400,148.9600,102.7200,91.2000,108.2800,111.4000,98.8000,135.5600,147.6800,132.3600,152.6800,171.3600,168.9600,175.6800,174.8800,167.9200,141.5600,104.6800,73.4000,75.5200,122.3600
157.6000,128.6000,93.3200,62.5600,41.9200,26.8000,20.3600,14.8800,13.4400,40.0000,35.4000,24.6800,22.4800,24.4400,29.6000,36.6400,27.2400,19.4400,12.8000,7.1600,3.6400,7.5000,15.2400,36.9600,44.9200,31.8800,19.2800,16.2000,19.0800,23.5600,30.4000,51.9200,51.6400,35.2400,31.4400,29.9600,29.6800,39.1600,45.1200,30.1200,26.5600,21.5200,15.7000,18.2400,18.0800,21.5200,36.6000,86.3600,125.5200,129.6800,140.9200,146.2000,136.3600,132.5600,111.6000,146.3200,162.8000,169.3200,156.3200,145.9200,143.2800,124.1200,110.1600,94.4800,73.9500,74.8800,89.6000,70.8800,77.0400,83.7600,107.5200,140.6000,126.2800,137.4400,113.9200,100.2800,111.9600,142.2400,161.9600,163.0000,174.5600,177.2400,166.4800,164.5200,119.6800,143.1000,152.2400,155.0000,168.2800,181.9200,178.2000,169.5600,166.1200,172.8400,172.4800,169.2800,176.0000,168.0800,128.2800,125.0400,142.9600,156.7200,163.3200,165.5200,153.7600,132.8800,140.7000,144.2400,143.3600,107.0400,95.7200,113.4800,117.8000,102.7200,136.9200,148.0000,132.6800,146.2000,162.5200,161.2800,172.4800,175.5600,163.2400,142.2800,109.5600,76.9200,80.9600,133.0400
166.3125,140.4500,106.9500,79.0500,57.3500,40.8500,31.0500,24.1000,17.3500,40.6500,39.8500,29.4000,28.5500,33.2500,41.2500,50.7000,39.9000,29.7500,19.9500,12.9000,8.5000,4.9375,14.8500,38.1500,45.5000,35.2000,25.8500,25.0500,29.5000,36.9500,45.0000,68.4000,66.5000,47.9000,42.2000,36.3000,32.6500,39.3500,44.2500,29.5500,25.7500,18.8000,13.3750,19.3000,20.2000,22.1500,38.7000,90.4500,129.9000,134.2500,144.7500,147.0000,139.0000,137.9000,114.0500,148.4500,172.0500,180.2500,164.3500,151.5000,150.6000,124.2500,113.7000,96.2000,77.6250,78.7000,91.0500,72.7000,81.3500,87.4000,113.3000,148.1500,129.1000,139.8500,117.9500,102.3500,118.3500,143.0000,164.5000,162.7500,175.1000,180.2000,172.5000,171.0500,125.6500,144.5625,153.7000,165.0500,173.5500,188.3500,186.9500,181.4000,173.0500,178.0500,174.2000,172.6500,179.9500,170.8000,131.7500,126.7000,150.3000,162.8000,169.4000,166.2000,155.8500,137.9000,143.5000,146.5000,148.9500,110.7000,99.4000,117.5000,123.5000,108.2500,138.6000,150.6500,130.8000,147.6500,162.9500,158.8500,173.2500,172.9000,163.2500,146.0000,114.3500,82.2000,84.6000,141.3000
174.9500,150.3200,117.3600,89.0400,68.4800,51.5600,41.6400,34.0000,30.3200,53.6800,51.1600,39.3200,35.1200,40.2800,48.4800,59.4800,49.5200,37.6800,26.7200,22.0000,21.7600,19.1500,5.9600,28.6800,46.2400,42.3200,39.9600,39.9600,43.5600,50.8000,56.7600,76.3600,72.8800,55.0800,46.7600,42.5200,40.9600,50.3200,59.8400,43.1600,34.8000,26.2800,23.2500,26.7200,20.0000,15.3200,32.8800,89.4000,126.5200,132.8000,147.0800,148.8800,142.2000,137.5600,116.3200,149.8800,172.4400,181.2800,166.6000,156.7600,155.4400,125.4400,112.1600,95.0000,77.0000,77.8400,89.5200,69.0800,78.5600,89.0400,114.4800,147.6800,129.5600,136.0000,113.8400,101.2800,117.5600,143.0800,166.3200,170.1200,176.0000,178.1200,169.3200,171.4000,126.1600,145.5500,155.9600,172.2800,179.4400,190.1200,187.8400,181.3600,177.3200,178.3200,173.0000,171.6000,182.2400,173.7600,133.8800,128.0400,154.2400,168.0800,171.6400,170.4000,160.6000,140.5600,145.7500,154.3200,155.3200,110.5200,99.9200,118.2800,122.2400,106.6800,144.4800,155.0800,136.7600,155.0400,169.4400,168.5200,176.8400,177.1600,168.0800,149.6800,112.0800,78.5200,84.0800,141.9200
222.0500,215.5600,204.7600,194.6400,183.8000,165.1200,152.2000,138.0800,125.0400,136.6800,147.6400,146.9200,140.7200,149.4800,159.2000,166.6800,156.7600,136.2000,107.8400,95.2400,86.2800,86.9500,46.2800,19.5600,45.9600,73.2400,118.6000,141.0400,148.7600,162.9600,168.0000,182.8400,183.4800,171.7600,160.5600,155.0800,146.6800,148.0000,148.8000,138.2000,129.4800,96.4800,108.2000,124.4800,108.0400,84.6400,86.6000,139.9200,168.2000,174.5200,189.3200,194.3600,188.7200,183.5200,159.4000,172.2400,196.6000,204.9600,195.8800,193.7200,188.4400,155.4800,128.1200,125.0400,126.8000,121.8000,112.6000,91.6000,114.8400,144.2000,163.5200,185.0400,152.7600,135.7600,114.8800,119.2400,146.5200,151.7600,175.2400,178.5200,190.6400,198.6000,190.2400,199.3600,161.8400,163.4500,167.6000,184.7200,190.9200,209.2000,207.8400,203.8400,194.1200,195.3600,193.2800,195.7200,205.9200,203.8400,179.2800,160.3200,171.6400,192.2400,196.7200,197.2400,186.3200,177.1200,190.4000,197.2400,190.8000,158.0800,159.4000,172.8800,174.8800,158.9200,186.6000,192.2400,168.8400,185.9200,201.8400,200.2800,209.4400,209.1200,199.6000,181.3200,152.4000,125.4400,134.7200,183.6000
231.3500,228.5200,221.6400,216.0000,209.1200,195.2400,183.1600,166.6800,153.8800,172.4800,189.1200,192.8800,186.8800,190.1600,197.2400,198.5600,187.3200,166.2800,138.9600,110.5200,91.9200,119.1000,104.9600,58.7200,18.4400,42.8400,96.6000,143.2800,162.8800,183.6800,193.8400,208.8800,213.8000,208.2400,203.2800,201.4800,199.1600,202.1200,198.3200,192.3200,190.0000,159.2000,161.3000,174.2000,164.6000,156.7600,157.2400,189.9600,202.4400,203.8000,213.1600,214.0000,208.9600,203.3200,181.6800,180.4000,205.0400,210.7200,206.0000,209.0000,205.1200,178.8800,147.6800,152.0400,165.8000,165.1200,148.6400,129.1200,154.6800,177.4400,189.2800,202.1200,165.5600,135.5600,121.4400,141.5200,168.0000,152.0000,176.3600,177.9600,195.0400,204.9200,197.6800,211.0800,180.8400,169.4500,163.6800,180.5600,188.5200,211.3600,210.2800,205.7200,193.4400,197.6000,199.3600,205.1200,214.5200,213.8800,199.3600,178.4000,174.8800,193.1600,204.1600,207.9600,199.7600,195.2000,207.3000,214.6800,209.6800,188.7600,191.0800,197.5600,201.7200,192.9600,209.0000,214.1600,191.9200,205.8400,218.3200,216.1600,223.0400,226.4400,219.1600,206.4400,189.1600,175.1200,177.9600,208.2000
219.8000,209.7200,193.9600,184.6400,169.1200,142.7600,130.5600,107.9200,93.8400,119.9200,138.2000,146.4400,141.6000,142.1600,153.8400,161.1600,144.8800,122.3600,92.4800,65.6800,55.6400,86.4000,96.1600,78.9200,43.6800,12.4800,37.6000,70.8400,100.3200,132.8000,150.7600,175.9600,182.1200,169.4000,162.0400,160.6400,159.1200,169.1200,163.6400,150.4000,150.2400,125.2800,120.2500,129.0400,129.9600,132.0000,138.6000,175.4000,192.6400,196.1600,205.6000,208.1200,201.7600,196.5200,178.7200,179.0400,198.9200,204.7200,200.8400,203.0800,197.4800,171.1200,147.5600,153.8400,163.4500,159.7200,140.2000,135.1200,159.8000,175.8400,185.2000,197.1200,172.0000,153.6400,141.4400,153.8800,173.1600,166.6400,182.3600,181.0800,197.9600,205.5200,199.6000,208.1600,179.4000,173.6500,164.9200,177.7200,190.0800,205.9200,202.4000,194.5200,188.9600,195.6000,197.7200,203.9600,214.1200,210.4400,193.2400,173.8800,167.4400,183.3200,197.2400,200.6800,191.7600,187.9600,200.2000,208.4800,203.3200,179.5200,185.0400,191.4000,195.3200,184.6000,203.4800,207.3200,179.6000,195.2800,209.6800,206.2000,214.2000,219.2400,211.2000,197.0000,178.6400,166.6000,174.1600,199.4400
181.5000,160.1600,129.9600,103.8800,86.8800,68.1600,58.1200,46.6800,45.0800,71.2000,77.0400,78.0400,74.4000,72.6800,82.4000,86.8000,74.8000,59.2400,48.3600,35.2400,34.3600,51.2000,60.7600,65.0800,53.2800,28.3600,12.4000,22.5200,36.9200,53.6000,72.2000,99.7600,105.0000,91.6000,88.0800,88.2400,89.2400,100.6800,101.2400,86.4800,86.5600,72.8800,66.0500,68.4000,71.4000,77.1200,84.4400,124.0400,154.1600,160.8400,172.6800,176.2800,168.2400,163.2000,146.8400,164.0400,181.6800,189.5200,181.6800,174.8000,170.2000,143.8000,122.6000,118.7200,118.3500,113.4000,107.3600,97.9600,115.4000,133.8800,147.2000,168.1600,149.2000,151.2800,129.4800,126.2400,141.9200,158.2800,175.2800,176.9200,188.3200,191.8000,183.9600,187.2000,149.6000,161.9500,156.0800,171.2400,184.8000,197.5200,191.6400,182.6400,178.2400,186.8800,187.9600,189.3200,198.1200,190.4400,160.8800,148.3600,149.2000,162.9200,176.3600,179.1600,166.9200,160.7600,169.6000,176.6400,173.3200,141.4800,144.2800,152.7200,156.7600,144.1600,170.4000,177.0000,150.2400,171.4800,188.2400,185.6800,194.2400,196.4400,188.0800,166.8400,138.7200,119.0400,126.9600,163.2000
147.8500,117.2000,82.1200,51.5600,32.3200,18.7200,15.6000,14.0400,20.6000,48.3600,42.2000,30.1200,25.4800,22.8800,27.1600,32.0400,22.6000,18.0400,16.0000,15.5600,21.7200,26.2000,31.5200,50.9600,53.0800,36.1600,15.9200,4.4800,7.2400,12.8000,19.4400,45.3200,46.6000,31.6000,30.7200,32.0800,36.7600,51.8800,62.4000,45.2800,41.0800,37.5200,30.4000,27.2400,27.7200,35.3600,48.0000,92.1200,127.3600,135.9600,147.3600,149.5600,141.2800,137.4400,122.5600,154.0000,171.1200,179.9200,166.0000,154.0400,152.9600,126.8000,111.2000,100.0800,91.6000,87.8400,91.6800,77.8800,88.1600,103.0000,117.0400,144.9600,129.4400,145.9600,119.6000,107.2400,120.1200,148.7600,169.6400,171.0800,172.6400,174.6000,167.4400,169.5200,125.0800,150.9000,159.8000,168.6000,177.6400,187.8000,185.9600,179.7600,177.5600,176.9600,171.4000,171.2400,179.8400,170.7600,134.7600,129.6800,154.8800,167.0000,175.5200,173.0000,162.0800,141.1600,145.1500,152.2000,155.2000,113.3200,111.9600,122.1200,125.8400,114.2800,144.3200,155.3600,135.8800,159.2400,177.0800,175.3200,180.6400,178.9200,174.6800,148.9200,112.6400,90.4400,95.2000,134.8400
141.5500,110.2400,76.0800,44.4400,24.6000,12.8000,12.0800,12.9200,20.3200,50.2400,39.5600,26.3600,21.8800,18.3600,20.5200,24.9600,17.4000,14.2000,14.3600,15.8000,21.3200,23.6000,30.0000,50.8400,53.9200,37.2800,18.8000,7.6400,3.9200,6.4000,11.6800,38.1600,40.1600,24.0000,24.9200,27.0000,31.8800,47.3600,59.8800,41.4400,36.9600,35.6400,27.4000,24.4400,23.7600,31.7200,46.3200,90.7200,127.2800,136.7200,148.2800,146.8000,137.0400,134.6800,120.2000,147.4400,170.8800,178.8000,163.9600,150.6400,151.7600,123.5200,113.8800,99.4400,90.0000,87.3200,94.7200,79.2000,88.6800,102.3200,115.6400,144.5200,127.8800,142.9200,118.6400,105.6800,120.8800,147.0400,166.7600,167.6000,172.5200,177.4400,170.4800,171.2400,124.0400,145.7000,158.7200,172.1600,177.3600,188.6000,189.0400,184.7600,179.9600,177.2400,171.2400,171.1200,179.8800,169.1200,133.3200,126.2000,156.4400,177.0800,180.4400,178.1200,161.4800,138.8800,141.0500,149.3600,154.4800,111.6000,110.8800,120.6000,124.0400,113.6800,143.2000,154.9600,135.2400,154.4000,174.6400,172.1600,178.3200,179.4800,171.0400,147.0800,112.3600,90.0000,94.9600,134.8800
134.8000,103.4800,70.5600,37.4000,20.2400,9.5200,10.8000,14.4400,22.0000,50.5200,39.6000,26.5600,21.9200,17.1200,18.6000,22.7200,14.9200,13.6000,15.6000,18.1200,22.4800,25.8500,31.3600,51.2400,54.2000,38.8400,22.3600,12.7200,7.6000,3.7600,7.3600,33.9600,35.6000,22.4000,23.3600,25.9600,31.2400,46.9200,60.5600,41.8000,36.4400,35.2400,28.8000,25.4400,24.4800,32.0400,46.0800,89.0800,125.1200,134.7600,145.4000,143.3200,133.4800,130.4800,115.9200,140.4800,166.9600,176.0000,160.7600,147.3600,149.9600,118.9600,108.5200,93.5600,86.1500,84.4000,92.2000,76.4400,85.3200,99.0400,112.8800,142.0400,121.2800,130.6800,109.5200,101.6000,116.1200,141.7600,162.7200,158.0400,168.3600,171.3600,164.6400,167.0000,121.9200,137.1000,148.0800,161.5200,168.5600,185.0400,186.1200,178.4000,172.3200,171.2400,167.8400,167.1600,174.1200,163.2400,129.4000,120.0800,147.5600,173.0400,168.6000,166.8000,151.3200,135.4800,136.6500,146.0400,152.0000,108.0000,107.2000,117.1200,120.8800,111.0400,139.6800,152.5600,130.1600,149.6800,170.1200,166.0800,174.3200,178.4400,168.8000,144.3600,111.1200,86.5200,92.0800,133.6400
133.9500,105.4800,72.4400,38.6800,20.7200,12.7600,19.4800,27.8400,35.5600,61.4800,52.2400,40.2800,35.0400,25.8400,23.0800,25.1600,18.6000,21.6400,29.2800,32.6000,38.8800,43.5500,47.2800,61.2400,64.6400,50.4800,37.2400,27.1200,19.1200,10.6400,5.9600,30.2400,38.7600,29.1200,34.4400,38.4000,45.4800,62.7200,75.5600,58.4800,54.2800,53.2400,45.6000,40.5600,38.6800,46.6400,59.3600,101.2000,134.3200,141.2800,149.9200,148.1600,139.0400,135.9200,125.0800,146.5600,172.2800,178.6400,162.7200,150.4000,155.5600,127.8400,114.7200,105.0000,100.0000,96.9600,100.1600,88.0000,97.7200,111.2800,122.6000,149.3200,131.8800,135.0000,116.8400,111.2800,126.0800,144.8400,165.8400,164.6000,173.3200,175.8400,169.6000,171.4000,131.3200,145.1500,152.4800,164.7600,173.6400,188.4400,188.0400,180.2000,174.9200,175.0800,171.3600,168.4800,176.3600,165.4000,135.7200,129.0800,150.7200,165.9200,170.6800,168.3200,155.8400,142.1200,141.1500,149.4400,156.8400,120.0800,118.0800,125.6000,129.4000,122.5200,144.8800,157.0800,137.8800,156.6000,174.0800,170.3600,178.9600,180.0400,173.4800,149.5200,122.2400,99.8000,105.7600,142.7200
195.2500,174.4000,140.3200,99.5600,77.5600,91.3200,122.9200,143.2400,157.2400,171.0400,164.8800,155.4800,144.5200,119.1200,82.2800,67.9600,90.6000,122.4800,143.1600,155.2800,166.0800,171.3000,170.9200,173.2800,176.7600,169.4000,164.2800,151.8400,134.3600,108.0800,69.7600,23.6400,56.3600,87.6800,129.2800,151.0000,164.0800,179.9600,190.6000,180.2800,177.2000,176.5600,170.0500,162.7200,155.9600,164.2400,171.2400,196.4400,208.4800,211.7600,217.0000,218.2000,215.6800,214.0400,208.7200,211.3600,219.9200,223.8400,219.2800,216.3200,215.9200,203.0000,193.8000,197.1200,201.0000,196.1200,184.8800,187.6400,196.8400,206.5600,209.8000,217.5200,209.9200,204.8800,197.2000,198.5600,207.7600,211.2800,219.5200,219.5600,223.2800,226.1600,223.2000,225.0000,210.8400,213.0000,211.5200,217.6800,221.6000,227.1600,226.1600,224.0400,220.5600,221.0400,221.6400,222.0800,227.1200,223.4400,214.0400,207.2800,209.2400,215.3200,219.6000,217.5600,213.7600,212.4000,215.2500,217.5200,217.0000,206.3200,209.4000,211.9200,212.5200,208.4400,216.0400,218.1600,205.1200,214.0400,220.5200,218.2800,223.0400,223.5200,220.2000,210.9600,203.2800,197.9600,203.2000,212.2400
177.1500,157.0800,123.2000,85.9200,66.4400,74.3600,95.0800,113.9600,123.6000,135.1200,122.5600,103.6800,92.9200,68.4800,46.9200,72.6000,86.0400,106.8000,117.3200,125.8000,134.3200,135.2500,129.3600,140.4800,149.9200,143.8800,139.5600,129.0000,120.8800,107.0000,81.9600,50.0400,25.4000,34.4000,61.8000,87.6000,107.2000,126.4400,143.8800,130.1600,123.0400,127.8800,125.3500,116.1200,111.6000,118.4400,128.9600,157.8000,180.5600,188.0000,194.3600,196.2400,192.3600,191.7600,184.4000,193.8400,206.7200,212.2400,203.5200,196.3200,196.3600,179.2400,170.3200,169.6400,169.1000,162.9600,156.4400,155.7200,165.3200,176.7600,182.6000,196.5600,188.6000,188.8800,175.6000,173.3600,183.8400,195.4000,206.4800,208.1600,211.0000,212.8800,208.9600,209.6400,187.8000,196.5000,199.6800,208.3200,211.2000,216.6800,215.8400,214.4000,210.6800,209.6400,209.3600,209.1200,214.4400,207.6800,191.6800,184.7600,195.4400,205.8800,208.6800,205.2000,197.0400,191.0000,195.2500,196.1200,196.5600,178.5600,180.4800,186.1600,186.1600,179.6800,192.6400,197.0800,181.1200,194.0400,205.0400,202.2800,209.1600,207.6000,202.4000,187.0000,172.5600,161.0000,168.4800,187.8400
132.8500,103.5200,71.2800,38.0400,24.6800,18.0000,19.7200,24.8000,29.8400,52.7200,39.0000,19.7600,14.6400,10.8800,10.3200,23.0000,19.8000,22.2000,25.6800,30.2400,36.1600,34.6000,32.3200,52.8000,61.6800,52.2800,42.3600,34.4000,29.0000,25.6400,23.0400,38.4400,25.2800,3.6800,6.4400,11.8400,17.8400,35.0000,50.7200,32.8800,26.6400,29.5600,27.8500,23.4400,20.8400,27.0400,43.8800,84.5600,117.9200,129.6000,141.1200,141.8800,132.5600,130.6400,116.3600,143.2400,168.0000,173.4000,156.8800,144.0800,147.0400,119.2400,106.4400,95.7600,86.2500,82.3200,91.5200,76.2800,85.4000,98.8800,111.8800,141.7200,125.7600,132.6800,110.3200,102.2400,116.6000,139.6400,160.6400,161.3200,170.2000,172.4000,166.6400,167.4800,123.5600,141.2000,149.6400,164.1200,171.4000,183.6800,183.7200,181.0000,175.0400,173.2400,167.8000,165.8400,174.9600,164.0000,129.3200,121.6000,147.2800,165.8400,171.2800,166.0400,151.4400,133.8000,136.2500,143.0800,148.2800,108.1600,104.8000,116.0800,119.3200,108.2000,136.1600,147.6400,128.5200,147.0000,166.9600,164.8000,173.7600,174.8000,162.9600,135.7200,108.4000,83.2800,88.4000,128.8000
138.4000,107.2800,73.7600,38.7200,24.2400,16.0400,15.7200,18.6000,22.7600,46.0800,32.4000,12.7600,9.0800,8.0000,10.0400,21.1200,17.4800,18.0800,19.5600,23.2000,27.6400,26.1500,25.6800,47.5200,56.8800,46.0000,35.0800,26.4400,23.3600,21.0800,20.7600,37.5600,26.4800,6.4400,3.2800,5.7600,10.0000,26.1200,42.2000,24.1200,17.3200,22.4400,19.9000,16.1200,14.7600,21.4800,38.2800,82.6000,114.8800,124.4400,139.9200,143.7200,133.7600,130.8800,113.4000,140.6800,169.4000,174.9600,159.4800,146.2400,148.4800,117.6400,105.7600,91.9600,81.1000,78.6000,90.0800,72.9600,81.7600,95.0400,109.9600,141.1600,123.6400,132.6800,108.6400,99.5200,113.6000,142.7600,161.3200,163.2400,169.9600,172.9200,166.5200,168.2400,121.2400,139.2500,151.2000,164.8400,171.6400,185.5200,186.0800,182.3600,176.6400,173.6800,167.7600,166.8400,176.3600,166.4800,129.2400,119.7600,148.3200,166.3200,172.1200,165.5200,150.1600,133.0800,137.4500,144.5200,149.0400,105.3200,102.3600,114.6400,117.3200,104.0000,137.0000,147.4400,128.0400,146.6800,168.0000,164.1200,174.9200,174.3200,162.8000,133.5600,104.9200,78.8800,83.4800,125.4000
142.7500,110.8400,75.2400,43.8800,28.0800,19.4400,17.1200,18.0800,20.6800,42.6800,28.7600,9.0400,7.8400,10.5600,14.3200,26.1600,21.8800,21.5200,21.5600,24.0800,28.3200,25.5000,25.5600,48.0400,58.3600,47.8000,36.2000,27.6000,25.8000,24.6000,24.7200,41.1200,29.3600,11.2000,6.5200,3.6000,5.6800,22.1600,36.6400,19.4000,13.1600,20.7200,17.0500,12.6800,13.6000,20.0800,37.0800,84.4000,116.6400,120.2400,134.1200,140.7200,132.2800,129.7600,110.5200,140.1200,166.6000,174.4800,158.7200,146.7600,145.2000,120.4400,106.6800,91.8800,76.9000,74.5200,88.0000,72.7600,79.0800,88.4400,105.0400,138.1600,121.8800,133.7600,110.8000,98.1200,110.6400,142.8400,160.6800,162.3200,167.6400,171.3200,163.7200,166.0400,118.1200,140.2000,150.4800,164.9200,171.0800,184.5600,186.1600,181.5200,175.6800,172.6800,164.8800,164.6000,176.0800,166.4000,127.3600,119.1600,148.7600,164.9200,168.8800,164.1200,149.2400,130.2800,137.3500,144.1200,144.4800,102.2400,96.8400,110.9200,111.4400,97.5200,132.5600,143.2800,129.1600,147.6800,166.4400,164.3600,173.2800,169.8000,162.1200,134.2000,106.1600,77.4000,80.8800,122.6400
148.6500,116.4400,82.2000,51.2000,35.6000,25.6800,22.0000,22.0800,23.6400,43.1200,28.3200,10.3200,11.4400,16.1600,21.6800,34.4400,28.9600,27.2800,25.9200,27.5600,31.0000,27.1000,27.0800,48.9600,59.6800,51.0800,39.8000,32.2000,31.5200,31.0800,32.5200,48.0400,38.7200,20.1600,13.0400,7.4000,4.2800,17.4800,33.0800,17.4400,11.5600,20.5600,17.6500,14.0400,15.8400,21.2800,37.6000,85.2400,118.4000,120.5600,128.1600,134.5600,130.6400,128.4000,110.3600,138.5600,163.4400,174.2400,157.2800,145.4400,143.2400,120.6800,106.5200,92.5200,74.5500,71.6000,84.0000,71.8800,77.6800,84.2400,103.0800,135.9200,119.1200,135.6000,113.3200,98.7600,108.6400,136.0800,157.0800,158.4000,162.1600,167.6400,160.3600,162.3600,116.0000,135.4500,151.8400,162.8400,166.2800,180.7600,182.3200,176.4400,167.7200,166.7600,161.3600,162.7600,173.2000,164.4800,124.8800,120.6000,149.6400,162.4400,165.1600,163.6000,153.4800,129.6000,136.3000,142.6400,141.2400,100.2400,92.4000,107.8000,107.4800,93.8400,128.3600,137.8400,125.9600,146.8800,164.0400,159.5200,168.7600,164.7600,158.5200,136.0400,104.1600,74.0400,78.7600,123.1600
171.0500,153.2800,125.9600,96.8800,84.8400,74.4000,67.4800,69.1600,68.4800,73.7200,54.8000,42.2800,51.0000,61.6800,74.3600,92.3600,86.6800,81.7200,78.9600,81.3600,82.8400,76.6000,73.4000,92.4800,100.7200,99.1200,92.2000,84.7200,85.0800,84.8800,88.3200,100.7200,90.8400,75.2800,60.4000,43.6000,28.6800,11.0800,33.3200,31.6000,29.8800,55.6400,62.7500,54.8000,59.0800,63.0800,76.6400,108.8800,134.0400,141.2000,145.8800,156.8800,155.7600,157.0800,146.1200,165.3200,181.6400,191.8400,180.0000,170.3200,165.6000,139.5200,131.4400,119.9600,110.4000,97.2000,105.1200,101.6800,110.4400,119.4400,135.5200,163.3600,150.8800,160.0000,141.0800,129.8400,140.8400,164.0400,182.2800,181.1200,183.1200,190.4000,184.3600,184.3200,149.3600,163.6000,172.3600,182.3200,188.6800,196.9600,196.8400,193.5200,188.2400,186.6000,182.4800,185.5600,195.1600,186.2400,157.6000,148.5600,169.0000,179.2400,183.2000,178.5600,166.8000,156.5200,165.7500,166.3200,162.5600,127.0800,124.3200,138.4800,134.2000,119.0800,151.0800,155.2000,140.5200,151.1600,171.7200,164.3200,182.0000,169.9600,155.6400,138.0000,118.1200,97.4800,109.9600,150.0000
202.7000,194.0800,181.1200,169.0000,160.6800,148.6800,135.0800,129.4400,117.0000,97.5600,98.6800,103.1200,117.2400,130.8400,145.3200,162.7200,156.4000,147.4800,138.4400,133.8800,130.4000,115.3500,119.5200,140.3600,145.4800,148.8800,145.7200,142.8000,149.7600,155.0400,160.8400,169.3200,161.0000,147.2800,134.6400,113.2400,88.5200,45.6800,18.7200,38.8400,54.6400,71.6000,90.0000,99.9600,113.3200,107.4800,121.0000,137.4800,151.2000,157.4400,167.8800,180.6800,178.6000,183.6800,176.3600,189.1600,203.3600,209.7600,201.2000,191.4000,184.1200,157.3600,154.3600,150.3600,146.7500,127.6800,125.4000,133.0000,145.7200,154.2000,167.0400,189.5200,180.5600,186.4800,165.9200,162.4400,172.3200,192.6400,207.6800,208.1200,206.9600,211.4400,205.7600,206.9200,179.0800,191.3500,195.4000,208.8400,213.2000,217.1600,217.3200,215.8800,210.3600,211.5200,206.5600,205.9600,215.3200,209.0800,185.4400,173.8000,188.6400,202.5200,199.3200,191.4400,180.3200,180.1200,190.3500,188.2400,178.5200,151.8400,154.4400,165.3200,162.8400,145.0400,173.5600,169.8000,149.1200,152.7200,175.2800,166.1200,188.6400,172.1600,151.1200,134.1200,127.3200,120.9200,140.0400,177.5200
171.9000,151.6400,124.6800,98.3600,85.3200,72.2000,63.2000,57.0800,49.5600,54.0800,45.5600,39.2800,48.4400,59.0000,70.0000,87.6800,79.0800,71.6800,64.2000,61.3200,61.6400,49.9000,52.6000,77.2400,85.8800,82.9600,76.0800,71.6800,75.2000,78.7600,83.6000,97.1200,89.2800,72.1600,61.8000,49.1200,34.0400,28.0000,27.1200,9.8400,16.9200,28.0400,29.7000,35.0000,44.8800,44.8000,65.6400,102.0400,129.9600,137.0800,141.3600,146.5600,143.6400,145.3600,133.6800,156.7600,176.7200,180.5600,168.9600,158.7600,157.4400,127.6400,116.2800,106.9600,94.2500,83.9200,94.0000,88.2800,96.4000,102.0800,121.2800,152.1600,141.4800,151.6000,130.1600,118.6400,128.4800,154.8800,171.4400,172.5600,173.8000,175.4400,170.4800,173.3200,138.1600,157.6000,158.6000,174.7600,180.2400,189.3200,189.8400,188.6800,181.0400,179.6800,172.9200,171.7200,182.2800,176.2800,144.3200,135.6000,153.3600,169.8800,174.3200,167.4400,156.0800,145.9200,152.1500,155.2000,154.2800,112.7600,107.5200,124.2400,125.8800,108.2000,141.0400,146.5600,129.3200,139.0800,159.5600,153.2800,171.0800,160.6400,148.7600,130.7600,110.2000,88.1200,97.2400,146.3600
155.0000,127.4400,93.8400,62.2400,45.1600,33.6800,27.6800,24.3600,22.3200,41.2000,29.3600,15.0400,17.6000,25.3600,32.8400,43.8400,36.8800,32.1600,28.2800,26.6400,27.3200,22.4500,23.9600,44.8800,56.4800,48.4400,38.3200,34.2000,34.6800,36.7200,40.6000,56.5200,50.1200,34.1600,25.9600,18.6400,12.0000,16.1200,27.6800,10.8800,3.6000,12.2000,11.8000,12.0800,15.7600,18.8000,36.4000,83.6000,120.0800,125.9200,128.6000,128.7600,125.3200,124.3600,109.9200,145.7600,162.5200,168.7200,152.8800,143.0000,145.7600,119.2800,105.9200,91.9600,68.5000,68.1600,84.9600,69.2800,71.8400,72.3200,95.0400,131.8400,123.3200,136.7200,114.2000,97.2800,106.8000,139.0000,154.4800,157.3600,157.6000,162.2400,155.0000,158.6400,116.4000,140.8000,149.6400,160.6400,164.2400,175.1200,176.5200,171.8800,167.4800,161.8800,154.8400,157.4400,169.0800,160.6000,122.0400,123.0800,147.4800,160.6400,168.8000,167.4400,154.3200,130.7200,132.1000,138.0000,143.6400,98.0000,80.9600,100.7600,104.4800,90.6800,125.1200,139.2800,128.4800,144.3200,161.7600,153.8400,167.3200,160.6800,153.7600,131.8400,104.3200,72.2800,74.3200,125.3200
175.2500,154.1200,125.8800,100.7200,84.4800,69.2000,55.2800,45.7600,36.9600,53.6000,49.2000,39.9200,41.8800,54.2000,68.8800,84.0000,75.6000,63.6000,50.1600,42.4400,39.7200,28.3500,31.5200,59.6000,69.9600,65.2400,58.1600,56.9600,64.2000,71.4400,79.9200,95.6800,89.5200,73.6800,60.6000,48.2400,37.2000,39.3600,46.3600,30.7600,18.5600,10.6000,16.3500,25.7200,28.9600,26.5600,50.4000,93.5200,127.5600,134.8800,149.7200,150.1600,141.7200,139.6800,126.8000,153.9600,176.2000,181.4000,167.8400,158.4000,158.5200,125.0000,114.4400,96.2400,82.4500,77.2800,87.9200,75.0000,85.2400,91.4400,115.1200,150.0000,137.2400,147.5600,125.0000,109.6400,124.1600,152.1600,171.0400,173.3200,174.6400,176.0000,169.2800,170.5200,133.1200,152.1500,158.3600,174.7200,177.2800,188.5600,187.3600,185.8400,178.9600,178.7600,171.5600,170.6400,179.1600,173.1200,139.0000,130.0800,152.0000,171.0400,175.8800,174.0800,157.4400,143.7200,148.5000,154.3200,157.7200,109.6400,100.7600,120.2000,122.8800,107.1600,144.4400,155.3600,130.9600,149.0800,172.0000,164.9200,178.0400,171.4000,164.2000,141.3600,107.2000,78.8000,88.3200,140.9200
155.0625,125.8000,92.2000,60.6000,42.2500,28.9500,21.0500,16.2000,13.8000,37.0000,27.9500,12.9000,13.5500,20.2000,28.2000,40.5500,32.7500,26.5000,20.2000,17.2000,17.2000,12.5000,18.6000,40.4500,49.6000,39.8500,29.1000,24.5500,27.2500,30.9500,36.1500,54.6000,48.6500,30.7500,23.9500,18.5500,14.9000,25.7000,33.8000,17.9000,11.9000,11.7000,3.4375,7.0500,11.3000,16.0500,34.6000,82.4000,120.3000,123.4000,126.6500,127.5000,122.1000,120.4000,104.5000,146.3000,164.9000,170.9000,155.4500,142.0500,142.6000,119.2000,107.6000,87.9000,65.6875,68.8000,83.1000,66.5000,70.1000,70.8000,93.8500,128.4000,119.1500,131.1500,111.1500,95.5500,104.0000,136.7000,157.9000,157.3500,162.2000,157.2500,152.0500,152.4000,111.9500,138.5625,148.3500,160.0500,167.6500,172.5000,175.0000,171.8500,170.0000,170.0500,161.0500,157.6000,164.5000,156.6500,117.5500,117.6000,144.7000,156.5500,163.9000,159.9000,150.9000,128.4000,128.1875,134.9000,140.4500,96.0500,80.2000,98.6500,103.6500,90.7000,123.2500,137.5000,124.9000,141.0000,154.7000,150.8000,159.7000,157.1000,150.5000,132.1500,102.9500,71.4500,72.5000,124.2500
154.1500,123.1600,87.4000,55.2800,36.6400,23.1600,16.0000,13.2000,14.0800,38.5600,25.2400,10.4000,9.6400,14.9200,21.8000,33.1600,24.6000,19.8400,16.1200,15.9200,19.7200,17.0500,19.6000,41.1200,51.3600,41.4400,30.2800,23.3600,23.4800,24.8000,28.8000,48.4000,42.8400,24.6400,18.7600,14.5600,12.6400,24.1200,34.6800,18.4800,12.2000,16.2400,8.8000,5.0800,8.3600,14.7600,32.7600,84.2400,122.3200,123.6400,127.9600,133.1600,128.6800,126.1600,110.5200,150.8400,165.4000,172.5200,157.0000,145.6000,145.7600,122.4000,105.8000,92.2400,72.6000,70.5600,83.4400,69.6400,75.4800,80.2400,101.2400,132.4800,122.4800,136.6800,114.6000,97.7600,108.0800,140.9200,154.4400,157.8800,160.5600,159.5600,154.3600,157.5200,115.3600,144.3500,156.8000,163.1200,168.3200,174.1200,176.4000,172.8000,173.1600,170.7200,160.6800,159.9600,168.4800,161.4400,123.1600,124.2800,154.6400,165.5600,167.7200,163.3600,157.5600,133.5200,134.5000,142.1600,143.6800,101.4800,89.5200,106.4800,108.0800,94.6400,129.5200,140.0000,129.4400,146.7600,162.0400,158.1600,165.9600,164.7200,157.8800,135.8400,105.1600,73.0800,78.1200,123.0800
156.5500,122.0000,84.1600,50.1200,31.3600,17.8000,12.7200,10.2800,12.9600,40.7600,28.3600,11.6800,8.6000,12.2400,17.0800,27.2400,18.9600,15.0800,11.8000,11.5200,15.6000,14.2000,13.1200,35.3200,47.1600,37.2800,24.6800,18.0400,17.8400,19.0000,22.9600,43.1200,38.1200,19.8800,15.4000,12.8400,13.4000,25.8800,38.4400,21.9600,14.2000,16.0000,10.3500,7.5200,3.4800,6.6000,24.1600,77.7200,119.1200,122.3600,128.1600,135.4400,131.8800,127.3200,109.7200,147.9200,164.5600,174.0000,157.7200,147.6800,144.8800,119.5200,103.0000,90.0000,71.2500,69.0400,81.6400,66.2000,73.1200,79.4400,101.6800,133.1600,123.7600,139.2000,114.4400,97.6000,108.8400,142.3200,158.2800,161.8000,163.8000,166.0800,156.6800,161.0000,115.8800,144.2000,161.0000,165.6000,169.5200,181.0800,180.5200,173.9200,173.8400,171.4800,162.3600,162.3200,173.1200,165.4400,124.4000,123.3600,155.8800,170.1200,167.6800,166.3200,156.7200,131.9600,137.2500,145.4800,145.0000,103.3200,91.1600,108.4000,108.4400,95.7200,131.8800,141.7200,131.0400,151.1200,164.6800,165.9200,167.6400,166.8800,160.6000,139.2800,103.6800,70.7600,73.4000,120.0800
163.1500,131.6400,94.4000,62.2000,41.5600,27.7600,20.3200,17.8800,20.2800,45.7200,35.8400,19.2400,14.9200,19.6000,26.4400,36.8000,28.9200,22.9200,17.5600,17.8000,21.8000,20.2000,12.6400,36.6000,49.2800,43.0000,33.6400,28.1200,27.5600,30.0000,33.5600,53.2000,48.7600,29.5200,24.1200,20.8800,21.3200,33.7200,45.3600,29.8000,21.4400,20.5600,16.3000,13.0800,7.3200,3.4800,18.8800,79.0400,119.9200,129.2800,140.9200,140.6000,134.8800,129.9600,112.2800,149.4400,168.9600,179.0000,162.5200,151.3600,149.8800,123.4400,107.6400,91.7600,73.5000,72.5600,87.3200,68.2800,75.1600,81.1600,104.9200,138.5200,126.1200,138.4800,114.4800,99.6800,112.3200,143.9200,164.6000,169.2400,169.5200,174.0400,163.2400,167.8000,119.7600,146.0000,160.3200,171.5200,176.4800,190.6800,187.5600,181.9200,177.7200,174.9200,166.6800,168.1200,181.3200,173.6000,127.9200,125.6400,157.9600,173.0400,173.6800,173.4800,161.5200,135.3200,141.3000,149.7600,150.8000,106.6800,93.9200,110.4000,112.1600,99.0800,137.0000,147.5600,135.2400,153.9600,168.0400,171.2000,176.1600,171.4000,167.9200,145.7600,108.0800,73.6000,75.8000,131.0400
199.4000,183.4400,162.3200,142.9200,130.0000,115.3200,103.8000,100.1200,97.2800,112.4800,109.0000,96.7600,88.8000,95.0800,106.1600,120.5200,112.0000,97.8800,85.2000,89.2000,91.9600,86.5500,55.7200,79.8000,107.4000,113.6400,117.0400,116.6800,116.0800,120.0800,122.5600,136.1600,132.6000,116.4800,104.8800,97.8400,94.2000,100.8800,112.6400,98.8400,85.5600,71.5600,82.9000,84.9200,65.8400,37.1600,22.5200,70.8400,120.3200,142.3600,172.9200,184.6800,181.3600,179.3600,162.9600,180.6400,197.4000,206.8400,196.5200,190.7200,185.0000,159.2800,142.2800,138.4000,133.3500,117.6400,111.0800,98.1600,108.2000,139.8000,158.1600,181.2400,167.5200,169.8000,148.4000,139.7600,159.3600,178.7200,195.7600,198.4400,199.2400,207.6000,199.2000,201.6800,168.2800,179.1000,188.3200,199.9600,202.0000,214.5600,212.6800,209.8000,202.5200,201.1200,197.9200,200.8000,210.1600,205.2000,177.9200,166.6000,186.5200,198.3200,199.6800,199.8000,187.8800,175.2800,187.6000,192.4800,185.8400,154.1200,151.3200,164.2400,158.7200,146.2400,178.5200,181.8400,167.2800,180.6400,195.4400,196.2400,203.7200,199.7200,191.0000,167.0000,134.4000,95.6000,100.9200,148.6400
223.0500,215.9200,207.0800,202.5200,199.0000,196.2000,192.4400,190.6800,186.3200,188.8800,191.6800,191.3200,178.2400,179.9200,181.9600,187.4000,186.6800,182.2400,172.7600,176.2800,175.4400,159.9000,118.2800,128.8800,165.5600,184.3600,196.5600,199.5200,199.6400,201.6800,197.0000,194.2000,193.2000,193.4000,188.1200,188.2400,183.0000,173.1200,170.7200,172.2800,156.2400,130.8000,161.2000,174.7600,149.6000,103.8800,65.6000,19.6800,40.8000,63.9600,101.0400,134.8800,143.8000,143.2000,135.6400,144.7600,157.7200,167.1200,158.1200,154.6000,144.6000,126.8400,120.9200,118.8800,115.6500,98.0000,99.5600,86.7600,84.5600,111.4800,120.9200,137.4400,133.3600,134.7600,121.6000,112.2000,125.6400,138.2400,149.7600,156.5600,155.0800,159.6000,151.7600,151.1600,136.4800,144.2500,148.1200,159.8000,160.4000,175.8000,177.1200,174.8400,161.6800,159.4000,157.4400,158.7200,164.1200,161.9200,145.2800,136.4800,146.2000,157.5600,158.4000,154.7200,143.0400,141.2000,158.0000,156.9200,141.5600,123.3600,120.8800,131.1600,107.5200,106.6800,133.4000,133.2400,128.2400,135.7600,145.4800,146.0800,154.8000,144.0800,130.8400,110.1200,88.1600,58.7600,56.4400,84.8000
196.6000,187.1200,176.8800,175.4000,177.9200,175.8400,167.1600,163.3200,154.2400,154.8400,155.6000,164.8800,159.4400,161.0000,160.6000,165.2400,168.4400,164.3200,158.0400,154.7200,144.5600,125.4000,99.4400,105.1200,131.5600,147.2000,159.5600,169.7200,173.7200,178.4400,178.0800,174.0400,171.1200,171.8000,165.2400,166.5200,162.2800,149.0000,136.3600,144.9200,135.7200,104.2800,137.9500,159.7600,143.4000,101.6000,73.0400,22.5600,3.9200,6.7200,26.0400,31.8800,34.1200,36.6000,36.0800,40.0800,47.4000,53.0800,47.2000,41.9600,36.1600,30.8800,33.0400,29.6000,26.0000,22.2400,33.4800,26.2000,22.6000,25.9600,28.5600,36.2000,36.6400,40.9200,34.6400,29.0800,32.4800,40.9600,47.5200,52.1600,47.6000,50.2400,45.6800,42.7200,36.7600,42.8000,44.6000,54.0000,52.4800,67.9200,69.6800,64.0400,52.0400,50.5600,48.6400,49.0400,50.6000,49.2400,39.0800,35.8800,42.6800,50.3200,48.6400,43.4800,37.4000,37.0800,44.5000,42.2400,33.7600,26.9600,26.0400,30.1200,21.8400,20.0800,29.6400,30.0000,30.2800,33.1200,37.0400,40.2400,42.5600,38.3600,29.6000,21.9600,15.0400,12.8400,14.3600,37.3200
194.1000,183.5200,173.9200,175.0800,180.0800,181.7600,172.3600,166.3200,154.3600,153.6800,152.4000,164.5200,159.8000,164.4000,167.0000,167.6000,175.1600,169.7200,160.0800,155.2800,143.3200,126.2500,100.6800,107.9600,131.8400,147.4800,161.4400,173.3600,177.4400,181.8400,181.6800,173.1200,172.3600,176.5200,168.5600,167.4000,159.9600,149.4400,139.4800,146.8800,138.2800,104.0400,135.6000,154.6000,138.7600,101.6400,75.8000,27.0800,7.9200,3.7600,23.3200,31.2000,33.5600,36.2800,35.6800,38.8800,45.6000,52.2800,45.9200,41.6000,36.1600,30.1200,32.0400,28.0000,23.9500,20.7600,33.9200,26.3600,22.0000,23.9600,27.0000,34.5200,35.0400,40.3600,34.0400,28.3200,30.7200,40.0400,46.5200,51.2800,46.1200,49.7600,43.7200,40.8400,35.2000,39.9000,44.0000,53.2800,51.5200,66.2400,67.5600,62.8000,50.6400,49.1200,46.9600,47.4400,49.8000,48.1600,37.8400,34.9200,41.2400,50.2400,46.9200,42.4000,36.2400,37.0800,43.4500,41.6000,33.6800,25.9200,25.4000,29.4400,19.8400,18.2000,29.1600,29.0400,28.8800,31.2400,36.0400,38.4400,42.8400,35.4400,27.7600,20.4400,13.6800,13.0400,14.0400,37.6000
223.0500,216.9200,213.4400,213.6400,214.6400,215.7200,213.7600,210.2800,201.0400,195.8400,200.2000,206.2000,204.2400,206.9600,207.8800,206.8800,210.8800,209.0000,203.5200,201.2000,191.8000,177.8000,161.6400,166.0400,181.2000,199.2400,209.8400,214.6400,215.6800,216.7600,214.6000,213.3600,210.1200,211.6000,209.1200,207.0800,199.3200,186.3600,173.9200,181.6800,178.7200,165.8400,181.2000,194.7200,186.4800,163.6000,149.0400,104.2000,77.3600,45.5200,24.0000,59.5600,99.6800,125.5600,131.0000,139.5600,144.4400,153.8400,142.1600,129.1200,123.7600,127.4400,130.8400,126.3200,115.6000,108.2000,128.0800,117.0400,106.0000,103.2000,113.6000,129.2000,133.2400,142.8400,130.1600,121.5200,126.1600,141.9600,151.2800,160.1600,152.1600,156.2800,146.8400,141.5600,132.2800,143.8000,152.3600,163.3200,160.8400,170.0000,170.3200,169.3600,159.0000,153.8400,150.7600,147.6000,151.7200,146.4000,130.6000,132.2400,143.9600,157.2000,152.8000,142.5600,133.1200,127.4000,134.7000,121.2400,106.8000,106.3200,90.0800,100.0400,63.7200,70.0800,69.7600,78.2400,122.6000,122.0800,126.0000,134.7200,136.2000,125.7200,114.6400,100.5200,93.8400,93.0800,86.6000,94.8400
214.9500,206.6400,201.9600,201.5600,202.4000,204.0800,201.6000,197.8400,186.8000,181.4800,186.1600,193.4800,190.6800,193.3200,194.6800,193.9600,199.1200,196.6000,190.4000,186.7600,172.3200,158.2000,139.2000,141.6400,159.4800,181.7600,193.5600,202.4800,203.6400,205.1600,203.2400,200.6800,196.3200,197.7200,194.8800,193.4400,186.0000,167.9600,162.5600,165.3200,158.4000,141.6800,162.6500,179.0800,169.7200,143.4800,129.8800,92.8000,75.4400,60.4400,45.0000,14.1600,34.4400,67.9600,88.3600,105.6800,107.8800,109.1600,96.9600,82.0800,84.7200,92.5200,102.1200,93.2000,81.8000,77.7600,100.4400,92.8400,86.7200,75.6000,76.8800,84.8400,99.4400,113.4000,103.8800,96.0000,94.3600,111.9200,119.5200,128.2400,113.0000,115.1200,107.0400,94.7600,93.1200,109.3000,119.8400,133.5200,128.4400,138.2800,139.3200,139.7600,126.2400,117.4000,110.7600,103.0400,100.8000,90.2800,81.1200,95.8400,111.3200,127.6000,116.7200,109.8000,100.7200,86.5200,80.7500,71.1600,70.4400,72.0400,52.6400,47.8400,40.7600,49.9600,33.8000,50.9200,90.8000,87.8800,89.4800,105.1600,101.8800,92.6400,82.5600,69.5200,66.4800,74.2400,77.4800,86.1600
199.3000,186.6000,178.6000,176.8800,181.1200,187.0000,183.9600,181.8800,171.4800,162.5600,166.2000,180.0400,176.5600,177.0000,176.3200,172.4400,181.6000,180.2400,174.1200,169.1200,149.5200,131.6500,108.8000,109.7600,132.1200,156.4800,170.5600,183.5200,184.6400,186.7200,184.7200,178.9200,176.4000,180.6000,179.9200,178.2800,173.1600,156.1600,147.5600,147.0000,141.6000,112.7600,138.3000,164.3600,149.9600,116.8800,98.4800,62.2000,49.6800,42.0400,42.0000,20.0400,6.4000,13.8000,26.9200,39.0400,40.2400,40.7200,31.8400,24.4000,28.3200,40.4400,48.3200,39.4000,32.4000,39.0800,56.6400,48.2000,41.3600,29.6000,24.9600,25.3600,34.1600,48.6000,46.6000,40.4400,33.5200,44.4000,47.2400,53.8000,40.4000,39.5600,35.6000,28.6000,28.7600,40.6000,49.5600,58.4400,51.0400,61.8800,63.6800,64.1200,50.6000,44.8800,39.9600,33.6800,31.0000,26.6000,21.0000,34.9600,47.8800,57.0800,49.3600,47.4800,43.0400,28.2000,23.5000,22.4000,27.1200,29.0000,20.0800,12.2000,23.6800,29.3200,17.4000,29.3200,44.4400,42.1600,41.6800,51.0400,47.0400,47.2000,44.3200,42.0000,41.0000,45.1200,42.8800,55.7600
197.4500,185.4000,176.4400,174.2400,178.4800,183.4800,179.0800,176.6000,162.1600,153.7600,158.5200,173.6000,170.2000,173.0400,172.9200,170.0400,178.7200,176.9200,167.7600,159.8000,142.6000,123.1000,98.9600,104.9600,130.8800,149.0400,160.4800,177.6800,180.8400,182.3600,183.1600,177.3600,174.0000,178.4400,177.0400,172.8800,166.8000,152.6400,143.6400,142.6000,134.8400,104.5600,127.3500,156.5600,139.5200,104.3200,85.8400,50.7600,38.7200,33.9200,39.3200,23.7200,11.1600,4.8000,12.3200,21.3600,23.8000,23.6800,17.8400,15.5600,18.4000,25.6000,29.8800,23.1200,19.8500,26.4000,40.2000,31.3200,27.6400,18.9200,14.7200,14.0400,16.9600,27.8000,27.1200,23.9200,19.3600,24.6000,28.5200,34.0800,21.1600,21.0000,17.4000,13.7600,12.4400,21.2000,29.3600,36.0800,30.4800,40.7200,42.8000,43.4800,31.3600,26.0800,20.9600,16.8400,14.9200,12.7200,8.8400,19.2400,29.0800,37.2800,32.2400,32.0000,27.2800,16.4400,13.7000,17.0000,19.7600,19.4800,13.9600,9.8800,19.4000,22.0400,17.0000,23.0800,29.6800,30.2000,30.9600,39.8400,37.5600,39.6400,34.6000,31.4000,29.7200,32.6400,31.1200,48.6400
181.8500,170.2800,163.1200,166.6400,179.4400,185.4800,175.4000,167.1600,162.4800,158.1200,147.0400,164.6000,160.4400,170.2000,171.5200,169.7200,178.8400,171.4000,162.7200,163.0400,158.4400,134.9500,99.8400,106.2800,135.6800,158.8000,161.7200,171.2800,177.8800,183.8000,187.3600,172.0400,172.4400,178.8400,173.4000,166.6800,154.0000,149.2400,153.2800,153.0400,138.2800,107.8400,141.4000,156.0400,130.2800,93.4000,71.1600,34.6000,22.7600,20.6800,31.1600,20.4000,11.8000,7.2800,3.0400,6.8800,9.8400,10.8800,8.0400,8.6800,8.7200,10.6000,13.2800,7.8800,7.1500,11.8800,22.1200,14.9600,13.4800,9.0800,8.2800,10.0400,6.1600,11.9200,10.9600,10.0400,8.0400,10.6800,14.8800,17.4000,8.7600,11.7600,8.9200,9.9200,4.4000,6.3500,11.3200,15.2000,12.6800,20.1600,22.2000,21.5200,12.4400,9.9600,7.6400,7.0800,8.8000,9.2000,4.9600,5.5600,10.8800,16.3600,13.4800,14.7600,11.1600,6.1600,9.4000,11.6000,10.8400,8.1200,7.7200,8.0800,13.0000,11.5200,12.0400,15.2000,13.3600,14.7200,17.8800,20.7200,23.8800,24.8800,20.2400,18.0000,15.0000,15.3600,16.1200,40.4000
186.8000,175.2400,165.5600,164.4000,174.4400,179.8000,173.8800,171.2800,168.9600,158.4800,156.5600,166.9600,165.2000,167.7200,167.4800,165.7200,173.8400,170.3200,167.8000,167.4000,147.6400,127.2500,99.7600,107.5600,129.0800,149.3600,158.2400,171.9200,176.9600,178.6000,180.3600,169.8400,168.9200,173.5200,169.6000,166.6000,158.7200,156.3200,157.8000,156.6400,145.2000,106.8800,140.9000,165.2000,139.6000,98.5600,76.8400,47.2800,38.3200,35.9200,44.1600,34.8400,26.8000,22.6400,12.1200,4.6800,9.1600,13.0800,12.6000,15.8000,14.5200,15.8000,17.8000,14.0000,15.7500,21.4800,30.9200,23.5600,25.2400,21.8000,23.3600,24.6800,15.9200,17.5600,18.0400,20.2400,19.9600,18.6000,22.0000,22.3600,14.3200,20.6800,19.4400,23.7600,15.6400,8.8000,11.2800,18.4400,15.4400,24.4400,25.7200,23.9200,12.6400,10.8000,11.0800,14.6000,19.9200,23.4400,17.4400,8.2800,10.6000,17.6800,13.7600,18.0000,14.4800,11.0800,20.6500,20.8400,19.2400,16.8000,20.3600,23.5200,27.5200,23.4800,23.8000,25.2800,20.5600,23.6000,26.7600,29.6400,31.2800,37.1600,32.0800,29.8000,27.6800,28.4400,30.0800,51.3200
184.8500,173.4800,163.8000,164.4000,176.2400,182.7600,175.2400,166.4000,165.1200,159.6000,153.1200,163.0400,161.6800,169.4400,170.0000,166.4800,177.9200,172.8000,163.8800,160.1200,151.8400,129.8500,100.0000,106.5600,131.9200,152.1600,163.3600,173.2400,177.7600,182.2000,183.9600,166.3200,164.7200,174.8400,172.0000,166.7600,155.7200,155.8800,156.7200,151.1200,142.0800,105.3200,139.1500,156.6800,132.4400,96.2800,79.5200,52.6400,44.8400,41.8400,47.9200,39.0800,31.6000,29.0000,19.0400,9.7600,4.8000,8.2800,10.4000,15.3200,14.8800,17.1600,22.0400,19.6000,21.9000,25.1200,33.2000,29.8800,33.6800,30.1200,32.9200,34.4400,25.5600,26.6800,27.4000,29.9600,30.5200,28.7600,30.6800,29.2000,19.8400,26.2000,26.9200,31.8000,24.0400,16.4500,16.2800,22.7600,19.6400,26.4400,26.7200,24.8000,14.2400,11.7200,13.0400,15.9600,22.0400,26.9200,21.9200,12.7600,12.3200,17.9600,12.5600,16.4000,14.1200,12.4400,22.1000,21.2800,20.1200,20.0400,25.9600,30.3600,34.8000,28.1200,27.6400,27.8000,20.0400,23.3200,26.6000,28.6800,31.0400,37.8000,32.4800,30.7200,29.8000,32.6800,37.8400,60.0400
192.9000,179.9200,169.1600,167.6800,177.4400,182.7600,176.6000,166.0400,158.6000,154.6000,152.3200,165.5200,164.1600,170.6000,169.2000,166.6000,177.1200,172.8400,160.5200,154.3200,148.7600,128.0500,99.8400,104.9600,132.2000,152.4000,164.0800,168.1200,177.5200,182.2800,184.0000,169.7600,167.5200,174.6400,173.0800,168.6400,160.3600,157.0400,151.6400,146.1200,138.3200,106.8800,131.6000,151.0800,134.5200,100.7200,83.6400,59.3600,51.3600,47.0000,50.4400,36.8800,27.9200,24.5200,18.2400,12.9200,8.8800,4.4800,7.6000,13.3600,17.6000,24.0400,27.4800,23.9200,25.5000,30.8400,40.4800,34.7200,36.8000,30.8800,30.6400,29.8400,23.8800,26.0000,28.8800,30.8800,29.2400,26.8000,27.2400,25.8800,16.6400,21.8400,22.6800,26.4400,22.0800,16.2500,17.3200,21.6000,17.2400,22.5600,23.4400,23.3600,14.4800,10.2000,10.4400,12.3600,17.4800,21.4400,19.0800,16.2800,17.5600,21.4000,18.4000,22.6400,21.4400,15.0800,18.0500,19.1600,22.6400,24.5200,26.2800,27.6000,34.0400,31.4400,27.4800,30.4000,28.3200,30.1600,31.8800,35.3200,35.3600,42.8800,38.8000,37.7200,36.6800,39.7200,42.6800,61.6000
189.1500,176.0000,165.8000,166.2400,177.7600,184.7200,176.9200,167.4400,153.8400,149.9200,146.8000,164.4000,163.0400,171.2400,171.0800,167.4800,179.2400,174.8000,161.5600,154.5200,146.2000,124.4000,95.6800,99.8400,129.0000,148.1600,156.1600,166.7200,177.6000,182.6000,185.6000,167.9200,166.8800,176.9600,173.4800,166.8000,156.1200,149.0000,145.4000,141.1600,130.9600,102.8400,127.6000,148.5600,130.7200,95.3600,76.2800,44.7600,33.8000,29.7600,35.3200,22.9200,14.9600,13.0400,10.0800,9.2800,7.8400,6.0400,2.8000,5.3600,9.5600,15.5600,20.1600,15.0400,14.7000,19.4400,30.7200,23.8000,23.0800,18.0000,17.9200,18.8800,14.8800,18.8800,19.6800,19.8400,17.7600,18.6400,20.5600,21.2800,11.3200,15.4800,15.2000,17.5200,12.7600,10.8000,13.8000,17.4400,13.9200,18.6800,20.4800,20.8400,12.4800,8.7600,6.7600,6.7200,10.4800,12.6000,9.6400,9.8800,13.5200,18.2000,15.1200,17.2000,14.8400,8.0400,10.0500,10.2000,12.4400,13.6000,13.6400,14.2000,19.8400,17.8000,15.0800,18.3200,18.7600,19.6400,21.3600,25.3600,26.4800,29.1200,25.4800,24.3600,23.2000,25.1200,26.5200,49.2800
197.2500,186.1200,177.4800,177.3600,184.4000,190.3600,184.7600,176.7600,161.2400,155.6400,155.6400,173.6400,172.1600,177.6000,177.1600,173.2800,184.5200,181.4000,170.2000,162.0800,145.2800,128.3500,102.0400,104.8400,129.3600,149.0800,158.3600,175.2400,184.6800,189.8400,190.4800,178.2800,175.5200,182.8400,180.6400,175.3600,165.4400,151.3200,147.9600,145.6800,135.8000,107.1600,133.2500,156.0400,140.4400,104.8000,85.8000,52.9600,40.6400,35.2400,39.0400,25.3600,16.5600,16.4000,15.5600,16.7200,14.2800,13.0000,7.9200,5.0000,10.8400,21.2400,27.9600,22.5200,20.1500,25.8400,39.3200,32.4000,31.0400,24.0000,23.5200,24.3600,22.7200,29.1600,29.5200,28.3200,25.7600,28.4400,30.9600,32.6400,20.5600,23.9600,23.0800,23.4400,19.3600,19.6000,23.1600,29.4800,24.4400,31.3600,32.4800,31.8400,22.6000,18.5600,16.1600,13.6000,16.8000,17.5200,12.5200,15.2000,21.6000,27.1200,22.9600,23.8800,20.6800,10.3600,10.9000,9.8000,14.6800,17.4400,16.9200,17.5200,23.2800,21.4800,16.6000,20.7200,24.6800,25.1600,26.0000,32.4000,31.6000,34.2000,30.5200,29.1600,28.5200,32.0400,33.6800,53.3200
187.9500,176.1200,166.4400,167.1200,178.6000,185.8400,176.3600,167.6400,158.1200,159.8400,151.2400,163.8400,161.8800,170.8800,170.9200,166.9600,179.4400,173.2000,161.7600,157.1600,148.6000,127.5000,99.0800,102.9600,129.7600,149.7600,160.1600,171.6800,178.4000,184.5600,186.3600,170.4000,168.6400,176.8000,173.7600,168.6000,155.7200,149.4400,150.5600,151.2000,139.6400,106.5600,135.8500,155.0400,131.6000,95.6400,77.0400,42.8800,29.6400,26.8400,33.9200,22.7200,14.9600,15.4800,13.4800,12.9600,12.5200,15.4000,12.2400,9.0400,4.1200,11.6000,20.2400,15.1600,13.7500,17.4000,29.6800,23.9600,23.2800,18.2400,19.0000,21.2000,19.3600,24.7600,23.2400,22.3200,21.2400,25.1200,29.2000,31.2400,20.5200,24.7200,22.4800,22.4400,16.8000,17.1500,19.6000,26.9200,23.5600,32.0800,32.0800,29.2000,19.6400,18.2800,17.3600,16.8000,19.3200,19.3200,12.8800,10.2800,15.4800,20.0800,14.9200,14.0800,10.1200,6.8400,13.8000,10.3600,6.0800,9.4000,11.7200,13.8800,18.1200,14.2400,11.7200,13.8400,13.3200,13.6400,15.5200,19.4000,21.2400,22.9200,19.6000,19.0000,18.4400,21.9600,25.1200,47.6000
182.6500,173.2000,163.6000,162.5200,171.9200,177.4400,173.2000,169.9600,161.8000,151.5600,158.0800,170.8800,167.3600,165.4000,161.1600,160.9200,170.6800,168.2800,164.7600,165.2000,148.3600,126.5000,100.2000,108.9200,133.4000,152.7600,161.7200,171.2800,176.9600,179.4400,178.6400,163.8000,162.1600,168.4400,165.7600,168.8000,163.2400,152.1600,145.9200,143.9600,138.7600,104.7200,132.3000,158.0000,137.7600,95.1600,76.6400,44.8400,33.7600,33.4400,43.2800,36.8800,32.8400,33.9600,24.2800,18.2000,20.6000,28.0400,25.8800,24.4800,15.5600,5.7600,14.0000,13.4000,16.3000,16.1600,24.8000,23.0000,28.8800,28.6000,32.3600,37.0800,29.6400,29.7200,26.4000,28.2800,30.8400,32.6800,37.4000,37.4800,31.2000,37.8400,35.8000,39.0000,29.3600,23.7500,24.6800,32.9600,31.2800,41.9600,41.6800,37.8800,27.5200,26.8800,28.0400,30.5600,36.4000,38.4400,29.4400,14.2800,17.8800,26.8800,21.4400,19.9600,12.3600,16.8000,31.6500,27.5200,17.4000,12.9200,23.6800,30.2400,31.4800,21.9200,25.0400,23.2400,11.6400,17.3200,22.3200,25.4000,28.8400,32.5200,25.9600,22.8400,19.6000,22.8800,30.5200,54.4400
202.3500,194.8800,188.2400,182.2400,181.8800,184.8800,184.7600,181.3600,161.6800,157.6000,166.4000,175.4800,175.4000,177.1200,172.4800,172.1600,177.1200,175.8800,172.0400,160.9200,140.6000,126.0500,103.3200,113.7600,132.0000,154.6400,168.4000,182.2000,184.9200,187.8800,184.2400,181.8400,177.0400,178.8000,179.2800,180.2000,169.1600,162.6800,160.9600,153.4800,143.2800,110.6000,131.2500,156.7600,141.3200,104.1200,94.6000,80.6400,77.9200,77.7200,87.6800,86.1600,82.2800,78.1200,50.0800,41.3200,59.4400,72.0000,67.5600,70.1200,55.2800,28.6400,13.3600,22.8000,37.7000,36.3600,32.1200,37.0800,59.7200,63.2800,70.0400,78.6800,55.1200,48.8800,41.2000,54.4000,62.8000,57.4400,66.1600,63.7200,60.7200,73.5600,70.5200,80.8000,59.0000,44.2000,46.2800,64.4800,63.8000,83.9200,83.2000,79.7200,64.2000,62.5600,60.2400,68.0400,80.0800,84.9200,67.5600,35.0000,43.1600,65.4000,63.8800,62.7600,47.3600,51.0000,77.3000,76.9200,61.0000,42.0400,59.2000,73.2000,75.7200,58.4000,70.2800,66.2800,41.0800,53.6800,67.5200,69.2800,77.2400,84.4800,69.5600,59.2000,50.4400,54.0400,69.8000,92.1200
182.3500,174.9600,167.3200,167.6800,176.4800,177.8000,174.7200,172.3200,164.3200,154.0800,153.6800,167.4400,166.6000,167.5200,163.0400,162.6000,171.0000,170.2000,168.3600,162.9600,147.2400,128.4000,96.7600,104.2000,128.2400,153.7600,161.8400,171.8400,175.5600,178.2400,180.4400,170.4800,168.6800,170.7600,167.4400,166.4400,158.2000,149.0800,145.7600,143.8400,138.8400,104.2000,130.6000,158.0400,135.6400,93.0800,73.1200,33.6000,20.5600,18.9600,30.0400,23.9600,19.5200,17.6000,10.4800,10.9200,16.7200,20.1200,17.6000,18.1600,14.5600,10.9200,11.8000,3.1600,5.0000,9.5600,21.7200,13.1200,12.9200,10.5600,12.8000,17.6800,11.8400,14.1600,10.9600,11.0400,12.1200,15.0800,20.0000,21.4800,16.1600,21.4000,18.8000,21.0000,12.3200,10.5000,13.5600,18.3200,17.2800,25.8000,27.2000,25.9200,17.0800,16.2800,15.6400,17.9200,21.9200,23.4800,15.7200,8.4000,13.1600,19.9200,18.4400,19.2000,14.4400,12.4400,20.8000,21.1600,15.8000,8.7200,10.5600,14.1600,14.5200,11.4000,16.0800,18.0800,14.3600,17.0000,21.6400,24.1600,28.2800,27.6400,21.9200,17.4400,13.0800,12.8400,14.6800,41.5600
182.8750,173.9500,166.2000,168.6000,179.7500,184.5000,173.6000,167.7000,165.6000,161.1500,153.4500,163.9500,161.0000,166.3500,165.4000,166.2000,174.9500,170.0500,166.9000,165.6000,156.3500,129.5625,98.1500,104.3000,132.2500,161.0500,163.8500,171.5000,176.3000,183.7500,186.2500,172.3000,171.3500,176.2500,168.9500,164.6500,153.7000,149.5500,146.1000,147.1000,139.4000,103.3500,137.5000,158.5500,134.8500,95.6000,73.6000,31.2500,17.2500,15.7500,28.6500,22.0000,15.9500,13.3000,7.7500,10.8000,15.5000,18.2000,15.1500,15.1500,12.7000,10.5500,13.8000,5.4000,2.8750,8.0500,22.5500,13.5000,10.7500,7.2500,8.9500,13.5500,9.4000,14.3500,11.7500,9.8500,9.3500,13.9000,18.9000,21.4500,14.7000,18.6500,15.3000,16.5000,9.1000,10.3750,15.1000,20.3000,18.1500,27.2500,28.6000,27.6000,18.0000,15.9500,14.1500,14.8000,17.2500,18.5000,11.5000,8.0500,14.1500,20.8000,18.3500,18.1000,13.5500,10.5500,16.6875,17.8500,13.5500,7.0000,7.4500,10.7000,11.0000,8.7500,13.6000,16.3000,12.8000,15.0500,19.4500,22.0500,26.2500,24.7500,19.1500,14.9000,10.6000,10.4500,11.7000,38.0500
188.2000,181.4400,173.6800,173.8000,178.1200,177.5600,173.2400,169.0400,162.1600,153.9200,155.4000,165.0000,164.8800,166.5600,161.1600,163.3600,169.4400,168.5200,164.5600,162.4800,149.4800,124.1000,97.6400,105.1200,134.3200,158.9200,163.0400,170.5200,174.6800,179.9200,180.9600,173.2000,167.9600,169.8000,166.5200,166.9600,156.6800,145.7200,138.1200,138.7600,131.4800,100.8000,132.7500,153.9200,134.4800,94.8800,76.6400,41.2400,28.3600,25.3600,38.2000,36.5600,33.2400,30.4800,23.6000,27.4800,37.0000,44.2400,38.4400,36.7600,29.4800,17.4000,18.7600,12.8000,10.9500,7.0000,21.1200,17.2400,18.6400,16.9200,20.8400,28.9600,24.5600,29.7200,23.4000,20.2800,22.0400,31.1200,39.2400,43.2000,36.8800,41.8800,35.8400,35.2800,24.8400,27.8000,31.6400,42.2400,41.0800,55.0400,54.8800,51.1200,39.6800,39.2800,37.1600,38.4400,42.1200,41.4000,30.5200,21.7200,28.5600,38.4000,36.7200,34.2400,26.3600,27.1600,37.9500,39.2000,29.2800,15.2400,18.1200,24.1200,21.6400,15.4800,27.8800,29.2000,19.4400,25.3600,34.5600,34.6400,42.7600,41.1600,30.3200,22.0800,13.8800,14.4000,20.6800,48.2000
212.7000,207.5600,202.3600,194.9600,194.0400,196.8400,195.6000,188.7200,171.2400,168.0400,175.9600,179.9200,181.0400,188.8800,186.7200,187.5600,192.1200,191.2400,181.4400,168.9200,155.3200,135.0000,108.7600,121.9200,146.3600,174.8400,187.9200,196.4000,197.3600,200.3600,197.3600,194.4400,189.4400,191.0000,190.9600,187.0400,170.8800,162.4800,158.5200,148.4000,137.2800,108.6000,133.9000,157.8400,146.7200,110.6000,105.3200,107.2000,111.2800,109.1600,119.2000,129.1600,130.8000,127.2800,102.4000,103.8800,127.6400,141.0800,133.3600,132.2800,114.0400,66.7200,48.2400,55.6000,69.7500,49.7600,19.4400,44.2000,75.7600,92.3600,102.5600,120.2000,96.1200,86.6400,66.8000,76.0800,94.1600,96.8000,115.4400,120.6000,124.5200,132.4400,122.8000,129.3200,106.0800,102.7000,107.2800,128.4400,129.8000,148.3600,147.9600,143.9200,130.4400,131.3200,129.9600,134.6000,142.2000,142.0400,122.6400,91.5600,102.4800,123.6800,124.4800,115.4000,98.1200,109.5600,137.5500,137.2400,111.5200,80.4800,97.1600,116.6400,110.5600,88.2400,114.6800,107.4400,67.6800,86.2800,112.1600,104.6800,125.4800,122.6000,99.5200,79.8000,64.6800,70.2800,94.3200,120.2000
194.3500,186.7600,178.0000,171.7600,173.6400,179.1200,182.4000,178.0000,162.3600,158.3200,163.7200,173.6000,172.6000,175.1200,168.6400,163.4000,174.1600,179.5600,167.4000,158.2800,145.1200,127.5500,99.0800,105.1600,130.1200,158.6400,171.7200,182.2400,183.7200,182.7600,177.1200,169.2400,166.8000,173.5200,177.5200,178.7200,167.5200,156.0400,150.2000,146.7200,139.8000,112.0400,131.4000,154.4400,135.8400,97.6800,78.8800,47.2800,39.6800,41.9600,57.2000,63.2400,62.4400,58.1600,43.3600,42.0000,54.9600,62.7600,58.7200,60.4400,53.0000,33.4000,25.6800,21.5600,26.3500,23.5200,24.8000,7.5600,18.7200,35.5600,41.2400,50.2400,35.2000,30.6400,18.8400,19.4800,32.1600,33.8000,42.2800,46.6400,47.8800,53.3600,49.2800,55.4800,42.9200,37.7500,41.6000,49.7600,50.2800,66.3600,67.0400,64.6400,52.6000,52.8000,52.2800,57.4400,63.6800,66.5200,56.1200,39.1200,42.5200,52.6400,53.4800,52.8800,44.4400,49.5200,64.8000,66.3200,54.6000,38.3600,45.3200,52.3200,46.3200,39.9600,55.4800,54.3600,38.0800,45.8800,57.2400,55.3600,64.4800,64.9600,52.2800,42.0400,32.6800,25.3200,28.6000,55.8800
193.6000,184.5600,176.6000,174.4800,178.6800,180.1600,175.5600,172.7200,166.2000,163.4000,159.1600,171.0400,168.2800,169.0000,165.5200,164.4400,172.6800,173.4400,167.4400,163.6000,151.9600,130.4500,103.2000,106.4400,132.5600,160.5200,168.6000,176.5600,180.1200,182.9600,180.0400,173.9200,170.4000,174.6400,174.4800,173.4800,163.6400,153.6400,147.4400,147.6400,140.2800,104.8000,138.4500,160.3200,137.8400,99.3600,77.5200,36.0400,23.4000,23.1200,37.5200,36.5200,33.4800,30.7200,27.6400,32.8800,41.8400,47.8800,41.4000,39.3600,36.1200,28.0400,25.5600,19.4800,17.0000,16.9200,27.3200,13.0800,6.2800,14.9600,17.9600,24.8400,23.6400,27.1200,18.8800,13.2400,18.4800,27.4000,34.8000,40.6800,37.2800,39.8000,34.2000,32.8400,26.0800,30.6500,35.5200,43.2400,42.6000,57.2800,58.4000,56.4800,43.1200,41.8400,39.4800,40.4400,42.6400,40.6800,32.7200,28.8800,35.6800,44.4400,43.8800,42.4000,35.4000,33.3200,39.6000,40.8000,35.8400,24.6000,23.0800,26.0400,21.7600,21.6800,31.8400,34.9200,29.8800,34.2800,41.7200,43.5200,49.1200,45.7200,37.8000,29.0000,20.8400,14.1200,11.5200,38.7200
187.7500,178.6400,171.2800,170.6800,178.1200,182.6800,174.6000,165.7600,158.0800,158.5200,150.6400,165.4800,161.8400,166.7600,167.8000,167.0000,175.5600,169.5200,162.7200,161.6400,153.7200,132.2000,99.3200,105.3200,134.0800,158.7600,161.2800,170.1200,177.3600,181.6800,183.7600,172.6800,171.4800,176.3600,171.0000,167.6400,155.1600,150.3600,148.6400,148.2400,139.6400,105.0800,137.1500,155.5200,134.4400,98.4800,76.2400,37.0000,23.8000,21.8400,33.7200,27.0800,19.6400,16.4800,13.5600,20.5600,25.5600,28.4800,23.7600,22.2400,20.3200,19.8800,21.9600,13.6400,8.7000,14.2000,29.0800,18.4800,11.7200,5.6000,7.6000,15.2800,15.1600,23.9600,19.0800,13.5200,12.2800,22.8000,29.9200,34.9200,25.8400,29.2400,23.6800,21.5600,14.1200,20.4500,26.7600,35.7600,32.1600,44.8000,45.2400,43.0400,30.8400,27.7200,25.1200,24.0800,26.0800,24.9600,16.9200,16.3600,25.6400,34.1200,30.1200,30.1200,24.2400,17.5600,22.6000,23.9600,21.1200,13.4400,10.1200,12.3600,13.3600,13.6800,19.2000,24.2000,23.6000,26.0000,31.2800,36.1600,38.6400,39.5200,32.2800,25.4000,18.8000,15.9600,14.1200,38.3600
186.1500,175.7600,168.3200,169.2400,177.4800,181.2000,172.2800,164.6800,151.5200,150.6400,148.2800,164.6800,160.0400,167.3200,168.8400,167.6800,175.2000,167.2400,156.7200,152.6400,147.6000,130.2500,100.3200,104.6400,131.9200,151.0800,154.5200,168.3200,173.5200,179.2400,182.2800,173.2400,172.1600,177.0000,172.3600,167.2400,155.6000,146.9600,145.8000,143.2000,134.2400,107.5200,134.0500,148.5200,128.6800,95.7200,74.9200,36.0000,22.8000,20.1600,30.8000,21.8800,14.4400,10.6800,9.4000,16.2000,20.8000,22.4400,18.1600,17.4400,17.0000,17.2400,18.9600,12.3600,9.6000,14.3200,26.8000,17.1200,12.7200,7.0400,3.2400,7.9600,9.2400,17.0400,14.3600,11.0800,8.5200,15.1600,20.8000,25.6000,17.3600,19.1600,14.9200,13.3200,8.6000,14.4500,20.3600,26.2000,23.2400,33.5200,35.5600,34.4400,23.9600,20.8800,17.7600,16.7600,17.0800,16.0400,11.3600,13.3600,20.6800,28.1600,25.0800,25.1600,20.1600,14.3200,16.3000,19.0800,17.6800,12.6000,9.0400,9.0800,12.2000,13.2400,15.4400,19.6400,20.0000,21.6400,25.2000,29.4400,32.4400,31.0000,25.7200,21.6800,17.4800,16.6000,15.3200,39.8000
204.3000,195.5200,188.0000,187.2000,189.8400,192.4800,186.6000,180.5600,168.6400,164.4800,168.1600,179.7600,175.1600,181.1200,181.8800,179.3200,186.9600,181.8400,170.6000,166.8000,153.1600,134.3500,108.5600,114.3200,138.5600,160.8400,169.8000,183.4000,188.6400,191.8800,192.2800,187.4000,184.1600,187.8400,185.9200,181.8400,173.1200,160.4000,151.4400,151.4400,143.5200,114.8000,140.5000,161.8000,145.4000,110.1600,91.1200,59.0400,49.8800,44.0000,49.3600,38.1600,27.8400,18.7600,22.8000,38.6800,46.4400,46.9200,39.2800,37.0400,39.2000,42.2800,42.8800,33.6400,27.7500,37.7600,53.5600,39.6000,32.8000,21.0400,13.8800,8.0000,17.9600,35.2400,32.8000,27.1200,17.7600,28.1600,35.5200,46.2800,35.6800,31.7200,23.6400,17.3600,16.4800,33.9000,45.9200,55.1200,48.0800,63.4000,67.8800,68.2400,53.0800,45.7200,39.4000,34.8000,31.3600,28.6400,23.8400,34.8400,49.3200,62.6000,57.6800,58.9200,49.4400,36.0000,32.1000,37.7600,40.5600,33.7200,24.4000,20.2000,27.8800,33.8400,33.4000,41.8400,49.4800,51.7200,55.4000,65.6400,63.4800,65.8000,58.7200,48.6000,43.9600,43.4000,38.8800,54.1600
191.5500,181.4800,171.7600,170.4000,178.6400,181.0400,174.2400,167.9600,157.4400,157.6000,152.9200,166.3200,160.5200,164.7600,165.6800,167.8000,173.3200,169.8000,166.2400,162.0800,152.6800,133.0500,99.4000,104.7600,130.5600,157.1600,166.3200,173.0000,178.3600,181.8400,183.1600,175.6000,174.1600,175.4800,172.5200,168.4400,157.4400,153.4400,152.6000,151.4800,140.7600,109.3600,138.1500,154.0000,134.0000,98.5600,75.9200,39.5600,29.1200,26.7600,36.4800,27.9600,19.9200,13.2800,7.9600,12.5200,18.1200,18.8400,16.2400,18.0800,19.2400,18.2800,17.9200,12.0800,11.5000,17.9600,27.6400,18.3600,16.2800,11.4800,9.8400,10.6800,4.1600,11.8000,11.4400,10.1600,6.8800,9.2000,14.6400,18.2400,11.3200,14.2800,10.4000,12.2800,6.0800,8.5000,14.5600,18.3200,15.7600,23.5600,26.1200,26.5600,17.8800,15.0400,12.8400,13.3200,14.5600,15.5600,11.8400,12.4000,17.0800,23.1200,22.1200,24.6000,20.7200,15.0800,17.3000,21.2800,21.8000,16.1200,14.7200,14.7200,18.3600,18.8800,21.3600,25.4000,22.9600,25.9200,29.6400,33.4400,35.8000,39.7200,32.1600,27.3600,23.4000,21.6800,20.4000,42.4800
195.7500,187.6400,179.5600,174.3200,176.9200,181.9600,179.0800,172.5200,164.6000,162.2800,165.2400,170.9600,168.6000,171.9600,169.2000,168.0400,176.9200,179.7200,171.2000,160.6000,144.7600,139.6000,104.5600,105.3200,128.2000,149.4000,163.8000,179.0800,186.6800,185.7200,180.6400,173.4000,171.2400,174.8400,176.0800,175.2000,164.3600,163.5600,160.6800,156.0800,148.8800,117.8800,142.6000,162.3200,144.5600,106.3600,83.0800,56.1200,54.1200,54.2000,64.9600,63.4400,54.8400,44.0800,27.8800,28.4800,42.6400,42.6800,39.5200,46.2800,48.4400,40.2000,29.8800,25.7200,31.2500,37.4000,39.3200,27.4000,31.4400,35.7200,37.1600,38.4400,19.0400,7.6400,13.0800,20.2000,25.0400,13.4800,19.1200,22.8400,21.1600,27.5200,25.7200,37.3600,26.4000,17.4500,27.2000,31.2000,27.6400,40.1600,44.5200,48.1200,37.5600,32.4400,27.4800,32.1600,37.5600,43.8000,38.2800,31.3200,36.5200,48.7600,51.4400,56.8000,49.0000,40.4000,45.5500,53.5200,54.8000,41.4000,42.9200,47.0800,49.1200,46.5200,54.6800,59.6800,50.2000,58.1600,66.1600,68.2000,72.4400,78.4000,67.3600,57.0000,49.1200,43.1600,42.0000,60.2800
192.3000,183.2000,173.7200,169.7200,171.3600,176.3600,172.7600,168.5200,159.3200,159.6400,158.8800,166.9600,164.6800,166.7200,163.9200,161.8400,171.2800,175.1200,165.2000,156.0800,141.8400,132.9500,102.7600,105.8800,128.8400,148.6000,162.4400,175.6400,180.6000,178.8000,174.5600,167.7600,164.6400,169.0800,170.0000,168.5200,161.1200,158.1200,154.3600,154.0800,143.2400,114.7200,134.5500,157.0800,137.0000,99.2000,76.9200,41.4800,32.7600,32.6000,44.4000,42.1600,37.1200,32.1200,21.0400,20.4800,30.4400,34.4000,32.2000,34.4400,31.4000,22.1600,17.5600,12.5600,16.6000,19.4000,25.2800,14.3200,16.2800,19.7200,22.3200,26.4000,14.6400,11.1600,4.9200,8.4400,14.2000,13.6800,19.9600,24.1600,23.2800,26.9600,24.0800,29.7600,20.2400,16.5500,20.6800,25.3200,25.3600,36.1600,37.8400,37.0800,27.6400,26.9600,26.4400,29.7600,33.8000,36.6400,30.0000,20.2000,22.8400,30.4800,31.3600,32.9200,27.7600,27.6800,36.4500,38.6800,33.2000,23.6800,26.4000,30.4400,29.4400,26.8000,33.9600,35.6800,26.5200,31.8800,38.8400,39.5200,45.1200,47.6800,38.2800,32.1600,26.6400,23.2000,23.4400,46.8000
188.7000,178.2800,168.6000,166.4000,172.2000,175.0800,172.3200,169.3600,162.7600,164.0000,154.9600,166.6800,164.0000,163.4000,159.4000,158.8800,166.8400,169.1200,165.9600,161.8800,148.7200,131.2000,100.0000,106.9200,131.0800,155.1600,166.5600,175.4000,177.5200,178.0400,174.0000,167.7600,163.8800,168.0400,168.8800,168.1200,159.0400,155.0800,151.6000,152.6000,142.7600,109.0400,137.7000,157.3600,135.4000,97.0800,76.6800,34.8400,22.0000,20.4800,32.3200,27.3600,22.8000,18.6400,13.9200,18.6800,25.8800,28.2400,24.6400,24.6400,23.7200,19.4800,18.4800,11.3200,10.2000,14.0800,24.2400,12.1200,9.6000,9.3600,10.2400,15.1200,9.4800,12.9200,7.4800,3.1200,6.3200,11.7600,17.4800,22.7200,18.5600,20.5600,16.9200,18.8800,12.4400,14.5500,20.3600,24.6000,22.8800,32.4400,35.0000,35.2000,25.7200,23.7200,21.2400,21.6400,23.1200,24.0000,18.9200,16.4400,22.4800,29.6400,28.7200,29.5200,24.4800,20.6000,24.3500,27.0000,24.2400,16.5600,14.9600,16.7200,16.0800,16.1200,21.8800,24.7200,22.0800,25.3600,30.1200,33.2400,37.2800,35.8800,28.8800,23.4400,17.9600,15.0000,13.6000,40.6800
190.4000,181.4000,173.0000,172.0400,179.5600,182.0800,176.0400,167.6400,158.7200,162.1200,155.5200,165.8400,162.2400,166.2000,166.4000,167.2000,174.5200,172.6800,167.0000,162.2800,150.8800,133.3500,101.7600,106.2400,130.2800,157.4000,167.2000,174.4000,180.8800,185.4400,183.5200,175.8800,172.3200,175.7200,173.3600,169.9200,157.6000,152.5600,150.8400,151.5600,142.8400,109.1200,140.8500,156.5200,137.2000,98.0800,76.0000,37.6000,25.6000,24.0400,34.6800,28.6000,22.1200,16.9200,12.0800,18.4000,25.2400,27.3600,23.0800,23.3200,22.6400,19.6000,19.4800,12.9200,10.3500,15.7200,26.4400,15.9600,13.3200,10.0800,9.5600,12.1200,7.8000,16.0000,12.6400,7.7600,4.3200,12.8400,18.9200,24.9200,18.5200,19.4800,14.8000,15.4400,9.6800,15.4000,22.2000,27.4800,24.6800,35.0400,37.5600,37.3600,27.0800,24.0000,20.4800,20.2400,20.5600,20.6800,16.1600,16.0000,23.4000,30.8000,28.9200,29.1200,23.7600,19.0800,21.9500,25.1600,23.6000,16.3200,14.6800,16.2800,17.8400,17.4400,22.0800,25.4800,22.6000,25.6000,30.3200,34.2400,37.6000,37.0400,30.4800,24.7200,19.8400,17.8000,16.9600,42.0000
192.3000,182.4000,172.9200,170.4800,174.5600,179.4400,174.3600,166.1600,162.0400,162.2400,158.3600,167.0400,163.0400,166.2400,165.2000,165.0400,171.2400,174.0800,170.7600,162.1600,146.7200,135.0000,102.3200,108.0800,132.8800,152.6800,162.4000,174.1600,180.3200,182.1600,177.2400,172.3600,170.0000,171.4400,173.6400,172.0800,161.7200,160.0000,159.0800,156.2400,146.7600,113.8800,141.2000,157.9200,141.1200,103.6800,79.9200,50.4400,44.0400,41.6800,50.1200,45.8400,38.6800,30.0800,19.2800,21.9600,32.0800,34.2400,31.1200,34.6400,34.0400,28.2000,24.4400,19.8800,21.9500,27.8800,34.1200,25.3600,26.0000,23.9200,24.0400,24.2800,11.0800,12.2800,15.1200,16.9600,14.5600,5.8800,9.6400,19.4800,17.0000,19.0800,15.9200,24.2000,16.2000,14.7000,22.0000,25.9200,23.4800,33.8400,37.8400,39.0400,29.2800,26.5200,22.7600,24.8000,27.9600,31.4000,26.7600,22.5600,27.0800,35.3600,35.8800,38.6800,32.9600,28.7200,34.1000,39.6000,37.6400,28.6400,29.1200,31.8000,34.0800,32.5600,38.1200,41.2000,34.2400,39.0400,45.4800,47.8400,52.1600,56.3600,47.8000,40.9200,36.0800,34.1600,33.3600,52.5600
196.8500,188.9600,181.4800,180.2000,185.9200,192.0400,187.2800,181.8800,171.5200,168.2800,173.2800,183.1200,177.0000,179.6000,177.1200,173.7600,181.9600,183.6800,178.2000,170.8800,155.0800,144.4000,112.7200,112.6000,134.7200,158.4400,170.3600,184.6800,192.2000,193.7200,188.2400,181.6000,179.3200,183.8400,187.3200,185.2000,175.8000,169.4400,164.7600,166.3600,158.3600,125.6000,152.9500,167.5600,151.7200,115.0800,95.0400,75.4000,76.0000,73.6800,80.4800,75.9200,66.5200,53.4400,39.3200,39.3200,51.9600,52.0800,49.8400,56.6800,59.4800,53.9600,44.4400,41.9600,46.6000,54.9600,58.1200,46.2400,48.9600,49.0000,48.5200,45.5600,25.8800,21.4000,30.2400,35.0800,33.3600,14.4800,7.2400,19.2000,23.5600,23.8000,23.6400,40.6000,33.9600,25.4000,33.6000,34.4400,31.5600,45.0800,50.4000,53.6000,43.7600,40.7600,35.4800,39.7200,42.8800,49.4400,47.9600,43.7200,45.0400,54.4000,57.8400,64.2000,58.8400,52.1600,56.0500,64.0800,66.7600,56.4800,56.1200,58.6800,63.1200,62.0000,67.4800,72.7200,62.3600,70.4400,77.9200,80.9600,83.4400,91.4400,82.9600,74.3200,65.9600,62.7600,60.2400,73.1600
201.3500,194.0800,187.8000,186.2800,188.9200,194.2400,191.9200,187.3200,180.4800,177.4400,182.2800,189.0800,183.9600,186.2800,181.8000,178.8400,185.0000,189.5600,184.9200,177.9600,161.0400,148.3000,121.4800,121.9600,138.6400,160.3200,176.0000,192.0800,198.6400,196.1200,190.4000,185.4400,184.0000,188.8000,193.0800,192.4400,183.7200,181.9600,175.5200,175.2800,166.0800,134.3600,160.3500,175.4000,159.8400,126.7200,111.2400,98.6400,101.2400,98.3200,101.4800,94.2800,84.2000,74.0000,54.2400,45.1200,57.0400,53.5200,52.7600,64.1200,69.3200,69.6000,62.1200,61.6000,66.8000,75.1600,77.9600,68.0400,74.2400,73.8400,74.0800,72.6400,50.1600,35.8000,50.6000,62.4000,62.6800,38.2400,27.9200,10.4000,27.0000,41.8400,47.6000,68.3600,55.9200,30.2000,39.4000,37.8800,27.0000,44.3600,53.4400,61.1600,49.5600,38.8800,35.0000,46.9200,59.1200,69.8400,63.0800,54.9200,57.0800,68.0000,68.9600,78.3600,72.8000,60.8000,66.8000,74.5600,79.3200,72.1600,73.4800,77.6000,86.7200,81.7600,83.0000,88.4000,78.9200,87.0400,93.5200,97.6000,98.3600,109.2800,101.2800,94.5200,88.2800,86.6800,87.9200,96.5200
188.6000,178.7600,169.7600,169.5200,178.1600,183.0000,176.6000,169.8000,163.4800,162.2000,159.8400,168.2800,164.9600,170.0800,172.0400,169.7600,177.9600,173.9200,167.2400,171.0400,161.2800,137.6500,103.8000,112.5200,138.8800,165.5200,172.7200,178.0000,181.9600,183.2400,183.2800,173.3200,171.2400,177.6000,176.1600,172.0000,162.5200,160.2400,156.1200,158.8000,145.0800,112.6800,144.8500,158.2400,136.3600,100.7200,84.2000,58.8800,54.2400,50.2400,54.8000,44.5200,34.6000,25.5200,16.4400,16.0400,22.8400,21.4000,18.6000,25.1200,29.5600,29.6400,28.3600,24.7600,26.4500,34.6000,41.2800,34.2400,36.6800,30.7600,29.7600,26.8400,17.6400,20.7200,25.8000,28.1200,24.8400,19.8000,19.3200,17.8800,4.6000,11.0400,12.2000,20.3600,15.9600,10.0500,17.3600,18.8000,13.6800,22.6000,26.1600,28.3600,19.6000,14.7200,9.2800,11.0800,14.8400,20.0000,19.6000,19.8400,22.4800,28.6400,28.4000,33.8000,30.9200,23.4400,23.8000,30.7200,35.0000,30.2000,30.6000,30.8000,37.2800,36.2400,36.4400,40.7200,36.2000,39.5200,43.5600,47.3200,49.1600,57.6800,50.5600,45.3200,41.5600,41.6000,42.4400,60.2000
197.5000,185.5600,174.8800,171.7600,177.9200,181.6400,176.2400,170.8400,164.6400,161.5600,159.8800,170.0800,167.6000,170.8400,171.1600,169.1200,177.6000,176.2400,167.7600,164.8800,159.3200,139.3000,106.3200,113.3600,140.3600,164.2800,170.8800,177.4800,184.0000,183.2800,182.2800,175.3600,171.7600,176.7200,176.4400,172.8000,166.0000,159.3200,154.4800,159.5600,147.5200,116.9200,145.3000,160.0000,140.0000,104.3600,86.1200,58.4400,52.8000,48.8800,53.6000,44.0800,34.7600,26.8800,19.8400,25.2000,30.8000,28.8800,25.3200,30.3200,33.4800,36.1200,35.7200,30.0800,29.0500,36.8400,46.1200,37.3600,36.4800,30.0800,28.2000,24.9200,20.0400,27.6400,30.2000,29.4400,24.3200,24.5200,23.2800,27.7200,12.2400,5.4800,8.4000,18.2400,17.7600,20.8000,28.2800,32.2000,25.6000,31.6000,37.1200,40.6800,31.8000,26.5600,18.3600,15.5200,16.6000,21.9600,22.9600,26.1200,33.1600,40.6400,39.5600,42.5600,38.1600,29.2800,27.6500,34.3200,37.9200,32.8400,31.2800,31.4400,36.3200,37.1600,37.2000,42.6000,41.6800,45.2000,49.0400,54.6800,54.4800,60.8800,53.5600,47.6000,43.8000,42.6400,41.3200,57.7200
199.0500,187.1200,176.9200,174.2400,181.1600,185.0400,178.2800,170.6400,161.6000,161.5200,158.0400,169.1600,167.1600,171.8000,173.9600,171.9200,180.3200,176.4000,168.2400,164.8000,157.2400,136.5000,105.5200,112.4000,138.1200,164.4800,168.4800,177.3600,184.6400,185.6400,186.3200,177.4400,174.8000,179.4800,177.6400,172.8000,164.8800,155.8000,150.7200,153.1600,141.8800,111.9200,140.1500,157.4000,138.2400,102.5200,84.8800,53.6000,46.0000,41.0400,44.3600,33.6800,24.8400,17.7200,14.5600,24.0000,29.0800,27.0800,22.1600,23.0400,27.4000,31.6800,33.0400,26.7200,23.7000,31.9600,43.4800,34.2400,32.2800,23.1200,20.3200,18.2800,14.0400,25.5600,27.1600,25.4000,18.9200,20.3200,21.6800,28.0400,14.7600,8.8400,4.1600,11.9600,11.2000,19.1500,29.8000,32.6800,26.9200,34.1600,38.6800,41.7200,32.2800,27.0800,19.1600,14.8400,14.3200,16.0800,15.3600,22.3600,32.4000,39.8400,37.8000,38.9600,34.5600,23.2400,20.5500,26.2800,30.1200,26.6000,22.4400,21.5600,28.4400,30.0000,28.4000,33.2800,36.6000,38.3200,41.0000,47.8800,47.6000,51.6800,45.0400,40.2800,37.2000,37.6800,36.3200,53.0800
204.2500,193.0800,184.0400,181.6800,184.4400,187.1200,182.4400,176.8400,165.7600,162.0800,164.3200,176.0400,172.6800,176.5600,176.2000,174.0800,182.3600,179.2800,168.6400,165.0400,154.6400,135.3000,110.0000,117.8400,140.6000,161.1200,168.5200,179.4400,184.3200,187.0000,186.6000,182.8000,179.1600,182.3200,181.9200,179.0000,171.8800,162.0800,153.9600,154.3600,146.6000,117.7600,141.7500,161.9200,144.9600,112.2800,95.3200,67.2800,61.9200,55.2800,57.7600,44.4800,35.1200,21.3600,21.5200,35.9200,42.0000,40.9600,35.7600,37.2800,41.6400,45.1200,44.6800,37.5200,33.6500,43.2000,56.4400,45.1200,43.4400,32.4000,26.8000,19.2800,21.7600,36.2400,38.2000,35.0800,27.4000,31.8400,36.5200,44.6000,28.8800,24.8800,17.0000,8.5600,15.6800,29.7000,40.6800,49.2400,41.4400,52.1200,57.6000,60.2800,46.6400,39.6000,32.9200,27.1600,22.4800,21.0400,21.7200,33.9600,45.6800,55.9200,53.1600,55.8800,48.5200,36.2000,30.9000,39.0800,43.6800,38.7200,33.5200,30.7200,38.8000,41.8400,40.0800,48.2800,52.2000,55.3200,58.2800,65.7600,64.7600,70.2400,63.2800,56.7600,52.4000,51.4800,49.3600,60.7600
188.0500,177.7200,168.7600,170.1600,179.8000,183.6000,171.8400,164.6400,157.5200,155.4800,146.8800,161.8800,158.3200,166.5600,169.7200,169.0400,177.4800,168.8000,160.2800,161.4400,156.2400,133.8500,100.4000,106.2400,132.9600,160.9600,165.0400,169.0000,176.2800,182.7600,185.8400,175.5200,174.0800,177.5600,173.0400,166.5200,153.9200,148.2800,148.8400,148.4400,135.8000,107.8000,136.5500,151.6000,128.9600,95.1200,73.7200,37.4400,25.9600,23.4000,33.0000,23.0400,14.3600,8.4800,5.0800,10.6800,14.8800,15.6800,12.2400,12.8800,13.4800,14.4000,15.9600,10.0800,9.0000,14.4000,25.0800,16.6800,14.7600,9.9600,8.3600,9.4400,5.6800,13.4400,12.1600,10.5600,7.6400,11.5600,16.3200,20.0000,11.3600,13.2800,9.5200,9.3600,3.7200,8.8500,14.6000,18.8400,16.4800,24.0800,26.2800,26.3600,17.2400,14.3200,11.1600,10.0400,10.8400,10.8400,6.9200,9.0800,15.2800,21.3600,18.8400,20.3200,16.2800,10.2400,12.0500,15.6800,15.3200,11.3200,9.9600,9.8400,14.8400,14.5600,15.4000,19.0800,17.6400,19.6400,23.1200,26.6400,29.5200,30.9200,25.4800,21.8800,18.3600,18.0000,17.8000,41.8400
185.1875,174.1500,165.5500,164.6000,175.8000,178.9000,173.2000,169.1500,166.0000,159.4000,151.5500,163.2000,162.8500,165.8000,166.5000,167.8500,173.5000,169.2000,166.7000,168.4000,150.7500,130.5000,99.3500,105.8000,129.6500,152.1500,161.5000,176.2500,176.7500,179.1000,182.1000,170.5000,170.2500,172.9500,168.8000,165.2000,156.4500,156.2500,156.0000,156.2500,144.1000,108.9000,141.0000,160.0000,137.9000,98.3000,75.5500,43.8000,34.1500,31.1500,39.6500,31.1000,23.2000,17.0000,8.6500,8.3500,14.5500,15.4000,14.0000,17.5500,18.4500,18.3000,17.8000,12.9000,13.6250,19.7500,28.6500,21.1500,20.6000,15.8000,15.7000,17.2000,9.4500,13.5500,14.6000,15.3000,13.3000,13.3500,16.9000,17.2500,8.6000,15.2500,12.9000,16.4500,9.3500,3.8125,9.4500,13.3500,10.5500,17.7000,19.8500,20.4000,11.5500,9.5500,7.9000,11.3000,15.0500,18.1000,13.6000,10.7500,13.4000,18.4000,18.5000,22.2000,19.2000,13.9500,18.5625,22.0000,21.9000,16.7000,16.6500,17.9500,22.2000,21.1000,23.2500,27.0500,22.7000,26.4500,30.4500,33.1000,36.6000,41.2000,34.4500,29.8500,25.9000,25.0500,24.9000,47.6500
195.1500,185.4800,175.3200,171.4800,174.5200,178.7200,177.4000,177.2800,165.8000,159.2800,165.6000,172.2400,170.9200,171.4800,169.8400,167.2800,173.2000,170.3200,168.3600,164.0000,145.7200,131.2000,104.8800,111.4400,129.2800,145.2800,156.0800,174.0000,178.9200,180.3600,178.9200,174.0800,173.0800,175.2400,175.8400,175.0400,169.2400,167.4800,164.2800,163.9600,155.5200,115.5200,142.1000,166.8000,148.5600,107.7200,88.2400,66.4000,64.4000,62.2800,71.1600,65.4000,56.8400,49.9600,32.8000,17.5200,28.6000,32.5600,34.8400,42.5200,42.6400,35.6000,27.6400,28.3600,36.1000,40.9200,43.0400,37.0400,43.4400,43.6400,46.1200,48.6000,34.1200,28.1200,29.8800,36.1200,40.0800,34.1200,37.8400,31.7600,28.2400,40.4800,40.8000,47.3200,35.4000,18.2500,8.5600,16.7600,18.2400,30.7200,30.0000,26.5200,15.0800,18.6800,25.1600,34.9600,43.8400,49.9600,41.7200,24.8000,17.6000,28.0400,31.5200,41.0400,37.6400,35.1200,46.8500,50.5600,49.0800,41.0000,45.1600,49.2000,53.7600,48.0000,53.3600,55.7200,44.4000,50.9200,58.0800,59.6800,61.6400,73.4400,64.3600,57.2000,51.9200,50.0000,51.3600,71.3600
195.5000,186.4000,176.7600,173.5600,176.9600,180.4400,176.5600,174.4800,162.7200,159.4400,163.3600,171.9600,167.6400,170.9200,169.8000,170.8800,174.9200,174.9600,170.8800,163.9600,147.4400,134.2000,107.6400,109.4000,125.5200,141.2800,155.2400,172.5600,183.9600,183.6800,181.0000,175.1200,172.9200,175.4000,176.2000,173.8800,168.2400,165.4000,156.6400,159.3600,153.2000,118.2800,145.6500,162.8000,147.1600,108.4000,89.9200,71.5200,70.1200,68.2800,73.9200,67.0400,60.4000,52.4800,38.1600,24.4000,28.8800,31.3200,35.2800,43.3200,42.7200,38.3200,34.3600,37.3200,43.4000,47.0000,47.3600,45.0400,51.8800,50.8000,53.0800,52.6400,38.2400,30.2800,37.4800,44.2800,45.0400,34.1200,31.9600,24.8800,25.1600,33.5200,37.5600,47.6000,40.4400,23.5500,15.3200,6.2400,10.8000,18.4000,20.1200,21.0800,15.1600,18.8000,24.8800,32.8800,39.8000,47.3200,43.6800,31.9600,22.3200,25.7200,29.2000,36.7200,36.2000,37.8400,47.0000,50.1600,47.8800,44.2800,49.9200,54.8400,60.1200,52.9200,55.0800,54.9200,43.1600,46.9200,52.4400,51.3200,54.8000,67.8400,60.5200,57.6400,55.4800,57.0400,60.9200,75.9200
187.5500,174.3200,162.9200,162.0000,172.4800,180.0400,175.7600,172.6000,165.8400,159.0800,158.0000,169.8400,164.3600,166.8400,165.4000,165.5600,174.2000,174.4000,171.3200,172.6800,153.4800,133.9000,102.2400,111.6400,133.4800,152.3600,162.2800,181.0000,184.2800,183.4400,180.2000,166.6000,165.1200,171.0000,170.8400,169.7200,166.3600,166.1600,158.0000,159.8000,149.8800,112.7600,144.6000,159.6800,138.2800,98.9200,79.2800,54.9600,49.9600,48.2400,55.2800,47.1200,40.2000,34.4000,24.8000,15.9200,18.6800,18.0000,20.7200,27.2400,28.4400,28.2400,26.9200,25.6000,29.1000,33.4000,38.3200,32.8000,35.4000,34.1200,35.0400,35.5200,25.2800,22.2000,26.2800,29.9200,30.0000,23.6400,22.8000,17.7200,14.0400,21.5200,24.0800,31.8800,26.1600,14.4000,13.0000,9.1200,4.0400,10.2400,14.4000,19.1200,11.8000,9.4000,12.6800,19.3600,25.1600,30.2400,28.4800,21.6000,17.7200,22.0000,22.4000,27.5600,27.0000,25.4000,29.8500,32.2400,33.1200,30.4800,33.4800,36.4400,40.8800,36.2800,37.9200,39.2800,32.6400,35.6400,39.0000,40.5200,42.2400,50.5200,44.8000,42.3200,39.3200,39.4000,41.2800,60.8400
200.2500,191.0400,180.7600,181.4000,188.0000,193.5600,187.6400,178.1600,170.1200,164.1600,167.0000,180.2800,177.2000,180.3600,180.0800,177.3600,186.8000,185.2000,175.5200,172.8800,162.2800,139.1500,112.4400,117.3200,138.8800,161.5200,173.4000,186.5200,190.3600,193.9600,193.0000,183.1200,177.0400,184.4400,184.2800,181.2400,175.6000,173.3200,162.4800,167.2800,158.5200,124.3600,150.1500,168.6000,149.1600,115.7600,100.9600,82.8400,80.5600,77.8400,83.5600,72.5600,63.4800,54.8000,44.3200,33.6000,33.1200,30.8400,35.0800,44.7600,48.6000,51.0800,50.0000,48.9200,53.5000,59.7600,61.4800,58.2000,63.3600,59.7200,58.9600,56.7200,45.2400,43.0800,50.2400,54.8400,54.1200,43.4800,40.2000,32.4400,27.0400,35.1600,39.6400,49.8000,46.9600,33.0500,27.9600,21.0400,14.9200,6.8000,12.0400,23.8000,22.9600,20.5600,25.4400,33.0800,38.8800,46.4000,46.3600,41.2800,34.6800,35.9600,37.1200,46.4400,47.3200,45.0800,46.6000,51.5200,56.9200,56.2800,58.6800,60.8000,65.9200,65.0400,62.1600,65.5200,56.3200,61.2800,64.1600,64.6000,64.8000,77.2800,72.4400,70.3600,69.4400,69.2000,70.9200,81.1600
205.2500,197.7200,189.4800,191.4800,194.6800,198.3600,192.9200,182.9600,175.7200,166.4000,171.6400,186.1600,182.6000,185.9600,185.1200,183.4000,191.3200,189.4800,181.0400,176.0800,162.6000,143.9500,121.6400,124.8800,140.4800,155.9200,169.7600,189.0800,198.2000,198.7600,197.1600,191.4000,185.6800,190.0400,190.1200,188.1600,182.1200,178.8800,168.9600,170.9600,164.1600,131.0400,154.2000,170.5600,155.4400,125.7200,113.5200,100.2400,99.3600,95.7600,100.0400,89.5600,80.6400,72.2000,59.7600,45.8800,41.8000,41.4800,49.5600,58.8400,59.9200,61.2000,60.8400,62.7600,67.2000,73.0400,72.4800,72.2800,81.1600,76.2400,78.6800,75.4000,61.8800,58.7200,65.7600,70.8800,72.2800,59.6800,55.3200,46.6800,43.2800,51.6800,56.0000,67.1200,64.0400,47.0000,34.9600,26.6400,24.4400,13.0400,6.4000,16.9600,24.1200,27.0000,41.2400,49.0400,55.8400,64.0400,62.5200,54.0800,40.1200,37.4000,39.9600,51.6800,54.4400,57.4400,63.9000,65.7600,67.6800,68.3200,74.9600,79.0000,84.2000,80.8000,77.1600,77.2000,64.8000,68.7600,70.8000,70.6400,70.6400,87.4800,83.1600,82.6000,83.8400,85.8800,89.3600,99.4400
209.0500,203.2000,197.0800,199.4800,201.6400,203.5200,200.0800,193.8000,183.2000,177.4000,182.3600,191.4800,189.8000,193.4400,193.3200,192.9200,198.0400,199.4800,193.1600,182.3200,166.8000,150.0500,135.9600,139.3600,149.2400,162.0400,170.9200,193.4800,205.8000,205.8400,203.2400,199.1600,195.1200,198.4800,198.5600,197.8400,191.4800,186.1600,179.1600,179.5600,172.9600,142.8000,164.5500,179.3200,166.4800,141.4000,133.9600,123.7200,125.0800,121.9200,122.3600,114.0000,107.4000,101.2800,82.2800,59.9600,54.2800,60.7600,71.4400,82.3200,79.9200,77.1200,76.6800,83.8400,91.2500,94.4400,91.5600,93.6800,106.0000,102.0400,104.9200,103.0800,86.9200,77.2800,86.6400,95.3600,98.0000,82.3600,78.2400,64.6000,65.8000,78.0800,82.8800,95.4400,86.9200,64.4500,44.1600,38.1200,40.6400,37.3600,27.2400,14.3600,26.6000,41.7200,62.7200,74.3600,82.0000,93.2400,89.0800,72.3600,46.2400,39.8800,45.6800,62.8000,67.8800,76.9200,90.9500,89.5600,86.8800,88.6000,98.2400,105.4800,111.0400,103.6800,100.1200,97.3200,82.8000,86.0800,88.0000,87.8000,86.4000,107.5600,103.2000,103.6800,106.5200,110.6800,116.4400,122.8800
191.2500,179.4800,169.1600,168.6800,176.0800,181.2000,176.4000,173.8800,168.3200,157.5600,157.9600,167.5200,165.4800,168.9200,169.1600,167.0800,176.4400,174.3600,168.0800,165.7200,151.8000,131.0500,101.6800,108.0400,128.9200,147.6800,157.9200,173.6800,182.3200,183.7600,182.2000,171.7600,170.3600,175.0400,173.0800,169.2400,162.9200,161.7600,159.1200,159.0000,148.4000,109.7600,142.1000,162.3600,139.4000,99.4800,81.4800,55.9200,49.7200,46.3200,51.2400,39.8000,31.8800,27.7200,20.0800,12.0400,12.0400,12.7600,14.4400,19.6400,21.3600,23.2000,24.3200,22.4800,25.8000,30.7200,37.0400,32.7200,35.4400,31.6800,32.1600,31.5600,23.8000,23.6000,26.6800,30.3600,29.2000,24.8400,24.8000,23.3200,15.2800,21.9600,23.2400,28.1600,22.9600,13.8500,10.8000,12.3600,10.6400,16.2400,16.8000,13.4800,3.7200,5.8000,10.4000,15.0000,20.1600,24.7200,22.1200,16.4400,11.8400,13.6000,14.3200,20.1600,19.8800,18.2800,23.0500,24.6800,25.7600,25.2000,28.4400,30.0400,35.9600,31.8400,30.4400,31.9600,26.4400,29.2400,31.6000,32.7200,34.5200,42.6000,38.0400,36.8400,36.2000,38.2000,41.5200,61.2000
187.4000,174.6800,164.4400,164.4400,175.7600,179.8800,173.9200,168.1600,169.3200,157.4400,151.1200,163.7600,161.1200,166.2800,168.4000,166.6400,175.0000,170.4400,163.8800,166.8000,156.6800,129.7000,98.8800,106.8000,131.4000,150.7600,164.2800,176.3600,179.8800,180.6000,181.3600,168.8800,167.9200,174.4000,170.0000,164.9200,159.2400,161.4800,158.8800,156.7600,143.8000,107.6000,140.2000,156.0400,130.8400,93.6000,75.4000,48.1200,40.4000,36.9600,43.1200,32.4400,24.2800,19.7600,13.2000,8.6800,9.5200,9.2000,9.2800,14.6400,16.3200,17.8800,19.0800,16.4000,18.4000,23.0400,31.0000,25.1200,26.6400,22.7200,23.0800,22.9600,16.1200,17.6800,19.7600,22.1200,20.7600,18.3200,19.5600,19.2800,9.8400,15.3600,15.7200,19.9600,15.3600,8.9000,9.3600,11.6400,8.0400,13.4400,15.5200,15.6800,6.2000,3.3600,5.1200,8.6800,12.7200,16.8400,14.9200,11.5600,10.5200,13.4800,12.8800,17.1200,16.0400,13.0800,16.4500,19.2000,20.1600,18.6800,20.6800,22.0800,27.4800,24.1600,23.6000,25.5200,21.2400,23.5600,26.5200,27.6800,30.5200,37.0800,31.8400,29.8000,27.9200,28.8000,31.5200,53.2000
182.6000,170.7200,162.2400,163.5600,176.0800,180.8000,170.2400,162.9200,161.2400,154.7600,145.6000,159.0400,156.8000,165.4000,169.2400,167.7200,175.8800,168.4000,158.6800,163.4400,159.1600,131.7000,97.6000,106.2000,134.3600,156.6400,166.4000,171.2400,175.1200,178.6800,182.3600,168.1600,168.3600,175.2800,169.7600,162.1200,153.7600,154.4000,150.2000,151.4800,137.0800,106.8800,135.7000,149.7200,127.2800,92.2000,72.4800,41.5200,32.4000,29.3200,36.2000,25.8800,17.9200,13.3200,8.1200,7.5200,8.9600,7.7200,6.2400,10.3200,12.5600,14.8400,16.6800,12.8800,13.5500,18.0800,27.0800,20.6000,21.0000,16.4000,16.4400,16.6800,10.8800,14.3600,15.8000,16.5200,14.6400,14.0400,16.2400,17.1200,6.8400,11.2800,10.4800,13.9600,9.5600,6.6500,10.0800,12.7600,9.3200,13.9200,16.5600,17.0800,9.0400,5.5600,2.6000,4.2000,7.7200,10.7600,9.2800,9.0800,11.2000,15.2800,13.5600,16.4400,14.2800,9.6400,11.6000,14.5600,15.6400,14.0800,14.7200,15.3200,20.5200,18.6400,18.1600,20.6000,18.0000,20.0800,22.7600,25.3200,27.8800,31.7200,27.1600,24.6800,22.3200,22.8400,24.2000,48.0800
187.9500,175.2800,164.4400,164.6000,175.9200,181.3200,173.6800,166.2400,154.6400,148.2000,145.8800,161.6000,159.9200,169.8400,169.6000,167.2800,177.6800,173.7200,160.8800,155.6400,153.7200,128.4000,95.8400,104.2800,137.3200,157.5600,161.6800,168.9600,177.3200,181.1200,183.5200,168.2800,167.8400,175.0800,171.7200,164.3200,156.3600,149.9600,144.2400,145.9200,132.3200,104.5200,127.2500,147.6400,128.1600,93.4400,73.3600,40.4800,30.6000,27.6400,34.4800,23.9600,15.8400,10.9600,7.2400,8.6800,10.3200,8.8400,6.2000,9.4800,12.0800,14.7200,16.7600,12.2400,12.6500,17.2000,27.0400,19.9200,19.6000,14.8800,14.3200,14.3600,10.0400,14.6800,15.1600,15.2000,12.9200,13.8000,16.6000,18.6000,7.4400,9.9200,9.1200,11.8000,8.3600,7.8000,11.9200,15.4400,12.3200,17.3200,19.7600,20.8800,12.3200,8.2800,4.5200,2.4800,4.2800,7.2800,7.1600,9.0000,12.8000,17.7200,15.4800,17.5600,14.8800,9.2400,9.8500,13.2000,14.8800,13.3200,13.4400,13.6800,18.7600,17.3200,16.8400,19.6000,17.7200,19.4000,21.8800,25.0400,27.5200,30.5600,25.9600,23.4800,20.9200,21.5600,22.5200,46.1600
195.0500,182.3600,169.8800,165.7600,171.6800,174.9200,170.0800,163.6800,151.8000,147.2000,147.9200,162.6000,160.9600,165.2400,164.0000,162.5200,171.1600,169.6400,159.1200,151.3600,141.2400,120.0500,97.2400,103.0400,131.2800,150.9200,156.0800,166.8800,174.2000,175.0800,176.2000,168.6400,165.4400,170.4000,170.0000,165.3600,158.7200,150.7200,146.3600,145.4000,136.7200,105.9600,127.6500,150.4400,132.0800,99.1600,80.0000,50.8000,41.5200,37.2400,41.4400,29.1600,20.0400,13.4400,11.6400,15.0800,16.3200,14.2000,10.9600,14.0800,18.2800,22.8000,24.5600,19.6800,19.7000,25.7200,36.0000,28.2800,27.3200,21.2000,19.1200,17.3200,15.2400,21.7200,23.0800,22.5600,18.2400,20.2000,22.6000,25.6400,12.6000,13.3600,12.5600,13.2800,12.3600,14.2500,19.2400,23.6400,19.8400,26.2400,28.2400,28.8000,19.9200,15.3600,10.5200,6.2400,3.5600,6.4000,9.9200,15.0800,20.6800,25.8000,23.2000,25.2800,22.4000,14.9600,12.3500,17.6400,21.6800,20.6400,19.2400,18.4000,25.0400,24.8400,22.9600,26.8000,26.9600,28.5600,30.7200,36.2000,36.2000,41.2800,36.0400,33.0800,31.1200,32.0800,32.0800,51.3200
199.6500,184.8000,173.6400,170.5600,173.8400,177.7600,173.2400,170.0400,157.2800,149.7600,153.2800,167.5200,165.2400,168.4000,167.8800,166.1600,174.7600,173.0400,165.1600,157.5200,143.6400,122.8500,102.4400,106.0400,131.5200,152.4800,159.1600,171.8800,176.7600,177.5600,178.4000,171.8800,168.3600,173.2400,173.2000,169.1200,163.3200,152.2000,144.5600,143.4400,138.0800,109.3200,131.2000,154.2400,139.6000,107.0000,88.1200,56.2800,45.9600,40.0000,42.6800,29.5200,19.1200,12.2800,16.2000,24.2400,24.9600,21.8800,17.6000,17.7600,23.8000,30.8400,33.6400,27.7200,25.8500,32.4400,43.7600,36.1200,33.5200,25.2400,21.1600,19.0000,20.9200,30.3200,32.1200,29.6000,23.4800,27.3200,29.2800,34.3200,20.6800,19.1600,17.5600,15.5600,16.2000,23.3000,30.0000,34.1600,29.1200,35.1600,38.0800,40.0800,30.2800,25.4000,19.7600,13.4400,8.4400,5.3200,10.1200,22.5200,30.1600,38.2800,33.9600,35.4800,31.5600,21.0000,13.1000,19.3600,26.3200,25.8400,21.8400,18.5200,26.4000,28.8800,24.5600,30.2400,35.6400,36.7600,37.0400,45.5600,43.0800,46.9600,42.0400,38.2800,36.7200,38.8000,37.2400,52.4000
190.0500,178.1600,169.2400,169.8800,178.0800,182.9200,177.8400,170.6000,155.5200,150.8800,147.4000,166.3600,164.0800,171.4400,171.0000,169.1200,178.0800,175.3200,163.0800,156.1600,147.2400,128.3500,97.0000,105.1200,135.7200,151.8000,156.9600,171.5200,179.3200,183.6000,185.0400,172.8000,171.0400,177.6000,173.7600,167.9200,157.8800,147.0400,144.9600,144.0800,131.9200,104.5600,130.1500,151.4000,131.9600,95.4400,75.5600,39.8000,28.2400,25.2000,33.4800,22.6400,13.4000,7.7600,6.4400,12.0400,14.5200,14.6400,10.1600,9.8400,11.8400,15.2400,18.6000,12.7200,11.1500,16.2400,28.4400,20.4000,18.4000,12.8000,11.2400,12.3600,10.7200,18.1200,16.7600,15.1600,12.2400,16.3600,20.7200,24.6000,13.8000,15.7600,12.8400,11.7600,7.8000,12.1000,17.9600,23.1600,20.0000,28.2000,29.8000,29.5600,19.4800,15.8000,12.3200,9.1200,9.1600,8.1200,4.3600,10.0800,17.0000,23.4400,20.0000,20.6000,16.3600,8.8400,8.8000,12.6800,13.8800,11.8400,10.1600,9.9200,16.2400,15.0800,14.8000,18.4000,18.3200,19.8400,22.4800,27.2000,28.8800,30.7600,25.7200,22.4400,19.6400,20.1200,20.7200,43.0000
181.8000,172.2000,163.2000,164.6400,176.0000,181.4400,173.0400,168.0000,163.6400,154.7200,153.1600,165.0400,162.8400,166.9200,166.5200,164.6000,175.0000,168.1200,163.7600,164.1200,150.1200,127.5500,97.6400,106.7200,131.1200,151.4400,157.8800,167.8800,173.6800,180.8400,182.6000,167.3200,166.7600,173.6000,169.7600,164.4800,155.5200,150.1600,152.4000,151.3600,142.9600,104.6400,135.9500,160.3200,135.5600,94.6800,73.0400,41.0400,31.2400,28.8800,37.1600,26.8800,18.4400,15.3600,8.1200,6.8800,11.2800,14.5600,11.4000,12.0800,10.4400,9.8800,13.8400,9.3600,10.6500,15.4400,25.0800,19.4400,21.0800,16.8000,17.6800,19.3600,13.6800,17.2400,16.4000,17.3600,16.8400,17.7600,21.6000,22.9600,14.6400,19.1200,17.0800,19.0800,11.7600,9.8000,12.9600,19.2800,17.3600,25.6400,26.8800,25.0400,15.2400,13.2800,11.7600,12.2800,15.4400,17.1200,10.7600,4.0400,9.8400,16.7200,13.6400,14.9200,10.1200,6.8800,14.3500,15.6400,13.4400,10.3600,13.4400,15.4400,20.9600,17.0800,16.9200,19.0800,13.4000,16.6000,20.4000,22.0400,26.0000,29.4400,24.3200,22.3200,19.7600,21.5200,24.4800,47.0400
187.3500,176.9200,167.2400,164.9200,169.3200,174.8800,170.1600,167.6000,157.4000,148.4800,156.3200,169.2000,165.9200,164.7600,162.7600,162.7200,170.3200,164.2800,159.7600,158.6000,141.7200,126.8000,98.6400,106.8400,127.6000,142.5600,145.6400,165.6800,168.4800,176.8400,177.2400,167.4000,165.8400,167.5200,167.6800,166.0800,159.8000,154.8800,151.5200,148.7600,143.3600,104.9600,132.3500,159.4400,141.6400,97.2800,78.0800,50.3200,42.0400,39.3600,46.9600,39.0800,33.2400,31.9200,22.9200,11.0800,14.4800,21.0000,21.9200,24.4000,19.9600,16.0400,19.4800,18.1200,22.0500,24.5600,31.4400,28.1600,31.7600,29.7200,31.8400,34.8400,27.4400,25.8800,26.2800,29.3600,30.6800,29.1200,31.7600,29.5200,24.2400,31.8400,31.5600,35.2800,27.2800,18.2500,12.5600,18.6800,19.2400,27.6000,26.4000,22.1600,12.0000,15.4000,20.5200,25.7600,32.4400,34.6000,27.2000,13.0000,4.6800,12.9600,12.0800,17.4800,13.7200,17.0800,30.0500,28.5600,23.2400,20.2000,26.0400,30.2000,33.0000,27.3200,28.5600,28.1600,20.1600,23.8000,28.2800,29.4000,32.6800,38.6400,33.0800,30.8800,29.3600,31.4000,35.1200,57.8400
196.9000,189.2000,180.3200,176.5600,177.4800,179.4800,176.8800,167.7600,153.6000,156.9600,158.8800,171.4400,168.6800,169.6000,168.7600,169.8000,172.3600,172.7600,166.2400,154.8800,138.4000,131.4500,103.8800,113.3200,131.2400,147.8000,151.2000,166.2800,180.0800,179.8000,178.3200,177.2800,174.8400,175.9600,175.7200,172.7600,165.9200,161.6000,159.0000,155.8800,148.6400,110.2800,138.9000,161.6400,144.8400,105.9200,89.6000,68.1200,64.4800,61.6800,64.4800,55.3200,50.8000,49.1200,37.9200,22.1600,19.6800,26.6400,30.8000,33.9200,29.7600,28.8800,32.7600,35.6800,40.6000,43.6000,45.8800,45.3200,52.4000,50.3200,52.8400,54.0800,43.3600,39.5200,42.6800,48.1600,49.2400,43.9200,43.4800,37.8400,34.3200,41.9200,43.4800,50.2000,42.8400,30.0500,19.8800,24.1600,25.6000,32.8400,30.8000,24.5200,15.9600,21.8800,29.4400,36.0400,42.7600,48.5200,41.4800,27.4000,13.2800,6.1600,9.3200,17.5200,20.6000,30.0800,42.2500,38.8000,33.6400,36.2400,43.8000,48.3600,54.0800,45.6000,42.7200,40.8400,31.2400,33.6400,35.5600,34.3200,35.8800,47.0400,43.8400,45.5200,48.0000,52.0400,59.0400,74.9200
188.1500,177.6400,168.2800,169.2800,177.2000,182.6000,177.8000,171.1600,162.6800,156.7200,159.4400,171.9600,166.3600,169.8000,169.0000,167.3600,176.4800,175.7200,171.6400,165.4800,148.2800,134.1500,104.6400,112.1600,135.6800,155.8800,157.8800,178.2400,184.9200,183.8800,181.6800,170.0800,168.8000,175.0000,174.3600,171.6400,164.9200,163.0000,160.1600,154.8800,149.2000,107.1200,140.5000,163.4800,141.2000,102.0400,83.8000,56.1600,47.6800,43.6800,47.8800,38.1600,33.8400,35.0800,27.9200,16.4400,12.8400,18.7200,21.0800,22.6400,17.8800,19.5600,26.8000,25.9200,28.4500,31.2400,38.2400,35.8400,39.4800,36.0000,38.2400,40.1200,33.4400,32.9600,34.1600,37.0400,37.4800,35.6800,36.6800,32.9200,27.1200,34.4400,34.7200,38.9600,32.8000,23.8500,18.6800,22.1600,21.9200,27.2400,25.7200,22.4400,14.4800,17.0800,22.0000,27.0800,32.7600,35.8800,30.3600,18.9200,11.7200,8.5200,3.7200,9.6400,11.8400,18.6400,29.9000,25.8000,20.3600,23.6000,29.6400,33.4800,36.6400,30.4000,28.0000,26.5600,20.3600,21.4800,22.5200,23.5600,25.0400,32.0800,29.2400,30.6000,32.6400,37.0000,41.8800,62.0800
195.1500,186.2000,177.4000,175.1200,180.5200,185.1200,178.8800,175.8000,160.2400,154.6000,156.3600,172.1600,168.4800,171.6000,171.1200,171.4800,179.0800,178.7200,175.2800,167.9200,147.4000,133.6500,107.0000,115.4800,137.8400,162.1200,167.2800,184.4000,189.5600,188.5600,186.4800,175.4800,172.2800,176.7600,176.3600,174.7200,167.4800,159.5600,150.5200,148.3200,147.6000,109.6400,138.4000,162.8800,144.2000,105.7200,88.4800,58.9600,51.1600,48.0000,54.5200,49.6400,47.4800,47.5200,37.4400,25.6800,20.6000,29.3600,33.0800,33.7200,24.7600,20.9600,30.9600,31.3600,34.2500,34.6800,41.2800,40.8800,46.1200,43.8800,47.8000,50.6000,43.8000,44.4800,43.8000,45.3600,46.5200,47.4400,50.2000,47.4000,40.3200,48.1600,47.0400,51.0800,42.6000,34.8500,29.6800,36.7600,35.8800,44.7600,41.2400,35.3600,26.9600,29.4000,34.9200,40.1200,46.4000,50.2000,41.6000,26.8800,20.2000,20.6400,12.4000,7.0400,11.0000,27.4800,41.4000,37.5600,27.7200,28.6400,38.3600,45.6000,45.7600,36.6000,38.6000,33.6000,19.4400,20.8800,24.4800,23.4000,26.7600,36.0400,31.3600,32.2000,34.7200,40.2800,47.7600,66.6800
186.8500,175.0800,164.3200,164.2800,172.9600,179.7200,171.0000,164.2000,159.3200,152.4400,154.8000,168.6800,162.1200,163.6800,162.1600,162.6400,172.2400,169.9600,163.7200,162.3200,146.3600,126.6000,98.5200,106.5600,132.4000,152.6000,157.1600,172.7600,177.6000,181.3600,179.8400,166.7600,165.9200,169.5600,166.2800,165.5600,162.6400,156.1600,151.3200,146.2400,142.5200,102.1200,130.8000,160.1600,135.3600,94.0800,75.6400,43.4800,31.9200,30.6000,38.7600,29.4800,23.5200,22.8000,16.1200,11.8000,12.1200,16.9200,15.6800,16.0800,10.9200,9.7600,18.2400,14.9600,15.9500,18.8800,28.1600,24.2800,26.2000,22.5200,24.0400,26.4400,21.0800,23.8800,23.0800,24.2000,23.8400,25.1200,28.3600,29.1200,20.6400,26.0400,24.1200,26.6400,19.8000,16.6000,17.4000,23.6400,21.7600,30.3200,29.9600,26.5200,17.3600,16.7600,17.1200,19.0800,22.9200,24.8400,18.6000,10.2400,11.3600,15.5600,10.3600,8.2000,3.8800,10.2400,20.4500,18.8000,13.0800,12.2000,17.9600,21.3600,24.6000,19.1600,19.2000,18.7200,10.3200,12.1200,15.6400,15.2800,19.8400,23.4000,19.4800,19.6000,19.9200,23.4800,28.0000,50.9600
180.1500,168.3600,160.3600,163.4800,176.8000,182.9600,174.5200,165.9200,161.6400,158.2800,147.8800,162.9600,161.3200,169.3200,169.1600,166.7200,177.0400,169.8000,159.6000,160.1200,152.2000,129.1500,97.6800,103.7600,133.0000,148.6400,157.6000,167.5600,173.3200,181.2800,184.6800,166.5600,167.5600,175.7600,171.8400,166.5600,154.2000,148.2400,153.4800,152.0800,139.1600,106.1600,138.2500,157.3600,132.4800,94.8400,74.3200,39.8000,27.2400,24.7600,33.2800,21.6400,12.9600,10.8400,7.0400,7.8400,9.0000,11.0400,7.9200,7.2800,5.6800,9.7600,15.9200,10.8400,10.2000,14.4800,25.5200,19.7200,19.2800,14.0400,13.9600,16.1600,12.6000,17.8000,17.0800,16.7200,15.0000,17.6000,20.9600,23.0000,13.3600,17.0000,14.9600,15.8800,10.1200,10.3000,13.6400,19.1200,16.6400,24.1200,25.2400,23.5200,13.6800,11.8400,10.1600,9.6000,12.2800,13.0400,7.6800,5.8800,10.6400,15.3600,11.1200,11.9200,8.0000,3.4400,9.8000,10.1600,8.2400,8.1600,9.4000,10.6000,16.1200,13.0800,11.7600,14.3600,11.7600,12.9600,15.6000,18.0000,21.3600,23.0000,19.0400,18.3200,16.8000,18.8000,21.2400,45.2400
201.5000,192.6500,186.4000,186.8500,189.7500,192.8500,187.3500,182.2000,166.6000,157.8500,162.6000,176.9000,175.6500,180.7000,182.3000,181.1000,188.2500,185.6000,176.7000,168.3000,151.0500,132.6875,112.0500,112.8500,135.8000,155.3000,167.0500,183.0000,189.7000,192.5000,194.0000,186.0500,182.4000,186.8500,184.3500,179.5000,170.5000,155.2500,148.1500,147.8500,141.3000,116.5500,138.5000,161.6000,149.0500,117.4000,100.5000,70.1000,60.4000,53.5500,55.6000,38.5000,24.9000,22.0000,22.2500,32.3000,33.4500,33.8500,21.9500,16.1500,23.7000,36.5000,43.6500,36.1000,32.9375,40.6500,55.0000,47.9000,47.6500,39.0500,37.6000,36.4000,35.1500,45.3000,45.5500,43.0500,38.9500,44.0500,46.3500,51.7500,34.8000,35.6000,33.7000,32.7500,28.9000,34.3750,44.0000,53.7000,45.6000,56.2000,58.1000,58.1000,45.3500,38.3500,32.2500,22.8000,21.6500,18.1000,15.2500,27.1500,42.9000,52.5500,44.9500,44.1000,38.4500,20.2500,7.5625,16.3500,27.2000,29.5500,29.7500,28.7000,40.6000,37.0000,28.2000,34.6000,41.2000,41.4000,41.1500,53.6500,47.7000,54.5000,49.8500,45.8000,45.2500,50.0500,51.8500,65.8000
200.9000,188.2800,178.7600,176.7200,180.7200,185.9600,183.3600,177.4400,162.1200,155.4000,158.0400,174.0800,172.9200,175.4000,174.2800,172.1600,181.8000,180.7200,173.3200,165.4400,147.4400,132.4000,111.4000,113.3200,131.8800,153.4400,164.0000,178.2800,184.9600,187.3200,185.4000,176.4800,173.1600,178.5600,177.8800,175.2400,168.3600,153.8000,148.3200,145.4000,138.7600,114.0800,136.1000,157.7200,146.1600,115.6000,99.2800,69.0800,59.1600,51.3600,51.8800,34.8800,22.1600,22.2800,26.8400,32.8400,29.0800,30.7200,21.2000,12.4000,16.8000,34.4800,45.3200,37.8800,34.4500,41.4400,55.8400,50.1200,48.5200,39.0400,36.5600,33.3600,36.1200,47.6800,47.8000,44.8400,39.8400,45.3600,46.8000,52.0800,36.8000,36.3600,34.2000,31.4000,31.6400,37.3500,44.2000,52.6800,46.8400,55.5200,55.5200,54.1200,43.0400,38.1600,34.8800,27.6000,25.6800,22.1600,19.0400,29.3200,40.2800,46.7600,38.9200,37.0800,32.2000,20.8400,13.6500,6.5200,18.4800,28.9200,27.4800,26.9600,37.8000,34.8400,23.0400,28.9600,37.2000,34.8800,32.1200,41.4400,37.1200,41.4000,39.8800,40.7200,43.2400,48.8800,52.6000,65.1600
191.6000,178.7200,167.9600,168.8400,178.5600,183.8400,176.0800,166.1200,155.1200,152.0400,146.8800,161.4000,159.8800,168.4000,168.9600,166.7600,178.0400,173.2000,159.8400,154.4400,143.7600,125.9000,98.2400,101.5200,127.0000,147.3200,157.7200,169.6000,178.4800,183.8000,185.4800,170.3200,168.9200,175.9600,171.8400,166.4000,152.8400,147.8000,145.9600,148.7600,137.0400,105.0800,133.5000,151.1600,129.7600,94.9600,76.1200,41.9200,28.4800,26.2000,33.7200,23.2000,16.9600,18.8400,15.7600,16.2400,15.9600,19.3600,16.0400,12.1600,6.5200,12.7600,21.2000,15.8800,14.2500,16.8800,29.4000,24.8000,24.6000,19.6800,21.6400,24.8400,22.0800,27.3600,24.9200,23.8000,23.2400,27.6000,31.8800,34.3200,23.8000,28.5200,26.2000,26.2000,19.6400,19.8500,23.2000,31.0800,27.8000,37.8400,37.2000,34.4000,23.9600,22.0000,20.6800,20.2400,23.3200,23.8000,16.4400,12.7600,18.7600,24.3200,19.0800,16.7600,12.0400,9.8400,16.8500,12.0400,4.6000,9.0800,12.8800,16.1200,19.3200,13.6800,11.6000,12.0400,12.6400,12.2000,13.6400,18.6800,20.0800,19.8000,16.6800,17.0000,16.8000,20.9200,25.1200,48.4000
187.5500,178.0400,168.6400,170.9200,179.6800,182.2000,172.1600,165.5600,159.2400,157.1200,151.4400,165.0800,161.2400,164.6800,165.3600,166.3200,174.3200,165.5200,160.3600,160.6000,153.1200,127.3500,99.1600,105.0400,135.3600,152.5200,155.9200,166.7600,172.6800,179.6800,184.2400,172.7200,171.4000,175.8000,167.9600,164.1200,156.2800,152.2000,144.8000,146.4400,140.9600,103.0000,135.6500,159.1600,135.4400,95.2800,73.0400,34.7200,20.9200,18.5600,29.8000,20.9600,14.4400,14.0800,10.4400,12.7200,15.0800,19.2800,16.0400,14.2800,8.8800,9.2800,16.1600,9.5600,6.7000,10.4800,24.9200,17.8000,15.2000,10.5600,11.5600,16.2000,14.0800,19.9200,17.2400,15.0000,13.9600,19.7200,25.0000,28.0400,19.6800,23.4400,20.0400,19.7200,12.8400,14.8500,18.2000,25.0400,22.8400,32.8000,32.7200,29.4400,19.9600,18.8800,17.8400,18.1600,20.9600,20.6400,13.1200,9.0400,14.5600,20.0000,16.0400,14.6000,10.1600,9.0000,16.7500,15.6400,8.4400,3.4400,5.7200,9.6800,11.3600,7.4400,10.1200,12.3200,10.3600,11.5200,14.9600,17.6800,21.0400,20.5200,16.0000,13.9200,11.5600,13.6400,15.6400,39.4400
184.1500,173.3600,164.9600,167.5600,179.2000,185.2400,176.4000,166.0800,155.0400,152.4000,144.2000,162.9600,160.7200,169.3600,170.0800,167.8400,178.0800,170.8800,158.5200,156.7200,149.5600,130.7500,97.8000,104.8000,136.0800,146.4400,153.6400,168.2800,175.9200,182.4400,186.4000,170.4000,170.5600,178.4400,172.8000,166.3200,153.1200,147.4000,149.0000,149.2800,136.4000,107.1600,136.6500,151.2000,129.1600,92.4800,71.6400,33.0000,18.8000,16.7200,28.4000,17.3600,8.7600,8.2000,7.7600,12.2400,15.2000,17.7200,13.6000,11.4000,9.3600,11.0400,15.5600,9.2800,6.5000,10.0400,23.1600,15.9200,13.0000,8.4400,8.0000,12.5600,11.2800,17.5200,14.7200,12.5600,11.0800,16.6000,21.7600,25.6400,16.5600,19.8800,16.1600,15.2800,9.4400,12.8000,17.6000,23.8800,21.4000,31.8000,32.2800,29.9600,19.8400,17.6000,15.4400,14.6800,15.9600,15.0400,8.6800,9.0400,15.5600,21.8800,18.0800,17.1200,12.6800,8.3200,12.4000,12.5200,9.2800,5.3600,2.6800,4.2800,8.6000,6.9600,7.8000,12.4000,12.0800,13.0400,16.6000,20.1200,23.8000,21.8800,17.0800,14.6000,11.1200,12.0000,13.6000,39.3200
188.0500,177.9200,170.0000,171.3200,179.8800,185.1200,179.4800,173.4000,159.4800,150.3200,152.7200,171.2000,167.2800,174.3600,175.0800,172.5200,180.6000,176.2400,164.0000,157.9600,143.2800,126.3500,99.0400,105.6400,132.3600,145.0000,157.4000,174.0800,178.4800,183.0400,186.1200,173.7200,173.5200,180.5200,176.4400,171.2800,161.7600,147.8400,146.8800,144.8800,131.2000,106.0400,129.9500,152.4000,134.7600,98.3200,77.5600,38.7200,24.7600,21.2000,30.6000,19.4800,8.3600,7.6800,10.9200,18.1200,20.0400,21.0800,16.2000,13.3200,13.4800,18.0800,23.2400,16.0800,11.9500,16.3200,30.6000,22.6800,17.7600,11.0400,9.3600,13.2800,15.2000,24.4000,21.6000,17.4000,14.5200,22.0400,27.2000,32.1600,21.1200,23.1600,19.3200,16.5600,12.1200,18.9500,24.8400,32.0000,28.2000,38.1200,38.7200,37.0400,26.3200,23.1600,19.6800,17.3600,17.5600,15.6800,9.6800,14.6400,23.3200,29.9600,25.2400,24.8800,20.3200,12.4400,13.5500,14.3200,13.8800,11.3200,6.2400,3.3600,9.8400,11.6800,10.8000,16.9600,20.7200,21.0000,23.4000,28.7600,30.2000,29.3600,25.0400,21.6400,18.3200,19.4000,18.2000,40.4000
194.9500,184.8000,176.0000,174.4800,178.6400,182.5600,176.7200,170.3600,155.6400,151.1600,150.7200,165.1600,162.8400,170.0400,171.1600,169.3200,177.7200,173.3600,162.0800,157.6000,143.5600,128.2000,103.0400,110.7200,135.2400,148.2400,159.7600,174.2000,177.2400,181.4800,182.5200,174.6800,172.4800,176.5200,172.0400,167.1600,155.5200,147.5200,146.2400,149.0800,137.1200,108.3200,133.7500,151.7600,135.6800,99.9200,80.0800,38.6800,22.7600,17.9200,26.8800,23.0800,18.2800,18.5200,22.8800,32.0000,36.6000,40.0800,33.6800,28.7600,26.0800,26.2400,31.1200,23.8800,16.5500,19.1200,35.6800,28.6400,21.6400,14.0400,13.9200,20.8400,25.9600,37.0400,31.3600,24.9200,21.9600,34.7600,41.0800,47.6800,37.6400,38.4000,32.8800,27.1200,23.1200,33.5000,40.0400,49.8000,46.7200,59.4800,59.1200,57.7600,44.7200,41.4000,37.6400,34.6800,33.6000,29.8400,23.1200,26.7600,37.5600,45.7200,40.8800,36.8000,30.9600,26.2000,28.1000,28.0800,23.5600,16.8800,11.4400,11.5600,5.1200,10.2800,17.0000,21.6000,26.3600,26.4000,30.1600,35.6400,37.9200,32.6400,26.9600,21.8000,17.5200,18.9200,18.9600,42.4000
193.2500,184.1600,175.4800,175.8400,182.0400,184.5600,175.0400,167.0000,156.5600,155.2800,149.6400,164.6400,161.0400,166.4000,168.9600,169.6800,178.1200,170.7600,161.6800,158.4400,149.8800,130.8500,100.9200,108.0400,137.6400,151.5200,158.8400,171.3600,178.9200,183.8000,186.4800,175.6400,173.5600,177.6000,169.5200,164.4000,157.3200,149.7600,141.8400,147.0800,141.4000,104.3600,138.0500,156.0000,135.6000,97.5200,75.1600,34.5600,19.1600,16.7600,28.3200,21.0800,16.8000,19.3600,18.8800,22.8800,26.4800,31.2400,25.9200,21.2400,16.6400,16.7200,22.7600,16.2000,11.1500,11.8800,27.6400,21.1200,16.8400,13.7200,15.8000,22.5600,22.4800,29.5600,24.2000,19.8400,19.9600,29.0800,35.7600,40.3600,31.0000,34.6000,29.8000,27.5200,21.0000,25.2500,30.2000,39.1200,36.5600,49.8800,49.5200,45.7200,33.3200,32.0400,29.4800,28.6000,31.1600,29.4000,20.6800,18.4000,26.0400,33.4400,28.7200,25.4800,20.0800,17.7200,23.9000,21.4800,14.2800,9.0000,8.7200,12.6400,10.0800,5.0800,11.3200,14.6000,16.0000,17.0400,21.0000,25.5200,28.4800,24.9200,19.0000,14.7200,10.3200,12.3200,14.7600,39.7600
195.9000,185.3200,176.4000,176.8800,182.9200,188.4000,182.4800,174.4800,159.2400,155.8400,153.8000,169.5600,168.5600,175.4000,175.0000,171.8800,182.1200,178.4800,167.6800,161.2800,144.3600,129.4000,102.6000,104.7600,131.2400,149.7200,160.4800,176.5200,182.9200,187.6000,187.9200,177.3200,175.1200,180.8800,177.8400,173.6400,161.3200,150.0400,151.4000,151.0400,137.6000,110.4000,136.8000,155.0800,138.3200,102.1200,83.3600,48.1600,34.5600,29.9600,34.5200,19.4000,15.2000,20.2800,20.2400,24.9600,26.6400,30.0400,25.1600,19.6400,15.0400,21.4000,29.8400,22.6000,18.1000,22.4000,38.0000,31.8800,29.1200,21.9600,22.3200,26.0000,26.3600,34.5200,31.5200,28.4000,26.4800,33.5600,38.6000,42.7200,31.7200,35.4400,31.0800,29.1600,23.2800,27.7000,32.8000,41.9600,38.4800,50.2800,50.1200,46.8800,34.5200,31.6800,29.6000,28.4800,30.3600,29.0400,20.2400,19.9200,28.8000,35.6400,30.7600,28.4800,23.0400,16.9200,23.2500,19.3200,12.3200,12.4400,11.0800,14.6000,18.3600,14.0800,5.0800,11.2800,22.7600,21.5200,23.0800,30.7200,29.8000,28.6400,25.4800,24.3600,23.1200,27.5200,29.4000,49.6000
206.9500,198.4400,190.5200,192.9600,195.0000,196.7200,188.6400,179.1600,165.1600,161.1600,163.0800,176.1200,175.8800,181.7200,183.7600,183.1200,190.0800,185.9600,176.5600,169.3200,153.3200,137.6500,122.5600,128.7600,147.7600,166.4800,172.7600,183.4400,192.2400,197.3200,196.2400,190.6400,186.0800,190.2800,186.1200,182.0400,173.4000,163.7200,151.2400,155.6000,152.5200,123.0000,146.1000,163.9200,153.4000,125.6800,116.0400,92.4000,80.2800,69.6000,59.4800,34.1200,39.2000,58.4000,57.8400,54.0400,55.4800,69.3600,62.5600,51.0400,31.6000,32.7600,52.3200,52.0400,49.9500,48.5600,61.8800,67.2000,75.2400,64.0400,67.4000,73.2800,72.8000,77.2400,73.2400,74.8400,76.3200,82.2000,89.4400,88.0800,78.8800,89.2400,83.6400,78.9200,68.2400,67.2500,63.4800,79.7200,79.8800,96.9200,93.1200,82.0000,66.6000,69.4400,72.2000,73.3600,80.4000,76.8400,57.9200,46.4000,49.4800,55.7600,50.0000,41.3600,32.1600,41.4000,59.3500,46.4000,21.8000,27.7200,38.5600,46.6400,50.6400,35.4800,18.4800,10.8000,27.0400,23.3600,26.8800,38.7600,41.3600,40.5200,32.7600,35.4000,44.9600,64.0400,77.3200,90.0800
190.8500,182.7200,171.5200,167.2800,173.4400,175.7200,168.2000,165.2000,157.2400,148.0000,152.1200,164.7600,162.9200,160.7200,158.6400,161.2000,167.8000,164.4400,160.8400,160.8800,146.3200,126.8000,100.0800,107.4000,134.6400,152.2800,161.3600,172.0000,173.6000,178.8000,178.3600,168.8800,165.2400,166.9600,164.5200,167.4400,160.1600,149.6400,143.4000,140.7600,136.6800,104.9600,130.9500,155.9200,136.3600,93.6400,72.6000,38.7600,26.7600,25.6400,35.4400,29.2000,25.8000,28.0000,21.7200,18.7200,20.4000,26.0000,23.8000,22.0400,14.5600,9.8000,18.3200,15.6400,16.4500,15.2400,24.8400,22.0400,24.8400,23.5600,26.4000,31.4800,25.8800,27.1600,24.3600,24.9600,26.5200,29.0800,34.3200,35.2400,28.5200,34.9200,32.2400,33.8400,25.6000,22.9500,23.0800,30.3600,29.6800,40.4000,39.2400,34.8000,25.2800,25.4800,25.8000,27.8400,32.6000,33.4800,25.2000,15.8400,17.7200,22.7200,18.8400,14.9200,10.2000,16.4400,27.5000,23.6000,13.2800,11.5600,18.7600,23.6800,24.2400,16.2000,18.8000,15.3600,4.5200,6.9200,12.9200,13.6000,19.0400,17.8000,13.7200,13.2000,13.4400,18.2000,24.8000,49.4800
191.1500,181.1600,170.4400,170.2800,178.2400,183.2000,174.6000,169.6400,159.5200,150.0400,151.6000,166.1600,162.6800,165.2000,164.8000,165.7600,174.1600,172.4800,164.7200,162.4000,148.2000,130.5500,102.5200,110.1600,134.7600,157.1600,169.6400,178.6800,182.1200,185.7200,182.8800,169.7200,167.2400,172.2800,168.4000,168.7600,163.6000,155.8400,144.9600,144.9600,142.0000,107.2800,132.4500,157.0000,137.5600,100.0400,81.3600,49.1200,36.2400,33.9600,40.7600,33.8000,32.3600,37.2800,32.4000,28.4400,29.3200,37.3600,34.8000,30.2800,19.2800,16.2000,25.9600,24.7200,25.0500,22.7200,31.4800,30.7600,34.6000,33.2400,37.1200,41.8000,38.2400,39.4400,36.1200,36.6400,38.3200,42.5600,48.8800,49.3200,42.2400,49.2000,45.6000,45.7600,37.2000,34.5500,33.8400,42.6400,42.9600,55.1200,53.0400,46.3600,36.3200,37.7200,39.4000,41.0400,46.1200,46.4400,35.6000,24.8000,25.8000,30.3200,25.6400,19.4400,14.8000,24.6800,36.7000,29.7600,15.4000,17.5600,25.7600,32.2800,30.9200,21.8800,22.5600,16.8800,9.2000,6.3200,11.4400,14.6800,18.0000,18.0000,14.3600,16.9200,19.6000,25.9600,34.1600,57.2400
195.5000,185.1200,175.2400,177.1600,185.4800,189.6000,184.8000,179.1600,171.6800,156.2000,162.2400,173.1200,170.2000,175.0800,174.0400,172.3600,181.3200,180.8000,174.2000,169.8400,155.0000,137.0000,111.6800,116.8400,140.0400,165.5200,175.1200,185.8000,190.8000,191.6800,188.3600,175.8000,174.3600,180.8400,178.4400,173.8800,166.9200,159.4400,149.4400,152.9200,148.6800,114.7200,143.6500,163.3600,144.1200,111.1600,95.3200,66.9600,57.4400,53.2000,55.8800,45.2800,45.3200,52.3600,46.6400,43.8000,43.5600,54.1200,50.1200,43.2800,26.8000,27.5200,40.4400,38.1200,37.5000,36.3200,47.2800,47.5200,52.1600,48.0800,52.8800,58.6000,53.5200,56.1600,52.2000,52.4800,54.6000,59.3600,66.1200,66.1600,59.0800,67.2800,62.8000,62.3600,51.9200,49.6000,49.8800,60.9600,60.1200,73.7600,70.2400,62.2400,52.0000,54.4400,55.9200,57.0000,64.1600,62.5200,49.6000,37.9600,40.0800,44.7600,38.4000,29.1600,25.0400,36.8800,51.0500,40.3200,19.7200,26.5200,37.2800,45.6000,46.6000,33.5600,31.4000,22.3200,20.2800,14.9200,8.8400,20.0800,17.6800,23.9200,23.2800,28.4400,34.4800,43.4000,53.5600,71.6400
198.0500,189.8400,180.8000,179.5200,181.2800,181.0800,177.0800,175.8400,161.6000,144.7200,153.5600,169.0000,165.8400,167.0400,168.1600,171.1200,176.0800,176.7600,173.0000,168.4400,151.0000,131.3500,107.8000,114.7200,138.3600,165.2000,174.6400,183.9200,185.6000,184.1600,182.8000,178.4800,174.0000,175.4000,172.4000,171.7200,164.6800,157.7600,148.1600,145.3600,142.8400,111.3200,137.1000,155.8800,142.1200,106.0400,88.7600,59.5200,50.8000,49.0000,54.0400,48.9600,49.9200,57.1600,48.0800,39.8400,38.0400,47.4800,46.6400,43.3200,32.3600,27.8800,37.4800,39.4400,41.8500,38.3600,43.1600,45.7200,51.4800,51.9200,56.1600,60.7600,54.0000,52.3200,51.1200,52.8800,56.1200,56.9200,61.9200,58.7200,53.8800,61.9200,59.2000,61.3200,52.8400,46.8000,43.8000,52.6400,52.7200,64.2800,61.8400,54.3200,44.8400,47.1600,50.8400,54.5200,59.8400,60.7200,51.2800,37.5600,34.2800,37.5600,31.9600,24.2000,22.4400,37.8400,53.4000,43.6800,30.1600,33.9200,44.7200,51.2000,50.1200,39.8800,39.0400,31.6000,19.7600,16.1600,15.1200,6.8000,16.1200,19.1200,18.5200,26.8800,35.5200,43.4800,51.8400,66.6400
210.5000,200.0000,192.0400,192.5200,196.7200,198.0000,195.1600,190.7600,183.1200,164.1600,175.2400,188.6400,184.9600,187.4800,186.8000,185.2800,191.8800,191.5600,186.8000,180.0400,164.4000,147.0500,132.8800,137.7200,154.4000,175.3200,182.9600,194.0400,198.2800,199.0000,197.6000,190.3600,187.8000,191.7200,190.1200,188.0800,181.2000,170.6800,159.8000,166.6400,161.7600,133.1200,159.0000,177.9600,164.4000,135.5200,121.5600,93.2400,82.7200,82.0000,83.6800,82.6800,86.2400,95.5200,88.2400,75.6400,66.0800,78.2000,80.1200,77.5600,60.0400,64.0800,79.5600,81.4800,82.7000,77.0000,84.2000,87.1600,91.3200,91.7600,96.3600,102.1600,97.6800,99.3200,96.6400,96.6400,99.4400,103.9600,109.8800,106.0000,97.2000,106.2400,105.8000,105.4800,95.5200,89.3000,80.1200,91.2400,90.7200,100.0400,93.8000,82.8800,73.6800,79.7200,89.8800,93.4800,102.4400,103.0800,90.4800,76.0000,65.1200,61.4800,53.2400,41.0800,46.2400,74.0400,89.4000,75.4000,53.4800,73.0000,80.7600,89.4000,84.2800,74.4400,71.0800,54.8400,54.4000,40.2000,26.4800,31.8000,13.2400,26.8400,35.2400,55.2400,70.3200,80.1600,89.0000,98.3200
193.3000,182.8000,171.3200,171.6000,178.4800,181.0000,176.8000,172.7600,168.8400,154.4000,157.3600,173.4400,164.9600,167.0800,167.5200,165.0400,173.8800,173.2400,166.3600,161.8800,150.7200,127.8000,104.9600,109.0000,133.2000,155.2000,164.8400,175.2800,181.3600,183.1200,179.8400,168.8800,167.8800,174.2800,171.8000,168.6000,162.3600,151.6000,138.9200,147.8800,139.9200,109.0800,139.7000,159.0000,138.6400,102.6400,84.5600,51.5600,39.8000,36.9200,43.9200,42.1200,43.3200,49.5600,45.6000,41.2800,39.3600,46.9600,45.0400,40.8400,31.1200,29.8400,41.3200,38.8800,37.9000,33.0000,43.7600,43.6000,44.8800,44.4000,48.3200,53.1600,50.8000,53.4000,50.8800,49.3600,49.8000,54.8400,59.4400,59.4800,52.6400,58.8400,55.6800,55.7600,48.8000,48.1000,47.0400,57.3200,54.6000,65.5600,63.9200,57.8000,47.6400,48.3600,49.8000,50.6400,55.4800,55.9600,47.3200,38.4000,39.5600,41.6800,36.8800,30.6400,28.7200,37.7200,48.2000,41.1200,27.6800,31.0800,37.8000,43.9600,39.6800,31.4000,33.9200,24.0400,23.1600,19.6800,16.8800,21.1200,18.0400,5.5200,8.7600,17.0400,24.6000,34.6800,41.9200,58.0400
189.2500,178.6400,166.2400,168.0800,176.8000,180.0800,173.5600,171.8400,162.5600,149.2000,151.3200,165.1200,159.8800,161.1600,159.0800,161.6800,168.6400,167.7200,159.7600,158.4000,143.4800,124.1000,97.9600,102.2000,126.0000,150.5200,164.1600,176.0000,179.3200,181.2000,178.4800,166.4800,165.6800,168.8800,163.6800,162.9600,156.5600,149.7600,137.4000,136.5600,136.4400,105.9200,130.8000,153.6800,130.4800,94.9200,71.3600,35.6000,20.7200,19.7600,32.2000,30.1600,29.7600,32.5600,28.8800,27.0800,28.5600,34.4800,31.8800,29.2400,21.6400,18.0000,24.0800,21.1600,20.0500,16.9600,27.8400,24.2400,24.5200,24.6000,28.4000,33.9600,30.5200,33.1600,29.0800,27.5200,29.2800,34.0000,38.6400,40.6800,35.2800,40.6000,36.8400,37.2400,30.7200,30.3000,31.0400,39.4400,38.2400,49.2000,47.6800,42.6400,33.4800,34.0800,34.3600,35.8000,39.8400,39.9200,31.6400,24.0000,26.5600,30.1600,26.8800,21.6000,19.0800,25.0000,34.2500,29.8000,19.0400,17.2800,22.0400,27.4400,23.0400,16.4400,22.3200,16.9200,13.4400,11.5600,13.4400,14.3200,16.6000,6.6800,3.2800,5.4000,9.6000,14.8000,21.4800,44.4000
194.4500,182.4800,169.9600,169.4400,175.5200,177.8000,170.5200,167.6000,157.4400,148.4400,146.9600,161.6800,157.0400,158.2800,157.0000,162.2000,167.8800,164.9600,157.5200,157.3600,141.6000,124.4500,98.0000,104.2000,129.1600,146.6400,162.1200,173.7200,177.0000,181.0400,178.8800,169.4800,166.1200,166.5200,159.0400,160.8000,156.3600,152.4400,135.9200,137.7200,135.4000,106.0400,131.0500,154.3200,133.1600,94.2000,70.6000,31.2800,15.4400,14.6800,30.8800,29.2800,28.0800,29.7200,24.8800,24.4800,27.6000,34.2400,30.8000,28.5200,20.5200,15.6000,20.6000,16.6000,14.9500,12.4000,25.0400,19.0000,18.0000,19.1200,22.8000,29.2000,25.8800,28.6400,23.8800,21.6000,23.2000,29.4000,35.6000,38.9600,33.0800,37.7200,33.4800,33.7200,26.3600,26.7500,29.0400,37.8800,36.6800,49.0000,47.6800,42.9600,32.3600,32.7200,32.2400,34.0000,38.0400,37.7600,29.2000,20.9200,24.7200,29.7200,25.9200,21.1200,17.6400,22.8400,33.0500,29.4000,18.0000,13.8000,18.3600,24.0800,19.2000,12.7200,21.0000,17.0400,11.8000,11.1600,14.8000,15.6800,18.9600,10.7200,5.9200,3.0800,4.7200,8.8800,14.7600,39.3200
187.7000,178.0400,168.4800,168.8800,175.9600,176.1200,167.5600,160.9600,157.0800,150.2800,148.5600,162.9200,159.7600,159.2000,155.6400,159.9200,165.8000,160.3600,156.2800,155.8800,146.1600,124.2500,97.0800,103.8000,133.7200,148.1600,155.1200,167.0000,172.4000,178.5600,178.7600,169.2400,165.4800,166.5200,161.1200,163.9200,159.9200,152.2000,141.4000,142.8800,136.4400,103.3600,131.1000,158.7600,134.2400,93.5600,70.8400,27.3600,10.6000,10.6000,28.6400,24.1600,21.7200,22.0400,17.8800,19.0800,22.0000,26.3600,23.8000,22.0400,16.6000,12.9200,16.5200,11.9600,10.3000,9.1600,21.9600,14.0800,11.6800,13.4800,16.0800,21.8400,18.6400,21.0000,17.0800,14.5200,16.4000,21.3200,26.4400,30.5600,24.4000,28.5200,24.8800,25.6800,18.9600,19.8000,22.4000,28.6400,27.8400,38.4800,38.5200,35.0400,25.3600,24.7200,23.8400,25.4000,28.8000,29.0800,21.7600,15.6400,19.7200,24.6400,21.8000,18.7600,14.8400,17.2800,25.4500,23.8400,15.0000,10.4800,13.4800,17.5600,14.6400,9.6400,16.5200,15.0800,10.5200,11.1600,14.9600,16.0800,20.3600,13.7200,8.9600,5.1200,2.6000,4.3200,8.5600,34.0000
192.6000,183.8800,173.0800,170.9600,175.2400,170.9600,163.7200,162.3600,159.9600,155.3600,152.5600,163.8000,162.2000,159.6400,155.6400,159.5600,163.4000,160.9600,160.0400,159.8400,150.6800,126.8000,99.3600,106.0400,135.5200,155.2400,155.9600,163.3200,166.9600,173.7200,175.3600,172.6000,165.6800,166.4400,161.6000,163.9200,156.4800,145.9200,138.3200,143.3200,136.5200,107.0400,134.1500,156.6400,132.8400,94.1600,75.1200,25.8800,9.2000,10.0800,27.9200,24.9600,22.1600,21.6400,17.2400,19.2000,23.1600,27.5200,24.2400,22.7600,17.9600,13.7600,16.6800,11.6000,9.7000,9.0400,21.4000,12.4400,9.4400,12.3600,14.8000,20.9200,17.7600,20.8400,15.7600,12.9200,15.0000,20.7200,25.9600,30.6000,24.3600,27.8800,24.4800,25.2800,18.3200,19.7500,23.1600,29.3200,28.4800,39.2000,39.8000,36.6800,26.6000,25.2800,24.1200,25.3600,28.4800,28.8400,21.2000,15.8800,20.9200,26.5600,23.5600,21.3200,16.9200,17.6400,25.9500,24.9600,16.8400,11.3600,13.3200,17.6400,14.5600,10.2000,17.9200,17.5200,12.7600,14.1600,18.8000,20.1600,25.6400,20.7600,14.4400,9.6400,5.0000,2.7600,5.8800,34.2000
193.6500,184.4800,174.9600,174.0400,179.8400,179.7200,172.6000,165.8400,160.6800,160.1200,154.6000,169.0400,164.7200,166.0800,165.0400,167.4800,172.5600,170.3200,164.3200,162.3200,155.3200,137.1000,103.5200,108.4400,137.8400,158.5200,161.8000,171.2800,177.5200,182.6400,182.1200,175.7600,172.4400,176.1200,172.0400,171.1600,163.1200,153.4400,143.5600,149.8000,142.3200,109.0400,142.8000,160.6800,137.2800,99.9200,78.5200,30.5600,13.8800,13.3200,30.7600,32.1600,30.8400,30.2400,27.6000,31.3600,37.3200,43.8400,37.8800,35.5200,29.9200,24.2000,26.0800,21.4000,17.5000,16.2000,28.8000,19.3600,12.5200,17.2800,21.0000,28.2400,26.3600,30.3200,24.1200,19.1600,21.6800,30.0000,36.2400,41.2000,36.1600,38.4400,34.6800,33.8000,27.2800,31.6000,35.0400,42.8000,41.3200,56.0400,56.5200,52.6800,40.9200,39.3200,37.0800,38.0800,40.9200,40.4000,32.1200,27.6000,33.7200,41.0800,37.8400,35.0400,29.8000,29.9200,37.8000,37.3600,28.2800,20.6000,20.8400,25.2400,19.6800,16.8400,26.7200,27.3600,23.8800,25.8800,31.3200,34.0000,39.2000,33.5600,26.5600,19.1200,12.9600,9.1600,4.8800,31.6400
225.6000,220.2400,217.0000,217.6000,217.3600,218.7600,216.5200,212.5200,205.4800,201.6400,206.2400,210.1600,206.2800,209.9200,210.6400,211.9200,214.5600,213.4400,206.5200,202.4400,196.1200,181.4000,163.0400,167.9200,186.1600,202.0400,210.4800,217.4000,219.3200,220.0800,218.2800,216.7600,214.9200,214.9600,212.5600,209.9600,203.7600,195.9200,190.8800,192.1600,183.4400,161.6400,184.9000,198.4800,186.2000,164.8800,145.0800,93.8400,86.3200,78.6000,110.8800,136.6400,141.3600,139.1600,133.2400,143.5600,154.2000,161.6000,149.5200,149.4000,142.4800,133.9200,128.8400,123.1600,115.6500,113.6000,126.5200,110.7600,80.5600,93.6400,104.4000,129.1600,130.2400,136.7600,125.9600,111.4000,117.0000,136.4800,146.8000,154.6000,150.2800,153.1600,145.0000,143.2800,133.0800,139.9500,147.9600,159.7200,158.3200,171.8000,173.4400,170.8000,158.6800,154.9200,151.6000,149.6000,155.4400,153.6800,138.8400,137.1600,147.5200,158.6000,157.1600,154.9200,143.4000,140.0800,149.8500,150.2800,139.8800,123.6000,118.7200,126.4000,100.3200,106.7200,133.5600,137.5200,134.4800,140.4000,147.3600,150.4000,156.6400,148.2800,138.9200,125.3200,111.2800,96.3200,56.9200,27.4400
