13.7500,49.3333,82.2500,131.1667,169.0000,192.6667,204.5000,215.5000,211.5000,211.0000,204.0000,204.6667,212.2500,216.5000,222.2500,229.0000,231.0000,221.3333,214.5000,216.3333,208.7500,213.8333,212.7500,212.3333,205.2500,204.8333,214.0000,215.0000,227.5000,228.1667,232.2500,232.8333,234.5000,237.5000,239.0000,240.3333,241.7500,242.6667,243.0000,243.0000,243.5000,243.1667,241.0000,241.1667,240.7500,238.8333,237.5000,237.3333,237.5000,237.5000,239.2500,241.1667,242.5000,240.5000,242.0000,244.8333,245.0000,245.8333,246.5000,247.0000,247.5000,247.8333,247.7500,248.8333,248.0000,248.0000,246.5000,246.8333,246.5000,246.6667,246.5000,246.8333,246.5000,247.3333,247.7500,247.8333,248.0000,248.1667,247.7500,247.5000,247.5000,246.5000,244.2500,245.3333,244.7500,243.8333,241.7500,240.3333,241.5000,242.0000,243.2500,244.5000,244.7500,244.6667,244.2500,243.6667,244.0000,243.5000,242.7500,243.5000,244.5000,243.8333,242.2500,243.5000,243.2500,242.8333,244.2500,244.3333,244.2500,244.0000,243.7500,243.8333,242.7500,243.0000,242.5000,243.3333,244.0000,244.6667,245.2500,245.3333,245.5000,244.3333,245.0000,244.6667,243.7500,244.5000,243.2500,243.0000
56.3333,19.1111,55.6667,89.2222,132.8333,166.1111,190.0000,209.1111,198.8333,203.8889,195.0000,197.6667,210.5000,211.3333,220.0000,226.1111,227.0000,216.0000,205.8333,205.3333,193.5000,200.3333,205.8333,206.3333,203.3333,202.8889,211.1667,214.0000,225.3333,229.0000,234.3333,234.2222,234.8333,238.4444,240.0000,241.2222,243.1667,243.3333,243.8333,243.3333,244.0000,243.6667,242.1667,241.7778,242.3333,239.6667,236.1667,236.4444,237.8333,238.1111,239.3333,241.7778,242.8333,241.2222,243.8333,246.1111,246.5000,247.0000,247.6667,248.3333,248.5000,249.1111,249.3333,249.7778,249.3333,249.1111,248.3333,248.0000,248.3333,248.4444,248.1667,248.1111,247.8333,248.7778,249.3333,249.2222,249.6667,249.6667,249.3333,248.6667,248.8333,247.8889,245.8333,246.5556,246.6667,245.3333,243.1667,242.6667,242.6667,243.2222,245.1667,246.2222,245.3333,245.5556,245.1667,244.4444,244.5000,243.3333,242.8333,244.0000,242.8333,243.7778,240.5000,242.3333,243.1667,243.7778,245.3333,246.1111,245.5000,245.1111,244.3333,243.6667,242.6667,241.8889,242.3333,242.7778,243.8333,245.8889,246.5000,246.6667,246.5000,244.6667,245.0000,245.6667,245.5000,245.1111,243.5000,241.7778
94.7500,51.0000,11.0000,51.8333,87.5000,124.3333,166.7500,193.3333,184.0000,188.3333,189.2500,190.3333,207.5000,210.5000,218.0000,223.1667,222.5000,210.5000,198.0000,195.1667,177.0000,190.6667,202.2500,202.8333,201.5000,203.5000,213.0000,214.8333,224.7500,227.1667,232.7500,232.3333,233.5000,236.8333,238.5000,240.1667,242.5000,243.1667,243.0000,241.0000,242.7500,243.3333,241.7500,241.1667,241.7500,238.6667,234.2500,233.5000,236.2500,236.6667,237.7500,240.1667,240.2500,240.0000,243.0000,245.5000,245.7500,246.8333,248.0000,248.3333,248.7500,249.0000,249.0000,249.8333,249.0000,249.0000,248.0000,248.3333,248.5000,248.3333,248.2500,248.3333,247.7500,249.0000,249.0000,249.1667,249.5000,249.5000,249.2500,248.6667,248.7500,248.1667,246.0000,246.3333,246.0000,244.6667,242.2500,241.3333,242.0000,243.1667,245.2500,246.1667,245.2500,245.5000,244.5000,243.5000,243.5000,241.6667,240.5000,241.8333,241.0000,241.8333,236.5000,238.8333,241.7500,243.0000,245.0000,246.0000,245.2500,245.5000,244.0000,242.3333,242.2500,240.5000,240.0000,241.1667,243.0000,245.8333,246.2500,246.5000,246.2500,244.6667,244.5000,245.3333,245.2500,244.3333,242.5000,240.8333
145.3333,94.1111,54.6667,18.1111,47.8333,88.6667,140.0000,176.2222,164.5000,175.2222,174.0000,173.7778,191.8333,200.6667,212.6667,214.7778,211.6667,197.6667,176.8333,169.4444,151.3333,167.5556,189.3333,191.6667,197.3333,202.7778,213.0000,215.0000,223.5000,225.7778,230.8333,228.8889,228.5000,233.5556,236.1667,237.7778,241.0000,242.0000,242.1667,239.0000,240.8333,241.6667,239.8333,239.5556,240.8333,237.6667,231.6667,230.5556,233.1667,232.7778,233.8333,237.0000,239.5000,238.0000,242.0000,244.4444,244.6667,246.0000,247.5000,248.2222,248.5000,248.8889,249.1667,249.7778,249.0000,249.1111,248.0000,248.0000,248.1667,247.7778,247.8333,247.8889,247.3333,248.4444,249.0000,249.0000,249.3333,249.4444,249.1667,248.4444,248.5000,247.4444,245.3333,245.2222,245.1667,244.0000,241.1667,240.1111,240.8333,241.4444,244.6667,245.2222,244.5000,243.7778,242.0000,241.1111,241.5000,238.4444,237.5000,238.4444,237.8333,238.5556,231.5000,235.4444,238.6667,241.2222,244.5000,245.5556,244.8333,244.1111,243.0000,240.3333,238.6667,236.4444,235.1667,238.1111,241.0000,244.8889,245.8333,245.5556,245.8333,243.4444,243.3333,244.3333,244.8333,243.2222,240.8333,238.4444
196.2500,149.6667,97.5000,52.3333,9.2500,56.3333,103.5000,152.1667,144.2500,168.1667,177.2500,176.5000,198.7500,207.5000,218.5000,221.8333,214.2500,199.6667,181.2500,161.5000,146.5000,160.3333,193.2500,197.0000,204.5000,207.8333,216.7500,216.5000,224.0000,225.6667,229.7500,229.1667,229.2500,233.0000,235.7500,236.6667,240.2500,241.1667,241.2500,236.8333,239.7500,241.0000,239.0000,238.6667,240.5000,236.6667,228.7500,228.3333,231.2500,231.0000,232.2500,235.8333,237.5000,237.1667,240.7500,244.0000,244.2500,246.0000,247.5000,248.1667,248.7500,249.0000,249.5000,249.8333,249.2500,249.1667,248.2500,248.0000,248.2500,247.8333,247.7500,247.8333,247.5000,248.6667,249.0000,249.0000,249.7500,249.6667,249.2500,248.3333,248.2500,247.3333,245.5000,245.0000,245.2500,243.1667,240.7500,240.0000,240.2500,240.5000,243.2500,244.5000,243.0000,242.6667,240.7500,239.8333,240.0000,236.6667,235.0000,236.3333,236.0000,236.1667,227.5000,231.1667,236.5000,239.8333,244.0000,245.0000,244.0000,242.8333,241.5000,237.6667,236.5000,233.5000,232.5000,235.3333,239.5000,244.1667,245.2500,245.3333,245.0000,243.0000,242.5000,243.1667,244.0000,242.3333,239.7500,235.3333
211.5000,183.3333,135.6667,91.6667,44.5000,17.6667,47.1667,100.7778,106.5000,133.6667,151.5000,161.2222,178.3333,196.7778,209.1667,212.1111,206.3333,192.4444,172.0000,155.4444,141.1667,173.0000,194.6667,200.6667,204.1667,199.6667,210.1667,203.4444,212.3333,210.3333,215.8333,213.4444,213.0000,219.3333,224.5000,225.6667,230.6667,234.3333,234.1667,227.8889,230.1667,232.2222,229.3333,228.3333,231.5000,225.8889,215.8333,213.0000,220.0000,216.1111,216.5000,224.7778,228.1667,226.8889,233.5000,237.6667,238.0000,241.0000,243.8333,245.2222,246.3333,246.5556,247.3333,247.7778,247.1667,246.8889,245.6667,245.5556,245.6667,244.4444,244.6667,244.3333,244.1667,246.4444,246.3333,247.0000,247.5000,247.7778,247.1667,245.5556,246.1667,244.3333,240.8333,239.5556,239.5000,235.8889,232.3333,230.8889,230.8333,230.6667,235.8333,238.3333,237.1667,236.1111,232.5000,231.1111,231.1667,227.8889,225.8333,227.8889,228.8333,229.7778,216.1667,221.4444,229.0000,233.4444,239.3333,239.6667,238.0000,236.2222,235.5000,230.5556,227.6667,223.7778,222.5000,228.6667,233.0000,239.5556,241.6667,241.5556,242.1667,238.3333,236.5000,237.0000,239.1667,236.5556,233.5000,230.6667
221.2500,201.6667,173.7500,142.1667,92.2500,49.5000,8.7500,52.5000,77.5000,108.0000,134.7500,155.1667,175.5000,195.0000,211.2500,211.3333,209.2500,197.6667,176.0000,160.5000,152.0000,188.1667,199.2500,203.8333,205.5000,194.8333,202.7500,191.6667,201.5000,200.0000,208.5000,204.8333,203.5000,212.3333,218.7500,219.6667,224.0000,229.6667,229.5000,222.1667,223.7500,227.5000,223.0000,223.0000,228.2500,222.0000,207.0000,204.0000,210.7500,205.1667,205.5000,216.6667,222.7500,221.8333,229.7500,234.3333,235.2500,238.8333,241.5000,243.1667,244.5000,245.1667,246.0000,246.6667,245.7500,245.6667,244.0000,243.6667,243.5000,242.3333,243.0000,242.5000,242.2500,245.1667,244.7500,245.5000,246.5000,246.6667,245.7500,244.0000,244.2500,241.8333,238.0000,236.3333,236.2500,232.0000,228.5000,227.8333,225.7500,225.5000,231.5000,234.3333,234.0000,232.3333,226.7500,226.3333,226.2500,221.8333,219.7500,222.6667,224.5000,225.6667,209.0000,214.1667,224.2500,229.0000,236.0000,237.1667,234.7500,232.3333,232.7500,225.6667,220.2500,215.6667,214.7500,223.0000,229.0000,237.6667,239.5000,239.6667,239.7500,236.0000,233.2500,233.1667,236.7500,233.6667,230.2500,228.5000
220.3333,203.6667,181.6667,160.0000,127.8333,91.0000,46.0000,19.3333,44.1667,71.6667,90.6667,119.7778,144.3333,164.2222,182.6667,185.7778,183.5000,175.5556,155.6667,146.4444,140.1667,173.8889,177.1667,182.0000,177.3333,157.6667,161.8333,148.3333,167.1667,163.4444,177.3333,173.6667,172.5000,192.6667,200.5000,204.5556,208.1667,217.0000,218.1667,210.0000,211.8333,212.3333,208.6667,206.7778,214.0000,204.5556,182.6667,170.2222,184.1667,178.7778,175.8333,203.1111,209.8333,206.1111,217.1667,223.8889,225.6667,229.3333,234.8333,237.6667,239.3333,241.1111,242.3333,242.6667,241.3333,240.6667,238.3333,237.6667,237.5000,234.6667,236.3333,235.5556,235.6667,240.2222,239.8333,240.5556,242.5000,242.7778,241.0000,239.1111,239.3333,235.6667,228.3333,227.1111,226.1667,220.1111,213.1667,211.8889,208.6667,210.4444,218.6667,222.6667,222.6667,220.6667,215.8333,215.2222,215.0000,211.5556,211.8333,215.4444,217.3333,219.1111,202.3333,208.3333,218.1667,221.6667,227.5000,227.8889,225.1667,222.8889,223.0000,217.5556,211.3333,205.0000,206.3333,217.0000,222.6667,229.3333,233.0000,233.1111,233.5000,228.8889,224.5000,224.0000,228.3333,225.6667,223.8333,223.6667
215.0000,194.8333,176.7500,162.0000,141.0000,114.3333,86.5000,46.3333,8.2500,34.1667,47.0000,57.3333,81.0000,97.6667,121.7500,128.1667,141.5000,127.5000,98.2500,100.0000,81.2500,121.3333,125.0000,124.3333,115.2500,99.6667,119.5000,116.1667,150.2500,147.8333,162.0000,158.3333,165.2500,176.3333,182.0000,187.0000,192.0000,200.8333,203.0000,194.0000,196.5000,197.6667,194.7500,191.3333,197.7500,188.1667,176.7500,172.6667,177.5000,169.8333,168.0000,186.1667,197.0000,191.6667,201.7500,208.0000,209.5000,213.1667,221.0000,226.6667,231.2500,232.8333,234.7500,235.0000,232.7500,231.3333,226.7500,226.0000,224.5000,219.5000,222.2500,220.3333,222.7500,229.5000,229.2500,230.1667,233.7500,234.6667,232.0000,228.8333,230.2500,222.3333,209.7500,210.1667,212.2500,205.5000,196.5000,194.3333,192.7500,195.3333,206.7500,208.8333,208.2500,206.8333,199.5000,200.0000,198.5000,195.3333,196.5000,199.0000,199.2500,203.0000,184.5000,190.8333,203.2500,206.0000,213.5000,214.1667,210.7500,207.6667,208.0000,202.6667,197.0000,190.8333,190.0000,201.0000,206.2500,214.5000,219.7500,220.5000,220.2500,214.8333,208.7500,208.0000,214.5000,209.6667,208.2500,208.1667
215.1667,193.2222,172.1667,158.4444,143.5000,121.2222,95.1667,64.6667,35.8333,10.4444,19.3333,25.6667,33.0000,44.2222,49.3333,55.4444,62.6667,55.7778,41.6667,46.3333,50.8333,73.2222,53.5000,55.6667,65.0000,64.0000,82.5000,78.5556,106.0000,105.0000,116.8333,114.6667,123.0000,135.3333,144.1667,151.2222,154.8333,162.4444,167.3333,158.2222,157.0000,158.8889,153.6667,147.0000,154.1667,143.5556,129.1667,125.0000,130.3333,126.5556,128.6667,147.0000,156.0000,148.4444,160.8333,171.0000,175.0000,181.3333,193.0000,206.0000,215.0000,216.6667,220.0000,219.5556,215.8333,213.2222,206.5000,204.3333,199.5000,189.7778,195.8333,194.2222,203.1667,210.3333,208.3333,210.5556,217.0000,219.0000,215.0000,210.4444,212.6667,199.8889,180.6667,176.5556,178.1667,165.6667,158.3333,155.2222,150.3333,155.2222,167.5000,171.8889,171.8333,169.1111,161.1667,162.6667,161.6667,162.0000,162.5000,165.5556,166.6667,171.1111,155.3333,161.8889,170.3333,172.2222,179.0000,180.7778,175.8333,172.5556,172.5000,165.3333,160.6667,157.0000,158.6667,166.3333,173.3333,182.0000,188.6667,189.4444,190.1667,181.6667,174.0000,173.5556,180.3333,175.2222,174.8333,177.0000
205.7500,189.0000,170.2500,153.5000,140.2500,116.6667,94.5000,62.6667,37.0000,16.1667,2.7500,7.0000,9.5000,12.5000,18.5000,21.8333,24.7500,22.6667,17.7500,21.0000,29.7500,49.1667,28.2500,30.3333,32.5000,35.1667,53.5000,52.1667,81.2500,80.6667,91.7500,94.1667,101.0000,112.1667,125.0000,131.8333,132.5000,147.0000,151.7500,137.5000,137.2500,140.6667,131.7500,125.1667,131.5000,120.3333,111.7500,110.8333,114.5000,110.5000,111.7500,123.6667,140.0000,130.8333,141.7500,155.3333,159.2500,164.8333,178.2500,194.3333,206.5000,208.3333,212.0000,211.3333,206.5000,202.3333,194.7500,191.6667,185.0000,172.8333,180.5000,178.6667,188.0000,198.6667,196.5000,199.8333,208.0000,210.3333,205.2500,200.5000,203.2500,185.6667,162.7500,160.5000,165.2500,148.1667,141.7500,136.1667,129.5000,136.0000,151.2500,157.3333,156.7500,152.8333,142.7500,140.5000,141.2500,134.8333,135.7500,141.1667,143.5000,149.3333,135.0000,138.5000,150.2500,151.6667,160.7500,164.8333,158.0000,154.1667,155.7500,146.3333,136.0000,135.1667,133.0000,148.0000,153.0000,163.5000,170.0000,171.6667,173.2500,163.5000,155.2500,155.8333,164.5000,155.0000,155.7500,162.6667
205.0000,188.0000,168.6667,153.3333,139.3333,122.2222,96.0000,64.0000,39.8333,17.1111,7.5000,3.3333,5.5000,7.8889,11.8333,15.7778,18.1667,16.5556,14.0000,17.1111,24.5000,38.4444,19.0000,19.0000,23.6667,31.3333,47.8333,50.5556,78.0000,79.5556,87.8333,90.8889,100.3333,107.8889,116.6667,124.5556,125.0000,141.1111,144.5000,131.2222,128.5000,129.3333,121.3333,115.3333,119.8333,111.7778,103.8333,104.1111,105.3333,103.7778,106.3333,116.8889,125.1667,118.8889,133.5000,147.2222,151.6667,156.7778,172.3333,190.6667,203.5000,205.6667,209.1667,208.5556,203.0000,198.7778,190.5000,187.7778,180.6667,166.2222,175.6667,173.2222,184.6667,194.3333,192.0000,196.0000,204.3333,206.7778,201.8333,197.2222,199.8333,180.5556,156.8333,153.8889,156.5000,139.6667,133.6667,128.1111,121.6667,126.7778,141.0000,147.0000,146.8333,141.7778,130.3333,130.0000,132.6667,126.1111,129.8333,135.4444,137.8333,143.2222,128.6667,133.7778,143.6667,145.4444,154.0000,155.6667,149.1667,145.1111,145.3333,135.7778,125.5000,126.2222,128.6667,140.5556,145.5000,156.3333,165.3333,165.8889,169.8333,157.6667,147.8333,147.0000,157.3333,148.5556,150.5000,156.0000
203.7500,188.0000,169.7500,154.0000,140.5000,124.0000,99.7500,67.3333,43.5000,18.6667,8.0000,6.8333,2.5000,5.6667,10.2500,12.3333,16.2500,18.0000,14.0000,16.3333,26.2500,40.0000,18.5000,18.0000,22.2500,34.1667,51.5000,53.5000,78.5000,78.1667,89.2500,89.1667,98.2500,106.1667,114.5000,122.6667,123.0000,139.6667,141.2500,130.6667,125.0000,127.6667,118.2500,111.6667,118.2500,110.8333,102.7500,103.8333,104.0000,102.6667,108.7500,115.0000,123.2500,116.3333,130.5000,143.3333,148.2500,152.3333,169.2500,189.0000,203.5000,205.0000,209.0000,207.1667,202.5000,198.0000,189.2500,186.3333,177.7500,162.5000,172.2500,170.8333,183.2500,192.5000,191.0000,194.1667,202.2500,204.6667,200.7500,196.6667,199.2500,178.0000,155.0000,148.8333,151.2500,137.1667,129.7500,126.6667,117.0000,122.6667,138.2500,142.6667,142.7500,138.0000,127.0000,128.5000,129.0000,126.6667,128.5000,135.3333,137.7500,141.6667,130.5000,133.1667,140.5000,143.0000,150.5000,152.0000,146.0000,141.1667,142.7500,134.0000,123.7500,125.3333,126.2500,137.8333,143.5000,154.0000,163.2500,164.5000,168.7500,154.6667,144.7500,143.6667,153.5000,145.8333,148.2500,151.6667
209.8333,192.8889,171.5000,154.4444,142.8333,128.5556,104.0000,75.3333,51.0000,24.1111,12.3333,9.5556,7.5000,3.6667,8.8333,12.3333,15.6667,16.6667,14.5000,18.5556,27.8333,41.8889,21.0000,20.4444,26.0000,33.8889,58.6667,61.4444,87.8333,89.5556,100.0000,97.6667,107.3333,117.0000,124.8333,134.0000,135.8333,152.8889,154.6667,140.8889,138.1667,141.3333,135.0000,129.2222,135.6667,126.6667,115.8333,117.2222,117.5000,116.4444,117.5000,127.0000,137.6667,132.4444,146.5000,157.7778,162.5000,167.0000,181.0000,197.7778,209.8333,211.7778,215.0000,213.1111,208.5000,204.1111,196.3333,194.1111,187.3333,175.7778,183.8333,182.0000,192.6667,201.4444,200.3333,201.7778,208.5000,210.4444,208.3333,203.7778,206.0000,188.6667,166.6667,163.5556,165.3333,150.7778,144.3333,139.8889,133.6667,138.5556,152.3333,158.0000,158.0000,153.6667,141.6667,141.5556,142.6667,136.5556,136.8333,144.6667,143.6667,150.8889,134.6667,140.5556,154.5000,157.3333,165.0000,166.4444,161.0000,156.7778,159.0000,148.0000,136.5000,133.3333,134.6667,151.4444,157.6667,167.1111,174.0000,175.3333,178.3333,168.8889,159.5000,159.0000,167.5000,160.2222,162.1667,163.6667
216.5000,197.8333,172.7500,156.6667,150.5000,133.8333,110.5000,80.1667,54.2500,32.1667,21.5000,16.6667,14.5000,12.6667,3.2500,11.5000,17.5000,19.0000,18.7500,26.0000,30.7500,44.3333,21.5000,21.1667,26.2500,43.1667,65.0000,68.1667,91.7500,94.0000,103.5000,101.6667,108.7500,116.0000,126.7500,133.0000,136.7500,154.0000,155.5000,139.0000,140.7500,144.3333,134.2500,128.5000,136.2500,127.1667,114.7500,116.5000,116.2500,115.0000,112.2500,123.8333,141.5000,133.8333,148.7500,160.0000,163.7500,169.3333,185.7500,202.5000,212.0000,214.8333,218.5000,216.8333,212.5000,208.6667,201.0000,198.5000,193.5000,181.1667,190.0000,188.0000,198.0000,206.5000,206.2500,206.0000,212.2500,213.8333,211.7500,208.8333,211.2500,193.6667,170.2500,163.6667,167.2500,150.5000,142.7500,139.6667,132.5000,137.8333,153.7500,160.1667,163.0000,158.0000,147.7500,147.1667,147.7500,142.0000,139.7500,150.0000,149.2500,156.8333,136.5000,144.5000,162.2500,165.1667,171.0000,170.3333,166.5000,162.8333,166.5000,156.6667,142.7500,139.8333,139.0000,159.8333,165.2500,173.3333,180.2500,181.1667,184.7500,174.6667,164.2500,162.6667,171.0000,167.1667,169.0000,170.8333
211.1667,194.1111,171.5000,153.3333,147.5000,133.8889,115.5000,90.6667,61.0000,41.1111,34.3333,27.5556,19.6667,18.0000,12.8333,5.2222,11.5000,13.0000,16.6667,21.7778,32.5000,42.3333,21.0000,26.7778,32.5000,48.7778,70.6667,78.8889,104.3333,107.4444,118.3333,115.8889,120.6667,130.4444,139.1667,147.4444,149.3333,166.3333,167.8333,151.7778,153.1667,157.2222,149.3333,144.1111,148.1667,141.2222,130.6667,132.2222,131.3333,129.8889,129.0000,139.1111,155.0000,147.6667,160.8333,170.2222,174.3333,179.0000,193.5000,209.5556,219.3333,220.4444,223.6667,221.7778,218.1667,214.5556,207.1667,205.1111,199.5000,188.0000,196.1667,193.5556,202.1667,210.2222,210.5000,210.8889,216.3333,217.8889,216.8333,213.3333,215.3333,199.6667,178.6667,174.0000,178.1667,163.0000,154.1667,150.8889,145.5000,151.2222,166.5000,172.4444,173.1667,168.3333,156.5000,157.5556,156.6667,152.0000,150.3333,159.1111,160.3333,165.6667,150.5000,154.7778,167.8333,172.0000,179.5000,181.3333,175.3333,172.3333,174.8333,166.6667,153.1667,148.5556,148.0000,167.0000,172.6667,183.4444,190.1667,190.0000,193.3333,182.0000,172.8333,172.2222,181.0000,174.4444,175.1667,176.4444
206.0000,188.3333,167.0000,151.0000,141.5000,127.6667,107.5000,82.3333,52.0000,32.0000,25.7500,19.5000,16.0000,17.0000,13.2500,11.8333,3.2500,8.3333,10.2500,13.1667,24.5000,39.0000,17.5000,22.6667,29.7500,42.8333,61.7500,68.5000,94.2500,96.1667,107.5000,105.8333,110.2500,118.1667,126.0000,136.1667,140.2500,157.0000,158.7500,141.8333,142.2500,147.8333,139.5000,134.5000,138.2500,132.0000,118.5000,117.6667,118.5000,116.3333,117.0000,127.8333,142.5000,136.8333,151.5000,160.8333,163.7500,170.1667,186.0000,203.1667,214.0000,214.1667,216.2500,214.5000,211.2500,207.6667,200.2500,197.1667,191.7500,179.6667,187.5000,184.5000,194.2500,201.3333,202.2500,203.3333,209.7500,210.1667,208.0000,205.5000,209.2500,193.1667,170.7500,163.1667,167.5000,153.6667,144.7500,140.0000,135.2500,141.8333,156.2500,162.3333,163.0000,157.6667,143.7500,145.5000,145.7500,141.5000,141.7500,150.6667,149.0000,156.5000,137.7500,147.5000,157.0000,160.1667,169.2500,171.8333,165.5000,161.8333,166.0000,155.3333,141.2500,136.6667,140.0000,154.5000,161.2500,174.6667,182.2500,182.3333,186.0000,172.3333,162.7500,160.8333,171.7500,163.6667,164.0000,168.0000
206.3333,191.1111,169.6667,152.7778,138.8333,122.6667,98.0000,73.4444,49.0000,27.3333,21.3333,16.4444,14.3333,16.6667,15.3333,13.1111,7.3333,3.7778,6.0000,9.2222,20.0000,36.0000,16.3333,18.4444,27.6667,42.7778,57.8333,64.1111,90.1667,89.6667,102.3333,101.3333,105.0000,110.6667,119.1667,126.5556,131.1667,147.0000,145.1667,133.3333,132.3333,136.8889,129.1667,127.3333,134.3333,124.7778,111.6667,111.4444,111.8333,108.6667,108.8333,117.6667,133.0000,129.4444,145.0000,157.7778,160.0000,166.2222,181.5000,197.5556,207.6667,209.6667,213.0000,213.1111,208.5000,204.1111,195.5000,193.0000,187.6667,174.4444,183.8333,181.0000,192.6667,198.4444,198.3333,201.1111,208.6667,211.0000,206.1667,202.4444,206.0000,188.7778,164.1667,160.4444,164.1667,145.6667,139.6667,135.7778,131.1667,132.5556,146.1667,152.6667,153.5000,146.2222,133.5000,133.0000,133.8333,130.8889,134.8333,141.7778,143.1667,150.1111,133.6667,139.7778,150.6667,151.8889,160.1667,162.0000,155.3333,151.0000,154.1667,142.8889,131.5000,131.0000,133.1667,148.0000,152.6667,164.0000,173.1667,174.2222,178.3333,164.1111,151.5000,150.1111,162.0000,154.4444,157.3333,162.1111
207.0000,188.8333,165.5000,151.1667,136.7500,123.1667,100.5000,71.8333,45.2500,27.5000,17.2500,14.6667,14.2500,15.3333,16.2500,14.6667,10.5000,8.5000,2.5000,6.8333,19.7500,36.6667,16.7500,18.5000,23.0000,36.6667,58.5000,62.5000,87.7500,87.6667,98.5000,98.1667,103.7500,111.8333,120.7500,129.0000,132.2500,148.6667,149.2500,136.0000,135.7500,139.1667,132.2500,128.3333,133.2500,124.1667,112.0000,112.6667,113.2500,110.6667,114.0000,122.3333,134.2500,131.3333,144.2500,157.8333,159.7500,163.1667,177.0000,194.5000,205.2500,207.8333,211.2500,211.1667,206.2500,202.0000,193.0000,191.0000,183.2500,170.3333,179.5000,178.3333,190.0000,196.3333,195.2500,199.3333,207.0000,209.1667,205.2500,200.0000,203.2500,186.1667,163.0000,160.5000,164.0000,147.1667,139.0000,135.8333,132.0000,135.1667,148.0000,154.3333,155.2500,149.3333,137.2500,136.8333,139.0000,132.5000,137.7500,141.3333,141.7500,150.1667,136.2500,143.6667,152.0000,155.3333,163.5000,163.5000,158.2500,153.8333,155.7500,145.3333,135.2500,135.8333,137.0000,150.0000,154.7500,165.8333,174.5000,175.5000,177.5000,165.3333,154.2500,152.8333,164.2500,157.0000,158.7500,164.8333
206.8333,187.0000,165.5000,150.1111,134.8333,119.8889,99.1667,74.6667,46.8333,27.4444,22.3333,18.1111,17.3333,21.1111,21.0000,22.6667,18.1667,13.5556,9.1667,4.2222,14.8333,35.5556,18.1667,23.8889,32.0000,39.7778,58.6667,67.7778,91.6667,91.5556,104.3333,103.4444,109.5000,116.4444,125.3333,133.5556,138.5000,154.7778,155.0000,140.5556,139.5000,143.6667,137.6667,134.7778,141.0000,130.0000,115.3333,112.6667,115.0000,112.3333,114.8333,125.4444,137.6667,134.1111,149.8333,163.7778,167.3333,172.8889,187.3333,201.2222,211.0000,212.4444,215.1667,215.7778,211.5000,208.2222,201.5000,199.1111,194.1667,182.0000,190.1667,187.0000,195.6667,202.7778,202.5000,205.4444,212.8333,214.2222,209.0000,205.3333,207.8333,193.4444,173.0000,168.6667,171.0000,154.4444,146.8333,143.7778,137.5000,140.8889,154.0000,160.2222,159.3333,153.2222,140.3333,140.8889,141.3333,138.2222,142.5000,147.2222,148.5000,155.2222,138.5000,144.8889,156.5000,158.0000,166.3333,169.3333,162.3333,159.1111,159.3333,148.8889,137.6667,139.1111,140.5000,153.6667,158.3333,170.4444,180.1667,179.6667,183.5000,168.8889,158.3333,158.6667,168.8333,160.1111,162.5000,166.4444
218.5000,200.0000,180.7500,160.1667,139.7500,131.0000,117.7500,106.0000,76.5000,60.0000,58.5000,51.1667,63.2500,78.1667,88.0000,94.5000,83.5000,62.5000,40.2500,26.8333,6.2500,36.5000,58.5000,67.6667,86.2500,97.8333,119.0000,130.3333,156.7500,156.1667,166.0000,159.5000,156.0000,164.1667,171.0000,173.3333,180.2500,190.5000,188.2500,172.3333,182.5000,187.1667,184.5000,181.6667,185.5000,177.5000,169.5000,169.1667,170.5000,162.0000,159.2500,169.1667,181.5000,180.5000,193.2500,198.0000,199.0000,201.3333,210.2500,218.6667,223.7500,226.1667,228.5000,229.5000,226.2500,223.8333,218.5000,217.6667,215.7500,208.3333,213.0000,212.0000,216.0000,222.6667,221.5000,222.6667,227.7500,229.1667,224.7500,222.0000,223.0000,213.8333,200.7500,197.3333,198.7500,194.8333,188.7500,185.1667,185.2500,186.0000,194.2500,195.6667,194.2500,191.0000,179.2500,178.0000,180.2500,171.1667,174.7500,178.5000,179.0000,184.3333,167.0000,173.5000,187.5000,191.1667,196.0000,197.6667,195.0000,193.0000,193.5000,185.1667,175.0000,175.3333,173.7500,187.0000,191.2500,198.5000,201.5000,203.5000,203.0000,195.3333,188.2500,191.1667,195.7500,191.1667,190.0000,192.5000
226.0000,208.7778,190.0000,169.3333,157.3333,150.5556,146.3333,149.8889,118.0000,110.8889,111.6667,93.0000,97.3333,108.1111,101.5000,113.0000,105.5000,75.8889,61.5000,60.1111,41.6667,15.3333,45.6667,59.6667,103.5000,139.5556,171.0000,175.5556,189.8333,191.8889,198.3333,194.4444,193.0000,198.6667,205.0000,206.7778,214.5000,217.1111,216.1667,204.4444,213.0000,215.5556,215.0000,214.3333,213.6667,206.7778,201.0000,197.6667,199.5000,194.8889,192.3333,204.3333,212.3333,212.2222,219.8333,223.1111,223.0000,225.3333,231.0000,234.6667,237.0000,238.7778,240.0000,241.1111,239.0000,238.5556,235.1667,234.8889,234.1667,231.0000,232.5000,232.1111,232.1667,236.6667,237.0000,237.5556,240.3333,240.8889,238.3333,236.2222,236.1667,231.7778,224.0000,222.7778,223.5000,220.7778,217.6667,212.8889,215.0000,217.0000,219.8333,220.1111,218.5000,217.8889,212.6667,210.0000,212.6667,203.8889,204.5000,207.3333,206.0000,208.8889,197.3333,205.0000,212.3333,217.5556,221.5000,222.6667,220.3333,219.6667,217.0000,211.1111,204.5000,201.0000,202.3333,211.1111,216.5000,223.1111,225.8333,226.4444,225.1667,220.5556,218.0000,220.1111,222.1667,220.4444,216.1667,214.3333
211.0000,192.3333,171.5000,156.1667,142.7500,131.6667,112.7500,87.6667,62.5000,45.3333,35.7500,26.5000,24.5000,25.5000,23.7500,30.5000,28.2500,23.5000,21.7500,28.1667,33.0000,34.0000,4.2500,12.3333,24.5000,40.1667,64.2500,71.5000,98.7500,100.6667,115.7500,113.3333,119.5000,125.0000,131.2500,143.3333,149.5000,163.1667,164.5000,153.0000,154.2500,156.3333,147.0000,140.5000,142.2500,134.5000,123.5000,125.3333,127.7500,125.8333,128.0000,138.0000,151.0000,145.3333,158.2500,169.3333,172.5000,177.0000,189.5000,202.5000,211.7500,213.5000,217.5000,217.6667,214.0000,210.0000,202.7500,200.3333,195.7500,182.5000,191.2500,188.0000,196.7500,203.6667,204.2500,207.8333,214.5000,216.8333,212.2500,206.5000,209.7500,195.3333,175.5000,173.5000,177.5000,162.3333,151.7500,146.1667,144.5000,149.5000,164.2500,170.6667,171.0000,167.6667,156.2500,157.6667,159.2500,153.0000,152.7500,160.5000,159.7500,166.6667,149.7500,158.0000,170.5000,173.6667,180.5000,180.1667,176.2500,172.0000,174.2500,164.0000,155.5000,152.8333,152.0000,167.3333,172.7500,183.0000,189.2500,189.8333,191.2500,181.3333,172.0000,171.3333,180.2500,175.5000,175.5000,176.3333
209.3333,191.7778,169.0000,151.5556,138.6667,127.4444,108.5000,81.4444,56.1667,39.0000,28.6667,22.3333,22.1667,22.3333,21.5000,29.0000,27.0000,23.2222,21.1667,26.4444,28.8333,37.0000,11.8333,5.2222,13.3333,28.2222,48.5000,56.8889,83.6667,88.1111,100.3333,104.5556,109.8333,116.2222,125.0000,134.8889,142.8333,158.4444,159.8333,144.7778,149.1667,151.4444,142.1667,133.4444,132.8333,124.3333,113.3333,114.7778,116.8333,116.0000,115.8333,129.0000,144.5000,138.1111,152.6667,164.3333,167.1667,172.3333,186.5000,200.1111,209.6667,212.0000,216.0000,215.7778,211.5000,207.4444,199.6667,197.2222,192.6667,179.4444,188.3333,185.2222,194.8333,202.0000,201.6667,204.8889,211.6667,213.0000,209.3333,205.2222,208.1667,193.0000,172.8333,167.7778,171.3333,157.5556,146.3333,138.4444,137.5000,144.0000,159.0000,163.4444,163.6667,161.2222,151.1667,152.0000,152.5000,143.8889,144.0000,150.4444,150.1667,156.7778,137.1667,144.7778,162.5000,166.8889,172.1667,172.4444,168.5000,165.0000,167.5000,157.8889,147.1667,144.2222,140.6667,161.0000,166.8333,175.2222,183.0000,182.5556,185.8333,177.1111,168.6667,166.1111,173.8333,169.3333,169.8333,170.1111
205.7500,188.3333,166.2500,148.3333,142.5000,128.8333,110.2500,86.1667,60.2500,44.1667,30.0000,25.3333,26.7500,25.5000,30.0000,42.1667,45.0000,37.3333,30.2500,37.6667,38.5000,44.5000,26.2500,16.5000,4.0000,14.6667,38.5000,45.8333,69.2500,76.6667,89.7500,92.8333,108.0000,115.6667,130.0000,139.5000,141.5000,159.1667,162.2500,151.5000,154.2500,151.6667,140.7500,129.1667,125.5000,116.6667,108.5000,112.8333,118.5000,117.3333,119.2500,133.5000,145.5000,135.5000,149.5000,162.6667,166.7500,171.3333,186.5000,202.1667,212.7500,213.8333,218.2500,217.8333,212.5000,208.5000,201.5000,197.6667,192.0000,179.6667,187.0000,185.6667,194.7500,204.8333,201.7500,206.0000,213.2500,216.0000,211.5000,206.3333,211.2500,192.6667,170.5000,168.3333,174.2500,154.6667,144.2500,134.1667,133.2500,143.0000,160.7500,168.3333,170.0000,166.0000,157.2500,159.1667,162.0000,153.5000,153.0000,160.3333,159.5000,166.6667,144.5000,152.8333,172.2500,174.6667,179.2500,179.5000,175.2500,171.8333,173.2500,163.1667,153.7500,151.3333,149.7500,167.8333,174.5000,181.5000,189.0000,189.3333,192.5000,184.3333,176.7500,175.0000,181.0000,177.1667,179.2500,180.1667
211.1667,196.4444,177.3333,162.7778,160.3333,148.6667,131.6667,103.8889,78.0000,59.1111,43.3333,40.8889,45.6667,42.7778,50.0000,65.1111,72.3333,62.0000,52.3333,65.2222,58.5000,63.5556,46.3333,37.5556,19.0000,6.8889,18.0000,26.5556,53.3333,62.1111,81.1667,87.5556,103.3333,119.3333,132.8333,143.6667,149.6667,157.5556,165.0000,154.6667,154.0000,151.4444,138.6667,124.4444,120.1667,112.0000,104.8333,110.4444,119.6667,118.8889,125.5000,137.7778,144.6667,131.3333,143.6667,158.1111,167.0000,170.8889,187.3333,201.8889,213.3333,214.6667,219.3333,218.6667,213.5000,209.0000,202.6667,198.6667,192.1667,178.8889,186.3333,183.4444,192.1667,204.2222,201.5000,207.6667,214.6667,217.6667,212.3333,205.6667,210.5000,190.5556,168.1667,168.8889,175.1667,157.4444,145.0000,133.6667,132.1667,143.3333,162.0000,174.2222,175.1667,173.2222,163.8333,168.4444,170.0000,164.2222,164.1667,170.1111,167.6667,176.5556,157.0000,165.5556,181.6667,183.3333,186.8333,187.1111,183.8333,180.8889,179.5000,170.5556,162.3333,161.6667,163.1667,177.7778,182.3333,188.6667,195.1667,195.7778,198.0000,190.5556,183.0000,182.4444,187.5000,185.3333,186.5000,186.6667
210.7500,196.8333,182.0000,170.3333,170.2500,157.3333,136.7500,107.8333,83.0000,64.1667,48.5000,53.1667,61.0000,56.8333,75.2500,87.0000,97.7500,89.0000,76.0000,86.0000,76.7500,87.8333,69.7500,63.0000,36.5000,19.0000,3.5000,11.0000,30.7500,37.8333,56.0000,66.3333,81.7500,93.3333,114.5000,121.1667,128.2500,138.0000,143.2500,136.1667,134.2500,126.1667,113.0000,99.1667,93.2500,84.0000,80.5000,86.1667,94.5000,98.1667,108.0000,116.3333,121.2500,107.0000,113.5000,132.8333,143.5000,149.6667,170.7500,190.1667,203.5000,203.5000,210.2500,209.1667,203.0000,198.1667,190.5000,185.1667,176.0000,158.5000,167.7500,165.3333,178.7500,187.1667,185.0000,195.5000,204.5000,209.0000,201.7500,192.8333,197.7500,175.6667,149.2500,148.3333,155.0000,135.8333,121.2500,111.8333,107.7500,116.1667,139.2500,152.0000,154.7500,152.6667,142.5000,149.3333,153.7500,148.6667,149.2500,158.8333,158.0000,167.5000,150.0000,158.0000,169.2500,170.0000,173.2500,171.0000,167.7500,164.0000,161.7500,152.1667,143.7500,147.3333,150.5000,164.3333,168.2500,174.1667,183.0000,184.5000,189.7500,178.3333,169.2500,168.1667,173.2500,171.3333,174.7500,176.1667
212.5000,197.4444,184.5000,172.8889,174.0000,160.0000,138.3333,107.5556,83.8333,68.0000,54.3333,63.4444,75.8333,74.2222,94.1667,108.6667,117.6667,104.1111,91.5000,99.1111,90.3333,103.0000,89.6667,84.2222,58.6667,33.3333,13.0000,5.4444,20.8333,27.2222,37.6667,47.4444,65.3333,75.1111,91.6667,108.8889,114.3333,128.3333,132.6667,123.0000,121.3333,113.3333,97.1667,81.1111,76.1667,65.1111,61.1667,66.0000,79.8333,78.8889,88.0000,100.5556,109.1667,88.2222,98.6667,116.2222,125.8333,133.1111,155.6667,181.1111,196.6667,197.7778,206.0000,205.2222,198.6667,193.2222,185.0000,177.1111,166.1667,144.6667,155.6667,155.3333,169.0000,180.7778,176.6667,190.1111,200.0000,204.8889,196.5000,185.3333,191.8333,162.4444,134.0000,129.8889,138.1667,119.3333,106.5000,95.5556,88.0000,101.0000,124.6667,139.4444,143.0000,138.7778,131.8333,135.5556,138.8333,136.2222,140.0000,150.1111,151.8333,162.7778,147.1667,153.4444,163.5000,162.1111,166.3333,162.6667,157.6667,152.2222,151.6667,140.8889,134.1667,137.1111,142.0000,156.8889,160.5000,168.0000,175.0000,178.8889,183.0000,172.1111,159.8333,155.8889,164.1667,163.4444,167.6667,170.7778
213.2500,201.0000,188.2500,179.8333,179.5000,164.1667,140.5000,108.6667,87.2500,74.6667,65.0000,78.3333,88.0000,93.5000,111.2500,125.3333,129.2500,118.0000,101.2500,112.5000,111.2500,121.6667,115.0000,109.8333,84.5000,55.8333,30.2500,21.5000,3.7500,8.5000,10.0000,16.3333,25.5000,33.0000,37.7500,51.0000,62.7500,70.0000,80.0000,75.0000,74.7500,68.0000,52.0000,41.6667,40.5000,37.3333,30.5000,34.8333,43.2500,42.3333,51.0000,54.1667,64.2500,50.0000,57.5000,66.1667,78.0000,86.5000,115.2500,152.0000,171.7500,172.3333,186.7500,185.3333,178.5000,171.8333,159.5000,147.3333,129.7500,104.8333,117.5000,120.3333,138.5000,155.1667,147.0000,165.5000,178.5000,185.1667,174.7500,159.5000,164.7500,128.0000,98.5000,84.6667,87.2500,66.6667,46.2500,39.6667,39.0000,52.5000,73.7500,86.5000,95.2500,92.5000,90.7500,92.1667,96.7500,99.0000,103.0000,114.8333,119.5000,129.5000,120.5000,122.6667,128.0000,124.3333,127.2500,121.5000,116.2500,109.0000,111.0000,102.6667,99.5000,101.8333,109.5000,121.8333,122.7500,129.1667,136.5000,141.8333,144.5000,132.8333,120.0000,111.6667,123.5000,124.1667,129.7500,134.1667
215.8333,204.4444,189.0000,180.6667,179.3333,162.8889,136.5000,104.6667,85.0000,72.4444,65.5000,76.1111,81.8333,89.1111,108.0000,118.4444,119.3333,112.7778,97.1667,102.3333,103.5000,112.6667,105.3333,108.4444,85.0000,60.3333,39.3333,24.8889,7.5000,3.3333,4.8333,7.5556,11.3333,15.1111,20.6667,26.3333,33.5000,39.4444,44.6667,46.4444,44.0000,40.4444,36.1667,26.5556,32.1667,28.0000,19.6667,22.5556,24.8333,22.5556,26.6667,32.2222,39.3333,32.1111,42.0000,48.1111,55.3333,67.8889,98.6667,142.0000,163.6667,164.7778,180.3333,178.0000,171.0000,163.3333,150.1667,136.8889,120.0000,90.2222,106.3333,109.2222,128.6667,147.3333,140.1667,158.4444,171.8333,177.5556,169.5000,154.3333,157.8333,115.3333,81.6667,65.3333,62.6667,40.6667,29.8333,28.4444,25.6667,35.0000,44.5000,54.7778,61.3333,59.5556,55.3333,60.7778,64.5000,68.3333,74.5000,82.8889,91.5000,98.5556,99.1667,97.2222,97.1667,89.0000,90.3333,83.5556,79.1667,73.0000,75.5000,73.1111,69.5000,72.6667,79.5000,92.3333,90.1667,96.4444,101.8333,108.7778,113.5000,97.8889,82.3333,74.5556,85.0000,87.7778,96.1667,105.6667
215.7500,204.3333,188.7500,179.3333,177.7500,164.1667,137.2500,102.8333,84.5000,73.1667,68.7500,78.0000,82.2500,88.6667,106.5000,115.0000,113.2500,105.8333,93.5000,98.6667,100.7500,110.1667,103.2500,106.6667,93.0000,61.1667,43.7500,29.8333,11.0000,6.0000,2.2500,5.0000,7.2500,9.8333,13.2500,18.0000,23.2500,26.0000,31.7500,32.6667,31.2500,29.1667,25.0000,18.6667,25.7500,25.0000,18.2500,18.3333,18.7500,16.3333,19.5000,22.1667,29.2500,23.1667,32.5000,40.5000,46.5000,62.1667,93.0000,138.5000,160.2500,163.5000,180.7500,178.5000,170.0000,162.1667,147.7500,131.3333,115.5000,89.8333,104.0000,111.3333,130.0000,149.8333,139.2500,156.1667,172.2500,178.0000,168.5000,154.6667,156.5000,111.8333,76.2500,56.5000,50.7500,31.8333,24.2500,21.8333,19.7500,25.1667,32.0000,39.1667,45.0000,43.0000,39.5000,45.8333,49.2500,53.3333,59.5000,66.5000,76.0000,84.1667,83.0000,81.5000,80.0000,71.5000,71.7500,64.6667,61.7500,55.1667,57.5000,56.5000,55.0000,57.8333,65.5000,76.1667,72.5000,78.1667,83.2500,91.0000,97.2500,81.1667,63.5000,56.6667,66.0000,71.0000,78.7500,91.0000
213.5000,199.4444,184.5000,175.5556,175.0000,159.0000,131.6667,98.3333,81.5000,72.4444,66.6667,78.1111,83.6667,91.8889,107.6667,119.0000,116.0000,107.4444,93.6667,99.6667,96.8333,107.3333,103.6667,109.2222,91.1667,66.6667,45.6667,32.4444,14.5000,9.7778,5.8333,3.0000,5.1667,7.1111,8.6667,11.4444,16.5000,18.2222,23.3333,27.4444,25.0000,22.7778,18.3333,16.0000,24.6667,23.6667,16.6667,15.6667,16.0000,14.7778,15.8333,17.4444,23.5000,18.6667,24.0000,32.0000,38.8333,55.3333,86.5000,134.2222,158.3333,162.6667,179.5000,176.1111,167.3333,158.0000,141.3333,126.6667,110.8333,80.6667,100.0000,105.4444,126.3333,146.1111,135.8333,152.5556,167.3333,174.5556,166.0000,152.5556,153.3333,108.4444,71.3333,49.7778,42.6667,23.6667,16.0000,17.2222,15.0000,17.6667,24.6667,31.7778,37.6667,35.5556,33.6667,41.1111,44.1667,49.1111,56.5000,62.4444,73.1667,78.1111,81.6667,78.1111,74.5000,65.7778,65.8333,57.0000,54.0000,49.2222,51.5000,51.4444,50.3333,53.8889,61.5000,71.2222,67.1667,73.1111,77.1667,85.6667,91.1667,74.2222,57.0000,50.1111,56.3333,64.7778,73.0000,84.7778
212.5000,200.1667,184.0000,174.3333,173.2500,155.6667,127.7500,95.1667,79.0000,70.3333,65.0000,78.6667,79.2500,90.5000,110.0000,119.0000,116.5000,107.6667,93.7500,99.6667,97.5000,103.8333,105.0000,113.3333,96.0000,66.3333,46.2500,35.1667,17.0000,12.0000,8.7500,5.5000,2.2500,4.6667,6.0000,8.1667,11.2500,13.0000,16.7500,20.3333,19.0000,17.5000,14.5000,14.0000,25.0000,23.1667,14.7500,13.1667,11.7500,9.8333,10.5000,12.8333,18.5000,15.5000,20.2500,27.3333,34.7500,50.5000,82.7500,130.8333,154.2500,161.3333,176.5000,173.6667,164.7500,155.6667,136.7500,123.0000,104.5000,75.8333,94.5000,102.1667,123.5000,142.8333,132.7500,150.6667,164.2500,171.3333,162.0000,150.1667,149.7500,106.6667,68.0000,45.6667,36.5000,18.6667,12.2500,14.8333,12.5000,14.1667,20.2500,25.1667,29.5000,28.6667,26.7500,32.3333,35.7500,40.6667,46.7500,50.5000,59.0000,65.5000,68.2500,63.1667,60.0000,53.5000,52.5000,44.6667,44.0000,40.1667,41.7500,42.0000,42.0000,46.0000,50.2500,57.6667,55.0000,58.5000,64.2500,71.0000,77.2500,60.3333,46.7500,40.0000,46.5000,53.5000,58.2500,69.6667
214.5000,201.6667,184.1667,173.8889,171.8333,158.2222,130.1667,96.1111,79.5000,70.5556,66.5000,75.1111,80.1667,88.0000,102.3333,111.6667,109.0000,101.0000,85.0000,89.8889,90.8333,96.0000,96.1667,104.1111,89.0000,65.2222,47.0000,36.0000,18.5000,13.7778,10.6667,7.4444,5.1667,3.0000,4.0000,5.3333,7.6667,9.5556,12.5000,17.1111,14.0000,13.2222,11.0000,11.0000,23.0000,21.6667,14.3333,13.2222,11.6667,10.0000,11.1667,10.1111,15.0000,12.6667,17.0000,24.1111,31.6667,49.1111,81.3333,131.8889,156.8333,161.5556,178.3333,173.5556,164.6667,152.5556,135.5000,121.7778,104.0000,71.8889,93.5000,100.7778,122.6667,143.0000,132.0000,148.1111,164.0000,171.2222,161.5000,151.5556,152.1667,107.3333,68.0000,44.2222,32.1667,13.8889,10.0000,13.0000,10.0000,10.1111,14.8333,21.8889,25.1667,24.2222,23.0000,28.1111,31.3333,35.5556,42.0000,46.0000,54.5000,60.0000,63.0000,56.8889,54.8333,46.7778,46.5000,39.0000,38.0000,33.8889,36.0000,37.1111,35.5000,39.6667,45.3333,52.4444,48.1667,51.6667,58.0000,63.8889,69.6667,54.7778,41.8333,36.1111,40.3333,47.1111,53.0000,65.6667
213.5000,200.8333,184.2500,173.8333,174.2500,159.0000,129.7500,96.0000,81.2500,72.0000,68.7500,77.0000,80.7500,89.6667,106.5000,115.1667,111.2500,103.1667,88.2500,91.1667,92.7500,99.5000,100.0000,108.6667,92.7500,69.8333,50.7500,38.5000,20.7500,17.3333,12.7500,9.1667,6.5000,4.5000,2.5000,3.6667,5.7500,7.5000,10.7500,16.3333,13.2500,12.6667,9.7500,11.0000,22.0000,22.3333,15.7500,15.0000,12.2500,9.8333,10.0000,9.5000,15.2500,12.3333,16.2500,23.0000,30.7500,48.1667,81.0000,131.6667,158.0000,163.1667,179.0000,173.6667,164.5000,152.6667,135.2500,120.6667,100.7500,69.1667,92.2500,99.0000,119.5000,139.8333,132.0000,148.6667,161.7500,168.6667,162.0000,151.3333,150.7500,106.6667,70.7500,42.6667,31.5000,11.8333,9.5000,13.0000,9.7500,8.1667,13.0000,20.5000,23.7500,23.0000,21.7500,27.3333,30.5000,34.5000,41.0000,45.8333,55.0000,59.5000,61.0000,55.8333,55.0000,47.6667,46.2500,38.6667,38.0000,34.0000,37.7500,36.3333,35.0000,38.6667,44.2500,51.6667,48.0000,51.3333,56.2500,63.5000,69.5000,53.6667,41.5000,35.0000,41.0000,47.1667,53.2500,64.6667
216.3333,206.3333,189.6667,178.7778,176.5000,162.4444,131.8333,99.5556,86.3333,78.3333,75.1667,83.2222,88.6667,96.4444,113.1667,119.8889,116.0000,109.2222,94.8333,98.3333,100.0000,104.5556,106.8333,115.3333,98.3333,75.6667,57.5000,45.0000,27.8333,23.0000,17.6667,12.3333,9.8333,7.7778,4.6667,2.7778,4.3333,6.7778,9.6667,16.6667,14.1667,12.7778,10.6667,12.5556,23.6667,24.3333,18.5000,17.0000,14.8333,12.0000,13.0000,10.1111,16.5000,13.6667,19.1667,26.7778,33.1667,50.3333,83.6667,132.7778,159.6667,163.2222,178.0000,173.1111,165.8333,153.8889,139.1667,124.6667,105.1667,72.1111,93.6667,100.2222,120.1667,141.3333,132.3333,149.3333,162.0000,169.0000,161.3333,153.2222,153.8333,107.7778,72.0000,45.5556,32.6667,13.3333,11.0000,14.3333,11.6667,9.4444,12.8333,21.6667,25.0000,23.7778,22.8333,28.6667,32.0000,37.0000,42.6667,47.2222,55.3333,61.6667,63.8333,58.0000,56.1667,47.8889,45.3333,37.3333,37.8333,33.5556,37.6667,37.6667,35.6667,40.4444,46.1667,53.3333,49.5000,51.0000,55.8333,62.8889,67.6667,53.1111,41.8333,35.2222,39.6667,47.2222,54.6667,67.2222
217.7500,207.0000,192.0000,180.1667,178.2500,165.1667,136.7500,105.5000,92.2500,81.5000,77.0000,86.3333,89.2500,95.5000,114.5000,120.3333,117.0000,112.3333,97.2500,101.3333,104.0000,106.3333,110.2500,118.3333,101.2500,78.3333,65.5000,51.8333,36.5000,29.3333,23.7500,18.1667,13.0000,11.0000,7.5000,5.3333,2.5000,5.6667,8.0000,18.0000,15.5000,14.1667,13.0000,16.5000,27.0000,28.6667,24.7500,24.3333,20.7500,18.0000,19.5000,14.1667,19.0000,18.6667,24.0000,30.6667,36.2500,53.5000,86.5000,131.6667,156.2500,161.5000,180.7500,175.0000,167.5000,157.0000,140.0000,126.0000,107.5000,75.0000,95.0000,101.6667,121.0000,140.3333,132.5000,152.5000,165.5000,171.6667,163.0000,151.5000,152.0000,109.3333,72.0000,46.6667,34.0000,15.5000,12.2500,16.6667,13.5000,11.6667,14.2500,22.0000,26.7500,23.6667,23.7500,29.6667,31.7500,36.8333,43.2500,50.1667,55.5000,66.5000,67.0000,62.5000,59.5000,49.3333,46.0000,37.3333,38.0000,33.8333,39.0000,40.1667,37.0000,43.1667,49.2500,55.5000,49.7500,50.8333,55.5000,64.6667,72.5000,54.5000,42.7500,35.3333,40.7500,47.5000,57.2500,74.0000
219.0000,209.2222,196.0000,186.1111,184.3333,169.2222,140.0000,109.6667,96.0000,83.6667,80.0000,88.6667,91.8333,100.5556,119.6667,127.2222,123.1667,115.5556,101.3333,106.8889,112.6667,119.8889,115.1667,123.5556,105.0000,87.8889,73.6667,60.2222,44.8333,38.0000,31.3333,25.1111,19.3333,15.7778,12.3333,8.8889,6.6667,3.3333,6.3333,16.0000,17.0000,19.6667,18.5000,22.6667,32.8333,35.3333,30.8333,30.0000,25.3333,21.8889,19.8333,15.3333,24.8333,24.7778,29.0000,32.6667,35.8333,48.8889,83.5000,130.5556,156.8333,159.5556,177.8333,173.3333,166.0000,156.1111,141.0000,125.7778,106.5000,73.3333,95.1667,99.4444,116.6667,139.8889,132.1667,151.1111,162.8333,169.6667,161.8333,148.6667,149.0000,107.6667,71.0000,45.2222,32.5000,16.3333,14.8333,21.3333,18.8333,15.7778,17.0000,25.4444,30.8333,27.5556,26.6667,32.1111,34.3333,39.5556,45.6667,49.8889,57.8333,67.1111,67.0000,64.4444,62.3333,53.0000,48.5000,41.5556,41.3333,38.0000,43.0000,43.1111,41.1667,46.1111,50.1667,60.0000,55.5000,56.5556,58.3333,66.1111,72.0000,56.6667,42.8333,37.0000,44.3333,50.2222,59.8333,72.4444
223.0000,213.6667,202.2500,192.8333,189.5000,174.3333,143.5000,116.0000,104.0000,92.6667,90.7500,98.6667,102.2500,108.3333,130.5000,134.6667,128.5000,126.1667,109.5000,115.1667,124.2500,131.0000,129.5000,137.3333,121.0000,104.6667,93.0000,76.1667,58.7500,53.3333,47.7500,40.5000,31.7500,27.8333,24.5000,17.5000,14.2500,9.3333,3.5000,9.3333,13.0000,20.8333,25.0000,33.3333,45.0000,46.5000,40.5000,39.1667,32.2500,28.5000,24.7500,19.8333,27.0000,30.8333,36.0000,40.3333,40.7500,53.8333,86.0000,132.0000,157.0000,162.1667,179.7500,176.0000,169.2500,160.1667,144.7500,130.0000,109.7500,75.6667,95.2500,101.3333,119.0000,138.6667,130.5000,150.0000,165.0000,169.1667,160.5000,150.3333,151.5000,107.1667,70.7500,49.5000,36.5000,20.5000,23.0000,31.3333,31.2500,22.0000,19.5000,25.8333,31.0000,25.0000,22.5000,26.8333,29.2500,35.3333,43.0000,48.0000,56.0000,64.3333,65.2500,63.0000,60.0000,49.1667,48.0000,44.1667,41.2500,37.6667,41.7500,39.5000,38.5000,41.1667,44.2500,56.1667,50.7500,56.3333,60.7500,69.3333,77.5000,56.5000,42.5000,35.6667,43.2500,48.1667,57.2500,71.6667
223.5000,214.1111,200.1667,190.4444,188.1667,173.2222,141.6667,114.7778,103.1667,96.2222,96.0000,104.8889,107.1667,116.0000,133.0000,137.7778,134.6667,129.3333,116.1667,119.7778,123.6667,130.7778,132.5000,139.8889,123.6667,106.1111,96.6667,81.8889,68.0000,59.5556,54.8333,47.8889,37.8333,35.5556,31.8333,24.0000,20.1667,19.3333,13.1667,5.0000,9.6667,21.6667,28.0000,42.0000,56.3333,55.6667,46.8333,42.2222,33.0000,28.7778,21.6667,17.8889,25.0000,36.1111,45.6667,53.5556,51.8333,64.2222,93.6667,136.6667,159.0000,164.6667,182.6667,178.5556,170.5000,159.8889,143.8333,130.7778,114.6667,86.2222,104.3333,111.0000,128.1667,148.6667,138.6667,157.5556,168.6667,176.7778,167.1667,154.0000,155.0000,113.7778,78.0000,56.8889,43.8333,30.8889,34.6667,44.2222,42.0000,30.1111,22.8333,27.8889,28.8333,23.8889,18.1667,24.6667,30.0000,33.8889,45.3333,51.2222,61.0000,68.8889,70.0000,66.5556,64.6667,57.0000,55.6667,47.0000,44.3333,37.4444,40.3333,38.7778,36.1667,43.2222,49.1667,58.1111,55.3333,61.3333,66.8333,73.6667,82.0000,63.6667,48.0000,37.3333,49.6667,56.8889,64.5000,76.0000
219.5000,208.0000,191.7500,178.0000,170.7500,161.6667,135.7500,106.1667,95.0000,84.6667,83.0000,91.3333,93.7500,101.0000,119.2500,121.0000,119.2500,116.0000,100.7500,106.0000,108.0000,112.8333,115.7500,124.6667,109.5000,91.6667,81.5000,65.5000,50.5000,43.1667,36.5000,31.8333,26.2500,22.0000,21.5000,17.8333,16.2500,17.8333,13.5000,10.6667,2.7500,7.0000,14.7500,24.8333,41.5000,36.3333,27.5000,25.6667,19.5000,17.0000,15.7500,10.1667,12.2500,18.8333,25.2500,33.6667,36.0000,53.0000,84.0000,128.8333,152.7500,159.8333,179.5000,174.6667,166.0000,154.3333,136.7500,123.0000,104.7500,77.8333,93.0000,99.0000,117.2500,139.6667,129.7500,149.0000,163.0000,171.8333,162.5000,147.5000,150.0000,107.0000,73.5000,48.8333,33.5000,19.1667,24.7500,29.8333,28.5000,16.6667,13.0000,17.0000,17.7500,16.5000,15.0000,18.8333,23.5000,27.5000,36.7500,40.1667,43.2500,50.3333,51.2500,48.3333,47.7500,43.3333,41.5000,34.1667,31.7500,27.3333,34.2500,31.0000,27.2500,34.8333,38.2500,44.1667,42.2500,46.5000,48.7500,54.8333,60.5000,46.5000,36.2500,29.8333,35.0000,42.3333,48.0000,57.0000
217.8333,205.1111,190.1667,180.1111,173.6667,164.4444,136.1667,104.5556,93.6667,81.3333,78.0000,86.3333,90.6667,97.2222,117.6667,121.5556,119.0000,114.0000,99.8333,104.4444,108.3333,111.3333,113.8333,122.4444,105.5000,83.7778,69.1667,53.4444,37.6667,32.2222,26.1667,23.3333,18.8333,16.3333,16.5000,14.6667,14.0000,16.6667,15.6667,16.6667,8.6667,3.5556,7.6667,15.1111,28.5000,27.2222,19.3333,18.0000,13.3333,12.5556,13.6667,8.8889,8.3333,10.8889,17.5000,26.1111,30.5000,48.7778,77.1667,123.1111,151.0000,155.6667,175.3333,172.2222,163.5000,151.5556,135.1667,120.2222,102.5000,68.4444,89.1667,93.4444,112.6667,136.1111,127.1667,145.3333,162.3333,169.1111,158.3333,143.5556,146.8333,99.6667,65.3333,45.0000,29.6667,15.1111,18.1667,22.2222,18.3333,10.8889,10.0000,13.1111,16.5000,14.8889,15.5000,21.1111,26.8333,32.2222,36.3333,40.8889,49.3333,57.2222,57.0000,54.2222,49.6667,40.2222,37.6667,30.5556,29.5000,26.5556,29.8333,30.7778,31.5000,35.7778,40.3333,46.0000,40.1667,43.1111,46.6667,54.6667,62.6667,48.2222,36.3333,31.6667,34.8333,39.5556,48.1667,61.7778
218.5000,205.6667,189.7500,179.6667,176.5000,163.0000,135.5000,101.8333,89.0000,77.0000,74.0000,82.1667,86.2500,92.1667,111.2500,116.3333,113.7500,107.3333,93.2500,97.1667,101.2500,102.8333,106.2500,115.1667,100.5000,77.8333,62.0000,47.6667,31.0000,27.1667,20.7500,17.5000,14.5000,12.3333,11.2500,11.3333,12.0000,14.3333,14.0000,18.1667,11.2500,6.3333,2.5000,7.0000,20.7500,19.8333,15.7500,14.5000,10.5000,10.0000,11.0000,8.5000,8.7500,6.5000,9.7500,18.3333,26.7500,45.6667,74.2500,122.6667,152.0000,153.8333,174.5000,171.1667,162.7500,150.8333,136.0000,118.5000,98.7500,66.3333,85.0000,93.0000,110.7500,134.3333,125.7500,144.6667,163.2500,170.1667,158.2500,143.3333,147.7500,98.0000,64.0000,41.8333,28.7500,12.1667,11.7500,13.8333,10.5000,7.6667,9.5000,15.3333,19.0000,17.1667,17.7500,24.6667,27.5000,32.0000,37.0000,42.1667,49.0000,56.8333,57.2500,51.8333,47.2500,39.8333,39.0000,31.5000,30.7500,26.3333,28.0000,30.3333,29.2500,33.6667,39.2500,44.1667,39.5000,42.1667,47.5000,55.5000,63.0000,48.0000,38.0000,32.6667,35.5000,40.3333,46.0000,59.3333
221.1667,208.5556,194.6667,184.7778,183.3333,168.8889,143.5000,110.1111,97.1667,85.3333,82.0000,91.6667,95.6667,101.2222,118.8333,122.6667,120.6667,117.7778,102.5000,107.1111,112.0000,114.5556,116.3333,123.4444,108.5000,84.2222,66.3333,52.3333,34.8333,29.7778,20.1667,19.6667,18.0000,15.7778,16.3333,19.3333,19.8333,22.3333,24.6667,29.5556,22.3333,15.2222,8.8333,4.2222,13.5000,17.3333,19.1667,21.0000,17.3333,18.2222,20.8333,18.8889,17.8333,11.3333,12.3333,22.6667,31.3333,48.7778,82.5000,131.4444,160.6667,162.7778,179.5000,176.5556,168.6667,158.8889,140.3333,125.6667,106.1667,73.0000,94.5000,101.5556,121.3333,142.2222,135.1667,151.6667,170.5000,175.8889,166.6667,152.8889,154.3333,105.7778,66.3333,45.1111,35.6667,17.6667,15.0000,15.0000,10.1667,12.5556,18.8333,25.7778,30.5000,30.3333,31.5000,38.8889,43.0000,47.8889,54.1667,61.3333,69.5000,78.8889,79.1667,75.4444,72.3333,62.3333,59.6667,48.6667,47.5000,43.2222,45.5000,47.3333,47.8333,52.1111,60.0000,67.3333,61.1667,64.5556,69.3333,77.1111,86.5000,69.5556,53.8333,47.2222,52.1667,61.1111,70.0000,84.7778
230.0000,220.1667,210.0000,204.0000,202.5000,190.0000,166.0000,137.1667,127.5000,117.6667,114.7500,124.1667,129.0000,136.0000,153.2500,156.3333,154.0000,153.0000,137.2500,142.8333,147.5000,152.6667,152.7500,157.8333,146.0000,124.6667,107.7500,90.0000,66.0000,56.1667,35.7500,42.8333,45.5000,39.0000,41.0000,49.1667,56.5000,58.6667,70.5000,70.6667,70.5000,55.6667,41.7500,18.6667,6.0000,16.1667,34.5000,45.8333,49.2500,51.3333,57.2500,52.8333,57.0000,42.3333,33.0000,48.3333,59.7500,73.8333,109.0000,152.0000,178.5000,175.0000,191.2500,188.1667,180.5000,175.0000,160.2500,145.8333,135.5000,102.8333,117.7500,121.3333,143.0000,159.5000,153.7500,170.1667,183.2500,190.5000,181.2500,164.1667,167.0000,125.3333,88.0000,69.3333,74.2500,52.6667,33.2500,27.5000,19.2500,42.5000,58.7500,74.3333,79.5000,78.1667,81.0000,83.8333,89.7500,92.0000,104.2500,115.8333,121.5000,134.3333,127.2500,129.1667,127.0000,118.3333,117.7500,108.5000,107.0000,101.5000,103.7500,97.3333,95.5000,101.3333,110.2500,122.1667,117.7500,121.1667,128.0000,134.1667,142.2500,127.0000,111.5000,100.1667,112.5000,118.1667,126.5000,134.5000
230.1667,221.5556,210.3333,203.6667,201.5000,187.6667,163.3333,136.4444,125.8333,115.3333,113.5000,125.3333,128.0000,135.2222,152.0000,154.3333,151.6667,150.6667,134.5000,138.8889,143.6667,150.5556,149.0000,153.4444,143.0000,122.5556,104.3333,87.3333,56.1667,43.1111,28.8333,35.5556,40.3333,44.8889,59.1667,65.2222,70.1667,75.8889,83.6667,81.4444,74.5000,65.7778,53.1667,29.6667,17.3333,6.0000,18.3333,31.4444,36.8333,42.1111,52.5000,58.5556,60.5000,41.8889,43.8333,58.2222,74.8333,88.3333,121.8333,159.3333,179.5000,178.8889,193.1667,190.8889,185.0000,180.0000,166.3333,152.0000,139.1667,115.6667,125.5000,129.3333,147.1667,164.4444,154.8333,172.4444,187.1667,192.5556,182.1667,166.3333,172.3333,132.7778,103.6667,89.2222,92.6667,72.0000,59.1667,43.7778,42.3333,60.4444,75.5000,85.5556,92.6667,90.0000,87.6667,91.1111,97.1667,98.3333,107.6667,120.5556,126.6667,137.3333,127.8333,130.5556,132.5000,123.7778,126.8333,116.6667,114.1667,104.3333,106.1667,100.4444,99.0000,102.0000,111.3333,124.4444,123.1667,128.8889,135.6667,141.0000,146.6667,134.8889,121.1667,108.7778,123.6667,125.7778,132.5000,139.2222
222.7500,212.5000,200.0000,191.0000,187.7500,174.1667,147.7500,116.5000,103.2500,95.6667,94.2500,103.5000,108.7500,112.5000,128.7500,133.1667,129.2500,129.0000,116.2500,120.3333,123.0000,129.1667,125.5000,129.6667,118.2500,93.6667,75.0000,61.3333,35.5000,26.6667,19.7500,20.3333,21.2500,23.3333,29.7500,34.1667,38.0000,45.3333,50.5000,48.0000,42.7500,32.8333,26.7500,22.1667,24.5000,14.6667,3.7500,10.0000,13.0000,17.8333,26.7500,29.0000,27.7500,20.6667,30.2500,40.8333,47.7500,66.1667,96.7500,142.6667,166.0000,168.3333,184.2500,182.3333,174.5000,165.5000,149.2500,135.3333,117.5000,91.1667,106.0000,111.8333,129.5000,150.3333,140.7500,159.6667,175.2500,181.0000,172.0000,154.8333,159.5000,114.8333,82.0000,62.1667,58.0000,41.1667,33.7500,30.8333,25.5000,31.1667,39.7500,46.8333,53.2500,55.0000,51.7500,57.8333,64.2500,66.6667,74.7500,84.8333,93.2500,99.1667,97.0000,96.8333,94.5000,84.1667,85.5000,77.3333,73.0000,68.0000,68.5000,66.8333,68.5000,71.8333,80.2500,89.3333,85.2500,90.6667,100.0000,108.5000,114.2500,98.0000,79.5000,72.6667,82.0000,85.6667,94.7500,104.1667
216.6667,205.8889,191.3333,181.8889,177.5000,162.5556,135.0000,104.0000,86.3333,77.8889,73.8333,86.0000,90.8333,98.4444,116.8333,123.1111,120.6667,115.4444,100.6667,104.2222,109.3333,113.5556,111.1667,118.3333,104.5000,75.7778,59.3333,47.4444,29.1667,22.0000,18.5000,15.8889,12.3333,15.0000,19.1667,19.4444,24.3333,25.6667,28.0000,27.5556,21.8333,18.2222,16.5000,17.3333,25.5000,20.7778,8.5000,3.4444,4.8333,7.3333,9.0000,13.5556,16.0000,14.2222,22.6667,30.8889,37.1667,53.8889,85.0000,134.1111,159.6667,163.0000,179.1667,177.4444,169.5000,159.5556,141.3333,126.5556,108.0000,77.4444,95.8333,100.1111,118.5000,142.2222,133.8333,152.4444,167.5000,173.7778,165.3333,149.8889,153.6667,106.7778,70.6667,49.4444,41.1667,26.1111,24.0000,25.3333,20.1667,20.6667,24.1667,28.5556,32.8333,31.6667,28.6667,34.5556,40.1667,44.3333,50.3333,55.4444,64.5000,69.8889,71.6667,68.2222,65.0000,57.1111,57.3333,50.0000,47.8333,43.6667,47.0000,45.2222,46.0000,48.3333,54.6667,60.5556,58.1667,63.7778,70.6667,76.1111,82.1667,66.6667,52.8333,46.6667,53.3333,57.7778,64.8333,75.5556
215.7500,203.0000,187.5000,178.3333,175.7500,163.3333,133.5000,102.0000,84.7500,75.6667,73.0000,81.1667,85.7500,91.8333,106.5000,111.8333,110.5000,106.8333,92.0000,97.3333,100.0000,102.0000,102.5000,109.0000,97.5000,71.0000,55.5000,44.6667,28.2500,20.6667,16.0000,14.0000,10.5000,12.0000,14.5000,14.3333,17.0000,20.1667,21.0000,20.6667,15.0000,13.0000,12.7500,14.1667,24.0000,20.3333,9.5000,5.5000,2.2500,4.1667,6.0000,8.5000,11.7500,11.6667,18.2500,25.8333,33.5000,50.8333,82.2500,128.8333,157.0000,162.1667,179.2500,177.1667,168.7500,158.5000,138.2500,123.1667,103.5000,75.3333,92.2500,98.1667,117.2500,141.1667,132.2500,151.3333,167.0000,173.3333,164.5000,147.8333,151.0000,102.5000,67.5000,47.1667,35.7500,20.8333,19.0000,20.3333,16.2500,14.5000,18.0000,22.5000,24.2500,22.6667,21.0000,25.3333,29.2500,33.0000,40.2500,43.1667,50.7500,56.8333,59.7500,55.3333,52.0000,45.1667,43.5000,38.1667,37.0000,32.1667,35.7500,35.5000,35.2500,38.3333,43.7500,48.5000,46.7500,49.1667,54.0000,61.0000,67.2500,52.0000,40.2500,35.6667,40.0000,44.3333,49.5000,61.8333
213.5000,201.2222,184.8333,175.7778,173.1667,158.7778,130.3333,98.4444,84.1667,75.4444,72.0000,81.4444,87.3333,96.1111,111.1667,118.8889,114.8333,111.0000,95.1667,100.0000,100.3333,103.7778,105.6667,113.8889,99.6667,73.4444,56.6667,45.2222,29.1667,22.3333,17.3333,14.8889,10.1667,9.7778,11.1667,11.3333,13.3333,16.6667,17.1667,16.7778,11.3333,11.3333,11.1667,14.3333,25.3333,22.4444,12.6667,8.3333,5.1667,3.0000,4.6667,6.5556,11.5000,11.6667,18.6667,26.2222,33.3333,51.7778,82.3333,129.2222,153.0000,159.6667,178.0000,175.6667,167.0000,156.7778,136.0000,122.4444,104.8333,74.7778,93.5000,99.0000,119.1667,141.8889,131.1667,150.3333,166.0000,173.0000,163.5000,148.1111,151.1667,104.6667,69.5000,46.8889,33.5000,18.1111,16.8333,19.0000,16.0000,13.2222,15.3333,21.0000,23.0000,20.6667,18.3333,23.3333,28.0000,31.8889,39.8333,43.8889,53.3333,57.7778,62.0000,55.6667,52.0000,44.2222,43.5000,37.8889,35.0000,30.8889,33.6667,34.5556,33.0000,37.6667,44.8333,48.2222,45.6667,48.3333,56.1667,61.7778,68.5000,52.7778,39.3333,33.4444,38.8333,44.1111,50.8333,64.3333
212.0000,202.1667,185.0000,177.3333,174.0000,157.6667,126.7500,96.5000,80.7500,73.1667,71.2500,79.6667,86.5000,96.0000,111.7500,122.1667,117.7500,112.3333,98.0000,101.3333,102.5000,108.5000,108.0000,114.8333,100.5000,75.5000,59.0000,46.1667,30.5000,25.1667,19.5000,15.5000,11.0000,11.1667,12.7500,12.0000,13.0000,16.3333,15.2500,14.3333,10.7500,12.0000,12.2500,15.6667,28.5000,24.3333,13.7500,10.5000,7.2500,5.5000,2.5000,5.3333,11.0000,11.8333,20.2500,27.6667,34.5000,51.1667,83.2500,131.0000,156.5000,161.5000,178.5000,177.0000,167.5000,156.8333,137.2500,123.5000,104.2500,72.0000,92.2500,97.8333,118.0000,143.5000,133.0000,152.3333,166.0000,174.3333,164.5000,151.3333,153.0000,104.3333,69.5000,47.1667,34.7500,18.5000,16.7500,20.1667,18.0000,13.5000,16.5000,22.0000,24.0000,20.8333,17.0000,23.0000,27.7500,29.5000,37.7500,41.6667,50.2500,54.6667,57.7500,53.8333,50.0000,42.6667,41.5000,35.3333,34.5000,31.0000,34.0000,33.0000,32.0000,36.1667,41.7500,47.0000,45.0000,46.8333,52.7500,59.5000,62.7500,49.1667,38.0000,32.5000,37.0000,42.6667,48.2500,60.1667
218.5000,205.0000,187.3333,177.3333,172.5000,162.6667,133.0000,101.6667,89.0000,77.4444,74.8333,82.5556,86.3333,93.2222,109.3333,114.6667,111.6667,106.5556,92.0000,96.2222,100.3333,102.0000,104.5000,112.3333,97.6667,75.8889,62.5000,49.4444,32.1667,28.3333,23.1667,19.1111,12.8333,11.8889,12.5000,11.5556,14.3333,16.3333,15.6667,16.1111,10.0000,8.3333,10.8333,16.8889,28.1667,26.0000,18.6667,14.8889,10.3333,8.1111,6.5000,3.2222,8.1667,12.5556,18.6667,26.7778,32.3333,48.2222,80.3333,131.5556,155.1667,160.2222,178.6667,174.3333,165.3333,153.1111,135.1667,121.2222,103.1667,72.1111,92.0000,97.2222,118.0000,140.0000,128.8333,148.4444,165.0000,173.2222,160.3333,148.0000,151.5000,103.8889,68.8333,46.7778,31.5000,16.4444,17.1667,20.0000,17.1667,11.6667,11.6667,16.8889,19.3333,16.5556,15.6667,22.5556,27.3333,31.3333,37.8333,43.4444,49.5000,58.1111,58.1667,53.4444,52.3333,43.1111,42.8333,33.4444,33.1667,28.1111,30.6667,31.6667,30.0000,35.7778,42.1667,47.4444,43.3333,46.7778,53.6667,60.1111,67.6667,52.2222,39.5000,33.4444,37.1667,43.5556,52.1667,64.7778
220.0000,207.1667,191.7500,182.0000,175.2500,165.6667,138.2500,108.5000,96.7500,88.0000,82.2500,91.3333,95.7500,102.0000,123.0000,126.3333,123.7500,119.8333,106.0000,109.8333,112.7500,119.3333,120.7500,127.6667,110.2500,87.5000,73.5000,59.3333,41.2500,34.0000,26.5000,24.3333,20.5000,18.0000,20.2500,19.3333,18.2500,24.5000,22.2500,21.5000,12.5000,9.0000,10.0000,14.1667,27.2500,24.5000,17.7500,18.5000,13.0000,12.8333,14.2500,9.5000,2.7500,8.8333,15.7500,25.0000,33.2500,49.5000,80.5000,126.5000,159.5000,159.8333,180.5000,174.5000,165.5000,154.0000,133.0000,120.8333,105.5000,75.3333,92.5000,95.3333,113.5000,135.8333,127.0000,145.8333,163.5000,171.3333,160.0000,143.3333,148.0000,100.5000,68.0000,46.8333,33.0000,20.0000,20.5000,23.3333,17.5000,15.1667,15.7500,17.6667,17.2500,16.5000,16.7500,21.3333,28.0000,33.1667,38.2500,44.0000,53.5000,58.3333,62.0000,57.0000,47.5000,39.3333,37.7500,33.1667,31.5000,26.5000,28.0000,28.0000,28.5000,35.6667,42.5000,44.8333,39.7500,42.1667,46.2500,55.1667,62.7500,49.0000,39.2500,34.6667,36.5000,41.5000,45.7500,58.5000
220.8333,208.7778,194.3333,185.0000,181.0000,168.5556,139.6667,108.0000,94.1667,82.6667,80.8333,88.3333,92.3333,98.6667,118.5000,121.1111,119.0000,115.3333,100.0000,104.3333,110.6667,111.2222,113.5000,122.5556,108.0000,83.6667,68.5000,53.4444,35.6667,30.3333,22.8333,20.2222,17.3333,14.7778,16.6667,17.3333,18.0000,21.7778,22.6667,24.6667,17.0000,11.1111,7.8333,10.5556,24.1667,22.6667,17.6667,17.8889,12.0000,12.7778,15.6667,11.6667,8.8333,3.5556,7.8333,19.1111,27.6667,46.2222,75.5000,123.7778,151.6667,158.1111,177.5000,174.6667,163.1667,151.8889,134.5000,119.6667,102.6667,70.4444,89.3333,96.1111,114.0000,137.5556,128.8333,144.8889,163.3333,170.3333,158.6667,145.2222,147.8333,98.7778,65.5000,44.0000,33.5000,17.2222,17.0000,18.2222,13.5000,12.2222,14.3333,20.8889,23.3333,22.7778,23.3333,29.1111,32.8333,37.4444,42.6667,48.6667,56.8333,63.6667,63.8333,58.8889,55.6667,47.1111,46.6667,40.0000,38.0000,33.5556,36.0000,36.5556,36.3333,40.2222,45.6667,51.1111,47.8333,51.4444,57.5000,64.8889,72.3333,57.4444,44.8333,39.4444,43.5000,49.2222,54.8333,66.1111
227.2500,215.0000,204.7500,197.0000,194.0000,181.0000,154.2500,121.5000,109.0000,98.1667,95.5000,103.1667,108.2500,116.6667,138.0000,137.8333,136.7500,134.0000,120.0000,123.8333,132.7500,137.0000,135.2500,142.1667,128.0000,106.3333,90.5000,73.6667,55.0000,50.1667,38.2500,35.6667,35.2500,28.6667,31.7500,34.1667,35.2500,37.5000,39.7500,41.3333,34.0000,25.6667,16.2500,16.6667,31.7500,30.1667,27.2500,30.5000,24.7500,25.5000,31.5000,26.8333,21.0000,10.8333,3.2500,17.1667,32.0000,48.6667,81.2500,131.3333,158.5000,158.3333,181.0000,178.3333,169.2500,161.0000,144.0000,127.6667,109.2500,74.8333,94.0000,102.3333,118.5000,140.5000,135.2500,154.0000,172.2500,176.5000,165.7500,147.5000,153.2500,104.5000,70.5000,49.3333,44.2500,30.0000,28.5000,29.1667,22.0000,23.5000,29.2500,38.3333,41.7500,42.5000,42.0000,49.3333,55.2500,59.0000,68.2500,78.1667,90.0000,97.1667,96.2500,94.8333,88.7500,78.6667,77.0000,64.1667,64.2500,58.1667,59.7500,59.0000,59.2500,62.6667,73.0000,83.1667,76.2500,82.0000,91.5000,98.0000,108.2500,91.5000,73.0000,61.8333,71.2500,79.5000,87.7500,99.0000
228.3333,218.8889,211.8333,206.8889,206.3333,193.8889,170.3333,141.8889,136.1667,125.6667,125.3333,135.4444,140.5000,146.4444,166.0000,166.2222,164.3333,164.4444,151.1667,155.3333,159.3333,164.6667,164.1667,170.4444,156.5000,135.6667,121.8333,105.2222,80.3333,74.5556,62.1667,58.1111,61.0000,50.3333,49.6667,55.6667,53.1667,59.3333,63.5000,76.8889,67.8333,53.2222,35.0000,31.1111,42.0000,45.8889,56.8333,66.8889,61.6667,60.6667,69.3333,59.1111,62.1667,38.8889,19.3333,8.3333,21.0000,42.1111,80.5000,134.3333,169.3333,169.2222,187.5000,189.4444,177.5000,167.4444,146.0000,127.5556,106.8333,68.1111,87.5000,91.1111,110.5000,140.2222,136.8333,153.6667,175.5000,181.6667,170.3333,150.1111,157.5000,108.4444,67.8333,47.7778,47.5000,37.0000,39.1667,43.2222,31.3333,37.0000,49.5000,68.3333,83.1667,81.2222,85.5000,92.0000,93.8333,100.3333,115.0000,126.5556,135.5000,149.1111,143.5000,146.3333,145.5000,132.3333,129.5000,106.3333,109.0000,103.3333,107.3333,108.6667,104.1667,112.8889,124.1667,138.7778,132.8333,134.5556,140.8333,146.8889,153.6667,140.4444,117.1667,100.4444,113.0000,129.7778,143.1667,152.1111
240.5000,236.3333,233.7500,231.8333,231.7500,223.5000,206.7500,187.1667,185.7500,180.1667,183.7500,188.5000,189.2500,193.6667,205.7500,202.5000,201.7500,205.1667,197.2500,199.0000,201.5000,207.8333,205.7500,209.5000,205.2500,196.8333,187.7500,175.8333,155.5000,145.8333,132.5000,123.8333,121.0000,98.8333,89.7500,87.1667,73.0000,83.1667,90.0000,114.6667,101.5000,76.3333,59.2500,72.6667,101.5000,112.1667,120.5000,131.8333,122.5000,112.6667,122.0000,94.3333,101.2500,75.5000,56.2500,34.5000,5.5000,35.8333,75.7500,124.3333,164.2500,163.0000,181.5000,180.1667,179.5000,164.6667,145.7500,126.6667,111.2500,73.0000,90.0000,98.5000,118.0000,141.5000,133.2500,152.1667,171.5000,181.6667,164.7500,140.8333,149.7500,99.3333,65.2500,48.0000,56.0000,49.8333,64.2500,93.8333,69.7500,54.5000,63.0000,98.6667,121.2500,118.1667,117.0000,128.6667,134.2500,144.3333,156.7500,165.6667,174.7500,189.8333,188.2500,190.3333,184.7500,173.6667,167.7500,145.8333,152.5000,144.6667,152.0000,153.0000,149.0000,158.1667,169.7500,179.3333,170.0000,173.0000,175.2500,185.8333,193.0000,177.5000,155.5000,138.8333,151.0000,166.6667,180.7500,191.8333
238.6667,235.2222,232.5000,230.8889,229.8333,221.7778,207.0000,190.2222,190.0000,189.0000,192.3333,197.0000,198.6667,203.2222,211.5000,211.6667,209.5000,211.5556,205.1667,205.3333,205.8333,210.4444,211.3333,214.7778,210.5000,203.5556,197.1667,187.6667,169.3333,161.8889,149.8333,144.1111,139.5000,122.3333,117.6667,118.0000,101.6667,115.5556,124.8333,139.8889,124.3333,98.6667,77.1667,91.8889,126.8333,131.0000,137.0000,144.5556,131.3333,129.6667,140.1667,117.0000,116.3333,96.5556,72.3333,59.4444,28.3333,10.0000,22.5000,61.3333,93.6667,90.2222,115.3333,109.2222,101.6667,101.1111,80.0000,64.0000,64.6667,44.3333,53.0000,63.3333,77.1667,96.4444,86.3333,93.2222,110.3333,118.4444,101.3333,83.4444,84.3333,44.2222,33.0000,42.2222,68.0000,61.8889,84.5000,117.4444,86.8333,76.1111,84.3333,120.6667,139.1667,138.2222,138.1667,152.7778,155.5000,162.6667,173.5000,181.2222,187.6667,200.6667,197.0000,198.0000,194.1667,187.0000,181.6667,165.1111,168.3333,162.4444,164.6667,166.7778,164.3333,172.4444,182.6667,190.3333,185.0000,186.6667,187.1667,196.2222,203.6667,193.1111,173.5000,161.2222,170.6667,182.1111,193.3333,198.8889
239.5000,236.3333,233.0000,232.1667,232.2500,223.0000,213.0000,199.3333,200.2500,200.0000,202.0000,207.6667,207.5000,212.3333,218.2500,219.3333,217.7500,218.3333,212.5000,212.6667,212.2500,217.5000,219.2500,221.0000,216.7500,211.1667,207.5000,200.1667,187.7500,180.0000,173.2500,166.8333,164.2500,142.8333,137.7500,133.6667,113.2500,126.3333,133.5000,150.1667,137.7500,113.3333,97.7500,115.8333,150.7500,157.6667,160.5000,167.8333,159.0000,152.8333,163.7500,134.5000,141.2500,123.8333,96.7500,70.0000,48.2500,23.8333,3.5000,15.6667,35.7500,30.5000,50.7500,49.5000,42.2500,44.1667,39.0000,37.1667,37.5000,31.8333,31.2500,38.8333,43.5000,47.6667,38.7500,41.8333,54.0000,58.8333,44.5000,34.6667,30.0000,23.0000,39.5000,49.0000,75.2500,71.0000,107.7500,141.0000,107.5000,93.3333,96.7500,129.6667,153.5000,149.3333,153.7500,164.3333,166.5000,174.5000,184.0000,190.3333,198.0000,206.0000,204.5000,205.3333,200.0000,193.1667,188.7500,175.1667,177.2500,172.1667,177.0000,178.6667,177.2500,183.8333,191.7500,196.8333,192.2500,191.5000,192.2500,200.8333,208.5000,197.6667,181.0000,170.0000,178.7500,190.1667,198.0000,203.8333
241.0000,238.2222,236.0000,236.0000,235.1667,228.5556,218.5000,208.4444,208.8333,208.1111,209.5000,214.8889,215.3333,219.2222,226.0000,227.1111,225.8333,225.1111,219.0000,219.8889,220.0000,224.8889,226.0000,228.2222,224.0000,218.2222,214.8333,208.6667,197.8333,190.8889,183.8333,177.7778,172.8333,159.7778,155.5000,150.6667,136.8333,144.6667,152.8333,164.7778,157.0000,139.5556,125.8333,139.3333,170.6667,172.6667,175.1667,183.7778,174.6667,167.0000,177.5000,153.7778,155.1667,150.4444,127.5000,94.1111,72.3333,37.1111,14.5000,4.8889,14.3333,15.8889,32.5000,33.4444,31.3333,30.5556,25.5000,27.7778,32.1667,29.8889,30.3333,33.7778,34.1667,40.2222,32.5000,34.0000,40.0000,41.7778,32.0000,28.5556,20.0000,21.5556,38.1667,61.2222,100.6667,95.8889,125.5000,152.6667,129.0000,118.2222,124.8333,148.7778,167.3333,164.4444,169.5000,178.1111,180.8333,186.3333,195.6667,201.4444,208.1667,214.7778,213.0000,214.5556,208.6667,203.4444,201.5000,188.2222,190.8333,186.6667,190.0000,192.5556,189.0000,195.1111,201.0000,207.3333,201.3333,202.4444,205.6667,213.1111,219.0000,209.2222,193.8333,182.5556,190.5000,201.3333,208.0000,213.0000
241.0000,238.0000,235.2500,234.6667,235.0000,228.8333,220.7500,211.0000,211.0000,210.8333,212.5000,215.8333,216.7500,221.3333,227.2500,228.6667,227.0000,225.6667,219.5000,220.6667,220.0000,225.3333,226.5000,229.3333,227.0000,221.5000,216.7500,210.0000,200.2500,192.8333,182.7500,175.8333,172.0000,159.6667,155.5000,154.5000,143.5000,154.3333,160.2500,169.5000,163.7500,146.6667,132.0000,138.3333,169.0000,170.8333,178.0000,184.8333,182.5000,172.5000,180.2500,161.1667,169.0000,152.5000,136.7500,100.3333,87.7500,49.5000,26.5000,13.1667,3.5000,10.0000,20.7500,29.6667,28.5000,34.3333,24.7500,30.1667,41.0000,41.1667,42.2500,44.3333,42.0000,47.3333,42.7500,41.8333,42.7500,46.5000,36.2500,34.1667,21.7500,27.1667,51.5000,76.0000,107.7500,110.5000,129.5000,151.6667,130.0000,125.6667,134.2500,158.6667,180.2500,174.1667,177.5000,186.1667,189.5000,194.6667,202.2500,208.8333,215.5000,220.0000,217.0000,218.0000,214.7500,208.6667,207.5000,195.1667,197.7500,193.3333,197.2500,198.1667,194.2500,201.1667,206.7500,212.6667,206.2500,209.1667,214.5000,218.5000,224.7500,214.6667,200.7500,189.5000,198.5000,207.0000,214.5000,218.5000
242.5000,239.7778,237.3333,236.6667,237.0000,230.1111,222.6667,213.7778,213.1667,212.3333,213.8333,217.8889,218.1667,222.3333,228.8333,229.3333,226.8333,227.3333,222.1667,223.1111,223.3333,228.6667,228.8333,231.4444,228.5000,222.7778,219.0000,211.6667,200.6667,195.1111,185.8333,181.4444,177.1667,166.3333,163.3333,160.1111,151.1667,160.8889,165.1667,174.6667,169.6667,153.7778,144.3333,151.5556,177.0000,175.0000,182.1667,187.3333,182.3333,176.7778,182.1667,164.0000,175.0000,161.2222,145.5000,118.8889,105.6667,72.1111,43.1667,20.1111,14.8333,5.1111,14.0000,25.0000,24.3333,36.7778,34.8333,36.5556,50.5000,62.0000,54.8333,55.2222,45.8333,52.5556,43.5000,44.0000,45.6667,49.0000,34.1667,36.4444,26.1667,35.7778,69.0000,96.8889,124.8333,131.2222,145.1667,162.1111,143.5000,137.7778,147.8333,166.2222,184.8333,180.5556,180.5000,189.0000,193.6667,197.7778,204.6667,210.7778,215.5000,219.4444,217.1667,219.5556,216.0000,211.5556,210.5000,201.7778,202.3333,198.4444,199.6667,201.0000,196.6667,203.4444,208.8333,214.7778,210.0000,211.7778,213.6667,218.6667,222.3333,216.0000,204.8333,193.0000,202.3333,210.0000,214.8333,219.0000
240.7500,237.8333,234.0000,233.0000,233.7500,225.5000,218.2500,210.1667,209.7500,210.0000,211.5000,215.1667,214.7500,219.5000,224.7500,225.5000,222.7500,222.1667,217.2500,218.8333,216.5000,222.0000,223.5000,227.0000,224.7500,219.6667,217.0000,211.5000,201.5000,195.5000,184.7500,179.5000,176.7500,161.6667,156.0000,154.6667,146.7500,154.5000,159.7500,172.0000,169.2500,153.8333,139.0000,145.0000,170.0000,173.3333,180.5000,186.3333,181.0000,175.1667,184.7500,163.3333,173.5000,163.1667,145.5000,119.8333,111.2500,75.1667,56.5000,32.6667,27.0000,17.0000,4.2500,20.5000,24.0000,34.0000,39.7500,43.1667,50.7500,61.6667,61.5000,56.5000,48.2500,53.0000,48.0000,44.1667,43.0000,45.5000,34.5000,45.6667,33.5000,48.3333,70.0000,100.0000,121.7500,125.5000,139.7500,156.5000,136.0000,132.0000,139.0000,164.5000,181.2500,179.3333,178.2500,188.0000,193.5000,198.1667,203.5000,208.8333,213.2500,216.0000,213.5000,217.0000,213.7500,209.3333,207.7500,201.0000,200.2500,197.0000,199.7500,199.5000,197.0000,202.6667,206.5000,212.8333,209.0000,210.3333,211.7500,216.1667,220.2500,213.5000,204.2500,194.3333,202.0000,208.3333,212.7500,216.0000
244.1667,241.6667,239.1667,238.4444,238.5000,232.5556,228.0000,221.3333,221.5000,220.2222,220.5000,224.4444,224.0000,227.2222,231.8333,232.2222,231.1667,230.8889,227.5000,228.1111,227.0000,231.7778,232.3333,234.1111,231.6667,227.5556,224.0000,218.6667,209.5000,205.3333,196.3333,195.0000,193.1667,180.4444,176.0000,173.7778,167.0000,173.1111,175.0000,187.8889,186.0000,172.7778,161.3333,165.0000,183.3333,188.3333,194.1667,198.1111,193.6667,191.0000,197.6667,181.2222,187.0000,178.3333,162.0000,145.5556,135.5000,108.0000,82.5000,63.4444,55.6667,34.5556,28.5000,10.3333,24.6667,33.0000,47.5000,56.4444,64.8333,88.6667,81.6667,91.3333,77.6667,83.8889,63.0000,59.5556,45.1667,60.7778,47.0000,64.2222,53.5000,79.0000,109.3333,127.0000,145.0000,151.7778,159.6667,173.8889,159.5000,154.6667,165.0000,178.6667,192.0000,190.8889,192.8333,201.5556,205.1667,209.3333,214.0000,218.5556,222.5000,224.2222,222.6667,225.6667,222.5000,218.5556,217.1667,209.3333,210.5000,207.8889,208.8333,209.7778,208.1667,213.3333,217.0000,221.3333,217.1667,219.4444,221.3333,224.8889,227.6667,221.8889,212.8333,202.8889,210.0000,218.0000,221.3333,223.2222
242.7500,239.8333,236.7500,236.5000,236.5000,229.3333,222.0000,214.1667,214.0000,212.8333,213.5000,217.6667,217.0000,220.8333,226.5000,226.8333,225.5000,225.1667,221.5000,222.3333,222.0000,227.6667,227.5000,230.3333,228.0000,222.6667,218.7500,213.1667,203.2500,198.1667,189.2500,184.5000,180.0000,167.5000,161.7500,159.0000,152.0000,161.3333,165.7500,174.6667,170.0000,157.0000,146.5000,151.8333,174.7500,180.0000,185.5000,189.0000,184.0000,179.1667,184.2500,167.0000,178.0000,162.0000,148.2500,125.0000,105.2500,75.8333,43.7500,32.3333,36.7500,32.5000,35.7500,19.1667,4.0000,15.0000,14.0000,21.5000,31.5000,54.6667,52.5000,61.5000,61.5000,63.6667,47.0000,38.8333,36.2500,44.0000,39.0000,46.6667,38.7500,48.1667,73.0000,93.3333,125.7500,130.0000,146.2500,166.6667,144.7500,137.3333,149.5000,169.8333,183.7500,179.6667,181.0000,187.0000,192.7500,196.3333,204.0000,209.5000,215.0000,218.8333,216.0000,219.5000,216.0000,211.6667,209.0000,200.1667,200.0000,197.1667,200.7500,201.5000,197.7500,203.5000,208.2500,215.1667,210.7500,212.6667,214.0000,219.6667,222.5000,214.6667,202.7500,191.8333,201.2500,209.6667,215.5000,218.3333
241.6667,238.1111,235.0000,234.7778,235.0000,226.8889,218.8333,209.1111,209.6667,209.0000,210.3333,214.8889,214.8333,218.8889,224.6667,225.2222,224.0000,223.7778,218.6667,219.8889,219.3333,225.4444,225.6667,228.2222,225.1667,220.2222,216.1667,210.0000,199.5000,193.1111,185.3333,180.4444,177.6667,161.3333,156.6667,155.0000,143.8333,158.4444,162.0000,172.2222,164.3333,148.8889,133.6667,140.4444,169.1667,171.8889,179.1667,185.2222,180.3333,174.0000,180.8333,159.4444,166.6667,152.1111,132.0000,102.5556,82.3333,51.8889,28.0000,25.6667,31.1667,30.2222,34.6667,22.7778,13.8333,5.0000,7.6667,9.7778,14.8333,26.7778,32.5000,32.2222,36.1667,37.8889,31.5000,24.8889,27.8333,32.6667,29.3333,35.5556,32.1667,34.1111,50.8333,74.7778,114.8333,119.1111,139.1667,159.0000,134.0000,127.7778,140.6667,164.6667,179.5000,177.6667,179.5000,185.4444,190.3333,194.8889,202.5000,209.0000,214.6667,218.1111,214.3333,217.2222,215.0000,210.7778,209.1667,196.5556,198.3333,194.3333,197.6667,199.3333,194.5000,201.6667,206.5000,213.8889,209.1667,211.7778,214.8333,220.5556,224.5000,216.2222,201.6667,190.5556,198.1667,209.2222,215.5000,218.8889
240.5000,237.5000,235.5000,235.1667,235.5000,228.3333,220.0000,210.8333,211.5000,210.8333,211.2500,215.1667,215.5000,219.6667,225.0000,225.6667,224.7500,224.1667,218.5000,220.0000,220.0000,226.1667,225.5000,228.0000,225.2500,221.0000,216.2500,211.3333,201.2500,194.6667,187.2500,180.3333,177.0000,160.8333,159.0000,157.1667,144.5000,160.1667,167.2500,175.3333,165.2500,150.3333,133.2500,139.1667,169.7500,171.3333,180.5000,188.6667,182.5000,172.8333,181.5000,158.5000,165.2500,151.5000,127.0000,96.0000,76.2500,44.3333,23.5000,19.1667,21.5000,23.1667,34.0000,22.8333,14.2500,9.0000,2.5000,5.5000,10.7500,18.1667,22.5000,27.5000,31.0000,34.1667,29.2500,20.6667,23.7500,29.6667,26.0000,30.8333,25.2500,28.0000,46.2500,66.1667,110.7500,109.0000,135.7500,157.3333,131.2500,125.1667,141.5000,166.1667,182.2500,177.3333,178.2500,186.3333,191.2500,195.5000,203.2500,209.8333,216.5000,220.8333,217.2500,218.6667,216.5000,211.0000,208.5000,198.1667,198.5000,195.0000,198.5000,200.6667,194.0000,202.8333,208.2500,214.8333,209.7500,212.0000,215.7500,221.3333,227.0000,217.0000,203.2500,194.0000,201.5000,209.1667,216.7500,220.5000
241.1667,238.3333,236.1667,236.1111,235.8333,228.6667,219.8333,210.3333,211.1667,211.1111,212.6667,216.4444,216.5000,219.8889,224.8333,225.0000,224.3333,223.8889,219.6667,220.2222,220.3333,225.5556,225.5000,227.4444,224.5000,220.2222,216.5000,211.3333,200.3333,194.5556,184.8333,180.6667,177.0000,164.0000,161.5000,158.0000,143.6667,156.0000,161.5000,173.8889,163.3333,149.0000,133.1667,145.2222,175.8333,170.7778,178.5000,185.6667,180.1667,172.5556,181.5000,157.1111,164.8333,155.1111,134.0000,102.5556,85.6667,47.0000,27.0000,21.5556,30.5000,29.0000,39.1667,29.2222,18.3333,13.6667,9.1667,3.6667,9.0000,18.4444,18.5000,24.1111,28.5000,31.1111,24.1667,21.7778,28.1667,32.0000,26.3333,29.6667,28.0000,27.6667,47.6667,73.5556,115.0000,115.8889,138.8333,161.2222,136.6667,125.3333,138.0000,162.4444,176.3333,175.0000,176.3333,184.3333,187.5000,192.3333,200.8333,205.6667,211.6667,216.1111,213.6667,215.0000,212.1667,208.5556,205.5000,194.2222,195.6667,191.0000,195.0000,197.8889,192.6667,200.3333,204.8333,211.0000,206.5000,207.8889,209.1667,215.6667,220.6667,211.8889,198.0000,188.5556,196.3333,205.8889,211.5000,215.6667
241.0000,239.0000,236.7500,236.5000,236.2500,229.1667,221.0000,212.0000,211.0000,210.1667,211.2500,215.0000,214.7500,218.1667,223.5000,223.5000,223.7500,223.3333,218.2500,219.6667,219.7500,226.1667,225.2500,227.1667,223.0000,218.1667,214.2500,208.6667,198.5000,194.0000,180.5000,178.6667,173.7500,164.6667,158.7500,157.8333,142.2500,155.3333,161.2500,175.5000,165.5000,149.8333,130.7500,141.0000,170.2500,166.5000,175.2500,184.0000,175.0000,172.1667,179.7500,160.0000,165.7500,151.3333,126.5000,91.3333,78.5000,47.6667,34.0000,36.3333,47.2500,44.1667,55.0000,44.5000,33.7500,27.8333,21.2500,14.8333,4.2500,12.8333,19.5000,24.0000,32.0000,38.0000,31.2500,32.0000,39.0000,43.5000,36.7500,39.0000,43.5000,42.5000,59.5000,74.0000,112.0000,113.1667,134.0000,156.6667,133.2500,123.5000,139.5000,162.0000,178.0000,175.5000,176.0000,186.0000,190.5000,194.8333,202.0000,206.6667,210.7500,215.0000,213.2500,215.0000,212.7500,208.8333,207.0000,195.8333,198.0000,193.6667,197.7500,199.5000,195.5000,201.6667,206.2500,211.8333,207.7500,209.6667,210.5000,216.5000,220.5000,212.5000,199.5000,189.6667,196.7500,207.3333,212.0000,216.0000
242.5000,240.7778,238.6667,238.5556,238.1667,231.5556,223.1667,214.7778,213.5000,213.0000,212.3333,217.0000,216.0000,219.4444,225.6667,224.8889,223.8333,224.6667,220.8333,220.6667,221.0000,226.2222,225.5000,227.3333,223.8333,219.5556,215.6667,209.1111,196.0000,189.8889,180.5000,176.4444,173.1667,159.5556,152.1667,146.3333,128.3333,141.8889,145.0000,165.6667,151.0000,134.7778,124.1667,138.0000,163.1667,168.3333,176.0000,183.6667,173.1667,167.6667,176.0000,148.6667,155.8333,144.1111,127.6667,87.8889,73.8333,43.6667,28.8333,34.6667,49.1667,51.2222,63.0000,57.4444,50.3333,44.0000,33.1667,24.8889,19.1667,5.2222,9.8333,15.7778,20.6667,35.4444,33.1667,37.2222,46.6667,56.7778,47.3333,36.2222,41.6667,35.1111,46.0000,63.8889,100.6667,99.8889,124.6667,151.0000,127.8333,115.5556,127.5000,148.0000,166.0000,162.6667,166.6667,174.4444,180.6667,188.6667,200.6667,204.3333,208.8333,212.7778,212.8333,213.0000,209.8333,204.1111,202.5000,185.6667,190.8333,185.5556,192.5000,196.5556,189.3333,198.8889,205.1667,208.3333,204.5000,203.6667,204.5000,211.0000,215.8333,207.8889,195.8333,180.4444,190.3333,202.7778,207.6667,211.7778
243.5000,240.3333,237.5000,237.6667,237.7500,230.3333,222.5000,213.6667,212.2500,211.0000,212.0000,216.5000,215.7500,219.3333,225.0000,225.0000,224.2500,224.1667,219.5000,220.1667,220.2500,225.8333,226.2500,227.5000,224.0000,219.5000,215.5000,210.5000,198.7500,194.1667,185.5000,182.5000,178.7500,166.5000,158.7500,154.1667,135.2500,146.6667,154.0000,170.5000,159.2500,142.1667,130.5000,144.8333,169.0000,174.1667,178.7500,187.8333,178.5000,172.8333,181.2500,157.3333,163.0000,150.1667,127.0000,86.3333,75.2500,39.6667,26.7500,29.3333,37.7500,38.5000,48.2500,45.5000,40.7500,35.6667,29.0000,23.0000,21.0000,8.1667,3.0000,7.5000,11.0000,20.3333,20.7500,28.0000,38.0000,40.8333,35.2500,25.6667,29.0000,32.6667,48.0000,70.5000,106.0000,105.8333,135.5000,156.3333,134.5000,120.3333,125.2500,152.6667,166.0000,168.5000,168.5000,180.8333,186.0000,191.5000,199.0000,202.6667,207.5000,212.6667,212.0000,213.0000,208.2500,203.5000,200.2500,187.1667,192.0000,186.8333,190.7500,194.3333,191.5000,196.6667,203.0000,207.5000,202.5000,203.0000,204.7500,210.3333,216.7500,206.6667,196.2500,184.8333,191.5000,201.6667,206.5000,213.3333
242.8333,239.7778,237.8333,237.4444,237.8333,230.7778,222.1667,213.7778,213.1667,211.7778,212.5000,217.1111,216.5000,220.0000,225.8333,224.5556,224.0000,225.2222,220.8333,221.8889,222.8333,227.5556,226.6667,229.0000,226.5000,222.0000,218.6667,212.6667,203.1667,196.8889,187.5000,183.4444,180.1667,165.7778,160.3333,157.7778,141.8333,152.2222,158.6667,174.5556,162.8333,144.0000,137.1667,146.2222,169.1667,174.8889,183.1667,190.7778,181.0000,173.6667,183.1667,159.1111,164.8333,152.0000,132.6667,87.6667,79.8333,42.2222,31.3333,30.6667,38.0000,37.8889,47.1667,47.1111,40.6667,38.6667,31.6667,26.0000,21.0000,12.7778,10.3333,4.4444,7.0000,14.8889,17.8333,26.3333,36.8333,38.1111,28.8333,25.1111,30.6667,30.0000,50.3333,77.7778,114.3333,116.0000,137.0000,157.7778,135.5000,130.2222,136.0000,160.6667,174.0000,174.0000,175.1667,184.7778,189.6667,193.8889,201.6667,207.0000,212.6667,216.7778,217.1667,218.2222,213.0000,207.7778,205.1667,194.7778,196.0000,192.7778,195.3333,198.4444,194.5000,201.3333,207.5000,212.7778,207.0000,207.3333,209.3333,215.5556,221.0000,211.4444,201.0000,191.0000,197.0000,206.1111,212.1667,217.8889
242.5000,238.6667,237.5000,237.0000,238.0000,230.8333,223.0000,214.8333,215.7500,212.6667,213.5000,217.6667,218.2500,221.5000,228.2500,227.8333,226.5000,228.1667,223.0000,224.3333,224.5000,228.5000,228.7500,230.6667,227.5000,221.8333,219.7500,212.8333,206.0000,199.3333,191.0000,186.6667,186.0000,174.0000,166.5000,166.1667,153.0000,160.1667,166.0000,180.6667,170.0000,156.5000,147.7500,154.3333,171.0000,180.3333,189.7500,195.1667,187.0000,181.1667,188.0000,168.8333,173.7500,162.0000,144.5000,99.6667,95.5000,54.3333,37.7500,29.3333,36.2500,35.8333,45.5000,45.5000,39.2500,39.3333,33.5000,28.3333,26.0000,18.0000,14.2500,10.3333,3.0000,12.0000,16.0000,27.3333,39.5000,37.3333,28.2500,29.3333,34.2500,36.1667,53.0000,83.6667,117.0000,127.0000,144.5000,158.6667,142.5000,141.8333,148.5000,169.5000,177.7500,181.0000,182.2500,190.8333,194.5000,196.3333,205.0000,210.5000,215.2500,219.1667,218.5000,220.1667,214.7500,209.6667,207.7500,199.3333,198.7500,196.1667,197.5000,201.1667,198.0000,204.5000,209.5000,214.8333,209.2500,210.0000,212.5000,218.0000,223.2500,213.6667,204.2500,195.1667,200.0000,209.0000,214.0000,219.6667
245.1667,242.8889,241.3333,240.5556,240.8333,235.0000,227.8333,221.4444,220.5000,219.2222,220.6667,224.3333,224.1667,228.1111,233.0000,232.1111,230.8333,231.0000,226.8333,227.4444,227.1667,232.3333,232.1667,234.3333,233.0000,228.4444,226.5000,219.7778,211.1667,203.8889,197.0000,192.8889,189.6667,180.2222,176.6667,173.4444,160.3333,166.8889,172.3333,189.7778,181.6667,162.8889,153.0000,163.1111,180.8333,188.3333,192.6667,197.8889,191.0000,185.8889,193.5000,176.0000,179.3333,168.6667,151.0000,114.7778,101.1667,66.0000,55.0000,39.6667,49.1667,44.0000,54.6667,57.6667,52.3333,55.4444,50.8333,46.2222,44.3333,43.1111,32.8333,23.0000,14.5000,6.5556,15.3333,33.1111,46.6667,44.4444,28.5000,24.6667,31.3333,38.4444,67.8333,88.3333,125.3333,130.6667,154.0000,171.2222,154.1667,146.0000,153.3333,174.3333,188.5000,187.4444,190.0000,197.1111,202.5000,206.3333,211.1667,216.1111,220.1667,223.7778,222.6667,225.0000,221.6667,217.2222,215.1667,207.7778,208.0000,204.2222,206.6667,208.7778,206.5000,212.4444,216.3333,221.2222,216.6667,216.8889,218.3333,223.5556,226.6667,220.3333,211.5000,204.1111,209.1667,215.8889,220.5000,224.1111
243.2500,241.3333,239.0000,239.0000,238.5000,230.5000,223.7500,215.8333,213.7500,213.3333,214.0000,218.5000,219.2500,222.8333,228.2500,228.5000,227.7500,227.3333,222.2500,223.6667,222.7500,228.0000,228.7500,230.8333,226.5000,221.6667,218.2500,211.5000,199.0000,193.0000,186.0000,182.8333,179.5000,171.0000,170.0000,165.0000,151.2500,162.1667,164.2500,176.3333,167.7500,154.0000,142.5000,156.1667,175.5000,179.3333,182.7500,188.6667,182.2500,175.6667,183.0000,164.0000,169.2500,162.3333,142.5000,113.1667,91.0000,61.1667,44.5000,41.3333,52.2500,47.0000,56.0000,52.6667,50.2500,51.1667,51.0000,38.5000,33.7500,33.8333,25.2500,24.3333,22.5000,17.6667,3.7500,16.6667,34.5000,31.0000,28.7500,29.8333,33.0000,40.3333,65.5000,85.6667,114.2500,122.1667,144.2500,165.5000,148.0000,135.0000,146.5000,163.0000,179.7500,178.1667,179.0000,187.5000,193.7500,198.5000,204.7500,209.6667,214.5000,218.1667,215.5000,218.8333,216.0000,211.6667,209.2500,200.5000,201.7500,196.3333,198.2500,200.0000,198.7500,203.8333,208.5000,214.5000,210.0000,211.5000,211.2500,217.6667,220.2500,214.8333,205.0000,194.5000,201.7500,210.5000,215.2500,218.3333
242.1667,238.6667,236.5000,236.5556,236.3333,228.6667,220.3333,212.8889,212.3333,211.0000,212.5000,215.7778,215.8333,219.3333,224.6667,224.5556,223.8333,223.8889,219.1667,220.2222,219.0000,224.5556,225.6667,228.0000,225.0000,220.8889,217.8333,211.6667,201.5000,195.5556,185.6667,181.6667,179.6667,165.2222,161.0000,158.2222,144.5000,152.6667,158.0000,176.7778,169.5000,153.0000,140.3333,148.7778,170.6667,172.8889,180.8333,188.6667,183.0000,177.3333,185.1667,164.2222,165.6667,155.7778,142.0000,109.6667,91.0000,60.0000,38.0000,33.1111,46.3333,40.7778,47.1667,42.8889,35.5000,30.3333,29.0000,26.2222,29.1667,33.5556,25.8333,27.1111,25.5000,27.8889,11.6667,4.7778,14.3333,19.2222,16.8333,22.7778,31.8333,34.5556,53.5000,80.3333,113.6667,120.2222,137.8333,154.4444,139.6667,132.4444,144.1667,165.0000,180.0000,179.0000,182.3333,187.4444,193.5000,197.4444,203.0000,208.6667,213.0000,216.7778,213.5000,216.8889,213.8333,210.8889,209.1667,200.1111,201.0000,197.3333,199.1667,200.8889,197.1667,202.4444,206.6667,213.4444,209.3333,210.8889,212.1667,217.7778,221.3333,213.8889,205.0000,194.3333,202.0000,208.8889,213.8333,217.3333
244.0000,241.6667,239.7500,239.8333,240.0000,234.3333,230.0000,223.1667,223.0000,221.1667,222.0000,225.0000,224.5000,227.3333,231.0000,231.6667,231.2500,231.3333,227.7500,229.0000,229.0000,234.0000,233.7500,235.0000,232.2500,228.5000,225.0000,220.8333,212.7500,207.6667,198.2500,195.1667,193.7500,181.0000,176.0000,174.5000,167.7500,175.0000,179.0000,193.0000,189.0000,175.0000,163.2500,166.6667,184.5000,189.1667,196.5000,200.5000,196.7500,193.6667,199.2500,184.5000,188.5000,175.0000,165.0000,141.0000,131.0000,97.3333,75.5000,62.8333,72.7500,66.5000,72.0000,56.8333,57.0000,43.3333,46.5000,41.0000,53.2500,70.1667,58.0000,63.8333,64.2500,58.6667,45.5000,22.3333,3.5000,17.3333,34.5000,53.6667,72.2500,73.1667,92.7500,116.1667,149.5000,149.0000,160.2500,175.1667,159.0000,155.8333,170.7500,188.6667,199.0000,197.5000,198.0000,204.8333,209.2500,212.0000,216.7500,220.8333,223.5000,226.1667,224.2500,227.3333,225.2500,222.6667,222.5000,215.3333,215.0000,212.6667,215.0000,215.0000,211.7500,216.1667,220.0000,225.0000,221.0000,224.1667,226.0000,228.8333,231.2500,225.5000,217.7500,209.6667,216.5000,222.3333,224.7500,227.0000
243.5000,240.3333,238.3333,237.5556,238.1667,231.3333,225.6667,218.3333,217.6667,216.7778,217.6667,219.4444,219.0000,222.1111,226.5000,226.1111,225.6667,225.7778,222.5000,224.4444,222.8333,229.1111,228.5000,230.5556,228.5000,224.7778,222.1667,217.5556,208.8333,203.5556,193.0000,188.3333,186.0000,172.6667,166.1667,166.0000,157.0000,163.0000,166.6667,187.0000,182.3333,162.8889,149.6667,153.6667,175.6667,183.7778,190.1667,195.0000,190.3333,185.3333,192.3333,176.5556,180.6667,163.3333,150.3333,126.7778,113.6667,83.4444,64.5000,52.1111,58.3333,52.8889,56.5000,49.2222,49.8333,45.2222,46.0000,41.5556,50.8333,68.2222,59.5000,57.0000,49.5000,50.8889,39.0000,27.0000,18.1667,6.1111,17.6667,38.3333,41.0000,58.4444,81.6667,102.5556,128.5000,134.1111,144.3333,166.2222,146.8333,139.4444,154.0000,174.7778,190.0000,190.0000,190.5000,198.6667,203.5000,206.6667,211.0000,215.1111,218.0000,222.1111,219.5000,223.2222,220.6667,216.8889,216.1667,210.0000,208.8333,206.2222,208.0000,209.1111,206.6667,211.0000,214.6667,220.5556,216.5000,218.6667,220.0000,223.7778,227.0000,219.3333,212.1667,204.6667,211.0000,215.6667,219.6667,222.5556
241.7500,238.5000,236.2500,235.5000,235.2500,226.3333,218.0000,209.6667,209.2500,209.3333,210.0000,214.0000,213.5000,218.3333,223.2500,224.1667,222.5000,222.1667,217.5000,218.8333,216.7500,222.1667,223.7500,227.0000,224.0000,219.6667,216.2500,208.3333,197.7500,190.3333,178.5000,175.0000,171.7500,159.5000,152.2500,151.1667,139.2500,145.3333,153.2500,169.5000,166.5000,145.8333,134.2500,142.0000,164.5000,167.5000,175.5000,182.6667,178.0000,172.5000,177.7500,159.1667,163.7500,150.3333,136.2500,107.5000,89.2500,59.3333,39.5000,28.5000,35.5000,33.1667,48.2500,40.5000,36.5000,36.0000,36.0000,35.5000,33.7500,38.6667,33.2500,29.0000,25.5000,29.8333,20.5000,22.6667,27.5000,18.6667,3.2500,13.5000,21.5000,30.8333,50.5000,77.1667,110.0000,115.6667,136.2500,152.5000,134.2500,123.3333,132.0000,157.6667,174.5000,175.3333,174.7500,184.1667,190.7500,195.0000,202.0000,207.3333,212.0000,216.1667,212.5000,216.0000,212.7500,208.3333,207.0000,198.8333,198.5000,194.6667,195.7500,197.6667,194.7500,200.3333,204.7500,211.5000,207.2500,209.0000,210.7500,216.5000,220.5000,212.5000,203.7500,193.0000,200.7500,207.5000,212.7500,215.8333
242.8333,240.7778,238.8333,238.6667,237.8333,230.4444,221.8333,214.4444,212.5000,212.6667,214.0000,218.0000,218.3333,223.0000,228.8333,229.2222,227.8333,227.7778,223.1667,223.8889,223.0000,227.6667,228.8333,230.8889,228.3333,221.4444,218.1667,210.8889,200.6667,193.7778,186.1667,182.5556,179.1667,169.7778,166.6667,164.5556,150.5000,159.6667,164.0000,174.8889,168.6667,157.1111,147.6667,156.5556,174.6667,178.3333,183.3333,190.0000,184.0000,176.6667,184.1667,164.2222,169.8333,165.5556,149.6667,116.3333,101.0000,61.2222,39.3333,25.4444,35.6667,33.4444,46.5000,44.2222,37.6667,39.3333,36.5000,36.6667,42.3333,39.0000,38.3333,33.7778,33.0000,34.5556,25.6667,27.2222,38.0000,31.7778,19.1667,7.2222,14.8333,26.7778,48.0000,85.1111,119.3333,125.8889,140.6667,159.8889,146.0000,139.1111,144.3333,161.4444,181.0000,178.5556,180.8333,187.8889,193.3333,196.5556,203.6667,208.5556,213.5000,217.7778,216.0000,219.0000,214.8333,210.7778,208.6667,199.4444,201.0000,196.3333,198.5000,201.6667,198.1667,204.1111,207.5000,214.4444,209.8333,210.1111,210.0000,216.7778,220.0000,213.5556,203.1667,192.8889,199.3333,209.0000,214.0000,218.1111
241.2500,239.5000,237.2500,236.6667,236.2500,229.0000,219.5000,210.1667,210.2500,208.8333,211.2500,215.1667,215.2500,219.5000,227.0000,227.5000,225.0000,225.3333,219.0000,220.0000,218.7500,224.6667,225.5000,228.5000,226.5000,219.8333,217.5000,209.8333,197.0000,188.3333,181.2500,175.0000,170.5000,160.6667,159.0000,154.0000,137.7500,145.8333,154.5000,165.0000,158.7500,142.0000,132.0000,146.0000,171.5000,170.1667,175.2500,183.1667,178.2500,169.1667,175.7500,154.5000,159.5000,153.3333,137.2500,102.3333,84.7500,53.0000,26.0000,18.8333,29.0000,29.0000,39.2500,39.6667,35.2500,36.3333,31.2500,31.5000,42.2500,37.5000,31.5000,32.8333,27.5000,31.5000,26.7500,31.5000,39.7500,36.8333,24.0000,14.1667,3.7500,14.3333,40.2500,68.1667,98.5000,108.5000,126.5000,148.1667,139.2500,124.1667,129.7500,147.0000,171.7500,168.5000,171.5000,180.5000,185.5000,189.5000,197.2500,204.6667,210.5000,214.3333,212.0000,215.0000,208.5000,204.5000,202.5000,192.5000,194.2500,189.3333,191.2500,194.1667,190.0000,196.6667,202.2500,208.5000,202.5000,203.6667,205.7500,212.8333,218.5000,209.6667,198.2500,185.3333,194.7500,202.6667,207.7500,213.3333
240.3333,238.3333,235.6667,235.5556,234.6667,227.0000,216.0000,206.0000,205.0000,204.3333,206.8333,211.1111,211.3333,216.2222,223.0000,223.4444,221.3333,223.1111,217.1667,217.8889,217.3333,222.5556,224.0000,226.5556,223.0000,216.7778,212.5000,205.6667,194.6667,188.1111,180.1667,174.1111,171.5000,152.2222,140.5000,139.1111,116.3333,128.4444,138.8333,156.5556,146.6667,129.3333,116.5000,133.8889,162.8333,169.3333,173.6667,180.2222,172.3333,163.6667,169.5000,145.2222,155.0000,144.4444,123.8333,90.6667,74.5000,38.5556,23.6667,24.4444,39.8333,31.6667,51.0000,50.7778,48.3333,50.0000,46.0000,40.3333,46.5000,37.1111,39.1667,38.6667,46.1667,45.0000,35.8333,44.2222,54.1667,54.6667,39.8333,30.3333,15.6667,7.7778,16.0000,47.3333,85.3333,80.6667,102.3333,141.3333,119.0000,109.6667,110.5000,141.5556,160.5000,155.1111,160.0000,170.1111,173.5000,180.0000,190.1667,196.0000,204.5000,210.7778,209.8333,210.5556,204.3333,198.6667,196.8333,183.5556,186.6667,181.3333,186.1667,188.1111,184.8333,189.7778,196.8333,202.5556,198.1667,198.8889,202.0000,208.2222,214.1667,204.8889,188.3333,177.1111,185.8333,197.7778,203.6667,210.3333
239.0000,236.0000,233.2500,231.8333,231.2500,223.1667,210.5000,196.3333,195.5000,194.5000,200.2500,202.5000,202.2500,206.0000,214.2500,213.6667,212.5000,214.6667,208.7500,210.3333,211.2500,215.5000,216.7500,219.3333,216.0000,209.0000,203.7500,197.5000,183.5000,175.8333,162.5000,156.0000,150.7500,127.6667,116.0000,113.6667,90.0000,99.8333,116.2500,134.6667,117.5000,94.6667,84.0000,103.3333,140.2500,148.3333,153.2500,161.0000,148.0000,140.1667,148.0000,119.3333,122.2500,111.5000,92.5000,65.8333,46.0000,27.6667,27.0000,36.8333,60.0000,56.0000,80.2500,80.5000,77.2500,71.3333,66.0000,55.1667,60.5000,42.1667,49.0000,51.1667,50.7500,67.5000,57.5000,65.0000,80.2500,84.0000,66.0000,45.6667,38.2500,15.8333,4.7500,21.6667,61.7500,53.6667,86.0000,120.8333,93.7500,78.8333,78.0000,113.0000,146.0000,135.5000,139.7500,153.3333,154.7500,165.0000,175.5000,182.5000,188.7500,202.6667,202.0000,202.6667,195.7500,187.3333,184.0000,168.6667,169.7500,163.1667,168.5000,172.8333,167.2500,176.0000,185.5000,193.1667,187.5000,187.8333,189.2500,197.5000,206.0000,193.5000,175.2500,161.5000,172.5000,183.6667,196.0000,202.6667
241.3333,239.2222,237.0000,235.5556,233.6667,227.5556,215.5000,202.0000,199.6667,197.0000,200.3333,202.6667,204.1667,208.0000,216.3333,217.3333,214.3333,216.0000,210.6667,210.5556,211.6667,216.0000,216.1667,218.5556,214.6667,209.5556,205.1667,196.3333,181.6667,173.2222,161.8333,156.8889,154.0000,138.1111,128.0000,118.2222,90.8333,97.1111,104.0000,130.7778,118.0000,91.4444,88.5000,121.0000,151.3333,153.1111,155.6667,158.0000,147.0000,143.7778,146.5000,124.5556,123.3333,121.2222,106.1667,88.0000,59.3333,54.1111,64.3333,103.7778,134.8333,132.2222,158.8333,157.8889,153.1667,146.0000,130.1667,110.4444,110.0000,78.2222,95.8333,99.3333,112.5000,128.3333,123.1667,142.0000,158.3333,168.8889,143.1667,111.6667,111.1667,70.7778,35.3333,14.8889,41.0000,56.1111,85.5000,136.1111,112.6667,81.6667,69.3333,101.0000,130.5000,126.0000,133.3333,146.2222,150.0000,159.2222,172.3333,179.3333,185.5000,200.4444,197.6667,199.7778,194.5000,183.6667,179.1667,161.4444,166.0000,157.5556,161.6667,165.1111,163.5000,172.7778,182.5000,189.3333,184.0000,183.0000,184.6667,194.1111,202.1667,188.6667,172.0000,153.8889,165.5000,179.0000,191.5000,200.8889
237.0000,232.8333,229.2500,225.3333,223.2500,214.1667,196.5000,177.1667,174.0000,167.6667,170.7500,176.0000,177.5000,182.5000,194.5000,198.0000,194.2500,195.3333,185.7500,187.6667,189.7500,195.8333,194.7500,199.0000,193.5000,184.6667,182.0000,168.1667,146.0000,133.3333,124.0000,113.5000,101.0000,84.3333,80.0000,72.1667,55.2500,69.6667,73.7500,90.8333,70.0000,55.1667,57.5000,88.0000,116.0000,120.8333,119.2500,121.0000,106.5000,90.6667,92.2500,68.1667,82.0000,86.3333,99.5000,85.1667,59.7500,64.3333,93.7500,144.6667,176.2500,179.0000,197.0000,191.6667,183.2500,176.3333,158.2500,140.5000,127.7500,93.3333,116.2500,122.3333,138.2500,164.5000,155.5000,170.5000,186.5000,190.1667,182.2500,161.6667,168.2500,118.1667,77.5000,45.3333,7.2500,35.5000,67.5000,98.6667,80.7500,44.8333,32.7500,57.0000,91.0000,88.0000,91.2500,107.8333,114.0000,124.3333,142.2500,150.8333,159.5000,173.0000,169.5000,175.1667,166.7500,155.1667,155.2500,133.1667,135.7500,124.6667,123.0000,126.0000,122.5000,134.5000,147.2500,161.6667,153.5000,160.1667,166.7500,173.6667,183.0000,168.3333,148.5000,131.0000,147.5000,156.0000,166.5000,181.3333
222.1667,210.8889,199.5000,190.2222,189.5000,174.5556,147.1667,118.6667,107.8333,94.3333,90.8333,99.0000,102.1667,107.8889,129.8333,131.6667,128.3333,127.5556,111.5000,116.7778,124.3333,128.1111,126.8333,135.5556,119.0000,100.2222,86.3333,69.5556,49.5000,43.2222,35.5000,30.8889,28.1667,21.5556,17.3333,16.8889,15.0000,18.0000,23.3333,33.0000,26.0000,17.3333,16.5000,20.6667,34.8333,36.2222,34.0000,36.4444,30.6667,28.7778,32.1667,22.1111,24.3333,23.0000,25.1667,31.8889,35.8333,49.5556,80.6667,124.6667,155.6667,159.2222,182.5000,177.2222,171.0000,156.8889,138.1667,124.2222,106.3333,74.5556,93.0000,96.8889,114.8333,139.3333,131.8333,153.1111,169.6667,175.5556,167.5000,147.2222,147.3333,102.0000,66.0000,45.4444,23.6667,5.4444,11.0000,19.7778,15.1667,12.7778,12.0000,19.7778,29.8333,31.0000,34.3333,42.1111,45.3333,49.0000,59.5000,64.4444,72.1667,84.8889,83.8333,82.1111,77.1667,64.3333,61.5000,48.8889,51.6667,44.7778,47.1667,50.3333,48.3333,55.4444,63.5000,72.1111,63.5000,66.3333,72.1667,82.6667,92.0000,73.5556,58.5000,48.8889,55.5000,63.2222,74.1667,91.1111
218.0000,206.8333,193.0000,186.3333,183.5000,169.8333,145.5000,114.1667,101.5000,87.8333,82.7500,91.6667,95.2500,103.0000,121.7500,127.0000,123.0000,118.6667,104.5000,109.1667,115.2500,119.3333,117.2500,123.6667,106.7500,84.8333,69.5000,55.6667,36.5000,32.3333,26.2500,21.5000,19.5000,15.1667,12.0000,13.0000,13.2500,14.6667,18.5000,26.5000,24.0000,19.3333,16.7500,17.0000,25.5000,29.0000,29.7500,30.6667,27.2500,25.6667,26.0000,20.0000,24.7500,20.8333,21.2500,27.0000,33.2500,48.6667,83.2500,126.5000,156.2500,159.3333,177.5000,175.0000,170.0000,160.1667,140.0000,124.8333,106.7500,74.3333,96.2500,98.1667,116.5000,137.8333,133.5000,153.1667,170.7500,175.1667,166.7500,146.5000,147.0000,102.6667,66.2500,43.0000,30.5000,9.0000,2.7500,8.3333,8.5000,11.3333,15.0000,23.6667,30.5000,29.3333,32.2500,39.1667,42.2500,46.6667,54.0000,59.8333,69.5000,79.3333,79.5000,79.5000,75.0000,62.3333,57.2500,45.1667,47.5000,43.0000,48.0000,49.1667,48.2500,53.8333,60.7500,72.0000,65.0000,65.0000,68.5000,77.1667,84.0000,68.6667,52.2500,44.3333,49.5000,59.5000,70.5000,87.8333
222.0000,211.1111,199.0000,192.0000,190.6667,176.5556,152.6667,119.6667,109.8333,98.8889,95.0000,104.5556,108.8333,117.7778,133.8333,137.7778,133.3333,130.0000,115.5000,119.3333,124.5000,131.3333,128.5000,134.5556,119.3333,99.4444,81.3333,65.0000,44.3333,39.2222,28.0000,24.2222,25.0000,19.8889,17.0000,22.1111,25.3333,27.4444,32.8333,39.6667,36.1667,30.4444,22.8333,15.1111,22.5000,27.6667,29.5000,34.1111,31.8333,30.8889,31.5000,29.4444,32.5000,23.4444,22.3333,29.8889,38.5000,54.1111,92.0000,135.3333,165.8333,167.6667,181.8333,179.2222,173.3333,165.0000,150.3333,132.7778,118.3333,82.1111,104.5000,107.2222,125.3333,144.3333,137.6667,157.2222,171.0000,178.0000,169.6667,152.8889,152.6667,112.1111,70.6667,50.3333,41.8333,23.3333,12.1667,4.4444,9.6667,20.1111,27.6667,38.0000,49.1667,46.3333,49.8333,59.3333,63.1667,66.7778,73.5000,80.8889,89.8333,102.0000,98.1667,100.3333,98.3333,86.6667,84.5000,70.6667,69.6667,67.1111,67.6667,68.8889,66.1667,71.8889,80.0000,93.1111,88.0000,90.7778,98.0000,104.8889,110.3333,96.2222,74.0000,65.2222,73.3333,85.5556,97.0000,108.6667
219.7500,207.5000,192.7500,184.3333,182.0000,167.3333,141.0000,107.1667,94.2500,83.5000,79.7500,88.0000,93.7500,100.8333,117.5000,123.6667,118.5000,115.0000,99.5000,103.8333,107.5000,110.5000,112.2500,119.5000,103.5000,80.3333,62.0000,49.0000,33.2500,29.8333,21.5000,18.6667,15.7500,12.8333,11.0000,13.0000,14.2500,16.6667,20.0000,25.8333,21.5000,17.3333,11.5000,10.0000,18.5000,23.3333,20.5000,22.5000,20.2500,18.0000,21.2500,16.3333,20.0000,15.0000,15.7500,22.8333,30.7500,46.5000,80.7500,124.6667,157.5000,159.6667,179.2500,175.3333,168.0000,158.1667,137.5000,122.3333,104.7500,73.0000,94.7500,99.6667,116.2500,137.5000,131.7500,151.0000,165.7500,172.0000,165.2500,148.1667,147.7500,100.3333,63.5000,42.0000,31.5000,13.0000,9.5000,8.6667,2.7500,8.1667,16.2500,22.3333,29.2500,27.8333,28.2500,36.0000,41.5000,45.6667,53.0000,58.3333,65.2500,73.1667,73.7500,71.5000,69.2500,58.3333,54.7500,45.0000,45.0000,41.1667,44.0000,45.8333,45.5000,49.5000,56.7500,64.6667,59.5000,62.8333,68.7500,75.3333,83.2500,65.3333,50.2500,43.8333,48.0000,56.5000,65.7500,82.6667
217.8333,204.7778,190.0000,179.5556,176.5000,163.3333,134.0000,102.2222,89.1667,77.7778,73.6667,81.1111,85.1667,90.6667,109.5000,114.4444,111.3333,106.2222,91.3333,96.1111,100.1667,102.0000,104.5000,113.0000,96.8333,75.0000,60.6667,47.7778,31.0000,28.3333,22.5000,18.2222,14.3333,11.1111,9.3333,10.5556,12.0000,14.0000,14.6667,20.3333,13.6667,8.7778,6.5000,10.0000,23.5000,24.0000,20.5000,19.6667,14.3333,13.3333,14.8333,10.8889,12.1667,10.3333,14.0000,22.5556,29.0000,45.2222,75.1667,119.3333,152.8333,154.8889,173.3333,168.5556,161.6667,151.2222,133.5000,116.5556,97.6667,66.6667,84.5000,91.7778,108.0000,132.8889,124.0000,144.1111,160.0000,165.3333,158.0000,142.2222,144.1667,97.1111,63.0000,40.8889,26.0000,10.3333,9.5000,11.1111,7.0000,3.1111,6.8333,14.4444,18.3333,17.7778,19.8333,25.0000,28.1667,34.3333,39.8333,44.5556,50.8333,58.0000,58.5000,54.1111,50.8333,42.7778,41.8333,33.1111,33.0000,28.6667,29.8333,33.0000,32.0000,36.5556,42.8333,48.0000,43.3333,45.6667,51.3333,59.1111,67.1667,51.2222,39.6667,33.3333,36.5000,43.4444,49.8333,63.5556
220.5000,209.1667,198.0000,189.5000,185.2500,171.3333,143.0000,113.0000,100.7500,88.0000,83.0000,91.6667,95.2500,101.8333,123.7500,127.0000,123.5000,118.1667,104.0000,107.0000,113.7500,118.6667,119.2500,128.3333,110.7500,92.3333,78.7500,63.5000,46.2500,39.6667,31.7500,28.6667,25.2500,20.8333,20.0000,17.1667,14.2500,18.3333,17.5000,21.8333,14.5000,9.1667,10.0000,19.0000,32.5000,31.1667,27.0000,27.3333,21.5000,20.5000,22.0000,13.1667,15.0000,15.1667,19.0000,27.5000,30.5000,46.5000,77.0000,121.6667,150.0000,154.6667,174.2500,170.8333,164.2500,153.6667,136.0000,118.8333,100.2500,69.3333,85.2500,90.5000,110.0000,135.1667,126.5000,145.0000,162.0000,166.0000,157.7500,144.0000,147.2500,97.0000,65.7500,40.3333,26.0000,11.5000,16.5000,22.5000,17.5000,9.3333,2.7500,10.1667,17.2500,15.1667,19.0000,25.3333,27.7500,33.0000,39.5000,44.1667,50.2500,57.5000,57.5000,54.1667,49.5000,41.6667,40.0000,30.8333,31.5000,27.6667,29.2500,32.6667,32.5000,36.8333,43.2500,48.0000,43.2500,43.8333,47.2500,54.1667,62.5000,48.8333,37.0000,31.5000,35.0000,42.3333,48.5000,60.8333
225.0000,216.1111,207.1667,199.0000,196.1667,181.8889,152.0000,124.3333,113.8333,104.0000,102.3333,110.4444,113.3333,119.4444,140.1667,139.8889,136.0000,135.5556,122.6667,126.3333,134.0000,141.5556,138.5000,146.3333,133.3333,118.2222,106.5000,92.4444,71.6667,62.5556,53.1667,49.7778,44.1667,37.7778,34.0000,30.0000,23.0000,27.8889,23.8333,29.8889,18.3333,14.2222,22.8333,36.3333,50.3333,50.5556,46.5000,47.8889,40.0000,36.0000,37.6667,23.1111,21.3333,31.7778,37.8333,40.6667,40.0000,51.7778,79.0000,124.5556,155.0000,158.1111,179.1667,176.2222,167.8333,156.6667,140.5000,123.3333,107.1667,75.0000,92.3333,97.0000,114.3333,137.0000,129.0000,149.2222,167.0000,173.6667,161.1667,143.7778,148.1667,102.2222,68.3333,44.3333,26.5000,19.8889,28.5000,40.2222,33.6667,20.7778,10.5000,5.1111,10.1667,12.0000,18.0000,25.0000,30.0000,35.7778,42.6667,50.4444,56.6667,67.3333,68.0000,63.8889,57.1667,45.3333,41.6667,30.7778,30.6667,25.4444,27.3333,32.7778,35.1667,40.6667,48.3333,51.8889,44.3333,44.5556,48.3333,57.8889,68.6667,55.1111,43.6667,35.1111,39.5000,46.5556,55.1667,69.2222
222.2500,211.6667,201.0000,192.0000,186.5000,173.0000,141.2500,113.8333,100.5000,90.8333,88.5000,97.1667,102.0000,108.1667,129.2500,128.8333,125.7500,123.5000,109.5000,111.8333,119.7500,127.1667,125.0000,133.0000,120.0000,105.3333,94.0000,80.5000,66.0000,57.5000,51.0000,49.8333,43.5000,38.6667,36.2500,31.8333,26.7500,31.0000,28.0000,25.8333,13.0000,17.5000,29.0000,40.0000,53.7500,52.6667,44.2500,43.3333,35.2500,30.5000,30.5000,20.8333,19.5000,32.3333,42.2500,45.5000,44.5000,57.5000,82.7500,124.3333,152.0000,158.8333,176.2500,172.6667,163.7500,152.3333,137.2500,120.3333,104.2500,75.1667,90.7500,97.3333,115.7500,138.8333,129.7500,146.1667,162.2500,168.3333,158.0000,147.1667,152.0000,103.5000,75.7500,51.8333,33.0000,28.8333,38.0000,50.1667,40.0000,28.5000,17.0000,10.3333,2.5000,5.6667,8.2500,11.0000,15.0000,19.1667,23.0000,28.5000,35.2500,39.6667,41.0000,37.5000,33.2500,28.0000,25.7500,21.3333,18.0000,14.6667,16.0000,18.0000,17.5000,23.1667,27.5000,30.3333,27.0000,28.5000,33.7500,40.1667,48.2500,34.6667,28.2500,22.3333,25.2500,29.5000,33.2500,43.1667
222.1667,212.8889,200.0000,191.2222,184.3333,170.3333,139.1667,111.2222,99.1667,89.0000,86.8333,92.3333,97.6667,103.2222,125.1667,124.4444,120.1667,117.2222,103.8333,107.1111,114.0000,121.1111,119.8333,130.1111,115.8333,101.2222,89.6667,75.5556,61.8333,53.3333,45.6667,43.0000,36.6667,32.7778,31.1667,28.6667,23.0000,28.2222,22.6667,21.4444,13.3333,15.0000,22.1667,32.6667,48.1667,45.5556,38.5000,37.6667,29.5000,27.0000,28.5000,17.6667,18.0000,25.1111,32.3333,37.6667,38.8333,53.1111,78.5000,123.4444,152.0000,157.7778,177.3333,173.8889,165.5000,152.1111,133.3333,119.1111,100.5000,69.8889,87.1667,93.2222,113.0000,134.1111,125.6667,143.0000,160.6667,168.5556,157.1667,142.5556,146.3333,100.8889,70.0000,47.3333,33.1667,24.4444,30.6667,40.7778,32.6667,23.2222,15.3333,10.7778,5.6667,3.0000,4.5000,6.5556,9.1667,12.7778,16.0000,19.2222,22.8333,30.4444,32.8333,29.6667,24.0000,20.5556,18.6667,16.0000,14.0000,11.6667,13.3333,14.8889,13.5000,18.0000,20.5000,23.2222,21.5000,22.3333,27.1667,31.5556,40.0000,25.6667,19.1667,16.0000,18.5000,20.3333,24.0000,34.8889
223.0000,214.8333,200.7500,192.6667,184.5000,171.1667,139.5000,111.8333,97.2500,90.8333,89.2500,94.3333,99.5000,102.6667,120.5000,122.8333,119.7500,116.8333,103.0000,106.8333,112.0000,118.3333,117.2500,126.6667,113.5000,100.1667,87.7500,76.1667,60.0000,53.3333,45.5000,43.3333,38.5000,34.6667,33.5000,31.6667,26.5000,31.0000,26.2500,21.1667,13.5000,16.0000,25.5000,34.3333,50.5000,47.1667,38.7500,36.1667,30.0000,27.5000,27.0000,18.3333,20.5000,28.6667,35.0000,43.8333,41.5000,57.5000,84.7500,130.8333,156.5000,163.6667,179.2500,176.8333,169.2500,156.8333,138.0000,124.1667,104.5000,74.0000,92.2500,99.8333,121.5000,141.6667,131.5000,151.0000,166.5000,173.0000,162.0000,149.1667,152.7500,106.1667,74.7500,53.5000,38.0000,29.6667,36.2500,44.6667,36.2500,26.6667,17.5000,13.5000,8.7500,5.3333,2.2500,4.5000,7.0000,8.6667,11.7500,14.0000,17.0000,23.0000,28.2500,25.6667,20.2500,17.5000,17.7500,15.1667,12.5000,10.0000,11.7500,12.8333,11.7500,14.8333,16.2500,20.6667,19.2500,20.6667,25.5000,29.3333,36.0000,21.0000,14.2500,14.0000,16.5000,17.3333,20.5000,30.1667
222.3333,212.0000,197.8333,188.8889,181.0000,168.0000,137.3333,109.8889,96.5000,88.4444,86.6667,92.1111,97.5000,101.6667,120.3333,122.3333,118.6667,114.5556,101.0000,104.3333,109.5000,115.5556,116.1667,125.0000,112.8333,100.4444,91.1667,79.2222,66.5000,58.7778,51.8333,49.4444,43.8333,38.1111,37.1667,34.1111,28.5000,33.8889,28.5000,23.0000,15.3333,20.6667,28.5000,39.7778,56.6667,52.4444,43.8333,42.3333,33.0000,31.2222,30.3333,22.3333,23.3333,30.7778,39.6667,48.3333,43.1667,57.2222,84.0000,129.2222,152.3333,159.2222,175.3333,172.2222,165.5000,153.6667,136.3333,122.7778,104.1667,74.3333,92.1667,99.5556,120.0000,137.5556,129.8333,147.0000,162.0000,168.6667,157.1667,145.4444,147.6667,104.8889,72.8333,52.0000,39.6667,30.2222,39.1667,50.1111,40.0000,29.2222,22.0000,15.4444,9.8333,7.2222,4.5000,2.7778,4.1667,5.7778,8.1667,10.4444,13.0000,18.0000,21.8333,19.6667,16.1667,13.7778,14.1667,13.6667,10.3333,8.1111,10.1667,10.4444,8.6667,10.6667,10.8333,16.1111,15.5000,17.2222,23.0000,25.4444,30.6667,19.4444,13.6667,13.2222,14.8333,14.4444,18.1667,24.3333
222.0000,212.1667,197.7500,189.0000,181.2500,166.6667,136.0000,108.8333,95.2500,87.5000,84.0000,90.8333,96.7500,101.1667,119.5000,122.8333,118.5000,114.5000,98.5000,102.8333,105.2500,112.8333,113.7500,121.5000,109.7500,98.3333,89.7500,79.0000,67.2500,60.5000,53.5000,50.5000,45.2500,40.5000,38.5000,35.6667,31.0000,36.5000,34.0000,27.5000,17.7500,23.3333,29.5000,41.0000,59.7500,55.3333,46.0000,42.6667,33.5000,32.6667,31.7500,23.8333,24.2500,31.6667,42.0000,49.8333,46.0000,59.0000,88.0000,132.6667,153.5000,160.8333,177.2500,175.0000,167.2500,156.0000,137.0000,125.5000,106.5000,77.6667,96.7500,102.0000,120.5000,139.0000,132.2500,148.6667,163.7500,170.3333,159.7500,147.1667,147.7500,108.8333,74.7500,54.0000,42.5000,32.1667,41.2500,54.1667,43.0000,29.0000,23.7500,17.6667,10.7500,9.0000,6.5000,4.0000,2.2500,4.5000,6.0000,7.6667,10.0000,15.1667,20.7500,18.8333,13.2500,12.3333,12.5000,13.3333,10.0000,10.1667,11.0000,11.5000,9.2500,11.1667,11.0000,14.5000,14.7500,16.3333,22.7500,23.3333,27.2500,15.1667,11.5000,12.8333,13.0000,12.5000,14.2500,22.3333
221.1667,211.4444,198.8333,189.2222,184.0000,168.4444,136.6667,111.5556,99.8333,91.5556,90.5000,96.2222,102.1667,107.1111,125.1667,128.8889,124.5000,119.5556,106.0000,109.6667,112.8333,119.0000,120.8333,127.3333,115.3333,103.6667,94.1667,83.6667,72.5000,65.2222,58.0000,54.6667,50.5000,44.3333,43.8333,38.7778,32.8333,38.4444,34.5000,26.5556,18.5000,26.7778,33.6667,44.8889,63.6667,59.5556,49.6667,47.3333,37.3333,36.1111,31.3333,25.5556,27.6667,36.2222,47.0000,55.0000,51.0000,62.2222,91.6667,135.5556,157.0000,163.7778,179.5000,177.6667,169.8333,160.4444,141.0000,130.2222,112.3333,83.1111,102.5000,106.6667,124.5000,143.1111,136.8333,153.0000,167.0000,173.1111,162.8333,150.8889,150.6667,111.8889,76.8333,56.4444,44.8333,37.2222,44.8333,56.3333,47.8333,34.5556,27.0000,21.6667,14.6667,10.8889,9.3333,6.5556,5.3333,2.8889,4.5000,6.4444,8.6667,13.3333,20.8333,18.5556,13.8333,13.2222,13.8333,14.7778,11.6667,11.2222,13.1667,11.5556,8.5000,10.2222,9.6667,14.5556,15.3333,17.7778,22.5000,23.7778,27.5000,15.4444,12.8333,13.8889,14.6667,12.7778,14.6667,23.7778
218.0000,208.8333,193.7500,185.8333,180.2500,166.3333,138.0000,112.1667,100.2500,90.8333,87.2500,93.0000,97.2500,103.6667,120.7500,124.8333,121.7500,114.3333,102.5000,106.3333,110.5000,116.0000,114.7500,123.3333,111.2500,98.3333,91.0000,80.3333,70.5000,64.8333,59.5000,55.8333,49.7500,47.0000,44.2500,40.3333,36.0000,38.1667,37.0000,29.1667,25.5000,30.8333,37.2500,48.6667,66.0000,62.8333,52.0000,49.8333,42.2500,40.5000,39.0000,31.1667,33.0000,40.6667,50.5000,60.1667,56.0000,66.0000,97.2500,134.6667,154.0000,160.8333,176.0000,174.5000,167.2500,159.3333,140.0000,131.8333,114.2500,87.3333,106.2500,108.0000,124.5000,143.3333,137.2500,152.3333,166.5000,171.5000,161.0000,151.5000,150.2500,113.5000,81.2500,59.6667,49.2500,40.1667,48.5000,59.0000,48.0000,37.6667,30.7500,25.5000,17.5000,15.0000,11.2500,9.1667,6.5000,4.6667,2.5000,4.3333,6.2500,11.3333,19.5000,17.3333,13.7500,12.3333,13.5000,15.3333,11.5000,12.0000,13.5000,11.6667,9.2500,10.0000,9.0000,13.1667,14.5000,16.5000,22.0000,23.5000,26.0000,15.8333,12.0000,14.0000,14.5000,12.8333,13.5000,22.3333
222.5000,214.0000,201.6667,192.4444,188.6667,173.5556,141.3333,115.0000,102.6667,94.6667,92.6667,99.4444,102.3333,109.8889,125.8333,130.4444,126.6667,119.1111,109.1667,110.2222,114.8333,121.3333,120.5000,129.8889,116.8333,105.0000,97.3333,86.7778,77.0000,71.6667,66.1667,62.0000,54.6667,51.3333,50.0000,46.5556,43.6667,45.6667,39.8333,31.8889,30.1667,36.7778,43.5000,55.4444,73.6667,69.7778,58.5000,53.5556,46.6667,44.5556,45.1667,35.5556,39.0000,47.1111,60.5000,66.8889,64.0000,73.0000,101.8333,139.3333,159.3333,164.7778,178.5000,176.7778,170.3333,162.2222,145.5000,136.3333,121.0000,93.0000,111.5000,113.5556,130.5000,146.7778,140.1667,154.4444,167.5000,173.1111,162.8333,153.7778,154.6667,119.7778,86.3333,64.8889,51.3333,46.6667,54.6667,67.7778,56.5000,44.0000,37.3333,32.5556,23.8333,21.5556,17.1667,13.0000,10.5000,8.0000,6.5000,3.3333,5.0000,9.7778,19.0000,21.2222,15.3333,13.1111,15.1667,20.3333,16.6667,16.4444,19.6667,17.4444,13.5000,15.4444,13.0000,17.1111,17.0000,20.3333,25.0000,24.7778,27.0000,15.5556,12.8333,16.7778,16.6667,12.7778,14.8333,23.2222
223.0000,213.1667,200.7500,193.3333,188.0000,172.5000,142.5000,121.1667,110.5000,103.5000,103.2500,106.6667,112.2500,118.0000,134.0000,139.6667,134.0000,129.0000,115.7500,118.8333,124.5000,134.0000,131.2500,139.5000,131.0000,118.5000,113.0000,100.6667,92.2500,85.6667,82.0000,75.3333,68.0000,63.8333,63.0000,60.0000,55.2500,58.6667,51.5000,40.8333,37.0000,50.5000,57.5000,71.6667,91.0000,87.0000,72.2500,66.8333,58.2500,55.1667,56.5000,47.3333,53.7500,62.5000,78.0000,85.3333,81.7500,87.6667,113.2500,147.1667,167.0000,170.5000,182.2500,180.3333,174.2500,168.5000,155.2500,145.1667,132.2500,107.3333,122.2500,126.1667,141.7500,156.6667,148.5000,160.3333,172.7500,177.3333,168.0000,161.3333,164.0000,130.1667,98.5000,77.6667,64.0000,61.5000,69.7500,84.3333,73.2500,59.1667,49.7500,46.6667,38.0000,32.5000,26.5000,20.8333,16.7500,12.3333,9.2500,6.5000,2.7500,7.3333,18.7500,20.5000,17.2500,18.5000,21.0000,26.5000,24.7500,23.8333,26.2500,22.3333,20.2500,19.5000,14.0000,20.1667,21.5000,26.3333,31.0000,29.5000,27.7500,18.3333,16.5000,22.5000,22.0000,17.5000,16.0000,23.5000
228.3333,217.6667,206.5000,197.1111,192.6667,179.6667,150.3333,130.8889,118.6667,113.1111,111.6667,116.6667,120.8333,129.0000,146.0000,148.5556,142.3333,138.2222,125.3333,126.3333,129.5000,139.7778,139.0000,148.7778,140.8333,129.4444,129.1667,115.3333,109.3333,100.4444,101.5000,94.5556,86.6667,85.0000,84.3333,79.3333,77.8333,79.0000,69.1667,60.5556,58.8333,72.2222,80.6667,96.0000,114.8333,108.7778,93.0000,85.6667,80.1667,75.4444,72.6667,69.7778,72.6667,84.3333,102.6667,109.5556,104.3333,110.0000,131.0000,160.1111,178.3333,180.5556,190.8333,190.1111,183.5000,178.1111,164.0000,157.7778,145.8333,125.3333,137.3333,141.1111,155.8333,168.7778,162.3333,171.6667,181.3333,186.5556,178.5000,172.0000,174.8333,145.4444,114.5000,97.7778,83.6667,85.4444,93.0000,107.0000,95.5000,83.1111,73.5000,70.1111,59.8333,61.5556,51.1667,47.1111,39.5000,30.3333,21.3333,16.2222,12.5000,7.0000,15.1667,19.0000,21.6667,30.0000,37.3333,45.7778,43.0000,48.0000,48.8333,41.0000,38.0000,35.0000,22.1667,27.4444,34.6667,41.0000,46.1667,41.4444,37.1667,26.4444,27.5000,38.7778,37.3333,29.4444,23.8333,28.3333
227.7500,220.0000,208.7500,200.6667,194.2500,177.6667,151.2500,133.3333,120.0000,115.3333,119.2500,122.5000,131.0000,138.6667,154.7500,158.1667,149.0000,146.6667,129.5000,129.0000,134.5000,149.3333,151.5000,159.0000,154.0000,141.1667,138.2500,123.3333,119.0000,111.5000,110.2500,105.8333,101.7500,99.5000,101.5000,96.0000,93.7500,95.0000,85.0000,74.6667,75.0000,85.8333,96.2500,109.0000,128.0000,119.8333,101.2500,94.5000,89.2500,87.8333,83.5000,82.1667,85.2500,98.0000,118.0000,127.5000,123.5000,127.6667,146.2500,172.5000,188.5000,189.6667,198.0000,196.3333,190.7500,185.1667,175.0000,168.3333,158.0000,141.5000,151.0000,154.6667,169.5000,178.3333,172.2500,180.0000,189.5000,193.6667,186.0000,181.1667,184.0000,159.8333,132.0000,117.6667,106.2500,101.5000,109.5000,122.3333,111.2500,98.0000,90.0000,88.0000,78.5000,77.6667,70.2500,61.0000,56.5000,45.5000,29.5000,29.5000,25.7500,16.5000,5.2500,13.8333,27.2500,44.5000,56.2500,75.0000,64.0000,64.5000,67.7500,48.6667,45.2500,33.8333,22.7500,31.8333,45.5000,61.3333,68.0000,62.6667,53.7500,47.1667,52.0000,60.8333,63.0000,49.5000,34.2500,31.1667
227.3333,219.2222,207.0000,198.4444,192.6667,176.7778,150.3333,129.4444,115.5000,110.7778,113.3333,116.6667,124.1667,128.6667,146.5000,149.4444,141.1667,138.6667,124.0000,123.6667,127.0000,140.8889,142.6667,150.0000,145.0000,130.2222,127.6667,115.1111,109.5000,102.3333,102.6667,100.2222,95.1667,93.3333,93.3333,88.4444,87.0000,87.2222,79.1667,68.8889,69.5000,80.5556,90.3333,101.3333,119.1667,109.6667,96.3333,90.2222,85.3333,85.1111,85.0000,78.5556,78.5000,91.4444,108.8333,118.2222,112.3333,116.6667,136.8333,166.0000,182.5000,185.3333,195.1667,194.3333,187.6667,181.2222,169.3333,162.7778,151.5000,132.4444,144.0000,146.4444,162.3333,173.4444,168.1667,176.1111,186.5000,190.8889,182.3333,177.0000,180.0000,152.3333,122.0000,107.1111,96.5000,94.7778,102.0000,113.3333,103.3333,91.3333,81.6667,77.3333,66.6667,67.7778,65.8333,55.6667,50.3333,42.8889,28.5000,32.2222,29.5000,22.7778,15.3333,7.0000,14.3333,29.2222,41.6667,57.5556,50.3333,48.8889,51.1667,41.4444,38.3333,27.2222,18.1667,18.4444,28.8333,43.0000,52.3333,46.5556,44.1667,38.0000,45.1667,51.4444,48.8333,39.5556,24.6667,23.1111
223.7500,212.6667,198.2500,188.6667,183.2500,170.1667,139.5000,110.6667,99.0000,89.1667,87.5000,94.1667,96.2500,106.6667,125.7500,127.1667,118.7500,116.1667,101.0000,104.0000,110.2500,115.5000,116.7500,127.1667,116.2500,105.8333,100.5000,89.5000,80.5000,75.8333,73.5000,69.8333,62.2500,60.5000,61.7500,56.6667,54.5000,56.1667,50.2500,43.5000,39.2500,48.0000,55.2500,68.3333,85.2500,78.3333,66.7500,59.5000,52.5000,50.5000,50.5000,46.5000,46.0000,56.6667,72.0000,79.8333,77.7500,86.8333,111.0000,146.0000,166.7500,169.5000,182.5000,181.0000,174.7500,167.0000,152.2500,143.0000,129.5000,105.6667,119.0000,122.1667,138.7500,154.6667,148.0000,158.8333,171.7500,176.6667,167.2500,159.3333,160.7500,128.6667,96.0000,77.5000,62.0000,61.3333,69.5000,78.3333,70.0000,56.8333,46.7500,42.1667,30.7500,30.8333,28.0000,24.6667,22.7500,18.8333,17.2500,16.6667,18.7500,18.6667,21.5000,12.1667,2.7500,8.6667,16.7500,24.3333,21.5000,21.1667,20.2500,17.5000,17.0000,14.1667,11.7500,9.8333,11.0000,17.0000,25.2500,24.0000,27.5000,19.0000,21.5000,26.0000,23.5000,16.1667,11.0000,16.6667
221.8333,210.2222,196.6667,187.6667,181.8333,166.7778,139.1667,111.7778,99.8333,92.1111,90.6667,97.5556,104.3333,110.1111,128.5000,129.3333,122.1667,118.4444,104.1667,105.7778,112.1667,117.7778,121.0000,131.3333,120.3333,109.4444,101.8333,92.3333,82.1667,77.4444,73.1667,69.8889,61.1667,57.1111,56.1667,52.1111,47.5000,49.0000,42.6667,39.0000,34.1667,40.4444,49.1667,62.8889,79.6667,73.5556,63.0000,57.6667,49.8333,47.6667,48.3333,40.2222,41.3333,51.1111,64.5000,71.1111,68.1667,77.5556,105.1667,142.1111,163.3333,167.1111,180.8333,179.1111,172.5000,164.6667,147.0000,138.1111,122.5000,96.5556,114.3333,117.6667,135.0000,150.7778,144.3333,156.3333,169.8333,175.0000,165.8333,157.8889,156.8333,123.5556,89.3333,69.2222,54.1667,52.0000,62.3333,74.3333,63.5000,48.7778,40.5000,34.0000,24.8333,22.7778,21.0000,16.6667,16.0000,14.8889,14.1667,14.4444,17.0000,19.1111,24.8333,17.5556,8.1667,3.4444,7.6667,15.6667,11.8333,13.6667,14.5000,13.2222,14.0000,13.2222,12.3333,9.7778,8.6667,10.8889,17.8333,19.0000,23.8333,14.3333,14.8333,17.7778,15.3333,10.1111,9.1667,17.6667
227.7500,218.6667,206.7500,201.0000,194.7500,176.3333,145.7500,120.3333,107.2500,102.3333,101.7500,109.8333,114.2500,122.5000,139.7500,138.0000,131.0000,129.6667,117.5000,116.5000,124.2500,132.8333,134.5000,143.3333,130.2500,121.5000,110.7500,102.6667,90.2500,84.5000,79.7500,75.1667,67.0000,59.6667,57.7500,53.8333,46.7500,48.1667,43.0000,38.5000,34.0000,39.1667,47.5000,64.3333,79.7500,76.0000,67.2500,65.0000,54.0000,51.6667,51.2500,42.3333,41.0000,52.6667,61.5000,67.0000,63.5000,72.6667,100.5000,141.1667,158.2500,165.1667,177.7500,176.1667,170.2500,161.3333,142.7500,134.5000,116.2500,91.3333,110.5000,114.5000,133.7500,148.3333,141.7500,154.8333,167.2500,171.8333,163.2500,155.8333,156.7500,119.6667,86.0000,66.0000,52.7500,48.8333,58.5000,72.8333,61.2500,47.5000,40.2500,32.8333,24.0000,22.8333,23.5000,19.6667,17.7500,20.1667,20.5000,20.3333,24.0000,25.6667,32.0000,26.6667,17.2500,8.8333,3.0000,9.5000,9.5000,12.3333,17.0000,19.5000,18.5000,21.8333,21.7500,18.1667,12.7500,10.0000,16.2500,15.3333,23.5000,14.6667,15.0000,16.8333,13.7500,10.6667,14.7500,25.6667
226.0000,216.7778,206.5000,200.4444,195.8333,181.7778,153.0000,128.3333,118.8333,115.2222,115.6667,123.6667,128.6667,134.4444,151.5000,149.6667,143.8333,143.2222,131.3333,131.4444,137.6667,145.7778,145.8333,153.3333,143.6667,132.7778,122.1667,113.4444,101.5000,95.4444,90.5000,87.2222,75.5000,69.1111,68.5000,63.5556,55.6667,58.6667,51.6667,44.1111,33.5000,42.7778,54.5000,72.2222,91.1667,85.3333,77.6667,71.3333,61.6667,59.1111,59.0000,46.0000,46.0000,60.3333,71.3333,77.7778,69.8333,80.7778,106.8333,146.2222,167.3333,173.4444,186.5000,183.4444,177.5000,169.0000,152.1667,142.6667,127.1667,101.5556,118.1667,123.8889,141.6667,155.4444,148.6667,162.6667,174.8333,180.6667,171.0000,161.5556,164.1667,126.0000,92.8333,72.8889,60.5000,57.8889,69.0000,84.8889,72.3333,56.2222,45.8333,35.5556,22.5000,20.1111,21.8333,19.2222,21.6667,27.6667,31.1667,32.7778,37.8333,43.8889,52.8333,45.3333,33.3333,24.7778,14.0000,5.0000,10.0000,12.0000,18.1667,23.4444,24.6667,31.2222,33.5000,34.3333,26.6667,19.1111,19.8333,26.2222,34.5000,27.1111,24.3333,21.0000,20.3333,20.3333,30.6667,42.3333
224.5000,213.1667,201.2500,190.0000,186.2500,169.8333,139.2500,113.3333,101.7500,96.1667,94.2500,102.0000,108.7500,114.1667,133.7500,133.0000,128.0000,125.5000,111.7500,112.5000,118.2500,126.8333,128.5000,138.3333,124.5000,112.8333,101.2500,90.5000,78.7500,72.6667,67.2500,62.0000,55.2500,48.8333,46.7500,42.8333,39.2500,39.3333,36.7500,33.6667,23.7500,30.1667,37.7500,50.3333,70.7500,65.0000,54.2500,51.3333,45.2500,41.5000,42.2500,32.8333,33.2500,42.6667,52.7500,56.6667,52.7500,64.1667,91.2500,134.3333,154.0000,162.0000,177.7500,175.0000,167.7500,156.8333,138.7500,128.3333,110.7500,83.5000,102.5000,107.8333,126.7500,144.5000,137.5000,152.0000,165.2500,171.5000,161.2500,152.0000,152.7500,112.3333,78.5000,59.6667,49.0000,40.3333,47.7500,61.1667,49.5000,38.6667,31.0000,25.8333,16.2500,13.6667,13.5000,10.8333,11.7500,14.6667,16.2500,19.6667,22.5000,27.6667,33.2500,27.3333,20.0000,14.6667,11.0000,7.1667,2.5000,4.3333,6.7500,10.1667,10.7500,15.6667,17.5000,18.3333,14.7500,13.8333,18.2500,22.0000,27.7500,18.8333,14.2500,13.6667,13.0000,14.3333,18.7500,28.0000
224.3333,215.0000,202.1667,192.2222,184.5000,169.4444,140.0000,111.1111,99.0000,91.2222,88.8333,96.8889,103.3333,108.2222,128.3333,128.8889,124.1667,120.8889,106.6667,109.1111,114.3333,122.7778,122.8333,131.7778,117.6667,106.1111,94.6667,83.1111,71.8333,65.6667,58.8333,55.6667,50.1667,45.2222,45.6667,40.8889,35.8333,38.4444,37.0000,34.0000,22.3333,28.8889,35.1667,47.0000,66.6667,59.7778,50.3333,48.0000,39.8333,37.3333,37.8333,29.6667,30.5000,39.0000,48.5000,54.8889,52.6667,63.5556,89.6667,132.2222,151.6667,159.0000,173.5000,171.7778,164.6667,154.2222,136.3333,125.4444,108.5000,83.0000,100.3333,104.7778,123.0000,140.7778,133.6667,148.0000,162.3333,167.5556,158.5000,147.7778,150.1667,109.7778,78.1667,58.4444,47.5000,38.6667,47.1667,58.5556,48.1667,36.8889,30.3333,24.3333,14.8333,12.2222,12.5000,9.5556,11.1667,14.3333,16.0000,18.7778,22.5000,28.0000,31.6667,24.8889,19.0000,15.0000,12.0000,9.8889,5.8333,3.0000,5.0000,8.1111,9.1667,12.7778,16.1667,16.8889,14.8333,16.3333,19.8333,21.8889,28.1667,20.4444,16.6667,15.1111,15.6667,14.8889,19.0000,26.6667
226.0000,213.8333,201.7500,193.6667,184.7500,171.1667,140.0000,111.6667,99.7500,90.8333,90.7500,97.5000,104.0000,111.5000,132.0000,132.8333,126.2500,123.5000,109.0000,111.0000,119.2500,127.5000,127.2500,136.6667,123.5000,111.0000,98.7500,86.5000,73.2500,67.0000,60.0000,56.5000,50.7500,46.3333,49.0000,42.8333,37.5000,40.5000,36.7500,34.0000,22.2500,30.6667,37.0000,49.1667,67.0000,61.8333,51.0000,48.8333,40.7500,38.6667,36.2500,30.0000,31.2500,41.3333,51.7500,59.0000,56.5000,68.5000,96.2500,138.3333,162.0000,164.8333,178.7500,176.5000,171.0000,162.0000,143.0000,132.5000,114.5000,88.5000,105.2500,109.8333,129.7500,146.5000,139.5000,154.5000,169.5000,174.0000,164.0000,153.0000,155.5000,116.5000,84.2500,61.5000,49.0000,42.0000,51.5000,62.8333,50.2500,38.6667,31.7500,25.5000,14.5000,12.8333,12.5000,10.0000,12.2500,13.6667,15.5000,19.3333,22.0000,27.8333,32.2500,25.1667,18.2500,14.8333,12.2500,12.5000,8.5000,6.1667,2.7500,7.0000,8.2500,11.6667,16.2500,16.6667,13.7500,14.1667,19.5000,22.8333,29.2500,19.5000,16.7500,15.6667,15.0000,14.8333,18.2500,25.5000
224.3333,214.2222,200.3333,192.0000,183.8333,171.1111,142.5000,116.6667,103.3333,96.6667,95.1667,102.0000,107.3333,111.8889,131.3333,132.5556,125.8333,124.1111,110.8333,113.1111,121.0000,125.5556,125.8333,134.7778,123.1667,111.1111,102.3333,91.3333,80.8333,74.5556,69.0000,64.4444,57.8333,53.8889,54.3333,49.4444,44.6667,47.7778,42.3333,37.7778,26.0000,35.7778,43.6667,56.4444,74.1667,69.0000,59.0000,57.5556,48.6667,45.5556,41.8333,35.0000,36.6667,48.3333,58.0000,64.6667,59.0000,70.4444,98.8333,139.7778,161.8333,165.4444,178.8333,177.5556,170.8333,161.5556,142.6667,133.2222,116.0000,90.7778,107.0000,111.4444,129.1667,145.5556,139.0000,153.6667,168.3333,172.6667,163.3333,152.7778,155.5000,118.0000,84.5000,62.1111,50.5000,47.8889,56.8333,69.3333,56.1667,44.2222,36.0000,28.6667,17.1667,15.4444,14.3333,12.3333,15.0000,15.6667,15.1667,21.3333,24.6667,26.7778,30.6667,22.8889,16.8333,15.7778,17.6667,17.1111,14.6667,10.3333,8.1667,3.6667,5.5000,7.1111,10.8333,13.4444,13.8333,18.4444,25.6667,27.8889,33.5000,24.3333,21.6667,22.0000,22.5000,19.5556,19.8333,24.6667
225.7500,215.3333,199.7500,189.5000,183.7500,169.8333,139.0000,113.1667,99.0000,91.5000,91.0000,95.5000,101.5000,102.5000,119.7500,121.1667,117.7500,116.8333,102.5000,107.0000,111.7500,113.0000,114.7500,122.3333,111.5000,99.0000,90.0000,81.6667,70.2500,65.1667,59.5000,56.5000,54.0000,48.3333,44.2500,43.6667,37.2500,40.5000,41.2500,34.8333,23.0000,31.5000,36.7500,47.5000,65.0000,60.8333,53.0000,51.8333,42.2500,41.1667,37.7500,31.1667,31.7500,41.1667,49.2500,56.6667,52.5000,64.0000,94.5000,135.5000,157.5000,160.3333,174.7500,172.0000,166.5000,158.6667,137.7500,129.1667,110.5000,83.1667,102.2500,104.8333,122.7500,140.1667,134.0000,150.0000,163.5000,169.5000,160.2500,149.6667,151.7500,113.3333,79.7500,57.0000,44.7500,38.6667,48.0000,58.6667,46.7500,37.3333,32.0000,26.6667,17.0000,14.8333,12.0000,10.5000,10.5000,9.8333,10.2500,14.1667,17.0000,19.1667,22.5000,18.3333,15.2500,14.0000,16.7500,15.8333,13.5000,11.0000,9.5000,4.8333,2.5000,4.1667,7.7500,12.5000,15.0000,17.0000,24.2500,24.6667,30.2500,19.5000,16.0000,18.1667,19.2500,16.8333,17.2500,24.0000
221.0000,210.4444,196.6667,187.0000,180.3333,166.2222,136.5000,109.3333,96.6667,88.6667,88.0000,94.2222,101.1667,104.3333,121.5000,124.6667,120.3333,118.3333,105.1667,109.0000,114.5000,119.2222,117.3333,124.6667,114.0000,101.7778,94.5000,82.7778,73.1667,68.1111,62.6667,59.6667,56.3333,51.8889,51.0000,47.7778,42.8333,45.1111,41.8333,36.0000,27.5000,36.5556,43.0000,54.0000,70.1667,65.7778,55.5000,54.4444,45.1667,43.8889,39.1667,34.7778,39.1667,47.5556,56.3333,65.4444,60.8333,72.7778,100.3333,138.8889,161.1667,164.7778,179.5000,177.4444,170.0000,162.4444,144.0000,134.7778,119.0000,93.0000,109.8333,112.8889,130.1667,148.5556,140.6667,155.2222,169.3333,174.4444,163.8333,154.8889,155.1667,118.6667,86.6667,63.8889,53.0000,47.8889,55.3333,66.2222,54.6667,43.6667,36.1667,30.6667,21.5000,19.1111,15.3333,11.8889,13.3333,11.2222,11.1667,14.5556,18.1667,19.8889,20.3333,17.8889,15.0000,14.6667,17.6667,20.5556,15.1667,12.8889,12.5000,8.4444,5.5000,3.3333,6.6667,12.0000,12.6667,18.5556,25.8333,25.4444,31.0000,21.6667,19.6667,20.4444,21.3333,18.4444,17.3333,22.5556
222.2500,211.3333,197.2500,187.8333,182.7500,167.8333,139.7500,113.1667,101.0000,94.0000,93.5000,101.6667,107.7500,113.1667,130.5000,134.5000,129.7500,125.3333,112.7500,115.5000,118.2500,125.8333,125.7500,133.1667,120.2500,106.1667,100.0000,88.1667,77.0000,71.5000,67.0000,61.0000,56.0000,50.8333,50.0000,46.1667,43.2500,46.3333,41.0000,36.6667,29.5000,36.3333,43.0000,54.0000,73.0000,68.1667,55.5000,53.6667,45.7500,44.8333,42.0000,35.6667,38.7500,46.3333,56.5000,65.5000,63.0000,73.8333,101.0000,137.8333,159.5000,163.0000,178.0000,175.8333,168.7500,160.8333,145.0000,134.6667,119.5000,92.5000,111.0000,113.3333,131.0000,147.1667,139.7500,152.8333,166.5000,171.8333,161.2500,153.3333,153.5000,118.8333,86.7500,65.5000,53.0000,46.0000,54.7500,66.6667,54.0000,43.5000,37.0000,33.1667,26.2500,24.1667,19.0000,15.0000,15.7500,12.1667,10.2500,15.1667,18.5000,19.5000,22.0000,17.5000,11.7500,16.0000,21.7500,25.0000,21.0000,17.8333,18.7500,13.5000,9.0000,7.6667,3.2500,8.8333,14.7500,22.0000,31.5000,29.0000,31.0000,22.0000,21.2500,22.5000,21.7500,19.3333,16.0000,20.8333
224.8333,214.3333,200.0000,190.7778,185.5000,174.4444,147.5000,121.6667,109.3333,100.6667,98.3333,105.1111,108.3333,116.4444,136.1667,136.4444,126.8333,126.5556,113.5000,115.6667,123.6667,129.5556,128.6667,138.4444,128.5000,116.8889,111.8333,99.2222,90.8333,84.4444,81.8333,77.7778,68.1667,66.1111,67.8333,61.3333,57.1667,60.6667,52.6667,45.2222,42.5000,52.1111,60.5000,73.7778,92.5000,83.8889,71.1667,67.1111,59.6667,56.6667,55.5000,49.4444,52.6667,63.1111,79.0000,86.5556,81.0000,89.2222,113.1667,149.1111,168.3333,171.0000,183.8333,182.3333,176.0000,169.1111,155.0000,145.4444,131.1667,107.6667,121.1667,125.6667,141.8333,157.3333,150.3333,160.6667,174.1667,178.3333,169.3333,162.0000,163.6667,131.0000,99.0000,80.0000,66.6667,65.4444,78.3333,87.6667,75.8333,61.6667,52.6667,46.4444,35.1667,35.1111,31.0000,24.8889,23.6667,20.7778,16.3333,19.6667,23.1667,22.8889,26.3333,18.2222,12.3333,14.2222,22.3333,29.2222,24.3333,22.6667,22.6667,18.0000,16.8333,13.0000,9.6667,4.3333,10.3333,20.6667,30.3333,30.5556,31.5000,23.2222,23.5000,28.4444,25.8333,20.7778,18.0000,23.6667
224.7500,213.0000,199.5000,191.6667,185.0000,170.3333,141.7500,116.3333,106.2500,99.5000,99.5000,105.5000,111.5000,117.6667,136.0000,135.3333,127.5000,126.0000,112.7500,113.8333,120.0000,126.3333,128.7500,137.8333,129.0000,118.1667,110.0000,100.3333,92.5000,87.0000,83.7500,81.1667,71.5000,67.8333,68.0000,62.0000,58.0000,57.8333,52.0000,45.8333,40.5000,48.6667,60.0000,74.6667,89.2500,83.8333,74.7500,68.6667,59.7500,57.0000,57.2500,49.3333,51.2500,62.5000,74.5000,82.5000,77.2500,86.6667,111.7500,145.8333,165.7500,167.5000,179.2500,178.6667,173.0000,166.1667,151.0000,141.5000,127.2500,104.0000,119.0000,123.0000,139.0000,153.3333,146.5000,157.6667,170.5000,174.6667,166.5000,158.6667,158.5000,128.6667,97.2500,75.5000,63.5000,63.3333,77.7500,87.3333,76.2500,60.5000,50.2500,42.0000,32.5000,30.0000,28.5000,21.8333,21.2500,21.1667,20.2500,22.5000,26.0000,28.0000,32.0000,22.8333,14.7500,10.3333,12.7500,21.8333,15.7500,17.0000,19.7500,16.3333,18.0000,14.8333,15.2500,8.6667,3.0000,10.6667,20.7500,24.3333,30.7500,21.6667,21.0000,24.3333,21.2500,17.0000,17.7500,25.8333
228.3333,218.3333,206.5000,199.4444,193.6667,177.6667,147.0000,121.3333,109.1667,106.3333,106.3333,114.8889,120.0000,127.7778,146.0000,145.4444,137.3333,135.6667,123.3333,122.1111,129.0000,137.5556,138.1667,146.8889,136.0000,126.6667,115.8333,108.1111,97.6667,93.4444,90.0000,87.6667,79.1667,75.3333,78.0000,66.1111,60.6667,60.3333,53.5000,47.8889,44.8333,55.6667,64.1667,81.8889,94.3333,89.4444,78.5000,75.0000,64.6667,61.1111,59.6667,53.6667,57.0000,67.2222,80.1667,87.6667,82.1667,90.6667,114.8333,151.1111,169.6667,173.0000,185.3333,183.2222,178.1667,171.4444,154.0000,147.0000,131.1667,109.0000,124.3333,129.1111,145.6667,159.2222,152.3333,163.3333,176.6667,180.1111,171.0000,164.4444,165.1667,133.4444,100.8333,79.0000,67.0000,68.3333,80.8333,90.2222,83.0000,65.3333,56.0000,48.4444,35.5000,33.4444,31.0000,25.8889,24.1667,26.7778,25.8333,27.0000,30.6667,32.5556,38.6667,31.1111,21.6667,14.4444,11.5000,20.3333,16.1667,18.7778,20.6667,20.6667,20.8333,22.6667,22.5000,18.4444,9.8333,4.4444,12.1667,19.0000,25.8333,20.6667,22.0000,23.5556,18.6667,18.1111,19.6667,29.4444
228.5000,219.6667,209.2500,203.0000,199.0000,185.5000,159.2500,134.8333,124.0000,120.8333,124.5000,130.5000,134.5000,139.6667,155.0000,154.6667,148.2500,147.6667,137.5000,135.0000,143.0000,149.0000,149.0000,156.5000,148.0000,140.5000,129.7500,121.6667,109.7500,105.8333,101.2500,98.1667,92.0000,84.1667,81.2500,75.5000,68.2500,69.8333,61.5000,58.3333,51.0000,59.6667,68.2500,85.3333,100.2500,97.6667,94.2500,92.3333,77.0000,76.0000,71.0000,64.0000,60.5000,76.3333,86.7500,93.0000,87.0000,94.3333,118.2500,155.5000,172.2500,174.1667,185.2500,184.0000,180.2500,172.0000,156.0000,149.5000,135.2500,114.6667,129.7500,134.8333,150.2500,161.8333,154.0000,165.0000,177.7500,180.6667,171.7500,165.3333,167.0000,138.8333,104.7500,84.6667,71.2500,72.6667,84.0000,95.1667,88.5000,72.0000,61.2500,54.8333,44.2500,43.1667,46.5000,38.5000,35.5000,39.8333,41.2500,41.3333,44.5000,47.5000,55.7500,50.8333,44.2500,28.8333,16.5000,23.0000,18.7500,29.8333,34.0000,37.8333,40.5000,42.8333,43.2500,41.8333,29.5000,13.6667,3.7500,13.6667,26.7500,23.0000,30.5000,35.0000,22.5000,22.1667,32.5000,47.3333
233.3333,225.6667,216.8333,211.0000,207.1667,192.7778,165.5000,146.3333,135.0000,135.6667,136.8333,141.8889,146.0000,151.4444,167.0000,164.1111,156.5000,157.5556,146.6667,145.2222,152.3333,160.6667,160.6667,169.4444,162.1667,154.7778,146.5000,137.3333,125.5000,120.0000,116.6667,115.2222,108.8333,102.4444,103.5000,93.4444,86.6667,87.5556,77.6667,71.1111,66.8333,79.5556,89.8333,104.0000,120.6667,116.2222,110.5000,104.1111,94.1667,91.6667,85.6667,78.2222,80.5000,96.4444,106.1667,111.5556,109.1667,115.5556,135.8333,165.1111,180.0000,184.6667,195.0000,193.7778,187.0000,180.3333,165.1667,160.3333,148.3333,130.6667,142.0000,147.0000,162.3333,174.4444,166.5000,174.5556,185.8333,189.4444,181.1667,176.1111,179.0000,151.7778,121.5000,102.0000,85.8333,93.8889,106.3333,116.6667,107.1667,91.3333,79.0000,69.7778,55.0000,58.6667,58.0000,54.6667,49.5000,49.6667,47.6667,44.6667,50.0000,48.5556,59.6667,54.7778,45.8333,29.2222,21.6667,39.7778,34.5000,43.1111,46.8333,50.8889,51.6667,52.4444,49.8333,48.2222,36.5000,22.0000,14.6667,5.8889,15.5000,20.0000,35.5000,48.3333,34.1667,22.4444,29.0000,51.8889
234.7500,226.6667,220.5000,215.3333,209.7500,195.3333,167.2500,151.1667,140.2500,142.0000,144.5000,148.6667,150.7500,158.6667,173.0000,170.3333,160.0000,163.1667,151.5000,150.1667,159.2500,167.8333,167.2500,176.6667,174.2500,166.1667,160.0000,150.3333,139.2500,133.1667,128.2500,124.6667,117.2500,111.6667,111.0000,102.0000,96.7500,95.3333,80.0000,74.3333,74.2500,90.6667,105.5000,116.6667,136.2500,131.6667,124.0000,117.1667,107.5000,102.6667,90.7500,85.8333,93.2500,109.6667,119.5000,124.6667,124.0000,127.0000,144.0000,170.5000,185.7500,187.5000,195.7500,195.0000,190.0000,185.1667,172.5000,167.0000,158.2500,142.0000,152.7500,159.0000,172.7500,181.6667,172.0000,181.3333,189.0000,193.0000,185.7500,180.1667,184.7500,159.1667,132.0000,115.6667,96.2500,109.3333,118.7500,128.1667,119.5000,105.1667,92.5000,85.6667,72.7500,71.6667,69.2500,56.5000,47.2500,46.3333,40.0000,34.1667,39.2500,40.3333,58.2500,53.5000,41.5000,29.5000,26.5000,50.8333,42.7500,52.1667,53.5000,55.1667,54.2500,55.1667,47.5000,45.5000,40.7500,33.3333,27.5000,17.0000,4.2500,14.5000,28.0000,44.5000,40.5000,21.1667,22.5000,47.6667
228.1667,219.7778,209.8333,203.0000,198.6667,181.6667,152.3333,130.5556,118.8333,114.5556,115.5000,122.3333,125.1667,133.1111,151.8333,148.8889,141.5000,140.4444,127.8333,127.8889,136.0000,145.6667,145.5000,155.4444,144.5000,136.2222,127.8333,119.2222,108.5000,102.6667,97.8333,90.8889,83.0000,75.5556,74.3333,66.4444,60.3333,62.1111,54.6667,46.7778,44.8333,58.6667,65.1667,82.6667,100.3333,96.7778,87.8333,84.5556,72.6667,65.2222,65.1667,56.7778,62.3333,73.1111,84.5000,88.0000,84.6667,91.5556,115.1667,149.7778,167.6667,173.5556,185.1667,184.3333,177.5000,170.2222,152.6667,146.0000,133.0000,110.3333,124.8333,129.4444,146.0000,160.6667,152.3333,163.5556,175.5000,180.8889,170.6667,164.1111,166.3333,132.6667,100.8333,80.7778,66.1667,66.7778,77.8333,92.5556,81.6667,65.3333,55.6667,49.8889,37.5000,38.0000,36.3333,31.4444,24.6667,23.7778,24.0000,19.6667,24.1667,28.1111,39.3333,35.3333,26.1667,20.2222,16.8333,31.0000,25.6667,28.5556,34.0000,32.3333,31.8333,33.3333,29.8333,29.0000,26.6667,24.2222,22.6667,18.4444,15.3333,4.3333,9.1667,20.5556,17.3333,13.4444,17.3333,30.0000
227.0000,217.3333,206.5000,198.0000,193.0000,174.1667,142.0000,118.8333,105.7500,99.1667,98.2500,105.3333,109.5000,115.0000,134.5000,133.8333,129.2500,125.3333,113.7500,113.3333,122.2500,132.0000,129.7500,139.1667,126.5000,118.0000,110.7500,100.0000,88.5000,81.6667,75.2500,70.1667,63.5000,56.6667,55.7500,49.1667,42.7500,45.5000,39.5000,33.0000,29.7500,38.0000,47.5000,60.1667,78.5000,75.8333,65.2500,62.5000,55.5000,50.0000,50.0000,38.3333,44.0000,52.5000,63.0000,67.8333,62.5000,70.3333,96.7500,135.0000,154.0000,161.6667,176.2500,173.8333,166.2500,157.8333,138.0000,130.1667,115.2500,90.1667,109.2500,113.1667,129.2500,145.8333,138.5000,152.6667,164.0000,171.1667,161.0000,151.5000,151.7500,114.6667,82.5000,64.8333,52.7500,47.6667,56.7500,69.8333,59.7500,47.1667,37.7500,32.1667,26.0000,22.8333,20.5000,16.5000,13.7500,14.5000,18.0000,16.1667,19.0000,23.8333,34.2500,31.5000,24.7500,19.8333,15.0000,18.6667,14.2500,18.6667,24.2500,25.1667,21.5000,25.6667,24.7500,26.1667,25.5000,21.3333,22.0000,22.5000,22.2500,9.5000,3.2500,8.5000,8.5000,11.3333,19.0000,29.8333
229.0000,221.7778,213.8333,205.3333,201.8333,186.6667,157.3333,134.5556,122.1667,115.7778,116.3333,123.4444,128.3333,133.5556,153.0000,153.0000,147.0000,144.8889,130.1667,131.8889,140.6667,151.2222,150.0000,158.2222,146.8333,135.4444,127.6667,115.5556,102.3333,95.4444,87.6667,84.3333,75.1667,67.7778,66.3333,62.7778,55.1667,56.6667,44.1667,37.3333,31.6667,48.1111,56.8333,74.4444,91.3333,88.2222,81.1667,79.1111,67.0000,61.2222,61.1667,49.0000,53.6667,64.6667,77.0000,83.5556,77.3333,83.8889,107.5000,143.0000,161.0000,167.1111,182.5000,179.6667,172.0000,163.5556,147.8333,139.6667,125.8333,102.4444,118.0000,124.3333,140.6667,153.4444,145.6667,160.7778,170.5000,178.7778,167.8333,157.8889,159.0000,125.0000,93.0000,74.2222,64.5000,59.8889,66.8333,83.1111,73.1667,58.1111,48.0000,39.6667,33.3333,26.0000,22.8333,20.2222,15.8333,20.4444,27.3333,27.7778,33.8333,38.8889,48.3333,45.3333,36.5000,29.4444,22.3333,23.0000,19.3333,23.1111,31.3333,32.6667,29.8333,35.1111,34.0000,38.8889,34.6667,30.0000,29.3333,33.4444,34.6667,22.0000,11.3333,4.2222,9.8333,18.2222,29.3333,43.0000
226.7500,218.0000,208.5000,201.3333,196.5000,181.6667,152.5000,128.5000,116.7500,111.6667,113.5000,118.8333,123.2500,130.3333,148.0000,146.0000,139.0000,139.0000,127.0000,126.8333,137.5000,146.0000,144.5000,153.0000,140.7500,131.1667,120.7500,113.0000,101.0000,94.5000,86.5000,81.1667,69.5000,63.3333,61.5000,53.6667,49.0000,50.8333,43.2500,36.1667,34.0000,45.5000,53.5000,68.8333,87.2500,86.1667,78.2500,74.1667,63.7500,59.0000,55.7500,44.5000,49.7500,62.6667,71.2500,74.0000,68.0000,74.6667,98.7500,137.1667,157.5000,164.0000,179.5000,176.5000,169.5000,161.8333,145.2500,134.3333,119.0000,93.3333,111.7500,116.0000,134.7500,149.5000,142.0000,156.5000,166.7500,174.3333,163.7500,154.3333,155.0000,117.1667,85.2500,68.1667,56.5000,52.8333,61.5000,75.5000,66.2500,52.3333,45.2500,37.8333,31.0000,27.1667,25.2500,20.6667,16.2500,19.6667,22.0000,21.5000,26.2500,31.5000,41.5000,35.0000,28.0000,20.0000,12.5000,19.0000,14.7500,20.6667,27.0000,29.5000,28.5000,30.1667,27.7500,29.6667,25.2500,20.1667,23.2500,22.0000,28.5000,15.3333,10.0000,9.1667,3.5000,9.5000,19.7500,31.3333
226.3333,216.0000,204.6667,196.1111,190.1667,173.2222,145.3333,120.7778,110.1667,105.1111,104.5000,110.6667,116.3333,121.3333,139.6667,137.7778,131.6667,129.3333,116.6667,117.0000,123.1667,131.1111,133.8333,143.5556,132.5000,123.7778,116.8333,108.0000,97.6667,91.8889,88.3333,82.0000,73.5000,67.8889,65.5000,60.0000,53.6667,54.3333,47.6667,42.6667,39.3333,46.6667,56.1667,72.7778,90.1667,85.8889,76.3333,71.8889,62.1667,59.2222,57.6667,48.1111,49.5000,61.6667,73.8333,77.4444,72.3333,79.1111,104.8333,142.1111,161.0000,166.3333,179.3333,177.5556,171.3333,164.0000,145.8333,137.8889,122.3333,97.4444,115.3333,119.3333,137.0000,151.4444,144.8333,156.2222,168.8333,174.0000,164.3333,156.8889,157.0000,123.0000,90.0000,70.1111,58.0000,56.6667,67.8333,81.5556,71.1667,56.2222,46.8333,38.5556,29.8333,28.2222,27.8333,21.2222,18.6667,17.8889,19.3333,17.5556,22.0000,24.8889,32.1667,27.0000,18.0000,12.5556,10.5000,19.2222,14.6667,18.4444,21.6667,22.0000,20.6667,22.3333,20.1667,18.8889,17.8333,17.3333,22.0000,21.4444,25.1667,13.1111,13.1667,15.8889,9.6667,4.1111,9.3333,23.0000
226.2500,215.6667,203.7500,194.8333,188.5000,174.3333,145.2500,118.1667,106.5000,98.1667,98.2500,105.6667,110.2500,118.6667,138.5000,136.6667,128.0000,127.0000,113.5000,112.6667,117.5000,125.5000,130.0000,140.0000,130.0000,119.0000,112.7500,102.5000,92.5000,88.0000,84.5000,79.1667,70.2500,67.6667,66.7500,59.8333,57.0000,56.6667,49.0000,43.6667,40.0000,49.8333,59.7500,74.0000,92.0000,87.3333,73.5000,67.1667,58.7500,55.0000,55.0000,49.3333,49.2500,62.6667,76.7500,82.1667,80.0000,88.1667,111.7500,147.6667,168.7500,171.1667,183.5000,181.8333,176.2500,169.0000,154.2500,144.3333,131.2500,106.8333,120.7500,124.8333,142.2500,157.5000,150.7500,161.0000,173.0000,179.0000,169.5000,161.6667,162.5000,130.3333,96.5000,77.5000,61.2500,62.8333,73.0000,84.5000,75.5000,60.3333,48.5000,42.0000,30.5000,31.1667,29.0000,24.5000,20.5000,19.1667,17.0000,16.6667,19.7500,19.5000,25.7500,20.3333,11.0000,9.1667,15.0000,25.0000,19.2500,20.8333,23.2500,20.1667,19.2500,18.5000,15.7500,14.6667,16.0000,17.8333,23.2500,23.0000,26.0000,14.1667,16.7500,22.0000,17.5000,9.1667,3.2500,12.3333
231.8333,223.3333,214.1667,207.7778,201.6667,191.1111,166.1667,147.4444,136.8333,130.2222,127.8333,135.6667,134.6667,148.2222,167.3333,165.8889,155.5000,155.4444,141.8333,143.6667,147.5000,159.3333,157.8333,168.4444,166.3333,154.5556,153.0000,139.7778,134.3333,124.3333,126.0000,117.8889,108.5000,109.0000,110.0000,100.2222,98.6667,97.4444,83.5000,80.4444,82.8333,89.5556,99.3333,121.7778,136.1667,132.8889,112.5000,102.4444,96.5000,92.1111,92.8333,88.7778,87.0000,105.0000,124.8333,126.4444,126.1667,127.7778,146.0000,172.1111,186.6667,189.4444,198.1667,196.7778,191.1667,186.1111,174.1667,168.0000,157.8333,141.2222,151.0000,156.7778,170.6667,182.0000,174.8333,181.4444,190.1667,194.6667,187.3333,182.4444,185.6667,160.1111,133.1667,120.6667,105.3333,112.1111,121.8333,131.8889,124.1667,103.8889,91.3333,86.4444,72.0000,77.7778,73.6667,63.0000,58.1667,54.1111,41.6667,35.6667,41.8333,31.0000,41.0000,30.0000,21.5000,34.7778,49.6667,60.6667,56.5000,58.8889,59.0000,52.8889,55.1667,46.7778,33.0000,28.8889,45.0000,54.0000,59.5000,53.5556,47.6667,38.4444,48.0000,56.8889,51.3333,41.0000,21.1667,6.4444
