dataset,stem,range,cut,precision,n_candidate,n_true,n_top
foldbench100,5sbj_A,all,L,0.5,219,17,30
foldbench100,5sbj_A,all,L/2,0.8666666666666667,219,17,15
foldbench100,5sbj_A,all,L/5,1.0,219,17,6
foldbench100,5sbj_A,all,R,0.8235294117647058,219,17,17
foldbench100,5sbj_A,all,AUC,0.9851485148514852,219,17,219
foldbench100,5sbj_A,short,L,0.13333333333333333,102,4,30
foldbench100,5sbj_A,short,L/2,0.26666666666666666,102,4,15
foldbench100,5sbj_A,short,L/5,0.6666666666666666,102,4,6
foldbench100,5sbj_A,short,R,0.75,102,4,4
foldbench100,5sbj_A,short,AUC,0.9948979591836735,102,4,102
foldbench100,5sbj_A,medium,L,0.3,107,9,30
foldbench100,5sbj_A,medium,L/2,0.5333333333333333,107,9,15
foldbench100,5sbj_A,medium,L/5,1.0,107,9,6
foldbench100,5sbj_A,medium,R,0.8888888888888888,107,9,9
foldbench100,5sbj_A,medium,AUC,0.9886621315192743,107,9,107
foldbench100,5sbj_A,long,L,0.4,10,4,10
foldbench100,5sbj_A,long,L/2,0.4,10,4,10
foldbench100,5sbj_A,long,L/5,0.6666666666666666,10,4,6
foldbench100,5sbj_A,long,R,0.75,10,4,4
foldbench100,5sbj_A,long,AUC,0.875,10,4,10
foldbench100,7pv5_A,all,L,0.4444444444444444,2420,64,81
foldbench100,7pv5_A,all,L/2,0.725,2420,64,40
foldbench100,7pv5_A,all,L/5,0.9375,2420,64,16
foldbench100,7pv5_A,all,R,0.53125,2420,64,64
foldbench100,7pv5_A,all,AUC,0.9698111205432935,2420,64,2420
foldbench100,7pv5_A,short,L,0.14814814814814814,393,12,81
foldbench100,7pv5_A,short,L/2,0.275,393,12,40
foldbench100,7pv5_A,short,L/5,0.5625,393,12,16
foldbench100,7pv5_A,short,R,0.6666666666666666,393,12,12
foldbench100,7pv5_A,short,AUC,0.9834864391951006,393,12,393
foldbench100,7pv5_A,medium,L,0.13580246913580246,678,11,81
foldbench100,7pv5_A,medium,L/2,0.225,678,11,40
foldbench100,7pv5_A,medium,L/5,0.375,678,11,16
foldbench100,7pv5_A,medium,R,0.45454545454545453,678,11,11
foldbench100,7pv5_A,medium,AUC,0.9799645631729589,678,11,678
foldbench100,7pv5_A,long,L,0.30864197530864196,1349,41,81
foldbench100,7pv5_A,long,L/2,0.5,1349,41,40
foldbench100,7pv5_A,long,L/5,0.8125,1349,41,16
foldbench100,7pv5_A,long,R,0.4878048780487805,1349,41,41
foldbench100,7pv5_A,long,AUC,0.9611583501156112,1349,41,1349
foldbench100,7qp5_A,all,L,0.15510204081632653,27730,241,245
foldbench100,7qp5_A,all,L/2,0.22950819672131148,27730,241,122
foldbench100,7qp5_A,all,L/5,0.3673469387755102,27730,241,49
foldbench100,7qp5_A,all,R,0.15767634854771784,27730,241,241
foldbench100,7qp5_A,all,AUC,0.7565422245850434,27730,241,27730
foldbench100,7qp5_A,short,L,0.11428571428571428,1395,34,245
foldbench100,7qp5_A,short,L/2,0.16393442622950818,1395,34,122
foldbench100,7qp5_A,short,L/5,0.30612244897959184,1395,34,49
foldbench100,7qp5_A,short,R,0.38235294117647056,1395,34,34
foldbench100,7qp5_A,short,AUC,0.9120456411807927,1395,34,1395
foldbench100,7qp5_A,medium,L,0.11020408163265306,2682,42,245
foldbench100,7qp5_A,medium,L/2,0.13114754098360656,2682,42,122
foldbench100,7qp5_A,medium,L/5,0.22448979591836735,2682,42,49
foldbench100,7qp5_A,medium,R,0.23809523809523808,2682,42,42
foldbench100,7qp5_A,medium,AUC,0.8599476911976912,2682,42,2682
foldbench100,7qp5_A,long,L,0.05714285714285714,23653,165,245
foldbench100,7qp5_A,long,L/2,0.09016393442622951,23653,165,122
foldbench100,7qp5_A,long,L/5,0.061224489795918366,23653,165,49
foldbench100,7qp5_A,long,R,0.07272727272727272,23653,165,165
foldbench100,7qp5_A,long,AUC,0.6918261291387993,23653,165,23653
foldbench100,7qsj_A,all,L,0.4075067024128686,57970,347,373
foldbench100,7qsj_A,all,L/2,0.5591397849462365,57970,347,186
foldbench100,7qsj_A,all,L/5,0.7297297297297297,57970,347,74
foldbench100,7qsj_A,all,R,0.4265129682997118,57970,347,347
foldbench100,7qsj_A,all,AUC,0.9534629368946448,57970,347,57970
foldbench100,7qsj_A,short,L,0.13941018766756033,2025,57,373
foldbench100,7qsj_A,short,L/2,0.24193548387096775,2025,57,186
foldbench100,7qsj_A,short,L/5,0.4594594594594595,2025,57,74
foldbench100,7qsj_A,short,R,0.543859649122807,2025,57,57
foldbench100,7qsj_A,short,AUC,0.955583190700328,2025,57,2025
foldbench100,7qsj_A,medium,L,0.14745308310991956,3942,64,373
foldbench100,7qsj_A,medium,L/2,0.25268817204301075,3942,64,186
foldbench100,7qsj_A,medium,L/5,0.43243243243243246,3942,64,74
foldbench100,7qsj_A,medium,R,0.453125,3942,64,64
foldbench100,7qsj_A,medium,AUC,0.9694067496132028,3942,64,3942
foldbench100,7qsj_A,long,L,0.2975871313672922,52003,226,373
foldbench100,7qsj_A,long,L/2,0.41935483870967744,52003,226,186
foldbench100,7qsj_A,long,L/5,0.6351351351351351,52003,226,74
foldbench100,7qsj_A,long,R,0.38495575221238937,52003,226,226
foldbench100,7qsj_A,long,AUC,0.9390994925310228,52003,226,52003
foldbench100,7t9r_A,all,L,0.21052631578947367,528,24,38
foldbench100,7t9r_A,all,L/2,0.3684210526315789,528,24,19
foldbench100,7t9r_A,all,L/5,0.5714285714285714,528,24,7
foldbench100,7t9r_A,all,R,0.3333333333333333,528,24,24
foldbench100,7t9r_A,all,AUC,0.757729828042328,528,24,528
foldbench100,7t9r_A,short,L,0.10526315789473684,177,7,38
foldbench100,7t9r_A,short,L/2,0.15789473684210525,177,7,19
foldbench100,7t9r_A,short,L/5,0.42857142857142855,177,7,7
foldbench100,7t9r_A,short,R,0.42857142857142855,177,7,7
foldbench100,7t9r_A,short,AUC,0.7777310924369748,177,7,177
foldbench100,7t9r_A,medium,L,0.15789473684210525,246,10,38
foldbench100,7t9r_A,medium,L/2,0.21052631578947367,246,10,19
foldbench100,7t9r_A,medium,L/5,0.42857142857142855,246,10,7
foldbench100,7t9r_A,medium,R,0.4,246,10,10
foldbench100,7t9r_A,medium,AUC,0.9144067796610169,246,10,246
foldbench100,7t9r_A,long,L,0.02631578947368421,105,7,38
foldbench100,7t9r_A,long,L/2,0.05263157894736842,105,7,19
foldbench100,7t9r_A,long,L/5,0.14285714285714285,105,7,7
foldbench100,7t9r_A,long,R,0.14285714285714285,105,7,7
foldbench100,7t9r_A,long,AUC,0.5182215743440233,105,7,105
foldbench100,7tlh_A,all,L,0.16911764705882354,7021,114,136
foldbench100,7tlh_A,all,L/2,0.1323529411764706,7021,114,68
foldbench100,7tlh_A,all,L/5,0.2222222222222222,7021,114,27
foldbench100,7tlh_A,all,R,0.16666666666666666,7021,114,114
foldbench100,7tlh_A,all,AUC,0.7592284968973759,7021,114,7021
foldbench100,7tlh_A,short,L,0.051470588235294115,693,13,136
foldbench100,7tlh_A,short,L/2,0.058823529411764705,693,13,68
foldbench100,7tlh_A,short,L/5,0.14814814814814814,693,13,27
foldbench100,7tlh_A,short,R,0.15384615384615385,693,13,13
foldbench100,7tlh_A,short,AUC,0.7312782805429865,693,13,693
foldbench100,7tlh_A,medium,L,0.09558823529411764,1278,24,136
foldbench100,7tlh_A,medium,L/2,0.16176470588235295,1278,24,68
foldbench100,7tlh_A,medium,L/5,0.25925925925925924,1278,24,27
foldbench100,7tlh_A,medium,R,0.20833333333333334,1278,24,24
foldbench100,7tlh_A,medium,AUC,0.8493819776714514,1278,24,1278
foldbench100,7tlh_A,long,L,0.10294117647058823,5050,77,136
foldbench100,7tlh_A,long,L/2,0.14705882352941177,5050,77,68
foldbench100,7tlh_A,long,L/5,0.14814814814814814,5050,77,27
foldbench100,7tlh_A,long,R,0.12987012987012986,5050,77,77
foldbench100,7tlh_A,long,AUC,0.7369483522710951,5050,77,5050
foldbench100,7tjb_A,all,L,0.4008810572687225,23436,201,227
foldbench100,7tjb_A,all,L/2,0.5221238938053098,23436,201,113
foldbench100,7tjb_A,all,L/5,0.7333333333333333,23436,201,45
foldbench100,7tjb_A,all,R,0.43283582089552236,23436,201,201
foldbench100,7tjb_A,all,AUC,0.9550569725078074,23436,201,23436
foldbench100,7tjb_A,short,L,0.13656387665198239,1281,34,227
foldbench100,7tjb_A,short,L/2,0.21238938053097345,1281,34,113
foldbench100,7tjb_A,short,L/5,0.3333333333333333,1281,34,45
foldbench100,7tjb_A,short,R,0.4117647058823529,1281,34,34
foldbench100,7tjb_A,short,AUC,0.944643615264871,1281,34,1281
foldbench100,7tjb_A,medium,L,0.13215859030837004,2454,33,227
foldbench100,7tjb_A,medium,L/2,0.23893805309734514,2454,33,113
foldbench100,7tjb_A,medium,L/5,0.4222222222222222,2454,33,45
foldbench100,7tjb_A,medium,R,0.5151515151515151,2454,33,33
foldbench100,7tjb_A,medium,AUC,0.9640206275894009,2454,33,2454
foldbench100,7tjb_A,long,L,0.3039647577092511,19701,134,227
foldbench100,7tjb_A,long,L/2,0.46017699115044247,19701,134,113
foldbench100,7tjb_A,long,L/5,0.6666666666666666,19701,134,45
foldbench100,7tjb_A,long,R,0.4253731343283582,19701,134,134
foldbench100,7tjb_A,long,AUC,0.9498550331085921,19701,134,19701
foldbench100,7uba_A,all,L,0.17370892018779344,16486,208,213
foldbench100,7uba_A,all,L/2,0.25471698113207547,16486,208,106
foldbench100,7uba_A,all,L/5,0.42857142857142855,16486,208,42
foldbench100,7uba_A,all,R,0.1778846153846154,16486,208,208
foldbench100,7uba_A,all,AUC,0.7690331806969294,16486,208,16486
foldbench100,7uba_A,short,L,0.08450704225352113,1020,23,213
foldbench100,7uba_A,short,L/2,0.12264150943396226,1020,23,106
foldbench100,7uba_A,short,L/5,0.2619047619047619,1020,23,42
foldbench100,7uba_A,short,R,0.34782608695652173,1020,23,23
foldbench100,7uba_A,short,AUC,0.8843050891805853,1020,23,1020
foldbench100,7uba_A,medium,L,0.107981220657277,1834,48,213
foldbench100,7uba_A,medium,L/2,0.16981132075471697,1834,48,106
foldbench100,7uba_A,medium,L/5,0.2619047619047619,1834,48,42
foldbench100,7uba_A,medium,R,0.25,1834,48,48
foldbench100,7uba_A,medium,AUC,0.8031040033594624,1834,48,1834
foldbench100,7uba_A,long,L,0.09859154929577464,13632,137,213
foldbench100,7uba_A,long,L/2,0.1320754716981132,13632,137,106
foldbench100,7uba_A,long,L/5,0.19047619047619047,13632,137,42
foldbench100,7uba_A,long,R,0.12408759124087591,13632,137,137
foldbench100,7uba_A,long,AUC,0.723677598894427,13632,137,13632
foldbench100,7uk8_A,all,L,0.12944162436548223,71279,526,394
foldbench100,7uk8_A,all,L/2,0.19289340101522842,71279,526,197
foldbench100,7uk8_A,all,L/5,0.23076923076923078,71279,526,78
foldbench100,7uk8_A,all,R,0.10836501901140684,71279,526,526
foldbench100,7uk8_A,all,AUC,0.6941170695095813,71279,526,71279
foldbench100,7uk8_A,short,L,0.09390862944162437,2205,52,394
foldbench100,7uk8_A,short,L/2,0.15228426395939088,2205,52,197
foldbench100,7uk8_A,short,L/5,0.24358974358974358,2205,52,78
foldbench100,7uk8_A,short,R,0.2692307692307692,2205,52,52
foldbench100,7uk8_A,short,AUC,0.8617045982350209,2205,52,2205
foldbench100,7uk8_A,medium,L,0.08629441624365482,4314,76,394
foldbench100,7uk8_A,medium,L/2,0.1065989847715736,4314,76,197
foldbench100,7uk8_A,medium,L/5,0.10256410256410256,4314,76,78
foldbench100,7uk8_A,medium,R,0.09210526315789473,4314,76,76
foldbench100,7uk8_A,medium,AUC,0.8214758078537542,4314,76,4314
foldbench100,7uk8_A,long,L,0.06345177664974619,64760,398,394
foldbench100,7uk8_A,long,L/2,0.07106598984771574,64760,398,197
foldbench100,7uk8_A,long,L/5,0.14102564102564102,64760,398,78
foldbench100,7uk8_A,long,R,0.06532663316582915,64760,398,398
foldbench100,7uk8_A,long,AUC,0.6334456339058332,64760,398,64760
foldbench100,7ur2_A,all,L,0.15897435897435896,11959,137,195
foldbench100,7ur2_A,all,L/2,0.16494845360824742,11959,137,97
foldbench100,7ur2_A,all,L/5,0.20512820512820512,11959,137,39
foldbench100,7ur2_A,all,R,0.1678832116788321,11959,137,137
foldbench100,7ur2_A,all,AUC,0.8331191876582938,11959,137,11959
foldbench100,7ur2_A,short,L,0.05641025641025641,846,11,195
foldbench100,7ur2_A,short,L/2,0.09278350515463918,846,11,97
foldbench100,7ur2_A,short,L/5,0.1794871794871795,846,11,39
foldbench100,7ur2_A,short,R,0.36363636363636365,846,11,11
foldbench100,7ur2_A,short,AUC,0.9554708764289602,846,11,846
foldbench100,7ur2_A,medium,L,0.046153846153846156,1542,14,195
foldbench100,7ur2_A,medium,L/2,0.061855670103092786,1542,14,97
foldbench100,7ur2_A,medium,L/5,0.1282051282051282,1542,14,39
foldbench100,7ur2_A,medium,R,0.14285714285714285,1542,14,14
foldbench100,7ur2_A,medium,AUC,0.9130983545250562,1542,14,1542
foldbench100,7ur2_A,long,L,0.15897435897435896,9571,112,195
foldbench100,7ur2_A,long,L/2,0.17525773195876287,9571,112,97
foldbench100,7ur2_A,long,L/5,0.1282051282051282,9571,112,39
foldbench100,7ur2_A,long,R,0.1875,9571,112,112
foldbench100,7ur2_A,long,AUC,0.8145063091839971,9571,112,9571
foldbench100,7ur7_A,all,L,0.44285714285714284,1653,60,70
foldbench100,7ur7_A,all,L/2,0.6857142857142857,1653,60,35
foldbench100,7ur7_A,all,L/5,0.7857142857142857,1653,60,14
foldbench100,7ur7_A,all,R,0.48333333333333334,1653,60,60
foldbench100,7ur7_A,all,AUC,0.9603264281230383,1653,60,1653
foldbench100,7ur7_A,short,L,0.21428571428571427,327,15,70
foldbench100,7ur7_A,short,L/2,0.42857142857142855,327,15,35
foldbench100,7ur7_A,short,L/5,0.9285714285714286,327,15,14
foldbench100,7ur7_A,short,R,0.8666666666666667,327,15,15
foldbench100,7ur7_A,short,AUC,0.997008547008547,327,15,327
foldbench100,7ur7_A,medium,L,0.2,546,14,70
foldbench100,7ur7_A,medium,L/2,0.34285714285714286,546,14,35
foldbench100,7ur7_A,medium,L/5,0.5714285714285714,546,14,14
foldbench100,7ur7_A,medium,R,0.5714285714285714,546,14,14
foldbench100,7ur7_A,medium,AUC,0.9808673469387755,546,14,546
foldbench100,7ur7_A,long,L,0.2857142857142857,780,31,70
foldbench100,7ur7_A,long,L/2,0.4,780,31,35
foldbench100,7ur7_A,long,L/5,0.2857142857142857,780,31,14
foldbench100,7ur7_A,long,R,0.3870967741935484,780,31,31
foldbench100,7ur7_A,long,AUC,0.930660235152246,780,31,780
foldbench100,7urp_A,all,L,0.16875,11781,134,160
foldbench100,7urp_A,all,L/2,0.1625,11781,134,80
foldbench100,7urp_A,all,L/5,0.15625,11781,134,32
foldbench100,7urp_A,all,R,0.17164179104477612,11781,134,134
foldbench100,7urp_A,all,AUC,0.8044455109188324,11781,134,11781
foldbench100,7urp_A,short,L,0.05625,903,12,160
foldbench100,7urp_A,short,L/2,0.0875,903,12,80
foldbench100,7urp_A,short,L/5,0.15625,903,12,32
foldbench100,7urp_A,short,R,0.25,903,12,12
foldbench100,7urp_A,short,AUC,0.896838757949869,903,12,903
foldbench100,7urp_A,medium,L,0.08125,1698,24,160
foldbench100,7urp_A,medium,L/2,0.1,1698,24,80
foldbench100,7urp_A,medium,L/5,0.125,1698,24,32
foldbench100,7urp_A,medium,R,0.125,1698,24,24
foldbench100,7urp_A,medium,AUC,0.8473342293906809,1698,24,1698
foldbench100,7urp_A,long,L,0.125,9180,98,160
foldbench100,7urp_A,long,L/2,0.2125,9180,98,80
foldbench100,7urp_A,long,L/5,0.375,9180,98,32
foldbench100,7urp_A,long,R,0.1836734693877551,9180,98,98
foldbench100,7urp_A,long,AUC,0.7841373832069714,9180,98,9180
foldbench100,7uvg_A,all,L,0.16939890710382513,12894,178,183
foldbench100,7uvg_A,all,L/2,0.2087912087912088,12894,178,91
foldbench100,7uvg_A,all,L/5,0.19444444444444445,12894,178,36
foldbench100,7uvg_A,all,R,0.16853932584269662,12894,178,178
foldbench100,7uvg_A,all,AUC,0.7808122828534165,12894,178,12894
foldbench100,7uvg_A,short,L,0.07103825136612021,921,23,183
foldbench100,7uvg_A,short,L/2,0.08791208791208792,921,23,91
foldbench100,7uvg_A,short,L/5,0.1388888888888889,921,23,36
foldbench100,7uvg_A,short,R,0.13043478260869565,921,23,23
foldbench100,7uvg_A,short,AUC,0.7973273942093542,921,23,921
foldbench100,7uvg_A,medium,L,0.07103825136612021,1740,27,183
foldbench100,7uvg_A,medium,L/2,0.10989010989010989,1740,27,91
foldbench100,7uvg_A,medium,L/5,0.19444444444444445,1740,27,36
foldbench100,7uvg_A,medium,R,0.14814814814814814,1740,27,27
foldbench100,7uvg_A,medium,AUC,0.8347170871981147,1740,27,1740
foldbench100,7uvg_A,long,L,0.16939890710382513,10233,128,183
foldbench100,7uvg_A,long,L/2,0.2087912087912088,10233,128,91
foldbench100,7uvg_A,long,L/5,0.2777777777777778,10233,128,36
foldbench100,7uvg_A,long,R,0.1953125,10233,128,128
foldbench100,7uvg_A,long,AUC,0.7612985526966849,10233,128,10233
foldbench100,7uww_A,all,L,0.2503937007874016,196251,693,635
foldbench100,7uww_A,all,L/2,0.3627760252365931,196251,693,317
foldbench100,7uww_A,all,L/5,0.5590551181102362,196251,693,127
foldbench100,7uww_A,all,R,0.22943722943722944,196251,693,693
foldbench100,7uww_A,all,AUC,0.8416545103103567,196251,693,196251
foldbench100,7uww_A,short,L,0.11968503937007874,3741,96,635
foldbench100,7uww_A,short,L/2,0.1861198738170347,3741,96,317
foldbench100,7uww_A,short,L/5,0.3228346456692913,3741,96,127
foldbench100,7uww_A,short,R,0.40625,3741,96,96
foldbench100,7uww_A,short,AUC,0.9010259487882946,3741,96,3741
foldbench100,7uww_A,medium,L,0.10551181102362205,7374,123,635
foldbench100,7uww_A,medium,L/2,0.167192429022082,7374,123,317
foldbench100,7uww_A,medium,L/5,0.2755905511811024,7374,123,127
foldbench100,7uww_A,medium,R,0.2845528455284553,7374,123,123
foldbench100,7uww_A,medium,AUC,0.8505857896808179,7374,123,7374
foldbench100,7uww_A,long,L,0.14488188976377953,185136,474,635
foldbench100,7uww_A,long,L/2,0.22397476340694006,185136,474,317
foldbench100,7uww_A,long,L/5,0.33858267716535434,185136,474,127
foldbench100,7uww_A,long,R,0.1751054852320675,185136,474,474
foldbench100,7uww_A,long,AUC,0.7974604542627249,185136,474,185136
foldbench100,7v3o_A,all,L,0.0975609756097561,36865,272,328
foldbench100,7v3o_A,all,L/2,0.12804878048780488,36865,272,164
foldbench100,7v3o_A,all,L/5,0.18461538461538463,36865,272,65
foldbench100,7v3o_A,all,R,0.10661764705882353,36865,272,272
foldbench100,7v3o_A,all,AUC,0.7144535337841856,36865,272,36865
foldbench100,7v3o_A,short,L,0.09451219512195122,1599,47,328
foldbench100,7v3o_A,short,L/2,0.13414634146341464,1599,47,164
foldbench100,7v3o_A,short,L/5,0.2,1599,47,65
foldbench100,7v3o_A,short,R,0.19148936170212766,1599,47,47
foldbench100,7v3o_A,short,AUC,0.8027596512393068,1599,47,1599
foldbench100,7v3o_A,medium,L,0.039634146341463415,3090,38,328
foldbench100,7v3o_A,medium,L/2,0.04878048780487805,3090,38,164
foldbench100,7v3o_A,medium,L/5,0.06153846153846154,3090,38,65
foldbench100,7v3o_A,medium,R,0.10526315789473684,3090,38,38
foldbench100,7v3o_A,medium,AUC,0.7475167275988135,3090,38,3090
foldbench100,7v3o_A,long,L,0.039634146341463415,32176,187,328
foldbench100,7v3o_A,long,L/2,0.042682926829268296,32176,187,164
foldbench100,7v3o_A,long,L/5,0.06153846153846154,32176,187,65
foldbench100,7v3o_A,long,R,0.0427807486631016,32176,187,187
foldbench100,7v3o_A,long,AUC,0.6574859539784983,32176,187,32176
foldbench100,7w15_A,all,L,0.2119205298013245,41328,303,302
foldbench100,7w15_A,all,L/2,0.31125827814569534,41328,303,151
foldbench100,7w15_A,all,L/5,0.4166666666666667,41328,303,60
foldbench100,7w15_A,all,R,0.21122112211221122,41328,303,303
foldbench100,7w15_A,all,AUC,0.8502658163439745,41328,303,41328
foldbench100,7w15_A,short,L,0.11920529801324503,1707,47,302
foldbench100,7w15_A,short,L/2,0.16556291390728478,1707,47,151
foldbench100,7w15_A,short,L/5,0.3,1707,47,60
foldbench100,7w15_A,short,R,0.3617021276595745,1707,47,47
foldbench100,7w15_A,short,AUC,0.8938861830299923,1707,47,1707
foldbench100,7w15_A,medium,L,0.1291390728476821,3306,59,302
foldbench100,7w15_A,medium,L/2,0.2119205298013245,3306,59,151
foldbench100,7w15_A,medium,L/5,0.31666666666666665,3306,59,60
foldbench100,7w15_A,medium,R,0.3220338983050847,3306,59,59
foldbench100,7w15_A,medium,AUC,0.8957890725728573,3306,59,3306
foldbench100,7w15_A,long,L,0.12251655629139073,36315,197,302
foldbench100,7w15_A,long,L/2,0.19205298013245034,36315,197,151
foldbench100,7w15_A,long,L/5,0.26666666666666666,36315,197,60
foldbench100,7w15_A,long,R,0.16243654822335024,36315,197,197
foldbench100,7w15_A,long,AUC,0.8113058213307032,36315,197,36315
foldbench100,7y3h_A,all,L,0.23002421307506055,76245,312,413
foldbench100,7y3h_A,all,L/2,0.30097087378640774,76245,312,206
foldbench100,7y3h_A,all,L/5,0.4268292682926829,76245,312,82
foldbench100,7y3h_A,all,R,0.266025641025641,76245,312,312
foldbench100,7y3h_A,all,AUC,0.8799412234875077,76245,312,76245
foldbench100,7y3h_A,short,L,0.12106537530266344,2325,58,413
foldbench100,7y3h_A,short,L/2,0.2087378640776699,2325,58,206
foldbench100,7y3h_A,short,L/5,0.3902439024390244,2325,58,82
foldbench100,7y3h_A,short,R,0.4827586206896552,2325,58,58
foldbench100,7y3h_A,short,AUC,0.917302982827069,2325,58,2325
foldbench100,7y3h_A,medium,L,0.08716707021791767,4542,55,413
foldbench100,7y3h_A,medium,L/2,0.14563106796116504,4542,55,206
foldbench100,7y3h_A,medium,L/5,0.2682926829268293,4542,55,82
foldbench100,7y3h_A,medium,R,0.2909090909090909,4542,55,55
foldbench100,7y3h_A,medium,AUC,0.8942034564499463,4542,55,4542
foldbench100,7y3h_A,long,L,0.10411622276029056,69378,199,413
foldbench100,7y3h_A,long,L/2,0.16019417475728157,69378,199,206
foldbench100,7y3h_A,long,L/5,0.2073170731707317,69378,199,82
foldbench100,7y3h_A,long,R,0.1658291457286432,69378,199,199
foldbench100,7y3h_A,long,AUC,0.8468858480232732,69378,199,69378
foldbench100,7wz5_A,all,L,0.043478260869565216,12090,113,161
foldbench100,7wz5_A,all,L/2,0.0875,12090,113,80
foldbench100,7wz5_A,all,L/5,0.09375,12090,113,32
foldbench100,7wz5_A,all,R,0.061946902654867256,12090,113,113
foldbench100,7wz5_A,all,AUC,0.6972626738121221,12090,113,12090
foldbench100,7wz5_A,short,L,0.018633540372670808,915,5,161
foldbench100,7wz5_A,short,L/2,0.0375,915,5,80
foldbench100,7wz5_A,short,L/5,0.09375,915,5,32
foldbench100,7wz5_A,short,R,0.2,915,5,5
foldbench100,7wz5_A,short,AUC,0.8215384615384616,915,5,915
foldbench100,7wz5_A,medium,L,0.006211180124223602,1722,5,161
foldbench100,7wz5_A,medium,L/2,0.0,1722,5,80
foldbench100,7wz5_A,medium,L/5,0.0,1722,5,32
foldbench100,7wz5_A,medium,R,0.0,1722,5,5
foldbench100,7wz5_A,medium,AUC,0.8362259755387303,1722,5,1722
foldbench100,7wz5_A,long,L,0.07453416149068323,9453,103,161
foldbench100,7wz5_A,long,L/2,0.0625,9453,103,80
foldbench100,7wz5_A,long,L/5,0.125,9453,103,32
foldbench100,7wz5_A,long,R,0.06796116504854369,9453,103,103
foldbench100,7wz5_A,long,AUC,0.7012185244795183,9453,103,9453
foldbench100,7wzm_A,all,L,0.13414634146341464,102393,456,492
foldbench100,7wzm_A,all,L/2,0.17479674796747968,102393,456,246
foldbench100,7wzm_A,all,L/5,0.29591836734693877,102393,456,98
foldbench100,7wzm_A,all,R,0.13815789473684212,102393,456,456
foldbench100,7wzm_A,all,AUC,0.7607990031338585,102393,456,102393
foldbench100,7wzm_A,short,L,0.08333333333333333,2652,55,492
foldbench100,7wzm_A,short,L/2,0.13414634146341464,2652,55,246
foldbench100,7wzm_A,short,L/5,0.24489795918367346,2652,55,98
foldbench100,7wzm_A,short,R,0.4,2652,55,55
foldbench100,7wzm_A,short,AUC,0.8679910386109846,2652,55,2652
foldbench100,7wzm_A,medium,L,0.07723577235772358,5190,66,492
foldbench100,7wzm_A,medium,L/2,0.11788617886178862,5190,66,246
foldbench100,7wzm_A,medium,L/5,0.12244897959183673,5190,66,98
foldbench100,7wzm_A,medium,R,0.12121212121212122,5190,66,66
foldbench100,7wzm_A,medium,AUC,0.8888060937241266,5190,66,5190
foldbench100,7wzm_A,long,L,0.06300813008130081,94551,335,492
foldbench100,7wzm_A,long,L/2,0.08130081300813008,94551,335,246
foldbench100,7wzm_A,long,L/5,0.11224489795918367,94551,335,98
foldbench100,7wzm_A,long,R,0.06865671641791045,94551,335,335
foldbench100,7wzm_A,long,AUC,0.7025022685249138,94551,335,94551
foldbench100,7x4p_A,all,L,0.17263843648208468,45150,333,307
foldbench100,7x4p_A,all,L/2,0.21568627450980393,45150,333,153
foldbench100,7x4p_A,all,L/5,0.29508196721311475,45150,333,61
foldbench100,7x4p_A,all,R,0.16516516516516516,45150,333,333
foldbench100,7x4p_A,all,AUC,0.8041614142424103,45150,333,45150
foldbench100,7x4p_A,short,L,0.09446254071661238,1785,40,307
foldbench100,7x4p_A,short,L/2,0.1437908496732026,1785,40,153
foldbench100,7x4p_A,short,L/5,0.22950819672131148,1785,40,61
foldbench100,7x4p_A,short,R,0.35,1785,40,40
foldbench100,7x4p_A,short,AUC,0.8830659025787966,1785,40,1785
foldbench100,7x4p_A,medium,L,0.10423452768729642,3462,52,307
foldbench100,7x4p_A,medium,L/2,0.16339869281045752,3462,52,153
foldbench100,7x4p_A,medium,L/5,0.26229508196721313,3462,52,61
foldbench100,7x4p_A,medium,R,0.25,3462,52,52
foldbench100,7x4p_A,medium,AUC,0.8894484547710355,3462,52,3462
foldbench100,7x4p_A,long,L,0.10423452768729642,39903,241,307
foldbench100,7x4p_A,long,L/2,0.16339869281045752,39903,241,153
foldbench100,7x4p_A,long,L/5,0.14754098360655737,39903,241,61
foldbench100,7x4p_A,long,R,0.12033195020746888,39903,241,241
foldbench100,7x4p_A,long,AUC,0.7637303890070264,39903,241,39903
foldbench100,7x3h_A,all,L,0.2103448275862069,36615,296,290
foldbench100,7x3h_A,all,L/2,0.31724137931034485,36615,296,145
foldbench100,7x3h_A,all,L/5,0.5689655172413793,36615,296,58
foldbench100,7x3h_A,all,R,0.20945945945945946,36615,296,296
foldbench100,7x3h_A,all,AUC,0.8538775772936955,36615,296,36615
foldbench100,7x3h_A,short,L,0.12758620689655173,1545,47,290
foldbench100,7x3h_A,short,L/2,0.2206896551724138,1545,47,145
foldbench100,7x3h_A,short,L/5,0.43103448275862066,1545,47,58
foldbench100,7x3h_A,short,R,0.48936170212765956,1545,47,47
foldbench100,7x3h_A,short,AUC,0.9167187455614578,1545,47,1545
foldbench100,7x3h_A,medium,L,0.10344827586206896,2982,53,290
foldbench100,7x3h_A,medium,L/2,0.16551724137931034,2982,53,145
foldbench100,7x3h_A,medium,L/5,0.29310344827586204,2982,53,58
foldbench100,7x3h_A,medium,R,0.3018867924528302,2982,53,53
foldbench100,7x3h_A,medium,AUC,0.840440745440842,2982,53,2982
foldbench100,7x3h_A,long,L,0.12758620689655173,32088,196,290
foldbench100,7x3h_A,long,L/2,0.15862068965517243,32088,196,145
foldbench100,7x3h_A,long,L/5,0.1724137931034483,32088,196,58
foldbench100,7x3h_A,long,R,0.12755102040816327,32088,196,196
foldbench100,7x3h_A,long,AUC,0.8276093486435084,32088,196,32088
foldbench100,7x8l_A,all,L,0.2178988326848249,127777,580,514
foldbench100,7x8l_A,all,L/2,0.32684824902723736,127777,580,257
foldbench100,7x8l_A,all,L/5,0.5588235294117647,127777,580,102
foldbench100,7x8l_A,all,R,0.20344827586206896,127777,580,580
foldbench100,7x8l_A,all,AUC,0.8029101545715266,127777,580,127777
foldbench100,7x8l_A,short,L,0.08365758754863813,2997,61,514
foldbench100,7x8l_A,short,L/2,0.14007782101167315,2997,61,257
foldbench100,7x8l_A,short,L/5,0.23529411764705882,2997,61,102
foldbench100,7x8l_A,short,R,0.2786885245901639,2997,61,61
foldbench100,7x8l_A,short,AUC,0.84127507035333,2997,61,2997
foldbench100,7x8l_A,medium,L,0.08365758754863813,5886,79,514
foldbench100,7x8l_A,medium,L/2,0.10894941634241245,5886,79,257
foldbench100,7x8l_A,medium,L/5,0.18627450980392157,5886,79,102
foldbench100,7x8l_A,medium,R,0.22784810126582278,5886,79,79
foldbench100,7x8l_A,medium,AUC,0.8127619873875485,5886,79,5886
foldbench100,7x8l_A,long,L,0.1517509727626459,118894,440,514
foldbench100,7x8l_A,long,L/2,0.2490272373540856,118894,440,257
foldbench100,7x8l_A,long,L/5,0.49019607843137253,118894,440,102
foldbench100,7x8l_A,long,R,0.16818181818181818,118894,440,440
foldbench100,7x8l_A,long,AUC,0.7795944858533501,118894,440,118894
foldbench100,7xcd_A,all,L,0.10674157303370786,14878,148,178
foldbench100,7xcd_A,all,L/2,0.16853932584269662,14878,148,89
foldbench100,7xcd_A,all,L/5,0.2,14878,148,35
foldbench100,7xcd_A,all,R,0.11486486486486487,14878,148,148
foldbench100,7xcd_A,all,AUC,0.7446237225005046,14878,148,14878
foldbench100,7xcd_A,short,L,0.056179775280898875,1017,14,178
foldbench100,7xcd_A,short,L/2,0.056179775280898875,1017,14,89
foldbench100,7xcd_A,short,L/5,0.11428571428571428,1017,14,35
foldbench100,7xcd_A,short,R,0.14285714285714285,1017,14,14
foldbench100,7xcd_A,short,AUC,0.8429354792764564,1017,14,1017
foldbench100,7xcd_A,medium,L,0.07865168539325842,1926,31,178
foldbench100,7xcd_A,medium,L/2,0.12359550561797752,1926,31,89
foldbench100,7xcd_A,medium,L/5,0.17142857142857143,1926,31,35
foldbench100,7xcd_A,medium,R,0.1935483870967742,1926,31,31
foldbench100,7xcd_A,medium,AUC,0.8542769597412545,1926,31,1926
foldbench100,7xcd_A,long,L,0.06741573033707865,11935,103,178
foldbench100,7xcd_A,long,L/2,0.10112359550561797,11935,103,89
foldbench100,7xcd_A,long,L/5,0.14285714285714285,11935,103,35
foldbench100,7xcd_A,long,R,0.0970873786407767,11935,103,103
foldbench100,7xcd_A,long,AUC,0.6933685677150003,11935,103,11935
foldbench100,7xg9_A,all,L,0.3090277777777778,39340,241,288
foldbench100,7xg9_A,all,L/2,0.4375,39340,241,144
foldbench100,7xg9_A,all,L/5,0.5263157894736842,39340,241,57
foldbench100,7xg9_A,all,R,0.33195020746887965,39340,241,241
foldbench100,7xg9_A,all,AUC,0.9154644572310803,39340,241,39340
foldbench100,7xg9_A,short,L,0.06597222222222222,1665,19,288
foldbench100,7xg9_A,short,L/2,0.11805555555555555,1665,19,144
foldbench100,7xg9_A,short,L/5,0.24561403508771928,1665,19,57
foldbench100,7xg9_A,short,R,0.47368421052631576,1665,19,19
foldbench100,7xg9_A,short,AUC,0.9756666879836285,1665,19,1665
foldbench100,7xg9_A,medium,L,0.06944444444444445,3222,21,288
foldbench100,7xg9_A,medium,L/2,0.09027777777777778,3222,21,144
foldbench100,7xg9_A,medium,L/5,0.15789473684210525,3222,21,57
foldbench100,7xg9_A,medium,R,0.2857142857142857,3222,21,21
foldbench100,7xg9_A,medium,AUC,0.965777063715208,3222,21,3222
foldbench100,7xg9_A,long,L,0.2638888888888889,34453,201,288
foldbench100,7xg9_A,long,L/2,0.3819444444444444,34453,201,144
foldbench100,7xg9_A,long,L/5,0.543859649122807,34453,201,57
foldbench100,7xg9_A,long,R,0.3283582089552239,34453,201,201
foldbench100,7xg9_A,long,AUC,0.9063556879853913,34453,201,34453
foldbench100,7xi5_A,all,L,0.5538461538461539,1326,42,65
foldbench100,7xi5_A,all,L/2,0.75,1326,42,32
foldbench100,7xi5_A,all,L/5,0.9230769230769231,1326,42,13
foldbench100,7xi5_A,all,R,0.7142857142857143,1326,42,42
foldbench100,7xi5_A,all,AUC,0.975031523512832,1326,42,1326
foldbench100,7xi5_A,short,L,0.16923076923076924,291,11,65
foldbench100,7xi5_A,short,L/2,0.34375,291,11,32
foldbench100,7xi5_A,short,L/5,0.6923076923076923,291,11,13
foldbench100,7xi5_A,short,R,0.7272727272727273,291,11,11
foldbench100,7xi5_A,short,AUC,0.9917207792207792,291,11,291
foldbench100,7xi5_A,medium,L,0.12307692307692308,474,8,65
foldbench100,7xi5_A,medium,L/2,0.25,474,8,32
foldbench100,7xi5_A,medium,L/5,0.5384615384615384,474,8,13
foldbench100,7xi5_A,medium,R,0.75,474,8,8
foldbench100,7xi5_A,medium,AUC,0.994903433476395,474,8,474
foldbench100,7xi5_A,long,L,0.3230769230769231,561,23,65
foldbench100,7xi5_A,long,L/2,0.59375,561,23,32
foldbench100,7xi5_A,long,L/5,0.7692307692307693,561,23,13
foldbench100,7xi5_A,long,R,0.6956521739130435,561,23,23
foldbench100,7xi5_A,long,AUC,0.9582996605786327,561,23,561
foldbench100,7xp9_A,all,L,0.23809523809523808,2485,45,84
foldbench100,7xp9_A,all,L/2,0.35714285714285715,2485,45,42
foldbench100,7xp9_A,all,L/5,0.4375,2485,45,16
foldbench100,7xp9_A,all,R,0.3333333333333333,2485,45,45
foldbench100,7xp9_A,all,AUC,0.8990391621129327,2485,45,2485
foldbench100,7xp9_A,short,L,0.09523809523809523,405,8,84
foldbench100,7xp9_A,short,L/2,0.11904761904761904,405,8,42
foldbench100,7xp9_A,short,L/5,0.25,405,8,16
foldbench100,7xp9_A,short,R,0.5,405,8,8
foldbench100,7xp9_A,short,AUC,0.9417506297229219,405,8,405
foldbench100,7xp9_A,medium,L,0.10714285714285714,702,10,84
foldbench100,7xp9_A,medium,L/2,0.16666666666666666,702,10,42
foldbench100,7xp9_A,medium,L/5,0.3125,702,10,16
foldbench100,7xp9_A,medium,R,0.5,702,10,10
foldbench100,7xp9_A,medium,AUC,0.9583092485549133,702,10,702
foldbench100,7xp9_A,long,L,0.14285714285714285,1378,27,84
foldbench100,7xp9_A,long,L/2,0.23809523809523808,1378,27,42
foldbench100,7xp9_A,long,L/5,0.375,1378,27,16
foldbench100,7xp9_A,long,R,0.2962962962962963,1378,27,27
foldbench100,7xp9_A,long,AUC,0.8561696411437344,1378,27,1378
foldbench100,8ycm_A,all,L,0.13537117903930132,23436,196,229
foldbench100,8ycm_A,all,L/2,0.16666666666666666,23436,196,114
foldbench100,8ycm_A,all,L/5,0.3111111111111111,23436,196,45
foldbench100,8ycm_A,all,R,0.1326530612244898,23436,196,196
foldbench100,8ycm_A,all,AUC,0.7873913291650566,23436,196,23436
foldbench100,8ycm_A,short,L,0.09606986899563319,1281,33,229
foldbench100,8ycm_A,short,L/2,0.16666666666666666,1281,33,114
foldbench100,8ycm_A,short,L/5,0.28888888888888886,1281,33,45
foldbench100,8ycm_A,short,R,0.36363636363636365,1281,33,33
foldbench100,8ycm_A,short,AUC,0.8551379176379176,1281,33,1281
foldbench100,8ycm_A,medium,L,0.048034934497816595,2454,35,229
foldbench100,8ycm_A,medium,L/2,0.07017543859649122,2454,35,114
foldbench100,8ycm_A,medium,L/5,0.1111111111111111,2454,35,45
foldbench100,8ycm_A,medium,R,0.14285714285714285,2454,35,35
foldbench100,8ycm_A,medium,AUC,0.7710683281166952,2454,35,2454
foldbench100,8ycm_A,long,L,0.056768558951965066,19701,128,229
foldbench100,8ycm_A,long,L/2,0.08771929824561403,19701,128,114
foldbench100,8ycm_A,long,L/5,0.1111111111111111,19701,128,45
foldbench100,8ycm_A,long,R,0.0859375,19701,128,128
foldbench100,8ycm_A,long,AUC,0.7551962924053542,19701,128,19701
foldbench100,7xq4_A,all,L,0.29766536964980544,116915,472,514
foldbench100,7xq4_A,all,L/2,0.42023346303501946,116915,472,257
foldbench100,7xq4_A,all,L/5,0.6176470588235294,116915,472,102
foldbench100,7xq4_A,all,R,0.3135593220338983,116915,472,472
foldbench100,7xq4_A,all,AUC,0.9000048507038507,116915,472,116915
foldbench100,7xq4_A,short,L,0.1264591439688716,2808,77,514
foldbench100,7xq4_A,short,L/2,0.20622568093385213,2808,77,257
foldbench100,7xq4_A,short,L/5,0.39215686274509803,2808,77,102
foldbench100,7xq4_A,short,R,0.4805194805194805,2808,77,77
foldbench100,7xq4_A,short,AUC,0.9325731024742375,2808,77,2808
foldbench100,7xq4_A,medium,L,0.08949416342412451,5436,60,514
foldbench100,7xq4_A,medium,L/2,0.13229571984435798,5436,60,257
foldbench100,7xq4_A,medium,L/5,0.19607843137254902,5436,60,102
foldbench100,7xq4_A,medium,R,0.25,5436,60,60
foldbench100,7xq4_A,medium,AUC,0.9154575892857143,5436,60,5436
foldbench100,7xq4_A,long,L,0.2237354085603113,108671,335,514
foldbench100,7xq4_A,long,L/2,0.31906614785992216,108671,335,257
foldbench100,7xq4_A,long,L/5,0.47058823529411764,108671,335,102
foldbench100,7xq4_A,long,R,0.28059701492537314,108671,335,335
foldbench100,7xq4_A,long,AUC,0.8769870326039276,108671,335,108671
foldbench100,7xrx_A,all,L,0.10050251256281408,77028,396,398
foldbench100,7xrx_A,all,L/2,0.15577889447236182,77028,396,199
foldbench100,7xrx_A,all,L/5,0.24050632911392406,77028,396,79
foldbench100,7xrx_A,all,R,0.10101010101010101,77028,396,396
foldbench100,7xrx_A,all,AUC,0.7300108065992423,77028,396,77028
foldbench100,7xrx_A,short,L,0.09045226130653267,2337,57,398
foldbench100,7xrx_A,short,L/2,0.135678391959799,2337,57,199
foldbench100,7xrx_A,short,L/5,0.24050632911392406,2337,57,79
foldbench100,7xrx_A,short,R,0.2807017543859649,2337,57,57
foldbench100,7xrx_A,short,AUC,0.8366728224068943,2337,57,2337
foldbench100,7xrx_A,medium,L,0.032663316582914576,4566,37,398
foldbench100,7xrx_A,medium,L/2,0.035175879396984924,4566,37,199
foldbench100,7xrx_A,medium,L/5,0.0759493670886076,4566,37,79
foldbench100,7xrx_A,medium,R,0.08108108108108109,4566,37,37
foldbench100,7xrx_A,medium,AUC,0.7579741366449249,4566,37,4566
foldbench100,7xrx_A,long,L,0.04020100502512563,70125,302,398
foldbench100,7xrx_A,long,L/2,0.05025125628140704,70125,302,199
foldbench100,7xrx_A,long,L/5,0.10126582278481013,70125,302,79
foldbench100,7xrx_A,long,R,0.04304635761589404,70125,302,302
foldbench100,7xrx_A,long,AUC,0.691022441513181,70125,302,70125
foldbench100,7xjr_A,all,L,0.3323442136498516,45150,354,337
foldbench100,7xjr_A,all,L/2,0.39880952380952384,45150,354,168
foldbench100,7xjr_A,all,L/5,0.5223880597014925,45150,354,67
foldbench100,7xjr_A,all,R,0.3220338983050847,45150,354,354
foldbench100,7xjr_A,all,AUC,0.9371974987173491,45150,354,45150
foldbench100,7xjr_A,short,L,0.09792284866468842,1785,37,337
foldbench100,7xjr_A,short,L/2,0.15476190476190477,1785,37,168
foldbench100,7xjr_A,short,L/5,0.23880597014925373,1785,37,67
foldbench100,7xjr_A,short,R,0.35135135135135137,1785,37,37
foldbench100,7xjr_A,short,AUC,0.9166615127713527,1785,37,1785
foldbench100,7xjr_A,medium,L,0.09792284866468842,3462,42,337
foldbench100,7xjr_A,medium,L/2,0.13095238095238096,3462,42,168
foldbench100,7xjr_A,medium,L/5,0.2537313432835821,3462,42,67
foldbench100,7xjr_A,medium,R,0.2857142857142857,3462,42,42
foldbench100,7xjr_A,medium,AUC,0.921714007240323,3462,42,3462
foldbench100,7xjr_A,long,L,0.3056379821958457,39903,275,337
foldbench100,7xjr_A,long,L/2,0.375,39903,275,168
foldbench100,7xjr_A,long,L/5,0.5074626865671642,39903,275,67
foldbench100,7xjr_A,long,R,0.32727272727272727,39903,275,275
foldbench100,7xjr_A,long,AUC,0.9373752259651118,39903,275,39903
foldbench100,7xyr_A,all,L,0.24873096446700507,146099,707,591
foldbench100,7xyr_A,all,L/2,0.3389830508474576,146099,707,295
foldbench100,7xyr_A,all,L/5,0.4406779661016949,146099,707,118
foldbench100,7xyr_A,all,R,0.23196605374823195,146099,707,707
foldbench100,7xyr_A,all,AUC,0.857407964951096,146099,707,146099
foldbench100,7xyr_A,short,L,0.10490693739424704,3150,74,591
foldbench100,7xyr_A,short,L/2,0.1423728813559322,3150,74,295
foldbench100,7xyr_A,short,L/5,0.2627118644067797,3150,74,118
foldbench100,7xyr_A,short,R,0.32432432432432434,3150,74,74
foldbench100,7xyr_A,short,AUC,0.9025629986293184,3150,74,3150
foldbench100,7xyr_A,medium,L,0.11505922165820642,6105,106,591
foldbench100,7xyr_A,medium,L/2,0.17288135593220338,6105,106,295
foldbench100,7xyr_A,medium,L/5,0.3050847457627119,6105,106,118
foldbench100,7xyr_A,medium,R,0.32075471698113206,6105,106,106
foldbench100,7xyr_A,medium,AUC,0.8631847446272491,6105,106,6105
foldbench100,7xyr_A,long,L,0.19289340101522842,136844,527,591
foldbench100,7xyr_A,long,L/2,0.2677966101694915,136844,527,295
foldbench100,7xyr_A,long,L/5,0.3728813559322034,136844,527,118
foldbench100,7xyr_A,long,R,0.2030360531309298,136844,527,527
foldbench100,7xyr_A,long,AUC,0.8329881102702084,136844,527,136844
foldbench100,7xz3_A,all,L,0.11076923076923077,35832,316,325
foldbench100,7xz3_A,all,L/2,0.14814814814814814,35832,316,162
foldbench100,7xz3_A,all,L/5,0.2153846153846154,35832,316,65
foldbench100,7xz3_A,all,R,0.11392405063291139,35832,316,316
foldbench100,7xz3_A,all,AUC,0.7146976278118902,35832,316,35832
foldbench100,7xz3_A,short,L,0.06461538461538462,1443,22,325
foldbench100,7xz3_A,short,L/2,0.09876543209876543,1443,22,162
foldbench100,7xz3_A,short,L/5,0.13846153846153847,1443,22,65
foldbench100,7xz3_A,short,R,0.2727272727272727,1443,22,22
foldbench100,7xz3_A,short,AUC,0.9324419422941591,1443,22,1443
foldbench100,7xz3_A,medium,L,0.06153846153846154,2645,40,325
foldbench100,7xz3_A,medium,L/2,0.08641975308641975,2645,40,162
foldbench100,7xz3_A,medium,L/5,0.13846153846153847,2645,40,65
foldbench100,7xz3_A,medium,R,0.125,2645,40,40
foldbench100,7xz3_A,medium,AUC,0.8492562380038386,2645,40,2645
foldbench100,7xz3_A,long,L,0.08,31744,254,325
foldbench100,7xz3_A,long,L/2,0.08024691358024691,31744,254,162
foldbench100,7xz3_A,long,L/5,0.13846153846153847,31744,254,65
foldbench100,7xz3_A,long,R,0.08267716535433071,31744,254,254
foldbench100,7xz3_A,long,AUC,0.6766898252913686,31744,254,31744
foldbench100,7y4h_A,all,L,0.35502958579881655,52353,320,338
foldbench100,7y4h_A,all,L/2,0.5266272189349113,52353,320,169
foldbench100,7y4h_A,all,L/5,0.746268656716418,52353,320,67
foldbench100,7y4h_A,all,R,0.359375,52353,320,320
foldbench100,7y4h_A,all,AUC,0.9445783505179406,52353,320,52353
foldbench100,7y4h_A,short,L,0.11242603550295859,1869,43,338
foldbench100,7y4h_A,short,L/2,0.15384615384615385,1869,43,169
foldbench100,7y4h_A,short,L/5,0.2835820895522388,1869,43,67
foldbench100,7y4h_A,short,R,0.37209302325581395,1869,43,43
foldbench100,7y4h_A,short,AUC,0.9118418706538627,1869,43,1869
foldbench100,7y4h_A,medium,L,0.10059171597633136,3630,51,338
foldbench100,7y4h_A,medium,L/2,0.14201183431952663,3630,51,169
foldbench100,7y4h_A,medium,L/5,0.2537313432835821,3630,51,67
foldbench100,7y4h_A,medium,R,0.23529411764705882,3630,51,51
foldbench100,7y4h_A,medium,AUC,0.8787288595236921,3630,51,3630
foldbench100,7y4h_A,long,L,0.29289940828402367,46854,226,338
foldbench100,7y4h_A,long,L/2,0.47928994082840237,46854,226,169
foldbench100,7y4h_A,long,L/5,0.7611940298507462,46854,226,67
foldbench100,7y4h_A,long,R,0.39823008849557523,46854,226,226
foldbench100,7y4h_A,long,AUC,0.9519292122701921,46854,226,46854
foldbench100,7y54_A,all,L,0.62,4465,105,100
foldbench100,7y54_A,all,L/2,0.76,4465,105,50
foldbench100,7y54_A,all,L/5,0.9,4465,105,20
foldbench100,7y54_A,all,R,0.5904761904761905,4465,105,105
foldbench100,7y54_A,all,AUC,0.9782852774137178,4465,105,4465
foldbench100,7y54_A,short,L,0.19,549,19,100
foldbench100,7y54_A,short,L/2,0.36,549,19,50
foldbench100,7y54_A,short,L/5,0.55,549,19,20
foldbench100,7y54_A,short,R,0.5789473684210527,549,19,19
foldbench100,7y54_A,short,AUC,0.9845580933465741,549,19,549
foldbench100,7y54_A,medium,L,0.27,990,28,100
foldbench100,7y54_A,medium,L/2,0.4,990,28,50
foldbench100,7y54_A,medium,L/5,0.5,990,28,20
foldbench100,7y54_A,medium,R,0.4642857142857143,990,28,28
foldbench100,7y54_A,medium,AUC,0.955394267894268,990,28,990
foldbench100,7y54_A,long,L,0.45,2926,58,100
foldbench100,7y54_A,long,L/2,0.76,2926,58,50
foldbench100,7y54_A,long,L/5,0.95,2926,58,20
foldbench100,7y54_A,long,R,0.6896551724137931,2926,58,58
foldbench100,7y54_A,long,AUC,0.9856351897273121,2926,58,2926
foldbench100,7y5m_A,all,L,0.12941176470588237,11175,148,170
foldbench100,7y5m_A,all,L/2,0.2,11175,148,85
foldbench100,7y5m_A,all,L/5,0.23529411764705882,11175,148,34
foldbench100,7y5m_A,all,R,0.14864864864864866,11175,148,148
foldbench100,7y5m_A,all,AUC,0.7617889382081819,11175,148,11175
foldbench100,7y5m_A,short,L,0.12352941176470589,879,23,170
foldbench100,7y5m_A,short,L/2,0.16470588235294117,879,23,85
foldbench100,7y5m_A,short,L/5,0.23529411764705882,879,23,34
foldbench100,7y5m_A,short,R,0.2608695652173913,879,23,23
foldbench100,7y5m_A,short,AUC,0.9149735879723689,879,23,879
foldbench100,7y5m_A,medium,L,0.058823529411764705,1650,18,170
foldbench100,7y5m_A,medium,L/2,0.08235294117647059,1650,18,85
foldbench100,7y5m_A,medium,L/5,0.08823529411764706,1650,18,34
foldbench100,7y5m_A,medium,R,0.1111111111111111,1650,18,18
foldbench100,7y5m_A,medium,AUC,0.8573835784313726,1650,18,1650
foldbench100,7y5m_A,long,L,0.07647058823529412,8646,107,170
foldbench100,7y5m_A,long,L/2,0.07058823529411765,8646,107,85
foldbench100,7y5m_A,long,L/5,0.14705882352941177,8646,107,34
foldbench100,7y5m_A,long,R,0.07476635514018691,8646,107,107
foldbench100,7y5m_A,long,AUC,0.7160034279222435,8646,107,8646
foldbench100,7y5r_A,all,L,0.5142857142857142,4950,97,105
foldbench100,7y5r_A,all,L/2,0.6538461538461539,4950,97,52
foldbench100,7y5r_A,all,L/5,1.0,4950,97,21
foldbench100,7y5r_A,all,R,0.5257731958762887,4950,97,97
foldbench100,7y5r_A,all,AUC,0.9777117353279192,4950,97,4950
foldbench100,7y5r_A,short,L,0.12380952380952381,579,13,105
foldbench100,7y5r_A,short,L/2,0.25,579,13,52
foldbench100,7y5r_A,short,L/5,0.5238095238095238,579,13,21
foldbench100,7y5r_A,short,R,0.6923076923076923,579,13,13
foldbench100,7y5r_A,short,AUC,0.993748301168796,579,13,579
foldbench100,7y5r_A,medium,L,0.22857142857142856,1050,24,105
foldbench100,7y5r_A,medium,L/2,0.4230769230769231,1050,24,52
foldbench100,7y5r_A,medium,L/5,0.6190476190476191,1050,24,21
foldbench100,7y5r_A,medium,R,0.625,1050,24,24
foldbench100,7y5r_A,medium,AUC,0.9875934048083171,1050,24,1050
foldbench100,7y5r_A,long,L,0.3619047619047619,3321,60,105
foldbench100,7y5r_A,long,L/2,0.5,3321,60,52
foldbench100,7y5r_A,long,L/5,0.7142857142857143,3321,60,21
foldbench100,7y5r_A,long,R,0.4666666666666667,3321,60,60
foldbench100,7y5r_A,long,AUC,0.9721046713687008,3321,60,3321
foldbench100,7y8h_A,all,L,0.62,3767,83,100
foldbench100,7y8h_A,all,L/2,0.78,3767,83,50
foldbench100,7y8h_A,all,L/5,0.9,3767,83,20
foldbench100,7y8h_A,all,R,0.6626506024096386,3767,83,83
foldbench100,7y8h_A,all,AUC,0.9887105424957158,3767,83,3767
foldbench100,7y8h_A,short,L,0.09,459,9,100
foldbench100,7y8h_A,short,L/2,0.18,459,9,50
foldbench100,7y8h_A,short,L/5,0.4,459,9,20
foldbench100,7y8h_A,short,R,0.5555555555555556,459,9,9
foldbench100,7y8h_A,short,AUC,0.9887654320987654,459,9,459
foldbench100,7y8h_A,medium,L,0.25,822,25,100
foldbench100,7y8h_A,medium,L/2,0.48,822,25,50
foldbench100,7y8h_A,medium,L/5,0.7,822,25,20
foldbench100,7y8h_A,medium,R,0.72,822,25,25
foldbench100,7y8h_A,medium,AUC,0.9917189460476787,822,25,822
foldbench100,7y8h_A,long,L,0.4,2486,49,100
foldbench100,7y8h_A,long,L/2,0.66,2486,49,50
foldbench100,7y8h_A,long,L/5,0.9,2486,49,20
foldbench100,7y8h_A,long,R,0.673469387755102,2486,49,49
foldbench100,7y8h_A,long,AUC,0.9879242628524533,2486,49,2486
foldbench100,7y8i_A,all,L,0.6597938144329897,2941,83,97
foldbench100,7y8i_A,all,L/2,0.875,2941,83,48
foldbench100,7y8i_A,all,L/5,1.0,2941,83,19
foldbench100,7y8i_A,all,R,0.7349397590361446,2941,83,83
foldbench100,7y8i_A,all,AUC,0.9916699688888515,2941,83,2941
foldbench100,7y8i_A,short,L,0.16494845360824742,390,16,97
foldbench100,7y8i_A,short,L/2,0.3333333333333333,390,16,48
foldbench100,7y8i_A,short,L/5,0.7894736842105263,390,16,19
foldbench100,7y8i_A,short,R,0.9375,390,16,16
foldbench100,7y8i_A,short,AUC,0.997576871657754,390,16,390
foldbench100,7y8i_A,medium,L,0.20618556701030927,645,20,97
foldbench100,7y8i_A,medium,L/2,0.375,645,20,48
foldbench100,7y8i_A,medium,L/5,0.7894736842105263,645,20,19
foldbench100,7y8i_A,medium,R,0.8,645,20,20
foldbench100,7y8i_A,medium,AUC,0.98692,645,20,645
foldbench100,7y8i_A,long,L,0.4536082474226804,1906,47,97
foldbench100,7y8i_A,long,L/2,0.6875,1906,47,48
foldbench100,7y8i_A,long,L/5,0.9473684210526315,1906,47,19
foldbench100,7y8i_A,long,R,0.6808510638297872,1906,47,47
foldbench100,7y8i_A,long,AUC,0.9923832305174367,1906,47,1906
foldbench100,7y5j_A,all,L,0.5588235294117647,4005,91,102
foldbench100,7y5j_A,all,L/2,0.7254901960784313,4005,91,51
foldbench100,7y5j_A,all,L/5,0.85,4005,91,20
foldbench100,7y5j_A,all,R,0.5824175824175825,4005,91,91
foldbench100,7y5j_A,all,AUC,0.9822642865565706,4005,91,4005
foldbench100,7y5j_A,short,L,0.1568627450980392,519,16,102
foldbench100,7y5j_A,short,L/2,0.29411764705882354,519,16,51
foldbench100,7y5j_A,short,L/5,0.55,519,16,20
foldbench100,7y5j_A,short,R,0.5625,519,16,16
foldbench100,7y5j_A,short,AUC,0.9785661033797217,519,16,519
foldbench100,7y5j_A,medium,L,0.24509803921568626,930,25,102
foldbench100,7y5j_A,medium,L/2,0.4117647058823529,930,25,51
foldbench100,7y5j_A,medium,L/5,0.65,930,25,20
foldbench100,7y5j_A,medium,R,0.64,930,25,25
foldbench100,7y5j_A,medium,AUC,0.9846187845303868,930,25,930
foldbench100,7y5j_A,long,L,0.37254901960784315,2556,50,102
foldbench100,7y5j_A,long,L/2,0.5882352941176471,2556,50,51
foldbench100,7y5j_A,long,L/5,0.8,2556,50,20
foldbench100,7y5j_A,long,R,0.6,2556,50,50
foldbench100,7y5j_A,long,AUC,0.9830327214684758,2556,50,2556
foldbench100,7yd4_A,all,L,0.12972972972972974,15063,142,185
foldbench100,7yd4_A,all,L/2,0.16304347826086957,15063,142,92
foldbench100,7yd4_A,all,L/5,0.32432432432432434,15063,142,37
foldbench100,7yd4_A,all,R,0.15492957746478872,15063,142,142
foldbench100,7yd4_A,all,AUC,0.8233039076223982,15063,142,15063
foldbench100,7yd4_A,short,L,0.05405405405405406,1005,18,185
foldbench100,7yd4_A,short,L/2,0.08695652173913043,1005,18,92
foldbench100,7yd4_A,short,L/5,0.13513513513513514,1005,18,37
foldbench100,7yd4_A,short,R,0.2777777777777778,1005,18,18
foldbench100,7yd4_A,short,AUC,0.823398626590116,1005,18,1005
foldbench100,7yd4_A,medium,L,0.07567567567567568,1902,23,185
foldbench100,7yd4_A,medium,L/2,0.11956521739130435,1902,23,92
foldbench100,7yd4_A,medium,L/5,0.13513513513513514,1902,23,37
foldbench100,7yd4_A,medium,R,0.13043478260869565,1902,23,23
foldbench100,7yd4_A,medium,AUC,0.8044403822569821,1902,23,1902
foldbench100,7yd4_A,long,L,0.11891891891891893,12156,101,185
foldbench100,7yd4_A,long,L/2,0.09782608695652174,12156,101,92
foldbench100,7yd4_A,long,L/5,0.1891891891891892,12156,101,37
foldbench100,7yd4_A,long,R,0.10891089108910891,12156,101,101
foldbench100,7yd4_A,long,AUC,0.822119329311612,12156,101,12156
foldbench100,7yhr_A,all,L,0.31666666666666665,1431,41,60
foldbench100,7yhr_A,all,L/2,0.4,1431,41,30
foldbench100,7yhr_A,all,L/5,0.75,1431,41,12
foldbench100,7yhr_A,all,R,0.34146341463414637,1431,41,41
foldbench100,7yhr_A,all,AUC,0.9337339884190209,1431,41,1431
foldbench100,7yhr_A,short,L,0.13333333333333333,303,9,60
foldbench100,7yhr_A,short,L/2,0.23333333333333334,303,9,30
foldbench100,7yhr_A,short,L/5,0.5833333333333334,303,9,12
foldbench100,7yhr_A,short,R,0.6666666666666666,303,9,9
foldbench100,7yhr_A,short,AUC,0.9523809523809523,303,9,303
foldbench100,7yhr_A,medium,L,0.13333333333333333,498,9,60
foldbench100,7yhr_A,medium,L/2,0.23333333333333334,498,9,30
foldbench100,7yhr_A,medium,L/5,0.3333333333333333,498,9,12
foldbench100,7yhr_A,medium,R,0.3333333333333333,498,9,9
foldbench100,7yhr_A,medium,AUC,0.9650079527380141,498,9,498
foldbench100,7yhr_A,long,L,0.23333333333333334,630,23,60
foldbench100,7yhr_A,long,L/2,0.3333333333333333,630,23,30
foldbench100,7yhr_A,long,L/5,0.25,630,23,12
foldbench100,7yhr_A,long,R,0.30434782608695654,630,23,23
foldbench100,7yhr_A,long,AUC,0.9133658047417808,630,23,630
foldbench100,7ykm_A,all,L,0.23809523809523808,2850,55,105
foldbench100,7ykm_A,all,L/2,0.3076923076923077,2850,55,52
foldbench100,7ykm_A,all,L/5,0.38095238095238093,2850,55,21
foldbench100,7ykm_A,all,R,0.32727272727272727,2850,55,55
foldbench100,7ykm_A,all,AUC,0.9147113351764514,2850,55,2850
foldbench100,7ykm_A,short,L,0.06666666666666667,435,7,105
foldbench100,7ykm_A,short,L/2,0.11538461538461539,435,7,52
foldbench100,7ykm_A,short,L/5,0.19047619047619047,435,7,21
foldbench100,7ykm_A,short,R,0.42857142857142855,435,7,7
foldbench100,7ykm_A,short,AUC,0.9449265687583446,435,7,435
foldbench100,7ykm_A,medium,L,0.09523809523809523,762,14,105
foldbench100,7ykm_A,medium,L/2,0.17307692307692307,762,14,52
foldbench100,7ykm_A,medium,L/5,0.23809523809523808,762,14,21
foldbench100,7ykm_A,medium,R,0.21428571428571427,762,14,14
foldbench100,7ykm_A,medium,AUC,0.9004010695187166,762,14,762
foldbench100,7ykm_A,long,L,0.1523809523809524,1653,34,105
foldbench100,7ykm_A,long,L/2,0.2692307692307692,1653,34,52
foldbench100,7ykm_A,long,L/5,0.47619047619047616,1653,34,21
foldbench100,7ykm_A,long,R,0.38235294117647056,1653,34,34
foldbench100,7ykm_A,long,AUC,0.918522690113723,1653,34,1653
foldbench100,7ylr_A,all,L,0.34545454545454546,51365,364,330
foldbench100,7ylr_A,all,L/2,0.5151515151515151,51365,364,165
foldbench100,7ylr_A,all,L/5,0.7424242424242424,51365,364,66
foldbench100,7ylr_A,all,R,0.32967032967032966,51365,364,364
foldbench100,7ylr_A,all,AUC,0.8979246743922927,51365,364,51365
foldbench100,7ylr_A,short,L,0.12727272727272726,1899,49,330
foldbench100,7ylr_A,short,L/2,0.21818181818181817,1899,49,165
foldbench100,7ylr_A,short,L/5,0.3939393939393939,1899,49,66
foldbench100,7ylr_A,short,R,0.4897959183673469,1899,49,49
foldbench100,7ylr_A,short,AUC,0.924853833425262,1899,49,1899
foldbench100,7ylr_A,medium,L,0.1606060606060606,3690,73,330
foldbench100,7ylr_A,medium,L/2,0.2727272727272727,3690,73,165
foldbench100,7ylr_A,medium,L/5,0.4696969696969697,3690,73,66
foldbench100,7ylr_A,medium,R,0.4383561643835616,3690,73,73
foldbench100,7ylr_A,medium,AUC,0.940923947417257,3690,73,3690
foldbench100,7ylr_A,long,L,0.24545454545454545,45776,242,330
foldbench100,7ylr_A,long,L/2,0.3333333333333333,45776,242,165
foldbench100,7ylr_A,long,L/5,0.5757575757575758,45776,242,66
foldbench100,7ylr_A,long,R,0.28512396694214875,45776,242,242
foldbench100,7ylr_A,long,AUC,0.8701246584606472,45776,242,45776
foldbench100,8gmy_A,all,L,0.2542372881355932,22800,254,236
foldbench100,8gmy_A,all,L/2,0.3559322033898305,22800,254,118
foldbench100,8gmy_A,all,L/5,0.574468085106383,22800,254,47
foldbench100,8gmy_A,all,R,0.24015748031496062,22800,254,254
foldbench100,8gmy_A,all,AUC,0.7838102294451728,22800,254,22800
foldbench100,8gmy_A,short,L,0.09322033898305085,1251,33,236
foldbench100,8gmy_A,short,L/2,0.16101694915254236,1251,33,118
foldbench100,8gmy_A,short,L/5,0.2127659574468085,1251,33,47
foldbench100,8gmy_A,short,R,0.2727272727272727,1251,33,33
foldbench100,8gmy_A,short,AUC,0.8333457730009455,1251,33,1251
foldbench100,8gmy_A,medium,L,0.1271186440677966,2394,53,236
foldbench100,8gmy_A,medium,L/2,0.17796610169491525,2394,53,118
foldbench100,8gmy_A,medium,L/5,0.2978723404255319,2394,53,47
foldbench100,8gmy_A,medium,R,0.2830188679245283,2394,53,53
foldbench100,8gmy_A,medium,AUC,0.835020512117866,2394,53,2394
foldbench100,8gmy_A,long,L,0.15254237288135594,19155,168,236
foldbench100,8gmy_A,long,L/2,0.2627118644067797,19155,168,118
foldbench100,8gmy_A,long,L/5,0.44680851063829785,19155,168,47
foldbench100,8gmy_A,long,R,0.21428571428571427,19155,168,168
foldbench100,8gmy_A,long,AUC,0.7431240548044151,19155,168,19155
foldbench100,7yug_A,all,L,0.2033898305084746,6216,94,118
foldbench100,7yug_A,all,L/2,0.3220338983050847,6216,94,59
foldbench100,7yug_A,all,L/5,0.5217391304347826,6216,94,23
foldbench100,7yug_A,all,R,0.23404255319148937,6216,94,94
foldbench100,7yug_A,all,AUC,0.7977133394037548,6216,94,6216
foldbench100,7yug_A,short,L,0.13559322033898305,651,19,118
foldbench100,7yug_A,short,L/2,0.2542372881355932,651,19,59
foldbench100,7yug_A,short,L/5,0.4782608695652174,651,19,23
foldbench100,7yug_A,short,R,0.5789473684210527,651,19,19
foldbench100,7yug_A,short,AUC,0.9061042638241172,651,19,651
foldbench100,7yug_A,medium,L,0.1271186440677966,1194,25,118
foldbench100,7yug_A,medium,L/2,0.15254237288135594,1194,25,59
foldbench100,7yug_A,medium,L/5,0.2608695652173913,1194,25,23
foldbench100,7yug_A,medium,R,0.24,1194,25,25
foldbench100,7yug_A,medium,AUC,0.8609751924721984,1194,25,1194
foldbench100,7yug_A,long,L,0.05084745762711865,4371,50,118
foldbench100,7yug_A,long,L/2,0.06779661016949153,4371,50,59
foldbench100,7yug_A,long,L/5,0.0,4371,50,23
foldbench100,7yug_A,long,R,0.02,4371,50,50
foldbench100,7yug_A,long,AUC,0.7265748669289516,4371,50,4371
foldbench100,7yyg_A,all,L,0.1506849315068493,36330,221,365
foldbench100,7yyg_A,all,L/2,0.23076923076923078,36330,221,182
foldbench100,7yyg_A,all,L/5,0.2876712328767123,36330,221,73
foldbench100,7yyg_A,all,R,0.19909502262443438,36330,221,221
foldbench100,7yyg_A,all,AUC,0.8772697898482085,36330,221,36330
foldbench100,7yyg_A,short,L,0.0684931506849315,1563,29,365
foldbench100,7yyg_A,short,L/2,0.0989010989010989,1563,29,182
foldbench100,7yyg_A,short,L/5,0.1917808219178082,1563,29,73
foldbench100,7yyg_A,short,R,0.27586206896551724,1563,29,29
foldbench100,7yyg_A,short,AUC,0.9125455199388571,1563,29,1563
foldbench100,7yyg_A,medium,L,0.11506849315068493,3018,52,365
foldbench100,7yyg_A,medium,L/2,0.15934065934065933,3018,52,182
foldbench100,7yyg_A,medium,L/5,0.2191780821917808,3018,52,73
foldbench100,7yyg_A,medium,R,0.23076923076923078,3018,52,52
foldbench100,7yyg_A,medium,AUC,0.9290808651901032,3018,52,3018
foldbench100,7yyg_A,long,L,0.10410958904109589,31749,140,365
foldbench100,7yyg_A,long,L/2,0.14835164835164835,31749,140,182
foldbench100,7yyg_A,long,L/5,0.2328767123287671,31749,140,73
foldbench100,7yyg_A,long,R,0.16428571428571428,31749,140,140
foldbench100,7yyg_A,long,AUC,0.8349351224560817,31749,140,31749
foldbench100,7z65_A,all,L,0.3745583038869258,38503,320,283
foldbench100,7z65_A,all,L/2,0.46099290780141844,38503,320,141
foldbench100,7z65_A,all,L/5,0.6071428571428571,38503,320,56
foldbench100,7z65_A,all,R,0.35625,38503,320,320
foldbench100,7z65_A,all,AUC,0.9548665718382526,38503,320,38503
foldbench100,7z65_A,short,L,0.12014134275618374,1647,44,283
foldbench100,7z65_A,short,L/2,0.19858156028368795,1647,44,141
foldbench100,7z65_A,short,L/5,0.375,1647,44,56
foldbench100,7z65_A,short,R,0.45454545454545453,1647,44,44
foldbench100,7z65_A,short,AUC,0.913174162082459,1647,44,1647
foldbench100,7z65_A,medium,L,0.04946996466431095,3186,17,283
foldbench100,7z65_A,medium,L/2,0.09929078014184398,3186,17,141
foldbench100,7z65_A,medium,L/5,0.17857142857142858,3186,17,56
foldbench100,7z65_A,medium,R,0.17647058823529413,3186,17,17
foldbench100,7z65_A,medium,AUC,0.9692610398529875,3186,17,3186
foldbench100,7z65_A,long,L,0.3321554770318021,33670,259,283
foldbench100,7z65_A,long,L/2,0.46099290780141844,33670,259,141
foldbench100,7z65_A,long,L/5,0.5714285714285714,33670,259,56
foldbench100,7z65_A,long,R,0.35135135135135137,33670,259,259
foldbench100,7z65_A,long,AUC,0.9549821695372562,33670,259,33670
foldbench100,7znz_A,all,L,0.24441524310118265,285390,932,761
foldbench100,7znz_A,all,L/2,0.3105263157894737,285390,932,380
foldbench100,7znz_A,all,L/5,0.46710526315789475,285390,932,152
foldbench100,7znz_A,all,R,0.2113733905579399,285390,932,932
foldbench100,7znz_A,all,AUC,0.849447825737838,285390,932,285390
foldbench100,7znz_A,short,L,0.12089356110381078,4515,112,761
foldbench100,7znz_A,short,L/2,0.17894736842105263,4515,112,380
foldbench100,7znz_A,short,L/5,0.28289473684210525,4515,112,152
foldbench100,7znz_A,short,R,0.33035714285714285,4515,112,112
foldbench100,7znz_A,short,AUC,0.8995125077057851,4515,112,4515
foldbench100,7znz_A,medium,L,0.11563731931668857,8922,145,761
foldbench100,7znz_A,medium,L/2,0.18421052631578946,8922,145,380
foldbench100,7znz_A,medium,L/5,0.29605263157894735,8922,145,152
foldbench100,7znz_A,medium,R,0.3103448275862069,8922,145,145
foldbench100,7znz_A,medium,AUC,0.8758828914129013,8922,145,8922
foldbench100,7znz_A,long,L,0.164257555847569,271953,675,761
foldbench100,7znz_A,long,L/2,0.21578947368421053,271953,675,380
foldbench100,7znz_A,long,L/5,0.3223684210526316,271953,675,152
foldbench100,7znz_A,long,R,0.17925925925925926,271953,675,675
foldbench100,7znz_A,long,AUC,0.8136894310687984,271953,675,271953
foldbench100,7zoi_A,all,L,0.304635761589404,7021,110,151
foldbench100,7zoi_A,all,L/2,0.41333333333333333,7021,110,75
foldbench100,7zoi_A,all,L/5,0.6666666666666666,7021,110,30
foldbench100,7zoi_A,all,R,0.35454545454545455,7021,110,110
foldbench100,7zoi_A,all,AUC,0.9317780613251601,7021,110,7021
foldbench100,7zoi_A,short,L,0.19205298013245034,693,33,151
foldbench100,7zoi_A,short,L/2,0.30666666666666664,693,33,75
foldbench100,7zoi_A,short,L/5,0.6,693,33,30
foldbench100,7zoi_A,short,R,0.5454545454545454,693,33,33
foldbench100,7zoi_A,short,AUC,0.93578971533517,693,33,693
foldbench100,7zoi_A,medium,L,0.12582781456953643,1278,38,151
foldbench100,7zoi_A,medium,L/2,0.2,1278,38,75
foldbench100,7zoi_A,medium,L/5,0.23333333333333334,1278,38,30
foldbench100,7zoi_A,medium,R,0.2894736842105263,1278,38,38
foldbench100,7zoi_A,medium,AUC,0.8842635823429541,1278,38,1278
foldbench100,7zoi_A,long,L,0.1456953642384106,5050,39,151
foldbench100,7zoi_A,long,L/2,0.21333333333333335,5050,39,75
foldbench100,7zoi_A,long,L/5,0.36666666666666664,5050,39,30
foldbench100,7zoi_A,long,R,0.28205128205128205,5050,39,39
foldbench100,7zoi_A,long,AUC,0.9160999646930599,5050,39,5050
foldbench100,7zs2_A,all,L,0.20253164556962025,37128,223,316
foldbench100,7zs2_A,all,L/2,0.3037974683544304,37128,223,158
foldbench100,7zs2_A,all,L/5,0.36507936507936506,37128,223,63
foldbench100,7zs2_A,all,R,0.2556053811659193,37128,223,223
foldbench100,7zs2_A,all,AUC,0.8767424298116058,37128,223,37128
foldbench100,7zs2_A,short,L,0.11075949367088607,1617,43,316
foldbench100,7zs2_A,short,L/2,0.20253164556962025,1617,43,158
foldbench100,7zs2_A,short,L/5,0.3492063492063492,1617,43,63
foldbench100,7zs2_A,short,R,0.4418604651162791,1617,43,43
foldbench100,7zs2_A,short,AUC,0.9122440235217636,1617,43,1617
foldbench100,7zs2_A,medium,L,0.09177215189873418,3126,41,316
foldbench100,7zs2_A,medium,L/2,0.14556962025316456,3126,41,158
foldbench100,7zs2_A,medium,L/5,0.2857142857142857,3126,41,63
foldbench100,7zs2_A,medium,R,0.3170731707317073,3126,41,41
foldbench100,7zs2_A,medium,AUC,0.9166581017511959,3126,41,3126
foldbench100,7zs2_A,long,L,0.11075949367088607,32385,139,316
foldbench100,7zs2_A,long,L/2,0.15822784810126583,32385,139,158
foldbench100,7zs2_A,long,L/5,0.20634920634920634,32385,139,63
foldbench100,7zs2_A,long,R,0.16546762589928057,32385,139,139
foldbench100,7zs2_A,long,AUC,0.8374331856229337,32385,139,32385
foldbench100,7zu3_A,all,L,0.09848484848484848,7260,92,132
foldbench100,7zu3_A,all,L/2,0.12121212121212122,7260,92,66
foldbench100,7zu3_A,all,L/5,0.15384615384615385,7260,92,26
foldbench100,7zu3_A,all,R,0.10869565217391304,7260,92,92
foldbench100,7zu3_A,all,AUC,0.7660336701766306,7260,92,7260
foldbench100,7zu3_A,short,L,0.03787878787878788,705,9,132
foldbench100,7zu3_A,short,L/2,0.07575757575757576,705,9,66
foldbench100,7zu3_A,short,L/5,0.15384615384615385,705,9,26
foldbench100,7zu3_A,short,R,0.2222222222222222,705,9,9
foldbench100,7zu3_A,short,AUC,0.7424968071519795,705,9,705
foldbench100,7zu3_A,medium,L,0.08333333333333333,1302,22,132
foldbench100,7zu3_A,medium,L/2,0.07575757575757576,1302,22,66
foldbench100,7zu3_A,medium,L/5,0.15384615384615385,1302,22,26
foldbench100,7zu3_A,medium,R,0.13636363636363635,1302,22,22
foldbench100,7zu3_A,medium,AUC,0.7836115056818181,1302,22,1302
foldbench100,7zu3_A,long,L,0.06060606060606061,5253,61,132
foldbench100,7zu3_A,long,L/2,0.06060606060606061,5253,61,66
foldbench100,7zu3_A,long,L/5,0.15384615384615385,5253,61,26
foldbench100,7zu3_A,long,R,0.06557377049180328,5253,61,61
foldbench100,7zu3_A,long,AUC,0.772619919674657,5253,61,5253
foldbench100,7zv1_A,all,L,0.19117647058823528,5356,111,136
foldbench100,7zv1_A,all,L/2,0.27941176470588236,5356,111,68
foldbench100,7zv1_A,all,L/5,0.3333333333333333,5356,111,27
foldbench100,7zv1_A,all,R,0.21621621621621623,5356,111,111
foldbench100,7zv1_A,all,AUC,0.7487602950901329,5356,111,5356
foldbench100,7zv1_A,short,L,0.07352941176470588,603,14,136
foldbench100,7zv1_A,short,L/2,0.11764705882352941,603,14,68
foldbench100,7zv1_A,short,L/5,0.25925925925925924,603,14,27
foldbench100,7zv1_A,short,R,0.35714285714285715,603,14,14
foldbench100,7zv1_A,short,AUC,0.8865510550569974,603,14,603
foldbench100,7zv1_A,medium,L,0.09558823529411764,1098,23,136
foldbench100,7zv1_A,medium,L/2,0.16176470588235295,1098,23,68
foldbench100,7zv1_A,medium,L/5,0.2962962962962963,1098,23,27
foldbench100,7zv1_A,medium,R,0.34782608695652173,1098,23,23
foldbench100,7zv1_A,medium,AUC,0.8257431749241658,1098,23,1098
foldbench100,7zv1_A,long,L,0.11029411764705882,3655,74,136
foldbench100,7zv1_A,long,L/2,0.17647058823529413,3655,74,68
foldbench100,7zv1_A,long,L/5,0.25925925925925924,3655,74,27
foldbench100,7zv1_A,long,R,0.16216216216216217,3655,74,74
foldbench100,7zv1_A,long,AUC,0.7027687419337797,3655,74,3655
foldbench100,8adc_A,all,L,0.11627906976744186,20315,170,215
foldbench100,8adc_A,all,L/2,0.17757009345794392,20315,170,107
foldbench100,8adc_A,all,L/5,0.2558139534883721,20315,170,43
foldbench100,8adc_A,all,R,0.1411764705882353,20315,170,170
foldbench100,8adc_A,all,AUC,0.8079488414874513,20315,170,20315
foldbench100,8adc_A,short,L,0.08837209302325581,1167,26,215
foldbench100,8adc_A,short,L/2,0.102803738317757,1167,26,107
foldbench100,8adc_A,short,L/5,0.16279069767441862,1167,26,43
foldbench100,8adc_A,short,R,0.23076923076923078,1167,26,26
foldbench100,8adc_A,short,AUC,0.8568226252275332,1167,26,1167
foldbench100,8adc_A,medium,L,0.10232558139534884,2226,39,215
foldbench100,8adc_A,medium,L/2,0.16822429906542055,2226,39,107
foldbench100,8adc_A,medium,L/5,0.23255813953488372,2226,39,43
foldbench100,8adc_A,medium,R,0.2564102564102564,2226,39,39
foldbench100,8adc_A,medium,AUC,0.8749545683702062,2226,39,2226
foldbench100,8adc_A,long,L,0.023255813953488372,16922,105,215
foldbench100,8adc_A,long,L/2,0.018691588785046728,16922,105,107
foldbench100,8adc_A,long,L/5,0.023255813953488372,16922,105,43
foldbench100,8adc_A,long,R,0.01904761904761905,16922,105,105
foldbench100,8adc_A,long,AUC,0.754736278765535,16922,105,16922
foldbench100,8add_A,all,L,0.1267605633802817,21120,210,213
foldbench100,8add_A,all,L/2,0.1792452830188679,21120,210,106
foldbench100,8add_A,all,L/5,0.2619047619047619,21120,210,42
foldbench100,8add_A,all,R,0.11904761904761904,21120,210,210
foldbench100,8add_A,all,AUC,0.7523610257110973,21120,210,21120
foldbench100,8add_A,short,L,0.09859154929577464,1209,32,213
foldbench100,8add_A,short,L/2,0.1320754716981132,1209,32,106
foldbench100,8add_A,short,L/5,0.23809523809523808,1209,32,42
foldbench100,8add_A,short,R,0.28125,1209,32,32
foldbench100,8add_A,short,AUC,0.8569190739167374,1209,32,1209
foldbench100,8add_A,medium,L,0.0892018779342723,2310,34,213
foldbench100,8add_A,medium,L/2,0.1320754716981132,2310,34,106
foldbench100,8add_A,medium,L/5,0.19047619047619047,2310,34,42
foldbench100,8add_A,medium,R,0.23529411764705882,2310,34,34
foldbench100,8add_A,medium,AUC,0.8419117647058822,2310,34,2310
foldbench100,8add_A,long,L,0.046948356807511735,17601,144,213
foldbench100,8add_A,long,L/2,0.0660377358490566,17601,144,106
foldbench100,8add_A,long,L/5,0.047619047619047616,17601,144,42
foldbench100,8add_A,long,R,0.04861111111111111,17601,144,144
foldbench100,8add_A,long,AUC,0.6992544776689389,17601,144,17601
foldbench100,8ah9_A,all,L,0.5583333333333333,5995,132,120
foldbench100,8ah9_A,all,L/2,0.75,5995,132,60
foldbench100,8ah9_A,all,L/5,0.9583333333333334,5995,132,24
foldbench100,8ah9_A,all,R,0.5303030303030303,5995,132,132
foldbench100,8ah9_A,all,AUC,0.9643268778523768,5995,132,5995
foldbench100,8ah9_A,short,L,0.25833333333333336,639,31,120
foldbench100,8ah9_A,short,L/2,0.5,639,31,60
foldbench100,8ah9_A,short,L/5,0.75,639,31,24
foldbench100,8ah9_A,short,R,0.6774193548387096,639,31,31
foldbench100,8ah9_A,short,AUC,0.9853300084889642,639,31,639
foldbench100,8ah9_A,medium,L,0.4083333333333333,1170,58,120
foldbench100,8ah9_A,medium,L/2,0.5833333333333334,1170,58,60
foldbench100,8ah9_A,medium,L/5,0.9166666666666666,1170,58,24
foldbench100,8ah9_A,medium,R,0.5862068965517241,1170,58,58
foldbench100,8ah9_A,medium,AUC,0.9707346192011909,1170,58,1170
foldbench100,8ah9_A,long,L,0.19166666666666668,4186,43,120
foldbench100,8ah9_A,long,L/2,0.2833333333333333,4186,43,60
foldbench100,8ah9_A,long,L/5,0.4166666666666667,4186,43,24
foldbench100,8ah9_A,long,R,0.3488372093023256,4186,43,43
foldbench100,8ah9_A,long,AUC,0.9291688418121908,4186,43,4186
foldbench100,8akh_A,all,L,0.09893048128342247,49770,321,374
foldbench100,8akh_A,all,L/2,0.10695187165775401,49770,321,187
foldbench100,8akh_A,all,L/5,0.13513513513513514,49770,321,74
foldbench100,8akh_A,all,R,0.09657320872274143,49770,321,321
foldbench100,8akh_A,all,AUC,0.763937878914737,49770,321,49770
foldbench100,8akh_A,short,L,0.06951871657754011,1875,42,374
foldbench100,8akh_A,short,L/2,0.0962566844919786,1875,42,187
foldbench100,8akh_A,short,L/5,0.12162162162162163,1875,42,74
foldbench100,8akh_A,short,R,0.14285714285714285,1875,42,42
foldbench100,8akh_A,short,AUC,0.8161938534278961,1875,42,1875
foldbench100,8akh_A,medium,L,0.06951871657754011,3642,50,374
foldbench100,8akh_A,medium,L/2,0.0855614973262032,3642,50,187
foldbench100,8akh_A,medium,L/5,0.12162162162162163,3642,50,74
foldbench100,8akh_A,medium,R,0.12,3642,50,50
foldbench100,8akh_A,medium,AUC,0.8362499999999999,3642,50,3642
foldbench100,8akh_A,long,L,0.05614973262032086,44253,229,374
foldbench100,8akh_A,long,L/2,0.06417112299465241,44253,229,187
foldbench100,8akh_A,long,L/5,0.08108108108108109,44253,229,74
foldbench100,8akh_A,long,R,0.056768558951965066,44253,229,229
foldbench100,8akh_A,long,AUC,0.7155313556638817,44253,229,44253
foldbench100,8ak2_A,all,L,0.6262626262626263,40186,314,297
foldbench100,8ak2_A,all,L/2,0.7972972972972973,40186,314,148
foldbench100,8ak2_A,all,L/5,0.9491525423728814,40186,314,59
foldbench100,8ak2_A,all,R,0.6114649681528662,40186,314,314
foldbench100,8ak2_A,all,AUC,0.9530561091671694,40186,314,40186
foldbench100,8ak2_A,short,L,0.13468013468013468,1683,40,297
foldbench100,8ak2_A,short,L/2,0.2702702702702703,1683,40,148
foldbench100,8ak2_A,short,L/5,0.576271186440678,1683,40,59
foldbench100,8ak2_A,short,R,0.725,1683,40,40
foldbench100,8ak2_A,short,AUC,0.9937005477784542,1683,40,1683
foldbench100,8ak2_A,medium,L,0.15151515151515152,3258,45,297
foldbench100,8ak2_A,medium,L/2,0.28378378378378377,3258,45,148
foldbench100,8ak2_A,medium,L/5,0.576271186440678,3258,45,59
foldbench100,8ak2_A,medium,R,0.6888888888888889,3258,45,45
foldbench100,8ak2_A,medium,AUC,0.9928208320365183,3258,45,3258
foldbench100,8ak2_A,long,L,0.494949494949495,35245,229,297
foldbench100,8ak2_A,long,L/2,0.6959459459459459,35245,229,148
foldbench100,8ak2_A,long,L/5,0.8813559322033898,35245,229,59
foldbench100,8ak2_A,long,R,0.5851528384279476,35245,229,229
foldbench100,8ak2_A,long,AUC,0.9408817354112856,35245,229,35245
foldbench100,8arl_A,all,L,0.056910569105691054,25651,260,246
foldbench100,8arl_A,all,L/2,0.08130081300813008,25651,260,123
foldbench100,8arl_A,all,L/5,0.10204081632653061,25651,260,49
foldbench100,8arl_A,all,R,0.05384615384615385,25651,260,260
foldbench100,8arl_A,all,AUC,0.6427762865703475,25651,260,25651
foldbench100,8arl_A,short,L,0.07317073170731707,1341,26,246
foldbench100,8arl_A,short,L/2,0.07317073170731707,1341,26,123
foldbench100,8arl_A,short,L/5,0.12244897959183673,1341,26,49
foldbench100,8arl_A,short,R,0.19230769230769232,1341,26,26
foldbench100,8arl_A,short,AUC,0.8438871014916642,1341,26,1341
foldbench100,8arl_A,medium,L,0.028455284552845527,2574,16,246
foldbench100,8arl_A,medium,L/2,0.04065040650406504,2574,16,123
foldbench100,8arl_A,medium,L/5,0.04081632653061224,2574,16,49
foldbench100,8arl_A,medium,R,0.0,2574,16,16
foldbench100,8arl_A,medium,AUC,0.8580189601250978,2574,16,2574
foldbench100,8arl_A,long,L,0.032520325203252036,21736,218,246
foldbench100,8arl_A,long,L/2,0.04878048780487805,21736,218,123
foldbench100,8arl_A,long,L/5,0.04081632653061224,21736,218,49
foldbench100,8arl_A,long,R,0.03669724770642202,21736,218,218
foldbench100,8arl_A,long,AUC,0.616987292908604,21736,218,21736
foldbench100,8q8i_A,all,L,0.1099290780141844,37410,376,282
foldbench100,8q8i_A,all,L/2,0.11347517730496454,37410,376,141
foldbench100,8q8i_A,all,L/5,0.16071428571428573,37410,376,56
foldbench100,8q8i_A,all,R,0.10638297872340426,37410,376,376
foldbench100,8q8i_A,all,AUC,0.7486715054251469,37410,376,37410
foldbench100,8q8i_A,short,L,0.07092198581560284,1611,34,282
foldbench100,8q8i_A,short,L/2,0.09929078014184398,1611,34,141
foldbench100,8q8i_A,short,L/5,0.125,1611,34,56
foldbench100,8q8i_A,short,R,0.11764705882352941,1611,34,34
foldbench100,8q8i_A,short,AUC,0.813532768846283,1611,34,1611
foldbench100,8q8i_A,medium,L,0.1099290780141844,3114,88,282
foldbench100,8q8i_A,medium,L/2,0.11347517730496454,3114,88,141
foldbench100,8q8i_A,medium,L/5,0.16071428571428573,3114,88,56
foldbench100,8q8i_A,medium,R,0.125,3114,88,88
foldbench100,8q8i_A,medium,AUC,0.7984700775100644,3114,88,3114
foldbench100,8q8i_A,long,L,0.04964539007092199,32685,254,282
foldbench100,8q8i_A,long,L/2,0.06382978723404255,32685,254,141
foldbench100,8q8i_A,long,L/5,0.08928571428571429,32685,254,56
foldbench100,8q8i_A,long,R,0.05511811023622047,32685,254,254
foldbench100,8q8i_A,long,AUC,0.6938131762236821,32685,254,32685
foldbench100,8au6_A,all,L,0.12461059190031153,29403,168,321
foldbench100,8au6_A,all,L/2,0.175,29403,168,160
foldbench100,8au6_A,all,L/5,0.265625,29403,168,64
foldbench100,8au6_A,all,R,0.17261904761904762,29403,168,168
foldbench100,8au6_A,all,AUC,0.8221967716452068,29403,168,29403
foldbench100,8au6_A,short,L,0.06853582554517133,1437,25,321
foldbench100,8au6_A,short,L/2,0.11875,1437,25,160
foldbench100,8au6_A,short,L/5,0.1875,1437,25,64
foldbench100,8au6_A,short,R,0.4,1437,25,25
foldbench100,8au6_A,short,AUC,0.898356940509915,1437,25,1437
foldbench100,8au6_A,medium,L,0.056074766355140186,2766,25,321
foldbench100,8au6_A,medium,L/2,0.06875,2766,25,160
foldbench100,8au6_A,medium,L/5,0.109375,2766,25,64
foldbench100,8au6_A,medium,R,0.12,2766,25,25
foldbench100,8au6_A,medium,AUC,0.8510835461510398,2766,25,2766
foldbench100,8au6_A,long,L,0.06230529595015576,25200,118,321
foldbench100,8au6_A,long,L/2,0.1,25200,118,160
foldbench100,8au6_A,long,L/5,0.171875,25200,118,64
foldbench100,8au6_A,long,R,0.13559322033898305,25200,118,118
foldbench100,8au6_A,long,AUC,0.7963380113228609,25200,118,25200
foldbench100,8axj_A,all,L,0.5493827160493827,12090,143,162
foldbench100,8axj_A,all,L/2,0.8641975308641975,12090,143,81
foldbench100,8axj_A,all,L/5,1.0,12090,143,32
foldbench100,8axj_A,all,R,0.6013986013986014,12090,143,143
foldbench100,8axj_A,all,AUC,0.9094485492744468,12090,143,12090
foldbench100,8axj_A,short,L,0.07407407407407407,915,13,162
foldbench100,8axj_A,short,L/2,0.12345679012345678,915,13,81
foldbench100,8axj_A,short,L/5,0.28125,915,13,32
foldbench100,8axj_A,short,R,0.6153846153846154,915,13,13
foldbench100,8axj_A,short,AUC,0.9233754050827221,915,13,915
foldbench100,8axj_A,medium,L,0.3271604938271605,1722,67,162
foldbench100,8axj_A,medium,L/2,0.6049382716049383,1722,67,81
foldbench100,8axj_A,medium,L/5,1.0,1722,67,32
foldbench100,8axj_A,medium,R,0.7014925373134329,1722,67,67
foldbench100,8axj_A,medium,AUC,0.9349912071064617,1722,67,1722
foldbench100,8axj_A,long,L,0.2222222222222222,9453,63,162
foldbench100,8axj_A,long,L/2,0.4074074074074074,9453,63,81
foldbench100,8axj_A,long,L/5,0.78125,9453,63,32
foldbench100,8axj_A,long,R,0.47619047619047616,9453,63,63
foldbench100,8axj_A,long,AUC,0.8568140710313233,9453,63,9453
foldbench100,8azb_A,all,L,0.16698656429942418,122760,587,521
foldbench100,8azb_A,all,L/2,0.25384615384615383,122760,587,260
foldbench100,8azb_A,all,L/5,0.375,122760,587,104
foldbench100,8azb_A,all,R,0.15502555366269166,122760,587,587
foldbench100,8azb_A,all,AUC,0.7697217581163115,122760,587,122760
foldbench100,8azb_A,short,L,0.11708253358925144,2955,79,521
foldbench100,8azb_A,short,L/2,0.16923076923076924,2955,79,260
foldbench100,8azb_A,short,L/5,0.3076923076923077,2955,79,104
foldbench100,8azb_A,short,R,0.3670886075949367,2955,79,79
foldbench100,8azb_A,short,AUC,0.879018415168747,2955,79,2955
foldbench100,8azb_A,medium,L,0.09404990403071017,5802,105,521
foldbench100,8azb_A,medium,L/2,0.1423076923076923,5802,105,260
foldbench100,8azb_A,medium,L/5,0.2403846153846154,5802,105,104
foldbench100,8azb_A,medium,R,0.23809523809523808,5802,105,105
foldbench100,8azb_A,medium,AUC,0.7878181499034579,5802,105,5802
foldbench100,8azb_A,long,L,0.07293666026871401,114003,403,521
foldbench100,8azb_A,long,L/2,0.08461538461538462,114003,403,260
foldbench100,8azb_A,long,L/5,0.11538461538461539,114003,403,104
foldbench100,8azb_A,long,R,0.08188585607940446,114003,403,403
foldbench100,8azb_A,long,AUC,0.7159091038164469,114003,403,114003
foldbench100,8b2e_A,all,L,0.06993006993006994,9180,130,143
foldbench100,8b2e_A,all,L/2,0.1267605633802817,9180,130,71
foldbench100,8b2e_A,all,L/5,0.2857142857142857,9180,130,28
foldbench100,8b2e_A,all,R,0.07692307692307693,9180,130,130
foldbench100,8b2e_A,all,AUC,0.6993701657458564,9180,130,9180
foldbench100,8b2e_A,short,L,0.11888111888111888,795,22,143
foldbench100,8b2e_A,short,L/2,0.14084507042253522,795,22,71
foldbench100,8b2e_A,short,L/5,0.21428571428571427,795,22,28
foldbench100,8b2e_A,short,R,0.2727272727272727,795,22,22
foldbench100,8b2e_A,short,AUC,0.8178878043043631,795,22,795
foldbench100,8b2e_A,medium,L,0.07692307692307693,1482,33,143
foldbench100,8b2e_A,medium,L/2,0.07042253521126761,1482,33,71
foldbench100,8b2e_A,medium,L/5,0.10714285714285714,1482,33,28
foldbench100,8b2e_A,medium,R,0.09090909090909091,1482,33,33
foldbench100,8b2e_A,medium,AUC,0.7035468557207687,1482,33,1482
foldbench100,8b2e_A,long,L,0.027972027972027972,6903,75,143
foldbench100,8b2e_A,long,L/2,0.014084507042253521,6903,75,71
foldbench100,8b2e_A,long,L/5,0.0,6903,75,28
foldbench100,8b2e_A,long,R,0.013333333333333334,6903,75,75
foldbench100,8b2e_A,long,AUC,0.6499023628197618,6903,75,6903
foldbench100,8b2g_A,all,L,0.21621621621621623,2346,59,74
foldbench100,8b2g_A,all,L/2,0.1891891891891892,2346,59,37
foldbench100,8b2g_A,all,L/5,0.35714285714285715,2346,59,14
foldbench100,8b2g_A,all,R,0.2033898305084746,2346,59,59
foldbench100,8b2g_A,all,AUC,0.827058614275233,2346,59,2346
foldbench100,8b2g_A,short,L,0.12162162162162163,393,16,74
foldbench100,8b2g_A,short,L/2,0.1891891891891892,393,16,37
foldbench100,8b2g_A,short,L/5,0.2857142857142857,393,16,14
foldbench100,8b2g_A,short,R,0.25,393,16,16
foldbench100,8b2g_A,short,AUC,0.8372015915119363,393,16,393
foldbench100,8b2g_A,medium,L,0.13513513513513514,678,21,74
foldbench100,8b2g_A,medium,L/2,0.10810810810810811,678,21,37
foldbench100,8b2g_A,medium,L/5,0.14285714285714285,678,21,14
foldbench100,8b2g_A,medium,R,0.19047619047619047,678,21,21
foldbench100,8b2g_A,medium,AUC,0.8097774878596796,678,21,678
foldbench100,8b2g_A,long,L,0.12162162162162163,1275,22,74
foldbench100,8b2g_A,long,L/2,0.1891891891891892,1275,22,37
foldbench100,8b2g_A,long,L/5,0.21428571428571427,1275,22,14
foldbench100,8b2g_A,long,R,0.22727272727272727,1275,22,22
foldbench100,8b2g_A,long,AUC,0.8196872959442792,1275,22,1275
foldbench100,8b2s_A,all,L,0.12653061224489795,27510,186,245
foldbench100,8b2s_A,all,L/2,0.1721311475409836,27510,186,122
foldbench100,8b2s_A,all,L/5,0.16326530612244897,27510,186,49
foldbench100,8b2s_A,all,R,0.13978494623655913,27510,186,186
foldbench100,8b2s_A,all,AUC,0.8248383987923492,27510,186,27510
foldbench100,8b2s_A,short,L,0.07755102040816327,1359,28,245
foldbench100,8b2s_A,short,L/2,0.10655737704918032,1359,28,122
foldbench100,8b2s_A,short,L/5,0.16326530612244897,1359,28,49
foldbench100,8b2s_A,short,R,0.17857142857142858,1359,28,28
foldbench100,8b2s_A,short,AUC,0.8415396586884191,1359,28,1359
foldbench100,8b2s_A,medium,L,0.08571428571428572,2610,50,245
foldbench100,8b2s_A,medium,L/2,0.11475409836065574,2610,50,122
foldbench100,8b2s_A,medium,L/5,0.16326530612244897,2610,50,49
foldbench100,8b2s_A,medium,R,0.16,2610,50,50
foldbench100,8b2s_A,medium,AUC,0.83185546875,2610,50,2610
foldbench100,8b2s_A,long,L,0.08163265306122448,23541,108,245
foldbench100,8b2s_A,long,L/2,0.09836065573770492,23541,108,122
foldbench100,8b2s_A,long,L/5,0.14285714285714285,23541,108,49
foldbench100,8b2s_A,long,R,0.1111111111111111,23541,108,108
foldbench100,8b2s_A,long,AUC,0.780129044035714,23541,108,23541
foldbench100,8b4u_A,all,L,0.5234657039711191,34716,273,277
foldbench100,8b4u_A,all,L/2,0.6231884057971014,34716,273,138
foldbench100,8b4u_A,all,L/5,0.8,34716,273,55
foldbench100,8b4u_A,all,R,0.5201465201465202,34716,273,273
foldbench100,8b4u_A,all,AUC,0.9659730856490721,34716,273,34716
foldbench100,8b4u_A,short,L,0.11913357400722022,1563,34,277
foldbench100,8b4u_A,short,L/2,0.2246376811594203,1563,34,138
foldbench100,8b4u_A,short,L/5,0.41818181818181815,1563,34,55
foldbench100,8b4u_A,short,R,0.5294117647058824,1563,34,34
foldbench100,8b4u_A,short,AUC,0.9728580771746239,1563,34,1563
foldbench100,8b4u_A,medium,L,0.1407942238267148,3018,41,277
foldbench100,8b4u_A,medium,L/2,0.26811594202898553,3018,41,138
foldbench100,8b4u_A,medium,L/5,0.5272727272727272,3018,41,55
foldbench100,8b4u_A,medium,R,0.5853658536585366,3018,41,41
foldbench100,8b4u_A,medium,AUC,0.9836633703925215,3018,41,3018
foldbench100,8b4u_A,long,L,0.4223826714801444,30135,198,277
foldbench100,8b4u_A,long,L/2,0.5579710144927537,30135,198,138
foldbench100,8b4u_A,long,L/5,0.6909090909090909,30135,198,55
foldbench100,8b4u_A,long,R,0.5050505050505051,30135,198,198
foldbench100,8b4u_A,long,AUC,0.9599647475186106,30135,198,30135
foldbench100,8b5w_A,all,L,0.13071895424836602,57985,370,459
foldbench100,8b5w_A,all,L/2,0.17903930131004367,57985,370,229
foldbench100,8b5w_A,all,L/5,0.1978021978021978,57985,370,91
foldbench100,8b5w_A,all,R,0.14054054054054055,57985,370,370
foldbench100,8b5w_A,all,AUC,0.8104720523699955,57985,370,57985
foldbench100,8b5w_A,short,L,0.07625272331154684,1995,44,459
foldbench100,8b5w_A,short,L/2,0.10043668122270742,1995,44,229
foldbench100,8b5w_A,short,L/5,0.16483516483516483,1995,44,91
foldbench100,8b5w_A,short,R,0.20454545454545456,1995,44,44
foldbench100,8b5w_A,short,AUC,0.8598911979870463,1995,44,1995
foldbench100,8b5w_A,medium,L,0.058823529411764705,3882,49,459
foldbench100,8b5w_A,medium,L/2,0.0611353711790393,3882,49,229
foldbench100,8b5w_A,medium,L/5,0.07692307692307693,3882,49,91
foldbench100,8b5w_A,medium,R,0.10204081632653061,3882,49,49
foldbench100,8b5w_A,medium,AUC,0.835432894785882,3882,49,3882
foldbench100,8b5w_A,long,L,0.11546840958605664,52108,277,459
foldbench100,8b5w_A,long,L/2,0.13973799126637554,52108,277,229
foldbench100,8b5w_A,long,L/5,0.24175824175824176,52108,277,91
foldbench100,8b5w_A,long,R,0.1407942238267148,52108,277,277
foldbench100,8b5w_A,long,AUC,0.7816252933112873,52108,277,52108
foldbench100,8b61_A,all,L,0.13865546218487396,18351,212,238
foldbench100,8b61_A,all,L/2,0.20168067226890757,18351,212,119
foldbench100,8b61_A,all,L/5,0.2978723404255319,18351,212,47
foldbench100,8b61_A,all,R,0.1509433962264151,18351,212,212
foldbench100,8b61_A,all,AUC,0.7597993274160648,18351,212,18351
foldbench100,8b61_A,short,L,0.10084033613445378,1080,32,238
foldbench100,8b61_A,short,L/2,0.15966386554621848,1080,32,119
foldbench100,8b61_A,short,L/5,0.2978723404255319,1080,32,47
foldbench100,8b61_A,short,R,0.3125,1080,32,32
foldbench100,8b61_A,short,AUC,0.8842437977099237,1080,32,1080
foldbench100,8b61_A,medium,L,0.11764705882352941,2088,51,238
foldbench100,8b61_A,medium,L/2,0.16806722689075632,2088,51,119
foldbench100,8b61_A,medium,L/5,0.2553191489361702,2088,51,47
foldbench100,8b61_A,medium,R,0.2549019607843137,2088,51,51
foldbench100,8b61_A,medium,AUC,0.816983838208823,2088,51,2088
foldbench100,8b61_A,long,L,0.05042016806722689,15183,129,238
foldbench100,8b61_A,long,L/2,0.058823529411764705,15183,129,119
foldbench100,8b61_A,long,L/5,0.0425531914893617,15183,129,47
foldbench100,8b61_A,long,R,0.06201550387596899,15183,129,129
foldbench100,8b61_A,long,AUC,0.6863047550781013,15183,129,15183
foldbench100,8b6a_A,all,L,0.22429906542056074,14365,195,214
foldbench100,8b6a_A,all,L/2,0.3364485981308411,14365,195,107
foldbench100,8b6a_A,all,L/5,0.5,14365,195,42
foldbench100,8b6a_A,all,R,0.2358974358974359,14365,195,195
foldbench100,8b6a_A,all,AUC,0.7964149611856034,14365,195,14365
foldbench100,8b6a_A,short,L,0.12149532710280374,999,30,214
foldbench100,8b6a_A,short,L/2,0.21495327102803738,999,30,107
foldbench100,8b6a_A,short,L/5,0.35714285714285715,999,30,42
foldbench100,8b6a_A,short,R,0.4,999,30,30
foldbench100,8b6a_A,short,AUC,0.9092535259717922,999,30,999
foldbench100,8b6a_A,medium,L,0.11682242990654206,1890,47,214
foldbench100,8b6a_A,medium,L/2,0.18691588785046728,1890,47,107
foldbench100,8b6a_A,medium,L/5,0.35714285714285715,1890,47,42
foldbench100,8b6a_A,medium,R,0.3404255319148936,1890,47,47
foldbench100,8b6a_A,medium,AUC,0.8581233188256889,1890,47,1890
foldbench100,8b6a_A,long,L,0.09813084112149532,11476,118,214
foldbench100,8b6a_A,long,L/2,0.14953271028037382,11476,118,107
foldbench100,8b6a_A,long,L/5,0.19047619047619047,11476,118,42
foldbench100,8b6a_A,long,R,0.13559322033898305,11476,118,118
foldbench100,8b6a_A,long,AUC,0.7308803471606662,11476,118,11476
foldbench100,8b6e_A,all,L,0.42424242424242425,1081,44,66
foldbench100,8b6e_A,all,L/2,0.5757575757575758,1081,44,33
foldbench100,8b6e_A,all,L/5,0.7692307692307693,1081,44,13
foldbench100,8b6e_A,all,R,0.5227272727272727,1081,44,44
foldbench100,8b6e_A,all,AUC,0.9115126676602086,1081,44,1081
foldbench100,8b6e_A,short,L,0.15151515151515152,261,12,66
foldbench100,8b6e_A,short,L/2,0.24242424242424243,261,12,33
foldbench100,8b6e_A,short,L/5,0.6153846153846154,261,12,13
foldbench100,8b6e_A,short,R,0.6666666666666666,261,12,12
foldbench100,8b6e_A,short,AUC,0.897255689424364,261,12,261
foldbench100,8b6e_A,medium,L,0.16666666666666666,414,13,66
foldbench100,8b6e_A,medium,L/2,0.30303030303030304,414,13,33
foldbench100,8b6e_A,medium,L/5,0.5384615384615384,414,13,13
foldbench100,8b6e_A,medium,R,0.5384615384615384,414,13,13
foldbench100,8b6e_A,medium,AUC,0.9184730481488587,414,13,414
foldbench100,8b6e_A,long,L,0.24242424242424243,406,19,66
foldbench100,8b6e_A,long,L/2,0.3939393939393939,406,19,33
foldbench100,8b6e_A,long,L/5,0.6153846153846154,406,19,13
foldbench100,8b6e_A,long,R,0.47368421052631576,406,19,19
foldbench100,8b6e_A,long,AUC,0.920236638106895,406,19,406
foldbench100,8baq_A,all,L,0.0625,20503,190,208
foldbench100,8baq_A,all,L/2,0.10576923076923077,20503,190,104
foldbench100,8baq_A,all,L/5,0.0975609756097561,20503,190,41
foldbench100,8baq_A,all,R,0.06842105263157895,20503,190,190
foldbench100,8baq_A,all,AUC,0.7235150163105297,20503,190,20503
foldbench100,8baq_A,short,L,0.08653846153846154,1197,24,208
foldbench100,8baq_A,short,L/2,0.125,1197,24,104
foldbench100,8baq_A,short,L/5,0.17073170731707318,1197,24,41
foldbench100,8baq_A,short,R,0.16666666666666666,1197,24,24
foldbench100,8baq_A,short,AUC,0.8670609548167093,1197,24,1197
foldbench100,8baq_A,medium,L,0.028846153846153848,2286,29,208
foldbench100,8baq_A,medium,L/2,0.028846153846153848,2286,29,104
foldbench100,8baq_A,medium,L/5,0.04878048780487805,2286,29,41
foldbench100,8baq_A,medium,R,0.034482758620689655,2286,29,29
foldbench100,8baq_A,medium,AUC,0.6842314332421737,2286,29,2286
foldbench100,8baq_A,long,L,0.014423076923076924,17020,137,208
foldbench100,8baq_A,long,L/2,0.0,17020,137,104
foldbench100,8baq_A,long,L/5,0.0,17020,137,41
foldbench100,8baq_A,long,R,0.0,17020,137,137
foldbench100,8baq_A,long,AUC,0.6979700566933179,17020,137,17020
foldbench100,8bau_A,all,L,0.1164021164021164,16836,209,189
foldbench100,8bau_A,all,L/2,0.1702127659574468,16836,209,94
foldbench100,8bau_A,all,L/5,0.32432432432432434,16836,209,37
foldbench100,8bau_A,all,R,0.11004784688995216,16836,209,209
foldbench100,8bau_A,all,AUC,0.7010580876265415,16836,209,16836
foldbench100,8bau_A,short,L,0.164021164021164,1083,42,189
foldbench100,8bau_A,short,L/2,0.20212765957446807,1083,42,94
foldbench100,8bau_A,short,L/5,0.35135135135135137,1083,42,37
foldbench100,8bau_A,short,R,0.30952380952380953,1083,42,42
foldbench100,8bau_A,short,AUC,0.8905814006678561,1083,42,1083
foldbench100,8bau_A,medium,L,0.037037037037037035,2058,26,189
foldbench100,8bau_A,medium,L/2,0.02127659574468085,2058,26,94
foldbench100,8bau_A,medium,L/5,0.0,2058,26,37
foldbench100,8bau_A,medium,R,0.0,2058,26,26
foldbench100,8bau_A,medium,AUC,0.7284127044215627,2058,26,2058
foldbench100,8bau_A,long,L,0.037037037037037035,13695,141,189
foldbench100,8bau_A,long,L/2,0.031914893617021274,13695,141,94
foldbench100,8bau_A,long,L/5,0.05405405405405406,13695,141,37
foldbench100,8bau_A,long,R,0.028368794326241134,13695,141,141
foldbench100,8bau_A,long,AUC,0.6234060343862271,13695,141,13695
foldbench100,8bfy_A,all,L,0.13615023474178403,75078,359,426
foldbench100,8bfy_A,all,L/2,0.2112676056338028,75078,359,213
foldbench100,8bfy_A,all,L/5,0.3058823529411765,75078,359,85
foldbench100,8bfy_A,all,R,0.1532033426183844,75078,359,359
foldbench100,8bfy_A,all,AUC,0.7478031432977804,75078,359,75078
foldbench100,8bfy_A,short,L,0.08685446009389672,2307,45,426
foldbench100,8bfy_A,short,L/2,0.13145539906103287,2307,45,213
foldbench100,8bfy_A,short,L/5,0.21176470588235294,2307,45,85
foldbench100,8bfy_A,short,R,0.2222222222222222,2307,45,45
foldbench100,8bfy_A,short,AUC,0.894390411631791,2307,45,2307
foldbench100,8bfy_A,medium,L,0.04929577464788732,4506,48,426
foldbench100,8bfy_A,medium,L/2,0.07511737089201878,4506,48,213
foldbench100,8bfy_A,medium,L/5,0.12941176470588237,4506,48,85
foldbench100,8bfy_A,medium,R,0.16666666666666666,4506,48,48
foldbench100,8bfy_A,medium,AUC,0.77429620906236,4506,48,4506
foldbench100,8bfy_A,long,L,0.07746478873239436,68265,266,426
foldbench100,8bfy_A,long,L/2,0.11267605633802817,68265,266,213
foldbench100,8bfy_A,long,L/5,0.2,68265,266,85
foldbench100,8bfy_A,long,R,0.09774436090225563,68265,266,266
foldbench100,8bfy_A,long,AUC,0.7050502014237936,68265,266,68265
foldbench100,8bgb_A,all,L,0.19083969465648856,7750,101,131
foldbench100,8bgb_A,all,L/2,0.23076923076923078,7750,101,65
foldbench100,8bgb_A,all,L/5,0.4230769230769231,7750,101,26
foldbench100,8bgb_A,all,R,0.21782178217821782,7750,101,101
foldbench100,8bgb_A,all,AUC,0.8632423315543739,7750,101,7750
foldbench100,8bgb_A,short,L,0.15267175572519084,729,23,131
foldbench100,8bgb_A,short,L/2,0.18461538461538463,729,23,65
foldbench100,8bgb_A,short,L/5,0.19230769230769232,729,23,26
foldbench100,8bgb_A,short,R,0.21739130434782608,729,23,23
foldbench100,8bgb_A,short,AUC,0.9076856755758098,729,23,729
foldbench100,8bgb_A,medium,L,0.09923664122137404,1350,20,131
foldbench100,8bgb_A,medium,L/2,0.16923076923076924,1350,20,65
foldbench100,8bgb_A,medium,L/5,0.3076923076923077,1350,20,26
foldbench100,8bgb_A,medium,R,0.35,1350,20,20
foldbench100,8bgb_A,medium,AUC,0.8906954887218046,1350,20,1350
foldbench100,8bgb_A,long,L,0.0916030534351145,5671,58,131
foldbench100,8bgb_A,long,L/2,0.15384615384615385,5671,58,65
foldbench100,8bgb_A,long,L/5,0.19230769230769232,5671,58,26
foldbench100,8bgb_A,long,R,0.13793103448275862,5671,58,58
foldbench100,8bgb_A,long,AUC,0.8284769961358177,5671,58,5671
foldbench100,8bke_A,all,L,0.29780564263322884,89253,494,638
foldbench100,8bke_A,all,L/2,0.45768025078369906,89253,494,319
foldbench100,8bke_A,all,L/5,0.7007874015748031,89253,494,127
foldbench100,8bke_A,all,R,0.36639676113360325,89253,494,494
foldbench100,8bke_A,all,AUC,0.8825659260282346,89253,494,89253
foldbench100,8bke_A,short,L,0.045454545454545456,2517,30,638
foldbench100,8bke_A,short,L/2,0.07836990595611286,2517,30,319
foldbench100,8bke_A,short,L/5,0.14960629921259844,2517,30,127
foldbench100,8bke_A,short,R,0.23333333333333334,2517,30,30
foldbench100,8bke_A,short,AUC,0.9245677523120225,2517,30,2517
foldbench100,8bke_A,medium,L,0.1677115987460815,4926,135,638
foldbench100,8bke_A,medium,L/2,0.2601880877742947,4926,135,319
foldbench100,8bke_A,medium,L/5,0.3858267716535433,4926,135,127
foldbench100,8bke_A,medium,R,0.3851851851851852,4926,135,135
foldbench100,8bke_A,medium,AUC,0.9169979204836228,4926,135,4926
foldbench100,8bke_A,long,L,0.2304075235109718,81810,329,638
foldbench100,8bke_A,long,L/2,0.3824451410658307,81810,329,319
foldbench100,8bke_A,long,L/5,0.6850393700787402,81810,329,127
foldbench100,8bke_A,long,R,0.3708206686930091,81810,329,329
foldbench100,8bke_A,long,AUC,0.8460596796038266,81810,329,81810
foldbench100,8bsb_A,all,L,0.22598870056497175,11781,115,177
foldbench100,8bsb_A,all,L/2,0.2840909090909091,11781,115,88
foldbench100,8bsb_A,all,L/5,0.4,11781,115,35
foldbench100,8bsb_A,all,R,0.2608695652173913,11781,115,115
foldbench100,8bsb_A,all,AUC,0.8683125992292728,11781,115,11781
foldbench100,8bsb_A,short,L,0.03954802259887006,903,7,177
foldbench100,8bsb_A,short,L/2,0.045454545454545456,903,7,88
foldbench100,8bsb_A,short,L/5,0.08571428571428572,903,7,35
foldbench100,8bsb_A,short,R,0.14285714285714285,903,7,7
foldbench100,8bsb_A,short,AUC,0.927375637755102,903,7,903
foldbench100,8bsb_A,medium,L,0.07909604519774012,1698,14,177
foldbench100,8bsb_A,medium,L/2,0.13636363636363635,1698,14,88
foldbench100,8bsb_A,medium,L/5,0.2571428571428571,1698,14,35
foldbench100,8bsb_A,medium,R,0.42857142857142855,1698,14,14
foldbench100,8bsb_A,medium,AUC,0.9766711910417374,1698,14,1698
foldbench100,8bsb_A,long,L,0.22033898305084745,9180,94,177
foldbench100,8bsb_A,long,L/2,0.3068181818181818,9180,94,88
foldbench100,8bsb_A,long,L/5,0.37142857142857144,9180,94,35
foldbench100,8bsb_A,long,R,0.2978723404255319,9180,94,94
foldbench100,8bsb_A,long,AUC,0.8480442204748011,9180,94,9180
foldbench100,8bux_A,all,L,0.0748502994011976,40231,240,334
foldbench100,8bux_A,all,L/2,0.10179640718562874,40231,240,167
foldbench100,8bux_A,all,L/5,0.16666666666666666,40231,240,66
foldbench100,8bux_A,all,R,0.07916666666666666,40231,240,240
foldbench100,8bux_A,all,AUC,0.7092825573253981,40231,240,40231
foldbench100,8bux_A,short,L,0.0658682634730539,1554,27,334
foldbench100,8bux_A,short,L/2,0.09580838323353294,1554,27,167
foldbench100,8bux_A,short,L/5,0.19696969696969696,1554,27,66
foldbench100,8bux_A,short,R,0.25925925925925924,1554,27,27
foldbench100,8bux_A,short,AUC,0.8709161027432146,1554,27,1554
foldbench100,8bux_A,medium,L,0.04790419161676647,2938,36,334
foldbench100,8bux_A,medium,L/2,0.08383233532934131,2938,36,167
foldbench100,8bux_A,medium,L/5,0.06060606060606061,2938,36,66
foldbench100,8bux_A,medium,R,0.05555555555555555,2938,36,36
foldbench100,8bux_A,medium,AUC,0.756193046940807,2938,36,2938
foldbench100,8bux_A,long,L,0.041916167664670656,35739,177,334
foldbench100,8bux_A,long,L/2,0.029940119760479042,35739,177,167
foldbench100,8bux_A,long,L/5,0.015151515151515152,35739,177,66
foldbench100,8bux_A,long,R,0.03389830508474576,35739,177,177
foldbench100,8bux_A,long,AUC,0.6644324847477328,35739,177,35739
foldbench100,8c4d_A,all,L,0.06363636363636363,15931,229,330
foldbench100,8c4d_A,all,L/2,0.09090909090909091,15931,229,165
foldbench100,8c4d_A,all,L/5,0.15151515151515152,15931,229,66
foldbench100,8c4d_A,all,R,0.07860262008733625,15931,229,229
foldbench100,8c4d_A,all,AUC,0.6919395020465783,15931,229,15931
foldbench100,8c4d_A,short,L,0.05454545454545454,1053,26,330
foldbench100,8c4d_A,short,L/2,0.09090909090909091,1053,26,165
foldbench100,8c4d_A,short,L/5,0.13636363636363635,1053,26,66
foldbench100,8c4d_A,short,R,0.19230769230769232,1053,26,26
foldbench100,8c4d_A,short,AUC,0.8003894839337877,1053,26,1053
foldbench100,8c4d_A,medium,L,0.03333333333333333,1998,28,330
foldbench100,8c4d_A,medium,L/2,0.03636363636363636,1998,28,165
foldbench100,8c4d_A,medium,L/5,0.07575757575757576,1998,28,66
foldbench100,8c4d_A,medium,R,0.10714285714285714,1998,28,28
foldbench100,8c4d_A,medium,AUC,0.6936638868745468,1998,28,1998
foldbench100,8c4d_A,long,L,0.04242424242424243,12880,175,330
foldbench100,8c4d_A,long,L/2,0.04242424242424243,12880,175,165
foldbench100,8c4d_A,long,L/5,0.030303030303030304,12880,175,66
foldbench100,8c4d_A,long,R,0.04,12880,175,175
foldbench100,8c4d_A,long,AUC,0.6759044245797492,12880,175,12880
foldbench100,7xlz_A,all,L,0.14285714285714285,27759,265,266
foldbench100,7xlz_A,all,L/2,0.16541353383458646,27759,265,133
foldbench100,7xlz_A,all,L/5,0.24528301886792453,27759,265,53
foldbench100,7xlz_A,all,R,0.14339622641509434,27759,265,265
foldbench100,7xlz_A,all,AUC,0.7861998707093555,27759,265,27759
foldbench100,7xlz_A,short,L,0.08270676691729323,1330,34,266
foldbench100,7xlz_A,short,L/2,0.13533834586466165,1330,34,133
foldbench100,7xlz_A,short,L/5,0.16981132075471697,1330,34,53
foldbench100,7xlz_A,short,R,0.17647058823529413,1330,34,34
foldbench100,7xlz_A,short,AUC,0.8583537581699345,1330,34,1330
foldbench100,7xlz_A,medium,L,0.08270676691729323,2550,57,266
foldbench100,7xlz_A,medium,L/2,0.12781954887218044,2550,57,133
foldbench100,7xlz_A,medium,L/5,0.16981132075471697,2550,57,53
foldbench100,7xlz_A,medium,R,0.17543859649122806,2550,57,57
foldbench100,7xlz_A,medium,AUC,0.8394487019795779,2550,57,2550
foldbench100,7xlz_A,long,L,0.09774436090225563,23879,174,266
foldbench100,7xlz_A,long,L/2,0.12781954887218044,23879,174,133
foldbench100,7xlz_A,long,L/5,0.1509433962264151,23879,174,53
foldbench100,7xlz_A,long,R,0.1206896551724138,23879,174,174
foldbench100,7xlz_A,long,AUC,0.7268141451316106,23879,174,23879
foldbench100,8c4y_A,all,L,0.17197452229299362,46971,373,314
foldbench100,8c4y_A,all,L/2,0.2611464968152866,46971,373,157
foldbench100,8c4y_A,all,L/5,0.4838709677419355,46971,373,62
foldbench100,8c4y_A,all,R,0.1554959785522788,46971,373,373
foldbench100,8c4y_A,all,AUC,0.7011797155684574,46971,373,46971
foldbench100,8c4y_A,short,L,0.09235668789808917,1821,35,314
foldbench100,8c4y_A,short,L/2,0.12738853503184713,1821,35,157
foldbench100,8c4y_A,short,L/5,0.22580645161290322,1821,35,62
foldbench100,8c4y_A,short,R,0.34285714285714286,1821,35,35
foldbench100,8c4y_A,short,AUC,0.8727243641017437,1821,35,1821
foldbench100,8c4y_A,medium,L,0.07006369426751592,3534,46,314
foldbench100,8c4y_A,medium,L/2,0.10191082802547771,3534,46,157
foldbench100,8c4y_A,medium,L/5,0.16129032258064516,3534,46,62
foldbench100,8c4y_A,medium,R,0.21739130434782608,3534,46,46
foldbench100,8c4y_A,medium,AUC,0.7956534204228161,3534,46,3534
foldbench100,8c4y_A,long,L,0.09872611464968153,41616,292,314
foldbench100,8c4y_A,long,L/2,0.17834394904458598,41616,292,157
foldbench100,8c4y_A,long,L/5,0.3225806451612903,41616,292,62
foldbench100,8c4y_A,long,R,0.10616438356164383,41616,292,292
foldbench100,8c4y_A,long,AUC,0.6612820686642011,41616,292,41616
foldbench100,8cba_A,all,L,0.12149532710280374,17955,245,214
foldbench100,8cba_A,all,L/2,0.16822429906542055,17955,245,107
foldbench100,8cba_A,all,L/5,0.2619047619047619,17955,245,42
foldbench100,8cba_A,all,R,0.11020408163265306,17955,245,245
foldbench100,8cba_A,all,AUC,0.7222097512070893,17955,245,17955
foldbench100,8cba_A,short,L,0.08878504672897196,1119,39,214
foldbench100,8cba_A,short,L/2,0.12149532710280374,1119,39,107
foldbench100,8cba_A,short,L/5,0.21428571428571427,1119,39,42
foldbench100,8cba_A,short,R,0.23076923076923078,1119,39,39
foldbench100,8cba_A,short,AUC,0.745940170940171,1119,39,1119
foldbench100,8cba_A,medium,L,0.06542056074766354,2130,53,214
foldbench100,8cba_A,medium,L/2,0.102803738317757,2130,53,107
foldbench100,8cba_A,medium,L/5,0.14285714285714285,2130,53,42
foldbench100,8cba_A,medium,R,0.1320754716981132,2130,53,53
foldbench100,8cba_A,medium,AUC,0.7064025581162963,2130,53,2130
foldbench100,8cba_A,long,L,0.056074766355140186,14706,153,214
foldbench100,8cba_A,long,L/2,0.07476635514018691,14706,153,107
foldbench100,8cba_A,long,L/5,0.07142857142857142,14706,153,42
foldbench100,8cba_A,long,R,0.058823529411764705,14706,153,153
foldbench100,8cba_A,long,AUC,0.687991694994496,14706,153,14706
foldbench100,8ci9_A,all,L,0.13141025641025642,45150,337,312
foldbench100,8ci9_A,all,L/2,0.14102564102564102,45150,337,156
foldbench100,8ci9_A,all,L/5,0.24193548387096775,45150,337,62
foldbench100,8ci9_A,all,R,0.1394658753709199,45150,337,337
foldbench100,8ci9_A,all,AUC,0.7311202748831427,45150,337,45150
foldbench100,8ci9_A,short,L,0.09935897435897435,1785,39,312
foldbench100,8ci9_A,short,L/2,0.11538461538461539,1785,39,156
foldbench100,8ci9_A,short,L/5,0.1935483870967742,1785,39,62
foldbench100,8ci9_A,short,R,0.28205128205128205,1785,39,39
foldbench100,8ci9_A,short,AUC,0.8551561077334273,1785,39,1785
foldbench100,8ci9_A,medium,L,0.0641025641025641,3462,41,312
foldbench100,8ci9_A,medium,L/2,0.09615384615384616,3462,41,156
foldbench100,8ci9_A,medium,L/5,0.14516129032258066,3462,41,62
foldbench100,8ci9_A,medium,R,0.12195121951219512,3462,41,41
foldbench100,8ci9_A,medium,AUC,0.8288726017923729,3462,41,3462
foldbench100,8ci9_A,long,L,0.08653846153846154,39903,257,312
foldbench100,8ci9_A,long,L/2,0.12179487179487179,39903,257,156
foldbench100,8ci9_A,long,L/5,0.1935483870967742,39903,257,62
foldbench100,8ci9_A,long,R,0.0933852140077821,39903,257,257
foldbench100,8ci9_A,long,AUC,0.6892576637875548,39903,257,39903
foldbench100,8cih_A,all,L,0.17757009345794392,16668,158,214
foldbench100,8cih_A,all,L/2,0.22429906542056074,16668,158,107
foldbench100,8cih_A,all,L/5,0.23809523809523808,16668,158,42
foldbench100,8cih_A,all,R,0.189873417721519,16668,158,158
foldbench100,8cih_A,all,AUC,0.8128681121529722,16668,158,16668
foldbench100,8cih_A,short,L,0.03271028037383177,1041,10,214
foldbench100,8cih_A,short,L/2,0.056074766355140186,1041,10,107
foldbench100,8cih_A,short,L/5,0.047619047619047616,1041,10,42
foldbench100,8cih_A,short,R,0.1,1041,10,10
foldbench100,8cih_A,short,AUC,0.8258001939864208,1041,10,1041
foldbench100,8cih_A,medium,L,0.06074766355140187,1974,17,214
foldbench100,8cih_A,medium,L/2,0.11214953271028037,1974,17,107
foldbench100,8cih_A,medium,L/5,0.16666666666666666,1974,17,42
foldbench100,8cih_A,medium,R,0.29411764705882354,1974,17,17
foldbench100,8cih_A,medium,AUC,0.8792719949502539,1974,17,1974
foldbench100,8cih_A,long,L,0.17289719626168223,13653,131,214
foldbench100,8cih_A,long,L/2,0.2616822429906542,13653,131,107
foldbench100,8cih_A,long,L/5,0.35714285714285715,13653,131,42
foldbench100,8cih_A,long,R,0.2366412213740458,13653,131,131
foldbench100,8cih_A,long,AUC,0.8060217954117179,13653,131,13653
foldbench100,8amo_A,all,L,0.13283208020050125,72010,362,399
foldbench100,8amo_A,all,L/2,0.19095477386934673,72010,362,199
foldbench100,8amo_A,all,L/5,0.26582278481012656,72010,362,79
foldbench100,8amo_A,all,R,0.13812154696132597,72010,362,362
foldbench100,8amo_A,all,AUC,0.758349444429365,72010,362,72010
foldbench100,8amo_A,short,L,0.09022556390977443,2259,44,399
foldbench100,8amo_A,short,L/2,0.1457286432160804,2259,44,199
foldbench100,8amo_A,short,L/5,0.27848101265822783,2259,44,79
foldbench100,8amo_A,short,R,0.3409090909090909,2259,44,44
foldbench100,8amo_A,short,AUC,0.919613174635748,2259,44,2259
foldbench100,8amo_A,medium,L,0.08020050125313283,4410,59,399
foldbench100,8amo_A,medium,L/2,0.11055276381909548,4410,59,199
foldbench100,8amo_A,medium,L/5,0.16455696202531644,4410,59,79
foldbench100,8amo_A,medium,R,0.1864406779661017,4410,59,59
foldbench100,8amo_A,medium,AUC,0.819885551344129,4410,59,4410
foldbench100,8amo_A,long,L,0.05012531328320802,65341,259,399
foldbench100,8amo_A,long,L/2,0.08040201005025126,65341,259,199
foldbench100,8amo_A,long,L/5,0.10126582278481013,65341,259,79
foldbench100,8amo_A,long,R,0.06177606177606178,65341,259,259
foldbench100,8amo_A,long,AUC,0.7046679395485516,65341,259,65341
foldbench100,8cpk_A,all,L,0.25,71631,353,384
foldbench100,8cpk_A,all,L/2,0.3385416666666667,71631,353,192
foldbench100,8cpk_A,all,L/5,0.4605263157894737,71631,353,76
foldbench100,8cpk_A,all,R,0.26062322946175637,71631,353,353
foldbench100,8cpk_A,all,AUC,0.9133536270662521,71631,353,71631
foldbench100,8cpk_A,short,L,0.044270833333333336,2253,24,384
foldbench100,8cpk_A,short,L/2,0.08333333333333333,2253,24,192
foldbench100,8cpk_A,short,L/5,0.14473684210526316,2253,24,76
foldbench100,8cpk_A,short,R,0.375,2253,24,24
foldbench100,8cpk_A,short,AUC,0.8143038731867803,2253,24,2253
foldbench100,8cpk_A,medium,L,0.125,4398,73,384
foldbench100,8cpk_A,medium,L/2,0.16145833333333334,4398,73,192
foldbench100,8cpk_A,medium,L/5,0.18421052631578946,4398,73,76
foldbench100,8cpk_A,medium,R,0.1917808219178082,4398,73,73
foldbench100,8cpk_A,medium,AUC,0.9036978383086547,4398,73,4398
foldbench100,8cpk_A,long,L,0.23177083333333334,64980,256,384
foldbench100,8cpk_A,long,L/2,0.3229166666666667,64980,256,192
foldbench100,8cpk_A,long,L/5,0.5263157894736842,64980,256,76
foldbench100,8cpk_A,long,R,0.28125,64980,256,256
foldbench100,8cpk_A,long,AUC,0.9105417209033743,64980,256,64980
foldbench100,8cpn_A,all,L,0.18357487922705315,11811,168,207
foldbench100,8cpn_A,all,L/2,0.22330097087378642,11811,168,103
foldbench100,8cpn_A,all,L/5,0.3170731707317073,11811,168,41
foldbench100,8cpn_A,all,R,0.20833333333333334,11811,168,168
foldbench100,8cpn_A,all,AUC,0.7329038396256896,11811,168,11811
foldbench100,8cpn_A,short,L,0.08695652173913043,804,23,207
foldbench100,8cpn_A,short,L/2,0.1553398058252427,804,23,103
foldbench100,8cpn_A,short,L/5,0.2926829268292683,804,23,41
foldbench100,8cpn_A,short,R,0.391304347826087,804,23,23
foldbench100,8cpn_A,short,AUC,0.8451260925235207,804,23,804
foldbench100,8cpn_A,medium,L,0.12077294685990338,1431,35,207
foldbench100,8cpn_A,medium,L/2,0.1941747572815534,1431,35,103
foldbench100,8cpn_A,medium,L/5,0.21951219512195122,1431,35,41
foldbench100,8cpn_A,medium,R,0.2571428571428571,1431,35,35
foldbench100,8cpn_A,medium,AUC,0.8582889889480148,1431,35,1431
foldbench100,8cpn_A,long,L,0.07246376811594203,9576,110,207
foldbench100,8cpn_A,long,L/2,0.0970873786407767,9576,110,103
foldbench100,8cpn_A,long,L/5,0.14634146341463414,9576,110,41
foldbench100,8cpn_A,long,R,0.09090909090909091,9576,110,110
foldbench100,8cpn_A,long,AUC,0.663588344889845,9576,110,9576
foldbench100,8d2z_A,all,L,0.22324159021406728,45150,312,327
foldbench100,8d2z_A,all,L/2,0.3128834355828221,45150,312,163
foldbench100,8d2z_A,all,L/5,0.4461538461538462,45150,312,65
foldbench100,8d2z_A,all,R,0.23076923076923078,45150,312,312
foldbench100,8d2z_A,all,AUC,0.8446649390798326,45150,312,45150
foldbench100,8d2z_A,short,L,0.12232415902140673,1785,49,327
foldbench100,8d2z_A,short,L/2,0.1901840490797546,1785,49,163
foldbench100,8d2z_A,short,L/5,0.3384615384615385,1785,49,65
foldbench100,8d2z_A,short,R,0.42857142857142855,1785,49,49
foldbench100,8d2z_A,short,AUC,0.8961076366030283,1785,49,1785
foldbench100,8d2z_A,medium,L,0.09174311926605505,3462,52,327
foldbench100,8d2z_A,medium,L/2,0.1411042944785276,3462,52,163
foldbench100,8d2z_A,medium,L/5,0.23076923076923078,3462,52,65
foldbench100,8d2z_A,medium,R,0.25,3462,52,52
foldbench100,8d2z_A,medium,AUC,0.8548612677644937,3462,52,3462
foldbench100,8d2z_A,long,L,0.15902140672782875,39903,211,327
foldbench100,8d2z_A,long,L/2,0.2331288343558282,39903,211,163
foldbench100,8d2z_A,long,L/5,0.3076923076923077,39903,211,65
foldbench100,8d2z_A,long,R,0.1990521327014218,39903,211,211
foldbench100,8d2z_A,long,AUC,0.8139926844283926,39903,211,39903
foldbench100,8daj_A,all,L,0.36423841059602646,43956,299,302
foldbench100,8daj_A,all,L/2,0.4966887417218543,43956,299,151
foldbench100,8daj_A,all,L/5,0.6166666666666667,43956,299,60
foldbench100,8daj_A,all,R,0.36789297658862874,43956,299,299
foldbench100,8daj_A,all,AUC,0.9258859903858315,43956,299,43956
foldbench100,8daj_A,short,L,0.08940397350993377,1761,32,302
foldbench100,8daj_A,short,L/2,0.15894039735099338,1761,32,151
foldbench100,8daj_A,short,L/5,0.3333333333333333,1761,32,60
foldbench100,8daj_A,short,R,0.40625,1761,32,32
foldbench100,8daj_A,short,AUC,0.9349786726431464,1761,32,1761
foldbench100,8daj_A,medium,L,0.13245033112582782,3414,52,302
foldbench100,8daj_A,medium,L/2,0.2052980132450331,3414,52,151
foldbench100,8daj_A,medium,L/5,0.4,3414,52,60
foldbench100,8daj_A,medium,R,0.4230769230769231,3414,52,52
foldbench100,8daj_A,medium,AUC,0.931313778428591,3414,52,3414
foldbench100,8daj_A,long,L,0.2781456953642384,38781,215,302
foldbench100,8daj_A,long,L/2,0.41721854304635764,38781,215,151
foldbench100,8daj_A,long,L/5,0.5833333333333334,38781,215,60
foldbench100,8daj_A,long,R,0.33488372093023255,38781,215,215
foldbench100,8daj_A,long,AUC,0.9182901193845886,38781,215,38781
foldbench100,8dez_A,all,L,0.19653179190751446,14028,182,173
foldbench100,8dez_A,all,L/2,0.27906976744186046,14028,182,86
foldbench100,8dez_A,all,L/5,0.4411764705882353,14028,182,34
foldbench100,8dez_A,all,R,0.18681318681318682,14028,182,182
foldbench100,8dez_A,all,AUC,0.8144396048844986,14028,182,14028
foldbench100,8dez_A,short,L,0.10982658959537572,987,20,173
foldbench100,8dez_A,short,L/2,0.1744186046511628,987,20,86
foldbench100,8dez_A,short,L/5,0.2647058823529412,987,20,34
foldbench100,8dez_A,short,R,0.3,987,20,20
foldbench100,8dez_A,short,AUC,0.9439245087900725,987,20,987
foldbench100,8dez_A,medium,L,0.07514450867052024,1866,21,173
foldbench100,8dez_A,medium,L/2,0.11627906976744186,1866,21,86
foldbench100,8dez_A,medium,L/5,0.14705882352941177,1866,21,34
foldbench100,8dez_A,medium,R,0.19047619047619047,1866,21,21
foldbench100,8dez_A,medium,AUC,0.8997548070718803,1866,21,1866
foldbench100,8dez_A,long,L,0.1329479768786127,11175,141,173
foldbench100,8dez_A,long,L/2,0.23255813953488372,11175,141,86
foldbench100,8dez_A,long,L/5,0.38235294117647056,11175,141,34
foldbench100,8dez_A,long,R,0.16312056737588654,11175,141,141
foldbench100,8dez_A,long,AUC,0.7922588080427101,11175,141,11175
foldbench100,8dge_A,all,L,0.2506775067750677,246078,914,738
foldbench100,8dge_A,all,L/2,0.38482384823848237,246078,914,369
foldbench100,8dge_A,all,L/5,0.54421768707483,246078,914,147
foldbench100,8dge_A,all,R,0.22428884026258206,246078,914,914
foldbench100,8dge_A,all,AUC,0.880134577088522,246078,914,246078
foldbench100,8dge_A,short,L,0.11788617886178862,4156,121,738
foldbench100,8dge_A,short,L/2,0.16531165311653118,4156,121,369
foldbench100,8dge_A,short,L/5,0.21768707482993196,4156,121,147
foldbench100,8dge_A,short,R,0.256198347107438,4156,121,121
foldbench100,8dge_A,short,AUC,0.8699488975595768,4156,121,4156
foldbench100,8dge_A,medium,L,0.11788617886178862,8202,147,738
foldbench100,8dge_A,medium,L/2,0.15718157181571815,8202,147,369
foldbench100,8dge_A,medium,L/5,0.22448979591836735,8202,147,147
foldbench100,8dge_A,medium,R,0.22448979591836735,8202,147,147
foldbench100,8dge_A,medium,AUC,0.8793874595151531,8202,147,8202
foldbench100,8dge_A,long,L,0.2005420054200542,233720,646,738
foldbench100,8dge_A,long,L/2,0.2981029810298103,233720,646,369
foldbench100,8dge_A,long,L/5,0.5034013605442177,233720,646,147
foldbench100,8dge_A,long,R,0.21517027863777088,233720,646,646
foldbench100,8dge_A,long,AUC,0.8510568807509572,233720,646,233720
foldbench100,8dhj_A,all,L,0.10843373493975904,26580,267,249
foldbench100,8dhj_A,all,L/2,0.16129032258064516,26580,267,124
foldbench100,8dhj_A,all,L/5,0.2857142857142857,26580,267,49
foldbench100,8dhj_A,all,R,0.10112359550561797,26580,267,267
foldbench100,8dhj_A,all,AUC,0.7422502740346657,26580,267,26580
foldbench100,8dhj_A,short,L,0.08032128514056225,1314,31,249
foldbench100,8dhj_A,short,L/2,0.12903225806451613,1314,31,124
foldbench100,8dhj_A,short,L/5,0.30612244897959184,1314,31,49
foldbench100,8dhj_A,short,R,0.3870967741935484,1314,31,31
foldbench100,8dhj_A,short,AUC,0.8361199808915596,1314,31,1314
foldbench100,8dhj_A,medium,L,0.07630522088353414,2490,36,249
foldbench100,8dhj_A,medium,L/2,0.07258064516129033,2490,36,124
foldbench100,8dhj_A,medium,L/5,0.10204081632653061,2490,36,49
foldbench100,8dhj_A,medium,R,0.1111111111111111,2490,36,36
foldbench100,8dhj_A,medium,AUC,0.8219120709952006,2490,36,2490
foldbench100,8dhj_A,long,L,0.060240963855421686,22776,200,249
foldbench100,8dhj_A,long,L/2,0.06451612903225806,22776,200,124
foldbench100,8dhj_A,long,L/5,0.10204081632653061,22776,200,49
foldbench100,8dhj_A,long,R,0.06,22776,200,200
foldbench100,8dhj_A,long,AUC,0.7083113704819277,22776,200,22776
foldbench100,8dmu_A,all,L,0.1492842535787321,110700,571,489
foldbench100,8dmu_A,all,L/2,0.20491803278688525,110700,571,244
foldbench100,8dmu_A,all,L/5,0.30927835051546393,110700,571,97
foldbench100,8dmu_A,all,R,0.13660245183887915,110700,571,571
foldbench100,8dmu_A,all,AUC,0.750179335143332,110700,571,110700
foldbench100,8dmu_A,short,L,0.1083844580777096,2769,80,489
foldbench100,8dmu_A,short,L/2,0.12704918032786885,2769,80,244
foldbench100,8dmu_A,short,L/5,0.15463917525773196,2769,80,97
foldbench100,8dmu_A,short,R,0.175,2769,80,80
foldbench100,8dmu_A,short,AUC,0.8328584046113797,2769,80,2769
foldbench100,8dmu_A,medium,L,0.065439672801636,5430,73,489
foldbench100,8dmu_A,medium,L/2,0.08196721311475409,5430,73,244
foldbench100,8dmu_A,medium,L/5,0.1134020618556701,5430,73,97
foldbench100,8dmu_A,medium,R,0.136986301369863,5430,73,73
foldbench100,8dmu_A,medium,AUC,0.7897719281646598,5430,73,5430
foldbench100,8dmu_A,long,L,0.10224948875255624,102501,418,489
foldbench100,8dmu_A,long,L/2,0.13934426229508196,102501,418,244
foldbench100,8dmu_A,long,L/5,0.24742268041237114,102501,418,97
foldbench100,8dmu_A,long,R,0.09808612440191387,102501,418,418
foldbench100,8dmu_A,long,AUC,0.6994328590015433,102501,418,102501
foldbench100,8dp9_A,all,L,0.0945945945945946,8157,146,148
foldbench100,8dp9_A,all,L/2,0.12162162162162163,8157,146,74
foldbench100,8dp9_A,all,L/5,0.20689655172413793,8157,146,29
foldbench100,8dp9_A,all,R,0.0958904109589041,8157,146,146
foldbench100,8dp9_A,all,AUC,0.7194811757121631,8157,146,8157
foldbench100,8dp9_A,short,L,0.08783783783783784,693,19,148
foldbench100,8dp9_A,short,L/2,0.14864864864864866,693,19,74
foldbench100,8dp9_A,short,L/5,0.3103448275862069,693,19,29
foldbench100,8dp9_A,short,R,0.3157894736842105,693,19,19
foldbench100,8dp9_A,short,AUC,0.8651022957988442,693,19,693
foldbench100,8dp9_A,medium,L,0.04054054054054054,1278,16,148
foldbench100,8dp9_A,medium,L/2,0.02702702702702703,1278,16,74
foldbench100,8dp9_A,medium,L/5,0.034482758620689655,1278,16,29
foldbench100,8dp9_A,medium,R,0.0,1278,16,16
foldbench100,8dp9_A,medium,AUC,0.6981477812995246,1278,16,1278
foldbench100,8dp9_A,long,L,0.06756756756756757,6186,111,148
foldbench100,8dp9_A,long,L/2,0.08108108108108109,6186,111,74
foldbench100,8dp9_A,long,L/5,0.06896551724137931,6186,111,29
foldbench100,8dp9_A,long,R,0.06306306306306306,6186,111,111
foldbench100,8dp9_A,long,AUC,0.6993193193193192,6186,111,6186
foldbench100,8dqd_A,all,L,0.2864721485411141,66430,395,377
foldbench100,8dqd_A,all,L/2,0.42021276595744683,66430,395,188
foldbench100,8dqd_A,all,L/5,0.6133333333333333,66430,395,75
foldbench100,8dqd_A,all,R,0.2810126582278481,66430,395,395
foldbench100,8dqd_A,all,AUC,0.8837134891067548,66430,395,66430
foldbench100,8dqd_A,short,L,0.10079575596816977,2169,46,377
foldbench100,8dqd_A,short,L/2,0.14361702127659576,2169,46,188
foldbench100,8dqd_A,short,L/5,0.25333333333333335,2169,46,75
foldbench100,8dqd_A,short,R,0.30434782608695654,2169,46,46
foldbench100,8dqd_A,short,AUC,0.9157877490835364,2169,46,2169
foldbench100,8dqd_A,medium,L,0.14854111405835543,4230,73,377
foldbench100,8dqd_A,medium,L/2,0.23404255319148937,4230,73,188
foldbench100,8dqd_A,medium,L/5,0.38666666666666666,4230,73,75
foldbench100,8dqd_A,medium,R,0.3972602739726027,4230,73,73
foldbench100,8dqd_A,medium,AUC,0.9471118199702764,4230,73,4230
foldbench100,8dqd_A,long,L,0.20689655172413793,60031,276,377
foldbench100,8dqd_A,long,L/2,0.2872340425531915,60031,276,188
foldbench100,8dqd_A,long,L/5,0.52,60031,276,75
foldbench100,8dqd_A,long,R,0.2536231884057971,60031,276,276
foldbench100,8dqd_A,long,AUC,0.8521834022742625,60031,276,60031
foldbench100,8dx0_A,all,L,0.551948051948052,8926,135,154
foldbench100,8dx0_A,all,L/2,0.7272727272727273,8926,135,77
foldbench100,8dx0_A,all,L/5,0.7666666666666667,8926,135,30
foldbench100,8dx0_A,all,R,0.5925925925925926,8926,135,135
foldbench100,8dx0_A,all,AUC,0.9817768171994083,8926,135,8926
foldbench100,8dx0_A,short,L,0.11688311688311688,733,19,154
foldbench100,8dx0_A,short,L/2,0.23376623376623376,733,19,77
foldbench100,8dx0_A,short,L/5,0.5333333333333333,733,19,30
foldbench100,8dx0_A,short,R,0.6842105263157895,733,19,19
foldbench100,8dx0_A,short,AUC,0.9617057349255491,733,19,733
foldbench100,8dx0_A,medium,L,0.13636363636363635,1338,23,154
foldbench100,8dx0_A,medium,L/2,0.2727272727272727,1338,23,77
foldbench100,8dx0_A,medium,L/5,0.5333333333333333,1338,23,30
foldbench100,8dx0_A,medium,R,0.6086956521739131,1338,23,23
foldbench100,8dx0_A,medium,AUC,0.9621755662092908,1338,23,1338
foldbench100,8dx0_A,long,L,0.43506493506493504,6855,93,154
foldbench100,8dx0_A,long,L/2,0.6103896103896104,6855,93,77
foldbench100,8dx0_A,long,L/5,0.8,6855,93,30
foldbench100,8dx0_A,long,R,0.5591397849462365,6855,93,93
foldbench100,8dx0_A,long,AUC,0.990647451126313,6855,93,6855
foldbench100,8e0r_A,all,L,0.14743589743589744,85102,496,468
foldbench100,8e0r_A,all,L/2,0.20085470085470086,85102,496,234
foldbench100,8e0r_A,all,L/5,0.27956989247311825,85102,496,93
foldbench100,8e0r_A,all,R,0.1431451612903226,85102,496,496
foldbench100,8e0r_A,all,AUC,0.7562058413267418,85102,496,85102
foldbench100,8e0r_A,short,L,0.10256410256410256,2421,70,468
foldbench100,8e0r_A,short,L/2,0.15384615384615385,2421,70,234
foldbench100,8e0r_A,short,L/5,0.23655913978494625,2421,70,93
foldbench100,8e0r_A,short,R,0.3,2421,70,70
foldbench100,8e0r_A,short,AUC,0.8482074497174454,2421,70,2421
foldbench100,8e0r_A,medium,L,0.12179487179487179,4743,103,468
foldbench100,8e0r_A,medium,L/2,0.1452991452991453,4743,103,234
foldbench100,8e0r_A,medium,L/5,0.1935483870967742,4743,103,93
foldbench100,8e0r_A,medium,R,0.1941747572815534,4743,103,103
foldbench100,8e0r_A,medium,AUC,0.8266781051221962,4743,103,4743
foldbench100,8e0r_A,long,L,0.05982905982905983,77938,323,468
foldbench100,8e0r_A,long,L/2,0.05982905982905983,77938,323,234
foldbench100,8e0r_A,long,L/5,0.053763440860215055,77938,323,93
foldbench100,8e0r_A,long,R,0.06501547987616099,77938,323,323
foldbench100,8e0r_A,long,AUC,0.6759795960413479,77938,323,77938
foldbench100,8e5h_A,all,L,0.31989247311827956,65703,344,372
foldbench100,8e5h_A,all,L/2,0.44623655913978494,65703,344,186
foldbench100,8e5h_A,all,L/5,0.6891891891891891,65703,344,74
foldbench100,8e5h_A,all,R,0.3313953488372093,65703,344,344
foldbench100,8e5h_A,all,AUC,0.9064548947370107,65703,344,65703
foldbench100,8e5h_A,short,L,0.0967741935483871,2157,46,372
foldbench100,8e5h_A,short,L/2,0.17204301075268819,2157,46,186
foldbench100,8e5h_A,short,L/5,0.28378378378378377,2157,46,74
foldbench100,8e5h_A,short,R,0.3695652173913043,2157,46,46
foldbench100,8e5h_A,short,AUC,0.9069882396556341,2157,46,2157
foldbench100,8e5h_A,medium,L,0.08870967741935484,4206,54,372
foldbench100,8e5h_A,medium,L/2,0.13440860215053763,4206,54,186
foldbench100,8e5h_A,medium,L/5,0.21621621621621623,4206,54,74
foldbench100,8e5h_A,medium,R,0.25925925925925924,4206,54,54
foldbench100,8e5h_A,medium,AUC,0.8697035788196674,4206,54,4206
foldbench100,8e5h_A,long,L,0.25806451612903225,59340,244,372
foldbench100,8e5h_A,long,L/2,0.3870967741935484,59340,244,186
foldbench100,8e5h_A,long,L/5,0.5675675675675675,59340,244,74
foldbench100,8e5h_A,long,R,0.3360655737704918,59340,244,244
foldbench100,8e5h_A,long,AUC,0.9007151048474612,59340,244,59340
foldbench100,8eb9_A,all,L,0.16842105263157894,3486,71,95
foldbench100,8eb9_A,all,L/2,0.23404255319148937,3486,71,47
foldbench100,8eb9_A,all,L/5,0.21052631578947367,3486,71,19
foldbench100,8eb9_A,all,R,0.18309859154929578,3486,71,71
foldbench100,8eb9_A,all,AUC,0.7936959973604437,3486,71,3486
foldbench100,8eb9_A,short,L,0.11578947368421053,483,12,95
foldbench100,8eb9_A,short,L/2,0.14893617021276595,483,12,47
foldbench100,8eb9_A,short,L/5,0.10526315789473684,483,12,19
foldbench100,8eb9_A,short,R,0.08333333333333333,483,12,12
foldbench100,8eb9_A,short,AUC,0.8739384288747346,483,12,483
foldbench100,8eb9_A,medium,L,0.12631578947368421,858,23,95
foldbench100,8eb9_A,medium,L/2,0.1702127659574468,858,23,47
foldbench100,8eb9_A,medium,L/5,0.2631578947368421,858,23,19
foldbench100,8eb9_A,medium,R,0.2608695652173913,858,23,23
foldbench100,8eb9_A,medium,AUC,0.8667013798489976,858,23,858
foldbench100,8eb9_A,long,L,0.07368421052631578,2145,36,95
foldbench100,8eb9_A,long,L/2,0.0851063829787234,2145,36,47
foldbench100,8eb9_A,long,L/5,0.15789473684210525,2145,36,19
foldbench100,8eb9_A,long,R,0.08333333333333333,2145,36,36
foldbench100,8eb9_A,long,AUC,0.7147673989779253,2145,36,2145
foldbench100,8ec3_A,all,L,0.14285714285714285,11204,126,168
foldbench100,8ec3_A,all,L/2,0.11904761904761904,11204,126,84
foldbench100,8ec3_A,all,L/5,0.030303030303030304,11204,126,33
foldbench100,8ec3_A,all,R,0.12698412698412698,11204,126,126
foldbench100,8ec3_A,all,AUC,0.8814789501285258,11204,126,11204
foldbench100,8ec3_A,short,L,0.005952380952380952,810,4,168
foldbench100,8ec3_A,short,L/2,0.011904761904761904,810,4,84
foldbench100,8ec3_A,short,L/5,0.030303030303030304,810,4,33
foldbench100,8ec3_A,short,R,0.0,810,4,4
foldbench100,8ec3_A,short,AUC,0.7102977667493796,810,4,810
foldbench100,8ec3_A,medium,L,0.011904761904761904,1506,7,168
foldbench100,8ec3_A,medium,L/2,0.011904761904761904,1506,7,84
foldbench100,8ec3_A,medium,L/5,0.030303030303030304,1506,7,33
foldbench100,8ec3_A,medium,R,0.0,1506,7,7
foldbench100,8ec3_A,medium,AUC,0.8663394644048412,1506,7,1506
foldbench100,8ec3_A,long,L,0.18452380952380953,8888,115,168
foldbench100,8ec3_A,long,L/2,0.15476190476190477,8888,115,84
foldbench100,8ec3_A,long,L/5,0.15151515151515152,8888,115,33
foldbench100,8ec3_A,long,R,0.16521739130434782,8888,115,115
foldbench100,8ec3_A,long,AUC,0.8885989126717844,8888,115,8888
foldbench100,8eo5_A,all,L,0.1310344827586207,34980,253,290
foldbench100,8eo5_A,all,L/2,0.18620689655172415,34980,253,145
foldbench100,8eo5_A,all,L/5,0.3448275862068966,34980,253,58
foldbench100,8eo5_A,all,R,0.1422924901185771,34980,253,253
foldbench100,8eo5_A,all,AUC,0.7513969777363378,34980,253,34980
foldbench100,8eo5_A,short,L,0.0896551724137931,1569,36,290
foldbench100,8eo5_A,short,L/2,0.15862068965517243,1569,36,145
foldbench100,8eo5_A,short,L/5,0.3103448275862069,1569,36,58
foldbench100,8eo5_A,short,R,0.4166666666666667,1569,36,36
foldbench100,8eo5_A,short,AUC,0.8810520402986157,1569,36,1569
foldbench100,8eo5_A,medium,L,0.07241379310344828,3030,50,290
foldbench100,8eo5_A,medium,L/2,0.10344827586206896,3030,50,145
foldbench100,8eo5_A,medium,L/5,0.15517241379310345,3030,50,58
foldbench100,8eo5_A,medium,R,0.18,3030,50,50
foldbench100,8eo5_A,medium,AUC,0.7824026845637583,3030,50,3030
foldbench100,8eo5_A,long,L,0.041379310344827586,30381,167,290
foldbench100,8eo5_A,long,L/2,0.04827586206896552,30381,167,145
foldbench100,8eo5_A,long,L/5,0.06896551724137931,30381,167,58
foldbench100,8eo5_A,long,R,0.041916167664670656,30381,167,167
foldbench100,8eo5_A,long,AUC,0.699076626650056,30381,167,30381
denovo_pdb,1mj0_A,all,L,0.6666666666666666,11325,107,156
denovo_pdb,1mj0_A,all,L/2,0.9871794871794872,11325,107,78
denovo_pdb,1mj0_A,all,L/5,1.0,11325,107,31
denovo_pdb,1mj0_A,all,R,0.8878504672897196,11325,107,107
denovo_pdb,1mj0_A,all,AUC,0.9993947477601918,11325,107,11325
denovo_pdb,1mj0_A,short,L,0.08974358974358974,885,14,156
denovo_pdb,1mj0_A,short,L/2,0.1794871794871795,885,14,78
denovo_pdb,1mj0_A,short,L/5,0.45161290322580644,885,14,31
denovo_pdb,1mj0_A,short,R,1.0,885,14,14
denovo_pdb,1mj0_A,short,AUC,1.0,885,14,885
denovo_pdb,1mj0_A,medium,L,0.10897435897435898,1662,17,156
denovo_pdb,1mj0_A,medium,L/2,0.21794871794871795,1662,17,78
denovo_pdb,1mj0_A,medium,L/5,0.5483870967741935,1662,17,31
denovo_pdb,1mj0_A,medium,R,0.9411764705882353,1662,17,17
denovo_pdb,1mj0_A,medium,AUC,0.9996424101555517,1662,17,1662
denovo_pdb,1mj0_A,long,L,0.4807692307692308,8778,76,156
denovo_pdb,1mj0_A,long,L/2,0.8717948717948718,8778,76,78
denovo_pdb,1mj0_A,long,L/5,1.0,8778,76,31
denovo_pdb,1mj0_A,long,R,0.881578947368421,8778,76,76
denovo_pdb,1mj0_A,long,AUC,0.9993498167390436,8778,76,8778
denovo_pdb,1qys_A,all,L,0.532608695652174,3741,76,92
denovo_pdb,1qys_A,all,L/2,0.6739130434782609,3741,76,46
denovo_pdb,1qys_A,all,L/5,0.9444444444444444,3741,76,18
denovo_pdb,1qys_A,all,R,0.5657894736842105,3741,76,76
denovo_pdb,1qys_A,all,AUC,0.9881219932505206,3741,76,3741
denovo_pdb,1qys_A,short,L,0.13043478260869565,501,12,92
denovo_pdb,1qys_A,short,L/2,0.2608695652173913,501,12,46
denovo_pdb,1qys_A,short,L/5,0.6666666666666666,501,12,18
denovo_pdb,1qys_A,short,R,0.9166666666666666,501,12,12
denovo_pdb,1qys_A,short,AUC,0.9994887525562373,501,12,501
denovo_pdb,1qys_A,medium,L,0.1956521739130435,894,18,92
denovo_pdb,1qys_A,medium,L/2,0.391304347826087,894,18,46
denovo_pdb,1qys_A,medium,L/5,0.6666666666666666,894,18,18
denovo_pdb,1qys_A,medium,R,0.6666666666666666,894,18,18
denovo_pdb,1qys_A,medium,AUC,0.9925481988838153,894,18,894
denovo_pdb,1qys_A,long,L,0.391304347826087,2346,46,92
denovo_pdb,1qys_A,long,L/2,0.45652173913043476,2346,46,46
denovo_pdb,1qys_A,long,L/5,0.5555555555555556,2346,46,18
denovo_pdb,1qys_A,long,R,0.45652173913043476,2346,46,46
denovo_pdb,1qys_A,long,AUC,0.9836294896030247,2346,46,2346
denovo_pdb,1uw1_A,all,L,0.373134328358209,1891,56,67
denovo_pdb,1uw1_A,all,L/2,0.5757575757575758,1891,56,33
denovo_pdb,1uw1_A,all,L/5,0.7692307692307693,1891,56,13
denovo_pdb,1uw1_A,all,R,0.42857142857142855,1891,56,56
denovo_pdb,1uw1_A,all,AUC,0.8744307123394317,1891,56,1891
denovo_pdb,1uw1_A,short,L,0.13432835820895522,351,10,67
denovo_pdb,1uw1_A,short,L/2,0.21212121212121213,351,10,33
denovo_pdb,1uw1_A,short,L/5,0.46153846153846156,351,10,13
denovo_pdb,1uw1_A,short,R,0.5,351,10,10
denovo_pdb,1uw1_A,short,AUC,0.9390029325513197,351,10,351
denovo_pdb,1uw1_A,medium,L,0.22388059701492538,594,18,67
denovo_pdb,1uw1_A,medium,L/2,0.36363636363636365,594,18,33
denovo_pdb,1uw1_A,medium,L/5,0.6923076923076923,594,18,13
denovo_pdb,1uw1_A,medium,R,0.5,594,18,18
denovo_pdb,1uw1_A,medium,AUC,0.958767361111111,594,18,594
denovo_pdb,1uw1_A,long,L,0.19402985074626866,946,28,67
denovo_pdb,1uw1_A,long,L/2,0.2727272727272727,946,28,33
denovo_pdb,1uw1_A,long,L/5,0.6153846153846154,946,28,13
denovo_pdb,1uw1_A,long,R,0.32142857142857145,946,28,28
denovo_pdb,1uw1_A,long,AUC,0.8279839713663243,946,28,946
denovo_pdb,2avp_A,all,L,0.7647058823529411,1953,52,68
denovo_pdb,2avp_A,all,L/2,1.0,1953,52,34
denovo_pdb,2avp_A,all,L/5,1.0,1953,52,13
denovo_pdb,2avp_A,all,R,0.9230769230769231,1953,52,52
denovo_pdb,2avp_A,all,AUC,0.9995548901387933,1953,52,1953
denovo_pdb,2avp_A,short,L,0.08823529411764706,357,6,68
denovo_pdb,2avp_A,short,L/2,0.17647058823529413,357,6,34
denovo_pdb,2avp_A,short,L/5,0.46153846153846156,357,6,13
denovo_pdb,2avp_A,short,R,1.0,357,6,6
denovo_pdb,2avp_A,short,AUC,1.0,357,6,357
denovo_pdb,2avp_A,medium,L,0.3235294117647059,606,22,68
denovo_pdb,2avp_A,medium,L/2,0.6470588235294118,606,22,34
denovo_pdb,2avp_A,medium,L/5,1.0,606,22,13
denovo_pdb,2avp_A,medium,R,0.9090909090909091,606,22,22
denovo_pdb,2avp_A,medium,AUC,0.9992605853051058,606,22,606
denovo_pdb,2avp_A,long,L,0.35294117647058826,990,24,68
denovo_pdb,2avp_A,long,L/2,0.7058823529411765,990,24,34
denovo_pdb,2avp_A,long,L/5,1.0,990,24,13
denovo_pdb,2avp_A,long,R,0.9583333333333334,990,24,24
denovo_pdb,2avp_A,long,AUC,0.9999137336093857,990,24,990
denovo_pdb,2fkg_A,all,L,0.39365079365079364,47895,273,315
denovo_pdb,2fkg_A,all,L/2,0.4840764331210191,47895,273,157
denovo_pdb,2fkg_A,all,L/5,0.5714285714285714,47895,273,63
denovo_pdb,2fkg_A,all,R,0.4139194139194139,47895,273,273
denovo_pdb,2fkg_A,all,AUC,0.9672681832187943,47895,273,47895
denovo_pdb,2fkg_A,short,L,0.2761904761904762,1839,96,315
denovo_pdb,2fkg_A,short,L/2,0.4012738853503185,1839,96,157
denovo_pdb,2fkg_A,short,L/5,0.5873015873015873,1839,96,63
denovo_pdb,2fkg_A,short,R,0.5104166666666666,1839,96,96
denovo_pdb,2fkg_A,short,AUC,0.9510900745840505,1839,96,1839
denovo_pdb,2fkg_A,medium,L,0.2634920634920635,3570,128,315
denovo_pdb,2fkg_A,medium,L/2,0.3821656050955414,3570,128,157
denovo_pdb,2fkg_A,medium,L/5,0.4126984126984127,3570,128,63
denovo_pdb,2fkg_A,medium,R,0.3828125,3570,128,128
denovo_pdb,2fkg_A,medium,AUC,0.9264871441022662,3570,128,3570
denovo_pdb,2fkg_A,long,L,0.04126984126984127,42486,49,315
denovo_pdb,2fkg_A,long,L/2,0.07643312101910828,42486,49,157
denovo_pdb,2fkg_A,long,L/5,0.12698412698412698,42486,49,63
denovo_pdb,2fkg_A,long,R,0.14285714285714285,42486,49,49
denovo_pdb,2fkg_A,long,AUC,0.882885698992937,42486,49,42486
denovo_pdb,2fo7_A,all,L,0.8161764705882353,8515,113,136
denovo_pdb,2fo7_A,all,L/2,0.9852941176470589,8515,113,68
denovo_pdb,2fo7_A,all,L/5,1.0,8515,113,27
denovo_pdb,2fo7_A,all,R,0.8938053097345132,8515,113,113
denovo_pdb,2fo7_A,all,AUC,0.9993264351302787,8515,113,8515
denovo_pdb,2fo7_A,short,L,0.09558823529411764,765,13,136
denovo_pdb,2fo7_A,short,L/2,0.19117647058823528,765,13,68
denovo_pdb,2fo7_A,short,L/5,0.48148148148148145,765,13,27
denovo_pdb,2fo7_A,short,R,0.9230769230769231,765,13,13
denovo_pdb,2fo7_A,short,AUC,0.9999488543371522,765,13,765
denovo_pdb,2fo7_A,medium,L,0.3235294117647059,1422,44,136
denovo_pdb,2fo7_A,medium,L/2,0.6176470588235294,1422,44,68
denovo_pdb,2fo7_A,medium,L/5,0.9629629629629629,1422,44,27
denovo_pdb,2fo7_A,medium,R,0.9318181818181818,1422,44,44
denovo_pdb,2fo7_A,medium,AUC,0.9980868188415358,1422,44,1422
denovo_pdb,2fo7_A,long,L,0.4117647058823529,6328,56,136
denovo_pdb,2fo7_A,long,L/2,0.8235294117647058,6328,56,68
denovo_pdb,2fo7_A,long,L/5,1.0,6328,56,27
denovo_pdb,2fo7_A,long,R,0.8571428571428571,6328,56,56
denovo_pdb,2fo7_A,long,AUC,0.9996099444241983,6328,56,6328
denovo_pdb,2hkd_A,all,L,0.38095238095238093,47895,273,315
denovo_pdb,2hkd_A,all,L/2,0.47770700636942676,47895,273,157
denovo_pdb,2hkd_A,all,L/5,0.5238095238095238,47895,273,63
denovo_pdb,2hkd_A,all,R,0.4175824175824176,47895,273,273
denovo_pdb,2hkd_A,all,AUC,0.9636958277817544,47895,273,47895
denovo_pdb,2hkd_A,short,L,0.2761904761904762,1839,93,315
denovo_pdb,2hkd_A,short,L/2,0.43312101910828027,1839,93,157
denovo_pdb,2hkd_A,short,L/5,0.5555555555555556,1839,93,63
denovo_pdb,2hkd_A,short,R,0.4838709677419355,1839,93,93
denovo_pdb,2hkd_A,short,AUC,0.9527830124770597,1839,93,1839
denovo_pdb,2hkd_A,medium,L,0.26666666666666666,3570,132,315
denovo_pdb,2hkd_A,medium,L/2,0.3821656050955414,3570,132,157
denovo_pdb,2hkd_A,medium,L/5,0.4603174603174603,3570,132,63
denovo_pdb,2hkd_A,medium,R,0.4090909090909091,3570,132,132
denovo_pdb,2hkd_A,medium,AUC,0.9147517936784952,3570,132,3570
denovo_pdb,2hkd_A,long,L,0.06349206349206349,42486,48,315
denovo_pdb,2hkd_A,long,L/2,0.08280254777070063,42486,48,157
denovo_pdb,2hkd_A,long,L/5,0.12698412698412698,42486,48,63
denovo_pdb,2hkd_A,long,R,0.125,42486,48,48
denovo_pdb,2hkd_A,long,AUC,0.8857485233360038,42486,48,42486
denovo_pdb,2hyz_A,all,L,0.8602941176470589,8515,121,136
denovo_pdb,2hyz_A,all,L/2,0.9852941176470589,8515,121,68
denovo_pdb,2hyz_A,all,L/5,1.0,8515,121,27
denovo_pdb,2hyz_A,all,R,0.9173553719008265,8515,121,121
denovo_pdb,2hyz_A,all,AUC,0.9995554676008247,8515,121,8515
denovo_pdb,2hyz_A,short,L,0.10294117647058823,765,14,136
denovo_pdb,2hyz_A,short,L/2,0.20588235294117646,765,14,68
denovo_pdb,2hyz_A,short,L/5,0.5185185185185185,765,14,27
denovo_pdb,2hyz_A,short,R,1.0,765,14,14
denovo_pdb,2hyz_A,short,AUC,1.0,765,14,765
denovo_pdb,2hyz_A,medium,L,0.35294117647058826,1422,48,136
denovo_pdb,2hyz_A,medium,L/2,0.6911764705882353,1422,48,68
denovo_pdb,2hyz_A,medium,L/5,1.0,1422,48,27
denovo_pdb,2hyz_A,medium,R,0.8958333333333334,1422,48,48
denovo_pdb,2hyz_A,medium,AUC,0.9988021591460455,1422,48,1422
denovo_pdb,2hyz_A,long,L,0.4338235294117647,6328,59,136
denovo_pdb,2hyz_A,long,L/2,0.8676470588235294,6328,59,68
denovo_pdb,2hyz_A,long,L/5,0.9629629629629629,6328,59,27
denovo_pdb,2hyz_A,long,R,0.8983050847457628,6328,59,59
denovo_pdb,2hyz_A,long,AUC,0.9996377115264512,6328,59,6328
denovo_pdb,2i5v_O,all,L,0.2764227642276423,28920,205,246
denovo_pdb,2i5v_O,all,L/2,0.3170731707317073,28920,205,123
denovo_pdb,2i5v_O,all,L/5,0.42857142857142855,28920,205,49
denovo_pdb,2i5v_O,all,R,0.28292682926829266,28920,205,205
denovo_pdb,2i5v_O,all,AUC,0.9493472859854839,28920,205,28920
denovo_pdb,2i5v_O,short,L,0.24796747967479674,1425,68,246
denovo_pdb,2i5v_O,short,L/2,0.3333333333333333,1425,68,123
denovo_pdb,2i5v_O,short,L/5,0.32653061224489793,1425,68,49
denovo_pdb,2i5v_O,short,R,0.3382352941176471,1425,68,68
denovo_pdb,2i5v_O,short,AUC,0.9353949022497724,1425,68,1425
denovo_pdb,2i5v_O,medium,L,0.21951219512195122,2742,93,246
denovo_pdb,2i5v_O,medium,L/2,0.2764227642276423,2742,93,123
denovo_pdb,2i5v_O,medium,L/5,0.3469387755102041,2742,93,49
denovo_pdb,2i5v_O,medium,R,0.3118279569892473,2742,93,93
denovo_pdb,2i5v_O,medium,AUC,0.9005082055715893,2742,93,2742
denovo_pdb,2i5v_O,long,L,0.06097560975609756,24753,44,246
denovo_pdb,2i5v_O,long,L/2,0.0975609756097561,24753,44,123
denovo_pdb,2i5v_O,long,L/5,0.12244897959183673,24753,44,49
denovo_pdb,2i5v_O,long,R,0.09090909090909091,24753,44,44
denovo_pdb,2i5v_O,long,AUC,0.8858407315700204,24753,44,24753
denovo_pdb,2i5z_O,all,L,0.25203252032520324,28920,200,246
denovo_pdb,2i5z_O,all,L/2,0.34146341463414637,28920,200,123
denovo_pdb,2i5z_O,all,L/5,0.3469387755102041,28920,200,49
denovo_pdb,2i5z_O,all,R,0.265,28920,200,200
denovo_pdb,2i5z_O,all,AUC,0.9340847841225626,28920,200,28920
denovo_pdb,2i5z_O,short,L,0.23983739837398374,1425,66,246
denovo_pdb,2i5z_O,short,L/2,0.3333333333333333,1425,66,123
denovo_pdb,2i5z_O,short,L/5,0.3673469387755102,1425,66,49
denovo_pdb,2i5z_O,short,R,0.3333333333333333,1425,66,66
denovo_pdb,2i5z_O,short,AUC,0.9277487903315718,1425,66,1425
denovo_pdb,2i5z_O,medium,L,0.21951219512195122,2742,95,246
denovo_pdb,2i5z_O,medium,L/2,0.2764227642276423,2742,95,123
denovo_pdb,2i5z_O,medium,L/5,0.42857142857142855,2742,95,49
denovo_pdb,2i5z_O,medium,R,0.2631578947368421,2742,95,95
denovo_pdb,2i5z_O,medium,AUC,0.8735887698089198,2742,95,2742
denovo_pdb,2i5z_O,long,L,0.036585365853658534,24753,39,246
denovo_pdb,2i5z_O,long,L/2,0.04065040650406504,24753,39,123
denovo_pdb,2i5z_O,long,L/5,0.061224489795918366,24753,39,49
denovo_pdb,2i5z_O,long,R,0.07692307692307693,24753,39,39
denovo_pdb,2i5z_O,long,AUC,0.8605793871635096,24753,39,24753
denovo_pdb,2p05_A,all,L,0.3492063492063492,1653,55,63
denovo_pdb,2p05_A,all,L/2,0.45161290322580644,1653,55,31
denovo_pdb,2p05_A,all,L/5,0.6666666666666666,1653,55,12
denovo_pdb,2p05_A,all,R,0.38181818181818183,1653,55,55
denovo_pdb,2p05_A,all,AUC,0.7990499487996359,1653,55,1653
denovo_pdb,2p05_A,short,L,0.14285714285714285,327,10,63
denovo_pdb,2p05_A,short,L/2,0.25806451612903225,327,10,31
denovo_pdb,2p05_A,short,L/5,0.4166666666666667,327,10,12
denovo_pdb,2p05_A,short,R,0.3,327,10,10
denovo_pdb,2p05_A,short,AUC,0.9138801261829653,327,10,327
denovo_pdb,2p05_A,medium,L,0.19047619047619047,546,18,63
denovo_pdb,2p05_A,medium,L/2,0.3548387096774194,546,18,31
denovo_pdb,2p05_A,medium,L/5,0.6666666666666666,546,18,12
denovo_pdb,2p05_A,medium,R,0.4444444444444444,546,18,18
denovo_pdb,2p05_A,medium,AUC,0.8899936868686869,546,18,546
denovo_pdb,2p05_A,long,L,0.14285714285714285,780,27,63
denovo_pdb,2p05_A,long,L/2,0.1935483870967742,780,27,31
denovo_pdb,2p05_A,long,L/5,0.4166666666666667,780,27,12
denovo_pdb,2p05_A,long,R,0.2222222222222222,780,27,27
denovo_pdb,2p05_A,long,AUC,0.7344203433180857,780,27,780
denovo_pdb,2p09_A,all,L,0.2898550724637681,2016,51,69
denovo_pdb,2p09_A,all,L/2,0.47058823529411764,2016,51,34
denovo_pdb,2p09_A,all,L/5,0.6153846153846154,2016,51,13
denovo_pdb,2p09_A,all,R,0.35294117647058826,2016,51,51
denovo_pdb,2p09_A,all,AUC,0.8542034625555055,2016,51,2016
denovo_pdb,2p09_A,short,L,0.11594202898550725,363,8,69
denovo_pdb,2p09_A,short,L/2,0.20588235294117646,363,8,34
denovo_pdb,2p09_A,short,L/5,0.3076923076923077,363,8,13
denovo_pdb,2p09_A,short,R,0.25,363,8,8
denovo_pdb,2p09_A,short,AUC,0.9593309859154929,363,8,363
denovo_pdb,2p09_A,medium,L,0.18840579710144928,618,17,69
denovo_pdb,2p09_A,medium,L/2,0.29411764705882354,618,17,34
denovo_pdb,2p09_A,medium,L/5,0.5384615384615384,618,17,13
denovo_pdb,2p09_A,medium,R,0.5294117647058824,618,17,17
denovo_pdb,2p09_A,medium,AUC,0.939121072721934,618,17,618
denovo_pdb,2p09_A,long,L,0.14492753623188406,1035,26,69
denovo_pdb,2p09_A,long,L/2,0.2647058823529412,1035,26,34
denovo_pdb,2p09_A,long,L/5,0.38461538461538464,1035,26,13
denovo_pdb,2p09_A,long,R,0.3076923076923077,1035,26,26
denovo_pdb,2p09_A,long,AUC,0.7900625142944272,1035,26,1035
denovo_pdb,2qyj_A,all,L,0.7467532467532467,11026,119,154
denovo_pdb,2qyj_A,all,L/2,0.961038961038961,11026,119,77
denovo_pdb,2qyj_A,all,L/5,1.0,11026,119,30
denovo_pdb,2qyj_A,all,R,0.8991596638655462,11026,119,119
denovo_pdb,2qyj_A,all,AUC,0.9994402638657003,11026,119,11026
denovo_pdb,2qyj_A,short,L,0.1038961038961039,873,16,154
denovo_pdb,2qyj_A,short,L/2,0.2077922077922078,873,16,77
denovo_pdb,2qyj_A,short,L/5,0.5333333333333333,873,16,30
denovo_pdb,2qyj_A,short,R,0.9375,873,16,16
denovo_pdb,2qyj_A,short,AUC,0.9999270711785297,873,16,873
denovo_pdb,2qyj_A,medium,L,0.12987012987012986,1638,20,154
denovo_pdb,2qyj_A,medium,L/2,0.2597402597402597,1638,20,77
denovo_pdb,2qyj_A,medium,L/5,0.6666666666666666,1638,20,30
denovo_pdb,2qyj_A,medium,R,0.9,1638,20,20
denovo_pdb,2qyj_A,medium,AUC,0.9997373300370829,1638,20,1638
denovo_pdb,2qyj_A,long,L,0.5324675324675324,8515,83,154
denovo_pdb,2qyj_A,long,L/2,0.9090909090909091,8515,83,77
denovo_pdb,2qyj_A,long,L/5,0.9666666666666667,8515,83,30
denovo_pdb,2qyj_A,long,R,0.8795180722891566,8515,83,83
denovo_pdb,2qyj_A,long,AUC,0.9993648693445509,8515,83,8515
denovo_pdb,2wqh_A,all,L,0.8173076923076923,4851,87,104
denovo_pdb,2wqh_A,all,L/2,1.0,4851,87,52
denovo_pdb,2wqh_A,all,L/5,1.0,4851,87,20
denovo_pdb,2wqh_A,all,R,0.9425287356321839,4851,87,87
denovo_pdb,2wqh_A,all,AUC,0.9994571354121428,4851,87,4851
denovo_pdb,2wqh_A,short,L,0.10576923076923077,573,11,104
denovo_pdb,2wqh_A,short,L/2,0.21153846153846154,573,11,52
denovo_pdb,2wqh_A,short,L/5,0.55,573,11,20
denovo_pdb,2wqh_A,short,R,0.8181818181818182,573,11,11
denovo_pdb,2wqh_A,short,AUC,0.9991912002588159,573,11,573
denovo_pdb,2wqh_A,medium,L,0.3173076923076923,1038,33,104
denovo_pdb,2wqh_A,medium,L/2,0.6153846153846154,1038,33,52
denovo_pdb,2wqh_A,medium,L/5,1.0,1038,33,20
denovo_pdb,2wqh_A,medium,R,0.9393939393939394,1038,33,33
denovo_pdb,2wqh_A,medium,AUC,0.9986280717624001,1038,33,1038
denovo_pdb,2wqh_A,long,L,0.41346153846153844,3240,43,104
denovo_pdb,2wqh_A,long,L/2,0.8269230769230769,3240,43,52
denovo_pdb,2wqh_A,long,L/5,1.0,3240,43,20
denovo_pdb,2wqh_A,long,R,0.9534883720930233,3240,43,43
denovo_pdb,2wqh_A,long,AUC,0.9998254177244655,3240,43,3240
denovo_pdb,2xen_A,all,L,0.6263736263736264,3655,60,91
denovo_pdb,2xen_A,all,L/2,0.9555555555555556,3655,60,45
denovo_pdb,2xen_A,all,L/5,1.0,3655,60,18
denovo_pdb,2xen_A,all,R,0.8666666666666667,3655,60,60
denovo_pdb,2xen_A,all,AUC,0.9988154844691702,3655,60,3655
denovo_pdb,2xen_A,short,L,0.08791208791208792,495,8,91
denovo_pdb,2xen_A,short,L/2,0.17777777777777778,495,8,45
denovo_pdb,2xen_A,short,L/5,0.4444444444444444,495,8,18
denovo_pdb,2xen_A,short,R,0.875,495,8,8
denovo_pdb,2xen_A,short,AUC,0.9997433264887063,495,8,495
denovo_pdb,2xen_A,medium,L,0.14285714285714285,882,13,91
denovo_pdb,2xen_A,medium,L/2,0.28888888888888886,882,13,45
denovo_pdb,2xen_A,medium,L/5,0.7222222222222222,882,13,18
denovo_pdb,2xen_A,medium,R,1.0,882,13,13
denovo_pdb,2xen_A,medium,AUC,1.0,882,13,882
denovo_pdb,2xen_A,long,L,0.42857142857142855,2278,39,91
denovo_pdb,2xen_A,long,L/2,0.7555555555555555,2278,39,45
denovo_pdb,2xen_A,long,L/5,1.0,2278,39,18
denovo_pdb,2xen_A,long,R,0.8461538461538461,2278,39,39
denovo_pdb,2xen_A,long,AUC,0.9982363921622519,2278,39,2278
denovo_pdb,2zgd_A,all,L,0.5979381443298969,4100,74,97
denovo_pdb,2zgd_A,all,L/2,0.9166666666666666,4100,74,48
denovo_pdb,2zgd_A,all,L/5,1.0,4100,74,19
denovo_pdb,2zgd_A,all,R,0.7432432432432432,4100,74,74
denovo_pdb,2zgd_A,all,AUC,0.898319705696755,4100,74,4100
denovo_pdb,2zgd_A,short,L,0.10309278350515463,519,10,97
denovo_pdb,2zgd_A,short,L/2,0.20833333333333334,519,10,48
denovo_pdb,2zgd_A,short,L/5,0.5263157894736842,519,10,19
denovo_pdb,2zgd_A,short,R,0.9,519,10,10
denovo_pdb,2zgd_A,short,AUC,0.9982318271119842,519,10,519
denovo_pdb,2zgd_A,medium,L,0.15463917525773196,930,16,97
denovo_pdb,2zgd_A,medium,L/2,0.3125,930,16,48
denovo_pdb,2zgd_A,medium,L/5,0.7368421052631579,930,16,19
denovo_pdb,2zgd_A,medium,R,0.875,930,16,16
denovo_pdb,2zgd_A,medium,AUC,0.966664387308534,930,16,930
denovo_pdb,2zgd_A,long,L,0.36082474226804123,2651,48,97
denovo_pdb,2zgd_A,long,L/2,0.6666666666666666,2651,48,48
denovo_pdb,2zgd_A,long,L/5,1.0,2651,48,19
denovo_pdb,2zgd_A,long,R,0.6666666666666666,2651,48,48
denovo_pdb,2zgd_A,long,AUC,0.8550070431553335,2651,48,2651
denovo_pdb,2zgg_A,all,L,0.6931818181818182,3403,63,88
denovo_pdb,2zgg_A,all,L/2,0.9545454545454546,3403,63,44
denovo_pdb,2zgg_A,all,L/5,1.0,3403,63,17
denovo_pdb,2zgg_A,all,R,0.8253968253968254,3403,63,63
denovo_pdb,2zgg_A,all,AUC,0.9985885372112917,3403,63,3403
denovo_pdb,2zgg_A,short,L,0.13636363636363635,477,12,88
denovo_pdb,2zgg_A,short,L/2,0.2727272727272727,477,12,44
denovo_pdb,2zgg_A,short,L/5,0.7058823529411765,477,12,17
denovo_pdb,2zgg_A,short,R,0.8333333333333334,477,12,12
denovo_pdb,2zgg_A,short,AUC,0.9977598566308243,477,12,477
denovo_pdb,2zgg_A,medium,L,0.18181818181818182,846,16,88
denovo_pdb,2zgg_A,medium,L/2,0.36363636363636365,846,16,44
denovo_pdb,2zgg_A,medium,L/5,0.8235294117647058,846,16,17
denovo_pdb,2zgg_A,medium,R,0.875,846,16,16
denovo_pdb,2zgg_A,medium,AUC,0.9991340361445784,846,16,846
denovo_pdb,2zgg_A,long,L,0.3977272727272727,2080,35,88
denovo_pdb,2zgg_A,long,L/2,0.7045454545454546,2080,35,44
denovo_pdb,2zgg_A,long,L/5,1.0,2080,35,17
denovo_pdb,2zgg_A,long,R,0.8571428571428571,2080,35,35
denovo_pdb,2zgg_A,long,AUC,0.9987635347537549,2080,35,2080
denovo_pdb,3dgl_A,all,L,0.2753623188405797,2016,53,69
denovo_pdb,3dgl_A,all,L/2,0.4411764705882353,2016,53,34
denovo_pdb,3dgl_A,all,L/5,0.6153846153846154,2016,53,13
denovo_pdb,3dgl_A,all,R,0.3018867924528302,2016,53,53
denovo_pdb,3dgl_A,all,AUC,0.8527907803804343,2016,53,2016
denovo_pdb,3dgl_A,short,L,0.11594202898550725,363,8,69
denovo_pdb,3dgl_A,short,L/2,0.23529411764705882,363,8,34
denovo_pdb,3dgl_A,short,L/5,0.38461538461538464,363,8,13
denovo_pdb,3dgl_A,short,R,0.5,363,8,8
denovo_pdb,3dgl_A,short,AUC,0.9727112676056339,363,8,363
denovo_pdb,3dgl_A,medium,L,0.14492753623188406,618,16,69
denovo_pdb,3dgl_A,medium,L/2,0.2647058823529412,618,16,34
denovo_pdb,3dgl_A,medium,L/5,0.46153846153846156,618,16,13
denovo_pdb,3dgl_A,medium,R,0.375,618,16,16
denovo_pdb,3dgl_A,medium,AUC,0.9178779069767441,618,16,618
denovo_pdb,3dgl_A,long,L,0.18840579710144928,1035,29,69
denovo_pdb,3dgl_A,long,L/2,0.2647058823529412,1035,29,34
denovo_pdb,3dgl_A,long,L/5,0.38461538461538464,1035,29,13
denovo_pdb,3dgl_A,long,R,0.27586206896551724,1035,29,29
denovo_pdb,3dgl_A,long,AUC,0.7995475423322136,1035,29,1035
denovo_pdb,3dgm_A,all,L,0.3188405797101449,2016,53,69
denovo_pdb,3dgm_A,all,L/2,0.5,2016,53,34
denovo_pdb,3dgm_A,all,L/5,0.8461538461538461,2016,53,13
denovo_pdb,3dgm_A,all,R,0.37735849056603776,2016,53,53
denovo_pdb,3dgm_A,all,AUC,0.8639692807504878,2016,53,2016
denovo_pdb,3dgm_A,short,L,0.13043478260869565,363,9,69
denovo_pdb,3dgm_A,short,L/2,0.20588235294117646,363,9,34
denovo_pdb,3dgm_A,short,L/5,0.46153846153846156,363,9,13
denovo_pdb,3dgm_A,short,R,0.6666666666666666,363,9,9
denovo_pdb,3dgm_A,short,AUC,0.9695543000627747,363,9,363
denovo_pdb,3dgm_A,medium,L,0.2028985507246377,618,18,69
denovo_pdb,3dgm_A,medium,L/2,0.35294117647058826,618,18,34
denovo_pdb,3dgm_A,medium,L/5,0.6153846153846154,618,18,13
denovo_pdb,3dgm_A,medium,R,0.4444444444444444,618,18,18
denovo_pdb,3dgm_A,medium,AUC,0.9605555555555555,618,18,618
denovo_pdb,3dgm_A,long,L,0.11594202898550725,1035,26,69
denovo_pdb,3dgm_A,long,L/2,0.14705882352941177,1035,26,34
denovo_pdb,3dgm_A,long,L/5,0.3076923076923077,1035,26,13
denovo_pdb,3dgm_A,long,R,0.19230769230769232,1035,26,26
denovo_pdb,3dgm_A,long,AUC,0.7845734542959518,1035,26,1035
denovo_pdb,3dgn_A,all,L,0.2898550724637681,2016,49,69
denovo_pdb,3dgn_A,all,L/2,0.4411764705882353,2016,49,34
denovo_pdb,3dgn_A,all,L/5,0.7692307692307693,2016,49,13
denovo_pdb,3dgn_A,all,R,0.3673469387755102,2016,49,49
denovo_pdb,3dgn_A,all,AUC,0.8632590809582603,2016,49,2016
denovo_pdb,3dgn_A,short,L,0.11594202898550725,363,8,69
denovo_pdb,3dgn_A,short,L/2,0.23529411764705882,363,8,34
denovo_pdb,3dgn_A,short,L/5,0.46153846153846156,363,8,13
denovo_pdb,3dgn_A,short,R,0.625,363,8,8
denovo_pdb,3dgn_A,short,AUC,0.9836267605633803,363,8,363
denovo_pdb,3dgn_A,medium,L,0.15942028985507245,618,16,69
denovo_pdb,3dgn_A,medium,L/2,0.29411764705882354,618,16,34
denovo_pdb,3dgn_A,medium,L/5,0.5384615384615384,618,16,13
denovo_pdb,3dgn_A,medium,R,0.4375,618,16,16
denovo_pdb,3dgn_A,medium,AUC,0.9028239202657807,618,16,618
denovo_pdb,3dgn_A,long,L,0.13043478260869565,1035,25,69
denovo_pdb,3dgn_A,long,L/2,0.17647058823529413,1035,25,34
denovo_pdb,3dgn_A,long,L/5,0.3076923076923077,1035,25,13
denovo_pdb,3dgn_A,long,R,0.24,1035,25,25
denovo_pdb,3dgn_A,long,AUC,0.8177821782178218,1035,25,1035
denovo_pdb,3dgo_A,all,L,0.3188405797101449,2016,52,69
denovo_pdb,3dgo_A,all,L/2,0.4411764705882353,2016,52,34
denovo_pdb,3dgo_A,all,L/5,0.6923076923076923,2016,52,13
denovo_pdb,3dgo_A,all,R,0.38461538461538464,2016,52,52
denovo_pdb,3dgo_A,all,AUC,0.8648901378662072,2016,52,2016
denovo_pdb,3dgo_A,short,L,0.11594202898550725,363,8,69
denovo_pdb,3dgo_A,short,L/2,0.20588235294117646,363,8,34
denovo_pdb,3dgo_A,short,L/5,0.38461538461538464,363,8,13
denovo_pdb,3dgo_A,short,R,0.625,363,8,8
denovo_pdb,3dgo_A,short,AUC,0.9776408450704225,363,8,363
denovo_pdb,3dgo_A,medium,L,0.17391304347826086,618,17,69
denovo_pdb,3dgo_A,medium,L/2,0.3235294117647059,618,17,34
denovo_pdb,3dgo_A,medium,L/5,0.5384615384615384,618,17,13
denovo_pdb,3dgo_A,medium,R,0.5294117647058824,618,17,17
denovo_pdb,3dgo_A,medium,AUC,0.94641284134286,618,17,618
denovo_pdb,3dgo_A,long,L,0.14492753623188406,1035,27,69
denovo_pdb,3dgo_A,long,L/2,0.20588235294117646,1035,27,34
denovo_pdb,3dgo_A,long,L/5,0.3076923076923077,1035,27,13
denovo_pdb,3dgo_A,long,R,0.25925925925925924,1035,27,27
denovo_pdb,3dgo_A,long,AUC,0.8097993827160495,1035,27,1035
denovo_pdb,3lt8_A,all,L,0.3188405797101449,2016,56,69
denovo_pdb,3lt8_A,all,L/2,0.35294117647058826,2016,56,34
denovo_pdb,3lt8_A,all,L/5,0.5384615384615384,2016,56,13
denovo_pdb,3lt8_A,all,R,0.375,2016,56,56
denovo_pdb,3lt8_A,all,AUC,0.8750683309037901,2016,56,2016
denovo_pdb,3lt8_A,short,L,0.13043478260869565,363,9,69
denovo_pdb,3lt8_A,short,L/2,0.23529411764705882,363,9,34
denovo_pdb,3lt8_A,short,L/5,0.3076923076923077,363,9,13
denovo_pdb,3lt8_A,short,R,0.4444444444444444,363,9,9
denovo_pdb,3lt8_A,short,AUC,0.9700251098556183,363,9,363
denovo_pdb,3lt8_A,medium,L,0.15942028985507245,618,17,69
denovo_pdb,3lt8_A,medium,L/2,0.23529411764705882,618,17,34
denovo_pdb,3lt8_A,medium,L/5,0.38461538461538464,618,17,13
denovo_pdb,3lt8_A,medium,R,0.4117647058823529,618,17,17
denovo_pdb,3lt8_A,medium,AUC,0.9113242634824312,618,17,618
denovo_pdb,3lt8_A,long,L,0.21739130434782608,1035,30,69
denovo_pdb,3lt8_A,long,L/2,0.2647058823529412,1035,30,34
denovo_pdb,3lt8_A,long,L/5,0.5384615384615384,1035,30,13
denovo_pdb,3lt8_A,long,R,0.3,1035,30,30
denovo_pdb,3lt8_A,long,AUC,0.84212271973466,1035,30,1035
denovo_pdb,3lt9_A,all,L,0.36231884057971014,2016,56,69
denovo_pdb,3lt9_A,all,L/2,0.47058823529411764,2016,56,34
denovo_pdb,3lt9_A,all,L/5,0.6923076923076923,2016,56,13
denovo_pdb,3lt9_A,all,R,0.4107142857142857,2016,56,56
denovo_pdb,3lt9_A,all,AUC,0.863351858600583,2016,56,2016
denovo_pdb,3lt9_A,short,L,0.13043478260869565,363,9,69
denovo_pdb,3lt9_A,short,L/2,0.23529411764705882,363,9,34
denovo_pdb,3lt9_A,short,L/5,0.38461538461538464,363,9,13
denovo_pdb,3lt9_A,short,R,0.4444444444444444,363,9,9
denovo_pdb,3lt9_A,short,AUC,0.975517890772128,363,9,363
denovo_pdb,3lt9_A,medium,L,0.15942028985507245,618,17,69
denovo_pdb,3lt9_A,medium,L/2,0.29411764705882354,618,17,34
denovo_pdb,3lt9_A,medium,L/5,0.5384615384615384,618,17,13
denovo_pdb,3lt9_A,medium,R,0.47058823529411764,618,17,17
denovo_pdb,3lt9_A,medium,AUC,0.9262014289908975,618,17,618
denovo_pdb,3lt9_A,long,L,0.2318840579710145,1035,30,69
denovo_pdb,3lt9_A,long,L/2,0.2647058823529412,1035,30,34
denovo_pdb,3lt9_A,long,L/5,0.46153846153846156,1035,30,13
denovo_pdb,3lt9_A,long,R,0.3,1035,30,30
denovo_pdb,3lt9_A,long,AUC,0.8188723051409619,1035,30,1035
denovo_pdb,3lta_A,all,L,0.2753623188405797,2016,53,69
denovo_pdb,3lta_A,all,L/2,0.3235294117647059,2016,53,34
denovo_pdb,3lta_A,all,L/5,0.5384615384615384,2016,53,13
denovo_pdb,3lta_A,all,R,0.2641509433962264,2016,53,53
denovo_pdb,3lta_A,all,AUC,0.8388969521044992,2016,53,2016
denovo_pdb,3lta_A,short,L,0.10144927536231885,363,8,69
denovo_pdb,3lta_A,short,L/2,0.20588235294117646,363,8,34
denovo_pdb,3lta_A,short,L/5,0.23076923076923078,363,8,13
denovo_pdb,3lta_A,short,R,0.375,363,8,8
denovo_pdb,3lta_A,short,AUC,0.9473591549295775,363,8,363
denovo_pdb,3lta_A,medium,L,0.17391304347826086,618,16,69
denovo_pdb,3lta_A,medium,L/2,0.2647058823529412,618,16,34
denovo_pdb,3lta_A,medium,L/5,0.46153846153846156,618,16,13
denovo_pdb,3lta_A,medium,R,0.375,618,16,16
denovo_pdb,3lta_A,medium,AUC,0.9357869601328903,618,16,618
denovo_pdb,3lta_A,long,L,0.17391304347826086,1035,29,69
denovo_pdb,3lta_A,long,L/2,0.2647058823529412,1035,29,34
denovo_pdb,3lta_A,long,L/5,0.23076923076923078,1035,29,13
denovo_pdb,3lta_A,long,R,0.27586206896551724,1035,29,29
denovo_pdb,3lta_A,long,AUC,0.7808836635360252,1035,29,1035
denovo_pdb,3ltb_A,all,L,0.2898550724637681,2016,50,69
denovo_pdb,3ltb_A,all,L/2,0.4117647058823529,2016,50,34
denovo_pdb,3ltb_A,all,L/5,0.6153846153846154,2016,50,13
denovo_pdb,3ltb_A,all,R,0.32,2016,50,50
denovo_pdb,3ltb_A,all,AUC,0.8556917599186165,2016,50,2016
denovo_pdb,3ltb_A,short,L,0.11594202898550725,363,8,69
denovo_pdb,3ltb_A,short,L/2,0.20588235294117646,363,8,34
denovo_pdb,3ltb_A,short,L/5,0.38461538461538464,363,8,13
denovo_pdb,3ltb_A,short,R,0.625,363,8,8
denovo_pdb,3ltb_A,short,AUC,0.9686619718309859,363,8,363
denovo_pdb,3ltb_A,medium,L,0.18840579710144928,618,16,69
denovo_pdb,3ltb_A,medium,L/2,0.29411764705882354,618,16,34
denovo_pdb,3ltb_A,medium,L/5,0.5384615384615384,618,16,13
denovo_pdb,3ltb_A,medium,R,0.4375,618,16,16
denovo_pdb,3ltb_A,medium,AUC,0.9359946013289038,618,16,618
denovo_pdb,3ltb_A,long,L,0.11594202898550725,1035,26,69
denovo_pdb,3ltb_A,long,L/2,0.20588235294117646,1035,26,34
denovo_pdb,3ltb_A,long,L/5,0.3076923076923077,1035,26,13
denovo_pdb,3ltb_A,long,R,0.23076923076923078,1035,26,26
denovo_pdb,3ltb_A,long,AUC,0.7999733170694519,1035,26,1035
denovo_pdb,3ltc_A,all,L,0.2898550724637681,2016,53,69
denovo_pdb,3ltc_A,all,L/2,0.4117647058823529,2016,53,34
denovo_pdb,3ltc_A,all,L/5,0.6153846153846154,2016,53,13
denovo_pdb,3ltc_A,all,R,0.32075471698113206,2016,53,53
denovo_pdb,3ltc_A,all,AUC,0.8554532434952278,2016,53,2016
denovo_pdb,3ltc_A,short,L,0.11594202898550725,363,8,69
denovo_pdb,3ltc_A,short,L/2,0.20588235294117646,363,8,34
denovo_pdb,3ltc_A,short,L/5,0.38461538461538464,363,8,13
denovo_pdb,3ltc_A,short,R,0.5,363,8,8
denovo_pdb,3ltc_A,short,AUC,0.9672535211267606,363,8,363
denovo_pdb,3ltc_A,medium,L,0.15942028985507245,618,15,69
denovo_pdb,3ltc_A,medium,L/2,0.2647058823529412,618,15,34
denovo_pdb,3ltc_A,medium,L/5,0.46153846153846156,618,15,13
denovo_pdb,3ltc_A,medium,R,0.4,618,15,15
denovo_pdb,3ltc_A,medium,AUC,0.9364842454394693,618,15,618
denovo_pdb,3ltc_A,long,L,0.18840579710144928,1035,30,69
denovo_pdb,3ltc_A,long,L/2,0.35294117647058826,1035,30,34
denovo_pdb,3ltc_A,long,L/5,0.5384615384615384,1035,30,13
denovo_pdb,3ltc_A,long,R,0.4,1035,30,30
denovo_pdb,3ltc_A,long,AUC,0.8112437810945274,1035,30,1035
denovo_pdb,3ltd_A,all,L,0.2753623188405797,2016,49,69
denovo_pdb,3ltd_A,all,L/2,0.38235294117647056,2016,49,34
denovo_pdb,3ltd_A,all,L/5,0.5384615384615384,2016,49,13
denovo_pdb,3ltd_A,all,R,0.32653061224489793,2016,49,49
denovo_pdb,3ltd_A,all,AUC,0.8635495886203999,2016,49,2016
denovo_pdb,3ltd_A,short,L,0.10144927536231885,363,8,69
denovo_pdb,3ltd_A,short,L/2,0.20588235294117646,363,8,34
denovo_pdb,3ltd_A,short,L/5,0.3076923076923077,363,8,13
denovo_pdb,3ltd_A,short,R,0.5,363,8,8
denovo_pdb,3ltd_A,short,AUC,0.9580985915492958,363,8,363
denovo_pdb,3ltd_A,medium,L,0.15942028985507245,618,15,69
denovo_pdb,3ltd_A,medium,L/2,0.2647058823529412,618,15,34
denovo_pdb,3ltd_A,medium,L/5,0.46153846153846156,618,15,13
denovo_pdb,3ltd_A,medium,R,0.4666666666666667,618,15,15
denovo_pdb,3ltd_A,medium,AUC,0.9127142067440575,618,15,618
denovo_pdb,3ltd_A,long,L,0.13043478260869565,1035,26,69
denovo_pdb,3ltd_A,long,L/2,0.20588235294117646,1035,26,34
denovo_pdb,3ltd_A,long,L/5,0.3076923076923077,1035,26,13
denovo_pdb,3ltd_A,long,R,0.19230769230769232,1035,26,26
denovo_pdb,3ltd_A,long,AUC,0.833670046504536,1035,26,1035
denovo_pdb,3o49_A,all,L,0.34146341463414637,6903,134,123
denovo_pdb,3o49_A,all,L/2,0.4918032786885246,6903,134,61
denovo_pdb,3o49_A,all,L/5,0.625,6903,134,24
denovo_pdb,3o49_A,all,R,0.3358208955223881,6903,134,134
denovo_pdb,3o49_A,all,AUC,0.9304704502307491,6903,134,6903
denovo_pdb,3o49_A,short,L,0.21951219512195122,687,28,123
denovo_pdb,3o49_A,short,L/2,0.36065573770491804,687,28,61
denovo_pdb,3o49_A,short,L/5,0.625,687,28,24
denovo_pdb,3o49_A,short,R,0.5714285714285714,687,28,28
denovo_pdb,3o49_A,short,AUC,0.9684858009971818,687,28,687
denovo_pdb,3o49_A,medium,L,0.2682926829268293,1266,48,123
denovo_pdb,3o49_A,medium,L/2,0.3114754098360656,1266,48,61
denovo_pdb,3o49_A,medium,L/5,0.4583333333333333,1266,48,24
denovo_pdb,3o49_A,medium,R,0.2916666666666667,1266,48,48
denovo_pdb,3o49_A,medium,AUC,0.9438201286261632,1266,48,1266
denovo_pdb,3o49_A,long,L,0.2682926829268293,4950,58,123
denovo_pdb,3o49_A,long,L/2,0.3770491803278688,4950,58,61
denovo_pdb,3o49_A,long,L/5,0.4166666666666667,4950,58,24
denovo_pdb,3o49_A,long,R,0.39655172413793105,4950,58,58
denovo_pdb,3o49_A,long,AUC,0.8979896805481153,4950,58,4950
denovo_pdb,3o4b_A,all,L,0.36585365853658536,6903,145,123
denovo_pdb,3o4b_A,all,L/2,0.5081967213114754,6903,145,61
denovo_pdb,3o4b_A,all,L/5,0.625,6903,145,24
denovo_pdb,3o4b_A,all,R,0.3448275862068966,6903,145,145
denovo_pdb,3o4b_A,all,AUC,0.9131583512771579,6903,145,6903
denovo_pdb,3o4b_A,short,L,0.24390243902439024,687,31,123
denovo_pdb,3o4b_A,short,L/2,0.4262295081967213,687,31,61
denovo_pdb,3o4b_A,short,L/5,0.625,687,31,24
denovo_pdb,3o4b_A,short,R,0.6129032258064516,687,31,31
denovo_pdb,3o4b_A,short,AUC,0.9706923682140047,687,31,687
denovo_pdb,3o4b_A,medium,L,0.2764227642276423,1266,47,123
denovo_pdb,3o4b_A,medium,L/2,0.3114754098360656,1266,47,61
denovo_pdb,3o4b_A,medium,L/5,0.375,1266,47,24
denovo_pdb,3o4b_A,medium,R,0.2765957446808511,1266,47,47
denovo_pdb,3o4b_A,medium,AUC,0.9433525910669716,1266,47,1266
denovo_pdb,3o4b_A,long,L,0.21138211382113822,4950,67,123
denovo_pdb,3o4b_A,long,L/2,0.3114754098360656,4950,67,61
denovo_pdb,3o4b_A,long,L/5,0.3333333333333333,4950,67,24
denovo_pdb,3o4b_A,long,R,0.29850746268656714,4950,67,67
denovo_pdb,3o4b_A,long,AUC,0.8699050314676872,4950,67,4950
denovo_pdb,3o4c_A,all,L,0.3709677419354839,7021,142,124
denovo_pdb,3o4c_A,all,L/2,0.43548387096774194,7021,142,62
denovo_pdb,3o4c_A,all,L/5,0.5833333333333334,7021,142,24
denovo_pdb,3o4c_A,all,R,0.34507042253521125,7021,142,142
denovo_pdb,3o4c_A,all,AUC,0.9094457718838106,7021,142,7021
denovo_pdb,3o4c_A,short,L,0.24193548387096775,693,31,124
denovo_pdb,3o4c_A,short,L/2,0.41935483870967744,693,31,62
denovo_pdb,3o4c_A,short,L/5,0.5833333333333334,693,31,24
denovo_pdb,3o4c_A,short,R,0.5161290322580645,693,31,31
denovo_pdb,3o4c_A,short,AUC,0.9561446252801871,693,31,693
denovo_pdb,3o4c_A,medium,L,0.27419354838709675,1278,47,124
denovo_pdb,3o4c_A,medium,L/2,0.2903225806451613,1278,47,62
denovo_pdb,3o4c_A,medium,L/5,0.4166666666666667,1278,47,24
denovo_pdb,3o4c_A,medium,R,0.2765957446808511,1278,47,47
denovo_pdb,3o4c_A,medium,AUC,0.9438702317783502,1278,47,1278
denovo_pdb,3o4c_A,long,L,0.22580645161290322,5050,64,124
denovo_pdb,3o4c_A,long,L/2,0.3709677419354839,5050,64,62
denovo_pdb,3o4c_A,long,L/5,0.3333333333333333,5050,64,24
denovo_pdb,3o4c_A,long,R,0.359375,5050,64,64
denovo_pdb,3o4c_A,long,AUC,0.8603308012434818,5050,64,5050
denovo_pdb,3o4d_A,all,L,0.42276422764227645,6903,148,123
denovo_pdb,3o4d_A,all,L/2,0.5573770491803278,6903,148,61
denovo_pdb,3o4d_A,all,L/5,0.7083333333333334,6903,148,24
denovo_pdb,3o4d_A,all,R,0.3918918918918919,6903,148,148
denovo_pdb,3o4d_A,all,AUC,0.9147438333966831,6903,148,6903
denovo_pdb,3o4d_A,short,L,0.24390243902439024,687,31,123
denovo_pdb,3o4d_A,short,L/2,0.47540983606557374,687,31,61
denovo_pdb,3o4d_A,short,L/5,0.625,687,31,24
denovo_pdb,3o4d_A,short,R,0.6129032258064516,687,31,31
denovo_pdb,3o4d_A,short,AUC,0.9789535798583793,687,31,687
denovo_pdb,3o4d_A,medium,L,0.34959349593495936,1266,48,123
denovo_pdb,3o4d_A,medium,L/2,0.3770491803278688,1266,48,61
denovo_pdb,3o4d_A,medium,L/5,0.5,1266,48,24
denovo_pdb,3o4d_A,medium,R,0.3541666666666667,1266,48,48
denovo_pdb,3o4d_A,medium,AUC,0.9631140530925014,1266,48,1266
denovo_pdb,3o4d_A,long,L,0.2926829268292683,4950,69,123
denovo_pdb,3o4d_A,long,L/2,0.32786885245901637,4950,69,61
denovo_pdb,3o4d_A,long,L/5,0.375,4950,69,24
denovo_pdb,3o4d_A,long,R,0.3333333333333333,4950,69,69
denovo_pdb,3o4d_A,long,AUC,0.8672135966435958,4950,69,4950
denovo_pdb,3p6i_A,all,L,0.3543307086614173,7381,153,127
denovo_pdb,3p6i_A,all,L/2,0.49206349206349204,7381,153,63
denovo_pdb,3p6i_A,all,L/5,0.6,7381,153,25
denovo_pdb,3p6i_A,all,R,0.3333333333333333,7381,153,153
denovo_pdb,3p6i_A,all,AUC,0.8699226139450431,7381,153,7381
denovo_pdb,3p6i_A,short,L,0.23622047244094488,711,32,127
denovo_pdb,3p6i_A,short,L/2,0.38095238095238093,711,32,63
denovo_pdb,3p6i_A,short,L/5,0.6,711,32,25
denovo_pdb,3p6i_A,short,R,0.5625,711,32,32
denovo_pdb,3p6i_A,short,AUC,0.947556148748159,711,32,711
denovo_pdb,3p6i_A,medium,L,0.2755905511811024,1314,44,127
denovo_pdb,3p6i_A,medium,L/2,0.30158730158730157,1314,44,63
denovo_pdb,3p6i_A,medium,L/5,0.36,1314,44,25
denovo_pdb,3p6i_A,medium,R,0.3409090909090909,1314,44,44
denovo_pdb,3p6i_A,medium,AUC,0.9532211882605583,1314,44,1314
denovo_pdb,3p6i_A,long,L,0.2125984251968504,5356,77,127
denovo_pdb,3p6i_A,long,L/2,0.30158730158730157,5356,77,63
denovo_pdb,3p6i_A,long,L/5,0.32,5356,77,25
denovo_pdb,3p6i_A,long,R,0.2857142857142857,5356,77,77
denovo_pdb,3p6i_A,long,AUC,0.8052415476169975,5356,77,5356
denovo_pdb,3p6j_A,all,L,0.36,7140,141,125
denovo_pdb,3p6j_A,all,L/2,0.5,7140,141,62
denovo_pdb,3p6j_A,all,L/5,0.6,7140,141,25
denovo_pdb,3p6j_A,all,R,0.3262411347517731,7140,141,141
denovo_pdb,3p6j_A,all,AUC,0.8857795287878005,7140,141,7140
denovo_pdb,3p6j_A,short,L,0.28,699,36,125
denovo_pdb,3p6j_A,short,L/2,0.4032258064516129,699,36,62
denovo_pdb,3p6j_A,short,L/5,0.6,699,36,25
denovo_pdb,3p6j_A,short,R,0.5277777777777778,699,36,36
denovo_pdb,3p6j_A,short,AUC,0.9646807440925087,699,36,699
denovo_pdb,3p6j_A,medium,L,0.24,1290,43,125
denovo_pdb,3p6j_A,medium,L/2,0.2903225806451613,1290,43,62
denovo_pdb,3p6j_A,medium,L/5,0.36,1290,43,25
denovo_pdb,3p6j_A,medium,R,0.37209302325581395,1290,43,43
denovo_pdb,3p6j_A,medium,AUC,0.9474925868596259,1290,43,1290
denovo_pdb,3p6j_A,long,L,0.184,5151,62,125
denovo_pdb,3p6j_A,long,L/2,0.22580645161290322,5151,62,62
denovo_pdb,3p6j_A,long,L/5,0.24,5151,62,25
denovo_pdb,3p6j_A,long,R,0.22580645161290322,5151,62,62
denovo_pdb,3p6j_A,long,AUC,0.8007910800651628,5151,62,5151
denovo_pdb,3pg0_A,all,L,0.7928571428571428,9045,184,140
denovo_pdb,3pg0_A,all,L/2,0.9571428571428572,9045,184,70
denovo_pdb,3pg0_A,all,L/5,0.9285714285714286,9045,184,28
denovo_pdb,3pg0_A,all,R,0.6358695652173914,9045,184,184
denovo_pdb,3pg0_A,all,AUC,0.9812373959166449,9045,184,9045
denovo_pdb,3pg0_A,short,L,0.2357142857142857,789,33,140
denovo_pdb,3pg0_A,short,L/2,0.4714285714285714,789,33,70
denovo_pdb,3pg0_A,short,L/5,0.9642857142857143,789,33,28
denovo_pdb,3pg0_A,short,R,0.8484848484848485,789,33,33
denovo_pdb,3pg0_A,short,AUC,0.9950497033830368,789,33,789
denovo_pdb,3pg0_A,medium,L,0.37142857142857144,1470,56,140
denovo_pdb,3pg0_A,medium,L/2,0.6,1470,56,70
denovo_pdb,3pg0_A,medium,L/5,1.0,1470,56,28
denovo_pdb,3pg0_A,medium,R,0.7142857142857143,1470,56,56
denovo_pdb,3pg0_A,medium,AUC,0.983595170741564,1470,56,1470
denovo_pdb,3pg0_A,long,L,0.5,6786,95,140
denovo_pdb,3pg0_A,long,L/2,0.6714285714285714,6786,95,70
denovo_pdb,3pg0_A,long,L/5,0.8928571428571429,6786,95,28
denovo_pdb,3pg0_A,long,R,0.5789473684210527,6786,95,95
denovo_pdb,3pg0_A,long,AUC,0.9751370655003972,6786,95,6786
denovo_pdb,3q7w_A,all,L,0.3548387096774194,7021,139,124
denovo_pdb,3q7w_A,all,L/2,0.5,7021,139,62
denovo_pdb,3q7w_A,all,L/5,0.6666666666666666,7021,139,24
denovo_pdb,3q7w_A,all,R,0.33093525179856115,7021,139,139
denovo_pdb,3q7w_A,all,AUC,0.8889611937302816,7021,139,7021
denovo_pdb,3q7w_A,short,L,0.24193548387096775,693,30,124
denovo_pdb,3q7w_A,short,L/2,0.43548387096774194,693,30,62
denovo_pdb,3q7w_A,short,L/5,0.6666666666666666,693,30,24
denovo_pdb,3q7w_A,short,R,0.6333333333333333,693,30,30
denovo_pdb,3q7w_A,short,AUC,0.9827048768225238,693,30,693
denovo_pdb,3q7w_A,medium,L,0.23387096774193547,1278,43,124
denovo_pdb,3q7w_A,medium,L/2,0.24193548387096775,1278,43,62
denovo_pdb,3q7w_A,medium,L/5,0.3333333333333333,1278,43,24
denovo_pdb,3q7w_A,medium,R,0.27906976744186046,1278,43,43
denovo_pdb,3q7w_A,medium,AUC,0.9347801525280105,1278,43,1278
denovo_pdb,3q7w_A,long,L,0.1693548387096774,5050,66,124
denovo_pdb,3q7w_A,long,L/2,0.14516129032258066,5050,66,62
denovo_pdb,3q7w_A,long,L/5,0.125,5050,66,24
denovo_pdb,3q7w_A,long,R,0.13636363636363635,5050,66,66
denovo_pdb,3q7w_A,long,AUC,0.8245400432900433,5050,66,5050
denovo_pdb,3q7x_A,all,L,0.328,7140,130,125
denovo_pdb,3q7x_A,all,L/2,0.45161290322580644,7140,130,62
denovo_pdb,3q7x_A,all,L/5,0.64,7140,130,25
denovo_pdb,3q7x_A,all,R,0.3384615384615385,7140,130,130
denovo_pdb,3q7x_A,all,AUC,0.849027762537035,7140,130,7140
denovo_pdb,3q7x_A,short,L,0.24,699,32,125
denovo_pdb,3q7x_A,short,L/2,0.46774193548387094,699,32,62
denovo_pdb,3q7x_A,short,L/5,0.64,699,32,25
denovo_pdb,3q7x_A,short,R,0.53125,699,32,32
denovo_pdb,3q7x_A,short,AUC,0.9682346326836582,699,32,699
denovo_pdb,3q7x_A,medium,L,0.184,1290,35,125
denovo_pdb,3q7x_A,medium,L/2,0.20967741935483872,1290,35,62
denovo_pdb,3q7x_A,medium,L/5,0.32,1290,35,25
denovo_pdb,3q7x_A,medium,R,0.3142857142857143,1290,35,35
denovo_pdb,3q7x_A,medium,AUC,0.9353329538986909,1290,35,1290
denovo_pdb,3q7x_A,long,L,0.104,5151,63,125
denovo_pdb,3q7x_A,long,L/2,0.11290322580645161,5151,63,62
denovo_pdb,3q7x_A,long,L/5,0.12,5151,63,25
denovo_pdb,3q7x_A,long,R,0.1111111111111111,5151,63,63
denovo_pdb,3q7x_A,long,AUC,0.7493464235799141,5151,63,5151
denovo_pdb,3q7y_A,all,L,0.3225806451612903,7021,137,124
denovo_pdb,3q7y_A,all,L/2,0.5161290322580645,7021,137,62
denovo_pdb,3q7y_A,all,L/5,0.625,7021,137,24
denovo_pdb,3q7y_A,all,R,0.3284671532846715,7021,137,137
denovo_pdb,3q7y_A,all,AUC,0.8573519681733164,7021,137,7021
denovo_pdb,3q7y_A,short,L,0.25806451612903225,693,33,124
denovo_pdb,3q7y_A,short,L/2,0.3709677419354839,693,33,62
denovo_pdb,3q7y_A,short,L/5,0.625,693,33,24
denovo_pdb,3q7y_A,short,R,0.5454545454545454,693,33,33
denovo_pdb,3q7y_A,short,AUC,0.957208448117539,693,33,693
denovo_pdb,3q7y_A,medium,L,0.3064516129032258,1278,48,124
denovo_pdb,3q7y_A,medium,L/2,0.2903225806451613,1278,48,62
denovo_pdb,3q7y_A,medium,L/5,0.5,1278,48,24
denovo_pdb,3q7y_A,medium,R,0.2916666666666667,1278,48,48
denovo_pdb,3q7y_A,medium,AUC,0.950245596205962,1278,48,1278
denovo_pdb,3q7y_A,long,L,0.0967741935483871,5050,56,124
denovo_pdb,3q7y_A,long,L/2,0.08064516129032258,5050,56,62
denovo_pdb,3q7y_A,long,L/5,0.08333333333333333,5050,56,24
denovo_pdb,3q7y_A,long,R,0.08928571428571429,5050,56,56
denovo_pdb,3q7y_A,long,AUC,0.7154067023285084,5050,56,5050
denovo_pdb,3rfn_A,all,L,0.17218543046357615,10585,145,151
denovo_pdb,3rfn_A,all,L/2,0.25333333333333335,10585,145,75
denovo_pdb,3rfn_A,all,L/5,0.5333333333333333,10585,145,30
denovo_pdb,3rfn_A,all,R,0.1793103448275862,10585,145,145
denovo_pdb,3rfn_A,all,AUC,0.7235275465715418,10585,145,10585
denovo_pdb,3rfn_A,short,L,0.07947019867549669,855,14,151
denovo_pdb,3rfn_A,short,L/2,0.14666666666666667,855,14,75
denovo_pdb,3rfn_A,short,L/5,0.3333333333333333,855,14,30
denovo_pdb,3rfn_A,short,R,0.42857142857142855,855,14,14
denovo_pdb,3rfn_A,short,AUC,0.9404195685408527,855,14,855
denovo_pdb,3rfn_A,medium,L,0.11920529801324503,1602,27,151
denovo_pdb,3rfn_A,medium,L/2,0.21333333333333335,1602,27,75
denovo_pdb,3rfn_A,medium,L/5,0.3333333333333333,1602,27,30
denovo_pdb,3rfn_A,medium,R,0.37037037037037035,1602,27,27
denovo_pdb,3rfn_A,medium,AUC,0.8228924162257496,1602,27,1602
denovo_pdb,3rfn_A,long,L,0.07947019867549669,8128,104,151
denovo_pdb,3rfn_A,long,L/2,0.04,8128,104,75
denovo_pdb,3rfn_A,long,L/5,0.03333333333333333,8128,104,30
denovo_pdb,3rfn_A,long,R,0.07692307692307693,8128,104,104
denovo_pdb,3rfn_A,long,AUC,0.6735832166960658,8128,104,8128
denovo_pdb,3teu_A,all,L,0.6224489795918368,4278,74,98
denovo_pdb,3teu_A,all,L/2,0.8163265306122449,4278,74,49
denovo_pdb,3teu_A,all,L/5,1.0,4278,74,19
denovo_pdb,3teu_A,all,R,0.7162162162162162,4278,74,74
denovo_pdb,3teu_A,all,AUC,0.9800254583794071,4278,74,4278
denovo_pdb,3teu_A,short,L,0.10204081632653061,537,10,98
denovo_pdb,3teu_A,short,L/2,0.20408163265306123,537,10,49
denovo_pdb,3teu_A,short,L/5,0.5263157894736842,537,10,19
denovo_pdb,3teu_A,short,R,0.9,537,10,10
denovo_pdb,3teu_A,short,AUC,0.999335863377609,537,10,537
denovo_pdb,3teu_A,medium,L,0.25510204081632654,966,25,98
denovo_pdb,3teu_A,medium,L/2,0.5102040816326531,966,25,49
denovo_pdb,3teu_A,medium,L/5,0.7894736842105263,966,25,19
denovo_pdb,3teu_A,medium,R,0.72,966,25,25
denovo_pdb,3teu_A,medium,AUC,0.9956641870350691,966,25,966
denovo_pdb,3teu_A,long,L,0.35714285714285715,2775,39,98
denovo_pdb,3teu_A,long,L/2,0.5714285714285714,2775,39,49
denovo_pdb,3teu_A,long,L/5,0.7894736842105263,2775,39,19
denovo_pdb,3teu_A,long,R,0.6666666666666666,2775,39,39
denovo_pdb,3teu_A,long,AUC,0.9652777777777778,2775,39,2775
denovo_pdb,3v45_A,all,L,0.2289156626506024,12880,126,166
denovo_pdb,3v45_A,all,L/2,0.3493975903614458,12880,126,83
denovo_pdb,3v45_A,all,L/5,0.5454545454545454,12880,126,33
denovo_pdb,3v45_A,all,R,0.2698412698412698,12880,126,126
denovo_pdb,3v45_A,all,AUC,0.8658973468641024,12880,126,12880
denovo_pdb,3v45_A,short,L,0.05421686746987952,945,9,166
denovo_pdb,3v45_A,short,L/2,0.0963855421686747,945,9,83
denovo_pdb,3v45_A,short,L/5,0.18181818181818182,945,9,33
denovo_pdb,3v45_A,short,R,0.3333333333333333,945,9,9
denovo_pdb,3v45_A,short,AUC,0.9669990503323836,945,9,945
denovo_pdb,3v45_A,medium,L,0.04216867469879518,1782,15,166
denovo_pdb,3v45_A,medium,L/2,0.07228915662650602,1782,15,83
denovo_pdb,3v45_A,medium,L/5,0.18181818181818182,1782,15,33
denovo_pdb,3v45_A,medium,R,0.26666666666666666,1782,15,15
denovo_pdb,3v45_A,medium,AUC,0.8678551216751555,1782,15,1782
denovo_pdb,3v45_A,long,L,0.1927710843373494,10153,102,166
denovo_pdb,3v45_A,long,L/2,0.30120481927710846,10153,102,83
denovo_pdb,3v45_A,long,L/5,0.6060606060606061,10153,102,33
denovo_pdb,3v45_A,long,R,0.2647058823529412,10153,102,102
denovo_pdb,3v45_A,long,AUC,0.8634576405430345,10153,102,10153
denovo_pdb,3ww9_A,all,L,0.7410358565737052,30135,233,251
denovo_pdb,3ww9_A,all,L/2,0.88,30135,233,125
denovo_pdb,3ww9_A,all,L/5,0.92,30135,233,50
denovo_pdb,3ww9_A,all,R,0.7639484978540773,30135,233,233
denovo_pdb,3ww9_A,all,AUC,0.9984210222635717,30135,233,30135
denovo_pdb,3ww9_A,short,L,0.2151394422310757,1455,54,251
denovo_pdb,3ww9_A,short,L/2,0.432,1455,54,125
denovo_pdb,3ww9_A,short,L/5,1.0,1455,54,50
denovo_pdb,3ww9_A,short,R,0.9444444444444444,1455,54,54
denovo_pdb,3ww9_A,short,AUC,0.9998083379596585,1455,54,1455
denovo_pdb,3ww9_A,medium,L,0.2908366533864542,2802,75,251
denovo_pdb,3ww9_A,medium,L/2,0.52,2802,75,125
denovo_pdb,3ww9_A,medium,L/5,0.72,2802,75,50
denovo_pdb,3ww9_A,medium,R,0.64,2802,75,75
denovo_pdb,3ww9_A,medium,AUC,0.9890037892678156,2802,75,2802
denovo_pdb,3ww9_A,long,L,0.4063745019920319,25878,104,251
denovo_pdb,3ww9_A,long,L/2,0.688,25878,104,125
denovo_pdb,3ww9_A,long,L/5,0.84,25878,104,50
denovo_pdb,3ww9_A,long,R,0.75,25878,104,104
denovo_pdb,3ww9_A,long,AUC,0.9991859715515338,25878,104,25878
denovo_pdb,3wwa_A,all,L,0.7410358565737052,30135,227,251
denovo_pdb,3wwa_A,all,L/2,0.864,30135,227,125
denovo_pdb,3wwa_A,all,L/5,0.94,30135,227,50
denovo_pdb,3wwa_A,all,R,0.7709251101321586,30135,227,227
denovo_pdb,3wwa_A,all,AUC,0.9984945020824508,30135,227,30135
denovo_pdb,3wwa_A,short,L,0.20717131474103587,1455,52,251
denovo_pdb,3wwa_A,short,L/2,0.416,1455,52,125
denovo_pdb,3wwa_A,short,L/5,0.98,1455,52,50
denovo_pdb,3wwa_A,short,R,0.9615384615384616,1455,52,52
denovo_pdb,3wwa_A,short,AUC,0.9994654312188168,1455,52,1455
denovo_pdb,3wwa_A,medium,L,0.2549800796812749,2802,66,251
denovo_pdb,3wwa_A,medium,L/2,0.488,2802,66,125
denovo_pdb,3wwa_A,medium,L/5,0.72,2802,66,50
denovo_pdb,3wwa_A,medium,R,0.5606060606060606,2802,66,66
denovo_pdb,3wwa_A,medium,AUC,0.9894781144781144,2802,66,2802
denovo_pdb,3wwa_A,long,L,0.4302788844621514,25878,109,251
denovo_pdb,3wwa_A,long,L/2,0.728,25878,109,125
denovo_pdb,3wwa_A,long,L/5,0.88,25878,109,50
denovo_pdb,3wwa_A,long,R,0.7981651376146789,25878,109,109
denovo_pdb,3wwa_A,long,AUC,0.9993009522500721,25878,109,25878
denovo_pdb,4a29_A,all,L,0.4979757085020243,29161,284,247
denovo_pdb,4a29_A,all,L/2,0.6829268292682927,29161,284,123
denovo_pdb,4a29_A,all,L/5,0.8775510204081632,29161,284,49
denovo_pdb,4a29_A,all,R,0.45422535211267606,29161,284,284
denovo_pdb,4a29_A,all,AUC,0.89035153714126,29161,284,29161
denovo_pdb,4a29_A,short,L,0.12550607287449392,1431,31,247
denovo_pdb,4a29_A,short,L/2,0.21951219512195122,1431,31,123
denovo_pdb,4a29_A,short,L/5,0.42857142857142855,1431,31,49
denovo_pdb,4a29_A,short,R,0.5161290322580645,1431,31,31
denovo_pdb,4a29_A,short,AUC,0.9769239631336406,1431,31,1431
denovo_pdb,4a29_A,medium,L,0.1862348178137652,2754,50,247
denovo_pdb,4a29_A,medium,L/2,0.3170731707317073,2754,50,123
denovo_pdb,4a29_A,medium,L/5,0.6326530612244898,2754,50,49
denovo_pdb,4a29_A,medium,R,0.62,2754,50,50
denovo_pdb,4a29_A,medium,AUC,0.9821153846153846,2754,50,2754
denovo_pdb,4a29_A,long,L,0.31983805668016196,24976,203,247
denovo_pdb,4a29_A,long,L/2,0.5284552845528455,24976,203,123
denovo_pdb,4a29_A,long,L/5,0.7346938775510204,24976,203,49
denovo_pdb,4a29_A,long,R,0.3645320197044335,24976,203,203
denovo_pdb,4a29_A,long,AUC,0.8583609121562705,24976,203,24976
denovo_pdb,4d8h_A,all,L,0.31451612903225806,7021,126,124
denovo_pdb,4d8h_A,all,L/2,0.4032258064516129,7021,126,62
denovo_pdb,4d8h_A,all,L/5,0.5416666666666666,7021,126,24
denovo_pdb,4d8h_A,all,R,0.30952380952380953,7021,126,126
denovo_pdb,4d8h_A,all,AUC,0.8340429572844366,7021,126,7021
denovo_pdb,4d8h_A,short,L,0.22580645161290322,693,28,124
denovo_pdb,4d8h_A,short,L/2,0.3870967741935484,693,28,62
denovo_pdb,4d8h_A,short,L/5,0.625,693,28,24
denovo_pdb,4d8h_A,short,R,0.6071428571428571,693,28,28
denovo_pdb,4d8h_A,short,AUC,0.9760204081632653,693,28,693
denovo_pdb,4d8h_A,medium,L,0.20967741935483872,1278,42,124
denovo_pdb,4d8h_A,medium,L/2,0.24193548387096775,1278,42,62
denovo_pdb,4d8h_A,medium,L/5,0.20833333333333334,1278,42,24
denovo_pdb,4d8h_A,medium,R,0.3333333333333333,1278,42,42
denovo_pdb,4d8h_A,medium,AUC,0.9087397904145477,1278,42,1278
denovo_pdb,4d8h_A,long,L,0.08870967741935484,5050,56,124
denovo_pdb,4d8h_A,long,L/2,0.11290322580645161,5050,56,62
denovo_pdb,4d8h_A,long,L/5,0.041666666666666664,5050,56,24
denovo_pdb,4d8h_A,long,R,0.08928571428571429,5050,56,56
denovo_pdb,4d8h_A,long,AUC,0.7046437868299101,5050,56,5050
denovo_pdb,4db6_A,all,L,0.6548223350253807,18336,156,197
denovo_pdb,4db6_A,all,L/2,0.9081632653061225,18336,156,98
denovo_pdb,4db6_A,all,L/5,1.0,18336,156,39
denovo_pdb,4db6_A,all,R,0.7628205128205128,18336,156,156
denovo_pdb,4db6_A,all,AUC,0.9986273306817862,18336,156,18336
denovo_pdb,4db6_A,short,L,0.09137055837563451,1131,18,197
denovo_pdb,4db6_A,short,L/2,0.1836734693877551,1131,18,98
denovo_pdb,4db6_A,short,L/5,0.46153846153846156,1131,18,39
denovo_pdb,4db6_A,short,R,0.6666666666666666,1131,18,18
denovo_pdb,4db6_A,short,AUC,0.9971548367774784,1131,18,1131
denovo_pdb,4db6_A,medium,L,0.1319796954314721,2154,26,197
denovo_pdb,4db6_A,medium,L/2,0.2653061224489796,2154,26,98
denovo_pdb,4db6_A,medium,L/5,0.6153846153846154,2154,26,39
denovo_pdb,4db6_A,medium,R,0.7692307692307693,2154,26,26
denovo_pdb,4db6_A,medium,AUC,0.9978130422209369,2154,26,2154
denovo_pdb,4db6_A,long,L,0.5583756345177665,15051,112,197
denovo_pdb,4db6_A,long,L/2,0.8163265306122449,15051,112,98
denovo_pdb,4db6_A,long,L/5,1.0,15051,112,39
denovo_pdb,4db6_A,long,R,0.7678571428571429,15051,112,112
denovo_pdb,4db6_A,long,AUC,0.9988892328803801,15051,112,15051
denovo_pdb,4drt_A,all,L,0.11931818181818182,60031,317,352
denovo_pdb,4drt_A,all,L/2,0.20454545454545456,60031,317,176
denovo_pdb,4drt_A,all,L/5,0.38571428571428573,60031,317,70
denovo_pdb,4drt_A,all,R,0.12933753943217666,60031,317,317
denovo_pdb,4drt_A,all,AUC,0.7638967617356719,60031,317,60031
denovo_pdb,4drt_A,short,L,0.07670454545454546,2061,44,352
denovo_pdb,4drt_A,short,L/2,0.11931818181818182,2061,44,176
denovo_pdb,4drt_A,short,L/5,0.21428571428571427,2061,44,70
denovo_pdb,4drt_A,short,R,0.2727272727272727,2061,44,44
denovo_pdb,4drt_A,short,AUC,0.8398161085320233,2061,44,2061
denovo_pdb,4drt_A,medium,L,0.05397727272727273,4014,56,352
denovo_pdb,4drt_A,medium,L/2,0.07386363636363637,4014,56,176
denovo_pdb,4drt_A,medium,L/5,0.15714285714285714,4014,56,70
denovo_pdb,4drt_A,medium,R,0.19642857142857142,4014,56,56
denovo_pdb,4drt_A,medium,AUC,0.7844036490290912,4014,56,4014
denovo_pdb,4drt_A,long,L,0.06818181818181818,53956,217,352
denovo_pdb,4drt_A,long,L/2,0.09659090909090909,53956,217,176
denovo_pdb,4drt_A,long,L/5,0.14285714285714285,53956,217,70
denovo_pdb,4drt_A,long,R,0.08755760368663594,53956,217,217
denovo_pdb,4drt_A,long,AUC,0.7111433286143309,53956,217,53956
denovo_pdb,4dui_A,all,L,0.6484848484848484,12566,109,165
denovo_pdb,4dui_A,all,L/2,0.975609756097561,12566,109,82
denovo_pdb,4dui_A,all,L/5,1.0,12566,109,33
denovo_pdb,4dui_A,all,R,0.8807339449541285,12566,109,109
denovo_pdb,4dui_A,all,AUC,0.9994144996402303,12566,109,12566
denovo_pdb,4dui_A,short,L,0.10909090909090909,927,18,165
denovo_pdb,4dui_A,short,L/2,0.21951219512195122,927,18,82
denovo_pdb,4dui_A,short,L/5,0.5454545454545454,927,18,33
denovo_pdb,4dui_A,short,R,0.8888888888888888,927,18,18
denovo_pdb,4dui_A,short,AUC,0.9987165383204987,927,18,927
denovo_pdb,4dui_A,medium,L,0.10303030303030303,1746,17,165
denovo_pdb,4dui_A,medium,L/2,0.2073170731707317,1746,17,82
denovo_pdb,4dui_A,medium,L/5,0.5151515151515151,1746,17,33
denovo_pdb,4dui_A,medium,R,0.8235294117647058,1746,17,17
denovo_pdb,4dui_A,medium,AUC,0.9989623379716259,1746,17,1746
denovo_pdb,4dui_A,long,L,0.44242424242424244,9893,74,165
denovo_pdb,4dui_A,long,L/2,0.8414634146341463,9893,74,82
denovo_pdb,4dui_A,long,L/5,1.0,9893,74,33
denovo_pdb,4dui_A,long,R,0.9054054054054054,9893,74,74
denovo_pdb,4dui_A,long,AUC,0.9995595962598712,9893,74,9893
denovo_pdb,4etj_A,all,L,0.20121951219512196,12561,113,164
denovo_pdb,4etj_A,all,L/2,0.32926829268292684,12561,113,82
denovo_pdb,4etj_A,all,L/5,0.4375,12561,113,32
denovo_pdb,4etj_A,all,R,0.2743362831858407,12561,113,113
denovo_pdb,4etj_A,all,AUC,0.8212745552471734,12561,113,12561
denovo_pdb,4etj_A,short,L,0.06707317073170732,933,13,164
denovo_pdb,4etj_A,short,L/2,0.08536585365853659,933,13,82
denovo_pdb,4etj_A,short,L/5,0.15625,933,13,32
denovo_pdb,4etj_A,short,R,0.23076923076923078,933,13,13
denovo_pdb,4etj_A,short,AUC,0.8625418060200669,933,13,933
denovo_pdb,4etj_A,medium,L,0.03048780487804878,1758,11,164
denovo_pdb,4etj_A,medium,L/2,0.036585365853658534,1758,11,82
denovo_pdb,4etj_A,medium,L/5,0.0625,1758,11,32
denovo_pdb,4etj_A,medium,R,0.09090909090909091,1758,11,11
denovo_pdb,4etj_A,medium,AUC,0.8737055731904044,1758,11,1758
denovo_pdb,4etj_A,long,L,0.17073170731707318,9870,89,164
denovo_pdb,4etj_A,long,L/2,0.3048780487804878,9870,89,82
denovo_pdb,4etj_A,long,L/5,0.46875,9870,89,32
denovo_pdb,4etj_A,long,R,0.2808988764044944,9870,89,89
denovo_pdb,4etj_A,long,AUC,0.8079118079192747,9870,89,9870
denovo_pdb,4hxt_A,all,L,0.6680161943319838,29161,199,247
denovo_pdb,4hxt_A,all,L/2,0.9186991869918699,29161,199,123
denovo_pdb,4hxt_A,all,L/5,0.9795918367346939,29161,199,49
denovo_pdb,4hxt_A,all,R,0.7638190954773869,29161,199,199
denovo_pdb,4hxt_A,all,AUC,0.9909573070795592,29161,199,29161
denovo_pdb,4hxt_A,short,L,0.06882591093117409,1431,17,247
denovo_pdb,4hxt_A,short,L/2,0.13821138211382114,1431,17,123
denovo_pdb,4hxt_A,short,L/5,0.3469387755102041,1431,17,49
denovo_pdb,4hxt_A,short,R,0.7058823529411765,1431,17,17
denovo_pdb,4hxt_A,short,AUC,0.9963183293119228,1431,17,1431
denovo_pdb,4hxt_A,medium,L,0.1417004048582996,2754,35,247
denovo_pdb,4hxt_A,medium,L/2,0.2845528455284553,2754,35,123
denovo_pdb,4hxt_A,medium,L/5,0.6938775510204082,2754,35,49
denovo_pdb,4hxt_A,medium,R,0.8285714285714286,2754,35,35
denovo_pdb,4hxt_A,medium,AUC,0.9993484999737299,2754,35,2754
denovo_pdb,4hxt_A,long,L,0.562753036437247,24976,147,247
denovo_pdb,4hxt_A,long,L/2,0.7967479674796748,24976,147,123
denovo_pdb,4hxt_A,long,L/5,0.9795918367346939,24976,147,49
denovo_pdb,4hxt_A,long,R,0.7482993197278912,24976,147,147
denovo_pdb,4hxt_A,long,AUC,0.9882436683239891,24976,147,24976
denovo_pdb,4ijb_A,all,L,0.4262295081967213,28441,237,244
denovo_pdb,4ijb_A,all,L/2,0.5655737704918032,28441,237,122
denovo_pdb,4ijb_A,all,L/5,0.8125,28441,237,48
denovo_pdb,4ijb_A,all,R,0.4345991561181435,28441,237,237
denovo_pdb,4ijb_A,all,AUC,0.8683512587914334,28441,237,28441
denovo_pdb,4ijb_A,short,L,0.11885245901639344,1413,30,244
denovo_pdb,4ijb_A,short,L/2,0.22131147540983606,1413,30,122
denovo_pdb,4ijb_A,short,L/5,0.3958333333333333,1413,30,48
denovo_pdb,4ijb_A,short,R,0.4666666666666667,1413,30,30
denovo_pdb,4ijb_A,short,AUC,0.9723186309954206,1413,30,1413
denovo_pdb,4ijb_A,medium,L,0.14344262295081966,2718,39,244
denovo_pdb,4ijb_A,medium,L/2,0.2459016393442623,2718,39,122
denovo_pdb,4ijb_A,medium,L/5,0.4583333333333333,2718,39,48
denovo_pdb,4ijb_A,medium,R,0.5128205128205128,2718,39,39
denovo_pdb,4ijb_A,medium,AUC,0.9770676008078023,2718,39,2718
denovo_pdb,4ijb_A,long,L,0.2827868852459016,24310,168,244
denovo_pdb,4ijb_A,long,L/2,0.45081967213114754,24310,168,122
denovo_pdb,4ijb_A,long,L/5,0.6875,24310,168,48
denovo_pdb,4ijb_A,long,R,0.36904761904761907,24310,168,168
denovo_pdb,4ijb_A,long,AUC,0.8264638833331361,24310,168,24310
denovo_pdb,4j8y_A,all,L,0.6560509554140127,11476,106,157
denovo_pdb,4j8y_A,all,L/2,0.9871794871794872,11476,106,78
denovo_pdb,4j8y_A,all,L/5,1.0,11476,106,31
denovo_pdb,4j8y_A,all,R,0.8962264150943396,11476,106,106
denovo_pdb,4j8y_A,all,AUC,0.9993378802210385,11476,106,11476
denovo_pdb,4j8y_A,short,L,0.08917197452229299,891,14,157
denovo_pdb,4j8y_A,short,L/2,0.1794871794871795,891,14,78
denovo_pdb,4j8y_A,short,L/5,0.45161290322580644,891,14,31
denovo_pdb,4j8y_A,short,R,0.8571428571428571,891,14,14
denovo_pdb,4j8y_A,short,AUC,0.999185535103437,891,14,891
denovo_pdb,4j8y_A,medium,L,0.10828025477707007,1674,17,157
denovo_pdb,4j8y_A,medium,L/2,0.21794871794871795,1674,17,78
denovo_pdb,4j8y_A,medium,L/5,0.5483870967741935,1674,17,31
denovo_pdb,4j8y_A,medium,R,0.8235294117647058,1674,17,17
denovo_pdb,4j8y_A,medium,AUC,0.9994142497071248,1674,17,1674
denovo_pdb,4j8y_A,long,L,0.4713375796178344,8911,75,157
denovo_pdb,4j8y_A,long,L/2,0.8717948717948718,8911,75,78
denovo_pdb,4j8y_A,long,L/5,1.0,8911,75,31
denovo_pdb,4j8y_A,long,R,0.9066666666666666,8911,75,75
denovo_pdb,4j8y_A,long,AUC,0.9993632111060812,8911,75,8911
denovo_pdb,4lny_A,all,L,0.3951612903225806,29403,268,248
denovo_pdb,4lny_A,all,L/2,0.5725806451612904,29403,268,124
denovo_pdb,4lny_A,all,L/5,0.8367346938775511,29403,268,49
denovo_pdb,4lny_A,all,R,0.373134328358209,29403,268,268
denovo_pdb,4lny_A,all,AUC,0.8528090412874705,29403,268,29403
denovo_pdb,4lny_A,short,L,0.10887096774193548,1437,28,248
denovo_pdb,4lny_A,short,L/2,0.1774193548387097,1437,28,124
denovo_pdb,4lny_A,short,L/5,0.40816326530612246,1437,28,49
denovo_pdb,4lny_A,short,R,0.5,1437,28,28
denovo_pdb,4lny_A,short,AUC,0.9581643516171552,1437,28,1437
denovo_pdb,4lny_A,medium,L,0.14516129032258066,2766,40,248
denovo_pdb,4lny_A,medium,L/2,0.25,2766,40,124
denovo_pdb,4lny_A,medium,L/5,0.3469387755102041,2766,40,49
denovo_pdb,4lny_A,medium,R,0.425,2766,40,40
denovo_pdb,4lny_A,medium,AUC,0.9726568231841527,2766,40,2766
denovo_pdb,4lny_A,long,L,0.29838709677419356,25200,200,248
denovo_pdb,4lny_A,long,L/2,0.45161290322580644,25200,200,124
denovo_pdb,4lny_A,long,L/5,0.7755102040816326,25200,200,49
denovo_pdb,4lny_A,long,R,0.335,25200,200,200
denovo_pdb,4lny_A,long,AUC,0.8175673,25200,200,25200
denovo_pdb,4lpx_A,all,L,0.5257731958762887,4186,70,97
denovo_pdb,4lpx_A,all,L/2,0.7708333333333334,4186,70,48
denovo_pdb,4lpx_A,all,L/5,1.0,4186,70,19
denovo_pdb,4lpx_A,all,R,0.6285714285714286,4186,70,70
denovo_pdb,4lpx_A,all,AUC,0.9906965847563516,4186,70,4186
denovo_pdb,4lpx_A,short,L,0.1134020618556701,531,11,97
denovo_pdb,4lpx_A,short,L/2,0.22916666666666666,531,11,48
denovo_pdb,4lpx_A,short,L/5,0.47368421052631576,531,11,19
denovo_pdb,4lpx_A,short,R,0.7272727272727273,531,11,11
denovo_pdb,4lpx_A,short,AUC,0.9921328671328671,531,11,531
denovo_pdb,4lpx_A,medium,L,0.18556701030927836,954,19,97
denovo_pdb,4lpx_A,medium,L/2,0.3541666666666667,954,19,48
denovo_pdb,4lpx_A,medium,L/5,0.6842105263157895,954,19,19
denovo_pdb,4lpx_A,medium,R,0.6842105263157895,954,19,19
denovo_pdb,4lpx_A,medium,AUC,0.9866591612721644,954,19,954
denovo_pdb,4lpx_A,long,L,0.38144329896907214,2701,40,97
denovo_pdb,4lpx_A,long,L/2,0.5416666666666666,2701,40,48
denovo_pdb,4lpx_A,long,L/5,0.8421052631578947,2701,40,19
denovo_pdb,4lpx_A,long,R,0.575,2701,40,40
denovo_pdb,4lpx_A,long,AUC,0.9923243141676061,2701,40,2701
denovo_pdb,4lt9_A,all,L,0.372,29890,236,250
denovo_pdb,4lt9_A,all,L/2,0.544,29890,236,125
denovo_pdb,4lt9_A,all,L/5,0.74,29890,236,50
denovo_pdb,4lt9_A,all,R,0.3771186440677966,29890,236,236
denovo_pdb,4lt9_A,all,AUC,0.8949707245028251,29890,236,29890
denovo_pdb,4lt9_A,short,L,0.096,1449,27,250
denovo_pdb,4lt9_A,short,L/2,0.168,1449,27,125
denovo_pdb,4lt9_A,short,L/5,0.3,1449,27,50
denovo_pdb,4lt9_A,short,R,0.4074074074074074,1449,27,27
denovo_pdb,4lt9_A,short,AUC,0.9160155232588425,1449,27,1449
denovo_pdb,4lt9_A,medium,L,0.14,2790,41,250
denovo_pdb,4lt9_A,medium,L/2,0.232,2790,41,125
denovo_pdb,4lt9_A,medium,L/5,0.38,2790,41,50
denovo_pdb,4lt9_A,medium,R,0.4634146341463415,2790,41,41
denovo_pdb,4lt9_A,medium,AUC,0.9698737456636116,2790,41,2790
denovo_pdb,4lt9_A,long,L,0.292,25651,168,250
denovo_pdb,4lt9_A,long,L/2,0.408,25651,168,125
denovo_pdb,4lt9_A,long,L/5,0.66,25651,168,50
denovo_pdb,4lt9_A,long,R,0.3630952380952381,25651,168,168
denovo_pdb,4lt9_A,long,AUC,0.8738797386866688,25651,168,25651
denovo_pdb,4n6t_A,all,L,0.4050632911392405,2701,83,79
denovo_pdb,4n6t_A,all,L/2,0.5384615384615384,2701,83,39
denovo_pdb,4n6t_A,all,L/5,0.7333333333333333,2701,83,15
denovo_pdb,4n6t_A,all,R,0.3855421686746988,2701,83,83
denovo_pdb,4n6t_A,all,AUC,0.9125378519425295,2701,83,2701
denovo_pdb,4n6t_A,short,L,0.189873417721519,423,18,79
denovo_pdb,4n6t_A,short,L/2,0.28205128205128205,423,18,39
denovo_pdb,4n6t_A,short,L/5,0.4,423,18,15
denovo_pdb,4n6t_A,short,R,0.3888888888888889,423,18,18
denovo_pdb,4n6t_A,short,AUC,0.9300411522633745,423,18,423
denovo_pdb,4n6t_A,medium,L,0.31645569620253167,738,32,79
denovo_pdb,4n6t_A,medium,L/2,0.41025641025641024,738,32,39
denovo_pdb,4n6t_A,medium,L/5,0.6,738,32,15
denovo_pdb,4n6t_A,medium,R,0.40625,738,32,32
denovo_pdb,4n6t_A,medium,AUC,0.9454895538243626,738,32,738
denovo_pdb,4n6t_A,long,L,0.1518987341772152,1540,33,79
denovo_pdb,4n6t_A,long,L/2,0.2564102564102564,1540,33,39
denovo_pdb,4n6t_A,long,L/5,0.5333333333333333,1540,33,15
denovo_pdb,4n6t_A,long,R,0.2727272727272727,1540,33,33
denovo_pdb,4n6t_A,long,AUC,0.8598158090527035,1540,33,1540
denovo_pdb,4n6u_A,all,L,0.4050632911392405,2701,83,79
denovo_pdb,4n6u_A,all,L/2,0.5897435897435898,2701,83,39
denovo_pdb,4n6u_A,all,L/5,0.8,2701,83,15
denovo_pdb,4n6u_A,all,R,0.3855421686746988,2701,83,83
denovo_pdb,4n6u_A,all,AUC,0.890332913011864,2701,83,2701
denovo_pdb,4n6u_A,short,L,0.22784810126582278,423,18,79
denovo_pdb,4n6u_A,short,L/2,0.3076923076923077,423,18,39
denovo_pdb,4n6u_A,short,L/5,0.5333333333333333,423,18,15
denovo_pdb,4n6u_A,short,R,0.5,423,18,18
denovo_pdb,4n6u_A,short,AUC,0.9590534979423868,423,18,423
denovo_pdb,4n6u_A,medium,L,0.31645569620253167,738,31,79
denovo_pdb,4n6u_A,medium,L/2,0.4358974358974359,738,31,39
denovo_pdb,4n6u_A,medium,L/5,0.5333333333333333,738,31,15
denovo_pdb,4n6u_A,medium,R,0.45161290322580644,738,31,31
denovo_pdb,4n6u_A,medium,AUC,0.9550120910708583,738,31,738
denovo_pdb,4n6u_A,long,L,0.13924050632911392,1540,34,79
denovo_pdb,4n6u_A,long,L/2,0.2564102564102564,1540,34,39
denovo_pdb,4n6u_A,long,L/5,0.4,1540,34,15
denovo_pdb,4n6u_A,long,R,0.2647058823529412,1540,34,34
denovo_pdb,4n6u_A,long,AUC,0.7779275056636201,1540,34,1540
denovo_pdb,4nez_A,all,L,0.475,11935,120,160
denovo_pdb,4nez_A,all,L/2,0.65,11935,120,80
denovo_pdb,4nez_A,all,L/5,0.8125,11935,120,32
denovo_pdb,4nez_A,all,R,0.5416666666666666,11935,120,120
denovo_pdb,4nez_A,all,AUC,0.9867438989984483,11935,120,11935
denovo_pdb,4nez_A,short,L,0.14375,909,23,160
denovo_pdb,4nez_A,short,L/2,0.2875,909,23,80
denovo_pdb,4nez_A,short,L/5,0.6875,909,23,32
denovo_pdb,4nez_A,short,R,0.8260869565217391,909,23,23
denovo_pdb,4nez_A,short,AUC,0.9963195603101384,909,23,909
denovo_pdb,4nez_A,medium,L,0.11875,1710,19,160
denovo_pdb,4nez_A,medium,L/2,0.2375,1710,19,80
denovo_pdb,4nez_A,medium,L/5,0.5,1710,19,32
denovo_pdb,4nez_A,medium,R,0.7368421052631579,1710,19,19
denovo_pdb,4nez_A,medium,AUC,0.9953935696722587,1710,19,1710
denovo_pdb,4nez_A,long,L,0.3125,9316,78,160
denovo_pdb,4nez_A,long,L/2,0.4375,9316,78,80
denovo_pdb,4nez_A,long,L/5,0.5625,9316,78,32
denovo_pdb,4nez_A,long,R,0.4358974358974359,9316,78,78
denovo_pdb,4nez_A,long,AUC,0.9827565629146058,9316,78,9316
denovo_pdb,4oxw_A,all,L,0.3113207547169811,5050,103,106
denovo_pdb,4oxw_A,all,L/2,0.4716981132075472,5050,103,53
denovo_pdb,4oxw_A,all,L/5,0.6666666666666666,5050,103,21
denovo_pdb,4oxw_A,all,R,0.32038834951456313,5050,103,103
denovo_pdb,4oxw_A,all,AUC,0.8152552983960074,5050,103,5050
denovo_pdb,4oxw_A,short,L,0.12264150943396226,585,16,106
denovo_pdb,4oxw_A,short,L/2,0.24528301886792453,585,16,53
denovo_pdb,4oxw_A,short,L/5,0.47619047619047616,585,16,21
denovo_pdb,4oxw_A,short,R,0.5,585,16,16
denovo_pdb,4oxw_A,short,AUC,0.9075681019332161,585,16,585
denovo_pdb,4oxw_A,medium,L,0.1792452830188679,1062,23,106
denovo_pdb,4oxw_A,medium,L/2,0.3018867924528302,1062,23,53
denovo_pdb,4oxw_A,medium,L/5,0.47619047619047616,1062,23,21
denovo_pdb,4oxw_A,medium,R,0.4782608695652174,1062,23,23
denovo_pdb,4oxw_A,medium,AUC,0.952420805958907,1062,23,1062
denovo_pdb,4oxw_A,long,L,0.10377358490566038,3403,64,106
denovo_pdb,4oxw_A,long,L/2,0.1320754716981132,3403,64,53
denovo_pdb,4oxw_A,long,L/5,0.23809523809523808,3403,64,21
denovo_pdb,4oxw_A,long,R,0.109375,3403,64,64
denovo_pdb,4oxw_A,long,AUC,0.7542420073375261,3403,64,3403
denovo_pdb,4oza_A,all,L,0.38596491228070173,1098,43,57
denovo_pdb,4oza_A,all,L/2,0.5357142857142857,1098,43,28
denovo_pdb,4oza_A,all,L/5,0.6363636363636364,1098,43,11
denovo_pdb,4oza_A,all,R,0.46511627906976744,1098,43,43
denovo_pdb,4oza_A,all,AUC,0.9359087402182299,1098,43,1098
denovo_pdb,4oza_A,short,L,0.12280701754385964,239,7,57
denovo_pdb,4oza_A,short,L/2,0.21428571428571427,239,7,28
denovo_pdb,4oza_A,short,L/5,0.45454545454545453,239,7,11
denovo_pdb,4oza_A,short,R,0.5714285714285714,239,7,7
denovo_pdb,4oza_A,short,AUC,0.958128078817734,239,7,239
denovo_pdb,4oza_A,medium,L,0.22807017543859648,370,17,57
denovo_pdb,4oza_A,medium,L/2,0.32142857142857145,370,17,28
denovo_pdb,4oza_A,medium,L/5,0.5454545454545454,370,17,11
denovo_pdb,4oza_A,medium,R,0.47058823529411764,370,17,17
denovo_pdb,4oza_A,medium,AUC,0.9120146642226296,370,17,370
denovo_pdb,4oza_A,long,L,0.2807017543859649,489,19,57
denovo_pdb,4oza_A,long,L/2,0.35714285714285715,489,19,28
denovo_pdb,4oza_A,long,L/5,0.45454545454545453,489,19,11
denovo_pdb,4oza_A,long,R,0.47368421052631576,489,19,19
denovo_pdb,4oza_A,long,AUC,0.948936170212766,489,19,489
denovo_pdb,4ozc_A,all,L,0.38596491228070173,1015,36,57
denovo_pdb,4ozc_A,all,L/2,0.5714285714285714,1015,36,28
denovo_pdb,4ozc_A,all,L/5,0.7272727272727273,1015,36,11
denovo_pdb,4ozc_A,all,R,0.5,1015,36,36
denovo_pdb,4ozc_A,all,AUC,0.9558648280558393,1015,36,1015
denovo_pdb,4ozc_A,short,L,0.10526315789473684,219,6,57
denovo_pdb,4ozc_A,short,L/2,0.21428571428571427,219,6,28
denovo_pdb,4ozc_A,short,L/5,0.45454545454545453,219,6,11
denovo_pdb,4ozc_A,short,R,0.6666666666666666,219,6,6
denovo_pdb,4ozc_A,short,AUC,0.9816118935837246,219,6,219
denovo_pdb,4ozc_A,medium,L,0.15789473684210525,334,11,57
denovo_pdb,4ozc_A,medium,L/2,0.25,334,11,28
denovo_pdb,4ozc_A,medium,L/5,0.45454545454545453,334,11,11
denovo_pdb,4ozc_A,medium,R,0.45454545454545453,334,11,11
denovo_pdb,4ozc_A,medium,AUC,0.9287925696594428,334,11,334
denovo_pdb,4ozc_A,long,L,0.2982456140350877,462,19,57
denovo_pdb,4ozc_A,long,L/2,0.42857142857142855,462,19,28
denovo_pdb,4ozc_A,long,L/5,0.6363636363636364,462,19,11
denovo_pdb,4ozc_A,long,R,0.5789473684210527,462,19,19
denovo_pdb,4ozc_A,long,AUC,0.9678032553166211,462,19,462
denovo_pdb,4pq8_A,all,L,0.8008298755186722,27730,242,241
denovo_pdb,4pq8_A,all,L/2,0.975,27730,242,120
denovo_pdb,4pq8_A,all,L/5,1.0,27730,242,48
denovo_pdb,4pq8_A,all,R,0.8016528925619835,27730,242,242
denovo_pdb,4pq8_A,all,AUC,0.9886227589018559,27730,242,27730
denovo_pdb,4pq8_A,short,L,0.08298755186721991,1395,20,241
denovo_pdb,4pq8_A,short,L/2,0.16666666666666666,1395,20,120
denovo_pdb,4pq8_A,short,L/5,0.3541666666666667,1395,20,48
denovo_pdb,4pq8_A,short,R,0.65,1395,20,20
denovo_pdb,4pq8_A,short,AUC,0.9876545454545456,1395,20,1395
denovo_pdb,4pq8_A,medium,L,0.4024896265560166,2682,101,241
denovo_pdb,4pq8_A,medium,L/2,0.725,2682,101,120
denovo_pdb,4pq8_A,medium,L/5,0.9375,2682,101,48
denovo_pdb,4pq8_A,medium,R,0.801980198019802,2682,101,101
denovo_pdb,4pq8_A,medium,AUC,0.9862302967995367,2682,101,2682
denovo_pdb,4pq8_A,long,L,0.43983402489626555,23653,121,241
denovo_pdb,4pq8_A,long,L/2,0.8083333333333333,23653,121,120
denovo_pdb,4pq8_A,long,L/5,1.0,23653,121,48
denovo_pdb,4pq8_A,long,R,0.8016528925619835,23653,121,121
denovo_pdb,4pq8_A,long,AUC,0.985410230907658,23653,121,23653
denovo_pdb,4psj_A,all,L,0.7019607843137254,31125,241,255
denovo_pdb,4psj_A,all,L/2,0.9133858267716536,31125,241,127
denovo_pdb,4psj_A,all,L/5,1.0,31125,241,51
denovo_pdb,4psj_A,all,R,0.7302904564315352,31125,241,241
denovo_pdb,4psj_A,all,AUC,0.9752802079364304,31125,241,31125
denovo_pdb,4psj_A,short,L,0.08235294117647059,1479,24,255
denovo_pdb,4psj_A,short,L/2,0.14960629921259844,1479,24,127
denovo_pdb,4psj_A,short,L/5,0.3333333333333333,1479,24,51
denovo_pdb,4psj_A,short,R,0.5833333333333334,1479,24,24
denovo_pdb,4psj_A,short,AUC,0.898926116838488,1479,24,1479
denovo_pdb,4psj_A,medium,L,0.396078431372549,2850,109,255
denovo_pdb,4psj_A,medium,L/2,0.7007874015748031,2850,109,127
denovo_pdb,4psj_A,medium,L/5,0.9607843137254902,2850,109,51
denovo_pdb,4psj_A,medium,R,0.7798165137614679,2850,109,109
denovo_pdb,4psj_A,medium,AUC,0.9741489244198696,2850,109,2850
denovo_pdb,4psj_A,long,L,0.3803921568627451,26796,108,255
denovo_pdb,4psj_A,long,L/2,0.6299212598425197,26796,108,127
denovo_pdb,4psj_A,long,L/5,0.9215686274509803,26796,108,51
denovo_pdb,4psj_A,long,R,0.7222222222222222,26796,108,108
denovo_pdb,4psj_A,long,AUC,0.9836446814770408,26796,108,26796
denovo_pdb,4pww_A,all,L,0.6235294117647059,3160,87,85
denovo_pdb,4pww_A,all,L/2,0.8095238095238095,3160,87,42
denovo_pdb,4pww_A,all,L/5,0.9411764705882353,3160,87,17
denovo_pdb,4pww_A,all,R,0.6091954022988506,3160,87,87
denovo_pdb,4pww_A,all,AUC,0.9527680839046797,3160,87,3160
denovo_pdb,4pww_A,short,L,0.1411764705882353,459,13,85
denovo_pdb,4pww_A,short,L/2,0.2857142857142857,459,13,42
denovo_pdb,4pww_A,short,L/5,0.7058823529411765,459,13,17
denovo_pdb,4pww_A,short,R,0.8461538461538461,459,13,13
denovo_pdb,4pww_A,short,AUC,0.9525698516729908,459,13,459
denovo_pdb,4pww_A,medium,L,0.1411764705882353,810,12,85
denovo_pdb,4pww_A,medium,L/2,0.2619047619047619,810,12,42
denovo_pdb,4pww_A,medium,L/5,0.35294117647058826,810,12,17
denovo_pdb,4pww_A,medium,R,0.4166666666666667,810,12,12
denovo_pdb,4pww_A,medium,AUC,0.9875208855472013,810,12,810
denovo_pdb,4pww_A,long,L,0.4588235294117647,1891,62,85
denovo_pdb,4pww_A,long,L/2,0.6904761904761905,1891,62,42
denovo_pdb,4pww_A,long,L/5,0.8823529411764706,1891,62,17
denovo_pdb,4pww_A,long,R,0.5645161290322581,1891,62,62
denovo_pdb,4pww_A,long,AUC,0.9410659799996473,1891,62,1891
denovo_pdb,4qkr_A,all,L,0.328,7026,141,125
denovo_pdb,4qkr_A,all,L/2,0.4838709677419355,7026,141,62
denovo_pdb,4qkr_A,all,L/5,0.64,7026,141,25
denovo_pdb,4qkr_A,all,R,0.3120567375886525,7026,141,141
denovo_pdb,4qkr_A,all,AUC,0.8461554309141571,7026,141,7026
denovo_pdb,4qkr_A,short,L,0.232,687,31,125
denovo_pdb,4qkr_A,short,L/2,0.43548387096774194,687,31,62
denovo_pdb,4qkr_A,short,L/5,0.6,687,31,25
denovo_pdb,4qkr_A,short,R,0.5806451612903226,687,31,31
denovo_pdb,4qkr_A,short,AUC,0.9694876081825334,687,31,687
denovo_pdb,4qkr_A,medium,L,0.2,1266,42,125
denovo_pdb,4qkr_A,medium,L/2,0.24193548387096775,1266,42,62
denovo_pdb,4qkr_A,medium,L/5,0.4,1266,42,25
denovo_pdb,4qkr_A,medium,R,0.2619047619047619,1266,42,42
denovo_pdb,4qkr_A,medium,AUC,0.9276960784313726,1266,42,1266
denovo_pdb,4qkr_A,long,L,0.128,5073,68,125
denovo_pdb,4qkr_A,long,L/2,0.11290322580645161,5073,68,62
denovo_pdb,4qkr_A,long,L/5,0.08,5073,68,25
denovo_pdb,4qkr_A,long,R,0.10294117647058823,5073,68,68
denovo_pdb,4qkr_A,long,AUC,0.7512164306281953,5073,68,5073
denovo_pdb,4qks_A,all,L,0.3870967741935484,7021,139,124
denovo_pdb,4qks_A,all,L/2,0.4838709677419355,7021,139,62
denovo_pdb,4qks_A,all,L/5,0.6666666666666666,7021,139,24
denovo_pdb,4qks_A,all,R,0.38848920863309355,7021,139,139
denovo_pdb,4qks_A,all,AUC,0.9036486591023607,7021,139,7021
denovo_pdb,4qks_A,short,L,0.23387096774193547,693,31,124
denovo_pdb,4qks_A,short,L/2,0.45161290322580644,693,31,62
denovo_pdb,4qks_A,short,L/5,0.6666666666666666,693,31,24
denovo_pdb,4qks_A,short,R,0.5483870967741935,693,31,31
denovo_pdb,4qks_A,short,AUC,0.9716158269174544,693,31,693
denovo_pdb,4qks_A,medium,L,0.2903225806451613,1278,49,124
denovo_pdb,4qks_A,medium,L/2,0.3548387096774194,1278,49,62
denovo_pdb,4qks_A,medium,L/5,0.4166666666666667,1278,49,24
denovo_pdb,4qks_A,medium,R,0.40816326530612246,1278,49,49
denovo_pdb,4qks_A,medium,AUC,0.9512462430049318,1278,49,1278
denovo_pdb,4qks_A,long,L,0.1935483870967742,5050,59,124
denovo_pdb,4qks_A,long,L/2,0.1774193548387097,5050,59,62
denovo_pdb,4qks_A,long,L/5,0.125,5050,59,24
denovo_pdb,4qks_A,long,R,0.1694915254237288,5050,59,59
denovo_pdb,4qks_A,long,AUC,0.83100258431278,5050,59,5050
denovo_pdb,4r5c_A,all,L,0.8256578947368421,44551,314,304
denovo_pdb,4r5c_A,all,L/2,0.9802631578947368,44551,314,152
denovo_pdb,4r5c_A,all,L/5,1.0,44551,314,60
denovo_pdb,4r5c_A,all,R,0.8152866242038217,44551,314,314
denovo_pdb,4r5c_A,all,AUC,0.9934305432709081,44551,314,44551
denovo_pdb,4r5c_A,short,L,0.08223684210526316,1773,25,304
denovo_pdb,4r5c_A,short,L/2,0.16447368421052633,1773,25,152
denovo_pdb,4r5c_A,short,L/5,0.36666666666666664,1773,25,60
denovo_pdb,4r5c_A,short,R,0.72,1773,25,25
denovo_pdb,4r5c_A,short,AUC,0.9941876430205949,1773,25,1773
denovo_pdb,4r5c_A,medium,L,0.555921052631579,3438,177,304
denovo_pdb,4r5c_A,medium,L/2,0.8947368421052632,3438,177,152
denovo_pdb,4r5c_A,medium,L/5,1.0,3438,177,60
denovo_pdb,4r5c_A,medium,R,0.8418079096045198,3438,177,177
denovo_pdb,4r5c_A,medium,AUC,0.9918208168095122,3438,177,3438
denovo_pdb,4r5c_A,long,L,0.3355263157894737,39340,112,304
denovo_pdb,4r5c_A,long,L/2,0.6381578947368421,39340,112,152
denovo_pdb,4r5c_A,long,L/5,0.9666666666666667,39340,112,60
denovo_pdb,4r5c_A,long,R,0.7767857142857143,39340,112,112
denovo_pdb,4r5c_A,long,AUC,0.9853749918061442,39340,112,39340
denovo_pdb,4r6f_A,all,L,0.7629179331306991,52326,345,329
denovo_pdb,4r6f_A,all,L/2,0.9573170731707317,52326,345,164
denovo_pdb,4r6f_A,all,L/5,1.0,52326,345,65
denovo_pdb,4r6f_A,all,R,0.744927536231884,52326,345,345
denovo_pdb,4r6f_A,all,AUC,0.9902271983994152,52326,345,52326
denovo_pdb,4r6f_A,short,L,0.0851063829787234,1923,29,329
denovo_pdb,4r6f_A,short,L/2,0.15853658536585366,1923,29,164
denovo_pdb,4r6f_A,short,L/5,0.36923076923076925,1923,29,65
denovo_pdb,4r6f_A,short,R,0.6206896551724138,1923,29,29
denovo_pdb,4r6f_A,short,AUC,0.9649528456468704,1923,29,1923
denovo_pdb,4r6f_A,medium,L,0.3282674772036474,3738,112,329
denovo_pdb,4r6f_A,medium,L/2,0.6158536585365854,3738,112,164
denovo_pdb,4r6f_A,medium,L/5,0.9538461538461539,3738,112,65
denovo_pdb,4r6f_A,medium,R,0.7589285714285714,3738,112,112
denovo_pdb,4r6f_A,medium,AUC,0.9921400992829564,3738,112,3738
denovo_pdb,4r6f_A,long,L,0.5349544072948328,46665,204,329
denovo_pdb,4r6f_A,long,L/2,0.823170731707317,46665,204,164
denovo_pdb,4r6f_A,long,L/5,1.0,46665,204,65
denovo_pdb,4r6f_A,long,R,0.75,46665,204,204
denovo_pdb,4r6f_A,long,AUC,0.9886103609563324,46665,204,46665
denovo_pdb,4u3h_A,all,L,0.65,4465,72,100
denovo_pdb,4u3h_A,all,L/2,0.92,4465,72,50
denovo_pdb,4u3h_A,all,L/5,0.95,4465,72,20
denovo_pdb,4u3h_A,all,R,0.7638888888888888,4465,72,72
denovo_pdb,4u3h_A,all,AUC,0.9743879151174849,4465,72,4465
denovo_pdb,4u3h_A,short,L,0.12,549,12,100
denovo_pdb,4u3h_A,short,L/2,0.24,549,12,50
denovo_pdb,4u3h_A,short,L/5,0.6,549,12,20
denovo_pdb,4u3h_A,short,R,0.9166666666666666,549,12,12
denovo_pdb,4u3h_A,short,AUC,0.9990689013035381,549,12,549
denovo_pdb,4u3h_A,medium,L,0.23,990,23,100
denovo_pdb,4u3h_A,medium,L/2,0.44,990,23,50
denovo_pdb,4u3h_A,medium,L/5,0.9,990,23,20
denovo_pdb,4u3h_A,medium,R,0.8695652173913043,990,23,23
denovo_pdb,4u3h_A,medium,AUC,0.9963131154174723,990,23,990
denovo_pdb,4u3h_A,long,L,0.33,2926,37,100
denovo_pdb,4u3h_A,long,L/2,0.62,2926,37,50
denovo_pdb,4u3h_A,long,L/5,0.9,2926,37,20
denovo_pdb,4u3h_A,long,R,0.7297297297297297,2926,37,37
denovo_pdb,4u3h_A,long,AUC,0.9526863311910041,2926,37,2926
denovo_pdb,4uos_A,all,L,0.3776595744680851,16653,149,188
denovo_pdb,4uos_A,all,L/2,0.5531914893617021,16653,149,94
denovo_pdb,4uos_A,all,L/5,0.7837837837837838,16653,149,37
denovo_pdb,4uos_A,all,R,0.4429530201342282,16653,149,149
denovo_pdb,4uos_A,all,AUC,0.9683322651901349,16653,149,16653
denovo_pdb,4uos_A,short,L,0.0425531914893617,1077,8,188
denovo_pdb,4uos_A,short,L/2,0.0851063829787234,1077,8,94
denovo_pdb,4uos_A,short,L/5,0.21621621621621623,1077,8,37
denovo_pdb,4uos_A,short,R,0.5,1077,8,8
denovo_pdb,4uos_A,short,AUC,0.9918147801683816,1077,8,1077
denovo_pdb,4uos_A,medium,L,0.06382978723404255,2046,12,188
denovo_pdb,4uos_A,medium,L/2,0.1276595744680851,2046,12,94
denovo_pdb,4uos_A,medium,L/5,0.2972972972972973,2046,12,37
denovo_pdb,4uos_A,medium,R,0.8333333333333334,2046,12,12
denovo_pdb,4uos_A,medium,AUC,0.9979105211406096,2046,12,2046
denovo_pdb,4uos_A,long,L,0.324468085106383,13530,129,188
denovo_pdb,4uos_A,long,L/2,0.5319148936170213,13530,129,94
denovo_pdb,4uos_A,long,L/5,0.7567567567567568,13530,129,37
denovo_pdb,4uos_A,long,R,0.4418604651162791,13530,129,129
denovo_pdb,4uos_A,long,AUC,0.9629846552004391,13530,129,13530
denovo_pdb,4wpy_A,all,L,0.1590909090909091,3403,42,88
denovo_pdb,4wpy_A,all,L/2,0.25,3403,42,44
denovo_pdb,4wpy_A,all,L/5,0.35294117647058826,3403,42,17
denovo_pdb,4wpy_A,all,R,0.2619047619047619,3403,42,42
denovo_pdb,4wpy_A,all,AUC,0.8499454527422395,3403,42,3403
denovo_pdb,4wpy_A,short,L,0.09090909090909091,477,9,88
denovo_pdb,4wpy_A,short,L/2,0.09090909090909091,477,9,44
denovo_pdb,4wpy_A,short,L/5,0.23529411764705882,477,9,17
denovo_pdb,4wpy_A,short,R,0.2222222222222222,477,9,9
denovo_pdb,4wpy_A,short,AUC,0.8899572649572649,477,9,477
denovo_pdb,4wpy_A,medium,L,0.11363636363636363,846,16,88
denovo_pdb,4wpy_A,medium,L/2,0.20454545454545456,846,16,44
denovo_pdb,4wpy_A,medium,L/5,0.35294117647058826,846,16,17
denovo_pdb,4wpy_A,medium,R,0.3125,846,16,16
denovo_pdb,4wpy_A,medium,AUC,0.8754894578313253,846,16,846
denovo_pdb,4wpy_A,long,L,0.06818181818181818,2080,17,88
denovo_pdb,4wpy_A,long,L/2,0.09090909090909091,2080,17,44
denovo_pdb,4wpy_A,long,L/5,0.11764705882352941,2080,17,17
denovo_pdb,4wpy_A,long,R,0.11764705882352941,2080,17,17
denovo_pdb,4wpy_A,long,AUC,0.7942317014057199,2080,17,2080
denovo_pdb,4wsp_A,all,L,0.2911392405063291,2701,41,79
denovo_pdb,4wsp_A,all,L/2,0.41025641025641024,2701,41,39
denovo_pdb,4wsp_A,all,L/5,0.4,2701,41,15
denovo_pdb,4wsp_A,all,R,0.3902439024390244,2701,41,41
denovo_pdb,4wsp_A,all,AUC,0.8789290298918025,2701,41,2701
denovo_pdb,4wsp_A,short,L,0.08860759493670886,423,7,79
denovo_pdb,4wsp_A,short,L/2,0.15384615384615385,423,7,39
denovo_pdb,4wsp_A,short,L/5,0.3333333333333333,423,7,15
denovo_pdb,4wsp_A,short,R,0.42857142857142855,423,7,7
denovo_pdb,4wsp_A,short,AUC,0.9756181318681318,423,7,423
denovo_pdb,4wsp_A,medium,L,0.16455696202531644,738,17,79
denovo_pdb,4wsp_A,medium,L/2,0.3333333333333333,738,17,39
denovo_pdb,4wsp_A,medium,L/5,0.4666666666666667,738,17,15
denovo_pdb,4wsp_A,medium,R,0.47058823529411764,738,17,17
denovo_pdb,4wsp_A,medium,AUC,0.9185771395937015,738,17,738
denovo_pdb,4wsp_A,long,L,0.08860759493670886,1540,17,79
denovo_pdb,4wsp_A,long,L/2,0.1282051282051282,1540,17,39
denovo_pdb,4wsp_A,long,L/5,0.2,1540,17,15
denovo_pdb,4wsp_A,long,R,0.17647058823529413,1540,17,17
denovo_pdb,4wsp_A,long,AUC,0.8016492217372833,1540,17,1540
denovo_pdb,4yxx_A,all,L,0.27884615384615385,20503,180,208
denovo_pdb,4yxx_A,all,L/2,0.4230769230769231,20503,180,104
denovo_pdb,4yxx_A,all,L/5,0.7317073170731707,20503,180,41
denovo_pdb,4yxx_A,all,R,0.3,20503,180,180
denovo_pdb,4yxx_A,all,AUC,0.8681552646973598,20503,180,20503
denovo_pdb,4yxx_A,short,L,0.13942307692307693,1197,29,208
denovo_pdb,4yxx_A,short,L/2,0.25961538461538464,1197,29,104
denovo_pdb,4yxx_A,short,L/5,0.5609756097560976,1197,29,41
denovo_pdb,4yxx_A,short,R,0.7586206896551724,1197,29,29
denovo_pdb,4yxx_A,short,AUC,0.985415682569674,1197,29,1197
denovo_pdb,4yxx_A,medium,L,0.13942307692307693,2286,32,208
denovo_pdb,4yxx_A,medium,L/2,0.23076923076923078,2286,32,104
denovo_pdb,4yxx_A,medium,L/5,0.36585365853658536,2286,32,41
denovo_pdb,4yxx_A,medium,R,0.40625,2286,32,32
denovo_pdb,4yxx_A,medium,AUC,0.9730687111801242,2286,32,2286
denovo_pdb,4yxx_A,long,L,0.12980769230769232,17020,119,208
denovo_pdb,4yxx_A,long,L/2,0.16346153846153846,17020,119,104
denovo_pdb,4yxx_A,long,L/5,0.2682926829268293,17020,119,41
denovo_pdb,4yxx_A,long,R,0.14285714285714285,17020,119,119
denovo_pdb,4yxx_A,long,AUC,0.8203544715916069,17020,119,17020
denovo_pdb,4yxz_A,all,L,0.04316546762589928,37128,191,278
denovo_pdb,4yxz_A,all,L/2,0.050359712230215826,37128,191,139
denovo_pdb,4yxz_A,all,L/5,0.03636363636363636,37128,191,55
denovo_pdb,4yxz_A,all,R,0.041884816753926704,37128,191,191
denovo_pdb,4yxz_A,all,AUC,0.8443605051589893,37128,191,37128
denovo_pdb,4yxz_A,short,L,0.1223021582733813,1617,36,278
denovo_pdb,4yxz_A,short,L/2,0.16546762589928057,1617,36,139
denovo_pdb,4yxz_A,short,L/5,0.2727272727272727,1617,36,55
denovo_pdb,4yxz_A,short,R,0.2777777777777778,1617,36,36
denovo_pdb,4yxz_A,short,AUC,0.9448134092346616,1617,36,1617
denovo_pdb,4yxz_A,medium,L,0.017985611510791366,3126,38,278
denovo_pdb,4yxz_A,medium,L/2,0.014388489208633094,3126,38,139
denovo_pdb,4yxz_A,medium,L/5,0.0,3126,38,55
denovo_pdb,4yxz_A,medium,R,0.0,3126,38,38
denovo_pdb,4yxz_A,medium,AUC,0.6521466798472866,3126,38,3126
denovo_pdb,4yxz_A,long,L,0.03237410071942446,32385,117,278
denovo_pdb,4yxz_A,long,L/2,0.02158273381294964,32385,117,139
denovo_pdb,4yxz_A,long,L/5,0.0,32385,117,55
denovo_pdb,4yxz_A,long,R,0.017094017094017096,32385,117,117
denovo_pdb,4yxz_A,long,AUC,0.8267260094147414,32385,117,32385
denovo_pdb,5bvl_A,all,L,0.7333333333333333,15225,235,180
denovo_pdb,5bvl_A,all,L/2,0.8444444444444444,15225,235,90
denovo_pdb,5bvl_A,all,L/5,0.8333333333333334,15225,235,36
denovo_pdb,5bvl_A,all,R,0.625531914893617,15225,235,235
denovo_pdb,5bvl_A,all,AUC,0.9849002881353526,15225,235,15225
denovo_pdb,5bvl_A,short,L,0.2111111111111111,1029,38,180
denovo_pdb,5bvl_A,short,L/2,0.4111111111111111,1029,38,90
denovo_pdb,5bvl_A,short,L/5,0.7777777777777778,1029,38,36
denovo_pdb,5bvl_A,short,R,0.7368421052631579,1029,38,38
denovo_pdb,5bvl_A,short,AUC,0.991489192203516,1029,38,1029
denovo_pdb,5bvl_A,medium,L,0.2777777777777778,1950,62,180
denovo_pdb,5bvl_A,medium,L/2,0.4111111111111111,1950,62,90
denovo_pdb,5bvl_A,medium,L/5,0.6388888888888888,1950,62,36
denovo_pdb,5bvl_A,medium,R,0.5,1950,62,62
denovo_pdb,5bvl_A,medium,AUC,0.9601600943138328,1950,62,1950
denovo_pdb,5bvl_A,long,L,0.5222222222222223,12246,135,180
denovo_pdb,5bvl_A,long,L/2,0.8222222222222222,12246,135,90
denovo_pdb,5bvl_A,long,L/5,0.8888888888888888,12246,135,36
denovo_pdb,5bvl_A,long,R,0.6370370370370371,12246,135,135
denovo_pdb,5bvl_A,long,AUC,0.9879512656079413,12246,135,12246
denovo_pdb,5cwb_A,all,L,0.350253807106599,18336,188,197
denovo_pdb,5cwb_A,all,L/2,0.5204081632653061,18336,188,98
denovo_pdb,5cwb_A,all,L/5,0.8717948717948718,18336,188,39
denovo_pdb,5cwb_A,all,R,0.3670212765957447,18336,188,188
denovo_pdb,5cwb_A,all,AUC,0.962014599815231,18336,188,18336
denovo_pdb,5cwb_A,short,L,0.15228426395939088,1131,30,197
denovo_pdb,5cwb_A,short,L/2,0.29591836734693877,1131,30,98
denovo_pdb,5cwb_A,short,L/5,0.717948717948718,1131,30,39
denovo_pdb,5cwb_A,short,R,0.7666666666666667,1131,30,30
denovo_pdb,5cwb_A,short,AUC,0.994792612776264,1131,30,1131
denovo_pdb,5cwb_A,medium,L,0.08121827411167512,2154,16,197
denovo_pdb,5cwb_A,medium,L/2,0.16326530612244897,2154,16,98
denovo_pdb,5cwb_A,medium,L/5,0.41025641025641024,2154,16,39
denovo_pdb,5cwb_A,medium,R,0.5625,2154,16,16
denovo_pdb,5cwb_A,medium,AUC,0.9959658559401309,2154,16,2154
denovo_pdb,5cwb_A,long,L,0.23857868020304568,15051,142,197
denovo_pdb,5cwb_A,long,L/2,0.25510204081632654,15051,142,98
denovo_pdb,5cwb_A,long,L/5,0.28205128205128205,15051,142,39
denovo_pdb,5cwb_A,long,R,0.2605633802816901,15051,142,142
denovo_pdb,5cwb_A,long,AUC,0.9527447736927973,15051,142,15051
denovo_pdb,5cwc_A,all,L,0.1989795918367347,18145,182,196
denovo_pdb,5cwc_A,all,L/2,0.2755102040816326,18145,182,98
denovo_pdb,5cwc_A,all,L/5,0.358974358974359,18145,182,39
denovo_pdb,5cwc_A,all,R,0.2032967032967033,18145,182,182
denovo_pdb,5cwc_A,all,AUC,0.9110156530548448,18145,182,18145
denovo_pdb,5cwc_A,short,L,0.07653061224489796,1125,16,196
denovo_pdb,5cwc_A,short,L/2,0.14285714285714285,1125,16,98
denovo_pdb,5cwc_A,short,L/5,0.3076923076923077,1125,16,39
denovo_pdb,5cwc_A,short,R,0.4375,1125,16,16
denovo_pdb,5cwc_A,short,AUC,0.9652840396753832,1125,16,1125
denovo_pdb,5cwc_A,medium,L,0.09693877551020408,2142,19,196
denovo_pdb,5cwc_A,medium,L/2,0.16326530612244897,2142,19,98
denovo_pdb,5cwc_A,medium,L/5,0.2564102564102564,2142,19,39
denovo_pdb,5cwc_A,medium,R,0.42105263157894735,2142,19,19
denovo_pdb,5cwc_A,medium,AUC,0.9791506557255125,2142,19,2142
denovo_pdb,5cwc_A,long,L,0.14795918367346939,14878,147,196
denovo_pdb,5cwc_A,long,L/2,0.15306122448979592,14878,147,98
denovo_pdb,5cwc_A,long,L/5,0.1794871794871795,14878,147,39
denovo_pdb,5cwc_A,long,R,0.1360544217687075,14878,147,147
denovo_pdb,5cwc_A,long,AUC,0.8972671819389624,14878,147,14878
denovo_pdb,5cwd_A,all,L,0.27485380116959063,13695,124,171
denovo_pdb,5cwd_A,all,L/2,0.3411764705882353,13695,124,85
denovo_pdb,5cwd_A,all,L/5,0.4411764705882353,13695,124,34
denovo_pdb,5cwd_A,all,R,0.31451612903225806,13695,124,124
denovo_pdb,5cwd_A,all,AUC,0.9439717875640896,13695,124,13695
denovo_pdb,5cwd_A,short,L,0.05263157894736842,975,9,171
denovo_pdb,5cwd_A,short,L/2,0.09411764705882353,975,9,85
denovo_pdb,5cwd_A,short,L/5,0.14705882352941177,975,9,34
denovo_pdb,5cwd_A,short,R,0.3333333333333333,975,9,9
denovo_pdb,5cwd_A,short,AUC,0.9719346675868414,975,9,975
denovo_pdb,5cwd_A,medium,L,0.08771929824561403,1842,16,171
denovo_pdb,5cwd_A,medium,L/2,0.17647058823529413,1842,16,85
denovo_pdb,5cwd_A,medium,L/5,0.35294117647058826,1842,16,34
denovo_pdb,5cwd_A,medium,R,0.625,1842,16,16
denovo_pdb,5cwd_A,medium,AUC,0.9839984939759036,1842,16,1842
denovo_pdb,5cwd_A,long,L,0.24561403508771928,10878,99,171
denovo_pdb,5cwd_A,long,L/2,0.27058823529411763,10878,99,85
denovo_pdb,5cwd_A,long,L/5,0.2647058823529412,10878,99,34
denovo_pdb,5cwd_A,long,R,0.2727272727272727,10878,99,99
denovo_pdb,5cwd_A,long,AUC,0.9360166279175464,10878,99,10878
denovo_pdb,5cwg_A,all,L,0.19487179487179487,17955,174,195
denovo_pdb,5cwg_A,all,L/2,0.32989690721649484,17955,174,97
denovo_pdb,5cwg_A,all,L/5,0.4358974358974359,17955,174,39
denovo_pdb,5cwg_A,all,R,0.21839080459770116,17955,174,174
denovo_pdb,5cwg_A,all,AUC,0.9047373633356541,17955,174,17955
denovo_pdb,5cwg_A,short,L,0.08717948717948718,1119,17,195
denovo_pdb,5cwg_A,short,L/2,0.14432989690721648,1119,17,97
denovo_pdb,5cwg_A,short,L/5,0.3076923076923077,1119,17,39
denovo_pdb,5cwg_A,short,R,0.4117647058823529,1119,17,17
denovo_pdb,5cwg_A,short,AUC,0.9689068004697342,1119,17,1119
denovo_pdb,5cwg_A,medium,L,0.09743589743589744,2130,19,195
denovo_pdb,5cwg_A,medium,L/2,0.17525773195876287,2130,19,97
denovo_pdb,5cwg_A,medium,L/5,0.3076923076923077,2130,19,39
denovo_pdb,5cwg_A,medium,R,0.47368421052631576,2130,19,19
denovo_pdb,5cwg_A,medium,AUC,0.9838066269415843,2130,19,2130
denovo_pdb,5cwg_A,long,L,0.15897435897435896,14706,138,195
denovo_pdb,5cwg_A,long,L/2,0.14432989690721648,14706,138,97
denovo_pdb,5cwg_A,long,L/5,0.28205128205128205,14706,138,39
denovo_pdb,5cwg_A,long,R,0.15217391304347827,14706,138,138
denovo_pdb,5cwg_A,long,AUC,0.8878502813392865,14706,138,14706
denovo_pdb,5cwh_A,all,L,0.660377358490566,11781,115,159
denovo_pdb,5cwh_A,all,L/2,0.9113924050632911,11781,115,79
denovo_pdb,5cwh_A,all,L/5,1.0,11781,115,31
denovo_pdb,5cwh_A,all,R,0.808695652173913,11781,115,115
denovo_pdb,5cwh_A,all,AUC,0.9988986948322514,11781,115,11781
denovo_pdb,5cwh_A,short,L,0.031446540880503145,903,5,159
denovo_pdb,5cwh_A,short,L/2,0.06329113924050633,903,5,79
denovo_pdb,5cwh_A,short,L/5,0.16129032258064516,903,5,31
denovo_pdb,5cwh_A,short,R,0.8,903,5,5
denovo_pdb,5cwh_A,short,AUC,0.9994432071269488,903,5,903
denovo_pdb,5cwh_A,medium,L,0.23270440251572327,1698,37,159
denovo_pdb,5cwh_A,medium,L/2,0.46835443037974683,1698,37,79
denovo_pdb,5cwh_A,medium,L/5,0.9354838709677419,1698,37,31
denovo_pdb,5cwh_A,medium,R,0.918918918918919,1698,37,37
denovo_pdb,5cwh_A,medium,AUC,0.9992433734155589,1698,37,1698
denovo_pdb,5cwh_A,long,L,0.44654088050314467,9180,73,159
denovo_pdb,5cwh_A,long,L/2,0.7468354430379747,9180,73,79
denovo_pdb,5cwh_A,long,L/5,0.967741935483871,9180,73,31
denovo_pdb,5cwh_A,long,R,0.7808219178082192,9180,73,73
denovo_pdb,5cwh_A,long,AUC,0.9987297141593627,9180,73,9180
denovo_pdb,5cwi_A,all,L,0.11587982832618025,25878,170,233
denovo_pdb,5cwi_A,all,L/2,0.15517241379310345,25878,170,116
denovo_pdb,5cwi_A,all,L/5,0.21739130434782608,25878,170,46
denovo_pdb,5cwi_A,all,R,0.13529411764705881,25878,170,170
denovo_pdb,5cwi_A,all,AUC,0.867652664769035,25878,170,25878
denovo_pdb,5cwi_A,short,L,0.04721030042918455,1347,12,233
denovo_pdb,5cwi_A,short,L/2,0.08620689655172414,1347,12,116
denovo_pdb,5cwi_A,short,L/5,0.17391304347826086,1347,12,46
denovo_pdb,5cwi_A,short,R,0.25,1347,12,12
denovo_pdb,5cwi_A,short,AUC,0.9249063670411984,1347,12,1347
denovo_pdb,5cwi_A,medium,L,0.055793991416309016,2586,13,233
denovo_pdb,5cwi_A,medium,L/2,0.10344827586206896,2586,13,116
denovo_pdb,5cwi_A,medium,L/5,0.1956521739130435,2586,13,46
denovo_pdb,5cwi_A,medium,R,0.3076923076923077,2586,13,13
denovo_pdb,5cwi_A,medium,AUC,0.9867709049597896,2586,13,2586
denovo_pdb,5cwi_A,long,L,0.060085836909871244,21945,145,233
denovo_pdb,5cwi_A,long,L/2,0.07758620689655173,21945,145,116
denovo_pdb,5cwi_A,long,L/5,0.17391304347826086,21945,145,46
denovo_pdb,5cwi_A,long,R,0.06896551724137931,21945,145,145
denovo_pdb,5cwi_A,long,AUC,0.8526788990825688,21945,145,21945
denovo_pdb,5cwj_A,all,L,0.6875,11935,157,160
denovo_pdb,5cwj_A,all,L/2,0.8625,11935,157,80
denovo_pdb,5cwj_A,all,L/5,0.96875,11935,157,32
denovo_pdb,5cwj_A,all,R,0.6942675159235668,11935,157,157
denovo_pdb,5cwj_A,all,AUC,0.9915460974958171,11935,157,11935
denovo_pdb,5cwj_A,short,L,0.04375,909,8,160
denovo_pdb,5cwj_A,short,L/2,0.0875,909,8,80
denovo_pdb,5cwj_A,short,L/5,0.1875,909,8,32
denovo_pdb,5cwj_A,short,R,0.5,909,8,8
denovo_pdb,5cwj_A,short,AUC,0.9183546059933407,909,8,909
denovo_pdb,5cwj_A,medium,L,0.15,1710,24,160
denovo_pdb,5cwj_A,medium,L/2,0.3,1710,24,80
denovo_pdb,5cwj_A,medium,L/5,0.6875,1710,24,32
denovo_pdb,5cwj_A,medium,R,0.7916666666666666,1710,24,24
denovo_pdb,5cwj_A,medium,AUC,0.9967501977066033,1710,24,1710
denovo_pdb,5cwj_A,long,L,0.625,9316,125,160
denovo_pdb,5cwj_A,long,L/2,0.8625,9316,125,80
denovo_pdb,5cwj_A,long,L/5,1.0,9316,125,32
denovo_pdb,5cwj_A,long,R,0.704,9316,125,125
denovo_pdb,5cwj_A,long,AUC,0.9953041018387553,9316,125,9316
denovo_pdb,5cwk_A,all,L,0.6918604651162791,13861,149,172
denovo_pdb,5cwk_A,all,L/2,0.8837209302325582,13861,149,86
denovo_pdb,5cwk_A,all,L/5,0.9411764705882353,13861,149,34
denovo_pdb,5cwk_A,all,R,0.7516778523489933,13861,149,149
denovo_pdb,5cwk_A,all,AUC,0.995776735999624,13861,149,13861
denovo_pdb,5cwk_A,short,L,0.08139534883720931,981,14,172
denovo_pdb,5cwk_A,short,L/2,0.1511627906976744,981,14,86
denovo_pdb,5cwk_A,short,L/5,0.3235294117647059,981,14,34
denovo_pdb,5cwk_A,short,R,0.6428571428571429,981,14,14
denovo_pdb,5cwk_A,short,AUC,0.983453981385729,981,14,981
denovo_pdb,5cwk_A,medium,L,0.1686046511627907,1854,29,172
denovo_pdb,5cwk_A,medium,L/2,0.32558139534883723,1854,29,86
denovo_pdb,5cwk_A,medium,L/5,0.7352941176470589,1854,29,34
denovo_pdb,5cwk_A,medium,R,0.7586206896551724,1854,29,29
denovo_pdb,5cwk_A,medium,AUC,0.9958053849787436,1854,29,1854
denovo_pdb,5cwk_A,long,L,0.5232558139534884,11026,106,172
denovo_pdb,5cwk_A,long,L/2,0.8255813953488372,11026,106,86
denovo_pdb,5cwk_A,long,L/5,0.9705882352941176,11026,106,34
denovo_pdb,5cwk_A,long,R,0.7547169811320755,11026,106,106
denovo_pdb,5cwk_A,long,AUC,0.9970035074987906,11026,106,11026
denovo_pdb,5cwm_A,all,L,0.672566371681416,24310,206,226
denovo_pdb,5cwm_A,all,L/2,0.8141592920353983,24310,206,113
denovo_pdb,5cwm_A,all,L/5,0.8888888888888888,24310,206,45
denovo_pdb,5cwm_A,all,R,0.7135922330097088,24310,206,206
denovo_pdb,5cwm_A,all,AUC,0.996420144583826,24310,206,24310
denovo_pdb,5cwm_A,short,L,0.07964601769911504,1305,18,226
denovo_pdb,5cwm_A,short,L/2,0.1592920353982301,1305,18,113
denovo_pdb,5cwm_A,short,L/5,0.35555555555555557,1305,18,45
denovo_pdb,5cwm_A,short,R,0.6111111111111112,1305,18,18
denovo_pdb,5cwm_A,short,AUC,0.9908270741604075,1305,18,1305
denovo_pdb,5cwm_A,medium,L,0.12389380530973451,2502,28,226
denovo_pdb,5cwm_A,medium,L/2,0.24778761061946902,2502,28,113
denovo_pdb,5cwm_A,medium,L/5,0.5111111111111111,2502,28,45
denovo_pdb,5cwm_A,medium,R,0.75,2502,28,28
denovo_pdb,5cwm_A,medium,AUC,0.9956764637948955,2502,28,2502
denovo_pdb,5cwm_A,long,L,0.6017699115044248,20503,160,226
denovo_pdb,5cwm_A,long,L/2,0.7964601769911505,20503,160,113
denovo_pdb,5cwm_A,long,L/5,0.9555555555555556,20503,160,45
denovo_pdb,5cwm_A,long,R,0.7,20503,160,160
denovo_pdb,5cwm_A,long,AUC,0.9969691662979895,20503,160,20503
denovo_pdb,5cwn_A,all,L,0.6763285024154589,20301,165,207
denovo_pdb,5cwn_A,all,L/2,0.8737864077669902,20301,165,103
denovo_pdb,5cwn_A,all,L/5,0.9512195121951219,20301,165,41
denovo_pdb,5cwn_A,all,R,0.7818181818181819,20301,165,165
denovo_pdb,5cwn_A,all,AUC,0.9982329251995521,20301,165,20301
denovo_pdb,5cwn_A,short,L,0.07246376811594203,1191,15,207
denovo_pdb,5cwn_A,short,L/2,0.14563106796116504,1191,15,103
denovo_pdb,5cwn_A,short,L/5,0.36585365853658536,1191,15,41
denovo_pdb,5cwn_A,short,R,0.8,1191,15,15
denovo_pdb,5cwn_A,short,AUC,0.9983560090702948,1191,15,1191
denovo_pdb,5cwn_A,medium,L,0.10628019323671498,2274,22,207
denovo_pdb,5cwn_A,medium,L/2,0.21359223300970873,2274,22,103
denovo_pdb,5cwn_A,medium,L/5,0.5121951219512195,2274,22,41
denovo_pdb,5cwn_A,medium,R,0.7272727272727273,2274,22,22
denovo_pdb,5cwn_A,medium,AUC,0.9981834329081221,2274,22,2274
denovo_pdb,5cwn_A,long,L,0.5555555555555556,16836,128,207
denovo_pdb,5cwn_A,long,L/2,0.8737864077669902,16836,128,103
denovo_pdb,5cwn_A,long,L/5,0.9024390243902439,16836,128,41
denovo_pdb,5cwn_A,long,R,0.7734375,16836,128,128
denovo_pdb,5cwn_A,long,AUC,0.9981929969924587,16836,128,16836
denovo_pdb,5cwp_A,all,L,0.20087336244541484,24976,204,229
denovo_pdb,5cwp_A,all,L/2,0.30701754385964913,24976,204,114
denovo_pdb,5cwp_A,all,L/5,0.5333333333333333,24976,204,45
denovo_pdb,5cwp_A,all,R,0.22058823529411764,24976,204,204
denovo_pdb,5cwp_A,all,AUC,0.8948938831951317,24976,204,24976
denovo_pdb,5cwp_A,short,L,0.09606986899563319,1323,22,229
denovo_pdb,5cwp_A,short,L/2,0.16666666666666666,1323,22,114
denovo_pdb,5cwp_A,short,L/5,0.35555555555555557,1323,22,45
denovo_pdb,5cwp_A,short,R,0.5909090909090909,1323,22,22
denovo_pdb,5cwp_A,short,AUC,0.9744951435958353,1323,22,1323
denovo_pdb,5cwp_A,medium,L,0.09170305676855896,2538,22,229
denovo_pdb,5cwp_A,medium,L/2,0.16666666666666666,2538,22,114
denovo_pdb,5cwp_A,medium,L/5,0.28888888888888886,2538,22,45
denovo_pdb,5cwp_A,medium,R,0.45454545454545453,2538,22,22
denovo_pdb,5cwp_A,medium,AUC,0.984788264200029,2538,22,2538
denovo_pdb,5cwp_A,long,L,0.1091703056768559,21115,160,229
denovo_pdb,5cwp_A,long,L/2,0.12280701754385964,21115,160,114
denovo_pdb,5cwp_A,long,L/5,0.2,21115,160,45
denovo_pdb,5cwp_A,long,R,0.11875,21115,160,160
denovo_pdb,5cwp_A,long,AUC,0.8721307563827249,21115,160,21115
denovo_pdb,5cwq_A,all,L,0.6866952789699571,25878,239,233
denovo_pdb,5cwq_A,all,L/2,0.7672413793103449,25878,239,116
denovo_pdb,5cwq_A,all,L/5,0.8695652173913043,25878,239,46
denovo_pdb,5cwq_A,all,R,0.6778242677824268,25878,239,239
denovo_pdb,5cwq_A,all,AUC,0.9743219379602954,25878,239,25878
denovo_pdb,5cwq_A,short,L,0.09871244635193133,1347,25,233
denovo_pdb,5cwq_A,short,L/2,0.19827586206896552,1347,25,116
denovo_pdb,5cwq_A,short,L/5,0.43478260869565216,1347,25,46
denovo_pdb,5cwq_A,short,R,0.68,1347,25,25
denovo_pdb,5cwq_A,short,AUC,0.9466414523449319,1347,25,1347
denovo_pdb,5cwq_A,medium,L,0.15879828326180256,2586,38,233
denovo_pdb,5cwq_A,medium,L/2,0.3103448275862069,2586,38,116
denovo_pdb,5cwq_A,medium,L/5,0.6521739130434783,2586,38,46
denovo_pdb,5cwq_A,medium,R,0.7105263157894737,2586,38,38
denovo_pdb,5cwq_A,medium,AUC,0.9801856977608858,2586,38,2586
denovo_pdb,5cwq_A,long,L,0.5536480686695279,21945,176,233
denovo_pdb,5cwq_A,long,L/2,0.7844827586206896,21945,176,116
denovo_pdb,5cwq_A,long,L/5,0.9130434782608695,21945,176,46
denovo_pdb,5cwq_A,long,R,0.6590909090909091,21945,176,176
denovo_pdb,5cwq_A,long,AUC,0.9766986467411958,21945,176,21945
denovo_pdb,5di5_A,all,L,0.6178010471204188,17205,151,191
denovo_pdb,5di5_A,all,L/2,0.9789473684210527,17205,151,95
denovo_pdb,5di5_A,all,L/5,1.0,17205,151,38
denovo_pdb,5di5_A,all,R,0.7417218543046358,17205,151,151
denovo_pdb,5di5_A,all,AUC,0.9423506322340334,17205,151,17205
denovo_pdb,5di5_A,short,L,0.010471204188481676,1095,3,191
denovo_pdb,5di5_A,short,L/2,0.021052631578947368,1095,3,95
denovo_pdb,5di5_A,short,L/5,0.05263157894736842,1095,3,38
denovo_pdb,5di5_A,short,R,0.6666666666666666,1095,3,3
denovo_pdb,5di5_A,short,AUC,0.8257020757020755,1095,3,1095
denovo_pdb,5di5_A,medium,L,0.5968586387434555,2082,123,191
denovo_pdb,5di5_A,medium,L/2,0.9789473684210527,2082,123,95
denovo_pdb,5di5_A,medium,L/5,1.0,2082,123,38
denovo_pdb,5di5_A,medium,R,0.8780487804878049,2082,123,123
denovo_pdb,5di5_A,medium,AUC,0.991971596591923,2082,123,2082
denovo_pdb,5di5_A,long,L,0.05235602094240838,14028,25,191
denovo_pdb,5di5_A,long,L/2,0.07368421052631578,14028,25,95
denovo_pdb,5di5_A,long,L/5,0.15789473684210525,14028,25,38
denovo_pdb,5di5_A,long,R,0.24,14028,25,25
denovo_pdb,5di5_A,long,AUC,0.6922645147468399,14028,25,14028
denovo_pdb,5dra_A,all,L,0.7473684210526316,17020,167,190
denovo_pdb,5dra_A,all,L/2,0.9894736842105263,17020,167,95
denovo_pdb,5dra_A,all,L/5,1.0,17020,167,38
denovo_pdb,5dra_A,all,R,0.8023952095808383,17020,167,167
denovo_pdb,5dra_A,all,AUC,0.9860432816204652,17020,167,17020
denovo_pdb,5dra_A,short,L,0.02631578947368421,1089,5,190
denovo_pdb,5dra_A,short,L/2,0.05263157894736842,1089,5,95
denovo_pdb,5dra_A,short,L/5,0.13157894736842105,1089,5,38
denovo_pdb,5dra_A,short,R,0.6,1089,5,5
denovo_pdb,5dra_A,short,AUC,0.9952029520295204,1089,5,1089
denovo_pdb,5dra_A,medium,L,0.7210526315789474,2070,152,190
denovo_pdb,5dra_A,medium,L/2,0.9894736842105263,2070,152,95
denovo_pdb,5dra_A,medium,L/5,1.0,2070,152,38
denovo_pdb,5dra_A,medium,R,0.8618421052631579,2070,152,152
denovo_pdb,5dra_A,medium,AUC,0.9759961033971791,2070,152,2070
denovo_pdb,5dra_A,long,L,0.05263157894736842,13861,10,190
denovo_pdb,5dra_A,long,L/2,0.10526315789473684,13861,10,95
denovo_pdb,5dra_A,long,L/5,0.23684210526315788,13861,10,38
denovo_pdb,5dra_A,long,R,0.5,13861,10,10
denovo_pdb,5dra_A,long,AUC,0.9991552956465237,13861,10,13861
denovo_pdb,5f53_A,all,L,0.5952380952380952,3081,57,84
denovo_pdb,5f53_A,all,L/2,0.7619047619047619,3081,57,42
denovo_pdb,5f53_A,all,L/5,0.9375,3081,57,16
denovo_pdb,5f53_A,all,R,0.7368421052631579,3081,57,57
denovo_pdb,5f53_A,all,AUC,0.9949903694421238,3081,57,3081
denovo_pdb,5f53_A,short,L,0.21428571428571427,453,18,84
denovo_pdb,5f53_A,short,L/2,0.42857142857142855,453,18,42
denovo_pdb,5f53_A,short,L/5,1.0,453,18,16
denovo_pdb,5f53_A,short,R,0.9444444444444444,453,18,18
denovo_pdb,5f53_A,short,AUC,0.9998084291187739,453,18,453
denovo_pdb,5f53_A,medium,L,0.23809523809523808,798,20,84
denovo_pdb,5f53_A,medium,L/2,0.42857142857142855,798,20,42
denovo_pdb,5f53_A,medium,L/5,0.5625,798,20,16
denovo_pdb,5f53_A,medium,R,0.5,798,20,20
denovo_pdb,5f53_A,medium,AUC,0.9866323907455014,798,20,798
denovo_pdb,5f53_A,long,L,0.2261904761904762,1830,19,84
denovo_pdb,5f53_A,long,L/2,0.42857142857142855,1830,19,42
denovo_pdb,5f53_A,long,L/5,0.8125,1830,19,16
denovo_pdb,5f53_A,long,R,0.7368421052631579,1830,19,19
denovo_pdb,5f53_A,long,AUC,0.9969339417012991,1830,19,1830
denovo_pdb,5hrz_A,all,L,0.8524590163934426,6786,105,122
denovo_pdb,5hrz_A,all,L/2,1.0,6786,105,61
denovo_pdb,5hrz_A,all,L/5,1.0,6786,105,24
denovo_pdb,5hrz_A,all,R,0.9333333333333333,6786,105,105
denovo_pdb,5hrz_A,all,AUC,0.9997305792546026,6786,105,6786
denovo_pdb,5hrz_A,short,L,0.11475409836065574,681,14,122
denovo_pdb,5hrz_A,short,L/2,0.22950819672131148,681,14,61
denovo_pdb,5hrz_A,short,L/5,0.5833333333333334,681,14,24
denovo_pdb,5hrz_A,short,R,0.9285714285714286,681,14,14
denovo_pdb,5hrz_A,short,AUC,0.9996787320625402,681,14,681
denovo_pdb,5hrz_A,medium,L,0.28688524590163933,1254,35,122
denovo_pdb,5hrz_A,medium,L/2,0.5737704918032787,1254,35,61
denovo_pdb,5hrz_A,medium,L/5,1.0,1254,35,24
denovo_pdb,5hrz_A,medium,R,0.9428571428571428,1254,35,35
denovo_pdb,5hrz_A,medium,AUC,0.9996249853509903,1254,35,1254
denovo_pdb,5hrz_A,long,L,0.45901639344262296,4851,56,122
denovo_pdb,5hrz_A,long,L/2,0.9016393442622951,4851,56,61
denovo_pdb,5hrz_A,long,L/5,1.0,4851,56,24
denovo_pdb,5hrz_A,long,R,0.9285714285714286,4851,56,56
denovo_pdb,5hrz_A,long,AUC,0.9997635185461046,4851,56,4851
denovo_pdb,5ieo_A,all,L,0.1440677966101695,6328,102,118
denovo_pdb,5ieo_A,all,L/2,0.1016949152542373,6328,102,59
denovo_pdb,5ieo_A,all,L/5,0.08695652173913043,6328,102,23
denovo_pdb,5ieo_A,all,R,0.12745098039215685,6328,102,102
denovo_pdb,5ieo_A,all,AUC,0.7628721742471483,6328,102,6328
denovo_pdb,5ieo_A,short,L,0.11016949152542373,657,18,118
denovo_pdb,5ieo_A,short,L/2,0.15254237288135594,657,18,59
denovo_pdb,5ieo_A,short,L/5,0.17391304347826086,657,18,23
denovo_pdb,5ieo_A,short,R,0.1111111111111111,657,18,18
denovo_pdb,5ieo_A,short,AUC,0.8021213701964875,657,18,657
denovo_pdb,5ieo_A,medium,L,0.1271186440677966,1206,31,118
denovo_pdb,5ieo_A,medium,L/2,0.13559322033898305,1206,31,59
denovo_pdb,5ieo_A,medium,L/5,0.043478260869565216,1206,31,23
denovo_pdb,5ieo_A,medium,R,0.0967741935483871,1206,31,31
denovo_pdb,5ieo_A,medium,AUC,0.8196019217570351,1206,31,1206
denovo_pdb,5ieo_A,long,L,0.06779661016949153,4465,53,118
denovo_pdb,5ieo_A,long,L/2,0.1016949152542373,4465,53,59
denovo_pdb,5ieo_A,long,L/5,0.08695652173913043,4465,53,23
denovo_pdb,5ieo_A,long,R,0.11320754716981132,4465,53,53
denovo_pdb,5ieo_A,long,AUC,0.7049620246668604,4465,53,4465
denovo_pdb,5iep_A,all,L,0.1652892561983471,6670,100,121
denovo_pdb,5iep_A,all,L/2,0.18333333333333332,6670,100,60
denovo_pdb,5iep_A,all,L/5,0.3333333333333333,6670,100,24
denovo_pdb,5iep_A,all,R,0.17,6670,100,100
denovo_pdb,5iep_A,all,AUC,0.8647846270928463,6670,100,6670
denovo_pdb,5iep_A,short,L,0.11570247933884298,675,15,121
denovo_pdb,5iep_A,short,L/2,0.18333333333333332,675,15,60
denovo_pdb,5iep_A,short,L/5,0.25,675,15,24
denovo_pdb,5iep_A,short,R,0.4,675,15,15
denovo_pdb,5iep_A,short,AUC,0.9135858585858585,675,15,675
denovo_pdb,5iep_A,medium,L,0.1487603305785124,1242,29,121
denovo_pdb,5iep_A,medium,L/2,0.13333333333333333,1242,29,60
denovo_pdb,5iep_A,medium,L/5,0.20833333333333334,1242,29,24
denovo_pdb,5iep_A,medium,R,0.1724137931034483,1242,29,29
denovo_pdb,5iep_A,medium,AUC,0.8810444324416523,1242,29,1242
denovo_pdb,5iep_A,long,L,0.05785123966942149,4753,56,121
denovo_pdb,5iep_A,long,L/2,0.08333333333333333,4753,56,60
denovo_pdb,5iep_A,long,L/5,0.125,4753,56,24
denovo_pdb,5iep_A,long,R,0.08928571428571429,4753,56,56
denovo_pdb,5iep_A,long,AUC,0.8392191824568873,4753,56,4753
denovo_pdb,5j0i_A,all,L,0.2876712328767123,2278,27,73
denovo_pdb,5j0i_A,all,L/2,0.3888888888888889,2278,27,36
denovo_pdb,5j0i_A,all,L/5,0.42857142857142855,2278,27,14
denovo_pdb,5j0i_A,all,R,0.4074074074074074,2278,27,27
denovo_pdb,5j0i_A,all,AUC,0.9856689208088586,2278,27,2278
denovo_pdb,5j0i_A,short,L,0.0136986301369863,387,1,73
denovo_pdb,5j0i_A,short,L/2,0.027777777777777776,387,1,36
denovo_pdb,5j0i_A,short,L/5,0.0,387,1,14
denovo_pdb,5j0i_A,short,R,0.0,387,1,1
denovo_pdb,5j0i_A,short,AUC,0.9611398963730571,387,1,387
denovo_pdb,5j0i_A,medium,L,0.1232876712328767,666,9,73
denovo_pdb,5j0i_A,medium,L/2,0.25,666,9,36
denovo_pdb,5j0i_A,medium,L/5,0.5714285714285714,666,9,14
denovo_pdb,5j0i_A,medium,R,0.6666666666666666,666,9,9
denovo_pdb,5j0i_A,medium,AUC,0.9959411466260781,666,9,666
denovo_pdb,5j0i_A,long,L,0.2054794520547945,1225,17,73
denovo_pdb,5j0i_A,long,L/2,0.3055555555555556,1225,17,36
denovo_pdb,5j0i_A,long,L/5,0.2857142857142857,1225,17,14
denovo_pdb,5j0i_A,long,R,0.29411764705882354,1225,17,17
denovo_pdb,5j0i_A,long,AUC,0.978403778730035,1225,17,1225
denovo_pdb,5l0p_A,all,L,0.2282958199356913,46665,299,311
denovo_pdb,5l0p_A,all,L/2,0.33548387096774196,46665,299,155
denovo_pdb,5l0p_A,all,L/5,0.6129032258064516,46665,299,62
denovo_pdb,5l0p_A,all,R,0.23411371237458195,46665,299,299
denovo_pdb,5l0p_A,all,AUC,0.8457198267038311,46665,299,46665
denovo_pdb,5l0p_A,short,L,0.1414790996784566,1815,55,311
denovo_pdb,5l0p_A,short,L/2,0.17419354838709677,1815,55,155
denovo_pdb,5l0p_A,short,L/5,0.3064516129032258,1815,55,62
denovo_pdb,5l0p_A,short,R,0.34545454545454546,1815,55,55
denovo_pdb,5l0p_A,short,AUC,0.9138223140495868,1815,55,1815
denovo_pdb,5l0p_A,medium,L,0.13183279742765272,3522,92,311
denovo_pdb,5l0p_A,medium,L/2,0.17419354838709677,3522,92,155
denovo_pdb,5l0p_A,medium,L/5,0.25806451612903225,3522,92,62
denovo_pdb,5l0p_A,medium,R,0.21739130434782608,3522,92,92
denovo_pdb,5l0p_A,medium,AUC,0.7889181138293826,3522,92,3522
denovo_pdb,5l0p_A,long,L,0.12218649517684887,41328,152,311
denovo_pdb,5l0p_A,long,L/2,0.21935483870967742,41328,152,155
denovo_pdb,5l0p_A,long,L/5,0.3387096774193548,41328,152,62
denovo_pdb,5l0p_A,long,R,0.2236842105263158,41328,152,152
denovo_pdb,5l0p_A,long,AUC,0.793343545166832,41328,152,41328
denovo_pdb,5l33_A,all,L,0.5471698113207547,5050,119,106
denovo_pdb,5l33_A,all,L/2,0.7547169811320755,5050,119,53
denovo_pdb,5l33_A,all,L/5,0.9523809523809523,5050,119,21
denovo_pdb,5l33_A,all,R,0.5126050420168067,5050,119,119
denovo_pdb,5l33_A,all,AUC,0.9407137829782085,5050,119,5050
denovo_pdb,5l33_A,short,L,0.24528301886792453,585,26,106
denovo_pdb,5l33_A,short,L/2,0.4528301886792453,585,26,53
denovo_pdb,5l33_A,short,L/5,0.6666666666666666,585,26,21
denovo_pdb,5l33_A,short,R,0.6538461538461539,585,26,26
denovo_pdb,5l33_A,short,AUC,0.9826613458098252,585,26,585
denovo_pdb,5l33_A,medium,L,0.330188679245283,1062,41,106
denovo_pdb,5l33_A,medium,L/2,0.5471698113207547,1062,41,53
denovo_pdb,5l33_A,medium,L/5,0.9047619047619048,1062,41,21
denovo_pdb,5l33_A,medium,R,0.6585365853658537,1062,41,41
denovo_pdb,5l33_A,medium,AUC,0.9714292539595327,1062,41,1062
denovo_pdb,5l33_A,long,L,0.22641509433962265,3403,52,106
denovo_pdb,5l33_A,long,L/2,0.2830188679245283,3403,52,53
denovo_pdb,5l33_A,long,L/5,0.38095238095238093,3403,52,21
denovo_pdb,5l33_A,long,R,0.2692307692307692,3403,52,52
denovo_pdb,5l33_A,long,AUC,0.8977400546335195,3403,52,3403
denovo_pdb,5le4_A,all,L,0.6869009584664537,47278,229,313
denovo_pdb,5le4_A,all,L/2,0.9615384615384616,47278,229,156
denovo_pdb,5le4_A,all,L/5,0.9838709677419355,47278,229,62
denovo_pdb,5le4_A,all,R,0.8427947598253275,47278,229,229
denovo_pdb,5le4_A,all,AUC,0.9971597946617208,47278,229,47278
denovo_pdb,5le4_A,short,L,0.11501597444089456,1827,36,313
denovo_pdb,5le4_A,short,L/2,0.22435897435897437,1827,36,156
denovo_pdb,5le4_A,short,L/5,0.5483870967741935,1827,36,62
denovo_pdb,5le4_A,short,R,0.8333333333333334,1827,36,36
denovo_pdb,5le4_A,short,AUC,0.9953160866058688,1827,36,1827
denovo_pdb,5le4_A,medium,L,0.1182108626198083,3546,37,313
denovo_pdb,5le4_A,medium,L/2,0.23717948717948717,3546,37,156
denovo_pdb,5le4_A,medium,L/5,0.5967741935483871,3546,37,62
denovo_pdb,5le4_A,medium,R,0.8378378378378378,3546,37,37
denovo_pdb,5le4_A,medium,AUC,0.9992220775919836,3546,37,3546
denovo_pdb,5le4_A,long,L,0.48881789137380194,41905,156,313
denovo_pdb,5le4_A,long,L/2,0.8461538461538461,41905,156,156
denovo_pdb,5le4_A,long,L/5,0.9838709677419355,41905,156,62
denovo_pdb,5le4_A,long,R,0.8461538461538461,41905,156,156
denovo_pdb,5le4_A,long,AUC,0.9963534363789459,41905,156,41905
denovo_pdb,5le9_A,all,L,0.6793650793650794,47895,233,315
denovo_pdb,5le9_A,all,L/2,0.9681528662420382,47895,233,157
denovo_pdb,5le9_A,all,L/5,1.0,47895,233,63
denovo_pdb,5le9_A,all,R,0.8240343347639485,47895,233,233
denovo_pdb,5le9_A,all,AUC,0.9992403139921439,47895,233,47895
denovo_pdb,5le9_A,short,L,0.1111111111111111,1839,35,315
denovo_pdb,5le9_A,short,L/2,0.2229299363057325,1839,35,157
denovo_pdb,5le9_A,short,L/5,0.5079365079365079,1839,35,63
denovo_pdb,5le9_A,short,R,0.7714285714285715,1839,35,35
denovo_pdb,5le9_A,short,AUC,0.9954307887234716,1839,35,1839
denovo_pdb,5le9_A,medium,L,0.09841269841269841,3570,31,315
denovo_pdb,5le9_A,medium,L/2,0.19745222929936307,3570,31,157
denovo_pdb,5le9_A,medium,L/5,0.47619047619047616,3570,31,63
denovo_pdb,5le9_A,medium,R,0.8709677419354839,3570,31,31
denovo_pdb,5le9_A,medium,AUC,0.9993163733148602,3570,31,3570
denovo_pdb,5le9_A,long,L,0.5079365079365079,42486,167,315
denovo_pdb,5le9_A,long,L/2,0.8598726114649682,42486,167,157
denovo_pdb,5le9_A,long,L/5,0.9841269841269841,42486,167,63
denovo_pdb,5le9_A,long,R,0.844311377245509,42486,167,167
denovo_pdb,5le9_A,long,AUC,0.9994294829137066,42486,167,42486
denovo_pdb,5lea_A,all,L,0.6835443037974683,48205,225,316
denovo_pdb,5lea_A,all,L/2,0.9556962025316456,48205,225,158
denovo_pdb,5lea_A,all,L/5,0.9682539682539683,48205,225,63
denovo_pdb,5lea_A,all,R,0.8533333333333334,48205,225,225
denovo_pdb,5lea_A,all,AUC,0.9995535176693993,48205,225,48205
denovo_pdb,5lea_A,short,L,0.09177215189873418,1845,29,316
denovo_pdb,5lea_A,short,L/2,0.18354430379746836,1845,29,158
denovo_pdb,5lea_A,short,L/5,0.4603174603174603,1845,29,63
denovo_pdb,5lea_A,short,R,0.8620689655172413,1845,29,29
denovo_pdb,5lea_A,short,AUC,0.9991835029621753,1845,29,1845
denovo_pdb,5lea_A,medium,L,0.11392405063291139,3582,36,316
denovo_pdb,5lea_A,medium,L/2,0.22784810126582278,3582,36,158
denovo_pdb,5lea_A,medium,L/5,0.5555555555555556,3582,36,63
denovo_pdb,5lea_A,medium,R,0.8611111111111112,3582,36,36
denovo_pdb,5lea_A,medium,AUC,0.9989933884815442,3582,36,3582
denovo_pdb,5lea_A,long,L,0.4936708860759494,42778,160,316
denovo_pdb,5lea_A,long,L/2,0.8544303797468354,42778,160,158
denovo_pdb,5lea_A,long,L/5,0.9682539682539683,42778,160,63
denovo_pdb,5lea_A,long,R,0.85625,42778,160,160
denovo_pdb,5lea_A,long,AUC,0.999633884156929,42778,160,42778
denovo_pdb,5lw2_A,all,L,0.6774193548387096,11175,112,155
denovo_pdb,5lw2_A,all,L/2,0.948051948051948,11175,112,77
denovo_pdb,5lw2_A,all,L/5,1.0,11175,112,31
denovo_pdb,5lw2_A,all,R,0.8303571428571429,11175,112,112
denovo_pdb,5lw2_A,all,AUC,0.9989068290698725,11175,112,11175
denovo_pdb,5lw2_A,short,L,0.0967741935483871,879,15,155
denovo_pdb,5lw2_A,short,L/2,0.19480519480519481,879,15,77
denovo_pdb,5lw2_A,short,L/5,0.4838709677419355,879,15,31
denovo_pdb,5lw2_A,short,R,0.8666666666666667,879,15,15
denovo_pdb,5lw2_A,short,AUC,0.9983024691358025,879,15,879
denovo_pdb,5lw2_A,medium,L,0.11612903225806452,1650,18,155
denovo_pdb,5lw2_A,medium,L/2,0.23376623376623376,1650,18,77
denovo_pdb,5lw2_A,medium,L/5,0.5161290322580645,1650,18,31
denovo_pdb,5lw2_A,medium,R,0.7222222222222222,1650,18,18
denovo_pdb,5lw2_A,medium,AUC,0.9979745370370371,1650,18,1650
denovo_pdb,5lw2_A,long,L,0.5032258064516129,8646,79,155
denovo_pdb,5lw2_A,long,L/2,0.8571428571428571,8646,79,77
denovo_pdb,5lw2_A,long,L/5,0.967741935483871,8646,79,31
denovo_pdb,5lw2_A,long,R,0.8481012658227848,8646,79,79
denovo_pdb,5lw2_A,long,AUC,0.9991134660080704,8646,79,8646
denovo_pdb,5oos_A,all,L,0.7204968944099379,12090,122,161
denovo_pdb,5oos_A,all,L/2,0.9875,12090,122,80
denovo_pdb,5oos_A,all,L/5,1.0,12090,122,32
denovo_pdb,5oos_A,all,R,0.860655737704918,12090,122,122
denovo_pdb,5oos_A,all,AUC,0.9990781428070483,12090,122,12090
denovo_pdb,5oos_A,short,L,0.10559006211180125,915,17,161
denovo_pdb,5oos_A,short,L/2,0.2125,915,17,80
denovo_pdb,5oos_A,short,L/5,0.53125,915,17,32
denovo_pdb,5oos_A,short,R,0.8823529411764706,915,17,17
denovo_pdb,5oos_A,short,AUC,0.9988536617319534,915,17,915
denovo_pdb,5oos_A,medium,L,0.11180124223602485,1722,18,161
denovo_pdb,5oos_A,medium,L/2,0.225,1722,18,80
denovo_pdb,5oos_A,medium,L/5,0.5625,1722,18,32
denovo_pdb,5oos_A,medium,R,0.8888888888888888,1722,18,18
denovo_pdb,5oos_A,medium,AUC,0.9995924621804904,1722,18,1722
denovo_pdb,5oos_A,long,L,0.5217391304347826,9453,87,161
denovo_pdb,5oos_A,long,L/2,0.875,9453,87,80
denovo_pdb,5oos_A,long,L/5,1.0,9453,87,32
denovo_pdb,5oos_A,long,R,0.8620689655172413,9453,87,87
denovo_pdb,5oos_A,long,AUC,0.9990857123221434,9453,87,9453
denovo_pdb,5oou_A,all,L,0.6545454545454545,12720,120,165
denovo_pdb,5oou_A,all,L/2,0.9634146341463414,12720,120,82
denovo_pdb,5oou_A,all,L/5,1.0,12720,120,33
denovo_pdb,5oou_A,all,R,0.8333333333333334,12720,120,120
denovo_pdb,5oou_A,all,AUC,0.964968253968254,12720,120,12720
denovo_pdb,5oou_A,short,L,0.08484848484848485,939,14,165
denovo_pdb,5oou_A,short,L/2,0.17073170731707318,939,14,82
denovo_pdb,5oou_A,short,L/5,0.42424242424242425,939,14,33
denovo_pdb,5oou_A,short,R,0.9285714285714286,939,14,14
denovo_pdb,5oou_A,short,AUC,0.9993436293436293,939,14,939
denovo_pdb,5oou_A,medium,L,0.10909090909090909,1770,18,165
denovo_pdb,5oou_A,medium,L/2,0.21951219512195122,1770,18,82
denovo_pdb,5oou_A,medium,L/5,0.5454545454545454,1770,18,33
denovo_pdb,5oou_A,medium,R,0.9444444444444444,1770,18,18
denovo_pdb,5oou_A,medium,AUC,0.9997780314561135,1770,18,1770
denovo_pdb,5oou_A,long,L,0.47878787878787876,10011,88,165
denovo_pdb,5oou_A,long,L/2,0.8292682926829268,10011,88,82
denovo_pdb,5oou_A,long,L/5,1.0,10011,88,33
denovo_pdb,5oou_A,long,R,0.8068181818181818,10011,88,88
denovo_pdb,5oou_A,long,AUC,0.9527171722261414,10011,88,10011
denovo_pdb,5op3_A,all,L,0.6687898089171974,11476,111,157
denovo_pdb,5op3_A,all,L/2,0.9358974358974359,11476,111,78
denovo_pdb,5op3_A,all,L/5,0.967741935483871,11476,111,31
denovo_pdb,5op3_A,all,R,0.8648648648648649,11476,111,111
denovo_pdb,5op3_A,all,AUC,0.9992643765631007,11476,111,11476
denovo_pdb,5op3_A,short,L,0.11464968152866242,891,18,157
denovo_pdb,5op3_A,short,L/2,0.23076923076923078,891,18,78
denovo_pdb,5op3_A,short,L/5,0.5483870967741935,891,18,31
denovo_pdb,5op3_A,short,R,0.7777777777777778,891,18,18
denovo_pdb,5op3_A,short,AUC,0.9968181239658903,891,18,891
denovo_pdb,5op3_A,medium,L,0.12101910828025478,1674,19,157
denovo_pdb,5op3_A,medium,L/2,0.24358974358974358,1674,19,78
denovo_pdb,5op3_A,medium,L/5,0.6129032258064516,1674,19,31
denovo_pdb,5op3_A,medium,R,0.8947368421052632,1674,19,19
denovo_pdb,5op3_A,medium,AUC,0.9998091906503418,1674,19,1674
denovo_pdb,5op3_A,long,L,0.4713375796178344,8911,74,157
denovo_pdb,5op3_A,long,L/2,0.8333333333333334,8911,74,78
denovo_pdb,5op3_A,long,L/5,0.967741935483871,8911,74,31
denovo_pdb,5op3_A,long,R,0.8648648648648649,8911,74,74
denovo_pdb,5op3_A,long,AUC,0.9994036131865712,8911,74,8911
denovo_pdb,5orm_A,all,L,0.6171428571428571,59340,231,350
denovo_pdb,5orm_A,all,L/2,0.7371428571428571,59340,231,175
denovo_pdb,5orm_A,all,L/5,0.9857142857142858,59340,231,70
denovo_pdb,5orm_A,all,R,0.7272727272727273,59340,231,231
denovo_pdb,5orm_A,all,AUC,0.9992394636103715,59340,231,59340
denovo_pdb,5orm_A,short,L,0.07142857142857142,2049,25,350
denovo_pdb,5orm_A,short,L/2,0.14285714285714285,2049,25,175
denovo_pdb,5orm_A,short,L/5,0.35714285714285715,2049,25,70
denovo_pdb,5orm_A,short,R,0.76,2049,25,25
denovo_pdb,5orm_A,short,AUC,0.9976284584980237,2049,25,2049
denovo_pdb,5orm_A,medium,L,0.23142857142857143,3990,81,350
denovo_pdb,5orm_A,medium,L/2,0.46285714285714286,3990,81,175
denovo_pdb,5orm_A,medium,L/5,0.7571428571428571,3990,81,70
denovo_pdb,5orm_A,medium,R,0.7654320987654321,3990,81,81
denovo_pdb,5orm_A,medium,AUC,0.9972554630182328,3990,81,3990
denovo_pdb,5orm_A,long,L,0.35714285714285715,53301,125,350
denovo_pdb,5orm_A,long,L/2,0.6228571428571429,53301,125,175
denovo_pdb,5orm_A,long,L/5,0.7142857142857143,53301,125,70
denovo_pdb,5orm_A,long,R,0.648,53301,125,125
denovo_pdb,5orm_A,long,AUC,0.9993746803069053,53301,125,53301
denovo_pdb,5trv_A,all,L,0.5084745762711864,6328,113,118
denovo_pdb,5trv_A,all,L/2,0.7796610169491526,6328,113,59
denovo_pdb,5trv_A,all,L/5,0.9565217391304348,6328,113,23
denovo_pdb,5trv_A,all,R,0.5221238938053098,6328,113,113
denovo_pdb,5trv_A,all,AUC,0.9596387557935057,6328,113,6328
denovo_pdb,5trv_A,short,L,0.1864406779661017,657,22,118
denovo_pdb,5trv_A,short,L/2,0.3559322033898305,657,22,59
denovo_pdb,5trv_A,short,L/5,0.782608695652174,657,22,23
denovo_pdb,5trv_A,short,R,0.7727272727272727,657,22,22
denovo_pdb,5trv_A,short,AUC,0.9916249105225483,657,22,657
denovo_pdb,5trv_A,medium,L,0.288135593220339,1206,36,118
denovo_pdb,5trv_A,medium,L/2,0.559322033898305,1206,36,59
denovo_pdb,5trv_A,medium,L/5,0.9565217391304348,1206,36,23
denovo_pdb,5trv_A,medium,R,0.75,1206,36,36
denovo_pdb,5trv_A,medium,AUC,0.9733499525166193,1206,36,1206
denovo_pdb,5trv_A,long,L,0.1864406779661017,4465,55,118
denovo_pdb,5trv_A,long,L/2,0.2542372881355932,4465,55,59
denovo_pdb,5trv_A,long,L/5,0.34782608695652173,4465,55,23
denovo_pdb,5trv_A,long,R,0.2727272727272727,4465,55,55
denovo_pdb,5trv_A,long,AUC,0.9394207379921666,4465,55,4465
denovo_pdb,5vjs_A,all,L,0.34183673469387754,18145,155,196
denovo_pdb,5vjs_A,all,L/2,0.5306122448979592,18145,155,98
denovo_pdb,5vjs_A,all,L/5,0.6410256410256411,18145,155,39
denovo_pdb,5vjs_A,all,R,0.4,18145,155,155
denovo_pdb,5vjs_A,all,AUC,0.9460160662733776,18145,155,18145
denovo_pdb,5vjs_A,short,L,0.02040816326530612,1125,4,196
denovo_pdb,5vjs_A,short,L/2,0.04081632653061224,1125,4,98
denovo_pdb,5vjs_A,short,L/5,0.10256410256410256,1125,4,39
denovo_pdb,5vjs_A,short,R,0.5,1125,4,4
denovo_pdb,5vjs_A,short,AUC,0.997992863514719,1125,4,1125
denovo_pdb,5vjs_A,medium,L,0.12755102040816327,2142,25,196
denovo_pdb,5vjs_A,medium,L/2,0.25510204081632654,2142,25,98
denovo_pdb,5vjs_A,medium,L/5,0.5128205128205128,2142,25,39
denovo_pdb,5vjs_A,medium,R,0.6,2142,25,25
denovo_pdb,5vjs_A,medium,AUC,0.9940292867264997,2142,25,2142
denovo_pdb,5vjs_A,long,L,0.2653061224489796,14878,126,196
denovo_pdb,5vjs_A,long,L/2,0.41836734693877553,14878,126,98
denovo_pdb,5vjs_A,long,L/5,0.5897435897435898,14878,126,39
denovo_pdb,5vjs_A,long,R,0.3333333333333333,14878,126,126
denovo_pdb,5vjs_A,long,AUC,0.9351704799779639,14878,126,14878
denovo_pdb,5vjt_A,all,L,0.3622448979591837,18145,163,196
denovo_pdb,5vjt_A,all,L/2,0.5306122448979592,18145,163,98
denovo_pdb,5vjt_A,all,L/5,0.7692307692307693,18145,163,39
denovo_pdb,5vjt_A,all,R,0.3987730061349693,18145,163,163
denovo_pdb,5vjt_A,all,AUC,0.9511363783688256,18145,163,18145
denovo_pdb,5vjt_A,short,L,0.02040816326530612,1125,4,196
denovo_pdb,5vjt_A,short,L/2,0.04081632653061224,1125,4,98
denovo_pdb,5vjt_A,short,L/5,0.10256410256410256,1125,4,39
denovo_pdb,5vjt_A,short,R,0.5,1125,4,4
denovo_pdb,5vjt_A,short,AUC,0.9986619090098127,1125,4,1125
denovo_pdb,5vjt_A,medium,L,0.12755102040816327,2142,25,196
denovo_pdb,5vjt_A,medium,L/2,0.25510204081632654,2142,25,98
denovo_pdb,5vjt_A,medium,L/5,0.48717948717948717,2142,25,39
denovo_pdb,5vjt_A,medium,R,0.64,2142,25,25
denovo_pdb,5vjt_A,medium,AUC,0.995049598488427,2142,25,2142
denovo_pdb,5vjt_A,long,L,0.29591836734693877,14878,134,196
denovo_pdb,5vjt_A,long,L/2,0.41836734693877553,14878,134,98
denovo_pdb,5vjt_A,long,L/5,0.6153846153846154,14878,134,39
denovo_pdb,5vjt_A,long,R,0.34328358208955223,14878,134,134
denovo_pdb,5vjt_A,long,AUC,0.9409873786250517,14878,134,14878
denovo_pdb,5vju_A,all,L,0.33163265306122447,18145,152,196
denovo_pdb,5vju_A,all,L/2,0.46938775510204084,18145,152,98
denovo_pdb,5vju_A,all,L/5,0.6410256410256411,18145,152,39
denovo_pdb,5vju_A,all,R,0.3881578947368421,18145,152,152
denovo_pdb,5vju_A,all,AUC,0.9478680671138191,18145,152,18145
denovo_pdb,5vju_A,short,L,0.01020408163265306,1125,3,196
denovo_pdb,5vju_A,short,L/2,0.02040816326530612,1125,3,98
denovo_pdb,5vju_A,short,L/5,0.05128205128205128,1125,3,39
denovo_pdb,5vju_A,short,R,0.3333333333333333,1125,3,3
denovo_pdb,5vju_A,short,AUC,0.9212715389185977,1125,3,1125
denovo_pdb,5vju_A,medium,L,0.12244897959183673,2142,24,196
denovo_pdb,5vju_A,medium,L/2,0.24489795918367346,2142,24,98
denovo_pdb,5vju_A,medium,L/5,0.48717948717948717,2142,24,39
denovo_pdb,5vju_A,medium,R,0.5833333333333334,2142,24,24
denovo_pdb,5vju_A,medium,AUC,0.9928981743783443,2142,24,2142
denovo_pdb,5vju_A,long,L,0.2602040816326531,14878,125,196
denovo_pdb,5vju_A,long,L/2,0.40816326530612246,14878,125,98
denovo_pdb,5vju_A,long,L/5,0.5897435897435898,14878,125,39
denovo_pdb,5vju_A,long,R,0.36,14878,125,125
denovo_pdb,5vju_A,long,AUC,0.940050972683522,14878,125,14878
denovo_pdb,5vnv_A,all,L,0.45,6555,116,120
denovo_pdb,5vnv_A,all,L/2,0.6166666666666667,6555,116,60
denovo_pdb,5vnv_A,all,L/5,0.75,6555,116,24
denovo_pdb,5vnv_A,all,R,0.45689655172413796,6555,116,116
denovo_pdb,5vnv_A,all,AUC,0.9686628090675892,6555,116,6555
denovo_pdb,5vnv_A,short,L,0.16666666666666666,669,21,120
denovo_pdb,5vnv_A,short,L/2,0.23333333333333334,669,21,60
denovo_pdb,5vnv_A,short,L/5,0.4166666666666667,669,21,24
denovo_pdb,5vnv_A,short,R,0.42857142857142855,669,21,21
denovo_pdb,5vnv_A,short,AUC,0.9442239858906525,669,21,669
denovo_pdb,5vnv_A,medium,L,0.2,1230,31,120
denovo_pdb,5vnv_A,medium,L/2,0.35,1230,31,60
denovo_pdb,5vnv_A,medium,L/5,0.625,1230,31,24
denovo_pdb,5vnv_A,medium,R,0.5161290322580645,1230,31,31
denovo_pdb,5vnv_A,medium,AUC,0.9655223438887245,1230,31,1230
denovo_pdb,5vnv_A,long,L,0.30833333333333335,4656,64,120
denovo_pdb,5vnv_A,long,L/2,0.48333333333333334,4656,64,60
denovo_pdb,5vnv_A,long,L/5,0.6666666666666666,4656,64,24
denovo_pdb,5vnv_A,long,R,0.484375,4656,64,64
denovo_pdb,5vnv_A,long,AUC,0.9724946238022647,4656,64,4656
denovo_pdb,5xg5_A,all,L,0.38620689655172413,9730,180,145
denovo_pdb,5xg5_A,all,L/2,0.5555555555555556,9730,180,72
denovo_pdb,5xg5_A,all,L/5,0.7586206896551724,9730,180,29
denovo_pdb,5xg5_A,all,R,0.3611111111111111,9730,180,180
denovo_pdb,5xg5_A,all,AUC,0.8967329842931938,9730,180,9730
denovo_pdb,5xg5_A,short,L,0.20689655172413793,819,30,145
denovo_pdb,5xg5_A,short,L/2,0.3611111111111111,819,30,72
denovo_pdb,5xg5_A,short,L/5,0.6206896551724138,819,30,29
denovo_pdb,5xg5_A,short,R,0.6,819,30,30
denovo_pdb,5xg5_A,short,AUC,0.9794465568229827,819,30,819
denovo_pdb,5xg5_A,medium,L,0.15172413793103448,1530,43,145
denovo_pdb,5xg5_A,medium,L/2,0.2222222222222222,1530,43,72
denovo_pdb,5xg5_A,medium,L/5,0.3448275862068966,1530,43,29
denovo_pdb,5xg5_A,medium,R,0.27906976744186046,1530,43,43
denovo_pdb,5xg5_A,medium,AUC,0.8848938865516648,1530,43,1530
denovo_pdb,5xg5_A,long,L,0.32413793103448274,7381,107,145
denovo_pdb,5xg5_A,long,L/2,0.375,7381,107,72
denovo_pdb,5xg5_A,long,L/5,0.4827586206896552,7381,107,29
denovo_pdb,5xg5_A,long,R,0.35514018691588783,7381,107,107
denovo_pdb,5xg5_A,long,AUC,0.8710013130879666,7381,107,7381
denovo_pdb,5ys7_A,all,L,0.35873015873015873,47895,274,315
denovo_pdb,5ys7_A,all,L/2,0.4840764331210191,47895,274,157
denovo_pdb,5ys7_A,all,L/5,0.5238095238095238,47895,274,63
denovo_pdb,5ys7_A,all,R,0.3759124087591241,47895,274,274
denovo_pdb,5ys7_A,all,AUC,0.9630485277840835,47895,274,47895
denovo_pdb,5ys7_A,short,L,0.27936507936507937,1839,96,315
denovo_pdb,5ys7_A,short,L/2,0.4140127388535032,1839,96,157
denovo_pdb,5ys7_A,short,L/5,0.5079365079365079,1839,96,63
denovo_pdb,5ys7_A,short,R,0.4375,1839,96,96
denovo_pdb,5ys7_A,short,AUC,0.9494376314782942,1839,96,1839
denovo_pdb,5ys7_A,medium,L,0.2507936507936508,3570,133,315
denovo_pdb,5ys7_A,medium,L/2,0.34394904458598724,3570,133,157
denovo_pdb,5ys7_A,medium,L/5,0.5396825396825397,3570,133,63
denovo_pdb,5ys7_A,medium,R,0.3609022556390977,3570,133,133
denovo_pdb,5ys7_A,medium,AUC,0.9108671445853506,3570,133,3570
denovo_pdb,5ys7_A,long,L,0.05396825396825397,42486,45,315
denovo_pdb,5ys7_A,long,L/2,0.08280254777070063,42486,45,157
denovo_pdb,5ys7_A,long,L/5,0.09523809523809523,42486,45,63
denovo_pdb,5ys7_A,long,R,0.1111111111111111,42486,45,45
denovo_pdb,5ys7_A,long,AUC,0.8783487665229377,42486,45,42486
denovo_pdb,6ais_O,all,L,0.3319672131147541,28441,204,244
denovo_pdb,6ais_O,all,L/2,0.36885245901639346,28441,204,122
denovo_pdb,6ais_O,all,L/5,0.4166666666666667,28441,204,48
denovo_pdb,6ais_O,all,R,0.3431372549019608,28441,204,204
denovo_pdb,6ais_O,all,AUC,0.9523364734213975,28441,204,28441
denovo_pdb,6ais_O,short,L,0.2540983606557377,1413,64,244
denovo_pdb,6ais_O,short,L/2,0.32786885245901637,1413,64,122
denovo_pdb,6ais_O,short,L/5,0.2708333333333333,1413,64,48
denovo_pdb,6ais_O,short,R,0.34375,1413,64,64
denovo_pdb,6ais_O,short,AUC,0.946546052631579,1413,64,1413
denovo_pdb,6ais_O,medium,L,0.27459016393442626,2718,98,244
denovo_pdb,6ais_O,medium,L/2,0.3770491803278688,2718,98,122
denovo_pdb,6ais_O,medium,L/5,0.4583333333333333,2718,98,48
denovo_pdb,6ais_O,medium,R,0.3877551020408163,2718,98,98
denovo_pdb,6ais_O,medium,AUC,0.9154989094874592,2718,98,2718
denovo_pdb,6ais_O,long,L,0.06967213114754098,24310,42,244
denovo_pdb,6ais_O,long,L/2,0.11475409836065574,24310,42,122
denovo_pdb,6ais_O,long,L/5,0.14583333333333334,24310,42,48
denovo_pdb,6ais_O,long,R,0.16666666666666666,24310,42,42
denovo_pdb,6ais_O,long,AUC,0.8783828596544931,24310,42,24310
denovo_pdb,6ds9_A,all,L,0.6021505376344086,3828,87,93
denovo_pdb,6ds9_A,all,L/2,0.8260869565217391,3828,87,46
denovo_pdb,6ds9_A,all,L/5,0.8333333333333334,3828,87,18
denovo_pdb,6ds9_A,all,R,0.6091954022988506,3828,87,87
denovo_pdb,6ds9_A,all,AUC,0.9735134437592751,3828,87,3828
denovo_pdb,6ds9_A,short,L,0.13978494623655913,507,13,93
denovo_pdb,6ds9_A,short,L/2,0.2826086956521739,507,13,46
denovo_pdb,6ds9_A,short,L/5,0.6111111111111112,507,13,18
denovo_pdb,6ds9_A,short,R,0.7692307692307693,507,13,13
denovo_pdb,6ds9_A,short,AUC,0.9932264092183121,507,13,507
denovo_pdb,6ds9_A,medium,L,0.13978494623655913,906,14,93
denovo_pdb,6ds9_A,medium,L/2,0.2826086956521739,906,14,46
denovo_pdb,6ds9_A,medium,L/5,0.5,906,14,18
denovo_pdb,6ds9_A,medium,R,0.6428571428571429,906,14,14
denovo_pdb,6ds9_A,medium,AUC,0.954516335682255,906,14,906
denovo_pdb,6ds9_A,long,L,0.4731182795698925,2415,60,93
denovo_pdb,6ds9_A,long,L/2,0.6739130434782609,2415,60,46
denovo_pdb,6ds9_A,long,L/5,0.8333333333333334,2415,60,18
denovo_pdb,6ds9_A,long,R,0.6,2415,60,60
denovo_pdb,6ds9_A,long,AUC,0.9722434536447275,2415,60,2415
denovo_pdb,6ee5_A,all,L,0.13068181818181818,60031,369,352
denovo_pdb,6ee5_A,all,L/2,0.1875,60031,369,176
denovo_pdb,6ee5_A,all,L/5,0.22857142857142856,60031,369,70
denovo_pdb,6ee5_A,all,R,0.13008130081300814,60031,369,369
denovo_pdb,6ee5_A,all,AUC,0.7097983954597347,60031,369,60031
denovo_pdb,6ee5_A,short,L,0.07954545454545454,2061,30,352
denovo_pdb,6ee5_A,short,L/2,0.13068181818181818,2061,30,176
denovo_pdb,6ee5_A,short,L/5,0.22857142857142856,2061,30,70
denovo_pdb,6ee5_A,short,R,0.26666666666666666,2061,30,30
denovo_pdb,6ee5_A,short,AUC,0.9406696208764156,2061,30,2061
denovo_pdb,6ee5_A,medium,L,0.07954545454545454,4014,49,352
denovo_pdb,6ee5_A,medium,L/2,0.11363636363636363,4014,49,176
denovo_pdb,6ee5_A,medium,L/5,0.17142857142857143,4014,49,70
denovo_pdb,6ee5_A,medium,R,0.24489795918367346,4014,49,49
denovo_pdb,6ee5_A,medium,AUC,0.8367501351107909,4014,49,4014
denovo_pdb,6ee5_A,long,L,0.03125,53956,290,352
denovo_pdb,6ee5_A,long,L/2,0.045454545454545456,53956,290,176
denovo_pdb,6ee5_A,long,L/5,0.08571428571428572,53956,290,70
denovo_pdb,6ee5_A,long,R,0.03103448275862069,53956,290,290
denovo_pdb,6ee5_A,long,AUC,0.6624397454498258,53956,290,53956
denovo_pdb,6egc_A,all,L,0.5510204081632653,10011,159,147
denovo_pdb,6egc_A,all,L/2,0.8767123287671232,10011,159,73
denovo_pdb,6egc_A,all,L/5,0.9310344827586207,10011,159,29
denovo_pdb,6egc_A,all,R,0.5094339622641509,10011,159,159
denovo_pdb,6egc_A,all,AUC,0.9285520036157777,10011,159,10011
denovo_pdb,6egc_A,short,L,0.08163265306122448,831,12,147
denovo_pdb,6egc_A,short,L/2,0.1506849315068493,831,12,73
denovo_pdb,6egc_A,short,L/5,0.27586206896551724,831,12,29
denovo_pdb,6egc_A,short,R,0.6666666666666666,831,12,12
denovo_pdb,6egc_A,short,AUC,0.9774114774114773,831,12,831
denovo_pdb,6egc_A,medium,L,0.12244897959183673,1554,19,147
denovo_pdb,6egc_A,medium,L/2,0.2191780821917808,1554,19,73
denovo_pdb,6egc_A,medium,L/5,0.41379310344827586,1554,19,29
denovo_pdb,6egc_A,medium,R,0.631578947368421,1554,19,19
denovo_pdb,6egc_A,medium,AUC,0.9602434424824275,1554,19,1554
denovo_pdb,6egc_A,long,L,0.43537414965986393,7626,128,147
denovo_pdb,6egc_A,long,L/2,0.8082191780821918,7626,128,73
denovo_pdb,6egc_A,long,L/5,1.0,7626,128,29
denovo_pdb,6egc_A,long,R,0.484375,7626,128,128
denovo_pdb,6egc_A,long,AUC,0.9161484729261136,7626,128,7626
denovo_pdb,6f0s_A,all,L,0.6693227091633466,30135,199,251
denovo_pdb,6f0s_A,all,L/2,0.816,30135,199,125
denovo_pdb,6f0s_A,all,L/5,0.92,30135,199,50
denovo_pdb,6f0s_A,all,R,0.7487437185929648,30135,199,199
denovo_pdb,6f0s_A,all,AUC,0.9958349168343051,30135,199,30135
denovo_pdb,6f0s_A,short,L,0.21115537848605578,1455,53,251
denovo_pdb,6f0s_A,short,L/2,0.424,1455,53,125
denovo_pdb,6f0s_A,short,L/5,0.98,1455,53,50
denovo_pdb,6f0s_A,short,R,0.9622641509433962,1455,53,53
denovo_pdb,6f0s_A,short,AUC,0.9995626194385379,1455,53,1455
denovo_pdb,6f0s_A,medium,L,0.23904382470119523,2802,61,251
denovo_pdb,6f0s_A,medium,L/2,0.464,2802,61,125
denovo_pdb,6f0s_A,medium,L/5,0.64,2802,61,50
denovo_pdb,6f0s_A,medium,R,0.6229508196721312,2802,61,61
denovo_pdb,6f0s_A,medium,AUC,0.9823475936148707,2802,61,2802
denovo_pdb,6f0s_A,long,L,0.3346613545816733,25878,85,251
denovo_pdb,6f0s_A,long,L/2,0.56,25878,85,125
denovo_pdb,6f0s_A,long,L/5,0.8,25878,85,50
denovo_pdb,6f0s_A,long,R,0.7411764705882353,25878,85,85
denovo_pdb,6f0s_A,long,AUC,0.9989212759503833,25878,85,25878
denovo_pdb,6ff6_A,all,L,0.22072072072072071,23436,194,222
denovo_pdb,6ff6_A,all,L/2,0.2702702702702703,23436,194,111
denovo_pdb,6ff6_A,all,L/5,0.38636363636363635,23436,194,44
denovo_pdb,6ff6_A,all,R,0.23195876288659795,23436,194,194
denovo_pdb,6ff6_A,all,AUC,0.8988038895103692,23436,194,23436
denovo_pdb,6ff6_A,short,L,0.08108108108108109,1281,20,222
denovo_pdb,6ff6_A,short,L/2,0.14414414414414414,1281,20,111
denovo_pdb,6ff6_A,short,L/5,0.22727272727272727,1281,20,44
denovo_pdb,6ff6_A,short,R,0.3,1281,20,20
denovo_pdb,6ff6_A,short,AUC,0.9438144329896907,1281,20,1281
denovo_pdb,6ff6_A,medium,L,0.0990990990990991,2454,33,222
denovo_pdb,6ff6_A,medium,L/2,0.16216216216216217,2454,33,111
denovo_pdb,6ff6_A,medium,L/5,0.2727272727272727,2454,33,44
denovo_pdb,6ff6_A,medium,R,0.36363636363636365,2454,33,33
denovo_pdb,6ff6_A,medium,AUC,0.919730139060994,2454,33,2454
denovo_pdb,6ff6_A,long,L,0.17567567567567569,19701,141,222
denovo_pdb,6ff6_A,long,L/2,0.24324324324324326,19701,141,111
denovo_pdb,6ff6_A,long,L/5,0.22727272727272727,19701,141,44
denovo_pdb,6ff6_A,long,R,0.2198581560283688,19701,141,141
denovo_pdb,6ff6_A,long,AUC,0.8854780344892601,19701,141,19701
denovo_pdb,6fpb_A,all,L,0.69375,11935,114,160
denovo_pdb,6fpb_A,all,L/2,0.975,11935,114,80
denovo_pdb,6fpb_A,all,L/5,0.96875,11935,114,32
denovo_pdb,6fpb_A,all,R,0.8596491228070176,11935,114,114
denovo_pdb,6fpb_A,all,AUC,0.9994660854827196,11935,114,11935
denovo_pdb,6fpb_A,short,L,0.1,909,16,160
denovo_pdb,6fpb_A,short,L/2,0.2,909,16,80
denovo_pdb,6fpb_A,short,L/5,0.5,909,16,32
denovo_pdb,6fpb_A,short,R,0.875,909,16,16
denovo_pdb,6fpb_A,short,AUC,0.9984952407614782,909,16,909
denovo_pdb,6fpb_A,medium,L,0.11875,1710,19,160
denovo_pdb,6fpb_A,medium,L/2,0.2375,1710,19,80
denovo_pdb,6fpb_A,medium,L/5,0.59375,1710,19,32
denovo_pdb,6fpb_A,medium,R,0.8947368421052632,1710,19,19
denovo_pdb,6fpb_A,medium,AUC,0.9994086339444116,1710,19,1710
denovo_pdb,6fpb_A,long,L,0.49375,9316,79,160
denovo_pdb,6fpb_A,long,L/2,0.85,9316,79,80
denovo_pdb,6fpb_A,long,L/5,1.0,9316,79,32
denovo_pdb,6fpb_A,long,R,0.8607594936708861,9316,79,79
denovo_pdb,6fpb_A,long,AUC,0.9995553107137914,9316,79,9316
denovo_pdb,6g6m_A,all,L,0.825,49455,323,320
denovo_pdb,6g6m_A,all,L/2,0.96875,49455,323,160
denovo_pdb,6g6m_A,all,L/5,1.0,49455,323,64
denovo_pdb,6g6m_A,all,R,0.8235294117647058,49455,323,323
denovo_pdb,6g6m_A,all,AUC,0.9992940606829293,49455,323,49455
denovo_pdb,6g6m_A,short,L,0.2375,1869,76,320
denovo_pdb,6g6m_A,short,L/2,0.475,1869,76,160
denovo_pdb,6g6m_A,short,L/5,1.0,1869,76,64
denovo_pdb,6g6m_A,short,R,0.9868421052631579,1869,76,76
denovo_pdb,6g6m_A,short,AUC,0.9999302844394868,1869,76,1869
denovo_pdb,6g6m_A,medium,L,0.415625,3630,133,320
denovo_pdb,6g6m_A,medium,L/2,0.6625,3630,133,160
denovo_pdb,6g6m_A,medium,L/5,0.78125,3630,133,64
denovo_pdb,6g6m_A,medium,R,0.7293233082706767,3630,133,133
denovo_pdb,6g6m_A,medium,AUC,0.9915781733429943,3630,133,3630
denovo_pdb,6g6m_A,long,L,0.35625,43956,114,320
denovo_pdb,6g6m_A,long,L/2,0.65,43956,114,160
denovo_pdb,6g6m_A,long,L/5,1.0,43956,114,64
denovo_pdb,6g6m_A,long,R,0.8245614035087719,43956,114,114
denovo_pdb,6g6m_A,long,AUC,0.9997114839011217,43956,114,43956
denovo_pdb,6g6p_A,all,L,0.7044025157232704,48828,324,318
denovo_pdb,6g6p_A,all,L/2,0.8679245283018868,48828,324,159
denovo_pdb,6g6p_A,all,L/5,0.9523809523809523,48828,324,63
denovo_pdb,6g6p_A,all,R,0.6944444444444444,48828,324,324
denovo_pdb,6g6p_A,all,AUC,0.9915069369358362,48828,324,48828
denovo_pdb,6g6p_A,short,L,0.18238993710691823,1857,58,318
denovo_pdb,6g6p_A,short,L/2,0.36477987421383645,1857,58,159
denovo_pdb,6g6p_A,short,L/5,0.8253968253968254,1857,58,63
denovo_pdb,6g6p_A,short,R,0.8620689655172413,1857,58,58
denovo_pdb,6g6p_A,short,AUC,0.998020931168657,1857,58,1857
denovo_pdb,6g6p_A,medium,L,0.3836477987421384,3606,126,318
denovo_pdb,6g6p_A,medium,L/2,0.6415094339622641,3606,126,159
denovo_pdb,6g6p_A,medium,L/5,0.8253968253968254,3606,126,63
denovo_pdb,6g6p_A,medium,R,0.6666666666666666,3606,126,126
denovo_pdb,6g6p_A,medium,AUC,0.9849970352125526,3606,126,3606
denovo_pdb,6g6p_A,long,L,0.389937106918239,43365,140,318
denovo_pdb,6g6p_A,long,L/2,0.6289308176100629,43365,140,159
denovo_pdb,6g6p_A,long,L/5,0.7619047619047619,43365,140,63
denovo_pdb,6g6p_A,long,R,0.6571428571428571,43365,140,140
denovo_pdb,6g6p_A,long,AUC,0.9873454515409402,43365,140,43365
denovo_pdb,6i37_A,all,L,0.7091633466135459,30135,205,251
denovo_pdb,6i37_A,all,L/2,0.832,30135,205,125
denovo_pdb,6i37_A,all,L/5,0.92,30135,205,50
denovo_pdb,6i37_A,all,R,0.7658536585365854,30135,205,205
denovo_pdb,6i37_A,all,AUC,0.9959688052610564,30135,205,30135
denovo_pdb,6i37_A,short,L,0.24701195219123506,1455,62,251
denovo_pdb,6i37_A,short,L/2,0.496,1455,62,125
denovo_pdb,6i37_A,short,L/5,1.0,1455,62,50
denovo_pdb,6i37_A,short,R,0.9838709677419355,1455,62,62
denovo_pdb,6i37_A,short,AUC,0.9999421068476021,1455,62,1455
denovo_pdb,6i37_A,medium,L,0.24302788844621515,2802,63,251
denovo_pdb,6i37_A,medium,L/2,0.472,2802,63,125
denovo_pdb,6i37_A,medium,L/5,0.62,2802,63,50
denovo_pdb,6i37_A,medium,R,0.6190476190476191,2802,63,63
denovo_pdb,6i37_A,medium,AUC,0.981371372937638,2802,63,2802
denovo_pdb,6i37_A,long,L,0.3107569721115538,25878,80,251
denovo_pdb,6i37_A,long,L/2,0.544,25878,80,125
denovo_pdb,6i37_A,long,L/5,0.82,25878,80,50
denovo_pdb,6i37_A,long,R,0.775,25878,80,80
denovo_pdb,6i37_A,long,AUC,0.9990428037057136,25878,80,25878
denovo_pdb,6i38_A,all,L,0.701195219123506,30135,211,251
denovo_pdb,6i38_A,all,L/2,0.832,30135,211,125
denovo_pdb,6i38_A,all,L/5,0.88,30135,211,50
denovo_pdb,6i38_A,all,R,0.7535545023696683,30135,211,211
denovo_pdb,6i38_A,all,AUC,0.9957649425939078,30135,211,30135
denovo_pdb,6i38_A,short,L,0.2549800796812749,1455,64,251
denovo_pdb,6i38_A,short,L/2,0.512,1455,64,125
denovo_pdb,6i38_A,short,L/5,0.98,1455,64,50
denovo_pdb,6i38_A,short,R,0.953125,1455,64,64
denovo_pdb,6i38_A,short,AUC,0.9995226006470166,1455,64,1455
denovo_pdb,6i38_A,medium,L,0.250996015936255,2802,63,251
denovo_pdb,6i38_A,medium,L/2,0.496,2802,63,125
denovo_pdb,6i38_A,medium,L/5,0.72,2802,63,50
denovo_pdb,6i38_A,medium,R,0.6507936507936508,2802,63,63
denovo_pdb,6i38_A,medium,AUC,0.9926169323759685,2802,63,2802
denovo_pdb,6i38_A,long,L,0.3187250996015936,25878,84,251
denovo_pdb,6i38_A,long,L/2,0.536,25878,84,125
denovo_pdb,6i38_A,long,L/5,0.76,25878,84,50
denovo_pdb,6i38_A,long,R,0.6904761904761905,25878,84,84
denovo_pdb,6i38_A,long,AUC,0.9924793325874973,25878,84,25878
denovo_pdb,6i39_A,all,L,0.6812749003984063,30135,202,251
denovo_pdb,6i39_A,all,L/2,0.848,30135,202,125
denovo_pdb,6i39_A,all,L/5,0.9,30135,202,50
denovo_pdb,6i39_A,all,R,0.7722772277227723,30135,202,202
denovo_pdb,6i39_A,all,AUC,0.9985240965549133,30135,202,30135
denovo_pdb,6i39_A,short,L,0.24302788844621515,1455,61,251
denovo_pdb,6i39_A,short,L/2,0.488,1455,61,125
denovo_pdb,6i39_A,short,L/5,0.98,1455,61,50
denovo_pdb,6i39_A,short,R,0.9508196721311475,1455,61,61
denovo_pdb,6i39_A,short,AUC,0.9997883199661312,1455,61,1455
denovo_pdb,6i39_A,medium,L,0.22310756972111553,2802,56,251
denovo_pdb,6i39_A,medium,L/2,0.432,2802,56,125
denovo_pdb,6i39_A,medium,L/5,0.68,2802,56,50
denovo_pdb,6i39_A,medium,R,0.6785714285714286,2802,56,56
denovo_pdb,6i39_A,medium,AUC,0.9928760014566642,2802,56,2802
denovo_pdb,6i39_A,long,L,0.3346613545816733,25878,85,251
denovo_pdb,6i39_A,long,L/2,0.528,25878,85,125
denovo_pdb,6i39_A,long,L/5,0.86,25878,85,50
denovo_pdb,6i39_A,long,R,0.7411764705882353,25878,85,85
denovo_pdb,6i39_A,long,AUC,0.9989281177519664,25878,85,25878
denovo_pdb,6i3a_A,all,L,0.6892430278884463,30135,211,251
denovo_pdb,6i3a_A,all,L/2,0.816,30135,211,125
denovo_pdb,6i3a_A,all,L/5,0.86,30135,211,50
denovo_pdb,6i3a_A,all,R,0.7488151658767772,30135,211,211
denovo_pdb,6i3a_A,all,AUC,0.9982250453122634,30135,211,30135
denovo_pdb,6i3a_A,short,L,0.2350597609561753,1455,59,251
denovo_pdb,6i3a_A,short,L/2,0.472,1455,59,125
denovo_pdb,6i3a_A,short,L/5,0.98,1455,59,50
denovo_pdb,6i3a_A,short,R,0.9491525423728814,1455,59,59
denovo_pdb,6i3a_A,short,AUC,0.9997632460783837,1455,59,1455
denovo_pdb,6i3a_A,medium,L,0.250996015936255,2802,63,251
denovo_pdb,6i3a_A,medium,L/2,0.488,2802,63,125
denovo_pdb,6i3a_A,medium,L/5,0.66,2802,63,50
denovo_pdb,6i3a_A,medium,R,0.6666666666666666,2802,63,63
denovo_pdb,6i3a_A,medium,AUC,0.9919852570454981,2802,63,2802
denovo_pdb,6i3a_A,long,L,0.3466135458167331,25878,89,251
denovo_pdb,6i3a_A,long,L/2,0.56,25878,89,125
denovo_pdb,6i3a_A,long,L/5,0.72,25878,89,50
denovo_pdb,6i3a_A,long,R,0.6741573033707865,25878,89,89
denovo_pdb,6i3a_A,long,AUC,0.998672023304074,25878,89,25878
denovo_pdb,6ics_O,all,L,0.3512396694214876,27966,203,242
denovo_pdb,6ics_O,all,L/2,0.3884297520661157,27966,203,121
denovo_pdb,6ics_O,all,L/5,0.375,27966,203,48
denovo_pdb,6ics_O,all,R,0.3793103448275862,27966,203,203
denovo_pdb,6ics_O,all,AUC,0.9439586194831019,27966,203,27966
denovo_pdb,6ics_O,short,L,0.2396694214876033,1401,63,242
denovo_pdb,6ics_O,short,L/2,0.3140495867768595,1401,63,121
denovo_pdb,6ics_O,short,L/5,0.3125,1401,63,48
denovo_pdb,6ics_O,short,R,0.3492063492063492,1401,63,63
denovo_pdb,6ics_O,short,AUC,0.9400906351578997,1401,63,1401
denovo_pdb,6ics_O,medium,L,0.26859504132231404,2694,98,242
denovo_pdb,6ics_O,medium,L/2,0.39669421487603307,2694,98,121
denovo_pdb,6ics_O,medium,L/5,0.4791666666666667,2694,98,48
denovo_pdb,6ics_O,medium,R,0.42857142857142855,2694,98,98
denovo_pdb,6ics_O,medium,AUC,0.9183830697147889,2694,98,2694
denovo_pdb,6ics_O,long,L,0.05371900826446281,23871,42,242
denovo_pdb,6ics_O,long,L/2,0.09090909090909091,23871,42,121
denovo_pdb,6ics_O,long,L/5,0.10416666666666667,23871,42,48
denovo_pdb,6ics_O,long,R,0.11904761904761904,23871,42,42
denovo_pdb,6ics_O,long,AUC,0.8425772717916744,23871,42,23871
denovo_pdb,6idc_A,all,L,0.32270916334661354,30135,172,251
denovo_pdb,6idc_A,all,L/2,0.392,30135,172,125
denovo_pdb,6idc_A,all,L/5,0.44,30135,172,50
denovo_pdb,6idc_A,all,R,0.36627906976744184,30135,172,172
denovo_pdb,6idc_A,all,AUC,0.9611944848258588,30135,172,30135
denovo_pdb,6idc_A,short,L,0.22709163346613545,1455,61,251
denovo_pdb,6idc_A,short,L/2,0.344,1455,61,125
denovo_pdb,6idc_A,short,L/5,0.42,1455,61,50
denovo_pdb,6idc_A,short,R,0.39344262295081966,1455,61,61
denovo_pdb,6idc_A,short,AUC,0.9471975915516146,1455,61,1455
denovo_pdb,6idc_A,medium,L,0.21912350597609562,2802,87,251
denovo_pdb,6idc_A,medium,L/2,0.312,2802,87,125
denovo_pdb,6idc_A,medium,L/5,0.4,2802,87,50
denovo_pdb,6idc_A,medium,R,0.3563218390804598,2802,87,87
denovo_pdb,6idc_A,medium,AUC,0.9036197370927797,2802,87,2802
denovo_pdb,6idc_A,long,L,0.035856573705179286,25878,24,251
denovo_pdb,6idc_A,long,L/2,0.04,25878,24,125
denovo_pdb,6idc_A,long,L/5,0.06,25878,24,50
denovo_pdb,6idc_A,long,R,0.125,25878,24,24
denovo_pdb,6idc_A,long,AUC,0.8940307431474177,25878,24,25878
denovo_pdb,6iei_A,all,L,0.3,29890,169,250
denovo_pdb,6iei_A,all,L/2,0.368,29890,169,125
denovo_pdb,6iei_A,all,L/5,0.46,29890,169,50
denovo_pdb,6iei_A,all,R,0.34911242603550297,29890,169,169
denovo_pdb,6iei_A,all,AUC,0.9610955853938672,29890,169,29890
denovo_pdb,6iei_A,short,L,0.228,1449,59,250
denovo_pdb,6iei_A,short,L/2,0.32,1449,59,125
denovo_pdb,6iei_A,short,L/5,0.32,1449,59,50
denovo_pdb,6iei_A,short,R,0.3050847457627119,1449,59,59
denovo_pdb,6iei_A,short,AUC,0.9506889403731252,1449,59,1449
denovo_pdb,6iei_A,medium,L,0.212,2790,88,250
denovo_pdb,6iei_A,medium,L/2,0.264,2790,88,125
denovo_pdb,6iei_A,medium,L/5,0.44,2790,88,50
denovo_pdb,6iei_A,medium,R,0.3409090909090909,2790,88,88
denovo_pdb,6iei_A,medium,AUC,0.906653741336384,2790,88,2790
denovo_pdb,6iei_A,long,L,0.036,25651,22,250
denovo_pdb,6iei_A,long,L/2,0.056,25651,22,125
denovo_pdb,6iei_A,long,L/5,0.12,25651,22,50
denovo_pdb,6iei_A,long,R,0.18181818181818182,25651,22,22
denovo_pdb,6iei_A,long,AUC,0.8416194013173997,25651,22,25651
denovo_pdb,6jcc_A,all,L,0.24742268041237114,4186,79,97
denovo_pdb,6jcc_A,all,L/2,0.375,4186,79,48
denovo_pdb,6jcc_A,all,L/5,0.5789473684210527,4186,79,19
denovo_pdb,6jcc_A,all,R,0.27848101265822783,4186,79,79
denovo_pdb,6jcc_A,all,AUC,0.8390136629958729,4186,79,4186
denovo_pdb,6jcc_A,short,L,0.09278350515463918,531,10,97
denovo_pdb,6jcc_A,short,L/2,0.1875,531,10,48
denovo_pdb,6jcc_A,short,L/5,0.42105263157894735,531,10,19
denovo_pdb,6jcc_A,short,R,0.5,531,10,10
denovo_pdb,6jcc_A,short,AUC,0.9748560460652591,531,10,531
denovo_pdb,6jcc_A,medium,L,0.1134020618556701,954,12,97
denovo_pdb,6jcc_A,medium,L/2,0.20833333333333334,954,12,48
denovo_pdb,6jcc_A,medium,L/5,0.5263157894736842,954,12,19
denovo_pdb,6jcc_A,medium,R,0.6666666666666666,954,12,12
denovo_pdb,6jcc_A,medium,AUC,0.9833687190375089,954,12,954
denovo_pdb,6jcc_A,long,L,0.10309278350515463,2701,57,97
denovo_pdb,6jcc_A,long,L/2,0.10416666666666667,2701,57,48
denovo_pdb,6jcc_A,long,L/5,0.15789473684210525,2701,57,19
denovo_pdb,6jcc_A,long,R,0.14035087719298245,2701,57,57
denovo_pdb,6jcc_A,long,AUC,0.7785784430819864,2701,57,2701
denovo_pdb,6mrr_A,all,L,0.5294117647058824,1953,54,68
denovo_pdb,6mrr_A,all,L/2,0.7352941176470589,1953,54,34
denovo_pdb,6mrr_A,all,L/5,1.0,1953,54,13
denovo_pdb,6mrr_A,all,R,0.6111111111111112,1953,54,54
denovo_pdb,6mrr_A,all,AUC,0.9810475298890253,1953,54,1953
denovo_pdb,6mrr_A,short,L,0.1323529411764706,357,9,68
denovo_pdb,6mrr_A,short,L/2,0.2647058823529412,357,9,34
denovo_pdb,6mrr_A,short,L/5,0.6153846153846154,357,9,13
denovo_pdb,6mrr_A,short,R,0.7777777777777778,357,9,9
denovo_pdb,6mrr_A,short,AUC,0.9974457215836525,357,9,357
denovo_pdb,6mrr_A,medium,L,0.25,606,17,68
denovo_pdb,6mrr_A,medium,L/2,0.4117647058823529,606,17,34
denovo_pdb,6mrr_A,medium,L/5,0.7692307692307693,606,17,13
denovo_pdb,6mrr_A,medium,R,0.7058823529411765,606,17,17
denovo_pdb,6mrr_A,medium,AUC,0.9880155797463298,606,17,606
denovo_pdb,6mrr_A,long,L,0.3235294117647059,990,28,68
denovo_pdb,6mrr_A,long,L/2,0.47058823529411764,990,28,34
denovo_pdb,6mrr_A,long,L/5,0.6923076923076923,990,28,13
denovo_pdb,6mrr_A,long,R,0.5,990,28,28
denovo_pdb,6mrr_A,long,AUC,0.9699101574101575,990,28,990
denovo_pdb,6mrs_A,all,L,0.6363636363636364,2556,66,77
denovo_pdb,6mrs_A,all,L/2,0.868421052631579,2556,66,38
denovo_pdb,6mrs_A,all,L/5,0.9333333333333333,2556,66,15
denovo_pdb,6mrs_A,all,R,0.7121212121212122,2556,66,66
denovo_pdb,6mrs_A,all,AUC,0.9800718023609589,2556,66,2556
denovo_pdb,6mrs_A,short,L,0.16883116883116883,411,13,77
denovo_pdb,6mrs_A,short,L/2,0.34210526315789475,411,13,38
denovo_pdb,6mrs_A,short,L/5,0.8,411,13,15
denovo_pdb,6mrs_A,short,R,0.9230769230769231,411,13,13
denovo_pdb,6mrs_A,short,AUC,0.9992269037495167,411,13,411
denovo_pdb,6mrs_A,medium,L,0.18181818181818182,714,14,77
denovo_pdb,6mrs_A,medium,L/2,0.34210526315789475,714,14,38
denovo_pdb,6mrs_A,medium,L/5,0.7333333333333333,714,14,15
denovo_pdb,6mrs_A,medium,R,0.7142857142857143,714,14,14
denovo_pdb,6mrs_A,medium,AUC,0.9913775510204081,714,14,714
denovo_pdb,6mrs_A,long,L,0.4025974025974026,1431,39,77
denovo_pdb,6mrs_A,long,L/2,0.6578947368421053,1431,39,38
denovo_pdb,6mrs_A,long,L/5,0.8666666666666667,1431,39,15
denovo_pdb,6mrs_A,long,R,0.6666666666666666,1431,39,39
denovo_pdb,6mrs_A,long,AUC,0.9704538756262895,1431,39,1431
denovo_pdb,6n9h_A,all,L,0.4266666666666667,2415,39,75
denovo_pdb,6n9h_A,all,L/2,0.5135135135135135,2415,39,37
denovo_pdb,6n9h_A,all,L/5,0.8,2415,39,15
denovo_pdb,6n9h_A,all,R,0.48717948717948717,2415,39,39
denovo_pdb,6n9h_A,all,AUC,0.9759885176551844,2415,39,2415
denovo_pdb,6n9h_A,short,L,0.02666666666666667,399,2,75
denovo_pdb,6n9h_A,short,L/2,0.05405405405405406,399,2,37
denovo_pdb,6n9h_A,short,L/5,0.13333333333333333,399,2,15
denovo_pdb,6n9h_A,short,R,0.5,399,2,2
denovo_pdb,6n9h_A,short,AUC,0.9974811083123426,399,2,399
denovo_pdb,6n9h_A,medium,L,0.12,690,9,75
denovo_pdb,6n9h_A,medium,L/2,0.24324324324324326,690,9,37
denovo_pdb,6n9h_A,medium,L/5,0.3333333333333333,690,9,15
denovo_pdb,6n9h_A,medium,R,0.4444444444444444,690,9,9
denovo_pdb,6n9h_A,medium,AUC,0.9915157448197096,690,9,690
denovo_pdb,6n9h_A,long,L,0.3466666666666667,1326,28,75
denovo_pdb,6n9h_A,long,L/2,0.5135135135135135,1326,28,37
denovo_pdb,6n9h_A,long,L/5,0.8,1326,28,15
denovo_pdb,6n9h_A,long,R,0.5,1326,28,28
denovo_pdb,6n9h_A,long,AUC,0.9675187101034559,1326,28,1326
denovo_pdb,6naf_A,all,L,0.40540540540540543,2346,35,74
denovo_pdb,6naf_A,all,L/2,0.5405405405405406,2346,35,37
denovo_pdb,6naf_A,all,L/5,0.7142857142857143,2346,35,14
denovo_pdb,6naf_A,all,R,0.5428571428571428,2346,35,35
denovo_pdb,6naf_A,all,AUC,0.9875378623972306,2346,35,2346
denovo_pdb,6naf_A,short,L,0.02702702702702703,393,2,74
denovo_pdb,6naf_A,short,L/2,0.05405405405405406,393,2,37
denovo_pdb,6naf_A,short,L/5,0.14285714285714285,393,2,14
denovo_pdb,6naf_A,short,R,0.0,393,2,2
denovo_pdb,6naf_A,short,AUC,0.9948849104859335,393,2,393
denovo_pdb,6naf_A,medium,L,0.10810810810810811,678,8,74
denovo_pdb,6naf_A,medium,L/2,0.21621621621621623,678,8,37
denovo_pdb,6naf_A,medium,L/5,0.5,678,8,14
denovo_pdb,6naf_A,medium,R,0.625,678,8,8
denovo_pdb,6naf_A,medium,AUC,0.9941231343283582,678,8,678
denovo_pdb,6naf_A,long,L,0.2972972972972973,1275,25,74
denovo_pdb,6naf_A,long,L/2,0.4864864864864865,1275,25,37
denovo_pdb,6naf_A,long,L/5,0.7142857142857143,1275,25,14
denovo_pdb,6naf_A,long,R,0.56,1275,25,25
denovo_pdb,6naf_A,long,AUC,0.9819359999999999,1275,25,1275
denovo_pdb,6nek_A,all,L,0.18604651162790697,3240,32,86
denovo_pdb,6nek_A,all,L/2,0.27906976744186046,3240,32,43
denovo_pdb,6nek_A,all,L/5,0.29411764705882354,3240,32,17
denovo_pdb,6nek_A,all,R,0.28125,3240,32,32
denovo_pdb,6nek_A,all,AUC,0.922201332605985,3240,32,3240
denovo_pdb,6nek_A,short,L,0.046511627906976744,465,4,86
denovo_pdb,6nek_A,short,L/2,0.09302325581395349,465,4,43
denovo_pdb,6nek_A,short,L/5,0.17647058823529413,465,4,17
denovo_pdb,6nek_A,short,R,0.5,465,4,4
denovo_pdb,6nek_A,short,AUC,0.979934924078091,465,4,465
denovo_pdb,6nek_A,medium,L,0.06976744186046512,822,6,86
denovo_pdb,6nek_A,medium,L/2,0.11627906976744186,822,6,43
denovo_pdb,6nek_A,medium,L/5,0.17647058823529413,822,6,17
denovo_pdb,6nek_A,medium,R,0.16666666666666666,822,6,6
denovo_pdb,6nek_A,medium,AUC,0.9763071895424837,822,6,822
denovo_pdb,6nek_A,long,L,0.1511627906976744,1953,22,86
denovo_pdb,6nek_A,long,L/2,0.23255813953488372,1953,22,43
denovo_pdb,6nek_A,long,L/5,0.47058823529411764,1953,22,17
denovo_pdb,6nek_A,long,R,0.4090909090909091,1953,22,22
denovo_pdb,6nek_A,long,AUC,0.9014759192128431,1953,22,1953
denovo_pdb,6nla_A,all,L,0.5357142857142857,1275,34,56
denovo_pdb,6nla_A,all,L/2,0.7857142857142857,1275,34,28
denovo_pdb,6nla_A,all,L/5,0.9090909090909091,1275,34,11
denovo_pdb,6nla_A,all,R,0.7647058823529411,1275,34,34
denovo_pdb,6nla_A,all,AUC,0.9895364269801394,1275,34,1275
denovo_pdb,6nla_A,short,L,0.10714285714285714,285,6,56
denovo_pdb,6nla_A,short,L/2,0.21428571428571427,285,6,28
denovo_pdb,6nla_A,short,L/5,0.5454545454545454,285,6,11
denovo_pdb,6nla_A,short,R,0.6666666666666666,285,6,6
denovo_pdb,6nla_A,short,AUC,0.9970131421744325,285,6,285
denovo_pdb,6nla_A,medium,L,0.21428571428571427,462,12,56
denovo_pdb,6nla_A,medium,L/2,0.42857142857142855,462,12,28
denovo_pdb,6nla_A,medium,L/5,0.6363636363636364,462,12,11
denovo_pdb,6nla_A,medium,R,0.6666666666666666,462,12,12
denovo_pdb,6nla_A,medium,AUC,0.9958333333333333,462,12,462
denovo_pdb,6nla_A,long,L,0.26785714285714285,528,16,56
denovo_pdb,6nla_A,long,L/2,0.4642857142857143,528,16,28
denovo_pdb,6nla_A,long,L/5,1.0,528,16,11
denovo_pdb,6nla_A,long,R,0.75,528,16,16
denovo_pdb,6nla_A,long,AUC,0.9820556640625,528,16,528
denovo_pdb,6qb2_A,all,L,0.18947368421052632,4005,104,95
denovo_pdb,6qb2_A,all,L/2,0.2765957446808511,4005,104,47
denovo_pdb,6qb2_A,all,L/5,0.47368421052631576,4005,104,19
denovo_pdb,6qb2_A,all,R,0.17307692307692307,4005,104,104
denovo_pdb,6qb2_A,all,AUC,0.7666389781712775,4005,104,4005
denovo_pdb,6qb2_A,short,L,0.10526315789473684,519,18,95
denovo_pdb,6qb2_A,short,L/2,0.1702127659574468,519,18,47
denovo_pdb,6qb2_A,short,L/5,0.2631578947368421,519,18,19
denovo_pdb,6qb2_A,short,R,0.2777777777777778,519,18,18
denovo_pdb,6qb2_A,short,AUC,0.7351962741184297,519,18,519
denovo_pdb,6qb2_A,medium,L,0.1368421052631579,930,32,95
denovo_pdb,6qb2_A,medium,L/2,0.2127659574468085,930,32,47
denovo_pdb,6qb2_A,medium,L/5,0.3684210526315789,930,32,19
denovo_pdb,6qb2_A,medium,R,0.28125,930,32,32
denovo_pdb,6qb2_A,medium,AUC,0.7849387527839644,930,32,930
denovo_pdb,6qb2_A,long,L,0.11578947368421053,2556,54,95
denovo_pdb,6qb2_A,long,L/2,0.0851063829787234,2556,54,47
denovo_pdb,6qb2_A,long,L/5,0.10526315789473684,2556,54,19
denovo_pdb,6qb2_A,long,R,0.09259259259259259,2556,54,54
denovo_pdb,6qb2_A,long,AUC,0.7658539834798828,2556,54,2556
denovo_pdb,6qsd_A,all,L,0.708,29890,222,250
denovo_pdb,6qsd_A,all,L/2,0.872,29890,222,125
denovo_pdb,6qsd_A,all,L/5,0.98,29890,222,50
denovo_pdb,6qsd_A,all,R,0.7612612612612613,29890,222,222
denovo_pdb,6qsd_A,all,AUC,0.9984180789931093,29890,222,29890
denovo_pdb,6qsd_A,short,L,0.204,1449,51,250
denovo_pdb,6qsd_A,short,L/2,0.408,1449,51,125
denovo_pdb,6qsd_A,short,L/5,1.0,1449,51,50
denovo_pdb,6qsd_A,short,R,0.9803921568627451,1449,51,51
denovo_pdb,6qsd_A,short,AUC,0.9999789615416983,1449,51,1449
denovo_pdb,6qsd_A,medium,L,0.264,2790,68,250
denovo_pdb,6qsd_A,medium,L/2,0.504,2790,68,125
denovo_pdb,6qsd_A,medium,L/5,0.7,2790,68,50
denovo_pdb,6qsd_A,medium,R,0.6029411764705882,2790,68,68
denovo_pdb,6qsd_A,medium,AUC,0.989343367765916,2790,68,2790
denovo_pdb,6qsd_A,long,L,0.412,25651,103,250
denovo_pdb,6qsd_A,long,L/2,0.664,25651,103,125
denovo_pdb,6qsd_A,long,L/5,0.92,25651,103,50
denovo_pdb,6qsd_A,long,R,0.7281553398058253,25651,103,103
denovo_pdb,6qsd_A,long,AUC,0.9992371108790459,25651,103,25651
denovo_pdb,6qse_A,all,L,0.6733067729083665,30135,201,251
denovo_pdb,6qse_A,all,L/2,0.856,30135,201,125
denovo_pdb,6qse_A,all,L/5,0.98,30135,201,50
denovo_pdb,6qse_A,all,R,0.7412935323383084,30135,201,201
denovo_pdb,6qse_A,all,AUC,0.9985991569512629,30135,201,30135
denovo_pdb,6qse_A,short,L,0.20717131474103587,1455,52,251
denovo_pdb,6qse_A,short,L/2,0.416,1455,52,125
denovo_pdb,6qse_A,short,L/5,1.0,1455,52,50
denovo_pdb,6qse_A,short,R,0.9615384615384616,1455,52,52
denovo_pdb,6qse_A,short,AUC,0.9998286638521848,1455,52,1455
denovo_pdb,6qse_A,medium,L,0.23107569721115537,2802,58,251
denovo_pdb,6qse_A,medium,L/2,0.44,2802,58,125
denovo_pdb,6qse_A,medium,L/5,0.64,2802,58,50
denovo_pdb,6qse_A,medium,R,0.5862068965517241,2802,58,58
denovo_pdb,6qse_A,medium,AUC,0.9908452297175027,2802,58,2802
denovo_pdb,6qse_A,long,L,0.3545816733067729,25878,91,251
denovo_pdb,6qse_A,long,L/2,0.624,25878,91,125
denovo_pdb,6qse_A,long,L/5,0.88,25878,91,50
denovo_pdb,6qse_A,long,R,0.7582417582417582,25878,91,91
denovo_pdb,6qse_A,long,AUC,0.999202255843199,25878,91,25878
denovo_pdb,6qsg_A,all,L,0.6932270916334662,30135,203,251
denovo_pdb,6qsg_A,all,L/2,0.88,30135,203,125
denovo_pdb,6qsg_A,all,L/5,1.0,30135,203,50
denovo_pdb,6qsg_A,all,R,0.7931034482758621,30135,203,203
denovo_pdb,6qsg_A,all,AUC,0.9989349421908049,30135,203,30135
denovo_pdb,6qsg_A,short,L,0.20318725099601595,1455,51,251
denovo_pdb,6qsg_A,short,L/2,0.408,1455,51,125
denovo_pdb,6qsg_A,short,L/5,0.98,1455,51,50
denovo_pdb,6qsg_A,short,R,0.9803921568627451,1455,51,51
denovo_pdb,6qsg_A,short,AUC,0.999937154348919,1455,51,1455
denovo_pdb,6qsg_A,medium,L,0.23107569721115537,2802,58,251
denovo_pdb,6qsg_A,medium,L/2,0.432,2802,58,125
denovo_pdb,6qsg_A,medium,L/5,0.66,2802,58,50
denovo_pdb,6qsg_A,medium,R,0.603448275862069,2802,58,58
denovo_pdb,6qsg_A,medium,AUC,0.9911970946013874,2802,58,2802
denovo_pdb,6qsg_A,long,L,0.3705179282868526,25878,94,251
denovo_pdb,6qsg_A,long,L/2,0.688,25878,94,125
denovo_pdb,6qsg_A,long,L/5,1.0,25878,94,50
denovo_pdb,6qsg_A,long,R,0.8404255319148937,25878,94,94
denovo_pdb,6qsg_A,long,AUC,0.9996323796383705,25878,94,25878
denovo_pdb,6qsh_A,all,L,0.6747967479674797,28920,212,246
denovo_pdb,6qsh_A,all,L/2,0.8373983739837398,28920,212,123
denovo_pdb,6qsh_A,all,L/5,0.9591836734693877,28920,212,49
denovo_pdb,6qsh_A,all,R,0.7311320754716981,28920,212,212
denovo_pdb,6qsh_A,all,AUC,0.9981576859780062,28920,212,28920
denovo_pdb,6qsh_A,short,L,0.21544715447154472,1425,53,246
denovo_pdb,6qsh_A,short,L/2,0.43089430894308944,1425,53,123
denovo_pdb,6qsh_A,short,L/5,0.9387755102040817,1425,53,49
denovo_pdb,6qsh_A,short,R,0.9056603773584906,1425,53,53
denovo_pdb,6qsh_A,short,AUC,0.9971945651575994,1425,53,1425
denovo_pdb,6qsh_A,medium,L,0.25609756097560976,2742,64,246
denovo_pdb,6qsh_A,medium,L/2,0.4959349593495935,2742,64,123
denovo_pdb,6qsh_A,medium,L/5,0.673469387755102,2742,64,49
denovo_pdb,6qsh_A,medium,R,0.65625,2742,64,64
denovo_pdb,6qsh_A,medium,AUC,0.9921816654219566,2742,64,2742
denovo_pdb,6qsh_A,long,L,0.3821138211382114,24753,95,246
denovo_pdb,6qsh_A,long,L/2,0.6016260162601627,24753,95,123
denovo_pdb,6qsh_A,long,L/5,0.8571428571428571,24753,95,49
denovo_pdb,6qsh_A,long,R,0.6631578947368421,24753,95,95
denovo_pdb,6qsh_A,long,AUC,0.9988369313258001,24753,95,24753
denovo_pdb,6rej_A,all,L,0.744,29890,223,250
denovo_pdb,6rej_A,all,L/2,0.936,29890,223,125
denovo_pdb,6rej_A,all,L/5,1.0,29890,223,50
denovo_pdb,6rej_A,all,R,0.7802690582959642,29890,223,223
denovo_pdb,6rej_A,all,AUC,0.9986628859866189,29890,223,29890
denovo_pdb,6rej_A,short,L,0.208,1449,52,250
denovo_pdb,6rej_A,short,L/2,0.416,1449,52,125
denovo_pdb,6rej_A,short,L/5,1.0,1449,52,50
denovo_pdb,6rej_A,short,R,0.9615384615384616,1449,52,52
denovo_pdb,6rej_A,short,AUC,0.999814162215737,1449,52,1449
denovo_pdb,6rej_A,medium,L,0.264,2790,69,250
denovo_pdb,6rej_A,medium,L/2,0.472,2790,69,125
denovo_pdb,6rej_A,medium,L/5,0.82,2790,69,50
denovo_pdb,6rej_A,medium,R,0.6521739130434783,2790,69,69
denovo_pdb,6rej_A,medium,AUC,0.9895711828025715,2790,69,2790
denovo_pdb,6rej_A,long,L,0.408,25651,102,250
denovo_pdb,6rej_A,long,L/2,0.728,25651,102,125
denovo_pdb,6rej_A,long,L/5,0.96,25651,102,50
denovo_pdb,6rej_A,long,R,0.803921568627451,25651,102,102
denovo_pdb,6rej_A,long,AUC,0.9994702605297472,25651,102,25651
denovo_pdb,6rek_A,all,L,0.7171314741035857,30135,224,251
denovo_pdb,6rek_A,all,L/2,0.896,30135,224,125
denovo_pdb,6rek_A,all,L/5,0.96,30135,224,50
denovo_pdb,6rek_A,all,R,0.7589285714285714,30135,224,224
denovo_pdb,6rek_A,all,AUC,0.9962522746051382,30135,224,30135
denovo_pdb,6rek_A,short,L,0.20318725099601595,1455,51,251
denovo_pdb,6rek_A,short,L/2,0.408,1455,51,125
denovo_pdb,6rek_A,short,L/5,0.96,1455,51,50
denovo_pdb,6rek_A,short,R,0.9411764705882353,1455,51,51
denovo_pdb,6rek_A,short,AUC,0.9991341265851069,1455,51,1455
denovo_pdb,6rek_A,medium,L,0.26693227091633465,2802,70,251
denovo_pdb,6rek_A,medium,L/2,0.52,2802,70,125
denovo_pdb,6rek_A,medium,L/5,0.74,2802,70,50
denovo_pdb,6rek_A,medium,R,0.6428571428571429,2802,70,70
denovo_pdb,6rek_A,medium,AUC,0.9837847730600293,2802,70,2802
denovo_pdb,6rek_A,long,L,0.4063745019920319,25878,103,251
denovo_pdb,6rek_A,long,L/2,0.664,25878,103,125
denovo_pdb,6rek_A,long,L/5,0.92,25878,103,50
denovo_pdb,6rek_A,long,R,0.7281553398058253,25878,103,103
denovo_pdb,6rek_A,long,AUC,0.9992040906651097,25878,103,25878
denovo_pdb,6rem_A,all,L,0.7051792828685259,30135,223,251
denovo_pdb,6rem_A,all,L/2,0.888,30135,223,125
denovo_pdb,6rem_A,all,L/5,0.94,30135,223,50
denovo_pdb,6rem_A,all,R,0.7354260089686099,30135,223,223
denovo_pdb,6rem_A,all,AUC,0.9981917810929999,30135,223,30135
denovo_pdb,6rem_A,short,L,0.20717131474103587,1455,52,251
denovo_pdb,6rem_A,short,L/2,0.416,1455,52,125
denovo_pdb,6rem_A,short,L/5,1.0,1455,52,50
denovo_pdb,6rem_A,short,R,0.9615384615384616,1455,52,52
denovo_pdb,6rem_A,short,AUC,0.9998149569603596,1455,52,1455
denovo_pdb,6rem_A,medium,L,0.26294820717131473,2802,69,251
denovo_pdb,6rem_A,medium,L/2,0.472,2802,69,125
denovo_pdb,6rem_A,medium,L/5,0.68,2802,69,50
denovo_pdb,6rem_A,medium,R,0.5942028985507246,2802,69,69
denovo_pdb,6rem_A,medium,AUC,0.9855894409180335,2802,69,2802
denovo_pdb,6rem_A,long,L,0.40239043824701193,25878,102,251
denovo_pdb,6rem_A,long,L/2,0.68,25878,102,125
denovo_pdb,6rem_A,long,L/5,0.88,25878,102,50
denovo_pdb,6rem_A,long,R,0.7647058823529411,25878,102,102
denovo_pdb,6rem_A,long,AUC,0.9992693461618042,25878,102,25878
denovo_pdb,6reo_A,all,L,0.6852589641434262,30135,205,251
denovo_pdb,6reo_A,all,L/2,0.848,30135,205,125
denovo_pdb,6reo_A,all,L/5,0.96,30135,205,50
denovo_pdb,6reo_A,all,R,0.7317073170731707,30135,205,205
denovo_pdb,6reo_A,all,AUC,0.9981761508560625,30135,205,30135
denovo_pdb,6reo_A,short,L,0.199203187250996,1455,50,251
denovo_pdb,6reo_A,short,L/2,0.4,1455,50,125
denovo_pdb,6reo_A,short,L/5,0.94,1455,50,50
denovo_pdb,6reo_A,short,R,0.94,1455,50,50
denovo_pdb,6reo_A,short,AUC,0.9994021352313167,1455,50,1455
denovo_pdb,6reo_A,medium,L,0.2350597609561753,2802,60,251
denovo_pdb,6reo_A,medium,L/2,0.432,2802,60,125
denovo_pdb,6reo_A,medium,L/5,0.64,2802,60,50
denovo_pdb,6reo_A,medium,R,0.5833333333333334,2802,60,60
denovo_pdb,6reo_A,medium,AUC,0.988126063700462,2802,60,2802
denovo_pdb,6reo_A,long,L,0.3665338645418327,25878,95,251
denovo_pdb,6reo_A,long,L/2,0.664,25878,95,125
denovo_pdb,6reo_A,long,L/5,0.88,25878,95,50
denovo_pdb,6reo_A,long,R,0.7684210526315789,25878,95,95
denovo_pdb,6reo_A,long,AUC,0.999025265525836,25878,95,25878
denovo_pdb,6rlh_A,all,L,0.7096774193548387,29403,214,248
denovo_pdb,6rlh_A,all,L/2,0.8951612903225806,29403,214,124
denovo_pdb,6rlh_A,all,L/5,0.9795918367346939,29403,214,49
denovo_pdb,6rlh_A,all,R,0.7429906542056075,29403,214,214
denovo_pdb,6rlh_A,all,AUC,0.996153972995204,29403,214,29403
denovo_pdb,6rlh_A,short,L,0.21370967741935484,1437,53,248
denovo_pdb,6rlh_A,short,L/2,0.4274193548387097,1437,53,124
denovo_pdb,6rlh_A,short,L/5,0.9795918367346939,1437,53,49
denovo_pdb,6rlh_A,short,R,0.9811320754716981,1437,53,53
denovo_pdb,6rlh_A,short,AUC,0.9999113861926054,1437,53,1437
denovo_pdb,6rlh_A,medium,L,0.2661290322580645,2766,67,248
denovo_pdb,6rlh_A,medium,L/2,0.46774193548387094,2766,67,124
denovo_pdb,6rlh_A,medium,L/5,0.6938775510204082,2766,67,49
denovo_pdb,6rlh_A,medium,R,0.582089552238806,2766,67,67
denovo_pdb,6rlh_A,medium,AUC,0.9810985826701984,2766,67,2766
denovo_pdb,6rlh_A,long,L,0.3790322580645161,25200,94,248
denovo_pdb,6rlh_A,long,L/2,0.6612903225806451,25200,94,124
denovo_pdb,6rlh_A,long,L/5,0.8571428571428571,25200,94,49
denovo_pdb,6rlh_A,long,R,0.7553191489361702,25200,94,94
denovo_pdb,6rlh_A,long,AUC,0.999326049041426,25200,94,25200
denovo_pdb,6rli_A,all,L,0.696,29890,214,250
denovo_pdb,6rli_A,all,L/2,0.856,29890,214,125
denovo_pdb,6rli_A,all,L/5,1.0,29890,214,50
denovo_pdb,6rli_A,all,R,0.7289719626168224,29890,214,214
denovo_pdb,6rli_A,all,AUC,0.9933951001029183,29890,214,29890
denovo_pdb,6rli_A,short,L,0.2,1449,50,250
denovo_pdb,6rli_A,short,L/2,0.4,1449,50,125
denovo_pdb,6rli_A,short,L/5,0.94,1449,50,50
denovo_pdb,6rli_A,short,R,0.94,1449,50,50
denovo_pdb,6rli_A,short,AUC,0.999771265189421,1449,50,1449
denovo_pdb,6rli_A,medium,L,0.248,2790,66,250
denovo_pdb,6rli_A,medium,L/2,0.448,2790,66,125
denovo_pdb,6rli_A,medium,L/5,0.68,2790,66,50
denovo_pdb,6rli_A,medium,R,0.5909090909090909,2790,66,66
denovo_pdb,6rli_A,medium,AUC,0.9714824456013883,2790,66,2790
denovo_pdb,6rli_A,long,L,0.388,25651,98,250
denovo_pdb,6rli_A,long,L/2,0.672,25651,98,125
denovo_pdb,6rli_A,long,L/5,0.8,25651,98,50
denovo_pdb,6rli_A,long,R,0.7755102040816326,25651,98,98
denovo_pdb,6rli_A,long,AUC,0.9991260661114914,25651,98,25651
denovo_pdb,6sa6_A,all,L,0.6379746835443038,75855,313,395
denovo_pdb,6sa6_A,all,L/2,0.9086294416243654,75855,313,197
denovo_pdb,6sa6_A,all,L/5,0.9620253164556962,75855,313,79
denovo_pdb,6sa6_A,all,R,0.7507987220447284,75855,313,313
denovo_pdb,6sa6_A,all,AUC,0.9921055912615481,75855,313,75855
denovo_pdb,6sa6_A,short,L,0.0810126582278481,2319,33,395
denovo_pdb,6sa6_A,short,L/2,0.16243654822335024,2319,33,197
denovo_pdb,6sa6_A,short,L/5,0.34177215189873417,2319,33,79
denovo_pdb,6sa6_A,short,R,0.6363636363636364,2319,33,33
denovo_pdb,6sa6_A,short,AUC,0.9725735040695671,2319,33,2319
denovo_pdb,6sa6_A,medium,L,0.12658227848101267,4530,50,395
denovo_pdb,6sa6_A,medium,L/2,0.24873096446700507,4530,50,197
denovo_pdb,6sa6_A,medium,L/5,0.5316455696202531,4530,50,79
denovo_pdb,6sa6_A,medium,R,0.76,4530,50,50
denovo_pdb,6sa6_A,medium,AUC,0.9960089285714285,4530,50,4530
denovo_pdb,6sa6_A,long,L,0.5265822784810127,69006,230,395
denovo_pdb,6sa6_A,long,L/2,0.8375634517766497,69006,230,197
denovo_pdb,6sa6_A,long,L/5,0.9746835443037974,69006,230,79
denovo_pdb,6sa6_A,long,R,0.7695652173913043,69006,230,230
denovo_pdb,6sa6_A,long,AUC,0.9924967822445645,69006,230,69006
denovo_pdb,6tjg_A,all,L,0.89375,49455,357,320
denovo_pdb,6tjg_A,all,L/2,0.93125,49455,357,160
denovo_pdb,6tjg_A,all,L/5,0.984375,49455,357,64
denovo_pdb,6tjg_A,all,R,0.8711484593837535,49455,357,357
denovo_pdb,6tjg_A,all,AUC,0.9994044096110072,49455,357,49455
denovo_pdb,6tjg_A,short,L,0.240625,1869,77,320
denovo_pdb,6tjg_A,short,L/2,0.48125,1869,77,160
denovo_pdb,6tjg_A,short,L/5,0.9375,1869,77,64
denovo_pdb,6tjg_A,short,R,0.9090909090909091,1869,77,77
denovo_pdb,6tjg_A,short,AUC,0.9983367636827458,1869,77,1869
denovo_pdb,6tjg_A,medium,L,0.41875,3630,134,320
denovo_pdb,6tjg_A,medium,L/2,0.79375,3630,134,160
denovo_pdb,6tjg_A,medium,L/5,0.953125,3630,134,64
denovo_pdb,6tjg_A,medium,R,0.8880597014925373,3630,134,134
denovo_pdb,6tjg_A,medium,AUC,0.9981172512722429,3630,134,3630
denovo_pdb,6tjg_A,long,L,0.45,43956,146,320
denovo_pdb,6tjg_A,long,L/2,0.7875,43956,146,160
denovo_pdb,6tjg_A,long,L/5,0.90625,43956,146,64
denovo_pdb,6tjg_A,long,R,0.8287671232876712,43956,146,146
denovo_pdb,6tjg_A,long,AUC,0.9995355098135473,43956,146,43956
denovo_pdb,6veh_A,all,L,0.5555555555555556,15051,128,180
denovo_pdb,6veh_A,all,L/2,0.8888888888888888,15051,128,90
denovo_pdb,6veh_A,all,L/5,0.9444444444444444,15051,128,36
denovo_pdb,6veh_A,all,R,0.703125,15051,128,128
denovo_pdb,6veh_A,all,AUC,0.9796277139315152,15051,128,15051
denovo_pdb,6veh_A,short,L,0.08888888888888889,1023,17,180
denovo_pdb,6veh_A,short,L/2,0.16666666666666666,1023,17,90
denovo_pdb,6veh_A,short,L/5,0.3611111111111111,1023,17,36
denovo_pdb,6veh_A,short,R,0.6470588235294118,1023,17,17
denovo_pdb,6veh_A,short,AUC,0.9547128990761314,1023,17,1023
denovo_pdb,6veh_A,medium,L,0.17222222222222222,1938,34,180
denovo_pdb,6veh_A,medium,L/2,0.3333333333333333,1938,34,90
denovo_pdb,6veh_A,medium,L/5,0.6388888888888888,1938,34,36
denovo_pdb,6veh_A,medium,R,0.6764705882352942,1938,34,34
denovo_pdb,6veh_A,medium,AUC,0.9455326248146316,1938,34,1938
denovo_pdb,6veh_A,long,L,0.3888888888888889,12090,77,180
denovo_pdb,6veh_A,long,L/2,0.6555555555555556,12090,77,90
denovo_pdb,6veh_A,long,L/5,0.9444444444444444,12090,77,36
denovo_pdb,6veh_A,long,R,0.7532467532467533,12090,77,77
denovo_pdb,6veh_A,long,AUC,0.9973821649922541,12090,77,12090
denovo_pdb,6w3w_A,all,L,0.308411214953271,5151,108,107
denovo_pdb,6w3w_A,all,L/2,0.4339622641509434,5151,108,53
denovo_pdb,6w3w_A,all,L/5,0.5714285714285714,5151,108,21
denovo_pdb,6w3w_A,all,R,0.3055555555555556,5151,108,108
denovo_pdb,6w3w_A,all,AUC,0.8369053914116378,5151,108,5151
denovo_pdb,6w3w_A,short,L,0.16822429906542055,591,19,107
denovo_pdb,6w3w_A,short,L/2,0.33962264150943394,591,19,53
denovo_pdb,6w3w_A,short,L/5,0.5238095238095238,591,19,21
denovo_pdb,6w3w_A,short,R,0.5789473684210527,591,19,19
denovo_pdb,6w3w_A,short,AUC,0.9625966139124033,591,19,591
denovo_pdb,6w3w_A,medium,L,0.2523364485981308,1074,37,107
denovo_pdb,6w3w_A,medium,L/2,0.37735849056603776,1074,37,53
denovo_pdb,6w3w_A,medium,L/5,0.6190476190476191,1074,37,21
denovo_pdb,6w3w_A,medium,R,0.4594594594594595,1074,37,37
denovo_pdb,6w3w_A,medium,AUC,0.9304386353566683,1074,37,1074
denovo_pdb,6w3w_A,long,L,0.06542056074766354,3486,52,107
denovo_pdb,6w3w_A,long,L/2,0.05660377358490566,3486,52,53
denovo_pdb,6w3w_A,long,L/5,0.0,3486,52,21
denovo_pdb,6w3w_A,long,R,0.038461538461538464,3486,52,52
denovo_pdb,6w3w_A,long,AUC,0.7183929931454685,3486,52,3486
denovo_pdb,6w90_A,all,L,0.46153846153846156,7750,128,130
denovo_pdb,6w90_A,all,L/2,0.6923076923076923,7750,128,65
denovo_pdb,6w90_A,all,L/5,0.8846153846153846,7750,128,26
denovo_pdb,6w90_A,all,R,0.46875,7750,128,128
denovo_pdb,6w90_A,all,AUC,0.9123225736355287,7750,128,7750
denovo_pdb,6w90_A,short,L,0.16153846153846155,729,21,130
denovo_pdb,6w90_A,short,L/2,0.3230769230769231,729,21,65
denovo_pdb,6w90_A,short,L/5,0.6923076923076923,729,21,26
denovo_pdb,6w90_A,short,R,0.7619047619047619,729,21,21
denovo_pdb,6w90_A,short,AUC,0.9936776970675276,729,21,729
denovo_pdb,6w90_A,medium,L,0.23846153846153847,1350,33,130
denovo_pdb,6w90_A,medium,L/2,0.4153846153846154,1350,33,65
denovo_pdb,6w90_A,medium,L/5,0.8076923076923077,1350,33,26
denovo_pdb,6w90_A,medium,R,0.696969696969697,1350,33,33
denovo_pdb,6w90_A,medium,AUC,0.9862060237914453,1350,33,1350
denovo_pdb,6w90_A,long,L,0.16923076923076924,5671,74,130
denovo_pdb,6w90_A,long,L/2,0.26153846153846155,5671,74,65
denovo_pdb,6w90_A,long,L/5,0.4230769230769231,5671,74,26
denovo_pdb,6w90_A,long,R,0.22972972972972974,5671,74,74
denovo_pdb,6w90_A,long,AUC,0.8599466895875687,5671,74,5671
denovo_pdb,6wvs_A,all,L,0.6648351648351648,15576,196,182
denovo_pdb,6wvs_A,all,L/2,0.8461538461538461,15576,196,91
denovo_pdb,6wvs_A,all,L/5,0.9444444444444444,15576,196,36
denovo_pdb,6wvs_A,all,R,0.6224489795918368,15576,196,196
denovo_pdb,6wvs_A,all,AUC,0.9792528064541812,15576,196,15576
denovo_pdb,6wvs_A,short,L,0.17582417582417584,1041,32,182
denovo_pdb,6wvs_A,short,L/2,0.3516483516483517,1041,32,91
denovo_pdb,6wvs_A,short,L/5,0.7222222222222222,1041,32,36
denovo_pdb,6wvs_A,short,R,0.78125,1041,32,32
denovo_pdb,6wvs_A,short,AUC,0.9958808225966302,1041,32,1041
denovo_pdb,6wvs_A,medium,L,0.1978021978021978,1974,40,182
denovo_pdb,6wvs_A,medium,L/2,0.32967032967032966,1974,40,91
denovo_pdb,6wvs_A,medium,L/5,0.6666666666666666,1974,40,36
denovo_pdb,6wvs_A,medium,R,0.625,1974,40,40
denovo_pdb,6wvs_A,medium,AUC,0.9794855222337124,1974,40,1974
denovo_pdb,6wvs_A,long,L,0.46153846153846156,12561,124,182
denovo_pdb,6wvs_A,long,L/2,0.7142857142857143,12561,124,91
denovo_pdb,6wvs_A,long,L/5,0.8611111111111112,12561,124,36
denovo_pdb,6wvs_A,long,R,0.5806451612903226,12561,124,124
denovo_pdb,6wvs_A,long,AUC,0.9749453374037407,12561,124,12561
denovo_pdb,6x9z_A,all,L,0.5833333333333334,6555,105,120
denovo_pdb,6x9z_A,all,L/2,0.7833333333333333,6555,105,60
denovo_pdb,6x9z_A,all,L/5,0.9583333333333334,6555,105,24
denovo_pdb,6x9z_A,all,R,0.6285714285714286,6555,105,105
denovo_pdb,6x9z_A,all,AUC,0.9776308600959763,6555,105,6555
denovo_pdb,6x9z_A,short,L,0.20833333333333334,669,25,120
denovo_pdb,6x9z_A,short,L/2,0.4166666666666667,669,25,60
denovo_pdb,6x9z_A,short,L/5,0.8333333333333334,669,25,24
denovo_pdb,6x9z_A,short,R,0.84,669,25,25
denovo_pdb,6x9z_A,short,AUC,0.9972670807453418,669,25,669
denovo_pdb,6x9z_A,medium,L,0.18333333333333332,1230,22,120
denovo_pdb,6x9z_A,medium,L/2,0.35,1230,22,60
denovo_pdb,6x9z_A,medium,L/5,0.75,1230,22,24
denovo_pdb,6x9z_A,medium,R,0.7727272727272727,1230,22,22
denovo_pdb,6x9z_A,medium,AUC,0.9954846478025285,1230,22,1230
denovo_pdb,6x9z_A,long,L,0.31666666666666665,4656,58,120
denovo_pdb,6x9z_A,long,L/2,0.4166666666666667,4656,58,60
denovo_pdb,6x9z_A,long,L/5,0.6666666666666666,4656,58,24
denovo_pdb,6x9z_A,long,R,0.43103448275862066,4656,58,58
denovo_pdb,6x9z_A,long,AUC,0.9653897496662718,4656,58,4656
denovo_pdb,6xi6_A,all,L,0.21189591078066913,34716,199,269
denovo_pdb,6xi6_A,all,L/2,0.30597014925373134,34716,199,134
denovo_pdb,6xi6_A,all,L/5,0.4528301886792453,34716,199,53
denovo_pdb,6xi6_A,all,R,0.2613065326633166,34716,199,199
denovo_pdb,6xi6_A,all,AUC,0.8982804773352525,34716,199,34716
denovo_pdb,6xi6_A,short,L,0.07434944237918216,1563,22,269
denovo_pdb,6xi6_A,short,L/2,0.14925373134328357,1563,22,134
denovo_pdb,6xi6_A,short,L/5,0.2830188679245283,1563,22,53
denovo_pdb,6xi6_A,short,R,0.45454545454545453,1563,22,22
denovo_pdb,6xi6_A,short,AUC,0.9497374786148309,1563,22,1563
denovo_pdb,6xi6_A,medium,L,0.137546468401487,3018,39,269
denovo_pdb,6xi6_A,medium,L/2,0.2462686567164179,3018,39,134
denovo_pdb,6xi6_A,medium,L/5,0.4528301886792453,3018,39,53
denovo_pdb,6xi6_A,medium,R,0.5128205128205128,3018,39,39
denovo_pdb,6xi6_A,medium,AUC,0.9713550408414457,3018,39,3018
denovo_pdb,6xi6_A,long,L,0.07063197026022305,30135,138,269
denovo_pdb,6xi6_A,long,L/2,0.07462686567164178,30135,138,134
denovo_pdb,6xi6_A,long,L/5,0.1320754716981132,30135,138,53
denovo_pdb,6xi6_A,long,R,0.08695652173913043,30135,138,138
denovo_pdb,6xi6_A,long,AUC,0.8695150916057789,30135,138,30135
denovo_pdb,6xt4_A,all,L,0.4085106382978723,26335,169,235
denovo_pdb,6xt4_A,all,L/2,0.5470085470085471,26335,169,117
denovo_pdb,6xt4_A,all,L/5,0.7659574468085106,26335,169,47
denovo_pdb,6xt4_A,all,R,0.48520710059171596,26335,169,169
denovo_pdb,6xt4_A,all,AUC,0.914535417251802,26335,169,26335
denovo_pdb,6xt4_A,short,L,0.07234042553191489,1359,19,235
denovo_pdb,6xt4_A,short,L/2,0.1282051282051282,1359,19,117
denovo_pdb,6xt4_A,short,L/5,0.2553191489361702,1359,19,47
denovo_pdb,6xt4_A,short,R,0.3157894736842105,1359,19,19
denovo_pdb,6xt4_A,short,AUC,0.9334053417124901,1359,19,1359
denovo_pdb,6xt4_A,medium,L,0.09361702127659574,2610,27,235
denovo_pdb,6xt4_A,medium,L/2,0.18803418803418803,2610,27,117
denovo_pdb,6xt4_A,medium,L/5,0.3404255319148936,2610,27,47
denovo_pdb,6xt4_A,medium,R,0.48148148148148145,2610,27,27
denovo_pdb,6xt4_A,medium,AUC,0.9188497440529961,2610,27,2610
denovo_pdb,6xt4_A,long,L,0.3191489361702128,22366,123,235
denovo_pdb,6xt4_A,long,L/2,0.5128205128205128,22366,123,117
denovo_pdb,6xt4_A,long,L/5,0.7446808510638298,22366,123,47
denovo_pdb,6xt4_A,long,R,0.4878048780487805,22366,123,123
denovo_pdb,6xt4_A,long,AUC,0.9081702510591622,22366,123,22366
denovo_pdb,6y7p_A,all,L,0.8369905956112853,49141,322,319
denovo_pdb,6y7p_A,all,L/2,0.9685534591194969,49141,322,159
denovo_pdb,6y7p_A,all,L/5,1.0,49141,322,63
denovo_pdb,6y7p_A,all,R,0.8354037267080745,49141,322,322
denovo_pdb,6y7p_A,all,AUC,0.9991872627740523,49141,322,49141
denovo_pdb,6y7p_A,short,L,0.23824451410658307,1863,76,319
denovo_pdb,6y7p_A,short,L/2,0.4779874213836478,1863,76,159
denovo_pdb,6y7p_A,short,L/5,1.0,1863,76,63
denovo_pdb,6y7p_A,short,R,0.9736842105263158,1863,76,76
denovo_pdb,6y7p_A,short,AUC,0.9999410950431479,1863,76,1863
denovo_pdb,6y7p_A,medium,L,0.3981191222570533,3618,128,319
denovo_pdb,6y7p_A,medium,L/2,0.6855345911949685,3618,128,159
denovo_pdb,6y7p_A,medium,L/5,0.7777777777777778,3618,128,63
denovo_pdb,6y7p_A,medium,R,0.7734375,3618,128,128
denovo_pdb,6y7p_A,medium,AUC,0.9932642371060172,3618,128,3618
denovo_pdb,6y7p_A,long,L,0.3605015673981191,43660,118,319
denovo_pdb,6y7p_A,long,L/2,0.6477987421383647,43660,118,159
denovo_pdb,6y7p_A,long,L/5,1.0,43660,118,63
denovo_pdb,6y7p_A,long,R,0.8050847457627118,43660,118,118
denovo_pdb,6y7p_A,long,AUC,0.9993743621004151,43660,118,43660
denovo_pdb,6ypi_A,all,L,0.5057471264367817,3321,57,87
denovo_pdb,6ypi_A,all,L/2,0.6976744186046512,3321,57,43
denovo_pdb,6ypi_A,all,L/5,0.8823529411764706,3321,57,17
denovo_pdb,6ypi_A,all,R,0.6140350877192983,3321,57,57
denovo_pdb,6ypi_A,all,AUC,0.9643210354317165,3321,57,3321
denovo_pdb,6ypi_A,short,L,0.11494252873563218,471,10,87
denovo_pdb,6ypi_A,short,L/2,0.20930232558139536,471,10,43
denovo_pdb,6ypi_A,short,L/5,0.47058823529411764,471,10,17
denovo_pdb,6ypi_A,short,R,0.7,471,10,10
denovo_pdb,6ypi_A,short,AUC,0.9819956616052061,471,10,471
denovo_pdb,6ypi_A,medium,L,0.1724137931034483,834,15,87
denovo_pdb,6ypi_A,medium,L/2,0.32558139534883723,834,15,43
denovo_pdb,6ypi_A,medium,L/5,0.7647058823529411,834,15,17
denovo_pdb,6ypi_A,medium,R,0.7333333333333333,834,15,15
denovo_pdb,6ypi_A,medium,AUC,0.996011396011396,834,15,834
denovo_pdb,6ypi_A,long,L,0.27586206896551724,2016,32,87
denovo_pdb,6ypi_A,long,L/2,0.4883720930232558,2016,32,43
denovo_pdb,6ypi_A,long,L/5,0.5882352941176471,2016,32,17
denovo_pdb,6ypi_A,long,R,0.5,2016,32,32
denovo_pdb,6ypi_A,long,AUC,0.9407998361895162,2016,32,2016
denovo_pdb,6yqx_A,all,L,0.585635359116022,15400,221,181
denovo_pdb,6yqx_A,all,L/2,0.7111111111111111,15400,221,90
denovo_pdb,6yqx_A,all,L/5,0.8888888888888888,15400,221,36
denovo_pdb,6yqx_A,all,R,0.5203619909502263,15400,221,221
denovo_pdb,6yqx_A,all,AUC,0.9728988221700676,15400,221,15400
denovo_pdb,6yqx_A,short,L,0.1712707182320442,1035,31,181
denovo_pdb,6yqx_A,short,L/2,0.34444444444444444,1035,31,90
denovo_pdb,6yqx_A,short,L/5,0.5833333333333334,1035,31,36
denovo_pdb,6yqx_A,short,R,0.6451612903225806,1035,31,31
denovo_pdb,6yqx_A,short,AUC,0.9870517928286853,1035,31,1035
denovo_pdb,6yqx_A,medium,L,0.23204419889502761,1962,53,181
denovo_pdb,6yqx_A,medium,L/2,0.3333333333333333,1962,53,90
denovo_pdb,6yqx_A,medium,L/5,0.5555555555555556,1962,53,36
denovo_pdb,6yqx_A,medium,R,0.49056603773584906,1962,53,53
denovo_pdb,6yqx_A,medium,AUC,0.9513081036203882,1962,53,1962
denovo_pdb,6yqx_A,long,L,0.4972375690607735,12403,137,181
denovo_pdb,6yqx_A,long,L/2,0.6888888888888889,12403,137,90
denovo_pdb,6yqx_A,long,L/5,0.8333333333333334,12403,137,36
denovo_pdb,6yqx_A,long,R,0.5693430656934306,12403,137,137
denovo_pdb,6yqx_A,long,AUC,0.9743103302583487,12403,137,12403
denovo_pdb,6yqy_A,all,L,0.6797752808988764,14878,237,178
denovo_pdb,6yqy_A,all,L/2,0.797752808988764,14878,237,89
denovo_pdb,6yqy_A,all,L/5,0.8,14878,237,35
denovo_pdb,6yqy_A,all,R,0.6075949367088608,14878,237,237
denovo_pdb,6yqy_A,all,AUC,0.966435364304103,14878,237,14878
denovo_pdb,6yqy_A,short,L,0.20224719101123595,1017,36,178
denovo_pdb,6yqy_A,short,L/2,0.39325842696629215,1017,36,89
denovo_pdb,6yqy_A,short,L/5,0.5428571428571428,1017,36,35
denovo_pdb,6yqy_A,short,R,0.5277777777777778,1017,36,36
denovo_pdb,6yqy_A,short,AUC,0.9824725336957753,1017,36,1017
denovo_pdb,6yqy_A,medium,L,0.3089887640449438,1926,62,178
denovo_pdb,6yqy_A,medium,L/2,0.4943820224719101,1926,62,89
denovo_pdb,6yqy_A,medium,L/5,0.7428571428571429,1926,62,35
denovo_pdb,6yqy_A,medium,R,0.5645161290322581,1926,62,62
denovo_pdb,6yqy_A,medium,AUC,0.9778788245881213,1926,62,1926
denovo_pdb,6yqy_A,long,L,0.5168539325842697,11935,139,178
denovo_pdb,6yqy_A,long,L/2,0.7752808988764045,11935,139,89
denovo_pdb,6yqy_A,long,L/5,0.9428571428571428,11935,139,35
denovo_pdb,6yqy_A,long,R,0.5827338129496403,11935,139,139
denovo_pdb,6yqy_A,long,AUC,0.9562359268231395,11935,139,11935
denovo_pdb,6z2i_A,all,L,0.39285714285714285,13203,210,168
denovo_pdb,6z2i_A,all,L/2,0.44047619047619047,13203,210,84
denovo_pdb,6z2i_A,all,L/5,0.6060606060606061,13203,210,33
denovo_pdb,6z2i_A,all,R,0.38571428571428573,13203,210,210
denovo_pdb,6z2i_A,all,AUC,0.953626311603684,13203,210,13203
denovo_pdb,6z2i_A,short,L,0.23809523809523808,957,41,168
denovo_pdb,6z2i_A,short,L/2,0.36904761904761907,957,41,84
denovo_pdb,6z2i_A,short,L/5,0.42424242424242425,957,41,33
denovo_pdb,6z2i_A,short,R,0.3902439024390244,957,41,41
denovo_pdb,6z2i_A,short,AUC,0.9508733624454148,957,41,957
denovo_pdb,6z2i_A,medium,L,0.27380952380952384,1806,80,168
denovo_pdb,6z2i_A,medium,L/2,0.32142857142857145,1806,80,84
denovo_pdb,6z2i_A,medium,L/5,0.3333333333333333,1806,80,33
denovo_pdb,6z2i_A,medium,R,0.325,1806,80,80
denovo_pdb,6z2i_A,medium,AUC,0.9052433371958286,1806,80,1806
denovo_pdb,6z2i_A,long,L,0.2261904761904762,10440,89,168
denovo_pdb,6z2i_A,long,L/2,0.34523809523809523,10440,89,84
denovo_pdb,6z2i_A,long,L/5,0.5757575757575758,10440,89,33
denovo_pdb,6z2i_A,long,R,0.33707865168539325,10440,89,89
denovo_pdb,6z2i_A,long,AUC,0.9593281439452737,10440,89,10440
denovo_pdb,7a8s_A,all,L,0.6736842105263158,17020,237,190
denovo_pdb,7a8s_A,all,L/2,0.7894736842105263,17020,237,95
denovo_pdb,7a8s_A,all,L/5,0.8157894736842105,17020,237,38
denovo_pdb,7a8s_A,all,R,0.5907172995780591,17020,237,237
denovo_pdb,7a8s_A,all,AUC,0.9814463399899085,17020,237,17020
denovo_pdb,7a8s_A,short,L,0.22105263157894736,1089,42,190
denovo_pdb,7a8s_A,short,L/2,0.42105263157894735,1089,42,95
denovo_pdb,7a8s_A,short,L/5,0.7105263157894737,1089,42,38
denovo_pdb,7a8s_A,short,R,0.7142857142857143,1089,42,42
denovo_pdb,7a8s_A,short,AUC,0.9854800563969619,1089,42,1089
denovo_pdb,7a8s_A,medium,L,0.30526315789473685,2070,68,190
denovo_pdb,7a8s_A,medium,L/2,0.47368421052631576,2070,68,95
denovo_pdb,7a8s_A,medium,L/5,0.7105263157894737,2070,68,38
denovo_pdb,7a8s_A,medium,R,0.5735294117647058,2070,68,68
denovo_pdb,7a8s_A,medium,AUC,0.9701254627725215,2070,68,2070
denovo_pdb,7a8s_A,long,L,0.4368421052631579,13861,127,190
denovo_pdb,7a8s_A,long,L/2,0.6631578947368421,13861,127,95
denovo_pdb,7a8s_A,long,L/5,0.8157894736842105,13861,127,38
denovo_pdb,7a8s_A,long,R,0.5511811023622047,13861,127,127
denovo_pdb,7a8s_A,long,AUC,0.978875060342228,13861,127,13861
denovo_pdb,7ah0_A,all,L,0.25,4851,66,104
denovo_pdb,7ah0_A,all,L/2,0.2692307692307692,4851,66,52
denovo_pdb,7ah0_A,all,L/5,0.2,4851,66,20
denovo_pdb,7ah0_A,all,R,0.2727272727272727,4851,66,66
denovo_pdb,7ah0_A,all,AUC,0.9629492416326273,4851,66,4851
denovo_pdb,7ah0_A,short,L,0.10576923076923077,573,11,104
denovo_pdb,7ah0_A,short,L/2,0.19230769230769232,573,11,52
denovo_pdb,7ah0_A,short,L/5,0.3,573,11,20
denovo_pdb,7ah0_A,short,R,0.36363636363636365,573,11,11
denovo_pdb,7ah0_A,short,AUC,0.9754933678421223,573,11,573
denovo_pdb,7ah0_A,medium,L,0.11538461538461539,1038,12,104
denovo_pdb,7ah0_A,medium,L/2,0.21153846153846154,1038,12,52
denovo_pdb,7ah0_A,medium,L/5,0.2,1038,12,20
denovo_pdb,7ah0_A,medium,R,0.25,1038,12,12
denovo_pdb,7ah0_A,medium,AUC,0.9773797920727745,1038,12,1038
denovo_pdb,7ah0_A,long,L,0.23076923076923078,3240,43,104
denovo_pdb,7ah0_A,long,L/2,0.2692307692307692,3240,43,52
denovo_pdb,7ah0_A,long,L/5,0.2,3240,43,20
denovo_pdb,7ah0_A,long,R,0.27906976744186046,3240,43,43
denovo_pdb,7ah0_A,long,AUC,0.9554706083464874,3240,43,3240
denovo_pdb,7awy_A,all,L,0.8553054662379421,46665,367,311
denovo_pdb,7awy_A,all,L/2,0.9548387096774194,46665,367,155
denovo_pdb,7awy_A,all,L/5,0.9838709677419355,46665,367,62
denovo_pdb,7awy_A,all,R,0.7874659400544959,46665,367,367
denovo_pdb,7awy_A,all,AUC,0.9957370113738944,46665,367,46665
denovo_pdb,7awy_A,short,L,0.34726688102893893,1815,108,311
denovo_pdb,7awy_A,short,L/2,0.6967741935483871,1815,108,155
denovo_pdb,7awy_A,short,L/5,1.0,1815,108,62
denovo_pdb,7awy_A,short,R,0.9351851851851852,1815,108,108
denovo_pdb,7awy_A,short,AUC,0.9992867061554818,1815,108,1815
denovo_pdb,7awy_A,medium,L,0.35691318327974275,3522,114,311
denovo_pdb,7awy_A,medium,L/2,0.6387096774193548,3522,114,155
denovo_pdb,7awy_A,medium,L/5,0.9193548387096774,3522,114,62
denovo_pdb,7awy_A,medium,R,0.7631578947368421,3522,114,114
denovo_pdb,7awy_A,medium,AUC,0.992584527633638,3522,114,3522
denovo_pdb,7awy_A,long,L,0.42765273311897106,41328,145,311
denovo_pdb,7awy_A,long,L/2,0.6709677419354839,41328,145,155
denovo_pdb,7awy_A,long,L/5,0.8870967741935484,41328,145,62
denovo_pdb,7awy_A,long,R,0.6896551724137931,41328,145,145
denovo_pdb,7awy_A,long,AUC,0.9916436896040968,41328,145,41328
denovo_pdb,7awz_A,all,L,0.8370607028753994,47278,351,313
denovo_pdb,7awz_A,all,L/2,0.9423076923076923,47278,351,156
denovo_pdb,7awz_A,all,L/5,1.0,47278,351,62
denovo_pdb,7awz_A,all,R,0.7720797720797721,47278,351,351
denovo_pdb,7awz_A,all,AUC,0.9982502677220004,47278,351,47278
denovo_pdb,7awz_A,short,L,0.3354632587859425,1827,105,313
denovo_pdb,7awz_A,short,L/2,0.6730769230769231,1827,105,156
denovo_pdb,7awz_A,short,L/5,1.0,1827,105,62
denovo_pdb,7awz_A,short,R,0.8857142857142857,1827,105,105
denovo_pdb,7awz_A,short,AUC,0.9982412477185996,1827,105,1827
denovo_pdb,7awz_A,medium,L,0.3194888178913738,3546,103,313
denovo_pdb,7awz_A,medium,L/2,0.5576923076923077,3546,103,156
denovo_pdb,7awz_A,medium,L/5,0.8064516129032258,3546,103,62
denovo_pdb,7awz_A,medium,R,0.7669902912621359,3546,103,103
denovo_pdb,7awz_A,medium,AUC,0.9910272425548954,3546,103,3546
denovo_pdb,7awz_A,long,L,0.41533546325878595,41905,143,313
denovo_pdb,7awz_A,long,L/2,0.7051282051282052,41905,143,156
denovo_pdb,7awz_A,long,L/5,0.9516129032258065,41905,143,62
denovo_pdb,7awz_A,long,R,0.7272727272727273,41905,143,143
denovo_pdb,7awz_A,long,AUC,0.9985628685762779,41905,143,41905
denovo_pdb,7ax0_A,all,L,0.8296529968454258,48516,362,317
denovo_pdb,7ax0_A,all,L/2,0.9493670886075949,48516,362,158
denovo_pdb,7ax0_A,all,L/5,1.0,48516,362,63
denovo_pdb,7ax0_A,all,R,0.7762430939226519,48516,362,362
denovo_pdb,7ax0_A,all,AUC,0.9952178060398762,48516,362,48516
denovo_pdb,7ax0_A,short,L,0.3249211356466877,1851,103,317
denovo_pdb,7ax0_A,short,L/2,0.6518987341772152,1851,103,158
denovo_pdb,7ax0_A,short,L/5,0.9841269841269841,1851,103,63
denovo_pdb,7ax0_A,short,R,0.912621359223301,1851,103,103
denovo_pdb,7ax0_A,short,AUC,0.998031036857657,1851,103,1851
denovo_pdb,7ax0_A,medium,L,0.34069400630914826,3594,110,317
denovo_pdb,7ax0_A,medium,L/2,0.6075949367088608,3594,110,158
denovo_pdb,7ax0_A,medium,L/5,0.873015873015873,3594,110,63
denovo_pdb,7ax0_A,medium,R,0.7727272727272727,3594,110,110
denovo_pdb,7ax0_A,medium,AUC,0.9924198935392966,3594,110,3594
denovo_pdb,7ax0_A,long,L,0.4195583596214511,43071,149,317
denovo_pdb,7ax0_A,long,L/2,0.6772151898734177,43071,149,158
denovo_pdb,7ax0_A,long,L/5,0.9523809523809523,43071,149,63
denovo_pdb,7ax0_A,long,R,0.7046979865771812,43071,149,149
denovo_pdb,7ax0_A,long,AUC,0.9914038701074432,43071,149,43071
denovo_pdb,7ax2_A,all,L,0.8006430868167203,46665,356,311
denovo_pdb,7ax2_A,all,L/2,0.9225806451612903,46665,356,155
denovo_pdb,7ax2_A,all,L/5,1.0,46665,356,62
denovo_pdb,7ax2_A,all,R,0.7584269662921348,46665,356,356
denovo_pdb,7ax2_A,all,AUC,0.9946515541304005,46665,356,46665
denovo_pdb,7ax2_A,short,L,0.3215434083601286,1815,100,311
denovo_pdb,7ax2_A,short,L/2,0.6451612903225806,1815,100,155
denovo_pdb,7ax2_A,short,L/5,1.0,1815,100,62
denovo_pdb,7ax2_A,short,R,0.9,1815,100,100
denovo_pdb,7ax2_A,short,AUC,0.9982069970845481,1815,100,1815
denovo_pdb,7ax2_A,medium,L,0.33440514469453375,3522,111,311
denovo_pdb,7ax2_A,medium,L/2,0.5870967741935483,3522,111,155
denovo_pdb,7ax2_A,medium,L/5,0.8387096774193549,3522,111,62
denovo_pdb,7ax2_A,medium,R,0.7027027027027027,3522,111,111
denovo_pdb,7ax2_A,medium,AUC,0.986285758053568,3522,111,3522
denovo_pdb,7ax2_A,long,L,0.3987138263665595,41328,145,311
denovo_pdb,7ax2_A,long,L/2,0.632258064516129,41328,145,155
denovo_pdb,7ax2_A,long,L/5,0.8709677419354839,41328,145,62
denovo_pdb,7ax2_A,long,R,0.6758620689655173,41328,145,145
denovo_pdb,7ax2_A,long,AUC,0.9909862372070163,41328,145,41328
denovo_pdb,7bid_A,all,L,0.8426573426573427,39340,292,286
denovo_pdb,7bid_A,all,L/2,0.951048951048951,39340,292,143
denovo_pdb,7bid_A,all,L/5,1.0,39340,292,57
denovo_pdb,7bid_A,all,R,0.839041095890411,39340,292,292
denovo_pdb,7bid_A,all,AUC,0.9992815305644195,39340,292,39340
denovo_pdb,7bid_A,short,L,0.26223776223776224,1665,75,286
denovo_pdb,7bid_A,short,L/2,0.5244755244755245,1665,75,143
denovo_pdb,7bid_A,short,L/5,1.0,1665,75,57
denovo_pdb,7bid_A,short,R,0.9333333333333333,1665,75,75
denovo_pdb,7bid_A,short,AUC,0.9996813417190775,1665,75,1665
denovo_pdb,7bid_A,medium,L,0.3811188811188811,3222,109,286
denovo_pdb,7bid_A,medium,L/2,0.7272727272727273,3222,109,143
denovo_pdb,7bid_A,medium,L/5,0.8771929824561403,3222,109,57
denovo_pdb,7bid_A,medium,R,0.8440366972477065,3222,109,109
denovo_pdb,7bid_A,medium,AUC,0.996198245298644,3222,109,3222
denovo_pdb,7bid_A,long,L,0.3776223776223776,34453,108,286
denovo_pdb,7bid_A,long,L/2,0.6013986013986014,34453,108,143
denovo_pdb,7bid_A,long,L/5,0.8947368421052632,34453,108,57
denovo_pdb,7bid_A,long,R,0.6851851851851852,34453,108,108
denovo_pdb,7bid_A,long,AUC,0.9991653321686806,34453,108,34453
denovo_pdb,7dgu_A,all,L,0.5979381443298969,4186,79,97
denovo_pdb,7dgu_A,all,L/2,0.6875,4186,79,48
denovo_pdb,7dgu_A,all,L/5,0.9473684210526315,4186,79,19
denovo_pdb,7dgu_A,all,R,0.6582278481012658,4186,79,79
denovo_pdb,7dgu_A,all,AUC,0.9920127106237266,4186,79,4186
denovo_pdb,7dgu_A,short,L,0.09278350515463918,531,9,97
denovo_pdb,7dgu_A,short,L/2,0.1875,531,9,48
denovo_pdb,7dgu_A,short,L/5,0.42105263157894735,531,9,19
denovo_pdb,7dgu_A,short,R,0.7777777777777778,531,9,9
denovo_pdb,7dgu_A,short,AUC,0.9935078756917837,531,9,531
denovo_pdb,7dgu_A,medium,L,0.15463917525773196,954,15,97
denovo_pdb,7dgu_A,medium,L/2,0.3125,954,15,48
denovo_pdb,7dgu_A,medium,L/5,0.5789473684210527,954,15,19
denovo_pdb,7dgu_A,medium,R,0.6666666666666666,954,15,15
denovo_pdb,7dgu_A,medium,AUC,0.9954561590344337,954,15,954
denovo_pdb,7dgu_A,long,L,0.4948453608247423,2701,55,97
denovo_pdb,7dgu_A,long,L/2,0.7083333333333334,2701,55,48
denovo_pdb,7dgu_A,long,L/5,0.7894736842105263,2701,55,19
denovo_pdb,7dgu_A,long,R,0.6363636363636364,2701,55,55
denovo_pdb,7dgu_A,long,AUC,0.9911530268673125,2701,55,2701
denovo_pdb,7dgw_A,all,L,0.32978723404255317,3916,60,94
denovo_pdb,7dgw_A,all,L/2,0.5531914893617021,3916,60,47
denovo_pdb,7dgw_A,all,L/5,0.6111111111111112,3916,60,18
denovo_pdb,7dgw_A,all,R,0.48333333333333334,3916,60,60
denovo_pdb,7dgw_A,all,AUC,0.9510178941908713,3916,60,3916
denovo_pdb,7dgw_A,short,L,0.11702127659574468,513,11,94
denovo_pdb,7dgw_A,short,L/2,0.2127659574468085,513,11,47
denovo_pdb,7dgw_A,short,L/5,0.5,513,11,18
denovo_pdb,7dgw_A,short,R,0.6363636363636364,513,11,11
denovo_pdb,7dgw_A,short,AUC,0.984335385729808,513,11,513
denovo_pdb,7dgw_A,medium,L,0.11702127659574468,918,11,94
denovo_pdb,7dgw_A,medium,L/2,0.23404255319148937,918,11,47
denovo_pdb,7dgw_A,medium,L/5,0.5,918,11,18
denovo_pdb,7dgw_A,medium,R,0.36363636363636365,918,11,11
denovo_pdb,7dgw_A,medium,AUC,0.9890247569409643,918,11,918
denovo_pdb,7dgw_A,long,L,0.2127659574468085,2485,38,94
denovo_pdb,7dgw_A,long,L/2,0.2765957446808511,2485,38,47
denovo_pdb,7dgw_A,long,L/5,0.5,2485,38,18
denovo_pdb,7dgw_A,long,R,0.3157894736842105,2485,38,38
denovo_pdb,7dgw_A,long,AUC,0.9196276858881982,2485,38,2485
denovo_pdb,7dgy_A,all,L,0.36363636363636365,4371,64,99
denovo_pdb,7dgy_A,all,L/2,0.5306122448979592,4371,64,49
denovo_pdb,7dgy_A,all,L/5,0.6842105263157895,4371,64,19
denovo_pdb,7dgy_A,all,R,0.453125,4371,64,64
denovo_pdb,7dgy_A,all,AUC,0.9338250232180172,4371,64,4371
denovo_pdb,7dgy_A,short,L,0.06060606060606061,543,6,99
denovo_pdb,7dgy_A,short,L/2,0.12244897959183673,543,6,49
denovo_pdb,7dgy_A,short,L/5,0.3157894736842105,543,6,19
denovo_pdb,7dgy_A,short,R,0.8333333333333334,543,6,6
denovo_pdb,7dgy_A,short,AUC,0.9986033519553073,543,6,543
denovo_pdb,7dgy_A,medium,L,0.09090909090909091,978,9,99
denovo_pdb,7dgy_A,medium,L/2,0.1836734693877551,978,9,49
denovo_pdb,7dgy_A,medium,L/5,0.3684210526315789,978,9,19
denovo_pdb,7dgy_A,medium,R,0.6666666666666666,978,9,9
denovo_pdb,7dgy_A,medium,AUC,0.9951267056530214,978,9,978
denovo_pdb,7dgy_A,long,L,0.24242424242424243,2850,49,99
denovo_pdb,7dgy_A,long,L/2,0.42857142857142855,2850,49,49
denovo_pdb,7dgy_A,long,L/5,0.6842105263157895,2850,49,19
denovo_pdb,7dgy_A,long,R,0.42857142857142855,2850,49,49
denovo_pdb,7dgy_A,long,AUC,0.91199571581578,2850,49,2850
denovo_pdb,7dmf_A,all,L,0.2962962962962963,16836,159,189
denovo_pdb,7dmf_A,all,L/2,0.40425531914893614,16836,159,94
denovo_pdb,7dmf_A,all,L/5,0.5675675675675675,16836,159,37
denovo_pdb,7dmf_A,all,R,0.34591194968553457,16836,159,159
denovo_pdb,7dmf_A,all,AUC,0.8642926291359735,16836,159,16836
denovo_pdb,7dmf_A,short,L,0.042328042328042326,1083,9,189
denovo_pdb,7dmf_A,short,L/2,0.0851063829787234,1083,9,94
denovo_pdb,7dmf_A,short,L/5,0.1891891891891892,1083,9,37
denovo_pdb,7dmf_A,short,R,0.4444444444444444,1083,9,9
denovo_pdb,7dmf_A,short,AUC,0.9571177322573972,1083,9,1083
denovo_pdb,7dmf_A,medium,L,0.12698412698412698,2058,30,189
denovo_pdb,7dmf_A,medium,L/2,0.22340425531914893,2058,30,94
denovo_pdb,7dmf_A,medium,L/5,0.43243243243243246,2058,30,37
denovo_pdb,7dmf_A,medium,R,0.4666666666666667,2058,30,30
denovo_pdb,7dmf_A,medium,AUC,0.9617439184746877,2058,30,2058
denovo_pdb,7dmf_A,long,L,0.20634920634920634,13695,120,189
denovo_pdb,7dmf_A,long,L/2,0.32978723404255317,13695,120,94
denovo_pdb,7dmf_A,long,L/5,0.43243243243243246,13695,120,37
denovo_pdb,7dmf_A,long,R,0.3,13695,120,120
denovo_pdb,7dmf_A,long,AUC,0.8360488029465929,13695,120,13695
denovo_pdb,7f1h_A,all,L,0.13756613756613756,16836,235,189
denovo_pdb,7f1h_A,all,L/2,0.1702127659574468,16836,235,94
denovo_pdb,7f1h_A,all,L/5,0.2702702702702703,16836,235,37
denovo_pdb,7f1h_A,all,R,0.14468085106382977,16836,235,235
denovo_pdb,7f1h_A,all,AUC,0.8209035087606873,16836,235,16836
denovo_pdb,7f1h_A,short,L,0.12169312169312169,1083,27,189
denovo_pdb,7f1h_A,short,L/2,0.18085106382978725,1083,27,94
denovo_pdb,7f1h_A,short,L/5,0.24324324324324326,1083,27,37
denovo_pdb,7f1h_A,short,R,0.3333333333333333,1083,27,27
denovo_pdb,7f1h_A,short,AUC,0.9085297418630751,1083,27,1083
denovo_pdb,7f1h_A,medium,L,0.13756613756613756,2058,54,189
denovo_pdb,7f1h_A,medium,L/2,0.10638297872340426,2058,54,94
denovo_pdb,7f1h_A,medium,L/5,0.16216216216216217,2058,54,37
denovo_pdb,7f1h_A,medium,R,0.1111111111111111,2058,54,54
denovo_pdb,7f1h_A,medium,AUC,0.8686654468840098,2058,54,2058
denovo_pdb,7f1h_A,long,L,0.07936507936507936,13695,154,189
denovo_pdb,7f1h_A,long,L/2,0.0851063829787234,13695,154,94
denovo_pdb,7f1h_A,long,L/5,0.05405405405405406,13695,154,37
denovo_pdb,7f1h_A,long,R,0.08441558441558442,13695,154,154
denovo_pdb,7f1h_A,long,AUC,0.7795221726799896,13695,154,13695
denovo_pdb,7f1i_A,all,L,0.1099476439790576,17205,228,191
denovo_pdb,7f1i_A,all,L/2,0.1368421052631579,17205,228,95
denovo_pdb,7f1i_A,all,L/5,0.2631578947368421,17205,228,38
denovo_pdb,7f1i_A,all,R,0.10964912280701754,17205,228,228
denovo_pdb,7f1i_A,all,AUC,0.7974553291398373,17205,228,17205
denovo_pdb,7f1i_A,short,L,0.09424083769633508,1095,24,191
denovo_pdb,7f1i_A,short,L/2,0.1368421052631579,1095,24,95
denovo_pdb,7f1i_A,short,L/5,0.21052631578947367,1095,24,38
denovo_pdb,7f1i_A,short,R,0.3333333333333333,1095,24,24
denovo_pdb,7f1i_A,short,AUC,0.8958138811079988,1095,24,1095
denovo_pdb,7f1i_A,medium,L,0.12041884816753927,2082,54,191
denovo_pdb,7f1i_A,medium,L/2,0.09473684210526316,2082,54,95
denovo_pdb,7f1i_A,medium,L/5,0.07894736842105263,2082,54,38
denovo_pdb,7f1i_A,medium,R,0.07407407407407407,2082,54,54
denovo_pdb,7f1i_A,medium,AUC,0.854362992183505,2082,54,2082
denovo_pdb,7f1i_A,long,L,0.06282722513089005,14028,150,191
denovo_pdb,7f1i_A,long,L/2,0.05263157894736842,14028,150,95
denovo_pdb,7f1i_A,long,L/5,0.07894736842105263,14028,150,38
denovo_pdb,7f1i_A,long,R,0.06666666666666667,14028,150,150
denovo_pdb,7f1i_A,long,AUC,0.7479363020608156,14028,150,14028
denovo_pdb,7f1j_A,all,L,0.1631578947368421,17020,230,190
denovo_pdb,7f1j_A,all,L/2,0.2,17020,230,95
denovo_pdb,7f1j_A,all,L/5,0.2631578947368421,17020,230,38
denovo_pdb,7f1j_A,all,R,0.14347826086956522,17020,230,230
denovo_pdb,7f1j_A,all,AUC,0.8128514643809721,17020,230,17020
denovo_pdb,7f1j_A,short,L,0.10526315789473684,1089,22,190
denovo_pdb,7f1j_A,short,L/2,0.17894736842105263,1089,22,95
denovo_pdb,7f1j_A,short,L/5,0.23684210526315788,1089,22,38
denovo_pdb,7f1j_A,short,R,0.36363636363636365,1089,22,22
denovo_pdb,7f1j_A,short,AUC,0.9137769447047799,1089,22,1089
denovo_pdb,7f1j_A,medium,L,0.13157894736842105,2070,56,190
denovo_pdb,7f1j_A,medium,L/2,0.14736842105263157,2070,56,95
denovo_pdb,7f1j_A,medium,L/5,0.18421052631578946,2070,56,38
denovo_pdb,7f1j_A,medium,R,0.19642857142857142,2070,56,56
denovo_pdb,7f1j_A,medium,AUC,0.8685230174492836,2070,56,2070
denovo_pdb,7f1j_A,long,L,0.05263157894736842,13861,152,190
denovo_pdb,7f1j_A,long,L/2,0.08421052631578947,13861,152,95
denovo_pdb,7f1j_A,long,L/5,0.13157894736842105,13861,152,38
denovo_pdb,7f1j_A,long,R,0.05921052631578947,13861,152,152
denovo_pdb,7f1j_A,long,AUC,0.7701437971981526,13861,152,13861
denovo_pdb,7f1k_A,all,L,0.11398963730569948,17578,240,193
denovo_pdb,7f1k_A,all,L/2,0.125,17578,240,96
denovo_pdb,7f1k_A,all,L/5,0.18421052631578946,17578,240,38
denovo_pdb,7f1k_A,all,R,0.1,17578,240,240
denovo_pdb,7f1k_A,all,AUC,0.817528694197716,17578,240,17578
denovo_pdb,7f1k_A,short,L,0.10362694300518134,1107,26,193
denovo_pdb,7f1k_A,short,L/2,0.13541666666666666,1107,26,96
denovo_pdb,7f1k_A,short,L/5,0.21052631578947367,1107,26,38
denovo_pdb,7f1k_A,short,R,0.2692307692307692,1107,26,26
denovo_pdb,7f1k_A,short,AUC,0.873959296947271,1107,26,1107
denovo_pdb,7f1k_A,medium,L,0.09844559585492228,2106,54,193
denovo_pdb,7f1k_A,medium,L/2,0.09375,2106,54,96
denovo_pdb,7f1k_A,medium,L/5,0.10526315789473684,2106,54,38
denovo_pdb,7f1k_A,medium,R,0.1111111111111111,2106,54,54
denovo_pdb,7f1k_A,medium,AUC,0.8219532885712223,2106,54,2106
denovo_pdb,7f1k_A,long,L,0.07253886010362694,14365,160,193
denovo_pdb,7f1k_A,long,L/2,0.09375,14365,160,96
denovo_pdb,7f1k_A,long,L/5,0.07894736842105263,14365,160,38
denovo_pdb,7f1k_A,long,R,0.08125,14365,160,160
denovo_pdb,7f1k_A,long,AUC,0.7943842397043295,14365,160,14365
denovo_pdb,7f1l_A,all,L,0.10824742268041238,17766,251,194
denovo_pdb,7f1l_A,all,L/2,0.13402061855670103,17766,251,97
denovo_pdb,7f1l_A,all,L/5,0.21052631578947367,17766,251,38
denovo_pdb,7f1l_A,all,R,0.08764940239043825,17766,251,251
denovo_pdb,7f1l_A,all,AUC,0.808186494672182,17766,251,17766
denovo_pdb,7f1l_A,short,L,0.07731958762886598,1113,23,194
denovo_pdb,7f1l_A,short,L/2,0.12371134020618557,1113,23,97
denovo_pdb,7f1l_A,short,L/5,0.21052631578947367,1113,23,38
denovo_pdb,7f1l_A,short,R,0.30434782608695654,1113,23,23
denovo_pdb,7f1l_A,short,AUC,0.8426206621459913,1113,23,1113
denovo_pdb,7f1l_A,medium,L,0.0979381443298969,2118,60,194
denovo_pdb,7f1l_A,medium,L/2,0.09278350515463918,2118,60,97
denovo_pdb,7f1l_A,medium,L/5,0.13157894736842105,2118,60,38
denovo_pdb,7f1l_A,medium,R,0.13333333333333333,2118,60,60
denovo_pdb,7f1l_A,medium,AUC,0.8260851959831552,2118,60,2118
denovo_pdb,7f1l_A,long,L,0.07731958762886598,14535,168,194
denovo_pdb,7f1l_A,long,L/2,0.041237113402061855,14535,168,97
denovo_pdb,7f1l_A,long,L/5,0.0,14535,168,38
denovo_pdb,7f1l_A,long,R,0.08333333333333333,14535,168,168
denovo_pdb,7f1l_A,long,AUC,0.7862485374883579,14535,168,14535
denovo_pdb,7hiy_A,all,L,0.5634920634920635,7260,93,126
denovo_pdb,7hiy_A,all,L/2,0.7619047619047619,7260,93,63
denovo_pdb,7hiy_A,all,L/5,0.96,7260,93,25
denovo_pdb,7hiy_A,all,R,0.6666666666666666,7260,93,93
denovo_pdb,7hiy_A,all,AUC,0.9922374203150341,7260,93,7260
denovo_pdb,7hiy_A,short,L,0.05555555555555555,705,7,126
denovo_pdb,7hiy_A,short,L/2,0.1111111111111111,705,7,63
denovo_pdb,7hiy_A,short,L/5,0.28,705,7,25
denovo_pdb,7hiy_A,short,R,0.8571428571428571,705,7,7
denovo_pdb,7hiy_A,short,AUC,0.9991813344248874,705,7,705
denovo_pdb,7hiy_A,medium,L,0.20634920634920634,1302,26,126
denovo_pdb,7hiy_A,medium,L/2,0.4126984126984127,1302,26,63
denovo_pdb,7hiy_A,medium,L/5,0.8,1302,26,25
denovo_pdb,7hiy_A,medium,R,0.7692307692307693,1302,26,26
denovo_pdb,7hiy_A,medium,AUC,0.9969405594405594,1302,26,1302
denovo_pdb,7hiy_A,long,L,0.38095238095238093,5253,60,126
denovo_pdb,7hiy_A,long,L/2,0.6349206349206349,5253,60,63
denovo_pdb,7hiy_A,long,L/5,0.84,5253,60,25
denovo_pdb,7hiy_A,long,R,0.65,5253,60,60
denovo_pdb,7hiy_A,long,AUC,0.9890991077732845,5253,60,5253
denovo_pdb,7hiz_A,all,L,0.5714285714285714,7260,91,126
denovo_pdb,7hiz_A,all,L/2,0.7936507936507936,7260,91,63
denovo_pdb,7hiz_A,all,L/5,0.92,7260,91,25
denovo_pdb,7hiz_A,all,R,0.6813186813186813,7260,91,91
denovo_pdb,7hiz_A,all,AUC,0.9935650902312919,7260,91,7260
denovo_pdb,7hiz_A,short,L,0.047619047619047616,705,6,126
denovo_pdb,7hiz_A,short,L/2,0.09523809523809523,705,6,63
denovo_pdb,7hiz_A,short,L/5,0.24,705,6,25
denovo_pdb,7hiz_A,short,R,0.6666666666666666,705,6,6
denovo_pdb,7hiz_A,short,AUC,0.996900333810205,705,6,705
denovo_pdb,7hiz_A,medium,L,0.19047619047619047,1302,24,126
denovo_pdb,7hiz_A,medium,L/2,0.38095238095238093,1302,24,63
denovo_pdb,7hiz_A,medium,L/5,0.76,1302,24,25
denovo_pdb,7hiz_A,medium,R,0.75,1302,24,24
denovo_pdb,7hiz_A,medium,AUC,0.997293948878456,1302,24,1302
denovo_pdb,7hiz_A,long,L,0.3888888888888889,5253,61,126
denovo_pdb,7hiz_A,long,L/2,0.6349206349206349,5253,61,63
denovo_pdb,7hiz_A,long,L/5,0.88,5253,61,25
denovo_pdb,7hiz_A,long,R,0.6557377049180327,5253,61,61
denovo_pdb,7hiz_A,long,AUC,0.9914827982520398,5253,61,5253
denovo_pdb,7hj0_A,all,L,0.5793650793650794,7260,90,126
denovo_pdb,7hj0_A,all,L/2,0.8095238095238095,7260,90,63
denovo_pdb,7hj0_A,all,L/5,1.0,7260,90,25
denovo_pdb,7hj0_A,all,R,0.7111111111111111,7260,90,90
denovo_pdb,7hj0_A,all,AUC,0.9937176507050983,7260,90,7260
denovo_pdb,7hj0_A,short,L,0.05555555555555555,705,7,126
denovo_pdb,7hj0_A,short,L/2,0.1111111111111111,705,7,63
denovo_pdb,7hj0_A,short,L/5,0.28,705,7,25
denovo_pdb,7hj0_A,short,R,0.8571428571428571,705,7,7
denovo_pdb,7hj0_A,short,AUC,0.9990790012279983,705,7,705
denovo_pdb,7hj0_A,medium,L,0.19047619047619047,1302,24,126
denovo_pdb,7hj0_A,medium,L/2,0.38095238095238093,1302,24,63
denovo_pdb,7hj0_A,medium,L/5,0.76,1302,24,25
denovo_pdb,7hj0_A,medium,R,0.75,1302,24,24
denovo_pdb,7hj0_A,medium,AUC,0.9968864110589464,1302,24,1302
denovo_pdb,7hj0_A,long,L,0.42857142857142855,5253,59,126
denovo_pdb,7hj0_A,long,L/2,0.6666666666666666,5253,59,63
denovo_pdb,7hj0_A,long,L/5,0.8,5253,59,25
denovo_pdb,7hj0_A,long,R,0.6779661016949152,5253,59,59
denovo_pdb,7hj0_A,long,AUC,0.9915890564732448,5253,59,5253
denovo_pdb,7hj1_A,all,L,0.5714285714285714,7260,93,126
denovo_pdb,7hj1_A,all,L/2,0.7619047619047619,7260,93,63
denovo_pdb,7hj1_A,all,L/5,0.96,7260,93,25
denovo_pdb,7hj1_A,all,R,0.6666666666666666,7260,93,93
denovo_pdb,7hj1_A,all,AUC,0.9869705985167982,7260,93,7260
denovo_pdb,7hj1_A,short,L,0.05555555555555555,705,7,126
denovo_pdb,7hj1_A,short,L/2,0.1111111111111111,705,7,63
denovo_pdb,7hj1_A,short,L/5,0.28,705,7,25
denovo_pdb,7hj1_A,short,R,0.8571428571428571,705,7,7
denovo_pdb,7hj1_A,short,AUC,0.9988743348342202,705,7,705
denovo_pdb,7hj1_A,medium,L,0.21428571428571427,1302,27,126
denovo_pdb,7hj1_A,medium,L/2,0.42857142857142855,1302,27,63
denovo_pdb,7hj1_A,medium,L/5,0.68,1302,27,25
denovo_pdb,7hj1_A,medium,R,0.7037037037037037,1302,27,27
denovo_pdb,7hj1_A,medium,AUC,0.9951924473493101,1302,27,1302
denovo_pdb,7hj1_A,long,L,0.373015873015873,5253,59,126
denovo_pdb,7hj1_A,long,L/2,0.6507936507936508,5253,59,63
denovo_pdb,7hj1_A,long,L/5,0.84,5253,59,25
denovo_pdb,7hj1_A,long,R,0.6610169491525424,5253,59,59
denovo_pdb,7hj1_A,long,AUC,0.9814241334525495,5253,59,5253
denovo_pdb,7hj2_A,all,L,0.5,7260,87,126
denovo_pdb,7hj2_A,all,L/2,0.7301587301587301,7260,87,63
denovo_pdb,7hj2_A,all,L/5,0.88,7260,87,25
denovo_pdb,7hj2_A,all,R,0.6206896551724138,7260,87,87
denovo_pdb,7hj2_A,all,AUC,0.9907675814957431,7260,87,7260
denovo_pdb,7hj2_A,short,L,0.03968253968253968,705,5,126
denovo_pdb,7hj2_A,short,L/2,0.07936507936507936,705,5,63
denovo_pdb,7hj2_A,short,L/5,0.2,705,5,25
denovo_pdb,7hj2_A,short,R,0.8,705,5,5
denovo_pdb,7hj2_A,short,AUC,0.9982857142857142,705,5,705
denovo_pdb,7hj2_A,medium,L,0.19047619047619047,1302,24,126
denovo_pdb,7hj2_A,medium,L/2,0.36507936507936506,1302,24,63
denovo_pdb,7hj2_A,medium,L/5,0.68,1302,24,25
denovo_pdb,7hj2_A,medium,R,0.7083333333333334,1302,24,24
denovo_pdb,7hj2_A,medium,AUC,0.9939521387584769,1302,24,1302
denovo_pdb,7hj2_A,long,L,0.36507936507936506,5253,58,126
denovo_pdb,7hj2_A,long,L/2,0.5714285714285714,5253,58,63
denovo_pdb,7hj2_A,long,L/5,0.84,5253,58,25
denovo_pdb,7hj2_A,long,R,0.603448275862069,5253,58,58
denovo_pdb,7hj2_A,long,AUC,0.9887258969167967,5253,58,5253
denovo_pdb,7hj3_A,all,L,0.5634920634920635,7260,90,126
denovo_pdb,7hj3_A,all,L/2,0.8095238095238095,7260,90,63
denovo_pdb,7hj3_A,all,L/5,0.92,7260,90,25
denovo_pdb,7hj3_A,all,R,0.7,7260,90,90
denovo_pdb,7hj3_A,all,AUC,0.9963265147993181,7260,90,7260
denovo_pdb,7hj3_A,short,L,0.047619047619047616,705,6,126
denovo_pdb,7hj3_A,short,L/2,0.09523809523809523,705,6,63
denovo_pdb,7hj3_A,short,L/5,0.24,705,6,25
denovo_pdb,7hj3_A,short,R,0.8333333333333334,705,6,6
denovo_pdb,7hj3_A,short,AUC,0.9997615641392466,705,6,705
denovo_pdb,7hj3_A,medium,L,0.1984126984126984,1302,25,126
denovo_pdb,7hj3_A,medium,L/2,0.3968253968253968,1302,25,63
denovo_pdb,7hj3_A,medium,L/5,0.76,1302,25,25
denovo_pdb,7hj3_A,medium,R,0.76,1302,25,25
denovo_pdb,7hj3_A,medium,AUC,0.9961472200469852,1302,25,1302
denovo_pdb,7hj3_A,long,L,0.4523809523809524,5253,59,126
denovo_pdb,7hj3_A,long,L/2,0.6507936507936508,5253,59,63
denovo_pdb,7hj3_A,long,L/5,0.92,5253,59,25
denovo_pdb,7hj3_A,long,R,0.6779661016949152,5253,59,59
denovo_pdb,7hj3_A,long,AUC,0.9962016146400998,5253,59,5253
denovo_pdb,7hj4_A,all,L,0.5634920634920635,7260,93,126
denovo_pdb,7hj4_A,all,L/2,0.7936507936507936,7260,93,63
denovo_pdb,7hj4_A,all,L/5,0.96,7260,93,25
denovo_pdb,7hj4_A,all,R,0.6559139784946236,7260,93,93
denovo_pdb,7hj4_A,all,AUC,0.9883268745189647,7260,93,7260
denovo_pdb,7hj4_A,short,L,0.05555555555555555,705,7,126
denovo_pdb,7hj4_A,short,L/2,0.1111111111111111,705,7,63
denovo_pdb,7hj4_A,short,L/5,0.28,705,7,25
denovo_pdb,7hj4_A,short,R,0.8571428571428571,705,7,7
denovo_pdb,7hj4_A,short,AUC,0.9992836676217765,705,7,705
denovo_pdb,7hj4_A,medium,L,0.20634920634920634,1302,26,126
denovo_pdb,7hj4_A,medium,L/2,0.4126984126984127,1302,26,63
denovo_pdb,7hj4_A,medium,L/5,0.76,1302,26,25
denovo_pdb,7hj4_A,medium,R,0.7307692307692307,1302,26,26
denovo_pdb,7hj4_A,medium,AUC,0.9962322160598023,1302,26,1302
denovo_pdb,7hj4_A,long,L,0.4126984126984127,5253,60,126
denovo_pdb,7hj4_A,long,L/2,0.6349206349206349,5253,60,63
denovo_pdb,7hj4_A,long,L/5,0.8,5253,60,25
denovo_pdb,7hj4_A,long,R,0.65,5253,60,60
denovo_pdb,7hj4_A,long,AUC,0.9833076577443995,5253,60,5253
denovo_pdb,7hj5_A,all,L,0.5476190476190477,7260,91,126
denovo_pdb,7hj5_A,all,L/2,0.8253968253968254,7260,91,63
denovo_pdb,7hj5_A,all,L/5,0.92,7260,91,25
denovo_pdb,7hj5_A,all,R,0.6813186813186813,7260,91,91
denovo_pdb,7hj5_A,all,AUC,0.9878605841083175,7260,91,7260
denovo_pdb,7hj5_A,short,L,0.047619047619047616,705,6,126
denovo_pdb,7hj5_A,short,L/2,0.09523809523809523,705,6,63
denovo_pdb,7hj5_A,short,L/5,0.24,705,6,25
denovo_pdb,7hj5_A,short,R,0.8333333333333334,705,6,6
denovo_pdb,7hj5_A,short,AUC,0.996900333810205,705,6,705
denovo_pdb,7hj5_A,medium,L,0.1984126984126984,1302,25,126
denovo_pdb,7hj5_A,medium,L/2,0.3968253968253968,1302,25,63
denovo_pdb,7hj5_A,medium,L/5,0.72,1302,25,25
denovo_pdb,7hj5_A,medium,R,0.72,1302,25,25
denovo_pdb,7hj5_A,medium,AUC,0.995520751761942,1302,25,1302
denovo_pdb,7hj5_A,long,L,0.40476190476190477,5253,60,126
denovo_pdb,7hj5_A,long,L/2,0.6349206349206349,5253,60,63
denovo_pdb,7hj5_A,long,L/5,0.88,5253,60,25
denovo_pdb,7hj5_A,long,R,0.6666666666666666,5253,60,60
denovo_pdb,7hj5_A,long,AUC,0.9835323191475706,5253,60,5253
denovo_pdb,7hj6_A,all,L,0.5714285714285714,7260,96,126
denovo_pdb,7hj6_A,all,L/2,0.8095238095238095,7260,96,63
denovo_pdb,7hj6_A,all,L/5,1.0,7260,96,25
denovo_pdb,7hj6_A,all,R,0.6770833333333334,7260,96,96
denovo_pdb,7hj6_A,all,AUC,0.9930650067466964,7260,96,7260
denovo_pdb,7hj6_A,short,L,0.047619047619047616,705,6,126
denovo_pdb,7hj6_A,short,L/2,0.09523809523809523,705,6,63
denovo_pdb,7hj6_A,short,L/5,0.24,705,6,25
denovo_pdb,7hj6_A,short,R,0.8333333333333334,705,6,6
denovo_pdb,7hj6_A,short,AUC,0.9995231282784931,705,6,705
denovo_pdb,7hj6_A,medium,L,0.21428571428571427,1302,27,126
denovo_pdb,7hj6_A,medium,L/2,0.42857142857142855,1302,27,63
denovo_pdb,7hj6_A,medium,L/5,0.8,1302,27,25
denovo_pdb,7hj6_A,medium,R,0.7407407407407407,1302,27,27
denovo_pdb,7hj6_A,medium,AUC,0.9966884531590414,1302,27,1302
denovo_pdb,7hj6_A,long,L,0.40476190476190477,5253,63,126
denovo_pdb,7hj6_A,long,L/2,0.6349206349206349,5253,63,63
denovo_pdb,7hj6_A,long,L/5,0.92,5253,63,25
denovo_pdb,7hj6_A,long,R,0.6349206349206349,5253,63,63
denovo_pdb,7hj6_A,long,AUC,0.9905893507049577,5253,63,5253
denovo_pdb,7hj7_A,all,L,0.5476190476190477,7260,93,126
denovo_pdb,7hj7_A,all,L/2,0.7936507936507936,7260,93,63
denovo_pdb,7hj7_A,all,L/5,0.92,7260,93,25
denovo_pdb,7hj7_A,all,R,0.6666666666666666,7260,93,93
denovo_pdb,7hj7_A,all,AUC,0.9901684992896054,7260,93,7260
denovo_pdb,7hj7_A,short,L,0.047619047619047616,705,6,126
denovo_pdb,7hj7_A,short,L/2,0.09523809523809523,705,6,63
denovo_pdb,7hj7_A,short,L/5,0.24,705,6,25
denovo_pdb,7hj7_A,short,R,0.6666666666666666,705,6,6
denovo_pdb,7hj7_A,short,AUC,0.9971387696709586,705,6,705
denovo_pdb,7hj7_A,medium,L,0.1984126984126984,1302,25,126
denovo_pdb,7hj7_A,medium,L/2,0.3968253968253968,1302,25,63
denovo_pdb,7hj7_A,medium,L/5,0.72,1302,25,25
denovo_pdb,7hj7_A,medium,R,0.72,1302,25,25
denovo_pdb,7hj7_A,medium,AUC,0.9960062646828505,1302,25,1302
denovo_pdb,7hj7_A,long,L,0.3968253968253968,5253,62,126
denovo_pdb,7hj7_A,long,L/2,0.6031746031746031,5253,62,63
denovo_pdb,7hj7_A,long,L/5,0.88,5253,62,25
denovo_pdb,7hj7_A,long,R,0.6129032258064516,5253,62,62
denovo_pdb,7hj7_A,long,AUC,0.9865337650151318,5253,62,5253
denovo_pdb,7hj8_A,all,L,0.5714285714285714,7260,94,126
denovo_pdb,7hj8_A,all,L/2,0.7936507936507936,7260,94,63
denovo_pdb,7hj8_A,all,L/5,0.92,7260,94,25
denovo_pdb,7hj8_A,all,R,0.6914893617021277,7260,94,94
denovo_pdb,7hj8_A,all,AUC,0.9914163217558091,7260,94,7260
denovo_pdb,7hj8_A,short,L,0.03968253968253968,705,5,126
denovo_pdb,7hj8_A,short,L/2,0.07936507936507936,705,5,63
denovo_pdb,7hj8_A,short,L/5,0.2,705,5,25
denovo_pdb,7hj8_A,short,R,0.8,705,5,5
denovo_pdb,7hj8_A,short,AUC,0.9984285714285714,705,5,705
denovo_pdb,7hj8_A,medium,L,0.20634920634920634,1302,26,126
denovo_pdb,7hj8_A,medium,L/2,0.3968253968253968,1302,26,63
denovo_pdb,7hj8_A,medium,L/5,0.72,1302,26,25
denovo_pdb,7hj8_A,medium,R,0.7307692307692307,1302,26,26
denovo_pdb,7hj8_A,medium,AUC,0.9956293706293706,1302,26,1302
denovo_pdb,7hj8_A,long,L,0.40476190476190477,5253,63,126
denovo_pdb,7hj8_A,long,L/2,0.6666666666666666,5253,63,63
denovo_pdb,7hj8_A,long,L/5,0.92,5253,63,25
denovo_pdb,7hj8_A,long,R,0.6666666666666666,5253,63,63
denovo_pdb,7hj8_A,long,AUC,0.9889255895036242,5253,63,5253
denovo_pdb,7hj9_A,all,L,0.5555555555555556,7260,92,126
denovo_pdb,7hj9_A,all,L/2,0.7936507936507936,7260,92,63
denovo_pdb,7hj9_A,all,L/5,0.92,7260,92,25
denovo_pdb,7hj9_A,all,R,0.7065217391304348,7260,92,92
denovo_pdb,7hj9_A,all,AUC,0.992944942498059,7260,92,7260
denovo_pdb,7hj9_A,short,L,0.03968253968253968,705,5,126
denovo_pdb,7hj9_A,short,L/2,0.07936507936507936,705,5,63
denovo_pdb,7hj9_A,short,L/5,0.2,705,5,25
denovo_pdb,7hj9_A,short,R,0.8,705,5,5
denovo_pdb,7hj9_A,short,AUC,0.9991428571428571,705,5,705
denovo_pdb,7hj9_A,medium,L,0.1984126984126984,1302,25,126
denovo_pdb,7hj9_A,medium,L/2,0.3968253968253968,1302,25,63
denovo_pdb,7hj9_A,medium,L/5,0.76,1302,25,25
denovo_pdb,7hj9_A,medium,R,0.76,1302,25,25
denovo_pdb,7hj9_A,medium,AUC,0.9962881754111198,1302,25,1302
denovo_pdb,7hj9_A,long,L,0.42857142857142855,5253,62,126
denovo_pdb,7hj9_A,long,L/2,0.6825396825396826,5253,62,63
denovo_pdb,7hj9_A,long,L/5,0.92,5253,62,25
denovo_pdb,7hj9_A,long,R,0.6935483870967742,5253,62,62
denovo_pdb,7hj9_A,long,AUC,0.9912829897900213,5253,62,5253
denovo_pdb,7hja_A,all,L,0.5079365079365079,7260,90,126
denovo_pdb,7hja_A,all,L/2,0.7619047619047619,7260,90,63
denovo_pdb,7hja_A,all,L/5,0.92,7260,90,25
denovo_pdb,7hja_A,all,R,0.6222222222222222,7260,90,90
denovo_pdb,7hja_A,all,AUC,0.9916813885014721,7260,90,7260
denovo_pdb,7hja_A,short,L,0.047619047619047616,705,6,126
denovo_pdb,7hja_A,short,L/2,0.09523809523809523,705,6,63
denovo_pdb,7hja_A,short,L/5,0.24,705,6,25
denovo_pdb,7hja_A,short,R,0.6666666666666666,705,6,6
denovo_pdb,7hja_A,short,AUC,0.9967811158798283,705,6,705
denovo_pdb,7hja_A,medium,L,0.1984126984126984,1302,25,126
denovo_pdb,7hja_A,medium,L/2,0.38095238095238093,1302,25,63
denovo_pdb,7hja_A,medium,L/5,0.72,1302,25,25
denovo_pdb,7hja_A,medium,R,0.72,1302,25,25
denovo_pdb,7hja_A,medium,AUC,0.9942364917776038,1302,25,1302
denovo_pdb,7hja_A,long,L,0.373015873015873,5253,59,126
denovo_pdb,7hja_A,long,L/2,0.6031746031746031,5253,59,63
denovo_pdb,7hja_A,long,L/5,0.84,5253,59,25
denovo_pdb,7hja_A,long,R,0.6271186440677966,5253,59,59
denovo_pdb,7hja_A,long,AUC,0.9898138660644942,5253,59,5253
denovo_pdb,7hjb_A,all,L,0.5476190476190477,7260,95,126
denovo_pdb,7hjb_A,all,L/2,0.8253968253968254,7260,95,63
denovo_pdb,7hjb_A,all,L/5,0.92,7260,95,25
denovo_pdb,7hjb_A,all,R,0.6736842105263158,7260,95,95
denovo_pdb,7hjb_A,all,AUC,0.991540015425864,7260,95,7260
denovo_pdb,7hjb_A,short,L,0.05555555555555555,705,7,126
denovo_pdb,7hjb_A,short,L/2,0.1111111111111111,705,7,63
denovo_pdb,7hjb_A,short,L/5,0.28,705,7,25
denovo_pdb,7hjb_A,short,R,0.8571428571428571,705,7,7
denovo_pdb,7hjb_A,short,AUC,0.9987720016373312,705,7,705
denovo_pdb,7hjb_A,medium,L,0.1984126984126984,1302,25,126
denovo_pdb,7hjb_A,medium,L/2,0.38095238095238093,1302,25,63
denovo_pdb,7hjb_A,medium,L/5,0.76,1302,25,25
denovo_pdb,7hjb_A,medium,R,0.76,1302,25,25
denovo_pdb,7hjb_A,medium,AUC,0.994267815191856,1302,25,1302
denovo_pdb,7hjb_A,long,L,0.42063492063492064,5253,63,126
denovo_pdb,7hjb_A,long,L/2,0.6666666666666666,5253,63,63
denovo_pdb,7hjb_A,long,L/5,0.92,5253,63,25
denovo_pdb,7hjb_A,long,R,0.6666666666666666,5253,63,63
denovo_pdb,7hjb_A,long,AUC,0.9892008441141389,5253,63,5253
denovo_pdb,7hjc_A,all,L,0.5873015873015873,7260,93,126
denovo_pdb,7hjc_A,all,L/2,0.7936507936507936,7260,93,63
denovo_pdb,7hjc_A,all,L/5,0.96,7260,93,25
denovo_pdb,7hjc_A,all,R,0.6881720430107527,7260,93,93
denovo_pdb,7hjc_A,all,AUC,0.9941660627937785,7260,93,7260
denovo_pdb,7hjc_A,short,L,0.05555555555555555,705,7,126
denovo_pdb,7hjc_A,short,L/2,0.1111111111111111,705,7,63
denovo_pdb,7hjc_A,short,L/5,0.28,705,7,25
denovo_pdb,7hjc_A,short,R,0.8571428571428571,705,7,7
denovo_pdb,7hjc_A,short,AUC,0.9981580024559967,705,7,705
denovo_pdb,7hjc_A,medium,L,0.1984126984126984,1302,25,126
denovo_pdb,7hjc_A,medium,L/2,0.3968253968253968,1302,25,63
denovo_pdb,7hjc_A,medium,L/5,0.8,1302,25,25
denovo_pdb,7hjc_A,medium,R,0.8,1302,25,25
denovo_pdb,7hjc_A,medium,AUC,0.9968050117462803,1302,25,1302
denovo_pdb,7hjc_A,long,L,0.40476190476190477,5253,61,126
denovo_pdb,7hjc_A,long,L/2,0.6666666666666666,5253,61,63
denovo_pdb,7hjc_A,long,L/5,0.96,5253,61,25
denovo_pdb,7hjc_A,long,R,0.6557377049180327,5253,61,61
denovo_pdb,7hjc_A,long,AUC,0.9923747758215666,5253,61,5253
denovo_pdb,7hjd_A,all,L,0.5555555555555556,7260,93,126
denovo_pdb,7hjd_A,all,L/2,0.7936507936507936,7260,93,63
denovo_pdb,7hjd_A,all,L/5,0.92,7260,93,25
denovo_pdb,7hjd_A,all,R,0.6344086021505376,7260,93,93
denovo_pdb,7hjd_A,all,AUC,0.9854402870984245,7260,93,7260
denovo_pdb,7hjd_A,short,L,0.047619047619047616,705,6,126
denovo_pdb,7hjd_A,short,L/2,0.09523809523809523,705,6,63
denovo_pdb,7hjd_A,short,L/5,0.24,705,6,25
denovo_pdb,7hjd_A,short,R,0.6666666666666666,705,6,6
denovo_pdb,7hjd_A,short,AUC,0.9969003338102052,705,6,705
denovo_pdb,7hjd_A,medium,L,0.1984126984126984,1302,25,126
denovo_pdb,7hjd_A,medium,L/2,0.3968253968253968,1302,25,63
denovo_pdb,7hjd_A,medium,L/5,0.76,1302,25,25
denovo_pdb,7hjd_A,medium,R,0.76,1302,25,25
denovo_pdb,7hjd_A,medium,AUC,0.996131558339859,1302,25,1302
denovo_pdb,7hjd_A,long,L,0.40476190476190477,5253,62,126
denovo_pdb,7hjd_A,long,L/2,0.6190476190476191,5253,62,63
denovo_pdb,7hjd_A,long,L/5,0.92,5253,62,25
denovo_pdb,7hjd_A,long,R,0.6290322580645161,5253,62,62
denovo_pdb,7hjd_A,long,AUC,0.9793780799274179,5253,62,5253
denovo_pdb,7hje_A,all,L,0.5714285714285714,7260,93,126
denovo_pdb,7hje_A,all,L/2,0.7936507936507936,7260,93,63
denovo_pdb,7hje_A,all,L/5,0.92,7260,93,25
denovo_pdb,7hje_A,all,R,0.6881720430107527,7260,93,93
denovo_pdb,7hje_A,all,AUC,0.9929028057209641,7260,93,7260
denovo_pdb,7hje_A,short,L,0.047619047619047616,705,6,126
denovo_pdb,7hje_A,short,L/2,0.09523809523809523,705,6,63
denovo_pdb,7hje_A,short,L/5,0.24,705,6,25
denovo_pdb,7hje_A,short,R,0.6666666666666666,705,6,6
denovo_pdb,7hje_A,short,AUC,0.9976156413924655,705,6,705
denovo_pdb,7hje_A,medium,L,0.1984126984126984,1302,25,126
denovo_pdb,7hje_A,medium,L/2,0.38095238095238093,1302,25,63
denovo_pdb,7hje_A,medium,L/5,0.76,1302,25,25
denovo_pdb,7hje_A,medium,R,0.76,1302,25,25
denovo_pdb,7hje_A,medium,AUC,0.9959749412685982,1302,25,1302
denovo_pdb,7hje_A,long,L,0.42063492063492064,5253,62,126
denovo_pdb,7hje_A,long,L/2,0.6666666666666666,5253,62,63
denovo_pdb,7hje_A,long,L/5,0.88,5253,62,25
denovo_pdb,7hje_A,long,R,0.6612903225806451,5253,62,62
denovo_pdb,7hje_A,long,AUC,0.99084333306405,5253,62,5253
denovo_pdb,7hjf_A,all,L,0.5317460317460317,7260,93,126
denovo_pdb,7hjf_A,all,L/2,0.7777777777777778,7260,93,63
denovo_pdb,7hjf_A,all,L/5,0.88,7260,93,25
denovo_pdb,7hjf_A,all,R,0.6774193548387096,7260,93,93
denovo_pdb,7hjf_A,all,AUC,0.9832926000441089,7260,93,7260
denovo_pdb,7hjf_A,short,L,0.047619047619047616,705,6,126
denovo_pdb,7hjf_A,short,L/2,0.09523809523809523,705,6,63
denovo_pdb,7hjf_A,short,L/5,0.24,705,6,25
denovo_pdb,7hjf_A,short,R,0.6666666666666666,705,6,6
denovo_pdb,7hjf_A,short,AUC,0.9972579876013352,705,6,705
denovo_pdb,7hjf_A,medium,L,0.1984126984126984,1302,25,126
denovo_pdb,7hjf_A,medium,L/2,0.3968253968253968,1302,25,63
denovo_pdb,7hjf_A,medium,L/5,0.76,1302,25,25
denovo_pdb,7hjf_A,medium,R,0.76,1302,25,25
denovo_pdb,7hjf_A,medium,AUC,0.9950822239624119,1302,25,1302
denovo_pdb,7hjf_A,long,L,0.373015873015873,5253,62,126
denovo_pdb,7hjf_A,long,L/2,0.6349206349206349,5253,62,63
denovo_pdb,7hjf_A,long,L/5,0.88,5253,62,25
denovo_pdb,7hjf_A,long,R,0.6451612903225806,5253,62,62
denovo_pdb,7hjf_A,long,AUC,0.9769483162545597,5253,62,5253
denovo_pdb,7hjg_A,all,L,0.6111111111111112,7260,98,126
denovo_pdb,7hjg_A,all,L/2,0.8412698412698413,7260,98,63
denovo_pdb,7hjg_A,all,L/5,0.96,7260,98,25
denovo_pdb,7hjg_A,all,R,0.6836734693877551,7260,98,98
denovo_pdb,7hjg_A,all,AUC,0.9883476568510677,7260,98,7260
denovo_pdb,7hjg_A,short,L,0.05555555555555555,705,7,126
denovo_pdb,7hjg_A,short,L/2,0.1111111111111111,705,7,63
denovo_pdb,7hjg_A,short,L/5,0.28,705,7,25
denovo_pdb,7hjg_A,short,R,0.8571428571428571,705,7,7
denovo_pdb,7hjg_A,short,AUC,0.9987720016373313,705,7,705
denovo_pdb,7hjg_A,medium,L,0.20634920634920634,1302,26,126
denovo_pdb,7hjg_A,medium,L/2,0.4126984126984127,1302,26,63
denovo_pdb,7hjg_A,medium,L/5,0.76,1302,26,25
denovo_pdb,7hjg_A,medium,R,0.7307692307692307,1302,26,26
denovo_pdb,7hjg_A,medium,AUC,0.995101880877743,1302,26,1302
denovo_pdb,7hjg_A,long,L,0.4444444444444444,5253,65,126
denovo_pdb,7hjg_A,long,L/2,0.7142857142857143,5253,65,63
denovo_pdb,7hjg_A,long,L/5,0.96,5253,65,25
denovo_pdb,7hjg_A,long,R,0.7076923076923077,5253,65,65
denovo_pdb,7hjg_A,long,AUC,0.9841750192752506,5253,65,5253
denovo_pdb,7hjh_A,all,L,0.5714285714285714,7260,92,126
denovo_pdb,7hjh_A,all,L/2,0.8253968253968254,7260,92,63
denovo_pdb,7hjh_A,all,L/5,0.92,7260,92,25
denovo_pdb,7hjh_A,all,R,0.6521739130434783,7260,92,92
denovo_pdb,7hjh_A,all,AUC,0.9910221455260093,7260,92,7260
denovo_pdb,7hjh_A,short,L,0.03968253968253968,705,5,126
denovo_pdb,7hjh_A,short,L/2,0.07936507936507936,705,5,63
denovo_pdb,7hjh_A,short,L/5,0.2,705,5,25
denovo_pdb,7hjh_A,short,R,0.8,705,5,5
denovo_pdb,7hjh_A,short,AUC,0.9982857142857143,705,5,705
denovo_pdb,7hjh_A,medium,L,0.1984126984126984,1302,25,126
denovo_pdb,7hjh_A,medium,L/2,0.38095238095238093,1302,25,63
denovo_pdb,7hjh_A,medium,L/5,0.72,1302,25,25
denovo_pdb,7hjh_A,medium,R,0.72,1302,25,25
denovo_pdb,7hjh_A,medium,AUC,0.9943148003132342,1302,25,1302
denovo_pdb,7hjh_A,long,L,0.40476190476190477,5253,62,126
denovo_pdb,7hjh_A,long,L/2,0.6666666666666666,5253,62,63
denovo_pdb,7hjh_A,long,L/5,0.96,5253,62,25
denovo_pdb,7hjh_A,long,R,0.6774193548387096,5253,62,62
denovo_pdb,7hjh_A,long,AUC,0.9887211737436382,5253,62,5253
denovo_pdb,7hji_A,all,L,0.5555555555555556,7260,95,126
denovo_pdb,7hji_A,all,L/2,0.7142857142857143,7260,95,63
denovo_pdb,7hji_A,all,L/5,0.88,7260,95,25
denovo_pdb,7hji_A,all,R,0.6421052631578947,7260,95,95
denovo_pdb,7hji_A,all,AUC,0.9714658243655194,7260,95,7260
denovo_pdb,7hji_A,short,L,0.03968253968253968,705,5,126
denovo_pdb,7hji_A,short,L/2,0.07936507936507936,705,5,63
denovo_pdb,7hji_A,short,L/5,0.2,705,5,25
denovo_pdb,7hji_A,short,R,0.8,705,5,5
denovo_pdb,7hji_A,short,AUC,0.9985714285714286,705,5,705
denovo_pdb,7hji_A,medium,L,0.1984126984126984,1302,25,126
denovo_pdb,7hji_A,medium,L/2,0.38095238095238093,1302,25,63
denovo_pdb,7hji_A,medium,L/5,0.72,1302,25,25
denovo_pdb,7hji_A,medium,R,0.72,1302,25,25
denovo_pdb,7hji_A,medium,AUC,0.9934534064212999,1302,25,1302
denovo_pdb,7hji_A,long,L,0.3888888888888889,5253,65,126
denovo_pdb,7hji_A,long,L/2,0.6349206349206349,5253,65,63
denovo_pdb,7hji_A,long,L/5,0.8,5253,65,25
denovo_pdb,7hji_A,long,R,0.6461538461538462,5253,65,65
denovo_pdb,7hji_A,long,AUC,0.9606176976454541,5253,65,5253
denovo_pdb,7hjj_A,all,L,0.5555555555555556,7260,93,126
denovo_pdb,7hjj_A,all,L/2,0.746031746031746,7260,93,63
denovo_pdb,7hjj_A,all,L/5,0.84,7260,93,25
denovo_pdb,7hjj_A,all,R,0.6666666666666666,7260,93,93
denovo_pdb,7hjj_A,all,AUC,0.990426551803292,7260,93,7260
denovo_pdb,7hjj_A,short,L,0.047619047619047616,705,6,126
denovo_pdb,7hjj_A,short,L/2,0.09523809523809523,705,6,63
denovo_pdb,7hjj_A,short,L/5,0.24,705,6,25
denovo_pdb,7hjj_A,short,R,0.6666666666666666,705,6,6
denovo_pdb,7hjj_A,short,AUC,0.9974964234620887,705,6,705
denovo_pdb,7hjj_A,medium,L,0.20634920634920634,1302,26,126
denovo_pdb,7hjj_A,medium,L/2,0.3968253968253968,1302,26,63
denovo_pdb,7hjj_A,medium,L/5,0.76,1302,26,25
denovo_pdb,7hjj_A,medium,R,0.7692307692307693,1302,26,26
denovo_pdb,7hjj_A,medium,AUC,0.9941976127320955,1302,26,1302
denovo_pdb,7hjj_A,long,L,0.3888888888888889,5253,61,126
denovo_pdb,7hjj_A,long,L/2,0.6190476190476191,5253,61,63
denovo_pdb,7hjj_A,long,L/5,0.84,5253,61,25
denovo_pdb,7hjj_A,long,R,0.6229508196721312,5253,61,61
denovo_pdb,7hjj_A,long,AUC,0.9882006365404532,5253,61,5253
denovo_pdb,7hjk_A,all,L,0.5793650793650794,7260,92,126
denovo_pdb,7hjk_A,all,L/2,0.746031746031746,7260,92,63
denovo_pdb,7hjk_A,all,L/5,0.92,7260,92,25
denovo_pdb,7hjk_A,all,R,0.6956521739130435,7260,92,92
denovo_pdb,7hjk_A,all,AUC,0.9930253117721273,7260,92,7260
denovo_pdb,7hjk_A,short,L,0.047619047619047616,705,6,126
denovo_pdb,7hjk_A,short,L/2,0.09523809523809523,705,6,63
denovo_pdb,7hjk_A,short,L/5,0.24,705,6,25
denovo_pdb,7hjk_A,short,R,0.8333333333333334,705,6,6
denovo_pdb,7hjk_A,short,AUC,0.9983309489747259,705,6,705
denovo_pdb,7hjk_A,medium,L,0.20634920634920634,1302,26,126
denovo_pdb,7hjk_A,medium,L/2,0.4126984126984127,1302,26,63
denovo_pdb,7hjk_A,medium,L/5,0.8,1302,26,25
denovo_pdb,7hjk_A,medium,R,0.7692307692307693,1302,26,26
denovo_pdb,7hjk_A,medium,AUC,0.9973022666988184,1302,26,1302
denovo_pdb,7hjk_A,long,L,0.4126984126984127,5253,60,126
denovo_pdb,7hjk_A,long,L/2,0.6349206349206349,5253,60,63
denovo_pdb,7hjk_A,long,L/5,0.76,5253,60,25
denovo_pdb,7hjk_A,long,R,0.65,5253,60,60
denovo_pdb,7hjk_A,long,AUC,0.9901983439245137,5253,60,5253
denovo_pdb,7hjl_A,all,L,0.5555555555555556,7260,91,126
denovo_pdb,7hjl_A,all,L/2,0.7936507936507936,7260,91,63
denovo_pdb,7hjl_A,all,L/5,0.92,7260,91,25
denovo_pdb,7hjl_A,all,R,0.6923076923076923,7260,91,91
denovo_pdb,7hjl_A,all,AUC,0.9935390317591462,7260,91,7260
denovo_pdb,7hjl_A,short,L,0.03968253968253968,705,5,126
denovo_pdb,7hjl_A,short,L/2,0.07936507936507936,705,5,63
denovo_pdb,7hjl_A,short,L/5,0.2,705,5,25
denovo_pdb,7hjl_A,short,R,0.8,705,5,5
denovo_pdb,7hjl_A,short,AUC,0.9994285714285714,705,5,705
denovo_pdb,7hjl_A,medium,L,0.1984126984126984,1302,25,126
denovo_pdb,7hjl_A,medium,L/2,0.3968253968253968,1302,25,63
denovo_pdb,7hjl_A,medium,L/5,0.76,1302,25,25
denovo_pdb,7hjl_A,medium,R,0.76,1302,25,25
denovo_pdb,7hjl_A,medium,AUC,0.996945967110415,1302,25,1302
denovo_pdb,7hjl_A,long,L,0.3968253968253968,5253,61,126
denovo_pdb,7hjl_A,long,L/2,0.6349206349206349,5253,61,63
denovo_pdb,7hjl_A,long,L/5,0.96,5253,61,25
denovo_pdb,7hjl_A,long,R,0.6557377049180327,5253,61,61
denovo_pdb,7hjl_A,long,AUC,0.9916375129455152,5253,61,5253
denovo_pdb,7hjm_A,all,L,0.6031746031746031,7260,94,126
denovo_pdb,7hjm_A,all,L/2,0.7936507936507936,7260,94,63
denovo_pdb,7hjm_A,all,L/5,0.96,7260,94,25
denovo_pdb,7hjm_A,all,R,0.7021276595744681,7260,94,94
denovo_pdb,7hjm_A,all,AUC,0.9883470110034976,7260,94,7260
denovo_pdb,7hjm_A,short,L,0.05555555555555555,705,7,126
denovo_pdb,7hjm_A,short,L/2,0.1111111111111111,705,7,63
denovo_pdb,7hjm_A,short,L/5,0.28,705,7,25
denovo_pdb,7hjm_A,short,R,0.8571428571428571,705,7,7
denovo_pdb,7hjm_A,short,AUC,0.9990790012279984,705,7,705
denovo_pdb,7hjm_A,medium,L,0.20634920634920634,1302,26,126
denovo_pdb,7hjm_A,medium,L/2,0.4126984126984127,1302,26,63
denovo_pdb,7hjm_A,medium,L/5,0.8,1302,26,25
denovo_pdb,7hjm_A,medium,R,0.7692307692307693,1302,26,26
denovo_pdb,7hjm_A,medium,AUC,0.9970008439836027,1302,26,1302
denovo_pdb,7hjm_A,long,L,0.40476190476190477,5253,61,126
denovo_pdb,7hjm_A,long,L/2,0.6349206349206349,5253,61,63
denovo_pdb,7hjm_A,long,L/5,0.92,5253,61,25
denovo_pdb,7hjm_A,long,R,0.6557377049180327,5253,61,61
denovo_pdb,7hjm_A,long,AUC,0.9823893632069514,5253,61,5253
denovo_pdb,7hjn_A,all,L,0.5555555555555556,7260,90,126
denovo_pdb,7hjn_A,all,L/2,0.7936507936507936,7260,90,63
denovo_pdb,7hjn_A,all,L/5,0.92,7260,90,25
denovo_pdb,7hjn_A,all,R,0.6777777777777778,7260,90,90
denovo_pdb,7hjn_A,all,AUC,0.9928947776228111,7260,90,7260
denovo_pdb,7hjn_A,short,L,0.03968253968253968,705,5,126
denovo_pdb,7hjn_A,short,L/2,0.07936507936507936,705,5,63
denovo_pdb,7hjn_A,short,L/5,0.2,705,5,25
denovo_pdb,7hjn_A,short,R,0.8,705,5,5
denovo_pdb,7hjn_A,short,AUC,0.9987142857142857,705,5,705
denovo_pdb,7hjn_A,medium,L,0.19047619047619047,1302,24,126
denovo_pdb,7hjn_A,medium,L/2,0.38095238095238093,1302,24,63
denovo_pdb,7hjn_A,medium,L/5,0.76,1302,24,25
denovo_pdb,7hjn_A,medium,R,0.7916666666666666,1302,24,24
denovo_pdb,7hjn_A,medium,AUC,0.9962180490349505,1302,24,1302
denovo_pdb,7hjn_A,long,L,0.40476190476190477,5253,61,126
denovo_pdb,7hjn_A,long,L/2,0.6825396825396826,5253,61,63
denovo_pdb,7hjn_A,long,L/5,0.84,5253,61,25
denovo_pdb,7hjn_A,long,R,0.6885245901639344,5253,61,61
denovo_pdb,7hjn_A,long,AUC,0.9910833817474551,5253,61,5253
denovo_pdb,7hjo_A,all,L,0.5317460317460317,7260,90,126
denovo_pdb,7hjo_A,all,L/2,0.746031746031746,7260,90,63
denovo_pdb,7hjo_A,all,L/5,0.96,7260,90,25
denovo_pdb,7hjo_A,all,R,0.6333333333333333,7260,90,90
denovo_pdb,7hjo_A,all,AUC,0.9899736556640323,7260,90,7260
denovo_pdb,7hjo_A,short,L,0.047619047619047616,705,6,126
denovo_pdb,7hjo_A,short,L/2,0.09523809523809523,705,6,63
denovo_pdb,7hjo_A,short,L/5,0.24,705,6,25
denovo_pdb,7hjo_A,short,R,0.6666666666666666,705,6,6
denovo_pdb,7hjo_A,short,AUC,0.9974964234620887,705,6,705
denovo_pdb,7hjo_A,medium,L,0.20634920634920634,1302,26,126
denovo_pdb,7hjo_A,medium,L/2,0.4126984126984127,1302,26,63
denovo_pdb,7hjo_A,medium,L/5,0.76,1302,26,25
denovo_pdb,7hjo_A,medium,R,0.7307692307692307,1302,26,26
denovo_pdb,7hjo_A,medium,AUC,0.9954033035929587,1302,26,1302
denovo_pdb,7hjo_A,long,L,0.35714285714285715,5253,58,126
denovo_pdb,7hjo_A,long,L/2,0.5873015873015873,5253,58,63
denovo_pdb,7hjo_A,long,L/5,0.8,5253,58,25
denovo_pdb,7hjo_A,long,R,0.5862068965517241,5253,58,58
denovo_pdb,7hjo_A,long,AUC,0.9862284690186187,5253,58,5253
denovo_pdb,7hjp_A,all,L,0.5238095238095238,7260,93,126
denovo_pdb,7hjp_A,all,L/2,0.7301587301587301,7260,93,63
denovo_pdb,7hjp_A,all,L/5,0.84,7260,93,25
denovo_pdb,7hjp_A,all,R,0.6451612903225806,7260,93,93
denovo_pdb,7hjp_A,all,AUC,0.9893200766355954,7260,93,7260
denovo_pdb,7hjp_A,short,L,0.047619047619047616,705,6,126
denovo_pdb,7hjp_A,short,L/2,0.09523809523809523,705,6,63
denovo_pdb,7hjp_A,short,L/5,0.24,705,6,25
denovo_pdb,7hjp_A,short,R,0.6666666666666666,705,6,6
denovo_pdb,7hjp_A,short,AUC,0.9976156413924654,705,6,705
denovo_pdb,7hjp_A,medium,L,0.20634920634920634,1302,26,126
denovo_pdb,7hjp_A,medium,L/2,0.4126984126984127,1302,26,63
denovo_pdb,7hjp_A,medium,L/5,0.64,1302,26,25
denovo_pdb,7hjp_A,medium,R,0.6538461538461539,1302,26,26
denovo_pdb,7hjp_A,medium,AUC,0.9934139136725343,1302,26,1302
denovo_pdb,7hjp_A,long,L,0.38095238095238093,5253,61,126
denovo_pdb,7hjp_A,long,L/2,0.5873015873015873,5253,61,63
denovo_pdb,7hjp_A,long,L/5,0.8,5253,61,25
denovo_pdb,7hjp_A,long,R,0.6065573770491803,5253,61,61
denovo_pdb,7hjp_A,long,AUC,0.9857536184293616,5253,61,5253
denovo_pdb,7hjq_A,all,L,0.5158730158730159,7260,93,126
denovo_pdb,7hjq_A,all,L/2,0.7777777777777778,7260,93,63
denovo_pdb,7hjq_A,all,L/5,0.92,7260,93,25
denovo_pdb,7hjq_A,all,R,0.6451612903225806,7260,93,93
denovo_pdb,7hjq_A,all,AUC,0.9893815891533927,7260,93,7260
denovo_pdb,7hjq_A,short,L,0.047619047619047616,705,6,126
denovo_pdb,7hjq_A,short,L/2,0.09523809523809523,705,6,63
denovo_pdb,7hjq_A,short,L/5,0.24,705,6,25
denovo_pdb,7hjq_A,short,R,0.6666666666666666,705,6,6
denovo_pdb,7hjq_A,short,AUC,0.9983309489747259,705,6,705
denovo_pdb,7hjq_A,medium,L,0.1984126984126984,1302,25,126
denovo_pdb,7hjq_A,medium,L/2,0.3968253968253968,1302,25,63
denovo_pdb,7hjq_A,medium,L/5,0.76,1302,25,25
denovo_pdb,7hjq_A,medium,R,0.76,1302,25,25
denovo_pdb,7hjq_A,medium,AUC,0.9960689115113547,1302,25,1302
denovo_pdb,7hjq_A,long,L,0.36507936507936506,5253,62,126
denovo_pdb,7hjq_A,long,L/2,0.5873015873015873,5253,62,63
denovo_pdb,7hjq_A,long,L/5,0.96,5253,62,25
denovo_pdb,7hjq_A,long,R,0.5967741935483871,5253,62,62
denovo_pdb,7hjq_A,long,AUC,0.9850485642023105,5253,62,5253
denovo_pdb,7hjr_A,all,L,0.5873015873015873,7260,94,126
denovo_pdb,7hjr_A,all,L/2,0.8095238095238095,7260,94,63
denovo_pdb,7hjr_A,all,L/5,0.92,7260,94,25
denovo_pdb,7hjr_A,all,R,0.7021276595744681,7260,94,94
denovo_pdb,7hjr_A,all,AUC,0.9942451351239008,7260,94,7260
denovo_pdb,7hjr_A,short,L,0.047619047619047616,705,6,126
denovo_pdb,7hjr_A,short,L/2,0.09523809523809523,705,6,63
denovo_pdb,7hjr_A,short,L/5,0.24,705,6,25
denovo_pdb,7hjr_A,short,R,0.6666666666666666,705,6,6
denovo_pdb,7hjr_A,short,AUC,0.9967811158798283,705,6,705
denovo_pdb,7hjr_A,medium,L,0.1984126984126984,1302,25,126
denovo_pdb,7hjr_A,medium,L/2,0.3968253968253968,1302,25,63
denovo_pdb,7hjr_A,medium,L/5,0.76,1302,25,25
denovo_pdb,7hjr_A,medium,R,0.76,1302,25,25
denovo_pdb,7hjr_A,medium,AUC,0.9950195771339075,1302,25,1302
denovo_pdb,7hjr_A,long,L,0.42857142857142855,5253,63,126
denovo_pdb,7hjr_A,long,L/2,0.6666666666666666,5253,63,63
denovo_pdb,7hjr_A,long,L/5,0.96,5253,63,25
denovo_pdb,7hjr_A,long,R,0.6666666666666666,5253,63,63
denovo_pdb,7hjr_A,long,AUC,0.9936232681897421,5253,63,5253
denovo_pdb,7hjs_A,all,L,0.5476190476190477,7260,90,126
denovo_pdb,7hjs_A,all,L/2,0.7777777777777778,7260,90,63
denovo_pdb,7hjs_A,all,L/5,0.92,7260,90,25
denovo_pdb,7hjs_A,all,R,0.6666666666666666,7260,90,90
denovo_pdb,7hjs_A,all,AUC,0.9871199442119944,7260,90,7260
denovo_pdb,7hjs_A,short,L,0.047619047619047616,705,6,126
denovo_pdb,7hjs_A,short,L/2,0.09523809523809523,705,6,63
denovo_pdb,7hjs_A,short,L/5,0.24,705,6,25
denovo_pdb,7hjs_A,short,R,0.8333333333333334,705,6,6
denovo_pdb,7hjs_A,short,AUC,0.9976156413924655,705,6,705
denovo_pdb,7hjs_A,medium,L,0.1984126984126984,1302,25,126
denovo_pdb,7hjs_A,medium,L/2,0.3968253968253968,1302,25,63
denovo_pdb,7hjs_A,medium,L/5,0.8,1302,25,25
denovo_pdb,7hjs_A,medium,R,0.8,1302,25,25
denovo_pdb,7hjs_A,medium,AUC,0.996742364917776,1302,25,1302
denovo_pdb,7hjs_A,long,L,0.3888888888888889,5253,59,126
denovo_pdb,7hjs_A,long,L/2,0.5873015873015873,5253,59,63
denovo_pdb,7hjs_A,long,L/5,0.92,5253,59,25
denovo_pdb,7hjs_A,long,R,0.6101694915254238,5253,59,59
denovo_pdb,7hjs_A,long,AUC,0.9817847190043271,5253,59,5253
denovo_pdb,7hjt_A,all,L,0.5396825396825397,7260,90,126
denovo_pdb,7hjt_A,all,L/2,0.7777777777777778,7260,90,63
denovo_pdb,7hjt_A,all,L/5,0.92,7260,90,25
denovo_pdb,7hjt_A,all,R,0.6333333333333333,7260,90,90
denovo_pdb,7hjt_A,all,AUC,0.991880520688052,7260,90,7260
denovo_pdb,7hjt_A,short,L,0.03968253968253968,705,5,126
denovo_pdb,7hjt_A,short,L/2,0.07936507936507936,705,5,63
denovo_pdb,7hjt_A,short,L/5,0.2,705,5,25
denovo_pdb,7hjt_A,short,R,0.8,705,5,5
denovo_pdb,7hjt_A,short,AUC,0.998,705,5,705
denovo_pdb,7hjt_A,medium,L,0.1984126984126984,1302,25,126
denovo_pdb,7hjt_A,medium,L/2,0.3968253968253968,1302,25,63
denovo_pdb,7hjt_A,medium,L/5,0.72,1302,25,25
denovo_pdb,7hjt_A,medium,R,0.72,1302,25,25
denovo_pdb,7hjt_A,medium,AUC,0.9948159749412686,1302,25,1302
denovo_pdb,7hjt_A,long,L,0.373015873015873,5253,60,126
denovo_pdb,7hjt_A,long,L/2,0.5873015873015873,5253,60,63
denovo_pdb,7hjt_A,long,L/5,0.92,5253,60,25
denovo_pdb,7hjt_A,long,R,0.6166666666666667,5253,60,60
denovo_pdb,7hjt_A,long,AUC,0.9901261313306373,5253,60,5253
denovo_pdb,7hju_A,all,L,0.5476190476190477,7260,93,126
denovo_pdb,7hju_A,all,L/2,0.7777777777777778,7260,93,63
denovo_pdb,7hju_A,all,L/5,0.92,7260,93,25
denovo_pdb,7hju_A,all,R,0.6666666666666666,7260,93,93
denovo_pdb,7hju_A,all,AUC,0.9868363211913624,7260,93,7260
denovo_pdb,7hju_A,short,L,0.047619047619047616,705,6,126
denovo_pdb,7hju_A,short,L/2,0.09523809523809523,705,6,63
denovo_pdb,7hju_A,short,L/5,0.24,705,6,25
denovo_pdb,7hju_A,short,R,0.6666666666666666,705,6,6
denovo_pdb,7hju_A,short,AUC,0.9972579876013352,705,6,705
denovo_pdb,7hju_A,medium,L,0.1984126984126984,1302,25,126
denovo_pdb,7hju_A,medium,L/2,0.38095238095238093,1302,25,63
denovo_pdb,7hju_A,medium,L/5,0.72,1302,25,25
denovo_pdb,7hju_A,medium,R,0.72,1302,25,25
denovo_pdb,7hju_A,medium,AUC,0.9952701644479247,1302,25,1302
denovo_pdb,7hju_A,long,L,0.4126984126984127,5253,62,126
denovo_pdb,7hju_A,long,L/2,0.6190476190476191,5253,62,63
denovo_pdb,7hju_A,long,L/5,0.88,5253,62,25
denovo_pdb,7hju_A,long,R,0.6290322580645161,5253,62,62
denovo_pdb,7hju_A,long,AUC,0.9824261594198396,5253,62,5253
denovo_pdb,7hjv_A,all,L,0.5555555555555556,7260,92,126
denovo_pdb,7hjv_A,all,L/2,0.7936507936507936,7260,92,63
denovo_pdb,7hjv_A,all,L/5,0.92,7260,92,25
denovo_pdb,7hjv_A,all,R,0.6739130434782609,7260,92,92
denovo_pdb,7hjv_A,all,AUC,0.9928160483792701,7260,92,7260
denovo_pdb,7hjv_A,short,L,0.047619047619047616,705,6,126
denovo_pdb,7hjv_A,short,L/2,0.09523809523809523,705,6,63
denovo_pdb,7hjv_A,short,L/5,0.24,705,6,25
denovo_pdb,7hjv_A,short,R,0.8333333333333334,705,6,6
denovo_pdb,7hjv_A,short,AUC,0.9976156413924654,705,6,705
denovo_pdb,7hjv_A,medium,L,0.20634920634920634,1302,26,126
denovo_pdb,7hjv_A,medium,L/2,0.4126984126984127,1302,26,63
denovo_pdb,7hjv_A,medium,L/5,0.76,1302,26,25
denovo_pdb,7hjv_A,medium,R,0.7692307692307693,1302,26,26
denovo_pdb,7hjv_A,medium,AUC,0.996473354231975,1302,26,1302
denovo_pdb,7hjv_A,long,L,0.40476190476190477,5253,60,126
denovo_pdb,7hjv_A,long,L/2,0.6349206349206349,5253,60,63
denovo_pdb,7hjv_A,long,L/5,0.88,5253,60,25
denovo_pdb,7hjv_A,long,R,0.6333333333333333,5253,60,60
denovo_pdb,7hjv_A,long,AUC,0.9904390525707683,5253,60,5253
denovo_pdb,7hjw_A,all,L,0.5714285714285714,7260,97,126
denovo_pdb,7hjw_A,all,L/2,0.8412698412698413,7260,97,63
denovo_pdb,7hjw_A,all,L/5,0.92,7260,97,25
denovo_pdb,7hjw_A,all,R,0.6701030927835051,7260,97,97
denovo_pdb,7hjw_A,all,AUC,0.9914818562170143,7260,97,7260
denovo_pdb,7hjw_A,short,L,0.047619047619047616,705,6,126
denovo_pdb,7hjw_A,short,L/2,0.09523809523809523,705,6,63
denovo_pdb,7hjw_A,short,L/5,0.24,705,6,25
denovo_pdb,7hjw_A,short,R,0.8333333333333334,705,6,6
denovo_pdb,7hjw_A,short,AUC,0.9997615641392466,705,6,705
denovo_pdb,7hjw_A,medium,L,0.1984126984126984,1302,25,126
denovo_pdb,7hjw_A,medium,L/2,0.3968253968253968,1302,25,63
denovo_pdb,7hjw_A,medium,L/5,0.72,1302,25,25
denovo_pdb,7hjw_A,medium,R,0.72,1302,25,25
denovo_pdb,7hjw_A,medium,AUC,0.9955990602975724,1302,25,1302
denovo_pdb,7hjw_A,long,L,0.4365079365079365,5253,66,126
denovo_pdb,7hjw_A,long,L/2,0.6666666666666666,5253,66,63
denovo_pdb,7hjw_A,long,L/5,0.92,5253,66,25
denovo_pdb,7hjw_A,long,R,0.6363636363636364,5253,66,66
denovo_pdb,7hjw_A,long,AUC,0.9887320282057124,5253,66,5253
denovo_pdb,7hjx_A,all,L,0.5793650793650794,7260,93,126
denovo_pdb,7hjx_A,all,L/2,0.7619047619047619,7260,93,63
denovo_pdb,7hjx_A,all,L/5,0.84,7260,93,25
denovo_pdb,7hjx_A,all,R,0.6666666666666666,7260,93,93
denovo_pdb,7hjx_A,all,AUC,0.9929200592320537,7260,93,7260
denovo_pdb,7hjx_A,short,L,0.047619047619047616,705,6,126
denovo_pdb,7hjx_A,short,L/2,0.09523809523809523,705,6,63
denovo_pdb,7hjx_A,short,L/5,0.24,705,6,25
denovo_pdb,7hjx_A,short,R,0.8333333333333334,705,6,6
denovo_pdb,7hjx_A,short,AUC,0.9972579876013352,705,6,705
denovo_pdb,7hjx_A,medium,L,0.1984126984126984,1302,25,126
denovo_pdb,7hjx_A,medium,L/2,0.3968253968253968,1302,25,63
denovo_pdb,7hjx_A,medium,L/5,0.72,1302,25,25
denovo_pdb,7hjx_A,medium,R,0.72,1302,25,25
denovo_pdb,7hjx_A,medium,AUC,0.9954424432263116,1302,25,1302
denovo_pdb,7hjx_A,long,L,0.42063492063492064,5253,62,126
denovo_pdb,7hjx_A,long,L/2,0.6507936507936508,5253,62,63
denovo_pdb,7hjx_A,long,L/5,0.84,5253,62,25
denovo_pdb,7hjx_A,long,R,0.6612903225806451,5253,62,62
denovo_pdb,7hjx_A,long,AUC,0.9912876504620278,5253,62,5253
denovo_pdb,7hjy_A,all,L,0.5396825396825397,7260,91,126
denovo_pdb,7hjy_A,all,L/2,0.746031746031746,7260,91,63
denovo_pdb,7hjy_A,all,L/5,0.96,7260,91,25
denovo_pdb,7hjy_A,all,R,0.6483516483516484,7260,91,91
denovo_pdb,7hjy_A,all,AUC,0.9787845715450683,7260,91,7260
denovo_pdb,7hjy_A,short,L,0.047619047619047616,705,6,126
denovo_pdb,7hjy_A,short,L/2,0.09523809523809523,705,6,63
denovo_pdb,7hjy_A,short,L/5,0.24,705,6,25
denovo_pdb,7hjy_A,short,R,0.6666666666666666,705,6,6
denovo_pdb,7hjy_A,short,AUC,0.996900333810205,705,6,705
denovo_pdb,7hjy_A,medium,L,0.20634920634920634,1302,26,126
denovo_pdb,7hjy_A,medium,L/2,0.3968253968253968,1302,26,63
denovo_pdb,7hjy_A,medium,L/5,0.76,1302,26,25
denovo_pdb,7hjy_A,medium,R,0.7307692307692307,1302,26,26
denovo_pdb,7hjy_A,medium,AUC,0.9959006510730649,1302,26,1302
denovo_pdb,7hjy_A,long,L,0.36507936507936506,5253,59,126
denovo_pdb,7hjy_A,long,L/2,0.5873015873015873,5253,59,63
denovo_pdb,7hjy_A,long,L/5,0.84,5253,59,25
denovo_pdb,7hjy_A,long,R,0.6101694915254238,5253,59,59
denovo_pdb,7hjy_A,long,AUC,0.9687530592665592,5253,59,5253
denovo_pdb,7hjz_A,all,L,0.5952380952380952,7260,95,126
denovo_pdb,7hjz_A,all,L/2,0.7936507936507936,7260,95,63
denovo_pdb,7hjz_A,all,L/5,1.0,7260,95,25
denovo_pdb,7hjz_A,all,R,0.6736842105263158,7260,95,95
denovo_pdb,7hjz_A,all,AUC,0.9800778638851141,7260,95,7260
denovo_pdb,7hjz_A,short,L,0.05555555555555555,705,7,126
denovo_pdb,7hjz_A,short,L/2,0.1111111111111111,705,7,63
denovo_pdb,7hjz_A,short,L/5,0.28,705,7,25
denovo_pdb,7hjz_A,short,R,0.8571428571428571,705,7,7
denovo_pdb,7hjz_A,short,AUC,0.9988743348342202,705,7,705
denovo_pdb,7hjz_A,medium,L,0.1984126984126984,1302,25,126
denovo_pdb,7hjz_A,medium,L/2,0.3968253968253968,1302,25,63
denovo_pdb,7hjz_A,medium,L/5,0.72,1302,25,25
denovo_pdb,7hjz_A,medium,R,0.72,1302,25,25
denovo_pdb,7hjz_A,medium,AUC,0.9947220046985121,1302,25,1302
denovo_pdb,7hjz_A,long,L,0.3968253968253968,5253,63,126
denovo_pdb,7hjz_A,long,L/2,0.7142857142857143,5253,63,63
denovo_pdb,7hjz_A,long,L/5,0.92,5253,63,25
denovo_pdb,7hjz_A,long,R,0.7142857142857143,5253,63,63
denovo_pdb,7hjz_A,long,AUC,0.9712909441233141,5253,63,5253
denovo_pdb,7hk0_A,all,L,0.6031746031746031,7260,96,126
denovo_pdb,7hk0_A,all,L/2,0.8571428571428571,7260,96,63
denovo_pdb,7hk0_A,all,L/5,0.96,7260,96,25
denovo_pdb,7hk0_A,all,R,0.6875,7260,96,96
denovo_pdb,7hk0_A,all,AUC,0.985209612879211,7260,96,7260
denovo_pdb,7hk0_A,short,L,0.05555555555555555,705,7,126
denovo_pdb,7hk0_A,short,L/2,0.1111111111111111,705,7,63
denovo_pdb,7hk0_A,short,L/5,0.28,705,7,25
denovo_pdb,7hk0_A,short,R,0.8571428571428571,705,7,7
denovo_pdb,7hk0_A,short,AUC,0.9990790012279984,705,7,705
denovo_pdb,7hk0_A,medium,L,0.21428571428571427,1302,27,126
denovo_pdb,7hk0_A,medium,L/2,0.42857142857142855,1302,27,63
denovo_pdb,7hk0_A,medium,L/5,0.84,1302,27,25
denovo_pdb,7hk0_A,medium,R,0.7777777777777778,1302,27,27
denovo_pdb,7hk0_A,medium,AUC,0.9972258533042846,1302,27,1302
denovo_pdb,7hk0_A,long,L,0.40476190476190477,5253,62,126
denovo_pdb,7hk0_A,long,L/2,0.6825396825396826,5253,62,63
denovo_pdb,7hk0_A,long,L/5,0.92,5253,62,25
denovo_pdb,7hk0_A,long,R,0.6774193548387096,5253,62,62
denovo_pdb,7hk0_A,long,AUC,0.9776862559889635,5253,62,5253
denovo_pdb,7hk1_A,all,L,0.5634920634920635,7260,90,126
denovo_pdb,7hk1_A,all,L/2,0.7777777777777778,7260,90,63
denovo_pdb,7hk1_A,all,L/5,0.92,7260,90,25
denovo_pdb,7hk1_A,all,R,0.6888888888888889,7260,90,90
denovo_pdb,7hk1_A,all,AUC,0.9945211529521152,7260,90,7260
denovo_pdb,7hk1_A,short,L,0.03968253968253968,705,5,126
denovo_pdb,7hk1_A,short,L/2,0.07936507936507936,705,5,63
denovo_pdb,7hk1_A,short,L/5,0.2,705,5,25
denovo_pdb,7hk1_A,short,R,0.8,705,5,5
denovo_pdb,7hk1_A,short,AUC,0.9991428571428571,705,5,705
denovo_pdb,7hk1_A,medium,L,0.1984126984126984,1302,25,126
denovo_pdb,7hk1_A,medium,L/2,0.3968253968253968,1302,25,63
denovo_pdb,7hk1_A,medium,L/5,0.68,1302,25,25
denovo_pdb,7hk1_A,medium,R,0.68,1302,25,25
denovo_pdb,7hk1_A,medium,AUC,0.9950039154267815,1302,25,1302
denovo_pdb,7hk1_A,long,L,0.3888888888888889,5253,60,126
denovo_pdb,7hk1_A,long,L/2,0.6666666666666666,5253,60,63
denovo_pdb,7hk1_A,long,L/5,0.92,5253,60,25
denovo_pdb,7hk1_A,long,R,0.6833333333333333,5253,60,60
denovo_pdb,7hk1_A,long,AUC,0.9940673342319789,5253,60,5253
denovo_pdb,7hk2_A,all,L,0.5952380952380952,7260,95,126
denovo_pdb,7hk2_A,all,L/2,0.873015873015873,7260,95,63
denovo_pdb,7hk2_A,all,L/5,0.92,7260,95,25
denovo_pdb,7hk2_A,all,R,0.6947368421052632,7260,95,95
denovo_pdb,7hk2_A,all,AUC,0.9860807286884343,7260,95,7260
denovo_pdb,7hk2_A,short,L,0.05555555555555555,705,7,126
denovo_pdb,7hk2_A,short,L/2,0.1111111111111111,705,7,63
denovo_pdb,7hk2_A,short,L/5,0.28,705,7,25
denovo_pdb,7hk2_A,short,R,0.8571428571428571,705,7,7
denovo_pdb,7hk2_A,short,AUC,0.9991813344248874,705,7,705
denovo_pdb,7hk2_A,medium,L,0.1984126984126984,1302,25,126
denovo_pdb,7hk2_A,medium,L/2,0.3968253968253968,1302,25,63
denovo_pdb,7hk2_A,medium,L/5,0.76,1302,25,25
denovo_pdb,7hk2_A,medium,R,0.76,1302,25,25
denovo_pdb,7hk2_A,medium,AUC,0.9964917776037587,1302,25,1302
denovo_pdb,7hk2_A,long,L,0.3968253968253968,5253,63,126
denovo_pdb,7hk2_A,long,L/2,0.6984126984126984,5253,63,63
denovo_pdb,7hk2_A,long,L/5,0.84,5253,63,25
denovo_pdb,7hk2_A,long,R,0.6984126984126984,5253,63,63
denovo_pdb,7hk2_A,long,AUC,0.9796755053980489,5253,63,5253
denovo_pdb,7hk3_A,all,L,0.6031746031746031,7260,92,126
denovo_pdb,7hk3_A,all,L/2,0.8412698412698413,7260,92,63
denovo_pdb,7hk3_A,all,L/5,0.92,7260,92,25
denovo_pdb,7hk3_A,all,R,0.7065217391304348,7260,92,92
denovo_pdb,7hk3_A,all,AUC,0.9945925126164596,7260,92,7260
denovo_pdb,7hk3_A,short,L,0.047619047619047616,705,6,126
denovo_pdb,7hk3_A,short,L/2,0.09523809523809523,705,6,63
denovo_pdb,7hk3_A,short,L/5,0.24,705,6,25
denovo_pdb,7hk3_A,short,R,0.8333333333333334,705,6,6
denovo_pdb,7hk3_A,short,AUC,0.9980925131139724,705,6,705
denovo_pdb,7hk3_A,medium,L,0.20634920634920634,1302,26,126
denovo_pdb,7hk3_A,medium,L/2,0.4126984126984127,1302,26,63
denovo_pdb,7hk3_A,medium,L/5,0.8,1302,26,25
denovo_pdb,7hk3_A,medium,R,0.8076923076923077,1302,26,26
denovo_pdb,7hk3_A,medium,AUC,0.9974680491921871,1302,26,1302
denovo_pdb,7hk3_A,long,L,0.4126984126984127,5253,60,126
denovo_pdb,7hk3_A,long,L/2,0.6825396825396826,5253,60,63
denovo_pdb,7hk3_A,long,L/5,0.88,5253,60,25
denovo_pdb,7hk3_A,long,R,0.7,5253,60,60
denovo_pdb,7hk3_A,long,AUC,0.9925540792091918,5253,60,5253
denovo_pdb,7hk4_A,all,L,0.5555555555555556,7260,96,126
denovo_pdb,7hk4_A,all,L/2,0.7619047619047619,7260,96,63
denovo_pdb,7hk4_A,all,L/5,0.92,7260,96,25
denovo_pdb,7hk4_A,all,R,0.65625,7260,96,96
denovo_pdb,7hk4_A,all,AUC,0.9906425937558161,7260,96,7260
denovo_pdb,7hk4_A,short,L,0.05555555555555555,705,7,126
denovo_pdb,7hk4_A,short,L/2,0.1111111111111111,705,7,63
denovo_pdb,7hk4_A,short,L/5,0.28,705,7,25
denovo_pdb,7hk4_A,short,R,0.7142857142857143,705,7,7
denovo_pdb,7hk4_A,short,AUC,0.9986696684404421,705,7,705
denovo_pdb,7hk4_A,medium,L,0.20634920634920634,1302,26,126
denovo_pdb,7hk4_A,medium,L/2,0.3968253968253968,1302,26,63
denovo_pdb,7hk4_A,medium,L/5,0.8,1302,26,25
denovo_pdb,7hk4_A,medium,R,0.7692307692307693,1302,26,26
denovo_pdb,7hk4_A,medium,AUC,0.9935043404870991,1302,26,1302
denovo_pdb,7hk4_A,long,L,0.40476190476190477,5253,63,126
denovo_pdb,7hk4_A,long,L/2,0.6190476190476191,5253,63,63
denovo_pdb,7hk4_A,long,L/5,0.8,5253,63,25
denovo_pdb,7hk4_A,long,R,0.6190476190476191,5253,63,63
denovo_pdb,7hk4_A,long,AUC,0.988150289017341,5253,63,5253
denovo_pdb,7jrq_A,all,L,0.5511811023622047,7381,95,127
denovo_pdb,7jrq_A,all,L/2,0.8253968253968254,7381,95,63
denovo_pdb,7jrq_A,all,L/5,0.92,7381,95,25
denovo_pdb,7jrq_A,all,R,0.6736842105263158,7381,95,95
denovo_pdb,7jrq_A,all,AUC,0.9849805683574844,7381,95,7381
denovo_pdb,7jrq_A,short,L,0.11023622047244094,711,14,127
denovo_pdb,7jrq_A,short,L/2,0.20634920634920634,711,14,63
denovo_pdb,7jrq_A,short,L/5,0.4,711,14,25
denovo_pdb,7jrq_A,short,R,0.6428571428571429,711,14,14
denovo_pdb,7jrq_A,short,AUC,0.9726378356220537,711,14,711
denovo_pdb,7jrq_A,medium,L,0.1732283464566929,1314,22,127
denovo_pdb,7jrq_A,medium,L/2,0.3492063492063492,1314,22,63
denovo_pdb,7jrq_A,medium,L/5,0.84,1314,22,25
denovo_pdb,7jrq_A,medium,R,0.9090909090909091,1314,22,22
denovo_pdb,7jrq_A,medium,AUC,0.9991380523501266,1314,22,1314
denovo_pdb,7jrq_A,long,L,0.3464566929133858,5356,59,127
denovo_pdb,7jrq_A,long,L/2,0.5873015873015873,5356,59,63
denovo_pdb,7jrq_A,long,L/5,0.68,5356,59,25
denovo_pdb,7jrq_A,long,R,0.6101694915254238,5356,59,59
denovo_pdb,7jrq_A,long,AUC,0.9821645126918659,5356,59,5356
denovo_pdb,7kuw_A,all,L,0.0967741935483871,1596,13,62
denovo_pdb,7kuw_A,all,L/2,0.12903225806451613,1596,13,31
denovo_pdb,7kuw_A,all,L/5,0.25,1596,13,12
denovo_pdb,7kuw_A,all,R,0.23076923076923078,1596,13,13
denovo_pdb,7kuw_A,all,AUC,0.9352981194421497,1596,13,1596
denovo_pdb,7kuw_A,short,L,0.06451612903225806,321,5,62
denovo_pdb,7kuw_A,short,L/2,0.12903225806451613,321,5,31
denovo_pdb,7kuw_A,short,L/5,0.3333333333333333,321,5,12
denovo_pdb,7kuw_A,short,R,0.6,321,5,5
denovo_pdb,7kuw_A,short,AUC,0.950632911392405,321,5,321
denovo_pdb,7kuw_A,medium,L,0.03225806451612903,534,2,62
denovo_pdb,7kuw_A,medium,L/2,0.06451612903225806,534,2,31
denovo_pdb,7kuw_A,medium,L/5,0.0,534,2,12
denovo_pdb,7kuw_A,medium,R,0.0,534,2,2
denovo_pdb,7kuw_A,medium,AUC,0.9586466165413534,534,2,534
denovo_pdb,7kuw_A,long,L,0.06451612903225806,741,6,62
denovo_pdb,7kuw_A,long,L/2,0.03225806451612903,741,6,31
denovo_pdb,7kuw_A,long,L/5,0.0,741,6,12
denovo_pdb,7kuw_A,long,R,0.0,741,6,6
denovo_pdb,7kuw_A,long,AUC,0.9126984126984128,741,6,741
denovo_pdb,7mcc_A,all,L,0.47368421052631576,17020,173,190
denovo_pdb,7mcc_A,all,L/2,0.4631578947368421,17020,173,95
denovo_pdb,7mcc_A,all,L/5,0.6052631578947368,17020,173,38
denovo_pdb,7mcc_A,all,R,0.4624277456647399,17020,173,173
denovo_pdb,7mcc_A,all,AUC,0.9766030966903423,17020,173,17020
denovo_pdb,7mcc_A,short,L,0.17894736842105263,1089,34,190
denovo_pdb,7mcc_A,short,L/2,0.3473684210526316,1089,34,95
denovo_pdb,7mcc_A,short,L/5,0.5789473684210527,1089,34,38
denovo_pdb,7mcc_A,short,R,0.5588235294117647,1089,34,34
denovo_pdb,7mcc_A,short,AUC,0.9852244215221634,1089,34,1089
denovo_pdb,7mcc_A,medium,L,0.21052631578947367,2070,41,190
denovo_pdb,7mcc_A,medium,L/2,0.3684210526315789,2070,41,95
denovo_pdb,7mcc_A,medium,L/5,0.4473684210526316,2070,41,38
denovo_pdb,7mcc_A,medium,R,0.4634146341463415,2070,41,41
denovo_pdb,7mcc_A,medium,AUC,0.9789575544843669,2070,41,2070
denovo_pdb,7mcc_A,long,L,0.3473684210526316,13861,98,190
denovo_pdb,7mcc_A,long,L/2,0.45263157894736844,13861,98,95
denovo_pdb,7mcc_A,long,L/5,0.5263157894736842,13861,98,38
denovo_pdb,7mcc_A,long,R,0.4489795918367347,13861,98,98
denovo_pdb,7mcc_A,long,AUC,0.9688939733417162,13861,98,13861
denovo_pdb,7ocm_A,all,L,0.16666666666666666,14196,159,174
denovo_pdb,7ocm_A,all,L/2,0.21839080459770116,14196,159,87
denovo_pdb,7ocm_A,all,L/5,0.3235294117647059,14196,159,34
denovo_pdb,7ocm_A,all,R,0.1761006289308176,14196,159,159
denovo_pdb,7ocm_A,all,AUC,0.8234098740839013,14196,159,14196
denovo_pdb,7ocm_A,short,L,0.1781609195402299,993,43,174
denovo_pdb,7ocm_A,short,L/2,0.2413793103448276,993,43,87
denovo_pdb,7ocm_A,short,L/5,0.38235294117647056,993,43,34
denovo_pdb,7ocm_A,short,R,0.37209302325581395,993,43,43
denovo_pdb,7ocm_A,short,AUC,0.8628151774785802,993,43,993
denovo_pdb,7ocm_A,medium,L,0.028735632183908046,1878,17,174
denovo_pdb,7ocm_A,medium,L/2,0.022988505747126436,1878,17,87
denovo_pdb,7ocm_A,medium,L/5,0.0,1878,17,34
denovo_pdb,7ocm_A,medium,R,0.0,1878,17,17
denovo_pdb,7ocm_A,medium,AUC,0.7394348389543888,1878,17,1878
denovo_pdb,7ocm_A,long,L,0.13793103448275862,11325,99,174
denovo_pdb,7ocm_A,long,L/2,0.1724137931034483,11325,99,87
denovo_pdb,7ocm_A,long,L/5,0.2647058823529412,11325,99,34
denovo_pdb,7ocm_A,long,R,0.18181818181818182,11325,99,99
denovo_pdb,7ocm_A,long,AUC,0.8012856158232963,11325,99,11325
denovo_pdb,7osu_A,all,L,0.7540983606557377,15753,242,183
denovo_pdb,7osu_A,all,L/2,0.8461538461538461,15753,242,91
denovo_pdb,7osu_A,all,L/5,0.7777777777777778,15753,242,36
denovo_pdb,7osu_A,all,R,0.6446280991735537,15753,242,242
denovo_pdb,7osu_A,all,AUC,0.9737351152021678,15753,242,15753
denovo_pdb,7osu_A,short,L,0.21311475409836064,1047,40,183
denovo_pdb,7osu_A,short,L/2,0.4065934065934066,1047,40,91
denovo_pdb,7osu_A,short,L/5,0.6388888888888888,1047,40,36
denovo_pdb,7osu_A,short,R,0.675,1047,40,40
denovo_pdb,7osu_A,short,AUC,0.9827333664349553,1047,40,1047
denovo_pdb,7osu_A,medium,L,0.30601092896174864,1986,63,183
denovo_pdb,7osu_A,medium,L/2,0.5164835164835165,1986,63,91
denovo_pdb,7osu_A,medium,L/5,0.8333333333333334,1986,63,36
denovo_pdb,7osu_A,medium,R,0.6349206349206349,1986,63,63
denovo_pdb,7osu_A,medium,AUC,0.9720261826346069,1986,63,1986
denovo_pdb,7osu_A,long,L,0.5519125683060109,12720,139,183
denovo_pdb,7osu_A,long,L/2,0.8131868131868132,12720,139,91
denovo_pdb,7osu_A,long,L/5,0.9166666666666666,12720,139,36
denovo_pdb,7osu_A,long,R,0.6330935251798561,12720,139,139
denovo_pdb,7osu_A,long,AUC,0.9663895939920825,12720,139,12720
denovo_pdb,7osv_A,all,L,0.6705202312138728,14028,214,173
denovo_pdb,7osv_A,all,L/2,0.7674418604651163,14028,214,86
denovo_pdb,7osv_A,all,L/5,0.7941176470588235,14028,214,34
denovo_pdb,7osv_A,all,R,0.6074766355140186,14028,214,214
denovo_pdb,7osv_A,all,AUC,0.9803629393991469,14028,214,14028
denovo_pdb,7osv_A,short,L,0.23121387283236994,987,41,173
denovo_pdb,7osv_A,short,L/2,0.43023255813953487,987,41,86
denovo_pdb,7osv_A,short,L/5,0.8235294117647058,987,41,34
denovo_pdb,7osv_A,short,R,0.7804878048780488,987,41,41
denovo_pdb,7osv_A,short,AUC,0.9824936832877842,987,41,987
denovo_pdb,7osv_A,medium,L,0.34104046242774566,1866,73,173
denovo_pdb,7osv_A,medium,L/2,0.5,1866,73,86
denovo_pdb,7osv_A,medium,L/5,0.7058823529411765,1866,73,34
denovo_pdb,7osv_A,medium,R,0.547945205479452,1866,73,73
denovo_pdb,7osv_A,medium,AUC,0.9637479085331845,1866,73,1866
denovo_pdb,7osv_A,long,L,0.4161849710982659,11175,100,173
denovo_pdb,7osv_A,long,L/2,0.6162790697674418,11175,100,86
denovo_pdb,7osv_A,long,L/5,0.7352941176470589,11175,100,34
denovo_pdb,7osv_A,long,R,0.58,11175,100,100
denovo_pdb,7osv_A,long,AUC,0.9765033860045146,11175,100,11175
denovo_pdb,7ot7_A,all,L,0.6721311475409836,15753,242,183
denovo_pdb,7ot7_A,all,L/2,0.7582417582417582,15753,242,91
denovo_pdb,7ot7_A,all,L/5,0.8333333333333334,15753,242,36
denovo_pdb,7ot7_A,all,R,0.6074380165289256,15753,242,242
denovo_pdb,7ot7_A,all,AUC,0.9768808432938287,15753,242,15753
denovo_pdb,7ot7_A,short,L,0.20765027322404372,1047,39,183
denovo_pdb,7ot7_A,short,L/2,0.3956043956043956,1047,39,91
denovo_pdb,7ot7_A,short,L/5,0.6388888888888888,1047,39,36
denovo_pdb,7ot7_A,short,R,0.6153846153846154,1047,39,39
denovo_pdb,7ot7_A,short,AUC,0.9795736670736671,1047,39,1047
denovo_pdb,7ot7_A,medium,L,0.2896174863387978,1986,64,183
denovo_pdb,7ot7_A,medium,L/2,0.4835164835164835,1986,64,91
denovo_pdb,7ot7_A,medium,L/5,0.6388888888888888,1986,64,36
denovo_pdb,7ot7_A,medium,R,0.5625,1986,64,64
denovo_pdb,7ot7_A,medium,AUC,0.9686158623829344,1986,64,1986
denovo_pdb,7ot7_A,long,L,0.5191256830601093,12720,139,183
denovo_pdb,7ot7_A,long,L/2,0.7472527472527473,12720,139,91
denovo_pdb,7ot7_A,long,L/5,0.8611111111111112,12720,139,36
denovo_pdb,7ot7_A,long,R,0.6258992805755396,12720,139,139
denovo_pdb,7ot7_A,long,AUC,0.9743964148290303,12720,139,12720
denovo_pdb,7p12_A,all,L,0.6413043478260869,15931,219,184
denovo_pdb,7p12_A,all,L/2,0.7717391304347826,15931,219,92
denovo_pdb,7p12_A,all,L/5,0.9166666666666666,15931,219,36
denovo_pdb,7p12_A,all,R,0.5799086757990868,15931,219,219
denovo_pdb,7p12_A,all,AUC,0.9848075867905404,15931,219,15931
denovo_pdb,7p12_A,short,L,0.16304347826086957,1053,30,184
denovo_pdb,7p12_A,short,L/2,0.32608695652173914,1053,30,92
denovo_pdb,7p12_A,short,L/5,0.5833333333333334,1053,30,36
denovo_pdb,7p12_A,short,R,0.6333333333333333,1053,30,30
denovo_pdb,7p12_A,short,AUC,0.9910394265232976,1053,30,1053
denovo_pdb,7p12_A,medium,L,0.22282608695652173,1998,48,184
denovo_pdb,7p12_A,medium,L/2,0.3695652173913043,1998,48,92
denovo_pdb,7p12_A,medium,L/5,0.6666666666666666,1998,48,36
denovo_pdb,7p12_A,medium,R,0.5833333333333334,1998,48,48
denovo_pdb,7p12_A,medium,AUC,0.9743963675213676,1998,48,1998
denovo_pdb,7p12_A,long,L,0.5108695652173914,12880,141,184
denovo_pdb,7p12_A,long,L/2,0.717391304347826,12880,141,92
denovo_pdb,7p12_A,long,L/5,0.8611111111111112,12880,141,36
denovo_pdb,7p12_A,long,R,0.5815602836879432,12880,141,141
denovo_pdb,7p12_A,long,AUC,0.9868839699832813,12880,141,12880
denovo_pdb,7qnl_AAA,all,L,0.6708333333333333,27495,166,240
denovo_pdb,7qnl_AAA,all,L/2,0.9333333333333333,27495,166,120
denovo_pdb,7qnl_AAA,all,L/5,1.0,27495,166,48
denovo_pdb,7qnl_AAA,all,R,0.8373493975903614,27495,166,166
denovo_pdb,7qnl_AAA,all,AUC,0.9963783561925259,27495,166,27495
denovo_pdb,7qnl_AAA,short,L,0.0875,1389,21,240
denovo_pdb,7qnl_AAA,short,L/2,0.175,1389,21,120
denovo_pdb,7qnl_AAA,short,L/5,0.4375,1389,21,48
denovo_pdb,7qnl_AAA,short,R,0.8571428571428571,1389,21,21
denovo_pdb,7qnl_AAA,short,AUC,0.9980854915065441,1389,21,1389
denovo_pdb,7qnl_AAA,medium,L,0.12916666666666668,2670,31,240
denovo_pdb,7qnl_AAA,medium,L/2,0.25833333333333336,2670,31,120
denovo_pdb,7qnl_AAA,medium,L/5,0.6458333333333334,2670,31,48
denovo_pdb,7qnl_AAA,medium,R,0.9032258064516129,2670,31,31
denovo_pdb,7qnl_AAA,medium,AUC,0.9996638511655196,2670,31,2670
denovo_pdb,7qnl_AAA,long,L,0.4666666666666667,23436,114,240
denovo_pdb,7qnl_AAA,long,L/2,0.825,23436,114,120
denovo_pdb,7qnl_AAA,long,L/5,1.0,23436,114,48
denovo_pdb,7qnl_AAA,long,R,0.8333333333333334,23436,114,114
denovo_pdb,7qnl_AAA,long,AUC,0.9950615110798178,23436,114,23436
denovo_pdb,7rmx_A,all,L,0.3231441048034934,24976,231,229
denovo_pdb,7rmx_A,all,L/2,0.4298245614035088,24976,231,114
denovo_pdb,7rmx_A,all,L/5,0.4888888888888889,24976,231,45
denovo_pdb,7rmx_A,all,R,0.3203463203463203,24976,231,231
denovo_pdb,7rmx_A,all,AUC,0.8939780566977981,24976,231,24976
denovo_pdb,7rmx_A,short,L,0.09170305676855896,1323,21,229
denovo_pdb,7rmx_A,short,L/2,0.17543859649122806,1323,21,114
denovo_pdb,7rmx_A,short,L/5,0.37777777777777777,1323,21,45
denovo_pdb,7rmx_A,short,R,0.5714285714285714,1323,21,21
denovo_pdb,7rmx_A,short,AUC,0.9845475824738497,1323,21,1323
denovo_pdb,7rmx_A,medium,L,0.20087336244541484,2538,47,229
denovo_pdb,7rmx_A,medium,L/2,0.37719298245614036,2538,47,114
denovo_pdb,7rmx_A,medium,L/5,0.4444444444444444,2538,47,45
denovo_pdb,7rmx_A,medium,R,0.44680851063829785,2538,47,47
denovo_pdb,7rmx_A,medium,AUC,0.9817171605012086,2538,47,2538
denovo_pdb,7rmx_A,long,L,0.14410480349344978,21115,163,229
denovo_pdb,7rmx_A,long,L/2,0.20175438596491227,21115,163,114
denovo_pdb,7rmx_A,long,L/5,0.28888888888888886,21115,163,45
denovo_pdb,7rmx_A,long,R,0.1656441717791411,21115,163,163
denovo_pdb,7rmx_A,long,AUC,0.8569233327945618,21115,163,21115
denovo_pdb,7smj_A,all,L,0.5057471264367817,14196,166,174
denovo_pdb,7smj_A,all,L/2,0.5057471264367817,14196,166,87
denovo_pdb,7smj_A,all,L/5,0.5882352941176471,14196,166,34
denovo_pdb,7smj_A,all,R,0.5060240963855421,14196,166,166
denovo_pdb,7smj_A,all,AUC,0.9892933816520537,14196,166,14196
denovo_pdb,7smj_A,short,L,0.1896551724137931,993,33,174
denovo_pdb,7smj_A,short,L/2,0.3793103448275862,993,33,87
denovo_pdb,7smj_A,short,L/5,0.5882352941176471,993,33,34
denovo_pdb,7smj_A,short,R,0.6060606060606061,993,33,33
denovo_pdb,7smj_A,short,AUC,0.9858270202020202,993,33,993
denovo_pdb,7smj_A,medium,L,0.21839080459770116,1878,42,174
denovo_pdb,7smj_A,medium,L/2,0.3333333333333333,1878,42,87
denovo_pdb,7smj_A,medium,L/5,0.47058823529411764,1878,42,34
denovo_pdb,7smj_A,medium,R,0.47619047619047616,1878,42,42
denovo_pdb,7smj_A,medium,AUC,0.9729419545596016,1878,42,1878
denovo_pdb,7smj_A,long,L,0.3850574712643678,11325,91,174
denovo_pdb,7smj_A,long,L/2,0.4942528735632184,11325,91,87
denovo_pdb,7smj_A,long,L/5,0.6176470588235294,11325,91,34
denovo_pdb,7smj_A,long,R,0.5054945054945055,11325,91,91
denovo_pdb,7smj_A,long,AUC,0.9915718961472924,11325,91,11325
denovo_pdb,7sq3_A,all,L,0.11643835616438356,9870,110,146
denovo_pdb,7sq3_A,all,L/2,0.2054794520547945,9870,110,73
denovo_pdb,7sq3_A,all,L/5,0.5172413793103449,9870,110,29
denovo_pdb,7sq3_A,all,R,0.14545454545454545,9870,110,110
denovo_pdb,7sq3_A,all,AUC,0.7343801229508198,9870,110,9870
denovo_pdb,7sq3_A,short,L,0.0958904109589041,825,14,146
denovo_pdb,7sq3_A,short,L/2,0.1917808219178082,825,14,73
denovo_pdb,7sq3_A,short,L/5,0.4827586206896552,825,14,29
denovo_pdb,7sq3_A,short,R,0.7857142857142857,825,14,14
denovo_pdb,7sq3_A,short,AUC,0.9973577593799542,825,14,825
denovo_pdb,7sq3_A,medium,L,0.0136986301369863,1542,2,146
denovo_pdb,7sq3_A,medium,L/2,0.0273972602739726,1542,2,73
denovo_pdb,7sq3_A,medium,L/5,0.06896551724137931,1542,2,29
denovo_pdb,7sq3_A,medium,R,0.5,1542,2,2
denovo_pdb,7sq3_A,medium,AUC,0.999025974025974,1542,2,1542
denovo_pdb,7sq3_A,long,L,0.02054794520547945,7503,94,146
denovo_pdb,7sq3_A,long,L/2,0.0136986301369863,7503,94,73
denovo_pdb,7sq3_A,long,L/5,0.0,7503,94,29
denovo_pdb,7sq3_A,long,R,0.010638297872340425,7503,94,94
denovo_pdb,7sq3_A,long,AUC,0.6867711208047715,7503,94,7503
denovo_pdb,7sq4_A,all,L,0.0625,903,3,48
denovo_pdb,7sq4_A,all,L/2,0.125,903,3,24
denovo_pdb,7sq4_A,all,L/5,0.3333333333333333,903,3,9
denovo_pdb,7sq4_A,all,R,0.6666666666666666,903,3,3
denovo_pdb,7sq4_A,all,AUC,0.9987037037037038,903,3,903
denovo_pdb,7sq4_A,short,L,0.0625,237,3,48
denovo_pdb,7sq4_A,short,L/2,0.125,237,3,24
denovo_pdb,7sq4_A,short,L/5,0.3333333333333333,237,3,9
denovo_pdb,7sq4_A,short,R,1.0,237,3,3
denovo_pdb,7sq4_A,short,AUC,1.0,237,3,237
denovo_pdb,7sq4_A,medium,L,0.0,366,0,48
denovo_pdb,7sq4_A,medium,L/2,0.0,366,0,24
denovo_pdb,7sq4_A,medium,L/5,0.0,366,0,9
denovo_pdb,7sq4_A,medium,R,nan,366,0,0
denovo_pdb,7sq4_A,medium,AUC,nan,366,0,366
denovo_pdb,7sq4_A,long,L,0.0,300,0,48
denovo_pdb,7sq4_A,long,L/2,0.0,300,0,24
denovo_pdb,7sq4_A,long,L/5,0.0,300,0,9
denovo_pdb,7sq4_A,long,R,nan,300,0,0
denovo_pdb,7sq4_A,long,AUC,nan,300,0,300
denovo_pdb,7sq5_A,all,L,0.11428571428571428,9045,114,140
denovo_pdb,7sq5_A,all,L/2,0.21428571428571427,9045,114,70
denovo_pdb,7sq5_A,all,L/5,0.5357142857142857,9045,114,28
denovo_pdb,7sq5_A,all,R,0.14035087719298245,9045,114,114
denovo_pdb,7sq5_A,all,AUC,0.7054208974457195,9045,114,9045
denovo_pdb,7sq5_A,short,L,0.09285714285714286,789,15,140
denovo_pdb,7sq5_A,short,L/2,0.18571428571428572,789,15,70
denovo_pdb,7sq5_A,short,L/5,0.4642857142857143,789,15,28
denovo_pdb,7sq5_A,short,R,0.8666666666666667,789,15,15
denovo_pdb,7sq5_A,short,AUC,0.914987080103359,789,15,789
denovo_pdb,7sq5_A,medium,L,0.014285714285714285,1470,2,140
denovo_pdb,7sq5_A,medium,L/2,0.02857142857142857,1470,2,70
denovo_pdb,7sq5_A,medium,L/5,0.07142857142857142,1470,2,28
denovo_pdb,7sq5_A,medium,R,0.5,1470,2,2
denovo_pdb,7sq5_A,medium,AUC,0.9976158038147138,1470,2,1470
denovo_pdb,7sq5_A,long,L,0.05,6786,97,140
denovo_pdb,7sq5_A,long,L/2,0.014285714285714285,6786,97,70
denovo_pdb,7sq5_A,long,L/5,0.03571428571428571,6786,97,28
denovo_pdb,7sq5_A,long,R,0.030927835051546393,6786,97,97
denovo_pdb,7sq5_A,long,AUC,0.6662045549471127,6786,97,6786
denovo_pdb,7tal_A,all,L,0.5255102040816326,18145,194,196
denovo_pdb,7tal_A,all,L/2,0.7346938775510204,18145,194,98
denovo_pdb,7tal_A,all,L/5,0.9743589743589743,18145,194,39
denovo_pdb,7tal_A,all,R,0.5309278350515464,18145,194,194
denovo_pdb,7tal_A,all,AUC,0.9259687166725914,18145,194,18145
denovo_pdb,7tal_A,short,L,0.17857142857142858,1125,36,196
denovo_pdb,7tal_A,short,L/2,0.3163265306122449,1125,36,98
denovo_pdb,7tal_A,short,L/5,0.6923076923076923,1125,36,39
denovo_pdb,7tal_A,short,R,0.7222222222222222,1125,36,36
denovo_pdb,7tal_A,short,AUC,0.9642383430262218,1125,36,1125
denovo_pdb,7tal_A,medium,L,0.24489795918367346,2142,58,196
denovo_pdb,7tal_A,medium,L/2,0.40816326530612246,2142,58,98
denovo_pdb,7tal_A,medium,L/5,0.6923076923076923,2142,58,39
denovo_pdb,7tal_A,medium,R,0.603448275862069,2142,58,58
denovo_pdb,7tal_A,medium,AUC,0.9579637964127341,2142,58,2142
denovo_pdb,7tal_A,long,L,0.2857142857142857,14878,100,196
denovo_pdb,7tal_A,long,L/2,0.4489795918367347,14878,100,98
denovo_pdb,7tal_A,long,L/5,0.6923076923076923,14878,100,39
denovo_pdb,7tal_A,long,R,0.45,14878,100,100
denovo_pdb,7tal_A,long,AUC,0.8863929489782109,14878,100,14878
denovo_pdb,7tjl_A,all,L,0.2235294117647059,3160,58,85
denovo_pdb,7tjl_A,all,L/2,0.35714285714285715,3160,58,42
denovo_pdb,7tjl_A,all,L/5,0.5294117647058824,3160,58,17
denovo_pdb,7tjl_A,all,R,0.29310344827586204,3160,58,58
denovo_pdb,7tjl_A,all,AUC,0.8493713733075436,3160,58,3160
denovo_pdb,7tjl_A,short,L,0.11764705882352941,459,10,85
denovo_pdb,7tjl_A,short,L/2,0.21428571428571427,459,10,42
denovo_pdb,7tjl_A,short,L/5,0.29411764705882354,459,10,17
denovo_pdb,7tjl_A,short,R,0.3,459,10,10
denovo_pdb,7tjl_A,short,AUC,0.9664810690423162,459,10,459
denovo_pdb,7tjl_A,medium,L,0.2,810,19,85
denovo_pdb,7tjl_A,medium,L/2,0.30952380952380953,810,19,42
denovo_pdb,7tjl_A,medium,L/5,0.4117647058823529,810,19,17
denovo_pdb,7tjl_A,medium,R,0.42105263157894735,810,19,19
denovo_pdb,7tjl_A,medium,AUC,0.9653336882028078,810,19,810
denovo_pdb,7tjl_A,long,L,0.07058823529411765,1891,29,85
denovo_pdb,7tjl_A,long,L/2,0.09523809523809523,1891,29,42
denovo_pdb,7tjl_A,long,L/5,0.17647058823529413,1891,29,17
denovo_pdb,7tjl_A,long,R,0.13793103448275862,1891,29,29
denovo_pdb,7tjl_A,long,AUC,0.7176191710804104,1891,29,1891
denovo_pdb,7udo_A,all,L,0.29651162790697677,13695,148,172
denovo_pdb,7udo_A,all,L/2,0.46511627906976744,13695,148,86
denovo_pdb,7udo_A,all,L/5,0.6764705882352942,13695,148,34
denovo_pdb,7udo_A,all,R,0.32432432432432434,13695,148,148
denovo_pdb,7udo_A,all,AUC,0.9485729362639379,13695,148,13695
denovo_pdb,7udo_A,short,L,0.09302325581395349,975,17,172
denovo_pdb,7udo_A,short,L/2,0.1744186046511628,975,17,86
denovo_pdb,7udo_A,short,L/5,0.3235294117647059,975,17,34
denovo_pdb,7udo_A,short,R,0.47058823529411764,975,17,17
denovo_pdb,7udo_A,short,AUC,0.9710487535306398,975,17,975
denovo_pdb,7udo_A,medium,L,0.16279069767441862,1842,30,172
denovo_pdb,7udo_A,medium,L/2,0.313953488372093,1842,30,86
denovo_pdb,7udo_A,medium,L/5,0.4411764705882353,1842,30,34
denovo_pdb,7udo_A,medium,R,0.43333333333333335,1842,30,30
denovo_pdb,7udo_A,medium,AUC,0.9517844002943341,1842,30,1842
denovo_pdb,7udo_A,long,L,0.18604651162790697,10878,101,172
denovo_pdb,7udo_A,long,L/2,0.3023255813953488,10878,101,86
denovo_pdb,7udo_A,long,L/5,0.5588235294117647,10878,101,34
denovo_pdb,7udo_A,long,R,0.26732673267326734,10878,101,101
denovo_pdb,7udo_A,long,AUC,0.9441412174993132,10878,101,10878
denovo_pdb,7uek_A,all,L,0.6491228070175439,24753,299,228
denovo_pdb,7uek_A,all,L/2,0.7719298245614035,24753,299,114
denovo_pdb,7uek_A,all,L/5,0.8666666666666667,24753,299,45
denovo_pdb,7uek_A,all,R,0.5752508361204013,24753,299,299
denovo_pdb,7uek_A,all,AUC,0.9796214884926254,24753,299,24753
denovo_pdb,7uek_A,short,L,0.17105263157894737,1317,39,228
denovo_pdb,7uek_A,short,L/2,0.3333333333333333,1317,39,114
denovo_pdb,7uek_A,short,L/5,0.6666666666666666,1317,39,45
denovo_pdb,7uek_A,short,R,0.6923076923076923,1317,39,39
denovo_pdb,7uek_A,short,AUC,0.9914329280526464,1317,39,1317
denovo_pdb,7uek_A,medium,L,0.14473684210526316,2526,34,228
denovo_pdb,7uek_A,medium,L/2,0.2543859649122807,2526,34,114
denovo_pdb,7uek_A,medium,L/5,0.4,2526,34,45
denovo_pdb,7uek_A,medium,R,0.5,2526,34,34
denovo_pdb,7uek_A,medium,AUC,0.9839604381078274,2526,34,2526
denovo_pdb,7uek_A,long,L,0.5482456140350878,20910,226,228
denovo_pdb,7uek_A,long,L/2,0.7105263157894737,20910,226,114
denovo_pdb,7uek_A,long,L/5,0.8,20910,226,45
denovo_pdb,7uek_A,long,R,0.5530973451327433,20910,226,226
denovo_pdb,7uek_A,long,AUC,0.9766513982848526,20910,226,20910
denovo_pdb,7ur7_A,all,L,0.6507936507936508,1653,60,63
denovo_pdb,7ur7_A,all,L/2,0.7741935483870968,1653,60,31
denovo_pdb,7ur7_A,all,L/5,0.8333333333333334,1653,60,12
denovo_pdb,7ur7_A,all,R,0.65,1653,60,60
denovo_pdb,7ur7_A,all,AUC,0.983610587989119,1653,60,1653
denovo_pdb,7ur7_A,short,L,0.23809523809523808,327,15,63
denovo_pdb,7ur7_A,short,L/2,0.4838709677419355,327,15,31
denovo_pdb,7ur7_A,short,L/5,0.9166666666666666,327,15,12
denovo_pdb,7ur7_A,short,R,0.8666666666666667,327,15,15
denovo_pdb,7ur7_A,short,AUC,0.9981837606837607,327,15,327
denovo_pdb,7ur7_A,medium,L,0.2222222222222222,546,14,63
denovo_pdb,7ur7_A,medium,L/2,0.41935483870967744,546,14,31
denovo_pdb,7ur7_A,medium,L/5,0.6666666666666666,546,14,12
denovo_pdb,7ur7_A,medium,R,0.7142857142857143,546,14,14
denovo_pdb,7ur7_A,medium,AUC,0.9886546723952739,546,14,546
denovo_pdb,7ur7_A,long,L,0.4444444444444444,780,31,63
denovo_pdb,7ur7_A,long,L/2,0.6451612903225806,780,31,31
denovo_pdb,7ur7_A,long,L/5,0.75,780,31,12
denovo_pdb,7ur7_A,long,R,0.6451612903225806,780,31,31
denovo_pdb,7ur7_A,long,AUC,0.9753865368878936,780,31,780
denovo_pdb,7ur8_A,all,L,0.5211267605633803,2145,44,71
denovo_pdb,7ur8_A,all,L/2,0.8285714285714286,2145,44,35
denovo_pdb,7ur8_A,all,L/5,0.9285714285714286,2145,44,14
denovo_pdb,7ur8_A,all,R,0.6818181818181818,2145,44,44
denovo_pdb,7ur8_A,all,AUC,0.9763586603781749,2145,44,2145
denovo_pdb,7ur8_A,short,L,0.16901408450704225,375,12,71
denovo_pdb,7ur8_A,short,L/2,0.34285714285714286,375,12,35
denovo_pdb,7ur8_A,short,L/5,0.8571428571428571,375,12,14
denovo_pdb,7ur8_A,short,R,0.9166666666666666,375,12,12
denovo_pdb,7ur8_A,short,AUC,0.9988521579430671,375,12,375
denovo_pdb,7ur8_A,medium,L,0.2676056338028169,642,20,71
denovo_pdb,7ur8_A,medium,L/2,0.4857142857142857,642,20,35
denovo_pdb,7ur8_A,medium,L/5,0.7857142857142857,642,20,14
denovo_pdb,7ur8_A,medium,R,0.65,642,20,20
denovo_pdb,7ur8_A,medium,AUC,0.9822749196141478,642,20,642
denovo_pdb,7ur8_A,long,L,0.15492957746478872,1128,12,71
denovo_pdb,7ur8_A,long,L/2,0.2571428571428571,1128,12,35
denovo_pdb,7ur8_A,long,L/5,0.6428571428571429,1128,12,14
denovo_pdb,7ur8_A,long,R,0.6666666666666666,1128,12,12
denovo_pdb,7ur8_A,long,AUC,0.9389934289127837,1128,12,1128
denovo_pdb,7vql_A,all,L,0.48695652173913045,5995,95,115
denovo_pdb,7vql_A,all,L/2,0.6140350877192983,5995,95,57
denovo_pdb,7vql_A,all,L/5,0.782608695652174,5995,95,23
denovo_pdb,7vql_A,all,R,0.5263157894736842,5995,95,95
denovo_pdb,7vql_A,all,AUC,0.9707225691347011,5995,95,5995
denovo_pdb,7vql_A,short,L,0.11304347826086956,639,13,115
denovo_pdb,7vql_A,short,L/2,0.22807017543859648,639,13,57
denovo_pdb,7vql_A,short,L/5,0.391304347826087,639,13,23
denovo_pdb,7vql_A,short,R,0.46153846153846156,639,13,13
denovo_pdb,7vql_A,short,AUC,0.9848242811501597,639,13,639
denovo_pdb,7vql_A,medium,L,0.10434782608695652,1170,13,115
denovo_pdb,7vql_A,medium,L/2,0.19298245614035087,1170,13,57
denovo_pdb,7vql_A,medium,L/5,0.391304347826087,1170,13,23
denovo_pdb,7vql_A,medium,R,0.38461538461538464,1170,13,13
denovo_pdb,7vql_A,medium,AUC,0.9813177315338075,1170,13,1170
denovo_pdb,7vql_A,long,L,0.391304347826087,4186,69,115
denovo_pdb,7vql_A,long,L/2,0.5964912280701754,4186,69,57
denovo_pdb,7vql_A,long,L/5,0.8695652173913043,4186,69,23
denovo_pdb,7vql_A,long,R,0.5652173913043478,4186,69,69
denovo_pdb,7vql_A,long,AUC,0.9666969405751338,4186,69,4186
denovo_pdb,7vqv_A,all,L,0.6,5995,108,115
denovo_pdb,7vqv_A,all,L/2,0.8245614035087719,5995,108,57
denovo_pdb,7vqv_A,all,L/5,0.8695652173913043,5995,108,23
denovo_pdb,7vqv_A,all,R,0.6111111111111112,5995,108,108
denovo_pdb,7vqv_A,all,AUC,0.9855582608257994,5995,108,5995
denovo_pdb,7vqv_A,short,L,0.1565217391304348,639,19,115
denovo_pdb,7vqv_A,short,L/2,0.2982456140350877,639,19,57
denovo_pdb,7vqv_A,short,L/5,0.6086956521739131,639,19,23
denovo_pdb,7vqv_A,short,R,0.6842105263157895,639,19,19
denovo_pdb,7vqv_A,short,AUC,0.971264855687606,639,19,639
denovo_pdb,7vqv_A,medium,L,0.1391304347826087,1170,16,115
denovo_pdb,7vqv_A,medium,L/2,0.2807017543859649,1170,16,57
denovo_pdb,7vqv_A,medium,L/5,0.43478260869565216,1170,16,23
denovo_pdb,7vqv_A,medium,R,0.5625,1170,16,16
denovo_pdb,7vqv_A,medium,AUC,0.9908199740034662,1170,16,1170
denovo_pdb,7vqv_A,long,L,0.4782608695652174,4186,73,115
denovo_pdb,7vqv_A,long,L/2,0.6666666666666666,4186,73,57
denovo_pdb,7vqv_A,long,L/5,0.9130434782608695,4186,73,23
denovo_pdb,7vqv_A,long,R,0.6027397260273972,4186,73,73
denovo_pdb,7vqv_A,long,AUC,0.9874237716029028,4186,73,4186
denovo_pdb,7vty_A,all,L,0.2222222222222222,3570,82,90
denovo_pdb,7vty_A,all,L/2,0.28888888888888886,3570,82,45
denovo_pdb,7vty_A,all,L/5,0.3333333333333333,3570,82,18
denovo_pdb,7vty_A,all,R,0.24390243902439024,3570,82,82
denovo_pdb,7vty_A,all,AUC,0.795958967330499,3570,82,3570
denovo_pdb,7vty_A,short,L,0.13333333333333333,489,12,90
denovo_pdb,7vty_A,short,L/2,0.24444444444444444,489,12,45
denovo_pdb,7vty_A,short,L/5,0.3888888888888889,489,12,18
denovo_pdb,7vty_A,short,R,0.3333333333333333,489,12,12
denovo_pdb,7vty_A,short,AUC,0.9738819007686932,489,12,489
denovo_pdb,7vty_A,medium,L,0.1111111111111111,870,15,90
denovo_pdb,7vty_A,medium,L/2,0.17777777777777778,870,15,45
denovo_pdb,7vty_A,medium,L/5,0.2777777777777778,870,15,18
denovo_pdb,7vty_A,medium,R,0.26666666666666666,870,15,15
denovo_pdb,7vty_A,medium,AUC,0.8741520467836257,870,15,870
denovo_pdb,7vty_A,long,L,0.08888888888888889,2211,55,90
denovo_pdb,7vty_A,long,L/2,0.13333333333333333,2211,55,45
denovo_pdb,7vty_A,long,L/5,0.16666666666666666,2211,55,18
denovo_pdb,7vty_A,long,R,0.10909090909090909,2211,55,55
denovo_pdb,7vty_A,long,AUC,0.7371563501433631,2211,55,2211
denovo_pdb,7vu4_A,all,L,0.5982905982905983,6216,102,117
denovo_pdb,7vu4_A,all,L/2,0.7586206896551724,6216,102,58
denovo_pdb,7vu4_A,all,L/5,0.8695652173913043,6216,102,23
denovo_pdb,7vu4_A,all,R,0.6372549019607843,6216,102,102
denovo_pdb,7vu4_A,all,AUC,0.9754092183160475,6216,102,6216
denovo_pdb,7vu4_A,short,L,0.13675213675213677,651,16,117
denovo_pdb,7vu4_A,short,L/2,0.27586206896551724,651,16,58
denovo_pdb,7vu4_A,short,L/5,0.6956521739130435,651,16,23
denovo_pdb,7vu4_A,short,R,0.8125,651,16,16
denovo_pdb,7vu4_A,short,AUC,0.9957677165354331,651,16,651
denovo_pdb,7vu4_A,medium,L,0.1282051282051282,1194,16,117
denovo_pdb,7vu4_A,medium,L/2,0.2413793103448276,1194,16,58
denovo_pdb,7vu4_A,medium,L/5,0.5217391304347826,1194,16,23
denovo_pdb,7vu4_A,medium,R,0.6875,1194,16,16
denovo_pdb,7vu4_A,medium,AUC,0.9862319609507639,1194,16,1194
denovo_pdb,7vu4_A,long,L,0.47863247863247865,4371,70,117
denovo_pdb,7vu4_A,long,L/2,0.5862068965517241,4371,70,58
denovo_pdb,7vu4_A,long,L/5,0.8260869565217391,4371,70,23
denovo_pdb,7vu4_A,long,R,0.5714285714285714,4371,70,70
denovo_pdb,7vu4_A,long,AUC,0.9685588069219784,4371,70,4371
denovo_pdb,8a3k_UNK,all,L,0.3700787401574803,7381,104,127
denovo_pdb,8a3k_UNK,all,L/2,0.42857142857142855,7381,104,63
denovo_pdb,8a3k_UNK,all,L/5,0.72,7381,104,25
denovo_pdb,8a3k_UNK,all,R,0.36538461538461536,7381,104,104
denovo_pdb,8a3k_UNK,all,AUC,0.9851309711313834,7381,104,7381
denovo_pdb,8a3k_UNK,short,L,0.07874015748031496,711,10,127
denovo_pdb,8a3k_UNK,short,L/2,0.15873015873015872,711,10,63
denovo_pdb,8a3k_UNK,short,L/5,0.28,711,10,25
denovo_pdb,8a3k_UNK,short,R,0.4,711,10,10
denovo_pdb,8a3k_UNK,short,AUC,0.9793152639087019,711,10,711
denovo_pdb,8a3k_UNK,medium,L,0.12598425196850394,1314,16,127
denovo_pdb,8a3k_UNK,medium,L/2,0.25396825396825395,1314,16,63
denovo_pdb,8a3k_UNK,medium,L/5,0.44,1314,16,25
denovo_pdb,8a3k_UNK,medium,R,0.4375,1314,16,16
denovo_pdb,8a3k_UNK,medium,AUC,0.9908753852080123,1314,16,1314
denovo_pdb,8a3k_UNK,long,L,0.3937007874015748,5356,78,127
denovo_pdb,8a3k_UNK,long,L/2,0.3968253968253968,5356,78,63
denovo_pdb,8a3k_UNK,long,L/5,0.64,5356,78,25
denovo_pdb,8a3k_UNK,long,R,0.34615384615384615,5356,78,78
denovo_pdb,8a3k_UNK,long,AUC,0.9853018334450695,5356,78,5356
denovo_pdb,8ah9_A,all,L,0.6086956521739131,5995,132,115
denovo_pdb,8ah9_A,all,L/2,0.7543859649122807,5995,132,57
denovo_pdb,8ah9_A,all,L/5,0.9565217391304348,5995,132,23
denovo_pdb,8ah9_A,all,R,0.5681818181818182,5995,132,132
denovo_pdb,8ah9_A,all,AUC,0.9729195416556836,5995,132,5995
denovo_pdb,8ah9_A,short,L,0.26956521739130435,639,31,115
denovo_pdb,8ah9_A,short,L/2,0.5087719298245614,639,31,57
denovo_pdb,8ah9_A,short,L/5,0.782608695652174,639,31,23
denovo_pdb,8ah9_A,short,R,0.7096774193548387,639,31,31
denovo_pdb,8ah9_A,short,AUC,0.9876910016977929,639,31,639
denovo_pdb,8ah9_A,medium,L,0.40869565217391307,1170,58,115
denovo_pdb,8ah9_A,medium,L/2,0.6140350877192983,1170,58,57
denovo_pdb,8ah9_A,medium,L/5,0.8695652173913043,1170,58,23
denovo_pdb,8ah9_A,medium,R,0.6206896551724138,1170,58,58
denovo_pdb,8ah9_A,medium,AUC,0.9721067973207641,1170,58,1170
denovo_pdb,8ah9_A,long,L,0.22608695652173913,4186,43,115
denovo_pdb,8ah9_A,long,L/2,0.3333333333333333,4186,43,57
denovo_pdb,8ah9_A,long,L/5,0.4782608695652174,4186,43,23
denovo_pdb,8ah9_A,long,R,0.37209302325581395,4186,43,43
denovo_pdb,8ah9_A,long,AUC,0.951419878865444,4186,43,4186
denovo_pdb,8bcs_A,all,L,0.42857142857142855,946,21,49
denovo_pdb,8bcs_A,all,L/2,0.8333333333333334,946,21,24
denovo_pdb,8bcs_A,all,L/5,0.7777777777777778,946,21,9
denovo_pdb,8bcs_A,all,R,0.8095238095238095,946,21,21
denovo_pdb,8bcs_A,all,AUC,0.9976833976833976,946,21,946
denovo_pdb,8bcs_A,short,L,0.04081632653061224,243,2,49
denovo_pdb,8bcs_A,short,L/2,0.08333333333333333,243,2,24
denovo_pdb,8bcs_A,short,L/5,0.2222222222222222,243,2,9
denovo_pdb,8bcs_A,short,R,1.0,243,2,2
denovo_pdb,8bcs_A,short,AUC,0.9999999999999999,243,2,243
denovo_pdb,8bcs_A,medium,L,0.16326530612244897,378,8,49
denovo_pdb,8bcs_A,medium,L/2,0.3333333333333333,378,8,24
denovo_pdb,8bcs_A,medium,L/5,0.7777777777777778,378,8,9
denovo_pdb,8bcs_A,medium,R,0.75,378,8,8
denovo_pdb,8bcs_A,medium,AUC,0.9983108108108109,378,8,378
denovo_pdb,8bcs_A,long,L,0.22448979591836735,325,11,49
denovo_pdb,8bcs_A,long,L/2,0.4583333333333333,325,11,24
denovo_pdb,8bcs_A,long,L/5,0.7777777777777778,325,11,9
denovo_pdb,8bcs_A,long,R,0.8181818181818182,325,11,11
denovo_pdb,8bcs_A,long,AUC,0.9956572090330051,325,11,325
denovo_pdb,8bl3_A,all,L,0.7021276595744681,9180,163,141
denovo_pdb,8bl3_A,all,L/2,0.9142857142857143,9180,163,70
denovo_pdb,8bl3_A,all,L/5,0.9642857142857143,9180,163,28
denovo_pdb,8bl3_A,all,R,0.6503067484662577,9180,163,163
denovo_pdb,8bl3_A,all,AUC,0.9628289032781299,9180,163,9180
denovo_pdb,8bl3_A,short,L,0.24822695035460993,795,36,141
denovo_pdb,8bl3_A,short,L/2,0.45714285714285713,795,36,70
denovo_pdb,8bl3_A,short,L/5,0.8928571428571429,795,36,28
denovo_pdb,8bl3_A,short,R,0.8333333333333334,795,36,36
denovo_pdb,8bl3_A,short,AUC,0.9878678085199825,795,36,795
denovo_pdb,8bl3_A,medium,L,0.3262411347517731,1482,47,141
denovo_pdb,8bl3_A,medium,L/2,0.6,1482,47,70
denovo_pdb,8bl3_A,medium,L/5,0.8571428571428571,1482,47,28
denovo_pdb,8bl3_A,medium,R,0.7659574468085106,1482,47,47
denovo_pdb,8bl3_A,medium,AUC,0.9911928237823411,1482,47,1482
denovo_pdb,8bl3_A,long,L,0.3404255319148936,6903,80,141
denovo_pdb,8bl3_A,long,L/2,0.5142857142857142,6903,80,70
denovo_pdb,8bl3_A,long,L/5,0.7857142857142857,6903,80,28
denovo_pdb,8bl3_A,long,R,0.475,6903,80,80
denovo_pdb,8bl3_A,long,AUC,0.9360233768137184,6903,80,6903
denovo_pdb,8bl5_A,all,L,0.2564102564102564,6216,110,117
denovo_pdb,8bl5_A,all,L/2,0.3103448275862069,6216,110,58
denovo_pdb,8bl5_A,all,L/5,0.5652173913043478,6216,110,23
denovo_pdb,8bl5_A,all,R,0.2727272727272727,6216,110,110
denovo_pdb,8bl5_A,all,AUC,0.876104725605217,6216,110,6216
denovo_pdb,8bl5_A,short,L,0.1623931623931624,651,22,117
denovo_pdb,8bl5_A,short,L/2,0.20689655172413793,651,22,58
denovo_pdb,8bl5_A,short,L/5,0.391304347826087,651,22,23
denovo_pdb,8bl5_A,short,R,0.36363636363636365,651,22,22
denovo_pdb,8bl5_A,short,AUC,0.9269764416823241,651,22,651
denovo_pdb,8bl5_A,medium,L,0.21367521367521367,1194,36,117
denovo_pdb,8bl5_A,medium,L/2,0.25862068965517243,1194,36,58
denovo_pdb,8bl5_A,medium,L/5,0.30434782608695654,1194,36,23
denovo_pdb,8bl5_A,medium,R,0.3333333333333333,1194,36,36
denovo_pdb,8bl5_A,medium,AUC,0.906255996929572,1194,36,1194
denovo_pdb,8bl5_A,long,L,0.1452991452991453,4371,52,117
denovo_pdb,8bl5_A,long,L/2,0.1724137931034483,4371,52,58
denovo_pdb,8bl5_A,long,L/5,0.17391304347826086,4371,52,23
denovo_pdb,8bl5_A,long,R,0.17307692307692307,4371,52,52
denovo_pdb,8bl5_A,long,AUC,0.8204868470265554,4371,52,4371
denovo_pdb,8bl6_A,all,L,0.6187050359712231,8911,155,139
denovo_pdb,8bl6_A,all,L/2,0.7971014492753623,8911,155,69
denovo_pdb,8bl6_A,all,L/5,0.9259259259259259,8911,155,27
denovo_pdb,8bl6_A,all,R,0.567741935483871,8911,155,155
denovo_pdb,8bl6_A,all,AUC,0.9551315963984142,8911,155,8911
denovo_pdb,8bl6_A,short,L,0.2446043165467626,783,34,139
denovo_pdb,8bl6_A,short,L/2,0.4492753623188406,783,34,69
denovo_pdb,8bl6_A,short,L/5,0.8148148148148148,783,34,27
denovo_pdb,8bl6_A,short,R,0.7058823529411765,783,34,34
denovo_pdb,8bl6_A,short,AUC,0.9867863033063693,783,34,783
denovo_pdb,8bl6_A,medium,L,0.30935251798561153,1458,45,139
denovo_pdb,8bl6_A,medium,L/2,0.5507246376811594,1458,45,69
denovo_pdb,8bl6_A,medium,L/5,0.8148148148148148,1458,45,27
denovo_pdb,8bl6_A,medium,R,0.7333333333333333,1458,45,45
denovo_pdb,8bl6_A,medium,AUC,0.987418416293151,1458,45,1458
denovo_pdb,8bl6_A,long,L,0.28776978417266186,6670,76,139
denovo_pdb,8bl6_A,long,L/2,0.43478260869565216,6670,76,69
denovo_pdb,8bl6_A,long,L/5,0.6666666666666666,6670,76,27
denovo_pdb,8bl6_A,long,R,0.40789473684210525,6670,76,76
denovo_pdb,8bl6_A,long,AUC,0.9238113197005253,6670,76,6670
denovo_pdb,8bl9_A,all,L,0.28448275862068967,6105,108,116
denovo_pdb,8bl9_A,all,L/2,0.41379310344827586,6105,108,58
denovo_pdb,8bl9_A,all,L/5,0.7391304347826086,6105,108,23
denovo_pdb,8bl9_A,all,R,0.2962962962962963,6105,108,108
denovo_pdb,8bl9_A,all,AUC,0.8711608890865186,6105,108,6105
denovo_pdb,8bl9_A,short,L,0.15517241379310345,645,20,116
denovo_pdb,8bl9_A,short,L/2,0.22413793103448276,645,20,58
denovo_pdb,8bl9_A,short,L/5,0.43478260869565216,645,20,23
denovo_pdb,8bl9_A,short,R,0.5,645,20,20
denovo_pdb,8bl9_A,short,AUC,0.9420799999999999,645,20,645
denovo_pdb,8bl9_A,medium,L,0.1896551724137931,1182,35,116
denovo_pdb,8bl9_A,medium,L/2,0.3103448275862069,1182,35,58
denovo_pdb,8bl9_A,medium,L/5,0.5217391304347826,1182,35,23
denovo_pdb,8bl9_A,medium,R,0.4,1182,35,35
denovo_pdb,8bl9_A,medium,AUC,0.9016938597583759,1182,35,1182
denovo_pdb,8bl9_A,long,L,0.1206896551724138,4278,53,116
denovo_pdb,8bl9_A,long,L/2,0.15517241379310345,4278,53,58
denovo_pdb,8bl9_A,long,L/5,0.13043478260869565,4278,53,23
denovo_pdb,8bl9_A,long,R,0.1509433962264151,4278,53,53
denovo_pdb,8bl9_A,long,AUC,0.816576978899185,4278,53,4278
denovo_pdb,8bu0_A,all,L,0.8897058823529411,8515,124,136
denovo_pdb,8bu0_A,all,L/2,0.9852941176470589,8515,124,68
denovo_pdb,8bu0_A,all,L/5,1.0,8515,124,27
denovo_pdb,8bu0_A,all,R,0.9354838709677419,8515,124,124
denovo_pdb,8bu0_A,all,AUC,0.9997481941096644,8515,124,8515
denovo_pdb,8bu0_A,short,L,0.10294117647058823,765,14,136
denovo_pdb,8bu0_A,short,L/2,0.20588235294117646,765,14,68
denovo_pdb,8bu0_A,short,L/5,0.5185185185185185,765,14,27
denovo_pdb,8bu0_A,short,R,0.9285714285714286,765,14,14
denovo_pdb,8bu0_A,short,AUC,0.9997622217995054,765,14,765
denovo_pdb,8bu0_A,medium,L,0.3382352941176471,1422,46,136
denovo_pdb,8bu0_A,medium,L/2,0.6764705882352942,1422,46,68
denovo_pdb,8bu0_A,medium,L/5,1.0,1422,46,27
denovo_pdb,8bu0_A,medium,R,0.9347826086956522,1422,46,46
denovo_pdb,8bu0_A,medium,AUC,0.9996208291203236,1422,46,1422
denovo_pdb,8bu0_A,long,L,0.47058823529411764,6328,64,136
denovo_pdb,8bu0_A,long,L/2,0.9264705882352942,6328,64,68
denovo_pdb,8bu0_A,long,L/5,0.9629629629629629,6328,64,27
denovo_pdb,8bu0_A,long,R,0.96875,6328,64,64
denovo_pdb,8bu0_A,long,AUC,0.9998091774425287,6328,64,6328
denovo_pdb,8ch0_A,all,L,0.8970588235294118,8515,125,136
denovo_pdb,8ch0_A,all,L/2,0.9852941176470589,8515,125,68
denovo_pdb,8ch0_A,all,L/5,1.0,8515,125,27
denovo_pdb,8ch0_A,all,R,0.912,8515,125,125
denovo_pdb,8ch0_A,all,AUC,0.9995337306317045,8515,125,8515
denovo_pdb,8ch0_A,short,L,0.08823529411764706,765,12,136
denovo_pdb,8ch0_A,short,L/2,0.17647058823529413,765,12,68
denovo_pdb,8ch0_A,short,L/5,0.4444444444444444,765,12,27
denovo_pdb,8ch0_A,short,R,0.9166666666666666,765,12,12
denovo_pdb,8ch0_A,short,AUC,0.9997233289065959,765,12,765
denovo_pdb,8ch0_A,medium,L,0.375,1422,51,136
denovo_pdb,8ch0_A,medium,L/2,0.75,1422,51,68
denovo_pdb,8ch0_A,medium,L/5,1.0,1422,51,27
denovo_pdb,8ch0_A,medium,R,0.9411764705882353,1422,51,51
denovo_pdb,8ch0_A,medium,AUC,0.9994779822943036,1422,51,1422
denovo_pdb,8ch0_A,long,L,0.45588235294117646,6328,62,136
denovo_pdb,8ch0_A,long,L/2,0.8970588235294118,6328,62,68
denovo_pdb,8ch0_A,long,L/5,0.9629629629629629,6328,62,27
denovo_pdb,8ch0_A,long,R,0.9032258064516129,6328,62,62
denovo_pdb,8ch0_A,long,AUC,0.9996113176075698,6328,62,6328
denovo_pdb,8chy_A,all,L,0.9117647058823529,35511,267,272
denovo_pdb,8chy_A,all,L/2,1.0,35511,267,136
denovo_pdb,8chy_A,all,L/5,1.0,35511,267,54
denovo_pdb,8chy_A,all,R,0.9213483146067416,35511,267,267
denovo_pdb,8chy_A,all,AUC,0.9998146681646239,35511,267,35511
denovo_pdb,8chy_A,short,L,0.09926470588235294,1581,27,272
denovo_pdb,8chy_A,short,L/2,0.19852941176470587,1581,27,136
denovo_pdb,8chy_A,short,L/5,0.5,1581,27,54
denovo_pdb,8chy_A,short,R,0.8888888888888888,1581,27,27
denovo_pdb,8chy_A,short,AUC,0.9997854997854998,1581,27,1581
denovo_pdb,8chy_A,medium,L,0.3713235294117647,3054,101,272
denovo_pdb,8chy_A,medium,L/2,0.7279411764705882,3054,101,136
denovo_pdb,8chy_A,medium,L/5,1.0,3054,101,54
denovo_pdb,8chy_A,medium,R,0.9306930693069307,3054,101,101
denovo_pdb,8chy_A,medium,AUC,0.999295899789776,3054,101,3054
denovo_pdb,8chy_A,long,L,0.5110294117647058,30876,139,272
denovo_pdb,8chy_A,long,L/2,0.9191176470588235,30876,139,136
denovo_pdb,8chy_A,long,L/5,1.0,30876,139,54
denovo_pdb,8chy_A,long,R,0.9136690647482014,30876,139,139
denovo_pdb,8chy_A,long,AUC,0.9998746618737804,30876,139,30876
denovo_pdb,8cig_A,all,L,0.8823529411764706,8515,121,136
denovo_pdb,8cig_A,all,L/2,1.0,8515,121,68
denovo_pdb,8cig_A,all,L/5,1.0,8515,121,27
denovo_pdb,8cig_A,all,R,0.9338842975206612,8515,121,121
denovo_pdb,8cig_A,all,AUC,0.999773057102968,8515,121,8515
denovo_pdb,8cig_A,short,L,0.10294117647058823,765,14,136
denovo_pdb,8cig_A,short,L/2,0.20588235294117646,765,14,68
denovo_pdb,8cig_A,short,L/5,0.5185185185185185,765,14,27
denovo_pdb,8cig_A,short,R,1.0,765,14,14
denovo_pdb,8cig_A,short,AUC,1.0,765,14,765
denovo_pdb,8cig_A,medium,L,0.3382352941176471,1422,46,136
denovo_pdb,8cig_A,medium,L/2,0.6764705882352942,1422,46,68
denovo_pdb,8cig_A,medium,L/5,1.0,1422,46,27
denovo_pdb,8cig_A,medium,R,0.9347826086956522,1422,46,46
denovo_pdb,8cig_A,medium,AUC,0.9994786400404448,1422,46,1422
denovo_pdb,8cig_A,long,L,0.4485294117647059,6328,61,136
denovo_pdb,8cig_A,long,L/2,0.8970588235294118,6328,61,68
denovo_pdb,8cig_A,long,L/5,1.0,6328,61,27
denovo_pdb,8cig_A,long,R,0.9180327868852459,6328,61,61
denovo_pdb,8cig_A,long,AUC,0.9998195073334954,6328,61,6328
denovo_pdb,8ckr_A,all,L,0.8897058823529411,8515,127,136
denovo_pdb,8ckr_A,all,L/2,1.0,8515,127,68
denovo_pdb,8ckr_A,all,L/5,1.0,8515,127,27
denovo_pdb,8ckr_A,all,R,0.9291338582677166,8515,127,127
denovo_pdb,8ckr_A,all,AUC,0.9996296734367431,8515,127,8515
denovo_pdb,8ckr_A,short,L,0.10294117647058823,765,14,136
denovo_pdb,8ckr_A,short,L/2,0.20588235294117646,765,14,68
denovo_pdb,8ckr_A,short,L/5,0.5185185185185185,765,14,27
denovo_pdb,8ckr_A,short,R,1.0,765,14,14
denovo_pdb,8ckr_A,short,AUC,1.0,765,14,765
denovo_pdb,8ckr_A,medium,L,0.375,1422,51,136
denovo_pdb,8ckr_A,medium,L/2,0.7205882352941176,1422,51,68
denovo_pdb,8ckr_A,medium,L/5,1.0,1422,51,27
denovo_pdb,8ckr_A,medium,R,0.9019607843137255,1422,51,51
denovo_pdb,8ckr_A,medium,AUC,0.9986699274895955,1422,51,1422
denovo_pdb,8ckr_A,long,L,0.45588235294117646,6328,62,136
denovo_pdb,8ckr_A,long,L/2,0.8970588235294118,6328,62,68
denovo_pdb,8ckr_A,long,L/5,1.0,6328,62,27
denovo_pdb,8ckr_A,long,R,0.9516129032258065,6328,62,62
denovo_pdb,8ckr_A,long,AUC,0.9998777323599971,6328,62,6328
denovo_pdb,8cmq_A,all,L,0.8897058823529411,8515,122,136
denovo_pdb,8cmq_A,all,L/2,0.9705882352941176,8515,122,68
denovo_pdb,8cmq_A,all,L/5,1.0,8515,122,27
denovo_pdb,8cmq_A,all,R,0.9098360655737705,8515,122,122
denovo_pdb,8cmq_A,all,AUC,0.9995790793655134,8515,122,8515
denovo_pdb,8cmq_A,short,L,0.08823529411764706,765,12,136
denovo_pdb,8cmq_A,short,L/2,0.17647058823529413,765,12,68
denovo_pdb,8cmq_A,short,L/5,0.4444444444444444,765,12,27
denovo_pdb,8cmq_A,short,R,1.0,765,12,12
denovo_pdb,8cmq_A,short,AUC,1.0,765,12,765
denovo_pdb,8cmq_A,medium,L,0.3602941176470588,1422,49,136
denovo_pdb,8cmq_A,medium,L/2,0.7205882352941176,1422,49,68
denovo_pdb,8cmq_A,medium,L/5,1.0,1422,49,27
denovo_pdb,8cmq_A,medium,R,0.9387755102040817,1422,49,49
denovo_pdb,8cmq_A,medium,AUC,0.9995615143362516,1422,49,1422
denovo_pdb,8cmq_A,long,L,0.4485294117647059,6328,61,136
denovo_pdb,8cmq_A,long,L/2,0.8823529411764706,6328,61,68
denovo_pdb,8cmq_A,long,L/5,0.9259259259259259,6328,61,27
denovo_pdb,8cmq_A,long,R,0.9016393442622951,6328,61,61
denovo_pdb,8cmq_A,long,AUC,0.9995579237588513,6328,61,6328
denovo_pdb,8cqq_A,all,L,0.8970588235294118,35511,257,272
denovo_pdb,8cqq_A,all,L/2,1.0,35511,257,136
denovo_pdb,8cqq_A,all,L/5,1.0,35511,257,54
denovo_pdb,8cqq_A,all,R,0.9260700389105059,35511,257,257
denovo_pdb,8cqq_A,all,AUC,0.9998303032202764,35511,257,35511
denovo_pdb,8cqq_A,short,L,0.09926470588235294,1581,27,272
denovo_pdb,8cqq_A,short,L/2,0.19852941176470587,1581,27,136
denovo_pdb,8cqq_A,short,L/5,0.5,1581,27,54
denovo_pdb,8cqq_A,short,R,0.9259259259259259,1581,27,27
denovo_pdb,8cqq_A,short,AUC,0.9998689165355832,1581,27,1581
denovo_pdb,8cqq_A,medium,L,0.35661764705882354,3054,97,272
denovo_pdb,8cqq_A,medium,L/2,0.6985294117647058,3054,97,136
denovo_pdb,8cqq_A,medium,L/5,1.0,3054,97,54
denovo_pdb,8cqq_A,medium,R,0.9381443298969072,3054,97,97
denovo_pdb,8cqq_A,medium,AUC,0.9993916235806003,3054,97,3054
denovo_pdb,8cqq_A,long,L,0.4889705882352941,30876,133,272
denovo_pdb,8cqq_A,long,L/2,0.9117647058823529,30876,133,136
denovo_pdb,8cqq_A,long,L/5,1.0,30876,133,54
denovo_pdb,8cqq_A,long,R,0.9097744360902256,30876,133,133
denovo_pdb,8cqq_A,long,AUC,0.9998649976924877,30876,133,30876
denovo_pdb,8cux_B,all,L,0.08403361344537816,6441,99,119
denovo_pdb,8cux_B,all,L/2,0.06779661016949153,6441,99,59
denovo_pdb,8cux_B,all,L/5,0.043478260869565216,6441,99,23
denovo_pdb,8cux_B,all,R,0.09090909090909091,6441,99,99
denovo_pdb,8cux_B,all,AUC,0.7509564264531152,6441,99,6441
denovo_pdb,8cux_B,short,L,0.04201680672268908,663,7,119
denovo_pdb,8cux_B,short,L/2,0.06779661016949153,663,7,59
denovo_pdb,8cux_B,short,L/5,0.0,663,7,23
denovo_pdb,8cux_B,short,R,0.0,663,7,7
denovo_pdb,8cux_B,short,AUC,0.8512630662020906,663,7,663
denovo_pdb,8cux_B,medium,L,0.025210084033613446,1218,7,119
denovo_pdb,8cux_B,medium,L/2,0.05084745762711865,1218,7,59
denovo_pdb,8cux_B,medium,L/5,0.043478260869565216,1218,7,23
denovo_pdb,8cux_B,medium,R,0.0,1218,7,7
denovo_pdb,8cux_B,medium,AUC,0.832487908458181,1218,7,1218
denovo_pdb,8cux_B,long,L,0.09243697478991597,4560,85,119
denovo_pdb,8cux_B,long,L/2,0.1016949152542373,4560,85,59
denovo_pdb,8cux_B,long,L/5,0.21739130434782608,4560,85,23
denovo_pdb,8cux_B,long,R,0.10588235294117647,4560,85,85
denovo_pdb,8cux_B,long,AUC,0.7421123890897141,4560,85,4560
denovo_pdb,8d03_A,all,L,0.15384615384615385,1770,44,65
denovo_pdb,8d03_A,all,L/2,0.125,1770,44,32
denovo_pdb,8d03_A,all,L/5,0.23076923076923078,1770,44,13
denovo_pdb,8d03_A,all,R,0.1590909090909091,1770,44,44
denovo_pdb,8d03_A,all,AUC,0.8239163067523438,1770,44,1770
denovo_pdb,8d03_A,short,L,0.12307692307692308,339,10,65
denovo_pdb,8d03_A,short,L/2,0.15625,339,10,32
denovo_pdb,8d03_A,short,L/5,0.23076923076923078,339,10,13
denovo_pdb,8d03_A,short,R,0.3,339,10,10
denovo_pdb,8d03_A,short,AUC,0.817629179331307,339,10,339
denovo_pdb,8d03_A,medium,L,0.13846153846153847,570,11,65
denovo_pdb,8d03_A,medium,L/2,0.15625,570,11,32
denovo_pdb,8d03_A,medium,L/5,0.07692307692307693,570,11,13
denovo_pdb,8d03_A,medium,R,0.09090909090909091,570,11,11
denovo_pdb,8d03_A,medium,AUC,0.9367376809237274,570,11,570
denovo_pdb,8d03_A,long,L,0.1076923076923077,861,23,65
denovo_pdb,8d03_A,long,L/2,0.15625,861,23,32
denovo_pdb,8d03_A,long,L/5,0.07692307692307693,861,23,13
denovo_pdb,8d03_A,long,R,0.08695652173913043,861,23,23
denovo_pdb,8d03_A,long,AUC,0.7438518211061533,861,23,861
denovo_pdb,8d05_A,all,L,0.4166666666666667,1485,48,60
denovo_pdb,8d05_A,all,L/2,0.6,1485,48,30
denovo_pdb,8d05_A,all,L/5,0.9166666666666666,1485,48,12
denovo_pdb,8d05_A,all,R,0.3958333333333333,1485,48,48
denovo_pdb,8d05_A,all,AUC,0.9410664578983994,1485,48,1485
denovo_pdb,8d05_A,short,L,0.16666666666666666,309,10,60
denovo_pdb,8d05_A,short,L/2,0.3333333333333333,309,10,30
denovo_pdb,8d05_A,short,L/5,0.75,309,10,12
denovo_pdb,8d05_A,short,R,0.8,309,10,10
denovo_pdb,8d05_A,short,AUC,0.9979933110367893,309,10,309
denovo_pdb,8d05_A,medium,L,0.25,510,17,60
denovo_pdb,8d05_A,medium,L/2,0.3333333333333333,510,17,30
denovo_pdb,8d05_A,medium,L/5,0.5833333333333334,510,17,12
denovo_pdb,8d05_A,medium,R,0.5294117647058824,510,17,17
denovo_pdb,8d05_A,medium,AUC,0.9720200453406515,510,17,510
denovo_pdb,8d05_A,long,L,0.15,666,21,60
denovo_pdb,8d05_A,long,L/2,0.16666666666666666,666,21,30
denovo_pdb,8d05_A,long,L/5,0.08333333333333333,666,21,12
denovo_pdb,8d05_A,long,R,0.14285714285714285,666,21,21
denovo_pdb,8d05_A,long,AUC,0.8796603912882983,666,21,666
denovo_pdb,8d9o_A,all,L,0.37628865979381443,17766,169,194
denovo_pdb,8d9o_A,all,L/2,0.5360824742268041,17766,169,97
denovo_pdb,8d9o_A,all,L/5,0.7105263157894737,17766,169,38
denovo_pdb,8d9o_A,all,R,0.40236686390532544,17766,169,169
denovo_pdb,8d9o_A,all,AUC,0.9586597433061648,17766,169,17766
denovo_pdb,8d9o_A,short,L,0.030927835051546393,1113,6,194
denovo_pdb,8d9o_A,short,L/2,0.061855670103092786,1113,6,97
denovo_pdb,8d9o_A,short,L/5,0.15789473684210525,1113,6,38
denovo_pdb,8d9o_A,short,R,0.6666666666666666,1113,6,6
denovo_pdb,8d9o_A,short,AUC,0.9966877446552244,1113,6,1113
denovo_pdb,8d9o_A,medium,L,0.13402061855670103,2118,26,194
denovo_pdb,8d9o_A,medium,L/2,0.25773195876288657,2118,26,97
denovo_pdb,8d9o_A,medium,L/5,0.5526315789473685,2118,26,38
denovo_pdb,8d9o_A,medium,R,0.6153846153846154,2118,26,26
denovo_pdb,8d9o_A,medium,AUC,0.9934273422562141,2118,26,2118
denovo_pdb,8d9o_A,long,L,0.31443298969072164,14535,137,194
denovo_pdb,8d9o_A,long,L/2,0.422680412371134,14535,137,97
denovo_pdb,8d9o_A,long,L/5,0.6052631578947368,14535,137,38
denovo_pdb,8d9o_A,long,R,0.3722627737226277,14535,137,137
denovo_pdb,8d9o_A,long,AUC,0.9508706095635749,14535,137,14535
denovo_pdb,8d9p_A,all,L,0.4205128205128205,17955,160,195
denovo_pdb,8d9p_A,all,L/2,0.5876288659793815,17955,160,97
denovo_pdb,8d9p_A,all,L/5,0.6410256410256411,17955,160,39
denovo_pdb,8d9p_A,all,R,0.45,17955,160,160
denovo_pdb,8d9p_A,all,AUC,0.9523249157066591,17955,160,17955
denovo_pdb,8d9p_A,short,L,0.03076923076923077,1119,6,195
denovo_pdb,8d9p_A,short,L/2,0.061855670103092786,1119,6,97
denovo_pdb,8d9p_A,short,L/5,0.15384615384615385,1119,6,39
denovo_pdb,8d9p_A,short,R,0.6666666666666666,1119,6,6
denovo_pdb,8d9p_A,short,AUC,0.9969302186283319,1119,6,1119
denovo_pdb,8d9p_A,medium,L,0.1282051282051282,2130,25,195
denovo_pdb,8d9p_A,medium,L/2,0.25773195876288657,2130,25,97
denovo_pdb,8d9p_A,medium,L/5,0.5128205128205128,2130,25,39
denovo_pdb,8d9p_A,medium,R,0.56,2130,25,25
denovo_pdb,8d9p_A,medium,AUC,0.9934251781472684,2130,25,2130
denovo_pdb,8d9p_A,long,L,0.3384615384615385,14706,129,195
denovo_pdb,8d9p_A,long,L/2,0.4639175257731959,14706,129,97
denovo_pdb,8d9p_A,long,L/5,0.7948717948717948,14706,129,39
denovo_pdb,8d9p_A,long,R,0.43410852713178294,14706,129,129
denovo_pdb,8d9p_A,long,AUC,0.9424438413918496,14706,129,14706
denovo_pdb,8eov_A,all,L,0.3237410071942446,8911,145,139
denovo_pdb,8eov_A,all,L/2,0.4782608695652174,8911,145,69
denovo_pdb,8eov_A,all,L/5,0.7777777777777778,8911,145,27
denovo_pdb,8eov_A,all,R,0.31724137931034485,8911,145,145
denovo_pdb,8eov_A,all,AUC,0.8857348533125634,8911,145,8911
denovo_pdb,8eov_A,short,L,0.11510791366906475,783,16,139
denovo_pdb,8eov_A,short,L/2,0.2318840579710145,783,16,69
denovo_pdb,8eov_A,short,L/5,0.5185185185185185,783,16,27
denovo_pdb,8eov_A,short,R,0.6875,783,16,16
denovo_pdb,8eov_A,short,AUC,0.9934403520208606,783,16,783
denovo_pdb,8eov_A,medium,L,0.15827338129496402,1458,23,139
denovo_pdb,8eov_A,medium,L/2,0.3188405797101449,1458,23,69
denovo_pdb,8eov_A,medium,L/5,0.5185185185185185,1458,23,27
denovo_pdb,8eov_A,medium,R,0.5652173913043478,1458,23,23
denovo_pdb,8eov_A,medium,AUC,0.9644902287532192,1458,23,1458
denovo_pdb,8eov_A,long,L,0.2158273381294964,6670,106,139
denovo_pdb,8eov_A,long,L/2,0.2898550724637681,6670,106,69
denovo_pdb,8eov_A,long,L/5,0.2222222222222222,6670,106,27
denovo_pdb,8eov_A,long,R,0.24528301886792453,6670,106,106
denovo_pdb,8eov_A,long,AUC,0.8575225932185851,6670,106,6670
denovo_pdb,8eoz_B,all,L,0.05286343612334802,24531,215,227
denovo_pdb,8eoz_B,all,L/2,0.08849557522123894,24531,215,113
denovo_pdb,8eoz_B,all,L/5,0.13333333333333333,24531,215,45
denovo_pdb,8eoz_B,all,R,0.05116279069767442,24531,215,215
denovo_pdb,8eoz_B,all,AUC,0.6158229627731,24531,215,24531
denovo_pdb,8eoz_B,short,L,0.08370044052863436,1311,19,227
denovo_pdb,8eoz_B,short,L/2,0.1504424778761062,1311,19,113
denovo_pdb,8eoz_B,short,L/5,0.2222222222222222,1311,19,45
denovo_pdb,8eoz_B,short,R,0.3157894736842105,1311,19,19
denovo_pdb,8eoz_B,short,AUC,0.9658831676715007,1311,19,1311
denovo_pdb,8eoz_B,medium,L,0.03524229074889868,2514,16,227
denovo_pdb,8eoz_B,medium,L/2,0.04424778761061947,2514,16,113
denovo_pdb,8eoz_B,medium,L/5,0.044444444444444446,2514,16,45
denovo_pdb,8eoz_B,medium,R,0.0,2514,16,16
denovo_pdb,8eoz_B,medium,AUC,0.8858211569255406,2514,16,2514
denovo_pdb,8eoz_B,long,L,0.0,20706,180,227
denovo_pdb,8eoz_B,long,L/2,0.0,20706,180,113
denovo_pdb,8eoz_B,long,L/5,0.0,20706,180,45
denovo_pdb,8eoz_B,long,R,0.0,20706,180,180
denovo_pdb,8eoz_B,long,AUC,0.5595879751426375,20706,180,20706
denovo_pdb,8etq_A,all,L,0.259927797833935,36856,300,277
denovo_pdb,8etq_A,all,L/2,0.4492753623188406,36856,300,138
denovo_pdb,8etq_A,all,L/5,0.6545454545454545,36856,300,55
denovo_pdb,8etq_A,all,R,0.25,36856,300,300
denovo_pdb,8etq_A,all,AUC,0.7051597548965969,36856,300,36856
denovo_pdb,8etq_A,short,L,0.17328519855595667,1611,58,277
denovo_pdb,8etq_A,short,L/2,0.3333333333333333,1611,58,138
denovo_pdb,8etq_A,short,L/5,0.6909090909090909,1611,58,55
denovo_pdb,8etq_A,short,R,0.6724137931034483,1611,58,58
denovo_pdb,8etq_A,short,AUC,0.9057608188822523,1611,58,1611
denovo_pdb,8etq_A,medium,L,0.11552346570397112,3114,41,277
denovo_pdb,8etq_A,medium,L/2,0.21739130434782608,3114,41,138
denovo_pdb,8etq_A,medium,L/5,0.41818181818181815,3114,41,55
denovo_pdb,8etq_A,medium,R,0.4878048780487805,3114,41,41
denovo_pdb,8etq_A,medium,AUC,0.9185272197661775,3114,41,3114
denovo_pdb,8etq_A,long,L,0.039711191335740074,32131,201,277
denovo_pdb,8etq_A,long,L/2,0.050724637681159424,32131,201,138
denovo_pdb,8etq_A,long,L/5,0.05454545454545454,32131,201,55
denovo_pdb,8etq_A,long,R,0.03482587064676617,32131,201,201
denovo_pdb,8etq_A,long,AUC,0.6013612644575431,32131,201,32131
denovo_pdb,8fjf_A,all,L,0.36220472440944884,7381,94,127
denovo_pdb,8fjf_A,all,L/2,0.5238095238095238,7381,94,63
denovo_pdb,8fjf_A,all,L/5,0.76,7381,94,25
denovo_pdb,8fjf_A,all,R,0.4148936170212766,7381,94,94
denovo_pdb,8fjf_A,all,AUC,0.9353205504410361,7381,94,7381
denovo_pdb,8fjf_A,short,L,0.1968503937007874,711,27,127
denovo_pdb,8fjf_A,short,L/2,0.3492063492063492,711,27,63
denovo_pdb,8fjf_A,short,L/5,0.76,711,27,25
denovo_pdb,8fjf_A,short,R,0.7407407407407407,711,27,27
denovo_pdb,8fjf_A,short,AUC,0.9723305176521551,711,27,711
denovo_pdb,8fjf_A,medium,L,0.2440944881889764,1314,33,127
denovo_pdb,8fjf_A,medium,L/2,0.36507936507936506,1314,33,63
denovo_pdb,8fjf_A,medium,L/5,0.6,1314,33,25
denovo_pdb,8fjf_A,medium,R,0.5151515151515151,1314,33,33
denovo_pdb,8fjf_A,medium,AUC,0.9689636410947886,1314,33,1314
denovo_pdb,8fjf_A,long,L,0.08661417322834646,5356,34,127
denovo_pdb,8fjf_A,long,L/2,0.12698412698412698,5356,34,63
denovo_pdb,8fjf_A,long,L/5,0.16,5356,34,25
denovo_pdb,8fjf_A,long,R,0.14705882352941177,5356,34,34
denovo_pdb,8fjf_A,long,AUC,0.8638448615071733,5356,34,5356
denovo_pdb,8fjg_A,all,L,0.5576923076923077,4851,92,104
denovo_pdb,8fjg_A,all,L/2,0.7884615384615384,4851,92,52
denovo_pdb,8fjg_A,all,L/5,0.75,4851,92,20
denovo_pdb,8fjg_A,all,R,0.6086956521739131,4851,92,92
denovo_pdb,8fjg_A,all,AUC,0.9733696794174882,4851,92,4851
denovo_pdb,8fjg_A,short,L,0.10576923076923077,573,12,104
denovo_pdb,8fjg_A,short,L/2,0.21153846153846154,573,12,52
denovo_pdb,8fjg_A,short,L/5,0.4,573,12,20
denovo_pdb,8fjg_A,short,R,0.5833333333333334,573,12,12
denovo_pdb,8fjg_A,short,AUC,0.94058229352347,573,12,573
denovo_pdb,8fjg_A,medium,L,0.25,1038,26,104
denovo_pdb,8fjg_A,medium,L/2,0.46153846153846156,1038,26,52
denovo_pdb,8fjg_A,medium,L/5,0.85,1038,26,20
denovo_pdb,8fjg_A,medium,R,0.7692307692307693,1038,26,26
denovo_pdb,8fjg_A,medium,AUC,0.9929689875342049,1038,26,1038
denovo_pdb,8fjg_A,long,L,0.34615384615384615,3240,54,104
denovo_pdb,8fjg_A,long,L/2,0.5192307692307693,3240,54,52
denovo_pdb,8fjg_A,long,L/5,0.85,3240,54,20
denovo_pdb,8fjg_A,long,R,0.5370370370370371,3240,54,54
denovo_pdb,8fjg_A,long,AUC,0.9699611727232568,3240,54,3240
denovo_pdb,8g9j_A,all,L,0.3681592039800995,19110,153,201
denovo_pdb,8g9j_A,all,L/2,0.51,19110,153,100
denovo_pdb,8g9j_A,all,L/5,0.8,19110,153,40
denovo_pdb,8g9j_A,all,R,0.41830065359477125,19110,153,153
denovo_pdb,8g9j_A,all,AUC,0.9840409375052794,19110,153,19110
denovo_pdb,8g9j_A,short,L,0.04975124378109453,1155,10,201
denovo_pdb,8g9j_A,short,L/2,0.1,1155,10,100
denovo_pdb,8g9j_A,short,L/5,0.225,1155,10,40
denovo_pdb,8g9j_A,short,R,0.6,1155,10,10
denovo_pdb,8g9j_A,short,AUC,0.9921397379912664,1155,10,1155
denovo_pdb,8g9j_A,medium,L,0.18407960199004975,2202,37,201
denovo_pdb,8g9j_A,medium,L/2,0.37,2202,37,100
denovo_pdb,8g9j_A,medium,L/5,0.775,2202,37,40
denovo_pdb,8g9j_A,medium,R,0.8108108108108109,2202,37,37
denovo_pdb,8g9j_A,medium,AUC,0.9975532114100244,2202,37,2202
denovo_pdb,8g9j_A,long,L,0.263681592039801,15753,106,201
denovo_pdb,8g9j_A,long,L/2,0.28,15753,106,100
denovo_pdb,8g9j_A,long,L/5,0.325,15753,106,40
denovo_pdb,8g9j_A,long,R,0.2641509433962264,15753,106,106
denovo_pdb,8g9j_A,long,AUC,0.9792844128297545,15753,106,15753
denovo_pdb,8gl3_A,all,L,0.1746031746031746,16836,155,189
denovo_pdb,8gl3_A,all,L/2,0.26595744680851063,16836,155,94
denovo_pdb,8gl3_A,all,L/5,0.5135135135135135,16836,155,37
denovo_pdb,8gl3_A,all,R,0.2,16836,155,155
denovo_pdb,8gl3_A,all,AUC,0.8221671942774376,16836,155,16836
denovo_pdb,8gl3_A,short,L,0.07936507936507936,1083,17,189
denovo_pdb,8gl3_A,short,L/2,0.13829787234042554,1083,17,94
denovo_pdb,8gl3_A,short,L/5,0.32432432432432434,1083,17,37
denovo_pdb,8gl3_A,short,R,0.5294117647058824,1083,17,17
denovo_pdb,8gl3_A,short,AUC,0.9351616819335614,1083,17,1083
denovo_pdb,8gl3_A,medium,L,0.06349206349206349,2058,12,189
denovo_pdb,8gl3_A,medium,L/2,0.11702127659574468,2058,12,94
denovo_pdb,8gl3_A,medium,L/5,0.16216216216216217,2058,12,37
denovo_pdb,8gl3_A,medium,R,0.3333333333333333,2058,12,12
denovo_pdb,8gl3_A,medium,AUC,0.977476376669925,2058,12,2058
denovo_pdb,8gl3_A,long,L,0.1111111111111111,13695,126,189
denovo_pdb,8gl3_A,long,L/2,0.1595744680851064,13695,126,94
denovo_pdb,8gl3_A,long,L/5,0.21621621621621623,13695,126,37
denovo_pdb,8gl3_A,long,R,0.12698412698412698,13695,126,126
denovo_pdb,8gl3_A,long,AUC,0.7883352225602943,13695,126,13695
denovo_pdb,8j1w_A,all,L,0.17142857142857143,14365,152,175
denovo_pdb,8j1w_A,all,L/2,0.2413793103448276,14365,152,87
denovo_pdb,8j1w_A,all,L/5,0.2857142857142857,14365,152,35
denovo_pdb,8j1w_A,all,R,0.18421052631578946,14365,152,152
denovo_pdb,8j1w_A,all,AUC,0.8200130440256697,14365,152,14365
denovo_pdb,8j1w_A,short,L,0.06285714285714286,999,14,175
denovo_pdb,8j1w_A,short,L/2,0.09195402298850575,999,14,87
denovo_pdb,8j1w_A,short,L/5,0.2,999,14,35
denovo_pdb,8j1w_A,short,R,0.35714285714285715,999,14,14
denovo_pdb,8j1w_A,short,AUC,0.8963741841914431,999,14,999
denovo_pdb,8j1w_A,medium,L,0.07428571428571429,1890,14,175
denovo_pdb,8j1w_A,medium,L/2,0.13793103448275862,1890,14,87
denovo_pdb,8j1w_A,medium,L/5,0.2857142857142857,1890,14,35
denovo_pdb,8j1w_A,medium,R,0.21428571428571427,1890,14,14
denovo_pdb,8j1w_A,medium,AUC,0.9732523606457508,1890,14,1890
denovo_pdb,8j1w_A,long,L,0.13714285714285715,11476,124,175
denovo_pdb,8j1w_A,long,L/2,0.13793103448275862,11476,124,87
denovo_pdb,8j1w_A,long,L/5,0.2,11476,124,35
denovo_pdb,8j1w_A,long,R,0.13709677419354838,11476,124,124
denovo_pdb,8j1w_A,long,AUC,0.7962640518084068,11476,124,11476
denovo_pdb,8j1x_A,all,L,0.20689655172413793,14196,159,174
denovo_pdb,8j1x_A,all,L/2,0.2413793103448276,14196,159,87
denovo_pdb,8j1x_A,all,L/5,0.3235294117647059,14196,159,34
denovo_pdb,8j1x_A,all,R,0.20125786163522014,14196,159,159
denovo_pdb,8j1x_A,all,AUC,0.8052677940555129,14196,159,14196
denovo_pdb,8j1x_A,short,L,0.08045977011494253,993,16,174
denovo_pdb,8j1x_A,short,L/2,0.13793103448275862,993,16,87
denovo_pdb,8j1x_A,short,L/5,0.23529411764705882,993,16,34
denovo_pdb,8j1x_A,short,R,0.5,993,16,16
denovo_pdb,8j1x_A,short,AUC,0.9198119242579326,993,16,993
denovo_pdb,8j1x_A,medium,L,0.08045977011494253,1878,15,174
denovo_pdb,8j1x_A,medium,L/2,0.16091954022988506,1878,15,87
denovo_pdb,8j1x_A,medium,L/5,0.20588235294117646,1878,15,34
denovo_pdb,8j1x_A,medium,R,0.13333333333333333,1878,15,15
denovo_pdb,8j1x_A,medium,AUC,0.970048309178744,1878,15,1878
denovo_pdb,8j1x_A,long,L,0.13218390804597702,11325,128,174
denovo_pdb,8j1x_A,long,L/2,0.22988505747126436,11325,128,87
denovo_pdb,8j1x_A,long,L/5,0.20588235294117646,11325,128,34
denovo_pdb,8j1x_A,long,R,0.171875,11325,128,128
denovo_pdb,8j1x_A,long,AUC,0.7754801090693936,11325,128,11325
denovo_pdb,8j98_A,all,L,0.17391304347826086,15931,172,184
denovo_pdb,8j98_A,all,L/2,0.2391304347826087,15931,172,92
denovo_pdb,8j98_A,all,L/5,0.2222222222222222,15931,172,36
denovo_pdb,8j98_A,all,R,0.1744186046511628,15931,172,172
denovo_pdb,8j98_A,all,AUC,0.7946439244020028,15931,172,15931
denovo_pdb,8j98_A,short,L,0.09239130434782608,1053,21,184
denovo_pdb,8j98_A,short,L/2,0.13043478260869565,1053,21,92
denovo_pdb,8j98_A,short,L/5,0.25,1053,21,36
denovo_pdb,8j98_A,short,R,0.38095238095238093,1053,21,21
denovo_pdb,8j98_A,short,AUC,0.904485049833887,1053,21,1053
denovo_pdb,8j98_A,medium,L,0.08152173913043478,1998,19,184
denovo_pdb,8j98_A,medium,L/2,0.14130434782608695,1998,19,92
denovo_pdb,8j98_A,medium,L/5,0.25,1998,19,36
denovo_pdb,8j98_A,medium,R,0.10526315789473684,1998,19,19
denovo_pdb,8j98_A,medium,AUC,0.9460918592590623,1998,19,1998
denovo_pdb,8j98_A,long,L,0.10326086956521739,12880,132,184
denovo_pdb,8j98_A,long,L/2,0.13043478260869565,12880,132,92
denovo_pdb,8j98_A,long,L/5,0.1388888888888889,12880,132,36
denovo_pdb,8j98_A,long,R,0.12121212121212122,12880,132,132
denovo_pdb,8j98_A,long,AUC,0.7559905415941658,12880,132,12880
denovo_pdb,8ju8_A,all,L,0.5179856115107914,8911,93,139
denovo_pdb,8ju8_A,all,L/2,0.7971014492753623,8911,93,69
denovo_pdb,8ju8_A,all,L/5,1.0,8911,93,27
denovo_pdb,8ju8_A,all,R,0.6666666666666666,8911,93,93
denovo_pdb,8ju8_A,all,AUC,0.9886302943392914,8911,93,8911
denovo_pdb,8ju8_A,short,L,0.06474820143884892,783,9,139
denovo_pdb,8ju8_A,short,L/2,0.13043478260869565,783,9,69
denovo_pdb,8ju8_A,short,L/5,0.2962962962962963,783,9,27
denovo_pdb,8ju8_A,short,R,0.8888888888888888,783,9,9
denovo_pdb,8ju8_A,short,AUC,0.9955498133792708,783,9,783
denovo_pdb,8ju8_A,medium,L,0.14388489208633093,1458,20,139
denovo_pdb,8ju8_A,medium,L/2,0.2753623188405797,1458,20,69
denovo_pdb,8ju8_A,medium,L/5,0.5555555555555556,1458,20,27
denovo_pdb,8ju8_A,medium,R,0.65,1458,20,20
denovo_pdb,8ju8_A,medium,AUC,0.9932371349095968,1458,20,1458
denovo_pdb,8ju8_A,long,L,0.39568345323741005,6670,64,139
denovo_pdb,8ju8_A,long,L/2,0.5942028985507246,6670,64,69
denovo_pdb,8ju8_A,long,L/5,0.9629629629629629,6670,64,27
denovo_pdb,8ju8_A,long,R,0.625,6670,64,64
denovo_pdb,8ju8_A,long,AUC,0.9861844346049047,6670,64,6670
denovo_pdb,8k7o_A,all,L,0.5064377682403434,25878,204,233
denovo_pdb,8k7o_A,all,L/2,0.7327586206896551,25878,204,116
denovo_pdb,8k7o_A,all,L/5,0.8695652173913043,25878,204,46
denovo_pdb,8k7o_A,all,R,0.553921568627451,25878,204,204
denovo_pdb,8k7o_A,all,AUC,0.9903233338984889,25878,204,25878
denovo_pdb,8k7o_A,short,L,0.11158798283261803,1347,26,233
denovo_pdb,8k7o_A,short,L/2,0.20689655172413793,1347,26,116
denovo_pdb,8k7o_A,short,L/5,0.41304347826086957,1347,26,46
denovo_pdb,8k7o_A,short,R,0.5769230769230769,1347,26,26
denovo_pdb,8k7o_A,short,AUC,0.9802888254818611,1347,26,1347
denovo_pdb,8k7o_A,medium,L,0.15021459227467812,2586,36,233
denovo_pdb,8k7o_A,medium,L/2,0.28448275862068967,2586,36,116
denovo_pdb,8k7o_A,medium,L/5,0.6304347826086957,2586,36,46
denovo_pdb,8k7o_A,medium,R,0.7222222222222222,2586,36,36
denovo_pdb,8k7o_A,medium,AUC,0.9897657952069716,2586,36,2586
denovo_pdb,8k7o_A,long,L,0.3905579399141631,21945,142,233
denovo_pdb,8k7o_A,long,L/2,0.5603448275862069,21945,142,116
denovo_pdb,8k7o_A,long,L/5,0.8260869565217391,21945,142,46
denovo_pdb,8k7o_A,long,R,0.49295774647887325,21945,142,142
denovo_pdb,8k7o_A,long,AUC,0.9910656435055778,21945,142,21945
denovo_pdb,8k7z_A,all,L,0.13372093023255813,13861,91,172
denovo_pdb,8k7z_A,all,L/2,0.18604651162790697,13861,91,86
denovo_pdb,8k7z_A,all,L/5,0.38235294117647056,13861,91,34
denovo_pdb,8k7z_A,all,R,0.18681318681318682,13861,91,91
denovo_pdb,8k7z_A,all,AUC,0.8642968868459064,13861,91,13861
denovo_pdb,8k7z_A,short,L,0.046511627906976744,981,8,172
denovo_pdb,8k7z_A,short,L/2,0.09302325581395349,981,8,86
denovo_pdb,8k7z_A,short,L/5,0.17647058823529413,981,8,34
denovo_pdb,8k7z_A,short,R,0.5,981,8,8
denovo_pdb,8k7z_A,short,AUC,0.9855472764645427,981,8,981
denovo_pdb,8k7z_A,medium,L,0.040697674418604654,1854,8,172
denovo_pdb,8k7z_A,medium,L/2,0.06976744186046512,1854,8,86
denovo_pdb,8k7z_A,medium,L/5,0.17647058823529413,1854,8,34
denovo_pdb,8k7z_A,medium,R,0.625,1854,8,8
denovo_pdb,8k7z_A,medium,AUC,0.9142402491874322,1854,8,1854
denovo_pdb,8k7z_A,long,L,0.08139534883720931,11026,75,172
denovo_pdb,8k7z_A,long,L/2,0.12790697674418605,11026,75,86
denovo_pdb,8k7z_A,long,L/5,0.14705882352941177,11026,75,34
denovo_pdb,8k7z_A,long,R,0.13333333333333333,11026,75,75
denovo_pdb,8k7z_A,long,AUC,0.8496630444708246,11026,75,11026
denovo_pdb,8k8f_A,all,L,0.3575418994413408,15051,122,179
denovo_pdb,8k8f_A,all,L/2,0.4943820224719101,15051,122,89
denovo_pdb,8k8f_A,all,L/5,0.6571428571428571,15051,122,35
denovo_pdb,8k8f_A,all,R,0.4262295081967213,15051,122,122
denovo_pdb,8k8f_A,all,AUC,0.9555173174885715,15051,122,15051
denovo_pdb,8k8f_A,short,L,0.1005586592178771,1023,18,179
denovo_pdb,8k8f_A,short,L/2,0.20224719101123595,1023,18,89
denovo_pdb,8k8f_A,short,L/5,0.34285714285714286,1023,18,35
denovo_pdb,8k8f_A,short,R,0.4444444444444444,1023,18,18
denovo_pdb,8k8f_A,short,AUC,0.9782752902155887,1023,18,1023
denovo_pdb,8k8f_A,medium,L,0.0893854748603352,1938,20,179
denovo_pdb,8k8f_A,medium,L/2,0.1797752808988764,1938,20,89
denovo_pdb,8k8f_A,medium,L/5,0.4,1938,20,35
denovo_pdb,8k8f_A,medium,R,0.65,1938,20,20
denovo_pdb,8k8f_A,medium,AUC,0.9479144942648593,1938,20,1938
denovo_pdb,8k8f_A,long,L,0.24022346368715083,12090,84,179
denovo_pdb,8k8f_A,long,L/2,0.3707865168539326,12090,84,89
denovo_pdb,8k8f_A,long,L/5,0.5714285714285714,12090,84,35
denovo_pdb,8k8f_A,long,R,0.38095238095238093,12090,84,84
denovo_pdb,8k8f_A,long,AUC,0.9514910203628344,12090,84,12090
denovo_pdb,8k8g_A,all,L,0.15789473684210525,20706,140,209
denovo_pdb,8k8g_A,all,L/2,0.19230769230769232,20706,140,104
denovo_pdb,8k8g_A,all,L/5,0.3170731707317073,20706,140,41
denovo_pdb,8k8g_A,all,R,0.17142857142857143,20706,140,140
denovo_pdb,8k8g_A,all,AUC,0.8378018157569358,20706,140,20706
denovo_pdb,8k8g_A,short,L,0.08133971291866028,1203,18,209
denovo_pdb,8k8g_A,short,L/2,0.15384615384615385,1203,18,104
denovo_pdb,8k8g_A,short,L/5,0.36585365853658536,1203,18,41
denovo_pdb,8k8g_A,short,R,0.5555555555555556,1203,18,18
denovo_pdb,8k8g_A,short,AUC,0.9750820440693858,1203,18,1203
denovo_pdb,8k8g_A,medium,L,0.05741626794258373,2298,12,209
denovo_pdb,8k8g_A,medium,L/2,0.09615384615384616,2298,12,104
denovo_pdb,8k8g_A,medium,L/5,0.14634146341463414,2298,12,41
denovo_pdb,8k8g_A,medium,R,0.25,2298,12,12
denovo_pdb,8k8g_A,medium,AUC,0.9783829104695247,2298,12,2298
denovo_pdb,8k8g_A,long,L,0.0861244019138756,17205,110,209
denovo_pdb,8k8g_A,long,L/2,0.09615384615384616,17205,110,104
denovo_pdb,8k8g_A,long,L/5,0.07317073170731707,17205,110,41
denovo_pdb,8k8g_A,long,R,0.09090909090909091,17205,110,110
denovo_pdb,8k8g_A,long,AUC,0.8018846552686857,17205,110,17205
denovo_pdb,8k8i_A,all,L,0.21800947867298578,21115,91,211
denovo_pdb,8k8i_A,all,L/2,0.37142857142857144,21115,91,105
denovo_pdb,8k8i_A,all,L/5,0.5952380952380952,21115,91,42
denovo_pdb,8k8i_A,all,R,0.4175824175824176,21115,91,91
denovo_pdb,8k8i_A,all,AUC,0.8657444866777058,21115,91,21115
denovo_pdb,8k8i_A,short,L,0.04265402843601896,1215,9,211
denovo_pdb,8k8i_A,short,L/2,0.08571428571428572,1215,9,105
denovo_pdb,8k8i_A,short,L/5,0.21428571428571427,1215,9,42
denovo_pdb,8k8i_A,short,R,0.6666666666666666,1215,9,9
denovo_pdb,8k8i_A,short,AUC,0.9945642159572509,1215,9,1215
denovo_pdb,8k8i_A,medium,L,0.03317535545023697,2322,8,211
denovo_pdb,8k8i_A,medium,L/2,0.06666666666666667,2322,8,105
denovo_pdb,8k8i_A,medium,L/5,0.16666666666666666,2322,8,42
denovo_pdb,8k8i_A,medium,R,0.5,2322,8,8
denovo_pdb,8k8i_A,medium,AUC,0.926480121002593,2322,8,2322
denovo_pdb,8k8i_A,long,L,0.14691943127962084,17578,74,211
denovo_pdb,8k8i_A,long,L/2,0.2761904761904762,17578,74,105
denovo_pdb,8k8i_A,long,L/5,0.5,17578,74,42
denovo_pdb,8k8i_A,long,R,0.35135135135135137,17578,74,74
denovo_pdb,8k8i_A,long,AUC,0.845153154182519,17578,74,17578
denovo_pdb,8ka7_A,all,L,0.30434782608695654,5995,87,115
denovo_pdb,8ka7_A,all,L/2,0.38596491228070173,5995,87,57
denovo_pdb,8ka7_A,all,L/5,0.5217391304347826,5995,87,23
denovo_pdb,8ka7_A,all,R,0.3563218390804598,5995,87,87
denovo_pdb,8ka7_A,all,AUC,0.9551961493863764,5995,87,5995
denovo_pdb,8ka7_A,short,L,0.13043478260869565,639,15,115
denovo_pdb,8ka7_A,short,L/2,0.2631578947368421,639,15,57
denovo_pdb,8ka7_A,short,L/5,0.5217391304347826,639,15,23
denovo_pdb,8ka7_A,short,R,0.6,639,15,15
denovo_pdb,8ka7_A,short,AUC,0.9895299145299146,639,15,639
denovo_pdb,8ka7_A,medium,L,0.16521739130434782,1170,21,115
denovo_pdb,8ka7_A,medium,L/2,0.19298245614035087,1170,21,57
denovo_pdb,8ka7_A,medium,L/5,0.30434782608695654,1170,21,23
denovo_pdb,8ka7_A,medium,R,0.3333333333333333,1170,21,21
denovo_pdb,8ka7_A,medium,AUC,0.9585768162791661,1170,21,1170
denovo_pdb,8ka7_A,long,L,0.2,4186,51,115
denovo_pdb,8ka7_A,long,L/2,0.2631578947368421,4186,51,57
denovo_pdb,8ka7_A,long,L/5,0.30434782608695654,4186,51,23
denovo_pdb,8ka7_A,long,R,0.23529411764705882,4186,51,51
denovo_pdb,8ka7_A,long,AUC,0.9438817364914527,4186,51,4186
denovo_pdb,8kac_A,all,L,0.4380165289256198,6670,103,121
denovo_pdb,8kac_A,all,L/2,0.5833333333333334,6670,103,60
denovo_pdb,8kac_A,all,L/5,0.625,6670,103,24
denovo_pdb,8kac_A,all,R,0.47572815533980584,6670,103,103
denovo_pdb,8kac_A,all,AUC,0.9653526532338066,6670,103,6670
denovo_pdb,8kac_A,short,L,0.08264462809917356,675,10,121
denovo_pdb,8kac_A,short,L/2,0.16666666666666666,675,10,60
denovo_pdb,8kac_A,short,L/5,0.375,675,10,24
denovo_pdb,8kac_A,short,R,0.6,675,10,10
denovo_pdb,8kac_A,short,AUC,0.9915037593984962,675,10,675
denovo_pdb,8kac_A,medium,L,0.23140495867768596,1242,28,121
denovo_pdb,8kac_A,medium,L/2,0.36666666666666664,1242,28,60
denovo_pdb,8kac_A,medium,L/5,0.625,1242,28,24
denovo_pdb,8kac_A,medium,R,0.5714285714285714,1242,28,28
denovo_pdb,8kac_A,medium,AUC,0.9853053659684632,1242,28,1242
denovo_pdb,8kac_A,long,L,0.2809917355371901,4753,65,121
denovo_pdb,8kac_A,long,L/2,0.4,4753,65,60
denovo_pdb,8kac_A,long,L/5,0.5833333333333334,4753,65,24
denovo_pdb,8kac_A,long,R,0.38461538461538464,4753,65,65
denovo_pdb,8kac_A,long,AUC,0.9536951955893935,4753,65,4753
denovo_pdb,8kc0_A,all,L,0.33043478260869563,5995,111,115
denovo_pdb,8kc0_A,all,L/2,0.3684210526315789,5995,111,57
denovo_pdb,8kc0_A,all,L/5,0.5217391304347826,5995,111,23
denovo_pdb,8kc0_A,all,R,0.3333333333333333,5995,111,111
denovo_pdb,8kc0_A,all,AUC,0.9402242146973622,5995,111,5995
denovo_pdb,8kc0_A,short,L,0.10434782608695652,639,12,115
denovo_pdb,8kc0_A,short,L/2,0.21052631578947367,639,12,57
denovo_pdb,8kc0_A,short,L/5,0.30434782608695654,639,12,23
denovo_pdb,8kc0_A,short,R,0.5833333333333334,639,12,12
denovo_pdb,8kc0_A,short,AUC,0.9827884104199893,639,12,639
denovo_pdb,8kc0_A,medium,L,0.16521739130434782,1170,19,115
denovo_pdb,8kc0_A,medium,L/2,0.3333333333333333,1170,19,57
denovo_pdb,8kc0_A,medium,L/5,0.5217391304347826,1170,19,23
denovo_pdb,8kc0_A,medium,R,0.47368421052631576,1170,19,19
denovo_pdb,8kc0_A,medium,AUC,0.989757190543692,1170,19,1170
denovo_pdb,8kc0_A,long,L,0.19130434782608696,4186,80,115
denovo_pdb,8kc0_A,long,L/2,0.19298245614035087,4186,80,57
denovo_pdb,8kc0_A,long,L/5,0.30434782608695654,4186,80,23
denovo_pdb,8kc0_A,long,R,0.2,4186,80,80
denovo_pdb,8kc0_A,long,AUC,0.9259711397954213,4186,80,4186
denovo_pdb,8kc1_A,all,L,0.1927710843373494,3003,45,83
denovo_pdb,8kc1_A,all,L/2,0.3170731707317073,3003,45,41
denovo_pdb,8kc1_A,all,L/5,0.5625,3003,45,16
denovo_pdb,8kc1_A,all,R,0.28888888888888886,3003,45,45
denovo_pdb,8kc1_A,all,AUC,0.9431597926526932,3003,45,3003
denovo_pdb,8kc1_A,short,L,0.07228915662650602,447,6,83
denovo_pdb,8kc1_A,short,L/2,0.14634146341463414,447,6,41
denovo_pdb,8kc1_A,short,L/5,0.375,447,6,16
denovo_pdb,8kc1_A,short,R,0.8333333333333334,447,6,6
denovo_pdb,8kc1_A,short,AUC,0.9986772486772487,447,6,447
denovo_pdb,8kc1_A,medium,L,0.0963855421686747,786,9,83
denovo_pdb,8kc1_A,medium,L/2,0.1951219512195122,786,9,41
denovo_pdb,8kc1_A,medium,L/5,0.25,786,9,16
denovo_pdb,8kc1_A,medium,R,0.3333333333333333,786,9,9
denovo_pdb,8kc1_A,medium,AUC,0.9735449735449736,786,9,786
denovo_pdb,8kc1_A,long,L,0.20481927710843373,1770,30,83
denovo_pdb,8kc1_A,long,L/2,0.12195121951219512,1770,30,41
denovo_pdb,8kc1_A,long,L/5,0.1875,1770,30,16
denovo_pdb,8kc1_A,long,R,0.13333333333333333,1770,30,30
denovo_pdb,8kc1_A,long,AUC,0.9290996168582375,1770,30,1770
denovo_pdb,8kc4_A,all,L,0.4304635761589404,10585,125,151
denovo_pdb,8kc4_A,all,L/2,0.56,10585,125,75
denovo_pdb,8kc4_A,all,L/5,0.7,10585,125,30
denovo_pdb,8kc4_A,all,R,0.456,10585,125,125
denovo_pdb,8kc4_A,all,AUC,0.9610478011472274,10585,125,10585
denovo_pdb,8kc4_A,short,L,0.09271523178807947,855,14,151
denovo_pdb,8kc4_A,short,L/2,0.17333333333333334,855,14,75
denovo_pdb,8kc4_A,short,L/5,0.36666666666666664,855,14,30
denovo_pdb,8kc4_A,short,R,0.5,855,14,14
denovo_pdb,8kc4_A,short,AUC,0.9828010871411584,855,14,855
denovo_pdb,8kc4_A,medium,L,0.18543046357615894,1602,28,151
denovo_pdb,8kc4_A,medium,L/2,0.36,1602,28,75
denovo_pdb,8kc4_A,medium,L/5,0.7,1602,28,30
denovo_pdb,8kc4_A,medium,R,0.6785714285714286,1602,28,28
denovo_pdb,8kc4_A,medium,AUC,0.9942593937193682,1602,28,1602
denovo_pdb,8kc4_A,long,L,0.25165562913907286,8128,83,151
denovo_pdb,8kc4_A,long,L/2,0.38666666666666666,8128,83,75
denovo_pdb,8kc4_A,long,L/5,0.5,8128,83,30
denovo_pdb,8kc4_A,long,R,0.3493975903614458,8128,83,83
denovo_pdb,8kc4_A,long,AUC,0.948078204677005,8128,83,8128
denovo_pdb,8kc8_A,all,L,0.5286343612334802,24531,160,227
denovo_pdb,8kc8_A,all,L/2,0.7522123893805309,24531,160,113
denovo_pdb,8kc8_A,all,L/5,0.9333333333333333,24531,160,45
denovo_pdb,8kc8_A,all,R,0.64375,24531,160,160
denovo_pdb,8kc8_A,all,AUC,0.9931569539616757,24531,160,24531
denovo_pdb,8kc8_A,short,L,0.07929515418502203,1311,18,227
denovo_pdb,8kc8_A,short,L/2,0.1592920353982301,1311,18,113
denovo_pdb,8kc8_A,short,L/5,0.37777777777777777,1311,18,45
denovo_pdb,8kc8_A,short,R,0.7222222222222222,1311,18,18
denovo_pdb,8kc8_A,short,AUC,0.9960900575749764,1311,18,1311
denovo_pdb,8kc8_A,medium,L,0.11013215859030837,2514,25,227
denovo_pdb,8kc8_A,medium,L/2,0.22123893805309736,2514,25,113
denovo_pdb,8kc8_A,medium,L/5,0.4888888888888889,2514,25,45
denovo_pdb,8kc8_A,medium,R,0.6,2514,25,25
denovo_pdb,8kc8_A,medium,AUC,0.9952752109280836,2514,25,2514
denovo_pdb,8kc8_A,long,L,0.44052863436123346,20706,117,227
denovo_pdb,8kc8_A,long,L/2,0.6548672566371682,20706,117,113
denovo_pdb,8kc8_A,long,L/5,0.9111111111111111,20706,117,45
denovo_pdb,8kc8_A,long,R,0.6324786324786325,20706,117,117
denovo_pdb,8kc8_A,long,AUC,0.99232330100755,20706,117,20706
denovo_pdb,8kcj_A,all,L,0.3743016759776536,15051,122,179
denovo_pdb,8kcj_A,all,L/2,0.5168539325842697,15051,122,89
denovo_pdb,8kcj_A,all,L/5,0.6285714285714286,15051,122,35
denovo_pdb,8kcj_A,all,R,0.45081967213114754,15051,122,122
denovo_pdb,8kcj_A,all,AUC,0.9543901241834299,15051,122,15051
denovo_pdb,8kcj_A,short,L,0.1005586592178771,1023,18,179
denovo_pdb,8kcj_A,short,L/2,0.19101123595505617,1023,18,89
denovo_pdb,8kcj_A,short,L/5,0.4,1023,18,35
denovo_pdb,8kcj_A,short,R,0.5,1023,18,18
denovo_pdb,8kcj_A,short,AUC,0.983167495854063,1023,18,1023
denovo_pdb,8kcj_A,medium,L,0.0893854748603352,1938,20,179
denovo_pdb,8kcj_A,medium,L/2,0.1797752808988764,1938,20,89
denovo_pdb,8kcj_A,medium,L/5,0.42857142857142855,1938,20,35
denovo_pdb,8kcj_A,medium,R,0.65,1938,20,20
denovo_pdb,8kcj_A,medium,AUC,0.9668665276329509,1938,20,1938
denovo_pdb,8kcj_A,long,L,0.2569832402234637,12090,84,179
denovo_pdb,8kcj_A,long,L/2,0.39325842696629215,12090,84,89
denovo_pdb,8kcj_A,long,L/5,0.5714285714285714,12090,84,35
denovo_pdb,8kcj_A,long,R,0.39285714285714285,12090,84,84
denovo_pdb,8kcj_A,long,AUC,0.945025007337601,12090,84,12090
denovo_pdb,8kck_A,all,L,0.16019417475728157,20100,137,206
denovo_pdb,8kck_A,all,L/2,0.23300970873786409,20100,137,103
denovo_pdb,8kck_A,all,L/5,0.4146341463414634,20100,137,41
denovo_pdb,8kck_A,all,R,0.18248175182481752,20100,137,137
denovo_pdb,8kck_A,all,AUC,0.861591389325727,20100,137,20100
denovo_pdb,8kck_A,short,L,0.0825242718446602,1185,19,206
denovo_pdb,8kck_A,short,L/2,0.1553398058252427,1185,19,103
denovo_pdb,8kck_A,short,L/5,0.36585365853658536,1185,19,41
denovo_pdb,8kck_A,short,R,0.5789473684210527,1185,19,19
denovo_pdb,8kck_A,short,AUC,0.9433962264150942,1185,19,1185
denovo_pdb,8kck_A,medium,L,0.04854368932038835,2262,10,206
denovo_pdb,8kck_A,medium,L/2,0.07766990291262135,2262,10,103
denovo_pdb,8kck_A,medium,L/5,0.0975609756097561,2262,10,41
denovo_pdb,8kck_A,medium,R,0.4,2262,10,10
denovo_pdb,8kck_A,medium,AUC,0.9808170515097691,2262,10,2262
denovo_pdb,8kck_A,long,L,0.0825242718446602,16653,108,206
denovo_pdb,8kck_A,long,L/2,0.10679611650485436,16653,108,103
denovo_pdb,8kck_A,long,L/5,0.14634146341463414,16653,108,41
denovo_pdb,8kck_A,long,R,0.10185185185185185,16653,108,108
denovo_pdb,8kck_A,long,AUC,0.8411330490357386,16653,108,16653
denovo_pdb,8kdq_A,all,L,0.5107296137339056,25878,204,233
denovo_pdb,8kdq_A,all,L/2,0.7068965517241379,25878,204,116
denovo_pdb,8kdq_A,all,L/5,0.8695652173913043,25878,204,46
denovo_pdb,8kdq_A,all,R,0.5588235294117647,25878,204,204
denovo_pdb,8kdq_A,all,AUC,0.9831516816432891,25878,204,25878
denovo_pdb,8kdq_A,short,L,0.11158798283261803,1347,26,233
denovo_pdb,8kdq_A,short,L/2,0.20689655172413793,1347,26,116
denovo_pdb,8kdq_A,short,L/5,0.41304347826086957,1347,26,46
denovo_pdb,8kdq_A,short,R,0.5769230769230769,1347,26,26
denovo_pdb,8kdq_A,short,AUC,0.9810021545449251,1347,26,1347
denovo_pdb,8kdq_A,medium,L,0.15021459227467812,2586,36,233
denovo_pdb,8kdq_A,medium,L/2,0.29310344827586204,2586,36,116
denovo_pdb,8kdq_A,medium,L/5,0.6304347826086957,2586,36,46
denovo_pdb,8kdq_A,medium,R,0.7222222222222222,2586,36,36
denovo_pdb,8kdq_A,medium,AUC,0.9924183006535947,2586,36,2586
denovo_pdb,8kdq_A,long,L,0.38626609442060084,21945,142,233
denovo_pdb,8kdq_A,long,L/2,0.5603448275862069,21945,142,116
denovo_pdb,8kdq_A,long,L/5,0.8478260869565217,21945,142,46
denovo_pdb,8kdq_A,long,R,0.5070422535211268,21945,142,142
denovo_pdb,8kdq_A,long,AUC,0.9802335316305483,21945,142,21945
denovo_pdb,8oys_A,all,L,0.5421052631578948,17020,148,190
denovo_pdb,8oys_A,all,L/2,0.6631578947368421,17020,148,95
denovo_pdb,8oys_A,all,L/5,0.8421052631578947,17020,148,38
denovo_pdb,8oys_A,all,R,0.6081081081081081,17020,148,148
denovo_pdb,8oys_A,all,AUC,0.9903113906936809,17020,148,17020
denovo_pdb,8oys_A,short,L,0.12631578947368421,1089,24,190
denovo_pdb,8oys_A,short,L/2,0.25263157894736843,1089,24,95
denovo_pdb,8oys_A,short,L/5,0.5789473684210527,1089,24,38
denovo_pdb,8oys_A,short,R,0.75,1089,24,24
denovo_pdb,8oys_A,short,AUC,0.9947574334898279,1089,24,1089
denovo_pdb,8oys_A,medium,L,0.17894736842105263,2070,35,190
denovo_pdb,8oys_A,medium,L/2,0.35789473684210527,2070,35,95
denovo_pdb,8oys_A,medium,L/5,0.631578947368421,2070,35,38
denovo_pdb,8oys_A,medium,R,0.6,2070,35,35
denovo_pdb,8oys_A,medium,AUC,0.9765882765882766,2070,35,2070
denovo_pdb,8oys_A,long,L,0.38421052631578945,13861,89,190
denovo_pdb,8oys_A,long,L/2,0.5578947368421052,13861,89,95
denovo_pdb,8oys_A,long,L/5,0.6578947368421053,13861,89,38
denovo_pdb,8oys_A,long,R,0.5617977528089888,13861,89,89
denovo_pdb,8oys_A,long,AUC,0.994820544534261,13861,89,13861
denovo_pdb,8oyw_A,all,L,0.24157303370786518,14878,167,178
denovo_pdb,8oyw_A,all,L/2,0.3595505617977528,14878,167,89
denovo_pdb,8oyw_A,all,L/5,0.5714285714285714,14878,167,35
denovo_pdb,8oyw_A,all,R,0.25748502994011974,14878,167,167
denovo_pdb,8oyw_A,all,AUC,0.8742867063100364,14878,167,14878
denovo_pdb,8oyw_A,short,L,0.0898876404494382,1017,16,178
denovo_pdb,8oyw_A,short,L/2,0.15730337078651685,1017,16,89
denovo_pdb,8oyw_A,short,L/5,0.2857142857142857,1017,16,35
denovo_pdb,8oyw_A,short,R,0.4375,1017,16,16
denovo_pdb,8oyw_A,short,AUC,0.9719655344655345,1017,16,1017
denovo_pdb,8oyw_A,medium,L,0.10674157303370786,1926,20,178
denovo_pdb,8oyw_A,medium,L/2,0.21348314606741572,1926,20,89
denovo_pdb,8oyw_A,medium,L/5,0.4,1926,20,35
denovo_pdb,8oyw_A,medium,R,0.5,1926,20,20
denovo_pdb,8oyw_A,medium,AUC,0.9852439664218258,1926,20,1926
denovo_pdb,8oyw_A,long,L,0.15168539325842698,11935,131,178
denovo_pdb,8oyw_A,long,L/2,0.19101123595505617,11935,131,89
denovo_pdb,8oyw_A,long,L/5,0.34285714285714286,11935,131,35
denovo_pdb,8oyw_A,long,R,0.16793893129770993,11935,131,131
denovo_pdb,8oyw_A,long,AUC,0.8467814636518607,11935,131,11935
denovo_pdb,8p4y_A,all,L,0.036458333333333336,17210,172,192
denovo_pdb,8p4y_A,all,L/2,0.020833333333333332,17210,172,96
denovo_pdb,8p4y_A,all,L/5,0.05263157894736842,17210,172,38
denovo_pdb,8p4y_A,all,R,0.03488372093023256,17210,172,172
denovo_pdb,8p4y_A,all,AUC,0.6357545172623711,17210,172,17210
denovo_pdb,8p4y_A,short,L,0.052083333333333336,1089,11,192
denovo_pdb,8p4y_A,short,L/2,0.09375,1089,11,96
denovo_pdb,8p4y_A,short,L/5,0.15789473684210525,1089,11,38
denovo_pdb,8p4y_A,short,R,0.09090909090909091,1089,11,11
denovo_pdb,8p4y_A,short,AUC,0.9026395682239838,1089,11,1089
denovo_pdb,8p4y_A,medium,L,0.015625,2070,6,192
denovo_pdb,8p4y_A,medium,L/2,0.020833333333333332,2070,6,96
denovo_pdb,8p4y_A,medium,L/5,0.0,2070,6,38
denovo_pdb,8p4y_A,medium,R,0.0,2070,6,6
denovo_pdb,8p4y_A,medium,AUC,0.69468669250646,2070,6,2070
denovo_pdb,8p4y_A,long,L,0.015625,14051,155,192
denovo_pdb,8p4y_A,long,L/2,0.0,14051,155,96
denovo_pdb,8p4y_A,long,L/5,0.0,14051,155,38
denovo_pdb,8p4y_A,long,R,0.012903225806451613,14051,155,155
denovo_pdb,8p4y_A,long,AUC,0.6128758333797611,14051,155,14051
denovo_pdb,8pf0_A,all,L,0.6078431372549019,10878,136,153
denovo_pdb,8pf0_A,all,L/2,0.8026315789473685,10878,136,76
denovo_pdb,8pf0_A,all,L/5,1.0,10878,136,30
denovo_pdb,8pf0_A,all,R,0.6544117647058824,10878,136,136
denovo_pdb,8pf0_A,all,AUC,0.993601599548775,10878,136,10878
denovo_pdb,8pf0_A,short,L,0.21568627450980393,867,33,153
denovo_pdb,8pf0_A,short,L/2,0.4342105263157895,867,33,76
denovo_pdb,8pf0_A,short,L/5,0.7333333333333333,867,33,30
denovo_pdb,8pf0_A,short,R,0.7272727272727273,867,33,33
denovo_pdb,8pf0_A,short,AUC,0.9916430491970061,867,33,867
denovo_pdb,8pf0_A,medium,L,0.27450980392156865,1626,43,153
denovo_pdb,8pf0_A,medium,L/2,0.5394736842105263,1626,43,76
denovo_pdb,8pf0_A,medium,L/5,0.9333333333333333,1626,43,30
denovo_pdb,8pf0_A,medium,R,0.8372093023255814,1626,43,43
denovo_pdb,8pf0_A,medium,AUC,0.9955412889861757,1626,43,1626
denovo_pdb,8pf0_A,long,L,0.3464052287581699,8385,60,153
denovo_pdb,8pf0_A,long,L/2,0.47368421052631576,8385,60,76
denovo_pdb,8pf0_A,long,L/5,0.6333333333333333,8385,60,30
denovo_pdb,8pf0_A,long,R,0.55,8385,60,60
denovo_pdb,8pf0_A,long,AUC,0.9933493493493494,8385,60,8385
denovo_pdb,8q52_A,all,L,0.390625,49455,296,320
denovo_pdb,8q52_A,all,L/2,0.6125,49455,296,160
denovo_pdb,8q52_A,all,L/5,0.8125,49455,296,64
denovo_pdb,8q52_A,all,R,0.41216216216216217,49455,296,296
denovo_pdb,8q52_A,all,AUC,0.9095687092022962,49455,296,49455
denovo_pdb,8q52_A,short,L,0.090625,1869,34,320
denovo_pdb,8q52_A,short,L/2,0.15625,1869,34,160
denovo_pdb,8q52_A,short,L/5,0.34375,1869,34,64
denovo_pdb,8q52_A,short,R,0.5,1869,34,34
denovo_pdb,8q52_A,short,AUC,0.9349094406154833,1869,34,1869
denovo_pdb,8q52_A,medium,L,0.153125,3630,63,320
denovo_pdb,8q52_A,medium,L/2,0.2375,3630,63,160
denovo_pdb,8q52_A,medium,L/5,0.4375,3630,63,64
denovo_pdb,8q52_A,medium,R,0.4444444444444444,3630,63,63
denovo_pdb,8q52_A,medium,AUC,0.956270219516645,3630,63,3630
denovo_pdb,8q52_A,long,L,0.271875,43956,199,320
denovo_pdb,8q52_A,long,L/2,0.45,43956,199,160
denovo_pdb,8q52_A,long,L/5,0.78125,43956,199,64
denovo_pdb,8q52_A,long,R,0.38190954773869346,43956,199,199
denovo_pdb,8q52_A,long,AUC,0.8822450575890628,43956,199,43956
denovo_pdb,8qad_A,all,L,0.13793103448275862,9730,134,145
denovo_pdb,8qad_A,all,L/2,0.16666666666666666,9730,134,72
denovo_pdb,8qad_A,all,L/5,0.06896551724137931,9730,134,29
denovo_pdb,8qad_A,all,R,0.14925373134328357,9730,134,134
denovo_pdb,8qad_A,all,AUC,0.7359394150547802,9730,134,9730
denovo_pdb,8qad_A,short,L,0.05517241379310345,819,13,145
denovo_pdb,8qad_A,short,L/2,0.06944444444444445,819,13,72
denovo_pdb,8qad_A,short,L/5,0.06896551724137931,819,13,29
denovo_pdb,8qad_A,short,R,0.0,819,13,13
denovo_pdb,8qad_A,short,AUC,0.7665585035312082,819,13,819
denovo_pdb,8qad_A,medium,L,0.1103448275862069,1530,35,145
denovo_pdb,8qad_A,medium,L/2,0.1388888888888889,1530,35,72
denovo_pdb,8qad_A,medium,L/5,0.2413793103448276,1530,35,29
denovo_pdb,8qad_A,medium,R,0.2,1530,35,35
denovo_pdb,8qad_A,medium,AUC,0.8214524605828952,1530,35,1530
denovo_pdb,8qad_A,long,L,0.11724137931034483,7381,86,145
denovo_pdb,8qad_A,long,L/2,0.16666666666666666,7381,86,72
denovo_pdb,8qad_A,long,L/5,0.06896551724137931,7381,86,29
denovo_pdb,8qad_A,long,R,0.1511627906976744,7381,86,86
denovo_pdb,8qad_A,long,AUC,0.6912292586511948,7381,86,7381
denovo_pdb,8qaf_A,all,L,0.559322033898305,1431,39,59
denovo_pdb,8qaf_A,all,L/2,0.7241379310344828,1431,39,29
denovo_pdb,8qaf_A,all,L/5,0.5454545454545454,1431,39,11
denovo_pdb,8qaf_A,all,R,0.6153846153846154,1431,39,39
denovo_pdb,8qaf_A,all,AUC,0.9877965664603596,1431,39,1431
denovo_pdb,8qaf_A,short,L,0.06779661016949153,303,4,59
denovo_pdb,8qaf_A,short,L/2,0.13793103448275862,303,4,29
denovo_pdb,8qaf_A,short,L/5,0.2727272727272727,303,4,11
denovo_pdb,8qaf_A,short,R,0.5,303,4,4
denovo_pdb,8qaf_A,short,AUC,0.9816053511705685,303,4,303
denovo_pdb,8qaf_A,medium,L,0.1694915254237288,498,10,59
denovo_pdb,8qaf_A,medium,L/2,0.3448275862068966,498,10,29
denovo_pdb,8qaf_A,medium,L/5,0.7272727272727273,498,10,11
denovo_pdb,8qaf_A,medium,R,0.8,498,10,10
denovo_pdb,8qaf_A,medium,AUC,0.9912909836065573,498,10,498
denovo_pdb,8qaf_A,long,L,0.4067796610169492,630,25,59
denovo_pdb,8qaf_A,long,L/2,0.6206896551724138,630,25,29
denovo_pdb,8qaf_A,long,L/5,0.6363636363636364,630,25,11
denovo_pdb,8qaf_A,long,R,0.68,630,25,25
denovo_pdb,8qaf_A,long,AUC,0.9856528925619835,630,25,630
denovo_pdb,8qkd_A,all,L,0.25622775800711745,37950,239,281
denovo_pdb,8qkd_A,all,L/2,0.32142857142857145,37950,239,140
denovo_pdb,8qkd_A,all,L/5,0.44642857142857145,37950,239,56
denovo_pdb,8qkd_A,all,R,0.26778242677824265,37950,239,239
denovo_pdb,8qkd_A,all,AUC,0.9248699285215716,37950,239,37950
denovo_pdb,8qkd_A,short,L,0.05693950177935943,1635,16,281
denovo_pdb,8qkd_A,short,L/2,0.09285714285714286,1635,16,140
denovo_pdb,8qkd_A,short,L/5,0.125,1635,16,56
denovo_pdb,8qkd_A,short,R,0.125,1635,16,16
denovo_pdb,8qkd_A,short,AUC,0.9533855775169857,1635,16,1635
denovo_pdb,8qkd_A,medium,L,0.09252669039145907,3162,30,281
denovo_pdb,8qkd_A,medium,L/2,0.15714285714285714,3162,30,140
denovo_pdb,8qkd_A,medium,L/5,0.23214285714285715,3162,30,56
denovo_pdb,8qkd_A,medium,R,0.3,3162,30,30
denovo_pdb,8qkd_A,medium,AUC,0.9334078331204767,3162,30,3162
denovo_pdb,8qkd_A,long,L,0.2526690391459075,33153,193,281
denovo_pdb,8qkd_A,long,L/2,0.3142857142857143,33153,193,140
denovo_pdb,8qkd_A,long,L/5,0.4642857142857143,33153,193,56
denovo_pdb,8qkd_A,long,R,0.2849740932642487,33153,193,193
denovo_pdb,8qkd_A,long,AUC,0.9199701160772675,33153,193,33153
denovo_pdb,8qup_A,all,L,0.47368421052631576,5886,93,114
denovo_pdb,8qup_A,all,L/2,0.631578947368421,5886,93,57
denovo_pdb,8qup_A,all,L/5,0.6818181818181818,5886,93,22
denovo_pdb,8qup_A,all,R,0.5483870967741935,5886,93,93
denovo_pdb,8qup_A,all,AUC,0.9778923023523014,5886,93,5886
denovo_pdb,8qup_A,short,L,0.06140350877192982,633,7,114
denovo_pdb,8qup_A,short,L/2,0.12280701754385964,633,7,57
denovo_pdb,8qup_A,short,L/5,0.18181818181818182,633,7,22
denovo_pdb,8qup_A,short,R,0.42857142857142855,633,7,7
denovo_pdb,8qup_A,short,AUC,0.9714742126882702,633,7,633
denovo_pdb,8qup_A,medium,L,0.13157894736842105,1158,16,114
denovo_pdb,8qup_A,medium,L/2,0.2631578947368421,1158,16,57
denovo_pdb,8qup_A,medium,L/5,0.45454545454545453,1158,16,22
denovo_pdb,8qup_A,medium,R,0.5,1158,16,16
denovo_pdb,8qup_A,medium,AUC,0.9800788091068302,1158,16,1158
denovo_pdb,8qup_A,long,L,0.43859649122807015,4095,70,114
denovo_pdb,8qup_A,long,L/2,0.631578947368421,4095,70,57
denovo_pdb,8qup_A,long,L/5,0.8636363636363636,4095,70,22
denovo_pdb,8qup_A,long,R,0.5428571428571428,4095,70,70
denovo_pdb,8qup_A,long,AUC,0.9788003549245785,4095,70,4095
denovo_pdb,8qzn_A,all,L,0.6011560693641619,57970,283,346
denovo_pdb,8qzn_A,all,L/2,0.8959537572254336,57970,283,173
denovo_pdb,8qzn_A,all,L/5,1.0,57970,283,69
denovo_pdb,8qzn_A,all,R,0.7031802120141343,57970,283,283
denovo_pdb,8qzn_A,all,AUC,0.9644265222930545,57970,283,57970
denovo_pdb,8qzn_A,short,L,0.09248554913294797,2025,32,346
denovo_pdb,8qzn_A,short,L/2,0.18497109826589594,2025,32,173
denovo_pdb,8qzn_A,short,L/5,0.4057971014492754,2025,32,69
denovo_pdb,8qzn_A,short,R,0.6875,2025,32,32
denovo_pdb,8qzn_A,short,AUC,0.9927637355745107,2025,32,2025
denovo_pdb,8qzn_A,medium,L,0.12138728323699421,3942,43,346
denovo_pdb,8qzn_A,medium,L/2,0.2254335260115607,3942,43,173
denovo_pdb,8qzn_A,medium,L/5,0.5217391304347826,3942,43,69
denovo_pdb,8qzn_A,medium,R,0.7674418604651163,3942,43,43
denovo_pdb,8qzn_A,medium,AUC,0.9803467794365878,3942,43,3942
denovo_pdb,8qzn_A,long,L,0.4682080924855491,52003,208,346
denovo_pdb,8qzn_A,long,L/2,0.7745664739884393,52003,208,173
denovo_pdb,8qzn_A,long,L/5,1.0,52003,208,69
denovo_pdb,8qzn_A,long,R,0.7067307692307693,52003,208,208
denovo_pdb,8qzn_A,long,AUC,0.9558250629330125,52003,208,52003
denovo_pdb,8r8o_A,all,L,0.5038167938931297,32896,327,262
denovo_pdb,8r8o_A,all,L/2,0.6259541984732825,32896,327,131
denovo_pdb,8r8o_A,all,L/5,0.6346153846153846,32896,327,52
denovo_pdb,8r8o_A,all,R,0.4525993883792049,32896,327,327
denovo_pdb,8r8o_A,all,AUC,0.9580345205469676,32896,327,32896
denovo_pdb,8r8o_A,short,L,0.183206106870229,1521,49,262
denovo_pdb,8r8o_A,short,L/2,0.3435114503816794,1521,49,131
denovo_pdb,8r8o_A,short,L/5,0.5961538461538461,1521,49,52
denovo_pdb,8r8o_A,short,R,0.5918367346938775,1521,49,49
denovo_pdb,8r8o_A,short,AUC,0.9689856921029281,1521,49,1521
denovo_pdb,8r8o_A,medium,L,0.26717557251908397,2934,87,262
denovo_pdb,8r8o_A,medium,L/2,0.40458015267175573,2934,87,131
denovo_pdb,8r8o_A,medium,L/5,0.6153846153846154,2934,87,52
denovo_pdb,8r8o_A,medium,R,0.4827586206896552,2934,87,87
denovo_pdb,8r8o_A,medium,AUC,0.9627799377445102,2934,87,2934
denovo_pdb,8r8o_A,long,L,0.31679389312977096,28441,191,262
denovo_pdb,8r8o_A,long,L/2,0.4732824427480916,28441,191,131
denovo_pdb,8r8o_A,long,L/5,0.5961538461538461,28441,191,52
denovo_pdb,8r8o_A,long,R,0.38219895287958117,28441,191,191
denovo_pdb,8r8o_A,long,AUC,0.9480627345596071,28441,191,28441
denovo_pdb,8sjf_A,all,L,0.34579439252336447,5151,76,107
denovo_pdb,8sjf_A,all,L/2,0.41509433962264153,5151,76,53
denovo_pdb,8sjf_A,all,L/5,0.47619047619047616,5151,76,21
denovo_pdb,8sjf_A,all,R,0.3815789473684211,5151,76,76
denovo_pdb,8sjf_A,all,AUC,0.9527910292973814,5151,76,5151
denovo_pdb,8sjf_A,short,L,0.08411214953271028,591,9,107
denovo_pdb,8sjf_A,short,L/2,0.16981132075471697,591,9,53
denovo_pdb,8sjf_A,short,L/5,0.42857142857142855,591,9,21
denovo_pdb,8sjf_A,short,R,0.5555555555555556,591,9,9
denovo_pdb,8sjf_A,short,AUC,0.9919816723940436,591,9,591
denovo_pdb,8sjf_A,medium,L,0.1308411214953271,1074,16,107
denovo_pdb,8sjf_A,medium,L/2,0.18867924528301888,1074,16,53
denovo_pdb,8sjf_A,medium,L/5,0.2857142857142857,1074,16,21
denovo_pdb,8sjf_A,medium,R,0.375,1074,16,16
denovo_pdb,8sjf_A,medium,AUC,0.9284617202268431,1074,16,1074
denovo_pdb,8sjf_A,long,L,0.308411214953271,3486,51,107
denovo_pdb,8sjf_A,long,L/2,0.37735849056603776,3486,51,53
denovo_pdb,8sjf_A,long,L/5,0.42857142857142855,3486,51,21
denovo_pdb,8sjf_A,long,R,0.35294117647058826,3486,51,51
denovo_pdb,8sjf_A,long,AUC,0.9539344121928248,3486,51,3486
denovo_pdb,8tnm_A,all,L,0.27941176470588236,8515,115,136
denovo_pdb,8tnm_A,all,L/2,0.38235294117647056,8515,115,68
denovo_pdb,8tnm_A,all,L/5,0.48148148148148145,8515,115,27
denovo_pdb,8tnm_A,all,R,0.30434782608695654,8515,115,115
denovo_pdb,8tnm_A,all,AUC,0.8141283643892341,8515,115,8515
denovo_pdb,8tnm_A,short,L,0.08823529411764706,765,12,136
denovo_pdb,8tnm_A,short,L/2,0.17647058823529413,765,12,68
denovo_pdb,8tnm_A,short,L/5,0.3333333333333333,765,12,27
denovo_pdb,8tnm_A,short,R,0.5,765,12,12
denovo_pdb,8tnm_A,short,AUC,0.9859451084550686,765,12,765
denovo_pdb,8tnm_A,medium,L,0.10294117647058823,1422,16,136
denovo_pdb,8tnm_A,medium,L/2,0.20588235294117646,1422,16,68
denovo_pdb,8tnm_A,medium,L/5,0.4444444444444444,1422,16,27
denovo_pdb,8tnm_A,medium,R,0.5625,1422,16,16
denovo_pdb,8tnm_A,medium,AUC,0.9857085704125178,1422,16,1422
denovo_pdb,8tnm_A,long,L,0.17647058823529413,6328,87,136
denovo_pdb,8tnm_A,long,L/2,0.20588235294117646,6328,87,68
denovo_pdb,8tnm_A,long,L/5,0.2962962962962963,6328,87,27
denovo_pdb,8tnm_A,long,R,0.20689655172413793,6328,87,87
denovo_pdb,8tnm_A,long,AUC,0.7582007746327125,6328,87,6328
denovo_pdb,8vc8_A,all,L,0.17766497461928935,18336,147,197
denovo_pdb,8vc8_A,all,L/2,0.2857142857142857,18336,147,98
denovo_pdb,8vc8_A,all,L/5,0.38461538461538464,18336,147,39
denovo_pdb,8vc8_A,all,R,0.2108843537414966,18336,147,147
denovo_pdb,8vc8_A,all,AUC,0.827548832496878,18336,147,18336
denovo_pdb,8vc8_A,short,L,0.10152284263959391,1131,21,197
denovo_pdb,8vc8_A,short,L/2,0.19387755102040816,1131,21,98
denovo_pdb,8vc8_A,short,L/5,0.38461538461538464,1131,21,39
denovo_pdb,8vc8_A,short,R,0.42857142857142855,1131,21,21
denovo_pdb,8vc8_A,short,AUC,0.9672887172887173,1131,21,1131
denovo_pdb,8vc8_A,medium,L,0.1116751269035533,2154,31,197
denovo_pdb,8vc8_A,medium,L/2,0.16326530612244897,2154,31,98
denovo_pdb,8vc8_A,medium,L/5,0.2564102564102564,2154,31,39
denovo_pdb,8vc8_A,medium,R,0.3225806451612903,2154,31,31
denovo_pdb,8vc8_A,medium,AUC,0.8805099296491575,2154,31,2154
denovo_pdb,8vc8_A,long,L,0.05583756345177665,15051,95,197
denovo_pdb,8vc8_A,long,L/2,0.07142857142857142,15051,95,98
denovo_pdb,8vc8_A,long,L/5,0.10256410256410256,15051,95,39
denovo_pdb,8vc8_A,long,R,0.07368421052631578,15051,95,95
denovo_pdb,8vc8_A,long,AUC,0.7771392576118016,15051,95,15051
denovo_pdb,8vei_A,all,L,0.3076923076923077,6216,95,117
denovo_pdb,8vei_A,all,L/2,0.43103448275862066,6216,95,58
denovo_pdb,8vei_A,all,L/5,0.6956521739130435,6216,95,23
denovo_pdb,8vei_A,all,R,0.3368421052631579,6216,95,95
denovo_pdb,8vei_A,all,AUC,0.9006887419496298,6216,95,6216
denovo_pdb,8vei_A,short,L,0.13675213675213677,651,18,117
denovo_pdb,8vei_A,short,L/2,0.25862068965517243,651,18,58
denovo_pdb,8vei_A,short,L/5,0.5217391304347826,651,18,23
denovo_pdb,8vei_A,short,R,0.6111111111111112,651,18,18
denovo_pdb,8vei_A,short,AUC,0.9638845006143585,651,18,651
denovo_pdb,8vei_A,medium,L,0.1282051282051282,1194,18,117
denovo_pdb,8vei_A,medium,L/2,0.22413793103448276,1194,18,58
denovo_pdb,8vei_A,medium,L/5,0.391304347826087,1194,18,23
denovo_pdb,8vei_A,medium,R,0.3888888888888889,1194,18,18
denovo_pdb,8vei_A,medium,AUC,0.96645880574452,1194,18,1194
denovo_pdb,8vei_A,long,L,0.20512820512820512,4371,59,117
denovo_pdb,8vei_A,long,L/2,0.27586206896551724,4371,59,58
denovo_pdb,8vei_A,long,L/5,0.30434782608695654,4371,59,23
denovo_pdb,8vei_A,long,R,0.2711864406779661,4371,59,59
denovo_pdb,8vei_A,long,AUC,0.8592772239866671,4371,59,4371
denovo_pdb,8vez_A,all,L,0.4260869565217391,5995,107,115
denovo_pdb,8vez_A,all,L/2,0.5789473684210527,5995,107,57
denovo_pdb,8vez_A,all,L/5,0.8260869565217391,5995,107,23
denovo_pdb,8vez_A,all,R,0.4392523364485981,5995,107,107
denovo_pdb,8vez_A,all,AUC,0.9364325667919545,5995,107,5995
denovo_pdb,8vez_A,short,L,0.17391304347826086,639,20,115
denovo_pdb,8vez_A,short,L/2,0.3508771929824561,639,20,57
denovo_pdb,8vez_A,short,L/5,0.5217391304347826,639,20,23
denovo_pdb,8vez_A,short,R,0.6,639,20,20
denovo_pdb,8vez_A,short,AUC,0.988004846526656,639,20,639
denovo_pdb,8vez_A,medium,L,0.26956521739130435,1170,32,115
denovo_pdb,8vez_A,medium,L/2,0.3684210526315789,1170,32,57
denovo_pdb,8vez_A,medium,L/5,0.5652173913043478,1170,32,23
denovo_pdb,8vez_A,medium,R,0.5,1170,32,32
denovo_pdb,8vez_A,medium,AUC,0.9744343145869948,1170,32,1170
denovo_pdb,8vez_A,long,L,0.2,4186,55,115
denovo_pdb,8vez_A,long,L/2,0.3508771929824561,4186,55,57
denovo_pdb,8vez_A,long,L/5,0.4782608695652174,4186,55,23
denovo_pdb,8vez_A,long,R,0.36363636363636365,4186,55,55
denovo_pdb,8vez_A,long,AUC,0.8956889152967584,4186,55,4186
denovo_pdb,8w97_A,all,L,0.21481481481481482,8385,116,135
denovo_pdb,8w97_A,all,L/2,0.373134328358209,8385,116,67
denovo_pdb,8w97_A,all,L/5,0.6296296296296297,8385,116,27
denovo_pdb,8w97_A,all,R,0.2413793103448276,8385,116,116
denovo_pdb,8w97_A,all,AUC,0.8203275841218343,8385,116,8385
denovo_pdb,8w97_A,short,L,0.1037037037037037,759,15,135
denovo_pdb,8w97_A,short,L/2,0.208955223880597,759,15,67
denovo_pdb,8w97_A,short,L/5,0.48148148148148145,759,15,27
denovo_pdb,8w97_A,short,R,0.6666666666666666,759,15,15
denovo_pdb,8w97_A,short,AUC,0.9461917562724014,759,15,759
denovo_pdb,8w97_A,medium,L,0.1037037037037037,1410,14,135
denovo_pdb,8w97_A,medium,L/2,0.208955223880597,1410,14,67
denovo_pdb,8w97_A,medium,L/5,0.4074074074074074,1410,14,27
denovo_pdb,8w97_A,medium,R,0.5714285714285714,1410,14,14
denovo_pdb,8w97_A,medium,AUC,0.992734343020876,1410,14,1410
denovo_pdb,8w97_A,long,L,0.07407407407407407,6216,87,135
denovo_pdb,8w97_A,long,L/2,0.05970149253731343,6216,87,67
denovo_pdb,8w97_A,long,L/5,0.037037037037037035,6216,87,27
denovo_pdb,8w97_A,long,R,0.06896551724137931,6216,87,87
denovo_pdb,8w97_A,long,AUC,0.784664202406873,6216,87,6216
denovo_pdb,8xyr_A,all,L,0.2,12720,187,165
denovo_pdb,8xyr_A,all,L/2,0.32926829268292684,12720,187,82
denovo_pdb,8xyr_A,all,L/5,0.5454545454545454,12720,187,33
denovo_pdb,8xyr_A,all,R,0.18181818181818182,12720,187,187
denovo_pdb,8xyr_A,all,AUC,0.7764178504576794,12720,187,12720
denovo_pdb,8xyr_A,short,L,0.10909090909090909,939,22,165
denovo_pdb,8xyr_A,short,L/2,0.17073170731707318,939,22,82
denovo_pdb,8xyr_A,short,L/5,0.3333333333333333,939,22,33
denovo_pdb,8xyr_A,short,R,0.4090909090909091,939,22,22
denovo_pdb,8xyr_A,short,AUC,0.9265391097452167,939,22,939
denovo_pdb,8xyr_A,medium,L,0.07878787878787878,1770,32,165
denovo_pdb,8xyr_A,medium,L/2,0.07317073170731707,1770,32,82
denovo_pdb,8xyr_A,medium,L/5,0.15151515151515152,1770,32,33
denovo_pdb,8xyr_A,medium,R,0.15625,1770,32,32
denovo_pdb,8xyr_A,medium,AUC,0.8368814729574223,1770,32,1770
denovo_pdb,8xyr_A,long,L,0.14545454545454545,10011,133,165
denovo_pdb,8xyr_A,long,L/2,0.1951219512195122,10011,133,82
denovo_pdb,8xyr_A,long,L/5,0.30303030303030304,10011,133,33
denovo_pdb,8xyr_A,long,R,0.15037593984962405,10011,133,133
denovo_pdb,8xyr_A,long,AUC,0.7356973117141914,10011,133,10011
denovo_pdb,8xyu_A,all,L,0.20710059171597633,13366,190,169
denovo_pdb,8xyu_A,all,L/2,0.27380952380952384,13366,190,84
denovo_pdb,8xyu_A,all,L/5,0.3939393939393939,13366,190,33
denovo_pdb,8xyu_A,all,R,0.18947368421052632,13366,190,190
denovo_pdb,8xyu_A,all,AUC,0.7624602546895473,13366,190,13366
denovo_pdb,8xyu_A,short,L,0.11834319526627218,963,26,169
denovo_pdb,8xyu_A,short,L/2,0.20238095238095238,963,26,84
denovo_pdb,8xyu_A,short,L/5,0.2727272727272727,963,26,33
denovo_pdb,8xyu_A,short,R,0.34615384615384615,963,26,26
denovo_pdb,8xyu_A,short,AUC,0.9165298415565224,963,26,963
denovo_pdb,8xyu_A,medium,L,0.0650887573964497,1818,36,169
denovo_pdb,8xyu_A,medium,L/2,0.08333333333333333,1818,36,84
denovo_pdb,8xyu_A,medium,L/5,0.12121212121212122,1818,36,33
denovo_pdb,8xyu_A,medium,R,0.1388888888888889,1818,36,36
denovo_pdb,8xyu_A,medium,AUC,0.8293350168350169,1818,36,1818
denovo_pdb,8xyu_A,long,L,0.13609467455621302,10585,128,169
denovo_pdb,8xyu_A,long,L/2,0.19047619047619047,10585,128,84
denovo_pdb,8xyu_A,long,L/5,0.2727272727272727,10585,128,33
denovo_pdb,8xyu_A,long,R,0.1796875,10585,128,128
denovo_pdb,8xyu_A,long,AUC,0.7028265306732333,10585,128,10585
denovo_pdb,8xyw_A,all,L,0.7238095238095238,4950,106,105
denovo_pdb,8xyw_A,all,L/2,0.8846153846153846,4950,106,52
denovo_pdb,8xyw_A,all,L/5,0.9523809523809523,4950,106,21
denovo_pdb,8xyw_A,all,R,0.7169811320754716,4950,106,106
denovo_pdb,8xyw_A,all,AUC,0.9876038047458049,4950,106,4950
denovo_pdb,8xyw_A,short,L,0.1523809523809524,579,16,105
denovo_pdb,8xyw_A,short,L/2,0.3076923076923077,579,16,52
denovo_pdb,8xyw_A,short,L/5,0.6666666666666666,579,16,21
denovo_pdb,8xyw_A,short,R,0.75,579,16,16
denovo_pdb,8xyw_A,short,AUC,0.9946714031971581,579,16,579
denovo_pdb,8xyw_A,medium,L,0.19047619047619047,1050,21,105
denovo_pdb,8xyw_A,medium,L/2,0.38461538461538464,1050,21,52
denovo_pdb,8xyw_A,medium,L/5,0.6666666666666666,1050,21,21
denovo_pdb,8xyw_A,medium,R,0.6666666666666666,1050,21,21
denovo_pdb,8xyw_A,medium,AUC,0.9902818270165209,1050,21,1050
denovo_pdb,8xyw_A,long,L,0.5714285714285714,3321,69,105
denovo_pdb,8xyw_A,long,L/2,0.8269230769230769,3321,69,52
denovo_pdb,8xyw_A,long,L/5,0.8571428571428571,3321,69,21
denovo_pdb,8xyw_A,long,R,0.7681159420289855,3321,69,69
denovo_pdb,8xyw_A,long,AUC,0.9854961049610496,3321,69,3321
denovo_pdb,8y33_A,all,L,0.1358695652173913,15931,163,184
denovo_pdb,8y33_A,all,L/2,0.18478260869565216,15931,163,92
denovo_pdb,8y33_A,all,L/5,0.2222222222222222,15931,163,36
denovo_pdb,8y33_A,all,R,0.13496932515337423,15931,163,163
denovo_pdb,8y33_A,all,AUC,0.7874731925807646,15931,163,15931
denovo_pdb,8y33_A,short,L,0.07608695652173914,1053,15,184
denovo_pdb,8y33_A,short,L/2,0.11956521739130435,1053,15,92
denovo_pdb,8y33_A,short,L/5,0.19444444444444445,1053,15,36
denovo_pdb,8y33_A,short,R,0.4,1053,15,15
denovo_pdb,8y33_A,short,AUC,0.9423892100192678,1053,15,1053
denovo_pdb,8y33_A,medium,L,0.07065217391304347,1998,17,184
denovo_pdb,8y33_A,medium,L/2,0.10869565217391304,1998,17,92
denovo_pdb,8y33_A,medium,L/5,0.1388888888888889,1998,17,36
denovo_pdb,8y33_A,medium,R,0.11764705882352941,1998,17,17
denovo_pdb,8y33_A,medium,AUC,0.9352822401045222,1998,17,1998
denovo_pdb,8y33_A,long,L,0.10869565217391304,12880,131,184
denovo_pdb,8y33_A,long,L/2,0.11956521739130435,12880,131,92
denovo_pdb,8y33_A,long,L/5,0.1388888888888889,12880,131,36
denovo_pdb,8y33_A,long,R,0.13740458015267176,12880,131,131
denovo_pdb,8y33_A,long,AUC,0.752192209058157,12880,131,12880
denovo_pdb,9bk7_A,all,L,0.3431372549019608,4656,59,102
denovo_pdb,9bk7_A,all,L/2,0.5686274509803921,4656,59,51
denovo_pdb,9bk7_A,all,L/5,0.85,4656,59,20
denovo_pdb,9bk7_A,all,R,0.5254237288135594,4656,59,59
denovo_pdb,9bk7_A,all,AUC,0.9604661109124226,4656,59,4656
denovo_pdb,9bk7_A,short,L,0.10784313725490197,561,11,102
denovo_pdb,9bk7_A,short,L/2,0.19607843137254902,561,11,51
denovo_pdb,9bk7_A,short,L/5,0.35,561,11,20
denovo_pdb,9bk7_A,short,R,0.5454545454545454,561,11,11
denovo_pdb,9bk7_A,short,AUC,0.9816528925619834,561,11,561
denovo_pdb,9bk7_A,medium,L,0.0784313725490196,1014,8,102
denovo_pdb,9bk7_A,medium,L/2,0.11764705882352941,1014,8,51
denovo_pdb,9bk7_A,medium,L/5,0.3,1014,8,20
denovo_pdb,9bk7_A,medium,R,0.625,1014,8,8
denovo_pdb,9bk7_A,medium,AUC,0.9864562624254473,1014,8,1014
denovo_pdb,9bk7_A,long,L,0.23529411764705882,3081,40,102
denovo_pdb,9bk7_A,long,L/2,0.4117647058823529,3081,40,51
denovo_pdb,9bk7_A,long,L/5,0.75,3081,40,20
denovo_pdb,9bk7_A,long,R,0.5,3081,40,40
denovo_pdb,9bk7_A,long,AUC,0.9478913186451825,3081,40,3081
denovo_pdb,9cte_A,all,L,0.5818181818181818,5460,84,110
denovo_pdb,9cte_A,all,L/2,0.8545454545454545,5460,84,55
denovo_pdb,9cte_A,all,L/5,1.0,5460,84,22
denovo_pdb,9cte_A,all,R,0.6785714285714286,5460,84,84
denovo_pdb,9cte_A,all,AUC,0.9906008627409297,5460,84,5460
denovo_pdb,9cte_A,short,L,0.07272727272727272,609,8,110
denovo_pdb,9cte_A,short,L/2,0.14545454545454545,609,8,55
denovo_pdb,9cte_A,short,L/5,0.3181818181818182,609,8,22
denovo_pdb,9cte_A,short,R,0.75,609,8,8
denovo_pdb,9cte_A,short,AUC,0.9920965058236273,609,8,609
denovo_pdb,9cte_A,medium,L,0.2,1110,22,110
denovo_pdb,9cte_A,medium,L/2,0.38181818181818183,1110,22,55
denovo_pdb,9cte_A,medium,L/5,0.8636363636363636,1110,22,22
denovo_pdb,9cte_A,medium,R,0.8636363636363636,1110,22,22
denovo_pdb,9cte_A,medium,AUC,0.9976395387700535,1110,22,1110
denovo_pdb,9cte_A,long,L,0.37272727272727274,3741,54,110
denovo_pdb,9cte_A,long,L/2,0.6181818181818182,3741,54,55
denovo_pdb,9cte_A,long,L/5,0.8181818181818182,3741,54,22
denovo_pdb,9cte_A,long,R,0.6111111111111112,3741,54,54
denovo_pdb,9cte_A,long,AUC,0.9873378939014957,3741,54,3741
denovo_pdb,9d01_A,all,L,0.2899728997289973,66066,398,369
denovo_pdb,9d01_A,all,L/2,0.4076086956521739,66066,398,184
denovo_pdb,9d01_A,all,L/5,0.6164383561643836,66066,398,73
denovo_pdb,9d01_A,all,R,0.27889447236180903,66066,398,398
denovo_pdb,9d01_A,all,AUC,0.8703046702416265,66066,398,66066
denovo_pdb,9d01_A,short,L,0.08130081300813008,2163,30,369
denovo_pdb,9d01_A,short,L/2,0.15217391304347827,2163,30,184
denovo_pdb,9d01_A,short,L/5,0.3424657534246575,2163,30,73
denovo_pdb,9d01_A,short,R,0.7333333333333333,2163,30,30
denovo_pdb,9d01_A,short,AUC,0.9859353023909985,2163,30,2163
denovo_pdb,9d01_A,medium,L,0.07588075880758807,4218,32,369
denovo_pdb,9d01_A,medium,L/2,0.14130434782608695,4218,32,184
denovo_pdb,9d01_A,medium,L/5,0.2602739726027397,4218,32,73
denovo_pdb,9d01_A,medium,R,0.40625,4218,32,32
denovo_pdb,9d01_A,medium,AUC,0.9566075907787863,4218,32,4218
denovo_pdb,9d01_A,long,L,0.27371273712737126,59685,336,369
denovo_pdb,9d01_A,long,L/2,0.33695652173913043,59685,336,184
denovo_pdb,9d01_A,long,L/5,0.4794520547945205,59685,336,73
denovo_pdb,9d01_A,long,R,0.27976190476190477,59685,336,336
denovo_pdb,9d01_A,long,AUC,0.8539306234549626,59685,336,59685
denovo_pdb,9db8_A,all,L,0.2616822429906542,5151,74,107
denovo_pdb,9db8_A,all,L/2,0.39622641509433965,5151,74,53
denovo_pdb,9db8_A,all,L/5,0.38095238095238093,5151,74,21
denovo_pdb,9db8_A,all,R,0.3108108108108108,5151,74,74
denovo_pdb,9db8_A,all,AUC,0.9376014777826872,5151,74,5151
denovo_pdb,9db8_A,short,L,0.08411214953271028,591,9,107
denovo_pdb,9db8_A,short,L/2,0.1509433962264151,591,9,53
denovo_pdb,9db8_A,short,L/5,0.3333333333333333,591,9,21
denovo_pdb,9db8_A,short,R,0.4444444444444444,591,9,9
denovo_pdb,9db8_A,short,AUC,0.9786177930507827,591,9,591
denovo_pdb,9db8_A,medium,L,0.12149532710280374,1074,16,107
denovo_pdb,9db8_A,medium,L/2,0.20754716981132076,1074,16,53
denovo_pdb,9db8_A,medium,L/5,0.2857142857142857,1074,16,21
denovo_pdb,9db8_A,medium,R,0.375,1074,16,16
denovo_pdb,9db8_A,medium,AUC,0.9294364366729678,1074,16,1074
denovo_pdb,9db8_A,long,L,0.2523364485981308,3486,49,107
denovo_pdb,9db8_A,long,L/2,0.2830188679245283,3486,49,53
denovo_pdb,9db8_A,long,L/5,0.42857142857142855,3486,49,21
denovo_pdb,9db8_A,long,R,0.30612244897959184,3486,49,49
denovo_pdb,9db8_A,long,AUC,0.9322350412379092,3486,49,3486
denovo_pdb,9db9_A,all,L,0.2616822429906542,5151,75,107
denovo_pdb,9db9_A,all,L/2,0.39622641509433965,5151,75,53
denovo_pdb,9db9_A,all,L/5,0.47619047619047616,5151,75,21
denovo_pdb,9db9_A,all,R,0.30666666666666664,5151,75,75
denovo_pdb,9db9_A,all,AUC,0.9286616758602574,5151,75,5151
denovo_pdb,9db9_A,short,L,0.08411214953271028,591,10,107
denovo_pdb,9db9_A,short,L/2,0.16981132075471697,591,10,53
denovo_pdb,9db9_A,short,L/5,0.3333333333333333,591,10,21
denovo_pdb,9db9_A,short,R,0.5,591,10,10
denovo_pdb,9db9_A,short,AUC,0.9679001721170396,591,10,591
denovo_pdb,9db9_A,medium,L,0.14018691588785046,1074,16,107
denovo_pdb,9db9_A,medium,L/2,0.20754716981132076,1074,16,53
denovo_pdb,9db9_A,medium,L/5,0.42857142857142855,1074,16,21
denovo_pdb,9db9_A,medium,R,0.5,1074,16,16
denovo_pdb,9db9_A,medium,AUC,0.9673617674858224,1074,16,1074
denovo_pdb,9db9_A,long,L,0.16822429906542055,3486,49,107
denovo_pdb,9db9_A,long,L/2,0.22641509433962265,3486,49,53
denovo_pdb,9db9_A,long,L/5,0.38095238095238093,3486,49,21
denovo_pdb,9db9_A,long,R,0.22448979591836735,3486,49,49
denovo_pdb,9db9_A,long,AUC,0.90709743309602,3486,49,3486
denovo_pdb,9dba_A,all,L,0.308411214953271,5151,77,107
denovo_pdb,9dba_A,all,L/2,0.4716981132075472,5151,77,53
denovo_pdb,9dba_A,all,L/5,0.5714285714285714,5151,77,21
denovo_pdb,9dba_A,all,R,0.35064935064935066,5151,77,77
denovo_pdb,9dba_A,all,AUC,0.9325015741058311,5151,77,5151
denovo_pdb,9dba_A,short,L,0.09345794392523364,591,11,107
denovo_pdb,9dba_A,short,L/2,0.16981132075471697,591,11,53
denovo_pdb,9dba_A,short,L/5,0.38095238095238093,591,11,21
denovo_pdb,9dba_A,short,R,0.6363636363636364,591,11,11
denovo_pdb,9dba_A,short,AUC,0.9251567398119123,591,11,591
denovo_pdb,9dba_A,medium,L,0.14953271028037382,1074,16,107
denovo_pdb,9dba_A,medium,L/2,0.22641509433962265,1074,16,53
denovo_pdb,9dba_A,medium,L/5,0.38095238095238093,1074,16,21
denovo_pdb,9dba_A,medium,R,0.5,1074,16,16
denovo_pdb,9dba_A,medium,AUC,0.9745096880907372,1074,16,1074
denovo_pdb,9dba_A,long,L,0.2523364485981308,3486,50,107
denovo_pdb,9dba_A,long,L/2,0.24528301886792453,3486,50,53
denovo_pdb,9dba_A,long,L/5,0.38095238095238093,3486,50,21
denovo_pdb,9dba_A,long,R,0.26,3486,50,50
denovo_pdb,9dba_A,long,AUC,0.9194150174621654,3486,50,3486
denovo_pdb,9dbb_A,all,L,0.2897196261682243,5151,76,107
denovo_pdb,9dbb_A,all,L/2,0.37735849056603776,5151,76,53
denovo_pdb,9dbb_A,all,L/5,0.5714285714285714,5151,76,21
denovo_pdb,9dbb_A,all,R,0.35526315789473684,5151,76,76
denovo_pdb,9dbb_A,all,AUC,0.94874643505315,5151,76,5151
denovo_pdb,9dbb_A,short,L,0.102803738317757,591,11,107
denovo_pdb,9dbb_A,short,L/2,0.16981132075471697,591,11,53
denovo_pdb,9dbb_A,short,L/5,0.38095238095238093,591,11,21
denovo_pdb,9dbb_A,short,R,0.45454545454545453,591,11,11
denovo_pdb,9dbb_A,short,AUC,0.974216300940439,591,11,591
denovo_pdb,9dbb_A,medium,L,0.1308411214953271,1074,15,107
denovo_pdb,9dbb_A,medium,L/2,0.18867924528301888,1074,15,53
denovo_pdb,9dbb_A,medium,L/5,0.3333333333333333,1074,15,21
denovo_pdb,9dbb_A,medium,R,0.3333333333333333,1074,15,15
denovo_pdb,9dbb_A,medium,AUC,0.966194523135033,1074,15,1074
denovo_pdb,9dbb_A,long,L,0.24299065420560748,3486,50,107
denovo_pdb,9dbb_A,long,L/2,0.33962264150943394,3486,50,53
denovo_pdb,9dbb_A,long,L/5,0.42857142857142855,3486,50,21
denovo_pdb,9dbb_A,long,R,0.36,3486,50,50
denovo_pdb,9dbb_A,long,AUC,0.9369644935972059,3486,50,3486
denovo_pdb,9dbc_A,all,L,0.27522935779816515,5356,74,109
denovo_pdb,9dbc_A,all,L/2,0.35185185185185186,5356,74,54
denovo_pdb,9dbc_A,all,L/5,0.47619047619047616,5356,74,21
denovo_pdb,9dbc_A,all,R,0.3108108108108108,5356,74,74
denovo_pdb,9dbc_A,all,AUC,0.9175616832280975,5356,74,5356
denovo_pdb,9dbc_A,short,L,0.09174311926605505,603,11,109
denovo_pdb,9dbc_A,short,L/2,0.16666666666666666,603,11,54
denovo_pdb,9dbc_A,short,L/5,0.3333333333333333,603,11,21
denovo_pdb,9dbc_A,short,R,0.5454545454545454,603,11,11
denovo_pdb,9dbc_A,short,AUC,0.9622235872235873,603,11,603
denovo_pdb,9dbc_A,medium,L,0.11009174311926606,1098,15,109
denovo_pdb,9dbc_A,medium,L/2,0.14814814814814814,1098,15,54
denovo_pdb,9dbc_A,medium,L/5,0.23809523809523808,1098,15,21
denovo_pdb,9dbc_A,medium,R,0.3333333333333333,1098,15,15
denovo_pdb,9dbc_A,medium,AUC,0.9554632194521391,1098,15,1098
denovo_pdb,9dbc_A,long,L,0.1743119266055046,3655,48,109
denovo_pdb,9dbc_A,long,L/2,0.24074074074074073,3655,48,54
denovo_pdb,9dbc_A,long,L/5,0.3333333333333333,3655,48,21
denovo_pdb,9dbc_A,long,R,0.2708333333333333,3655,48,48
denovo_pdb,9dbc_A,long,AUC,0.8956571712411052,3655,48,3655
denovo_pdb,9dbd_A,all,L,0.22392638036809817,51360,286,326
denovo_pdb,9dbd_A,all,L/2,0.26380368098159507,51360,286,163
denovo_pdb,9dbd_A,all,L/5,0.3230769230769231,51360,286,65
denovo_pdb,9dbd_A,all,R,0.23076923076923078,51360,286,286
denovo_pdb,9dbd_A,all,AUC,0.8485778622051481,51360,286,51360
denovo_pdb,9dbd_A,short,L,0.08895705521472393,1905,29,326
denovo_pdb,9dbd_A,short,L/2,0.15337423312883436,1905,29,163
denovo_pdb,9dbd_A,short,L/5,0.27692307692307694,1905,29,65
denovo_pdb,9dbd_A,short,R,0.3448275862068966,1905,29,29
denovo_pdb,9dbd_A,short,AUC,0.9677045805455481,1905,29,1905
denovo_pdb,9dbd_A,medium,L,0.10429447852760736,3702,43,326
denovo_pdb,9dbd_A,medium,L/2,0.1411042944785276,3702,43,163
denovo_pdb,9dbd_A,medium,L/5,0.24615384615384617,3702,43,65
denovo_pdb,9dbd_A,medium,R,0.3023255813953488,3702,43,43
denovo_pdb,9dbd_A,medium,AUC,0.9243185010518822,3702,43,3702
denovo_pdb,9dbd_A,long,L,0.147239263803681,45753,214,326
denovo_pdb,9dbd_A,long,L/2,0.22699386503067484,45753,214,163
denovo_pdb,9dbd_A,long,L/5,0.27692307692307694,45753,214,65
denovo_pdb,9dbd_A,long,R,0.19626168224299065,45753,214,214
denovo_pdb,9dbd_A,long,AUC,0.814327987944194,45753,214,45753
denovo_pdb,9dbu_A,all,L,0.32075471698113206,5050,67,106
denovo_pdb,9dbu_A,all,L/2,0.49056603773584906,5050,67,53
denovo_pdb,9dbu_A,all,L/5,0.8571428571428571,5050,67,21
denovo_pdb,9dbu_A,all,R,0.417910447761194,5050,67,67
denovo_pdb,9dbu_A,all,AUC,0.9338557064167424,5050,67,5050
denovo_pdb,9dbu_A,short,L,0.0660377358490566,585,7,106
denovo_pdb,9dbu_A,short,L/2,0.1320754716981132,585,7,53
denovo_pdb,9dbu_A,short,L/5,0.3333333333333333,585,7,21
denovo_pdb,9dbu_A,short,R,0.7142857142857143,585,7,7
denovo_pdb,9dbu_A,short,AUC,0.9959218981710332,585,7,585
denovo_pdb,9dbu_A,medium,L,0.14150943396226415,1062,15,106
denovo_pdb,9dbu_A,medium,L/2,0.24528301886792453,1062,15,53
denovo_pdb,9dbu_A,medium,L/5,0.47619047619047616,1062,15,21
denovo_pdb,9dbu_A,medium,R,0.6666666666666666,1062,15,15
denovo_pdb,9dbu_A,medium,AUC,0.9870105062082141,1062,15,1062
denovo_pdb,9dbu_A,long,L,0.20754716981132076,3403,45,106
denovo_pdb,9dbu_A,long,L/2,0.2830188679245283,3403,45,53
denovo_pdb,9dbu_A,long,L/5,0.47619047619047616,3403,45,21
denovo_pdb,9dbu_A,long,R,0.3333333333333333,3403,45,45
denovo_pdb,9dbu_A,long,AUC,0.901637879690292,3403,45,3403
denovo_pdb,9dbv_A,all,L,0.3364485981308411,5151,67,107
denovo_pdb,9dbv_A,all,L/2,0.4716981132075472,5151,67,53
denovo_pdb,9dbv_A,all,L/5,0.6666666666666666,5151,67,21
denovo_pdb,9dbv_A,all,R,0.417910447761194,5151,67,67
denovo_pdb,9dbv_A,all,AUC,0.9455725894524232,5151,67,5151
denovo_pdb,9dbv_A,short,L,0.07476635514018691,591,8,107
denovo_pdb,9dbv_A,short,L/2,0.1509433962264151,591,8,53
denovo_pdb,9dbv_A,short,L/5,0.3333333333333333,591,8,21
denovo_pdb,9dbv_A,short,R,0.625,591,8,8
denovo_pdb,9dbv_A,short,AUC,0.991852487135506,591,8,591
denovo_pdb,9dbv_A,medium,L,0.14018691588785046,1074,16,107
denovo_pdb,9dbv_A,medium,L/2,0.2641509433962264,1074,16,53
denovo_pdb,9dbv_A,medium,L/5,0.5714285714285714,1074,16,21
denovo_pdb,9dbv_A,medium,R,0.625,1074,16,16
denovo_pdb,9dbv_A,medium,AUC,0.9859109168241966,1074,16,1074
denovo_pdb,9dbv_A,long,L,0.18691588785046728,3486,43,107
denovo_pdb,9dbv_A,long,L/2,0.24528301886792453,3486,43,53
denovo_pdb,9dbv_A,long,L/5,0.38095238095238093,3486,43,21
denovo_pdb,9dbv_A,long,R,0.27906976744186046,3486,43,43
denovo_pdb,9dbv_A,long,AUC,0.9184763152739971,3486,43,3486
denovo_pdb,9dbw_A,all,L,0.29906542056074764,5151,70,107
denovo_pdb,9dbw_A,all,L/2,0.5283018867924528,5151,70,53
denovo_pdb,9dbw_A,all,L/5,0.6190476190476191,5151,70,21
denovo_pdb,9dbw_A,all,R,0.4142857142857143,5151,70,70
denovo_pdb,9dbw_A,all,AUC,0.9432943458824191,5151,70,5151
denovo_pdb,9dbw_A,short,L,0.09345794392523364,591,10,107
denovo_pdb,9dbw_A,short,L/2,0.18867924528301888,591,10,53
denovo_pdb,9dbw_A,short,L/5,0.47619047619047616,591,10,21
denovo_pdb,9dbw_A,short,R,0.6,591,10,10
denovo_pdb,9dbw_A,short,AUC,0.9923407917383822,591,10,591
denovo_pdb,9dbw_A,medium,L,0.1308411214953271,1074,14,107
denovo_pdb,9dbw_A,medium,L/2,0.2641509433962264,1074,14,53
denovo_pdb,9dbw_A,medium,L/5,0.5238095238095238,1074,14,21
denovo_pdb,9dbw_A,medium,R,0.6428571428571429,1074,14,14
denovo_pdb,9dbw_A,medium,AUC,0.9898247978436658,1074,14,1074
denovo_pdb,9dbw_A,long,L,0.21495327102803738,3486,46,107
denovo_pdb,9dbw_A,long,L/2,0.24528301886792453,3486,46,53
denovo_pdb,9dbw_A,long,L/5,0.5238095238095238,3486,46,21
denovo_pdb,9dbw_A,long,R,0.2826086956521739,3486,46,46
denovo_pdb,9dbw_A,long,AUC,0.9141399140546006,3486,46,3486
denovo_pdb,9dcx_A,all,L,0.23735408560311283,31626,231,257
denovo_pdb,9dcx_A,all,L/2,0.3671875,31626,231,128
denovo_pdb,9dcx_A,all,L/5,0.6862745098039216,31626,231,51
denovo_pdb,9dcx_A,all,R,0.2597402597402597,31626,231,231
denovo_pdb,9dcx_A,all,AUC,0.8734868306296878,31626,231,31626
denovo_pdb,9dcx_A,short,L,0.10894941634241245,1491,29,257
denovo_pdb,9dcx_A,short,L/2,0.203125,1491,29,128
denovo_pdb,9dcx_A,short,L/5,0.3333333333333333,1491,29,51
denovo_pdb,9dcx_A,short,R,0.5172413793103449,1491,29,29
denovo_pdb,9dcx_A,short,AUC,0.954632293976131,1491,29,1491
denovo_pdb,9dcx_A,medium,L,0.11673151750972763,2874,32,257
denovo_pdb,9dcx_A,medium,L/2,0.15625,2874,32,128
denovo_pdb,9dcx_A,medium,L/5,0.23529411764705882,2874,32,51
denovo_pdb,9dcx_A,medium,R,0.34375,2874,32,32
denovo_pdb,9dcx_A,medium,AUC,0.9691183585503167,2874,32,2874
denovo_pdb,9dcx_A,long,L,0.14396887159533073,27261,170,257
denovo_pdb,9dcx_A,long,L/2,0.21875,27261,170,128
denovo_pdb,9dcx_A,long,L/5,0.39215686274509803,27261,170,51
denovo_pdb,9dcx_A,long,R,0.17058823529411765,27261,170,170
denovo_pdb,9dcx_A,long,AUC,0.842372331162726,27261,170,27261
denovo_pdb,9dd2_A,all,L,0.22093023255813954,31878,236,258
denovo_pdb,9dd2_A,all,L/2,0.3953488372093023,31878,236,129
denovo_pdb,9dd2_A,all,L/5,0.6862745098039216,31878,236,51
denovo_pdb,9dd2_A,all,R,0.23728813559322035,31878,236,236
denovo_pdb,9dd2_A,all,AUC,0.903498648545861,31878,236,31878
denovo_pdb,9dd2_A,short,L,0.12015503875968993,1497,31,258
denovo_pdb,9dd2_A,short,L/2,0.21705426356589147,1497,31,129
denovo_pdb,9dd2_A,short,L/5,0.39215686274509803,1497,31,51
denovo_pdb,9dd2_A,short,R,0.5483870967741935,1497,31,31
denovo_pdb,9dd2_A,short,AUC,0.9795691590018923,1497,31,1497
denovo_pdb,9dd2_A,medium,L,0.10465116279069768,2886,30,258
denovo_pdb,9dd2_A,medium,L/2,0.13953488372093023,2886,30,129
denovo_pdb,9dd2_A,medium,L/5,0.27450980392156865,2886,30,51
denovo_pdb,9dd2_A,medium,R,0.4,2886,30,30
denovo_pdb,9dd2_A,medium,AUC,0.9508636788048552,2886,30,2886
denovo_pdb,9dd2_A,long,L,0.13953488372093023,27495,175,258
denovo_pdb,9dd2_A,long,L/2,0.17829457364341086,27495,175,129
denovo_pdb,9dd2_A,long,L/5,0.4117647058823529,27495,175,51
denovo_pdb,9dd2_A,long,R,0.15428571428571428,27495,175,175
denovo_pdb,9dd2_A,long,AUC,0.8831770550094122,27495,175,27495
denovo_pdb,9de4_A,all,L,0.29245283018867924,5050,65,106
denovo_pdb,9de4_A,all,L/2,0.39622641509433965,5050,65,53
denovo_pdb,9de4_A,all,L/5,0.5714285714285714,5050,65,21
denovo_pdb,9de4_A,all,R,0.4307692307692308,5050,65,65
denovo_pdb,9de4_A,all,AUC,0.9409814057557288,5050,65,5050
denovo_pdb,9de4_A,short,L,0.07547169811320754,585,8,106
denovo_pdb,9de4_A,short,L/2,0.1509433962264151,585,8,53
denovo_pdb,9de4_A,short,L/5,0.3333333333333333,585,8,21
denovo_pdb,9de4_A,short,R,0.5,585,8,8
denovo_pdb,9de4_A,short,AUC,0.9888431542461005,585,8,585
denovo_pdb,9de4_A,medium,L,0.1320754716981132,1062,15,106
denovo_pdb,9de4_A,medium,L/2,0.24528301886792453,1062,15,53
denovo_pdb,9de4_A,medium,L/5,0.47619047619047616,1062,15,21
denovo_pdb,9de4_A,medium,R,0.4666666666666667,1062,15,15
denovo_pdb,9de4_A,medium,AUC,0.9805475963069086,1062,15,1062
denovo_pdb,9de4_A,long,L,0.1792452830188679,3403,42,106
denovo_pdb,9de4_A,long,L/2,0.24528301886792453,3403,42,53
denovo_pdb,9de4_A,long,L/5,0.3333333333333333,3403,42,21
denovo_pdb,9de4_A,long,R,0.2857142857142857,3403,42,42
denovo_pdb,9de4_A,long,AUC,0.9143289270483558,3403,42,3403
denovo_pdb,9dea_A,all,L,0.16455696202531644,2701,51,79
denovo_pdb,9dea_A,all,L/2,0.23076923076923078,2701,51,39
denovo_pdb,9dea_A,all,L/5,0.26666666666666666,2701,51,15
denovo_pdb,9dea_A,all,R,0.23529411764705882,2701,51,51
denovo_pdb,9dea_A,all,AUC,0.8592563817980022,2701,51,2701
denovo_pdb,9dea_A,short,L,0.10126582278481013,423,8,79
denovo_pdb,9dea_A,short,L/2,0.15384615384615385,423,8,39
denovo_pdb,9dea_A,short,L/5,0.2,423,8,15
denovo_pdb,9dea_A,short,R,0.375,423,8,8
denovo_pdb,9dea_A,short,AUC,0.9423192771084338,423,8,423
denovo_pdb,9dea_A,medium,L,0.10126582278481013,738,12,79
denovo_pdb,9dea_A,medium,L/2,0.20512820512820512,738,12,39
denovo_pdb,9dea_A,medium,L/5,0.2,738,12,15
denovo_pdb,9dea_A,medium,R,0.25,738,12,12
denovo_pdb,9dea_A,medium,AUC,0.9140840220385675,738,12,738
denovo_pdb,9dea_A,long,L,0.1518987341772152,1540,31,79
denovo_pdb,9dea_A,long,L/2,0.15384615384615385,1540,31,39
denovo_pdb,9dea_A,long,L/5,0.2,1540,31,15
denovo_pdb,9dea_A,long,R,0.16129032258064516,1540,31,31
denovo_pdb,9dea_A,long,AUC,0.8127364843198872,1540,31,1540
denovo_pdb,9ded_A,all,L,0.5,5886,125,114
denovo_pdb,9ded_A,all,L/2,0.6842105263157895,5886,125,57
denovo_pdb,9ded_A,all,L/5,0.8181818181818182,5886,125,22
denovo_pdb,9ded_A,all,R,0.472,5886,125,125
denovo_pdb,9ded_A,all,AUC,0.9374219753515015,5886,125,5886
denovo_pdb,9ded_A,short,L,0.22807017543859648,633,26,114
denovo_pdb,9ded_A,short,L/2,0.45614035087719296,633,26,57
denovo_pdb,9ded_A,short,L/5,0.6818181818181818,633,26,22
denovo_pdb,9ded_A,short,R,0.6153846153846154,633,26,26
denovo_pdb,9ded_A,short,AUC,0.9852046635407425,633,26,633
denovo_pdb,9ded_A,medium,L,0.30701754385964913,1158,37,114
denovo_pdb,9ded_A,medium,L/2,0.47368421052631576,1158,37,57
denovo_pdb,9ded_A,medium,L/5,0.8636363636363636,1158,37,22
denovo_pdb,9ded_A,medium,R,0.5945945945945946,1158,37,37
denovo_pdb,9ded_A,medium,AUC,0.9795308243122696,1158,37,1158
denovo_pdb,9ded_A,long,L,0.22807017543859648,4095,62,114
denovo_pdb,9ded_A,long,L/2,0.2807017543859649,4095,62,57
denovo_pdb,9ded_A,long,L/5,0.3181818181818182,4095,62,22
denovo_pdb,9ded_A,long,R,0.27419354838709675,4095,62,62
denovo_pdb,9ded_A,long,AUC,0.8950673076153988,4095,62,4095
denovo_pdb,9dw2_A,all,L,0.5873015873015873,7260,95,126
denovo_pdb,9dw2_A,all,L/2,0.8253968253968254,7260,95,63
denovo_pdb,9dw2_A,all,L/5,0.92,7260,95,25
denovo_pdb,9dw2_A,all,R,0.7052631578947368,7260,95,95
denovo_pdb,9dw2_A,all,AUC,0.9916112682263929,7260,95,7260
denovo_pdb,9dw2_A,short,L,0.05555555555555555,705,7,126
denovo_pdb,9dw2_A,short,L/2,0.1111111111111111,705,7,63
denovo_pdb,9dw2_A,short,L/5,0.28,705,7,25
denovo_pdb,9dw2_A,short,R,0.8571428571428571,705,7,7
denovo_pdb,9dw2_A,short,AUC,0.998567335243553,705,7,705
denovo_pdb,9dw2_A,medium,L,0.20634920634920634,1302,26,126
denovo_pdb,9dw2_A,medium,L/2,0.4126984126984127,1302,26,63
denovo_pdb,9dw2_A,medium,L/5,0.8,1302,26,25
denovo_pdb,9dw2_A,medium,R,0.7692307692307693,1302,26,26
denovo_pdb,9dw2_A,medium,AUC,0.9973173378345792,1302,26,1302
denovo_pdb,9dw2_A,long,L,0.3968253968253968,5253,62,126
denovo_pdb,9dw2_A,long,L/2,0.6349206349206349,5253,62,63
denovo_pdb,9dw2_A,long,L/5,0.92,5253,62,25
denovo_pdb,9dw2_A,long,R,0.6451612903225806,5253,62,62
denovo_pdb,9dw2_A,long,AUC,0.9877393255075472,5253,62,5253
denovo_pdb,9fw5_A,all,L,0.233502538071066,18336,168,197
denovo_pdb,9fw5_A,all,L/2,0.3469387755102041,18336,168,98
denovo_pdb,9fw5_A,all,L/5,0.41025641025641024,18336,168,39
denovo_pdb,9fw5_A,all,R,0.23809523809523808,18336,168,168
denovo_pdb,9fw5_A,all,AUC,0.8145149241995346,18336,168,18336
denovo_pdb,9fw5_A,short,L,0.07614213197969544,1131,17,197
denovo_pdb,9fw5_A,short,L/2,0.15306122448979592,1131,17,98
denovo_pdb,9fw5_A,short,L/5,0.3076923076923077,1131,17,39
denovo_pdb,9fw5_A,short,R,0.5294117647058824,1131,17,17
denovo_pdb,9fw5_A,short,AUC,0.9656510719188932,1131,17,1131
denovo_pdb,9fw5_A,medium,L,0.12690355329949238,2154,25,197
denovo_pdb,9fw5_A,medium,L/2,0.23469387755102042,2154,25,98
denovo_pdb,9fw5_A,medium,L/5,0.28205128205128205,2154,25,39
denovo_pdb,9fw5_A,medium,R,0.32,2154,25,25
denovo_pdb,9fw5_A,medium,AUC,0.9811366838891499,2154,25,2154
denovo_pdb,9fw5_A,long,L,0.14720812182741116,15051,126,197
denovo_pdb,9fw5_A,long,L/2,0.1836734693877551,15051,126,98
denovo_pdb,9fw5_A,long,L/5,0.3076923076923077,15051,126,39
denovo_pdb,9fw5_A,long,R,0.16666666666666666,15051,126,126
denovo_pdb,9fw5_A,long,AUC,0.7619175241285794,15051,126,15051
denovo_pdb,9fw7_A,all,L,0.24623115577889448,18721,202,199
denovo_pdb,9fw7_A,all,L/2,0.3434343434343434,18721,202,99
denovo_pdb,9fw7_A,all,L/5,0.5384615384615384,18721,202,39
denovo_pdb,9fw7_A,all,R,0.24257425742574257,18721,202,202
denovo_pdb,9fw7_A,all,AUC,0.771143390865897,18721,202,18721
denovo_pdb,9fw7_A,short,L,0.08040201005025126,1143,16,199
denovo_pdb,9fw7_A,short,L/2,0.16161616161616163,1143,16,99
denovo_pdb,9fw7_A,short,L/5,0.3076923076923077,1143,16,39
denovo_pdb,9fw7_A,short,R,0.625,1143,16,16
denovo_pdb,9fw7_A,short,AUC,0.9851375332741792,1143,16,1143
denovo_pdb,9fw7_A,medium,L,0.11055276381909548,2178,26,199
denovo_pdb,9fw7_A,medium,L/2,0.1919191919191919,2178,26,99
denovo_pdb,9fw7_A,medium,L/5,0.3333333333333333,2178,26,39
denovo_pdb,9fw7_A,medium,R,0.46153846153846156,2178,26,26
denovo_pdb,9fw7_A,medium,AUC,0.9191807263368602,2178,26,2178
denovo_pdb,9fw7_A,long,L,0.1658291457286432,15400,160,199
denovo_pdb,9fw7_A,long,L/2,0.20202020202020202,15400,160,99
denovo_pdb,9fw7_A,long,L/5,0.28205128205128205,15400,160,39
denovo_pdb,9fw7_A,long,R,0.175,15400,160,160
denovo_pdb,9fw7_A,long,AUC,0.7284344242125984,15400,160,15400
denovo_pdb,9fwa_A,all,L,0.13861386138613863,19306,166,202
denovo_pdb,9fwa_A,all,L/2,0.21782178217821782,19306,166,101
denovo_pdb,9fwa_A,all,L/5,0.35,19306,166,40
denovo_pdb,9fwa_A,all,R,0.16265060240963855,19306,166,166
denovo_pdb,9fwa_A,all,AUC,0.7320672974027773,19306,166,19306
denovo_pdb,9fwa_A,short,L,0.06435643564356436,1161,14,202
denovo_pdb,9fwa_A,short,L/2,0.10891089108910891,1161,14,101
denovo_pdb,9fwa_A,short,L/5,0.25,1161,14,40
denovo_pdb,9fwa_A,short,R,0.5,1161,14,14
denovo_pdb,9fwa_A,short,AUC,0.9544463818657367,1161,14,1161
denovo_pdb,9fwa_A,medium,L,0.10891089108910891,2214,22,202
denovo_pdb,9fwa_A,medium,L/2,0.2079207920792079,2214,22,101
denovo_pdb,9fwa_A,medium,L/5,0.325,2214,22,40
denovo_pdb,9fwa_A,medium,R,0.3181818181818182,2214,22,22
denovo_pdb,9fwa_A,medium,AUC,0.9850489382879893,2214,22,2214
denovo_pdb,9fwa_A,long,L,0.034653465346534656,15931,130,202
denovo_pdb,9fwa_A,long,L/2,0.0297029702970297,15931,130,101
denovo_pdb,9fwa_A,long,L/5,0.05,15931,130,40
denovo_pdb,9fwa_A,long,R,0.038461538461538464,15931,130,130
denovo_pdb,9fwa_A,long,AUC,0.6661757045561869,15931,130,15931
denovo_pdb,9gvf_A,all,L,0.2037914691943128,21115,144,211
denovo_pdb,9gvf_A,all,L/2,0.34285714285714286,21115,144,105
denovo_pdb,9gvf_A,all,L/5,0.5714285714285714,21115,144,42
denovo_pdb,9gvf_A,all,R,0.2777777777777778,21115,144,144
denovo_pdb,9gvf_A,all,AUC,0.8959740700120273,21115,144,21115
denovo_pdb,9gvf_A,short,L,0.14218009478672985,1215,30,211
denovo_pdb,9gvf_A,short,L/2,0.2571428571428571,1215,30,105
denovo_pdb,9gvf_A,short,L/5,0.5,1215,30,42
denovo_pdb,9gvf_A,short,R,0.6666666666666666,1215,30,30
denovo_pdb,9gvf_A,short,AUC,0.9814767932489452,1215,30,1215
denovo_pdb,9gvf_A,medium,L,0.10426540284360189,2322,30,211
denovo_pdb,9gvf_A,medium,L/2,0.1523809523809524,2322,30,105
denovo_pdb,9gvf_A,medium,L/5,0.30952380952380953,2322,30,42
denovo_pdb,9gvf_A,medium,R,0.3,2322,30,30
denovo_pdb,9gvf_A,medium,AUC,0.9493819080860966,2322,30,2322
denovo_pdb,9gvf_A,long,L,0.13744075829383887,17578,84,211
denovo_pdb,9gvf_A,long,L/2,0.17142857142857143,17578,84,105
denovo_pdb,9gvf_A,long,L/5,0.09523809523809523,17578,84,42
denovo_pdb,9gvf_A,long,R,0.15476190476190477,17578,84,84
denovo_pdb,9gvf_A,long,AUC,0.8428216204739585,17578,84,17578
denovo_pdb,9h10_A,all,L,0.2692307692307692,20503,142,208
denovo_pdb,9h10_A,all,L/2,0.375,20503,142,104
denovo_pdb,9h10_A,all,L/5,0.5365853658536586,20503,142,41
denovo_pdb,9h10_A,all,R,0.323943661971831,20503,142,142
denovo_pdb,9h10_A,all,AUC,0.8763868511397445,20503,142,20503
denovo_pdb,9h10_A,short,L,0.1346153846153846,1197,28,208
denovo_pdb,9h10_A,short,L/2,0.23076923076923078,1197,28,104
denovo_pdb,9h10_A,short,L/5,0.5121951219512195,1197,28,41
denovo_pdb,9h10_A,short,R,0.6071428571428571,1197,28,28
denovo_pdb,9h10_A,short,AUC,0.9818373457167298,1197,28,1197
denovo_pdb,9h10_A,medium,L,0.12980769230769232,2286,32,208
denovo_pdb,9h10_A,medium,L/2,0.20192307692307693,2286,32,104
denovo_pdb,9h10_A,medium,L/5,0.36585365853658536,2286,32,41
denovo_pdb,9h10_A,medium,R,0.375,2286,32,32
denovo_pdb,9h10_A,medium,AUC,0.961152395740905,2286,32,2286
denovo_pdb,9h10_A,long,L,0.1778846153846154,17020,82,208
denovo_pdb,9h10_A,long,L/2,0.2403846153846154,17020,82,104
denovo_pdb,9h10_A,long,L/5,0.2926829268292683,17020,82,41
denovo_pdb,9h10_A,long,R,0.23170731707317074,17020,82,82
denovo_pdb,9h10_A,long,AUC,0.8046829325891559,17020,82,17020
denovo_pdb,9h3c_A,all,L,0.25471698113207547,21321,142,212
denovo_pdb,9h3c_A,all,L/2,0.3113207547169811,21321,142,106
denovo_pdb,9h3c_A,all,L/5,0.5476190476190477,21321,142,42
denovo_pdb,9h3c_A,all,R,0.2605633802816901,21321,142,142
denovo_pdb,9h3c_A,all,AUC,0.887776491329107,21321,142,21321
denovo_pdb,9h3c_A,short,L,0.1650943396226415,1221,35,212
denovo_pdb,9h3c_A,short,L/2,0.29245283018867924,1221,35,106
denovo_pdb,9h3c_A,short,L/5,0.5,1221,35,42
denovo_pdb,9h3c_A,short,R,0.6,1221,35,35
denovo_pdb,9h3c_A,short,AUC,0.9802939050831125,1221,35,1221
denovo_pdb,9h3c_A,medium,L,0.11320754716981132,2334,30,212
denovo_pdb,9h3c_A,medium,L/2,0.16037735849056603,2334,30,106
denovo_pdb,9h3c_A,medium,L/5,0.23809523809523808,2334,30,42
denovo_pdb,9h3c_A,medium,R,0.23333333333333334,2334,30,30
denovo_pdb,9h3c_A,medium,AUC,0.9439308449074074,2334,30,2334
denovo_pdb,9h3c_A,long,L,0.14150943396226415,17766,77,212
denovo_pdb,9h3c_A,long,L/2,0.1792452830188679,17766,77,106
denovo_pdb,9h3c_A,long,L/5,0.21428571428571427,17766,77,42
denovo_pdb,9h3c_A,long,R,0.2077922077922078,17766,77,77
denovo_pdb,9h3c_A,long,AUC,0.8152201125800538,17766,77,17766
denovo_pdb,9h4c_A,all,L,0.27358490566037735,5050,67,106
denovo_pdb,9h4c_A,all,L/2,0.2641509433962264,5050,67,53
denovo_pdb,9h4c_A,all,L/5,0.3333333333333333,5050,67,21
denovo_pdb,9h4c_A,all,R,0.26865671641791045,5050,67,67
denovo_pdb,9h4c_A,all,AUC,0.9683011792332736,5050,67,5050
denovo_pdb,9h4c_A,short,L,0.11320754716981132,585,12,106
denovo_pdb,9h4c_A,short,L/2,0.20754716981132076,585,12,53
denovo_pdb,9h4c_A,short,L/5,0.2857142857142857,585,12,21
denovo_pdb,9h4c_A,short,R,0.3333333333333333,585,12,12
denovo_pdb,9h4c_A,short,AUC,0.9675683536940081,585,12,585
denovo_pdb,9h4c_A,medium,L,0.11320754716981132,1062,12,106
denovo_pdb,9h4c_A,medium,L/2,0.20754716981132076,1062,12,53
denovo_pdb,9h4c_A,medium,L/5,0.2857142857142857,1062,12,21
denovo_pdb,9h4c_A,medium,R,0.3333333333333333,1062,12,12
denovo_pdb,9h4c_A,medium,AUC,0.9816269841269842,1062,12,1062
denovo_pdb,9h4c_A,long,L,0.2169811320754717,3403,43,106
denovo_pdb,9h4c_A,long,L/2,0.2641509433962264,3403,43,53
denovo_pdb,9h4c_A,long,L/5,0.23809523809523808,3403,43,21
denovo_pdb,9h4c_A,long,R,0.2558139534883721,3403,43,43
denovo_pdb,9h4c_A,long,AUC,0.9635555094130674,3403,43,3403
denovo_pdb,9hag_A,all,L,0.4732142857142857,5671,81,112
denovo_pdb,9hag_A,all,L/2,0.75,5671,81,56
denovo_pdb,9hag_A,all,L/5,1.0,5671,81,22
denovo_pdb,9hag_A,all,R,0.5555555555555556,5671,81,81
denovo_pdb,9hag_A,all,AUC,0.9779036639501755,5671,81,5671
denovo_pdb,9hag_A,short,L,0.19642857142857142,621,22,112
denovo_pdb,9hag_A,short,L/2,0.39285714285714285,621,22,56
denovo_pdb,9hag_A,short,L/5,0.8181818181818182,621,22,22
denovo_pdb,9hag_A,short,R,0.8181818181818182,621,22,22
denovo_pdb,9hag_A,short,AUC,0.9965093337380483,621,22,621
denovo_pdb,9hag_A,medium,L,0.30357142857142855,1134,34,112
denovo_pdb,9hag_A,medium,L/2,0.5,1134,34,56
denovo_pdb,9hag_A,medium,L/5,0.7727272727272727,1134,34,22
denovo_pdb,9hag_A,medium,R,0.6764705882352942,1134,34,34
denovo_pdb,9hag_A,medium,AUC,0.9895187165775402,1134,34,1134
denovo_pdb,9hag_A,long,L,0.14285714285714285,3916,25,112
denovo_pdb,9hag_A,long,L/2,0.21428571428571427,3916,25,56
denovo_pdb,9hag_A,long,L/5,0.18181818181818182,3916,25,22
denovo_pdb,9hag_A,long,R,0.16,3916,25,25
denovo_pdb,9hag_A,long,AUC,0.9479362631714212,3916,25,3916
denovo_pdb,9hnh_A,all,L,0.5695364238410596,10585,158,151
denovo_pdb,9hnh_A,all,L/2,0.6133333333333333,10585,158,75
denovo_pdb,9hnh_A,all,L/5,0.8333333333333334,10585,158,30
denovo_pdb,9hnh_A,all,R,0.5506329113924051,10585,158,158
denovo_pdb,9hnh_A,all,AUC,0.9846303353149624,10585,158,10585
denovo_pdb,9hnh_A,short,L,0.06622516556291391,855,11,151
denovo_pdb,9hnh_A,short,L/2,0.12,855,11,75
denovo_pdb,9hnh_A,short,L/5,0.3,855,11,30
denovo_pdb,9hnh_A,short,R,0.6363636363636364,855,11,11
denovo_pdb,9hnh_A,short,AUC,0.9302024989228781,855,11,855
denovo_pdb,9hnh_A,medium,L,0.19205298013245034,1602,29,151
denovo_pdb,9hnh_A,medium,L/2,0.3466666666666667,1602,29,75
denovo_pdb,9hnh_A,medium,L/5,0.6,1602,29,30
denovo_pdb,9hnh_A,medium,R,0.6206896551724138,1602,29,29
denovo_pdb,9hnh_A,medium,AUC,0.9892035863822698,1602,29,1602
denovo_pdb,9hnh_A,long,L,0.5231788079470199,8128,118,151
denovo_pdb,9hnh_A,long,L/2,0.6666666666666666,8128,118,75
denovo_pdb,9hnh_A,long,L/5,0.7,8128,118,30
denovo_pdb,9hnh_A,long,R,0.576271186440678,8128,118,118
denovo_pdb,9hnh_A,long,AUC,0.9900320573858947,8128,118,8128
denovo_pdb,9jl8_A,all,L,0.27710843373493976,12880,182,166
denovo_pdb,9jl8_A,all,L/2,0.37349397590361444,12880,182,83
denovo_pdb,9jl8_A,all,L/5,0.5454545454545454,12880,182,33
denovo_pdb,9jl8_A,all,R,0.2692307692307692,12880,182,182
denovo_pdb,9jl8_A,all,AUC,0.8194716568673097,12880,182,12880
denovo_pdb,9jl8_A,short,L,0.12650602409638553,945,21,166
denovo_pdb,9jl8_A,short,L/2,0.24096385542168675,945,21,83
denovo_pdb,9jl8_A,short,L/5,0.3939393939393939,945,21,33
denovo_pdb,9jl8_A,short,R,0.42857142857142855,945,21,21
denovo_pdb,9jl8_A,short,AUC,0.9755978148835291,945,21,945
denovo_pdb,9jl8_A,medium,L,0.13253012048192772,1782,36,166
denovo_pdb,9jl8_A,medium,L/2,0.1566265060240964,1782,36,83
denovo_pdb,9jl8_A,medium,L/5,0.21212121212121213,1782,36,33
denovo_pdb,9jl8_A,medium,R,0.19444444444444445,1782,36,36
denovo_pdb,9jl8_A,medium,AUC,0.9219724449535446,1782,36,1782
denovo_pdb,9jl8_A,long,L,0.1927710843373494,10153,125,166
denovo_pdb,9jl8_A,long,L/2,0.27710843373493976,10153,125,83
denovo_pdb,9jl8_A,long,L/5,0.36363636363636365,10153,125,33
denovo_pdb,9jl8_A,long,R,0.224,10153,125,125
denovo_pdb,9jl8_A,long,AUC,0.767327483047467,10153,125,10153
denovo_pdb,9jl9_A,all,L,0.26666666666666666,12720,184,165
denovo_pdb,9jl9_A,all,L/2,0.35365853658536583,12720,184,82
denovo_pdb,9jl9_A,all,L/5,0.45454545454545453,12720,184,33
denovo_pdb,9jl9_A,all,R,0.24456521739130435,12720,184,184
denovo_pdb,9jl9_A,all,AUC,0.8587901625926029,12720,184,12720
denovo_pdb,9jl9_A,short,L,0.14545454545454545,939,24,165
denovo_pdb,9jl9_A,short,L/2,0.24390243902439024,939,24,82
denovo_pdb,9jl9_A,short,L/5,0.3939393939393939,939,24,33
denovo_pdb,9jl9_A,short,R,0.4583333333333333,939,24,24
denovo_pdb,9jl9_A,short,AUC,0.969148451730419,939,24,939
denovo_pdb,9jl9_A,medium,L,0.12121212121212122,1770,37,165
denovo_pdb,9jl9_A,medium,L/2,0.15853658536585366,1770,37,82
denovo_pdb,9jl9_A,medium,L/5,0.30303030303030304,1770,37,33
denovo_pdb,9jl9_A,medium,R,0.2702702702702703,1770,37,37
denovo_pdb,9jl9_A,medium,AUC,0.8554295784532369,1770,37,1770
denovo_pdb,9jl9_A,long,L,0.14545454545454545,10011,123,165
denovo_pdb,9jl9_A,long,L/2,0.21951219512195122,10011,123,82
denovo_pdb,9jl9_A,long,L/5,0.3333333333333333,10011,123,33
denovo_pdb,9jl9_A,long,R,0.16260162601626016,10011,123,123
denovo_pdb,9jl9_A,long,AUC,0.8401626674033731,10011,123,10011
denovo_pdb,9jla_A,all,L,0.25301204819277107,12880,176,166
denovo_pdb,9jla_A,all,L/2,0.37349397590361444,12880,176,83
denovo_pdb,9jla_A,all,L/5,0.6060606060606061,12880,176,33
denovo_pdb,9jla_A,all,R,0.2556818181818182,12880,176,176
denovo_pdb,9jla_A,all,AUC,0.8106685260190062,12880,176,12880
denovo_pdb,9jla_A,short,L,0.13253012048192772,945,23,166
denovo_pdb,9jla_A,short,L/2,0.2289156626506024,945,23,83
denovo_pdb,9jla_A,short,L/5,0.36363636363636365,945,23,33
denovo_pdb,9jla_A,short,R,0.4782608695652174,945,23,23
denovo_pdb,9jla_A,short,AUC,0.9605771951334527,945,23,945
denovo_pdb,9jla_A,medium,L,0.12650602409638553,1782,31,166
denovo_pdb,9jla_A,medium,L/2,0.18072289156626506,1782,31,83
denovo_pdb,9jla_A,medium,L/5,0.24242424242424243,1782,31,33
denovo_pdb,9jla_A,medium,R,0.25806451612903225,1782,31,31
denovo_pdb,9jla_A,medium,AUC,0.9313664081354434,1782,31,1782
denovo_pdb,9jla_A,long,L,0.1566265060240964,10153,122,166
denovo_pdb,9jla_A,long,L/2,0.2289156626506024,10153,122,83
denovo_pdb,9jla_A,long,L/5,0.3939393939393939,10153,122,33
denovo_pdb,9jla_A,long,R,0.18032786885245902,10153,122,122
denovo_pdb,9jla_A,long,AUC,0.7539022472956786,10153,122,10153
denovo_pdb,9jwo_A,all,L,0.32142857142857145,37675,257,280
denovo_pdb,9jwo_A,all,L/2,0.42857142857142855,37675,257,140
denovo_pdb,9jwo_A,all,L/5,0.5892857142857143,37675,257,56
denovo_pdb,9jwo_A,all,R,0.3346303501945525,37675,257,257
denovo_pdb,9jwo_A,all,AUC,0.9383432576718211,37675,257,37675
denovo_pdb,9jwo_A,short,L,0.08571428571428572,1629,24,280
denovo_pdb,9jwo_A,short,L/2,0.16428571428571428,1629,24,140
denovo_pdb,9jwo_A,short,L/5,0.3392857142857143,1629,24,56
denovo_pdb,9jwo_A,short,R,0.4583333333333333,1629,24,24
denovo_pdb,9jwo_A,short,AUC,0.9839563862928349,1629,24,1629
denovo_pdb,9jwo_A,medium,L,0.13214285714285715,3150,51,280
denovo_pdb,9jwo_A,medium,L/2,0.19285714285714287,3150,51,140
denovo_pdb,9jwo_A,medium,L/5,0.35714285714285715,3150,51,56
denovo_pdb,9jwo_A,medium,R,0.39215686274509803,3150,51,51
denovo_pdb,9jwo_A,medium,AUC,0.9181519655296776,3150,51,3150
denovo_pdb,9jwo_A,long,L,0.23214285714285715,32896,182,280
denovo_pdb,9jwo_A,long,L/2,0.32857142857142857,32896,182,140
denovo_pdb,9jwo_A,long,L/5,0.44642857142857145,32896,182,56
denovo_pdb,9jwo_A,long,R,0.2857142857142857,32896,182,182
denovo_pdb,9jwo_A,long,AUC,0.9336300888083001,32896,182,32896
denovo_pdb,9jwq_A,all,L,0.35664335664335667,39340,254,286
denovo_pdb,9jwq_A,all,L/2,0.5104895104895105,39340,254,143
denovo_pdb,9jwq_A,all,L/5,0.7017543859649122,39340,254,57
denovo_pdb,9jwq_A,all,R,0.3700787401574803,39340,254,254
denovo_pdb,9jwq_A,all,AUC,0.9374627562640993,39340,254,39340
denovo_pdb,9jwq_A,short,L,0.07692307692307693,1665,24,286
denovo_pdb,9jwq_A,short,L/2,0.15384615384615385,1665,24,143
denovo_pdb,9jwq_A,short,L/5,0.3333333333333333,1665,24,57
denovo_pdb,9jwq_A,short,R,0.5416666666666666,1665,24,24
denovo_pdb,9jwq_A,short,AUC,0.9529377412147066,1665,24,1665
denovo_pdb,9jwq_A,medium,L,0.11188811188811189,3222,45,286
denovo_pdb,9jwq_A,medium,L/2,0.18181818181818182,3222,45,143
denovo_pdb,9jwq_A,medium,L/5,0.3333333333333333,3222,45,57
denovo_pdb,9jwq_A,medium,R,0.35555555555555557,3222,45,45
denovo_pdb,9jwq_A,medium,AUC,0.9424439548141154,3222,45,3222
denovo_pdb,9jwq_A,long,L,0.25874125874125875,34453,185,286
denovo_pdb,9jwq_A,long,L/2,0.40559440559440557,34453,185,143
denovo_pdb,9jwq_A,long,L/5,0.631578947368421,34453,185,57
denovo_pdb,9jwq_A,long,R,0.34054054054054056,34453,185,185
denovo_pdb,9jwq_A,long,AUC,0.9319064512160111,34453,185,34453
denovo_pdb,9jwt_A,all,L,0.3595890410958904,41041,272,292
denovo_pdb,9jwt_A,all,L/2,0.4726027397260274,41041,272,146
denovo_pdb,9jwt_A,all,L/5,0.7413793103448276,41041,272,58
denovo_pdb,9jwt_A,all,R,0.38235294117647056,41041,272,272
denovo_pdb,9jwt_A,all,AUC,0.9130088479135675,41041,272,41041
denovo_pdb,9jwt_A,short,L,0.08561643835616438,1701,25,292
denovo_pdb,9jwt_A,short,L/2,0.17123287671232876,1701,25,146
denovo_pdb,9jwt_A,short,L/5,0.3620689655172414,1701,25,58
denovo_pdb,9jwt_A,short,R,0.6,1701,25,25
denovo_pdb,9jwt_A,short,AUC,0.9878281622911694,1701,25,1701
denovo_pdb,9jwt_A,medium,L,0.11301369863013698,3294,42,292
denovo_pdb,9jwt_A,medium,L/2,0.18493150684931506,3294,42,146
denovo_pdb,9jwt_A,medium,L/5,0.3620689655172414,3294,42,58
denovo_pdb,9jwt_A,medium,R,0.40476190476190477,3294,42,42
denovo_pdb,9jwt_A,medium,AUC,0.955375446611609,3294,42,3294
denovo_pdb,9jwt_A,long,L,0.2671232876712329,36046,205,292
denovo_pdb,9jwt_A,long,L/2,0.410958904109589,36046,205,146
denovo_pdb,9jwt_A,long,L/5,0.5689655172413793,36046,205,58
denovo_pdb,9jwt_A,long,R,0.32682926829268294,36046,205,205
denovo_pdb,9jwt_A,long,AUC,0.8955691839499796,36046,205,36046
denovo_pdb,9kgz_A,all,L,0.424,7140,147,125
denovo_pdb,9kgz_A,all,L/2,0.5806451612903226,7140,147,62
denovo_pdb,9kgz_A,all,L/5,0.88,7140,147,25
denovo_pdb,9kgz_A,all,R,0.40816326530612246,7140,147,147
denovo_pdb,9kgz_A,all,AUC,0.9405221548078692,7140,147,7140
denovo_pdb,9kgz_A,short,L,0.176,699,22,125
denovo_pdb,9kgz_A,short,L/2,0.3548387096774194,699,22,62
denovo_pdb,9kgz_A,short,L/5,0.64,699,22,25
denovo_pdb,9kgz_A,short,R,0.6818181818181818,699,22,22
denovo_pdb,9kgz_A,short,AUC,0.9896266953135491,699,22,699
denovo_pdb,9kgz_A,medium,L,0.272,1290,40,125
denovo_pdb,9kgz_A,medium,L/2,0.4838709677419355,1290,40,62
denovo_pdb,9kgz_A,medium,L/5,0.72,1290,40,25
denovo_pdb,9kgz_A,medium,R,0.675,1290,40,40
denovo_pdb,9kgz_A,medium,AUC,0.9793000000000001,1290,40,1290
denovo_pdb,9kgz_A,long,L,0.216,5151,85,125
denovo_pdb,9kgz_A,long,L/2,0.20967741935483872,5151,85,62
denovo_pdb,9kgz_A,long,L/5,0.24,5151,85,25
denovo_pdb,9kgz_A,long,R,0.21176470588235294,5151,85,85
denovo_pdb,9kgz_A,long,AUC,0.9092926313833866,5151,85,5151
denovo_pdb,9lm8_A,all,L,0.32808398950131235,70500,315,381
denovo_pdb,9lm8_A,all,L/2,0.5052631578947369,70500,315,190
denovo_pdb,9lm8_A,all,L/5,0.8026315789473685,70500,315,76
denovo_pdb,9lm8_A,all,R,0.3746031746031746,70500,315,315
denovo_pdb,9lm8_A,all,AUC,0.9173571886544744,70500,315,70500
denovo_pdb,9lm8_A,short,L,0.10498687664041995,2235,40,381
denovo_pdb,9lm8_A,short,L/2,0.21052631578947367,2235,40,190
denovo_pdb,9lm8_A,short,L/5,0.4605263157894737,2235,40,76
denovo_pdb,9lm8_A,short,R,0.725,2235,40,40
denovo_pdb,9lm8_A,short,AUC,0.9938325740318906,2235,40,2235
denovo_pdb,9lm8_A,medium,L,0.16010498687664043,4362,63,381
denovo_pdb,9lm8_A,medium,L/2,0.2736842105263158,4362,63,190
denovo_pdb,9lm8_A,medium,L/5,0.4868421052631579,4362,63,76
denovo_pdb,9lm8_A,medium,R,0.5555555555555556,4362,63,63
denovo_pdb,9lm8_A,medium,AUC,0.9730169806931845,4362,63,4362
denovo_pdb,9lm8_A,long,L,0.1679790026246719,63903,212,381
denovo_pdb,9lm8_A,long,L/2,0.22105263157894736,63903,212,190
denovo_pdb,9lm8_A,long,L/5,0.3684210526315789,63903,212,76
denovo_pdb,9lm8_A,long,R,0.21226415094339623,63903,212,212
denovo_pdb,9lm8_A,long,AUC,0.8884658106074049,63903,212,63903
denovo_pdb,9lni_A,all,L,0.33490566037735847,21321,220,212
denovo_pdb,9lni_A,all,L/2,0.44339622641509435,21321,220,106
denovo_pdb,9lni_A,all,L/5,0.5714285714285714,21321,220,42
denovo_pdb,9lni_A,all,R,0.32272727272727275,21321,220,220
denovo_pdb,9lni_A,all,AUC,0.9134584315262956,21321,220,21321
denovo_pdb,9lni_A,short,L,0.10377358490566038,1221,22,212
denovo_pdb,9lni_A,short,L/2,0.19811320754716982,1221,22,106
denovo_pdb,9lni_A,short,L/5,0.35714285714285715,1221,22,42
denovo_pdb,9lni_A,short,R,0.45454545454545453,1221,22,22
denovo_pdb,9lni_A,short,AUC,0.9812154067783759,1221,22,1221
denovo_pdb,9lni_A,medium,L,0.18396226415094338,2334,40,212
denovo_pdb,9lni_A,medium,L/2,0.3018867924528302,2334,40,106
denovo_pdb,9lni_A,medium,L/5,0.47619047619047616,2334,40,42
denovo_pdb,9lni_A,medium,R,0.5,2334,40,40
denovo_pdb,9lni_A,medium,AUC,0.982971883173496,2334,40,2334
denovo_pdb,9lni_A,long,L,0.19811320754716982,17766,158,212
denovo_pdb,9lni_A,long,L/2,0.25471698113207547,17766,158,106
denovo_pdb,9lni_A,long,L/5,0.40476190476190477,17766,158,42
denovo_pdb,9lni_A,long,R,0.22151898734177214,17766,158,158
denovo_pdb,9lni_A,long,AUC,0.8860917649629915,17766,158,17766
denovo_pdb,9lns_A,all,L,0.5625,1711,41,64
denovo_pdb,9lns_A,all,L/2,0.75,1711,41,32
denovo_pdb,9lns_A,all,L/5,0.9166666666666666,1711,41,12
denovo_pdb,9lns_A,all,R,0.6829268292682927,1711,41,41
denovo_pdb,9lns_A,all,AUC,0.9915291368482547,1711,41,1711
denovo_pdb,9lns_A,short,L,0.03125,333,2,64
denovo_pdb,9lns_A,short,L/2,0.0625,333,2,32
denovo_pdb,9lns_A,short,L/5,0.16666666666666666,333,2,12
denovo_pdb,9lns_A,short,R,0.5,333,2,2
denovo_pdb,9lns_A,short,AUC,0.9992447129909365,333,2,333
denovo_pdb,9lns_A,medium,L,0.1875,558,12,64
denovo_pdb,9lns_A,medium,L/2,0.34375,558,12,32
denovo_pdb,9lns_A,medium,L/5,0.75,558,12,12
denovo_pdb,9lns_A,medium,R,0.75,558,12,12
denovo_pdb,9lns_A,medium,AUC,0.9928266178266177,558,12,558
denovo_pdb,9lns_A,long,L,0.421875,820,27,64
denovo_pdb,9lns_A,long,L/2,0.71875,820,27,32
denovo_pdb,9lns_A,long,L/5,0.8333333333333334,820,27,12
denovo_pdb,9lns_A,long,R,0.7037037037037037,820,27,27
denovo_pdb,9lns_A,long,AUC,0.9925739106066975,820,27,820
denovo_pdb,9mrb_A,all,L,0.1347517730496454,9180,105,141
denovo_pdb,9mrb_A,all,L/2,0.21428571428571427,9180,105,70
denovo_pdb,9mrb_A,all,L/5,0.2857142857142857,9180,105,28
denovo_pdb,9mrb_A,all,R,0.1619047619047619,9180,105,105
denovo_pdb,9mrb_A,all,AUC,0.776835891381346,9180,105,9180
denovo_pdb,9mrb_A,short,L,0.0851063829787234,795,15,141
denovo_pdb,9mrb_A,short,L/2,0.12857142857142856,795,15,70
denovo_pdb,9mrb_A,short,L/5,0.2857142857142857,795,15,28
denovo_pdb,9mrb_A,short,R,0.4666666666666667,795,15,15
denovo_pdb,9mrb_A,short,AUC,0.9184615384615384,795,15,795
denovo_pdb,9mrb_A,medium,L,0.10638297872340426,1482,22,141
denovo_pdb,9mrb_A,medium,L/2,0.12857142857142856,1482,22,70
denovo_pdb,9mrb_A,medium,L/5,0.17857142857142858,1482,22,28
denovo_pdb,9mrb_A,medium,R,0.18181818181818182,1482,22,22
denovo_pdb,9mrb_A,medium,AUC,0.8494396014943961,1482,22,1482
denovo_pdb,9mrb_A,long,L,0.0851063829787234,6903,68,141
denovo_pdb,9mrb_A,long,L/2,0.11428571428571428,6903,68,70
denovo_pdb,9mrb_A,long,L/5,0.10714285714285714,6903,68,28
denovo_pdb,9mrb_A,long,R,0.11764705882352941,6903,68,68
denovo_pdb,9mrb_A,long,AUC,0.7189896295021301,6903,68,6903
denovo_pdb,9mxx_A,all,L,0.28187919463087246,10296,166,149
denovo_pdb,9mxx_A,all,L/2,0.3783783783783784,10296,166,74
denovo_pdb,9mxx_A,all,L/5,0.5517241379310345,10296,166,29
denovo_pdb,9mxx_A,all,R,0.25903614457831325,10296,166,166
denovo_pdb,9mxx_A,all,AUC,0.8427232126928248,10296,166,10296
denovo_pdb,9mxx_A,short,L,0.14093959731543623,843,26,149
denovo_pdb,9mxx_A,short,L/2,0.20270270270270271,843,26,74
denovo_pdb,9mxx_A,short,L/5,0.3793103448275862,843,26,29
denovo_pdb,9mxx_A,short,R,0.38461538461538464,843,26,26
denovo_pdb,9mxx_A,short,AUC,0.8784012804820639,843,26,843
denovo_pdb,9mxx_A,medium,L,0.2080536912751678,1578,40,149
denovo_pdb,9mxx_A,medium,L/2,0.28378378378378377,1578,40,74
denovo_pdb,9mxx_A,medium,L/5,0.4827586206896552,1578,40,29
denovo_pdb,9mxx_A,medium,R,0.4,1578,40,40
denovo_pdb,9mxx_A,medium,AUC,0.9351918075422626,1578,40,1578
denovo_pdb,9mxx_A,long,L,0.18120805369127516,7875,100,149
denovo_pdb,9mxx_A,long,L/2,0.22972972972972974,7875,100,74
denovo_pdb,9mxx_A,long,L/5,0.27586206896551724,7875,100,29
denovo_pdb,9mxx_A,long,R,0.19,7875,100,100
denovo_pdb,9mxx_A,long,AUC,0.7944430868167203,7875,100,7875
denovo_pdb,9n0j_A,all,L,0.6190476190476191,7260,104,126
denovo_pdb,9n0j_A,all,L/2,0.873015873015873,7260,104,63
denovo_pdb,9n0j_A,all,L/5,1.0,7260,104,25
denovo_pdb,9n0j_A,all,R,0.7211538461538461,7260,104,104
denovo_pdb,9n0j_A,all,AUC,0.9861829234209055,7260,104,7260
denovo_pdb,9n0j_A,short,L,0.023809523809523808,705,3,126
denovo_pdb,9n0j_A,short,L/2,0.047619047619047616,705,3,63
denovo_pdb,9n0j_A,short,L/5,0.12,705,3,25
denovo_pdb,9n0j_A,short,R,1.0,705,3,3
denovo_pdb,9n0j_A,short,AUC,1.0,705,3,705
denovo_pdb,9n0j_A,medium,L,0.11904761904761904,1302,15,126
denovo_pdb,9n0j_A,medium,L/2,0.23809523809523808,1302,15,63
denovo_pdb,9n0j_A,medium,L/5,0.56,1302,15,25
denovo_pdb,9n0j_A,medium,R,0.7333333333333333,1302,15,15
denovo_pdb,9n0j_A,medium,AUC,0.9984459984459984,1302,15,1302
denovo_pdb,9n0j_A,long,L,0.5317460317460317,5253,86,126
denovo_pdb,9n0j_A,long,L/2,0.8412698412698413,5253,86,63
denovo_pdb,9n0j_A,long,L/5,0.96,5253,86,25
denovo_pdb,9n0j_A,long,R,0.6976744186046512,5253,86,86
denovo_pdb,9n0j_A,long,AUC,0.9832141362222692,5253,86,5253
denovo_pdb,9qdp_A,all,L,0.1553398058252427,20100,140,206
denovo_pdb,9qdp_A,all,L/2,0.2524271844660194,20100,140,103
denovo_pdb,9qdp_A,all,L/5,0.4146341463414634,20100,140,41
denovo_pdb,9qdp_A,all,R,0.2,20100,140,140
denovo_pdb,9qdp_A,all,AUC,0.8314838605782995,20100,140,20100
denovo_pdb,9qdp_A,short,L,0.07281553398058252,1185,15,206
denovo_pdb,9qdp_A,short,L/2,0.11650485436893204,1185,15,103
denovo_pdb,9qdp_A,short,L/5,0.1951219512195122,1185,15,41
denovo_pdb,9qdp_A,short,R,0.4,1185,15,15
denovo_pdb,9qdp_A,short,AUC,0.9537606837606838,1185,15,1185
denovo_pdb,9qdp_A,medium,L,0.07281553398058252,2262,15,206
denovo_pdb,9qdp_A,medium,L/2,0.13592233009708737,2262,15,103
denovo_pdb,9qdp_A,medium,L/5,0.21951219512195122,2262,15,41
denovo_pdb,9qdp_A,medium,R,0.5333333333333333,2262,15,15
denovo_pdb,9qdp_A,medium,AUC,0.9851357365376058,2262,15,2262
denovo_pdb,9qdp_A,long,L,0.07281553398058252,16653,110,206
denovo_pdb,9qdp_A,long,L/2,0.11650485436893204,16653,110,103
denovo_pdb,9qdp_A,long,L/5,0.24390243902439024,16653,110,41
denovo_pdb,9qdp_A,long,R,0.10909090909090909,16653,110,110
denovo_pdb,9qdp_A,long,AUC,0.7935440972012331,16653,110,16653
denovo_pdb,9qrf_A,all,L,0.18316831683168316,19306,215,202
denovo_pdb,9qrf_A,all,L/2,0.33663366336633666,19306,215,101
denovo_pdb,9qrf_A,all,L/5,0.5,19306,215,40
denovo_pdb,9qrf_A,all,R,0.17674418604651163,19306,215,215
denovo_pdb,9qrf_A,all,AUC,0.819176940796406,19306,215,19306
denovo_pdb,9qrf_A,short,L,0.15346534653465346,1161,36,202
denovo_pdb,9qrf_A,short,L/2,0.22772277227722773,1161,36,101
denovo_pdb,9qrf_A,short,L/5,0.425,1161,36,40
denovo_pdb,9qrf_A,short,R,0.4722222222222222,1161,36,36
denovo_pdb,9qrf_A,short,AUC,0.9149382716049383,1161,36,1161
denovo_pdb,9qrf_A,medium,L,0.10396039603960396,2214,48,202
denovo_pdb,9qrf_A,medium,L/2,0.12871287128712872,2214,48,101
denovo_pdb,9qrf_A,medium,L/5,0.275,2214,48,40
denovo_pdb,9qrf_A,medium,R,0.22916666666666666,2214,48,48
denovo_pdb,9qrf_A,medium,AUC,0.8298034010464759,2214,48,2214
denovo_pdb,9qrf_A,long,L,0.06435643564356436,15931,131,202
denovo_pdb,9qrf_A,long,L/2,0.07920792079207921,15931,131,101
denovo_pdb,9qrf_A,long,L/5,0.1,15931,131,40
denovo_pdb,9qrf_A,long,R,0.07633587786259542,15931,131,131
denovo_pdb,9qrf_A,long,AUC,0.774721470673495,15931,131,15931
denovo_pdb,9quc_A,all,L,0.2573099415204678,13695,164,171
denovo_pdb,9quc_A,all,L/2,0.3411764705882353,13695,164,85
denovo_pdb,9quc_A,all,L/5,0.4117647058823529,13695,164,34
denovo_pdb,9quc_A,all,R,0.2682926829268293,13695,164,164
denovo_pdb,9quc_A,all,AUC,0.8137362082733235,13695,164,13695
denovo_pdb,9quc_A,short,L,0.15204678362573099,975,26,171
denovo_pdb,9quc_A,short,L/2,0.2823529411764706,975,26,85
denovo_pdb,9quc_A,short,L/5,0.5294117647058824,975,26,34
denovo_pdb,9quc_A,short,R,0.6538461538461539,975,26,26
denovo_pdb,9quc_A,short,AUC,0.9836467536678284,975,26,975
denovo_pdb,9quc_A,medium,L,0.12280701754385964,1842,26,171
denovo_pdb,9quc_A,medium,L/2,0.21176470588235294,1842,26,85
denovo_pdb,9quc_A,medium,L/5,0.29411764705882354,1842,26,34
denovo_pdb,9quc_A,medium,R,0.38461538461538464,1842,26,26
denovo_pdb,9quc_A,medium,AUC,0.9491274144357845,1842,26,1842
denovo_pdb,9quc_A,long,L,0.1111111111111111,10878,112,171
denovo_pdb,9quc_A,long,L/2,0.15294117647058825,10878,112,85
denovo_pdb,9quc_A,long,L/5,0.058823529411764705,10878,112,34
denovo_pdb,9quc_A,long,R,0.14285714285714285,10878,112,112
denovo_pdb,9quc_A,long,AUC,0.7463078209177039,10878,112,10878
denovo_pdb,9qud_A,all,L,0.2411764705882353,13530,154,170
denovo_pdb,9qud_A,all,L/2,0.3058823529411765,13530,154,85
denovo_pdb,9qud_A,all,L/5,0.35294117647058826,13530,154,34
denovo_pdb,9qud_A,all,R,0.2532467532467532,13530,154,154
denovo_pdb,9qud_A,all,AUC,0.8491060748462065,13530,154,13530
denovo_pdb,9qud_A,short,L,0.15294117647058825,969,26,170
denovo_pdb,9qud_A,short,L/2,0.29411764705882354,969,26,85
denovo_pdb,9qud_A,short,L/5,0.5882352941176471,969,26,34
denovo_pdb,9qud_A,short,R,0.6538461538461539,969,26,26
denovo_pdb,9qud_A,short,AUC,0.9870707235500448,969,26,969
denovo_pdb,9qud_A,medium,L,0.11176470588235295,1830,25,170
denovo_pdb,9qud_A,medium,L/2,0.17647058823529413,1830,25,85
denovo_pdb,9qud_A,medium,L/5,0.2647058823529412,1830,25,34
denovo_pdb,9qud_A,medium,R,0.32,1830,25,25
denovo_pdb,9qud_A,medium,AUC,0.9530747922437672,1830,25,1830
denovo_pdb,9qud_A,long,L,0.09411764705882353,10731,103,170
denovo_pdb,9qud_A,long,L/2,0.12941176470588237,10731,103,85
denovo_pdb,9qud_A,long,L/5,0.08823529411764706,10731,103,34
denovo_pdb,9qud_A,long,R,0.11650485436893204,10731,103,103
denovo_pdb,9qud_A,long,AUC,0.7929749589835972,10731,103,10731
denovo_pdb,9qui_A,all,L,0.25882352941176473,13530,153,170
denovo_pdb,9qui_A,all,L/2,0.3058823529411765,13530,153,85
denovo_pdb,9qui_A,all,L/5,0.35294117647058826,13530,153,34
denovo_pdb,9qui_A,all,R,0.26143790849673204,13530,153,153
denovo_pdb,9qui_A,all,AUC,0.8239092950977703,13530,153,13530
denovo_pdb,9qui_A,short,L,0.1411764705882353,969,24,170
denovo_pdb,9qui_A,short,L/2,0.2823529411764706,969,24,85
denovo_pdb,9qui_A,short,L/5,0.5,969,24,34
denovo_pdb,9qui_A,short,R,0.6666666666666666,969,24,24
denovo_pdb,9qui_A,short,AUC,0.9869488536155202,969,24,969
denovo_pdb,9qui_A,medium,L,0.11764705882352941,1830,25,170
denovo_pdb,9qui_A,medium,L/2,0.17647058823529413,1830,25,85
denovo_pdb,9qui_A,medium,L/5,0.35294117647058826,1830,25,34
denovo_pdb,9qui_A,medium,R,0.4,1830,25,25
denovo_pdb,9qui_A,medium,AUC,0.8880443213296398,1830,25,1830
denovo_pdb,9qui_A,long,L,0.09411764705882353,10731,104,170
denovo_pdb,9qui_A,long,L/2,0.11764705882352941,10731,104,85
denovo_pdb,9qui_A,long,L/5,0.058823529411764705,10731,104,34
denovo_pdb,9qui_A,long,R,0.14423076923076922,10731,104,104
denovo_pdb,9qui_A,long,AUC,0.7755313931857171,10731,104,10731
denovo_pdb,9qul_A,all,L,0.28402366863905326,13366,159,169
denovo_pdb,9qul_A,all,L/2,0.34523809523809523,13366,159,84
denovo_pdb,9qul_A,all,L/5,0.3939393939393939,13366,159,33
denovo_pdb,9qul_A,all,R,0.27044025157232704,13366,159,159
denovo_pdb,9qul_A,all,AUC,0.8623054859891814,13366,159,13366
denovo_pdb,9qul_A,short,L,0.14792899408284024,963,25,169
denovo_pdb,9qul_A,short,L/2,0.2857142857142857,963,25,84
denovo_pdb,9qul_A,short,L/5,0.6060606060606061,963,25,33
denovo_pdb,9qul_A,short,R,0.68,963,25,25
denovo_pdb,9qul_A,short,AUC,0.9890831556503198,963,25,963
denovo_pdb,9qul_A,medium,L,0.1301775147928994,1818,26,169
denovo_pdb,9qul_A,medium,L/2,0.2261904761904762,1818,26,84
denovo_pdb,9qul_A,medium,L/5,0.3333333333333333,1818,26,33
denovo_pdb,9qul_A,medium,R,0.4230769230769231,1818,26,26
denovo_pdb,9qul_A,medium,AUC,0.9572244162087913,1818,26,1818
denovo_pdb,9qul_A,long,L,0.11834319526627218,10585,108,169
denovo_pdb,9qul_A,long,L/2,0.14285714285714285,10585,108,84
denovo_pdb,9qul_A,long,L/5,0.09090909090909091,10585,108,33
denovo_pdb,9qul_A,long,R,0.14814814814814814,10585,108,108
denovo_pdb,9qul_A,long,AUC,0.8145775225449751,10585,108,10585
denovo_pdb,9quo_A,all,L,0.2647058823529412,13530,162,170
denovo_pdb,9quo_A,all,L/2,0.29411764705882354,13530,162,85
denovo_pdb,9quo_A,all,L/5,0.3235294117647059,13530,162,34
denovo_pdb,9quo_A,all,R,0.2654320987654321,13530,162,162
denovo_pdb,9quo_A,all,AUC,0.8312821848379399,13530,162,13530
denovo_pdb,9quo_A,short,L,0.1411764705882353,969,24,170
denovo_pdb,9quo_A,short,L/2,0.2823529411764706,969,24,85
denovo_pdb,9quo_A,short,L/5,0.5588235294117647,969,24,34
denovo_pdb,9quo_A,short,R,0.625,969,24,24
denovo_pdb,9quo_A,short,AUC,0.9915123456790125,969,24,969
denovo_pdb,9quo_A,medium,L,0.11764705882352941,1830,25,170
denovo_pdb,9quo_A,medium,L/2,0.16470588235294117,1830,25,85
denovo_pdb,9quo_A,medium,L/5,0.2647058823529412,1830,25,34
denovo_pdb,9quo_A,medium,R,0.32,1830,25,25
denovo_pdb,9quo_A,medium,AUC,0.9420831024930748,1830,25,1830
denovo_pdb,9quo_A,long,L,0.1,10731,113,170
denovo_pdb,9quo_A,long,L/2,0.15294117647058825,10731,113,85
denovo_pdb,9quo_A,long,L/5,0.08823529411764706,10731,113,34
denovo_pdb,9quo_A,long,R,0.1415929203539823,10731,113,113
denovo_pdb,9quo_A,long,AUC,0.7776892470125034,10731,113,10731
denovo_pdb,9r00_A,all,L,0.4108527131782946,7626,163,129
denovo_pdb,9r00_A,all,L/2,0.484375,7626,163,64
denovo_pdb,9r00_A,all,L/5,0.6,7626,163,25
denovo_pdb,9r00_A,all,R,0.37423312883435583,7626,163,163
denovo_pdb,9r00_A,all,AUC,0.8706276115544251,7626,163,7626
denovo_pdb,9r00_A,short,L,0.20155038759689922,723,28,129
denovo_pdb,9r00_A,short,L/2,0.34375,723,28,64
denovo_pdb,9r00_A,short,L/5,0.36,723,28,25
denovo_pdb,9r00_A,short,R,0.35714285714285715,723,28,28
denovo_pdb,9r00_A,short,AUC,0.9539311408016444,723,28,723
denovo_pdb,9r00_A,medium,L,0.3488372093023256,1338,59,129
denovo_pdb,9r00_A,medium,L/2,0.484375,1338,59,64
denovo_pdb,9r00_A,medium,L/5,0.6,1338,59,25
denovo_pdb,9r00_A,medium,R,0.5084745762711864,1338,59,59
denovo_pdb,9r00_A,medium,AUC,0.9351055512118842,1338,59,1338
denovo_pdb,9r00_A,long,L,0.10852713178294573,5565,76,129
denovo_pdb,9r00_A,long,L/2,0.109375,5565,76,64
denovo_pdb,9r00_A,long,L/5,0.2,5565,76,25
denovo_pdb,9r00_A,long,R,0.11842105263157894,5565,76,76
denovo_pdb,9r00_A,long,AUC,0.7818603714606246,5565,76,5565
denovo_pdb,9r0z_A,all,L,0.47,4465,98,100
denovo_pdb,9r0z_A,all,L/2,0.66,4465,98,50
denovo_pdb,9r0z_A,all,L/5,0.85,4465,98,20
denovo_pdb,9r0z_A,all,R,0.46938775510204084,4465,98,98
denovo_pdb,9r0z_A,all,AUC,0.9455459078524928,4465,98,4465
denovo_pdb,9r0z_A,short,L,0.23,549,23,100
denovo_pdb,9r0z_A,short,L/2,0.42,549,23,50
denovo_pdb,9r0z_A,short,L/5,0.75,549,23,20
denovo_pdb,9r0z_A,short,R,0.6521739130434783,549,23,23
denovo_pdb,9r0z_A,short,AUC,0.9810712514465201,549,23,549
denovo_pdb,9r0z_A,medium,L,0.31,990,37,100
denovo_pdb,9r0z_A,medium,L/2,0.46,990,37,50
denovo_pdb,9r0z_A,medium,L/5,0.7,990,37,20
denovo_pdb,9r0z_A,medium,R,0.5135135135135135,990,37,37
denovo_pdb,9r0z_A,medium,AUC,0.960934176569014,990,37,990
denovo_pdb,9r0z_A,long,L,0.18,2926,38,100
denovo_pdb,9r0z_A,long,L/2,0.2,2926,38,50
denovo_pdb,9r0z_A,long,L/5,0.25,2926,38,20
denovo_pdb,9r0z_A,long,R,0.21052631578947367,2926,38,38
denovo_pdb,9r0z_A,long,AUC,0.9073662341449189,2926,38,2926
denovo_pdb,9r17_A,all,L,0.3904761904761905,4950,86,105
denovo_pdb,9r17_A,all,L/2,0.5384615384615384,4950,86,52
denovo_pdb,9r17_A,all,L/5,0.8095238095238095,4950,86,21
denovo_pdb,9r17_A,all,R,0.45348837209302323,4950,86,86
denovo_pdb,9r17_A,all,AUC,0.9428382229192167,4950,86,4950
denovo_pdb,9r17_A,short,L,0.2,579,22,105
denovo_pdb,9r17_A,short,L/2,0.38461538461538464,579,22,52
denovo_pdb,9r17_A,short,L/5,0.7142857142857143,579,22,21
denovo_pdb,9r17_A,short,R,0.6818181818181818,579,22,22
denovo_pdb,9r17_A,short,AUC,0.9801697404929004,579,22,579
denovo_pdb,9r17_A,medium,L,0.23809523809523808,1050,30,105
denovo_pdb,9r17_A,medium,L/2,0.36538461538461536,1050,30,52
denovo_pdb,9r17_A,medium,L/5,0.5238095238095238,1050,30,21
denovo_pdb,9r17_A,medium,R,0.5,1050,30,30
denovo_pdb,9r17_A,medium,AUC,0.9566339869281046,1050,30,1050
denovo_pdb,9r17_A,long,L,0.13333333333333333,3321,34,105
denovo_pdb,9r17_A,long,L/2,0.11538461538461539,3321,34,52
denovo_pdb,9r17_A,long,L/5,0.19047619047619047,3321,34,21
denovo_pdb,9r17_A,long,R,0.17647058823529413,3321,34,34
denovo_pdb,9r17_A,long,AUC,0.9033313051414663,3321,34,3321
denovo_pdb,9r1j_A,all,L,0.4015151515151515,8001,115,132
denovo_pdb,9r1j_A,all,L/2,0.5151515151515151,8001,115,66
denovo_pdb,9r1j_A,all,L/5,0.6538461538461539,8001,115,26
denovo_pdb,9r1j_A,all,R,0.43478260869565216,8001,115,115
denovo_pdb,9r1j_A,all,AUC,0.984590744191688,8001,115,8001
denovo_pdb,9r1j_A,short,L,0.06818181818181818,741,9,132
denovo_pdb,9r1j_A,short,L/2,0.13636363636363635,741,9,66
denovo_pdb,9r1j_A,short,L/5,0.2692307692307692,741,9,26
denovo_pdb,9r1j_A,short,R,0.3333333333333333,741,9,9
denovo_pdb,9r1j_A,short,AUC,0.98224043715847,741,9,741
denovo_pdb,9r1j_A,medium,L,0.16666666666666666,1374,22,132
denovo_pdb,9r1j_A,medium,L/2,0.3181818181818182,1374,22,66
denovo_pdb,9r1j_A,medium,L/5,0.46153846153846156,1374,22,26
denovo_pdb,9r1j_A,medium,R,0.5,1374,22,22
denovo_pdb,9r1j_A,medium,AUC,0.988922135556751,1374,22,1374
denovo_pdb,9r1j_A,long,L,0.3712121212121212,5886,84,132
denovo_pdb,9r1j_A,long,L/2,0.4393939393939394,5886,84,66
denovo_pdb,9r1j_A,long,L/5,0.6538461538461539,5886,84,26
denovo_pdb,9r1j_A,long,R,0.42857142857142855,5886,84,84
denovo_pdb,9r1j_A,long,AUC,0.9836242839086686,5886,84,5886
denovo_pdb,9r1k_A,all,L,0.3492063492063492,7260,104,126
denovo_pdb,9r1k_A,all,L/2,0.4444444444444444,7260,104,63
denovo_pdb,9r1k_A,all,L/5,0.6,7260,104,25
denovo_pdb,9r1k_A,all,R,0.40384615384615385,7260,104,104
denovo_pdb,9r1k_A,all,AUC,0.9728717429161113,7260,104,7260
denovo_pdb,9r1k_A,short,L,0.0873015873015873,705,11,126
denovo_pdb,9r1k_A,short,L/2,0.15873015873015872,705,11,63
denovo_pdb,9r1k_A,short,L/5,0.2,705,11,25
denovo_pdb,9r1k_A,short,R,0.2727272727272727,705,11,11
denovo_pdb,9r1k_A,short,AUC,0.9700026198585276,705,11,705
denovo_pdb,9r1k_A,medium,L,0.15079365079365079,1302,19,126
denovo_pdb,9r1k_A,medium,L/2,0.20634920634920634,1302,19,63
denovo_pdb,9r1k_A,medium,L/5,0.32,1302,19,25
denovo_pdb,9r1k_A,medium,R,0.3684210526315789,1302,19,19
denovo_pdb,9r1k_A,medium,AUC,0.9779095048611396,1302,19,1302
denovo_pdb,9r1k_A,long,L,0.35714285714285715,5253,74,126
denovo_pdb,9r1k_A,long,L/2,0.4603174603174603,5253,74,63
denovo_pdb,9r1k_A,long,L/5,0.52,5253,74,25
denovo_pdb,9r1k_A,long,R,0.4189189189189189,5253,74,74
denovo_pdb,9r1k_A,long,AUC,0.9720414564013715,5253,74,5253
denovo_pdb,9r1l_A,all,L,0.40601503759398494,8128,108,133
denovo_pdb,9r1l_A,all,L/2,0.48484848484848486,8128,108,66
denovo_pdb,9r1l_A,all,L/5,0.6538461538461539,8128,108,26
denovo_pdb,9r1l_A,all,R,0.4351851851851852,8128,108,108
denovo_pdb,9r1l_A,all,AUC,0.9714290662233305,8128,108,8128
denovo_pdb,9r1l_A,short,L,0.07518796992481203,747,10,133
denovo_pdb,9r1l_A,short,L/2,0.15151515151515152,747,10,66
denovo_pdb,9r1l_A,short,L/5,0.3076923076923077,747,10,26
denovo_pdb,9r1l_A,short,R,0.4,747,10,10
denovo_pdb,9r1l_A,short,AUC,0.9841926729986431,747,10,747
denovo_pdb,9r1l_A,medium,L,0.15037593984962405,1386,20,133
denovo_pdb,9r1l_A,medium,L/2,0.2878787878787879,1386,20,66
denovo_pdb,9r1l_A,medium,L/5,0.38461538461538464,1386,20,26
denovo_pdb,9r1l_A,medium,R,0.5,1386,20,20
denovo_pdb,9r1l_A,medium,AUC,0.9889824304538799,1386,20,1386
denovo_pdb,9r1l_A,long,L,0.3233082706766917,5995,78,133
denovo_pdb,9r1l_A,long,L/2,0.4090909090909091,5995,78,66
denovo_pdb,9r1l_A,long,L/5,0.6153846153846154,5995,78,26
denovo_pdb,9r1l_A,long,R,0.41025641025641024,5995,78,78
denovo_pdb,9r1l_A,long,AUC,0.9650572232116935,5995,78,5995
denovo_pdb,9r1m_A,all,L,0.4186046511627907,7626,108,129
denovo_pdb,9r1m_A,all,L/2,0.515625,7626,108,64
denovo_pdb,9r1m_A,all,L/5,0.68,7626,108,25
denovo_pdb,9r1m_A,all,R,0.4351851851851852,7626,108,108
denovo_pdb,9r1m_A,all,AUC,0.9805971840422492,7626,108,7626
denovo_pdb,9r1m_A,short,L,0.07751937984496124,723,10,129
denovo_pdb,9r1m_A,short,L/2,0.15625,723,10,64
denovo_pdb,9r1m_A,short,L/5,0.4,723,10,25
denovo_pdb,9r1m_A,short,R,0.5,723,10,10
denovo_pdb,9r1m_A,short,AUC,0.991304347826087,723,10,723
denovo_pdb,9r1m_A,medium,L,0.16279069767441862,1338,21,129
denovo_pdb,9r1m_A,medium,L/2,0.328125,1338,21,64
denovo_pdb,9r1m_A,medium,L/5,0.48,1338,21,25
denovo_pdb,9r1m_A,medium,R,0.5238095238095238,1338,21,21
denovo_pdb,9r1m_A,medium,AUC,0.9909064612937049,1338,21,1338
denovo_pdb,9r1m_A,long,L,0.32558139534883723,5565,77,129
denovo_pdb,9r1m_A,long,L/2,0.453125,5565,77,64
denovo_pdb,9r1m_A,long,L/5,0.52,5565,77,25
denovo_pdb,9r1m_A,long,R,0.38961038961038963,5565,77,77
denovo_pdb,9r1m_A,long,AUC,0.9765000851917761,5565,77,5565
denovo_pdb,9r1n_A,all,L,0.23484848484848486,8001,54,132
denovo_pdb,9r1n_A,all,L/2,0.3787878787878788,8001,54,66
denovo_pdb,9r1n_A,all,L/5,0.5384615384615384,8001,54,26
denovo_pdb,9r1n_A,all,R,0.42592592592592593,8001,54,54
denovo_pdb,9r1n_A,all,AUC,0.9859590621198775,8001,54,8001
denovo_pdb,9r1n_A,short,L,0.045454545454545456,741,6,132
denovo_pdb,9r1n_A,short,L/2,0.09090909090909091,741,6,66
denovo_pdb,9r1n_A,short,L/5,0.15384615384615385,741,6,26
denovo_pdb,9r1n_A,short,R,0.3333333333333333,741,6,6
denovo_pdb,9r1n_A,short,AUC,0.9784580498866213,741,6,741
denovo_pdb,9r1n_A,medium,L,0.09848484848484848,1374,13,132
denovo_pdb,9r1n_A,medium,L/2,0.19696969696969696,1374,13,66
denovo_pdb,9r1n_A,medium,L/5,0.2692307692307692,1374,13,26
denovo_pdb,9r1n_A,medium,R,0.46153846153846156,1374,13,13
denovo_pdb,9r1n_A,medium,AUC,0.9897982252868366,1374,13,1374
denovo_pdb,9r1n_A,long,L,0.1893939393939394,5886,35,132
denovo_pdb,9r1n_A,long,L/2,0.25757575757575757,5886,35,66
denovo_pdb,9r1n_A,long,L/5,0.5769230769230769,5886,35,26
denovo_pdb,9r1n_A,long,R,0.42857142857142855,5886,35,35
denovo_pdb,9r1n_A,long,AUC,0.9855604658544328,5886,35,5886
denovo_pdb,9r2k_A,all,L,0.3785310734463277,14706,222,177
denovo_pdb,9r2k_A,all,L/2,0.4431818181818182,14706,222,88
denovo_pdb,9r2k_A,all,L/5,0.6857142857142857,14706,222,35
denovo_pdb,9r2k_A,all,R,0.3333333333333333,14706,222,222
denovo_pdb,9r2k_A,all,AUC,0.8403491519688703,14706,222,14706
denovo_pdb,9r2k_A,short,L,0.192090395480226,1011,37,177
denovo_pdb,9r2k_A,short,L/2,0.3409090909090909,1011,37,88
denovo_pdb,9r2k_A,short,L/5,0.45714285714285713,1011,37,35
denovo_pdb,9r2k_A,short,R,0.43243243243243246,1011,37,37
denovo_pdb,9r2k_A,short,AUC,0.9415200621566124,1011,37,1011
denovo_pdb,9r2k_A,medium,L,0.21468926553672316,1914,43,177
denovo_pdb,9r2k_A,medium,L/2,0.36363636363636365,1914,43,88
denovo_pdb,9r2k_A,medium,L/5,0.5714285714285714,1914,43,35
denovo_pdb,9r2k_A,medium,R,0.5348837209302325,1914,43,43
denovo_pdb,9r2k_A,medium,AUC,0.9662100853914708,1914,43,1914
denovo_pdb,9r2k_A,long,L,0.15254237288135594,11781,142,177
denovo_pdb,9r2k_A,long,L/2,0.19318181818181818,11781,142,88
denovo_pdb,9r2k_A,long,L/5,0.2571428571428571,11781,142,35
denovo_pdb,9r2k_A,long,R,0.16901408450704225,11781,142,142
denovo_pdb,9r2k_A,long,AUC,0.7781989643851597,11781,142,11781
denovo_pdb,9r7f_A,all,L,0.1782178217821782,19306,137,202
denovo_pdb,9r7f_A,all,L/2,0.2376237623762376,19306,137,101
denovo_pdb,9r7f_A,all,L/5,0.35,19306,137,40
denovo_pdb,9r7f_A,all,R,0.1897810218978102,19306,137,137
denovo_pdb,9r7f_A,all,AUC,0.8491228424238801,19306,137,19306
denovo_pdb,9r7f_A,short,L,0.10396039603960396,1161,23,202
denovo_pdb,9r7f_A,short,L/2,0.18811881188118812,1161,23,101
denovo_pdb,9r7f_A,short,L/5,0.3,1161,23,40
denovo_pdb,9r7f_A,short,R,0.43478260869565216,1161,23,23
denovo_pdb,9r7f_A,short,AUC,0.9385840910827539,1161,23,1161
denovo_pdb,9r7f_A,medium,L,0.0891089108910891,2214,21,202
denovo_pdb,9r7f_A,medium,L/2,0.13861386138613863,2214,21,101
denovo_pdb,9r7f_A,medium,L/5,0.2,2214,21,40
denovo_pdb,9r7f_A,medium,R,0.19047619047619047,2214,21,21
denovo_pdb,9r7f_A,medium,AUC,0.9524135235489544,2214,21,2214
denovo_pdb,9r7f_A,long,L,0.07425742574257425,15931,93,202
denovo_pdb,9r7f_A,long,L/2,0.10891089108910891,15931,93,101
denovo_pdb,9r7f_A,long,L/5,0.1,15931,93,40
denovo_pdb,9r7f_A,long,R,0.11827956989247312,15931,93,93
denovo_pdb,9r7f_A,long,AUC,0.8017582593653212,15931,93,15931
denovo_pdb,9raa_A,all,L,0.25,20503,136,208
denovo_pdb,9raa_A,all,L/2,0.38461538461538464,20503,136,104
denovo_pdb,9raa_A,all,L/5,0.5853658536585366,20503,136,41
denovo_pdb,9raa_A,all,R,0.3161764705882353,20503,136,136
denovo_pdb,9raa_A,all,AUC,0.8947614581257455,20503,136,20503
denovo_pdb,9raa_A,short,L,0.1201923076923077,1197,25,208
denovo_pdb,9raa_A,short,L/2,0.22115384615384615,1197,25,104
denovo_pdb,9raa_A,short,L/5,0.5121951219512195,1197,25,41
denovo_pdb,9raa_A,short,R,0.68,1197,25,25
denovo_pdb,9raa_A,short,AUC,0.984283276450512,1197,25,1197
denovo_pdb,9raa_A,medium,L,0.125,2286,31,208
denovo_pdb,9raa_A,medium,L/2,0.21153846153846154,2286,31,104
denovo_pdb,9raa_A,medium,L/5,0.34146341463414637,2286,31,41
denovo_pdb,9raa_A,medium,R,0.41935483870967744,2286,31,31
denovo_pdb,9raa_A,medium,AUC,0.9608540161647952,2286,31,2286
denovo_pdb,9raa_A,long,L,0.15384615384615385,17020,80,208
denovo_pdb,9raa_A,long,L/2,0.20192307692307693,17020,80,104
denovo_pdb,9raa_A,long,L/5,0.1951219512195122,17020,80,41
denovo_pdb,9raa_A,long,R,0.2125,17020,80,80
denovo_pdb,9raa_A,long,AUC,0.8389710005903188,17020,80,17020
denovo_pdb,9raq_A,all,L,0.23076923076923078,20503,144,208
denovo_pdb,9raq_A,all,L/2,0.375,20503,144,104
denovo_pdb,9raq_A,all,L/5,0.5853658536585366,20503,144,41
denovo_pdb,9raq_A,all,R,0.2986111111111111,20503,144,144
denovo_pdb,9raq_A,all,AUC,0.8804258695308108,20503,144,20503
denovo_pdb,9raq_A,short,L,0.14423076923076922,1197,31,208
denovo_pdb,9raq_A,short,L/2,0.25961538461538464,1197,31,104
denovo_pdb,9raq_A,short,L/5,0.5365853658536586,1197,31,41
denovo_pdb,9raq_A,short,R,0.6451612903225806,1197,31,31
denovo_pdb,9raq_A,short,AUC,0.9746721628949261,1197,31,1197
denovo_pdb,9raq_A,medium,L,0.11538461538461539,2286,32,208
denovo_pdb,9raq_A,medium,L/2,0.19230769230769232,2286,32,104
denovo_pdb,9raq_A,medium,L/5,0.34146341463414637,2286,32,41
denovo_pdb,9raq_A,medium,R,0.375,2286,32,32
denovo_pdb,9raq_A,medium,AUC,0.9399747670807452,2286,32,2286
denovo_pdb,9raq_A,long,L,0.10096153846153846,17020,81,208
denovo_pdb,9raq_A,long,L/2,0.09615384615384616,17020,81,104
denovo_pdb,9raq_A,long,L/5,0.0975609756097561,17020,81,41
denovo_pdb,9raq_A,long,R,0.08641975308641975,17020,81,81
denovo_pdb,9raq_A,long,AUC,0.8132073766507126,17020,81,17020
denovo_pdb,9rar_A,all,L,0.22596153846153846,20503,144,208
denovo_pdb,9rar_A,all,L/2,0.3557692307692308,20503,144,104
denovo_pdb,9rar_A,all,L/5,0.5365853658536586,20503,144,41
denovo_pdb,9rar_A,all,R,0.2847222222222222,20503,144,144
denovo_pdb,9rar_A,all,AUC,0.8676982538435091,20503,144,20503
denovo_pdb,9rar_A,short,L,0.11538461538461539,1197,26,208
denovo_pdb,9rar_A,short,L/2,0.22115384615384615,1197,26,104
denovo_pdb,9rar_A,short,L/5,0.5121951219512195,1197,26,41
denovo_pdb,9rar_A,short,R,0.6538461538461539,1197,26,26
denovo_pdb,9rar_A,short,AUC,0.972492281416278,1197,26,1197
denovo_pdb,9rar_A,medium,L,0.1201923076923077,2286,31,208
denovo_pdb,9rar_A,medium,L/2,0.18269230769230768,2286,31,104
denovo_pdb,9rar_A,medium,L/5,0.2682926829268293,2286,31,41
denovo_pdb,9rar_A,medium,R,0.2903225806451613,2286,31,31
denovo_pdb,9rar_A,medium,AUC,0.9454402403261569,2286,31,2286
denovo_pdb,9rar_A,long,L,0.11538461538461539,17020,87,208
denovo_pdb,9rar_A,long,L/2,0.14423076923076922,17020,87,104
denovo_pdb,9rar_A,long,L/5,0.12195121951219512,17020,87,41
denovo_pdb,9rar_A,long,R,0.12643678160919541,17020,87,87
denovo_pdb,9rar_A,long,AUC,0.8058005486124828,17020,87,17020
denovo_pdb,9rb0_A,all,L,0.23076923076923078,20503,141,208
denovo_pdb,9rb0_A,all,L/2,0.3173076923076923,20503,141,104
denovo_pdb,9rb0_A,all,L/5,0.5121951219512195,20503,141,41
denovo_pdb,9rb0_A,all,R,0.2765957446808511,20503,141,141
denovo_pdb,9rb0_A,all,AUC,0.8688221906889555,20503,141,20503
denovo_pdb,9rb0_A,short,L,0.125,1197,27,208
denovo_pdb,9rb0_A,short,L/2,0.21153846153846154,1197,27,104
denovo_pdb,9rb0_A,short,L/5,0.5121951219512195,1197,27,41
denovo_pdb,9rb0_A,short,R,0.5555555555555556,1197,27,27
denovo_pdb,9rb0_A,short,AUC,0.9727761949984172,1197,27,1197
denovo_pdb,9rb0_A,medium,L,0.11057692307692307,2286,28,208
denovo_pdb,9rb0_A,medium,L/2,0.17307692307692307,2286,28,104
denovo_pdb,9rb0_A,medium,L/5,0.2682926829268293,2286,28,41
denovo_pdb,9rb0_A,medium,R,0.35714285714285715,2286,28,28
denovo_pdb,9rb0_A,medium,AUC,0.9579748196887258,2286,28,2286
denovo_pdb,9rb0_A,long,L,0.15384615384615385,17020,86,208
denovo_pdb,9rb0_A,long,L/2,0.21153846153846154,17020,86,104
denovo_pdb,9rb0_A,long,L/5,0.21951219512195122,17020,86,41
denovo_pdb,9rb0_A,long,R,0.23255813953488372,17020,86,86
denovo_pdb,9rb0_A,long,AUC,0.8049057077957927,17020,86,17020
denovo_pdb,9rbe_A,all,L,0.2403846153846154,20503,138,208
denovo_pdb,9rbe_A,all,L/2,0.3557692307692308,20503,138,104
denovo_pdb,9rbe_A,all,L/5,0.5121951219512195,20503,138,41
denovo_pdb,9rbe_A,all,R,0.2971014492753623,20503,138,138
denovo_pdb,9rbe_A,all,AUC,0.8933909058237883,20503,138,20503
denovo_pdb,9rbe_A,short,L,0.12980769230769232,1197,28,208
denovo_pdb,9rbe_A,short,L/2,0.2403846153846154,1197,28,104
denovo_pdb,9rbe_A,short,L/5,0.4634146341463415,1197,28,41
denovo_pdb,9rbe_A,short,R,0.5714285714285714,1197,28,28
denovo_pdb,9rbe_A,short,AUC,0.9706098008065502,1197,28,1197
denovo_pdb,9rbe_A,medium,L,0.11057692307692307,2286,30,208
denovo_pdb,9rbe_A,medium,L/2,0.17307692307692307,2286,30,104
denovo_pdb,9rbe_A,medium,L/5,0.3170731707317073,2286,30,41
denovo_pdb,9rbe_A,medium,R,0.36666666666666664,2286,30,30
denovo_pdb,9rbe_A,medium,AUC,0.9553486997635934,2286,30,2286
denovo_pdb,9rbe_A,long,L,0.1346153846153846,17020,80,208
denovo_pdb,9rbe_A,long,L/2,0.17307692307692307,17020,80,104
denovo_pdb,9rbe_A,long,L/5,0.2682926829268293,17020,80,41
denovo_pdb,9rbe_A,long,R,0.2125,17020,80,80
denovo_pdb,9rbe_A,long,AUC,0.8385529811097991,17020,80,17020
denovo_pdb,9szu_A,all,L,0.2795031055900621,50086,336,322
denovo_pdb,9szu_A,all,L/2,0.36645962732919257,50086,336,161
denovo_pdb,9szu_A,all,L/5,0.46875,50086,336,64
denovo_pdb,9szu_A,all,R,0.2767857142857143,50086,336,336
denovo_pdb,9szu_A,all,AUC,0.8433603732950467,50086,336,50086
denovo_pdb,9szu_A,short,L,0.16149068322981366,1881,52,322
denovo_pdb,9szu_A,short,L/2,0.3105590062111801,1881,52,161
denovo_pdb,9szu_A,short,L/5,0.4375,1881,52,64
denovo_pdb,9szu_A,short,R,0.4230769230769231,1881,52,52
denovo_pdb,9szu_A,short,AUC,0.9783877276359507,1881,52,1881
denovo_pdb,9szu_A,medium,L,0.11490683229813664,3654,53,322
denovo_pdb,9szu_A,medium,L/2,0.17391304347826086,3654,53,161
denovo_pdb,9szu_A,medium,L/5,0.28125,3654,53,64
denovo_pdb,9szu_A,medium,R,0.2830188679245283,3654,53,53
denovo_pdb,9szu_A,medium,AUC,0.9228358998810602,3654,53,3654
denovo_pdb,9szu_A,long,L,0.13043478260869565,44551,231,322
denovo_pdb,9szu_A,long,L/2,0.2236024844720497,44551,231,161
denovo_pdb,9szu_A,long,L/5,0.40625,44551,231,64
denovo_pdb,9szu_A,long,R,0.16883116883116883,44551,231,231
denovo_pdb,9szu_A,long,AUC,0.7929008529076219,44551,231,44551
denovo_pdb,9tas_A,all,L,0.5793650793650794,7260,95,126
denovo_pdb,9tas_A,all,L/2,0.7936507936507936,7260,95,63
denovo_pdb,9tas_A,all,L/5,0.96,7260,95,25
denovo_pdb,9tas_A,all,R,0.6842105263157895,7260,95,95
denovo_pdb,9tas_A,all,AUC,0.9882139053145775,7260,95,7260
denovo_pdb,9tas_A,short,L,0.05555555555555555,705,7,126
denovo_pdb,9tas_A,short,L/2,0.1111111111111111,705,7,63
denovo_pdb,9tas_A,short,L/5,0.28,705,7,25
denovo_pdb,9tas_A,short,R,0.7142857142857143,705,7,7
denovo_pdb,9tas_A,short,AUC,0.9992836676217765,705,7,705
denovo_pdb,9tas_A,medium,L,0.1746031746031746,1302,22,126
denovo_pdb,9tas_A,medium,L/2,0.3492063492063492,1302,22,63
denovo_pdb,9tas_A,medium,L/5,0.76,1302,22,25
denovo_pdb,9tas_A,medium,R,0.7727272727272727,1302,22,22
denovo_pdb,9tas_A,medium,AUC,0.9980823863636364,1302,22,1302
denovo_pdb,9tas_A,long,L,0.42857142857142855,5253,66,126
denovo_pdb,9tas_A,long,L/2,0.6825396825396826,5253,66,63
denovo_pdb,9tas_A,long,L/5,0.92,5253,66,25
denovo_pdb,9tas_A,long,R,0.6818181818181818,5253,66,66
denovo_pdb,9tas_A,long,AUC,0.9838348785717206,5253,66,5253
denovo_pdb,9tau_A,all,L,0.5,6555,79,120
denovo_pdb,9tau_A,all,L/2,0.75,6555,79,60
denovo_pdb,9tau_A,all,L/5,1.0,6555,79,24
denovo_pdb,9tau_A,all,R,0.6455696202531646,6555,79,79
denovo_pdb,9tau_A,all,AUC,0.9913165260631269,6555,79,6555
denovo_pdb,9tau_A,short,L,0.058333333333333334,669,7,120
denovo_pdb,9tau_A,short,L/2,0.11666666666666667,669,7,60
denovo_pdb,9tau_A,short,L/5,0.2916666666666667,669,7,24
denovo_pdb,9tau_A,short,R,0.8571428571428571,669,7,7
denovo_pdb,9tau_A,short,AUC,0.9981657315494173,669,7,669
denovo_pdb,9tau_A,medium,L,0.18333333333333332,1230,22,120
denovo_pdb,9tau_A,medium,L/2,0.35,1230,22,60
denovo_pdb,9tau_A,medium,L/5,0.6666666666666666,1230,22,24
denovo_pdb,9tau_A,medium,R,0.6818181818181818,1230,22,22
denovo_pdb,9tau_A,medium,AUC,0.9943934376881396,1230,22,1230
denovo_pdb,9tau_A,long,L,0.35,4656,50,120
denovo_pdb,9tau_A,long,L/2,0.55,4656,50,60
denovo_pdb,9tau_A,long,L/5,0.9583333333333334,4656,50,24
denovo_pdb,9tau_A,long,R,0.62,4656,50,50
denovo_pdb,9tau_A,long,AUC,0.9890577507598783,4656,50,4656
denovo_pdb,9ugr_A,all,L,0.08287292817679558,15400,150,181
denovo_pdb,9ugr_A,all,L/2,0.06666666666666667,15400,150,90
denovo_pdb,9ugr_A,all,L/5,0.027777777777777776,15400,150,36
denovo_pdb,9ugr_A,all,R,0.07333333333333333,15400,150,150
denovo_pdb,9ugr_A,all,AUC,0.8252242622950821,15400,150,15400
denovo_pdb,9ugr_A,short,L,0.016574585635359115,1035,6,181
denovo_pdb,9ugr_A,short,L/2,0.022222222222222223,1035,6,90
denovo_pdb,9ugr_A,short,L/5,0.027777777777777776,1035,6,36
denovo_pdb,9ugr_A,short,R,0.0,1035,6,6
denovo_pdb,9ugr_A,short,AUC,0.7035957240038873,1035,6,1035
denovo_pdb,9ugr_A,medium,L,0.049723756906077346,1962,20,181
denovo_pdb,9ugr_A,medium,L/2,0.022222222222222223,1962,20,90
denovo_pdb,9ugr_A,medium,L/5,0.027777777777777776,1962,20,36
denovo_pdb,9ugr_A,medium,R,0.05,1962,20,20
denovo_pdb,9ugr_A,medium,AUC,0.7478244078269825,1962,20,1962
denovo_pdb,9ugr_A,long,L,0.08839779005524862,12403,124,181
denovo_pdb,9ugr_A,long,L/2,0.1,12403,124,90
denovo_pdb,9ugr_A,long,L/5,0.08333333333333333,12403,124,36
denovo_pdb,9ugr_A,long,R,0.0967741935483871,12403,124,124
denovo_pdb,9ugr_A,long,AUC,0.8452242091795854,12403,124,12403
denovo_pdb,9v3a_A,all,L,0.26666666666666666,6555,85,120
denovo_pdb,9v3a_A,all,L/2,0.4666666666666667,6555,85,60
denovo_pdb,9v3a_A,all,L/5,0.75,6555,85,24
denovo_pdb,9v3a_A,all,R,0.35294117647058826,6555,85,85
denovo_pdb,9v3a_A,all,AUC,0.9094563142103826,6555,85,6555
denovo_pdb,9v3a_A,short,L,0.10833333333333334,669,13,120
denovo_pdb,9v3a_A,short,L/2,0.21666666666666667,669,13,60
denovo_pdb,9v3a_A,short,L/5,0.4583333333333333,669,13,24
denovo_pdb,9v3a_A,short,R,0.8461538461538461,669,13,13
denovo_pdb,9v3a_A,short,AUC,0.994312851782364,669,13,669
denovo_pdb,9v3a_A,medium,L,0.125,1230,16,120
denovo_pdb,9v3a_A,medium,L/2,0.21666666666666667,1230,16,60
denovo_pdb,9v3a_A,medium,L/5,0.4583333333333333,1230,16,24
denovo_pdb,9v3a_A,medium,R,0.625,1230,16,16
denovo_pdb,9v3a_A,medium,AUC,0.9827790362438221,1230,16,1230
denovo_pdb,9v3a_A,long,L,0.18333333333333332,4656,56,120
denovo_pdb,9v3a_A,long,L/2,0.25,4656,56,60
denovo_pdb,9v3a_A,long,L/5,0.2916666666666667,4656,56,24
denovo_pdb,9v3a_A,long,R,0.26785714285714285,4656,56,56
denovo_pdb,9v3a_A,long,AUC,0.8694778726708076,4656,56,4656
denovo_pdb,9v4l_A,all,L,0.4117647058823529,1953,58,68
denovo_pdb,9v4l_A,all,L/2,0.6470588235294118,1953,58,34
denovo_pdb,9v4l_A,all,L/5,0.8461538461538461,1953,58,13
denovo_pdb,9v4l_A,all,R,0.46551724137931033,1953,58,58
denovo_pdb,9v4l_A,all,AUC,0.879169320353016,1953,58,1953
denovo_pdb,9v4l_A,short,L,0.11764705882352941,357,8,68
denovo_pdb,9v4l_A,short,L/2,0.23529411764705882,357,8,34
denovo_pdb,9v4l_A,short,L/5,0.38461538461538464,357,8,13
denovo_pdb,9v4l_A,short,R,0.375,357,8,8
denovo_pdb,9v4l_A,short,AUC,0.9765401146131806,357,8,357
denovo_pdb,9v4l_A,medium,L,0.27941176470588236,606,25,68
denovo_pdb,9v4l_A,medium,L/2,0.5,606,25,34
denovo_pdb,9v4l_A,medium,L/5,0.9230769230769231,606,25,13
denovo_pdb,9v4l_A,medium,R,0.56,606,25,25
denovo_pdb,9v4l_A,medium,AUC,0.8946643717728056,606,25,606
denovo_pdb,9v4l_A,long,L,0.17647058823529413,990,25,68
denovo_pdb,9v4l_A,long,L/2,0.2647058823529412,990,25,34
denovo_pdb,9v4l_A,long,L/5,0.46153846153846156,990,25,13
denovo_pdb,9v4l_A,long,R,0.32,990,25,25
denovo_pdb,9v4l_A,long,AUC,0.8295129533678757,990,25,990
denovo_pdb,9vp8_A,all,L,0.14728682170542637,7626,119,129
denovo_pdb,9vp8_A,all,L/2,0.21875,7626,119,64
denovo_pdb,9vp8_A,all,L/5,0.4,7626,119,25
denovo_pdb,9vp8_A,all,R,0.15126050420168066,7626,119,119
denovo_pdb,9vp8_A,all,AUC,0.8512676683834584,7626,119,7626
denovo_pdb,9vp8_A,short,L,0.13953488372093023,723,19,129
denovo_pdb,9vp8_A,short,L/2,0.21875,723,19,64
denovo_pdb,9vp8_A,short,L/5,0.36,723,19,25
denovo_pdb,9vp8_A,short,R,0.47368421052631576,723,19,19
denovo_pdb,9vp8_A,short,AUC,0.9478543660287082,723,19,723
denovo_pdb,9vp8_A,medium,L,0.11627906976744186,1338,20,129
denovo_pdb,9vp8_A,medium,L/2,0.09375,1338,20,64
denovo_pdb,9vp8_A,medium,L/5,0.12,1338,20,25
denovo_pdb,9vp8_A,medium,R,0.15,1338,20,20
denovo_pdb,9vp8_A,medium,AUC,0.8713960546282246,1338,20,1338
denovo_pdb,9vp8_A,long,L,0.10077519379844961,5565,80,129
denovo_pdb,9vp8_A,long,L/2,0.046875,5565,80,64
denovo_pdb,9vp8_A,long,L/5,0.04,5565,80,25
denovo_pdb,9vp8_A,long,R,0.1125,5565,80,80
denovo_pdb,9vp8_A,long,AUC,0.8266283044667274,5565,80,5565
denovo_pdb,9vvn_A,all,L,0.25149700598802394,13041,122,167
denovo_pdb,9vvn_A,all,L/2,0.37349397590361444,13041,122,83
denovo_pdb,9vvn_A,all,L/5,0.6060606060606061,13041,122,33
denovo_pdb,9vvn_A,all,R,0.28688524590163933,13041,122,122
denovo_pdb,9vvn_A,all,AUC,0.8693536905231715,13041,122,13041
denovo_pdb,9vvn_A,short,L,0.1317365269461078,951,24,167
denovo_pdb,9vvn_A,short,L/2,0.21686746987951808,951,24,83
denovo_pdb,9vvn_A,short,L/5,0.45454545454545453,951,24,33
denovo_pdb,9vvn_A,short,R,0.5416666666666666,951,24,24
denovo_pdb,9vvn_A,short,AUC,0.9560859403092412,951,24,951
denovo_pdb,9vvn_A,medium,L,0.1377245508982036,1794,35,167
denovo_pdb,9vvn_A,medium,L/2,0.24096385542168675,1794,35,83
denovo_pdb,9vvn_A,medium,L/5,0.42424242424242425,1794,35,33
denovo_pdb,9vvn_A,medium,R,0.42857142857142855,1794,35,35
denovo_pdb,9vvn_A,medium,AUC,0.8984325509623974,1794,35,1794
denovo_pdb,9vvn_A,long,L,0.08383233532934131,10296,63,167
denovo_pdb,9vvn_A,long,L/2,0.13253012048192772,10296,63,83
denovo_pdb,9vvn_A,long,L/5,0.18181818181818182,10296,63,33
denovo_pdb,9vvn_A,long,R,0.14285714285714285,10296,63,63
denovo_pdb,9vvn_A,long,AUC,0.8109027903809493,10296,63,10296
denovo_pdb,9x1w_A,all,L,0.42045454545454547,3403,43,88
denovo_pdb,9x1w_A,all,L/2,0.6590909090909091,3403,43,44
denovo_pdb,9x1w_A,all,L/5,0.9411764705882353,3403,43,17
denovo_pdb,9x1w_A,all,R,0.6744186046511628,3403,43,43
denovo_pdb,9x1w_A,all,AUC,0.9858319490586932,3403,43,3403
denovo_pdb,9x1w_A,short,L,0.06818181818181818,477,6,88
denovo_pdb,9x1w_A,short,L/2,0.11363636363636363,477,6,44
denovo_pdb,9x1w_A,short,L/5,0.29411764705882354,477,6,17
denovo_pdb,9x1w_A,short,R,0.8333333333333334,477,6,6
denovo_pdb,9x1w_A,short,AUC,0.9803609341825903,477,6,477
denovo_pdb,9x1w_A,medium,L,0.045454545454545456,846,4,88
denovo_pdb,9x1w_A,medium,L/2,0.09090909090909091,846,4,44
denovo_pdb,9x1w_A,medium,L/5,0.23529411764705882,846,4,17
denovo_pdb,9x1w_A,medium,R,0.75,846,4,4
denovo_pdb,9x1w_A,medium,AUC,0.9995546318289786,846,4,846
denovo_pdb,9x1w_A,long,L,0.32954545454545453,2080,33,88
denovo_pdb,9x1w_A,long,L/2,0.5681818181818182,2080,33,44
denovo_pdb,9x1w_A,long,L/5,0.8823529411764706,2080,33,17
denovo_pdb,9x1w_A,long,R,0.6666666666666666,2080,33,33
denovo_pdb,9x1w_A,long,AUC,0.9848706902932599,2080,33,2080
denovo_pdb,9x1x_A,all,L,0.4111111111111111,3570,44,90
denovo_pdb,9x1x_A,all,L/2,0.6666666666666666,3570,44,45
denovo_pdb,9x1x_A,all,L/5,0.9444444444444444,3570,44,18
denovo_pdb,9x1x_A,all,R,0.6818181818181818,3570,44,44
denovo_pdb,9x1x_A,all,AUC,0.9635113185169906,3570,44,3570
denovo_pdb,9x1x_A,short,L,0.05555555555555555,489,5,90
denovo_pdb,9x1x_A,short,L/2,0.1111111111111111,489,5,45
denovo_pdb,9x1x_A,short,L/5,0.2777777777777778,489,5,18
denovo_pdb,9x1x_A,short,R,0.8,489,5,5
denovo_pdb,9x1x_A,short,AUC,0.9993801652892562,489,5,489
denovo_pdb,9x1x_A,medium,L,0.044444444444444446,870,4,90
denovo_pdb,9x1x_A,medium,L/2,0.08888888888888889,870,4,45
denovo_pdb,9x1x_A,medium,L/5,0.2222222222222222,870,4,18
denovo_pdb,9x1x_A,medium,R,0.75,870,4,4
denovo_pdb,9x1x_A,medium,AUC,0.9991339491916859,870,4,870
denovo_pdb,9x1x_A,long,L,0.3111111111111111,2211,35,90
denovo_pdb,9x1x_A,long,L/2,0.6,2211,35,45
denovo_pdb,9x1x_A,long,L/5,0.9444444444444444,2211,35,18
denovo_pdb,9x1x_A,long,R,0.7142857142857143,2211,35,35
denovo_pdb,9x1x_A,long,AUC,0.9538077731092436,2211,35,2211
denovo_pdb,9xzo_A,all,L,0.7083333333333334,6555,112,120
denovo_pdb,9xzo_A,all,L/2,0.9,6555,112,60
denovo_pdb,9xzo_A,all,L/5,0.9583333333333334,6555,112,24
denovo_pdb,9xzo_A,all,R,0.7410714285714286,6555,112,112
denovo_pdb,9xzo_A,all,AUC,0.9823202368018447,6555,112,6555
denovo_pdb,9xzo_A,short,L,0.15833333333333333,669,20,120
denovo_pdb,9xzo_A,short,L/2,0.31666666666666665,669,20,60
denovo_pdb,9xzo_A,short,L/5,0.75,669,20,24
denovo_pdb,9xzo_A,short,R,0.75,669,20,20
denovo_pdb,9xzo_A,short,AUC,0.9696070878274268,669,20,669
denovo_pdb,9xzo_A,medium,L,0.21666666666666667,1230,26,120
denovo_pdb,9xzo_A,medium,L/2,0.43333333333333335,1230,26,60
denovo_pdb,9xzo_A,medium,L/5,0.8333333333333334,1230,26,24
denovo_pdb,9xzo_A,medium,R,0.8461538461538461,1230,26,26
denovo_pdb,9xzo_A,medium,AUC,0.9964541272680807,1230,26,1230
denovo_pdb,9xzo_A,long,L,0.5083333333333333,4656,66,120
denovo_pdb,9xzo_A,long,L/2,0.75,4656,66,60
denovo_pdb,9xzo_A,long,L/5,0.9583333333333334,4656,66,24
denovo_pdb,9xzo_A,long,R,0.696969696969697,4656,66,66
denovo_pdb,9xzo_A,long,AUC,0.9805935168680268,4656,66,4656
denovo_pdb,3og3_A,all,L,0.4132231404958678,27966,231,242
denovo_pdb,3og3_A,all,L/2,0.5702479338842975,27966,231,121
denovo_pdb,3og3_A,all,L/5,0.7083333333333334,27966,231,48
denovo_pdb,3og3_A,all,R,0.4155844155844156,27966,231,231
denovo_pdb,3og3_A,all,AUC,0.960457702264084,27966,231,27966
denovo_pdb,3og3_A,short,L,0.14049586776859505,1401,37,242
denovo_pdb,3og3_A,short,L/2,0.256198347107438,1401,37,121
denovo_pdb,3og3_A,short,L/5,0.3541666666666667,1401,37,48
denovo_pdb,3og3_A,short,R,0.35135135135135137,1401,37,37
denovo_pdb,3og3_A,short,AUC,0.9508203217880636,1401,37,1401
denovo_pdb,3og3_A,medium,L,0.10743801652892562,2694,32,242
denovo_pdb,3og3_A,medium,L/2,0.19008264462809918,2694,32,121
denovo_pdb,3og3_A,medium,L/5,0.2708333333333333,2694,32,48
denovo_pdb,3og3_A,medium,R,0.34375,2694,32,32
denovo_pdb,3og3_A,medium,AUC,0.9491160311795643,2694,32,2694
denovo_pdb,3og3_A,long,L,0.3512396694214876,23871,162,242
denovo_pdb,3og3_A,long,L/2,0.5371900826446281,23871,162,121
denovo_pdb,3og3_A,long,L/5,0.75,23871,162,48
denovo_pdb,3og3_A,long,R,0.48148148148148145,23871,162,162
denovo_pdb,3og3_A,long,AUC,0.9591018465145027,23871,162,23871
denovo_pdb,4ess_A,all,L,0.2721518987341772,11628,124,158
denovo_pdb,4ess_A,all,L/2,0.379746835443038,11628,124,79
denovo_pdb,4ess_A,all,L/5,0.5161290322580645,11628,124,31
denovo_pdb,4ess_A,all,R,0.3064516129032258,11628,124,124
denovo_pdb,4ess_A,all,AUC,0.8432375555206605,11628,124,11628
denovo_pdb,4ess_A,short,L,0.05063291139240506,897,11,158
denovo_pdb,4ess_A,short,L/2,0.0759493670886076,897,11,79
denovo_pdb,4ess_A,short,L/5,0.0967741935483871,897,11,31
denovo_pdb,4ess_A,short,R,0.2727272727272727,897,11,11
denovo_pdb,4ess_A,short,AUC,0.8915965524317668,897,11,897
denovo_pdb,4ess_A,medium,L,0.04430379746835443,1686,17,158
denovo_pdb,4ess_A,medium,L/2,0.0759493670886076,1686,17,79
denovo_pdb,4ess_A,medium,L/5,0.12903225806451613,1686,17,31
denovo_pdb,4ess_A,medium,R,0.17647058823529413,1686,17,17
denovo_pdb,4ess_A,medium,AUC,0.8422620096570684,1686,17,1686
denovo_pdb,4ess_A,long,L,0.24050632911392406,9045,96,158
denovo_pdb,4ess_A,long,L/2,0.3924050632911392,9045,96,79
denovo_pdb,4ess_A,long,L/5,0.5483870967741935,9045,96,31
denovo_pdb,4ess_A,long,R,0.3645833333333333,9045,96,96
denovo_pdb,4ess_A,long,AUC,0.8358161526427534,9045,96,9045
denovo_pdb,4gvw_A,all,L,0.1875,17391,163,192
denovo_pdb,4gvw_A,all,L/2,0.20833333333333334,17391,163,96
denovo_pdb,4gvw_A,all,L/5,0.3157894736842105,17391,163,38
denovo_pdb,4gvw_A,all,R,0.17791411042944785,17391,163,163
denovo_pdb,4gvw_A,all,AUC,0.7952587526939311,17391,163,17391
denovo_pdb,4gvw_A,short,L,0.08854166666666667,1101,22,192
denovo_pdb,4gvw_A,short,L/2,0.14583333333333334,1101,22,96
denovo_pdb,4gvw_A,short,L/5,0.21052631578947367,1101,22,38
denovo_pdb,4gvw_A,short,R,0.3181818181818182,1101,22,22
denovo_pdb,4gvw_A,short,AUC,0.8715772179627602,1101,22,1101
denovo_pdb,4gvw_A,medium,L,0.07291666666666667,2094,24,192
denovo_pdb,4gvw_A,medium,L/2,0.10416666666666667,2094,24,96
denovo_pdb,4gvw_A,medium,L/5,0.13157894736842105,2094,24,38
denovo_pdb,4gvw_A,medium,R,0.16666666666666666,2094,24,24
denovo_pdb,4gvw_A,medium,AUC,0.8212661030595811,2094,24,2094
denovo_pdb,4gvw_A,long,L,0.16666666666666666,14196,117,192
denovo_pdb,4gvw_A,long,L/2,0.2604166666666667,14196,117,96
denovo_pdb,4gvw_A,long,L/5,0.2631578947368421,14196,117,38
denovo_pdb,4gvw_A,long,R,0.2222222222222222,14196,117,117
denovo_pdb,4gvw_A,long,AUC,0.771265684540775,14196,117,14196
denovo_pdb,4z08_A,all,L,0.43478260869565216,30628,244,253
denovo_pdb,4z08_A,all,L/2,0.6031746031746031,30628,244,126
denovo_pdb,4z08_A,all,L/5,0.76,30628,244,50
denovo_pdb,4z08_A,all,R,0.44672131147540983,30628,244,244
denovo_pdb,4z08_A,all,AUC,0.9584075203515223,30628,244,30628
denovo_pdb,4z08_A,short,L,0.14624505928853754,1467,39,253
denovo_pdb,4z08_A,short,L/2,0.24603174603174602,1467,39,126
denovo_pdb,4z08_A,short,L/5,0.46,1467,39,50
denovo_pdb,4z08_A,short,R,0.5384615384615384,1467,39,39
denovo_pdb,4z08_A,short,AUC,0.9618437118437119,1467,39,1467
denovo_pdb,4z08_A,medium,L,0.11462450592885376,2826,35,253
denovo_pdb,4z08_A,medium,L/2,0.19047619047619047,2826,35,126
denovo_pdb,4z08_A,medium,L/5,0.34,2826,35,50
denovo_pdb,4z08_A,medium,R,0.37142857142857144,2826,35,35
denovo_pdb,4z08_A,medium,AUC,0.9448072887341966,2826,35,2826
denovo_pdb,4z08_A,long,L,0.33201581027667987,26335,170,253
denovo_pdb,4z08_A,long,L/2,0.5238095238095238,26335,170,126
denovo_pdb,4z08_A,long,L/5,0.76,26335,170,50
denovo_pdb,4z08_A,long,R,0.43529411764705883,26335,170,170
denovo_pdb,4z08_A,long,AUC,0.9552464563123166,26335,170,26335
denovo_pdb,5d2t_A,all,L,0.41832669322709165,30135,244,251
denovo_pdb,5d2t_A,all,L/2,0.608,30135,244,125
denovo_pdb,5d2t_A,all,L/5,0.82,30135,244,50
denovo_pdb,5d2t_A,all,R,0.430327868852459,30135,244,244
denovo_pdb,5d2t_A,all,AUC,0.9593125514505983,30135,244,30135
denovo_pdb,5d2t_A,short,L,0.14342629482071714,1455,39,251
denovo_pdb,5d2t_A,short,L/2,0.248,1455,39,125
denovo_pdb,5d2t_A,short,L/5,0.36,1455,39,50
denovo_pdb,5d2t_A,short,R,0.41025641025641024,1455,39,39
denovo_pdb,5d2t_A,short,AUC,0.9445983630305664,1455,39,1455
denovo_pdb,5d2t_A,medium,L,0.11155378486055777,2802,37,251
denovo_pdb,5d2t_A,medium,L/2,0.208,2802,37,125
denovo_pdb,5d2t_A,medium,L/5,0.28,2802,37,50
denovo_pdb,5d2t_A,medium,R,0.32432432432432434,2802,37,37
denovo_pdb,5d2t_A,medium,AUC,0.9304677190753141,2802,37,2802
denovo_pdb,5d2t_A,long,L,0.3426294820717131,25878,168,251
denovo_pdb,5d2t_A,long,L/2,0.544,25878,168,125
denovo_pdb,5d2t_A,long,L/5,0.74,25878,168,50
denovo_pdb,5d2t_A,long,R,0.47023809523809523,25878,168,168
denovo_pdb,5d2t_A,long,AUC,0.9618414411661204,25878,168,25878
denovo_pdb,5d2v_A,all,L,0.4302788844621514,30135,236,251
denovo_pdb,5d2v_A,all,L/2,0.6,30135,236,125
denovo_pdb,5d2v_A,all,L/5,0.8,30135,236,50
denovo_pdb,5d2v_A,all,R,0.4449152542372881,30135,236,236
denovo_pdb,5d2v_A,all,AUC,0.9512898226288391,30135,236,30135
denovo_pdb,5d2v_A,short,L,0.1394422310756972,1455,37,251
denovo_pdb,5d2v_A,short,L/2,0.224,1455,37,125
denovo_pdb,5d2v_A,short,L/5,0.42,1455,37,50
denovo_pdb,5d2v_A,short,R,0.4594594594594595,1455,37,37
denovo_pdb,5d2v_A,short,AUC,0.9435158007090306,1455,37,1455
denovo_pdb,5d2v_A,medium,L,0.13147410358565736,2802,39,251
denovo_pdb,5d2v_A,medium,L/2,0.208,2802,39,125
denovo_pdb,5d2v_A,medium,L/5,0.3,2802,39,50
denovo_pdb,5d2v_A,medium,R,0.3076923076923077,2802,39,39
denovo_pdb,5d2v_A,medium,AUC,0.9409643921044573,2802,39,2802
denovo_pdb,5d2v_A,long,L,0.3386454183266932,25878,160,251
denovo_pdb,5d2v_A,long,L/2,0.52,25878,160,125
denovo_pdb,5d2v_A,long,L/5,0.86,25878,160,50
denovo_pdb,5d2v_A,long,R,0.4625,25878,160,160
denovo_pdb,5d2v_A,long,AUC,0.9499900361614434,25878,160,25878
denovo_pdb,5d2w_A,all,L,0.424,29890,246,250
denovo_pdb,5d2w_A,all,L/2,0.568,29890,246,125
denovo_pdb,5d2w_A,all,L/5,0.8,29890,246,50
denovo_pdb,5d2w_A,all,R,0.43089430894308944,29890,246,246
denovo_pdb,5d2w_A,all,AUC,0.9533772995097378,29890,246,29890
denovo_pdb,5d2w_A,short,L,0.14,1449,39,250
denovo_pdb,5d2w_A,short,L/2,0.264,1449,39,125
denovo_pdb,5d2w_A,short,L/5,0.44,1449,39,50
denovo_pdb,5d2w_A,short,R,0.46153846153846156,1449,39,39
denovo_pdb,5d2w_A,short,AUC,0.95881978541553,1449,39,1449
denovo_pdb,5d2w_A,medium,L,0.116,2790,39,250
denovo_pdb,5d2w_A,medium,L/2,0.192,2790,39,125
denovo_pdb,5d2w_A,medium,L/5,0.32,2790,39,50
denovo_pdb,5d2w_A,medium,R,0.358974358974359,2790,39,39
denovo_pdb,5d2w_A,medium,AUC,0.9372442654885402,2790,39,2790
denovo_pdb,5d2w_A,long,L,0.32,25651,168,250
denovo_pdb,5d2w_A,long,L/2,0.504,25651,168,125
denovo_pdb,5d2w_A,long,L/5,0.74,25651,168,50
denovo_pdb,5d2w_A,long,R,0.40476190476190477,25651,168,168
denovo_pdb,5d2w_A,long,AUC,0.9499020588889325,25651,168,25651
denovo_pdb,5d2x_A,all,L,0.376,29890,257,250
denovo_pdb,5d2x_A,all,L/2,0.536,29890,257,125
denovo_pdb,5d2x_A,all,L/5,0.76,29890,257,50
denovo_pdb,5d2x_A,all,R,0.3735408560311284,29890,257,257
denovo_pdb,5d2x_A,all,AUC,0.9451320899601756,29890,257,29890
denovo_pdb,5d2x_A,short,L,0.148,1449,41,250
denovo_pdb,5d2x_A,short,L/2,0.256,1449,41,125
denovo_pdb,5d2x_A,short,L/5,0.38,1449,41,50
denovo_pdb,5d2x_A,short,R,0.43902439024390244,1449,41,41
denovo_pdb,5d2x_A,short,AUC,0.9429306402439025,1449,41,1449
denovo_pdb,5d2x_A,medium,L,0.112,2790,40,250
denovo_pdb,5d2x_A,medium,L/2,0.176,2790,40,125
denovo_pdb,5d2x_A,medium,L/5,0.22,2790,40,50
denovo_pdb,5d2x_A,medium,R,0.25,2790,40,40
denovo_pdb,5d2x_A,medium,AUC,0.9005863636363637,2790,40,2790
denovo_pdb,5d2x_A,long,L,0.296,25651,176,250
denovo_pdb,5d2x_A,long,L/2,0.456,25651,176,125
denovo_pdb,5d2x_A,long,L/5,0.74,25651,176,50
denovo_pdb,5d2x_A,long,R,0.3693181818181818,25651,176,176
denovo_pdb,5d2x_A,long,AUC,0.9493558747435097,25651,176,25651
denovo_pdb,5d2y_A,all,L,0.404,29890,254,250
denovo_pdb,5d2y_A,all,L/2,0.576,29890,254,125
denovo_pdb,5d2y_A,all,L/5,0.84,29890,254,50
denovo_pdb,5d2y_A,all,R,0.39763779527559057,29890,254,254
denovo_pdb,5d2y_A,all,AUC,0.9415084787282546,29890,254,29890
denovo_pdb,5d2y_A,short,L,0.132,1449,38,250
denovo_pdb,5d2y_A,short,L/2,0.24,1449,38,125
denovo_pdb,5d2y_A,short,L/5,0.42,1449,38,50
denovo_pdb,5d2y_A,short,R,0.47368421052631576,1449,38,38
denovo_pdb,5d2y_A,short,AUC,0.9383416017009214,1449,38,1449
denovo_pdb,5d2y_A,medium,L,0.108,2790,38,250
denovo_pdb,5d2y_A,medium,L/2,0.184,2790,38,125
denovo_pdb,5d2y_A,medium,L/5,0.32,2790,38,50
denovo_pdb,5d2y_A,medium,R,0.2631578947368421,2790,38,38
denovo_pdb,5d2y_A,medium,AUC,0.9139095012239902,2790,38,2790
denovo_pdb,5d2y_A,long,L,0.316,25651,178,250
denovo_pdb,5d2y_A,long,L/2,0.48,25651,178,125
denovo_pdb,5d2y_A,long,L/5,0.74,25651,178,50
denovo_pdb,5d2y_A,long,R,0.38202247191011235,25651,178,178
denovo_pdb,5d2y_A,long,AUC,0.9409472775095199,25651,178,25651
denovo_pdb,5d30_A,all,L,0.42,29890,269,250
denovo_pdb,5d30_A,all,L/2,0.584,29890,269,125
denovo_pdb,5d30_A,all,L/5,0.8,29890,269,50
denovo_pdb,5d30_A,all,R,0.40148698884758366,29890,269,269
denovo_pdb,5d30_A,all,AUC,0.9404395605498912,29890,269,29890
denovo_pdb,5d30_A,short,L,0.156,1449,44,250
denovo_pdb,5d30_A,short,L/2,0.24,1449,44,125
denovo_pdb,5d30_A,short,L/5,0.46,1449,44,50
denovo_pdb,5d30_A,short,R,0.4772727272727273,1449,44,44
denovo_pdb,5d30_A,short,AUC,0.9431575541895827,1449,44,1449
denovo_pdb,5d30_A,medium,L,0.132,2790,44,250
denovo_pdb,5d30_A,medium,L/2,0.208,2790,44,125
denovo_pdb,5d30_A,medium,L/5,0.32,2790,44,50
denovo_pdb,5d30_A,medium,R,0.3181818181818182,2790,44,44
denovo_pdb,5d30_A,medium,AUC,0.9340859431900947,2790,44,2790
denovo_pdb,5d30_A,long,L,0.336,25651,181,250
denovo_pdb,5d30_A,long,L/2,0.48,25651,181,125
denovo_pdb,5d30_A,long,L/5,0.78,25651,181,50
denovo_pdb,5d30_A,long,R,0.39226519337016574,25651,181,181
denovo_pdb,5d30_A,long,AUC,0.9315086321899667,25651,181,25651
denovo_pdb,5od1_A,all,L,0.46808510638297873,3916,57,94
denovo_pdb,5od1_A,all,L/2,0.6808510638297872,3916,57,47
denovo_pdb,5od1_A,all,L/5,0.9444444444444444,3916,57,18
denovo_pdb,5od1_A,all,R,0.6140350877192983,3916,57,57
denovo_pdb,5od1_A,all,AUC,0.9772484463296099,3916,57,3916
denovo_pdb,5od1_A,short,L,0.0851063829787234,513,8,94
denovo_pdb,5od1_A,short,L/2,0.1702127659574468,513,8,47
denovo_pdb,5od1_A,short,L/5,0.3888888888888889,513,8,18
denovo_pdb,5od1_A,short,R,0.75,513,8,8
denovo_pdb,5od1_A,short,AUC,0.9952970297029703,513,8,513
denovo_pdb,5od1_A,medium,L,0.20212765957446807,918,19,94
denovo_pdb,5od1_A,medium,L/2,0.3829787234042553,918,19,47
denovo_pdb,5od1_A,medium,L/5,0.7222222222222222,918,19,18
denovo_pdb,5od1_A,medium,R,0.7368421052631579,918,19,19
denovo_pdb,5od1_A,medium,AUC,0.9933551899771677,918,19,918
denovo_pdb,5od1_A,long,L,0.24468085106382978,2485,30,94
denovo_pdb,5od1_A,long,L/2,0.40425531914893614,2485,30,47
denovo_pdb,5od1_A,long,L/5,0.7222222222222222,2485,30,18
denovo_pdb,5od1_A,long,R,0.5333333333333333,2485,30,30
denovo_pdb,5od1_A,long,AUC,0.9610251188051596,2485,30,2485
denovo_pdb,2af5_A,all,L,0.3972602739726027,41041,251,292
denovo_pdb,2af5_A,all,L/2,0.4657534246575342,41041,251,146
denovo_pdb,2af5_A,all,L/5,0.5,41041,251,58
denovo_pdb,2af5_A,all,R,0.41434262948207173,41041,251,251
denovo_pdb,2af5_A,all,AUC,0.9555829635612978,41041,251,41041
denovo_pdb,2af5_A,short,L,0.2705479452054795,1701,87,292
denovo_pdb,2af5_A,short,L/2,0.4178082191780822,1701,87,146
denovo_pdb,2af5_A,short,L/5,0.5344827586206896,1701,87,58
denovo_pdb,2af5_A,short,R,0.4942528735632184,1701,87,87
denovo_pdb,2af5_A,short,AUC,0.9462853765186798,1701,87,1701
denovo_pdb,2af5_A,medium,L,0.2671232876712329,3294,121,292
denovo_pdb,2af5_A,medium,L/2,0.3835616438356164,3294,121,146
denovo_pdb,2af5_A,medium,L/5,0.43103448275862066,3294,121,58
denovo_pdb,2af5_A,medium,R,0.4049586776859504,3294,121,121
denovo_pdb,2af5_A,medium,AUC,0.8986398668517683,3294,121,3294
denovo_pdb,2af5_A,long,L,0.0410958904109589,36046,43,292
denovo_pdb,2af5_A,long,L/2,0.06164383561643835,36046,43,146
denovo_pdb,2af5_A,long,L/5,0.08620689655172414,36046,43,58
denovo_pdb,2af5_A,long,R,0.09302325581395349,36046,43,43
denovo_pdb,2af5_A,long,AUC,0.8552623844653773,36046,43,36046
denovo_pdb,3qa9_A,all,L,0.4295774647887324,9316,144,142
denovo_pdb,3qa9_A,all,L/2,0.5492957746478874,9316,144,71
denovo_pdb,3qa9_A,all,L/5,0.6071428571428571,9316,144,28
denovo_pdb,3qa9_A,all,R,0.4236111111111111,9316,144,144
denovo_pdb,3qa9_A,all,AUC,0.9072195116780541,9316,144,9316
denovo_pdb,3qa9_A,short,L,0.09154929577464789,801,14,142
denovo_pdb,3qa9_A,short,L/2,0.15492957746478872,801,14,71
denovo_pdb,3qa9_A,short,L/5,0.21428571428571427,801,14,28
denovo_pdb,3qa9_A,short,R,0.35714285714285715,801,14,14
denovo_pdb,3qa9_A,short,AUC,0.9183154837538573,801,14,801
denovo_pdb,3qa9_A,medium,L,0.19014084507042253,1494,33,142
denovo_pdb,3qa9_A,medium,L/2,0.2676056338028169,1494,33,71
denovo_pdb,3qa9_A,medium,L/5,0.39285714285714285,1494,33,28
denovo_pdb,3qa9_A,medium,R,0.42424242424242425,1494,33,33
denovo_pdb,3qa9_A,medium,AUC,0.9309003795656774,1494,33,1494
denovo_pdb,3qa9_A,long,L,0.33098591549295775,7021,97,142
denovo_pdb,3qa9_A,long,L/2,0.5352112676056338,7021,97,71
denovo_pdb,3qa9_A,long,L/5,0.7142857142857143,7021,97,28
denovo_pdb,3qa9_A,long,R,0.4536082474226804,7021,97,97
denovo_pdb,3qa9_A,long,AUC,0.8986909420095647,7021,97,7021
denovo_pdb,4ndj_A,all,L,0.16785714285714284,37406,285,280
denovo_pdb,4ndj_A,all,L/2,0.2357142857142857,37406,285,140
denovo_pdb,4ndj_A,all,L/5,0.42857142857142855,37406,285,56
denovo_pdb,4ndj_A,all,R,0.1649122807017544,37406,285,285
denovo_pdb,4ndj_A,all,AUC,0.7691074281971192,37406,285,37406
denovo_pdb,4ndj_A,short,L,0.1392857142857143,1617,45,280
denovo_pdb,4ndj_A,short,L/2,0.20714285714285716,1617,45,140
denovo_pdb,4ndj_A,short,L/5,0.35714285714285715,1617,45,56
denovo_pdb,4ndj_A,short,R,0.4,1617,45,45
denovo_pdb,4ndj_A,short,AUC,0.9228159457167091,1617,45,1617
denovo_pdb,4ndj_A,medium,L,0.09642857142857143,3126,54,280
denovo_pdb,4ndj_A,medium,L/2,0.11428571428571428,3126,54,140
denovo_pdb,4ndj_A,medium,L/5,0.19642857142857142,3126,54,56
denovo_pdb,4ndj_A,medium,R,0.2037037037037037,3126,54,54
denovo_pdb,4ndj_A,medium,AUC,0.8743278597608024,3126,54,3126
denovo_pdb,4ndj_A,long,L,0.05,32663,186,280
denovo_pdb,4ndj_A,long,L/2,0.07142857142857142,32663,186,140
denovo_pdb,4ndj_A,long,L/5,0.07142857142857142,32663,186,56
denovo_pdb,4ndj_A,long,R,0.05913978494623656,32663,186,186
denovo_pdb,4ndj_A,long,AUC,0.6862432172842914,32663,186,32663
denovo_pdb,3v1a_A,all,L,0.4166666666666667,903,24,48
denovo_pdb,3v1a_A,all,L/2,0.7916666666666666,903,24,24
denovo_pdb,3v1a_A,all,L/5,1.0,903,24,9
denovo_pdb,3v1a_A,all,R,0.7916666666666666,903,24,24
denovo_pdb,3v1a_A,all,AUC,0.9705157375805841,903,24,903
denovo_pdb,3v1a_A,short,L,0.08333333333333333,237,4,48
denovo_pdb,3v1a_A,short,L/2,0.16666666666666666,237,4,24
denovo_pdb,3v1a_A,short,L/5,0.3333333333333333,237,4,9
denovo_pdb,3v1a_A,short,R,0.75,237,4,4
denovo_pdb,3v1a_A,short,AUC,0.9855150214592274,237,4,237
denovo_pdb,3v1a_A,medium,L,0.1875,366,9,48
denovo_pdb,3v1a_A,medium,L/2,0.375,366,9,24
denovo_pdb,3v1a_A,medium,L/5,0.8888888888888888,366,9,9
denovo_pdb,3v1a_A,medium,R,0.8888888888888888,366,9,9
denovo_pdb,3v1a_A,medium,AUC,0.9975101151571739,366,9,366
denovo_pdb,3v1a_A,long,L,0.20833333333333334,300,11,48
denovo_pdb,3v1a_A,long,L/2,0.4166666666666667,300,11,24
denovo_pdb,3v1a_A,long,L/5,0.8888888888888888,300,11,9
denovo_pdb,3v1a_A,long,R,0.8181818181818182,300,11,11
denovo_pdb,3v1a_A,long,AUC,0.9419628814092482,300,11,300
denovo_pdb,4pjr_A,all,L,0.6685714285714286,14365,126,175
denovo_pdb,4pjr_A,all,L/2,0.7931034482758621,14365,126,87
denovo_pdb,4pjr_A,all,L/5,1.0,14365,126,35
denovo_pdb,4pjr_A,all,R,0.7619047619047619,14365,126,126
denovo_pdb,4pjr_A,all,AUC,0.9983827672043136,14365,126,14365
denovo_pdb,4pjr_A,short,L,0.08571428571428572,999,15,175
denovo_pdb,4pjr_A,short,L/2,0.1724137931034483,999,15,87
denovo_pdb,4pjr_A,short,L/5,0.42857142857142855,999,15,35
denovo_pdb,4pjr_A,short,R,0.8,999,15,15
denovo_pdb,4pjr_A,short,AUC,0.9970528455284553,999,15,999
denovo_pdb,4pjr_A,medium,L,0.26857142857142857,1890,47,175
denovo_pdb,4pjr_A,medium,L/2,0.5402298850574713,1890,47,87
denovo_pdb,4pjr_A,medium,L/5,0.8857142857142857,1890,47,35
denovo_pdb,4pjr_A,medium,R,0.8936170212765957,1890,47,47
denovo_pdb,4pjr_A,medium,AUC,0.9986550605511366,1890,47,1890
denovo_pdb,4pjr_A,long,L,0.36,11476,64,175
denovo_pdb,4pjr_A,long,L/2,0.5977011494252874,11476,64,87
denovo_pdb,4pjr_A,long,L/5,0.7142857142857143,11476,64,35
denovo_pdb,4pjr_A,long,R,0.65625,11476,64,64
denovo_pdb,4pjr_A,long,AUC,0.9981488783736419,11476,64,11476
denovo_pdb,4pjs_A,all,L,0.5771428571428572,14365,107,175
denovo_pdb,4pjs_A,all,L/2,0.7126436781609196,14365,107,87
denovo_pdb,4pjs_A,all,L/5,0.8857142857142857,14365,107,35
denovo_pdb,4pjs_A,all,R,0.7102803738317757,14365,107,107
denovo_pdb,4pjs_A,all,AUC,0.9983196841124118,14365,107,14365
denovo_pdb,4pjs_A,short,L,0.08,999,14,175
denovo_pdb,4pjs_A,short,L/2,0.16091954022988506,999,14,87
denovo_pdb,4pjs_A,short,L/5,0.4,999,14,35
denovo_pdb,4pjs_A,short,R,0.7857142857142857,999,14,14
denovo_pdb,4pjs_A,short,AUC,0.9976069615663524,999,14,999
denovo_pdb,4pjs_A,medium,L,0.22285714285714286,1890,39,175
denovo_pdb,4pjs_A,medium,L/2,0.4482758620689655,1890,39,87
denovo_pdb,4pjs_A,medium,L/5,0.8285714285714286,1890,39,35
denovo_pdb,4pjs_A,medium,R,0.8205128205128205,1890,39,39
denovo_pdb,4pjs_A,medium,AUC,0.9979013423097701,1890,39,1890
denovo_pdb,4pjs_A,long,L,0.30857142857142855,11476,54,175
denovo_pdb,4pjs_A,long,L/2,0.5517241379310345,11476,54,87
denovo_pdb,4pjs_A,long,L/5,0.6285714285714286,11476,54,35
denovo_pdb,4pjs_A,long,R,0.5740740740740741,11476,54,54
denovo_pdb,4pjs_A,long,AUC,0.9981509043626011,11476,54,11476
casp_fm,T1027-D1,all,L,0.06547619047619048,13203,129,168
casp_fm,T1027-D1,all,L/2,0.10714285714285714,13203,129,84
casp_fm,T1027-D1,all,L/5,0.21212121212121213,13203,129,33
casp_fm,T1027-D1,all,R,0.08527131782945736,13203,129,129
casp_fm,T1027-D1,all,AUC,0.7238326141119187,13203,129,13203
casp_fm,T1027-D1,short,L,0.07142857142857142,957,22,168
casp_fm,T1027-D1,short,L/2,0.10714285714285714,957,22,84
casp_fm,T1027-D1,short,L/5,0.24242424242424243,957,22,33
casp_fm,T1027-D1,short,R,0.22727272727272727,957,22,22
casp_fm,T1027-D1,short,AUC,0.8094069032571707,957,22,957
casp_fm,T1027-D1,medium,L,0.02976190476190476,1806,11,168
casp_fm,T1027-D1,medium,L/2,0.047619047619047616,1806,11,84
casp_fm,T1027-D1,medium,L/5,0.06060606060606061,1806,11,33
casp_fm,T1027-D1,medium,R,0.09090909090909091,1806,11,11
casp_fm,T1027-D1,medium,AUC,0.8249683464168145,1806,11,1806
casp_fm,T1027-D1,long,L,0.011904761904761904,10440,96,168
casp_fm,T1027-D1,long,L/2,0.0,10440,96,84
casp_fm,T1027-D1,long,L/5,0.0,10440,96,33
casp_fm,T1027-D1,long,R,0.0,10440,96,96
casp_fm,T1027-D1,long,AUC,0.693900147428461,10440,96,10440
casp_fm,T1029-D1,all,L,0.224,7140,92,125
casp_fm,T1029-D1,all,L/2,0.3387096774193548,7140,92,62
casp_fm,T1029-D1,all,L/5,0.48,7140,92,25
casp_fm,T1029-D1,all,R,0.29347826086956524,7140,92,92
casp_fm,T1029-D1,all,AUC,0.8481568931056606,7140,92,7140
casp_fm,T1029-D1,short,L,0.144,699,19,125
casp_fm,T1029-D1,short,L/2,0.25806451612903225,699,19,62
casp_fm,T1029-D1,short,L/5,0.4,699,19,25
casp_fm,T1029-D1,short,R,0.47368421052631576,699,19,19
casp_fm,T1029-D1,short,AUC,0.9345975232198143,699,19,699
casp_fm,T1029-D1,medium,L,0.152,1290,32,125
casp_fm,T1029-D1,medium,L/2,0.20967741935483872,1290,32,62
casp_fm,T1029-D1,medium,L/5,0.32,1290,32,25
casp_fm,T1029-D1,medium,R,0.3125,1290,32,32
casp_fm,T1029-D1,medium,AUC,0.9071566971383148,1290,32,1290
casp_fm,T1029-D1,long,L,0.048,5151,41,125
casp_fm,T1029-D1,long,L/2,0.04838709677419355,5151,41,62
casp_fm,T1029-D1,long,L/5,0.08,5151,41,25
casp_fm,T1029-D1,long,R,0.07317073170731707,5151,41,41
casp_fm,T1029-D1,long,AUC,0.7495179227721828,5151,41,5151
casp_fm,T1031-D1,all,L,0.2,4005,87,95
casp_fm,T1031-D1,all,L/2,0.2978723404255319,4005,87,47
casp_fm,T1031-D1,all,L/5,0.3684210526315789,4005,87,19
casp_fm,T1031-D1,all,R,0.20689655172413793,4005,87,87
casp_fm,T1031-D1,all,AUC,0.7733361496893207,4005,87,4005
casp_fm,T1031-D1,short,L,0.17894736842105263,519,27,95
casp_fm,T1031-D1,short,L/2,0.2765957446808511,519,27,47
casp_fm,T1031-D1,short,L/5,0.47368421052631576,519,27,19
casp_fm,T1031-D1,short,R,0.37037037037037035,519,27,27
casp_fm,T1031-D1,short,AUC,0.8707091237579042,519,27,519
casp_fm,T1031-D1,medium,L,0.08421052631578947,930,14,95
casp_fm,T1031-D1,medium,L/2,0.10638297872340426,930,14,47
casp_fm,T1031-D1,medium,L/5,0.10526315789473684,930,14,19
casp_fm,T1031-D1,medium,R,0.14285714285714285,930,14,14
casp_fm,T1031-D1,medium,AUC,0.8101996257018091,930,14,930
casp_fm,T1031-D1,long,L,0.06315789473684211,2556,46,95
casp_fm,T1031-D1,long,L/2,0.0425531914893617,2556,46,47
casp_fm,T1031-D1,long,L/5,0.10526315789473684,2556,46,19
casp_fm,T1031-D1,long,R,0.043478260869565216,2556,46,46
casp_fm,T1031-D1,long,AUC,0.6926987701368439,2556,46,2556
casp_fm,T1033-D1,all,L,0.12,4465,83,100
casp_fm,T1033-D1,all,L/2,0.16,4465,83,50
casp_fm,T1033-D1,all,L/5,0.15,4465,83,20
casp_fm,T1033-D1,all,R,0.10843373493975904,4465,83,83
casp_fm,T1033-D1,all,AUC,0.7956989986417602,4465,83,4465
casp_fm,T1033-D1,short,L,0.07,549,7,100
casp_fm,T1033-D1,short,L/2,0.12,549,7,50
casp_fm,T1033-D1,short,L/5,0.1,549,7,20
casp_fm,T1033-D1,short,R,0.2857142857142857,549,7,7
casp_fm,T1033-D1,short,AUC,0.9578281497100686,549,7,549
casp_fm,T1033-D1,medium,L,0.08,990,20,100
casp_fm,T1033-D1,medium,L/2,0.08,990,20,50
casp_fm,T1033-D1,medium,L/5,0.05,990,20,20
casp_fm,T1033-D1,medium,R,0.05,990,20,20
casp_fm,T1033-D1,medium,AUC,0.8630927835051547,990,20,990
casp_fm,T1033-D1,long,L,0.11,2926,56,100
casp_fm,T1033-D1,long,L/2,0.14,2926,56,50
casp_fm,T1033-D1,long,L/5,0.25,2926,56,20
casp_fm,T1033-D1,long,R,0.125,2926,56,56
casp_fm,T1033-D1,long,AUC,0.7539883026381284,2926,56,2926
casp_fm,T1035-D1,all,L,0.18627450980392157,4656,70,102
casp_fm,T1035-D1,all,L/2,0.19607843137254902,4656,70,51
casp_fm,T1035-D1,all,L/5,0.3,4656,70,20
casp_fm,T1035-D1,all,R,0.21428571428571427,4656,70,70
casp_fm,T1035-D1,all,AUC,0.7865195314933648,4656,70,4656
casp_fm,T1035-D1,short,L,0.06862745098039216,561,9,102
casp_fm,T1035-D1,short,L/2,0.13725490196078433,561,9,51
casp_fm,T1035-D1,short,L/5,0.25,561,9,20
casp_fm,T1035-D1,short,R,0.3333333333333333,561,9,9
casp_fm,T1035-D1,short,AUC,0.9225040257648953,561,9,561
casp_fm,T1035-D1,medium,L,0.10784313725490197,1014,16,102
casp_fm,T1035-D1,medium,L/2,0.1568627450980392,1014,16,51
casp_fm,T1035-D1,medium,L/5,0.2,1014,16,20
casp_fm,T1035-D1,medium,R,0.25,1014,16,16
casp_fm,T1035-D1,medium,AUC,0.9130448396793587,1014,16,1014
casp_fm,T1035-D1,long,L,0.06862745098039216,3081,45,102
casp_fm,T1035-D1,long,L/2,0.13725490196078433,3081,45,51
casp_fm,T1035-D1,long,L/5,0.1,3081,45,20
casp_fm,T1035-D1,long,R,0.15555555555555556,3081,45,45
casp_fm,T1035-D1,long,AUC,0.718339188991363,3081,45,3081
casp_fm,T1037-D1,all,L,0.11386138613861387,79401,406,404
casp_fm,T1037-D1,all,L/2,0.16831683168316833,79401,406,202
casp_fm,T1037-D1,all,L/5,0.2125,79401,406,80
casp_fm,T1037-D1,all,R,0.11330049261083744,79401,406,406
casp_fm,T1037-D1,all,AUC,0.7339428635035515,79401,406,79401
casp_fm,T1037-D1,short,L,0.08663366336633663,2373,56,404
casp_fm,T1037-D1,short,L/2,0.13861386138613863,2373,56,202
casp_fm,T1037-D1,short,L/5,0.2625,2373,56,80
casp_fm,T1037-D1,short,R,0.21428571428571427,2373,56,56
casp_fm,T1037-D1,short,AUC,0.8424340279918614,2373,56,2373
casp_fm,T1037-D1,medium,L,0.09405940594059406,4638,81,404
casp_fm,T1037-D1,medium,L/2,0.1188118811881188,4638,81,202
casp_fm,T1037-D1,medium,L/5,0.15,4638,81,80
casp_fm,T1037-D1,medium,R,0.14814814814814814,4638,81,81
casp_fm,T1037-D1,medium,AUC,0.8226754660446417,4638,81,4638
casp_fm,T1037-D1,long,L,0.04702970297029703,72390,269,404
casp_fm,T1037-D1,long,L/2,0.0594059405940594,72390,269,202
casp_fm,T1037-D1,long,L/5,0.0625,72390,269,80
casp_fm,T1037-D1,long,R,0.055762081784386616,72390,269,269
casp_fm,T1037-D1,long,AUC,0.6512636059938304,72390,269,72390
casp_fm,T1038-D1,all,L,0.16666666666666666,5886,82,114
casp_fm,T1038-D1,all,L/2,0.22807017543859648,5886,82,57
casp_fm,T1038-D1,all,L/5,0.3181818181818182,5886,82,22
casp_fm,T1038-D1,all,R,0.1951219512195122,5886,82,82
casp_fm,T1038-D1,all,AUC,0.7516756736313056,5886,82,5886
casp_fm,T1038-D1,short,L,0.09649122807017543,633,15,114
casp_fm,T1038-D1,short,L/2,0.15789473684210525,633,15,57
casp_fm,T1038-D1,short,L/5,0.22727272727272727,633,15,22
casp_fm,T1038-D1,short,R,0.3333333333333333,633,15,15
casp_fm,T1038-D1,short,AUC,0.8547464940668825,633,15,633
casp_fm,T1038-D1,medium,L,0.07017543859649122,1158,18,114
casp_fm,T1038-D1,medium,L/2,0.08771929824561403,1158,18,57
casp_fm,T1038-D1,medium,L/5,0.13636363636363635,1158,18,22
casp_fm,T1038-D1,medium,R,0.16666666666666666,1158,18,18
casp_fm,T1038-D1,medium,AUC,0.7994395711500974,1158,18,1158
casp_fm,T1038-D1,long,L,0.08771929824561403,4095,49,114
casp_fm,T1038-D1,long,L/2,0.10526315789473684,4095,49,57
casp_fm,T1038-D1,long,L/5,0.22727272727272727,4095,49,22
casp_fm,T1038-D1,long,R,0.10204081632653061,4095,49,49
casp_fm,T1038-D1,long,AUC,0.6981927224671381,4095,49,4095
casp_fm,T1038-D2,all,L,0.27631578947368424,2485,60,76
casp_fm,T1038-D2,all,L/2,0.34210526315789475,2485,60,38
casp_fm,T1038-D2,all,L/5,0.3333333333333333,2485,60,15
casp_fm,T1038-D2,all,R,0.31666666666666665,2485,60,60
casp_fm,T1038-D2,all,AUC,0.8917388316151202,2485,60,2485
casp_fm,T1038-D2,short,L,0.15789473684210525,405,13,76
casp_fm,T1038-D2,short,L/2,0.3157894736842105,405,13,38
casp_fm,T1038-D2,short,L/5,0.4,405,13,15
casp_fm,T1038-D2,short,R,0.38461538461538464,405,13,13
casp_fm,T1038-D2,short,AUC,0.9441718995290425,405,13,405
casp_fm,T1038-D2,medium,L,0.14473684210526316,702,22,76
casp_fm,T1038-D2,medium,L/2,0.18421052631578946,702,22,38
casp_fm,T1038-D2,medium,L/5,0.2,702,22,15
casp_fm,T1038-D2,medium,R,0.22727272727272727,702,22,22
casp_fm,T1038-D2,medium,AUC,0.826437165775401,702,22,702
casp_fm,T1038-D2,long,L,0.19736842105263158,1378,25,76
casp_fm,T1038-D2,long,L/2,0.23684210526315788,1378,25,38
casp_fm,T1038-D2,long,L/5,0.2,1378,25,15
casp_fm,T1038-D2,long,R,0.16,1378,25,25
casp_fm,T1038-D2,long,AUC,0.9201330376940133,1378,25,1378
casp_fm,T1039-D1,all,L,0.10559006211180125,12090,148,161
casp_fm,T1039-D1,all,L/2,0.1375,12090,148,80
casp_fm,T1039-D1,all,L/5,0.15625,12090,148,32
casp_fm,T1039-D1,all,R,0.10810810810810811,12090,148,148
casp_fm,T1039-D1,all,AUC,0.7942629239522558,12090,148,12090
casp_fm,T1039-D1,short,L,0.062111801242236024,915,17,161
casp_fm,T1039-D1,short,L/2,0.1,915,17,80
casp_fm,T1039-D1,short,L/5,0.125,915,17,32
casp_fm,T1039-D1,short,R,0.17647058823529413,915,17,17
casp_fm,T1039-D1,short,AUC,0.8495021616664483,915,17,915
casp_fm,T1039-D1,medium,L,0.055900621118012424,1722,22,161
casp_fm,T1039-D1,medium,L/2,0.0875,1722,22,80
casp_fm,T1039-D1,medium,L/5,0.125,1722,22,32
casp_fm,T1039-D1,medium,R,0.13636363636363635,1722,22,22
casp_fm,T1039-D1,medium,AUC,0.8711229946524065,1722,22,1722
casp_fm,T1039-D1,long,L,0.11801242236024845,9453,109,161
casp_fm,T1039-D1,long,L/2,0.1375,9453,109,80
casp_fm,T1039-D1,long,L/5,0.1875,9453,109,32
casp_fm,T1039-D1,long,R,0.12844036697247707,9453,109,109
casp_fm,T1039-D1,long,AUC,0.7657575483850697,9453,109,9453
casp_fm,T1040-D1,all,L,0.11538461538461539,7750,79,130
casp_fm,T1040-D1,all,L/2,0.13846153846153847,7750,79,65
casp_fm,T1040-D1,all,L/5,0.15384615384615385,7750,79,26
casp_fm,T1040-D1,all,R,0.11392405063291139,7750,79,79
casp_fm,T1040-D1,all,AUC,0.7597032387307778,7750,79,7750
casp_fm,T1040-D1,short,L,0.07692307692307693,729,13,130
casp_fm,T1040-D1,short,L/2,0.07692307692307693,729,13,65
casp_fm,T1040-D1,short,L/5,0.038461538461538464,729,13,26
casp_fm,T1040-D1,short,R,0.07692307692307693,729,13,13
casp_fm,T1040-D1,short,AUC,0.8018371293510959,729,13,729
casp_fm,T1040-D1,medium,L,0.038461538461538464,1350,11,130
casp_fm,T1040-D1,medium,L/2,0.06153846153846154,1350,11,65
casp_fm,T1040-D1,medium,L/5,0.11538461538461539,1350,11,26
casp_fm,T1040-D1,medium,R,0.09090909090909091,1350,11,11
casp_fm,T1040-D1,medium,AUC,0.859155407699097,1350,11,1350
casp_fm,T1040-D1,long,L,0.09230769230769231,5671,55,130
casp_fm,T1040-D1,long,L/2,0.13846153846153847,5671,55,65
casp_fm,T1040-D1,long,L/5,0.2692307692307692,5671,55,26
casp_fm,T1040-D1,long,R,0.16363636363636364,5671,55,55
casp_fm,T1040-D1,long,AUC,0.7266074203574203,5671,55,5671
casp_fm,T1041-D1,all,L,0.08677685950413223,27966,219,242
casp_fm,T1041-D1,all,L/2,0.10743801652892562,27966,219,121
casp_fm,T1041-D1,all,L/5,0.1875,27966,219,48
casp_fm,T1041-D1,all,R,0.0821917808219178,27966,219,219
casp_fm,T1041-D1,all,AUC,0.7181695400695751,27966,219,27966
casp_fm,T1041-D1,short,L,0.09090909090909091,1401,31,242
casp_fm,T1041-D1,short,L/2,0.1322314049586777,1401,31,121
casp_fm,T1041-D1,short,L/5,0.1875,1401,31,48
casp_fm,T1041-D1,short,R,0.2903225806451613,1401,31,31
casp_fm,T1041-D1,short,AUC,0.869472568872145,1401,31,1401
casp_fm,T1041-D1,medium,L,0.049586776859504134,2694,31,242
casp_fm,T1041-D1,medium,L/2,0.03305785123966942,2694,31,121
casp_fm,T1041-D1,medium,L/5,0.020833333333333332,2694,31,48
casp_fm,T1041-D1,medium,R,0.03225806451612903,2694,31,31
casp_fm,T1041-D1,medium,AUC,0.7508146281782613,2694,31,2694
casp_fm,T1041-D1,long,L,0.05785123966942149,23871,157,242
casp_fm,T1041-D1,long,L/2,0.049586776859504134,23871,157,121
casp_fm,T1041-D1,long,L/5,0.08333333333333333,23871,157,48
casp_fm,T1041-D1,long,R,0.07006369426751592,23871,157,157
casp_fm,T1041-D1,long,AUC,0.6683297082161146,23871,157,23871
casp_fm,T1042-D1,all,L,0.08695652173913043,36585,210,276
casp_fm,T1042-D1,all,L/2,0.13043478260869565,36585,210,138
casp_fm,T1042-D1,all,L/5,0.23636363636363636,36585,210,55
casp_fm,T1042-D1,all,R,0.1,36585,210,210
casp_fm,T1042-D1,all,AUC,0.7663042382588775,36585,210,36585
casp_fm,T1042-D1,short,L,0.08333333333333333,1605,34,276
casp_fm,T1042-D1,short,L/2,0.11594202898550725,1605,34,138
casp_fm,T1042-D1,short,L/5,0.21818181818181817,1605,34,55
casp_fm,T1042-D1,short,R,0.23529411764705882,1605,34,34
casp_fm,T1042-D1,short,AUC,0.8323286029879806,1605,34,1605
casp_fm,T1042-D1,medium,L,0.036231884057971016,3102,29,276
casp_fm,T1042-D1,medium,L/2,0.050724637681159424,3102,29,138
casp_fm,T1042-D1,medium,L/5,0.05454545454545454,3102,29,55
casp_fm,T1042-D1,medium,R,0.10344827586206896,3102,29,29
casp_fm,T1042-D1,medium,AUC,0.8575243780647912,3102,29,3102
casp_fm,T1042-D1,long,L,0.07246376811594203,31878,147,276
casp_fm,T1042-D1,long,L/2,0.07246376811594203,31878,147,138
casp_fm,T1042-D1,long,L/5,0.07272727272727272,31878,147,55
casp_fm,T1042-D1,long,R,0.07482993197278912,31878,147,147
casp_fm,T1042-D1,long,AUC,0.7178861333698648,31878,147,31878
casp_fm,T1043-D1,all,L,0.08108108108108109,10153,128,148
casp_fm,T1043-D1,all,L/2,0.08108108108108109,10153,128,74
casp_fm,T1043-D1,all,L/5,0.10344827586206896,10153,128,29
casp_fm,T1043-D1,all,R,0.0859375,10153,128,128
casp_fm,T1043-D1,all,AUC,0.6802618453865337,10153,128,10153
casp_fm,T1043-D1,short,L,0.0945945945945946,837,24,148
casp_fm,T1043-D1,short,L/2,0.12162162162162163,837,24,74
casp_fm,T1043-D1,short,L/5,0.13793103448275862,837,24,29
casp_fm,T1043-D1,short,R,0.125,837,24,24
casp_fm,T1043-D1,short,AUC,0.8102193521935219,837,24,837
casp_fm,T1043-D1,medium,L,0.05405405405405406,1566,23,148
casp_fm,T1043-D1,medium,L/2,0.06756756756756757,1566,23,74
casp_fm,T1043-D1,medium,L/5,0.06896551724137931,1566,23,29
casp_fm,T1043-D1,medium,R,0.043478260869565216,1566,23,23
casp_fm,T1043-D1,medium,AUC,0.7685620896615852,1566,23,1566
casp_fm,T1043-D1,long,L,0.013513513513513514,7750,81,148
casp_fm,T1043-D1,long,L/2,0.0,7750,81,74
casp_fm,T1043-D1,long,L/5,0.0,7750,81,29
casp_fm,T1043-D1,long,R,0.0,7750,81,81
casp_fm,T1043-D1,long,AUC,0.5986285977375645,7750,81,7750
casp_fm,T1049-D1,all,L,0.14925373134328357,8256,127,134
casp_fm,T1049-D1,all,L/2,0.19402985074626866,8256,127,67
casp_fm,T1049-D1,all,L/5,0.11538461538461539,8256,127,26
casp_fm,T1049-D1,all,R,0.15748031496062992,8256,127,127
casp_fm,T1049-D1,all,AUC,0.7705376783616157,8256,127,8256
casp_fm,T1049-D1,short,L,0.06716417910447761,753,10,134
casp_fm,T1049-D1,short,L/2,0.11940298507462686,753,10,67
casp_fm,T1049-D1,short,L/5,0.19230769230769232,753,10,26
casp_fm,T1049-D1,short,R,0.1,753,10,10
casp_fm,T1049-D1,short,AUC,0.9477792732166891,753,10,753
casp_fm,T1049-D1,medium,L,0.11940298507462686,1398,25,134
casp_fm,T1049-D1,medium,L/2,0.14925373134328357,1398,25,67
casp_fm,T1049-D1,medium,L/5,0.23076923076923078,1398,25,26
casp_fm,T1049-D1,medium,R,0.24,1398,25,25
casp_fm,T1049-D1,medium,AUC,0.901238164603059,1398,25,1398
casp_fm,T1049-D1,long,L,0.08208955223880597,6105,92,134
casp_fm,T1049-D1,long,L/2,0.1044776119402985,6105,92,67
casp_fm,T1049-D1,long,L/5,0.15384615384615385,6105,92,26
casp_fm,T1049-D1,long,R,0.09782608695652174,6105,92,92
casp_fm,T1049-D1,long,AUC,0.7247431290175634,6105,92,6105
casp_fm,T1104-D1,all,L,0.10256410256410256,6216,96,117
casp_fm,T1104-D1,all,L/2,0.1724137931034483,6216,96,58
casp_fm,T1104-D1,all,L/5,0.2608695652173913,6216,96,23
casp_fm,T1104-D1,all,R,0.11458333333333333,6216,96,96
casp_fm,T1104-D1,all,AUC,0.7375085103485839,6216,96,6216
casp_fm,T1104-D1,short,L,0.08547008547008547,651,14,117
casp_fm,T1104-D1,short,L/2,0.1206896551724138,651,14,58
casp_fm,T1104-D1,short,L/5,0.21739130434782608,651,14,23
casp_fm,T1104-D1,short,R,0.2857142857142857,651,14,14
casp_fm,T1104-D1,short,AUC,0.8422291993720565,651,14,651
casp_fm,T1104-D1,medium,L,0.06837606837606838,1194,14,117
casp_fm,T1104-D1,medium,L/2,0.08620689655172414,1194,14,58
casp_fm,T1104-D1,medium,L/5,0.17391304347826086,1194,14,23
casp_fm,T1104-D1,medium,R,0.2857142857142857,1194,14,14
casp_fm,T1104-D1,medium,AUC,0.8361682808716707,1194,14,1194
casp_fm,T1104-D1,long,L,0.07692307692307693,4371,68,117
casp_fm,T1104-D1,long,L/2,0.05172413793103448,4371,68,58
casp_fm,T1104-D1,long,L/5,0.043478260869565216,4371,68,23
casp_fm,T1104-D1,long,R,0.04411764705882353,4371,68,68
casp_fm,T1104-D1,long,AUC,0.6929211494032891,4371,68,4371
casp_fm,T1112-D1,all,L,0.1934782608695652,103285,406,460
casp_fm,T1112-D1,all,L/2,0.2608695652173913,103285,406,230
casp_fm,T1112-D1,all,L/5,0.33695652173913043,103285,406,92
casp_fm,T1112-D1,all,R,0.20689655172413793,103285,406,406
casp_fm,T1112-D1,all,AUC,0.8764638232766342,103285,406,103285
casp_fm,T1112-D1,short,L,0.04565217391304348,2709,32,460
casp_fm,T1112-D1,short,L/2,0.0782608695652174,2709,32,230
casp_fm,T1112-D1,short,L/5,0.15217391304347827,2709,32,92
casp_fm,T1112-D1,short,R,0.3125,2709,32,32
casp_fm,T1112-D1,short,AUC,0.8846073029510646,2709,32,2709
casp_fm,T1112-D1,medium,L,0.0782608695652174,5310,48,460
casp_fm,T1112-D1,medium,L/2,0.10869565217391304,5310,48,230
casp_fm,T1112-D1,medium,L/5,0.16304347826086957,5310,48,92
casp_fm,T1112-D1,medium,R,0.20833333333333334,5310,48,48
casp_fm,T1112-D1,medium,AUC,0.9280256239706068,5310,48,5310
casp_fm,T1112-D1,long,L,0.1826086956521739,95266,326,460
casp_fm,T1112-D1,long,L/2,0.25217391304347825,95266,326,230
casp_fm,T1112-D1,long,L/5,0.34782608695652173,95266,326,92
casp_fm,T1112-D1,long,R,0.21779141104294478,95266,326,326
casp_fm,T1112-D1,long,AUC,0.8632131885685632,95266,326,95266
casp_fm,T1113-D1,all,L,0.18562874251497005,13041,107,167
casp_fm,T1113-D1,all,L/2,0.26506024096385544,13041,107,83
casp_fm,T1113-D1,all,L/5,0.48484848484848486,13041,107,33
casp_fm,T1113-D1,all,R,0.21495327102803738,13041,107,107
casp_fm,T1113-D1,all,AUC,0.8384425458365908,13041,107,13041
casp_fm,T1113-D1,short,L,0.11377245508982035,951,27,167
casp_fm,T1113-D1,short,L/2,0.1927710843373494,951,27,83
casp_fm,T1113-D1,short,L/5,0.36363636363636365,951,27,33
casp_fm,T1113-D1,short,R,0.4074074074074074,951,27,27
casp_fm,T1113-D1,short,AUC,0.8448372615039281,951,27,951
casp_fm,T1113-D1,medium,L,0.11377245508982035,1794,32,167
casp_fm,T1113-D1,medium,L/2,0.1686746987951807,1794,32,83
casp_fm,T1113-D1,medium,L/5,0.2727272727272727,1794,32,33
casp_fm,T1113-D1,medium,R,0.28125,1794,32,32
casp_fm,T1113-D1,medium,AUC,0.8443086691259932,1794,32,1794
casp_fm,T1113-D1,long,L,0.041916167664670656,10296,48,167
casp_fm,T1113-D1,long,L/2,0.04819277108433735,10296,48,83
casp_fm,T1113-D1,long,L/5,0.09090909090909091,10296,48,33
casp_fm,T1113-D1,long,R,0.0625,10296,48,48
casp_fm,T1113-D1,long,AUC,0.8090938475800156,10296,48,10296
casp_fm,T1120-D1,all,L,0.1694915254237288,6328,65,118
casp_fm,T1120-D1,all,L/2,0.23728813559322035,6328,65,59
casp_fm,T1120-D1,all,L/5,0.43478260869565216,6328,65,23
casp_fm,T1120-D1,all,R,0.24615384615384617,6328,65,65
casp_fm,T1120-D1,all,AUC,0.8525810928653016,6328,65,6328
casp_fm,T1120-D1,short,L,0.1864406779661017,657,24,118
casp_fm,T1120-D1,short,L/2,0.3050847457627119,657,24,59
casp_fm,T1120-D1,short,L/5,0.4782608695652174,657,24,23
casp_fm,T1120-D1,short,R,0.4583333333333333,657,24,24
casp_fm,T1120-D1,short,AUC,0.9506319115323856,657,24,657
casp_fm,T1120-D1,medium,L,0.05084745762711865,1206,10,118
casp_fm,T1120-D1,medium,L/2,0.06779661016949153,1206,10,59
casp_fm,T1120-D1,medium,L/5,0.08695652173913043,1206,10,23
casp_fm,T1120-D1,medium,R,0.1,1206,10,10
casp_fm,T1120-D1,medium,AUC,0.8845735785953177,1206,10,1206
casp_fm,T1120-D1,long,L,0.01694915254237288,4465,31,118
casp_fm,T1120-D1,long,L/2,0.0,4465,31,59
casp_fm,T1120-D1,long,L/5,0.0,4465,31,23
casp_fm,T1120-D1,long,R,0.0,4465,31,31
casp_fm,T1120-D1,long,AUC,0.7547543178081395,4465,31,4465
casp_fm,T1120-D2,all,L,0.2,5460,64,110
casp_fm,T1120-D2,all,L/2,0.23636363636363636,5460,64,55
casp_fm,T1120-D2,all,L/5,0.22727272727272727,5460,64,22
casp_fm,T1120-D2,all,R,0.234375,5460,64,64
casp_fm,T1120-D2,all,AUC,0.7908592591734618,5460,64,5460
casp_fm,T1120-D2,short,L,0.12727272727272726,609,16,110
casp_fm,T1120-D2,short,L/2,0.2,609,16,55
casp_fm,T1120-D2,short,L/5,0.22727272727272727,609,16,22
casp_fm,T1120-D2,short,R,0.25,609,16,16
casp_fm,T1120-D2,short,AUC,0.93302065767285,609,16,609
casp_fm,T1120-D2,medium,L,0.05454545454545454,1110,11,110
casp_fm,T1120-D2,medium,L/2,0.10909090909090909,1110,11,55
casp_fm,T1120-D2,medium,L/5,0.18181818181818182,1110,11,22
casp_fm,T1120-D2,medium,R,0.2727272727272727,1110,11,11
casp_fm,T1120-D2,medium,AUC,0.8721151460004963,1110,11,1110
casp_fm,T1120-D2,long,L,0.09090909090909091,3741,37,110
casp_fm,T1120-D2,long,L/2,0.10909090909090909,3741,37,55
casp_fm,T1120-D2,long,L/5,0.18181818181818182,3741,37,22
casp_fm,T1120-D2,long,R,0.16216216216216217,3741,37,37
casp_fm,T1120-D2,long,AUC,0.7006121942677019,3741,37,3741
casp_fm,T1121-D1,all,L,0.1326530612244898,18145,156,196
casp_fm,T1121-D1,all,L/2,0.19387755102040816,18145,156,98
casp_fm,T1121-D1,all,L/5,0.3076923076923077,18145,156,39
casp_fm,T1121-D1,all,R,0.14102564102564102,18145,156,156
casp_fm,T1121-D1,all,AUC,0.809973081840612,18145,156,18145
casp_fm,T1121-D1,short,L,0.11734693877551021,1125,37,196
casp_fm,T1121-D1,short,L/2,0.17346938775510204,1125,37,98
casp_fm,T1121-D1,short,L/5,0.28205128205128205,1125,37,39
casp_fm,T1121-D1,short,R,0.2972972972972973,1125,37,37
casp_fm,T1121-D1,short,AUC,0.8388935810810811,1125,37,1125
casp_fm,T1121-D1,medium,L,0.0663265306122449,2142,29,196
casp_fm,T1121-D1,medium,L/2,0.09183673469387756,2142,29,98
casp_fm,T1121-D1,medium,L/5,0.1794871794871795,2142,29,39
casp_fm,T1121-D1,medium,R,0.2413793103448276,2142,29,29
casp_fm,T1121-D1,medium,AUC,0.8430079801556865,2142,29,2142
casp_fm,T1121-D1,long,L,0.04591836734693878,14878,90,196
casp_fm,T1121-D1,long,L/2,0.061224489795918366,14878,90,98
casp_fm,T1121-D1,long,L/5,0.05128205128205128,14878,90,39
casp_fm,T1121-D1,long,R,0.06666666666666667,14878,90,90
casp_fm,T1121-D1,long,AUC,0.755918086736994,14878,90,14878
casp_fm,T1122-D1,all,L,0.08695652173913043,25200,152,230
casp_fm,T1122-D1,all,L/2,0.13043478260869565,25200,152,115
casp_fm,T1122-D1,all,L/5,0.15217391304347827,25200,152,46
casp_fm,T1122-D1,all,R,0.10526315789473684,25200,152,152
casp_fm,T1122-D1,all,AUC,0.7922605702314713,25200,152,25200
casp_fm,T1122-D1,short,L,0.04782608695652174,1329,25,230
casp_fm,T1122-D1,short,L/2,0.06956521739130435,1329,25,115
casp_fm,T1122-D1,short,L/5,0.15217391304347827,1329,25,46
casp_fm,T1122-D1,short,R,0.2,1329,25,25
casp_fm,T1122-D1,short,AUC,0.7877453987730061,1329,25,1329
casp_fm,T1122-D1,medium,L,0.05652173913043478,2550,27,230
casp_fm,T1122-D1,medium,L/2,0.10434782608695652,2550,27,115
casp_fm,T1122-D1,medium,L/5,0.15217391304347827,2550,27,46
casp_fm,T1122-D1,medium,R,0.2222222222222222,2550,27,27
casp_fm,T1122-D1,medium,AUC,0.8145725987580921,2550,27,2550
casp_fm,T1122-D1,long,L,0.06086956521739131,21321,100,230
casp_fm,T1122-D1,long,L/2,0.05217391304347826,21321,100,115
casp_fm,T1122-D1,long,L/5,0.06521739130434782,21321,100,46
casp_fm,T1122-D1,long,R,0.06,21321,100,100
casp_fm,T1122-D1,long,AUC,0.7607992083313698,21321,100,21321
casp_fm,T1123-D1,all,L,0.10747663551401869,21736,248,214
casp_fm,T1123-D1,all,L/2,0.102803738317757,21736,248,107
casp_fm,T1123-D1,all,L/5,0.11904761904761904,21736,248,42
casp_fm,T1123-D1,all,R,0.0967741935483871,21736,248,248
casp_fm,T1123-D1,all,AUC,0.7187033685718061,21736,248,21736
casp_fm,T1123-D1,short,L,0.06542056074766354,1233,27,214
casp_fm,T1123-D1,short,L/2,0.08411214953271028,1233,27,107
casp_fm,T1123-D1,short,L/5,0.14285714285714285,1233,27,42
casp_fm,T1123-D1,short,R,0.14814814814814814,1233,27,27
casp_fm,T1123-D1,short,AUC,0.7515048215711565,1233,27,1233
casp_fm,T1123-D1,medium,L,0.06074766355140187,2358,37,214
casp_fm,T1123-D1,medium,L/2,0.11214953271028037,2358,37,107
casp_fm,T1123-D1,medium,L/5,0.09523809523809523,2358,37,42
casp_fm,T1123-D1,medium,R,0.10810810810810811,2358,37,37
casp_fm,T1123-D1,medium,AUC,0.7562094623705998,2358,37,2358
casp_fm,T1123-D1,long,L,0.06074766355140187,18145,184,214
casp_fm,T1123-D1,long,L/2,0.06542056074766354,18145,184,107
casp_fm,T1123-D1,long,L/5,0.09523809523809523,18145,184,42
casp_fm,T1123-D1,long,R,0.05434782608695652,18145,184,184
casp_fm,T1123-D1,long,AUC,0.69935902789377,18145,184,18145
casp_fm,T1125-D1,all,L,0.16417910447761194,8256,93,134
casp_fm,T1125-D1,all,L/2,0.23880597014925373,8256,93,67
casp_fm,T1125-D1,all,L/5,0.19230769230769232,8256,93,26
casp_fm,T1125-D1,all,R,0.20430107526881722,8256,93,93
casp_fm,T1125-D1,all,AUC,0.790470770945217,8256,93,8256
casp_fm,T1125-D1,short,L,0.16417910447761194,753,25,134
casp_fm,T1125-D1,short,L/2,0.22388059701492538,753,25,67
casp_fm,T1125-D1,short,L/5,0.4230769230769231,753,25,26
casp_fm,T1125-D1,short,R,0.4,753,25,25
casp_fm,T1125-D1,short,AUC,0.901565934065934,753,25,753
casp_fm,T1125-D1,medium,L,0.1044776119402985,1398,15,134
casp_fm,T1125-D1,medium,L/2,0.13432835820895522,1398,15,67
casp_fm,T1125-D1,medium,L/5,0.11538461538461539,1398,15,26
casp_fm,T1125-D1,medium,R,0.06666666666666667,1398,15,15
casp_fm,T1125-D1,medium,AUC,0.9571463003133285,1398,15,1398
casp_fm,T1125-D1,long,L,0.05223880597014925,6105,53,134
casp_fm,T1125-D1,long,L/2,0.05970149253731343,6105,53,67
casp_fm,T1125-D1,long,L/5,0.07692307692307693,6105,53,26
casp_fm,T1125-D1,long,R,0.05660377358490566,6105,53,53
casp_fm,T1125-D1,long,AUC,0.6791034306451009,6105,53,6105
casp_fm,T1125-D2,all,L,0.17567567567567569,10153,137,148
casp_fm,T1125-D2,all,L/2,0.2972972972972973,10153,137,74
casp_fm,T1125-D2,all,L/5,0.5172413793103449,10153,137,29
casp_fm,T1125-D2,all,R,0.1897810218978102,10153,137,137
casp_fm,T1125-D2,all,AUC,0.729101685478417,10153,137,10153
casp_fm,T1125-D2,short,L,0.10135135135135136,837,18,148
casp_fm,T1125-D2,short,L/2,0.20270270270270271,837,18,74
casp_fm,T1125-D2,short,L/5,0.41379310344827586,837,18,29
casp_fm,T1125-D2,short,R,0.5555555555555556,837,18,18
casp_fm,T1125-D2,short,AUC,0.9477343644010311,837,18,837
casp_fm,T1125-D2,medium,L,0.08783783783783784,1566,14,148
casp_fm,T1125-D2,medium,L/2,0.13513513513513514,1566,14,74
casp_fm,T1125-D2,medium,L/5,0.2413793103448276,1566,14,29
casp_fm,T1125-D2,medium,R,0.35714285714285715,1566,14,14
casp_fm,T1125-D2,medium,AUC,0.9573361561119293,1566,14,1566
casp_fm,T1125-D2,long,L,0.08783783783783784,7750,105,148
casp_fm,T1125-D2,long,L/2,0.0945945945945946,7750,105,74
casp_fm,T1125-D2,long,L/5,0.13793103448275862,7750,105,29
casp_fm,T1125-D2,long,R,0.11428571428571428,7750,105,105
casp_fm,T1125-D2,long,AUC,0.6765212245787786,7750,105,7750
casp_fm,T1125-D4,all,L,0.2127659574468085,9180,94,141
casp_fm,T1125-D4,all,L/2,0.32857142857142857,9180,94,70
casp_fm,T1125-D4,all,L/5,0.5714285714285714,9180,94,28
casp_fm,T1125-D4,all,R,0.2872340425531915,9180,94,94
casp_fm,T1125-D4,all,AUC,0.822047948445352,9180,94,9180
casp_fm,T1125-D4,short,L,0.1276595744680851,795,18,141
casp_fm,T1125-D4,short,L/2,0.22857142857142856,795,18,70
casp_fm,T1125-D4,short,L/5,0.39285714285714285,795,18,28
casp_fm,T1125-D4,short,R,0.5555555555555556,795,18,18
casp_fm,T1125-D4,short,AUC,0.9745102245102246,795,18,795
casp_fm,T1125-D4,medium,L,0.0851063829787234,1482,15,141
casp_fm,T1125-D4,medium,L/2,0.14285714285714285,1482,15,70
casp_fm,T1125-D4,medium,L/5,0.2857142857142857,1482,15,28
casp_fm,T1125-D4,medium,R,0.4,1482,15,15
casp_fm,T1125-D4,medium,AUC,0.8792092706203136,1482,15,1482
casp_fm,T1125-D4,long,L,0.0851063829787234,6903,61,141
casp_fm,T1125-D4,long,L/2,0.11428571428571428,6903,61,70
casp_fm,T1125-D4,long,L/5,0.14285714285714285,6903,61,28
casp_fm,T1125-D4,long,R,0.13114754098360656,6903,61,61
casp_fm,T1125-D4,long,AUC,0.768797830180994,6903,61,6903
casp_fm,T1125-D5,all,L,0.22666666666666666,10440,93,150
casp_fm,T1125-D5,all,L/2,0.3466666666666667,10440,93,75
casp_fm,T1125-D5,all,L/5,0.5333333333333333,10440,93,30
casp_fm,T1125-D5,all,R,0.3010752688172043,10440,93,93
casp_fm,T1125-D5,all,AUC,0.8047899188482246,10440,93,10440
casp_fm,T1125-D5,short,L,0.12,849,18,150
casp_fm,T1125-D5,short,L/2,0.21333333333333335,849,18,75
casp_fm,T1125-D5,short,L/5,0.36666666666666664,849,18,30
casp_fm,T1125-D5,short,R,0.3888888888888889,849,18,18
casp_fm,T1125-D5,short,AUC,0.9739269955876454,849,18,849
casp_fm,T1125-D5,medium,L,0.08666666666666667,1590,22,150
casp_fm,T1125-D5,medium,L/2,0.13333333333333333,1590,22,75
casp_fm,T1125-D5,medium,L/5,0.3333333333333333,1590,22,30
casp_fm,T1125-D5,medium,R,0.4090909090909091,1590,22,22
casp_fm,T1125-D5,medium,AUC,0.8675498608534323,1590,22,1590
casp_fm,T1125-D5,long,L,0.07333333333333333,8001,53,150
casp_fm,T1125-D5,long,L/2,0.12,8001,53,75
casp_fm,T1125-D5,long,L/5,0.23333333333333334,8001,53,30
casp_fm,T1125-D5,long,R,0.16981132075471697,8001,53,53
casp_fm,T1125-D5,long,AUC,0.7190440694704258,8001,53,8001
cameo_hard,8j4i_A,all,L,0.06315789473684211,17020,127,190
cameo_hard,8j4i_A,all,L/2,0.06315789473684211,17020,127,95
cameo_hard,8j4i_A,all,L/5,0.0,17020,127,38
cameo_hard,8j4i_A,all,R,0.05511811023622047,17020,127,127
cameo_hard,8j4i_A,all,AUC,0.7509668310640712,17020,127,17020
cameo_hard,8j4i_A,short,L,0.02631578947368421,1089,8,190
cameo_hard,8j4i_A,short,L/2,0.042105263157894736,1089,8,95
cameo_hard,8j4i_A,short,L/5,0.07894736842105263,1089,8,38
cameo_hard,8j4i_A,short,R,0.0,1089,8,8
cameo_hard,8j4i_A,short,AUC,0.6843200740055504,1089,8,1089
cameo_hard,8j4i_A,medium,L,0.05789473684210526,2070,31,190
cameo_hard,8j4i_A,medium,L/2,0.07368421052631578,2070,31,95
cameo_hard,8j4i_A,medium,L/5,0.05263157894736842,2070,31,38
cameo_hard,8j4i_A,medium,R,0.03225806451612903,2070,31,31
cameo_hard,8j4i_A,medium,AUC,0.7517679444382921,2070,31,2070
cameo_hard,8j4i_A,long,L,0.07368421052631578,13861,88,190
cameo_hard,8j4i_A,long,L/2,0.09473684210526316,13861,88,95
cameo_hard,8j4i_A,long,L/5,0.07894736842105263,13861,88,38
cameo_hard,8j4i_A,long,R,0.09090909090909091,13861,88,88
cameo_hard,8j4i_A,long,AUC,0.7509055101219118,13861,88,13861
cameo_hard,8raj_A,all,L,0.20967741935483872,1596,13,62
cameo_hard,8raj_A,all,L/2,0.3870967741935484,1596,13,31
cameo_hard,8raj_A,all,L/5,0.75,1596,13,12
cameo_hard,8raj_A,all,R,0.7692307692307693,1596,13,13
cameo_hard,8raj_A,all,AUC,0.9960396520725011,1596,13,1596
cameo_hard,8raj_A,short,L,0.0967741935483871,321,6,62
cameo_hard,8raj_A,short,L/2,0.1935483870967742,321,6,31
cameo_hard,8raj_A,short,L/5,0.4166666666666667,321,6,12
cameo_hard,8raj_A,short,R,0.8333333333333334,321,6,6
cameo_hard,8raj_A,short,AUC,0.9899470899470899,321,6,321
cameo_hard,8raj_A,medium,L,0.08064516129032258,534,5,62
cameo_hard,8raj_A,medium,L/2,0.16129032258064516,534,5,31
cameo_hard,8raj_A,medium,L/5,0.3333333333333333,534,5,12
cameo_hard,8raj_A,medium,R,0.8,534,5,5
cameo_hard,8raj_A,medium,AUC,0.9965973534971645,534,5,534
cameo_hard,8raj_A,long,L,0.03225806451612903,741,2,62
cameo_hard,8raj_A,long,L/2,0.06451612903225806,741,2,31
cameo_hard,8raj_A,long,L/5,0.16666666666666666,741,2,12
cameo_hard,8raj_A,long,R,1.0,741,2,2
cameo_hard,8raj_A,long,AUC,1.0,741,2,741
cameo_hard,8jvx_B,all,L,0.2564102564102564,561,14,39
cameo_hard,8jvx_B,all,L/2,0.5263157894736842,561,14,19
cameo_hard,8jvx_B,all,L/5,1.0,561,14,7
cameo_hard,8jvx_B,all,R,0.5714285714285714,561,14,14
cameo_hard,8jvx_B,all,AUC,0.9563201880386524,561,14,561
cameo_hard,8jvx_B,short,L,0.05128205128205128,183,2,39
cameo_hard,8jvx_B,short,L/2,0.05263157894736842,183,2,19
cameo_hard,8jvx_B,short,L/5,0.14285714285714285,183,2,7
cameo_hard,8jvx_B,short,R,0.5,183,2,2
cameo_hard,8jvx_B,short,AUC,0.9461325966850829,183,2,183
cameo_hard,8jvx_B,medium,L,0.07692307692307693,258,4,39
cameo_hard,8jvx_B,medium,L/2,0.10526315789473684,258,4,19
cameo_hard,8jvx_B,medium,L/5,0.2857142857142857,258,4,7
cameo_hard,8jvx_B,medium,R,0.5,258,4,4
cameo_hard,8jvx_B,medium,AUC,0.9074803149606299,258,4,258
cameo_hard,8jvx_B,long,L,0.20512820512820512,120,8,39
cameo_hard,8jvx_B,long,L/2,0.3684210526315789,120,8,19
cameo_hard,8jvx_B,long,L/5,0.8571428571428571,120,8,7
cameo_hard,8jvx_B,long,R,0.75,120,8,8
cameo_hard,8jvx_B,long,AUC,0.9799107142857143,120,8,120
cameo_hard,8vej_B,all,L,0.24380165289256198,27966,176,242
cameo_hard,8vej_B,all,L/2,0.3305785123966942,27966,176,121
cameo_hard,8vej_B,all,L/5,0.4166666666666667,27966,176,48
cameo_hard,8vej_B,all,R,0.2727272727272727,27966,176,176
cameo_hard,8vej_B,all,AUC,0.882875830089306,27966,176,27966
cameo_hard,8vej_B,short,L,0.07851239669421488,1401,19,242
cameo_hard,8vej_B,short,L/2,0.14049586776859505,1401,19,121
cameo_hard,8vej_B,short,L/5,0.2916666666666667,1401,19,48
cameo_hard,8vej_B,short,R,0.5263157894736842,1401,19,19
cameo_hard,8vej_B,short,AUC,0.9766166501637596,1401,19,1401
cameo_hard,8vej_B,medium,L,0.10743801652892562,2694,31,242
cameo_hard,8vej_B,medium,L/2,0.18181818181818182,2694,31,121
cameo_hard,8vej_B,medium,L/5,0.3333333333333333,2694,31,48
cameo_hard,8vej_B,medium,R,0.3548387096774194,2694,31,31
cameo_hard,8vej_B,medium,AUC,0.9676813683330708,2694,31,2694
cameo_hard,8vej_B,long,L,0.14049586776859505,23871,126,242
cameo_hard,8vej_B,long,L/2,0.2066115702479339,23871,126,121
cameo_hard,8vej_B,long,L/5,0.2916666666666667,23871,126,48
cameo_hard,8vej_B,long,R,0.1984126984126984,23871,126,126
cameo_hard,8vej_B,long,AUC,0.8477427160939477,23871,126,23871
cameo_hard,8u1a_A,all,L,0.12654320987654322,50721,453,324
cameo_hard,8u1a_A,all,L/2,0.14814814814814814,50721,453,162
cameo_hard,8u1a_A,all,L/5,0.1875,50721,453,64
cameo_hard,8u1a_A,all,R,0.10596026490066225,50721,453,453
cameo_hard,8u1a_A,all,AUC,0.6784396561582238,50721,453,50721
cameo_hard,8u1a_A,short,L,0.046296296296296294,1893,32,324
cameo_hard,8u1a_A,short,L/2,0.08641975308641975,1893,32,162
cameo_hard,8u1a_A,short,L/5,0.140625,1893,32,64
cameo_hard,8u1a_A,short,R,0.21875,1893,32,32
cameo_hard,8u1a_A,short,AUC,0.7350970580333154,1893,32,1893
cameo_hard,8u1a_A,medium,L,0.04938271604938271,3678,55,324
cameo_hard,8u1a_A,medium,L/2,0.06172839506172839,3678,55,162
cameo_hard,8u1a_A,medium,L/5,0.140625,3678,55,64
cameo_hard,8u1a_A,medium,R,0.14545454545454545,3678,55,55
cameo_hard,8u1a_A,medium,AUC,0.6431234787845332,3678,55,3678
cameo_hard,8u1a_A,long,L,0.09567901234567901,45150,366,324
cameo_hard,8u1a_A,long,L/2,0.1111111111111111,45150,366,162
cameo_hard,8u1a_A,long,L/5,0.140625,45150,366,64
cameo_hard,8u1a_A,long,R,0.08469945355191257,45150,366,366
cameo_hard,8u1a_A,long,AUC,0.6773033938740807,45150,366,45150
cameo_hard,8vd6_A,all,L,0.3218390804597701,14196,114,174
cameo_hard,8vd6_A,all,L/2,0.4827586206896552,14196,114,87
cameo_hard,8vd6_A,all,L/5,0.6764705882352942,14196,114,34
cameo_hard,8vd6_A,all,R,0.42105263157894735,14196,114,114
cameo_hard,8vd6_A,all,AUC,0.9628750277198465,14196,114,14196
cameo_hard,8vd6_A,short,L,0.12643678160919541,993,25,174
cameo_hard,8vd6_A,short,L/2,0.25287356321839083,993,25,87
cameo_hard,8vd6_A,short,L/5,0.5882352941176471,993,25,34
cameo_hard,8vd6_A,short,R,0.8,993,25,25
cameo_hard,8vd6_A,short,AUC,0.9165082644628099,993,25,993
cameo_hard,8vd6_A,medium,L,0.09770114942528736,1878,17,174
cameo_hard,8vd6_A,medium,L/2,0.19540229885057472,1878,17,87
cameo_hard,8vd6_A,medium,L/5,0.3235294117647059,1878,17,34
cameo_hard,8vd6_A,medium,R,0.4117647058823529,1878,17,17
cameo_hard,8vd6_A,medium,AUC,0.9887157442235357,1878,17,1878
cameo_hard,8vd6_A,long,L,0.27011494252873564,11325,72,174
cameo_hard,8vd6_A,long,L/2,0.3563218390804598,11325,72,87
cameo_hard,8vd6_A,long,L/5,0.47058823529411764,11325,72,34
cameo_hard,8vd6_A,long,R,0.3333333333333333,11325,72,72
cameo_hard,8vd6_A,long,AUC,0.9767981624653179,11325,72,11325
cameo_hard,8wwc_C,all,L,0.3008849557522124,5778,97,113
cameo_hard,8wwc_C,all,L/2,0.42857142857142855,5778,97,56
cameo_hard,8wwc_C,all,L/5,0.45454545454545453,5778,97,22
cameo_hard,8wwc_C,all,R,0.31958762886597936,5778,97,97
cameo_hard,8wwc_C,all,AUC,0.9302404288485584,5778,97,5778
cameo_hard,8wwc_C,short,L,0.10619469026548672,627,12,113
cameo_hard,8wwc_C,short,L/2,0.21428571428571427,627,12,56
cameo_hard,8wwc_C,short,L/5,0.3181818181818182,627,12,22
cameo_hard,8wwc_C,short,R,0.4166666666666667,627,12,12
cameo_hard,8wwc_C,short,AUC,0.9762195121951219,627,12,627
cameo_hard,8wwc_C,medium,L,0.17699115044247787,1146,21,113
cameo_hard,8wwc_C,medium,L/2,0.30357142857142855,1146,21,56
cameo_hard,8wwc_C,medium,L/5,0.5,1146,21,22
cameo_hard,8wwc_C,medium,R,0.5238095238095238,1146,21,21
cameo_hard,8wwc_C,medium,AUC,0.9788359788359787,1146,21,1146
cameo_hard,8wwc_C,long,L,0.22123893805309736,4005,64,113
cameo_hard,8wwc_C,long,L/2,0.25,4005,64,56
cameo_hard,8wwc_C,long,L/5,0.4090909090909091,4005,64,22
cameo_hard,8wwc_C,long,R,0.234375,4005,64,64
cameo_hard,8wwc_C,long,AUC,0.9029989215935041,4005,64,4005
cameo_hard,9eqn_A,all,L,0.16666666666666666,2211,33,72
cameo_hard,9eqn_A,all,L/2,0.25,2211,33,36
cameo_hard,9eqn_A,all,L/5,0.42857142857142855,2211,33,14
cameo_hard,9eqn_A,all,R,0.2727272727272727,2211,33,33
cameo_hard,9eqn_A,all,AUC,0.8607841500403484,2211,33,2211
cameo_hard,9eqn_A,short,L,0.1388888888888889,381,14,72
cameo_hard,9eqn_A,short,L/2,0.25,381,14,36
cameo_hard,9eqn_A,short,L/5,0.42857142857142855,381,14,14
cameo_hard,9eqn_A,short,R,0.42857142857142855,381,14,14
cameo_hard,9eqn_A,short,AUC,0.8713507201245622,381,14,381
cameo_hard,9eqn_A,medium,L,0.08333333333333333,654,9,72
cameo_hard,9eqn_A,medium,L/2,0.1111111111111111,654,9,36
cameo_hard,9eqn_A,medium,L/5,0.21428571428571427,654,9,14
cameo_hard,9eqn_A,medium,R,0.2222222222222222,654,9,9
cameo_hard,9eqn_A,medium,AUC,0.8579672695951764,654,9,654
cameo_hard,9eqn_A,long,L,0.041666666666666664,1176,10,72
cameo_hard,9eqn_A,long,L/2,0.0,1176,10,36
cameo_hard,9eqn_A,long,L/5,0.0,1176,10,14
cameo_hard,9eqn_A,long,R,0.0,1176,10,10
cameo_hard,9eqn_A,long,AUC,0.8452830188679246,1176,10,1176
cameo_hard,9isp_A,all,L,0.09615384615384616,11325,166,156
cameo_hard,9isp_A,all,L/2,0.10256410256410256,11325,166,78
cameo_hard,9isp_A,all,L/5,0.16129032258064516,11325,166,31
cameo_hard,9isp_A,all,R,0.10240963855421686,11325,166,166
cameo_hard,9isp_A,all,AUC,0.7607463638945063,11325,166,11325
cameo_hard,9isp_A,short,L,0.08333333333333333,885,20,156
cameo_hard,9isp_A,short,L/2,0.14102564102564102,885,20,78
cameo_hard,9isp_A,short,L/5,0.0967741935483871,885,20,31
cameo_hard,9isp_A,short,R,0.05,885,20,20
cameo_hard,9isp_A,short,AUC,0.8467919075144509,885,20,885
cameo_hard,9isp_A,medium,L,0.04487179487179487,1662,16,156
cameo_hard,9isp_A,medium,L/2,0.05128205128205128,1662,16,78
cameo_hard,9isp_A,medium,L/5,0.0967741935483871,1662,16,31
cameo_hard,9isp_A,medium,R,0.125,1662,16,16
cameo_hard,9isp_A,medium,AUC,0.8061778554070473,1662,16,1662
cameo_hard,9isp_A,long,L,0.11538461538461539,8778,130,156
cameo_hard,9isp_A,long,L/2,0.11538461538461539,8778,130,78
cameo_hard,9isp_A,long,L/5,0.16129032258064516,8778,130,31
cameo_hard,9isp_A,long,R,0.12307692307692308,8778,130,130
cameo_hard,9isp_A,long,AUC,0.7446617270333737,8778,130,8778
cameo_hard,8s89_A,all,L,0.19201995012468828,78210,341,401
cameo_hard,8s89_A,all,L/2,0.28,78210,341,200
cameo_hard,8s89_A,all,L/5,0.425,78210,341,80
cameo_hard,8s89_A,all,R,0.20527859237536658,78210,341,341
cameo_hard,8s89_A,all,AUC,0.8469330342722753,78210,341,78210
cameo_hard,8s89_A,short,L,0.057356608478802994,2355,24,401
cameo_hard,8s89_A,short,L/2,0.11,2355,24,200
cameo_hard,8s89_A,short,L/5,0.2375,2355,24,80
cameo_hard,8s89_A,short,R,0.5416666666666666,2355,24,24
cameo_hard,8s89_A,short,AUC,0.97258866008866,2355,24,2355
cameo_hard,8s89_A,medium,L,0.12219451371571072,4602,56,401
cameo_hard,8s89_A,medium,L/2,0.215,4602,56,200
cameo_hard,8s89_A,medium,L/5,0.375,4602,56,80
cameo_hard,8s89_A,medium,R,0.44642857142857145,4602,56,56
cameo_hard,8s89_A,medium,AUC,0.9626221639117591,4602,56,4602
cameo_hard,8s89_A,long,L,0.10723192019950124,71253,261,401
cameo_hard,8s89_A,long,L/2,0.135,71253,261,200
cameo_hard,8s89_A,long,L/5,0.1375,71253,261,80
cameo_hard,8s89_A,long,R,0.1111111111111111,71253,261,261
cameo_hard,8s89_A,long,AUC,0.8114961903861381,71253,261,71253
cameo_hard,8yl4_B,all,L,0.2222222222222222,20301,175,207
cameo_hard,8yl4_B,all,L/2,0.3786407766990291,20301,175,103
cameo_hard,8yl4_B,all,L/5,0.6829268292682927,20301,175,41
cameo_hard,8yl4_B,all,R,0.2571428571428571,20301,175,175
cameo_hard,8yl4_B,all,AUC,0.8355359804659219,20301,175,20301
cameo_hard,8yl4_B,short,L,0.09178743961352658,1191,21,207
cameo_hard,8yl4_B,short,L/2,0.1553398058252427,1191,21,103
cameo_hard,8yl4_B,short,L/5,0.3170731707317073,1191,21,41
cameo_hard,8yl4_B,short,R,0.5238095238095238,1191,21,21
cameo_hard,8yl4_B,short,AUC,0.9306674806674806,1191,21,1191
cameo_hard,8yl4_B,medium,L,0.11594202898550725,2274,27,207
cameo_hard,8yl4_B,medium,L/2,0.18446601941747573,2274,27,103
cameo_hard,8yl4_B,medium,L/5,0.34146341463414637,2274,27,41
cameo_hard,8yl4_B,medium,R,0.5185185185185185,2274,27,27
cameo_hard,8yl4_B,medium,AUC,0.9488371326377556,2274,27,2274
cameo_hard,8yl4_B,long,L,0.12560386473429952,16836,127,207
cameo_hard,8yl4_B,long,L/2,0.18446601941747573,16836,127,103
cameo_hard,8yl4_B,long,L/5,0.34146341463414637,16836,127,41
cameo_hard,8yl4_B,long,R,0.1732283464566929,16836,127,127
cameo_hard,8yl4_B,long,AUC,0.7948222538374575,16836,127,16836
cameo_hard,9fdg_A,all,L,0.5642458100558659,15051,148,179
cameo_hard,9fdg_A,all,L/2,0.6629213483146067,15051,148,89
cameo_hard,9fdg_A,all,L/5,0.8857142857142857,15051,148,35
cameo_hard,9fdg_A,all,R,0.5878378378378378,15051,148,148
cameo_hard,9fdg_A,all,AUC,0.95856720304818,15051,148,15051
cameo_hard,9fdg_A,short,L,0.2346368715083799,1023,42,179
cameo_hard,9fdg_A,short,L/2,0.4157303370786517,1023,42,89
cameo_hard,9fdg_A,short,L/5,0.7142857142857143,1023,42,35
cameo_hard,9fdg_A,short,R,0.6428571428571429,1023,42,42
cameo_hard,9fdg_A,short,AUC,0.9832411048007379,1023,42,1023
cameo_hard,9fdg_A,medium,L,0.31843575418994413,1938,57,179
cameo_hard,9fdg_A,medium,L/2,0.550561797752809,1938,57,89
cameo_hard,9fdg_A,medium,L/5,0.7714285714285715,1938,57,35
cameo_hard,9fdg_A,medium,R,0.6666666666666666,1938,57,57
cameo_hard,9fdg_A,medium,AUC,0.9896145200854343,1938,57,1938
cameo_hard,9fdg_A,long,L,0.17318435754189945,12090,49,179
cameo_hard,9fdg_A,long,L/2,0.29213483146067415,12090,49,89
cameo_hard,9fdg_A,long,L/5,0.4857142857142857,12090,49,35
cameo_hard,9fdg_A,long,R,0.3877551020408163,12090,49,49
cameo_hard,9fdg_A,long,AUC,0.8942855108989862,12090,49,12090
cameo_hard,9dl1_D,all,L,0.06451612903225806,7021,34,124
cameo_hard,9dl1_D,all,L/2,0.0967741935483871,7021,34,62
cameo_hard,9dl1_D,all,L/5,0.125,7021,34,24
cameo_hard,9dl1_D,all,R,0.08823529411764706,7021,34,34
cameo_hard,9dl1_D,all,AUC,0.8617116662036219,7021,34,7021
cameo_hard,9dl1_D,short,L,0.04032258064516129,693,10,124
cameo_hard,9dl1_D,short,L/2,0.08064516129032258,693,10,62
cameo_hard,9dl1_D,short,L/5,0.08333333333333333,693,10,24
cameo_hard,9dl1_D,short,R,0.1,693,10,10
cameo_hard,9dl1_D,short,AUC,0.7472913616398242,693,10,693
cameo_hard,9dl1_D,medium,L,0.03225806451612903,1278,9,124
cameo_hard,9dl1_D,medium,L/2,0.04838709677419355,1278,9,62
cameo_hard,9dl1_D,medium,L/5,0.08333333333333333,1278,9,24
cameo_hard,9dl1_D,medium,R,0.0,1278,9,9
cameo_hard,9dl1_D,medium,AUC,0.8975133525960949,1278,9,1278
cameo_hard,9dl1_D,long,L,0.06451612903225806,5050,15,124
cameo_hard,9dl1_D,long,L/2,0.06451612903225806,5050,15,62
cameo_hard,9dl1_D,long,L/5,0.125,5050,15,24
cameo_hard,9dl1_D,long,R,0.13333333333333333,5050,15,15
cameo_hard,9dl1_D,long,AUC,0.906964581264482,5050,15,5050
cameo_hard,9k3e_C,all,L,0.16379310344827586,6105,116,116
cameo_hard,9k3e_C,all,L/2,0.15517241379310345,6105,116,58
cameo_hard,9k3e_C,all,L/5,0.21739130434782608,6105,116,23
cameo_hard,9k3e_C,all,R,0.16379310344827586,6105,116,116
cameo_hard,9k3e_C,all,AUC,0.8148602898417214,6105,116,6105
cameo_hard,9k3e_C,short,L,0.1206896551724138,645,19,116
cameo_hard,9k3e_C,short,L/2,0.15517241379310345,645,19,58
cameo_hard,9k3e_C,short,L/5,0.043478260869565216,645,19,23
cameo_hard,9k3e_C,short,R,0.05263157894736842,645,19,19
cameo_hard,9k3e_C,short,AUC,0.873045232890533,645,19,645
cameo_hard,9k3e_C,medium,L,0.1724137931034483,1182,34,116
cameo_hard,9k3e_C,medium,L/2,0.1896551724137931,1182,34,58
cameo_hard,9k3e_C,medium,L/5,0.30434782608695654,1182,34,23
cameo_hard,9k3e_C,medium,R,0.2647058823529412,1182,34,34
cameo_hard,9k3e_C,medium,AUC,0.853363906538225,1182,34,1182
cameo_hard,9k3e_C,long,L,0.07758620689655173,4278,63,116
cameo_hard,9k3e_C,long,L/2,0.10344827586206896,4278,63,58
cameo_hard,9k3e_C,long,L/5,0.08695652173913043,4278,63,23
cameo_hard,9k3e_C,long,R,0.09523809523809523,4278,63,63
cameo_hard,9k3e_C,long,AUC,0.7655331488071702,4278,63,4278
cameo_hard,8zaf_A,all,L,0.11048158640226628,60378,389,353
cameo_hard,8zaf_A,all,L/2,0.1590909090909091,60378,389,176
cameo_hard,8zaf_A,all,L/5,0.18571428571428572,60378,389,70
cameo_hard,8zaf_A,all,R,0.10539845758354756,60378,389,389
cameo_hard,8zaf_A,all,AUC,0.7278416852858327,60378,389,60378
cameo_hard,8zaf_A,short,L,0.10198300283286119,2067,50,353
cameo_hard,8zaf_A,short,L/2,0.10795454545454546,2067,50,176
cameo_hard,8zaf_A,short,L/5,0.18571428571428572,2067,50,70
cameo_hard,8zaf_A,short,R,0.24,2067,50,50
cameo_hard,8zaf_A,short,AUC,0.8410808130887456,2067,50,2067
cameo_hard,8zaf_A,medium,L,0.08498583569405099,4026,66,353
cameo_hard,8zaf_A,medium,L/2,0.09659090909090909,4026,66,176
cameo_hard,8zaf_A,medium,L/5,0.14285714285714285,4026,66,70
cameo_hard,8zaf_A,medium,R,0.15151515151515152,4026,66,66
cameo_hard,8zaf_A,medium,AUC,0.8378213957759413,4026,66,4026
cameo_hard,8zaf_A,long,L,0.056657223796033995,54285,273,353
cameo_hard,8zaf_A,long,L/2,0.07954545454545454,54285,273,176
cameo_hard,8zaf_A,long,L/5,0.04285714285714286,54285,273,70
cameo_hard,8zaf_A,long,R,0.0695970695970696,54285,273,273
cameo_hard,8zaf_A,long,AUC,0.6598536371920065,54285,273,54285
cameo_hard,9hac_B,all,L,0.2992125984251969,7381,111,127
cameo_hard,9hac_B,all,L/2,0.49206349206349204,7381,111,63
cameo_hard,9hac_B,all,L/5,0.72,7381,111,25
cameo_hard,9hac_B,all,R,0.32432432432432434,7381,111,111
cameo_hard,9hac_B,all,AUC,0.8362535162397611,7381,111,7381
cameo_hard,9hac_B,short,L,0.11811023622047244,711,15,127
cameo_hard,9hac_B,short,L/2,0.23809523809523808,711,15,63
cameo_hard,9hac_B,short,L/5,0.48,711,15,25
cameo_hard,9hac_B,short,R,0.7333333333333333,711,15,15
cameo_hard,9hac_B,short,AUC,0.9910919540229886,711,15,711
cameo_hard,9hac_B,medium,L,0.16535433070866143,1314,25,127
cameo_hard,9hac_B,medium,L/2,0.25396825396825395,1314,25,63
cameo_hard,9hac_B,medium,L/5,0.44,1314,25,25
cameo_hard,9hac_B,medium,R,0.44,1314,25,25
cameo_hard,9hac_B,medium,AUC,0.9591466252909231,1314,25,1314
cameo_hard,9hac_B,long,L,0.13385826771653545,5356,71,127
cameo_hard,9hac_B,long,L/2,0.19047619047619047,5356,71,63
cameo_hard,9hac_B,long,L/5,0.32,5356,71,25
cameo_hard,9hac_B,long,R,0.18309859154929578,5356,71,71
cameo_hard,9hac_B,long,AUC,0.7563606806401322,5356,71,5356
cameo_hard,9had_C,all,L,0.37037037037037035,5253,96,108
cameo_hard,9had_C,all,L/2,0.5185185185185185,5253,96,54
cameo_hard,9had_C,all,L/5,0.8571428571428571,5253,96,21
cameo_hard,9had_C,all,R,0.3854166666666667,5253,96,96
cameo_hard,9had_C,all,AUC,0.9007578695624071,5253,96,5253
cameo_hard,9had_C,short,L,0.09259259259259259,597,10,108
cameo_hard,9had_C,short,L/2,0.14814814814814814,597,10,54
cameo_hard,9had_C,short,L/5,0.2857142857142857,597,10,21
cameo_hard,9had_C,short,R,0.5,597,10,10
cameo_hard,9had_C,short,AUC,0.9724020442930154,597,10,597
cameo_hard,9had_C,medium,L,0.17592592592592593,1086,21,108
cameo_hard,9had_C,medium,L/2,0.3333333333333333,1086,21,54
cameo_hard,9had_C,medium,L/5,0.47619047619047616,1086,21,21
cameo_hard,9had_C,medium,R,0.47619047619047616,1086,21,21
cameo_hard,9had_C,medium,AUC,0.9765481779566287,1086,21,1086
cameo_hard,9had_C,long,L,0.25925925925925924,3570,65,108
cameo_hard,9had_C,long,L/2,0.35185185185185186,3570,65,54
cameo_hard,9had_C,long,L/5,0.6190476190476191,3570,65,21
cameo_hard,9had_C,long,R,0.3384615384615385,3570,65,65
cameo_hard,9had_C,long,AUC,0.8619225282563371,3570,65,3570
cameo_hard,9j46_F,all,L,0.12096774193548387,7021,95,124
cameo_hard,9j46_F,all,L/2,0.16129032258064516,7021,95,62
cameo_hard,9j46_F,all,L/5,0.3333333333333333,7021,95,24
cameo_hard,9j46_F,all,R,0.14736842105263157,7021,95,95
cameo_hard,9j46_F,all,AUC,0.7520358071036674,7021,95,7021
cameo_hard,9j46_F,short,L,0.08870967741935484,693,12,124
cameo_hard,9j46_F,short,L/2,0.12903225806451613,693,12,62
cameo_hard,9j46_F,short,L/5,0.25,693,12,24
cameo_hard,9j46_F,short,R,0.5,693,12,12
cameo_hard,9j46_F,short,AUC,0.9315956926089085,693,12,693
cameo_hard,9j46_F,medium,L,0.07258064516129033,1278,12,124
cameo_hard,9j46_F,medium,L/2,0.11290322580645161,1278,12,62
cameo_hard,9j46_F,medium,L/5,0.16666666666666666,1278,12,24
cameo_hard,9j46_F,medium,R,0.25,1278,12,12
cameo_hard,9j46_F,medium,AUC,0.9407582938388626,1278,12,1278
cameo_hard,9j46_F,long,L,0.11290322580645161,5050,71,124
cameo_hard,9j46_F,long,L/2,0.16129032258064516,5050,71,62
cameo_hard,9j46_F,long,L/5,0.08333333333333333,5050,71,24
cameo_hard,9j46_F,long,R,0.14084507042253522,5050,71,71
cameo_hard,9j46_F,long,AUC,0.7067344820075303,5050,71,5050
cameo_hard,8v4w_A,all,L,0.18357487922705315,20301,216,207
cameo_hard,8v4w_A,all,L/2,0.2815533980582524,20301,216,103
cameo_hard,8v4w_A,all,L/5,0.3902439024390244,20301,216,41
cameo_hard,8v4w_A,all,R,0.17592592592592593,20301,216,216
cameo_hard,8v4w_A,all,AUC,0.7725115020422464,20301,216,20301
cameo_hard,8v4w_A,short,L,0.07246376811594203,1191,25,207
cameo_hard,8v4w_A,short,L/2,0.11650485436893204,1191,25,103
cameo_hard,8v4w_A,short,L/5,0.21951219512195122,1191,25,41
cameo_hard,8v4w_A,short,R,0.24,1191,25,25
cameo_hard,8v4w_A,short,AUC,0.7966552315608919,1191,25,1191
cameo_hard,8v4w_A,medium,L,0.13043478260869565,2274,44,207
cameo_hard,8v4w_A,medium,L/2,0.20388349514563106,2274,44,103
cameo_hard,8v4w_A,medium,L/5,0.3902439024390244,2274,44,41
cameo_hard,8v4w_A,medium,R,0.4090909090909091,2274,44,44
cameo_hard,8v4w_A,medium,AUC,0.8653638401956787,2274,44,2274
cameo_hard,8v4w_A,long,L,0.057971014492753624,16836,147,207
cameo_hard,8v4w_A,long,L/2,0.06796116504854369,16836,147,103
cameo_hard,8v4w_A,long,L/5,0.17073170731707318,16836,147,41
cameo_hard,8v4w_A,long,R,0.05442176870748299,16836,147,147
cameo_hard,8v4w_A,long,AUC,0.7345889161584701,16836,147,16836
cameo_hard,9bch_A,all,L,0.1717171717171717,18528,173,198
cameo_hard,9bch_A,all,L/2,0.2222222222222222,18528,173,99
cameo_hard,9bch_A,all,L/5,0.38461538461538464,18528,173,39
cameo_hard,9bch_A,all,R,0.1907514450867052,18528,173,173
cameo_hard,9bch_A,all,AUC,0.7959573787993066,18528,173,18528
cameo_hard,9bch_A,short,L,0.10101010101010101,1137,27,198
cameo_hard,9bch_A,short,L/2,0.1717171717171717,1137,27,99
cameo_hard,9bch_A,short,L/5,0.2564102564102564,1137,27,39
cameo_hard,9bch_A,short,R,0.2962962962962963,1137,27,27
cameo_hard,9bch_A,short,AUC,0.8741074407741074,1137,27,1137
cameo_hard,9bch_A,medium,L,0.09090909090909091,2166,36,198
cameo_hard,9bch_A,medium,L/2,0.1414141414141414,2166,36,99
cameo_hard,9bch_A,medium,L/5,0.23076923076923078,2166,36,39
cameo_hard,9bch_A,medium,R,0.25,2166,36,36
cameo_hard,9bch_A,medium,AUC,0.8761541471048513,2166,36,2166
cameo_hard,9bch_A,long,L,0.09595959595959595,15225,110,198
cameo_hard,9bch_A,long,L/2,0.1111111111111111,15225,110,99
cameo_hard,9bch_A,long,L/5,0.1794871794871795,15225,110,39
cameo_hard,9bch_A,long,R,0.1,15225,110,110
cameo_hard,9bch_A,long,AUC,0.7380308543590052,15225,110,15225
cameo_hard,8xtn_A,all,L,0.09090909090909091,378,7,33
cameo_hard,8xtn_A,all,L/2,0.0625,378,7,16
cameo_hard,8xtn_A,all,L/5,0.16666666666666666,378,7,6
cameo_hard,8xtn_A,all,R,0.14285714285714285,378,7,7
cameo_hard,8xtn_A,all,AUC,0.807277628032345,378,7,378
cameo_hard,8xtn_A,short,L,0.06060606060606061,147,2,33
cameo_hard,8xtn_A,short,L/2,0.125,147,2,16
cameo_hard,8xtn_A,short,L/5,0.16666666666666666,147,2,6
cameo_hard,8xtn_A,short,R,0.5,147,2,2
cameo_hard,8xtn_A,short,AUC,0.9741379310344828,147,2,147
cameo_hard,8xtn_A,medium,L,0.030303030303030304,186,4,33
cameo_hard,8xtn_A,medium,L/2,0.0,186,4,16
cameo_hard,8xtn_A,medium,L/5,0.0,186,4,6
cameo_hard,8xtn_A,medium,R,0.0,186,4,4
cameo_hard,8xtn_A,medium,AUC,0.6710164835164836,186,4,186
cameo_hard,8xtn_A,long,L,0.030303030303030304,45,1,33
cameo_hard,8xtn_A,long,L/2,0.0625,45,1,16
cameo_hard,8xtn_A,long,L/5,0.16666666666666666,45,1,6
cameo_hard,8xtn_A,long,R,0.0,45,1,1
cameo_hard,8xtn_A,long,AUC,0.9431818181818181,45,1,45
cameo_hard,9b7d_D,all,L,0.15104166666666666,17391,141,192
cameo_hard,9b7d_D,all,L/2,0.19791666666666666,17391,141,96
cameo_hard,9b7d_D,all,L/5,0.3157894736842105,17391,141,38
cameo_hard,9b7d_D,all,R,0.18439716312056736,17391,141,141
cameo_hard,9b7d_D,all,AUC,0.8669236303833899,17391,141,17391
cameo_hard,9b7d_D,short,L,0.08854166666666667,1101,29,192
cameo_hard,9b7d_D,short,L/2,0.125,1101,29,96
cameo_hard,9b7d_D,short,L/5,0.21052631578947367,1101,29,38
cameo_hard,9b7d_D,short,R,0.2413793103448276,1101,29,29
cameo_hard,9b7d_D,short,AUC,0.8230346114256304,1101,29,1101
cameo_hard,9b7d_D,medium,L,0.125,2094,38,192
cameo_hard,9b7d_D,medium,L/2,0.15625,2094,38,96
cameo_hard,9b7d_D,medium,L/5,0.23684210526315788,2094,38,38
cameo_hard,9b7d_D,medium,R,0.23684210526315788,2094,38,38
cameo_hard,9b7d_D,medium,AUC,0.8624500819168543,2094,38,2094
cameo_hard,9b7d_D,long,L,0.052083333333333336,14196,74,192
cameo_hard,9b7d_D,long,L/2,0.09375,14196,74,96
cameo_hard,9b7d_D,long,L/5,0.15789473684210525,14196,74,38
cameo_hard,9b7d_D,long,R,0.10810810810810811,14196,74,74
cameo_hard,9b7d_D,long,AUC,0.8537780805873144,14196,74,14196
cameo_hard,9def_A,all,L,0.18543046357615894,10585,115,151
cameo_hard,9def_A,all,L/2,0.24,10585,115,75
cameo_hard,9def_A,all,L/5,0.36666666666666664,10585,115,30
cameo_hard,9def_A,all,R,0.19130434782608696,10585,115,115
cameo_hard,9def_A,all,AUC,0.822580042357045,10585,115,10585
cameo_hard,9def_A,short,L,0.1390728476821192,855,22,151
cameo_hard,9def_A,short,L/2,0.24,855,22,75
cameo_hard,9def_A,short,L/5,0.43333333333333335,855,22,30
cameo_hard,9def_A,short,R,0.5,855,22,22
cameo_hard,9def_A,short,AUC,0.9646676852559206,855,22,855
cameo_hard,9def_A,medium,L,0.06622516556291391,1602,18,151
cameo_hard,9def_A,medium,L/2,0.09333333333333334,1602,18,75
cameo_hard,9def_A,medium,L/5,0.1,1602,18,30
cameo_hard,9def_A,medium,R,0.1111111111111111,1602,18,18
cameo_hard,9def_A,medium,AUC,0.850817199775533,1602,18,1602
cameo_hard,9def_A,long,L,0.1456953642384106,8128,75,151
cameo_hard,9def_A,long,L/2,0.17333333333333334,8128,75,75
cameo_hard,9def_A,long,L/5,0.16666666666666666,8128,75,30
cameo_hard,9def_A,long,R,0.17333333333333334,8128,75,75
cameo_hard,9def_A,long,AUC,0.7711759592698373,8128,75,8128
cameo_hard,9deg_A,all,L,0.25477707006369427,11476,142,157
cameo_hard,9deg_A,all,L/2,0.3333333333333333,11476,142,78
cameo_hard,9deg_A,all,L/5,0.5483870967741935,11476,142,31
cameo_hard,9deg_A,all,R,0.2676056338028169,11476,142,142
cameo_hard,9deg_A,all,AUC,0.8292384002266644,11476,142,11476
cameo_hard,9deg_A,short,L,0.1464968152866242,891,26,157
cameo_hard,9deg_A,short,L/2,0.2564102564102564,891,26,78
cameo_hard,9deg_A,short,L/5,0.45161290322580644,891,26,31
cameo_hard,9deg_A,short,R,0.5384615384615384,891,26,26
cameo_hard,9deg_A,short,AUC,0.9428857269897732,891,26,891
cameo_hard,9deg_A,medium,L,0.12738853503184713,1674,23,157
cameo_hard,9deg_A,medium,L/2,0.1794871794871795,1674,23,78
cameo_hard,9deg_A,medium,L/5,0.22580645161290322,1674,23,31
cameo_hard,9deg_A,medium,R,0.2608695652173913,1674,23,23
cameo_hard,9deg_A,medium,AUC,0.9551655123377136,1674,23,1674
cameo_hard,9deg_A,long,L,0.17834394904458598,8911,93,157
cameo_hard,9deg_A,long,L/2,0.24358974358974358,8911,93,78
cameo_hard,9deg_A,long,L/5,0.3225806451612903,8911,93,31
cameo_hard,9deg_A,long,R,0.22580645161290322,8911,93,93
cameo_hard,9deg_A,long,AUC,0.7634292758946144,8911,93,8911
cameo_hard,9j5h_A,all,L,0.2571428571428571,435,15,35
cameo_hard,9j5h_A,all,L/2,0.23529411764705882,435,15,17
cameo_hard,9j5h_A,all,L/5,0.2857142857142857,435,15,7
cameo_hard,9j5h_A,all,R,0.2,435,15,15
cameo_hard,9j5h_A,all,AUC,0.885,435,15,435
cameo_hard,9j5h_A,short,L,0.11428571428571428,159,5,35
cameo_hard,9j5h_A,short,L/2,0.17647058823529413,159,5,17
cameo_hard,9j5h_A,short,L/5,0.14285714285714285,159,5,7
cameo_hard,9j5h_A,short,R,0.2,159,5,5
cameo_hard,9j5h_A,short,AUC,0.8603896103896104,159,5,159
cameo_hard,9j5h_A,medium,L,0.2,210,7,35
cameo_hard,9j5h_A,medium,L/2,0.35294117647058826,210,7,17
cameo_hard,9j5h_A,medium,L/5,0.2857142857142857,210,7,7
cameo_hard,9j5h_A,medium,R,0.2857142857142857,210,7,7
cameo_hard,9j5h_A,medium,AUC,0.9700914848698101,210,7,210
cameo_hard,9j5h_A,long,L,0.05714285714285714,66,3,35
cameo_hard,9j5h_A,long,L/2,0.058823529411764705,66,3,17
cameo_hard,9j5h_A,long,L/5,0.14285714285714285,66,3,7
cameo_hard,9j5h_A,long,R,0.3333333333333333,66,3,3
cameo_hard,9j5h_A,long,AUC,0.7407407407407407,66,3,66
cameo_hard,8s3m_A,all,L,0.11884057971014493,57630,369,345
cameo_hard,8s3m_A,all,L/2,0.18023255813953487,57630,369,172
cameo_hard,8s3m_A,all,L/5,0.2753623188405797,57630,369,69
cameo_hard,8s3m_A,all,R,0.1111111111111111,57630,369,369
cameo_hard,8s3m_A,all,AUC,0.7462289703842184,57630,369,57630
cameo_hard,8s3m_A,short,L,0.08985507246376812,2019,45,345
cameo_hard,8s3m_A,short,L/2,0.14534883720930233,2019,45,172
cameo_hard,8s3m_A,short,L/5,0.2753623188405797,2019,45,69
cameo_hard,8s3m_A,short,R,0.3333333333333333,2019,45,45
cameo_hard,8s3m_A,short,AUC,0.8862827873466171,2019,45,2019
cameo_hard,8s3m_A,medium,L,0.06086956521739131,3930,56,345
cameo_hard,8s3m_A,medium,L/2,0.06395348837209303,3930,56,172
cameo_hard,8s3m_A,medium,L/5,0.10144927536231885,3930,56,69
cameo_hard,8s3m_A,medium,R,0.10714285714285714,3930,56,56
cameo_hard,8s3m_A,medium,AUC,0.7814804742237629,3930,56,3930
cameo_hard,8s3m_A,long,L,0.05507246376811594,51681,268,345
cameo_hard,8s3m_A,long,L/2,0.0872093023255814,51681,268,172
cameo_hard,8s3m_A,long,L/5,0.08695652173913043,51681,268,69
cameo_hard,8s3m_A,long,R,0.06716417910447761,51681,268,268
cameo_hard,8s3m_A,long,AUC,0.6981334356749892,51681,268,51681
cameo_hard,8yoz_A,all,L,0.34177215189873417,2701,59,79
cameo_hard,8yoz_A,all,L/2,0.6410256410256411,2701,59,39
cameo_hard,8yoz_A,all,L/5,1.0,2701,59,15
cameo_hard,8yoz_A,all,R,0.4406779661016949,2701,59,59
cameo_hard,8yoz_A,all,AUC,0.8941415722552253,2701,59,2701
cameo_hard,8yoz_A,short,L,0.20253164556962025,423,16,79
cameo_hard,8yoz_A,short,L/2,0.358974358974359,423,16,39
cameo_hard,8yoz_A,short,L/5,0.8666666666666667,423,16,15
cameo_hard,8yoz_A,short,R,0.8125,423,16,16
cameo_hard,8yoz_A,short,AUC,0.9881756756756757,423,16,423
cameo_hard,8yoz_A,medium,L,0.20253164556962025,738,26,79
cameo_hard,8yoz_A,medium,L/2,0.2564102564102564,738,26,39
cameo_hard,8yoz_A,medium,L/5,0.6,738,26,15
cameo_hard,8yoz_A,medium,R,0.34615384615384615,738,26,26
cameo_hard,8yoz_A,medium,AUC,0.9269933016421781,738,26,738
cameo_hard,8yoz_A,long,L,0.0759493670886076,1540,17,79
cameo_hard,8yoz_A,long,L/2,0.1282051282051282,1540,17,39
cameo_hard,8yoz_A,long,L/5,0.2,1540,17,15
cameo_hard,8yoz_A,long,R,0.17647058823529413,1540,17,17
cameo_hard,8yoz_A,long,AUC,0.739619945154687,1540,17,1540
cameo_hard,9f4c_A,all,L,0.14893617021276595,9180,65,141
cameo_hard,9f4c_A,all,L/2,0.2,9180,65,70
cameo_hard,9f4c_A,all,L/5,0.25,9180,65,28
cameo_hard,9f4c_A,all,R,0.2153846153846154,9180,65,65
cameo_hard,9f4c_A,all,AUC,0.7970716063968944,9180,65,9180
cameo_hard,9f4c_A,short,L,0.0851063829787234,795,18,141
cameo_hard,9f4c_A,short,L/2,0.14285714285714285,795,18,70
cameo_hard,9f4c_A,short,L/5,0.2857142857142857,795,18,28
cameo_hard,9f4c_A,short,R,0.2777777777777778,795,18,18
cameo_hard,9f4c_A,short,AUC,0.8055555555555556,795,18,795
cameo_hard,9f4c_A,medium,L,0.03546099290780142,1482,6,141
cameo_hard,9f4c_A,medium,L/2,0.07142857142857142,1482,6,70
cameo_hard,9f4c_A,medium,L/5,0.17857142857142858,1482,6,28
cameo_hard,9f4c_A,medium,R,0.3333333333333333,1482,6,6
cameo_hard,9f4c_A,medium,AUC,0.9612127371273713,1482,6,1482
cameo_hard,9f4c_A,long,L,0.06382978723404255,6903,41,141
cameo_hard,9f4c_A,long,L/2,0.1,6903,41,70
cameo_hard,9f4c_A,long,L/5,0.14285714285714285,6903,41,28
cameo_hard,9f4c_A,long,R,0.12195121951219512,6903,41,41
cameo_hard,9f4c_A,long,AUC,0.7635546772255831,6903,41,6903
cameo_hard,9de9_B,all,L,0.3333333333333333,2850,62,81
cameo_hard,9de9_B,all,L/2,0.4,2850,62,40
cameo_hard,9de9_B,all,L/5,0.5,2850,62,16
cameo_hard,9de9_B,all,R,0.3548387096774194,2850,62,62
cameo_hard,9de9_B,all,AUC,0.8816037626695052,2850,62,2850
cameo_hard,9de9_B,short,L,0.08641975308641975,435,7,81
cameo_hard,9de9_B,short,L/2,0.125,435,7,40
cameo_hard,9de9_B,short,L/5,0.1875,435,7,16
cameo_hard,9de9_B,short,R,0.2857142857142857,435,7,7
cameo_hard,9de9_B,short,AUC,0.9449265687583445,435,7,435
cameo_hard,9de9_B,medium,L,0.07407407407407407,762,7,81
cameo_hard,9de9_B,medium,L/2,0.125,762,7,40
cameo_hard,9de9_B,medium,L/5,0.3125,762,7,16
cameo_hard,9de9_B,medium,R,0.5714285714285714,762,7,7
cameo_hard,9de9_B,medium,AUC,0.8855250709555345,762,7,762
cameo_hard,9de9_B,long,L,0.2962962962962963,1653,48,81
cameo_hard,9de9_B,long,L/2,0.475,1653,48,40
cameo_hard,9de9_B,long,L/5,0.5,1653,48,16
cameo_hard,9de9_B,long,R,0.4166666666666667,1653,48,48
cameo_hard,9de9_B,long,AUC,0.8712941329179648,1653,48,1653
cameo_hard,9deb_E,all,L,0.4457831325301205,3003,57,83
cameo_hard,9deb_E,all,L/2,0.5121951219512195,3003,57,41
cameo_hard,9deb_E,all,L/5,0.625,3003,57,16
cameo_hard,9deb_E,all,R,0.45614035087719296,3003,57,57
cameo_hard,9deb_E,all,AUC,0.9726241945665248,3003,57,3003
cameo_hard,9deb_E,short,L,0.08433734939759036,447,7,83
cameo_hard,9deb_E,short,L/2,0.17073170731707318,447,7,41
cameo_hard,9deb_E,short,L/5,0.375,447,7,16
cameo_hard,9deb_E,short,R,0.5714285714285714,447,7,7
cameo_hard,9deb_E,short,AUC,0.989935064935065,447,7,447
cameo_hard,9deb_E,medium,L,0.14457831325301204,786,12,83
cameo_hard,9deb_E,medium,L/2,0.2926829268292683,786,12,41
cameo_hard,9deb_E,medium,L/5,0.375,786,12,16
cameo_hard,9deb_E,medium,R,0.5,786,12,12
cameo_hard,9deb_E,medium,AUC,0.9856804478897503,786,12,786
cameo_hard,9deb_E,long,L,0.37349397590361444,1770,38,83
cameo_hard,9deb_E,long,L/2,0.5609756097560976,1770,38,41
cameo_hard,9deb_E,long,L/5,0.6875,1770,38,16
cameo_hard,9deb_E,long,R,0.5526315789473685,1770,38,38
cameo_hard,9deb_E,long,AUC,0.9651072687492405,1770,38,1770
cameo_hard,9emy_B,all,L,0.3245382585751979,69751,459,379
cameo_hard,9emy_B,all,L/2,0.4603174603174603,69751,459,189
cameo_hard,9emy_B,all,L/5,0.6,69751,459,75
cameo_hard,9emy_B,all,R,0.28322440087145967,69751,459,459
cameo_hard,9emy_B,all,AUC,0.8796660704087417,69751,459,69751
cameo_hard,9emy_B,short,L,0.1345646437994723,2223,68,379
cameo_hard,9emy_B,short,L/2,0.21693121693121692,2223,68,189
cameo_hard,9emy_B,short,L/5,0.4,2223,68,75
cameo_hard,9emy_B,short,R,0.4411764705882353,2223,68,68
cameo_hard,9emy_B,short,AUC,0.8728435921932578,2223,68,2223
cameo_hard,9emy_B,medium,L,0.11873350923482849,4338,77,379
cameo_hard,9emy_B,medium,L/2,0.17989417989417988,4338,77,189
cameo_hard,9emy_B,medium,L/5,0.32,4338,77,75
cameo_hard,9emy_B,medium,R,0.3116883116883117,4338,77,77
cameo_hard,9emy_B,medium,AUC,0.8520148005010715,4338,77,4338
cameo_hard,9emy_B,long,L,0.24010554089709762,63190,314,379
cameo_hard,9emy_B,long,L/2,0.328042328042328,63190,314,189
cameo_hard,9emy_B,long,L/5,0.5866666666666667,63190,314,75
cameo_hard,9emy_B,long,R,0.267515923566879,63190,314,314
cameo_hard,9emy_B,long,AUC,0.8633393226097024,63190,314,63190
cameo_hard,9eum_A,all,L,0.1534090909090909,14535,138,176
cameo_hard,9eum_A,all,L/2,0.25,14535,138,88
cameo_hard,9eum_A,all,L/5,0.37142857142857144,14535,138,35
cameo_hard,9eum_A,all,R,0.18115942028985507,14535,138,138
cameo_hard,9eum_A,all,AUC,0.8137834170363593,14535,138,14535
cameo_hard,9eum_A,short,L,0.06818181818181818,1005,20,176
cameo_hard,9eum_A,short,L/2,0.125,1005,20,88
cameo_hard,9eum_A,short,L/5,0.2,1005,20,35
cameo_hard,9eum_A,short,R,0.25,1005,20,20
cameo_hard,9eum_A,short,AUC,0.8346192893401014,1005,20,1005
cameo_hard,9eum_A,medium,L,0.14204545454545456,1902,36,176
cameo_hard,9eum_A,medium,L/2,0.22727272727272727,1902,36,88
cameo_hard,9eum_A,medium,L/5,0.37142857142857144,1902,36,35
cameo_hard,9eum_A,medium,R,0.3888888888888889,1902,36,36
cameo_hard,9eum_A,medium,AUC,0.9179915445992617,1902,36,1902
cameo_hard,9eum_A,long,L,0.056818181818181816,11628,82,176
cameo_hard,9eum_A,long,L/2,0.045454545454545456,11628,82,88
cameo_hard,9eum_A,long,L/5,0.02857142857142857,11628,82,35
cameo_hard,9eum_A,long,R,0.04878048780487805,11628,82,82
cameo_hard,9eum_A,long,AUC,0.7536413201911336,11628,82,11628
