key,dataset,stem,n_alignments,n_rows_dropped
foldbench_all__5SBJ_A,foldbench_all,5SBJ_A,392,11
foldbench_all__5SNG_A,foldbench_all,5SNG_A,8795,5578
foldbench_all__7EKA_A,foldbench_all,7EKA_A,638,178
foldbench_all__7FTI_A,foldbench_all,7FTI_A,1224,291
foldbench_all__7FTN_A,foldbench_all,7FTN_A,1191,296
foldbench_all__7FTP_A,foldbench_all,7FTP_A,1224,291
foldbench_all__7FU2_A,foldbench_all,7FU2_A,1224,291
foldbench_all__7FU4_A,foldbench_all,7FU4_A,1224,291
foldbench_all__7FUB_A,foldbench_all,7FUB_A,1224,291
foldbench_all__7FUG_A,foldbench_all,7FUG_A,1224,291
foldbench_all__7FUL_A,foldbench_all,7FUL_A,1224,291
foldbench_all__7FUM_A,foldbench_all,7FUM_A,1224,291
foldbench_all__7FUO_A,foldbench_all,7FUO_A,1224,291
foldbench_all__7FUQ_A,foldbench_all,7FUQ_A,1224,291
foldbench_all__7FVU_A,foldbench_all,7FVU_A,2695,719
foldbench_all__7FVW_A,foldbench_all,7FVW_A,2423,714
foldbench_all__7FVY_A,foldbench_all,7FVY_A,2423,714
foldbench_all__7FW1_A,foldbench_all,7FW1_A,2423,714
foldbench_all__7FW3_A,foldbench_all,7FW3_A,2423,714
foldbench_all__7FWB_A,foldbench_all,7FWB_A,2423,714
foldbench_all__7FWE_A,foldbench_all,7FWE_A,2423,714
foldbench_all__7FWF_A,foldbench_all,7FWF_A,2119,675
foldbench_all__7FWL_A,foldbench_all,7FWL_A,2423,714
foldbench_all__7FWM_A,foldbench_all,7FWM_A,1875,682
foldbench_all__7FWO_A,foldbench_all,7FWO_A,2423,714
foldbench_all__7FWP_A,foldbench_all,7FWP_A,2423,714
foldbench_all__7FWR_A,foldbench_all,7FWR_A,2423,714
foldbench_all__7FWU_A,foldbench_all,7FWU_A,2423,714
foldbench_all__7FWY_A,foldbench_all,7FWY_A,2423,714
foldbench_all__7FWZ_A,foldbench_all,7FWZ_A,2423,714
foldbench_all__7FX6_A,foldbench_all,7FX6_A,2423,714
foldbench_all__7FXB_A,foldbench_all,7FXB_A,2423,714
foldbench_all__7FXF_A,foldbench_all,7FXF_A,2423,714
foldbench_all__7FXH_A,foldbench_all,7FXH_A,2423,714
foldbench_all__7FXK_A,foldbench_all,7FXK_A,2423,714
foldbench_all__7FXN_A,foldbench_all,7FXN_A,2423,714
foldbench_all__7FXQ_A,foldbench_all,7FXQ_A,2423,714
foldbench_all__7FXR_A,foldbench_all,7FXR_A,2423,714
foldbench_all__7FXW_A,foldbench_all,7FXW_A,2423,714
foldbench_all__7FY5_A,foldbench_all,7FY5_A,2423,714
foldbench_all__7FYC_A,foldbench_all,7FYC_A,2423,714
foldbench_all__7FYF_A,foldbench_all,7FYF_A,2423,714
foldbench_all__7FYG_A,foldbench_all,7FYG_A,2423,714
foldbench_all__7FYK_A,foldbench_all,7FYK_A,2423,714
foldbench_all__7FYO_A,foldbench_all,7FYO_A,2423,714
foldbench_all__7FYR_A,foldbench_all,7FYR_A,2423,714
foldbench_all__7FYV_A,foldbench_all,7FYV_A,2423,714
foldbench_all__7FZ0_A,foldbench_all,7FZ0_A,2423,714
foldbench_all__7FZ1_A,foldbench_all,7FZ1_A,2423,714
foldbench_all__7FZ3_A,foldbench_all,7FZ3_A,2423,714
foldbench_all__7FZ8_A,foldbench_all,7FZ8_A,2423,714
foldbench_all__7FZI_A,foldbench_all,7FZI_A,2423,714
foldbench_all__7FZJ_A,foldbench_all,7FZJ_A,2423,714
foldbench_all__7FZL_A,foldbench_all,7FZL_A,2423,714
foldbench_all__7FZN_A,foldbench_all,7FZN_A,2423,714
foldbench_all__7FZO_A,foldbench_all,7FZO_A,2423,714
foldbench_all__7G00_A,foldbench_all,7G00_A,725,145
foldbench_all__7G02_A,foldbench_all,7G02_A,2423,714
foldbench_all__7G0H_A,foldbench_all,7G0H_A,2423,714
foldbench_all__7G0I_A,foldbench_all,7G0I_A,2423,714
foldbench_all__7G0J_A,foldbench_all,7G0J_A,2423,714
foldbench_all__7G0K_A,foldbench_all,7G0K_A,2423,714
foldbench_all__7G0V_A,foldbench_all,7G0V_A,2423,714
foldbench_all__7G10_A,foldbench_all,7G10_A,1875,682
foldbench_all__7G13_A,foldbench_all,7G13_A,2119,675
foldbench_all__7G14_A,foldbench_all,7G14_A,2423,714
foldbench_all__7G1G_A,foldbench_all,7G1G_A,2423,714
foldbench_all__7G1O_A,foldbench_all,7G1O_A,2423,714
foldbench_all__7G1S_A,foldbench_all,7G1S_A,2423,714
foldbench_all__7G1U_A,foldbench_all,7G1U_A,2423,714
foldbench_all__7G1V_A,foldbench_all,7G1V_A,2423,714
foldbench_all__7GH3_A,foldbench_all,7GH3_A,738,4
foldbench_all__7GI0_B,foldbench_all,7GI0_B,738,4
foldbench_all__7GNB_A,foldbench_all,7GNB_A,738,4
foldbench_all__7GNC_A,foldbench_all,7GNC_A,738,4
foldbench_all__7GNR_B,foldbench_all,7GNR_B,738,4
foldbench_all__7MXV_A,foldbench_all,7MXV_A,4141,1670
foldbench_all__7OYP_A,foldbench_all,7OYP_A,3233,1254
foldbench_all__7PRW_A,foldbench_all,7PRW_A,1492,605
foldbench_all__7PV5_A,foldbench_all,7PV5_A,502,38
foldbench_all__7QP5_A,foldbench_all,7QP5_A,1231,210
foldbench_all__7QRB_A,foldbench_all,7QRB_A,53319,8884
foldbench_all__7QRJ_A,foldbench_all,7QRJ_A,1157,34
foldbench_all__7QRJ_B,foldbench_all,7QRJ_B,1157,34
foldbench_all__7QRR_A,foldbench_all,7QRR_A,202,0
foldbench_all__7QRR_B,foldbench_all,7QRR_B,202,0
foldbench_all__7QSJ_A,foldbench_all,7QSJ_A,5064,256
foldbench_all__7QUV_A,foldbench_all,7QUV_A,301,112
foldbench_all__7QUV_B,foldbench_all,7QUV_B,301,112
foldbench_all__7QUV_C,foldbench_all,7QUV_C,90,0
foldbench_all__7QW5_A,foldbench_all,7QW5_A,20212,4200
foldbench_all__7QWE_A,foldbench_all,7QWE_A,7,0
foldbench_all__7QWE_B,foldbench_all,7QWE_B,7,0
foldbench_all__7QZX_A,foldbench_all,7QZX_A,3233,1254
foldbench_all__7R3Z_A,foldbench_all,7R3Z_A,1713,263
foldbench_all__7R59_A,foldbench_all,7R59_A,2244,748
foldbench_all__7R5I_A,foldbench_all,7R5I_A,921,7
foldbench_all__7R5I_D,foldbench_all,7R5I_D,0,0
foldbench_all__7SPQ_A,foldbench_all,7SPQ_A,11228,3647
foldbench_all__7ST5_B,foldbench_all,7ST5_B,1897,479
foldbench_all__7ST5_F,foldbench_all,7ST5_F,2657,80
foldbench_all__7SZA_A,foldbench_all,7SZA_A,7761,402
foldbench_all__7SZB_A,foldbench_all,7SZB_A,7761,402
foldbench_all__7T1D_B,foldbench_all,7T1D_B,2250,1020
foldbench_all__7T9R_A,foldbench_all,7T9R_A,69,5
foldbench_all__7TH0_A,foldbench_all,7TH0_A,1616,511
foldbench_all__7TH4_B,foldbench_all,7TH4_B,6040,1660
foldbench_all__7TJB_A,foldbench_all,7TJB_A,3509,1099
foldbench_all__7TLH_A,foldbench_all,7TLH_A,280,71
foldbench_all__7TR7_A,foldbench_all,7TR7_A,9441,1982
foldbench_all__7TUO_A,foldbench_all,7TUO_A,6855,2262
foldbench_all__7TXW_A,foldbench_all,7TXW_A,2850,514
foldbench_all__7TXW_B,foldbench_all,7TXW_B,996,271
foldbench_all__7TXW_C,foldbench_all,7TXW_C,2101,108
foldbench_all__7TXY_A,foldbench_all,7TXY_A,911,82
foldbench_all__7TXY_B,foldbench_all,7TXY_B,886,140
foldbench_all__7TYP_A,foldbench_all,7TYP_A,274,39
foldbench_all__7U9I_A,foldbench_all,7U9I_A,14540,1831
foldbench_all__7UA2_A,foldbench_all,7UA2_A,377,0
foldbench_all__7UA2_C,foldbench_all,7UA2_C,2374,477
foldbench_all__7UAD_A,foldbench_all,7UAD_A,4077,1597
foldbench_all__7UBA_A,foldbench_all,7UBA_A,394,3
foldbench_all__7UCX_A,foldbench_all,7UCX_A,81,9
foldbench_all__7UCX_B,foldbench_all,7UCX_B,81,9
foldbench_all__7UCX_C,foldbench_all,7UCX_C,2157,476
foldbench_all__7UDJ_A,foldbench_all,7UDJ_A,0,0
foldbench_all__7UDJ_B,foldbench_all,7UDJ_B,483,5
foldbench_all__7UDK_A,foldbench_all,7UDK_A,295,0
foldbench_all__7UDK_B,foldbench_all,7UDK_B,0,0
foldbench_all__7UDQ_A,foldbench_all,7UDQ_A,4357,2594
foldbench_all__7UET_A,foldbench_all,7UET_A,1478,715
foldbench_all__7UK8_A,foldbench_all,7UK8_A,1034,428
foldbench_all__7UN7_A,foldbench_all,7UN7_A,4920,2209
foldbench_all__7UQ2_A,foldbench_all,7UQ2_A,877,18
foldbench_all__7UQ2_B,foldbench_all,7UQ2_B,877,18
foldbench_all__7UR2_A,foldbench_all,7UR2_A,1106,120
foldbench_all__7UR7_A,foldbench_all,7UR7_A,423,4
foldbench_all__7UR9_B,foldbench_all,7UR9_B,738,4
foldbench_all__7URP_A,foldbench_all,7URP_A,884,4
foldbench_all__7UVG_A,foldbench_all,7UVG_A,428,6
foldbench_all__7UVS_A,foldbench_all,7UVS_A,673,257
foldbench_all__7UVS_B,foldbench_all,7UVS_B,1926,481
foldbench_all__7UVS_C,foldbench_all,7UVS_C,738,0
foldbench_all__7UWW_A,foldbench_all,7UWW_A,1536,74
foldbench_all__7UY4_A,foldbench_all,7UY4_A,3264,407
foldbench_all__7UYA_A,foldbench_all,7UYA_A,9770,1515
foldbench_all__7UYB_A,foldbench_all,7UYB_A,9770,1515
foldbench_all__7UYC_A,foldbench_all,7UYC_A,9770,1515
foldbench_all__7UYN_A,foldbench_all,7UYN_A,5701,2088
foldbench_all__7UYO_A,foldbench_all,7UYO_A,5701,2088
foldbench_all__7UYP_A,foldbench_all,7UYP_A,5701,2088
foldbench_all__7V2T_A,foldbench_all,7V2T_A,1253,84
foldbench_all__7V36_A,foldbench_all,7V36_A,1253,84
foldbench_all__7V3O_A,foldbench_all,7V3O_A,1253,84
foldbench_all__7VF6_A,foldbench_all,7VF6_A,1767,566
foldbench_all__7VRK_B,foldbench_all,7VRK_B,2024,954
foldbench_all__7VRO_B,foldbench_all,7VRO_B,2024,954
foldbench_all__7VSF_A,foldbench_all,7VSF_A,2024,954
foldbench_all__7VUB_A,foldbench_all,7VUB_A,778,103
foldbench_all__7VUB_B,foldbench_all,7VUB_B,778,103
foldbench_all__7W15_A,foldbench_all,7W15_A,7714,614
foldbench_all__7WKP_A,foldbench_all,7WKP_A,630,170
foldbench_all__7WR2_A,foldbench_all,7WR2_A,756,7
foldbench_all__7WR3_A,foldbench_all,7WR3_A,12117,3673
foldbench_all__7WR3_C,foldbench_all,7WR3_C,10853,2638
foldbench_all__7WU8_A,foldbench_all,7WU8_A,212,8
foldbench_all__7WVS_A,foldbench_all,7WVS_A,3956,1791
foldbench_all__7WZ5_A,foldbench_all,7WZ5_A,658,36
foldbench_all__7WZM_A,foldbench_all,7WZM_A,19123,11839
foldbench_all__7X36_A,foldbench_all,7X36_A,3312,684
foldbench_all__7X36_C,foldbench_all,7X36_C,3312,684
foldbench_all__7X3H_A,foldbench_all,7X3H_A,4733,465
foldbench_all__7X3P_A,foldbench_all,7X3P_A,2633,1404
foldbench_all__7X4P_A,foldbench_all,7X4P_A,918,497
foldbench_all__7X4Q_A,foldbench_all,7X4Q_A,1761,521
foldbench_all__7X4T_B,foldbench_all,7X4T_B,1761,521
foldbench_all__7X6T_A,foldbench_all,7X6T_A,3035,1082
foldbench_all__7X80_A,foldbench_all,7X80_A,2506,33
foldbench_all__7X80_B,foldbench_all,7X80_B,2506,33
foldbench_all__7X8L_A,foldbench_all,7X8L_A,9082,1940
foldbench_all__7X8P_A,foldbench_all,7X8P_A,476,280
foldbench_all__7X8P_B,foldbench_all,7X8P_B,2517,551
foldbench_all__7X8P_C,foldbench_all,7X8P_C,1242,317
foldbench_all__7XCD_A,foldbench_all,7XCD_A,305,1
foldbench_all__7XEK_A,foldbench_all,7XEK_A,11015,6483
foldbench_all__7XFR_A,foldbench_all,7XFR_A,3984,606
foldbench_all__7XFR_B,foldbench_all,7XFR_B,1008,70
foldbench_all__7XFT_A,foldbench_all,7XFT_A,15300,6459
foldbench_all__7XG9_A,foldbench_all,7XG9_A,3660,793
foldbench_all__7XHZ_A,foldbench_all,7XHZ_A,8187,1011
foldbench_all__7XI5_A,foldbench_all,7XI5_A,1595,453
foldbench_all__7XJR_A,foldbench_all,7XJR_A,5657,1276
foldbench_all__7XJV_A,foldbench_all,7XJV_A,2135,323
foldbench_all__7XL7_A,foldbench_all,7XL7_A,666,20
foldbench_all__7XL7_B,foldbench_all,7XL7_B,666,20
foldbench_all__7XLD_A,foldbench_all,7XLD_A,310,2
foldbench_all__7XLD_B,foldbench_all,7XLD_B,2029,254
foldbench_all__7XLZ_A,foldbench_all,7XLZ_A,2232,1298
foldbench_all__7XN2_A,foldbench_all,7XN2_A,1997,172
foldbench_all__7XP9_A,foldbench_all,7XP9_A,130,1
foldbench_all__7XPI_A,foldbench_all,7XPI_A,13320,5068
foldbench_all__7XPT_A,foldbench_all,7XPT_A,1861,746
foldbench_all__7XQ4_A,foldbench_all,7XQ4_A,5701,458
foldbench_all__7XRB_A,foldbench_all,7XRB_A,711,164
foldbench_all__7XRB_B,foldbench_all,7XRB_B,711,164
foldbench_all__7XRX_A,foldbench_all,7XRX_A,2103,554
foldbench_all__7XVN_A,foldbench_all,7XVN_A,1117,797
foldbench_all__7XVQ_A,foldbench_all,7XVQ_A,110,3
foldbench_all__7XVQ_B,foldbench_all,7XVQ_B,110,3
foldbench_all__7XWZ_A,foldbench_all,7XWZ_A,1798,8
foldbench_all__7XYR_A,foldbench_all,7XYR_A,12195,5517
foldbench_all__7XZ3_A,foldbench_all,7XZ3_A,1295,320
foldbench_all__7Y0L_A,foldbench_all,7Y0L_A,1857,348
foldbench_all__7Y0L_B,foldbench_all,7Y0L_B,1857,348
foldbench_all__7Y16_A,foldbench_all,7Y16_A,519,172
foldbench_all__7Y16_B,foldbench_all,7Y16_B,519,172
foldbench_all__7Y37_A,foldbench_all,7Y37_A,1,0
foldbench_all__7Y37_B,foldbench_all,7Y37_B,1,0
foldbench_all__7Y3H_A,foldbench_all,7Y3H_A,3927,1918
foldbench_all__7Y43_A,foldbench_all,7Y43_A,344,24
foldbench_all__7Y4H_A,foldbench_all,7Y4H_A,2165,209
foldbench_all__7Y54_A,foldbench_all,7Y54_A,6202,1347
foldbench_all__7Y5J_A,foldbench_all,7Y5J_A,11258,1962
foldbench_all__7Y5M_A,foldbench_all,7Y5M_A,2103,30
foldbench_all__7Y5R_A,foldbench_all,7Y5R_A,4210,637
foldbench_all__7Y8H_A,foldbench_all,7Y8H_A,7679,980
foldbench_all__7Y8I_A,foldbench_all,7Y8I_A,1436,108
foldbench_all__7YC7_A,foldbench_all,7YC7_A,3327,894
foldbench_all__7YCM_A,foldbench_all,7YCM_A,3327,894
foldbench_all__7YD4_A,foldbench_all,7YD4_A,222,4
foldbench_all__7YDO_A,foldbench_all,7YDO_A,719,36
foldbench_all__7YDS_A,foldbench_all,7YDS_A,2366,323
foldbench_all__7YDS_C,foldbench_all,7YDS_C,2077,488
foldbench_all__7YDW_A,foldbench_all,7YDW_A,276,22
foldbench_all__7YDZ_A,foldbench_all,7YDZ_A,3327,894
foldbench_all__7YEK_A,foldbench_all,7YEK_A,3327,894
foldbench_all__7YEW_A,foldbench_all,7YEW_A,620,39
foldbench_all__7YEX_A,foldbench_all,7YEX_A,634,39
foldbench_all__7YEY_A,foldbench_all,7YEY_A,1573,149
foldbench_all__7YF2_A,foldbench_all,7YF2_A,12845,185
foldbench_all__7YF2_B,foldbench_all,7YF2_B,12845,185
foldbench_all__7YF2_C,foldbench_all,7YF2_C,0,0
foldbench_all__7YF3_A,foldbench_all,7YF3_A,12845,185
foldbench_all__7YF3_C,foldbench_all,7YF3_C,0,0
foldbench_all__7YF4_A,foldbench_all,7YF4_A,12845,185
foldbench_all__7YF4_C,foldbench_all,7YF4_C,0,0
foldbench_all__7YFU_A,foldbench_all,7YFU_A,43,9
foldbench_all__7YFU_B,foldbench_all,7YFU_B,43,9
foldbench_all__7YGL_A,foldbench_all,7YGL_A,970,66
foldbench_all__7YHA_A,foldbench_all,7YHA_A,7935,702
foldbench_all__7YHR_A,foldbench_all,7YHR_A,182,114
foldbench_all__7YKD_B,foldbench_all,7YKD_B,5841,2442
foldbench_all__7YKM_A,foldbench_all,7YKM_A,2357,1128
foldbench_all__7YL1_A,foldbench_all,7YL1_A,79155,27385
foldbench_all__7YL2_A,foldbench_all,7YL2_A,2654,958
foldbench_all__7YLR_A,foldbench_all,7YLR_A,7676,1595
foldbench_all__7YLS_A,foldbench_all,7YLS_A,1898,978
foldbench_all__7YLS_B,foldbench_all,7YLS_B,6650,2827
foldbench_all__7YSF_A,foldbench_all,7YSF_A,3406,1970
foldbench_all__7YTU_A,foldbench_all,7YTU_A,513,3
foldbench_all__7YTU_B,foldbench_all,7YTU_B,865,5
foldbench_all__7YUG_A,foldbench_all,7YUG_A,649,4
foldbench_all__7YUJ_A,foldbench_all,7YUJ_A,2004,324
foldbench_all__7YUJ_B,foldbench_all,7YUJ_B,2004,324
foldbench_all__7YUK_A,foldbench_all,7YUK_A,393,3
foldbench_all__7YUL_A,foldbench_all,7YUL_A,150,7
foldbench_all__7YV1_A,foldbench_all,7YV1_A,8249,3987
foldbench_all__7YV1_B,foldbench_all,7YV1_B,951,291
foldbench_all__7YV1_C,foldbench_all,7YV1_C,1978,496
foldbench_all__7YVB_A,foldbench_all,7YVB_A,2543,1433
foldbench_all__7YXU_A,foldbench_all,7YXU_A,11569,1334
foldbench_all__7YXU_B,foldbench_all,7YXU_B,894,313
foldbench_all__7YXU_C,foldbench_all,7YXU_C,1873,500
foldbench_all__7YYG_A,foldbench_all,7YYG_A,970,105
foldbench_all__7YZT_A,foldbench_all,7YZT_A,794,237
foldbench_all__7YZT_B,foldbench_all,7YZT_B,794,237
foldbench_all__7Z1X_A,foldbench_all,7Z1X_A,256,41
foldbench_all__7Z1X_B,foldbench_all,7Z1X_B,1955,317
foldbench_all__7Z2M_A,foldbench_all,7Z2M_A,1874,505
foldbench_all__7Z2M_J,foldbench_all,7Z2M_J,473,143
foldbench_all__7Z2O_A,foldbench_all,7Z2O_A,1709,804
foldbench_all__7Z5K_A,foldbench_all,7Z5K_A,341,188
foldbench_all__7Z63_C,foldbench_all,7Z63_C,1061,50
foldbench_all__7Z65_A,foldbench_all,7Z65_A,1990,151
foldbench_all__7Z6F_A,foldbench_all,7Z6F_A,26537,10351
foldbench_all__7Z6F_B,foldbench_all,7Z6F_B,40,5
foldbench_all__7Z8Z_A,foldbench_all,7Z8Z_A,91,8
foldbench_all__7Z8Z_B,foldbench_all,7Z8Z_B,276,0
foldbench_all__7Z8Z_C,foldbench_all,7Z8Z_C,91,8
foldbench_all__7Z8Z_D,foldbench_all,7Z8Z_D,276,0
foldbench_all__7ZAU_A,foldbench_all,7ZAU_A,2225,123
foldbench_all__7ZAU_B,foldbench_all,7ZAU_B,1086,254
foldbench_all__7ZCC_B,foldbench_all,7ZCC_B,7124,2310
foldbench_all__7ZDY_A,foldbench_all,7ZDY_A,16065,9516
foldbench_all__7ZG5_C,foldbench_all,7ZG5_C,257,104
foldbench_all__7ZGC_A,foldbench_all,7ZGC_A,4247,1817
foldbench_all__7ZHF_A,foldbench_all,7ZHF_A,4315,322
foldbench_all__7ZI3_A,foldbench_all,7ZI3_A,5291,2312
foldbench_all__7ZI6_A,foldbench_all,7ZI6_A,5291,2312
foldbench_all__7ZI8_A,foldbench_all,7ZI8_A,5291,2312
foldbench_all__7ZI9_A,foldbench_all,7ZI9_A,5291,2312
foldbench_all__7ZIA_A,foldbench_all,7ZIA_A,5291,2312
foldbench_all__7ZIB_A,foldbench_all,7ZIB_A,5291,2312
foldbench_all__7ZL5_A,foldbench_all,7ZL5_A,1711,1094
foldbench_all__7ZLO_A,foldbench_all,7ZLO_A,1727,199
foldbench_all__7ZLS_A,foldbench_all,7ZLS_A,1727,199
foldbench_all__7ZNZ_A,foldbench_all,7ZNZ_A,4738,2716
foldbench_all__7ZOI_A,foldbench_all,7ZOI_A,3694,508
foldbench_all__7ZON_A,foldbench_all,7ZON_A,2878,533
foldbench_all__7ZOP_A,foldbench_all,7ZOP_A,2878,533
foldbench_all__7ZOP_B,foldbench_all,7ZOP_B,2878,533
foldbench_all__7ZOZ_A,foldbench_all,7ZOZ_A,1156,64
foldbench_all__7ZOZ_B,foldbench_all,7ZOZ_B,832,295
foldbench_all__7ZOZ_C,foldbench_all,7ZOZ_C,2213,501
foldbench_all__7ZQR_A,foldbench_all,7ZQR_A,8777,4143
foldbench_all__7ZS2_A,foldbench_all,7ZS2_A,8031,3617
foldbench_all__7ZSM_A,foldbench_all,7ZSM_A,1810,859
foldbench_all__7ZSO_A,foldbench_all,7ZSO_A,1810,859
foldbench_all__7ZSQ_B,foldbench_all,7ZSQ_B,1824,777
foldbench_all__7ZTW_A,foldbench_all,7ZTW_A,262,0
foldbench_all__7ZTW_B,foldbench_all,7ZTW_B,262,0
foldbench_all__7ZU3_A,foldbench_all,7ZU3_A,300,0
foldbench_all__7ZV1_A,foldbench_all,7ZV1_A,413,0
foldbench_all__7ZW8_A,foldbench_all,7ZW8_A,35650,12490
foldbench_all__8A0T_A,foldbench_all,8A0T_A,17042,1525
foldbench_all__8A0W_A,foldbench_all,8A0W_A,4927,766
foldbench_all__8A2G_A,foldbench_all,8A2G_A,589,0
foldbench_all__8A2G_B,foldbench_all,8A2G_B,589,0
foldbench_all__8A34_A,foldbench_all,8A34_A,17042,1525
foldbench_all__8A3A_A,foldbench_all,8A3A_A,17042,1525
foldbench_all__8A44_A,foldbench_all,8A44_A,1113,59
foldbench_all__8A44_C,foldbench_all,8A44_C,685,260
foldbench_all__8A44_D,foldbench_all,8A44_D,1679,472
foldbench_all__8A4O_A,foldbench_all,8A4O_A,1111,0
foldbench_all__8A50_A,foldbench_all,8A50_A,243,9
foldbench_all__8A51_A,foldbench_all,8A51_A,243,9
foldbench_all__8A51_B,foldbench_all,8A51_B,94,2
foldbench_all__8A67_A,foldbench_all,8A67_A,3303,2263
foldbench_all__8A67_D,foldbench_all,8A67_D,940,215
foldbench_all__8A8O_A,foldbench_all,8A8O_A,7476,1177
foldbench_all__8A8O_B,foldbench_all,8A8O_B,7476,1177
foldbench_all__8A8O_C,foldbench_all,8A8O_C,21517,6273
foldbench_all__8AA9_A,foldbench_all,8AA9_A,1935,529
foldbench_all__8AA9_B,foldbench_all,8AA9_B,1935,529
foldbench_all__8AAN_C,foldbench_all,8AAN_C,0,0
foldbench_all__8ABO_A,foldbench_all,8ABO_A,7262,2286
foldbench_all__8ABT_A,foldbench_all,8ABT_A,5495,1022
foldbench_all__8AC8_A,foldbench_all,8AC8_A,2909,1675
foldbench_all__8ACF_A,foldbench_all,8ACF_A,3532,1026
foldbench_all__8ACF_B,foldbench_all,8ACF_B,1143,312
foldbench_all__8ACF_D,foldbench_all,8ACF_D,2677,605
foldbench_all__8ACX_A,foldbench_all,8ACX_A,567,9
foldbench_all__8ACX_D,foldbench_all,8ACX_D,567,9
foldbench_all__8AD2_A,foldbench_all,8AD2_A,1391,220
foldbench_all__8AD2_B,foldbench_all,8AD2_B,1391,220
foldbench_all__8AD9_A,foldbench_all,8AD9_A,4193,619
foldbench_all__8ADA_A,foldbench_all,8ADA_A,1275,85
foldbench_all__8ADA_B,foldbench_all,8ADA_B,1275,85
foldbench_all__8ADB_A,foldbench_all,8ADB_A,3258,33
foldbench_all__8ADB_B,foldbench_all,8ADB_B,3305,2311
foldbench_all__8ADC_A,foldbench_all,8ADC_A,3258,33
foldbench_all__8ADD_A,foldbench_all,8ADD_A,509,39
foldbench_all__8AEB_A,foldbench_all,8AEB_A,738,4
foldbench_all__8AEM_A,foldbench_all,8AEM_A,57954,12976
foldbench_all__8AGA_A,foldbench_all,8AGA_A,19256,3302
foldbench_all__8AGP_A,foldbench_all,8AGP_A,59718,21144
foldbench_all__8AGQ_A,foldbench_all,8AGQ_A,9411,2902
foldbench_all__8AGY_A,foldbench_all,8AGY_A,7993,390
foldbench_all__8AGY_B,foldbench_all,8AGY_B,0,0
foldbench_all__8AH9_A,foldbench_all,8AH9_A,276,4
foldbench_all__8AHN_A,foldbench_all,8AHN_A,262,0
foldbench_all__8AHN_B,foldbench_all,8AHN_B,1825,530
foldbench_all__8AHN_C,foldbench_all,8AHN_C,1283,330
foldbench_all__8AI3_A,foldbench_all,8AI3_A,15232,1199
foldbench_all__8AJX_A,foldbench_all,8AJX_A,4185,1179
foldbench_all__8AK2_A,foldbench_all,8AK2_A,30431,11414
foldbench_all__8AK6_A,foldbench_all,8AK6_A,2434,1056
foldbench_all__8AKH_A,foldbench_all,8AKH_A,13931,5181
foldbench_all__8AMO_A,foldbench_all,8AMO_A,9892,3872
foldbench_all__8AMY_A,foldbench_all,8AMY_A,196,2
foldbench_all__8AN4_A,foldbench_all,8AN4_A,1994,194
foldbench_all__8AN5_A,foldbench_all,8AN5_A,1994,194
foldbench_all__8AN5_B,foldbench_all,8AN5_B,1994,194
foldbench_all__8AN5_C,foldbench_all,8AN5_C,350,17
foldbench_all__8AND_A,foldbench_all,8AND_A,847,73
foldbench_all__8AND_B,foldbench_all,8AND_B,847,73
foldbench_all__8AOK_A,foldbench_all,8AOK_A,2291,394
foldbench_all__8AOK_B,foldbench_all,8AOK_B,1660,353
foldbench_all__8AOM_A,foldbench_all,8AOM_A,3103,384
foldbench_all__8AOM_B,foldbench_all,8AOM_B,1447,348
foldbench_all__8AON_A,foldbench_all,8AON_A,6771,460
foldbench_all__8AON_C,foldbench_all,8AON_C,2321,538
foldbench_all__8ARE_A,foldbench_all,8ARE_A,42457,27035
foldbench_all__8ARL_A,foldbench_all,8ARL_A,139,62
foldbench_all__8ARN_A,foldbench_all,8ARN_A,42457,27035
foldbench_all__8ATH_A,foldbench_all,8ATH_A,473,38
foldbench_all__8ATH_E,foldbench_all,8ATH_E,770,287
foldbench_all__8ATH_F,foldbench_all,8ATH_F,2912,484
foldbench_all__8ATL_A,foldbench_all,8ATL_A,66881,29719
foldbench_all__8ATN_A,foldbench_all,8ATN_A,66881,29719
foldbench_all__8AU6_A,foldbench_all,8AU6_A,553,265
foldbench_all__8AU8_B,foldbench_all,8AU8_B,3939,1754
foldbench_all__8AUH_A,foldbench_all,8AUH_A,3944,1750
foldbench_all__8AUI_A,foldbench_all,8AUI_A,3944,1750
foldbench_all__8AUZ_A,foldbench_all,8AUZ_A,73870,22130
foldbench_all__8AV1_B,foldbench_all,8AV1_B,73870,22130
foldbench_all__8AV2_A,foldbench_all,8AV2_A,405,24
foldbench_all__8AV2_C,foldbench_all,8AV2_C,999,259
foldbench_all__8AVQ_A,foldbench_all,8AVQ_A,5730,2250
foldbench_all__8AVZ_A,foldbench_all,8AVZ_A,6990,3427
foldbench_all__8AVZ_C,foldbench_all,8AVZ_C,6990,3427
foldbench_all__8AX3_B,foldbench_all,8AX3_B,3759,1691
foldbench_all__8AXI_A,foldbench_all,8AXI_A,5880,643
foldbench_all__8AXI_B,foldbench_all,8AXI_B,5880,643
foldbench_all__8AXJ_A,foldbench_all,8AXJ_A,8123,834
foldbench_all__8AXO_A,foldbench_all,8AXO_A,127,1
foldbench_all__8AXR_A,foldbench_all,8AXR_A,41,3
foldbench_all__8AXS_A,foldbench_all,8AXS_A,5863,643
foldbench_all__8AY0_A,foldbench_all,8AY0_A,36163,22643
foldbench_all__8AZB_A,foldbench_all,8AZB_A,36163,22643
foldbench_all__8AZC_A,foldbench_all,8AZC_A,919,161
foldbench_all__8B1A_A,foldbench_all,8B1A_A,5508,1684
foldbench_all__8B1A_B,foldbench_all,8B1A_B,1584,299
foldbench_all__8B2E_A,foldbench_all,8B2E_A,494,185
foldbench_all__8B2G_A,foldbench_all,8B2G_A,3032,700
foldbench_all__8B2S_A,foldbench_all,8B2S_A,4276,1486
foldbench_all__8B3W_A,foldbench_all,8B3W_A,318,88
foldbench_all__8B45_A,foldbench_all,8B45_A,27,1
foldbench_all__8B45_B,foldbench_all,8B45_B,27,1
foldbench_all__8B46_A,foldbench_all,8B46_A,807,265
foldbench_all__8B46_D,foldbench_all,8B46_D,837,6
foldbench_all__8B46_E,foldbench_all,8B46_E,837,6
foldbench_all__8B4B_C,foldbench_all,8B4B_C,9466,5621
foldbench_all__8B4C_A,foldbench_all,8B4C_A,9419,5600
foldbench_all__8B4U_A,foldbench_all,8B4U_A,85972,16622
foldbench_all__8B4W_A,foldbench_all,8B4W_A,18923,5336
foldbench_all__8B5W_A,foldbench_all,8B5W_A,356,30
foldbench_all__8B61_A,foldbench_all,8B61_A,2026,168
foldbench_all__8B6A_A,foldbench_all,8B6A_A,2331,540
foldbench_all__8B6E_A,foldbench_all,8B6E_A,872,237
foldbench_all__8B6K_A,foldbench_all,8B6K_A,3681,301
foldbench_all__8B7H_A,foldbench_all,8B7H_A,2383,518
foldbench_all__8B7H_B,foldbench_all,8B7H_B,1199,314
foldbench_all__8B7H_C,foldbench_all,8B7H_C,256,67
foldbench_all__8B8U_A,foldbench_all,8B8U_A,19946,5287
foldbench_all__8B96_A,foldbench_all,8B96_A,2970,1054
foldbench_all__8B9E_A,foldbench_all,8B9E_A,19511,5036
foldbench_all__8B9N_A,foldbench_all,8B9N_A,2960,531
foldbench_all__8BA3_A,foldbench_all,8BA3_A,19874,5319
foldbench_all__8BAQ_A,foldbench_all,8BAQ_A,1767,792
foldbench_all__8BAR_A,foldbench_all,8BAR_A,1767,792
foldbench_all__8BAU_A,foldbench_all,8BAU_A,1584,531
foldbench_all__8BBT_A,foldbench_all,8BBT_A,744,0
foldbench_all__8BC8_A,foldbench_all,8BC8_A,9098,3193
foldbench_all__8BCA_A,foldbench_all,8BCA_A,9098,3193
foldbench_all__8BCC_A,foldbench_all,8BCC_A,9098,3193
foldbench_all__8BCE_A,foldbench_all,8BCE_A,9098,3193
foldbench_all__8BDJ_C,foldbench_all,8BDJ_C,1158,127
foldbench_all__8BDN_C,foldbench_all,8BDN_C,1158,127
foldbench_all__8BDS_C,foldbench_all,8BDS_C,1158,127
foldbench_all__8BDS_D,foldbench_all,8BDS_D,2970,1054
foldbench_all__8BE1_A,foldbench_all,8BE1_A,847,277
foldbench_all__8BE1_C,foldbench_all,8BE1_C,1347,15
foldbench_all__8BE2_A,foldbench_all,8BE2_A,1914,1218
foldbench_all__8BE2_B,foldbench_all,8BE2_B,1005,296
foldbench_all__8BE3_A,foldbench_all,8BE3_A,2514,384
foldbench_all__8BE3_B,foldbench_all,8BE3_B,8708,4061
foldbench_all__8BEY_A,foldbench_all,8BEY_A,609,63
foldbench_all__8BEY_B,foldbench_all,8BEY_B,609,63
foldbench_all__8BF4_A,foldbench_all,8BF4_A,1391,323
foldbench_all__8BF4_B,foldbench_all,8BF4_B,826,316
foldbench_all__8BFY_A,foldbench_all,8BFY_A,9526,1632
foldbench_all__8BGB_A,foldbench_all,8BGB_A,1259,223
foldbench_all__8BH9_A,foldbench_all,8BH9_A,1696,26
foldbench_all__8BIC_A,foldbench_all,8BIC_A,8433,2147
foldbench_all__8BIQ_A,foldbench_all,8BIQ_A,29384,11466
foldbench_all__8BIT_A,foldbench_all,8BIT_A,29384,11466
foldbench_all__8BIY_A,foldbench_all,8BIY_A,1321,213
foldbench_all__8BIY_C,foldbench_all,8BIY_C,1321,213
foldbench_all__8BJE_A,foldbench_all,8BJE_A,7360,3715
foldbench_all__8BJJ_A,foldbench_all,8BJJ_A,3284,2174
foldbench_all__8BJJ_B,foldbench_all,8BJJ_B,625,93
foldbench_all__8BJJ_C,foldbench_all,8BJJ_C,625,93
foldbench_all__8BJL_A,foldbench_all,8BJL_A,6932,2658
foldbench_all__8BKE_A,foldbench_all,8BKE_A,739,31
foldbench_all__8BM2_A,foldbench_all,8BM2_A,54161,24734
foldbench_all__8BMV_A,foldbench_all,8BMV_A,3160,434
foldbench_all__8BN5_A,foldbench_all,8BN5_A,12071,2448
foldbench_all__8BNY_A,foldbench_all,8BNY_A,12507,69
foldbench_all__8BNY_B,foldbench_all,8BNY_B,12507,69
foldbench_all__8BO1_B,foldbench_all,8BO1_B,592,28
foldbench_all__8BO3_A,foldbench_all,8BO3_A,17710,8306
foldbench_all__8BO7_A,foldbench_all,8BO7_A,17710,8306
foldbench_all__8BPV_A,foldbench_all,8BPV_A,54161,24734
foldbench_all__8BR6_A,foldbench_all,8BR6_A,66881,29719
foldbench_all__8BRH_A,foldbench_all,8BRH_A,624,172
foldbench_all__8BRO_A,foldbench_all,8BRO_A,1051,55
foldbench_all__8BRY_A,foldbench_all,8BRY_A,2875,1056
foldbench_all__8BRY_B,foldbench_all,8BRY_B,2875,1056
foldbench_all__8BSA_A,foldbench_all,8BSA_A,616,5
foldbench_all__8BSB_A,foldbench_all,8BSB_A,616,5
foldbench_all__8BTJ_A,foldbench_all,8BTJ_A,334,0
foldbench_all__8BTJ_B,foldbench_all,8BTJ_B,334,0
foldbench_all__8BUX_A,foldbench_all,8BUX_A,318,0
foldbench_all__8BUY_A,foldbench_all,8BUY_A,178,0
foldbench_all__8BUY_B,foldbench_all,8BUY_B,178,0
foldbench_all__8BVF_A,foldbench_all,8BVF_A,5050,3450
foldbench_all__8BVF_D,foldbench_all,8BVF_D,0,0
foldbench_all__8BVK_A,foldbench_all,8BVK_A,6826,4349
foldbench_all__8BVK_B,foldbench_all,8BVK_B,6826,4349
foldbench_all__8BX9_A,foldbench_all,8BX9_A,54118,24695
foldbench_all__8BYU_A,foldbench_all,8BYU_A,1031,292
foldbench_all__8BYU_B,foldbench_all,8BYU_B,1759,447
foldbench_all__8BYU_C,foldbench_all,8BYU_C,827,149
foldbench_all__8BZ2_A,foldbench_all,8BZ2_A,11096,5388
foldbench_all__8BZ2_B,foldbench_all,8BZ2_B,11096,5388
foldbench_all__8BZX_B,foldbench_all,8BZX_B,5220,2795
foldbench_all__8C0Q_A,foldbench_all,8C0Q_A,3217,1251
foldbench_all__8C14_A,foldbench_all,8C14_A,91705,49177
foldbench_all__8C1E_A,foldbench_all,8C1E_A,91705,49177
foldbench_all__8C1F_A,foldbench_all,8C1F_A,91828,50393
foldbench_all__8C1G_A,foldbench_all,8C1G_A,91828,50393
foldbench_all__8C1K_A,foldbench_all,8C1K_A,91692,49536
foldbench_all__8C3G_A,foldbench_all,8C3G_A,44809,8550
foldbench_all__8C3L_A,foldbench_all,8C3L_A,551,110
foldbench_all__8C3L_B,foldbench_all,8C3L_B,1510,271
foldbench_all__8C3R_A,foldbench_all,8C3R_A,44817,8549
foldbench_all__8C3U_A,foldbench_all,8C3U_A,270,58
foldbench_all__8C41_A,foldbench_all,8C41_A,4679,3034
foldbench_all__8C4D_A,foldbench_all,8C4D_A,1609,149
foldbench_all__8C4Y_A,foldbench_all,8C4Y_A,3009,1116
foldbench_all__8C56_A,foldbench_all,8C56_A,2846,515
foldbench_all__8C58_A,foldbench_all,8C58_A,2846,515
foldbench_all__8C59_A,foldbench_all,8C59_A,2846,515
foldbench_all__8C5H_A,foldbench_all,8C5H_A,3451,1241
foldbench_all__8C5H_B,foldbench_all,8C5H_B,1367,306
foldbench_all__8C72_A,foldbench_all,8C72_A,2413,1063
foldbench_all__8C8J_A,foldbench_all,8C8J_A,28685,14777
foldbench_all__8CBA_A,foldbench_all,8CBA_A,988,4
foldbench_all__8CBT_B,foldbench_all,8CBT_B,3938,158
foldbench_all__8CBU_D,foldbench_all,8CBU_D,3938,158
foldbench_all__8CC4_A,foldbench_all,8CC4_A,2815,1555
foldbench_all__8CDQ_A,foldbench_all,8CDQ_A,2861,1586
foldbench_all__8CDW_A,foldbench_all,8CDW_A,64711,31001
foldbench_all__8CEF_C,foldbench_all,8CEF_C,1081,727
foldbench_all__8CEX_A,foldbench_all,8CEX_A,2575,1151
foldbench_all__8CEY_A,foldbench_all,8CEY_A,2575,1151
foldbench_all__8CGC_A,foldbench_all,8CGC_A,35264,13168
foldbench_all__8CHE_A,foldbench_all,8CHE_A,1008,290
foldbench_all__8CHE_B,foldbench_all,8CHE_B,2478,476
foldbench_all__8CHE_E,foldbench_all,8CHE_E,8,0
foldbench_all__8CHI_A,foldbench_all,8CHI_A,7532,3998
foldbench_all__8CHJ_A,foldbench_all,8CHJ_A,7532,3998
foldbench_all__8CHL_A,foldbench_all,8CHL_A,7532,3998
foldbench_all__8CHM_A,foldbench_all,8CHM_A,7532,3998
foldbench_all__8CI9_A,foldbench_all,8CI9_A,2562,538
foldbench_all__8CIH_A,foldbench_all,8CIH_A,331,113
foldbench_all__8CJD_A,foldbench_all,8CJD_A,610,5
foldbench_all__8CJK_A,foldbench_all,8CJK_A,2538,474
foldbench_all__8CKQ_A,foldbench_all,8CKQ_A,3595,854
foldbench_all__8CLO_A,foldbench_all,8CLO_A,28834,2328
foldbench_all__8CLW_A,foldbench_all,8CLW_A,3595,854
foldbench_all__8CM2_A,foldbench_all,8CM2_A,3595,854
foldbench_all__8CN2_A,foldbench_all,8CN2_A,8787,5559
foldbench_all__8CNH_A,foldbench_all,8CNH_A,8412,1765
foldbench_all__8CNO_A,foldbench_all,8CNO_A,2434,1056
foldbench_all__8CO3_A,foldbench_all,8CO3_A,2144,1093
foldbench_all__8CO7_A,foldbench_all,8CO7_A,8412,1765
foldbench_all__8CPK_A,foldbench_all,8CPK_A,12161,3322
foldbench_all__8CPN_A,foldbench_all,8CPN_A,691,33
foldbench_all__8CQI_A,foldbench_all,8CQI_A,2131,748
foldbench_all__8CQM_A,foldbench_all,8CQM_A,724,135
foldbench_all__8CQM_B,foldbench_all,8CQM_B,724,135
foldbench_all__8CS0_A,foldbench_all,8CS0_A,5701,2088
foldbench_all__8CUC_F,foldbench_all,8CUC_F,4013,2371
foldbench_all__8CYF_A,foldbench_all,8CYF_A,2284,790
foldbench_all__8CYF_B,foldbench_all,8CYF_B,4772,1736
foldbench_all__8D0P_A,foldbench_all,8D0P_A,6644,2017
foldbench_all__8D2L_A,foldbench_all,8D2L_A,7533,364
foldbench_all__8D2M_A,foldbench_all,8D2M_A,4153,1876
foldbench_all__8D2Z_A,foldbench_all,8D2Z_A,9976,4763
foldbench_all__8D3I_B,foldbench_all,8D3I_B,10532,4321
foldbench_all__8D9Z_A,foldbench_all,8D9Z_A,1655,471
foldbench_all__8D9Z_B,foldbench_all,8D9Z_B,1038,306
foldbench_all__8D9Z_C,foldbench_all,8D9Z_C,361,31
foldbench_all__8DAJ_A,foldbench_all,8DAJ_A,18913,5172
foldbench_all__8DBB_C,foldbench_all,8DBB_C,640,212
foldbench_all__8DCM_A,foldbench_all,8DCM_A,1388,337
foldbench_all__8DCM_B,foldbench_all,8DCM_B,3114,462
foldbench_all__8DCM_C,foldbench_all,8DCM_C,445,29
foldbench_all__8DEZ_A,foldbench_all,8DEZ_A,1294,119
foldbench_all__8DGE_A,foldbench_all,8DGE_A,6920,2658
foldbench_all__8DHJ_A,foldbench_all,8DHJ_A,9590,5874
foldbench_all__8DI4_A,foldbench_all,8DI4_A,2432,1236
foldbench_all__8DJE_A,foldbench_all,8DJE_A,72480,21551
foldbench_all__8DMR_A,foldbench_all,8DMR_A,713,35
foldbench_all__8DMT_A,foldbench_all,8DMT_A,592,114
foldbench_all__8DMU_A,foldbench_all,8DMU_A,721,114
foldbench_all__8DN7_A,foldbench_all,8DN7_A,1023,50
foldbench_all__8DN7_C,foldbench_all,8DN7_C,1023,50
foldbench_all__8DN7_F,foldbench_all,8DN7_F,1456,433
foldbench_all__8DP3_A,foldbench_all,8DP3_A,1014,326
foldbench_all__8DP3_B,foldbench_all,8DP3_B,1551,447
foldbench_all__8DP9_A,foldbench_all,8DP9_A,2431,20
foldbench_all__8DPA_A,foldbench_all,8DPA_A,2431,20
foldbench_all__8DPA_B,foldbench_all,8DPA_B,2431,20
foldbench_all__8DQD_A,foldbench_all,8DQD_A,112846,50980
foldbench_all__8DTD_B,foldbench_all,8DTD_B,4759,149
foldbench_all__8DTN_A,foldbench_all,8DTN_A,1263,362
foldbench_all__8DTN_B,foldbench_all,8DTN_B,469,12
foldbench_all__8DUZ_A,foldbench_all,8DUZ_A,995,282
foldbench_all__8DUZ_F,foldbench_all,8DUZ_F,721,0
foldbench_all__8DVW_A,foldbench_all,8DVW_A,111879,49503
foldbench_all__8DWD_A,foldbench_all,8DWD_A,5152,2600
foldbench_all__8DWE_A,foldbench_all,8DWE_A,5025,2591
foldbench_all__8DX0_A,foldbench_all,8DX0_A,33743,14358
foldbench_all__8E0E_A,foldbench_all,8E0E_A,310,55
foldbench_all__8E0E_B,foldbench_all,8E0E_B,1101,307
foldbench_all__8E0R_A,foldbench_all,8E0R_A,420,155
foldbench_all__8E3R_C,foldbench_all,8E3R_C,0,0
foldbench_all__8E4H_C,foldbench_all,8E4H_C,0,0
foldbench_all__8E4Z_A,foldbench_all,8E4Z_A,2822,772
foldbench_all__8E5D_A,foldbench_all,8E5D_A,394,19
foldbench_all__8E5H_A,foldbench_all,8E5H_A,3621,1450
foldbench_all__8E5N_B,foldbench_all,8E5N_B,5917,3259
foldbench_all__8E66_C,foldbench_all,8E66_C,0,0
foldbench_all__8E67_C,foldbench_all,8E67_C,0,0
foldbench_all__8E7R_A,foldbench_all,8E7R_A,4759,149
foldbench_all__8E85_A,foldbench_all,8E85_A,2950,1351
foldbench_all__8E87_A,foldbench_all,8E87_A,2950,1351
foldbench_all__8E8A_A,foldbench_all,8E8A_A,2950,1351
foldbench_all__8E8D_A,foldbench_all,8E8D_A,2950,1351
foldbench_all__8E8E_A,foldbench_all,8E8E_A,2950,1351
foldbench_all__8EA8_A,foldbench_all,8EA8_A,4751,1641
foldbench_all__8EB5_A,foldbench_all,8EB5_A,592,28
foldbench_all__8EB9_A,foldbench_all,8EB9_A,166,0
foldbench_all__8EBB_A,foldbench_all,8EBB_A,624,3
foldbench_all__8EBB_C,foldbench_all,8EBB_C,84,1
foldbench_all__8EBH_C,foldbench_all,8EBH_C,0,0
foldbench_all__8EC3_A,foldbench_all,8EC3_A,64,0
foldbench_all__8EE9_C,foldbench_all,8EE9_C,0,0
foldbench_all__8EGQ_A,foldbench_all,8EGQ_A,3438,597
foldbench_all__8EHP_A,foldbench_all,8EHP_A,2822,772
foldbench_all__8EJ6_C,foldbench_all,8EJ6_C,0,0
foldbench_all__8EKJ_C,foldbench_all,8EKJ_C,0,0
foldbench_all__8EKU_C,foldbench_all,8EKU_C,0,0
foldbench_all__8EKV_C,foldbench_all,8EKV_C,0,0
foldbench_all__8EKZ_C,foldbench_all,8EKZ_C,0,0
foldbench_all__8EM9_C,foldbench_all,8EM9_C,0,0
foldbench_all__8EML_A,foldbench_all,8EML_A,977,671
foldbench_all__8EN5_A,foldbench_all,8EN5_A,340,2
foldbench_all__8EN5_C,foldbench_all,8EN5_C,340,2
foldbench_all__8ENK_A,foldbench_all,8ENK_A,5545,2408
foldbench_all__8EO4_C,foldbench_all,8EO4_C,0,0
foldbench_all__8EO5_A,foldbench_all,8EO5_A,4160,1850
foldbench_all__8EOV_A,foldbench_all,8EOV_A,36,0
foldbench_all__8EQG_C,foldbench_all,8EQG_C,233,109
foldbench_all__8EQK_C,foldbench_all,8EQK_C,0,0
foldbench_all__8ERD_A,foldbench_all,8ERD_A,81723,39763
foldbench_all__8ERN_A,foldbench_all,8ERN_A,81723,39763
foldbench_all__8ES6_A,foldbench_all,8ES6_A,5696,2484
foldbench_all__8ET0_A,foldbench_all,8ET0_A,1848,531
foldbench_all__8ET0_C,foldbench_all,8ET0_C,1380,277
foldbench_all__8EUD_A,foldbench_all,8EUD_A,2822,772
foldbench_all__8EUT_A,foldbench_all,8EUT_A,2822,772
foldbench_all__8EV4_A,foldbench_all,8EV4_A,3634,818
foldbench_all__8EVD_A,foldbench_all,8EVD_A,761,186
foldbench_all__8EVD_C,foldbench_all,8EVD_C,39713,5468
foldbench_all__8EW1_A,foldbench_all,8EW1_A,4787,1438
foldbench_all__8EW9_A,foldbench_all,8EW9_A,467,49
foldbench_all__8EX2_A,foldbench_all,8EX2_A,20029,5351
foldbench_all__8EY3_A,foldbench_all,8EY3_A,964,294
foldbench_all__8EY4_A,foldbench_all,8EY4_A,917,292
foldbench_all__8EY4_B,foldbench_all,8EY4_B,1104,195
foldbench_all__8EY6_A,foldbench_all,8EY6_A,583,292
foldbench_all__8EY7_A,foldbench_all,8EY7_A,583,292
foldbench_all__8EY8_A,foldbench_all,8EY8_A,583,292
foldbench_all__8EYL_A,foldbench_all,8EYL_A,3233,1254
foldbench_all__8EYM_B,foldbench_all,8EYM_B,3874,2050
foldbench_all__8EZ6_A,foldbench_all,8EZ6_A,405,7
foldbench_all__8EZV_A,foldbench_all,8EZV_A,738,4
foldbench_all__8EZW_A,foldbench_all,8EZW_A,1739,1339
foldbench_all__8F5I_A,foldbench_all,8F5I_A,4681,834
foldbench_all__8F5I_E,foldbench_all,8F5I_E,936,301
foldbench_all__8F5I_F,foldbench_all,8F5I_F,2169,524
foldbench_all__8F5N_A,foldbench_all,8F5N_A,4616,1209
foldbench_all__8F5N_B,foldbench_all,8F5N_B,1778,420
foldbench_all__8F5N_C,foldbench_all,8F5N_C,959,291
foldbench_all__8F60_A,foldbench_all,8F60_A,1009,242
foldbench_all__8F60_B,foldbench_all,8F60_B,1228,323
foldbench_all__8F60_C,foldbench_all,8F60_C,1349,31
foldbench_all__8F69_A,foldbench_all,8F69_A,893,142
foldbench_all__8F7U_A,foldbench_all,8F7U_A,20076,8673
foldbench_all__8F7V_A,foldbench_all,8F7V_A,20076,8673
foldbench_all__8F8E_A,foldbench_all,8F8E_A,1713,76
foldbench_all__8F8K_A,foldbench_all,8F8K_A,6625,2864
foldbench_all__8F8N_A,foldbench_all,8F8N_A,488,5
foldbench_all__8F9O_A,foldbench_all,8F9O_A,6397,3663
foldbench_all__8FAS_A,foldbench_all,8FAS_A,1240,354
foldbench_all__8FAS_B,foldbench_all,8FAS_B,2530,477
foldbench_all__8FAS_C,foldbench_all,8FAS_C,0,0
foldbench_all__8FAU_A,foldbench_all,8FAU_A,3233,1254
foldbench_all__8FAY_A,foldbench_all,8FAY_A,3701,1899
foldbench_all__8FBC_A,foldbench_all,8FBC_A,8681,3679
foldbench_all__8FBM_A,foldbench_all,8FBM_A,1663,557
foldbench_all__8FBQ_A,foldbench_all,8FBQ_A,1733,627
foldbench_all__8FBU_A,foldbench_all,8FBU_A,1663,557
foldbench_all__8FBW_A,foldbench_all,8FBW_A,798,282
foldbench_all__8FBW_B,foldbench_all,8FBW_B,1628,539
foldbench_all__8FBW_C,foldbench_all,8FBW_C,798,282
foldbench_all__8FCF_A,foldbench_all,8FCF_A,12,1
foldbench_all__8FCF_B,foldbench_all,8FCF_B,12,1
foldbench_all__8FDD_A,foldbench_all,8FDD_A,1235,342
foldbench_all__8FDD_B,foldbench_all,8FDD_B,2032,460
foldbench_all__8FDD_C,foldbench_all,8FDD_C,0,0
foldbench_all__8FDO_A,foldbench_all,8FDO_A,828,282
foldbench_all__8FDO_C,foldbench_all,8FDO_C,136,46
foldbench_all__8FE5_A,foldbench_all,8FE5_A,77850,35237
foldbench_all__8FF8_A,foldbench_all,8FF8_A,72480,21551
foldbench_all__8FF9_A,foldbench_all,8FF9_A,2426,1329
foldbench_all__8FF9_C,foldbench_all,8FF9_C,2426,1329
foldbench_all__8FG6_B,foldbench_all,8FG6_B,26,1
foldbench_all__8FGQ_B,foldbench_all,8FGQ_B,562,65
foldbench_all__8FIB_A,foldbench_all,8FIB_A,11740,4510
foldbench_all__8FIK_A,foldbench_all,8FIK_A,894,98
foldbench_all__8FIL_A,foldbench_all,8FIL_A,894,98
foldbench_all__8FJF_A,foldbench_all,8FJF_A,258,1
foldbench_all__8FLN_A,foldbench_all,8FLN_A,42783,20146
foldbench_all__8FLV_A,foldbench_all,8FLV_A,41949,19236
foldbench_all__8FMG_A,foldbench_all,8FMG_A,3750,623
foldbench_all__8FMG_B,foldbench_all,8FMG_B,3750,623
foldbench_all__8FMG_C,foldbench_all,8FMG_C,3750,623
foldbench_all__8FMH_A,foldbench_all,8FMH_A,3750,623
foldbench_all__8FNR_A,foldbench_all,8FNR_A,1382,130
foldbench_all__8FNR_B,foldbench_all,8FNR_B,1382,130
foldbench_all__8FNY_A,foldbench_all,8FNY_A,4142,478
foldbench_all__8FO5_A,foldbench_all,8FO5_A,1359,489
foldbench_all__8FR5_A,foldbench_all,8FR5_A,1851,86
foldbench_all__8FSQ_A,foldbench_all,8FSQ_A,26384,10149
foldbench_all__8FSR_A,foldbench_all,8FSR_A,26566,10358
foldbench_all__8FTJ_A,foldbench_all,8FTJ_A,3756,478
foldbench_all__8FTY_A,foldbench_all,8FTY_A,2623,1313
foldbench_all__8FUX_A,foldbench_all,8FUX_A,4181,528
foldbench_all__8FV2_A,foldbench_all,8FV2_A,1899,1021
foldbench_all__8FX3_A,foldbench_all,8FX3_A,4567,1173
foldbench_all__8FXV_A,foldbench_all,8FXV_A,795,223
foldbench_all__8FXV_B,foldbench_all,8FXV_B,1308,358
foldbench_all__8FYM_A,foldbench_all,8FYM_A,2004,458
foldbench_all__8FYM_C,foldbench_all,8FYM_C,30,5
foldbench_all__8FZ8_A,foldbench_all,8FZ8_A,11076,5534
foldbench_all__8FZ9_A,foldbench_all,8FZ9_A,1240,121
foldbench_all__8G0N_A,foldbench_all,8G0N_A,15175,1924
foldbench_all__8G0P_A,foldbench_all,8G0P_A,101,12
foldbench_all__8G0P_B,foldbench_all,8G0P_B,92,10
foldbench_all__8G1L_A,foldbench_all,8G1L_A,164,6
foldbench_all__8G1Y_A,foldbench_all,8G1Y_A,2744,1569
foldbench_all__8G32_A,foldbench_all,8G32_A,1424,427
foldbench_all__8G35_A,foldbench_all,8G35_A,10822,4306
foldbench_all__8G3W_A,foldbench_all,8G3W_A,15028,4941
foldbench_all__8G4A_B,foldbench_all,8G4A_B,8298,2032
foldbench_all__8G4K_A,foldbench_all,8G4K_A,1623,19
foldbench_all__8G4K_B,foldbench_all,8G4K_B,477,11
foldbench_all__8G4P_A,foldbench_all,8G4P_A,981,312
foldbench_all__8G4P_B,foldbench_all,8G4P_B,2057,514
foldbench_all__8G4P_E,foldbench_all,8G4P_E,42,14
foldbench_all__8G52_A,foldbench_all,8G52_A,3721,983
foldbench_all__8G53_A,foldbench_all,8G53_A,4039,44
foldbench_all__8G5U_A,foldbench_all,8G5U_A,4677,1399
foldbench_all__8G64_A,foldbench_all,8G64_A,3025,439
foldbench_all__8G6P_A,foldbench_all,8G6P_A,13866,5128
foldbench_all__8G7F_B,foldbench_all,8G7F_B,4759,149
foldbench_all__8G7G_B,foldbench_all,8G7G_B,4759,149
foldbench_all__8G7H_B,foldbench_all,8G7H_B,4759,149
foldbench_all__8G86_A,foldbench_all,8G86_A,766,556
foldbench_all__8G86_B,foldbench_all,8G86_B,731,350
foldbench_all__8G86_C,foldbench_all,8G86_C,892,614
foldbench_all__8G86_D,foldbench_all,8G86_D,695,428
foldbench_all__8G88_K,foldbench_all,8G88_K,501,58
foldbench_all__8G8H_A,foldbench_all,8G8H_A,2937,1341
foldbench_all__8G8J_A,foldbench_all,8G8J_A,2937,1341
foldbench_all__8G91_A,foldbench_all,8G91_A,583,292
foldbench_all__8G9V_B,foldbench_all,8G9V_B,63163,31325
foldbench_all__8GAC_A,foldbench_all,8GAC_A,31,1
foldbench_all__8GAD_A,foldbench_all,8GAD_A,51,2
foldbench_all__8GAD_B,foldbench_all,8GAD_B,51,2
foldbench_all__8GBE_A,foldbench_all,8GBE_A,209,0
foldbench_all__8GDL_A,foldbench_all,8GDL_A,663,55
foldbench_all__8GFC_A,foldbench_all,8GFC_A,3482,698
foldbench_all__8GFD_A,foldbench_all,8GFD_A,3482,698
foldbench_all__8GFE_A,foldbench_all,8GFE_A,3482,698
foldbench_all__8GFH_A,foldbench_all,8GFH_A,3482,698
foldbench_all__8GFL_A,foldbench_all,8GFL_A,3482,698
foldbench_all__8GHO_A,foldbench_all,8GHO_A,1018,307
foldbench_all__8GHO_C,foldbench_all,8GHO_C,50,1
foldbench_all__8GJ9_A,foldbench_all,8GJ9_A,191,12
foldbench_all__8GJG_A,foldbench_all,8GJG_A,358,2
foldbench_all__8GJG_B,foldbench_all,8GJG_B,292,3
foldbench_all__8GJI_A,foldbench_all,8GJI_A,20,2
foldbench_all__8GJI_B,foldbench_all,8GJI_B,402,6
foldbench_all__8GJW_A,foldbench_all,8GJW_A,1147,209
foldbench_all__8GJY_A,foldbench_all,8GJY_A,1276,609
foldbench_all__8GKD_A,foldbench_all,8GKD_A,3859,747
foldbench_all__8GKF_A,foldbench_all,8GKF_A,3632,2263
foldbench_all__8GL9_B,foldbench_all,8GL9_B,3553,2757
foldbench_all__8GM4_A,foldbench_all,8GM4_A,4142,478
foldbench_all__8GM7_A,foldbench_all,8GM7_A,228,0
foldbench_all__8GMD_A,foldbench_all,8GMD_A,54326,15214
foldbench_all__8GMY_A,foldbench_all,8GMY_A,1724,66
foldbench_all__8GN3_A,foldbench_all,8GN3_A,3010,1714
foldbench_all__8GN4_A,foldbench_all,8GN4_A,3325,1797
foldbench_all__8GOJ_A,foldbench_all,8GOJ_A,42,2
foldbench_all__8GOJ_B,foldbench_all,8GOJ_B,8,2
foldbench_all__8GOK_A,foldbench_all,8GOK_A,600,5
foldbench_all__8GPS_A,foldbench_all,8GPS_A,6086,2190
foldbench_all__8GPV_A,foldbench_all,8GPV_A,8541,3197
foldbench_all__8GPZ_A,foldbench_all,8GPZ_A,2972,1075
foldbench_all__8GQP_A,foldbench_all,8GQP_A,1027,68
foldbench_all__8GQP_B,foldbench_all,8GQP_B,30,0
foldbench_all__8GQQ_A,foldbench_all,8GQQ_A,1441,341
foldbench_all__8GR7_A,foldbench_all,8GR7_A,2693,1699
foldbench_all__8GRJ_B,foldbench_all,8GRJ_B,6424,1988
foldbench_all__8GSJ_A,foldbench_all,8GSJ_A,1813,161
foldbench_all__8GSY_A,foldbench_all,8GSY_A,326,1
foldbench_all__8GTZ_A,foldbench_all,8GTZ_A,8681,6169
foldbench_all__8GXB_C,foldbench_all,8GXB_C,1513,388
foldbench_all__8GY0_A,foldbench_all,8GY0_A,2314,1012
foldbench_all__8GY0_B,foldbench_all,8GY0_B,2314,1012
foldbench_all__8GY5_B,foldbench_all,8GY5_B,1965,442
foldbench_all__8GY5_C,foldbench_all,8GY5_C,610,23
foldbench_all__8GYE_A,foldbench_all,8GYE_A,10227,653
foldbench_all__8GYE_E,foldbench_all,8GYE_E,706,263
foldbench_all__8GYE_F,foldbench_all,8GYE_F,1838,449
foldbench_all__8GZE_A,foldbench_all,8GZE_A,12956,191
foldbench_all__8GZO_A,foldbench_all,8GZO_A,0,0
foldbench_all__8GZO_B,foldbench_all,8GZO_B,0,0
foldbench_all__8GZO_C,foldbench_all,8GZO_C,0,0
foldbench_all__8H02_A,foldbench_all,8H02_A,372,8
foldbench_all__8H0E_A,foldbench_all,8H0E_A,0,0
foldbench_all__8H0E_B,foldbench_all,8H0E_B,0,0
foldbench_all__8H0E_C,foldbench_all,8H0E_C,0,0
foldbench_all__8H0F_A,foldbench_all,8H0F_A,0,0
foldbench_all__8H0F_B,foldbench_all,8H0F_B,0,0
foldbench_all__8H0F_C,foldbench_all,8H0F_C,0,0
foldbench_all__8H0L_A,foldbench_all,8H0L_A,976,458
foldbench_all__8H0M_A,foldbench_all,8H0M_A,2233,374
foldbench_all__8H0N_A,foldbench_all,8H0N_A,12967,640
foldbench_all__8H0N_B,foldbench_all,8H0N_B,7738,1100
foldbench_all__8H0P_A,foldbench_all,8H0P_A,0,0
foldbench_all__8H0P_B,foldbench_all,8H0P_B,6934,3618
foldbench_all__8H0Q_A,foldbench_all,8H0Q_A,6852,3459
foldbench_all__8H1B_A,foldbench_all,8H1B_A,8147,465
foldbench_all__8H1M_A,foldbench_all,8H1M_A,3845,1499
foldbench_all__8H1Q_A,foldbench_all,8H1Q_A,5134,3087
foldbench_all__8H1Y_A,foldbench_all,8H1Y_A,5134,3087
foldbench_all__8H29_A,foldbench_all,8H29_A,5134,3087
foldbench_all__8H2F_A,foldbench_all,8H2F_A,18509,5411
foldbench_all__8H3X_A,foldbench_all,8H3X_A,4214,11
foldbench_all__8H3X_B,foldbench_all,8H3X_B,1912,330
foldbench_all__8H5A_B,foldbench_all,8H5A_B,3281,270
foldbench_all__8H5S_A,foldbench_all,8H5S_A,15036,1918
foldbench_all__8H63_A,foldbench_all,8H63_A,59334,30629
foldbench_all__8H63_B,foldbench_all,8H63_B,842,241
foldbench_all__8H6P_A,foldbench_all,8H6P_A,81606,39278
foldbench_all__8H6Q_A,foldbench_all,8H6Q_A,2947,1726
foldbench_all__8H6Q_B,foldbench_all,8H6Q_B,2947,1726
foldbench_all__8H7A_A,foldbench_all,8H7A_A,344,24
foldbench_all__8H7A_B,foldbench_all,8H7A_B,344,24
foldbench_all__8H7M_A,foldbench_all,8H7M_A,1412,285
foldbench_all__8H9H_C,foldbench_all,8H9H_C,4513,2415
foldbench_all__8HAY_A,foldbench_all,8HAY_A,25481,7643
foldbench_all__8HBT_A,foldbench_all,8HBT_A,2156,791
foldbench_all__8HCL_E,foldbench_all,8HCL_E,0,0
foldbench_all__8HD2_A,foldbench_all,8HD2_A,7842,35
foldbench_all__8HDJ_A,foldbench_all,8HDJ_A,1,0
foldbench_all__8HDJ_B,foldbench_all,8HDJ_B,676,117
foldbench_all__8HE1_A,foldbench_all,8HE1_A,10321,1873
foldbench_all__8HEL_A,foldbench_all,8HEL_A,103,18
foldbench_all__8HF8_A,foldbench_all,8HF8_A,1131,215
foldbench_all__8HFP_A,foldbench_all,8HFP_A,316,50
foldbench_all__8HFP_B,foldbench_all,8HFP_B,316,50
foldbench_all__8HFW_A,foldbench_all,8HFW_A,17915,1555
foldbench_all__8HFW_B,foldbench_all,8HFW_B,17915,1555
foldbench_all__8HHI_A,foldbench_all,8HHI_A,3,0
foldbench_all__8HHI_B,foldbench_all,8HHI_B,3,0
foldbench_all__8HHJ_A,foldbench_all,8HHJ_A,294,35
foldbench_all__8HHJ_B,foldbench_all,8HHJ_B,387,47
foldbench_all__8HHV_A,foldbench_all,8HHV_A,3909,840
foldbench_all__8HHV_D,foldbench_all,8HHV_D,3909,840
foldbench_all__8HIC_A,foldbench_all,8HIC_A,14414,5990
foldbench_all__8HIG_A,foldbench_all,8HIG_A,13883,4487
foldbench_all__8HKB_A,foldbench_all,8HKB_A,19178,14941
foldbench_all__8HNQ_A,foldbench_all,8HNQ_A,12810,4135
foldbench_all__8HTD_A,foldbench_all,8HTD_A,593,0
foldbench_all__8HTD_B,foldbench_all,8HTD_B,3570,2430
foldbench_all__8HTW_A,foldbench_all,8HTW_A,1020,78
foldbench_all__8HTW_B,foldbench_all,8HTW_B,1020,78
foldbench_all__8HUC_A,foldbench_all,8HUC_A,2558,645
foldbench_all__8HUC_C,foldbench_all,8HUC_C,2558,645
foldbench_all__8HUT_A,foldbench_all,8HUT_A,576,4
foldbench_all__8HVD_A,foldbench_all,8HVD_A,5815,2319
foldbench_all__8HW8_A,foldbench_all,8HW8_A,6809,3505
foldbench_all__8HWI_B,foldbench_all,8HWI_B,617,32
foldbench_all__8HX9_A,foldbench_all,8HX9_A,10833,3149
foldbench_all__8HXQ_A,foldbench_all,8HXQ_A,1840,326
foldbench_all__8HXQ_B,foldbench_all,8HXQ_B,1840,326
foldbench_all__8HXS_A,foldbench_all,8HXS_A,2135,162
foldbench_all__8HY1_A,foldbench_all,8HY1_A,10112,1601
foldbench_all__8HY3_A,foldbench_all,8HY3_A,3459,601
foldbench_all__8HYB_A,foldbench_all,8HYB_A,7935,702
foldbench_all__8I61_A,foldbench_all,8I61_A,1876,919
foldbench_all__8I6A_A,foldbench_all,8I6A_A,1876,919
foldbench_all__8I6K_A,foldbench_all,8I6K_A,446,14
foldbench_all__8I71_A,foldbench_all,8I71_A,494,0
foldbench_all__8I82_A,foldbench_all,8I82_A,8361,566
foldbench_all__8I82_B,foldbench_all,8I82_B,8361,566
foldbench_all__8I84_B,foldbench_all,8I84_B,8361,566
foldbench_all__8I89_B,foldbench_all,8I89_B,8361,566
foldbench_all__8IAU_A,foldbench_all,8IAU_A,4568,2546
foldbench_all__8IC7_A,foldbench_all,8IC7_A,4194,1403
foldbench_all__8IC7_B,foldbench_all,8IC7_B,4194,1403
foldbench_all__8ID0_A,foldbench_all,8ID0_A,3611,2715
foldbench_all__8IDO_A,foldbench_all,8IDO_A,240,0
foldbench_all__8IDO_D,foldbench_all,8IDO_D,959,260
foldbench_all__8IFO_A,foldbench_all,8IFO_A,986,758
foldbench_all__8IFX_A,foldbench_all,8IFX_A,7466,1499
foldbench_all__8IFX_B,foldbench_all,8IFX_B,8898,957
foldbench_all__8IGX_A,foldbench_all,8IGX_A,738,4
foldbench_all__8IH8_A,foldbench_all,8IH8_A,12273,3006
foldbench_all__8IH8_B,foldbench_all,8IH8_B,12273,3006
foldbench_all__8IHA_A,foldbench_all,8IHA_A,1531,71
foldbench_all__8IHA_B,foldbench_all,8IHA_B,1531,71
foldbench_all__8IHG_C,foldbench_all,8IHG_C,863,148
foldbench_all__8II8_A,foldbench_all,8II8_A,10,1
foldbench_all__8IJP_A,foldbench_all,8IJP_A,730,109
foldbench_all__8IK5_C,foldbench_all,8IK5_C,705,365
foldbench_all__8IKX_A,foldbench_all,8IKX_A,11537,1914
foldbench_all__8ILD_A,foldbench_all,8ILD_A,1951,747
foldbench_all__8ILF_A,foldbench_all,8ILF_A,1933,744
foldbench_all__8ILG_A,foldbench_all,8ILG_A,2078,747
foldbench_all__8ILH_A,foldbench_all,8ILH_A,2079,747
foldbench_all__8IM0_A,foldbench_all,8IM0_A,853,11
foldbench_all__8IM0_B,foldbench_all,8IM0_B,1634,394
foldbench_all__8IM3_A,foldbench_all,8IM3_A,1760,387
foldbench_all__8IME_B,foldbench_all,8IME_B,1233,292
foldbench_all__8INI_A,foldbench_all,8INI_A,341,1
foldbench_all__8IOO_A,foldbench_all,8IOO_A,7844,4107
foldbench_all__8IOO_B,foldbench_all,8IOO_B,7844,4107
foldbench_all__8IPG_A,foldbench_all,8IPG_A,22,9
foldbench_all__8IPG_D,foldbench_all,8IPG_D,0,0
foldbench_all__8IPJ_A,foldbench_all,8IPJ_A,988,33
foldbench_all__8IPJ_B,foldbench_all,8IPJ_B,3199,2250
foldbench_all__8IPP_B,foldbench_all,8IPP_B,143671,98296
foldbench_all__8IQ5_A,foldbench_all,8IQ5_A,1270,55
foldbench_all__8IQ5_B,foldbench_all,8IQ5_B,1270,55
foldbench_all__8IQ8_A,foldbench_all,8IQ8_A,1292,214
foldbench_all__8IQ8_B,foldbench_all,8IQ8_B,1292,214
foldbench_all__8IQA_A,foldbench_all,8IQA_A,5614,2313
foldbench_all__8IQA_B,foldbench_all,8IQA_B,5614,2313
foldbench_all__8IQC_A,foldbench_all,8IQC_A,557,60
foldbench_all__8IRQ_A,foldbench_all,8IRQ_A,146,86
foldbench_all__8IVU_B,foldbench_all,8IVU_B,1644,601
foldbench_all__8IVX_A,foldbench_all,8IVX_A,7875,3413
foldbench_all__8IVX_B,foldbench_all,8IVX_B,742,269
foldbench_all__8IVX_C,foldbench_all,8IVX_C,3371,516
foldbench_all__8IW5_A,foldbench_all,8IW5_A,544,15
foldbench_all__8IW5_B,foldbench_all,8IW5_B,544,15
foldbench_all__8IXQ_B,foldbench_all,8IXQ_B,2719,26
foldbench_all__8IXW_A,foldbench_all,8IXW_A,277,0
foldbench_all__8IXW_B,foldbench_all,8IXW_B,277,0
foldbench_all__8IYB_A,foldbench_all,8IYB_A,6743,957
foldbench_all__8IYM_A,foldbench_all,8IYM_A,39073,1942
foldbench_all__8IYQ_A,foldbench_all,8IYQ_A,1907,656
foldbench_all__8IZC_A,foldbench_all,8IZC_A,53434,9005
foldbench_all__8J0K_A,foldbench_all,8J0K_A,242,63
foldbench_all__8J0L_A,foldbench_all,8J0L_A,242,63
foldbench_all__8J0L_B,foldbench_all,8J0L_B,242,63
foldbench_all__8J0R_A,foldbench_all,8J0R_A,242,63
foldbench_all__8J2N_A,foldbench_all,8J2N_A,2065,1318
foldbench_all__8J2W_A,foldbench_all,8J2W_A,4202,1993
foldbench_all__8J2W_B,foldbench_all,8J2W_B,4202,1993
foldbench_all__8J2X_A,foldbench_all,8J2X_A,4203,1993
foldbench_all__8J3T_A,foldbench_all,8J3T_A,735,0
foldbench_all__8J48_A,foldbench_all,8J48_A,1141,202
foldbench_all__8J48_B,foldbench_all,8J48_B,334,3
foldbench_all__8J49_A,foldbench_all,8J49_A,111,57
foldbench_all__8J49_B,foldbench_all,8J49_B,286,4
foldbench_all__8J49_C,foldbench_all,8J49_C,286,4
foldbench_all__8J5H_A,foldbench_all,8J5H_A,1246,64
foldbench_all__8J5U_A,foldbench_all,8J5U_A,18035,7003
foldbench_all__8J62_A,foldbench_all,8J62_A,1083,102
foldbench_all__8J62_B,foldbench_all,8J62_B,1083,102
foldbench_all__8J62_C,foldbench_all,8J62_C,1056,1
foldbench_all__8J71_A,foldbench_all,8J71_A,1467,38
foldbench_all__8J7T_A,foldbench_all,8J7T_A,2896,1177
foldbench_all__8J7T_B,foldbench_all,8J7T_B,2896,1177
foldbench_all__8J7T_C,foldbench_all,8J7T_C,2976,492
foldbench_all__8J8Y_A,foldbench_all,8J8Y_A,23,2
foldbench_all__8J9R_A,foldbench_all,8J9R_A,326,129
foldbench_all__8JA9_A,foldbench_all,8JA9_A,4382,1094
foldbench_all__8JAB_A,foldbench_all,8JAB_A,4382,1094
foldbench_all__8JB3_A,foldbench_all,8JB3_A,1124,69
foldbench_all__8JBO_A,foldbench_all,8JBO_A,2605,1003
foldbench_all__8JCA_A,foldbench_all,8JCA_A,6940,2205
foldbench_all__8JCA_B,foldbench_all,8JCA_B,554,20
foldbench_all__8JD7_A,foldbench_all,8JD7_A,920,8
foldbench_all__8JD7_B,foldbench_all,8JD7_B,920,8
foldbench_all__8JDG_A,foldbench_all,8JDG_A,9408,5158
foldbench_all__8JDH_A,foldbench_all,8JDH_A,424,15
foldbench_all__8JDH_B,foldbench_all,8JDH_B,424,15
foldbench_all__8JDR_A,foldbench_all,8JDR_A,9408,5158
foldbench_all__8JDX_A,foldbench_all,8JDX_A,9614,5246
foldbench_all__8JE4_A,foldbench_all,8JE4_A,735,96
foldbench_all__8JEO_A,foldbench_all,8JEO_A,1910,65
foldbench_all__8JEO_B,foldbench_all,8JEO_B,820,234
foldbench_all__8JEO_C,foldbench_all,8JEO_C,2167,498
foldbench_all__8JFB_A,foldbench_all,8JFB_A,6230,2884
foldbench_all__8JFD_A,foldbench_all,8JFD_A,6230,2884
foldbench_all__8JGF_E,foldbench_all,8JGF_E,1342,409
foldbench_all__8JGF_F,foldbench_all,8JGF_F,1233,233
foldbench_all__8JGG_B,foldbench_all,8JGG_B,0,0
foldbench_all__8JGG_F,foldbench_all,8JGG_F,1233,232
foldbench_all__8JH8_A,foldbench_all,8JH8_A,10127,3559
foldbench_all__8JI7_A,foldbench_all,8JI7_A,502,210
foldbench_all__8JI7_B,foldbench_all,8JI7_B,502,210
foldbench_all__8JIK_A,foldbench_all,8JIK_A,2377,838
foldbench_all__8JIY_A,foldbench_all,8JIY_A,311,15
foldbench_all__8JJQ_A,foldbench_all,8JJQ_A,15179,800
foldbench_all__8JJT_A,foldbench_all,8JJT_A,15179,800
foldbench_all__8JKK_A,foldbench_all,8JKK_A,896,348
foldbench_all__8JMQ_A,foldbench_all,8JMQ_A,1434,135
foldbench_all__8JMQ_B,foldbench_all,8JMQ_B,1434,135
foldbench_all__8JMY_A,foldbench_all,8JMY_A,1531,71
foldbench_all__8JN0_A,foldbench_all,8JN0_A,4660,147
foldbench_all__8JNC_A,foldbench_all,8JNC_A,11497,4731
foldbench_all__8JNO_A,foldbench_all,8JNO_A,11497,4731
foldbench_all__8JNY_A,foldbench_all,8JNY_A,2252,745
foldbench_all__8JOZ_A,foldbench_all,8JOZ_A,43944,3082
foldbench_all__8JQ4_D,foldbench_all,8JQ4_D,1401,129
foldbench_all__8JQF_A,foldbench_all,8JQF_A,3176,1485
foldbench_all__8JQF_B,foldbench_all,8JQF_B,3176,1485
foldbench_all__8JT1_A,foldbench_all,8JT1_A,1055,189
foldbench_all__8JU7_A,foldbench_all,8JU7_A,155,7
foldbench_all__8JU7_B,foldbench_all,8JU7_B,155,7
foldbench_all__8JU8_A,foldbench_all,8JU8_A,868,1
foldbench_all__8JUP_A,foldbench_all,8JUP_A,39140,13708
foldbench_all__8JV1_A,foldbench_all,8JV1_A,2053,1282
foldbench_all__8JV2_A,foldbench_all,8JV2_A,2053,1282
foldbench_all__8JV3_A,foldbench_all,8JV3_A,2053,1282
foldbench_all__8JVL_A,foldbench_all,8JVL_A,2891,1413
foldbench_all__8JWS_A,foldbench_all,8JWS_A,625,128
foldbench_all__8JWZ_A,foldbench_all,8JWZ_A,10586,3010
foldbench_all__8JYG_A,foldbench_all,8JYG_A,2120,744
foldbench_all__8JYR_A,foldbench_all,8JYR_A,938,204
foldbench_all__8JYR_B,foldbench_all,8JYR_B,899,281
foldbench_all__8JYR_C,foldbench_all,8JYR_C,2828,505
foldbench_all__8JYV_A,foldbench_all,8JYV_A,193,16
foldbench_all__8JZD_A,foldbench_all,8JZD_A,1004,285
foldbench_all__8JZD_B,foldbench_all,8JZD_B,16,14
foldbench_all__8JZT_A,foldbench_all,8JZT_A,14436,5467
foldbench_all__8JZT_B,foldbench_all,8JZT_B,3289,516
foldbench_all__8K1X_A,foldbench_all,8K1X_A,10005,2613
foldbench_all__8K2G_A,foldbench_all,8K2G_A,6587,2830
foldbench_all__8K2K_A,foldbench_all,8K2K_A,6694,3494
foldbench_all__8K2M_A,foldbench_all,8K2M_A,4228,1578
foldbench_all__8K3B_A,foldbench_all,8K3B_A,6349,3105
foldbench_all__8K3D_A,foldbench_all,8K3D_A,360,4
foldbench_all__8K4F_A,foldbench_all,8K4F_A,3309,1490
foldbench_all__8K4L_A,foldbench_all,8K4L_A,156,0
foldbench_all__8K4M_A,foldbench_all,8K4M_A,43,5
foldbench_all__8K4W_A,foldbench_all,8K4W_A,2,0
foldbench_all__8K4W_B,foldbench_all,8K4W_B,2,0
foldbench_all__8K4W_C,foldbench_all,8K4W_C,2,0
foldbench_all__8K5J_A,foldbench_all,8K5J_A,7729,1084
foldbench_all__8K5Q_A,foldbench_all,8K5Q_A,521,191
foldbench_all__8K7F_B,foldbench_all,8K7F_B,4915,1359
foldbench_all__8K7H_A,foldbench_all,8K7H_A,4915,1359
foldbench_all__8K7O_A,foldbench_all,8K7O_A,1705,0
foldbench_all__8K7X_A,foldbench_all,8K7X_A,2856,1122
foldbench_all__8K7Y_A,foldbench_all,8K7Y_A,2889,1060
foldbench_all__8K7Y_B,foldbench_all,8K7Y_B,2889,1060
foldbench_all__8K7Z_A,foldbench_all,8K7Z_A,10,0
foldbench_all__8K83_A,foldbench_all,8K83_A,82,1
foldbench_all__8K84_A,foldbench_all,8K84_A,103,1
foldbench_all__8K86_A,foldbench_all,8K86_A,99,61
foldbench_all__8K8A_A,foldbench_all,8K8A_A,99,61
foldbench_all__8K8C_A,foldbench_all,8K8C_A,58,27
foldbench_all__8K8D_A,foldbench_all,8K8D_A,68,29
foldbench_all__8K8F_A,foldbench_all,8K8F_A,327,0
foldbench_all__8KA7_A,foldbench_all,8KA7_A,89,0
foldbench_all__8KAC_A,foldbench_all,8KAC_A,37,0
foldbench_all__8KBG_A,foldbench_all,8KBG_A,1030,313
foldbench_all__8KBH_A,foldbench_all,8KBH_A,1068,303
foldbench_all__8KBH_B,foldbench_all,8KBH_B,1068,303
foldbench_all__8KBL_A,foldbench_all,8KBL_A,3089,429
foldbench_all__8KBM_A,foldbench_all,8KBM_A,3089,429
foldbench_all__8KC1_A,foldbench_all,8KC1_A,1172,11
foldbench_all__8KCE_A,foldbench_all,8KCE_A,926,239
foldbench_all__8KCJ_A,foldbench_all,8KCJ_A,325,0
foldbench_all__8KCK_A,foldbench_all,8KCK_A,45,0
foldbench_all__8KFR_A,foldbench_all,8KFR_A,4194,1716
foldbench_all__8KG4_A,foldbench_all,8KG4_A,5718,808
foldbench_all__8KH3_A,foldbench_all,8KH3_A,7070,2972
foldbench_all__8KHQ_A,foldbench_all,8KHQ_A,33277,2419
foldbench_all__8KHT_B,foldbench_all,8KHT_B,2462,703
foldbench_all__8KHV_A,foldbench_all,8KHV_A,6225,3814
foldbench_all__8KIH_A,foldbench_all,8KIH_A,449,15
foldbench_all__8OET_A,foldbench_all,8OET_A,3326,877
foldbench_all__8OF7_A,foldbench_all,8OF7_A,1375,93
foldbench_all__8OF7_B,foldbench_all,8OF7_B,1375,93
foldbench_all__8OG8_A,foldbench_all,8OG8_A,1634,75
foldbench_all__8OGC_A,foldbench_all,8OGC_A,1634,75
foldbench_all__8OHU_A,foldbench_all,8OHU_A,3220,1305
foldbench_all__8OHV_A,foldbench_all,8OHV_A,3220,1305
foldbench_all__8OI4_A,foldbench_all,8OI4_A,1909,665
foldbench_all__8OI4_B,foldbench_all,8OI4_B,1909,665
foldbench_all__8OIJ_A,foldbench_all,8OIJ_A,191,9
foldbench_all__8OIJ_B,foldbench_all,8OIJ_B,191,9
foldbench_all__8OIJ_C,foldbench_all,8OIJ_C,68,0
foldbench_all__8OIV_A,foldbench_all,8OIV_A,1770,384
foldbench_all__8OJ6_A,foldbench_all,8OJ6_A,6853,2701
foldbench_all__8OJ6_B,foldbench_all,8OJ6_B,83,0
foldbench_all__8OJ7_A,foldbench_all,8OJ7_A,6853,2701
foldbench_all__8OJ7_B,foldbench_all,8OJ7_B,83,0
foldbench_all__8OJA_A,foldbench_all,8OJA_A,6853,2701
foldbench_all__8OJA_B,foldbench_all,8OJA_B,83,0
foldbench_all__8OJO_A,foldbench_all,8OJO_A,1127,579
foldbench_all__8OJP_B,foldbench_all,8OJP_B,856,293
foldbench_all__8OK3_A,foldbench_all,8OK3_A,318,15
foldbench_all__8OK4_A,foldbench_all,8OK4_A,311,188
foldbench_all__8OK9_A,foldbench_all,8OK9_A,1618,376
foldbench_all__8OK9_B,foldbench_all,8OK9_B,1398,0
foldbench_all__8OKE_A,foldbench_all,8OKE_A,3723,1290
foldbench_all__8OKG_A,foldbench_all,8OKG_A,3723,1290
foldbench_all__8OKJ_A,foldbench_all,8OKJ_A,3723,1290
foldbench_all__8OKO_A,foldbench_all,8OKO_A,3723,1290
foldbench_all__8OKP_A,foldbench_all,8OKP_A,3723,1290
foldbench_all__8OLF_A,foldbench_all,8OLF_A,3723,1290
foldbench_all__8OMJ_B,foldbench_all,8OMJ_B,13295,1779
foldbench_all__8ON4_A,foldbench_all,8ON4_A,8183,106
foldbench_all__8ON7_A,foldbench_all,8ON7_A,2604,1270
foldbench_all__8ON9_A,foldbench_all,8ON9_A,2604,1270
foldbench_all__8ON9_B,foldbench_all,8ON9_B,2604,1270
foldbench_all__8ONB_A,foldbench_all,8ONB_A,21045,382
foldbench_all__8ONB_B,foldbench_all,8ONB_B,21045,382
foldbench_all__8ONF_A,foldbench_all,8ONF_A,7694,184
foldbench_all__8ONF_B,foldbench_all,8ONF_B,7694,184
foldbench_all__8ONI_A,foldbench_all,8ONI_A,952,285
foldbench_all__8ONI_B,foldbench_all,8ONI_B,1756,475
foldbench_all__8ONI_E,foldbench_all,8ONI_E,65,17
foldbench_all__8ONI_F,foldbench_all,8ONI_F,478,18
foldbench_all__8ONM_A,foldbench_all,8ONM_A,7672,4634
foldbench_all__8ONN_A,foldbench_all,8ONN_A,7672,4634
foldbench_all__8ONV_A,foldbench_all,8ONV_A,7961,3902
foldbench_all__8OO5_A,foldbench_all,8OO5_A,1795,74
foldbench_all__8OPR_A,foldbench_all,8OPR_A,3133,21
foldbench_all__8OPR_B,foldbench_all,8OPR_B,1579,328
foldbench_all__8OQ1_A,foldbench_all,8OQ1_A,2267,88
foldbench_all__8OQH_A,foldbench_all,8OQH_A,286,28
foldbench_all__8OQO_B,foldbench_all,8OQO_B,18387,8935
foldbench_all__8OQR_A,foldbench_all,8OQR_A,18387,8935
foldbench_all__8ORC_B,foldbench_all,8ORC_B,11786,2978
foldbench_all__8ORK_A,foldbench_all,8ORK_A,633,115
foldbench_all__8ORU_A,foldbench_all,8ORU_A,628,115
foldbench_all__8OS2_A,foldbench_all,8OS2_A,545,86
foldbench_all__8OSW_A,foldbench_all,8OSW_A,1570,1156
foldbench_all__8OSW_B,foldbench_all,8OSW_B,1570,1156
foldbench_all__8OSZ_A,foldbench_all,8OSZ_A,4750,1256
foldbench_all__8OTP_A,foldbench_all,8OTP_A,3233,1254
foldbench_all__8OU1_A,foldbench_all,8OU1_A,556,1
foldbench_all__8OUA_A,foldbench_all,8OUA_A,1291,237
foldbench_all__8OUD_A,foldbench_all,8OUD_A,2465,1715
foldbench_all__8OUD_D,foldbench_all,8OUD_D,1145,316
foldbench_all__8OUS_A,foldbench_all,8OUS_A,74117,37072
foldbench_all__8OUT_A,foldbench_all,8OUT_A,74117,37072
foldbench_all__8OUV_A,foldbench_all,8OUV_A,46806,19578
foldbench_all__8OV7_A,foldbench_all,8OV7_A,46806,19578
foldbench_all__8OVQ_A,foldbench_all,8OVQ_A,1945,7
foldbench_all__8OVU_A,foldbench_all,8OVU_A,14397,3335
foldbench_all__8OW8_A,foldbench_all,8OW8_A,817,8
foldbench_all__8OWF_A,foldbench_all,8OWF_A,7167,2675
foldbench_all__8OWS_A,foldbench_all,8OWS_A,525,166
foldbench_all__8OWS_B,foldbench_all,8OWS_B,694,10
foldbench_all__8OXK_A,foldbench_all,8OXK_A,856,8
foldbench_all__8OXL_A,foldbench_all,8OXL_A,2417,31
foldbench_all__8OXW_A,foldbench_all,8OXW_A,1273,267
foldbench_all__8OXW_B,foldbench_all,8OXW_B,1292,357
foldbench_all__8OXW_C,foldbench_all,8OXW_C,1553,512
foldbench_all__8OXX_A,foldbench_all,8OXX_A,1267,220
foldbench_all__8OXX_B,foldbench_all,8OXX_B,1285,352
foldbench_all__8OXX_C,foldbench_all,8OXX_C,1553,512
foldbench_all__8OYA_A,foldbench_all,8OYA_A,3326,877
foldbench_all__8OYQ_A,foldbench_all,8OYQ_A,18621,1886
foldbench_all__8OYS_A,foldbench_all,8OYS_A,32,0
foldbench_all__8OYY_A,foldbench_all,8OYY_A,273,4
foldbench_all__8P04_A,foldbench_all,8P04_A,51681,14404
foldbench_all__8P08_A,foldbench_all,8P08_A,51681,14404
foldbench_all__8P0E_A,foldbench_all,8P0E_A,767,214
foldbench_all__8P0M_A,foldbench_all,8P0M_A,440,40
foldbench_all__8P2A_A,foldbench_all,8P2A_A,1206,622
foldbench_all__8P3D_A,foldbench_all,8P3D_A,8367,3788
foldbench_all__8P3N_A,foldbench_all,8P3N_A,18621,1886
foldbench_all__8P3R_B,foldbench_all,8P3R_B,18621,1886
foldbench_all__8P5I_A,foldbench_all,8P5I_A,95318,48045
foldbench_all__8P5N_A,foldbench_all,8P5N_A,4318,1135
foldbench_all__8P5P_A,foldbench_all,8P5P_A,3987,148
foldbench_all__8P5Q_A,foldbench_all,8P5Q_A,946,108
foldbench_all__8P6K_A,foldbench_all,8P6K_A,57,0
foldbench_all__8P6K_B,foldbench_all,8P6K_B,57,0
foldbench_all__8P6M_A,foldbench_all,8P6M_A,4318,1135
foldbench_all__8P6M_B,foldbench_all,8P6M_B,4318,1135
foldbench_all__8P7B_A,foldbench_all,8P7B_A,16015,341
foldbench_all__8P7B_C,foldbench_all,8P7B_C,16015,341
foldbench_all__8P7U_A,foldbench_all,8P7U_A,2866,1751
foldbench_all__8P8K_B,foldbench_all,8P8K_B,6683,4119
foldbench_all__8P92_A,foldbench_all,8P92_A,9009,1518
foldbench_all__8P95_A,foldbench_all,8P95_A,9009,1518
foldbench_all__8P9C_A,foldbench_all,8P9C_A,57,8
foldbench_all__8P9C_B,foldbench_all,8P9C_B,208,10
foldbench_all__8P9C_C,foldbench_all,8P9C_C,137393,95431
foldbench_all__8P9G_A,foldbench_all,8P9G_A,2970,1054
foldbench_all__8P9H_A,foldbench_all,8P9H_A,2970,1054
foldbench_all__8P9K_A,foldbench_all,8P9K_A,2970,1054
foldbench_all__8P9P_A,foldbench_all,8P9P_A,9009,1518
foldbench_all__8P9Q_A,foldbench_all,8P9Q_A,9009,1518
foldbench_all__8P9R_A,foldbench_all,8P9R_A,1128,330
foldbench_all__8P9R_B,foldbench_all,8P9R_B,1128,330
foldbench_all__8P9S_A,foldbench_all,8P9S_A,9009,1518
foldbench_all__8P9T_A,foldbench_all,8P9T_A,9009,1518
foldbench_all__8PA5_A,foldbench_all,8PA5_A,9009,1518
foldbench_all__8PAK_A,foldbench_all,8PAK_A,8283,1170
foldbench_all__8PAQ_A,foldbench_all,8PAQ_A,92,13
foldbench_all__8PB2_A,foldbench_all,8PB2_A,9009,1518
foldbench_all__8PB3_A,foldbench_all,8PB3_A,2431,356
foldbench_all__8PB3_B,foldbench_all,8PB3_B,2431,356
foldbench_all__8PB4_A,foldbench_all,8PB4_A,2431,356
foldbench_all__8PB5_A,foldbench_all,8PB5_A,2431,356
foldbench_all__8PD6_A,foldbench_all,8PD6_A,1972,687
foldbench_all__8PE3_A,foldbench_all,8PE3_A,1070,437
foldbench_all__8PFI_B,foldbench_all,8PFI_B,46125,13319
foldbench_all__8PG6_A,foldbench_all,8PG6_A,9009,1518
foldbench_all__8PG9_A,foldbench_all,8PG9_A,9009,1518
foldbench_all__8PGC_A,foldbench_all,8PGC_A,9009,1518
foldbench_all__8PGE_A,foldbench_all,8PGE_A,9009,1518
foldbench_all__8PGG_A,foldbench_all,8PGG_A,9009,1518
foldbench_all__8PGJ_A,foldbench_all,8PGJ_A,9009,1518
foldbench_all__8PGK_A,foldbench_all,8PGK_A,9009,1518
foldbench_all__8PGL_A,foldbench_all,8PGL_A,9009,1518
foldbench_all__8PGM_A,foldbench_all,8PGM_A,9009,1518
foldbench_all__8PGR_A,foldbench_all,8PGR_A,9009,1518
foldbench_all__8PGT_A,foldbench_all,8PGT_A,9009,1518
foldbench_all__8PGX_A,foldbench_all,8PGX_A,9009,1518
foldbench_all__8PGZ_A,foldbench_all,8PGZ_A,9009,1518
foldbench_all__8PH1_A,foldbench_all,8PH1_A,9009,1518
foldbench_all__8PH3_A,foldbench_all,8PH3_A,9009,1518
foldbench_all__8PHB_A,foldbench_all,8PHB_A,1827,562
foldbench_all__8PHB_B,foldbench_all,8PHB_B,1827,562
foldbench_all__8PI8_C,foldbench_all,8PI8_C,54,6
foldbench_all__8PIH_A,foldbench_all,8PIH_A,1025,150
foldbench_all__8PIH_B,foldbench_all,8PIH_B,1250,310
foldbench_all__8PM5_A,foldbench_all,8PM5_A,796,541
foldbench_all__8PM7_I,foldbench_all,8PM7_I,0,0
foldbench_all__8PMC_I,foldbench_all,8PMC_I,0,0
foldbench_all__8PMF_C,foldbench_all,8PMF_C,781,533
foldbench_all__8PMV_A,foldbench_all,8PMV_A,796,541
foldbench_all__8PMZ_A,foldbench_all,8PMZ_A,419,0
foldbench_all__8PMZ_B,foldbench_all,8PMZ_B,1855,480
foldbench_all__8PN0_A,foldbench_all,8PN0_A,928,288
foldbench_all__8PN0_B,foldbench_all,8PN0_B,1778,525
foldbench_all__8PN0_E,foldbench_all,8PN0_E,419,0
foldbench_all__8PNA_B,foldbench_all,8PNA_B,0,0
foldbench_all__8PNC_B,foldbench_all,8PNC_B,0,0
foldbench_all__8PNP_A,foldbench_all,8PNP_A,351,0
foldbench_all__8PNP_B,foldbench_all,8PNP_B,212,13
foldbench_all__8PNP_C,foldbench_all,8PNP_C,300,7
foldbench_all__8POR_A,foldbench_all,8POR_A,1413,273
foldbench_all__8PPF_A,foldbench_all,8PPF_A,919,185
foldbench_all__8PPI_A,foldbench_all,8PPI_A,919,185
foldbench_all__8PQG_A,foldbench_all,8PQG_A,36879,14139
foldbench_all__8PQR_A,foldbench_all,8PQR_A,2234,154
foldbench_all__8PQR_B,foldbench_all,8PQR_B,2234,154
foldbench_all__8PR6_A,foldbench_all,8PR6_A,900,272
foldbench_all__8PR6_B,foldbench_all,8PR6_B,900,272
foldbench_all__8PSO_A,foldbench_all,8PSO_A,975,0
foldbench_all__8PSO_B,foldbench_all,8PSO_B,265,1
foldbench_all__8PSO_C,foldbench_all,8PSO_C,506,0
foldbench_all__8PSZ_B,foldbench_all,8PSZ_B,265,1
foldbench_all__8PSZ_C,foldbench_all,8PSZ_C,506,0
foldbench_all__8PTD_A,foldbench_all,8PTD_A,9830,2402
foldbench_all__8PU1_A,foldbench_all,8PU1_A,467,24
foldbench_all__8PU1_B,foldbench_all,8PU1_B,2323,83
foldbench_all__8PU2_A,foldbench_all,8PU2_A,467,24
foldbench_all__8PVS_A,foldbench_all,8PVS_A,6801,2708
foldbench_all__8PW0_A,foldbench_all,8PW0_A,4416,1848
foldbench_all__8PW2_A,foldbench_all,8PW2_A,51,22
foldbench_all__8PXC_A,foldbench_all,8PXC_A,1487,52
foldbench_all__8PXU_A,foldbench_all,8PXU_A,7568,4046
foldbench_all__8PYI_A,foldbench_all,8PYI_A,42994,16669
foldbench_all__8PYK_A,foldbench_all,8PYK_A,42994,16669
foldbench_all__8PYM_A,foldbench_all,8PYM_A,42994,16669
foldbench_all__8PYR_A,foldbench_all,8PYR_A,67787,29033
foldbench_all__8PYR_C,foldbench_all,8PYR_C,654,29
foldbench_all__8PYR_D,foldbench_all,8PYR_D,948,267
foldbench_all__8Q00_A,foldbench_all,8Q00_A,1784,8
foldbench_all__8Q00_B,foldbench_all,8Q00_B,3293,2306
foldbench_all__8Q0T_A,foldbench_all,8Q0T_A,7134,1062
foldbench_all__8Q1A_C,foldbench_all,8Q1A_C,1883,997
foldbench_all__8Q1K_A,foldbench_all,8Q1K_A,2451,337
foldbench_all__8Q1K_B,foldbench_all,8Q1K_B,2451,337
foldbench_all__8Q1V_A,foldbench_all,8Q1V_A,11351,465
foldbench_all__8Q1W_A,foldbench_all,8Q1W_A,2952,236
foldbench_all__8Q1W_B,foldbench_all,8Q1W_B,2952,236
foldbench_all__8Q29_A,foldbench_all,8Q29_A,784,43
foldbench_all__8Q29_B,foldbench_all,8Q29_B,784,43
foldbench_all__8Q34_A,foldbench_all,8Q34_A,3000,1047
foldbench_all__8Q3J_A,foldbench_all,8Q3J_A,675,77
foldbench_all__8Q3J_B,foldbench_all,8Q3J_B,1615,473
foldbench_all__8Q3J_C,foldbench_all,8Q3J_C,988,312
foldbench_all__8Q3U_A,foldbench_all,8Q3U_A,2252,1282
foldbench_all__8Q41_A,foldbench_all,8Q41_A,2755,343
foldbench_all__8Q42_A,foldbench_all,8Q42_A,2755,343
foldbench_all__8Q43_A,foldbench_all,8Q43_A,2755,343
foldbench_all__8Q5O_A,foldbench_all,8Q5O_A,880,293
foldbench_all__8Q6Q_A,foldbench_all,8Q6Q_A,2021,1049
foldbench_all__8Q6Q_B,foldbench_all,8Q6Q_B,2021,1049
foldbench_all__8Q6R_A,foldbench_all,8Q6R_A,1730,335
foldbench_all__8Q6R_D,foldbench_all,8Q6R_D,2007,513
foldbench_all__8Q70_A,foldbench_all,8Q70_A,3438,1563
foldbench_all__8Q79_A,foldbench_all,8Q79_A,193,9
foldbench_all__8Q7O_A,foldbench_all,8Q7O_A,848,273
foldbench_all__8Q7O_C,foldbench_all,8Q7O_C,571,280
foldbench_all__8Q8I_A,foldbench_all,8Q8I_A,5728,2250
foldbench_all__8Q9N_A,foldbench_all,8Q9N_A,1082,507
foldbench_all__8Q9N_E,foldbench_all,8Q9N_E,22,0
foldbench_all__8QA8_A,foldbench_all,8QA8_A,4661,1056
foldbench_all__8QAB_A,foldbench_all,8QAB_A,6,0
foldbench_all__8QAB_B,foldbench_all,8QAB_B,6,0
foldbench_all__8QB1_A,foldbench_all,8QB1_A,25635,867
foldbench_all__8QBC_A,foldbench_all,8QBC_A,425,47
foldbench_all__8QCH_A,foldbench_all,8QCH_A,3492,1501
foldbench_all__8QCI_A,foldbench_all,8QCI_A,1837,642
foldbench_all__8QCI_B,foldbench_all,8QCI_B,1837,642
foldbench_all__8QD8_A,foldbench_all,8QD8_A,9836,541
foldbench_all__8QDY_A,foldbench_all,8QDY_A,1064,528
foldbench_all__8QE0_A,foldbench_all,8QE0_A,1064,528
foldbench_all__8QE1_A,foldbench_all,8QE1_A,1064,528
foldbench_all__8QE2_A,foldbench_all,8QE2_A,1064,528
foldbench_all__8QE3_A,foldbench_all,8QE3_A,1064,528
foldbench_all__8QEZ_A,foldbench_all,8QEZ_A,7980,1440
foldbench_all__8QF4_A,foldbench_all,8QF4_A,1339,309
foldbench_all__8QF4_B,foldbench_all,8QF4_B,270,13
foldbench_all__8QF9_A,foldbench_all,8QF9_A,3233,1254
foldbench_all__8QFL_A,foldbench_all,8QFL_A,2577,616
foldbench_all__8QFL_B,foldbench_all,8QFL_B,2577,616
foldbench_all__8QHG_A,foldbench_all,8QHG_A,3582,1297
foldbench_all__8QHQ_B,foldbench_all,8QHQ_B,1659,424
foldbench_all__8QJK_A,foldbench_all,8QJK_A,334,16
foldbench_all__8QJM_A,foldbench_all,8QJM_A,3992,2928
foldbench_all__8QJP_A,foldbench_all,8QJP_A,3992,2928
foldbench_all__8QK2_A,foldbench_all,8QK2_A,4275,1500
foldbench_all__8QK8_A,foldbench_all,8QK8_A,4604,457
foldbench_all__8QK9_A,foldbench_all,8QK9_A,4810,1533
foldbench_all__8QKA_A,foldbench_all,8QKA_A,4275,1500
foldbench_all__8QKD_A,foldbench_all,8QKD_A,4,1
foldbench_all__8QLC_A,foldbench_all,8QLC_A,16194,3881
foldbench_all__8QLE_A,foldbench_all,8QLE_A,2842,207
foldbench_all__8QLG_A,foldbench_all,8QLG_A,16194,3881
foldbench_all__8QLG_B,foldbench_all,8QLG_B,16194,3881
foldbench_all__8QLK_A,foldbench_all,8QLK_A,19334,4870
foldbench_all__8QLK_B,foldbench_all,8QLK_B,0,0
foldbench_all__8QLM_A,foldbench_all,8QLM_A,19334,4870
foldbench_all__8QLM_C,foldbench_all,8QLM_C,0,0
foldbench_all__8QLV_A,foldbench_all,8QLV_A,0,0
foldbench_all__8QLV_B,foldbench_all,8QLV_B,0,0
foldbench_all__8QM0_A,foldbench_all,8QM0_A,19290,5005
foldbench_all__8QM0_E,foldbench_all,8QM0_E,0,0
foldbench_all__8QMB_A,foldbench_all,8QMB_A,4679,3034
foldbench_all__8QMB_B,foldbench_all,8QMB_B,4679,3034
foldbench_all__8QNF_A,foldbench_all,8QNF_A,9215,4875
foldbench_all__8QOH_A,foldbench_all,8QOH_A,663,1
foldbench_all__8QPJ_A,foldbench_all,8QPJ_A,1282,27
foldbench_all__8QQ1_A,foldbench_all,8QQ1_A,11022,3379
foldbench_all__8QQA_A,foldbench_all,8QQA_A,3233,1254
foldbench_all__8QRT_A,foldbench_all,8QRT_A,6683,4119
foldbench_all__8QTG_A,foldbench_all,8QTG_A,4791,62
foldbench_all__8QTJ_A,foldbench_all,8QTJ_A,4791,62
foldbench_all__8QTK_A,foldbench_all,8QTK_A,4791,62
foldbench_all__8QUP_A,foldbench_all,8QUP_A,459,12
foldbench_all__8QVC_A,foldbench_all,8QVC_A,1598,368
foldbench_all__8QVC_B,foldbench_all,8QVC_B,1603,355
foldbench_all__8QX6_A,foldbench_all,8QX6_A,1051,233
foldbench_all__8QYR_A,foldbench_all,8QYR_A,3730,1889
foldbench_all__8QZ3_A,foldbench_all,8QZ3_A,5647,631
foldbench_all__8QZ3_C,foldbench_all,8QZ3_C,1054,257
foldbench_all__8R0I_A,foldbench_all,8R0I_A,8765,5566
foldbench_all__8R0S_A,foldbench_all,8R0S_A,13059,7442
foldbench_all__8R11_B,foldbench_all,8R11_B,738,4
foldbench_all__8R1N_A,foldbench_all,8R1N_A,66665,20786
foldbench_all__8R1P_A,foldbench_all,8R1P_A,66665,20786
foldbench_all__8R1T_A,foldbench_all,8R1T_A,66665,20786
foldbench_all__8R2C_A,foldbench_all,8R2C_A,2281,531
foldbench_all__8R4O_A,foldbench_all,8R4O_A,80486,42707
foldbench_all__8R4U_A,foldbench_all,8R4U_A,80486,42707
foldbench_all__8R4U_B,foldbench_all,8R4U_B,973,392
foldbench_all__8R5B_A,foldbench_all,8R5B_A,2481,690
foldbench_all__8R5N_A,foldbench_all,8R5N_A,1807,47
foldbench_all__8R5T_A,foldbench_all,8R5T_A,3208,422
foldbench_all__8R5V_A,foldbench_all,8R5V_A,266,152
foldbench_all__8R5W_A,foldbench_all,8R5W_A,298,39
foldbench_all__8R5W_B,foldbench_all,8R5W_B,298,39
foldbench_all__8R6J_A,foldbench_all,8R6J_A,1392,758
foldbench_all__8R6K_A,foldbench_all,8R6K_A,1392,758
foldbench_all__8R7A_A,foldbench_all,8R7A_A,748,50
foldbench_all__8R7A_B,foldbench_all,8R7A_B,162,0
foldbench_all__8R7I_A,foldbench_all,8R7I_A,3579,1130
foldbench_all__8R9T_A,foldbench_all,8R9T_A,288,3
foldbench_all__8R9T_B,foldbench_all,8R9T_B,288,3
foldbench_all__8RA0_A,foldbench_all,8RA0_A,17740,3212
foldbench_all__8RAK_A,foldbench_all,8RAK_A,3428,1501
foldbench_all__8RCW_A,foldbench_all,8RCW_A,2880,929
foldbench_all__8RDD_A,foldbench_all,8RDD_A,1715,10
foldbench_all__8RE3_A,foldbench_all,8RE3_A,2594,1195
foldbench_all__8RHE_A,foldbench_all,8RHE_A,11719,2769
foldbench_all__8RIY_B,foldbench_all,8RIY_B,21182,2315
foldbench_all__8RJA_A,foldbench_all,8RJA_A,2787,201
foldbench_all__8RJA_B,foldbench_all,8RJA_B,2643,834
foldbench_all__8RJA_J,foldbench_all,8RJA_J,1604,191
foldbench_all__8RJA_K,foldbench_all,8RJA_K,11667,1843
foldbench_all__8RJA_L,foldbench_all,8RJA_L,18725,5974
foldbench_all__8RKH_A,foldbench_all,8RKH_A,826,0
foldbench_all__8RKH_B,foldbench_all,8RKH_B,826,0
foldbench_all__8RKT_D,foldbench_all,8RKT_D,368,52
foldbench_all__8RKT_E,foldbench_all,8RKT_E,414,342
foldbench_all__8RKT_F,foldbench_all,8RKT_F,2261,91
foldbench_all__8RLK_A,foldbench_all,8RLK_A,17633,7820
foldbench_all__8RLK_B,foldbench_all,8RLK_B,17633,7820
foldbench_all__8RM6_A,foldbench_all,8RM6_A,1207,777
foldbench_all__8RM7_A,foldbench_all,8RM7_A,1207,777
foldbench_all__8ROM_A,foldbench_all,8ROM_A,1452,245
foldbench_all__8RP8_A,foldbench_all,8RP8_A,1031,338
foldbench_all__8RP8_B,foldbench_all,8RP8_B,1693,470
foldbench_all__8RP8_C,foldbench_all,8RP8_C,934,33
foldbench_all__8RPJ_A,foldbench_all,8RPJ_A,8270,4715
foldbench_all__8RPX_A,foldbench_all,8RPX_A,754,189
foldbench_all__8RPX_B,foldbench_all,8RPX_B,754,189
foldbench_all__8RQH_A,foldbench_all,8RQH_A,14491,5409
foldbench_all__8RTE_A,foldbench_all,8RTE_A,11615,248
foldbench_all__8RTW_A,foldbench_all,8RTW_A,2946,461
foldbench_all__8RUE_A,foldbench_all,8RUE_A,1724,1036
foldbench_all__8RUE_B,foldbench_all,8RUE_B,1724,1036
foldbench_all__8RXA_A,foldbench_all,8RXA_A,272,0
foldbench_all__8RXA_B,foldbench_all,8RXA_B,272,0
foldbench_all__8RZK_B,foldbench_all,8RZK_B,2514,564
foldbench_all__8RZV_A,foldbench_all,8RZV_A,4085,911
foldbench_all__8S0L_A,foldbench_all,8S0L_A,18062,8172
foldbench_all__8S0L_B,foldbench_all,8S0L_B,2069,297
foldbench_all__8S0U_A,foldbench_all,8S0U_A,260,15
foldbench_all__8S0U_B,foldbench_all,8S0U_B,260,15
foldbench_all__8S1J_A,foldbench_all,8S1J_A,913,125
foldbench_all__8S1J_B,foldbench_all,8S1J_B,913,125
foldbench_all__8S4H_A,foldbench_all,8S4H_A,492,200
foldbench_all__8S5B_A,foldbench_all,8S5B_A,27043,9974
foldbench_all__8S6N_A,foldbench_all,8S6N_A,201,6
foldbench_all__8S6N_B,foldbench_all,8S6N_B,201,6
foldbench_all__8S6O_A,foldbench_all,8S6O_A,139,7
foldbench_all__8S9L_A,foldbench_all,8S9L_A,2078,72
foldbench_all__8S9M_A,foldbench_all,8S9M_A,14795,1784
foldbench_all__8SAO_A,foldbench_all,8SAO_A,2,0
foldbench_all__8SAO_C,foldbench_all,8SAO_C,2,0
foldbench_all__8SBQ_A,foldbench_all,8SBQ_A,21278,2479
foldbench_all__8SBQ_B,foldbench_all,8SBQ_B,21278,2479
foldbench_all__8SBT_A,foldbench_all,8SBT_A,2464,551
foldbench_all__8SCO_A,foldbench_all,8SCO_A,23625,17296
foldbench_all__8SCR_A,foldbench_all,8SCR_A,23625,17296
foldbench_all__8SFZ_A,foldbench_all,8SFZ_A,1976,295
foldbench_all__8SFZ_D,foldbench_all,8SFZ_D,495,10
foldbench_all__8SG1_A,foldbench_all,8SG1_A,5998,2422
foldbench_all__8SGN_A,foldbench_all,8SGN_A,1987,544
foldbench_all__8SGN_B,foldbench_all,8SGN_B,1089,282
foldbench_all__8SGN_C,foldbench_all,8SGN_C,358,0
foldbench_all__8SH0_A,foldbench_all,8SH0_A,798,82
foldbench_all__8SHJ_A,foldbench_all,8SHJ_A,24517,1221
foldbench_all__8SIO_A,foldbench_all,8SIO_A,44625,2091
foldbench_all__8SJ7_A,foldbench_all,8SJ7_A,1439,425
foldbench_all__8SJK_A,foldbench_all,8SJK_A,2309,540
foldbench_all__8SKI_A,foldbench_all,8SKI_A,2937,1341
foldbench_all__8SKL_A,foldbench_all,8SKL_A,3759,1529
foldbench_all__8SLB_A,foldbench_all,8SLB_A,3353,1835
foldbench_all__8SLB_B,foldbench_all,8SLB_B,1069,323
foldbench_all__8SLB_C,foldbench_all,8SLB_C,1553,449
foldbench_all__8SLN_A,foldbench_all,8SLN_A,9979,258
foldbench_all__8SM6_A,foldbench_all,8SM6_A,4527,1720
foldbench_all__8SM6_B,foldbench_all,8SM6_B,4527,1720
foldbench_all__8SMF_A,foldbench_all,8SMF_A,2074,496
foldbench_all__8SMF_B,foldbench_all,8SMF_B,2074,496
foldbench_all__8SMQ_A,foldbench_all,8SMQ_A,315,7
foldbench_all__8SMQ_B,foldbench_all,8SMQ_B,315,7
foldbench_all__8SON_A,foldbench_all,8SON_A,1238,706
foldbench_all__8SOT_A,foldbench_all,8SOT_A,8909,2014
foldbench_all__8SPC_A,foldbench_all,8SPC_A,10545,3810
foldbench_all__8SQG_A,foldbench_all,8SQG_A,1440,689
foldbench_all__8SRZ_A,foldbench_all,8SRZ_A,1154,2
foldbench_all__8SRZ_B,foldbench_all,8SRZ_B,1154,2
foldbench_all__8SS1_A,foldbench_all,8SS1_A,47,0
foldbench_all__8SS1_B,foldbench_all,8SS1_B,47,0
foldbench_all__8SUC_A,foldbench_all,8SUC_A,11508,522
foldbench_all__8SV3_A,foldbench_all,8SV3_A,1045,201
foldbench_all__8SV7_A,foldbench_all,8SV7_A,2126,729
foldbench_all__8SV9_A,foldbench_all,8SV9_A,95162,48073
foldbench_all__8SVY_A,foldbench_all,8SVY_A,15028,4941
foldbench_all__8SX0_A,foldbench_all,8SX0_A,288,2
foldbench_all__8SX2_A,foldbench_all,8SX2_A,1760,496
foldbench_all__8SXS_A,foldbench_all,8SXS_A,5192,117
foldbench_all__8T0P_A,foldbench_all,8T0P_A,288,6
foldbench_all__8T0P_B,foldbench_all,8T0P_B,288,6
foldbench_all__8T0P_C,foldbench_all,8T0P_C,1,1
foldbench_all__8T0T_A,foldbench_all,8T0T_A,14280,7429
foldbench_all__8T27_A,foldbench_all,8T27_A,16789,2726
foldbench_all__8T2J_A,foldbench_all,8T2J_A,6548,1809
foldbench_all__8T41_A,foldbench_all,8T41_A,12644,5842
foldbench_all__8T48_A,foldbench_all,8T48_A,3491,1459
foldbench_all__8T48_D,foldbench_all,8T48_D,159,5
foldbench_all__8T4C_A,foldbench_all,8T4C_A,18773,676
foldbench_all__8T59_A,foldbench_all,8T59_A,1041,312
foldbench_all__8T59_B,foldbench_all,8T59_B,1831,450
foldbench_all__8T59_E,foldbench_all,8T59_E,10,0
foldbench_all__8T5T_A,foldbench_all,8T5T_A,955,75
foldbench_all__8T65_A,foldbench_all,8T65_A,941,92
foldbench_all__8T66_A,foldbench_all,8T66_A,941,92
foldbench_all__8T8K_A,foldbench_all,8T8K_A,357,122
foldbench_all__8T8Z_A,foldbench_all,8T8Z_A,951,10
foldbench_all__8T93_A,foldbench_all,8T93_A,951,10
foldbench_all__8T9N_A,foldbench_all,8T9N_A,409,99
foldbench_all__8T9U_C,foldbench_all,8T9U_C,0,0
foldbench_all__8T9V_A,foldbench_all,8T9V_A,568,51
foldbench_all__8TAB_A,foldbench_all,8TAB_A,568,51
foldbench_all__8TAC_A,foldbench_all,8TAC_A,89316,39678
foldbench_all__8TBS_D,foldbench_all,8TBS_D,4303,2268
foldbench_all__8TBU_D,foldbench_all,8TBU_D,4303,2268
foldbench_all__8TC9_D,foldbench_all,8TC9_D,2889,924
foldbench_all__8TCS_A,foldbench_all,8TCS_A,8962,4816
foldbench_all__8TCS_C,foldbench_all,8TCS_C,8962,4816
foldbench_all__8TE9_A,foldbench_all,8TE9_A,16218,12079
foldbench_all__8TFO_A,foldbench_all,8TFO_A,3646,1084
foldbench_all__8TFQ_C,foldbench_all,8TFQ_C,1641,301
foldbench_all__8TFS_A,foldbench_all,8TFS_A,939,10
foldbench_all__8TFT_A,foldbench_all,8TFT_A,884,320
foldbench_all__8TFT_B,foldbench_all,8TFT_B,3179,576
foldbench_all__8TFT_C,foldbench_all,8TFT_C,3414,111
foldbench_all__8TG4_A,foldbench_all,8TG4_A,1561,446
foldbench_all__8TH1_A,foldbench_all,8TH1_A,603,52
foldbench_all__8TH1_E,foldbench_all,8TH1_E,4,0
foldbench_all__8TH9_A,foldbench_all,8TH9_A,3233,399
foldbench_all__8THE_A,foldbench_all,8THE_A,46606,18751
foldbench_all__8THE_B,foldbench_all,8THE_B,1035,331
foldbench_all__8THQ_A,foldbench_all,8THQ_A,631,289
foldbench_all__8TI5_A,foldbench_all,8TI5_A,1199,242
foldbench_all__8TJG_A,foldbench_all,8TJG_A,3659,1111
foldbench_all__8TLF_A,foldbench_all,8TLF_A,784,68
foldbench_all__8TLG_A,foldbench_all,8TLG_A,784,68
foldbench_all__8TLH_A,foldbench_all,8TLH_A,784,68
foldbench_all__8TLS_A,foldbench_all,8TLS_A,2157,869
foldbench_all__8TMZ_A,foldbench_all,8TMZ_A,1108,307
foldbench_all__8TMZ_B,foldbench_all,8TMZ_B,1336,481
foldbench_all__8TMZ_C,foldbench_all,8TMZ_C,172,1
foldbench_all__8TN8_A,foldbench_all,8TN8_A,1179,0
foldbench_all__8TN8_B,foldbench_all,8TN8_B,1179,0
foldbench_all__8TNB_B,foldbench_all,8TNB_B,39,1
foldbench_all__8TND_A,foldbench_all,8TND_A,39,1
foldbench_all__8TND_B,foldbench_all,8TND_B,39,1
foldbench_all__8TOV_F,foldbench_all,8TOV_F,658,15
foldbench_all__8TR4_A,foldbench_all,8TR4_A,7134,1062
foldbench_all__8TRS_A,foldbench_all,8TRS_A,1141,337
foldbench_all__8TRS_B,foldbench_all,8TRS_B,1304,383
foldbench_all__8TRS_C,foldbench_all,8TRS_C,5374,611
foldbench_all__8TRU_A,foldbench_all,8TRU_A,2910,1005
foldbench_all__8TRY_A,foldbench_all,8TRY_A,7134,1062
foldbench_all__8TS0_A,foldbench_all,8TS0_A,1191,315
foldbench_all__8TS0_B,foldbench_all,8TS0_B,2602,530
foldbench_all__8TS0_C,foldbench_all,8TS0_C,9027,3537
foldbench_all__8TSE_A,foldbench_all,8TSE_A,1470,612
foldbench_all__8TTO_A,foldbench_all,8TTO_A,138,1
foldbench_all__8TTO_B,foldbench_all,8TTO_B,138,1
foldbench_all__8TUK_A,foldbench_all,8TUK_A,1039,352
foldbench_all__8TUZ_A,foldbench_all,8TUZ_A,859,280
foldbench_all__8TUZ_B,foldbench_all,8TUZ_B,2114,465
foldbench_all__8TUZ_C,foldbench_all,8TUZ_C,50,4
foldbench_all__8TW0_A,foldbench_all,8TW0_A,1,0
foldbench_all__8TW0_B,foldbench_all,8TW0_B,7,0
foldbench_all__8TW0_C,foldbench_all,8TW0_C,2,0
foldbench_all__8TW1_A,foldbench_all,8TW1_A,701,99
foldbench_all__8TX0_A,foldbench_all,8TX0_A,65593,29348
foldbench_all__8TX9_B,foldbench_all,8TX9_B,5341,1986
foldbench_all__8TXE_A,foldbench_all,8TXE_A,8914,4201
foldbench_all__8TXG_A,foldbench_all,8TXG_A,8914,4201
foldbench_all__8TXH_A,foldbench_all,8TXH_A,8914,4201
foldbench_all__8TYH_A,foldbench_all,8TYH_A,3808,1587
foldbench_all__8U0I_A,foldbench_all,8U0I_A,1253,148
foldbench_all__8U0O_A,foldbench_all,8U0O_A,5031,2237
foldbench_all__8U0P_A,foldbench_all,8U0P_A,4864,2171
foldbench_all__8U0Q_B,foldbench_all,8U0Q_B,18455,6340
foldbench_all__8U0X_A,foldbench_all,8U0X_A,315,6
foldbench_all__8U12_A,foldbench_all,8U12_A,143,12
foldbench_all__8U12_B,foldbench_all,8U12_B,143,12
foldbench_all__8U2D_A,foldbench_all,8U2D_A,41592,19461
foldbench_all__8U2F_A,foldbench_all,8U2F_A,346,33
foldbench_all__8U37_A,foldbench_all,8U37_A,68398,31063
foldbench_all__8U48_A,foldbench_all,8U48_A,1028,212
foldbench_all__8U48_B,foldbench_all,8U48_B,1028,212
foldbench_all__8U6X_A,foldbench_all,8U6X_A,6320,3036
foldbench_all__8U8J_A,foldbench_all,8U8J_A,73520,28249
foldbench_all__8U8K_A,foldbench_all,8U8K_A,73520,28249
foldbench_all__8U8L_A,foldbench_all,8U8L_A,549,3
foldbench_all__8UBS_A,foldbench_all,8UBS_A,4437,420
foldbench_all__8UC2_A,foldbench_all,8UC2_A,2213,418
foldbench_all__8UDS_A,foldbench_all,8UDS_A,2149,1031
foldbench_all__8UDZ_A,foldbench_all,8UDZ_A,1544,208
foldbench_all__8UDZ_C,foldbench_all,8UDZ_C,1164,358
foldbench_all__8UDZ_D,foldbench_all,8UDZ_D,1573,536
foldbench_all__8UFK_F,foldbench_all,8UFK_F,233,109
foldbench_all__8UG3_A,foldbench_all,8UG3_A,13285,1777
foldbench_all__8UJW_A,foldbench_all,8UJW_A,229,37
foldbench_all__8UJX_A,foldbench_all,8UJX_A,2950,1351
foldbench_all__8UK7_A,foldbench_all,8UK7_A,988,8
foldbench_all__8UKY_A,foldbench_all,8UKY_A,3339,508
foldbench_all__8UKY_B,foldbench_all,8UKY_B,816,278
foldbench_all__8UKY_C,foldbench_all,8UKY_C,919,209
foldbench_all__8UN3_A,foldbench_all,8UN3_A,8358,4099
foldbench_all__8UN5_A,foldbench_all,8UN5_A,8282,4079
foldbench_all__8UOB_A,foldbench_all,8UOB_A,703,1
foldbench_all__8UOI_A,foldbench_all,8UOI_A,80289,43021
foldbench_all__8UOU_A,foldbench_all,8UOU_A,2133,325
foldbench_all__8UP2_A,foldbench_all,8UP2_A,1122,304
foldbench_all__8UP2_B,foldbench_all,8UP2_B,2297,451
foldbench_all__8UP2_C,foldbench_all,8UP2_C,450,71
foldbench_all__8UPB_A,foldbench_all,8UPB_A,169,4
foldbench_all__8UPC_A,foldbench_all,8UPC_A,1957,317
foldbench_all__8UPI_A,foldbench_all,8UPI_A,48252,35810
foldbench_all__8UPQ_A,foldbench_all,8UPQ_A,2268,640
foldbench_all__8UPV_A,foldbench_all,8UPV_A,738,4
foldbench_all__8URF_A,foldbench_all,8URF_A,1885,461
foldbench_all__8URF_B,foldbench_all,8URF_B,955,312
foldbench_all__8URF_C,foldbench_all,8URF_C,9917,4600
foldbench_all__8URK_A,foldbench_all,8URK_A,12249,2521
foldbench_all__8USR_B,foldbench_all,8USR_B,471,142
foldbench_all__8USS_A,foldbench_all,8USS_A,471,142
foldbench_all__8UTK_A,foldbench_all,8UTK_A,398,8
foldbench_all__8UTK_B,foldbench_all,8UTK_B,398,8
foldbench_all__8UUF_A,foldbench_all,8UUF_A,703,1
foldbench_all__8UV0_A,foldbench_all,8UV0_A,81291,39212
foldbench_all__8UVK_A,foldbench_all,8UVK_A,78945,11734
foldbench_all__8UX2_A,foldbench_all,8UX2_A,713,0
foldbench_all__8UX6_A,foldbench_all,8UX6_A,1414,431
foldbench_all__8UX6_D,foldbench_all,8UX6_D,959,332
foldbench_all__8UX6_F,foldbench_all,8UX6_F,1222,10
foldbench_all__8UXS_A,foldbench_all,8UXS_A,19941,5228
foldbench_all__8UXT_A,foldbench_all,8UXT_A,48546,15991
foldbench_all__8UZT_A,foldbench_all,8UZT_A,9086,3143
foldbench_all__8V1F_B,foldbench_all,8V1F_B,18204,8408
foldbench_all__8V2F_A,foldbench_all,8V2F_A,65579,28789
foldbench_all__8V3K_A,foldbench_all,8V3K_A,3028,1212
foldbench_all__8V3M_A,foldbench_all,8V3M_A,2988,906
foldbench_all__8V3O_A,foldbench_all,8V3O_A,2988,906
foldbench_all__8V3O_B,foldbench_all,8V3O_B,0,0
foldbench_all__8V3Q_A,foldbench_all,8V3Q_A,2875,816
foldbench_all__8V3R_A,foldbench_all,8V3R_A,2875,816
foldbench_all__8V52_A,foldbench_all,8V52_A,1101,215
foldbench_all__8V52_E,foldbench_all,8V52_E,1895,468
foldbench_all__8V52_F,foldbench_all,8V52_F,1104,328
foldbench_all__8V6T_A,foldbench_all,8V6T_A,556,46
foldbench_all__8V7B_A,foldbench_all,8V7B_A,2950,1351
foldbench_all__8V7G_A,foldbench_all,8V7G_A,2950,1351
foldbench_all__8VC8_A,foldbench_all,8VC8_A,324,0
foldbench_all__8VCW_A,foldbench_all,8VCW_A,1500,504
foldbench_all__8VDH_C,foldbench_all,8VDH_C,0,0
foldbench_all__8VDN_A,foldbench_all,8VDN_A,5314,2349
foldbench_all__8VF8_A,foldbench_all,8VF8_A,3909,1982
foldbench_all__8VF9_A,foldbench_all,8VF9_A,3909,1982
foldbench_all__8VFC_A,foldbench_all,8VFC_A,3909,1982
foldbench_all__8VFD_A,foldbench_all,8VFD_A,3909,1982
foldbench_all__8VFE_A,foldbench_all,8VFE_A,3909,1982
foldbench_all__8VFF_A,foldbench_all,8VFF_A,3909,1982
foldbench_all__8VFG_A,foldbench_all,8VFG_A,3909,1982
foldbench_all__8VFJ_A,foldbench_all,8VFJ_A,3909,1982
foldbench_all__8VG8_A,foldbench_all,8VG8_A,541,170
foldbench_all__8VH7_A,foldbench_all,8VH7_A,95131,27003
foldbench_all__8VIJ_A,foldbench_all,8VIJ_A,1885,851
foldbench_all__8VIJ_C,foldbench_all,8VIJ_C,1885,851
foldbench_all__8VM8_B,foldbench_all,8VM8_B,1055,333
foldbench_all__8VM8_C,foldbench_all,8VM8_C,1490,453
foldbench_all__8VM9_E,foldbench_all,8VM9_E,1055,333
foldbench_all__8VM9_F,foldbench_all,8VM9_F,1490,453
foldbench_all__8VMV_E,foldbench_all,8VMV_E,1157,12
foldbench_all__8VMV_F,foldbench_all,8VMV_F,1157,12
foldbench_all__8VPO_A,foldbench_all,8VPO_A,32853,9702
foldbench_all__8VQK_A,foldbench_all,8VQK_A,18609,5020
foldbench_all__8VR7_A,foldbench_all,8VR7_A,18859,3802
foldbench_all__8VUI_B,foldbench_all,8VUI_B,1310,400
foldbench_all__8VUI_C,foldbench_all,8VUI_C,1568,21
foldbench_all__8VVA_A,foldbench_all,8VVA_A,2010,32
foldbench_all__8VVA_B,foldbench_all,8VVA_B,2010,32
foldbench_all__8VVL_A,foldbench_all,8VVL_A,187,0
foldbench_all__8VVL_B,foldbench_all,8VVL_B,899,295
foldbench_all__8VVL_C,foldbench_all,8VVL_C,1619,450
foldbench_all__8VYL_A,foldbench_all,8VYL_A,409,155
foldbench_all__8VYL_C,foldbench_all,8VYL_C,1012,190
foldbench_all__8VYL_F,foldbench_all,8VYL_F,654,219
foldbench_all__8VZM_A,foldbench_all,8VZM_A,5314,2349
foldbench_all__8VZO_A,foldbench_all,8VZO_A,3320,1501
foldbench_all__8VZO_B,foldbench_all,8VZO_B,861,314
foldbench_all__8VZO_C,foldbench_all,8VZO_C,1538,462
foldbench_all__8W4B_A,foldbench_all,8W4B_A,1201,143
foldbench_all__8W6V_A,foldbench_all,8W6V_A,2964,1695
foldbench_all__8W7P_A,foldbench_all,8W7P_A,327,4
foldbench_all__8W84_A,foldbench_all,8W84_A,1047,312
foldbench_all__8W84_B,foldbench_all,8W84_B,2198,511
foldbench_all__8W84_C,foldbench_all,8W84_C,745,153
foldbench_all__8W84_D,foldbench_all,8W84_D,1336,360
foldbench_all__8W8H_A,foldbench_all,8W8H_A,1180,295
foldbench_all__8W8J_A,foldbench_all,8W8J_A,2635,1303
foldbench_all__8W8L_B,foldbench_all,8W8L_B,2635,1303
foldbench_all__8W90_A,foldbench_all,8W90_A,1248,240
foldbench_all__8W90_B,foldbench_all,8W90_B,920,35
foldbench_all__8W9I_A,foldbench_all,8W9I_A,2635,1303
foldbench_all__8WAC_A,foldbench_all,8WAC_A,318,7
foldbench_all__8WAE_A,foldbench_all,8WAE_A,300,34
foldbench_all__8WBT_B,foldbench_all,8WBT_B,14710,1590
foldbench_all__8WBV_A,foldbench_all,8WBV_A,2203,1021
foldbench_all__8WC1_A,foldbench_all,8WC1_A,293,55
foldbench_all__8WCF_A,foldbench_all,8WCF_A,2540,261
foldbench_all__8WCH_A,foldbench_all,8WCH_A,14943,6757
foldbench_all__8WDQ_B,foldbench_all,8WDQ_B,8798,5135
foldbench_all__8WEO_A,foldbench_all,8WEO_A,6797,13
foldbench_all__8WEO_B,foldbench_all,8WEO_B,6797,13
foldbench_all__8WEV_A,foldbench_all,8WEV_A,59162,32184
foldbench_all__8WHI_A,foldbench_all,8WHI_A,404,87
foldbench_all__8WHI_B,foldbench_all,8WHI_B,87,27
foldbench_all__8WHI_C,foldbench_all,8WHI_C,87,27
foldbench_all__8WHJ_A,foldbench_all,8WHJ_A,474,88
foldbench_all__8WHN_A,foldbench_all,8WHN_A,256,53
foldbench_all__8WIK_A,foldbench_all,8WIK_A,10974,4302
foldbench_all__8WIM_A,foldbench_all,8WIM_A,492,35
foldbench_all__8WJ5_A,foldbench_all,8WJ5_A,837,5
foldbench_all__8WK1_A,foldbench_all,8WK1_A,12626,5831
foldbench_all__8WK1_B,foldbench_all,8WK1_B,724,246
foldbench_all__8WKG_A,foldbench_all,8WKG_A,2445,1304
foldbench_all__8WLB_A,foldbench_all,8WLB_A,9573,4817
foldbench_all__8WMT_A,foldbench_all,8WMT_A,6895,1243
foldbench_all__8WNH_A,foldbench_all,8WNH_A,10646,1290
foldbench_all__8WNH_B,foldbench_all,8WNH_B,10646,1290
foldbench_all__8WNI_A,foldbench_all,8WNI_A,5550,2302
foldbench_all__8WNJ_A,foldbench_all,8WNJ_A,5835,2302
foldbench_all__8WOJ_A,foldbench_all,8WOJ_A,344,8
foldbench_all__8WOJ_B,foldbench_all,8WOJ_B,344,8
foldbench_all__8WQ5_A,foldbench_all,8WQ5_A,811,59
foldbench_all__8WQN_A,foldbench_all,8WQN_A,919,0
foldbench_all__8WRX_A,foldbench_all,8WRX_A,136,2
foldbench_all__8WT3_A,foldbench_all,8WT3_A,4441,819
foldbench_all__8WT4_A,foldbench_all,8WT4_A,692,70
foldbench_all__8WT4_B,foldbench_all,8WT4_B,4441,819
foldbench_all__8WT6_A,foldbench_all,8WT6_A,6336,2729
foldbench_all__8WT6_B,foldbench_all,8WT6_B,6336,2729
foldbench_all__8WWY_A,foldbench_all,8WWY_A,435,24
foldbench_all__8WWY_B,foldbench_all,8WWY_B,148,14
foldbench_all__8WX5_A,foldbench_all,8WX5_A,2105,952
foldbench_all__8WX5_B,foldbench_all,8WX5_B,68,0
foldbench_all__8WZC_A,foldbench_all,8WZC_A,573,105
foldbench_all__8X3G_A,foldbench_all,8X3G_A,2728,830
foldbench_all__8X3G_C,foldbench_all,8X3G_C,3206,1170
foldbench_all__8X3G_D,foldbench_all,8X3G_D,3206,1170
foldbench_all__8X3Q_D,foldbench_all,8X3Q_D,113849,17725
foldbench_all__8X5V_A,foldbench_all,8X5V_A,1745,720
foldbench_all__8X6Q_A,foldbench_all,8X6Q_A,4884,2021
foldbench_all__8X6V_A,foldbench_all,8X6V_A,3162,488
foldbench_all__8X6V_B,foldbench_all,8X6V_B,3162,488
foldbench_all__8X7C_A,foldbench_all,8X7C_A,3627,1684
foldbench_all__8XA9_A,foldbench_all,8XA9_A,3551,523
foldbench_all__8XAS_A,foldbench_all,8XAS_A,639,92
foldbench_all__8XC1_A,foldbench_all,8XC1_A,503,122
foldbench_all__8XF7_A,foldbench_all,8XF7_A,3307,627
foldbench_all__8XF9_A,foldbench_all,8XF9_A,3203,613
foldbench_all__8XFA_A,foldbench_all,8XFA_A,3203,613
foldbench_all__8XGO_A,foldbench_all,8XGO_A,6705,3017
foldbench_all__8XGO_F,foldbench_all,8XGO_F,0,0
foldbench_all__8XGU_A,foldbench_all,8XGU_A,6705,3017
foldbench_all__8XGU_F,foldbench_all,8XGU_F,0,0
foldbench_all__8XIF_A,foldbench_all,8XIF_A,54,0
foldbench_all__8XJG_A,foldbench_all,8XJG_A,4321,3528
foldbench_all__8XPK_A,foldbench_all,8XPK_A,8365,4236
foldbench_all__8XRH_A,foldbench_all,8XRH_A,1080,433
foldbench_all__8XW7_A,foldbench_all,8XW7_A,4568,2546
foldbench_all__8XW8_A,foldbench_all,8XW8_A,4568,2546
foldbench_all__8Y52_D,foldbench_all,8Y52_D,8130,4457
foldbench_all__8Y58_A,foldbench_all,8Y58_A,1877,710
foldbench_all__8Y9P_A,foldbench_all,8Y9P_A,3234,995
foldbench_all__8YCM_A,foldbench_all,8YCM_A,872,165
foldbench_all__8YE0_A,foldbench_all,8YE0_A,485,92
foldbench_all__8YE5_A,foldbench_all,8YE5_A,82679,14945
foldbench_all__8YE5_B,foldbench_all,8YE5_B,82679,14945
foldbench_all__8YEY_A,foldbench_all,8YEY_A,2613,432
foldbench_all__8YFI_A,foldbench_all,8YFI_A,2613,432
foldbench_all__8YFJ_A,foldbench_all,8YFJ_A,2613,432
foldbench_all__8YIK_A,foldbench_all,8YIK_A,1020,424
foldbench_all__8YK2_A,foldbench_all,8YK2_A,5784,1517
foldbench_all__8YK2_B,foldbench_all,8YK2_B,5784,1517
foldbench_all__8YL9_A,foldbench_all,8YL9_A,1085,153
foldbench_all__8YLA_A,foldbench_all,8YLA_A,1092,158
foldbench_all__8YLA_B,foldbench_all,8YLA_B,1092,158
foldbench_all__8YRS_A,foldbench_all,8YRS_A,7721,2313
foldbench_all__8YXI_A,foldbench_all,8YXI_A,1060,314
foldbench_all__8YXI_B,foldbench_all,8YXI_B,2364,502
foldbench_all__8YXI_C,foldbench_all,8YXI_C,1060,314
foldbench_all__8YXK_A,foldbench_all,8YXK_A,1370,242
foldbench_all__8YXW_A,foldbench_all,8YXW_A,2606,453
foldbench_all__8YXW_C,foldbench_all,8YXW_C,2606,453
foldbench_all__8YZS_A,foldbench_all,8YZS_A,741,6
foldbench_all__8Z2M_A,foldbench_all,8Z2M_A,1472,169
foldbench_all__8Z2N_A,foldbench_all,8Z2N_A,1472,169
foldbench_all__8Z4F_A,foldbench_all,8Z4F_A,654,56
foldbench_all__8Z4F_B,foldbench_all,8Z4F_B,654,56
foldbench_all__8Z4Q_A,foldbench_all,8Z4Q_A,999,286
foldbench_all__8Z85_A,foldbench_all,8Z85_A,196,0
foldbench_all__8Z85_B,foldbench_all,8Z85_B,433,13
foldbench_all__8Z8V_A,foldbench_all,8Z8V_A,225,67
foldbench_all__8Z8V_B,foldbench_all,8Z8V_B,775,258
foldbench_all__8Z9Q_A,foldbench_all,8Z9Q_A,196,0
foldbench_all__8Z9Q_B,foldbench_all,8Z9Q_B,433,13
foldbench_all__8ZLY_A,foldbench_all,8ZLY_A,4568,2546
foldbench_all__8ZLZ_A,foldbench_all,8ZLZ_A,1094,8
foldbench_all__8ZLZ_B,foldbench_all,8ZLZ_B,1094,8
foldbench_all__8ZLZ_C,foldbench_all,8ZLZ_C,17,0
foldbench_all__8ZMM_A,foldbench_all,8ZMM_A,1,0
foldbench_all__8ZMM_B,foldbench_all,8ZMM_B,1,0
foldbench_all__8ZMW_A,foldbench_all,8ZMW_A,0,0
foldbench_all__8ZMW_B,foldbench_all,8ZMW_B,0,0
foldbench_all__8ZMW_C,foldbench_all,8ZMW_C,0,0
foldbench_all__8ZP2_A,foldbench_all,8ZP2_A,2406,1401
foldbench_all__8ZP2_B,foldbench_all,8ZP2_B,1805,400
foldbench_all__8ZQF_A,foldbench_all,8ZQF_A,374,17
foldbench_all__8ZVH_A,foldbench_all,8ZVH_A,502,210
foldbench_all__9ARD_A,foldbench_all,9ARD_A,801,12
foldbench_all__9ARD_B,foldbench_all,9ARD_B,801,12
foldbench_all__9ASX_A,foldbench_all,9ASX_A,10378,3463
foldbench_all__9ASX_C,foldbench_all,9ASX_C,192,4
foldbench_all__9AU1_C,foldbench_all,9AU1_C,1230,357
foldbench_all__9AU1_E,foldbench_all,9AU1_E,665,15
foldbench_all__9AUE_A,foldbench_all,9AUE_A,3218,1038
foldbench_all__9AUL_A,foldbench_all,9AUL_A,676,4
foldbench_all__9AUR_A,foldbench_all,9AUR_A,1063,334
foldbench_all__9AUR_B,foldbench_all,9AUR_B,1490,453
foldbench_all__9AVR_A,foldbench_all,9AVR_A,11004,3514
foldbench_all__9AZZ_A,foldbench_all,9AZZ_A,3330,450
foldbench_all__9B1U_A,foldbench_all,9B1U_A,2328,346
foldbench_all__9B1V_A,foldbench_all,9B1V_A,2328,346
foldbench_all__9B8E_A,foldbench_all,9B8E_A,374,3
foldbench_all__9BBH_A,foldbench_all,9BBH_A,1813,794
foldbench_all__9BDU_A,foldbench_all,9BDU_A,626,106
foldbench_all__9BDV_A,foldbench_all,9BDV_A,626,106
foldbench_all__9BDW_A,foldbench_all,9BDW_A,626,106
foldbench_all__9BIY_A,foldbench_all,9BIY_A,324,21
foldbench_all__9BIY_B,foldbench_all,9BIY_B,213,75
foldbench_all__9BJX_A,foldbench_all,9BJX_A,3936,1331
foldbench_all__9BK6_A,foldbench_all,9BK6_A,67,1
foldbench_all__9BK6_B,foldbench_all,9BK6_B,248,40
foldbench_all__9BKA_A,foldbench_all,9BKA_A,1602,237
foldbench_all__9BKS_A,foldbench_all,9BKS_A,2659,241
foldbench_all__9BOO_A,foldbench_all,9BOO_A,660,4
foldbench_all__9BS2_A,foldbench_all,9BS2_A,4725,2559
foldbench_all__9BT4_A,foldbench_all,9BT4_A,2459,1235
foldbench_all__9BT4_D,foldbench_all,9BT4_D,1150,569
foldbench_all__9BT4_F,foldbench_all,9BT4_F,20833,9063
foldbench_all__9BT4_H,foldbench_all,9BT4_H,20833,9063
foldbench_all__9BVD_A,foldbench_all,9BVD_A,605,312
foldbench_all__9C3S_A,foldbench_all,9C3S_A,12249,2521
foldbench_all__9C3T_A,foldbench_all,9C3T_A,12249,2521
foldbench_all__9C5S_A,foldbench_all,9C5S_A,13,0
foldbench_all__9C5S_B,foldbench_all,9C5S_B,13,0
foldbench_all__9C68_A,foldbench_all,9C68_A,1040,22
foldbench_all__9C68_B,foldbench_all,9C68_B,1040,22
foldbench_all__9C69_A,foldbench_all,9C69_A,1102,25
foldbench_all__9C7A_A,foldbench_all,9C7A_A,2885,345
foldbench_all__9C90_A,foldbench_all,9C90_A,101,22
foldbench_all__9CFJ_A,foldbench_all,9CFJ_A,1936,145
foldbench_all__9CI9_A,foldbench_all,9CI9_A,2950,1351
foldbench_all__9CIH_A,foldbench_all,9CIH_A,2950,1351
foldbench_all__9CRN_A,foldbench_all,9CRN_A,13661,7523
foldbench_all__9CYS_A,foldbench_all,9CYS_A,43690,4199
foldbench_all__9CYS_B,foldbench_all,9CYS_B,949,332
foldbench_all__9D91_A,foldbench_all,9D91_A,3030,1199
foldbench_all__9DN4_C,foldbench_all,9DN4_C,1638,470
foldbench_all__9DN4_D,foldbench_all,9DN4_D,1050,343
foldbench_all__9DP2_A,foldbench_all,9DP2_A,9721,1926
foldbench_all__9EN2_A,foldbench_all,9EN2_A,4616,1970
foldbench_all__9EN2_C,foldbench_all,9EN2_C,1302,258
foldbench_all__9ENH_B,foldbench_all,9ENH_B,8461,787
foldbench_all__9ENP_A,foldbench_all,9ENP_A,6853,2701
foldbench_all__9ENP_B,foldbench_all,9ENP_B,83,0
foldbench_all__9ENQ_A,foldbench_all,9ENQ_A,6853,2701
foldbench_all__9EQO_A,foldbench_all,9EQO_A,416,2
foldbench_all__9EQO_B,foldbench_all,9EQO_B,416,2
foldbench_all__9ETN_A,foldbench_all,9ETN_A,32412,4491
foldbench_all__9EVQ_A,foldbench_all,9EVQ_A,1154,4
foldbench_all__9EZZ_A,foldbench_all,9EZZ_A,409,209
foldbench_all__9F0E_A,foldbench_all,9F0E_A,409,209
foldbench_all__9F2C_A,foldbench_all,9F2C_A,147,86
foldbench_all__9F2C_B,foldbench_all,9F2C_B,147,86
foldbench_all__9F37_A,foldbench_all,9F37_A,364,0
foldbench_all__9F37_B,foldbench_all,9F37_B,265,13
foldbench_all__9F9U_A,foldbench_all,9F9U_A,809,274
foldbench_all__9FCE_A,foldbench_all,9FCE_A,79210,7721
foldbench_all__9FGP_A,foldbench_all,9FGP_A,831,39
foldbench_all__9FOW_A,foldbench_all,9FOW_A,233,10
foldbench_all__9FVT_A,foldbench_all,9FVT_A,33639,10333
foldbench_all__9FVT_B,foldbench_all,9FVT_B,33639,10333
foldbench_all__9FWW_A,foldbench_all,9FWW_A,776,61
foldbench_all__9FWW_B,foldbench_all,9FWW_B,1232,294
foldbench_all__9FYM_A,foldbench_all,9FYM_A,5440,2292
foldbench_all__9G2G_A,foldbench_all,9G2G_A,3984,2098
foldbench_all__9G2G_C,foldbench_all,9G2G_C,1131,272
foldbench_all__9GSO_A,foldbench_all,9GSO_A,200,0
foldbench_all__9GSQ_A,foldbench_all,9GSQ_A,213,0
foldbench_all__9GSQ_B,foldbench_all,9GSQ_B,213,0
foldbench_all__9IJC_A,foldbench_all,9IJC_A,4150,706
foldbench_all__9IUH_A,foldbench_all,9IUH_A,6534,2480
foldbench_all__9J0V_A,foldbench_all,9J0V_A,5866,2940
foldbench_all__9J1R_A,foldbench_all,9J1R_A,0,0
foldbench_all__9J1R_B,foldbench_all,9J1R_B,0,0
foldbench_all__9J23_A,foldbench_all,9J23_A,2,1
foldbench_all__9J23_B,foldbench_all,9J23_B,2,1
foldbench_all__9J23_C,foldbench_all,9J23_C,2,1
foldbench_all__9J26_A,foldbench_all,9J26_A,0,0
foldbench_all__9J26_B,foldbench_all,9J26_B,0,0
foldbench_all__9J26_C,foldbench_all,9J26_C,0,0
foldbench_all__9JBQ_A,foldbench_all,9JBQ_A,669,260
foldbench_all__9JBQ_C,foldbench_all,9JBQ_C,1318,19
foldbench_all__9JF5_A,foldbench_all,9JF5_A,1609,299
foldbench_all__9JF5_B,foldbench_all,9JF5_B,1609,299
foldbench_all__9JFF_A,foldbench_all,9JFF_A,12449,4601
foldbench_all__9JQ9_A,foldbench_all,9JQ9_A,3487,51
foldbench_all__9JST_A,foldbench_all,9JST_A,203,3
foldbench_all__9JST_B,foldbench_all,9JST_B,203,3
